Gene,Chrom,Position,DNA_change,Protein_Change,Revel,CADDPhred,Classification,Surface Area,Normalized SA,Confidence Score,ddG,|ddG|
MYO15A,17,18118805,NM_016239.4:c.5C>A,NP_057323.3:p.Ala2Glu,0.232,18.09,['Unknown%20significance'],73.36,0.57,0.0,0.5,0.5
MYO15A,17,18118805,NM_016239.4:c.5C>G,NP_057323.3:p.Ala2Gly,0.268,15.42,['Likely%20benign'],73.36,0.57,0.0,0.3,0.3
MYO15A,17,18118805,NM_016239.4:c.5C>T,NP_057323.3:p.Ala2Val,0.227,18.62,['Unknown%20significance'],73.36,0.57,0.0,0.3,0.3
MYO15A,17,18118808,NM_016239.4:c.8A>G,NP_057323.3:p.Lys3Arg,0.380,24.7,['Unknown%20significance'],166.67,0.7,0.0,-0.3,0.3
MYO15A,17,18118809,NM_016239.4:c.9G>C,NP_057323.3:p.Lys3Asn,0.191,21.1,['Unknown%20significance'],166.67,0.7,0.0,0.3,0.3
MYO15A,17,18118811,NM_016239.4:c.11A>C,NP_057323.3:p.Glu4Ala,0.328,23.2,['Unknown%20significance'],124.2,0.63,0.0,0.5,0.5
MYO15A,17,18118813,NM_016239.4:c.13G>A,NP_057323.3:p.Glu5Lys,0.237,23.4,['Unknown%20significance'],165.72,0.84,0.0,0.1,0.1
MYO15A,17,18118816,NM_016239.4:c.16G>A,NP_057323.3:p.Asp6Asn,0.315,23.6,['Unknown%20significance'],134.61,0.84,0.0,0.0,0.0
MYO15A,17,18118816,NM_016239.4:c.16G>C,NP_057323.3:p.Asp6His,0.362,22.6,['Unknown%20significance'],134.61,0.84,0.0,-0.0,0.0
MYO15A,17,18118819,NM_016239.4:c.19G>A,NP_057323.3:p.Glu7Lys,0.318,22.6,['Unknown%20significance'],167.18,0.85,0.0,0.1,0.1
MYO15A,17,18118819,NM_016239.4:c.19G>C,NP_057323.3:p.Glu7Gln,0.350,21.9,['Unknown%20significance'],167.18,0.85,0.0,0.0,0.0
MYO15A,17,18118821,NM_016239.4:c.21G>C,NP_057323.3:p.Glu7Asp,0.277,5.704,['Unknown%20significance'],167.18,0.85,0.0,-0.0,0.0
MYO15A,17,18118822,NM_016239.4:c.22G>A,NP_057323.3:p.Glu8Lys,0.353,22.4,['Unknown%20significance'],126.97,0.65,0.0,0.5,0.5
MYO15A,17,18118823,NM_016239.4:c.23A>T,NP_057323.3:p.Glu8Val,0.367,23.8,['Unknown%20significance'],126.97,0.65,0.0,0.5,0.5
MYO15A,17,18118825,NM_016239.4:c.25A>C,NP_057323.3:p.Lys9Gln,0.407,24.6,['Unknown%20significance'],192.03,0.81,0.0,-0.1,0.1
MYO15A,17,18118825,NM_016239.4:c.25A>G,NP_057323.3:p.Lys9Glu,0.367,22.4,['Unknown%20significance'],192.03,0.81,0.0,0.0,0.0
MYO15A,17,18118826,NM_016239.4:c.26A>G,NP_057323.3:p.Lys9Arg,0.424,21.1,['Unknown%20significance'],192.03,0.81,0.0,-0.2,0.2
MYO15A,17,18118829,NM_016239.4:c.29A>C,NP_057323.3:p.Lys10Thr,0.500,24.8,['Unknown%20significance'],219.56,0.92,0.0,-0.0,0.0
MYO15A,17,18118829,NM_016239.4:c.29A>G,NP_057323.3:p.Lys10Arg,0.381,22.3,['Unknown%20significance'],219.56,0.92,0.0,-0.1,0.1
MYO15A,17,18118831,NM_016239.4:c.31G>T,NP_057323.3:p.Ala11Ser,0.422,22.1,['Unknown%20significance'],107.78,0.84,0.0,0.1,0.1
MYO15A,17,18118832,NM_016239.4:c.32C>A,NP_057323.3:p.Ala11Asp,0.417,22.9,['Unknown%20significance'],107.78,0.84,0.0,0.1,0.1
MYO15A,17,18118832,NM_016239.4:c.32C>T,NP_057323.3:p.Ala11Val,0.361,23.1,['Unknown%20significance'],107.78,0.84,0.0,0.1,0.1
MYO15A,17,18118835,NM_016239.4:c.35A>G,NP_057323.3:p.Lys12Arg,0.376,25.1,['Unknown%20significance'],198.28,0.83,0.0,-0.2,0.2
MYO15A,17,18118840,NM_016239.4:c.40G>A,NP_057323.3:p.Gly14Arg,0.437,23.1,['Unknown%20significance'],62.95,0.66,0.0,0.2,0.2
MYO15A,17,18118841,NM_016239.4:c.41G>A,NP_057323.3:p.Gly14Glu,0.398,24.1,['Unknown%20significance'],62.95,0.66,0.0,-0.0,0.0
MYO15A,17,18118841,NM_016239.4:c.41G>C,NP_057323.3:p.Gly14Ala,0.331,22.6,['Unknown%20significance'],62.95,0.66,0.0,0.3,0.3
MYO15A,17,18118846,NM_016239.4:c.46A>G,NP_057323.3:p.Lys16Glu,0.420,25.4,['Unknown%20significance'],203.29,0.85,0.0,-0.1,0.1
MYO15A,17,18118849,NM_016239.4:c.49G>A,NP_057323.3:p.Gly17Arg,0.385,23.2,['Unknown%20significance'],63.99,0.67,0.0,0.3,0.3
MYO15A,17,18118850,NM_016239.4:c.50G>C,NP_057323.3:p.Gly17Ala,0.256,16.34,['Unknown%20significance'],63.99,0.67,0.0,0.3,0.3
MYO15A,17,18118854,NM_016239.4:c.54G>C,NP_057323.3:p.Lys18Asn,0.437,24.7,['Unknown%20significance'],211.39,0.89,0.0,-0.0,0.0
MYO15A,17,18118857,NM_016239.4:c.57G>C,NP_057323.3:p.Lys19Asn,0.352,22.5,['Unknown%20significance'],208.08,0.87,0.0,-0.0,0.0
MYO15A,17,18118858,NM_016239.4:c.58G>C,NP_057323.3:p.Ala20Pro,0.346,22.7,['Unknown%20significance'],90.06,0.7,0.0,0.1,0.1
MYO15A,17,18118861,NM_016239.4:c.61C>T,NP_057323.3:p.Pro21Ser,0.280,15.13,['Unknown%20significance'],116.12,0.73,0.0,0.3,0.3
MYO15A,17,18118862,NM_016239.4:c.62C>A,NP_057323.3:p.Pro21Gln,0.213,13.85,['Unknown%20significance'],116.12,0.73,0.0,0.1,0.1
MYO15A,17,18118862,NM_016239.4:c.62C>G,NP_057323.3:p.Pro21Arg,0.260,18.08,['Unknown%20significance'],116.12,0.73,0.0,0.1,0.1
MYO15A,17,18118862,NM_016239.4:c.62C>T,NP_057323.3:p.Pro21Leu,0.235,15.00,['Unknown%20significance'],116.12,0.73,0.0,0.1,0.1
MYO15A,17,18118865,NM_016239.4:c.65A>G,NP_057323.3:p.Glu22Gly,0.325,23.8,['Unknown%20significance'],188.41,0.96,0.0,0.1,0.1
MYO15A,17,18118868,NM_016239.4:c.68C>G,NP_057323.3:p.Pro23Arg,0.316,21.6,['Unknown%20significance'],101.61,0.64,0.0,0.2,0.2
MYO15A,17,18118868,NM_016239.4:c.68C>T,NP_057323.3:p.Pro23Leu,0.324,21.9,['Unknown%20significance'],101.61,0.64,0.0,0.5,0.5
MYO15A,17,18118871,NM_016239.4:c.71A>G,NP_057323.3:p.Glu24Gly,0.431,23.2,['Unknown%20significance'],141.4,0.72,0.0,0.4,0.4
MYO15A,17,18118872,NM_016239.4:c.72G>T,NP_057323.3:p.Glu24Asp,0.395,22.7,['Unknown%20significance'],141.4,0.72,0.0,0.1,0.1
MYO15A,17,18118874,NM_016239.4:c.74A>G,NP_057323.3:p.Lys25Arg,0.367,22.9,['Unknown%20significance'],202.16,0.85,0.0,-0.2,0.2
MYO15A,17,18118876,NM_016239.4:c.76C>G,NP_057323.3:p.Pro26Ala,0.293,15.71,['Unknown%20significance'],114.24,0.72,0.0,0.7,0.7
MYO15A,17,18118877,NM_016239.4:c.77C>A,NP_057323.3:p.Pro26His,0.296,22.5,['Unknown%20significance'],114.24,0.72,0.0,0.6,0.6
MYO15A,17,18118877,NM_016239.4:c.77C>T,NP_057323.3:p.Pro26Leu,0.309,19.35,['Unknown%20significance'],114.24,0.72,0.0,0.6,0.6
MYO15A,17,18118879,NM_016239.4:c.79A>G,NP_057323.3:p.Lys27Glu,0.432,22.8,['Unknown%20significance'],198.42,0.83,0.0,-0.1,0.1
MYO15A,17,18118880,NM_016239.4:c.80A>C,NP_057323.3:p.Lys27Thr,0.456,23.3,['Unknown%20significance'],198.42,0.83,0.0,-0.0,0.0
MYO15A,17,18118882,NM_016239.4:c.82C>T,NP_057323.3:p.Arg28Trp,0.480,23.6,['Unknown%20significance'],259.12,0.96,0.0,0.0,0.0
MYO15A,17,18118883,NM_016239.4:c.83G>A,NP_057323.3:p.Arg28Gln,0.390,25.4,['Unknown%20significance'],259.12,0.96,0.0,0.1,0.1
MYO15A,17,18118886,NM_016239.4:c.86G>A,NP_057323.3:p.Ser29Asn,0.417,24.5,['Unknown%20significance'],106.42,0.77,0.0,0.1,0.1
MYO15A,17,18118886,NM_016239.4:c.86G>T,NP_057323.3:p.Ser29Ile,0.422,25.2,['Unknown%20significance'],106.42,0.77,0.0,0.1,0.1
MYO15A,17,18118889,NM_016239.4:c.89T>C,NP_057323.3:p.Leu30Pro,0.697,26.2,['Unknown%20significance'],160.89,0.83,0.0,0.7,0.7
MYO15A,17,18118889,NM_016239.4:c.89T>G,NP_057323.3:p.Leu30Arg,0.670,25.9,['Unknown%20significance'],160.89,0.83,0.0,0.6,0.6
MYO15A,17,18118892,NM_016239.4:c.92A>G,NP_057323.3:p.Lys31Arg,0.352,22.4,['Unknown%20significance'],181.38,0.76,0.0,-0.3,0.3
MYO15A,17,18118893,NM_016239.4:c.93G>C,NP_057323.3:p.Lys31Asn,0.410,24.1,['Unknown%20significance'],181.38,0.76,0.0,0.1,0.1
MYO15A,17,18118895,NM_016239.4:c.95G>A,NP_057323.3:p.Gly32Glu,0.345,25.0,['Unknown%20significance'],44.15,0.46,0.0,0.1,0.1
MYO15A,17,18118898,NM_016239.4:c.98C>A,NP_057323.3:p.Thr33Lys,0.438,24.2,['Unknown%20significance'],71.41,0.45,0.0,1.4,1.4
MYO15A,17,18118898,NM_016239.4:c.98C>T,NP_057323.3:p.Thr33Met,0.448,23.8,['Unknown%20significance'],71.41,0.45,0.0,0.5,0.5
MYO15A,17,18118900,NM_016239.4:c.100T>C,NP_057323.3:p.Ser34Pro,0.497,24.4,['Unknown%20significance'],65.33,0.47,0.0,0.6,0.6
MYO15A,17,18118901,NM_016239.4:c.101C>T,NP_057323.3:p.Ser34Leu,0.489,23.9,['Unknown%20significance'],65.33,0.47,0.0,0.2,0.2
MYO15A,17,18118903,NM_016239.4:c.103C>G,NP_057323.3:p.Arg35Gly,0.581,22.0,['Unknown%20significance'],191.17,0.7,0.0,0.8,0.8
MYO15A,17,18118903,NM_016239.4:c.103C>T,NP_057323.3:p.Arg35Trp,0.587,24.5,['Unknown%20significance'],191.17,0.7,0.0,0.1,0.1
MYO15A,17,18118904,NM_016239.4:c.104G>A,NP_057323.3:p.Arg35Gln,0.391,24.7,['Unknown%20significance'],191.17,0.7,0.0,0.3,0.3
MYO15A,17,18118904,NM_016239.4:c.104G>C,NP_057323.3:p.Arg35Pro,0.588,24.9,['Unknown%20significance'],191.17,0.7,0.0,0.6,0.6
MYO15A,17,18118904,NM_016239.4:c.104G>T,NP_057323.3:p.Arg35Leu,0.571,24.6,['Unknown%20significance'],191.17,0.7,0.0,0.2,0.2
MYO15A,17,18118912,NM_016239.4:c.112A>C,NP_057323.3:p.Met38Leu,0.346,16.67,['Unknown%20significance'],140.96,0.65,0.0,0.1,0.1
MYO15A,17,18118912,NM_016239.4:c.112A>G,NP_057323.3:p.Met38Val,0.485,20.2,['Unknown%20significance'],140.96,0.65,0.0,0.5,0.5
MYO15A,17,18118913,NM_016239.4:c.113T>C,NP_057323.3:p.Met38Thr,0.552,23.6,['Unknown%20significance'],140.96,0.65,0.0,1.1,1.1
MYO15A,17,18118914,NM_016239.4:c.114G>A,NP_057323.3:p.Met38Ile,0.453,19.50,['Unknown%20significance'],140.96,0.65,0.0,0.3,0.3
MYO15A,17,18118915,NM_016239.4:c.115G>T,NP_057323.3:p.Gly39Cys,0.558,24.8,['Unknown%20significance'],68.79,0.72,0.0,0.2,0.2
MYO15A,17,18118916,NM_016239.4:c.116G>C,NP_057323.3:p.Gly39Ala,0.473,23.4,['Unknown%20significance'],68.79,0.72,0.0,0.1,0.1
MYO15A,17,18118919,NM_016239.4:c.119T>C,NP_057323.3:p.Phe40Ser,0.650,25.0,['Unknown%20significance'],193.06,0.84,0.0,1.0,1.0
MYO15A,17,18118921,NM_016239.4:c.121C>G,NP_057323.3:p.Arg41Gly,0.503,23.5,['Unknown%20significance'],218.9,0.81,0.0,0.5,0.5
MYO15A,17,18118921,NM_016239.4:c.121C>T,NP_057323.3:p.Arg41Cys,0.502,24.5,['Unknown%20significance'],218.9,0.81,0.0,0.4,0.4
MYO15A,17,18118922,NM_016239.4:c.122G>A,NP_057323.3:p.Arg41His,0.422,24.5,['Unknown%20significance'],218.9,0.81,0.0,0.2,0.2
MYO15A,17,18118924,NM_016239.4:c.124G>A,NP_057323.3:p.Asp42Asn,0.262,20.7,['Likely%20benign'],100.51,0.62,0.0,0.1,0.1
MYO15A,17,18118924,NM_016239.4:c.124G>T,NP_057323.3:p.Asp42Tyr,0.393,22.9,['Unknown%20significance'],100.51,0.62,0.0,-0.0,0.0
MYO15A,17,18118927,NM_016239.4:c.127C>T,NP_057323.3:p.Arg43Cys,0.370,23.9,['Unknown%20significance'],260.43,0.96,0.0,0.2,0.2
MYO15A,17,18118928,NM_016239.4:c.128G>A,NP_057323.3:p.Arg43His,0.318,22.4,['Likely%20benign'],260.43,0.96,0.0,0.1,0.1
MYO15A,17,18118931,NM_016239.4:c.131C>T,NP_057323.3:p.Thr44Ile,0.389,22.9,['Unknown%20significance'],135.86,0.86,0.0,0.1,0.1
MYO15A,17,18118933,NM_016239.4:c.133C>G,NP_057323.3:p.Pro45Ala,0.331,21.3,['Unknown%20significance'],117.34,0.74,0.0,0.4,0.4
MYO15A,17,18118934,NM_016239.4:c.134C>T,NP_057323.3:p.Pro45Leu,0.303,19.52,['Unknown%20significance'],117.34,0.74,0.0,0.2,0.2
MYO15A,17,18118936,NM_016239.4:c.136A>G,NP_057323.3:p.Lys46Glu,0.462,24.8,['Unknown%20significance'],213.11,0.9,0.0,-0.1,0.1
MYO15A,17,18118938,NM_016239.4:c.138G>T,NP_057323.3:p.Lys46Asn,0.357,24.5,['Unknown%20significance'],213.11,0.9,0.0,-0.0,0.0
MYO15A,17,18118940,NM_016239.4:c.140T>C,NP_057323.3:p.Ile47Thr,0.260,16.31,['Unknown%20significance'],194.89,0.99,0.0,0.1,0.1
MYO15A,17,18118945,NM_016239.4:c.145A>G,NP_057323.3:p.Lys49Glu,0.497,25.5,['Unknown%20significance'],219.6,0.92,0.0,-0.1,0.1
MYO15A,17,18118949,NM_016239.4:c.149A>C,NP_057323.3:p.Lys50Thr,0.439,23.1,['Unknown%20significance'],178.72,0.75,0.0,-0.1,0.1
MYO15A,17,18118949,NM_016239.4:c.149A>G,NP_057323.3:p.Lys50Arg,0.465,24.5,['Unknown%20significance'],178.72,0.75,0.0,-0.2,0.2
MYO15A,17,18118951,NM_016239.4:c.151G>A,NP_057323.3:p.Gly51Ser,0.348,22.4,['Unknown%20significance'],36.81,0.38,0.0,0.4,0.4
MYO15A,17,18118952,NM_016239.4:c.152G>A,NP_057323.3:p.Gly51Asp,0.519,23.5,['Unknown%20significance'],36.81,0.38,0.0,0.3,0.3
MYO15A,17,18118956,NM_016239.4:c.156G>T,NP_057323.3:p.Gln52His,0.227,16.28,['Unknown%20significance'],170.25,0.86,0.0,0.1,0.1
MYO15A,17,18118958,NM_016239.4:c.158T>G,NP_057323.3:p.Phe53Cys,0.574,25.4,['Unknown%20significance'],168.82,0.73,0.0,0.9,0.9
MYO15A,17,18118959,NM_016239.4:c.159C>A,NP_057323.3:p.Phe53Leu,0.445,17.70,['Unknown%20significance'],168.82,0.73,0.0,0.4,0.4
MYO15A,17,18118960,NM_016239.4:c.160C>T,NP_057323.3:p.Arg54Cys,0.631,25.1,['Unknown%20significance'],209.41,0.77,0.0,0.5,0.5
MYO15A,17,18118961,NM_016239.4:c.161G>T,NP_057323.3:p.Arg54Leu,0.471,24.5,['Unknown%20significance'],209.41,0.77,0.0,0.1,0.1
MYO15A,17,18118963,NM_016239.4:c.163A>C,NP_057323.3:p.Ser55Arg,0.397,23.9,['Unknown%20significance'],86.91,0.63,0.0,0.2,0.2
MYO15A,17,18118964,NM_016239.4:c.164G>T,NP_057323.3:p.Ser55Ile,0.426,23.9,['Unknown%20significance'],86.91,0.63,0.0,0.1,0.1
MYO15A,17,18118965,NM_016239.4:c.165C>G,NP_057323.3:p.Ser55Arg,0.395,12.85,['Likely%20benign'],86.91,0.63,0.0,0.2,0.2
MYO15A,17,18118966,NM_016239.4:c.166G>A,NP_057323.3:p.Ala56Thr,0.425,17.97,['Unknown%20significance'],46.43,0.36,0.0,-0.3,0.3
MYO15A,17,18118967,NM_016239.4:c.167C>A,NP_057323.3:p.Ala56Asp,0.573,22.7,['Unknown%20significance'],46.43,0.36,0.0,0.5,0.5
MYO15A,17,18118970,NM_016239.4:c.170C>T,NP_057323.3:p.Ser57Leu,0.503,23.7,['Unknown%20significance'],55.74,0.4,0.0,0.1,0.1
MYO15A,17,18118972,NM_016239.4:c.172G>A,NP_057323.3:p.Ala58Thr,0.192,16.66,['Likely%20benign'],57.34,0.45,0.0,0.2,0.2
MYO15A,17,18118975,NM_016239.4:c.175T>A,NP_057323.3:p.Phe59Ile,0.380,24.7,['Unknown%20significance'],168.31,0.73,0.0,0.4,0.4
MYO15A,17,18118978,NM_016239.4:c.178T>C,NP_057323.3:p.Phe60Leu,0.397,21.5,['Likely%20benign'],151.88,0.66,0.0,0.6,0.6
MYO15A,17,18118982,NM_016239.4:c.182G>C,NP_057323.3:p.Trp61Ser,0.538,26.3,['Unknown%20significance'],125.6,0.47,0.0,2.2,2.2
MYO15A,17,18118985,NM_016239.4:c.185G>A,NP_057323.3:p.Gly62Asp,0.715,26.2,['Unknown%20significance'],53.48,0.56,0.0,0.9,0.9
MYO15A,17,18118985,NM_016239.4:c.185G>C,NP_057323.3:p.Gly62Ala,0.634,25.2,['Unknown%20significance'],53.48,0.56,0.0,0.3,0.3
MYO15A,17,18118987,NM_016239.4:c.187C>A,NP_057323.3:p.Leu63Ile,0.353,24.4,['Unknown%20significance'],65.95,0.34,0.0,0.7,0.7
MYO15A,17,18118987,NM_016239.4:c.187C>T,NP_057323.3:p.Leu63Phe,0.306,23.4,['Unknown%20significance'],65.95,0.34,0.0,0.3,0.3
MYO15A,17,18118993,NM_016239.4:c.193A>T,NP_057323.3:p.Thr65Ser,0.363,22.7,['Unknown%20significance'],145.5,0.92,0.0,0.1,0.1
MYO15A,17,18118994,NM_016239.4:c.194C>G,NP_057323.3:p.Thr65Ser,0.246,15.04,['Unknown%20significance'],145.5,0.92,0.0,0.1,0.1
MYO15A,17,18118996,NM_016239.4:c.196G>A,NP_057323.3:p.Gly66Ser,0.258,23.7,['Unknown%20significance'],29.61,0.31,0.0,0.0,0.0
MYO15A,17,18118996,NM_016239.4:c.196G>T,NP_057323.3:p.Gly66Cys,0.386,25.8,['Unknown%20significance'],29.61,0.31,0.0,0.5,0.5
MYO15A,17,18118997,NM_016239.4:c.197G>A,NP_057323.3:p.Gly66Asp,0.331,24.6,['Unknown%20significance'],29.61,0.31,0.0,0.2,0.2
MYO15A,17,18119003,NM_016239.4:c.203A>C,NP_057323.3:p.Gln68Pro,0.318,22.9,['Unknown%20significance'],98.27,0.49,0.0,0.6,0.6
MYO15A,17,18119003,NM_016239.4:c.203A>T,NP_057323.3:p.Gln68Leu,0.323,23.1,['Unknown%20significance'],98.27,0.49,0.0,0.3,0.3
MYO15A,17,18119008,NM_016239.4:c.208A>C,NP_057323.3:p.Thr70Pro,0.453,24.9,['Unknown%20significance'],109.97,0.69,0.0,0.3,0.3
MYO15A,17,18119011,NM_016239.4:c.211A>G,NP_057323.3:p.Lys71Glu,0.307,22.7,['Unknown%20significance'],169.89,0.71,0.0,-0.5,0.5
MYO15A,17,18119012,NM_016239.4:c.212A>C,NP_057323.3:p.Lys71Thr,0.263,22.2,['Unknown%20significance'],169.89,0.71,0.0,-0.2,0.2
MYO15A,17,18119012,NM_016239.4:c.212A>G,NP_057323.3:p.Lys71Arg,0.175,17.35,['Unknown%20significance'],169.89,0.71,0.0,-0.3,0.3
MYO15A,17,18119013,NM_016239.4:c.213G>C,NP_057323.3:p.Lys71Asn,0.343,14.98,['Likely%20benign'],169.89,0.71,0.0,-0.2,0.2
MYO15A,17,18119014,NM_016239.4:c.214C>A,NP_057323.3:p.Arg72Ser,0.434,23.9,['Unknown%20significance'],72.13,0.26,0.0,0.7,0.7
MYO15A,17,18119014,NM_016239.4:c.214C>T,NP_057323.3:p.Arg72Cys,0.415,25.6,['Unknown%20significance'],72.13,0.26,0.0,1.2,1.2
MYO15A,17,18119015,NM_016239.4:c.215G>A,NP_057323.3:p.Arg72His,0.394,23.4,['Unknown%20significance'],72.13,0.26,0.0,0.6,0.6
MYO15A,17,18119015,NM_016239.4:c.215G>T,NP_057323.3:p.Arg72Leu,0.398,23.5,['Unknown%20significance'],72.13,0.26,0.0,0.4,0.4
MYO15A,17,18119017,NM_016239.4:c.217A>C,NP_057323.3:p.Lys73Gln,0.445,24.8,['Unknown%20significance'],113.95,0.48,0.0,-0.8,0.8
MYO15A,17,18119018,NM_016239.4:c.218A>C,NP_057323.3:p.Lys73Thr,0.455,25.0,['Unknown%20significance'],113.95,0.48,0.0,-0.4,0.4
MYO15A,17,18119018,NM_016239.4:c.218A>G,NP_057323.3:p.Lys73Arg,0.403,23.1,['Unknown%20significance'],113.95,0.48,0.0,-0.6,0.6
MYO15A,17,18119021,NM_016239.4:c.221G>A,NP_057323.3:p.Arg74Lys,0.178,10.10,['Likely%20benign'],179.87,0.66,0.0,0.4,0.4
MYO15A,17,18119022,NM_016239.4:c.222G>C,NP_057323.3:p.Arg74Ser,0.341,22.4,['Unknown%20significance'],179.87,0.66,0.0,0.3,0.3
MYO15A,17,18119027,NM_016239.4:c.227C>A,NP_057323.3:p.Ala76Asp,0.418,21.5,['Likely%20benign'],10.28,0.08,0.0,-0.0,0.0
MYO15A,17,18119027,NM_016239.4:c.227C>T,NP_057323.3:p.Ala76Val,0.284,19.75,['Likely%20benign'],10.28,0.08,0.0,0.0,0.0
MYO15A,17,18119029,NM_016239.4:c.229C>G,NP_057323.3:p.Arg77Gly,0.437,22.5,['Unknown%20significance'],106.7,0.39,0.0,1.1,1.1
MYO15A,17,18119029,NM_016239.4:c.229C>T,NP_057323.3:p.Arg77Cys,0.484,24.5,['Unknown%20significance'],106.7,0.39,0.0,1.0,1.0
MYO15A,17,18119030,NM_016239.4:c.230G>A,NP_057323.3:p.Arg77His,0.366,25.0,['Unknown%20significance'],106.7,0.39,0.0,0.4,0.4
MYO15A,17,18119030,NM_016239.4:c.230G>C,NP_057323.3:p.Arg77Pro,0.466,25.1,['Unknown%20significance'],106.7,0.39,0.0,0.9,0.9
MYO15A,17,18119033,NM_016239.4:c.233C>A,NP_057323.3:p.Thr78Asn,0.256,23.4,['Unknown%20significance'],73.78,0.46,0.0,0.4,0.4
MYO15A,17,18119033,NM_016239.4:c.233C>T,NP_057323.3:p.Thr78Ile,0.400,23.7,['Unknown%20significance'],73.78,0.46,0.0,-0.2,0.2
MYO15A,17,18119035,NM_016239.4:c.235G>A,NP_057323.3:p.Val79Met,0.327,21.4,['Unknown%20significance'],64.72,0.37,0.0,0.3,0.3
MYO15A,17,18119035,NM_016239.4:c.235G>T,NP_057323.3:p.Val79Leu,0.367,22.9,['Unknown%20significance'],64.72,0.37,0.0,0.3,0.3
MYO15A,17,18119038,NM_016239.4:c.238C>T,NP_057323.3:p.Leu80Phe,0.418,24.6,['Unknown%20significance'],92.44,0.47,0.0,0.7,0.7
MYO15A,17,18119039,NM_016239.4:c.239T>C,NP_057323.3:p.Leu80Pro,0.639,24.0,['Unknown%20significance'],92.44,0.47,0.0,1.9,1.9
MYO15A,17,18119045,NM_016239.4:c.245C>A,NP_057323.3:p.Ser82Tyr,0.502,24.5,['Unknown%20significance'],64.48,0.46,0.0,-0.3,0.3
MYO15A,17,18119047,NM_016239.4:c.247A>G,NP_057323.3:p.Thr83Ala,0.306,22.9,['Unknown%20significance'],49.06,0.31,0.0,1.0,1.0
MYO15A,17,18119048,NM_016239.4:c.248C>A,NP_057323.3:p.Thr83Lys,0.527,24.4,['Unknown%20significance'],49.06,0.31,0.0,1.8,1.8
MYO15A,17,18119048,NM_016239.4:c.248C>G,NP_057323.3:p.Thr83Arg,0.540,24.2,['Unknown%20significance'],49.06,0.31,0.0,1.0,1.0
MYO15A,17,18119048,NM_016239.4:c.248C>T,NP_057323.3:p.Thr83Met,0.429,24.5,['Unknown%20significance'],49.06,0.31,0.0,0.7,0.7
MYO15A,17,18119050,NM_016239.4:c.250T>A,NP_057323.3:p.Ser84Thr,0.343,24.4,['Likely%20benign'],75.9,0.55,0.0,-0.0,0.0
MYO15A,17,18119051,NM_016239.4:c.251C>T,NP_057323.3:p.Ser84Leu,0.428,25.4,['Unknown%20significance'],75.9,0.55,0.0,0.0,0.0
MYO15A,17,18119053,NM_016239.4:c.253A>G,NP_057323.3:p.Lys85Glu,0.426,25.4,['Unknown%20significance'],159.52,0.67,0.0,0.0,0.0
MYO15A,17,18119054,NM_016239.4:c.254A>C,NP_057323.3:p.Lys85Thr,0.463,25.4,['Unknown%20significance'],159.52,0.67,0.0,-0.0,0.0
MYO15A,17,18119054,NM_016239.4:c.254A>G,NP_057323.3:p.Lys85Arg,0.332,22.5,['Unknown%20significance'],159.52,0.67,0.0,-0.4,0.4
MYO15A,17,18119054,NM_016239.4:c.254A>T,NP_057323.3:p.Lys85Met,0.467,26.1,['Unknown%20significance'],159.52,0.67,0.0,-0.3,0.3
MYO15A,17,18119055,NM_016239.4:c.255G>T,NP_057323.3:p.Lys85Asn,0.258,18.04,['Unknown%20significance'],159.52,0.67,0.0,0.0,0.0
MYO15A,17,18119056,NM_016239.4:c.256C>T,NP_057323.3:p.Leu86Phe,0.424,23.0,['Unknown%20significance'],74.44,0.38,0.0,0.6,0.6
MYO15A,17,18119059,NM_016239.4:c.259A>C,NP_057323.3:p.Met87Leu,0.582,25.0,['Unknown%20significance'],100.07,0.46,0.0,0.0,0.0
MYO15A,17,18119060,NM_016239.4:c.260T>G,NP_057323.3:p.Met87Arg,0.680,25.9,['Unknown%20significance'],100.07,0.46,0.0,1.2,1.2
MYO15A,17,18119063,NM_016239.4:c.263C>T,NP_057323.3:p.Thr88Met,0.308,20.4,['Likely%20pathogenic'],76.69,0.48,0.0,-1.1,1.1
MYO15A,17,18119066,NM_016239.4:c.266A>C,NP_057323.3:p.Gln89Pro,0.468,25.3,['Unknown%20significance'],105.02,0.53,0.0,0.3,0.3
MYO15A,17,18119069,NM_016239.4:c.269T>C,NP_057323.3:p.Met90Thr,0.472,23.2,['Unknown%20significance'],62.0,0.28,0.0,1.1,1.1
MYO15A,17,18119069,NM_016239.4:c.269T>G,NP_057323.3:p.Met90Arg,0.517,23.5,['Unknown%20significance'],62.0,0.28,0.0,1.1,1.1
MYO15A,17,18119070,NM_016239.4:c.270G>A,NP_057323.3:p.Met90Ile,0.327,23.0,['Unknown%20significance'],62.0,0.28,0.0,0.0,0.0
MYO15A,17,18119071,NM_016239.4:c.271C>A,NP_057323.3:p.Arg91Ser,0.473,24.1,['Unknown%20significance'],173.57,0.64,0.0,0.5,0.5
MYO15A,17,18119071,NM_016239.4:c.271C>T,NP_057323.3:p.Arg91Cys,0.495,25.8,['Unknown%20significance'],173.57,0.64,0.0,0.6,0.6
MYO15A,17,18119072,NM_016239.4:c.272G>A,NP_057323.3:p.Arg91His,0.252,22.8,['Likely%20benign'],173.57,0.64,0.0,0.3,0.3
MYO15A,17,18119072,NM_016239.4:c.272G>C,NP_057323.3:p.Arg91Pro,0.472,24.6,['Unknown%20significance'],173.57,0.64,0.0,0.6,0.6
MYO15A,17,18119072,NM_016239.4:c.272G>T,NP_057323.3:p.Arg91Leu,0.430,24.1,['Unknown%20significance'],173.57,0.64,0.0,0.2,0.2
MYO15A,17,18119074,NM_016239.4:c.274A>G,NP_057323.3:p.Met92Val,0.259,0.805,['Likely%20benign'],108.04,0.49,0.0,0.2,0.2
MYO15A,17,18119074,NM_016239.4:c.274A>T,NP_057323.3:p.Met92Leu,0.232,3.027,['Likely%20benign'],108.04,0.49,0.0,0.1,0.1
MYO15A,17,18119076,NM_016239.4:c.276G>A,NP_057323.3:p.Met92Ile,0.231,16.75,['Likely%20benign'],108.04,0.49,0.0,0.1,0.1
MYO15A,17,18119076,NM_016239.4:c.276G>C,NP_057323.3:p.Met92Ile,0.232,16.49,['Likely%20benign'],108.04,0.49,0.0,0.1,0.1
MYO15A,17,18119077,NM_016239.4:c.277G>A,NP_057323.3:p.Gly93Ser,0.331,22.6,['Unknown%20significance'],58.07,0.6,0.0,0.1,0.1
MYO15A,17,18119078,NM_016239.4:c.278G>A,NP_057323.3:p.Gly93Asp,0.417,26.1,['Unknown%20significance'],58.07,0.6,0.0,-0.0,0.0
MYO15A,17,18119086,NM_016239.4:c.286A>C,NP_057323.3:p.Lys96Gln,0.395,23.8,['Unknown%20significance'],170.79,0.72,0.0,-0.3,0.3
MYO15A,17,18119088,NM_016239.4:c.288G>C,NP_057323.3:p.Lys96Asn,0.439,24.3,['Unknown%20significance'],170.79,0.72,0.0,-0.1,0.1
MYO15A,17,18119089,NM_016239.4:c.289C>G,NP_057323.3:p.Arg97Gly,0.293,23.4,['Unknown%20significance'],235.87,0.87,0.0,0.2,0.2
MYO15A,17,18119089,NM_016239.4:c.289C>T,NP_057323.3:p.Arg97Trp,0.520,26.9,['Unknown%20significance'],235.87,0.87,0.0,-0.0,0.0
MYO15A,17,18119090,NM_016239.4:c.290G>A,NP_057323.3:p.Arg97Gln,0.314,22.9,['Unknown%20significance'],235.87,0.87,0.0,-0.0,0.0
MYO15A,17,18119090,NM_016239.4:c.290G>C,NP_057323.3:p.Arg97Pro,0.448,24.4,['Unknown%20significance'],235.87,0.87,0.0,0.1,0.1
MYO15A,17,18119090,NM_016239.4:c.290G>T,NP_057323.3:p.Arg97Leu,0.400,24.1,['Unknown%20significance'],235.87,0.87,0.0,0.0,0.0
MYO15A,17,18119092,NM_016239.4:c.292G>A,NP_057323.3:p.Ala98Thr,0.273,25.2,['Unknown%20significance'],98.1,0.77,0.0,-0.0,0.0
MYO15A,17,18119092,NM_016239.4:c.292G>C,NP_057323.3:p.Ala98Pro,0.281,22.6,['Unknown%20significance'],98.1,0.77,0.0,0.1,0.1
MYO15A,17,18119092,NM_016239.4:c.292G>T,NP_057323.3:p.Ala98Ser,0.254,23.3,['Unknown%20significance'],98.1,0.77,0.0,-0.0,0.0
MYO15A,17,18119093,NM_016239.4:c.293C>A,NP_057323.3:p.Ala98Glu,0.348,18.32,['Likely%20benign'],98.1,0.77,0.0,-0.1,0.1
MYO15A,17,18119093,NM_016239.4:c.293C>T,NP_057323.3:p.Ala98Val,0.305,23.7,['Unknown%20significance'],98.1,0.77,0.0,0.0,0.0
MYO15A,17,18119095,NM_016239.4:c.295A>G,NP_057323.3:p.Met99Val,0.238,20.9,['Likely%20benign'],192.36,0.88,0.0,0.1,0.1
MYO15A,17,18119096,NM_016239.4:c.296T>C,NP_057323.3:p.Met99Thr,0.291,18.00,['Likely%20benign'],192.36,0.88,0.0,0.1,0.1
MYO15A,17,18119098,NM_016239.4:c.298A>C,NP_057323.3:p.Lys100Gln,0.347,25.0,['Unknown%20significance'],227.87,0.96,0.0,-0.1,0.1
MYO15A,17,18119101,NM_016239.4:c.301G>A,NP_057323.3:p.Gly101Ser,0.263,22.8,['Unknown%20significance'],63.45,0.66,0.0,0.2,0.2
MYO15A,17,18119102,NM_016239.4:c.302G>A,NP_057323.3:p.Gly101Asp,0.323,23.7,['Unknown%20significance'],63.45,0.66,0.0,0.1,0.1
MYO15A,17,18119104,NM_016239.4:c.304A>G,NP_057323.3:p.Lys102Glu,0.356,26.4,['Unknown%20significance'],213.16,0.9,0.0,-0.1,0.1
MYO15A,17,18119110,NM_016239.4:c.310C>A,NP_057323.3:p.Pro104Thr,0.405,24.6,['Unknown%20significance'],150.92,0.95,0.0,0.1,0.1
MYO15A,17,18119111,NM_016239.4:c.311C>G,NP_057323.3:p.Pro104Arg,0.514,26.1,['Unknown%20significance'],150.92,0.95,0.0,0.2,0.2
MYO15A,17,18119111,NM_016239.4:c.311C>T,NP_057323.3:p.Pro104Leu,0.546,26.7,['Unknown%20significance'],150.92,0.95,0.0,0.1,0.1
MYO15A,17,18119113,NM_016239.4:c.313T>A,NP_057323.3:p.Ser105Thr,0.220,21.8,['Unknown%20significance'],103.39,0.74,0.0,0.0,0.0
MYO15A,17,18119114,NM_016239.4:c.314C>A,NP_057323.3:p.Ser105Tyr,0.421,25.5,['Unknown%20significance'],103.39,0.74,0.0,-0.0,0.0
MYO15A,17,18119114,NM_016239.4:c.314C>T,NP_057323.3:p.Ser105Phe,0.421,26.2,['Unknown%20significance'],103.39,0.74,0.0,0.1,0.1
MYO15A,17,18119118,NM_016239.4:c.318C>A,NP_057323.3:p.Phe106Leu,0.497,23.1,['Unknown%20significance'],186.25,0.81,0.0,0.2,0.2
MYO15A,17,18119119,NM_016239.4:c.319A>G,NP_057323.3:p.Met107Val,0.531,24.7,['Unknown%20significance'],193.12,0.89,0.0,0.1,0.1
MYO15A,17,18119120,NM_016239.4:c.320T>C,NP_057323.3:p.Met107Thr,0.600,25.8,['Unknown%20significance'],193.12,0.89,0.0,0.3,0.3
MYO15A,17,18119125,NM_016239.4:c.325A>G,NP_057323.3:p.Ile109Val,0.273,23.0,['Unknown%20significance'],84.48,0.43,0.0,0.3,0.3
MYO15A,17,18119127,NM_016239.4:c.327C>G,NP_057323.3:p.Ile109Met,0.532,23.4,['Unknown%20significance'],84.48,0.43,0.0,0.2,0.2
MYO15A,17,18119128,NM_016239.4:c.328C>A,NP_057323.3:p.Arg110Ser,0.727,25.8,['Unknown%20significance'],240.36,0.89,0.0,0.1,0.1
MYO15A,17,18119128,NM_016239.4:c.328C>T,NP_057323.3:p.Arg110Cys,0.622,24.6,['Unknown%20significance'],240.36,0.89,0.0,0.1,0.1
MYO15A,17,18119129,NM_016239.4:c.329G>A,NP_057323.3:p.Arg110His,0.439,24.7,['Unknown%20significance'],240.36,0.89,0.0,0.1,0.1
MYO15A,17,18119132,NM_016239.4:c.332T>C,NP_057323.3:p.Phe111Ser,0.648,24.8,['Unknown%20significance'],170.89,0.74,0.0,0.6,0.6
MYO15A,17,18119137,NM_016239.4:c.337G>A,NP_057323.3:p.Gly113Ser,0.392,26.4,['Unknown%20significance'],58.19,0.61,0.0,0.3,0.3
MYO15A,17,18119138,NM_016239.4:c.338G>A,NP_057323.3:p.Gly113Asp,0.336,25.7,['Unknown%20significance'],58.19,0.61,0.0,0.3,0.3
MYO15A,17,18119140,NM_016239.4:c.340C>G,NP_057323.3:p.Arg114Gly,0.277,18.45,['Unknown%20significance'],238.03,0.88,0.0,0.4,0.4
MYO15A,17,18119140,NM_016239.4:c.340C>T,NP_057323.3:p.Arg114Cys,0.399,24.2,['Unknown%20significance'],238.03,0.88,0.0,0.4,0.4
MYO15A,17,18119141,NM_016239.4:c.341G>A,NP_057323.3:p.Arg114His,0.260,24.9,['Unknown%20significance'],238.03,0.88,0.0,0.1,0.1
MYO15A,17,18119141,NM_016239.4:c.341G>C,NP_057323.3:p.Arg114Pro,0.358,25.0,['Unknown%20significance'],238.03,0.88,0.0,0.3,0.3
MYO15A,17,18119141,NM_016239.4:c.341G>T,NP_057323.3:p.Arg114Leu,0.321,23.4,['Unknown%20significance'],238.03,0.88,0.0,0.2,0.2
MYO15A,17,18119143,NM_016239.4:c.343C>G,NP_057323.3:p.Arg115Gly,0.276,19.72,['Unknown%20significance'],255.89,0.94,0.0,0.2,0.2
MYO15A,17,18119143,NM_016239.4:c.343C>T,NP_057323.3:p.Arg115Cys,0.308,23.2,['Unknown%20significance'],255.89,0.94,0.0,0.2,0.2
MYO15A,17,18119144,NM_016239.4:c.344G>A,NP_057323.3:p.Arg115His,0.225,21.4,['Unknown%20significance'],255.89,0.94,0.0,0.1,0.1
MYO15A,17,18119144,NM_016239.4:c.344G>C,NP_057323.3:p.Arg115Pro,0.424,20.9,['Unknown%20significance'],255.89,0.94,0.0,0.2,0.2
MYO15A,17,18119146,NM_016239.4:c.346G>C,NP_057323.3:p.Gly116Arg,0.485,25.4,['Unknown%20significance'],35.47,0.37,0.0,0.4,0.4
MYO15A,17,18119147,NM_016239.4:c.347G>A,NP_057323.3:p.Gly116Asp,0.503,23.1,['Unknown%20significance'],35.47,0.37,0.0,0.2,0.2
MYO15A,17,18119149,NM_016239.4:c.349T>C,NP_057323.3:p.Tyr117His,0.281,21.3,['Unknown%20significance'],128.48,0.53,0.0,0.6,0.6
MYO15A,17,18119150,NM_016239.4:c.350A>G,NP_057323.3:p.Tyr117Cys,0.374,23.2,['Unknown%20significance'],128.48,0.53,0.0,1.2,1.2
MYO15A,17,18119150,NM_016239.4:c.350A>T,NP_057323.3:p.Tyr117Phe,0.330,18.18,['Unknown%20significance'],128.48,0.53,0.0,0.5,0.5
MYO15A,17,18119152,NM_016239.4:c.352G>A,NP_057323.3:p.Gly118Ser,0.337,23.4,['Unknown%20significance'],49.91,0.52,0.0,-0.1,0.1
MYO15A,17,18119152,NM_016239.4:c.352G>C,NP_057323.3:p.Gly118Arg,0.533,23.4,['Unknown%20significance'],49.91,0.52,0.0,-0.4,0.4
MYO15A,17,18119153,NM_016239.4:c.353G>A,NP_057323.3:p.Gly118Asp,0.499,25.0,['Unknown%20significance'],49.91,0.52,0.0,-0.1,0.1
MYO15A,17,18119153,NM_016239.4:c.353G>C,NP_057323.3:p.Gly118Ala,0.345,23.1,['Unknown%20significance'],49.91,0.52,0.0,0.0,0.0
MYO15A,17,18119155,NM_016239.4:c.355C>T,NP_057323.3:p.Arg119Cys,0.460,23.0,['Unknown%20significance'],244.91,0.9,0.0,0.3,0.3
MYO15A,17,18119156,NM_016239.4:c.356G>A,NP_057323.3:p.Arg119His,0.332,23.4,['Unknown%20significance'],244.91,0.9,0.0,0.1,0.1
MYO15A,17,18119156,NM_016239.4:c.356G>T,NP_057323.3:p.Arg119Leu,0.422,23.1,['Unknown%20significance'],244.91,0.9,0.0,0.1,0.1
MYO15A,17,18119159,NM_016239.4:c.359T>G,NP_057323.3:p.Leu120Arg,0.637,24.4,['Unknown%20significance'],80.98,0.41,0.0,0.7,0.7
MYO15A,17,18119161,NM_016239.4:c.361C>T,NP_057323.3:p.Arg121Trp,0.447,22.9,['Likely%20benign'],164.81,0.61,0.0,0.0,0.0
MYO15A,17,18119162,NM_016239.4:c.362G>A,NP_057323.3:p.Arg121Gln,0.231,15.95,['Likely%20benign'],164.81,0.61,0.0,0.2,0.2
MYO15A,17,18119165,NM_016239.4:c.365C>T,NP_057323.3:p.Pro122Leu,0.338,18.90,['Unknown%20significance'],105.47,0.67,0.0,-0.0,0.0
MYO15A,17,18119167,NM_016239.4:c.367C>T,NP_057323.3:p.Arg123Cys,0.392,23.6,['Unknown%20significance'],124.36,0.46,0.0,0.5,0.5
MYO15A,17,18119168,NM_016239.4:c.368G>A,NP_057323.3:p.Arg123His,0.288,23.6,['Unknown%20significance'],124.36,0.46,0.0,0.2,0.2
MYO15A,17,18119170,NM_016239.4:c.370G>A,NP_057323.3:p.Ala124Thr,0.324,23.1,['Unknown%20significance'],49.92,0.39,0.0,0.2,0.2
MYO15A,17,18119170,NM_016239.4:c.370G>T,NP_057323.3:p.Ala124Ser,0.302,20.8,['Likely%20benign'],49.92,0.39,0.0,0.5,0.5
MYO15A,17,18119171,NM_016239.4:c.371C>G,NP_057323.3:p.Ala124Gly,0.342,21.8,['Likely%20benign'],49.92,0.39,0.0,0.8,0.8
MYO15A,17,18119171,NM_016239.4:c.371C>T,NP_057323.3:p.Ala124Val,0.376,23.2,['Unknown%20significance'],49.92,0.39,0.0,-0.2,0.2
MYO15A,17,18119173,NM_016239.4:c.373C>G,NP_057323.3:p.Arg125Gly,0.266,18.73,['Unknown%20significance'],168.74,0.62,0.0,0.7,0.7
MYO15A,17,18119173,NM_016239.4:c.373C>T,NP_057323.3:p.Arg125Trp,0.321,17.96,['Unknown%20significance'],168.74,0.62,0.0,-0.4,0.4
MYO15A,17,18119174,NM_016239.4:c.374G>A,NP_057323.3:p.Arg125Gln,0.253,0.004,['Unknown%20significance'],168.74,0.62,0.0,0.0,0.0
MYO15A,17,18119179,NM_016239.4:c.379C>G,NP_057323.3:p.Leu127Val,0.236,15.99,['Likely%20benign'],75.81,0.39,0.0,0.5,0.5
MYO15A,17,18119182,NM_016239.4:c.382A>G,NP_057323.3:p.Ser128Gly,0.377,19.79,['Unknown%20significance'],67.47,0.48,0.0,0.4,0.4
MYO15A,17,18119183,NM_016239.4:c.383G>A,NP_057323.3:p.Ser128Asn,0.376,24.2,['Unknown%20significance'],67.47,0.48,0.0,0.3,0.3
MYO15A,17,18119185,NM_016239.4:c.385A>G,NP_057323.3:p.Lys129Glu,0.587,25.7,['Unknown%20significance'],146.05,0.61,0.0,0.1,0.1
MYO15A,17,18119187,NM_016239.4:c.387A>C,NP_057323.3:p.Lys129Asn,0.535,23.7,['Unknown%20significance'],146.05,0.61,0.0,0.1,0.1
MYO15A,17,18119188,NM_016239.4:c.388G>A,NP_057323.3:p.Ala130Thr,0.337,23.7,['Unknown%20significance'],45.23,0.35,0.0,0.0,0.0
MYO15A,17,18119189,NM_016239.4:c.389C>A,NP_057323.3:p.Ala130Glu,0.573,24.3,['Unknown%20significance'],45.23,0.35,0.0,0.4,0.4
MYO15A,17,18119189,NM_016239.4:c.389C>T,NP_057323.3:p.Ala130Val,0.332,20.2,['Likely%20benign'],45.23,0.35,0.0,-0.7,0.7
MYO15A,17,18119191,NM_016239.4:c.391T>C,NP_057323.3:p.Ser131Pro,0.596,25.6,['Unknown%20significance'],50.94,0.36,0.0,0.4,0.4
MYO15A,17,18119192,NM_016239.4:c.392C>T,NP_057323.3:p.Ser131Phe,0.618,25.5,['Unknown%20significance'],50.94,0.36,0.0,-0.7,0.7
MYO15A,17,18119194,NM_016239.4:c.394A>C,NP_057323.3:p.Thr132Pro,0.496,24.4,['Unknown%20significance'],92.29,0.58,0.0,0.6,0.6
MYO15A,17,18119194,NM_016239.4:c.394A>G,NP_057323.3:p.Thr132Ala,0.231,17.82,['Unknown%20significance'],92.29,0.58,0.0,0.1,0.1
MYO15A,17,18119195,NM_016239.4:c.395C>G,NP_057323.3:p.Thr132Arg,0.514,23.7,['Unknown%20significance'],92.29,0.58,0.0,0.4,0.4
MYO15A,17,18119195,NM_016239.4:c.395C>T,NP_057323.3:p.Thr132Met,0.425,24.0,['Unknown%20significance'],92.29,0.58,0.0,-0.2,0.2
MYO15A,17,18119197,NM_016239.4:c.397G>A,NP_057323.3:p.Ala133Thr,0.484,25.0,['Unknown%20significance'],37.22,0.29,0.0,0.4,0.4
MYO15A,17,18119200,NM_016239.4:c.400A>G,NP_057323.3:p.Ile134Val,0.095,17.76,['Unknown%20significance'],114.97,0.58,0.0,0.2,0.2
MYO15A,17,18119202,NM_016239.4:c.402C>G,NP_057323.3:p.Ile134Met,0.354,22.7,['Unknown%20significance'],114.97,0.58,0.0,0.1,0.1
MYO15A,17,18119204,NM_016239.4:c.404A>C,NP_057323.3:p.Asn135Thr,0.375,25.1,['Unknown%20significance'],97.41,0.6,0.0,0.0,0.0
MYO15A,17,18119204,NM_016239.4:c.404A>G,NP_057323.3:p.Asn135Ser,0.237,21.3,['Unknown%20significance'],97.41,0.6,0.0,0.1,0.1
MYO15A,17,18119208,NM_016239.4:c.408G>T,NP_057323.3:p.Trp136Cys,0.655,29.1,['Unknown%20significance'],150.36,0.57,0.0,1.5,1.5
MYO15A,17,18119213,NM_016239.4:c.413C>T,NP_057323.3:p.Thr138Ile,0.559,24.6,['Unknown%20significance'],69.04,0.43,0.0,-0.0,0.0
MYO15A,17,18119215,NM_016239.4:c.415A>G,NP_057323.3:p.Lys139Glu,0.513,25.9,['Unknown%20significance'],40.54,0.17,0.0,-0.5,0.5
MYO15A,17,18119218,NM_016239.4:c.418A>C,NP_057323.3:p.Lys140Gln,0.475,24.1,['Unknown%20significance'],118.84,0.5,0.0,-0.4,0.4
MYO15A,17,18119219,NM_016239.4:c.419A>T,NP_057323.3:p.Lys140Met,0.657,24.2,['Unknown%20significance'],118.84,0.5,0.0,-0.4,0.4
MYO15A,17,18119220,NM_016239.4:c.420G>C,NP_057323.3:p.Lys140Asn,0.430,23.7,['Unknown%20significance'],118.84,0.5,0.0,-0.1,0.1
MYO15A,17,18119220,NM_016239.4:c.420G>T,NP_057323.3:p.Lys140Asn,0.430,23.7,['Unknown%20significance'],118.84,0.5,0.0,-0.1,0.1
MYO15A,17,18119221,NM_016239.4:c.421T>C,NP_057323.3:p.Phe141Leu,0.270,23.4,['Unknown%20significance'],119.44,0.51,0.0,0.7,0.7
MYO15A,17,18119221,NM_016239.4:c.421T>G,NP_057323.3:p.Phe141Val,0.595,22.6,['Unknown%20significance'],119.44,0.51,0.0,0.8,0.8
MYO15A,17,18119223,NM_016239.4:c.423C>A,NP_057323.3:p.Phe141Leu,0.298,22.7,['Unknown%20significance'],119.44,0.51,0.0,0.7,0.7
MYO15A,17,18119224,NM_016239.4:c.424C>G,NP_057323.3:p.Leu142Val,0.485,23.8,['Unknown%20significance'],37.27,0.19,0.0,0.9,0.9
MYO15A,17,18119224,NM_016239.4:c.424C>T,NP_057323.3:p.Leu142Phe,0.525,24.5,['Unknown%20significance'],37.27,0.19,0.0,0.6,0.6
MYO15A,17,18119225,NM_016239.4:c.425T>G,NP_057323.3:p.Leu142Arg,0.775,24.3,['Unknown%20significance'],37.27,0.19,0.0,1.8,1.8
MYO15A,17,18119231,NM_016239.4:c.431A>G,NP_057323.3:p.Lys144Arg,0.213,21.7,['Unknown%20significance'],122.46,0.51,0.0,-0.4,0.4
MYO15A,17,18119231,NM_016239.4:c.431A>T,NP_057323.3:p.Lys144Met,0.558,25.4,['Unknown%20significance'],122.46,0.51,0.0,-0.4,0.4
MYO15A,17,18119232,NM_016239.4:c.432G>T,NP_057323.3:p.Lys144Asn,0.162,22.6,['Unknown%20significance'],122.46,0.51,0.0,0.0,0.0
MYO15A,17,18119236,NM_016239.4:c.436G>A,NP_057323.3:p.Ala146Thr,0.339,26.1,['Unknown%20significance'],0.12,0.0,0.0,0.1,0.1
MYO15A,17,18119237,NM_016239.4:c.437C>G,NP_057323.3:p.Ala146Gly,0.292,23.5,['Likely%20benign'],0.12,0.0,0.0,1.0,1.0
MYO15A,17,18119239,NM_016239.4:c.439G>A,NP_057323.3:p.Glu147Lys,0.167,21.8,['Likely%20benign'],143.59,0.73,0.0,0.2,0.2
MYO15A,17,18119241,NM_016239.4:c.441G>C,NP_057323.3:p.Glu147Asp,0.135,16.68,['Likely%20benign'],143.59,0.73,0.0,0.1,0.1
MYO15A,17,18119242,NM_016239.4:c.442G>A,NP_057323.3:p.Glu148Lys,0.284,21.8,['Unknown%20significance'],143.49,0.73,0.0,0.1,0.1
MYO15A,17,18119246,NM_016239.4:c.446C>G,NP_057323.3:p.Ser149Trp,0.386,22.5,['Unknown%20significance'],81.9,0.59,0.0,-0.1,0.1
MYO15A,17,18119246,NM_016239.4:c.446C>T,NP_057323.3:p.Ser149Leu,0.207,13.80,['Likely%20benign'],81.9,0.59,0.0,0.1,0.1
MYO15A,17,18119251,NM_016239.4:c.451A>G,NP_057323.3:p.Ser151Gly,0.213,13.00,['Likely%20benign'],46.83,0.33,0.0,0.4,0.4
MYO15A,17,18119253,NM_016239.4:c.453C>G,NP_057323.3:p.Ser151Arg,0.325,8.251,['Likely%20benign'],46.83,0.33,0.0,-0.1,0.1
MYO15A,17,18119254,NM_016239.4:c.454G>A,NP_057323.3:p.Glu152Lys,0.125,9.556,['Likely%20benign'],164.99,0.84,0.0,0.2,0.2
MYO15A,17,18119254,NM_016239.4:c.454G>C,NP_057323.3:p.Glu152Gln,0.198,7.969,['Likely%20benign'],164.99,0.84,0.0,-0.0,0.0
MYO15A,17,18119255,NM_016239.4:c.455A>G,NP_057323.3:p.Glu152Gly,0.164,15.92,['Likely%20benign'],164.99,0.84,0.0,0.3,0.3
MYO15A,17,18119257,NM_016239.4:c.457C>G,NP_057323.3:p.Gln153Glu,0.247,17.30,['Unknown%20significance'],130.15,0.65,0.0,0.2,0.2
MYO15A,17,18119258,NM_016239.4:c.458A>G,NP_057323.3:p.Gln153Arg,0.200,13.11,['Unknown%20significance'],130.15,0.65,0.0,-0.0,0.0
MYO15A,17,18119260,NM_016239.4:c.460G>A,NP_057323.3:p.Ala154Thr,0.384,22.5,['Unknown%20significance'],32.46,0.25,0.0,0.1,0.1
MYO15A,17,18119260,NM_016239.4:c.460G>T,NP_057323.3:p.Ala154Ser,0.204,17.75,['Unknown%20significance'],32.46,0.25,0.0,0.2,0.2
MYO15A,17,18119261,NM_016239.4:c.461C>A,NP_057323.3:p.Ala154Asp,0.502,19.55,['Unknown%20significance'],32.46,0.25,0.0,0.6,0.6
MYO15A,17,18119261,NM_016239.4:c.461C>T,NP_057323.3:p.Ala154Val,0.306,19.50,['Unknown%20significance'],32.46,0.25,0.0,-0.1,0.1
MYO15A,17,18119263,NM_016239.4:c.463A>T,NP_057323.3:p.Thr155Ser,0.128,0.002,['Likely%20benign'],55.55,0.35,0.0,0.2,0.2
MYO15A,17,18119264,NM_016239.4:c.464C>T,NP_057323.3:p.Thr155Ile,0.194,11.31,['Likely%20benign'],55.55,0.35,0.0,-0.1,0.1
MYO15A,17,18119267,NM_016239.4:c.467T>C,NP_057323.3:p.Val156Ala,0.210,12.70,['Unknown%20significance'],80.73,0.46,0.0,0.5,0.5
MYO15A,17,18119269,NM_016239.4:c.469G>A,NP_057323.3:p.Asp157Asn,0.279,23.7,['Unknown%20significance'],66.34,0.41,0.0,-0.1,0.1
MYO15A,17,18119270,NM_016239.4:c.470A>G,NP_057323.3:p.Asp157Gly,0.538,23.8,['Unknown%20significance'],66.34,0.41,0.0,0.4,0.4
MYO15A,17,18119271,NM_016239.4:c.471C>G,NP_057323.3:p.Asp157Glu,0.377,0.016,['Likely%20benign'],66.34,0.41,0.0,-0.0,0.0
MYO15A,17,18119272,NM_016239.4:c.472G>A,NP_057323.3:p.Ala158Thr,0.377,23.6,['Unknown%20significance'],0.66,0.0,0.0,0.7,0.7
MYO15A,17,18119272,NM_016239.4:c.472G>T,NP_057323.3:p.Ala158Ser,0.298,22.0,['Unknown%20significance'],0.66,0.0,0.0,1.3,1.3
MYO15A,17,18119273,NM_016239.4:c.473C>T,NP_057323.3:p.Ala158Val,0.424,23.4,['Unknown%20significance'],0.66,0.0,0.0,-0.6,0.6
MYO15A,17,18119276,NM_016239.4:c.476G>C,NP_057323.3:p.Trp159Ser,0.698,25.1,['Unknown%20significance'],148.68,0.56,0.0,1.9,1.9
MYO15A,17,18119277,NM_016239.4:c.477G>T,NP_057323.3:p.Trp159Cys,0.717,25.6,['Unknown%20significance'],148.68,0.56,0.0,1.5,1.5
MYO15A,17,18119278,NM_016239.4:c.478C>A,NP_057323.3:p.Leu160Met,0.178,17.06,['Unknown%20significance'],100.08,0.51,0.0,0.4,0.4
MYO15A,17,18119282,NM_016239.4:c.482A>G,NP_057323.3:p.Gln161Arg,0.187,9.594,['Likely%20benign'],71.37,0.36,0.0,-0.1,0.1
MYO15A,17,18119284,NM_016239.4:c.484C>T,NP_057323.3:p.Arg162Cys,0.522,23.6,['Unknown%20significance'],138.67,0.51,0.0,0.8,0.8
MYO15A,17,18119285,NM_016239.4:c.485G>A,NP_057323.3:p.Arg162His,0.364,23.4,['Unknown%20significance'],138.67,0.51,0.0,0.4,0.4
MYO15A,17,18119285,NM_016239.4:c.485G>T,NP_057323.3:p.Arg162Leu,0.522,23.3,['Unknown%20significance'],138.67,0.51,0.0,0.1,0.1
MYO15A,17,18119287,NM_016239.4:c.487T>C,NP_057323.3:p.Ser163Pro,0.170,20.1,['Likely%20benign'],29.02,0.21,0.0,0.5,0.5
MYO15A,17,18119288,NM_016239.4:c.488C>G,NP_057323.3:p.Ser163Trp,0.299,21.9,['Unknown%20significance'],29.02,0.21,0.0,-0.4,0.4
MYO15A,17,18119288,NM_016239.4:c.488C>T,NP_057323.3:p.Ser163Leu,0.118,17.07,['Likely%20benign'],29.02,0.21,0.0,-0.4,0.4
MYO15A,17,18119292,NM_016239.4:c.492C>A,NP_057323.3:p.Ser164Arg,0.277,8.413,['Likely%20benign'],61.58,0.44,0.0,-0.1,0.1
MYO15A,17,18119294,NM_016239.4:c.494C>A,NP_057323.3:p.Ser165Tyr,0.358,22.8,['Unknown%20significance'],84.69,0.61,0.0,-0.2,0.2
MYO15A,17,18119294,NM_016239.4:c.494C>G,NP_057323.3:p.Ser165Cys,0.354,23.0,['Unknown%20significance'],84.69,0.61,0.0,0.3,0.3
MYO15A,17,18119294,NM_016239.4:c.494C>T,NP_057323.3:p.Ser165Phe,0.343,23.1,['Unknown%20significance'],84.69,0.61,0.0,-0.1,0.1
MYO15A,17,18119296,NM_016239.4:c.496C>A,NP_057323.3:p.Arg166Ser,0.411,21.8,['Unknown%20significance'],232.61,0.86,0.0,0.3,0.3
MYO15A,17,18119296,NM_016239.4:c.496C>T,NP_057323.3:p.Arg166Cys,0.391,24.3,['Unknown%20significance'],232.61,0.86,0.0,0.4,0.4
MYO15A,17,18119297,NM_016239.4:c.497G>A,NP_057323.3:p.Arg166His,0.188,17.84,['Likely%20benign'],232.61,0.86,0.0,0.2,0.2
MYO15A,17,18119297,NM_016239.4:c.497G>T,NP_057323.3:p.Arg166Leu,0.388,21.7,['Unknown%20significance'],232.61,0.86,0.0,0.2,0.2
MYO15A,17,18119299,NM_016239.4:c.499A>G,NP_057323.3:p.Met167Val,0.230,0.367,['Likely%20benign'],158.05,0.72,0.0,0.1,0.1
MYO15A,17,18119300,NM_016239.4:c.500T>A,NP_057323.3:p.Met167Lys,0.180,18.83,['Likely%20benign'],158.05,0.72,0.0,0.6,0.6
MYO15A,17,18119302,NM_016239.4:c.502G>T,NP_057323.3:p.Gly168Cys,0.565,25.4,['Unknown%20significance'],56.87,0.59,0.0,0.4,0.4
MYO15A,17,18119303,NM_016239.4:c.503G>A,NP_057323.3:p.Gly168Asp,0.610,23.9,['Unknown%20significance'],56.87,0.59,0.0,0.0,0.0
MYO15A,17,18119303,NM_016239.4:c.503G>T,NP_057323.3:p.Gly168Val,0.570,23.9,['Unknown%20significance'],56.87,0.59,0.0,0.1,0.1
MYO15A,17,18119306,NM_016239.4:c.506C>A,NP_057323.3:p.Ser169Tyr,0.481,24.0,['Unknown%20significance'],138.76,1.0,0.0,-0.1,0.1
MYO15A,17,18119306,NM_016239.4:c.506C>G,NP_057323.3:p.Ser169Cys,0.390,24.2,['Unknown%20significance'],138.76,1.0,0.0,0.1,0.1
MYO15A,17,18119306,NM_016239.4:c.506C>T,NP_057323.3:p.Ser169Phe,0.491,24.5,['Unknown%20significance'],138.76,1.0,0.0,-0.0,0.0
MYO15A,17,18119308,NM_016239.4:c.508C>A,NP_057323.3:p.Arg170Ser,0.120,14.68,['Likely%20benign'],224.69,0.83,0.0,0.1,0.1
MYO15A,17,18119308,NM_016239.4:c.508C>T,NP_057323.3:p.Arg170Cys,0.172,21.2,['Unknown%20significance'],224.69,0.83,0.0,0.2,0.2
MYO15A,17,18119309,NM_016239.4:c.509G>A,NP_057323.3:p.Arg170His,0.126,16.80,['Unknown%20significance'],224.69,0.83,0.0,0.1,0.1
MYO15A,17,18119309,NM_016239.4:c.509G>T,NP_057323.3:p.Arg170Leu,0.170,20.3,['Unknown%20significance'],224.69,0.83,0.0,0.1,0.1
MYO15A,17,18119313,NM_016239.4:c.513A>T,NP_057323.3:p.Lys171Asn,0.355,23.4,['Unknown%20significance'],230.28,0.97,0.0,-0.0,0.0
MYO15A,17,18119314,NM_016239.4:c.514C>T,NP_057323.3:p.Leu172Phe,0.394,23.7,['Likely%20benign'],119.83,0.62,0.0,0.2,0.2
MYO15A,17,18119315,NM_016239.4:c.515T>A,NP_057323.3:p.Leu172His,0.539,24.8,['Unknown%20significance'],119.83,0.62,0.0,0.6,0.6
MYO15A,17,18119315,NM_016239.4:c.515T>C,NP_057323.3:p.Leu172Pro,0.599,23.2,['Unknown%20significance'],119.83,0.62,0.0,0.7,0.7
MYO15A,17,18119317,NM_016239.4:c.517C>A,NP_057323.3:p.Pro173Thr,0.437,16.25,['Unknown%20significance'],149.06,0.94,0.0,0.2,0.2
MYO15A,17,18119317,NM_016239.4:c.517C>T,NP_057323.3:p.Pro173Ser,0.425,16.73,['Unknown%20significance'],149.06,0.94,0.0,0.2,0.2
MYO15A,17,18119318,NM_016239.4:c.518C>T,NP_057323.3:p.Pro173Leu,0.436,21.8,['Unknown%20significance'],149.06,0.94,0.0,0.1,0.1
MYO15A,17,18119322,NM_016239.4:c.522C>A,NP_057323.3:p.Phe174Leu,0.597,22.1,['Unknown%20significance'],161.05,0.7,0.0,0.3,0.3
MYO15A,17,18119323,NM_016239.4:c.523C>A,NP_057323.3:p.Pro175Thr,0.481,23.0,['Unknown%20significance'],43.87,0.27,0.0,0.4,0.4
MYO15A,17,18119324,NM_016239.4:c.524C>A,NP_057323.3:p.Pro175Gln,0.485,23.6,['Unknown%20significance'],43.87,0.27,0.0,0.3,0.3
MYO15A,17,18119324,NM_016239.4:c.524C>G,NP_057323.3:p.Pro175Arg,0.590,23.6,['Unknown%20significance'],43.87,0.27,0.0,-0.1,0.1
MYO15A,17,18119324,NM_016239.4:c.524C>T,NP_057323.3:p.Pro175Leu,0.522,23.8,['Unknown%20significance'],43.87,0.27,0.0,0.1,0.1
MYO15A,17,18119326,NM_016239.4:c.526T>A,NP_057323.3:p.Ser176Thr,0.276,17.27,['Unknown%20significance'],68.31,0.49,0.0,-0.0,0.0
MYO15A,17,18119326,NM_016239.4:c.526T>C,NP_057323.3:p.Ser176Pro,0.450,24.1,['Unknown%20significance'],68.31,0.49,0.0,-0.2,0.2
MYO15A,17,18119327,NM_016239.4:c.527C>G,NP_057323.3:p.Ser176Trp,0.551,24.2,['Unknown%20significance'],68.31,0.49,0.0,-0.3,0.3
MYO15A,17,18119327,NM_016239.4:c.527C>T,NP_057323.3:p.Ser176Leu,0.409,23.7,['Unknown%20significance'],68.31,0.49,0.0,-0.1,0.1
MYO15A,17,18119330,NM_016239.4:c.530G>T,NP_057323.3:p.Gly177Val,0.447,24.0,['Unknown%20significance'],48.02,0.5,0.0,-0.2,0.2
MYO15A,17,18119335,NM_016239.4:c.535G>A,NP_057323.3:p.Glu179Lys,0.401,24.7,['Unknown%20significance'],67.87,0.34,0.0,0.3,0.3
MYO15A,17,18119337,NM_016239.4:c.537G>C,NP_057323.3:p.Glu179Asp,0.160,17.45,['Likely%20benign'],67.87,0.34,0.0,0.3,0.3
MYO15A,17,18119338,NM_016239.4:c.538A>C,NP_057323.3:p.Ile180Leu,0.366,21.0,['Unknown%20significance'],104.13,0.53,0.0,0.4,0.4
MYO15A,17,18119338,NM_016239.4:c.538A>G,NP_057323.3:p.Ile180Val,0.279,18.43,['Unknown%20significance'],104.13,0.53,0.0,0.3,0.3
MYO15A,17,18119339,NM_016239.4:c.539T>A,NP_057323.3:p.Ile180Asn,0.460,25.3,['Unknown%20significance'],104.13,0.53,0.0,1.3,1.3
MYO15A,17,18119344,NM_016239.4:c.544C>T,NP_057323.3:p.Arg182Trp,0.630,25.4,['Unknown%20significance'],159.54,0.59,0.0,-0.2,0.2
MYO15A,17,18119345,NM_016239.4:c.545G>A,NP_057323.3:p.Arg182Gln,0.283,22.6,['Unknown%20significance'],159.54,0.59,0.0,0.2,0.2
MYO15A,17,18119345,NM_016239.4:c.545G>C,NP_057323.3:p.Arg182Pro,0.708,24.1,['Unknown%20significance'],159.54,0.59,0.0,0.5,0.5
MYO15A,17,18119345,NM_016239.4:c.545G>T,NP_057323.3:p.Arg182Leu,0.432,22.7,['Unknown%20significance'],159.54,0.59,0.0,-0.0,0.0
MYO15A,17,18119347,NM_016239.4:c.547C>T,NP_057323.3:p.Pro183Ser,0.225,16.19,['Likely%20benign'],160.33,1.0,0.0,0.0,0.0
MYO15A,17,18119348,NM_016239.4:c.548C>A,NP_057323.3:p.Pro183His,0.175,0.030,['Likely%20benign'],160.33,1.0,0.0,-0.1,0.1
MYO15A,17,18119350,NM_016239.4:c.550G>C,NP_057323.3:p.Gly184Arg,0.242,15.88,['Unknown%20significance'],68.42,0.71,0.0,-0.2,0.2
MYO15A,17,18119350,NM_016239.4:c.550G>T,NP_057323.3:p.Gly184Trp,0.294,24.3,['Unknown%20significance'],68.42,0.71,0.0,-0.3,0.3
MYO15A,17,18119351,NM_016239.4:c.551G>A,NP_057323.3:p.Gly184Glu,0.111,12.95,['Likely%20benign'],68.42,0.71,0.0,-0.1,0.1
MYO15A,17,18119354,NM_016239.4:c.554G>A,NP_057323.3:p.Gly185Asp,0.447,24.2,['Pathogenic'],29.27,0.3,0.0,0.1,0.1
MYO15A,17,18119354,NM_016239.4:c.554G>C,NP_057323.3:p.Gly185Ala,0.268,17.48,['Unknown%20significance'],29.27,0.3,0.0,-0.3,0.3
MYO15A,17,18119354,NM_016239.4:c.554G>T,NP_057323.3:p.Gly185Val,0.464,24.1,['Unknown%20significance'],29.27,0.3,0.0,-0.3,0.3
MYO15A,17,18119356,NM_016239.4:c.556C>G,NP_057323.3:p.Arg186Gly,0.343,19.18,['Unknown%20significance'],221.99,0.82,0.0,0.2,0.2
MYO15A,17,18119356,NM_016239.4:c.556C>T,NP_057323.3:p.Arg186Trp,0.357,23.5,['Unknown%20significance'],221.99,0.82,0.0,-0.1,0.1
MYO15A,17,18119357,NM_016239.4:c.557G>A,NP_057323.3:p.Arg186Gln,0.280,14.35,['Unknown%20significance'],221.99,0.82,0.0,0.1,0.1
MYO15A,17,18119359,NM_016239.4:c.559C>T,NP_057323.3:p.Leu187Phe,0.198,17.86,['Unknown%20significance'],71.87,0.37,0.0,0.2,0.2
MYO15A,17,18119360,NM_016239.4:c.560T>G,NP_057323.3:p.Leu187Arg,0.519,22.5,['Unknown%20significance'],71.87,0.37,0.0,0.6,0.6
MYO15A,17,18119362,NM_016239.4:c.562C>T,NP_057323.3:p.Arg188Trp,0.416,24.2,['Unknown%20significance'],216.55,0.8,0.0,-0.0,0.0
MYO15A,17,18119363,NM_016239.4:c.563G>A,NP_057323.3:p.Arg188Gln,0.230,17.16,['Likely%20benign'],216.55,0.8,0.0,0.1,0.1
MYO15A,17,18119363,NM_016239.4:c.563G>C,NP_057323.3:p.Arg188Pro,0.423,23.4,['Unknown%20significance'],216.55,0.8,0.0,0.2,0.2
MYO15A,17,18119363,NM_016239.4:c.563G>T,NP_057323.3:p.Arg188Leu,0.330,23.0,['Unknown%20significance'],216.55,0.8,0.0,-0.0,0.0
MYO15A,17,18119365,NM_016239.4:c.565A>G,NP_057323.3:p.Arg189Gly,0.487,22.3,['Unknown%20significance'],269.67,1.0,0.0,0.1,0.1
MYO15A,17,18119366,NM_016239.4:c.566G>A,NP_057323.3:p.Arg189Lys,0.317,23.1,['Unknown%20significance'],269.67,1.0,0.0,0.1,0.1
MYO15A,17,18119366,NM_016239.4:c.566G>T,NP_057323.3:p.Arg189Met,0.429,25.4,['Unknown%20significance'],269.67,1.0,0.0,-0.0,0.0
MYO15A,17,18119367,NM_016239.4:c.567G>T,NP_057323.3:p.Arg189Ser,0.550,23.1,['Unknown%20significance'],269.67,1.0,0.0,0.1,0.1
MYO15A,17,18119368,NM_016239.4:c.568T>G,NP_057323.3:p.Phe190Val,0.521,23.3,['Unknown%20significance'],145.6,0.63,0.0,0.6,0.6
MYO15A,17,18119370,NM_016239.4:c.570C>A,NP_057323.3:p.Phe190Leu,0.346,20.6,['Unknown%20significance'],145.6,0.63,0.0,0.5,0.5
MYO15A,17,18119370,NM_016239.4:c.570C>G,NP_057323.3:p.Phe190Leu,0.341,20.8,['Unknown%20significance'],145.6,0.63,0.0,0.5,0.5
MYO15A,17,18119371,NM_016239.4:c.571C>T,NP_057323.3:p.Pro191Ser,0.431,23.0,['Unknown%20significance'],120.32,0.76,0.0,0.3,0.3
MYO15A,17,18119372,NM_016239.4:c.572C>T,NP_057323.3:p.Pro191Leu,0.491,24.5,['Unknown%20significance'],120.32,0.76,0.0,-0.4,0.4
MYO15A,17,18119374,NM_016239.4:c.574C>G,NP_057323.3:p.Arg192Gly,0.477,19.13,['Likely%20benign'],137.75,0.51,0.0,0.4,0.4
MYO15A,17,18119374,NM_016239.4:c.574C>T,NP_057323.3:p.Arg192Cys,0.478,25.2,['Unknown%20significance'],137.75,0.51,0.0,0.4,0.4
MYO15A,17,18119375,NM_016239.4:c.575G>A,NP_057323.3:p.Arg192His,0.355,24.0,['Unknown%20significance'],137.75,0.51,0.0,0.1,0.1
MYO15A,17,18119375,NM_016239.4:c.575G>C,NP_057323.3:p.Arg192Pro,0.498,25.7,['Unknown%20significance'],137.75,0.51,0.0,0.4,0.4
MYO15A,17,18119375,NM_016239.4:c.575G>T,NP_057323.3:p.Arg192Leu,0.520,25.2,['Unknown%20significance'],137.75,0.51,0.0,-0.1,0.1
MYO15A,17,18119377,NM_016239.4:c.577A>G,NP_057323.3:p.Ser193Gly,0.173,17.21,['Likely%20benign'],65.09,0.47,0.0,0.2,0.2
MYO15A,17,18119378,NM_016239.4:c.578G>A,NP_057323.3:p.Ser193Asn,0.304,17.84,['Unknown%20significance'],65.09,0.47,0.0,0.0,0.0
MYO15A,17,18119378,NM_016239.4:c.578G>T,NP_057323.3:p.Ser193Ile,0.448,22.6,['Unknown%20significance'],65.09,0.47,0.0,-0.0,0.0
MYO15A,17,18119380,NM_016239.4:c.580C>G,NP_057323.3:p.Arg194Gly,0.249,18.53,['Likely%20benign'],184.97,0.68,0.0,0.7,0.7
MYO15A,17,18119380,NM_016239.4:c.580C>T,NP_057323.3:p.Arg194Cys,0.330,24.0,['Unknown%20significance'],184.97,0.68,0.0,0.6,0.6
MYO15A,17,18119381,NM_016239.4:c.581G>A,NP_057323.3:p.Arg194His,0.260,11.91,['Unknown%20significance'],184.97,0.68,0.0,0.1,0.1
MYO15A,17,18119381,NM_016239.4:c.581G>T,NP_057323.3:p.Arg194Leu,0.293,18.08,['Likely%20benign'],184.97,0.68,0.0,0.2,0.2
MYO15A,17,18119386,NM_016239.4:c.586A>G,NP_057323.3:p.Ile196Val,0.244,17.68,['Unknown%20significance'],196.19,1.0,0.0,0.1,0.1
MYO15A,17,18119386,NM_016239.4:c.586A>T,NP_057323.3:p.Ile196Phe,0.415,19.60,['Unknown%20significance'],196.19,1.0,0.0,0.0,0.0
MYO15A,17,18119390,NM_016239.4:c.590A>C,NP_057323.3:p.Tyr197Ser,0.594,20.5,['Unknown%20significance'],75.7,0.31,0.0,1.5,1.5
MYO15A,17,18119392,NM_016239.4:c.592G>A,NP_057323.3:p.Ala198Thr,0.223,15.50,['Unknown%20significance'],114.27,0.89,0.0,-0.0,0.0
MYO15A,17,18119392,NM_016239.4:c.592G>T,NP_057323.3:p.Ala198Ser,0.159,6.274,['Likely%20benign'],114.27,0.89,0.0,0.0,0.0
MYO15A,17,18119393,NM_016239.4:c.593C>G,NP_057323.3:p.Ala198Gly,0.128,5.409,['Likely%20benign'],114.27,0.89,0.0,0.1,0.1
MYO15A,17,18119393,NM_016239.4:c.593C>T,NP_057323.3:p.Ala198Val,0.233,14.47,['Unknown%20significance'],114.27,0.89,0.0,-0.0,0.0
MYO15A,17,18119396,NM_016239.4:c.596C>T,NP_057323.3:p.Ser199Leu,0.304,19.78,['Unknown%20significance'],68.44,0.49,0.0,0.0,0.0
MYO15A,17,18119399,NM_016239.4:c.599G>T,NP_057323.3:p.Gly200Val,0.393,24.0,['Unknown%20significance'],51.83,0.54,0.0,-0.0,0.0
MYO15A,17,18119401,NM_016239.4:c.601G>A,NP_057323.3:p.Glu201Lys,0.297,23.9,['Unknown%20significance'],118.25,0.6,0.0,0.2,0.2
MYO15A,17,18119403,NM_016239.4:c.603G>C,NP_057323.3:p.Glu201Asp,0.158,6.507,['Unknown%20significance'],118.25,0.6,0.0,0.1,0.1
MYO15A,17,18119403,NM_016239.4:c.603G>T,NP_057323.3:p.Glu201Asp,0.156,6.379,['Likely%20benign'],118.25,0.6,0.0,0.1,0.1
MYO15A,17,18119404,NM_016239.4:c.604C>T,NP_057323.3:p.Pro202Ser,0.134,7.947,['Likely%20benign'],97.01,0.61,0.0,0.0,0.0
MYO15A,17,18119405,NM_016239.4:c.605C>A,NP_057323.3:p.Pro202His,0.338,20.2,['Pathogenic'],97.01,0.61,0.0,-0.1,0.1
MYO15A,17,18119405,NM_016239.4:c.605C>T,NP_057323.3:p.Pro202Leu,0.362,19.75,['Unknown%20significance'],97.01,0.61,0.0,-0.0,0.0
MYO15A,17,18119407,NM_016239.4:c.607C>G,NP_057323.3:p.Leu203Val,0.142,6.050,['Likely%20benign'],84.04,0.43,0.0,-0.1,0.1
MYO15A,17,18119411,NM_016239.4:c.611G>A,NP_057323.3:p.Gly204Asp,0.486,24.9,['Unknown%20significance'],23.77,0.24,0.0,0.6,0.6
MYO15A,17,18119413,NM_016239.4:c.613T>C,NP_057323.3:p.Phe205Leu,0.362,22.6,['Pathogenic'],53.34,0.23,0.0,0.7,0.7
MYO15A,17,18119417,NM_016239.4:c.617T>C,NP_057323.3:p.Leu206Pro,0.425,23.3,['Unknown%20significance'],143.75,0.74,0.0,0.4,0.4
MYO15A,17,18119417,NM_016239.4:c.617T>G,NP_057323.3:p.Leu206Arg,0.418,23.2,['Unknown%20significance'],143.75,0.74,0.0,0.1,0.1
MYO15A,17,18119419,NM_016239.4:c.619C>A,NP_057323.3:p.Pro207Thr,0.509,23.4,['Unknown%20significance'],24.49,0.15,0.0,0.2,0.2
MYO15A,17,18119419,NM_016239.4:c.619C>T,NP_057323.3:p.Pro207Ser,0.437,23.4,['Unknown%20significance'],24.49,0.15,0.0,0.4,0.4
MYO15A,17,18119420,NM_016239.4:c.620C>T,NP_057323.3:p.Pro207Leu,0.522,22.5,['Unknown%20significance'],24.49,0.15,0.0,-0.2,0.2
MYO15A,17,18119424,NM_016239.4:c.624C>G,NP_057323.3:p.Phe208Leu,0.319,0.083,['Likely%20benign'],196.05,0.85,0.0,0.2,0.2
MYO15A,17,18119425,NM_016239.4:c.625G>A,NP_057323.3:p.Glu209Lys,0.390,23.2,['Likely%20benign'],100.46,0.51,0.0,-0.1,0.1
MYO15A,17,18119425,NM_016239.4:c.625G>C,NP_057323.3:p.Glu209Gln,0.292,16.84,['Likely%20benign'],100.46,0.51,0.0,-0.2,0.2
MYO15A,17,18119428,NM_016239.4:c.628G>A,NP_057323.3:p.Asp210Asn,0.260,20.4,['Unknown%20significance'],164.09,1.0,0.0,-0.0,0.0
MYO15A,17,18119430,NM_016239.4:c.630C>G,NP_057323.3:p.Asp210Glu,0.242,10.12,['Likely%20benign'],164.09,1.0,0.0,0.0,0.0
MYO15A,17,18119431,NM_016239.4:c.631G>A,NP_057323.3:p.Glu211Lys,0.392,23.8,['Unknown%20significance'],61.59,0.31,0.0,0.2,0.2
MYO15A,17,18119433,NM_016239.4:c.633G>C,NP_057323.3:p.Glu211Asp,0.307,18.58,['Unknown%20significance'],61.59,0.31,0.0,0.1,0.1
MYO15A,17,18119434,NM_016239.4:c.634G>A,NP_057323.3:p.Ala212Thr,0.383,22.8,['Unknown%20significance'],84.87,0.66,0.0,0.3,0.3
MYO15A,17,18119434,NM_016239.4:c.634G>T,NP_057323.3:p.Ala212Ser,0.354,19.11,['Unknown%20significance'],84.87,0.66,0.0,0.3,0.3
MYO15A,17,18119435,NM_016239.4:c.635C>T,NP_057323.3:p.Ala212Val,0.219,16.67,['Unknown%20significance'],84.87,0.66,0.0,0.1,0.1
MYO15A,17,18119438,NM_016239.4:c.638C>T,NP_057323.3:p.Pro213Leu,0.278,18.69,['Unknown%20significance'],58.86,0.37,0.0,-0.4,0.4
MYO15A,17,18119440,NM_016239.4:c.640T>C,NP_057323.3:p.Phe214Leu,0.275,19.88,['Unknown%20significance'],23.1,0.1,0.0,0.5,0.5
MYO15A,17,18119442,NM_016239.4:c.642C>A,NP_057323.3:p.Phe214Leu,0.220,14.83,['Likely%20benign'],23.1,0.1,0.0,0.5,0.5
MYO15A,17,18119443,NM_016239.4:c.643C>T,NP_057323.3:p.His215Tyr,0.174,16.07,['Likely%20benign'],105.21,0.51,0.0,-0.2,0.2
MYO15A,17,18119444,NM_016239.4:c.644A>G,NP_057323.3:p.His215Arg,0.153,5.811,['Likely%20benign'],105.21,0.51,0.0,-0.0,0.0
MYO15A,17,18119445,NM_016239.4:c.645T>A,NP_057323.3:p.His215Gln,0.196,11.60,['Likely%20benign'],105.21,0.51,0.0,0.2,0.2
MYO15A,17,18119446,NM_016239.4:c.646C>T,NP_057323.3:p.His216Tyr,0.275,14.16,['Likely%20benign'],18.13,0.08,0.0,-0.6,0.6
MYO15A,17,18119447,NM_016239.4:c.647A>T,NP_057323.3:p.His216Leu,0.156,12.22,['Unknown%20significance'],18.13,0.08,0.0,-0.3,0.3
MYO15A,17,18119448,NM_016239.4:c.648C>A,NP_057323.3:p.His216Gln,0.146,0.842,['Unknown%20significance'],18.13,0.08,0.0,0.4,0.4
MYO15A,17,18119450,NM_016239.4:c.650C>G,NP_057323.3:p.Ser217Trp,0.260,22.4,['Unknown%20significance'],63.47,0.46,0.0,-0.3,0.3
MYO15A,17,18119450,NM_016239.4:c.650C>T,NP_057323.3:p.Ser217Leu,0.116,17.73,['Likely%20benign'],63.47,0.46,0.0,-0.2,0.2
MYO15A,17,18119455,NM_016239.4:c.655T>G,NP_057323.3:p.Ser219Ala,0.317,19.95,['Unknown%20significance'],22.38,0.16,0.0,0.4,0.4
MYO15A,17,18119456,NM_016239.4:c.656C>G,NP_057323.3:p.Ser219Cys,0.337,22.9,['Unknown%20significance'],22.38,0.16,0.0,0.7,0.7
MYO15A,17,18119458,NM_016239.4:c.658C>G,NP_057323.3:p.Arg220Gly,0.441,20.7,['Unknown%20significance'],131.57,0.48,0.0,1.1,1.1
MYO15A,17,18119458,NM_016239.4:c.658C>T,NP_057323.3:p.Arg220Cys,0.307,22.4,['Unknown%20significance'],131.57,0.48,0.0,1.1,1.1
MYO15A,17,18119459,NM_016239.4:c.659G>A,NP_057323.3:p.Arg220His,0.338,24.2,['Unknown%20significance'],131.57,0.48,0.0,0.3,0.3
MYO15A,17,18119459,NM_016239.4:c.659G>C,NP_057323.3:p.Arg220Pro,0.511,22.8,['Unknown%20significance'],131.57,0.48,0.0,0.9,0.9
MYO15A,17,18119459,NM_016239.4:c.659G>T,NP_057323.3:p.Arg220Leu,0.399,23.9,['Unknown%20significance'],131.57,0.48,0.0,0.6,0.6
MYO15A,17,18119461,NM_016239.4:c.661A>G,NP_057323.3:p.Lys221Glu,0.119,15.68,['Unknown%20significance'],55.77,0.23,0.0,-0.2,0.2
MYO15A,17,18119465,NM_016239.4:c.665C>G,NP_057323.3:p.Ser222Trp,0.555,23.9,['Unknown%20significance'],15.48,0.11,0.0,-1.3,1.3
MYO15A,17,18119465,NM_016239.4:c.665C>T,NP_057323.3:p.Ser222Leu,0.517,23.6,['Unknown%20significance'],15.48,0.11,0.0,-1.6,1.6
MYO15A,17,18119471,NM_016239.4:c.671A>G,NP_057323.3:p.Tyr224Cys,0.504,23.4,['Pathogenic'],14.74,0.06,0.0,2.9,2.9
MYO15A,17,18119473,NM_016239.4:c.673G>A,NP_057323.3:p.Gly225Arg,0.632,24.8,['Unknown%20significance'],0.73,0.0,0.0,-0.4,0.4
MYO15A,17,18119473,NM_016239.4:c.673G>C,NP_057323.3:p.Gly225Arg,0.630,24.7,['Unknown%20significance'],0.73,0.0,0.0,-0.4,0.4
MYO15A,17,18119473,NM_016239.4:c.673G>T,NP_057323.3:p.Gly225Trp,0.619,25.5,['Unknown%20significance'],0.73,0.0,0.0,-1.3,1.3
MYO15A,17,18119474,NM_016239.4:c.674G>A,NP_057323.3:p.Gly225Glu,0.679,23.0,['Unknown%20significance'],0.73,0.0,0.0,0.7,0.7
MYO15A,17,18119477,NM_016239.4:c.677T>C,NP_057323.3:p.Leu226Pro,0.511,18.87,['Unknown%20significance'],14.63,0.07,0.0,1.5,1.5
MYO15A,17,18119479,NM_016239.4:c.679G>C,NP_057323.3:p.Glu227Gln,0.291,24.5,['Unknown%20significance'],39.93,0.2,0.0,-0.2,0.2
MYO15A,17,18119481,NM_016239.4:c.681G>C,NP_057323.3:p.Glu227Asp,0.300,21.7,['Unknown%20significance'],39.93,0.2,0.0,0.3,0.3
MYO15A,17,18119483,NM_016239.4:c.683G>A,NP_057323.3:p.Gly228Asp,0.425,23.2,['Unknown%20significance'],8.02,0.08,0.0,-0.2,0.2
MYO15A,17,18119489,NM_016239.4:c.689A>G,NP_057323.3:p.Gln230Arg,0.365,21.3,['Unknown%20significance'],45.53,0.23,0.0,-0.6,0.6
MYO15A,17,18119491,NM_016239.4:c.691G>A,NP_057323.3:p.Asp231Asn,0.365,24.4,['Unknown%20significance'],50.58,0.31,0.0,-0.2,0.2
MYO15A,17,18119491,NM_016239.4:c.691G>T,NP_057323.3:p.Asp231Tyr,0.617,26.2,['Unknown%20significance'],50.58,0.31,0.0,-1.3,1.3
MYO15A,17,18119497,NM_016239.4:c.697G>A,NP_057323.3:p.Gly233Ser,0.292,22.3,['Unknown%20significance'],4.26,0.04,0.0,0.1,0.1
MYO15A,17,18119498,NM_016239.4:c.698G>A,NP_057323.3:p.Gly233Asp,0.421,23.5,['Unknown%20significance'],4.26,0.04,0.0,0.5,0.5
MYO15A,17,18119500,NM_016239.4:c.700G>A,NP_057323.3:p.Glu234Lys,0.456,25.6,['Unknown%20significance'],77.95,0.39,0.0,0.1,0.1
MYO15A,17,18119500,NM_016239.4:c.700G>C,NP_057323.3:p.Glu234Gln,0.346,24.6,['Unknown%20significance'],77.95,0.39,0.0,-0.2,0.2
MYO15A,17,18119502,NM_016239.4:c.702G>T,NP_057323.3:p.Glu234Asp,0.386,18.78,['Likely%20benign'],77.95,0.39,0.0,0.1,0.1
MYO15A,17,18119503,NM_016239.4:c.703T>C,NP_057323.3:p.Tyr235His,0.449,22.7,['Unknown%20significance'],0.0,0.0,0.0,1.6,1.6
MYO15A,17,18119506,NM_016239.4:c.706T>A,NP_057323.3:p.Tyr236Asn,0.423,23.3,['Unknown%20significance'],0.0,0.0,0.0,2.6,2.6
MYO15A,17,18119507,NM_016239.4:c.707A>G,NP_057323.3:p.Tyr236Cys,0.467,23.7,['Likely%20pathogenic'],0.0,0.0,0.0,2.9,2.9
MYO15A,17,18119509,NM_016239.4:c.709G>A,NP_057323.3:p.Asp237Asn,0.397,23.3,['Unknown%20significance'],44.8,0.28,0.0,-0.1,0.1
MYO15A,17,18119509,NM_016239.4:c.709G>T,NP_057323.3:p.Asp237Tyr,0.668,24.7,['Unknown%20significance'],44.8,0.28,0.0,-0.8,0.8
MYO15A,17,18119510,NM_016239.4:c.710A>T,NP_057323.3:p.Asp237Val,0.577,22.7,['Unknown%20significance'],44.8,0.28,0.0,-0.2,0.2
MYO15A,17,18119512,NM_016239.4:c.712T>G,NP_057323.3:p.Tyr238Asp,0.451,22.8,['Unknown%20significance'],138.02,0.57,0.0,1.6,1.6
MYO15A,17,18119516,NM_016239.4:c.716A>C,NP_057323.3:p.His239Pro,0.242,11.99,['Likely%20benign'],0.62,0.0,0.0,0.3,0.3
MYO15A,17,18119516,NM_016239.4:c.716A>G,NP_057323.3:p.His239Arg,0.240,9.824,['Likely%20benign'],0.62,0.0,0.0,0.0,0.0
MYO15A,17,18119518,NM_016239.4:c.718C>T,NP_057323.3:p.Arg240Cys,0.416,23.4,['Unknown%20significance'],106.94,0.39,0.0,1.3,1.3
MYO15A,17,18119519,NM_016239.4:c.719G>A,NP_057323.3:p.Arg240His,0.283,23.6,['Unknown%20significance'],106.94,0.39,0.0,0.3,0.3
MYO15A,17,18119519,NM_016239.4:c.719G>T,NP_057323.3:p.Arg240Leu,0.318,21.7,['Unknown%20significance'],106.94,0.39,0.0,0.7,0.7
MYO15A,17,18119521,NM_016239.4:c.721G>A,NP_057323.3:p.Asp241Asn,0.338,22.7,['Likely%20benign'],104.79,0.65,0.0,-0.0,0.0
MYO15A,17,18119521,NM_016239.4:c.721G>C,NP_057323.3:p.Asp241His,0.290,22.7,['Unknown%20significance'],104.79,0.65,0.0,-0.2,0.2
MYO15A,17,18119521,NM_016239.4:c.721G>T,NP_057323.3:p.Asp241Tyr,0.318,22.8,['Unknown%20significance'],104.79,0.65,0.0,-0.4,0.4
MYO15A,17,18119524,NM_016239.4:c.724G>A,NP_057323.3:p.Gly242Ser,0.352,22.9,['Unknown%20significance'],14.64,0.15,0.0,-0.1,0.1
MYO15A,17,18119524,NM_016239.4:c.724G>C,NP_057323.3:p.Gly242Arg,0.307,21.4,['Unknown%20significance'],14.64,0.15,0.0,-0.7,0.7
MYO15A,17,18119524,NM_016239.4:c.724G>T,NP_057323.3:p.Gly242Cys,0.473,23.5,['Unknown%20significance'],14.64,0.15,0.0,0.5,0.5
MYO15A,17,18119525,NM_016239.4:c.725G>A,NP_057323.3:p.Gly242Asp,0.414,22.3,['Unknown%20significance'],14.64,0.15,0.0,0.1,0.1
MYO15A,17,18119527,NM_016239.4:c.727G>A,NP_057323.3:p.Asp243Asn,0.305,23.8,['Unknown%20significance'],72.13,0.45,0.0,-0.1,0.1
MYO15A,17,18119527,NM_016239.4:c.727G>T,NP_057323.3:p.Asp243Tyr,0.392,22.4,['Unknown%20significance'],72.13,0.45,0.0,-0.6,0.6
MYO15A,17,18119530,NM_016239.4:c.730G>A,NP_057323.3:p.Asp244Asn,0.246,22.8,['Unknown%20significance'],25.64,0.16,0.0,0.2,0.2
MYO15A,17,18119530,NM_016239.4:c.730G>T,NP_057323.3:p.Asp244Tyr,0.372,24.3,['Unknown%20significance'],25.64,0.16,0.0,-0.5,0.5
MYO15A,17,18119534,NM_016239.4:c.734A>C,NP_057323.3:p.Tyr245Ser,0.367,15.38,['Unknown%20significance'],22.19,0.09,0.0,3.2,3.2
MYO15A,17,18119534,NM_016239.4:c.734A>G,NP_057323.3:p.Tyr245Cys,0.293,15.92,['Unknown%20significance'],22.19,0.09,0.0,3.0,3.0
MYO15A,17,18119536,NM_016239.4:c.736T>C,NP_057323.3:p.Tyr246His,0.467,22.6,['Unknown%20significance'],4.46,0.01,0.0,1.5,1.5
MYO15A,17,18119537,NM_016239.4:c.737A>G,NP_057323.3:p.Tyr246Cys,0.499,22.7,['Unknown%20significance'],4.46,0.01,0.0,3.2,3.2
MYO15A,17,18119539,NM_016239.4:c.739G>A,NP_057323.3:p.Asp247Asn,0.322,23.2,['Unknown%20significance'],0.0,0.0,0.0,0.3,0.3
MYO15A,17,18119541,NM_016239.4:c.741C>A,NP_057323.3:p.Asp247Glu,0.350,19.28,['Unknown%20significance'],0.0,0.0,0.0,0.2,0.2
MYO15A,17,18119542,NM_016239.4:c.742C>G,NP_057323.3:p.Arg248Gly,0.335,10.24,['Pathogenic'],85.1,0.31,0.0,1.4,1.4
MYO15A,17,18119542,NM_016239.4:c.742C>T,NP_057323.3:p.Arg248Trp,0.327,21.6,['Unknown%20significance'],85.1,0.31,0.0,0.1,0.1
MYO15A,17,18119543,NM_016239.4:c.743G>A,NP_057323.3:p.Arg248Gln,0.173,3.313,['Likely%20benign'],85.1,0.31,0.0,0.5,0.5
MYO15A,17,18119543,NM_016239.4:c.743G>C,NP_057323.3:p.Arg248Pro,0.287,8.673,['Unknown%20significance'],85.1,0.31,0.0,0.9,0.9
MYO15A,17,18119543,NM_016239.4:c.743G>T,NP_057323.3:p.Arg248Leu,0.206,8.804,['Likely%20benign'],85.1,0.31,0.0,0.7,0.7
MYO15A,17,18119545,NM_016239.4:c.745C>A,NP_057323.3:p.Gln249Lys,0.233,18.77,['Unknown%20significance'],15.29,0.07,0.0,0.6,0.6
MYO15A,17,18119546,NM_016239.4:c.746A>G,NP_057323.3:p.Gln249Arg,0.155,8.859,['Likely%20benign'],15.29,0.07,0.0,-0.4,0.4
MYO15A,17,18119547,NM_016239.4:c.747G>T,NP_057323.3:p.Gln249His,0.186,14.30,['Unknown%20significance'],15.29,0.07,0.0,-0.3,0.3
MYO15A,17,18119548,NM_016239.4:c.748T>C,NP_057323.3:p.Ser250Pro,0.476,23.2,['Unknown%20significance'],19.63,0.14,0.0,0.1,0.1
MYO15A,17,18119549,NM_016239.4:c.749C>T,NP_057323.3:p.Ser250Leu,0.317,22.8,['Unknown%20significance'],19.63,0.14,0.0,-0.3,0.3
MYO15A,17,18119551,NM_016239.4:c.751C>A,NP_057323.3:p.Leu251Ile,0.246,21.6,['Likely%20benign'],12.31,0.06,0.0,0.5,0.5
MYO15A,17,18119551,NM_016239.4:c.751C>T,NP_057323.3:p.Leu251Phe,0.255,22.1,['Unknown%20significance'],12.31,0.06,0.0,0.3,0.3
MYO15A,17,18119554,NM_016239.4:c.754C>G,NP_057323.3:p.His252Asp,0.245,6.925,['Unknown%20significance'],99.46,0.48,0.0,1.0,1.0
MYO15A,17,18119557,NM_016239.4:c.757C>A,NP_057323.3:p.Arg253Ser,0.171,11.68,['Likely%20benign'],94.52,0.35,0.0,1.0,1.0
MYO15A,17,18119557,NM_016239.4:c.757C>T,NP_057323.3:p.Arg253Cys,0.267,20.4,['Unknown%20significance'],94.52,0.35,0.0,1.2,1.2
MYO15A,17,18119558,NM_016239.4:c.758G>A,NP_057323.3:p.Arg253His,0.211,9.635,['Likely%20benign'],94.52,0.35,0.0,0.1,0.1
MYO15A,17,18119558,NM_016239.4:c.758G>T,NP_057323.3:p.Arg253Leu,0.163,9.862,['Likely%20benign'],94.52,0.35,0.0,0.7,0.7
MYO15A,17,18119560,NM_016239.4:c.760T>C,NP_057323.3:p.Tyr254His,0.177,21.9,['Unknown%20significance'],7.17,0.02,0.0,1.5,1.5
MYO15A,17,18119563,NM_016239.4:c.763G>A,NP_057323.3:p.Glu255Lys,0.282,19.25,['Likely%20benign'],40.45,0.2,0.0,-0.2,0.2
MYO15A,17,18119563,NM_016239.4:c.763G>C,NP_057323.3:p.Glu255Gln,0.174,21.6,['Unknown%20significance'],40.45,0.2,0.0,-0.3,0.3
MYO15A,17,18119566,NM_016239.4:c.766G>A,NP_057323.3:p.Glu256Lys,0.276,23.3,['Unknown%20significance'],108.65,0.55,0.0,-0.2,0.2
MYO15A,17,18119568,NM_016239.4:c.768G>C,NP_057323.3:p.Glu256Asp,0.088,16.96,['Unknown%20significance'],108.65,0.55,0.0,0.0,0.0
MYO15A,17,18119568,NM_016239.4:c.768G>T,NP_057323.3:p.Glu256Asp,0.088,16.88,['Unknown%20significance'],108.65,0.55,0.0,0.0,0.0
MYO15A,17,18119569,NM_016239.4:c.769C>G,NP_057323.3:p.Gln257Glu,0.238,13.56,['Likely%20benign'],66.36,0.33,0.0,0.4,0.4
MYO15A,17,18119570,NM_016239.4:c.770A>G,NP_057323.3:p.Gln257Arg,0.090,14.05,['Unknown%20significance'],66.36,0.33,0.0,-0.6,0.6
MYO15A,17,18119570,NM_016239.4:c.770A>T,NP_057323.3:p.Gln257Leu,0.222,19.02,['Unknown%20significance'],66.36,0.33,0.0,0.4,0.4
MYO15A,17,18119572,NM_016239.4:c.772G>A,NP_057323.3:p.Glu258Lys,0.210,23.5,['Unknown%20significance'],77.29,0.39,0.0,-0.2,0.2
MYO15A,17,18119572,NM_016239.4:c.772G>C,NP_057323.3:p.Glu258Gln,0.246,23.0,['Unknown%20significance'],77.29,0.39,0.0,-0.3,0.3
MYO15A,17,18119573,NM_016239.4:c.773A>C,NP_057323.3:p.Glu258Ala,0.144,21.5,['Unknown%20significance'],77.29,0.39,0.0,0.2,0.2
MYO15A,17,18119575,NM_016239.4:c.775C>A,NP_057323.3:p.Pro259Thr,0.392,18.24,['Unknown%20significance'],95.48,0.6,0.0,0.1,0.1
MYO15A,17,18119575,NM_016239.4:c.775C>G,NP_057323.3:p.Pro259Ala,0.350,13.96,['Likely%20benign'],95.48,0.6,0.0,0.3,0.3
MYO15A,17,18119576,NM_016239.4:c.776C>A,NP_057323.3:p.Pro259His,0.396,20.6,['Unknown%20significance'],95.48,0.6,0.0,-0.2,0.2
MYO15A,17,18119576,NM_016239.4:c.776C>T,NP_057323.3:p.Pro259Leu,0.405,21.4,['Unknown%20significance'],95.48,0.6,0.0,0.1,0.1
MYO15A,17,18119578,NM_016239.4:c.778T>C,NP_057323.3:p.Tyr260His,0.109,18.41,['Likely%20benign'],158.15,0.65,0.0,0.6,0.6
MYO15A,17,18119579,NM_016239.4:c.779A>C,NP_057323.3:p.Tyr260Ser,0.332,16.74,['Unknown%20significance'],158.15,0.65,0.0,1.1,1.1
MYO15A,17,18119582,NM_016239.4:c.782T>C,NP_057323.3:p.Leu261Pro,0.479,13.83,['Likely%20benign'],4.56,0.02,0.0,1.3,1.3
MYO15A,17,18119585,NM_016239.4:c.785C>A,NP_057323.3:p.Ala262Glu,0.124,6.658,['Likely%20benign'],66.18,0.52,0.0,0.4,0.4
MYO15A,17,18119585,NM_016239.4:c.785C>G,NP_057323.3:p.Ala262Gly,0.111,7.597,['Likely%20benign'],66.18,0.52,0.0,0.5,0.5
MYO15A,17,18119585,NM_016239.4:c.785C>T,NP_057323.3:p.Ala262Val,0.135,9.129,['Likely%20benign'],66.18,0.52,0.0,-0.3,0.3
MYO15A,17,18119588,NM_016239.4:c.788G>A,NP_057323.3:p.Gly263Asp,0.160,1.073,['Likely%20benign'],12.64,0.13,0.0,-0.3,0.3
MYO15A,17,18119590,NM_016239.4:c.790C>A,NP_057323.3:p.Leu264Ile,0.124,0.939,['Unknown%20significance'],64.2,0.33,0.0,0.2,0.2
MYO15A,17,18119590,NM_016239.4:c.790C>G,NP_057323.3:p.Leu264Val,0.111,0.631,['Likely%20benign'],64.2,0.33,0.0,0.3,0.3
MYO15A,17,18119590,NM_016239.4:c.790C>T,NP_057323.3:p.Leu264Phe,0.160,1.062,['Likely%20benign'],64.2,0.33,0.0,-0.3,0.3
MYO15A,17,18119593,NM_016239.4:c.793G>A,NP_057323.3:p.Gly265Ser,0.099,13.74,['Likely%20benign'],36.27,0.38,0.0,0.1,0.1
MYO15A,17,18119593,NM_016239.4:c.793G>C,NP_057323.3:p.Gly265Arg,0.162,14.13,['Unknown%20significance'],36.27,0.38,0.0,-0.3,0.3
MYO15A,17,18119594,NM_016239.4:c.794G>A,NP_057323.3:p.Gly265Asp,0.104,6.811,['Likely%20benign'],36.27,0.38,0.0,0.1,0.1
MYO15A,17,18119594,NM_016239.4:c.794G>T,NP_057323.3:p.Gly265Val,0.177,13.01,['Unknown%20significance'],36.27,0.38,0.0,-0.1,0.1
MYO15A,17,18119596,NM_016239.4:c.796C>A,NP_057323.3:p.Pro266Thr,0.091,3.268,['Likely%20benign'],29.74,0.18,0.0,0.5,0.5
MYO15A,17,18119596,NM_016239.4:c.796C>T,NP_057323.3:p.Pro266Ser,0.114,3.496,['Likely%20benign'],29.74,0.18,0.0,0.7,0.7
MYO15A,17,18119597,NM_016239.4:c.797C>G,NP_057323.3:p.Pro266Arg,0.125,9.397,['Unknown%20significance'],29.74,0.18,0.0,-0.1,0.1
MYO15A,17,18119599,NM_016239.4:c.799T>C,NP_057323.3:p.Tyr267His,0.074,13.76,['Likely%20benign'],81.7,0.34,0.0,1.1,1.1
MYO15A,17,18119602,NM_016239.4:c.802A>T,NP_057323.3:p.Ser268Cys,0.330,2.587,['Likely%20benign'],70.02,0.5,0.0,0.3,0.3
MYO15A,17,18119603,NM_016239.4:c.803G>A,NP_057323.3:p.Ser268Asn,0.123,7.713,['Likely%20benign'],70.02,0.5,0.0,-0.1,0.1
MYO15A,17,18119603,NM_016239.4:c.803G>T,NP_057323.3:p.Ser268Ile,0.115,10.76,['Unknown%20significance'],70.02,0.5,0.0,-0.0,0.0
MYO15A,17,18119604,NM_016239.4:c.804C>A,NP_057323.3:p.Ser268Arg,0.202,8.342,['Likely%20benign'],70.02,0.5,0.0,-0.5,0.5
MYO15A,17,18119605,NM_016239.4:c.805C>A,NP_057323.3:p.Pro269Thr,0.121,12.92,['Unknown%20significance'],7.7,0.04,0.0,0.2,0.2
MYO15A,17,18119606,NM_016239.4:c.806C>G,NP_057323.3:p.Pro269Arg,0.093,10.63,['Unknown%20significance'],7.7,0.04,0.0,-0.6,0.6
MYO15A,17,18119606,NM_016239.4:c.806C>T,NP_057323.3:p.Pro269Leu,0.106,11.32,['Unknown%20significance'],7.7,0.04,0.0,-0.2,0.2
MYO15A,17,18119608,NM_016239.4:c.808G>A,NP_057323.3:p.Ala270Thr,0.301,16.43,['Unknown%20significance'],35.81,0.28,0.0,-0.0,0.0
MYO15A,17,18119608,NM_016239.4:c.808G>T,NP_057323.3:p.Ala270Ser,0.273,15.17,['Unknown%20significance'],35.81,0.28,0.0,0.1,0.1
MYO15A,17,18119609,NM_016239.4:c.809C>G,NP_057323.3:p.Ala270Gly,0.159,15.76,['Likely%20benign'],35.81,0.28,0.0,0.6,0.6
MYO15A,17,18119609,NM_016239.4:c.809C>T,NP_057323.3:p.Ala270Val,0.210,15.64,['Likely%20benign'],35.81,0.28,0.0,0.0,0.0
MYO15A,17,18119612,NM_016239.4:c.812G>T,NP_057323.3:p.Trp271Leu,0.424,23.2,['Unknown%20significance'],118.01,0.44,0.0,1.1,1.1
MYO15A,17,18119613,NM_016239.4:c.813G>T,NP_057323.3:p.Trp271Cys,0.458,25.4,['Unknown%20significance'],118.01,0.44,0.0,1.5,1.5
MYO15A,17,18119614,NM_016239.4:c.814C>G,NP_057323.3:p.Pro272Ala,0.329,19.69,['Unknown%20significance'],70.14,0.44,0.0,0.2,0.2
MYO15A,17,18119614,NM_016239.4:c.814C>T,NP_057323.3:p.Pro272Ser,0.258,18.31,['Likely%20benign'],70.14,0.44,0.0,0.2,0.2
MYO15A,17,18119617,NM_016239.4:c.817C>A,NP_057323.3:p.Pro273Thr,0.350,12.45,['Likely%20benign'],56.91,0.36,0.0,0.1,0.1
MYO15A,17,18119617,NM_016239.4:c.817C>T,NP_057323.3:p.Pro273Ser,0.240,12.64,['Likely%20benign'],56.91,0.36,0.0,0.2,0.2
MYO15A,17,18119618,NM_016239.4:c.818C>A,NP_057323.3:p.Pro273His,0.365,16.65,['Likely%20benign'],56.91,0.36,0.0,-0.3,0.3
MYO15A,17,18119620,NM_016239.4:c.820T>C,NP_057323.3:p.Tyr274His,0.150,8.287,['Likely%20benign'],170.06,0.7,0.0,0.4,0.4
MYO15A,17,18119620,NM_016239.4:c.820T>G,NP_057323.3:p.Tyr274Asp,0.254,13.80,['Unknown%20significance'],170.06,0.7,0.0,0.9,0.9
MYO15A,17,18119623,NM_016239.4:c.823G>A,NP_057323.3:p.Gly275Ser,0.124,0.823,['Unknown%20significance'],24.36,0.25,0.0,-0.3,0.3
MYO15A,17,18119623,NM_016239.4:c.823G>C,NP_057323.3:p.Gly275Arg,0.185,6.488,['Unknown%20significance'],24.36,0.25,0.0,-1.2,1.2
MYO15A,17,18119623,NM_016239.4:c.823G>T,NP_057323.3:p.Gly275Cys,0.324,9.169,['Likely%20benign'],24.36,0.25,0.0,0.1,0.1
MYO15A,17,18119624,NM_016239.4:c.824G>A,NP_057323.3:p.Gly275Asp,0.179,10.17,['Likely%20benign'],24.36,0.25,0.0,-0.4,0.4
MYO15A,17,18119624,NM_016239.4:c.824G>T,NP_057323.3:p.Gly275Val,0.103,15.05,['Unknown%20significance'],24.36,0.25,0.0,-0.3,0.3
MYO15A,17,18119626,NM_016239.4:c.826G>T,NP_057323.3:p.Asp276Tyr,0.211,21.6,['Unknown%20significance'],104.96,0.65,0.0,-0.1,0.1
MYO15A,17,18119627,NM_016239.4:c.827A>G,NP_057323.3:p.Asp276Gly,0.201,13.89,['Likely%20benign'],104.96,0.65,0.0,0.4,0.4
MYO15A,17,18119627,NM_016239.4:c.827A>T,NP_057323.3:p.Asp276Val,0.497,17.63,['Unknown%20significance'],104.96,0.65,0.0,0.2,0.2
MYO15A,17,18119629,NM_016239.4:c.829C>T,NP_057323.3:p.His277Tyr,0.188,0.059,['Unknown%20significance'],156.15,0.76,0.0,-0.1,0.1
MYO15A,17,18119630,NM_016239.4:c.830A>G,NP_057323.3:p.His277Arg,0.087,0.740,['Likely%20benign'],156.15,0.76,0.0,0.1,0.1
MYO15A,17,18119631,NM_016239.4:c.831C>G,NP_057323.3:p.His277Gln,0.162,4.497,['Likely%20benign'],156.15,0.76,0.0,0.2,0.2
MYO15A,17,18119632,NM_016239.4:c.832T>C,NP_057323.3:p.Tyr278His,0.102,1.357,['Likely%20benign'],144.33,0.6,0.0,0.2,0.2
MYO15A,17,18119633,NM_016239.4:c.833A>G,NP_057323.3:p.Tyr278Cys,0.308,7.816,['Likely%20benign'],144.33,0.6,0.0,0.7,0.7
MYO15A,17,18119633,NM_016239.4:c.833A>T,NP_057323.3:p.Tyr278Phe,0.173,2.658,['Likely%20benign'],144.33,0.6,0.0,0.3,0.3
MYO15A,17,18119635,NM_016239.4:c.835T>C,NP_057323.3:p.Tyr279His,0.123,5.570,['Likely%20benign'],162.04,0.67,0.0,0.2,0.2
MYO15A,17,18119636,NM_016239.4:c.836A>G,NP_057323.3:p.Tyr279Cys,0.147,11.20,['Likely%20benign'],162.04,0.67,0.0,0.9,0.9
MYO15A,17,18119636,NM_016239.4:c.836A>T,NP_057323.3:p.Tyr279Phe,0.125,5.825,['Unknown%20significance'],162.04,0.67,0.0,0.3,0.3
MYO15A,17,18119638,NM_016239.4:c.838G>A,NP_057323.3:p.Gly280Arg,0.085,14.34,['Unknown%20significance'],36.1,0.37,0.0,-0.2,0.2
MYO15A,17,18119638,NM_016239.4:c.838G>C,NP_057323.3:p.Gly280Arg,0.084,14.05,['Unknown%20significance'],36.1,0.37,0.0,-0.2,0.2
MYO15A,17,18119638,NM_016239.4:c.838G>T,NP_057323.3:p.Gly280Trp,0.351,22.7,['Unknown%20significance'],36.1,0.37,0.0,-0.4,0.4
MYO15A,17,18119639,NM_016239.4:c.839G>T,NP_057323.3:p.Gly280Val,0.298,18.05,['Unknown%20significance'],36.1,0.37,0.0,0.1,0.1
MYO15A,17,18119644,NM_016239.4:c.844C>A,NP_057323.3:p.Pro282Thr,0.154,8.348,['Likely%20benign'],62.9,0.39,0.0,0.1,0.1
MYO15A,17,18119644,NM_016239.4:c.844C>T,NP_057323.3:p.Pro282Ser,0.118,8.310,['Likely%20benign'],62.9,0.39,0.0,0.3,0.3
MYO15A,17,18119645,NM_016239.4:c.845C>T,NP_057323.3:p.Pro282Leu,0.246,2.146,['Likely%20benign'],62.9,0.39,0.0,-0.1,0.1
MYO15A,17,18119647,NM_016239.4:c.847C>T,NP_057323.3:p.Pro283Ser,0.121,4.190,['Likely%20benign'],38.41,0.24,0.0,0.6,0.6
MYO15A,17,18119648,NM_016239.4:c.848C>A,NP_057323.3:p.Pro283His,0.191,10.56,['Unknown%20significance'],38.41,0.24,0.0,0.0,0.0
MYO15A,17,18119650,NM_016239.4:c.850G>A,NP_057323.3:p.Glu284Lys,0.131,17.60,['Unknown%20significance'],47.64,0.24,0.0,0.1,0.1
MYO15A,17,18119652,NM_016239.4:c.852G>T,NP_057323.3:p.Glu284Asp,0.172,7.876,['Likely%20benign'],47.64,0.24,0.0,0.2,0.2
MYO15A,17,18119653,NM_016239.4:c.853G>A,NP_057323.3:p.Asp285Asn,0.254,17.55,['Unknown%20significance'],49.68,0.31,0.0,-0.1,0.1
MYO15A,17,18119653,NM_016239.4:c.853G>T,NP_057323.3:p.Asp285Tyr,0.461,23.0,['Unknown%20significance'],49.68,0.31,0.0,-0.6,0.6
MYO15A,17,18119654,NM_016239.4:c.854A>C,NP_057323.3:p.Asp285Ala,0.318,20.3,['Unknown%20significance'],49.68,0.31,0.0,0.4,0.4
MYO15A,17,18119655,NM_016239.4:c.855T>G,NP_057323.3:p.Asp285Glu,0.197,4.228,['Likely%20benign'],49.68,0.31,0.0,0.1,0.1
MYO15A,17,18119656,NM_016239.4:c.856C>A,NP_057323.3:p.Pro286Thr,0.221,7.700,['Likely%20benign'],37.33,0.23,0.0,0.3,0.3
MYO15A,17,18119656,NM_016239.4:c.856C>T,NP_057323.3:p.Pro286Ser,0.186,8.358,['Likely%20benign'],37.33,0.23,0.0,0.5,0.5
MYO15A,17,18119657,NM_016239.4:c.857C>T,NP_057323.3:p.Pro286Leu,0.323,9.190,['Unknown%20significance'],37.33,0.23,0.0,0.2,0.2
MYO15A,17,18119662,NM_016239.4:c.862G>A,NP_057323.3:p.Asp288Asn,0.182,10.27,['Likely%20benign'],78.74,0.49,0.0,0.0,0.0
MYO15A,17,18119662,NM_016239.4:c.862G>T,NP_057323.3:p.Asp288Tyr,0.297,19.31,['Likely%20benign'],78.74,0.49,0.0,-0.3,0.3
MYO15A,17,18119664,NM_016239.4:c.864C>A,NP_057323.3:p.Asp288Glu,0.226,9.337,['Likely%20benign'],78.74,0.49,0.0,0.2,0.2
MYO15A,17,18119665,NM_016239.4:c.865T>G,NP_057323.3:p.Tyr289Asp,0.317,13.84,['Unknown%20significance'],24.12,0.1,0.0,2.5,2.5
MYO15A,17,18119666,NM_016239.4:c.866A>G,NP_057323.3:p.Tyr289Cys,0.294,17.97,['Unknown%20significance'],24.12,0.1,0.0,2.6,2.6
MYO15A,17,18119668,NM_016239.4:c.868T>C,NP_057323.3:p.Tyr290His,0.327,19.74,['Unknown%20significance'],62.12,0.25,0.0,0.9,0.9
MYO15A,17,18119669,NM_016239.4:c.869A>G,NP_057323.3:p.Tyr290Cys,0.304,20.4,['Unknown%20significance'],62.12,0.25,0.0,2.3,2.3
MYO15A,17,18119672,NM_016239.4:c.872A>C,NP_057323.3:p.His291Pro,0.196,1.178,['Likely%20benign'],101.13,0.49,0.0,0.7,0.7
MYO15A,17,18119672,NM_016239.4:c.872A>G,NP_057323.3:p.His291Arg,0.170,0.421,['Likely%20benign'],101.13,0.49,0.0,0.0,0.0
MYO15A,17,18119674,NM_016239.4:c.874C>G,NP_057323.3:p.Pro292Ala,0.178,3.574,['Likely%20benign'],58.26,0.37,0.0,0.2,0.2
MYO15A,17,18119674,NM_016239.4:c.874C>T,NP_057323.3:p.Pro292Ser,0.157,6.384,['Likely%20benign'],58.26,0.37,0.0,0.3,0.3
MYO15A,17,18119677,NM_016239.4:c.877G>A,NP_057323.3:p.Asp293Asn,0.198,18.92,['Unknown%20significance'],104.41,0.65,0.0,0.1,0.1
MYO15A,17,18119677,NM_016239.4:c.877G>T,NP_057323.3:p.Asp293Tyr,0.217,18.48,['Unknown%20significance'],104.41,0.65,0.0,0.0,0.0
MYO15A,17,18119678,NM_016239.4:c.878A>G,NP_057323.3:p.Asp293Gly,0.234,17.39,['Unknown%20significance'],104.41,0.65,0.0,0.6,0.6
MYO15A,17,18119679,NM_016239.4:c.879C>G,NP_057323.3:p.Asp293Glu,0.165,13.69,['Unknown%20significance'],104.41,0.65,0.0,0.2,0.2
MYO15A,17,18119681,NM_016239.4:c.881A>G,NP_057323.3:p.Tyr294Cys,0.352,20.8,['Unknown%20significance'],142.31,0.59,0.0,1.5,1.5
MYO15A,17,18119683,NM_016239.4:c.883T>A,NP_057323.3:p.Tyr295Asn,0.482,23.5,['Unknown%20significance'],93.33,0.38,0.0,2.1,2.1
MYO15A,17,18119683,NM_016239.4:c.883T>G,NP_057323.3:p.Tyr295Asp,0.532,22.3,['Unknown%20significance'],93.33,0.38,0.0,2.5,2.5
MYO15A,17,18119686,NM_016239.4:c.886G>A,NP_057323.3:p.Gly296Ser,0.192,6.277,['Likely%20benign'],64.71,0.67,0.0,0.1,0.1
MYO15A,17,18119686,NM_016239.4:c.886G>T,NP_057323.3:p.Gly296Cys,0.354,13.93,['Likely%20benign'],64.71,0.67,0.0,0.2,0.2
MYO15A,17,18119689,NM_016239.4:c.889G>A,NP_057323.3:p.Gly297Ser,0.117,8.413,['Likely%20benign'],39.96,0.41,0.0,-0.1,0.1
MYO15A,17,18119690,NM_016239.4:c.890G>A,NP_057323.3:p.Gly297Asp,0.272,4.645,['Likely%20benign'],39.96,0.41,0.0,-0.1,0.1
MYO15A,17,18119690,NM_016239.4:c.890G>T,NP_057323.3:p.Gly297Val,0.224,7.372,['Likely%20benign'],39.96,0.41,0.0,-0.2,0.2
MYO15A,17,18119692,NM_016239.4:c.892C>T,NP_057323.3:p.Pro298Ser,0.153,0.013,['Likely%20benign'],155.89,0.99,0.0,0.0,0.0
MYO15A,17,18119693,NM_016239.4:c.893C>A,NP_057323.3:p.Pro298His,0.103,10.71,['Likely%20benign'],155.89,0.99,0.0,-0.0,0.0
MYO15A,17,18119695,NM_016239.4:c.895T>C,NP_057323.3:p.Phe299Leu,0.161,8.580,['Likely%20benign'],56.76,0.24,0.0,0.6,0.6
MYO15A,17,18119698,NM_016239.4:c.898G>T,NP_057323.3:p.Asp300Tyr,0.208,0.048,['Likely%20benign'],33.92,0.21,0.0,-1.3,1.3
MYO15A,17,18119701,NM_016239.4:c.901C>A,NP_057323.3:p.Pro301Thr,0.148,13.71,['Unknown%20significance'],140.85,0.89,0.0,0.1,0.1
MYO15A,17,18119701,NM_016239.4:c.901C>G,NP_057323.3:p.Pro301Ala,0.136,7.883,['Unknown%20significance'],140.85,0.89,0.0,0.1,0.1
MYO15A,17,18119702,NM_016239.4:c.902C>T,NP_057323.3:p.Pro301Leu,0.187,14.81,['Unknown%20significance'],140.85,0.89,0.0,-0.0,0.0
MYO15A,17,18119704,NM_016239.4:c.904G>A,NP_057323.3:p.Gly302Arg,0.155,6.184,['Likely%20benign'],64.28,0.67,0.0,-0.5,0.5
MYO15A,17,18119704,NM_016239.4:c.904G>T,NP_057323.3:p.Gly302Trp,0.282,11.54,['Unknown%20significance'],64.28,0.67,0.0,-0.6,0.6
MYO15A,17,18119705,NM_016239.4:c.905G>A,NP_057323.3:p.Gly302Glu,0.121,3.036,['Likely%20benign'],64.28,0.67,0.0,-0.2,0.2
MYO15A,17,18119707,NM_016239.4:c.907T>A,NP_057323.3:p.Tyr303Asn,0.201,15.44,['Unknown%20significance'],97.46,0.4,0.0,0.9,0.9
MYO15A,17,18119707,NM_016239.4:c.907T>G,NP_057323.3:p.Tyr303Asp,0.161,15.39,['Unknown%20significance'],97.46,0.4,0.0,1.1,1.1
MYO15A,17,18119710,NM_016239.4:c.910A>C,NP_057323.3:p.Thr304Pro,0.234,5.738,['Likely%20benign'],142.19,0.9,0.0,0.0,0.0
MYO15A,17,18119710,NM_016239.4:c.910A>G,NP_057323.3:p.Thr304Ala,0.140,1.597,['Likely%20benign'],142.19,0.9,0.0,0.0,0.0
MYO15A,17,18119716,NM_016239.4:c.916G>A,NP_057323.3:p.Gly306Ser,0.169,0.149,['Likely%20benign'],96.15,1.0,0.0,-0.0,0.0
MYO15A,17,18119716,NM_016239.4:c.916G>C,NP_057323.3:p.Gly306Arg,0.161,0.321,['Unknown%20significance'],96.15,1.0,0.0,-0.1,0.1
MYO15A,17,18119716,NM_016239.4:c.916G>T,NP_057323.3:p.Gly306Cys,0.352,10.89,['Unknown%20significance'],96.15,1.0,0.0,0.0,0.0
MYO15A,17,18119717,NM_016239.4:c.917G>A,NP_057323.3:p.Gly306Asp,0.332,9.030,['Unknown%20significance'],96.15,1.0,0.0,-0.0,0.0
MYO15A,17,18119717,NM_016239.4:c.917G>T,NP_057323.3:p.Gly306Val,0.333,14.49,['Unknown%20significance'],96.15,1.0,0.0,-0.1,0.1
MYO15A,17,18119720,NM_016239.4:c.920A>G,NP_057323.3:p.Tyr307Cys,0.449,22.0,['Unknown%20significance'],150.05,0.62,0.0,1.3,1.3
MYO15A,17,18119722,NM_016239.4:c.922G>A,NP_057323.3:p.Gly308Ser,0.171,15.29,['Unknown%20significance'],70.15,0.73,0.0,0.3,0.3
MYO15A,17,18119723,NM_016239.4:c.923G>A,NP_057323.3:p.Gly308Asp,0.387,15.00,['Unknown%20significance'],70.15,0.73,0.0,0.3,0.3
MYO15A,17,18119725,NM_016239.4:c.925T>C,NP_057323.3:p.Tyr309His,0.451,23.4,['Unknown%20significance'],249.67,1.0,0.0,0.1,0.1
MYO15A,17,18119728,NM_016239.4:c.928G>A,NP_057323.3:p.Asp310Asn,0.194,14.77,['Likely%20benign'],140.38,0.87,0.0,-0.0,0.0
MYO15A,17,18119730,NM_016239.4:c.930C>A,NP_057323.3:p.Asp310Glu,0.299,0.002,['Likely%20benign'],140.38,0.87,0.0,0.1,0.1
MYO15A,17,18119731,NM_016239.4:c.931G>A,NP_057323.3:p.Asp311Asn,0.210,24.1,['Unknown%20significance'],130.39,0.81,0.0,0.0,0.0
MYO15A,17,18119731,NM_016239.4:c.931G>T,NP_057323.3:p.Asp311Tyr,0.400,22.9,['Unknown%20significance'],130.39,0.81,0.0,-0.1,0.1
MYO15A,17,18119732,NM_016239.4:c.932A>C,NP_057323.3:p.Asp311Ala,0.322,22.7,['Unknown%20significance'],130.39,0.81,0.0,0.2,0.2
MYO15A,17,18119737,NM_016239.4:c.937G>A,NP_057323.3:p.Glu313Lys,0.299,16.92,['Unknown%20significance'],164.94,0.84,0.0,-0.0,0.0
MYO15A,17,18119740,NM_016239.4:c.940C>G,NP_057323.3:p.Pro314Ala,0.354,22.2,['Unknown%20significance'],129.37,0.82,0.0,0.2,0.2
MYO15A,17,18119741,NM_016239.4:c.941C>A,NP_057323.3:p.Pro314His,0.403,22.9,['Unknown%20significance'],129.37,0.82,0.0,-0.0,0.0
MYO15A,17,18119743,NM_016239.4:c.943C>A,NP_057323.3:p.Pro315Thr,0.288,13.61,['Unknown%20significance'],123.63,0.78,0.0,0.2,0.2
MYO15A,17,18119743,NM_016239.4:c.943C>G,NP_057323.3:p.Pro315Ala,0.276,13.10,['Unknown%20significance'],123.63,0.78,0.0,0.3,0.3
MYO15A,17,18119744,NM_016239.4:c.944C>T,NP_057323.3:p.Pro315Leu,0.344,19.34,['Unknown%20significance'],123.63,0.78,0.0,0.2,0.2
MYO15A,17,18119749,NM_016239.4:c.949G>A,NP_057323.3:p.Ala317Thr,0.301,22.5,['Unknown%20significance'],75.13,0.59,0.0,0.1,0.1
MYO15A,17,18119749,NM_016239.4:c.949G>T,NP_057323.3:p.Ala317Ser,0.286,21.6,['Unknown%20significance'],75.13,0.59,0.0,0.2,0.2
MYO15A,17,18119750,NM_016239.4:c.950C>T,NP_057323.3:p.Ala317Val,0.314,23.2,['Unknown%20significance'],75.13,0.59,0.0,-0.1,0.1
MYO15A,17,18119752,NM_016239.4:c.952C>T,NP_057323.3:p.Pro318Ser,0.158,8.768,['Likely%20benign'],151.02,0.96,0.0,0.1,0.1
MYO15A,17,18119753,NM_016239.4:c.953C>A,NP_057323.3:p.Pro318His,0.330,22.3,['Unknown%20significance'],151.02,0.96,0.0,-0.0,0.0
MYO15A,17,18119756,NM_016239.4:c.956C>G,NP_057323.3:p.Pro319Arg,0.328,19.60,['Unknown%20significance'],118.13,0.75,0.0,0.3,0.3
MYO15A,17,18119756,NM_016239.4:c.956C>T,NP_057323.3:p.Pro319Leu,0.150,12.38,['Unknown%20significance'],118.13,0.75,0.0,0.2,0.2
MYO15A,17,18119759,NM_016239.4:c.959C>G,NP_057323.3:p.Ser320Trp,0.296,21.0,['Unknown%20significance'],107.92,0.78,0.0,-0.3,0.3
MYO15A,17,18119759,NM_016239.4:c.959C>T,NP_057323.3:p.Ser320Leu,0.150,11.84,['Likely%20benign'],107.92,0.78,0.0,-0.2,0.2
MYO15A,17,18119761,NM_016239.4:c.961G>A,NP_057323.3:p.Gly321Arg,0.182,19.54,['Unknown%20significance'],58.78,0.61,0.0,-0.2,0.2
MYO15A,17,18119761,NM_016239.4:c.961G>C,NP_057323.3:p.Gly321Arg,0.182,19.26,['Unknown%20significance'],58.78,0.61,0.0,-0.2,0.2
MYO15A,17,18119761,NM_016239.4:c.961G>T,NP_057323.3:p.Gly321Trp,0.336,24.6,['Unknown%20significance'],58.78,0.61,0.0,-0.6,0.6
MYO15A,17,18119762,NM_016239.4:c.962G>A,NP_057323.3:p.Gly321Glu,0.285,21.7,['Unknown%20significance'],58.78,0.61,0.0,0.1,0.1
MYO15A,17,18119762,NM_016239.4:c.962G>C,NP_057323.3:p.Gly321Ala,0.228,15.88,['Unknown%20significance'],58.78,0.61,0.0,-0.1,0.1
MYO15A,17,18119764,NM_016239.4:c.964T>C,NP_057323.3:p.Tyr322His,0.275,23.3,['Unknown%20significance'],247.99,1.0,0.0,0.1,0.1
MYO15A,17,18119764,NM_016239.4:c.964T>G,NP_057323.3:p.Tyr322Asp,0.290,22.0,['Unknown%20significance'],247.99,1.0,0.0,0.3,0.3
MYO15A,17,18119765,NM_016239.4:c.965A>G,NP_057323.3:p.Tyr322Cys,0.290,22.0,['Unknown%20significance'],247.99,1.0,0.0,0.3,0.3
MYO15A,17,18119768,NM_016239.4:c.968C>T,NP_057323.3:p.Ser323Leu,0.146,11.68,['Likely%20benign'],98.63,0.71,0.0,0.1,0.1
MYO15A,17,18119771,NM_016239.4:c.971C>T,NP_057323.3:p.Ser324Phe,0.251,23.2,['Unknown%20significance'],111.95,0.81,0.0,-0.1,0.1
MYO15A,17,18119780,NM_016239.4:c.980G>C,NP_057323.3:p.Ser327Thr,0.337,20.8,['Likely%20benign'],120.39,0.87,0.0,-0.1,0.1
MYO15A,17,18119788,NM_016239.4:c.988G>A,NP_057323.3:p.Asp330Asn,0.304,20.6,['Unknown%20significance'],119.42,0.74,0.0,0.1,0.1
MYO15A,17,18119797,NM_016239.4:c.997G>A,NP_057323.3:p.Glu333Lys,0.152,15.84,['Likely%20benign'],181.64,0.93,0.0,-0.0,0.0
MYO15A,17,18119797,NM_016239.4:c.997G>C,NP_057323.3:p.Glu333Gln,0.099,13.75,['Likely%20benign'],181.64,0.93,0.0,-0.1,0.1
MYO15A,17,18119798,NM_016239.4:c.998A>G,NP_057323.3:p.Glu333Gly,0.101,13.63,['Likely%20benign'],181.64,0.93,0.0,0.1,0.1
MYO15A,17,18119800,NM_016239.4:c.1000G>A,NP_057323.3:p.Gly334Ser,0.168,10.48,['Likely%20benign'],76.13,0.79,0.0,-0.0,0.0
MYO15A,17,18119801,NM_016239.4:c.1001G>A,NP_057323.3:p.Gly334Asp,0.467,6.671,['Unknown%20significance'],76.13,0.79,0.0,0.1,0.1
MYO15A,17,18119801,NM_016239.4:c.1001G>T,NP_057323.3:p.Gly334Val,0.311,12.37,['Unknown%20significance'],76.13,0.79,0.0,0.0,0.0
MYO15A,17,18119803,NM_016239.4:c.1003G>A,NP_057323.3:p.Glu335Lys,0.307,16.45,['Likely%20benign'],194.62,0.99,0.0,-0.0,0.0
MYO15A,17,18119807,NM_016239.4:c.1007C>A,NP_057323.3:p.Ala336Glu,0.206,0.234,['Likely%20benign'],107.41,0.84,0.0,0.0,0.0
MYO15A,17,18119807,NM_016239.4:c.1007C>T,NP_057323.3:p.Ala336Val,0.217,0.537,['Likely%20benign'],107.41,0.84,0.0,-0.0,0.0
MYO15A,17,18119809,NM_016239.4:c.1009C>T,NP_057323.3:p.His337Tyr,0.142,0.245,['Likely%20benign'],173.42,0.84,0.0,-0.1,0.1
MYO15A,17,18119810,NM_016239.4:c.1010A>G,NP_057323.3:p.His337Arg,0.125,7.297,['Likely%20benign'],173.42,0.84,0.0,0.1,0.1
MYO15A,17,18119811,NM_016239.4:c.1011C>A,NP_057323.3:p.His337Gln,0.173,4.491,['Likely%20benign'],173.42,0.84,0.0,0.2,0.2
MYO15A,17,18119812,NM_016239.4:c.1012C>A,NP_057323.3:p.Pro338Thr,0.321,15.21,['Unknown%20significance'],97.49,0.61,0.0,0.2,0.2
MYO15A,17,18119812,NM_016239.4:c.1012C>G,NP_057323.3:p.Pro338Ala,0.295,14.14,['Unknown%20significance'],97.49,0.61,0.0,0.3,0.3
MYO15A,17,18119812,NM_016239.4:c.1012C>T,NP_057323.3:p.Pro338Ser,0.262,11.34,['Unknown%20significance'],97.49,0.61,0.0,0.3,0.3
MYO15A,17,18119815,NM_016239.4:c.1015T>C,NP_057323.3:p.Tyr339His,0.127,6.421,['Likely%20benign'],179.78,0.74,0.0,0.3,0.3
MYO15A,17,18119816,NM_016239.4:c.1016A>C,NP_057323.3:p.Tyr339Ser,0.225,16.86,['Likely%20benign'],179.78,0.74,0.0,0.8,0.8
MYO15A,17,18119818,NM_016239.4:c.1018G>C,NP_057323.3:p.Gly340Arg,0.220,10.68,['Likely%20benign'],90.26,0.94,0.0,-0.0,0.0
MYO15A,17,18119819,NM_016239.4:c.1019G>A,NP_057323.3:p.Gly340Asp,0.177,15.12,['Unknown%20significance'],90.26,0.94,0.0,0.0,0.0
MYO15A,17,18119822,NM_016239.4:c.1022A>G,NP_057323.3:p.Tyr341Cys,0.431,22.1,['Unknown%20significance'],151.43,0.63,0.0,1.4,1.4
MYO15A,17,18119824,NM_016239.4:c.1024T>C,NP_057323.3:p.Tyr342His,0.193,10.72,['Unknown%20significance'],219.98,0.91,0.0,0.1,0.1
MYO15A,17,18119824,NM_016239.4:c.1024T>G,NP_057323.3:p.Tyr342Asp,0.361,15.78,['Unknown%20significance'],219.98,0.91,0.0,0.4,0.4
MYO15A,17,18119825,NM_016239.4:c.1025A>G,NP_057323.3:p.Tyr342Cys,0.412,21.1,['Unknown%20significance'],219.98,0.91,0.0,0.4,0.4
MYO15A,17,18119825,NM_016239.4:c.1025A>T,NP_057323.3:p.Tyr342Phe,0.245,9.664,['Likely%20benign'],219.98,0.91,0.0,0.1,0.1
MYO15A,17,18119832,NM_016239.4:c.1032T>A,NP_057323.3:p.Asp344Glu,0.240,0.082,['Likely%20benign'],131.43,0.82,0.0,0.1,0.1
MYO15A,17,18119834,NM_016239.4:c.1034C>T,NP_057323.3:p.Pro345Leu,0.330,13.75,['Unknown%20significance'],113.96,0.72,0.0,0.4,0.4
MYO15A,17,18119839,NM_016239.4:c.1039G>A,NP_057323.3:p.Ala347Thr,0.162,4.111,['Likely%20benign'],90.13,0.7,0.0,0.0,0.0
MYO15A,17,18119840,NM_016239.4:c.1040C>T,NP_057323.3:p.Ala347Val,0.136,6.905,['Likely%20benign'],90.13,0.7,0.0,0.0,0.0
MYO15A,17,18119843,NM_016239.4:c.1043C>A,NP_057323.3:p.Pro348Gln,0.268,10.04,['Unknown%20significance'],98.02,0.62,0.0,0.0,0.0
MYO15A,17,18119843,NM_016239.4:c.1043C>G,NP_057323.3:p.Pro348Arg,0.240,10.08,['Unknown%20significance'],98.02,0.62,0.0,-0.2,0.2
MYO15A,17,18119843,NM_016239.4:c.1043C>T,NP_057323.3:p.Pro348Leu,0.186,9.517,['Likely%20benign'],98.02,0.62,0.0,-0.0,0.0
MYO15A,17,18119848,NM_016239.4:c.1048G>A,NP_057323.3:p.Asp350Asn,0.179,9.630,['Likely%20benign'],144.69,0.9,0.0,-0.0,0.0
MYO15A,17,18119849,NM_016239.4:c.1049A>G,NP_057323.3:p.Asp350Gly,0.201,9.909,['Likely%20benign'],144.69,0.9,0.0,0.2,0.2
MYO15A,17,18119850,NM_016239.4:c.1050C>G,NP_057323.3:p.Asp350Glu,0.181,0.026,['Likely%20benign'],144.69,0.9,0.0,0.0,0.0
MYO15A,17,18119851,NM_016239.4:c.1051G>A,NP_057323.3:p.Ala351Thr,0.185,2.084,['Likely%20benign'],87.67,0.68,0.0,-0.0,0.0
MYO15A,17,18119852,NM_016239.4:c.1052C>A,NP_057323.3:p.Ala351Glu,0.152,0.100,['Likely%20benign'],87.67,0.68,0.0,0.1,0.1
MYO15A,17,18119852,NM_016239.4:c.1052C>T,NP_057323.3:p.Ala351Val,0.158,1.233,['Likely%20benign'],87.67,0.68,0.0,-0.0,0.0
MYO15A,17,18119861,NM_016239.4:c.1061C>T,NP_057323.3:p.Pro354Leu,0.163,4.941,['Unknown%20significance'],118.3,0.75,0.0,-0.0,0.0
MYO15A,17,18119864,NM_016239.4:c.1064C>G,NP_057323.3:p.Pro355Arg,0.427,22.7,['Unknown%20significance'],121.53,0.77,0.0,0.0,0.0
MYO15A,17,18119867,NM_016239.4:c.1067A>G,NP_057323.3:p.Tyr356Cys,0.508,24.4,['Unknown%20significance'],178.4,0.74,0.0,1.0,1.0
MYO15A,17,18119869,NM_016239.4:c.1069G>A,NP_057323.3:p.Asp357Asn,0.103,10.19,['Likely%20benign'],125.17,0.78,0.0,-0.0,0.0
MYO15A,17,18119871,NM_016239.4:c.1071C>G,NP_057323.3:p.Asp357Glu,0.154,10.72,['Likely%20benign'],125.17,0.78,0.0,0.1,0.1
MYO15A,17,18119872,NM_016239.4:c.1072C>T,NP_057323.3:p.Leu358Phe,0.202,5.030,['Likely%20benign'],135.18,0.7,0.0,-0.1,0.1
MYO15A,17,18119875,NM_016239.4:c.1075C>G,NP_057323.3:p.Pro359Ala,0.094,2.357,['Unknown%20significance'],140.79,0.89,0.0,0.1,0.1
MYO15A,17,18119876,NM_016239.4:c.1076C>T,NP_057323.3:p.Pro359Leu,0.203,14.45,['Unknown%20significance'],140.79,0.89,0.0,0.0,0.0
MYO15A,17,18119881,NM_016239.4:c.1081C>T,NP_057323.3:p.His361Tyr,0.154,0.860,['Likely%20benign'],172.66,0.84,0.0,-0.2,0.2
MYO15A,17,18119882,NM_016239.4:c.1082A>G,NP_057323.3:p.His361Arg,0.114,7.456,['Likely%20benign'],172.66,0.84,0.0,0.1,0.1
MYO15A,17,18119884,NM_016239.4:c.1084A>G,NP_057323.3:p.Thr362Ala,0.203,0.108,['Likely%20benign'],135.37,0.86,0.0,0.0,0.0
MYO15A,17,18119888,NM_016239.4:c.1088C>G,NP_057323.3:p.Pro363Arg,0.277,4.866,['Likely%20benign'],131.05,0.83,0.0,0.0,0.0
MYO15A,17,18119888,NM_016239.4:c.1088C>T,NP_057323.3:p.Pro363Leu,0.189,6.807,['Likely%20benign'],131.05,0.83,0.0,0.1,0.1
MYO15A,17,18119893,NM_016239.4:c.1093G>A,NP_057323.3:p.Asp365Asn,0.167,9.586,['Likely%20benign'],160.38,1.0,0.0,-0.0,0.0
MYO15A,17,18119894,NM_016239.4:c.1094A>T,NP_057323.3:p.Asp365Val,0.146,8.330,['Likely%20benign'],160.38,1.0,0.0,-0.0,0.0
MYO15A,17,18119896,NM_016239.4:c.1096G>A,NP_057323.3:p.Val366Ile,0.195,0.031,['Likely%20benign'],135.77,0.78,0.0,-0.0,0.0
MYO15A,17,18119899,NM_016239.4:c.1099C>T,NP_057323.3:p.Pro367Ser,0.184,4.144,['Unknown%20significance'],140.4,0.89,0.0,0.2,0.2
MYO15A,17,18119900,NM_016239.4:c.1100C>G,NP_057323.3:p.Pro367Arg,0.531,22.1,['Unknown%20significance'],140.4,0.89,0.0,0.1,0.1
MYO15A,17,18119900,NM_016239.4:c.1100C>T,NP_057323.3:p.Pro367Leu,0.415,22.4,['Unknown%20significance'],140.4,0.89,0.0,0.1,0.1
MYO15A,17,18119908,NM_016239.4:c.1108G>T,NP_057323.3:p.Asp370Tyr,0.402,15.46,['Unknown%20significance'],134.97,0.84,0.0,-0.1,0.1
MYO15A,17,18119909,NM_016239.4:c.1109A>T,NP_057323.3:p.Asp370Val,0.509,11.47,['Unknown%20significance'],134.97,0.84,0.0,-0.0,0.0
MYO15A,17,18119910,NM_016239.4:c.1110T>A,NP_057323.3:p.Asp370Glu,0.160,11.84,['Likely%20benign'],134.97,0.84,0.0,0.0,0.0
MYO15A,17,18119911,NM_016239.4:c.1111C>A,NP_057323.3:p.Pro371Thr,0.147,13.58,['Likely%20benign'],99.94,0.63,0.0,0.1,0.1
MYO15A,17,18119911,NM_016239.4:c.1111C>T,NP_057323.3:p.Pro371Ser,0.116,14.26,['Unknown%20significance'],99.94,0.63,0.0,0.2,0.2
MYO15A,17,18119914,NM_016239.4:c.1114T>C,NP_057323.3:p.Tyr372His,0.244,17.82,['Unknown%20significance'],231.37,0.96,0.0,0.1,0.1
MYO15A,17,18119917,NM_016239.4:c.1117G>A,NP_057323.3:p.Gly373Arg,0.124,12.40,['Unknown%20significance'],88.13,0.92,0.0,-0.1,0.1
MYO15A,17,18119917,NM_016239.4:c.1117G>C,NP_057323.3:p.Gly373Arg,0.131,11.97,['Unknown%20significance'],88.13,0.92,0.0,-0.1,0.1
MYO15A,17,18119918,NM_016239.4:c.1118G>A,NP_057323.3:p.Gly373Glu,0.238,9.298,['Unknown%20significance'],88.13,0.92,0.0,0.0,0.0
MYO15A,17,18119920,NM_016239.4:c.1120G>C,NP_057323.3:p.Val374Leu,0.124,0.317,['Likely%20benign'],122.93,0.71,0.0,-0.0,0.0
MYO15A,17,18119924,NM_016239.4:c.1124A>C,NP_057323.3:p.His375Pro,0.153,5.265,['Likely%20benign'],169.22,0.82,0.0,0.1,0.1
MYO15A,17,18119924,NM_016239.4:c.1124A>G,NP_057323.3:p.His375Arg,0.163,8.240,['Likely%20benign'],169.22,0.82,0.0,0.0,0.0
MYO15A,17,18119927,NM_016239.4:c.1127A>G,NP_057323.3:p.Tyr376Cys,0.526,23.5,['Unknown%20significance'],232.2,0.96,0.0,0.3,0.3
MYO15A,17,18119929,NM_016239.4:c.1129A>C,NP_057323.3:p.Thr377Pro,0.248,0.892,['Likely%20benign'],130.3,0.82,0.0,0.1,0.1
MYO15A,17,18119929,NM_016239.4:c.1129A>G,NP_057323.3:p.Thr377Ala,0.135,0.230,['Likely%20benign'],130.3,0.82,0.0,0.1,0.1
MYO15A,17,18119930,NM_016239.4:c.1130C>T,NP_057323.3:p.Thr377Ile,0.126,2.439,['Likely%20benign'],130.3,0.82,0.0,0.0,0.0
MYO15A,17,18119932,NM_016239.4:c.1132G>A,NP_057323.3:p.Val378Ile,0.169,0.034,['Likely%20benign'],136.42,0.79,0.0,0.0,0.0
MYO15A,17,18119935,NM_016239.4:c.1135C>T,NP_057323.3:p.Pro379Ser,0.346,16.96,['Likely%20benign'],102.22,0.64,0.0,0.8,0.8
MYO15A,17,18119938,NM_016239.4:c.1138T>C,NP_057323.3:p.Tyr380His,0.434,23.3,['Unknown%20significance'],180.6,0.75,0.0,0.5,0.5
MYO15A,17,18119939,NM_016239.4:c.1139A>G,NP_057323.3:p.Tyr380Cys,0.507,23.2,['Unknown%20significance'],180.6,0.75,0.0,1.0,1.0
MYO15A,17,18119941,NM_016239.4:c.1141G>A,NP_057323.3:p.Ala381Thr,0.131,10.65,['Unknown%20significance'],98.39,0.77,0.0,0.1,0.1
MYO15A,17,18119944,NM_016239.4:c.1144G>A,NP_057323.3:p.Glu382Lys,0.345,17.36,['Unknown%20significance'],143.52,0.73,0.0,0.1,0.1
MYO15A,17,18119944,NM_016239.4:c.1144G>C,NP_057323.3:p.Glu382Gln,0.261,16.06,['Unknown%20significance'],143.52,0.73,0.0,-0.1,0.1
MYO15A,17,18119948,NM_016239.4:c.1148G>A,NP_057323.3:p.Gly383Asp,0.089,3.592,['Likely%20benign'],59.93,0.62,0.0,0.2,0.2
MYO15A,17,18119948,NM_016239.4:c.1148G>C,NP_057323.3:p.Gly383Ala,0.061,7.762,['Likely%20benign'],59.93,0.62,0.0,-0.0,0.0
MYO15A,17,18119950,NM_016239.4:c.1150G>A,NP_057323.3:p.Val384Ile,0.160,0.001,['Likely%20benign'],126.01,0.73,0.0,-0.0,0.0
MYO15A,17,18119950,NM_016239.4:c.1150G>T,NP_057323.3:p.Val384Phe,0.260,0.004,['Likely%20benign'],126.01,0.73,0.0,0.1,0.1
MYO15A,17,18119951,NM_016239.4:c.1151T>A,NP_057323.3:p.Val384Asp,0.398,5.548,['Likely%20benign'],126.01,0.73,0.0,0.4,0.4
MYO15A,17,18119953,NM_016239.4:c.1153T>C,NP_057323.3:p.Tyr385His,0.448,22.3,['Unknown%20significance'],242.95,1.0,0.0,0.1,0.1
MYO15A,17,18119959,NM_016239.4:c.1159G>A,NP_057323.3:p.Gly387Ser,0.173,15.87,['Unknown%20significance'],79.05,0.82,0.0,0.0,0.0
MYO15A,17,18119959,NM_016239.4:c.1159G>T,NP_057323.3:p.Gly387Cys,0.292,21.9,['Unknown%20significance'],79.05,0.82,0.0,0.1,0.1
MYO15A,17,18119960,NM_016239.4:c.1160G>A,NP_057323.3:p.Gly387Asp,0.301,12.10,['Unknown%20significance'],79.05,0.82,0.0,0.1,0.1
MYO15A,17,18119962,NM_016239.4:c.1162G>A,NP_057323.3:p.Gly388Arg,0.289,20.3,['Unknown%20significance'],80.67,0.84,0.0,-0.1,0.1
MYO15A,17,18119963,NM_016239.4:c.1163G>A,NP_057323.3:p.Gly388Glu,0.146,18.43,['Unknown%20significance'],80.67,0.84,0.0,0.1,0.1
MYO15A,17,18119965,NM_016239.4:c.1165G>A,NP_057323.3:p.Asp389Asn,0.100,14.88,['Unknown%20significance'],114.46,0.71,0.0,-0.1,0.1
MYO15A,17,18119965,NM_016239.4:c.1165G>T,NP_057323.3:p.Asp389Tyr,0.240,15.53,['Unknown%20significance'],114.46,0.71,0.0,-0.5,0.5
MYO15A,17,18119966,NM_016239.4:c.1166A>G,NP_057323.3:p.Asp389Gly,0.170,14.75,['Likely%20benign'],114.46,0.71,0.0,0.2,0.2
MYO15A,17,18119967,NM_016239.4:c.1167C>A,NP_057323.3:p.Asp389Glu,0.080,0.296,['Unknown%20significance'],114.46,0.71,0.0,0.0,0.0
MYO15A,17,18119968,NM_016239.4:c.1168G>A,NP_057323.3:p.Glu390Lys,0.167,16.50,['Likely%20benign'],184.41,0.94,0.0,0.0,0.0
MYO15A,17,18119968,NM_016239.4:c.1168G>C,NP_057323.3:p.Glu390Gln,0.178,7.063,['Likely%20benign'],184.41,0.94,0.0,-0.1,0.1
MYO15A,17,18119970,NM_016239.4:c.1170G>C,NP_057323.3:p.Glu390Asp,0.219,16.06,['Likely%20benign'],184.41,0.94,0.0,0.0,0.0
MYO15A,17,18119971,NM_016239.4:c.1171G>A,NP_057323.3:p.Ala391Thr,0.322,22.5,['Unknown%20significance'],83.91,0.65,0.0,0.0,0.0
MYO15A,17,18119971,NM_016239.4:c.1171G>T,NP_057323.3:p.Ala391Ser,0.363,21.8,['Unknown%20significance'],83.91,0.65,0.0,0.1,0.1
MYO15A,17,18119972,NM_016239.4:c.1172C>A,NP_057323.3:p.Ala391Asp,0.386,23.3,['Likely%20benign'],83.91,0.65,0.0,0.2,0.2
MYO15A,17,18119974,NM_016239.4:c.1174A>G,NP_057323.3:p.Ile392Val,0.156,9.563,['Likely%20benign'],151.03,0.76,0.0,0.1,0.1
MYO15A,17,18119976,NM_016239.4:c.1176C>G,NP_057323.3:p.Ile392Met,0.261,15.35,['Likely%20benign'],151.03,0.76,0.0,0.1,0.1
MYO15A,17,18119977,NM_016239.4:c.1177T>A,NP_057323.3:p.Tyr393Asn,0.561,24.4,['Unknown%20significance'],187.42,0.78,0.0,0.9,0.9
MYO15A,17,18119978,NM_016239.4:c.1178A>C,NP_057323.3:p.Tyr393Ser,0.609,22.7,['Unknown%20significance'],187.42,0.78,0.0,0.9,0.9
MYO15A,17,18119978,NM_016239.4:c.1178A>G,NP_057323.3:p.Tyr393Cys,0.674,24.0,['Unknown%20significance'],187.42,0.78,0.0,0.9,0.9
MYO15A,17,18119980,NM_016239.4:c.1180C>A,NP_057323.3:p.Pro394Thr,0.307,15.12,['Unknown%20significance'],94.76,0.6,0.0,0.2,0.2
MYO15A,17,18119980,NM_016239.4:c.1180C>G,NP_057323.3:p.Pro394Ala,0.244,8.876,['Likely%20benign'],94.76,0.6,0.0,0.3,0.3
MYO15A,17,18119981,NM_016239.4:c.1181C>G,NP_057323.3:p.Pro394Arg,0.318,19.69,['Unknown%20significance'],94.76,0.6,0.0,0.1,0.1
MYO15A,17,18119983,NM_016239.4:c.1183C>T,NP_057323.3:p.Pro395Ser,0.337,22.6,['Unknown%20significance'],126.4,0.8,0.0,0.2,0.2
MYO15A,17,18119984,NM_016239.4:c.1184C>A,NP_057323.3:p.Pro395His,0.364,22.9,['Unknown%20significance'],126.4,0.8,0.0,-0.1,0.1
MYO15A,17,18119984,NM_016239.4:c.1184C>G,NP_057323.3:p.Pro395Arg,0.396,22.8,['Unknown%20significance'],126.4,0.8,0.0,-0.0,0.0
MYO15A,17,18119984,NM_016239.4:c.1184C>T,NP_057323.3:p.Pro395Leu,0.392,19.82,['Likely%20benign'],126.4,0.8,0.0,-0.0,0.0
MYO15A,17,18119986,NM_016239.4:c.1186G>A,NP_057323.3:p.Glu396Lys,0.227,16.07,['Unknown%20significance'],168.55,0.86,0.0,-0.0,0.0
MYO15A,17,18119987,NM_016239.4:c.1187A>C,NP_057323.3:p.Glu396Ala,0.085,9.521,['Likely%20benign'],168.55,0.86,0.0,0.0,0.0
MYO15A,17,18119987,NM_016239.4:c.1187A>G,NP_057323.3:p.Glu396Gly,0.139,10.58,['Likely%20benign'],168.55,0.86,0.0,0.1,0.1
MYO15A,17,18119989,NM_016239.4:c.1189G>A,NP_057323.3:p.Val397Met,0.087,10.19,['Likely%20benign'],121.14,0.7,0.0,-0.0,0.0
MYO15A,17,18119989,NM_016239.4:c.1189G>C,NP_057323.3:p.Val397Leu,0.070,6.398,['Likely%20benign'],121.14,0.7,0.0,0.0,0.0
MYO15A,17,18119989,NM_016239.4:c.1189G>T,NP_057323.3:p.Val397Leu,0.070,6.288,['Likely%20benign'],121.14,0.7,0.0,0.0,0.0
MYO15A,17,18119990,NM_016239.4:c.1190T>G,NP_057323.3:p.Val397Gly,0.260,0.266,['Likely%20benign'],121.14,0.7,0.0,0.3,0.3
MYO15A,17,18119992,NM_016239.4:c.1192C>A,NP_057323.3:p.Pro398Thr,0.457,21.2,['Unknown%20significance'],93.63,0.59,0.0,0.2,0.2
MYO15A,17,18119995,NM_016239.4:c.1195T>A,NP_057323.3:p.Tyr399Asn,0.334,21.5,['Unknown%20significance'],189.95,0.79,0.0,0.8,0.8
MYO15A,17,18119995,NM_016239.4:c.1195T>C,NP_057323.3:p.Tyr399His,0.216,20.9,['Likely%20benign'],189.95,0.79,0.0,0.4,0.4
MYO15A,17,18119996,NM_016239.4:c.1196A>G,NP_057323.3:p.Tyr399Cys,0.408,23.8,['Unknown%20significance'],189.95,0.79,0.0,0.8,0.8
MYO15A,17,18119998,NM_016239.4:c.1198T>A,NP_057323.3:p.Phe400Ile,0.187,4.616,['Likely%20benign'],184.96,0.8,0.0,0.1,0.1
MYO15A,17,18119999,NM_016239.4:c.1199T>G,NP_057323.3:p.Phe400Cys,0.278,18.17,['Likely%20benign'],184.96,0.8,0.0,0.4,0.4
MYO15A,17,18120001,NM_016239.4:c.1201T>G,NP_057323.3:p.Tyr401Asp,0.220,20.2,['Unknown%20significance'],213.07,0.88,0.0,0.4,0.4
MYO15A,17,18120002,NM_016239.4:c.1202A>C,NP_057323.3:p.Tyr401Ser,0.233,19.69,['Unknown%20significance'],213.07,0.88,0.0,0.4,0.4
MYO15A,17,18120004,NM_016239.4:c.1204C>T,NP_057323.3:p.Pro402Ser,0.260,14.18,['Likely%20benign'],132.75,0.84,0.0,0.1,0.1
MYO15A,17,18120005,NM_016239.4:c.1205C>G,NP_057323.3:p.Pro402Arg,0.393,22.9,['Unknown%20significance'],132.75,0.84,0.0,-0.2,0.2
MYO15A,17,18120005,NM_016239.4:c.1205C>T,NP_057323.3:p.Pro402Leu,0.335,20.9,['Unknown%20significance'],132.75,0.84,0.0,0.0,0.0
MYO15A,17,18120010,NM_016239.4:c.1210G>A,NP_057323.3:p.Glu404Lys,0.166,22.1,['Unknown%20significance'],184.61,0.94,0.0,-0.0,0.0
MYO15A,17,18120011,NM_016239.4:c.1211A>G,NP_057323.3:p.Glu404Gly,0.191,19.54,['Unknown%20significance'],184.61,0.94,0.0,0.2,0.2
MYO15A,17,18120013,NM_016239.4:c.1213T>A,NP_057323.3:p.Ser405Thr,0.153,7.470,['Unknown%20significance'],139.17,1.0,0.0,-0.0,0.0
MYO15A,17,18120013,NM_016239.4:c.1213T>G,NP_057323.3:p.Ser405Ala,0.147,8.216,['Unknown%20significance'],139.17,1.0,0.0,0.0,0.0
MYO15A,17,18120014,NM_016239.4:c.1214C>T,NP_057323.3:p.Ser405Leu,0.241,4.958,['Unknown%20significance'],139.17,1.0,0.0,0.0,0.0
MYO15A,17,18120020,NM_016239.4:c.1220C>T,NP_057323.3:p.Ser407Leu,0.344,12.17,['Likely%20benign'],113.68,0.82,0.0,-0.1,0.1
MYO15A,17,18120023,NM_016239.4:c.1223C>T,NP_057323.3:p.Ala408Val,0.676,10.14,['Pathogenic'],72.41,0.56,0.0,0.0,0.0
MYO15A,17,18120025,NM_016239.4:c.1225T>C,NP_057323.3:p.Phe409Leu,0.303,10.36,['Likely%20benign'],215.95,0.93,0.0,0.2,0.2
MYO15A,17,18120026,NM_016239.4:c.1226T>C,NP_057323.3:p.Phe409Ser,0.258,15.25,['Unknown%20significance'],215.95,0.93,0.0,0.3,0.3
MYO15A,17,18120028,NM_016239.4:c.1228G>A,NP_057323.3:p.Val410Met,0.040,7.291,['Likely%20benign'],128.44,0.74,0.0,-0.0,0.0
MYO15A,17,18120031,NM_016239.4:c.1231T>A,NP_057323.3:p.Tyr411Asn,0.149,19.48,['Unknown%20significance'],186.13,0.77,0.0,0.9,0.9
MYO15A,17,18120031,NM_016239.4:c.1231T>G,NP_057323.3:p.Tyr411Asp,0.178,20.2,['Unknown%20significance'],186.13,0.77,0.0,1.0,1.0
MYO15A,17,18120034,NM_016239.4:c.1234C>T,NP_057323.3:p.Pro412Ser,0.078,20.4,['Likely%20benign'],131.79,0.83,0.0,0.3,0.3
MYO15A,17,18120035,NM_016239.4:c.1235C>T,NP_057323.3:p.Pro412Leu,0.225,22.1,['Unknown%20significance'],131.79,0.83,0.0,0.1,0.1
MYO15A,17,18120037,NM_016239.4:c.1237T>G,NP_057323.3:p.Trp413Gly,0.118,26.1,['Unknown%20significance'],229.56,0.87,0.0,0.9,0.9
MYO15A,17,18120038,NM_016239.4:c.1238G>C,NP_057323.3:p.Trp413Ser,0.176,26.6,['Unknown%20significance'],229.56,0.87,0.0,0.8,0.8
MYO15A,17,18120041,NM_016239.4:c.1241T>A,NP_057323.3:p.Val414Glu,0.198,16.56,['Unknown%20significance'],90.48,0.52,0.0,1.1,1.1
MYO15A,17,18120041,NM_016239.4:c.1241T>C,NP_057323.3:p.Val414Ala,0.085,8.473,['Likely%20benign'],90.48,0.52,0.0,0.5,0.5
MYO15A,17,18120043,NM_016239.4:c.1243C>A,NP_057323.3:p.Pro415Thr,0.037,18.63,['Unknown%20significance'],64.21,0.4,0.0,0.5,0.5
MYO15A,17,18120043,NM_016239.4:c.1243C>G,NP_057323.3:p.Pro415Ala,0.077,17.88,['Unknown%20significance'],64.21,0.4,0.0,0.5,0.5
MYO15A,17,18120044,NM_016239.4:c.1244C>A,NP_057323.3:p.Pro415Gln,0.054,20.7,['Unknown%20significance'],64.21,0.4,0.0,0.6,0.6
MYO15A,17,18120047,NM_016239.4:c.1247C>T,NP_057323.3:p.Pro416Leu,0.114,17.53,['Unknown%20significance'],119.45,0.75,0.0,0.0,0.0
MYO15A,17,18120049,NM_016239.4:c.1249C>T,NP_057323.3:p.Pro417Ser,0.040,18.46,['Unknown%20significance'],134.72,0.85,0.0,0.3,0.3
MYO15A,17,18120050,NM_016239.4:c.1250C>G,NP_057323.3:p.Pro417Arg,0.155,22.9,['Unknown%20significance'],134.72,0.85,0.0,0.2,0.2
MYO15A,17,18120055,NM_016239.4:c.1255C>T,NP_057323.3:p.Pro419Ser,0.025,1.747,['Likely%20benign'],116.11,0.73,0.0,0.1,0.1
MYO15A,17,18120056,NM_016239.4:c.1256C>T,NP_057323.3:p.Pro419Leu,0.014,0.627,['Likely%20benign'],116.11,0.73,0.0,-0.4,0.4
MYO15A,17,18120059,NM_016239.4:c.1259C>T,NP_057323.3:p.Ser420Leu,0.174,23.0,['Unknown%20significance'],90.49,0.65,0.0,-0.1,0.1
MYO15A,17,18120061,NM_016239.4:c.1261C>T,NP_057323.3:p.Pro421Ser,0.091,16.48,['Unknown%20significance'],112.97,0.71,0.0,0.3,0.3
MYO15A,17,18120066,NM_016239.4:c.1266C>A,NP_057323.3:p.His422Gln,0.165,15.73,['Unknown%20significance'],174.64,0.85,0.0,0.3,0.3
MYO15A,17,18120068,NM_016239.4:c.1268A>T,NP_057323.3:p.Asn423Ile,0.213,24.1,['Unknown%20significance'],120.9,0.75,0.0,0.2,0.2
MYO15A,17,18120070,NM_016239.4:c.1270C>T,NP_057323.3:p.Pro424Ser,0.114,23.0,['Unknown%20significance'],109.75,0.69,0.0,0.9,0.9
MYO15A,17,18120076,NM_016239.4:c.1276G>A,NP_057323.3:p.Ala426Thr,0.088,23.0,['Unknown%20significance'],74.33,0.58,0.0,0.3,0.3
MYO15A,17,18120076,NM_016239.4:c.1276G>T,NP_057323.3:p.Ala426Ser,0.066,22.4,['Unknown%20significance'],74.33,0.58,0.0,0.3,0.3
MYO15A,17,18120077,NM_016239.4:c.1277C>A,NP_057323.3:p.Ala426Asp,0.175,24.0,['Unknown%20significance'],74.33,0.58,0.0,0.7,0.7
MYO15A,17,18120077,NM_016239.4:c.1277C>T,NP_057323.3:p.Ala426Val,0.114,23.9,['Unknown%20significance'],74.33,0.58,0.0,0.1,0.1
MYO15A,17,18120081,NM_016239.4:c.1281C>A,NP_057323.3:p.His427Gln,0.142,15.64,['Unknown%20significance'],211.79,1.0,0.0,0.1,0.1
MYO15A,17,18120082,NM_016239.4:c.1282G>A,NP_057323.3:p.Ala428Thr,0.058,15.74,['Likely%20benign'],84.99,0.66,0.0,0.0,0.0
MYO15A,17,18120083,NM_016239.4:c.1283C>G,NP_057323.3:p.Ala428Gly,0.054,18.36,['Likely%20benign'],84.99,0.66,0.0,0.3,0.3
MYO15A,17,18120083,NM_016239.4:c.1283C>T,NP_057323.3:p.Ala428Val,0.047,22.4,['Unknown%20significance'],84.99,0.66,0.0,-0.1,0.1
MYO15A,17,18120085,NM_016239.4:c.1285A>C,NP_057323.3:p.Met429Leu,0.101,19.73,['Likely%20benign'],179.12,0.82,0.0,0.2,0.2
MYO15A,17,18120085,NM_016239.4:c.1285A>G,NP_057323.3:p.Met429Val,0.155,19.52,['Unknown%20significance'],179.12,0.82,0.0,0.4,0.4
MYO15A,17,18120085,NM_016239.4:c.1285A>T,NP_057323.3:p.Met429Leu,0.114,19.62,['Likely%20benign'],179.12,0.82,0.0,0.2,0.2
MYO15A,17,18120088,NM_016239.4:c.1288G>A,NP_057323.3:p.Asp430Asn,0.142,26.1,['Unknown%20significance'],114.95,0.71,0.0,0.0,0.0
MYO15A,17,18120088,NM_016239.4:c.1288G>T,NP_057323.3:p.Asp430Tyr,0.376,26.3,['Unknown%20significance'],114.95,0.71,0.0,-0.2,0.2
MYO15A,17,18120089,NM_016239.4:c.1289A>T,NP_057323.3:p.Asp430Val,0.219,23.7,['Unknown%20significance'],114.95,0.71,0.0,-0.0,0.0
MYO15A,17,18120094,NM_016239.4:c.1294A>C,NP_057323.3:p.Ile432Leu,0.056,23.2,['Unknown%20significance'],131.92,0.67,0.0,0.5,0.5
MYO15A,17,18120094,NM_016239.4:c.1294A>G,NP_057323.3:p.Ile432Val,0.061,21.1,['Likely%20benign'],131.92,0.67,0.0,0.4,0.4
MYO15A,17,18120094,NM_016239.4:c.1294A>T,NP_057323.3:p.Ile432Phe,0.155,25.3,['Unknown%20significance'],131.92,0.67,0.0,0.5,0.5
MYO15A,17,18120097,NM_016239.4:c.1297G>A,NP_057323.3:p.Ala433Thr,0.025,18.94,['Unknown%20significance'],75.95,0.59,0.0,0.1,0.1
MYO15A,17,18120100,NM_016239.4:c.1300G>A,NP_057323.3:p.Glu434Lys,0.129,26.6,['Unknown%20significance'],144.24,0.73,0.0,0.1,0.1
MYO15A,17,18120100,NM_016239.4:c.1300G>C,NP_057323.3:p.Glu434Gln,0.150,25.4,['Unknown%20significance'],144.24,0.73,0.0,-0.1,0.1
MYO15A,17,18120102,NM_016239.4:c.1302G>C,NP_057323.3:p.Glu434Asp,0.108,23.3,['Unknown%20significance'],144.24,0.73,0.0,0.1,0.1
MYO15A,17,18120103,NM_016239.4:c.1303C>G,NP_057323.3:p.Leu435Val,0.055,18.55,['Likely%20benign'],179.99,0.93,0.0,0.1,0.1
MYO15A,17,18120104,NM_016239.4:c.1304T>C,NP_057323.3:p.Leu435Pro,0.199,24.0,['Unknown%20significance'],179.99,0.93,0.0,0.2,0.2
MYO15A,17,18120106,NM_016239.4:c.1306G>A,NP_057323.3:p.Glu436Lys,0.095,23.7,['Unknown%20significance'],183.91,0.94,0.0,-0.1,0.1
MYO15A,17,18120110,NM_016239.4:c.1310A>T,NP_057323.3:p.Glu437Val,0.079,25.3,['Unknown%20significance'],162.48,0.83,0.0,0.0,0.0
MYO15A,17,18120113,NM_016239.4:c.1313C>T,NP_057323.3:p.Pro438Leu,0.042,19.63,['Unknown%20significance'],135.31,0.86,0.0,0.2,0.2
MYO15A,17,18120118,NM_016239.4:c.1318G>C,NP_057323.3:p.Asp440His,0.065,22.4,['Unknown%20significance'],158.21,0.98,0.0,-0.1,0.1
MYO15A,17,18120120,NM_016239.4:c.1320C>G,NP_057323.3:p.Asp440Glu,0.031,0.037,['Likely%20benign'],158.21,0.98,0.0,-0.0,0.0
MYO15A,17,18120121,NM_016239.4:c.1321G>A,NP_057323.3:p.Ala441Thr,0.027,3.358,['Unknown%20significance'],120.45,0.94,0.0,-0.0,0.0
MYO15A,17,18120121,NM_016239.4:c.1321G>T,NP_057323.3:p.Ala441Ser,0.018,1.549,['Likely%20benign'],120.45,0.94,0.0,0.0,0.0
MYO15A,17,18120122,NM_016239.4:c.1322C>A,NP_057323.3:p.Ala441Glu,0.013,2.635,['Likely%20benign'],120.45,0.94,0.0,0.1,0.1
MYO15A,17,18120122,NM_016239.4:c.1322C>T,NP_057323.3:p.Ala441Val,0.023,1.884,['Likely%20benign'],120.45,0.94,0.0,-0.1,0.1
MYO15A,17,18120127,NM_016239.4:c.1327G>A,NP_057323.3:p.Val443Ile,0.022,5.777,['Likely%20benign'],176.88,1.0,0.0,-0.0,0.0
MYO15A,17,18120127,NM_016239.4:c.1327G>T,NP_057323.3:p.Val443Leu,0.014,6.222,['Likely%20benign'],176.88,1.0,0.0,-0.0,0.0
MYO15A,17,18120128,NM_016239.4:c.1328T>C,NP_057323.3:p.Val443Ala,0.047,0.016,['Likely%20benign'],176.88,1.0,0.0,0.1,0.1
MYO15A,17,18120130,NM_016239.4:c.1330G>A,NP_057323.3:p.Glu444Lys,0.030,21.3,['Unknown%20significance'],132.39,0.67,0.0,0.0,0.0
MYO15A,17,18120130,NM_016239.4:c.1330G>C,NP_057323.3:p.Glu444Gln,0.028,15.58,['Unknown%20significance'],132.39,0.67,0.0,-0.1,0.1
MYO15A,17,18120131,NM_016239.4:c.1331A>G,NP_057323.3:p.Glu444Gly,0.109,22.3,['Unknown%20significance'],132.39,0.67,0.0,0.4,0.4
MYO15A,17,18120133,NM_016239.4:c.1333C>A,NP_057323.3:p.Arg445Ser,0.043,15.60,['Likely%20benign'],222.96,0.82,0.0,0.3,0.3
MYO15A,17,18120133,NM_016239.4:c.1333C>G,NP_057323.3:p.Arg445Gly,0.042,16.23,['Likely%20benign'],222.96,0.82,0.0,0.6,0.6
MYO15A,17,18120133,NM_016239.4:c.1333C>T,NP_057323.3:p.Arg445Cys,0.114,23.3,['Unknown%20significance'],222.96,0.82,0.0,0.5,0.5
MYO15A,17,18120134,NM_016239.4:c.1334G>A,NP_057323.3:p.Arg445His,0.053,18.49,['Unknown%20significance'],222.96,0.82,0.0,0.1,0.1
MYO15A,17,18120134,NM_016239.4:c.1334G>C,NP_057323.3:p.Arg445Pro,0.053,14.86,['Unknown%20significance'],222.96,0.82,0.0,0.3,0.3
MYO15A,17,18120137,NM_016239.4:c.1337A>T,NP_057323.3:p.Gln446Leu,0.022,8.263,['Unknown%20significance'],170.13,0.86,0.0,0.1,0.1
MYO15A,17,18120140,NM_016239.4:c.1340G>A,NP_057323.3:p.Gly447Glu,0.049,9.616,['Unknown%20significance'],60.52,0.63,0.0,-0.0,0.0
MYO15A,17,18120142,NM_016239.4:c.1342A>C,NP_057323.3:p.Thr448Pro,0.128,21.4,['Unknown%20significance'],95.86,0.6,0.0,0.4,0.4
MYO15A,17,18120143,NM_016239.4:c.1343C>A,NP_057323.3:p.Thr448Asn,0.011,6.679,['Likely%20benign'],95.86,0.6,0.0,0.2,0.2
MYO15A,17,18120143,NM_016239.4:c.1343C>T,NP_057323.3:p.Thr448Ile,0.032,17.51,['Likely%20benign'],95.86,0.6,0.0,-0.1,0.1
MYO15A,17,18120146,NM_016239.4:c.1346C>G,NP_057323.3:p.Ser449Cys,0.084,24.2,['Unknown%20significance'],123.68,0.89,0.0,0.1,0.1
MYO15A,17,18120148,NM_016239.4:c.1348T>C,NP_057323.3:p.Phe450Leu,0.110,23.6,['Unknown%20significance'],178.25,0.77,0.0,0.4,0.4
MYO15A,17,18120149,NM_016239.4:c.1349T>G,NP_057323.3:p.Phe450Cys,0.308,23.2,['Unknown%20significance'],178.25,0.77,0.0,0.8,0.8
MYO15A,17,18120151,NM_016239.4:c.1351C>A,NP_057323.3:p.Arg451Ser,0.102,20.7,['Likely%20benign'],232.07,0.86,0.0,0.2,0.2
MYO15A,17,18120151,NM_016239.4:c.1351C>G,NP_057323.3:p.Arg451Gly,0.114,23.2,['Unknown%20significance'],232.07,0.86,0.0,0.3,0.3
MYO15A,17,18120151,NM_016239.4:c.1351C>T,NP_057323.3:p.Arg451Cys,0.121,25.6,['Unknown%20significance'],232.07,0.86,0.0,0.2,0.2
MYO15A,17,18120152,NM_016239.4:c.1352G>A,NP_057323.3:p.Arg451His,0.052,23.2,['Unknown%20significance'],232.07,0.86,0.0,-0.0,0.0
MYO15A,17,18120155,NM_016239.4:c.1355T>A,NP_057323.3:p.Leu452Gln,0.099,23.6,['Unknown%20significance'],121.85,0.63,0.0,0.7,0.7
MYO15A,17,18120155,NM_016239.4:c.1355T>C,NP_057323.3:p.Leu452Pro,0.140,22.7,['Unknown%20significance'],121.85,0.63,0.0,0.7,0.7
MYO15A,17,18120157,NM_016239.4:c.1357C>G,NP_057323.3:p.Pro453Ala,0.039,19.61,['Unknown%20significance'],150.97,0.95,0.0,0.1,0.1
MYO15A,17,18120158,NM_016239.4:c.1358C>T,NP_057323.3:p.Pro453Leu,0.072,21.6,['Unknown%20significance'],150.97,0.95,0.0,0.1,0.1
MYO15A,17,18120160,NM_016239.4:c.1360A>T,NP_057323.3:p.Ser454Cys,0.124,25.6,['Unknown%20significance'],114.89,0.83,0.0,0.1,0.1
MYO15A,17,18120162,NM_016239.4:c.1362C>A,NP_057323.3:p.Ser454Arg,0.039,13.76,['Likely%20benign'],114.89,0.83,0.0,-0.0,0.0
MYO15A,17,18120163,NM_016239.4:c.1363G>A,NP_057323.3:p.Ala455Thr,0.005,9.731,['Likely%20benign'],62.81,0.49,0.0,-0.1,0.1
MYO15A,17,18120163,NM_016239.4:c.1363G>C,NP_057323.3:p.Ala455Pro,0.037,15.55,['Likely%20benign'],62.81,0.49,0.0,0.2,0.2
MYO15A,17,18120163,NM_016239.4:c.1363G>T,NP_057323.3:p.Ala455Ser,0.008,7.311,['Likely%20benign'],62.81,0.49,0.0,0.1,0.1
MYO15A,17,18120164,NM_016239.4:c.1364C>T,NP_057323.3:p.Ala455Val,0.065,21.9,['Likely%20benign'],62.81,0.49,0.0,-0.2,0.2
MYO15A,17,18120166,NM_016239.4:c.1366G>A,NP_057323.3:p.Ala456Thr,0.024,18.95,['Unknown%20significance'],80.46,0.63,0.0,0.1,0.1
MYO15A,17,18120166,NM_016239.4:c.1366G>T,NP_057323.3:p.Ala456Ser,0.010,14.37,['Unknown%20significance'],80.46,0.63,0.0,0.2,0.2
MYO15A,17,18120169,NM_016239.4:c.1369T>G,NP_057323.3:p.Phe457Val,0.126,23.0,['Unknown%20significance'],195.21,0.84,0.0,0.2,0.2
MYO15A,17,18120170,NM_016239.4:c.1370T>C,NP_057323.3:p.Phe457Ser,0.188,22.6,['Unknown%20significance'],195.21,0.84,0.0,0.4,0.4
MYO15A,17,18120172,NM_016239.4:c.1372T>C,NP_057323.3:p.Phe458Leu,0.103,22.7,['Likely%20benign'],223.99,0.97,0.0,0.2,0.2
MYO15A,17,18120172,NM_016239.4:c.1372T>G,NP_057323.3:p.Phe458Val,0.116,23.8,['Unknown%20significance'],223.99,0.97,0.0,0.2,0.2
MYO15A,17,18120174,NM_016239.4:c.1374C>G,NP_057323.3:p.Phe458Leu,0.139,10.46,['Unknown%20significance'],223.99,0.97,0.0,0.2,0.2
MYO15A,17,18120175,NM_016239.4:c.1375G>A,NP_057323.3:p.Glu459Lys,0.143,25.8,['Unknown%20significance'],164.45,0.84,0.0,0.1,0.1
MYO15A,17,18120176,NM_016239.4:c.1376A>C,NP_057323.3:p.Glu459Ala,0.110,25.3,['Unknown%20significance'],164.45,0.84,0.0,0.1,0.1
MYO15A,17,18120178,NM_016239.4:c.1378C>A,NP_057323.3:p.Gln460Lys,0.113,23.0,['Likely%20benign'],167.48,0.84,0.0,0.1,0.1
MYO15A,17,18120179,NM_016239.4:c.1379A>G,NP_057323.3:p.Gln460Arg,0.097,23.4,['Unknown%20significance'],167.48,0.84,0.0,-0.1,0.1
MYO15A,17,18120181,NM_016239.4:c.1381C>G,NP_057323.3:p.Gln461Glu,0.023,18.26,['Likely%20benign'],138.92,0.7,0.0,0.3,0.3
MYO15A,17,18120184,NM_016239.4:c.1384G>C,NP_057323.3:p.Gly462Arg,0.120,25.7,['Unknown%20significance'],70.7,0.74,0.0,-0.2,0.2
MYO15A,17,18120185,NM_016239.4:c.1385G>A,NP_057323.3:p.Gly462Asp,0.137,21.3,['Likely%20benign'],70.7,0.74,0.0,0.2,0.2
MYO15A,17,18120187,NM_016239.4:c.1387A>G,NP_057323.3:p.Met463Val,0.086,19.47,['Unknown%20significance'],154.28,0.71,0.0,0.3,0.3
MYO15A,17,18120187,NM_016239.4:c.1387A>T,NP_057323.3:p.Met463Leu,0.112,22.9,['Unknown%20significance'],154.28,0.71,0.0,0.2,0.2
MYO15A,17,18120188,NM_016239.4:c.1388T>A,NP_057323.3:p.Met463Lys,0.153,23.0,['Unknown%20significance'],154.28,0.71,0.0,0.5,0.5
MYO15A,17,18120188,NM_016239.4:c.1388T>C,NP_057323.3:p.Met463Thr,0.171,22.5,['Unknown%20significance'],154.28,0.71,0.0,0.4,0.4
MYO15A,17,18120189,NM_016239.4:c.1389G>A,NP_057323.3:p.Met463Ile,0.069,16.78,['Likely%20benign'],154.28,0.71,0.0,0.2,0.2
MYO15A,17,18120189,NM_016239.4:c.1389G>C,NP_057323.3:p.Met463Ile,0.069,16.49,['Likely%20benign'],154.28,0.71,0.0,0.2,0.2
MYO15A,17,18120190,NM_016239.4:c.1390G>A,NP_057323.3:p.Asp464Asn,0.079,23.4,['Unknown%20significance'],128.28,0.8,0.0,0.0,0.0
MYO15A,17,18120190,NM_016239.4:c.1390G>C,NP_057323.3:p.Asp464His,0.075,24.6,['Unknown%20significance'],128.28,0.8,0.0,-0.1,0.1
MYO15A,17,18120191,NM_016239.4:c.1391A>G,NP_057323.3:p.Asp464Gly,0.083,22.6,['Unknown%20significance'],128.28,0.8,0.0,0.2,0.2
MYO15A,17,18120192,NM_016239.4:c.1392T>A,NP_057323.3:p.Asp464Glu,0.012,12.51,['Likely%20benign'],128.28,0.8,0.0,0.0,0.0
MYO15A,17,18120194,NM_016239.4:c.1394A>T,NP_057323.3:p.Lys465Met,0.144,24.5,['Unknown%20significance'],221.88,0.93,0.0,-0.1,0.1
MYO15A,17,18120195,NM_016239.4:c.1395G>C,NP_057323.3:p.Lys465Asn,0.051,22.8,['Unknown%20significance'],221.88,0.93,0.0,-0.0,0.0
MYO15A,17,18120197,NM_016239.4:c.1397C>T,NP_057323.3:p.Pro466Leu,0.018,22.5,['Unknown%20significance'],101.32,0.64,0.0,0.1,0.1
MYO15A,17,18120199,NM_016239.4:c.1399G>A,NP_057323.3:p.Ala467Thr,0.059,14.71,['Likely%20benign'],114.46,0.9,0.0,0.0,0.0
MYO15A,17,18120199,NM_016239.4:c.1399G>T,NP_057323.3:p.Ala467Ser,0.016,12.25,['Likely%20benign'],114.46,0.9,0.0,0.0,0.0
MYO15A,17,18120203,NM_016239.4:c.1403G>A,NP_057323.3:p.Arg468Lys,0.014,20.9,['Likely%20benign'],247.77,0.91,0.0,0.1,0.1
MYO15A,17,18120204,NM_016239.4:c.1404G>T,NP_057323.3:p.Arg468Ser,0.044,16.88,['Unknown%20significance'],247.77,0.91,0.0,0.1,0.1
MYO15A,17,18120205,NM_016239.4:c.1405T>C,NP_057323.3:p.Ser469Pro,0.100,23.9,['Unknown%20significance'],114.76,0.83,0.0,0.2,0.2
MYO15A,17,18120211,NM_016239.4:c.1411C>A,NP_057323.3:p.Leu471Met,0.112,24.0,['Unknown%20significance'],189.09,0.98,0.0,0.1,0.1
MYO15A,17,18120211,NM_016239.4:c.1411C>G,NP_057323.3:p.Leu471Val,0.107,22.5,['Unknown%20significance'],189.09,0.98,0.0,0.1,0.1
MYO15A,17,18120212,NM_016239.4:c.1412T>C,NP_057323.3:p.Leu471Pro,0.228,26.8,['Unknown%20significance'],189.09,0.98,0.0,0.3,0.3
MYO15A,17,18120214,NM_016239.4:c.1414T>A,NP_057323.3:p.Ser472Thr,0.074,22.3,['Unknown%20significance'],76.24,0.55,0.0,-0.0,0.0
MYO15A,17,18120215,NM_016239.4:c.1415C>T,NP_057323.3:p.Ser472Phe,0.098,23.0,['Unknown%20significance'],76.24,0.55,0.0,-0.2,0.2
MYO15A,17,18120217,NM_016239.4:c.1417C>T,NP_057323.3:p.Leu473Phe,0.051,23.0,['Unknown%20significance'],180.67,0.93,0.0,0.1,0.1
MYO15A,17,18120218,NM_016239.4:c.1418T>G,NP_057323.3:p.Leu473Arg,0.258,23.9,['Unknown%20significance'],180.67,0.93,0.0,0.2,0.2
MYO15A,17,18120221,NM_016239.4:c.1421T>C,NP_057323.3:p.Ile474Thr,0.109,22.5,['Likely%20benign'],185.97,0.94,0.0,0.1,0.1
MYO15A,17,18120223,NM_016239.4:c.1423C>T,NP_057323.3:p.Arg475Cys,0.228,25.2,['Unknown%20significance'],230.07,0.85,0.0,0.2,0.2
MYO15A,17,18120224,NM_016239.4:c.1424G>A,NP_057323.3:p.Arg475His,0.158,27.0,['Unknown%20significance'],230.07,0.85,0.0,0.1,0.1
MYO15A,17,18120224,NM_016239.4:c.1424G>C,NP_057323.3:p.Arg475Pro,0.198,27.5,['Unknown%20significance'],230.07,0.85,0.0,0.2,0.2
MYO15A,17,18120232,NM_016239.4:c.1432C>T,NP_057323.3:p.Arg478Cys,0.165,26.4,['Unknown%20significance'],234.25,0.86,0.0,0.2,0.2
MYO15A,17,18120233,NM_016239.4:c.1433G>A,NP_057323.3:p.Arg478His,0.100,25.3,['Unknown%20significance'],234.25,0.86,0.0,0.1,0.1
MYO15A,17,18120233,NM_016239.4:c.1433G>C,NP_057323.3:p.Arg478Pro,0.215,25.5,['Unknown%20significance'],234.25,0.86,0.0,0.3,0.3
MYO15A,17,18120233,NM_016239.4:c.1433G>T,NP_057323.3:p.Arg478Leu,0.062,23.4,['Unknown%20significance'],234.25,0.86,0.0,-0.0,0.0
MYO15A,17,18120235,NM_016239.4:c.1435C>G,NP_057323.3:p.Leu479Val,0.082,23.2,['Unknown%20significance'],137.79,0.71,0.0,0.4,0.4
MYO15A,17,18120235,NM_016239.4:c.1435C>T,NP_057323.3:p.Leu479Phe,0.084,25.2,['Unknown%20significance'],137.79,0.71,0.0,0.3,0.3
MYO15A,17,18120239,NM_016239.4:c.1439T>C,NP_057323.3:p.Phe480Ser,0.370,29.5,['Unknown%20significance'],40.22,0.17,0.0,3.5,3.5
MYO15A,17,18120240,NM_016239.4:c.1440C>G,NP_057323.3:p.Phe480Leu,0.119,22.7,['Unknown%20significance'],40.22,0.17,0.0,1.7,1.7
MYO15A,17,18120242,NM_016239.4:c.1442C>T,NP_057323.3:p.Pro481Leu,0.334,26.1,['Unknown%20significance'],68.12,0.43,0.0,1.0,1.0
MYO15A,17,18120244,NM_016239.4:c.1444C>G,NP_057323.3:p.Arg482Gly,0.302,25.4,['Unknown%20significance'],90.2,0.33,0.0,1.9,1.9
MYO15A,17,18120245,NM_016239.4:c.1445G>A,NP_057323.3:p.Arg482Gln,0.256,28.3,['Likely%20pathogenic'],90.2,0.33,0.0,0.6,0.6
MYO15A,17,18120245,NM_016239.4:c.1445G>C,NP_057323.3:p.Arg482Pro,0.330,28.6,['Unknown%20significance'],90.2,0.33,0.0,1.4,1.4
MYO15A,17,18120247,NM_016239.4:c.1447C>A,NP_057323.3:p.Pro483Thr,0.353,24.8,['Unknown%20significance'],6.3,0.04,0.0,2.1,2.1
MYO15A,17,18120247,NM_016239.4:c.1447C>T,NP_057323.3:p.Pro483Ser,0.276,25.1,['Unknown%20significance'],6.3,0.04,0.0,2.5,2.5
MYO15A,17,18120250,NM_016239.4:c.1450C>G,NP_057323.3:p.Gln484Glu,0.153,24.5,['Unknown%20significance'],116.86,0.59,0.0,0.1,0.1
MYO15A,17,18120251,NM_016239.4:c.1451A>G,NP_057323.3:p.Gln484Arg,0.132,24.9,['Unknown%20significance'],116.86,0.59,0.0,0.3,0.3
MYO15A,17,18120252,NM_016239.4:c.1452G>C,NP_057323.3:p.Gln484His,0.168,23.0,['Unknown%20significance'],116.86,0.59,0.0,0.2,0.2
MYO15A,17,18120254,NM_016239.4:c.1454T>C,NP_057323.3:p.Val485Ala,0.169,27.1,['Likely%20benign'],83.21,0.48,0.0,1.2,1.2
MYO15A,17,18120257,NM_016239.4:c.1457A>G,NP_057323.3:p.Lys486Arg,0.043,22.7,['Unknown%20significance'],136.12,0.57,0.0,-0.2,0.2
MYO15A,17,18120262,NM_016239.4:c.1462T>C,NP_057323.3:p.Phe488Leu,0.215,24.3,['Unknown%20significance'],216.82,0.94,0.0,0.2,0.2
MYO15A,17,18120264,NM_016239.4:c.1464T>G,NP_057323.3:p.Phe488Leu,0.182,16.48,['Likely%20benign'],216.82,0.94,0.0,0.2,0.2
MYO15A,17,18120265,NM_016239.4:c.1465G>A,NP_057323.3:p.Gly489Arg,0.339,27.8,['Unknown%20significance'],74.34,0.77,0.0,0.1,0.1
MYO15A,17,18120265,NM_016239.4:c.1465G>T,NP_057323.3:p.Gly489Trp,0.331,25.1,['Unknown%20significance'],74.34,0.77,0.0,-0.1,0.1
MYO15A,17,18120266,NM_016239.4:c.1466G>A,NP_057323.3:p.Gly489Glu,0.379,26.7,['Unknown%20significance'],74.34,0.77,0.0,0.4,0.4
MYO15A,17,18120271,NM_016239.4:c.1471G>A,NP_057323.3:p.Glu491Lys,0.155,27.7,['Unknown%20significance'],155.24,0.79,0.0,0.3,0.3
MYO15A,17,18120274,NM_016239.4:c.1474A>G,NP_057323.3:p.Lys492Glu,0.107,25.7,['Unknown%20significance'],190.8,0.8,0.0,0.1,0.1
MYO15A,17,18120276,NM_016239.4:c.1476G>T,NP_057323.3:p.Lys492Asn,0.108,23.3,['Unknown%20significance'],190.8,0.8,0.0,0.1,0.1
MYO15A,17,18120277,NM_016239.4:c.1477C>A,NP_057323.3:p.Leu493Met,0.211,18.22,['Likely%20benign'],192.72,0.99,0.0,0.1,0.1
MYO15A,17,18120280,NM_016239.4:c.1480G>C,NP_057323.3:p.Glu494Gln,0.075,24.0,['Unknown%20significance'],152.39,0.78,0.0,-0.0,0.0
MYO15A,17,18120282,NM_016239.4:c.1482G>T,NP_057323.3:p.Glu494Asp,0.037,6.835,['Likely%20benign'],152.39,0.78,0.0,-0.0,0.0
MYO15A,17,18120283,NM_016239.4:c.1483G>A,NP_057323.3:p.Val495Met,0.109,25.5,['Unknown%20significance'],151.26,0.88,0.0,0.1,0.1
MYO15A,17,18120286,NM_016239.4:c.1486C>A,NP_057323.3:p.Pro496Thr,0.091,16.83,['Likely%20benign'],125.23,0.79,0.0,0.3,0.3
MYO15A,17,18120286,NM_016239.4:c.1486C>T,NP_057323.3:p.Pro496Ser,0.031,17.07,['Likely%20benign'],125.23,0.79,0.0,0.4,0.4
MYO15A,17,18120292,NM_016239.4:c.1492C>T,NP_057323.3:p.Pro498Ser,0.174,23.6,['Unknown%20significance'],97.45,0.61,0.0,0.5,0.5
MYO15A,17,18120295,NM_016239.4:c.1495C>A,NP_057323.3:p.Pro499Thr,0.101,23.8,['Unknown%20significance'],121.09,0.76,0.0,0.5,0.5
MYO15A,17,18120296,NM_016239.4:c.1496C>T,NP_057323.3:p.Pro499Leu,0.190,24.3,['Unknown%20significance'],121.09,0.76,0.0,0.4,0.4
MYO15A,17,18120299,NM_016239.4:c.1499C>G,NP_057323.3:p.Ser500Cys,0.102,24.9,['Unknown%20significance'],91.89,0.66,0.0,0.2,0.2
MYO15A,17,18120299,NM_016239.4:c.1499C>T,NP_057323.3:p.Ser500Phe,0.091,25.3,['Unknown%20significance'],91.89,0.66,0.0,-0.3,0.3
MYO15A,17,18120301,NM_016239.4:c.1501C>G,NP_057323.3:p.Leu501Val,0.016,15.70,['Likely%20benign'],175.99,0.91,0.0,0.1,0.1
MYO15A,17,18120302,NM_016239.4:c.1502T>A,NP_057323.3:p.Leu501Gln,0.102,24.7,['Unknown%20significance'],175.99,0.91,0.0,0.2,0.2
MYO15A,17,18120304,NM_016239.4:c.1504G>T,NP_057323.3:p.Asp502Tyr,0.066,24.4,['Unknown%20significance'],125.29,0.78,0.0,-0.3,0.3
MYO15A,17,18120307,NM_016239.4:c.1507A>G,NP_057323.3:p.Ile503Val,0.060,21.6,['Unknown%20significance'],172.95,0.88,0.0,0.1,0.1
MYO15A,17,18120310,NM_016239.4:c.1510C>A,NP_057323.3:p.Pro504Thr,0.048,18.38,['Unknown%20significance'],120.25,0.76,0.0,0.5,0.5
MYO15A,17,18120310,NM_016239.4:c.1510C>G,NP_057323.3:p.Pro504Ala,0.035,13.76,['Unknown%20significance'],120.25,0.76,0.0,0.4,0.4
MYO15A,17,18120313,NM_016239.4:c.1513C>A,NP_057323.3:p.Leu505Ile,0.045,15.29,['Unknown%20significance'],142.18,0.73,0.0,0.1,0.1
MYO15A,17,18120314,NM_016239.4:c.1514T>C,NP_057323.3:p.Leu505Pro,0.167,22.7,['Unknown%20significance'],142.18,0.73,0.0,0.7,0.7
MYO15A,17,18120316,NM_016239.4:c.1516C>A,NP_057323.3:p.Pro506Thr,0.035,13.33,['Likely%20benign'],136.9,0.87,0.0,0.0,0.0
MYO15A,17,18120316,NM_016239.4:c.1516C>T,NP_057323.3:p.Pro506Ser,0.027,17.70,['Unknown%20significance'],136.9,0.87,0.0,0.1,0.1
MYO15A,17,18120319,NM_016239.4:c.1519T>G,NP_057323.3:p.Leu507Val,0.019,10.31,['Unknown%20significance'],158.27,0.82,0.0,0.1,0.1
MYO15A,17,18120322,NM_016239.4:c.1522G>T,NP_057323.3:p.Gly508Trp,0.047,21.8,['Unknown%20significance'],66.25,0.69,0.0,-0.2,0.2
MYO15A,17,18120323,NM_016239.4:c.1523G>A,NP_057323.3:p.Gly508Glu,0.035,13.87,['Unknown%20significance'],66.25,0.69,0.0,0.3,0.3
MYO15A,17,18120323,NM_016239.4:c.1523G>T,NP_057323.3:p.Gly508Val,0.027,13.61,['Unknown%20significance'],66.25,0.69,0.0,0.1,0.1
MYO15A,17,18120325,NM_016239.4:c.1525G>A,NP_057323.3:p.Asp509Asn,0.149,22.7,['Unknown%20significance'],143.11,0.89,0.0,-0.0,0.0
MYO15A,17,18120325,NM_016239.4:c.1525G>T,NP_057323.3:p.Asp509Tyr,0.190,21.2,['Unknown%20significance'],143.11,0.89,0.0,-0.1,0.1
MYO15A,17,18120328,NM_016239.4:c.1528G>A,NP_057323.3:p.Ala510Thr,0.083,13.31,['Unknown%20significance'],82.77,0.65,0.0,-0.1,0.1
MYO15A,17,18120329,NM_016239.4:c.1529C>A,NP_057323.3:p.Ala510Glu,0.028,0.722,['Unknown%20significance'],82.77,0.65,0.0,0.1,0.1
MYO15A,17,18120329,NM_016239.4:c.1529C>T,NP_057323.3:p.Ala510Val,0.081,3.651,['Likely%20benign'],82.77,0.65,0.0,-0.2,0.2
MYO15A,17,18120331,NM_016239.4:c.1531G>A,NP_057323.3:p.Asp511Asn,0.081,21.0,['Unknown%20significance'],130.18,0.81,0.0,-0.1,0.1
MYO15A,17,18120331,NM_016239.4:c.1531G>T,NP_057323.3:p.Asp511Tyr,0.128,23.0,['Unknown%20significance'],130.18,0.81,0.0,-0.1,0.1
MYO15A,17,18120334,NM_016239.4:c.1534G>A,NP_057323.3:p.Glu512Lys,0.086,22.2,['Unknown%20significance'],156.47,0.8,0.0,-0.1,0.1
MYO15A,17,18120335,NM_016239.4:c.1535A>T,NP_057323.3:p.Glu512Val,0.039,18.35,['Unknown%20significance'],156.47,0.8,0.0,-0.1,0.1
MYO15A,17,18120340,NM_016239.4:c.1540G>A,NP_057323.3:p.Glu514Lys,0.126,22.9,['Unknown%20significance'],155.34,0.79,0.0,-0.1,0.1
MYO15A,17,18120341,NM_016239.4:c.1541A>G,NP_057323.3:p.Glu514Gly,0.078,22.9,['Unknown%20significance'],155.34,0.79,0.0,0.2,0.2
MYO15A,17,18120343,NM_016239.4:c.1543G>T,NP_057323.3:p.Asp515Tyr,0.144,20.7,['Unknown%20significance'],137.75,0.86,0.0,-0.2,0.2
MYO15A,17,18120344,NM_016239.4:c.1544A>C,NP_057323.3:p.Asp515Ala,0.051,22.4,['Unknown%20significance'],137.75,0.86,0.0,0.1,0.1
MYO15A,17,18120345,NM_016239.4:c.1545C>G,NP_057323.3:p.Asp515Glu,0.047,0.001,['Likely%20benign'],137.75,0.86,0.0,0.0,0.0
MYO15A,17,18120346,NM_016239.4:c.1546G>A,NP_057323.3:p.Glu516Lys,0.091,22.6,['Unknown%20significance'],175.3,0.89,0.0,-0.1,0.1
MYO15A,17,18120346,NM_016239.4:c.1546G>C,NP_057323.3:p.Glu516Gln,0.114,22.4,['Unknown%20significance'],175.3,0.89,0.0,-0.1,0.1
MYO15A,17,18120347,NM_016239.4:c.1547A>G,NP_057323.3:p.Glu516Gly,0.116,22.9,['Unknown%20significance'],175.3,0.89,0.0,0.1,0.1
MYO15A,17,18120349,NM_016239.4:c.1549G>A,NP_057323.3:p.Glu517Lys,0.094,22.2,['Unknown%20significance'],147.03,0.75,0.0,-0.1,0.1
MYO15A,17,18120350,NM_016239.4:c.1550A>G,NP_057323.3:p.Glu517Gly,0.091,22.8,['Unknown%20significance'],147.03,0.75,0.0,0.2,0.2
MYO15A,17,18120351,NM_016239.4:c.1551G>T,NP_057323.3:p.Glu517Asp,0.011,0.194,['Likely%20benign'],147.03,0.75,0.0,0.0,0.0
MYO15A,17,18120352,NM_016239.4:c.1552G>A,NP_057323.3:p.Glu518Lys,0.072,15.81,['Benign'],179.64,0.91,0.0,0.0,0.0
MYO15A,17,18120354,NM_016239.4:c.1554G>T,NP_057323.3:p.Glu518Asp,0.019,3.665,['Likely%20benign'],179.64,0.91,0.0,0.0,0.0
MYO15A,17,18120358,NM_016239.4:c.1558C>A,NP_057323.3:p.Pro520Thr,0.026,0.717,['Likely%20benign'],111.4,0.7,0.0,-0.1,0.1
MYO15A,17,18120358,NM_016239.4:c.1558C>T,NP_057323.3:p.Pro520Ser,0.004,1.092,['Likely%20benign'],111.4,0.7,0.0,0.1,0.1
MYO15A,17,18120359,NM_016239.4:c.1559C>A,NP_057323.3:p.Pro520His,0.025,13.29,['Likely%20benign'],111.4,0.7,0.0,-0.1,0.1
MYO15A,17,18120361,NM_016239.4:c.1561C>T,NP_057323.3:p.Pro521Ser,0.033,13.64,['Unknown%20significance'],136.24,0.86,0.0,0.3,0.3
MYO15A,17,18120362,NM_016239.4:c.1562C>A,NP_057323.3:p.Pro521Gln,0.049,13.37,['Likely%20benign'],136.24,0.86,0.0,0.2,0.2
MYO15A,17,18120362,NM_016239.4:c.1562C>T,NP_057323.3:p.Pro521Leu,0.044,14.55,['Unknown%20significance'],136.24,0.86,0.0,-0.0,0.0
MYO15A,17,18120364,NM_016239.4:c.1564G>C,NP_057323.3:p.Val522Leu,0.087,5.370,['Likely%20benign'],152.29,0.88,0.0,0.0,0.0
MYO15A,17,18120370,NM_016239.4:c.1570G>A,NP_057323.3:p.Ala524Thr,0.007,0.004,['Likely%20benign'],85.64,0.67,0.0,-0.1,0.1
MYO15A,17,18120370,NM_016239.4:c.1570G>T,NP_057323.3:p.Ala524Ser,0.004,0.002,['Likely%20benign'],85.64,0.67,0.0,0.0,0.0
MYO15A,17,18120371,NM_016239.4:c.1571C>T,NP_057323.3:p.Ala524Val,0.008,1.768,['Likely%20benign'],85.64,0.67,0.0,-0.2,0.2
MYO15A,17,18120373,NM_016239.4:c.1573G>A,NP_057323.3:p.Val525Met,0.007,6.173,['Unknown%20significance'],150.31,0.87,0.0,-0.0,0.0
MYO15A,17,18120373,NM_016239.4:c.1573G>C,NP_057323.3:p.Val525Leu,0.088,1.607,['Likely%20benign'],150.31,0.87,0.0,0.0,0.0
MYO15A,17,18120374,NM_016239.4:c.1574T>C,NP_057323.3:p.Val525Ala,0.064,0.920,['Likely%20benign'],150.31,0.87,0.0,0.1,0.1
MYO15A,17,18120376,NM_016239.4:c.1576C>A,NP_057323.3:p.Pro526Thr,0.100,23.1,['Unknown%20significance'],104.52,0.66,0.0,0.9,0.9
MYO15A,17,18120376,NM_016239.4:c.1576C>T,NP_057323.3:p.Pro526Ser,0.071,23.1,['Unknown%20significance'],104.52,0.66,0.0,1.0,1.0
MYO15A,17,18120377,NM_016239.4:c.1577C>T,NP_057323.3:p.Pro526Leu,0.121,23.8,['Unknown%20significance'],104.52,0.66,0.0,0.7,0.7
MYO15A,17,18120382,NM_016239.4:c.1582G>A,NP_057323.3:p.Gly528Ser,0.017,10.32,['Likely%20benign'],64.99,0.68,0.0,-0.2,0.2
MYO15A,17,18120382,NM_016239.4:c.1582G>C,NP_057323.3:p.Gly528Arg,0.013,10.58,['Likely%20benign'],64.99,0.68,0.0,-0.2,0.2
MYO15A,17,18120382,NM_016239.4:c.1582G>T,NP_057323.3:p.Gly528Cys,0.034,17.91,['Likely%20benign'],64.99,0.68,0.0,-0.1,0.1
MYO15A,17,18120383,NM_016239.4:c.1583G>A,NP_057323.3:p.Gly528Asp,0.032,8.206,['Likely%20benign'],64.99,0.68,0.0,0.1,0.1
MYO15A,17,18120383,NM_016239.4:c.1583G>T,NP_057323.3:p.Gly528Val,0.012,9.189,['Likely%20benign'],64.99,0.68,0.0,-0.4,0.4
MYO15A,17,18120385,NM_016239.4:c.1585C>T,NP_057323.3:p.His529Tyr,0.034,22.6,['Unknown%20significance'],210.18,1.0,0.0,-0.0,0.0
MYO15A,17,18120386,NM_016239.4:c.1586A>G,NP_057323.3:p.His529Arg,0.035,22.8,['Unknown%20significance'],210.18,1.0,0.0,0.1,0.1
MYO15A,17,18120388,NM_016239.4:c.1588C>A,NP_057323.3:p.Pro530Thr,0.235,23.0,['Unknown%20significance'],100.69,0.64,0.0,0.5,0.5
MYO15A,17,18120389,NM_016239.4:c.1589C>T,NP_057323.3:p.Pro530Leu,0.137,17.13,['Unknown%20significance'],100.69,0.64,0.0,0.4,0.4
MYO15A,17,18120391,NM_016239.4:c.1591T>C,NP_057323.3:p.Phe531Leu,0.027,21.6,['Likely%20benign'],174.09,0.75,0.0,0.2,0.2
MYO15A,17,18120393,NM_016239.4:c.1593C>A,NP_057323.3:p.Phe531Leu,0.032,18.68,['Likely%20benign'],174.09,0.75,0.0,0.2,0.2
MYO15A,17,18120393,NM_016239.4:c.1593C>G,NP_057323.3:p.Phe531Leu,0.032,18.82,['Likely%20benign'],174.09,0.75,0.0,0.2,0.2
MYO15A,17,18120394,NM_016239.4:c.1594T>G,NP_057323.3:p.Trp532Gly,0.252,23.2,['Unknown%20significance'],220.54,0.84,0.0,0.6,0.6
MYO15A,17,18120395,NM_016239.4:c.1595G>C,NP_057323.3:p.Trp532Ser,0.203,24.2,['Unknown%20significance'],220.54,0.84,0.0,0.5,0.5
MYO15A,17,18120395,NM_016239.4:c.1595G>T,NP_057323.3:p.Trp532Leu,0.141,24.0,['Unknown%20significance'],220.54,0.84,0.0,0.3,0.3
MYO15A,17,18120396,NM_016239.4:c.1596G>C,NP_057323.3:p.Trp532Cys,0.174,24.7,['Unknown%20significance'],220.54,0.84,0.0,0.5,0.5
MYO15A,17,18120397,NM_016239.4:c.1597G>A,NP_057323.3:p.Gly533Ser,0.032,18.30,['Likely%20benign'],50.54,0.53,0.0,-0.1,0.1
MYO15A,17,18120398,NM_016239.4:c.1598G>A,NP_057323.3:p.Gly533Asp,0.054,21.6,['Unknown%20significance'],50.54,0.53,0.0,-0.2,0.2
MYO15A,17,18120398,NM_016239.4:c.1598G>T,NP_057323.3:p.Gly533Val,0.111,23.0,['Unknown%20significance'],50.54,0.53,0.0,-0.4,0.4
MYO15A,17,18120401,NM_016239.4:c.1601T>G,NP_057323.3:p.Phe534Cys,0.159,25.5,['Unknown%20significance'],202.4,0.88,0.0,0.3,0.3
MYO15A,17,18120402,NM_016239.4:c.1602C>A,NP_057323.3:p.Phe534Leu,0.090,19.95,['Likely%20benign'],202.4,0.88,0.0,0.1,0.1
MYO15A,17,18120403,NM_016239.4:c.1603C>T,NP_057323.3:p.Leu535Phe,0.084,24.1,['Unknown%20significance'],137.0,0.71,0.0,0.1,0.1
MYO15A,17,18120406,NM_016239.4:c.1606A>G,NP_057323.3:p.Thr536Ala,0.015,17.18,['Unknown%20significance'],78.69,0.5,0.0,0.2,0.2
MYO15A,17,18120407,NM_016239.4:c.1607C>A,NP_057323.3:p.Thr536Lys,0.111,17.57,['Unknown%20significance'],78.69,0.5,0.0,0.4,0.4
MYO15A,17,18120407,NM_016239.4:c.1607C>T,NP_057323.3:p.Thr536Met,0.077,23.1,['Unknown%20significance'],78.69,0.5,0.0,-0.2,0.2
MYO15A,17,18120410,NM_016239.4:c.1610C>A,NP_057323.3:p.Pro537Gln,0.197,23.4,['Unknown%20significance'],106.84,0.67,0.0,0.2,0.2
MYO15A,17,18120410,NM_016239.4:c.1610C>T,NP_057323.3:p.Pro537Leu,0.150,23.5,['Unknown%20significance'],106.84,0.67,0.0,-0.1,0.1
MYO15A,17,18120412,NM_016239.4:c.1612C>T,NP_057323.3:p.Arg538Cys,0.299,24.7,['Unknown%20significance'],146.93,0.54,0.0,0.9,0.9
MYO15A,17,18120413,NM_016239.4:c.1613G>A,NP_057323.3:p.Arg538His,0.237,24.2,['Unknown%20significance'],146.93,0.54,0.0,0.3,0.3
MYO15A,17,18120418,NM_016239.4:c.1618C>A,NP_057323.3:p.Arg540Ser,0.478,23.8,['Unknown%20significance'],156.78,0.58,0.0,0.6,0.6
MYO15A,17,18120418,NM_016239.4:c.1618C>G,NP_057323.3:p.Arg540Gly,0.625,23.9,['Unknown%20significance'],156.78,0.58,0.0,0.9,0.9
MYO15A,17,18120418,NM_016239.4:c.1618C>T,NP_057323.3:p.Arg540Cys,0.617,28.1,['Unknown%20significance'],156.78,0.58,0.0,0.7,0.7
MYO15A,17,18120419,NM_016239.4:c.1619G>A,NP_057323.3:p.Arg540His,0.590,26.2,['Unknown%20significance'],156.78,0.58,0.0,0.3,0.3
MYO15A,17,18120419,NM_016239.4:c.1619G>T,NP_057323.3:p.Arg540Leu,0.578,25.8,['Unknown%20significance'],156.78,0.58,0.0,0.4,0.4
MYO15A,17,18120421,NM_016239.4:c.1621A>C,NP_057323.3:p.Asn541His,0.132,16.78,['Unknown%20significance'],80.6,0.5,0.0,-0.2,0.2
MYO15A,17,18120422,NM_016239.4:c.1622A>C,NP_057323.3:p.Asn541Thr,0.128,22.5,['Unknown%20significance'],80.6,0.5,0.0,0.0,0.0
MYO15A,17,18120424,NM_016239.4:c.1624C>A,NP_057323.3:p.Leu542Ile,0.137,18.52,['Likely%20benign'],128.77,0.66,0.0,0.1,0.1
MYO15A,17,18120425,NM_016239.4:c.1625T>C,NP_057323.3:p.Leu542Pro,0.478,24.2,['Unknown%20significance'],128.77,0.66,0.0,0.6,0.6
MYO15A,17,18120425,NM_016239.4:c.1625T>G,NP_057323.3:p.Leu542Arg,0.328,23.8,['Unknown%20significance'],128.77,0.66,0.0,0.1,0.1
MYO15A,17,18120427,NM_016239.4:c.1627C>A,NP_057323.3:p.Gln543Lys,0.354,23.3,['Likely%20benign'],112.51,0.56,0.0,0.2,0.2
MYO15A,17,18120427,NM_016239.4:c.1627C>G,NP_057323.3:p.Gln543Glu,0.306,24.1,['Likely%20benign'],112.51,0.56,0.0,0.3,0.3
MYO15A,17,18120430,NM_016239.4:c.1630C>A,NP_057323.3:p.Arg544Ser,0.428,21.4,['Unknown%20significance'],187.56,0.69,0.0,0.5,0.5
MYO15A,17,18120430,NM_016239.4:c.1630C>G,NP_057323.3:p.Arg544Gly,0.590,23.2,['Unknown%20significance'],187.56,0.69,0.0,0.6,0.6
MYO15A,17,18120430,NM_016239.4:c.1630C>T,NP_057323.3:p.Arg544Cys,0.677,26.1,['Unknown%20significance'],187.56,0.69,0.0,0.5,0.5
MYO15A,17,18120431,NM_016239.4:c.1631G>A,NP_057323.3:p.Arg544His,0.434,26.7,['Unknown%20significance'],187.56,0.69,0.0,0.2,0.2
MYO15A,17,18120431,NM_016239.4:c.1631G>T,NP_057323.3:p.Arg544Leu,0.397,23.8,['Unknown%20significance'],187.56,0.69,0.0,0.2,0.2
MYO15A,17,18120433,NM_016239.4:c.1633G>A,NP_057323.3:p.Ala545Thr,0.389,25.7,['Unknown%20significance'],61.17,0.48,0.0,0.1,0.1
MYO15A,17,18120433,NM_016239.4:c.1633G>T,NP_057323.3:p.Ala545Ser,0.301,23.6,['Unknown%20significance'],61.17,0.48,0.0,0.2,0.2
MYO15A,17,18120434,NM_016239.4:c.1634C>A,NP_057323.3:p.Ala545Glu,0.502,24.7,['Unknown%20significance'],61.17,0.48,0.0,0.4,0.4
MYO15A,17,18120434,NM_016239.4:c.1634C>T,NP_057323.3:p.Ala545Val,0.441,24.8,['Pathogenic'],61.17,0.48,0.0,0.0,0.0
MYO15A,17,18120437,NM_016239.4:c.1637T>A,NP_057323.3:p.Leu546Gln,0.563,23.6,['Unknown%20significance'],171.29,0.88,0.0,0.2,0.2
MYO15A,17,18120437,NM_016239.4:c.1637T>C,NP_057323.3:p.Leu546Pro,0.535,22.1,['Unknown%20significance'],171.29,0.88,0.0,0.3,0.3
MYO15A,17,18120439,NM_016239.4:c.1639T>C,NP_057323.3:p.Ser547Pro,0.497,25.1,['Unknown%20significance'],105.54,0.76,0.0,0.2,0.2
MYO15A,17,18120440,NM_016239.4:c.1640C>T,NP_057323.3:p.Ser547Leu,0.433,24.7,['Unknown%20significance'],105.54,0.76,0.0,-0.0,0.0
MYO15A,17,18120442,NM_016239.4:c.1642G>A,NP_057323.3:p.Ala548Thr,0.392,24.1,['Unknown%20significance'],66.39,0.52,0.0,0.1,0.1
MYO15A,17,18120442,NM_016239.4:c.1642G>T,NP_057323.3:p.Ala548Ser,0.333,22.4,['Unknown%20significance'],66.39,0.52,0.0,0.2,0.2
MYO15A,17,18120443,NM_016239.4:c.1643C>T,NP_057323.3:p.Ala548Val,0.383,23.9,['Unknown%20significance'],66.39,0.52,0.0,-0.1,0.1
MYO15A,17,18120448,NM_016239.4:c.1648G>A,NP_057323.3:p.Gly550Ser,0.348,12.25,['Unknown%20significance'],75.13,0.78,0.0,-0.0,0.0
MYO15A,17,18120448,NM_016239.4:c.1648G>T,NP_057323.3:p.Gly550Cys,0.622,22.1,['Unknown%20significance'],75.13,0.78,0.0,-0.0,0.0
MYO15A,17,18120449,NM_016239.4:c.1649G>A,NP_057323.3:p.Gly550Asp,0.482,17.25,['Unknown%20significance'],75.13,0.78,0.0,0.1,0.1
MYO15A,17,18120451,NM_016239.4:c.1651G>A,NP_057323.3:p.Ala551Thr,0.109,15.76,['Likely%20pathogenic'],121.09,0.95,0.0,-0.0,0.0
MYO15A,17,18120451,NM_016239.4:c.1651G>C,NP_057323.3:p.Ala551Pro,0.247,16.08,['Unknown%20significance'],121.09,0.95,0.0,0.1,0.1
MYO15A,17,18120451,NM_016239.4:c.1651G>T,NP_057323.3:p.Ala551Ser,0.083,13.94,['Unknown%20significance'],121.09,0.95,0.0,0.0,0.0
MYO15A,17,18120452,NM_016239.4:c.1652C>T,NP_057323.3:p.Ala551Val,0.080,14.99,['Unknown%20significance'],121.09,0.95,0.0,-0.0,0.0
MYO15A,17,18120454,NM_016239.4:c.1654C>A,NP_057323.3:p.His552Asn,0.171,15.61,['Likely%20benign'],175.28,0.85,0.0,0.2,0.2
MYO15A,17,18120454,NM_016239.4:c.1654C>T,NP_057323.3:p.His552Tyr,0.245,16.28,['Likely%20benign'],175.28,0.85,0.0,-0.2,0.2
MYO15A,17,18120455,NM_016239.4:c.1655A>G,NP_057323.3:p.His552Arg,0.218,0.203,['Likely%20benign'],175.28,0.85,0.0,0.0,0.0
MYO15A,17,18120457,NM_016239.4:c.1657C>G,NP_057323.3:p.Arg553Gly,0.324,21.0,['Unknown%20significance'],213.01,0.79,0.0,0.5,0.5
MYO15A,17,18120457,NM_016239.4:c.1657C>T,NP_057323.3:p.Arg553Trp,0.337,22.5,['Unknown%20significance'],213.01,0.79,0.0,-0.0,0.0
MYO15A,17,18120458,NM_016239.4:c.1658G>A,NP_057323.3:p.Arg553Gln,0.166,17.74,['Likely%20benign'],213.01,0.79,0.0,0.2,0.2
MYO15A,17,18120458,NM_016239.4:c.1658G>C,NP_057323.3:p.Arg553Pro,0.495,22.3,['Unknown%20significance'],213.01,0.79,0.0,0.3,0.3
MYO15A,17,18120458,NM_016239.4:c.1658G>T,NP_057323.3:p.Arg553Leu,0.304,21.5,['Unknown%20significance'],213.01,0.79,0.0,0.0,0.0
MYO15A,17,18120460,NM_016239.4:c.1660G>A,NP_057323.3:p.Gly554Ser,0.060,19.47,['Likely%20benign'],75.26,0.78,0.0,-0.1,0.1
MYO15A,17,18120460,NM_016239.4:c.1660G>T,NP_057323.3:p.Gly554Cys,0.377,23.1,['Unknown%20significance'],75.26,0.78,0.0,-0.1,0.1
MYO15A,17,18120461,NM_016239.4:c.1661G>A,NP_057323.3:p.Gly554Asp,0.177,17.45,['Likely%20benign'],75.26,0.78,0.0,-0.0,0.0
MYO15A,17,18120461,NM_016239.4:c.1661G>T,NP_057323.3:p.Gly554Val,0.221,21.9,['Unknown%20significance'],75.26,0.78,0.0,-0.4,0.4
MYO15A,17,18120463,NM_016239.4:c.1663C>A,NP_057323.3:p.Leu555Met,0.197,18.70,['Likely%20benign'],136.57,0.7,0.0,0.1,0.1
MYO15A,17,18120464,NM_016239.4:c.1664T>C,NP_057323.3:p.Leu555Pro,0.346,20.5,['Likely%20benign'],136.57,0.7,0.0,-0.1,0.1
MYO15A,17,18120466,NM_016239.4:c.1666G>A,NP_057323.3:p.Gly556Ser,0.316,19.79,['Unknown%20significance'],64.98,0.68,0.0,-0.2,0.2
MYO15A,17,18120466,NM_016239.4:c.1666G>C,NP_057323.3:p.Gly556Arg,0.473,24.2,['Unknown%20significance'],64.98,0.68,0.0,-0.2,0.2
MYO15A,17,18120466,NM_016239.4:c.1666G>T,NP_057323.3:p.Gly556Cys,0.512,24.6,['Unknown%20significance'],64.98,0.68,0.0,-0.0,0.0
MYO15A,17,18120467,NM_016239.4:c.1667G>A,NP_057323.3:p.Gly556Asp,0.332,24.9,['Unknown%20significance'],64.98,0.68,0.0,0.1,0.1
MYO15A,17,18120467,NM_016239.4:c.1667G>C,NP_057323.3:p.Gly556Ala,0.256,21.9,['Unknown%20significance'],64.98,0.68,0.0,-0.1,0.1
MYO15A,17,18120467,NM_016239.4:c.1667G>T,NP_057323.3:p.Gly556Val,0.404,23.4,['Unknown%20significance'],64.98,0.68,0.0,-0.3,0.3
MYO15A,17,18120469,NM_016239.4:c.1669T>C,NP_057323.3:p.Phe557Leu,0.173,18.46,['Likely%20benign'],191.7,0.83,0.0,0.2,0.2
MYO15A,17,18120469,NM_016239.4:c.1669T>G,NP_057323.3:p.Phe557Val,0.248,18.44,['Unknown%20significance'],191.7,0.83,0.0,0.2,0.2
MYO15A,17,18120472,NM_016239.4:c.1672G>A,NP_057323.3:p.Gly558Ser,0.117,0.013,['Unknown%20significance'],33.81,0.35,0.0,-0.3,0.3
MYO15A,17,18120472,NM_016239.4:c.1672G>C,NP_057323.3:p.Gly558Arg,0.126,0.293,['Likely%20benign'],33.81,0.35,0.0,-0.4,0.4
MYO15A,17,18120472,NM_016239.4:c.1672G>T,NP_057323.3:p.Gly558Cys,0.143,3.991,['Likely%20benign'],33.81,0.35,0.0,-0.1,0.1
MYO15A,17,18120473,NM_016239.4:c.1673G>A,NP_057323.3:p.Gly558Asp,0.057,15.06,['Unknown%20significance'],33.81,0.35,0.0,0.3,0.3
MYO15A,17,18120475,NM_016239.4:c.1675C>G,NP_057323.3:p.Pro559Ala,0.052,2.024,['Likely%20benign'],122.51,0.77,0.0,0.0,0.0
MYO15A,17,18120475,NM_016239.4:c.1675C>T,NP_057323.3:p.Pro559Ser,0.069,3.963,['Likely%20benign'],122.51,0.77,0.0,0.1,0.1
MYO15A,17,18120476,NM_016239.4:c.1676C>A,NP_057323.3:p.Pro559His,0.081,17.87,['Likely%20benign'],122.51,0.77,0.0,-0.1,0.1
MYO15A,17,18120476,NM_016239.4:c.1676C>G,NP_057323.3:p.Pro559Arg,0.107,14.24,['Likely%20benign'],122.51,0.77,0.0,-0.1,0.1
MYO15A,17,18120476,NM_016239.4:c.1676C>T,NP_057323.3:p.Pro559Leu,0.053,18.73,['Likely%20benign'],122.51,0.77,0.0,-0.2,0.2
MYO15A,17,18120479,NM_016239.4:c.1679A>C,NP_057323.3:p.Glu560Ala,0.271,10.09,['Likely%20benign'],147.34,0.75,0.0,-0.1,0.1
MYO15A,17,18120480,NM_016239.4:c.1680G>T,NP_057323.3:p.Glu560Asp,0.154,0.113,['Likely%20benign'],147.34,0.75,0.0,-0.0,0.0
MYO15A,17,18120484,NM_016239.4:c.1684G>T,NP_057323.3:p.Gly562Cys,0.358,20.9,['Unknown%20significance'],54.57,0.57,0.0,0.0,0.0
MYO15A,17,18120485,NM_016239.4:c.1685G>A,NP_057323.3:p.Gly562Asp,0.260,13.74,['Unknown%20significance'],54.57,0.57,0.0,-0.1,0.1
MYO15A,17,18120487,NM_016239.4:c.1687C>A,NP_057323.3:p.Arg563Ser,0.168,12.26,['Likely%20benign'],237.46,0.88,0.0,0.2,0.2
MYO15A,17,18120487,NM_016239.4:c.1687C>T,NP_057323.3:p.Arg563Cys,0.270,19.19,['Unknown%20significance'],237.46,0.88,0.0,0.3,0.3
MYO15A,17,18120488,NM_016239.4:c.1688G>A,NP_057323.3:p.Arg563His,0.194,9.525,['Likely%20benign'],237.46,0.88,0.0,0.1,0.1
MYO15A,17,18120488,NM_016239.4:c.1688G>T,NP_057323.3:p.Arg563Leu,0.265,14.43,['Unknown%20significance'],237.46,0.88,0.0,0.2,0.2
MYO15A,17,18120490,NM_016239.4:c.1690C>T,NP_057323.3:p.Pro564Ser,0.098,13.59,['Unknown%20significance'],149.28,0.94,0.0,0.1,0.1
MYO15A,17,18120491,NM_016239.4:c.1691C>A,NP_057323.3:p.Pro564His,0.266,8.717,['Unknown%20significance'],149.28,0.94,0.0,0.0,0.0
MYO15A,17,18120491,NM_016239.4:c.1691C>G,NP_057323.3:p.Pro564Arg,0.168,7.506,['Likely%20benign'],149.28,0.94,0.0,-0.0,0.0
MYO15A,17,18120491,NM_016239.4:c.1691C>T,NP_057323.3:p.Pro564Leu,0.077,8.000,['Likely%20benign'],149.28,0.94,0.0,0.1,0.1
MYO15A,17,18120493,NM_016239.4:c.1693G>A,NP_057323.3:p.Val565Met,0.164,0.043,['Unknown%20significance'],107.55,0.62,0.0,-0.3,0.3
MYO15A,17,18120493,NM_016239.4:c.1693G>T,NP_057323.3:p.Val565Leu,0.109,0.013,['Likely%20benign'],107.55,0.62,0.0,-0.0,0.0
MYO15A,17,18120494,NM_016239.4:c.1694T>C,NP_057323.3:p.Val565Ala,0.194,0.397,['Likely%20benign'],107.55,0.62,0.0,0.2,0.2
MYO15A,17,18120494,NM_016239.4:c.1694T>G,NP_057323.3:p.Val565Gly,0.205,2.969,['Likely%20benign'],107.55,0.62,0.0,0.5,0.5
MYO15A,17,18120496,NM_016239.4:c.1696C>A,NP_057323.3:p.Pro566Thr,0.071,12.31,['Unknown%20significance'],122.97,0.78,0.0,0.1,0.1
MYO15A,17,18120496,NM_016239.4:c.1696C>T,NP_057323.3:p.Pro566Ser,0.083,13.08,['Unknown%20significance'],122.97,0.78,0.0,0.1,0.1
MYO15A,17,18120497,NM_016239.4:c.1697C>A,NP_057323.3:p.Pro566His,0.247,16.12,['Unknown%20significance'],122.97,0.78,0.0,0.0,0.0
MYO15A,17,18120497,NM_016239.4:c.1697C>G,NP_057323.3:p.Pro566Arg,0.142,15.76,['Unknown%20significance'],122.97,0.78,0.0,0.0,0.0
MYO15A,17,18120499,NM_016239.4:c.1699C>A,NP_057323.3:p.Arg567Ser,0.387,14.88,['Unknown%20significance'],253.56,0.94,0.0,0.1,0.1
MYO15A,17,18120499,NM_016239.4:c.1699C>T,NP_057323.3:p.Arg567Cys,0.455,23.1,['Unknown%20significance'],253.56,0.94,0.0,0.2,0.2
MYO15A,17,18120500,NM_016239.4:c.1700G>A,NP_057323.3:p.Arg567His,0.252,22.6,['Unknown%20significance'],253.56,0.94,0.0,0.1,0.1
MYO15A,17,18120500,NM_016239.4:c.1700G>C,NP_057323.3:p.Arg567Pro,0.416,22.8,['Unknown%20significance'],253.56,0.94,0.0,0.2,0.2
MYO15A,17,18120500,NM_016239.4:c.1700G>T,NP_057323.3:p.Arg567Leu,0.330,18.67,['Unknown%20significance'],253.56,0.94,0.0,0.1,0.1
MYO15A,17,18120502,NM_016239.4:c.1702C>A,NP_057323.3:p.Pro568Thr,0.364,22.5,['Unknown%20significance'],126.96,0.8,0.0,0.4,0.4
MYO15A,17,18120502,NM_016239.4:c.1702C>T,NP_057323.3:p.Pro568Ser,0.340,22.7,['Unknown%20significance'],126.96,0.8,0.0,0.5,0.5
MYO15A,17,18120503,NM_016239.4:c.1703C>A,NP_057323.3:p.Pro568His,0.428,22.8,['Unknown%20significance'],126.96,0.8,0.0,0.4,0.4
MYO15A,17,18120503,NM_016239.4:c.1703C>T,NP_057323.3:p.Pro568Leu,0.413,23.0,['Unknown%20significance'],126.96,0.8,0.0,0.4,0.4
MYO15A,17,18120505,NM_016239.4:c.1705G>A,NP_057323.3:p.Ala569Thr,0.312,20.9,['Unknown%20significance'],78.3,0.61,0.0,0.1,0.1
MYO15A,17,18120505,NM_016239.4:c.1705G>T,NP_057323.3:p.Ala569Ser,0.273,22.5,['Unknown%20significance'],78.3,0.61,0.0,0.2,0.2
MYO15A,17,18120506,NM_016239.4:c.1706C>A,NP_057323.3:p.Ala569Asp,0.464,23.2,['Unknown%20significance'],78.3,0.61,0.0,0.5,0.5
MYO15A,17,18120506,NM_016239.4:c.1706C>T,NP_057323.3:p.Ala569Val,0.313,17.00,['Unknown%20significance'],78.3,0.61,0.0,0.0,0.0
MYO15A,17,18120508,NM_016239.4:c.1708A>G,NP_057323.3:p.Thr570Ala,0.238,22.7,['Unknown%20significance'],146.09,0.92,0.0,0.1,0.1
MYO15A,17,18120509,NM_016239.4:c.1709C>T,NP_057323.3:p.Thr570Ile,0.298,24.1,['Unknown%20significance'],146.09,0.92,0.0,-0.0,0.0
MYO15A,17,18120511,NM_016239.4:c.1711T>A,NP_057323.3:p.Ser571Thr,0.192,22.2,['Likely%20benign'],111.73,0.81,0.0,0.0,0.0
MYO15A,17,18120512,NM_016239.4:c.1712C>G,NP_057323.3:p.Ser571Trp,0.498,24.6,['Unknown%20significance'],111.73,0.81,0.0,-0.0,0.0
MYO15A,17,18120512,NM_016239.4:c.1712C>T,NP_057323.3:p.Ser571Leu,0.326,22.9,['Unknown%20significance'],111.73,0.81,0.0,0.1,0.1
MYO15A,17,18120514,NM_016239.4:c.1714C>A,NP_057323.3:p.Leu572Ile,0.391,23.8,['Unknown%20significance'],197.02,1.0,0.0,0.0,0.0
MYO15A,17,18120514,NM_016239.4:c.1714C>T,NP_057323.3:p.Leu572Phe,0.430,24.2,['Unknown%20significance'],197.02,1.0,0.0,0.0,0.0
MYO15A,17,18120517,NM_016239.4:c.1717G>A,NP_057323.3:p.Ala573Thr,0.323,25.3,['Unknown%20significance'],76.51,0.6,0.0,0.0,0.0
MYO15A,17,18120517,NM_016239.4:c.1717G>T,NP_057323.3:p.Ala573Ser,0.329,23.3,['Unknown%20significance'],76.51,0.6,0.0,0.2,0.2
MYO15A,17,18120518,NM_016239.4:c.1718C>T,NP_057323.3:p.Ala573Val,0.346,24.6,['Unknown%20significance'],76.51,0.6,0.0,-0.2,0.2
MYO15A,17,18120520,NM_016239.4:c.1720C>T,NP_057323.3:p.Arg574Trp,0.518,24.4,['Unknown%20significance'],240.5,0.89,0.0,-0.1,0.1
MYO15A,17,18120521,NM_016239.4:c.1721G>A,NP_057323.3:p.Arg574Gln,0.286,23.1,['Unknown%20significance'],240.5,0.89,0.0,0.1,0.1
MYO15A,17,18120521,NM_016239.4:c.1721G>C,NP_057323.3:p.Arg574Pro,0.478,25.2,['Unknown%20significance'],240.5,0.89,0.0,0.1,0.1
MYO15A,17,18120521,NM_016239.4:c.1721G>T,NP_057323.3:p.Arg574Leu,0.394,24.9,['Unknown%20significance'],240.5,0.89,0.0,-0.0,0.0
MYO15A,17,18120523,NM_016239.4:c.1723T>A,NP_057323.3:p.Phe575Ile,0.285,23.6,['Unknown%20significance'],203.11,0.88,0.0,0.2,0.2
MYO15A,17,18120523,NM_016239.4:c.1723T>C,NP_057323.3:p.Phe575Leu,0.232,23.6,['Likely%20benign'],203.11,0.88,0.0,0.1,0.1
MYO15A,17,18120525,NM_016239.4:c.1725C>A,NP_057323.3:p.Phe575Leu,0.263,21.3,['Likely%20benign'],203.11,0.88,0.0,0.1,0.1
MYO15A,17,18120526,NM_016239.4:c.1726C>A,NP_057323.3:p.Leu576Ile,0.104,18.94,['Likely%20benign'],162.92,0.84,0.0,-0.0,0.0
MYO15A,17,18120526,NM_016239.4:c.1726C>G,NP_057323.3:p.Leu576Val,0.199,18.93,['Unknown%20significance'],162.92,0.84,0.0,0.1,0.1
MYO15A,17,18120526,NM_016239.4:c.1726C>T,NP_057323.3:p.Leu576Phe,0.170,22.7,['Unknown%20significance'],162.92,0.84,0.0,0.1,0.1
MYO15A,17,18120527,NM_016239.4:c.1727T>C,NP_057323.3:p.Leu576Pro,0.523,25.4,['Unknown%20significance'],162.92,0.84,0.0,0.3,0.3
MYO15A,17,18120530,NM_016239.4:c.1730A>G,NP_057323.3:p.Lys577Arg,0.325,21.3,['Unknown%20significance'],202.05,0.85,0.0,-0.1,0.1
MYO15A,17,18120530,NM_016239.4:c.1730A>T,NP_057323.3:p.Lys577Met,0.455,24.8,['Unknown%20significance'],202.05,0.85,0.0,-0.1,0.1
MYO15A,17,18120531,NM_016239.4:c.1731G>T,NP_057323.3:p.Lys577Asn,0.361,21.9,['Unknown%20significance'],202.05,0.85,0.0,0.0,0.0
MYO15A,17,18120533,NM_016239.4:c.1733A>C,NP_057323.3:p.Lys578Thr,0.340,23.6,['Unknown%20significance'],194.29,0.82,0.0,-0.0,0.0
MYO15A,17,18120534,NM_016239.4:c.1734G>T,NP_057323.3:p.Lys578Asn,0.152,17.27,['Unknown%20significance'],194.29,0.82,0.0,-0.0,0.0
MYO15A,17,18120535,NM_016239.4:c.1735A>G,NP_057323.3:p.Thr579Ala,0.338,23.1,['Unknown%20significance'],128.9,0.81,0.0,0.2,0.2
MYO15A,17,18120535,NM_016239.4:c.1735A>T,NP_057323.3:p.Thr579Ser,0.273,19.49,['Unknown%20significance'],128.9,0.81,0.0,0.2,0.2
MYO15A,17,18120536,NM_016239.4:c.1736C>A,NP_057323.3:p.Thr579Lys,0.372,24.4,['Unknown%20significance'],128.9,0.81,0.0,0.4,0.4
MYO15A,17,18120536,NM_016239.4:c.1736C>T,NP_057323.3:p.Thr579Met,0.386,24.5,['Unknown%20significance'],128.9,0.81,0.0,-0.1,0.1
MYO15A,17,18120538,NM_016239.4:c.1738C>A,NP_057323.3:p.Leu580Met,0.373,22.6,['Unknown%20significance'],180.96,0.93,0.0,0.0,0.0
MYO15A,17,18120539,NM_016239.4:c.1739T>A,NP_057323.3:p.Leu580Gln,0.368,24.5,['Unknown%20significance'],180.96,0.93,0.0,0.1,0.1
MYO15A,17,18120539,NM_016239.4:c.1739T>C,NP_057323.3:p.Leu580Pro,0.439,23.5,['Unknown%20significance'],180.96,0.93,0.0,0.2,0.2
MYO15A,17,18120541,NM_016239.4:c.1741T>C,NP_057323.3:p.Ser581Pro,0.324,23.0,['Unknown%20significance'],99.36,0.72,0.0,0.1,0.1
MYO15A,17,18120542,NM_016239.4:c.1742C>T,NP_057323.3:p.Ser581Leu,0.238,23.5,['Unknown%20significance'],99.36,0.72,0.0,-0.4,0.4
MYO15A,17,18120544,NM_016239.4:c.1744G>A,NP_057323.3:p.Glu582Lys,0.261,21.8,['Unknown%20significance'],152.45,0.78,0.0,0.3,0.3
MYO15A,17,18120545,NM_016239.4:c.1745A>G,NP_057323.3:p.Glu582Gly,0.238,22.6,['Unknown%20significance'],152.45,0.78,0.0,0.2,0.2
MYO15A,17,18120546,NM_016239.4:c.1746G>T,NP_057323.3:p.Glu582Asp,0.271,7.610,['Unknown%20significance'],152.45,0.78,0.0,0.1,0.1
MYO15A,17,18120548,NM_016239.4:c.1748A>G,NP_057323.3:p.Lys583Arg,0.262,19.02,['Unknown%20significance'],216.74,0.91,0.0,-0.1,0.1
MYO15A,17,18120549,NM_016239.4:c.1749G>C,NP_057323.3:p.Lys583Asn,0.130,22.3,['Unknown%20significance'],216.74,0.91,0.0,-0.0,0.0
MYO15A,17,18120549,NM_016239.4:c.1749G>T,NP_057323.3:p.Lys583Asn,0.132,22.3,['Unknown%20significance'],216.74,0.91,0.0,-0.0,0.0
MYO15A,17,18120550,NM_016239.4:c.1750A>C,NP_057323.3:p.Lys584Gln,0.172,9.845,['Unknown%20significance'],207.5,0.87,0.0,-0.1,0.1
MYO15A,17,18120551,NM_016239.4:c.1751A>G,NP_057323.3:p.Lys584Arg,0.149,15.46,['Unknown%20significance'],207.5,0.87,0.0,-0.2,0.2
MYO15A,17,18120552,NM_016239.4:c.1752G>T,NP_057323.3:p.Lys584Asn,0.248,21.3,['Unknown%20significance'],207.5,0.87,0.0,0.0,0.0
MYO15A,17,18120553,NM_016239.4:c.1753C>A,NP_057323.3:p.Pro585Thr,0.437,22.9,['Unknown%20significance'],133.08,0.84,0.0,0.4,0.4
MYO15A,17,18120553,NM_016239.4:c.1753C>T,NP_057323.3:p.Pro585Ser,0.427,23.1,['Unknown%20significance'],133.08,0.84,0.0,0.5,0.5
MYO15A,17,18120554,NM_016239.4:c.1754C>A,NP_057323.3:p.Pro585His,0.453,23.4,['Unknown%20significance'],133.08,0.84,0.0,0.5,0.5
MYO15A,17,18120554,NM_016239.4:c.1754C>T,NP_057323.3:p.Pro585Leu,0.449,23.4,['Unknown%20significance'],133.08,0.84,0.0,0.4,0.4
MYO15A,17,18120556,NM_016239.4:c.1756A>G,NP_057323.3:p.Ile586Val,0.150,3.591,['Unknown%20significance'],193.01,0.98,0.0,0.0,0.0
MYO15A,17,18120557,NM_016239.4:c.1757T>A,NP_057323.3:p.Ile586Asn,0.124,15.75,['Unknown%20significance'],193.01,0.98,0.0,0.1,0.1
MYO15A,17,18120557,NM_016239.4:c.1757T>C,NP_057323.3:p.Ile586Thr,0.113,14.26,['Unknown%20significance'],193.01,0.98,0.0,0.1,0.1
MYO15A,17,18120558,NM_016239.4:c.1758C>G,NP_057323.3:p.Ile586Met,0.279,7.080,['Unknown%20significance'],193.01,0.98,0.0,0.0,0.0
MYO15A,17,18120559,NM_016239.4:c.1759G>A,NP_057323.3:p.Ala587Thr,0.184,3.679,['Unknown%20significance'],90.31,0.71,0.0,-0.0,0.0
MYO15A,17,18120559,NM_016239.4:c.1759G>T,NP_057323.3:p.Ala587Ser,0.183,0.835,['Unknown%20significance'],90.31,0.71,0.0,0.2,0.2
MYO15A,17,18120560,NM_016239.4:c.1760C>A,NP_057323.3:p.Ala587Glu,0.147,10.86,['Unknown%20significance'],90.31,0.71,0.0,0.2,0.2
MYO15A,17,18120560,NM_016239.4:c.1760C>T,NP_057323.3:p.Ala587Val,0.166,12.25,['Unknown%20significance'],90.31,0.71,0.0,-0.5,0.5
MYO15A,17,18120562,NM_016239.4:c.1762C>G,NP_057323.3:p.Arg588Gly,0.155,16.35,['Unknown%20significance'],244.74,0.9,0.0,0.3,0.3
MYO15A,17,18120562,NM_016239.4:c.1762C>T,NP_057323.3:p.Arg588Trp,0.223,18.86,['Unknown%20significance'],244.74,0.9,0.0,-0.0,0.0
MYO15A,17,18120563,NM_016239.4:c.1763G>A,NP_057323.3:p.Arg588Gln,0.190,22.8,['Unknown%20significance'],244.74,0.9,0.0,0.1,0.1
MYO15A,17,18120563,NM_016239.4:c.1763G>T,NP_057323.3:p.Arg588Leu,0.263,22.7,['Unknown%20significance'],244.74,0.9,0.0,0.0,0.0
MYO15A,17,18120565,NM_016239.4:c.1765C>A,NP_057323.3:p.Leu589Ile,0.106,17.08,['Unknown%20significance'],165.05,0.85,0.0,0.2,0.2
MYO15A,17,18120565,NM_016239.4:c.1765C>G,NP_057323.3:p.Leu589Val,0.128,16.60,['Unknown%20significance'],165.05,0.85,0.0,0.3,0.3
MYO15A,17,18120566,NM_016239.4:c.1766T>C,NP_057323.3:p.Leu589Pro,0.277,19.94,['Unknown%20significance'],165.05,0.85,0.0,0.6,0.6
MYO15A,17,18120568,NM_016239.4:c.1768A>G,NP_057323.3:p.Arg590Gly,0.198,12.98,['Unknown%20significance'],236.46,0.87,0.0,0.2,0.2
MYO15A,17,18120568,NM_016239.4:c.1768A>T,NP_057323.3:p.Arg590Trp,0.229,15.79,['Unknown%20significance'],236.46,0.87,0.0,-0.3,0.3
MYO15A,17,18120569,NM_016239.4:c.1769G>A,NP_057323.3:p.Arg590Lys,0.074,14.78,['Unknown%20significance'],236.46,0.87,0.0,0.2,0.2
MYO15A,17,18120569,NM_016239.4:c.1769G>T,NP_057323.3:p.Arg590Met,0.112,16.70,['Unknown%20significance'],236.46,0.87,0.0,-0.1,0.1
MYO15A,17,18120570,NM_016239.4:c.1770G>T,NP_057323.3:p.Arg590Ser,0.097,13.74,['Unknown%20significance'],236.46,0.87,0.0,0.1,0.1
MYO15A,17,18120571,NM_016239.4:c.1771G>A,NP_057323.3:p.Gly591Ser,0.104,15.38,['Unknown%20significance'],70.24,0.73,0.0,0.3,0.3
MYO15A,17,18120571,NM_016239.4:c.1771G>T,NP_057323.3:p.Gly591Cys,0.295,21.5,['Unknown%20significance'],70.24,0.73,0.0,0.4,0.4
MYO15A,17,18120572,NM_016239.4:c.1772G>A,NP_057323.3:p.Gly591Asp,0.162,21.6,['Unknown%20significance'],70.24,0.73,0.0,0.5,0.5
MYO15A,17,18120572,NM_016239.4:c.1772G>T,NP_057323.3:p.Gly591Val,0.163,21.6,['Unknown%20significance'],70.24,0.73,0.0,0.2,0.2
MYO15A,17,18120574,NM_016239.4:c.1774A>G,NP_057323.3:p.Ser592Gly,0.104,21.5,['Unknown%20significance'],108.55,0.78,0.0,0.3,0.3
MYO15A,17,18120575,NM_016239.4:c.1775G>A,NP_057323.3:p.Ser592Asn,0.207,20.5,['Unknown%20significance'],108.55,0.78,0.0,0.0,0.0
MYO15A,17,18120575,NM_016239.4:c.1775G>T,NP_057323.3:p.Ser592Ile,0.136,17.92,['Unknown%20significance'],108.55,0.78,0.0,0.1,0.1
MYO15A,17,18120576,NM_016239.4:c.1776C>A,NP_057323.3:p.Ser592Arg,0.141,19.62,['Unknown%20significance'],108.55,0.78,0.0,-0.1,0.1
MYO15A,17,18120577,NM_016239.4:c.1777C>A,NP_057323.3:p.Gln593Lys,0.123,14.22,['Unknown%20significance'],145.62,0.73,0.0,0.4,0.4
MYO15A,17,18120578,NM_016239.4:c.1778A>C,NP_057323.3:p.Gln593Pro,0.127,16.32,['Unknown%20significance'],145.62,0.73,0.0,0.3,0.3
MYO15A,17,18120578,NM_016239.4:c.1778A>G,NP_057323.3:p.Gln593Arg,0.207,15.48,['Unknown%20significance'],145.62,0.73,0.0,0.1,0.1
MYO15A,17,18120578,NM_016239.4:c.1778A>T,NP_057323.3:p.Gln593Leu,0.164,17.15,['Unknown%20significance'],145.62,0.73,0.0,0.1,0.1
MYO15A,17,18120579,NM_016239.4:c.1779G>C,NP_057323.3:p.Gln593His,0.117,14.97,['Unknown%20significance'],145.62,0.73,0.0,0.1,0.1
MYO15A,17,18120579,NM_016239.4:c.1779G>T,NP_057323.3:p.Gln593His,0.108,14.90,['Unknown%20significance'],145.62,0.73,0.0,0.1,0.1
MYO15A,17,18120580,NM_016239.4:c.1780A>G,NP_057323.3:p.Lys594Glu,0.159,15.96,['Unknown%20significance'],156.98,0.66,0.0,0.1,0.1
MYO15A,17,18120581,NM_016239.4:c.1781A>C,NP_057323.3:p.Lys594Thr,0.237,18.20,['Unknown%20significance'],156.98,0.66,0.0,0.1,0.1
MYO15A,17,18120581,NM_016239.4:c.1781A>G,NP_057323.3:p.Lys594Arg,0.193,17.24,['Unknown%20significance'],156.98,0.66,0.0,-0.3,0.3
MYO15A,17,18120582,NM_016239.4:c.1782G>T,NP_057323.3:p.Lys594Asn,0.190,15.70,['Unknown%20significance'],156.98,0.66,0.0,0.1,0.1
MYO15A,17,18120583,NM_016239.4:c.1783G>A,NP_057323.3:p.Ala595Thr,0.317,12.50,['Benign'],104.27,0.82,0.0,-0.0,0.0
MYO15A,17,18120583,NM_016239.4:c.1783G>C,NP_057323.3:p.Ala595Pro,0.317,20.4,['Unknown%20significance'],104.27,0.82,0.0,0.1,0.1
MYO15A,17,18120583,NM_016239.4:c.1783G>T,NP_057323.3:p.Ala595Ser,0.207,8.838,['Unknown%20significance'],104.27,0.82,0.0,0.1,0.1
MYO15A,17,18120584,NM_016239.4:c.1784C>A,NP_057323.3:p.Ala595Asp,0.258,16.59,['Unknown%20significance'],104.27,0.82,0.0,0.2,0.2
MYO15A,17,18120584,NM_016239.4:c.1784C>T,NP_057323.3:p.Ala595Val,0.255,13.38,['Unknown%20significance'],104.27,0.82,0.0,-0.2,0.2
MYO15A,17,18120586,NM_016239.4:c.1786C>G,NP_057323.3:p.Arg596Gly,0.135,10.76,['Unknown%20significance'],235.92,0.87,0.0,0.2,0.2
MYO15A,17,18120586,NM_016239.4:c.1786C>T,NP_057323.3:p.Arg596Trp,0.269,18.31,['Unknown%20significance'],235.92,0.87,0.0,-0.1,0.1
MYO15A,17,18120587,NM_016239.4:c.1787G>A,NP_057323.3:p.Arg596Gln,0.117,7.193,['Unknown%20significance'],235.92,0.87,0.0,0.0,0.0
MYO15A,17,18120587,NM_016239.4:c.1787G>C,NP_057323.3:p.Arg596Pro,0.172,12.76,['Unknown%20significance'],235.92,0.87,0.0,0.1,0.1
MYO15A,17,18120587,NM_016239.4:c.1787G>T,NP_057323.3:p.Arg596Leu,0.125,12.08,['Unknown%20significance'],235.92,0.87,0.0,-0.0,0.0
MYO15A,17,18120589,NM_016239.4:c.1789G>A,NP_057323.3:p.Ala597Thr,0.102,1.220,['Unknown%20significance'],102.89,0.8,0.0,-0.0,0.0
MYO15A,17,18120589,NM_016239.4:c.1789G>C,NP_057323.3:p.Ala597Pro,0.186,2.618,['Unknown%20significance'],102.89,0.8,0.0,0.1,0.1
MYO15A,17,18120589,NM_016239.4:c.1789G>T,NP_057323.3:p.Ala597Ser,0.119,0.430,['Unknown%20significance'],102.89,0.8,0.0,0.1,0.1
MYO15A,17,18120590,NM_016239.4:c.1790C>A,NP_057323.3:p.Ala597Glu,0.100,0.054,['Unknown%20significance'],102.89,0.8,0.0,0.1,0.1
MYO15A,17,18120590,NM_016239.4:c.1790C>G,NP_057323.3:p.Ala597Gly,0.165,0.067,['Unknown%20significance'],102.89,0.8,0.0,0.2,0.2
MYO15A,17,18120590,NM_016239.4:c.1790C>T,NP_057323.3:p.Ala597Val,0.182,0.061,['Unknown%20significance'],102.89,0.8,0.0,-0.3,0.3
MYO15A,17,18120592,NM_016239.4:c.1792G>A,NP_057323.3:p.Gly598Ser,0.075,5.935,['Unknown%20significance'],92.89,0.97,0.0,-0.1,0.1
MYO15A,17,18120592,NM_016239.4:c.1792G>T,NP_057323.3:p.Gly598Cys,0.271,18.83,['Unknown%20significance'],92.89,0.97,0.0,-0.0,0.0
MYO15A,17,18120593,NM_016239.4:c.1793G>A,NP_057323.3:p.Gly598Asp,0.158,10.04,['Unknown%20significance'],92.89,0.97,0.0,0.0,0.0
MYO15A,17,18120593,NM_016239.4:c.1793G>T,NP_057323.3:p.Gly598Val,0.218,10.61,['Unknown%20significance'],92.89,0.97,0.0,-0.1,0.1
MYO15A,17,18120595,NM_016239.4:c.1795G>A,NP_057323.3:p.Gly599Ser,0.059,5.771,['Unknown%20significance'],71.64,0.75,0.0,-0.1,0.1
MYO15A,17,18120595,NM_016239.4:c.1795G>C,NP_057323.3:p.Gly599Arg,0.129,6.645,['Unknown%20significance'],71.64,0.75,0.0,-0.3,0.3
MYO15A,17,18120595,NM_016239.4:c.1795G>T,NP_057323.3:p.Gly599Cys,0.262,14.65,['Unknown%20significance'],71.64,0.75,0.0,-0.2,0.2
MYO15A,17,18120596,NM_016239.4:c.1796G>A,NP_057323.3:p.Gly599Asp,0.133,7.309,['Unknown%20significance'],71.64,0.75,0.0,0.0,0.0
MYO15A,17,18120596,NM_016239.4:c.1796G>T,NP_057323.3:p.Gly599Val,0.056,7.878,['Unknown%20significance'],71.64,0.75,0.0,-0.5,0.5
MYO15A,17,18120598,NM_016239.4:c.1798C>A,NP_057323.3:p.Pro600Thr,0.114,12.31,['Unknown%20significance'],166.83,1.0,0.0,0.2,0.2
MYO15A,17,18120598,NM_016239.4:c.1798C>T,NP_057323.3:p.Pro600Ser,0.112,7.611,['Unknown%20significance'],166.83,1.0,0.0,0.2,0.2
MYO15A,17,18120599,NM_016239.4:c.1799C>A,NP_057323.3:p.Pro600His,0.189,13.72,['Unknown%20significance'],166.83,1.0,0.0,0.2,0.2
MYO15A,17,18120599,NM_016239.4:c.1799C>G,NP_057323.3:p.Pro600Arg,0.232,17.41,['Unknown%20significance'],166.83,1.0,0.0,0.2,0.2
MYO15A,17,18120599,NM_016239.4:c.1799C>T,NP_057323.3:p.Pro600Leu,0.179,17.93,['Unknown%20significance'],166.83,1.0,0.0,0.1,0.1
MYO15A,17,18120601,NM_016239.4:c.1801G>A,NP_057323.3:p.Ala601Thr,0.180,2.066,['Unknown%20significance'],99.4,0.78,0.0,0.1,0.1
MYO15A,17,18120601,NM_016239.4:c.1801G>T,NP_057323.3:p.Ala601Ser,0.111,0.939,['Unknown%20significance'],99.4,0.78,0.0,0.2,0.2
MYO15A,17,18120602,NM_016239.4:c.1802C>A,NP_057323.3:p.Ala601Asp,0.162,8.227,['Unknown%20significance'],99.4,0.78,0.0,0.3,0.3
MYO15A,17,18120602,NM_016239.4:c.1802C>T,NP_057323.3:p.Ala601Val,0.186,7.202,['Unknown%20significance'],99.4,0.78,0.0,-0.0,0.0
MYO15A,17,18120604,NM_016239.4:c.1804G>A,NP_057323.3:p.Val602Ile,0.092,10.57,['Unknown%20significance'],129.03,0.75,0.0,0.1,0.1
MYO15A,17,18120604,NM_016239.4:c.1804G>C,NP_057323.3:p.Val602Leu,0.104,11.21,['Unknown%20significance'],129.03,0.75,0.0,0.2,0.2
MYO15A,17,18120604,NM_016239.4:c.1804G>T,NP_057323.3:p.Val602Phe,0.145,16.52,['Unknown%20significance'],129.03,0.75,0.0,0.2,0.2
MYO15A,17,18120605,NM_016239.4:c.1805T>A,NP_057323.3:p.Val602Asp,0.318,17.59,['Unknown%20significance'],129.03,0.75,0.0,0.6,0.6
MYO15A,17,18120605,NM_016239.4:c.1805T>C,NP_057323.3:p.Val602Ala,0.091,11.76,['Unknown%20significance'],129.03,0.75,0.0,0.4,0.4
MYO15A,17,18120607,NM_016239.4:c.1807A>G,NP_057323.3:p.Arg603Gly,0.530,9.315,['Unknown%20significance'],141.75,0.52,0.0,1.3,1.3
MYO15A,17,18120608,NM_016239.4:c.1808G>T,NP_057323.3:p.Arg603Met,0.540,23.7,['Unknown%20significance'],141.75,0.52,0.0,0.3,0.3
MYO15A,17,18120609,NM_016239.4:c.1809G>T,NP_057323.3:p.Arg603Ser,0.449,10.94,['Unknown%20significance'],141.75,0.52,0.0,0.8,0.8
MYO15A,17,18120610,NM_016239.4:c.1810G>A,NP_057323.3:p.Glu604Lys,0.358,23.2,['Unknown%20significance'],109.42,0.56,0.0,0.5,0.5
MYO15A,17,18120610,NM_016239.4:c.1810G>C,NP_057323.3:p.Glu604Gln,0.295,22.5,['Unknown%20significance'],109.42,0.56,0.0,-0.1,0.1
MYO15A,17,18120611,NM_016239.4:c.1811A>G,NP_057323.3:p.Glu604Gly,0.470,25.3,['Unknown%20significance'],109.42,0.56,0.0,0.6,0.6
MYO15A,17,18120612,NM_016239.4:c.1812G>T,NP_057323.3:p.Glu604Asp,0.341,23.1,['Unknown%20significance'],109.42,0.56,0.0,0.2,0.2
MYO15A,17,18120613,NM_016239.4:c.1813G>A,NP_057323.3:p.Ala605Thr,0.331,22.7,['Unknown%20significance'],67.2,0.52,0.0,0.3,0.3
MYO15A,17,18120613,NM_016239.4:c.1813G>T,NP_057323.3:p.Ala605Ser,0.144,18.36,['Unknown%20significance'],67.2,0.52,0.0,0.3,0.3
MYO15A,17,18120614,NM_016239.4:c.1814C>A,NP_057323.3:p.Ala605Glu,0.438,22.7,['Unknown%20significance'],67.2,0.52,0.0,0.5,0.5
MYO15A,17,18120614,NM_016239.4:c.1814C>G,NP_057323.3:p.Ala605Gly,0.364,22.5,['Unknown%20significance'],67.2,0.52,0.0,0.6,0.6
MYO15A,17,18120614,NM_016239.4:c.1814C>T,NP_057323.3:p.Ala605Val,0.359,22.7,['Unknown%20significance'],67.2,0.52,0.0,0.1,0.1
MYO15A,17,18120616,NM_016239.4:c.1816G>A,NP_057323.3:p.Ala606Thr,0.272,22.1,['Unknown%20significance'],108.73,0.85,0.0,0.1,0.1
MYO15A,17,18120616,NM_016239.4:c.1816G>T,NP_057323.3:p.Ala606Ser,0.148,16.15,['Unknown%20significance'],108.73,0.85,0.0,0.1,0.1
MYO15A,17,18120617,NM_016239.4:c.1817C>A,NP_057323.3:p.Ala606Asp,0.439,22.9,['Unknown%20significance'],108.73,0.85,0.0,0.3,0.3
MYO15A,17,18120617,NM_016239.4:c.1817C>T,NP_057323.3:p.Ala606Val,0.278,17.55,['Unknown%20significance'],108.73,0.85,0.0,0.0,0.0
MYO15A,17,18120619,NM_016239.4:c.1819T>C,NP_057323.3:p.Tyr607His,0.266,19.14,['Unknown%20significance'],176.67,0.73,0.0,0.5,0.5
MYO15A,17,18120623,NM_016239.4:c.1823A>C,NP_057323.3:p.Lys608Thr,0.421,24.6,['Unknown%20significance'],187.36,0.79,0.0,-0.0,0.0
MYO15A,17,18120623,NM_016239.4:c.1823A>T,NP_057323.3:p.Lys608Ile,0.568,25.2,['Unknown%20significance'],187.36,0.79,0.0,-0.1,0.1
MYO15A,17,18120625,NM_016239.4:c.1825C>A,NP_057323.3:p.Arg609Ser,0.429,24.1,['Unknown%20significance'],194.81,0.72,0.0,0.4,0.4
MYO15A,17,18120625,NM_016239.4:c.1825C>G,NP_057323.3:p.Arg609Gly,0.281,22.9,['Unknown%20significance'],194.81,0.72,0.0,0.6,0.6
MYO15A,17,18120625,NM_016239.4:c.1825C>T,NP_057323.3:p.Arg609Cys,0.622,25.7,['Unknown%20significance'],194.81,0.72,0.0,0.5,0.5
MYO15A,17,18120626,NM_016239.4:c.1826G>A,NP_057323.3:p.Arg609His,0.508,25.3,['Unknown%20significance'],194.81,0.72,0.0,0.2,0.2
MYO15A,17,18120626,NM_016239.4:c.1826G>T,NP_057323.3:p.Arg609Leu,0.334,23.2,['Unknown%20significance'],194.81,0.72,0.0,0.1,0.1
MYO15A,17,18120628,NM_016239.4:c.1828T>C,NP_057323.3:p.Phe610Leu,0.294,22.6,['Unknown%20significance'],162.13,0.7,0.0,0.5,0.5
MYO15A,17,18120629,NM_016239.4:c.1829T>A,NP_057323.3:p.Phe610Tyr,0.357,22.9,['Unknown%20significance'],162.13,0.7,0.0,0.2,0.2
MYO15A,17,18120630,NM_016239.4:c.1830C>A,NP_057323.3:p.Phe610Leu,0.289,15.28,['Unknown%20significance'],162.13,0.7,0.0,0.5,0.5
MYO15A,17,18120630,NM_016239.4:c.1830C>G,NP_057323.3:p.Phe610Leu,0.273,15.37,['Unknown%20significance'],162.13,0.7,0.0,0.5,0.5
MYO15A,17,18120631,NM_016239.4:c.1831G>A,NP_057323.3:p.Gly611Ser,0.347,23.0,['Unknown%20significance'],75.74,0.79,0.0,0.4,0.4
MYO15A,17,18120631,NM_016239.4:c.1831G>C,NP_057323.3:p.Gly611Arg,0.607,24.7,['Unknown%20significance'],75.74,0.79,0.0,0.4,0.4
MYO15A,17,18120631,NM_016239.4:c.1831G>T,NP_057323.3:p.Gly611Cys,0.715,25.1,['Unknown%20significance'],75.74,0.79,0.0,0.5,0.5
MYO15A,17,18120632,NM_016239.4:c.1832G>A,NP_057323.3:p.Gly611Asp,0.562,24.6,['Unknown%20significance'],75.74,0.79,0.0,0.4,0.4
MYO15A,17,18120632,NM_016239.4:c.1832G>T,NP_057323.3:p.Gly611Val,0.640,24.5,['Unknown%20significance'],75.74,0.79,0.0,0.4,0.4
MYO15A,17,18120634,NM_016239.4:c.1834T>C,NP_057323.3:p.Tyr612His,0.360,23.4,['Unknown%20significance'],192.17,0.8,0.0,0.3,0.3
MYO15A,17,18120635,NM_016239.4:c.1835A>G,NP_057323.3:p.Tyr612Cys,0.464,25.2,['Unknown%20significance'],192.17,0.8,0.0,0.7,0.7
MYO15A,17,18120637,NM_016239.4:c.1837A>G,NP_057323.3:p.Lys613Glu,0.420,24.7,['Unknown%20significance'],210.59,0.88,0.0,0.1,0.1
MYO15A,17,18120638,NM_016239.4:c.1838A>G,NP_057323.3:p.Lys613Arg,0.266,21.3,['Unknown%20significance'],210.59,0.88,0.0,-0.1,0.1
MYO15A,17,18120638,NM_016239.4:c.1838A>T,NP_057323.3:p.Lys613Met,0.476,25.2,['Unknown%20significance'],210.59,0.88,0.0,-0.1,0.1
MYO15A,17,18120639,NM_016239.4:c.1839G>T,NP_057323.3:p.Lys613Asn,0.373,23.1,['Unknown%20significance'],210.59,0.88,0.0,0.0,0.0
MYO15A,17,18120640,NM_016239.4:c.1840C>A,NP_057323.3:p.Leu614Met,0.408,22.7,['Unknown%20significance'],171.66,0.89,0.0,0.1,0.1
MYO15A,17,18120641,NM_016239.4:c.1841T>C,NP_057323.3:p.Leu614Pro,0.583,23.6,['Unknown%20significance'],171.66,0.89,0.0,-0.0,0.0
MYO15A,17,18120643,NM_016239.4:c.1843G>A,NP_057323.3:p.Ala615Thr,0.272,23.2,['Unknown%20significance'],68.75,0.54,0.0,0.2,0.2
MYO15A,17,18120643,NM_016239.4:c.1843G>T,NP_057323.3:p.Ala615Ser,0.307,24.2,['Unknown%20significance'],68.75,0.54,0.0,0.3,0.3
MYO15A,17,18120644,NM_016239.4:c.1844C>A,NP_057323.3:p.Ala615Asp,0.371,24.2,['Unknown%20significance'],68.75,0.54,0.0,0.6,0.6
MYO15A,17,18120644,NM_016239.4:c.1844C>T,NP_057323.3:p.Ala615Val,0.315,24.0,['Unknown%20significance'],68.75,0.54,0.0,0.1,0.1
MYO15A,17,18120646,NM_016239.4:c.1846G>A,NP_057323.3:p.Gly616Ser,0.293,24.6,['Unknown%20significance'],89.08,0.93,0.0,0.0,0.0
MYO15A,17,18120646,NM_016239.4:c.1846G>T,NP_057323.3:p.Gly616Cys,0.456,25.2,['Unknown%20significance'],89.08,0.93,0.0,0.1,0.1
MYO15A,17,18120647,NM_016239.4:c.1847G>A,NP_057323.3:p.Gly616Asp,0.464,24.8,['Unknown%20significance'],89.08,0.93,0.0,0.2,0.2
MYO15A,17,18120647,NM_016239.4:c.1847G>T,NP_057323.3:p.Gly616Val,0.473,24.2,['Unknown%20significance'],89.08,0.93,0.0,-0.0,0.0
MYO15A,17,18120649,NM_016239.4:c.1849A>C,NP_057323.3:p.Met617Leu,0.349,19.29,['Unknown%20significance'],204.76,0.94,0.0,0.1,0.1
MYO15A,17,18120649,NM_016239.4:c.1849A>G,NP_057323.3:p.Met617Val,0.376,21.7,['Unknown%20significance'],204.76,0.94,0.0,0.1,0.1
MYO15A,17,18120649,NM_016239.4:c.1849A>T,NP_057323.3:p.Met617Leu,0.349,19.20,['Unknown%20significance'],204.76,0.94,0.0,0.1,0.1
MYO15A,17,18120650,NM_016239.4:c.1850T>C,NP_057323.3:p.Met617Thr,0.376,22.6,['Unknown%20significance'],204.76,0.94,0.0,0.2,0.2
MYO15A,17,18120651,NM_016239.4:c.1851G>T,NP_057323.3:p.Met617Ile,0.310,22.5,['Unknown%20significance'],204.76,0.94,0.0,0.1,0.1
MYO15A,17,18120652,NM_016239.4:c.1852G>A,NP_057323.3:p.Asp618Asn,0.242,22.7,['Unknown%20significance'],146.89,0.91,0.0,-0.0,0.0
MYO15A,17,18120652,NM_016239.4:c.1852G>T,NP_057323.3:p.Asp618Tyr,0.501,24.2,['Unknown%20significance'],146.89,0.91,0.0,-0.1,0.1
MYO15A,17,18120653,NM_016239.4:c.1853A>G,NP_057323.3:p.Asp618Gly,0.239,22.6,['Unknown%20significance'],146.89,0.91,0.0,0.1,0.1
MYO15A,17,18120653,NM_016239.4:c.1853A>T,NP_057323.3:p.Asp618Val,0.467,23.8,['Unknown%20significance'],146.89,0.91,0.0,-0.0,0.0
MYO15A,17,18120654,NM_016239.4:c.1854C>A,NP_057323.3:p.Asp618Glu,0.186,14.41,['Unknown%20significance'],146.89,0.91,0.0,0.0,0.0
MYO15A,17,18120655,NM_016239.4:c.1855C>A,NP_057323.3:p.Pro619Thr,0.228,8.371,['Unknown%20significance'],111.33,0.7,0.0,0.4,0.4
MYO15A,17,18120655,NM_016239.4:c.1855C>T,NP_057323.3:p.Pro619Ser,0.180,7.966,['Unknown%20significance'],111.33,0.7,0.0,0.5,0.5
MYO15A,17,18120656,NM_016239.4:c.1856C>A,NP_057323.3:p.Pro619His,0.314,22.7,['Unknown%20significance'],111.33,0.7,0.0,0.3,0.3
MYO15A,17,18120656,NM_016239.4:c.1856C>G,NP_057323.3:p.Pro619Arg,0.294,22.5,['Likely%20benign'],111.33,0.7,0.0,0.3,0.3
MYO15A,17,18120658,NM_016239.4:c.1858G>A,NP_057323.3:p.Glu620Lys,0.163,14.11,['Unknown%20significance'],185.41,0.94,0.0,0.0,0.0
MYO15A,17,18120658,NM_016239.4:c.1858G>C,NP_057323.3:p.Glu620Gln,0.106,11.16,['Unknown%20significance'],185.41,0.94,0.0,-0.0,0.0
MYO15A,17,18120659,NM_016239.4:c.1859A>C,NP_057323.3:p.Glu620Ala,0.100,14.88,['Unknown%20significance'],185.41,0.94,0.0,0.0,0.0
MYO15A,17,18120660,NM_016239.4:c.1860G>C,NP_057323.3:p.Glu620Asp,0.183,0.156,['Unknown%20significance'],185.41,0.94,0.0,0.0,0.0
MYO15A,17,18120660,NM_016239.4:c.1860G>T,NP_057323.3:p.Glu620Asp,0.186,0.150,['Unknown%20significance'],185.41,0.94,0.0,0.0,0.0
MYO15A,17,18120661,NM_016239.4:c.1861A>G,NP_057323.3:p.Lys621Glu,0.163,7.704,['Unknown%20significance'],211.7,0.89,0.0,0.0,0.0
MYO15A,17,18120663,NM_016239.4:c.1863G>T,NP_057323.3:p.Lys621Asn,0.247,0.839,['Unknown%20significance'],211.7,0.89,0.0,-0.0,0.0
MYO15A,17,18120664,NM_016239.4:c.1864C>A,NP_057323.3:p.Pro622Thr,0.265,19.07,['Unknown%20significance'],139.92,0.88,0.0,0.3,0.3
MYO15A,17,18120664,NM_016239.4:c.1864C>T,NP_057323.3:p.Pro622Ser,0.256,16.18,['Unknown%20significance'],139.92,0.88,0.0,0.4,0.4
MYO15A,17,18120665,NM_016239.4:c.1865C>T,NP_057323.3:p.Pro622Leu,0.317,22.2,['Unknown%20significance'],139.92,0.88,0.0,0.3,0.3
MYO15A,17,18120667,NM_016239.4:c.1867G>A,NP_057323.3:p.Gly623Ser,0.218,0.044,['Unknown%20significance'],87.4,0.91,0.0,-0.1,0.1
MYO15A,17,18120667,NM_016239.4:c.1867G>C,NP_057323.3:p.Gly623Arg,0.144,0.290,['Unknown%20significance'],87.4,0.91,0.0,-0.1,0.1
MYO15A,17,18120667,NM_016239.4:c.1867G>T,NP_057323.3:p.Gly623Cys,0.253,1.658,['Unknown%20significance'],87.4,0.91,0.0,0.0,0.0
MYO15A,17,18120668,NM_016239.4:c.1868G>A,NP_057323.3:p.Gly623Asp,0.184,0.018,['Unknown%20significance'],87.4,0.91,0.0,0.0,0.0
MYO15A,17,18120668,NM_016239.4:c.1868G>T,NP_057323.3:p.Gly623Val,0.216,0.115,['Unknown%20significance'],87.4,0.91,0.0,-0.1,0.1
MYO15A,17,18120670,NM_016239.4:c.1870A>C,NP_057323.3:p.Thr624Pro,0.301,20.7,['Unknown%20significance'],127.51,0.81,0.0,-0.0,0.0
MYO15A,17,18120671,NM_016239.4:c.1871C>A,NP_057323.3:p.Thr624Lys,0.304,18.25,['Unknown%20significance'],127.51,0.81,0.0,0.2,0.2
MYO15A,17,18120671,NM_016239.4:c.1871C>T,NP_057323.3:p.Thr624Met,0.308,22.4,['Unknown%20significance'],127.51,0.81,0.0,-0.1,0.1
MYO15A,17,18120673,NM_016239.4:c.1873C>A,NP_057323.3:p.Pro625Thr,0.461,22.1,['Unknown%20significance'],118.37,0.75,0.0,0.2,0.2
MYO15A,17,18120673,NM_016239.4:c.1873C>G,NP_057323.3:p.Pro625Ala,0.426,21.2,['Unknown%20significance'],118.37,0.75,0.0,0.2,0.2
MYO15A,17,18120673,NM_016239.4:c.1873C>T,NP_057323.3:p.Pro625Ser,0.441,22.3,['Unknown%20significance'],118.37,0.75,0.0,0.3,0.3
MYO15A,17,18120674,NM_016239.4:c.1874C>A,NP_057323.3:p.Pro625His,0.479,22.6,['Unknown%20significance'],118.37,0.75,0.0,0.1,0.1
MYO15A,17,18120674,NM_016239.4:c.1874C>G,NP_057323.3:p.Pro625Arg,0.601,22.5,['Unknown%20significance'],118.37,0.75,0.0,0.1,0.1
MYO15A,17,18120674,NM_016239.4:c.1874C>T,NP_057323.3:p.Pro625Leu,0.278,15.30,['Unknown%20significance'],118.37,0.75,0.0,0.1,0.1
MYO15A,17,18120676,NM_016239.4:c.1876A>G,NP_057323.3:p.Ile626Val,0.194,10.24,['Unknown%20significance'],166.12,0.84,0.0,0.2,0.2
MYO15A,17,18120676,NM_016239.4:c.1876A>T,NP_057323.3:p.Ile626Phe,0.276,18.04,['Unknown%20significance'],166.12,0.84,0.0,0.3,0.3
MYO15A,17,18120677,NM_016239.4:c.1877T>A,NP_057323.3:p.Ile626Asn,0.337,22.6,['Unknown%20significance'],166.12,0.84,0.0,0.7,0.7
MYO15A,17,18120679,NM_016239.4:c.1879G>A,NP_057323.3:p.Val627Met,0.215,9.651,['Unknown%20significance'],138.32,0.8,0.0,0.1,0.1
MYO15A,17,18120679,NM_016239.4:c.1879G>C,NP_057323.3:p.Val627Leu,0.192,7.789,['Unknown%20significance'],138.32,0.8,0.0,0.1,0.1
MYO15A,17,18120679,NM_016239.4:c.1879G>T,NP_057323.3:p.Val627Leu,0.192,7.689,['Unknown%20significance'],138.32,0.8,0.0,0.1,0.1
MYO15A,17,18120680,NM_016239.4:c.1880T>C,NP_057323.3:p.Val627Ala,0.191,16.31,['Unknown%20significance'],138.32,0.8,0.0,0.2,0.2
MYO15A,17,18120682,NM_016239.4:c.1882C>A,NP_057323.3:p.Leu628Met,0.344,22.2,['Unknown%20significance'],165.71,0.85,0.0,0.1,0.1
MYO15A,17,18120683,NM_016239.4:c.1883T>C,NP_057323.3:p.Leu628Pro,0.575,24.4,['Unknown%20significance'],165.71,0.85,0.0,0.4,0.4
MYO15A,17,18120683,NM_016239.4:c.1883T>G,NP_057323.3:p.Leu628Arg,0.475,20.5,['Unknown%20significance'],165.71,0.85,0.0,0.3,0.3
MYO15A,17,18120685,NM_016239.4:c.1885A>G,NP_057323.3:p.Arg629Gly,0.254,16.30,['Unknown%20significance'],216.01,0.8,0.0,0.3,0.3
MYO15A,17,18120686,NM_016239.4:c.1886G>A,NP_057323.3:p.Arg629Lys,0.270,22.1,['Unknown%20significance'],216.01,0.8,0.0,0.2,0.2
MYO15A,17,18120686,NM_016239.4:c.1886G>T,NP_057323.3:p.Arg629Met,0.421,23.8,['Unknown%20significance'],216.01,0.8,0.0,-0.0,0.0
MYO15A,17,18120687,NM_016239.4:c.1887G>C,NP_057323.3:p.Arg629Ser,0.393,17.04,['Unknown%20significance'],216.01,0.8,0.0,0.1,0.1
MYO15A,17,18120687,NM_016239.4:c.1887G>T,NP_057323.3:p.Arg629Ser,0.391,16.99,['Unknown%20significance'],216.01,0.8,0.0,0.1,0.1
MYO15A,17,18120688,NM_016239.4:c.1888A>G,NP_057323.3:p.Arg630Gly,0.173,15.37,['Unknown%20significance'],247.29,0.91,0.0,0.2,0.2
MYO15A,17,18120688,NM_016239.4:c.1888A>T,NP_057323.3:p.Arg630Trp,0.326,22.0,['Unknown%20significance'],247.29,0.91,0.0,-0.0,0.0
MYO15A,17,18120689,NM_016239.4:c.1889G>A,NP_057323.3:p.Arg630Lys,0.119,13.55,['Unknown%20significance'],247.29,0.91,0.0,0.1,0.1
MYO15A,17,18120689,NM_016239.4:c.1889G>T,NP_057323.3:p.Arg630Met,0.295,20.5,['Unknown%20significance'],247.29,0.91,0.0,0.0,0.0
MYO15A,17,18120690,NM_016239.4:c.1890G>C,NP_057323.3:p.Arg630Ser,0.144,6.231,['Unknown%20significance'],247.29,0.91,0.0,0.1,0.1
MYO15A,17,18120690,NM_016239.4:c.1890G>T,NP_057323.3:p.Arg630Ser,0.144,6.101,['Unknown%20significance'],247.29,0.91,0.0,0.1,0.1
MYO15A,17,18120691,NM_016239.4:c.1891G>A,NP_057323.3:p.Ala631Thr,0.087,3.213,['Unknown%20significance'],97.54,0.76,0.0,-0.1,0.1
MYO15A,17,18120691,NM_016239.4:c.1891G>C,NP_057323.3:p.Ala631Pro,0.222,5.331,['Unknown%20significance'],97.54,0.76,0.0,0.0,0.0
MYO15A,17,18120691,NM_016239.4:c.1891G>T,NP_057323.3:p.Ala631Ser,0.074,1.362,['Unknown%20significance'],97.54,0.76,0.0,-0.0,0.0
MYO15A,17,18120692,NM_016239.4:c.1892C>A,NP_057323.3:p.Ala631Asp,0.064,5.761,['Unknown%20significance'],97.54,0.76,0.0,0.1,0.1
MYO15A,17,18120692,NM_016239.4:c.1892C>T,NP_057323.3:p.Ala631Val,0.115,3.158,['Unknown%20significance'],97.54,0.76,0.0,-0.1,0.1
MYO15A,17,18120694,NM_016239.4:c.1894C>A,NP_057323.3:p.Gln632Lys,0.105,10.46,['Unknown%20significance'],134.93,0.68,0.0,0.2,0.2
MYO15A,17,18120695,NM_016239.4:c.1895A>G,NP_057323.3:p.Gln632Arg,0.157,13.05,['Unknown%20significance'],134.93,0.68,0.0,-0.1,0.1
MYO15A,17,18120696,NM_016239.4:c.1896G>T,NP_057323.3:p.Gln632His,0.200,16.48,['Unknown%20significance'],134.93,0.68,0.0,-0.0,0.0
MYO15A,17,18120697,NM_016239.4:c.1897C>A,NP_057323.3:p.Pro633Thr,0.129,6.042,['Unknown%20significance'],129.28,0.82,0.0,-0.1,0.1
MYO15A,17,18120697,NM_016239.4:c.1897C>T,NP_057323.3:p.Pro633Ser,0.098,6.689,['Unknown%20significance'],129.28,0.82,0.0,-0.0,0.0
MYO15A,17,18120698,NM_016239.4:c.1898C>A,NP_057323.3:p.Pro633Gln,0.173,8.099,['Unknown%20significance'],129.28,0.82,0.0,-0.0,0.0
MYO15A,17,18120698,NM_016239.4:c.1898C>T,NP_057323.3:p.Pro633Leu,0.115,8.109,['Unknown%20significance'],129.28,0.82,0.0,-0.1,0.1
MYO15A,17,18120700,NM_016239.4:c.1900C>A,NP_057323.3:p.Arg634Ser,0.093,11.71,['Unknown%20significance'],227.63,0.84,0.0,0.2,0.2
MYO15A,17,18120700,NM_016239.4:c.1900C>G,NP_057323.3:p.Arg634Gly,0.142,13.80,['Unknown%20significance'],227.63,0.84,0.0,0.4,0.4
MYO15A,17,18120700,NM_016239.4:c.1900C>T,NP_057323.3:p.Arg634Cys,0.153,19.77,['Unknown%20significance'],227.63,0.84,0.0,0.3,0.3
MYO15A,17,18120701,NM_016239.4:c.1901G>A,NP_057323.3:p.Arg634His,0.194,8.024,['Unknown%20significance'],227.63,0.84,0.0,0.1,0.1
MYO15A,17,18120701,NM_016239.4:c.1901G>C,NP_057323.3:p.Arg634Pro,0.219,7.228,['Unknown%20significance'],227.63,0.84,0.0,0.1,0.1
MYO15A,17,18120701,NM_016239.4:c.1901G>T,NP_057323.3:p.Arg634Leu,0.094,7.319,['Unknown%20significance'],227.63,0.84,0.0,0.1,0.1
MYO15A,17,18120703,NM_016239.4:c.1903G>A,NP_057323.3:p.Ala635Thr,0.112,6.978,['Unknown%20significance'],91.54,0.71,0.0,-0.1,0.1
MYO15A,17,18120703,NM_016239.4:c.1903G>C,NP_057323.3:p.Ala635Pro,0.129,13.22,['Unknown%20significance'],91.54,0.71,0.0,-0.1,0.1
MYO15A,17,18120703,NM_016239.4:c.1903G>T,NP_057323.3:p.Ala635Ser,0.077,10.65,['Unknown%20significance'],91.54,0.71,0.0,-0.0,0.0
MYO15A,17,18120704,NM_016239.4:c.1904C>A,NP_057323.3:p.Ala635Asp,0.201,15.56,['Unknown%20significance'],91.54,0.71,0.0,0.1,0.1
MYO15A,17,18120704,NM_016239.4:c.1904C>G,NP_057323.3:p.Ala635Gly,0.141,15.16,['Unknown%20significance'],91.54,0.71,0.0,0.2,0.2
MYO15A,17,18120704,NM_016239.4:c.1904C>T,NP_057323.3:p.Ala635Val,0.184,10.51,['Unknown%20significance'],91.54,0.71,0.0,-0.1,0.1
MYO15A,17,18120706,NM_016239.4:c.1906C>A,NP_057323.3:p.Arg636Ser,0.105,7.352,['Unknown%20significance'],256.05,0.95,0.0,0.1,0.1
MYO15A,17,18120706,NM_016239.4:c.1906C>G,NP_057323.3:p.Arg636Gly,0.076,9.458,['Unknown%20significance'],256.05,0.95,0.0,0.2,0.2
MYO15A,17,18120706,NM_016239.4:c.1906C>T,NP_057323.3:p.Arg636Cys,0.128,16.54,['Unknown%20significance'],256.05,0.95,0.0,0.2,0.2
MYO15A,17,18120707,NM_016239.4:c.1907G>A,NP_057323.3:p.Arg636His,0.200,15.61,['Unknown%20significance'],256.05,0.95,0.0,0.1,0.1
MYO15A,17,18120707,NM_016239.4:c.1907G>C,NP_057323.3:p.Arg636Pro,0.119,12.50,['Unknown%20significance'],256.05,0.95,0.0,0.2,0.2
MYO15A,17,18120707,NM_016239.4:c.1907G>T,NP_057323.3:p.Arg636Leu,0.121,10.95,['Unknown%20significance'],256.05,0.95,0.0,0.1,0.1
MYO15A,17,18120709,NM_016239.4:c.1909A>G,NP_057323.3:p.Ser637Gly,0.131,12.81,['Unknown%20significance'],101.46,0.73,0.0,0.3,0.3
MYO15A,17,18120709,NM_016239.4:c.1909A>T,NP_057323.3:p.Ser637Cys,0.146,13.66,['Unknown%20significance'],101.46,0.73,0.0,0.2,0.2
MYO15A,17,18120710,NM_016239.4:c.1910G>A,NP_057323.3:p.Ser637Asn,0.198,2.462,['Unknown%20significance'],101.46,0.73,0.0,-0.0,0.0
MYO15A,17,18120710,NM_016239.4:c.1910G>C,NP_057323.3:p.Ser637Thr,0.184,13.45,['Unknown%20significance'],101.46,0.73,0.0,-0.1,0.1
MYO15A,17,18120710,NM_016239.4:c.1910G>T,NP_057323.3:p.Ser637Ile,0.112,15.28,['Unknown%20significance'],101.46,0.73,0.0,0.1,0.1
MYO15A,17,18120711,NM_016239.4:c.1911C>A,NP_057323.3:p.Ser637Arg,0.236,19.91,['Unknown%20significance'],101.46,0.73,0.0,-0.2,0.2
MYO15A,17,18120712,NM_016239.4:c.1912A>C,NP_057323.3:p.Ser638Arg,0.226,16.30,['Unknown%20significance'],116.77,0.84,0.0,-0.2,0.2
MYO15A,17,18120712,NM_016239.4:c.1912A>G,NP_057323.3:p.Ser638Gly,0.215,10.56,['Unknown%20significance'],116.77,0.84,0.0,0.2,0.2
MYO15A,17,18120712,NM_016239.4:c.1912A>T,NP_057323.3:p.Ser638Cys,0.196,16.47,['Unknown%20significance'],116.77,0.84,0.0,0.2,0.2
MYO15A,17,18120713,NM_016239.4:c.1913G>A,NP_057323.3:p.Ser638Asn,0.218,3.974,['Unknown%20significance'],116.77,0.84,0.0,-0.1,0.1
MYO15A,17,18120713,NM_016239.4:c.1913G>C,NP_057323.3:p.Ser638Thr,0.161,9.801,['Unknown%20significance'],116.77,0.84,0.0,-0.0,0.0
MYO15A,17,18120714,NM_016239.4:c.1914C>A,NP_057323.3:p.Ser638Arg,0.257,16.80,['Unknown%20significance'],116.77,0.84,0.0,-0.2,0.2
MYO15A,17,18120714,NM_016239.4:c.1914C>G,NP_057323.3:p.Ser638Arg,0.257,16.90,['Unknown%20significance'],116.77,0.84,0.0,-0.2,0.2
MYO15A,17,18120715,NM_016239.4:c.1915A>G,NP_057323.3:p.Asn639Asp,0.274,15.83,['Unknown%20significance'],136.2,0.85,0.0,0.1,0.1
MYO15A,17,18120715,NM_016239.4:c.1915A>T,NP_057323.3:p.Asn639Tyr,0.218,22.6,['Unknown%20significance'],136.2,0.85,0.0,-0.1,0.1
MYO15A,17,18120716,NM_016239.4:c.1916A>C,NP_057323.3:p.Asn639Thr,0.166,19.40,['Unknown%20significance'],136.2,0.85,0.0,0.0,0.0
MYO15A,17,18120717,NM_016239.4:c.1917C>A,NP_057323.3:p.Asn639Lys,0.189,12.71,['Unknown%20significance'],136.2,0.85,0.0,0.0,0.0
MYO15A,17,18120718,NM_016239.4:c.1918G>A,NP_057323.3:p.Asp640Asn,0.226,8.202,['Likely%20benign'],137.09,0.85,0.0,-0.1,0.1
MYO15A,17,18120718,NM_016239.4:c.1918G>C,NP_057323.3:p.Asp640His,0.242,13.84,['Unknown%20significance'],137.09,0.85,0.0,-0.2,0.2
MYO15A,17,18120718,NM_016239.4:c.1918G>T,NP_057323.3:p.Asp640Tyr,0.242,17.63,['Unknown%20significance'],137.09,0.85,0.0,-0.2,0.2
MYO15A,17,18120720,NM_016239.4:c.1920C>A,NP_057323.3:p.Asp640Glu,0.199,13.56,['Unknown%20significance'],137.09,0.85,0.0,0.0,0.0
MYO15A,17,18120720,NM_016239.4:c.1920C>G,NP_057323.3:p.Asp640Glu,0.199,13.71,['Unknown%20significance'],137.09,0.85,0.0,0.0,0.0
MYO15A,17,18120721,NM_016239.4:c.1921G>A,NP_057323.3:p.Ala641Thr,0.179,8.891,['Unknown%20significance'],102.39,0.8,0.0,-0.1,0.1
MYO15A,17,18120721,NM_016239.4:c.1921G>C,NP_057323.3:p.Ala641Pro,0.123,11.20,['Unknown%20significance'],102.39,0.8,0.0,0.0,0.0
MYO15A,17,18120721,NM_016239.4:c.1921G>T,NP_057323.3:p.Ala641Ser,0.191,2.676,['Unknown%20significance'],102.39,0.8,0.0,-0.0,0.0
MYO15A,17,18120722,NM_016239.4:c.1922C>A,NP_057323.3:p.Ala641Glu,0.107,14.23,['Unknown%20significance'],102.39,0.8,0.0,0.0,0.0
MYO15A,17,18120722,NM_016239.4:c.1922C>G,NP_057323.3:p.Ala641Gly,0.118,14.46,['Unknown%20significance'],102.39,0.8,0.0,0.1,0.1
MYO15A,17,18120722,NM_016239.4:c.1922C>T,NP_057323.3:p.Ala641Val,0.150,8.722,['Unknown%20significance'],102.39,0.8,0.0,-0.0,0.0
MYO15A,17,18120724,NM_016239.4:c.1924C>A,NP_057323.3:p.Arg642Ser,0.108,6.775,['Unknown%20significance'],236.01,0.87,0.0,0.2,0.2
MYO15A,17,18120724,NM_016239.4:c.1924C>G,NP_057323.3:p.Arg642Gly,0.117,8.751,['Unknown%20significance'],236.01,0.87,0.0,0.3,0.3
MYO15A,17,18120724,NM_016239.4:c.1924C>T,NP_057323.3:p.Arg642Cys,0.140,13.07,['Unknown%20significance'],236.01,0.87,0.0,0.2,0.2
MYO15A,17,18120725,NM_016239.4:c.1925G>A,NP_057323.3:p.Arg642His,0.150,3.328,['Unknown%20significance'],236.01,0.87,0.0,0.0,0.0
MYO15A,17,18120725,NM_016239.4:c.1925G>C,NP_057323.3:p.Arg642Pro,0.151,7.616,['Unknown%20significance'],236.01,0.87,0.0,0.1,0.1
MYO15A,17,18120725,NM_016239.4:c.1925G>T,NP_057323.3:p.Arg642Leu,0.143,6.809,['Unknown%20significance'],236.01,0.87,0.0,0.0,0.0
MYO15A,17,18120727,NM_016239.4:c.1927C>A,NP_057323.3:p.Arg643Ser,0.134,4.151,['Unknown%20significance'],221.07,0.82,0.0,0.1,0.1
MYO15A,17,18120727,NM_016239.4:c.1927C>G,NP_057323.3:p.Arg643Gly,0.209,5.522,['Unknown%20significance'],221.07,0.82,0.0,0.3,0.3
MYO15A,17,18120727,NM_016239.4:c.1927C>T,NP_057323.3:p.Arg643Cys,0.151,10.42,['Unknown%20significance'],221.07,0.82,0.0,0.2,0.2
MYO15A,17,18120728,NM_016239.4:c.1928G>A,NP_057323.3:p.Arg643His,0.108,10.28,['Unknown%20significance'],221.07,0.82,0.0,0.0,0.0
MYO15A,17,18120728,NM_016239.4:c.1928G>C,NP_057323.3:p.Arg643Pro,0.098,10.07,['Unknown%20significance'],221.07,0.82,0.0,-0.1,0.1
MYO15A,17,18120728,NM_016239.4:c.1928G>T,NP_057323.3:p.Arg643Leu,0.074,9.215,['Unknown%20significance'],221.07,0.82,0.0,0.1,0.1
MYO15A,17,18120730,NM_016239.4:c.1930C>A,NP_057323.3:p.Pro644Thr,0.212,9.268,['Unknown%20significance'],127.03,0.8,0.0,0.5,0.5
MYO15A,17,18120730,NM_016239.4:c.1930C>G,NP_057323.3:p.Pro644Ala,0.137,1.872,['Unknown%20significance'],127.03,0.8,0.0,0.5,0.5
MYO15A,17,18120730,NM_016239.4:c.1930C>T,NP_057323.3:p.Pro644Ser,0.177,4.769,['Unknown%20significance'],127.03,0.8,0.0,0.6,0.6
MYO15A,17,18120731,NM_016239.4:c.1931C>A,NP_057323.3:p.Pro644Gln,0.273,19.64,['Likely%20benign'],127.03,0.8,0.0,0.5,0.5
MYO15A,17,18120731,NM_016239.4:c.1931C>G,NP_057323.3:p.Pro644Arg,0.267,19.70,['Unknown%20significance'],127.03,0.8,0.0,0.5,0.5
MYO15A,17,18120731,NM_016239.4:c.1931C>T,NP_057323.3:p.Pro644Leu,0.244,16.29,['Unknown%20significance'],127.03,0.8,0.0,0.4,0.4
MYO15A,17,18120733,NM_016239.4:c.1933C>A,NP_057323.3:p.Pro645Thr,0.179,1.997,['Unknown%20significance'],118.91,0.75,0.0,0.2,0.2
MYO15A,17,18120733,NM_016239.4:c.1933C>T,NP_057323.3:p.Pro645Ser,0.078,2.136,['Unknown%20significance'],118.91,0.75,0.0,0.3,0.3
MYO15A,17,18120734,NM_016239.4:c.1934C>A,NP_057323.3:p.Pro645His,0.276,20.2,['Unknown%20significance'],118.91,0.75,0.0,0.2,0.2
MYO15A,17,18120734,NM_016239.4:c.1934C>T,NP_057323.3:p.Pro645Leu,0.208,16.49,['Unknown%20significance'],118.91,0.75,0.0,0.1,0.1
MYO15A,17,18120736,NM_016239.4:c.1936G>A,NP_057323.3:p.Ala646Thr,0.121,2.344,['Unknown%20significance'],98.48,0.77,0.0,-0.1,0.1
MYO15A,17,18120736,NM_016239.4:c.1936G>T,NP_057323.3:p.Ala646Ser,0.180,0.076,['Unknown%20significance'],98.48,0.77,0.0,-0.0,0.0
MYO15A,17,18120737,NM_016239.4:c.1937C>A,NP_057323.3:p.Ala646Glu,0.143,10.69,['Unknown%20significance'],98.48,0.77,0.0,0.2,0.2
MYO15A,17,18120737,NM_016239.4:c.1937C>T,NP_057323.3:p.Ala646Val,0.196,15.46,['Unknown%20significance'],98.48,0.77,0.0,-0.1,0.1
MYO15A,17,18120739,NM_016239.4:c.1939C>A,NP_057323.3:p.Pro647Thr,0.109,12.09,['Unknown%20significance'],118.2,0.75,0.0,0.4,0.4
MYO15A,17,18120739,NM_016239.4:c.1939C>T,NP_057323.3:p.Pro647Ser,0.123,13.01,['Unknown%20significance'],118.2,0.75,0.0,0.5,0.5
MYO15A,17,18120740,NM_016239.4:c.1940C>A,NP_057323.3:p.Pro647Gln,0.248,13.94,['Unknown%20significance'],118.2,0.75,0.0,0.5,0.5
MYO15A,17,18120742,NM_016239.4:c.1942C>A,NP_057323.3:p.Gln648Lys,0.150,0.007,['Unknown%20significance'],166.64,0.84,0.0,0.2,0.2
MYO15A,17,18120743,NM_016239.4:c.1943A>C,NP_057323.3:p.Gln648Pro,0.269,0.683,['Unknown%20significance'],166.64,0.84,0.0,-0.1,0.1
MYO15A,17,18120743,NM_016239.4:c.1943A>G,NP_057323.3:p.Gln648Arg,0.247,0.162,['Unknown%20significance'],166.64,0.84,0.0,-0.0,0.0
MYO15A,17,18120743,NM_016239.4:c.1943A>T,NP_057323.3:p.Gln648Leu,0.256,0.946,['Unknown%20significance'],166.64,0.84,0.0,-0.1,0.1
MYO15A,17,18120744,NM_016239.4:c.1944G>C,NP_057323.3:p.Gln648His,0.156,6.910,['Unknown%20significance'],166.64,0.84,0.0,-0.0,0.0
MYO15A,17,18120744,NM_016239.4:c.1944G>T,NP_057323.3:p.Gln648His,0.136,6.769,['Unknown%20significance'],166.64,0.84,0.0,-0.0,0.0
MYO15A,17,18120745,NM_016239.4:c.1945C>A,NP_057323.3:p.Pro649Thr,0.126,7.381,['Unknown%20significance'],134.29,0.85,0.0,0.4,0.4
MYO15A,17,18120745,NM_016239.4:c.1945C>G,NP_057323.3:p.Pro649Ala,0.063,4.473,['Unknown%20significance'],134.29,0.85,0.0,0.4,0.4
MYO15A,17,18120745,NM_016239.4:c.1945C>T,NP_057323.3:p.Pro649Ser,0.036,7.057,['Unknown%20significance'],134.29,0.85,0.0,0.4,0.4
MYO15A,17,18120746,NM_016239.4:c.1946C>A,NP_057323.3:p.Pro649His,0.255,15.62,['Unknown%20significance'],134.29,0.85,0.0,0.3,0.3
MYO15A,17,18120746,NM_016239.4:c.1946C>G,NP_057323.3:p.Pro649Arg,0.259,11.10,['Unknown%20significance'],134.29,0.85,0.0,0.3,0.3
MYO15A,17,18120746,NM_016239.4:c.1946C>T,NP_057323.3:p.Pro649Leu,0.171,4.935,['Unknown%20significance'],134.29,0.85,0.0,0.3,0.3
MYO15A,17,18120748,NM_016239.4:c.1948G>A,NP_057323.3:p.Ala650Thr,0.213,0.013,['Unknown%20significance'],102.15,0.8,0.0,-0.1,0.1
MYO15A,17,18120748,NM_016239.4:c.1948G>C,NP_057323.3:p.Ala650Pro,0.157,0.056,['Unknown%20significance'],102.15,0.8,0.0,-0.0,0.0
MYO15A,17,18120748,NM_016239.4:c.1948G>T,NP_057323.3:p.Ala650Ser,0.205,0.002,['Unknown%20significance'],102.15,0.8,0.0,-0.0,0.0
MYO15A,17,18120749,NM_016239.4:c.1949C>A,NP_057323.3:p.Ala650Glu,0.136,1.353,['Unknown%20significance'],102.15,0.8,0.0,0.1,0.1
MYO15A,17,18120749,NM_016239.4:c.1949C>T,NP_057323.3:p.Ala650Val,0.126,4.272,['Unknown%20significance'],102.15,0.8,0.0,-0.2,0.2
MYO15A,17,18120751,NM_016239.4:c.1951C>A,NP_057323.3:p.Pro651Thr,0.089,2.086,['Unknown%20significance'],116.92,0.74,0.0,0.2,0.2
MYO15A,17,18120751,NM_016239.4:c.1951C>T,NP_057323.3:p.Pro651Ser,0.134,1.678,['Unknown%20significance'],116.92,0.74,0.0,0.3,0.3
MYO15A,17,18120754,NM_016239.4:c.1954A>G,NP_057323.3:p.Arg652Gly,0.121,7.036,['Unknown%20significance'],240.32,0.89,0.0,0.3,0.3
MYO15A,17,18120755,NM_016239.4:c.1955G>A,NP_057323.3:p.Arg652Lys,0.073,7.967,['Unknown%20significance'],240.32,0.89,0.0,0.2,0.2
MYO15A,17,18120755,NM_016239.4:c.1955G>C,NP_057323.3:p.Arg652Thr,0.061,13.53,['Unknown%20significance'],240.32,0.89,0.0,0.1,0.1
MYO15A,17,18120755,NM_016239.4:c.1955G>T,NP_057323.3:p.Arg652Met,0.225,14.56,['Unknown%20significance'],240.32,0.89,0.0,0.0,0.0
MYO15A,17,18120756,NM_016239.4:c.1956G>T,NP_057323.3:p.Arg652Ser,0.115,6.268,['Unknown%20significance'],240.32,0.89,0.0,0.1,0.1
MYO15A,17,18120757,NM_016239.4:c.1957A>G,NP_057323.3:p.Thr653Ala,0.106,0.026,['Unknown%20significance'],106.09,0.67,0.0,0.1,0.1
MYO15A,17,18120758,NM_016239.4:c.1958C>A,NP_057323.3:p.Thr653Asn,0.129,0.090,['Unknown%20significance'],106.09,0.67,0.0,0.2,0.2
MYO15A,17,18120758,NM_016239.4:c.1958C>T,NP_057323.3:p.Thr653Ile,0.147,0.488,['Unknown%20significance'],106.09,0.67,0.0,-0.1,0.1
MYO15A,17,18120760,NM_016239.4:c.1960C>A,NP_057323.3:p.Leu654Ile,0.226,0.776,['Unknown%20significance'],167.12,0.86,0.0,-0.0,0.0
MYO15A,17,18120760,NM_016239.4:c.1960C>T,NP_057323.3:p.Leu654Phe,0.296,3.594,['Unknown%20significance'],167.12,0.86,0.0,-0.0,0.0
MYO15A,17,18120761,NM_016239.4:c.1961T>A,NP_057323.3:p.Leu654His,0.157,9.009,['Unknown%20significance'],167.12,0.86,0.0,0.0,0.0
MYO15A,17,18120761,NM_016239.4:c.1961T>C,NP_057323.3:p.Leu654Pro,0.133,9.444,['Unknown%20significance'],167.12,0.86,0.0,-0.1,0.1
MYO15A,17,18120761,NM_016239.4:c.1961T>G,NP_057323.3:p.Leu654Arg,0.105,8.967,['Unknown%20significance'],167.12,0.86,0.0,0.0,0.0
MYO15A,17,18120763,NM_016239.4:c.1963T>A,NP_057323.3:p.Ser655Thr,0.187,0.076,['Unknown%20significance'],82.29,0.59,0.0,-0.1,0.1
MYO15A,17,18120763,NM_016239.4:c.1963T>C,NP_057323.3:p.Ser655Pro,0.242,0.911,['Unknown%20significance'],82.29,0.59,0.0,-0.6,0.6
MYO15A,17,18120764,NM_016239.4:c.1964C>A,NP_057323.3:p.Ser655Tyr,0.231,19.90,['Unknown%20significance'],82.29,0.59,0.0,-0.4,0.4
MYO15A,17,18120764,NM_016239.4:c.1964C>G,NP_057323.3:p.Ser655Cys,0.207,20.5,['Unknown%20significance'],82.29,0.59,0.0,0.0,0.0
MYO15A,17,18120766,NM_016239.4:c.1966C>A,NP_057323.3:p.His656Asn,0.138,14.39,['Unknown%20significance'],106.53,0.51,0.0,0.5,0.5
MYO15A,17,18120766,NM_016239.4:c.1966C>T,NP_057323.3:p.His656Tyr,0.203,13.40,['Unknown%20significance'],106.53,0.51,0.0,-0.5,0.5
MYO15A,17,18120767,NM_016239.4:c.1967A>G,NP_057323.3:p.His656Arg,0.172,13.48,['Unknown%20significance'],106.53,0.51,0.0,0.1,0.1
MYO15A,17,18120768,NM_016239.4:c.1968C>A,NP_057323.3:p.His656Gln,0.114,15.32,['Unknown%20significance'],106.53,0.51,0.0,0.3,0.3
MYO15A,17,18120768,NM_016239.4:c.1968C>G,NP_057323.3:p.His656Gln,0.114,15.43,['Unknown%20significance'],106.53,0.51,0.0,0.3,0.3
MYO15A,17,18120769,NM_016239.4:c.1969T>A,NP_057323.3:p.Trp657Arg,0.256,14.65,['Unknown%20significance'],183.08,0.69,0.0,0.6,0.6
MYO15A,17,18120769,NM_016239.4:c.1969T>C,NP_057323.3:p.Trp657Arg,0.256,14.98,['Unknown%20significance'],183.08,0.69,0.0,0.6,0.6
MYO15A,17,18120769,NM_016239.4:c.1969T>G,NP_057323.3:p.Trp657Gly,0.201,16.32,['Unknown%20significance'],183.08,0.69,0.0,1.0,1.0
MYO15A,17,18120770,NM_016239.4:c.1970G>T,NP_057323.3:p.Trp657Leu,0.195,14.81,['Unknown%20significance'],183.08,0.69,0.0,0.5,0.5
MYO15A,17,18120771,NM_016239.4:c.1971G>T,NP_057323.3:p.Trp657Cys,0.208,18.28,['Unknown%20significance'],183.08,0.69,0.0,0.8,0.8
MYO15A,17,18120772,NM_016239.4:c.1972A>G,NP_057323.3:p.Ser658Gly,0.226,14.53,['Unknown%20significance'],109.58,0.79,0.0,0.1,0.1
MYO15A,17,18120773,NM_016239.4:c.1973G>A,NP_057323.3:p.Ser658Asn,0.243,19.39,['Likely%20benign'],109.58,0.79,0.0,0.1,0.1
MYO15A,17,18120773,NM_016239.4:c.1973G>T,NP_057323.3:p.Ser658Ile,0.238,21.0,['Unknown%20significance'],109.58,0.79,0.0,-0.1,0.1
MYO15A,17,18120774,NM_016239.4:c.1974C>A,NP_057323.3:p.Ser658Arg,0.117,1.848,['Unknown%20significance'],109.58,0.79,0.0,-0.1,0.1
MYO15A,17,18120775,NM_016239.4:c.1975G>A,NP_057323.3:p.Ala659Thr,0.107,5.959,['Unknown%20significance'],80.78,0.63,0.0,0.0,0.0
MYO15A,17,18120775,NM_016239.4:c.1975G>T,NP_057323.3:p.Ala659Ser,0.168,3.644,['Unknown%20significance'],80.78,0.63,0.0,0.1,0.1
MYO15A,17,18120776,NM_016239.4:c.1976C>A,NP_057323.3:p.Ala659Glu,0.113,7.841,['Unknown%20significance'],80.78,0.63,0.0,0.2,0.2
MYO15A,17,18120776,NM_016239.4:c.1976C>T,NP_057323.3:p.Ala659Val,0.130,7.592,['Unknown%20significance'],80.78,0.63,0.0,-0.1,0.1
MYO15A,17,18120778,NM_016239.4:c.1978C>A,NP_057323.3:p.Leu660Ile,0.123,7.613,['Unknown%20significance'],157.21,0.81,0.0,0.0,0.0
MYO15A,17,18120778,NM_016239.4:c.1978C>T,NP_057323.3:p.Leu660Phe,0.244,9.745,['Unknown%20significance'],157.21,0.81,0.0,-0.0,0.0
MYO15A,17,18120779,NM_016239.4:c.1979T>C,NP_057323.3:p.Leu660Pro,0.065,9.126,['Unknown%20significance'],157.21,0.81,0.0,-0.3,0.3
MYO15A,17,18120781,NM_016239.4:c.1981C>A,NP_057323.3:p.Leu661Met,0.221,0.992,['Unknown%20significance'],101.95,0.52,0.0,-0.0,0.0
MYO15A,17,18120782,NM_016239.4:c.1982T>A,NP_057323.3:p.Leu661Gln,0.174,9.479,['Unknown%20significance'],101.95,0.52,0.0,0.3,0.3
MYO15A,17,18120782,NM_016239.4:c.1982T>C,NP_057323.3:p.Leu661Pro,0.200,10.52,['Unknown%20significance'],101.95,0.52,0.0,-0.2,0.2
MYO15A,17,18120784,NM_016239.4:c.1984T>A,NP_057323.3:p.Ser662Thr,0.111,0.484,['Unknown%20significance'],41.9,0.3,0.0,-0.2,0.2
MYO15A,17,18120785,NM_016239.4:c.1985C>A,NP_057323.3:p.Ser662Tyr,0.146,13.83,['Unknown%20significance'],41.9,0.3,0.0,-0.7,0.7
MYO15A,17,18120785,NM_016239.4:c.1985C>T,NP_057323.3:p.Ser662Phe,0.175,14.78,['Unknown%20significance'],41.9,0.3,0.0,-0.3,0.3
MYO15A,17,18120787,NM_016239.4:c.1987C>A,NP_057323.3:p.Pro663Thr,0.220,7.909,['Unknown%20significance'],62.93,0.4,0.0,1.0,1.0
MYO15A,17,18120787,NM_016239.4:c.1987C>T,NP_057323.3:p.Pro663Ser,0.199,3.230,['Unknown%20significance'],62.93,0.4,0.0,1.1,1.1
MYO15A,17,18120788,NM_016239.4:c.1988C>A,NP_057323.3:p.Pro663Gln,0.222,12.68,['Unknown%20significance'],62.93,0.4,0.0,1.0,1.0
MYO15A,17,18120788,NM_016239.4:c.1988C>G,NP_057323.3:p.Pro663Arg,0.244,16.17,['Unknown%20significance'],62.93,0.4,0.0,0.8,0.8
MYO15A,17,18120788,NM_016239.4:c.1988C>T,NP_057323.3:p.Pro663Leu,0.179,16.53,['Unknown%20significance'],62.93,0.4,0.0,0.9,0.9
MYO15A,17,18120790,NM_016239.4:c.1990C>A,NP_057323.3:p.Pro664Thr,0.101,6.683,['Unknown%20significance'],88.42,0.56,0.0,0.5,0.5
MYO15A,17,18120790,NM_016239.4:c.1990C>G,NP_057323.3:p.Pro664Ala,0.098,10.53,['Unknown%20significance'],88.42,0.56,0.0,0.6,0.6
MYO15A,17,18120790,NM_016239.4:c.1990C>T,NP_057323.3:p.Pro664Ser,0.112,12.69,['Unknown%20significance'],88.42,0.56,0.0,0.6,0.6
MYO15A,17,18120791,NM_016239.4:c.1991C>A,NP_057323.3:p.Pro664His,0.174,14.32,['Unknown%20significance'],88.42,0.56,0.0,0.5,0.5
MYO15A,17,18120791,NM_016239.4:c.1991C>T,NP_057323.3:p.Pro664Leu,0.178,10.24,['Unknown%20significance'],88.42,0.56,0.0,0.6,0.6
MYO15A,17,18120793,NM_016239.4:c.1993G>A,NP_057323.3:p.Val665Met,0.139,7.099,['Unknown%20significance'],28.88,0.16,0.0,-0.1,0.1
MYO15A,17,18120793,NM_016239.4:c.1993G>C,NP_057323.3:p.Val665Leu,0.084,4.548,['Unknown%20significance'],28.88,0.16,0.0,0.0,0.0
MYO15A,17,18120793,NM_016239.4:c.1993G>T,NP_057323.3:p.Val665Leu,0.083,4.417,['Unknown%20significance'],28.88,0.16,0.0,0.0,0.0
MYO15A,17,18120794,NM_016239.4:c.1994T>A,NP_057323.3:p.Val665Glu,0.207,0.087,['Unknown%20significance'],28.88,0.16,0.0,0.8,0.8
MYO15A,17,18120794,NM_016239.4:c.1994T>C,NP_057323.3:p.Val665Ala,0.164,0.094,['Unknown%20significance'],28.88,0.16,0.0,0.5,0.5
MYO15A,17,18120796,NM_016239.4:c.1996C>A,NP_057323.3:p.Pro666Thr,0.099,5.664,['Unknown%20significance'],93.0,0.59,0.0,0.5,0.5
MYO15A,17,18120796,NM_016239.4:c.1996C>G,NP_057323.3:p.Pro666Ala,0.070,2.728,['Unknown%20significance'],93.0,0.59,0.0,0.6,0.6
MYO15A,17,18120796,NM_016239.4:c.1996C>T,NP_057323.3:p.Pro666Ser,0.088,5.915,['Unknown%20significance'],93.0,0.59,0.0,0.6,0.6
MYO15A,17,18120797,NM_016239.4:c.1997C>A,NP_057323.3:p.Pro666His,0.260,14.81,['Unknown%20significance'],93.0,0.59,0.0,0.5,0.5
MYO15A,17,18120797,NM_016239.4:c.1997C>G,NP_057323.3:p.Pro666Arg,0.197,14.35,['Unknown%20significance'],93.0,0.59,0.0,0.4,0.4
MYO15A,17,18120797,NM_016239.4:c.1997C>T,NP_057323.3:p.Pro666Leu,0.234,10.39,['Unknown%20significance'],93.0,0.59,0.0,0.5,0.5
MYO15A,17,18120799,NM_016239.4:c.1999C>A,NP_057323.3:p.Pro667Thr,0.103,1.862,['Unknown%20significance'],103.45,0.65,0.0,0.3,0.3
MYO15A,17,18120799,NM_016239.4:c.1999C>G,NP_057323.3:p.Pro667Ala,0.153,0.308,['Unknown%20significance'],103.45,0.65,0.0,0.4,0.4
MYO15A,17,18120799,NM_016239.4:c.1999C>T,NP_057323.3:p.Pro667Ser,0.103,2.351,['Unknown%20significance'],103.45,0.65,0.0,0.3,0.3
MYO15A,17,18120800,NM_016239.4:c.2000C>A,NP_057323.3:p.Pro667Gln,0.104,0.806,['Unknown%20significance'],103.45,0.65,0.0,0.3,0.3
MYO15A,17,18120800,NM_016239.4:c.2000C>G,NP_057323.3:p.Pro667Arg,0.189,0.275,['Unknown%20significance'],103.45,0.65,0.0,0.3,0.3
MYO15A,17,18120800,NM_016239.4:c.2000C>T,NP_057323.3:p.Pro667Leu,0.181,2.420,['Unknown%20significance'],103.45,0.65,0.0,0.3,0.3
MYO15A,17,18120802,NM_016239.4:c.2002C>G,NP_057323.3:p.Arg668Gly,0.141,1.476,['Unknown%20significance'],238.91,0.88,0.0,0.2,0.2
MYO15A,17,18120802,NM_016239.4:c.2002C>T,NP_057323.3:p.Arg668Trp,0.420,7.750,['Unknown%20significance'],238.91,0.88,0.0,-0.1,0.1
MYO15A,17,18120803,NM_016239.4:c.2003G>A,NP_057323.3:p.Arg668Gln,0.087,3.381,['Unknown%20significance'],238.91,0.88,0.0,0.0,0.0
MYO15A,17,18120803,NM_016239.4:c.2003G>T,NP_057323.3:p.Arg668Leu,0.117,2.768,['Unknown%20significance'],238.91,0.88,0.0,0.0,0.0
MYO15A,17,18120805,NM_016239.4:c.2005C>A,NP_057323.3:p.Pro669Thr,0.189,0.077,['Unknown%20significance'],106.6,0.67,0.0,0.2,0.2
MYO15A,17,18120805,NM_016239.4:c.2005C>G,NP_057323.3:p.Pro669Ala,0.204,0.046,['Unknown%20significance'],106.6,0.67,0.0,0.3,0.3
MYO15A,17,18120805,NM_016239.4:c.2005C>T,NP_057323.3:p.Pro669Ser,0.176,0.054,['Unknown%20significance'],106.6,0.67,0.0,0.3,0.3
MYO15A,17,18120806,NM_016239.4:c.2006C>A,NP_057323.3:p.Pro669His,0.102,14.73,['Unknown%20significance'],106.6,0.67,0.0,0.2,0.2
MYO15A,17,18120806,NM_016239.4:c.2006C>G,NP_057323.3:p.Pro669Arg,0.107,7.601,['Unknown%20significance'],106.6,0.67,0.0,0.2,0.2
MYO15A,17,18120806,NM_016239.4:c.2006C>T,NP_057323.3:p.Pro669Leu,0.110,10.23,['Unknown%20significance'],106.6,0.67,0.0,0.3,0.3
MYO15A,17,18120808,NM_016239.4:c.2008C>A,NP_057323.3:p.Pro670Thr,0.179,14.03,['Unknown%20significance'],152.39,0.96,0.0,0.3,0.3
MYO15A,17,18120808,NM_016239.4:c.2008C>T,NP_057323.3:p.Pro670Ser,0.116,14.60,['Unknown%20significance'],152.39,0.96,0.0,0.3,0.3
MYO15A,17,18120809,NM_016239.4:c.2009C>A,NP_057323.3:p.Pro670Gln,0.205,12.87,['Unknown%20significance'],152.39,0.96,0.0,0.3,0.3
MYO15A,17,18120809,NM_016239.4:c.2009C>G,NP_057323.3:p.Pro670Arg,0.132,7.397,['Unknown%20significance'],152.39,0.96,0.0,0.3,0.3
MYO15A,17,18120809,NM_016239.4:c.2009C>T,NP_057323.3:p.Pro670Leu,0.139,13.73,['Unknown%20significance'],152.39,0.96,0.0,0.3,0.3
MYO15A,17,18120811,NM_016239.4:c.2011A>C,NP_057323.3:p.Ser671Arg,0.056,7.571,['Unknown%20significance'],123.27,0.89,0.0,0.0,0.0
MYO15A,17,18120811,NM_016239.4:c.2011A>G,NP_057323.3:p.Ser671Gly,0.070,7.420,['Unknown%20significance'],123.27,0.89,0.0,0.2,0.2
MYO15A,17,18120812,NM_016239.4:c.2012G>A,NP_057323.3:p.Ser671Asn,0.113,3.339,['Unknown%20significance'],123.27,0.89,0.0,0.1,0.1
MYO15A,17,18120812,NM_016239.4:c.2012G>T,NP_057323.3:p.Ser671Ile,0.143,7.449,['Unknown%20significance'],123.27,0.89,0.0,0.1,0.1
MYO15A,17,18120813,NM_016239.4:c.2013C>A,NP_057323.3:p.Ser671Arg,0.086,3.948,['Unknown%20significance'],123.27,0.89,0.0,0.0,0.0
MYO15A,17,18120814,NM_016239.4:c.2014T>C,NP_057323.3:p.Ser672Pro,0.169,5.652,['Likely%20benign'],129.1,0.93,0.0,-0.2,0.2
MYO15A,17,18120814,NM_016239.4:c.2014T>G,NP_057323.3:p.Ser672Ala,0.192,7.559,['Unknown%20significance'],129.1,0.93,0.0,0.0,0.0
MYO15A,17,18120815,NM_016239.4:c.2015C>A,NP_057323.3:p.Ser672Tyr,0.169,12.78,['Unknown%20significance'],129.1,0.93,0.0,-0.1,0.1
MYO15A,17,18120815,NM_016239.4:c.2015C>G,NP_057323.3:p.Ser672Cys,0.097,13.47,['Unknown%20significance'],129.1,0.93,0.0,0.0,0.0
MYO15A,17,18120815,NM_016239.4:c.2015C>T,NP_057323.3:p.Ser672Phe,0.219,14.17,['Unknown%20significance'],129.1,0.93,0.0,-0.0,0.0
MYO15A,17,18120817,NM_016239.4:c.2017G>A,NP_057323.3:p.Gly673Arg,0.157,8.795,['Unknown%20significance'],62.31,0.65,0.0,-0.5,0.5
MYO15A,17,18120817,NM_016239.4:c.2017G>C,NP_057323.3:p.Gly673Arg,0.142,8.467,['Unknown%20significance'],62.31,0.65,0.0,-0.5,0.5
MYO15A,17,18120817,NM_016239.4:c.2017G>T,NP_057323.3:p.Gly673Trp,0.204,15.78,['Unknown%20significance'],62.31,0.65,0.0,-0.7,0.7
MYO15A,17,18120818,NM_016239.4:c.2018G>A,NP_057323.3:p.Gly673Glu,0.055,8.478,['Unknown%20significance'],62.31,0.65,0.0,-0.2,0.2
MYO15A,17,18120818,NM_016239.4:c.2018G>T,NP_057323.3:p.Gly673Val,0.072,13.61,['Unknown%20significance'],62.31,0.65,0.0,-0.4,0.4
MYO15A,17,18120820,NM_016239.4:c.2020C>A,NP_057323.3:p.Pro674Thr,0.136,3.848,['Unknown%20significance'],124.07,0.78,0.0,0.3,0.3
MYO15A,17,18120820,NM_016239.4:c.2020C>G,NP_057323.3:p.Pro674Ala,0.112,8.518,['Unknown%20significance'],124.07,0.78,0.0,0.4,0.4
MYO15A,17,18120820,NM_016239.4:c.2020C>T,NP_057323.3:p.Pro674Ser,0.153,4.200,['Unknown%20significance'],124.07,0.78,0.0,0.4,0.4
MYO15A,17,18120821,NM_016239.4:c.2021C>A,NP_057323.3:p.Pro674His,0.239,14.41,['Unknown%20significance'],124.07,0.78,0.0,0.3,0.3
MYO15A,17,18120821,NM_016239.4:c.2021C>G,NP_057323.3:p.Pro674Arg,0.063,8.869,['Unknown%20significance'],124.07,0.78,0.0,0.3,0.3
MYO15A,17,18120821,NM_016239.4:c.2021C>T,NP_057323.3:p.Pro674Leu,0.100,14.45,['Unknown%20significance'],124.07,0.78,0.0,0.3,0.3
MYO15A,17,18120823,NM_016239.4:c.2023C>A,NP_057323.3:p.Pro675Thr,0.086,1.655,['Unknown%20significance'],142.63,0.9,0.0,0.3,0.3
MYO15A,17,18120823,NM_016239.4:c.2023C>G,NP_057323.3:p.Pro675Ala,0.121,0.544,['Unknown%20significance'],142.63,0.9,0.0,0.4,0.4
MYO15A,17,18120823,NM_016239.4:c.2023C>T,NP_057323.3:p.Pro675Ser,0.077,1.617,['Unknown%20significance'],142.63,0.9,0.0,0.4,0.4
MYO15A,17,18120824,NM_016239.4:c.2024C>A,NP_057323.3:p.Pro675Gln,0.266,2.038,['Unknown%20significance'],142.63,0.9,0.0,0.3,0.3
MYO15A,17,18120824,NM_016239.4:c.2024C>G,NP_057323.3:p.Pro675Arg,0.207,2.198,['Unknown%20significance'],142.63,0.9,0.0,0.3,0.3
MYO15A,17,18120824,NM_016239.4:c.2024C>T,NP_057323.3:p.Pro675Leu,0.098,1.394,['Unknown%20significance'],142.63,0.9,0.0,0.3,0.3
MYO15A,17,18120826,NM_016239.4:c.2026C>A,NP_057323.3:p.Pro676Thr,0.099,5.102,['Unknown%20significance'],140.3,0.89,0.0,0.1,0.1
MYO15A,17,18120826,NM_016239.4:c.2026C>G,NP_057323.3:p.Pro676Ala,0.086,0.603,['Unknown%20significance'],140.3,0.89,0.0,0.1,0.1
MYO15A,17,18120826,NM_016239.4:c.2026C>T,NP_057323.3:p.Pro676Ser,0.135,5.091,['Unknown%20significance'],140.3,0.89,0.0,0.1,0.1
MYO15A,17,18120827,NM_016239.4:c.2027C>A,NP_057323.3:p.Pro676His,0.244,9.150,['Unknown%20significance'],140.3,0.89,0.0,0.0,0.0
MYO15A,17,18120827,NM_016239.4:c.2027C>T,NP_057323.3:p.Pro676Leu,0.168,7.777,['Unknown%20significance'],140.3,0.89,0.0,0.1,0.1
MYO15A,17,18120829,NM_016239.4:c.2029G>A,NP_057323.3:p.Ala677Thr,0.099,0.156,['Unknown%20significance'],85.88,0.67,0.0,-0.0,0.0
MYO15A,17,18120829,NM_016239.4:c.2029G>C,NP_057323.3:p.Ala677Pro,0.124,0.291,['Unknown%20significance'],85.88,0.67,0.0,-0.1,0.1
MYO15A,17,18120829,NM_016239.4:c.2029G>T,NP_057323.3:p.Ala677Ser,0.076,0.036,['Unknown%20significance'],85.88,0.67,0.0,0.0,0.0
MYO15A,17,18120830,NM_016239.4:c.2030C>A,NP_057323.3:p.Ala677Glu,0.045,1.698,['Unknown%20significance'],85.88,0.67,0.0,0.1,0.1
MYO15A,17,18120830,NM_016239.4:c.2030C>T,NP_057323.3:p.Ala677Val,0.103,3.898,['Unknown%20significance'],85.88,0.67,0.0,-0.1,0.1
MYO15A,17,18120832,NM_016239.4:c.2032C>A,NP_057323.3:p.Pro678Thr,0.071,7.538,['Unknown%20significance'],142.47,0.9,0.0,0.1,0.1
MYO15A,17,18120832,NM_016239.4:c.2032C>T,NP_057323.3:p.Pro678Ser,0.077,7.435,['Unknown%20significance'],142.47,0.9,0.0,0.1,0.1
MYO15A,17,18120833,NM_016239.4:c.2033C>A,NP_057323.3:p.Pro678Gln,0.109,16.19,['Unknown%20significance'],142.47,0.9,0.0,0.1,0.1
MYO15A,17,18120833,NM_016239.4:c.2033C>T,NP_057323.3:p.Pro678Leu,0.152,17.23,['Benign'],142.47,0.9,0.0,0.1,0.1
MYO15A,17,18120835,NM_016239.4:c.2035C>A,NP_057323.3:p.Pro679Thr,0.075,5.295,['Unknown%20significance'],119.55,0.76,0.0,0.3,0.3
MYO15A,17,18120835,NM_016239.4:c.2035C>T,NP_057323.3:p.Pro679Ser,0.050,5.195,['Unknown%20significance'],119.55,0.76,0.0,0.4,0.4
MYO15A,17,18120836,NM_016239.4:c.2036C>A,NP_057323.3:p.Pro679Gln,0.230,14.27,['Unknown%20significance'],119.55,0.76,0.0,0.4,0.4
MYO15A,17,18120836,NM_016239.4:c.2036C>T,NP_057323.3:p.Pro679Leu,0.154,14.70,['Unknown%20significance'],119.55,0.76,0.0,0.2,0.2
MYO15A,17,18120838,NM_016239.4:c.2038C>A,NP_057323.3:p.Leu680Ile,0.070,1.516,['Unknown%20significance'],194.36,1.0,0.0,0.0,0.0
MYO15A,17,18120838,NM_016239.4:c.2038C>G,NP_057323.3:p.Leu680Val,0.077,0.732,['Unknown%20significance'],194.36,1.0,0.0,0.0,0.0
MYO15A,17,18120838,NM_016239.4:c.2038C>T,NP_057323.3:p.Leu680Phe,0.139,1.389,['Unknown%20significance'],194.36,1.0,0.0,-0.0,0.0
MYO15A,17,18120839,NM_016239.4:c.2039T>A,NP_057323.3:p.Leu680His,0.091,9.605,['Unknown%20significance'],194.36,1.0,0.0,0.0,0.0
MYO15A,17,18120839,NM_016239.4:c.2039T>C,NP_057323.3:p.Leu680Pro,0.107,11.72,['Unknown%20significance'],194.36,1.0,0.0,0.0,0.0
MYO15A,17,18120841,NM_016239.4:c.2041T>A,NP_057323.3:p.Ser681Thr,0.134,5.562,['Unknown%20significance'],109.09,0.79,0.0,-0.1,0.1
MYO15A,17,18120841,NM_016239.4:c.2041T>C,NP_057323.3:p.Ser681Pro,0.137,9.920,['Unknown%20significance'],109.09,0.79,0.0,-0.0,0.0
MYO15A,17,18120842,NM_016239.4:c.2042C>A,NP_057323.3:p.Ser681Tyr,0.199,1.253,['Unknown%20significance'],109.09,0.79,0.0,-0.1,0.1
MYO15A,17,18120842,NM_016239.4:c.2042C>T,NP_057323.3:p.Ser681Phe,0.132,4.826,['Unknown%20significance'],109.09,0.79,0.0,-0.0,0.0
MYO15A,17,18120844,NM_016239.4:c.2044C>A,NP_057323.3:p.Pro682Thr,0.231,19.69,['Unknown%20significance'],152.1,0.96,0.0,0.2,0.2
MYO15A,17,18120844,NM_016239.4:c.2044C>T,NP_057323.3:p.Pro682Ser,0.179,11.89,['Unknown%20significance'],152.1,0.96,0.0,0.3,0.3
MYO15A,17,18120845,NM_016239.4:c.2045C>A,NP_057323.3:p.Pro682Gln,0.285,22.7,['Unknown%20significance'],152.1,0.96,0.0,0.2,0.2
MYO15A,17,18120845,NM_016239.4:c.2045C>G,NP_057323.3:p.Pro682Arg,0.292,22.8,['Unknown%20significance'],152.1,0.96,0.0,0.2,0.2
MYO15A,17,18120845,NM_016239.4:c.2045C>T,NP_057323.3:p.Pro682Leu,0.277,22.8,['Unknown%20significance'],152.1,0.96,0.0,0.2,0.2
MYO15A,17,18120847,NM_016239.4:c.2047G>A,NP_057323.3:p.Ala683Thr,0.137,0.127,['Unknown%20significance'],93.73,0.73,0.0,-0.1,0.1
MYO15A,17,18120847,NM_016239.4:c.2047G>T,NP_057323.3:p.Ala683Ser,0.138,0.029,['Unknown%20significance'],93.73,0.73,0.0,-0.0,0.0
MYO15A,17,18120848,NM_016239.4:c.2048C>A,NP_057323.3:p.Ala683Glu,0.075,0.207,['Unknown%20significance'],93.73,0.73,0.0,0.1,0.1
MYO15A,17,18120848,NM_016239.4:c.2048C>G,NP_057323.3:p.Ala683Gly,0.078,1.365,['Unknown%20significance'],93.73,0.73,0.0,0.2,0.2
MYO15A,17,18120848,NM_016239.4:c.2048C>T,NP_057323.3:p.Ala683Val,0.147,1.719,['Unknown%20significance'],93.73,0.73,0.0,-0.1,0.1
MYO15A,17,18120850,NM_016239.4:c.2050C>A,NP_057323.3:p.Leu684Ile,0.073,5.568,['Unknown%20significance'],211.37,1.0,0.0,0.0,0.0
MYO15A,17,18120850,NM_016239.4:c.2050C>T,NP_057323.3:p.Leu684Phe,0.099,6.137,['Unknown%20significance'],211.37,1.0,0.0,0.0,0.0
MYO15A,17,18120851,NM_016239.4:c.2051T>C,NP_057323.3:p.Leu684Pro,0.090,11.04,['Unknown%20significance'],211.37,1.0,0.0,-0.0,0.0
MYO15A,17,18120853,NM_016239.4:c.2053T>A,NP_057323.3:p.Ser685Thr,0.092,3.455,['Unknown%20significance'],109.46,0.79,0.0,-0.1,0.1
MYO15A,17,18120853,NM_016239.4:c.2053T>C,NP_057323.3:p.Ser685Pro,0.086,7.797,['Unknown%20significance'],109.46,0.79,0.0,-0.1,0.1
MYO15A,17,18120853,NM_016239.4:c.2053T>G,NP_057323.3:p.Ser685Ala,0.069,5.735,['Unknown%20significance'],109.46,0.79,0.0,0.0,0.0
MYO15A,17,18120854,NM_016239.4:c.2054C>T,NP_057323.3:p.Ser685Leu,0.102,13.07,['Unknown%20significance'],109.46,0.79,0.0,-0.1,0.1
MYO15A,17,18120856,NM_016239.4:c.2056G>A,NP_057323.3:p.Gly686Ser,0.089,4.877,['Unknown%20significance'],78.93,0.82,0.0,-0.1,0.1
MYO15A,17,18120856,NM_016239.4:c.2056G>C,NP_057323.3:p.Gly686Arg,0.150,5.026,['Unknown%20significance'],78.93,0.82,0.0,-0.2,0.2
MYO15A,17,18120856,NM_016239.4:c.2056G>T,NP_057323.3:p.Gly686Cys,0.293,18.81,['Unknown%20significance'],78.93,0.82,0.0,-0.0,0.0
MYO15A,17,18120857,NM_016239.4:c.2057G>A,NP_057323.3:p.Gly686Asp,0.195,7.121,['Unknown%20significance'],78.93,0.82,0.0,0.0,0.0
MYO15A,17,18120857,NM_016239.4:c.2057G>T,NP_057323.3:p.Gly686Val,0.216,8.689,['Unknown%20significance'],78.93,0.82,0.0,-0.2,0.2
MYO15A,17,18120859,NM_016239.4:c.2059C>A,NP_057323.3:p.Leu687Met,0.106,11.05,['Unknown%20significance'],182.36,0.94,0.0,0.0,0.0
MYO15A,17,18120860,NM_016239.4:c.2060T>A,NP_057323.3:p.Leu687Gln,0.173,5.481,['Unknown%20significance'],182.36,0.94,0.0,0.1,0.1
MYO15A,17,18120860,NM_016239.4:c.2060T>C,NP_057323.3:p.Leu687Pro,0.168,7.855,['Unknown%20significance'],182.36,0.94,0.0,0.1,0.1
MYO15A,17,18120862,NM_016239.4:c.2062C>A,NP_057323.3:p.Pro688Thr,0.076,14.21,['Unknown%20significance'],127.13,0.8,0.0,-0.0,0.0
MYO15A,17,18120862,NM_016239.4:c.2062C>T,NP_057323.3:p.Pro688Ser,0.104,9.943,['Unknown%20significance'],127.13,0.8,0.0,0.1,0.1
MYO15A,17,18120863,NM_016239.4:c.2063C>A,NP_057323.3:p.Pro688His,0.245,15.36,['Unknown%20significance'],127.13,0.8,0.0,-0.0,0.0
MYO15A,17,18120863,NM_016239.4:c.2063C>T,NP_057323.3:p.Pro688Leu,0.125,11.03,['Unknown%20significance'],127.13,0.8,0.0,-0.0,0.0
MYO15A,17,18120865,NM_016239.4:c.2065C>G,NP_057323.3:p.Arg689Gly,0.149,11.85,['Unknown%20significance'],233.43,0.86,0.0,0.3,0.3
MYO15A,17,18120865,NM_016239.4:c.2065C>T,NP_057323.3:p.Arg689Trp,0.349,22.4,['Unknown%20significance'],233.43,0.86,0.0,-0.0,0.0
MYO15A,17,18120866,NM_016239.4:c.2066G>A,NP_057323.3:p.Arg689Gln,0.098,13.03,['Unknown%20significance'],233.43,0.86,0.0,0.1,0.1
MYO15A,17,18120866,NM_016239.4:c.2066G>C,NP_057323.3:p.Arg689Pro,0.090,13.66,['Unknown%20significance'],233.43,0.86,0.0,0.1,0.1
MYO15A,17,18120866,NM_016239.4:c.2066G>T,NP_057323.3:p.Arg689Leu,0.103,13.25,['Unknown%20significance'],233.43,0.86,0.0,0.0,0.0
MYO15A,17,18120868,NM_016239.4:c.2068C>A,NP_057323.3:p.Pro690Thr,0.092,8.697,['Unknown%20significance'],143.54,0.91,0.0,0.1,0.1
MYO15A,17,18120868,NM_016239.4:c.2068C>G,NP_057323.3:p.Pro690Ala,0.104,6.742,['Unknown%20significance'],143.54,0.91,0.0,0.1,0.1
MYO15A,17,18120868,NM_016239.4:c.2068C>T,NP_057323.3:p.Pro690Ser,0.073,9.552,['Unknown%20significance'],143.54,0.91,0.0,0.2,0.2
MYO15A,17,18120869,NM_016239.4:c.2069C>A,NP_057323.3:p.Pro690Gln,0.076,8.236,['Unknown%20significance'],143.54,0.91,0.0,0.2,0.2
MYO15A,17,18120869,NM_016239.4:c.2069C>G,NP_057323.3:p.Pro690Arg,0.207,9.442,['Unknown%20significance'],143.54,0.91,0.0,0.2,0.2
MYO15A,17,18120869,NM_016239.4:c.2069C>T,NP_057323.3:p.Pro690Leu,0.111,8.838,['Unknown%20significance'],143.54,0.91,0.0,0.1,0.1
MYO15A,17,18120871,NM_016239.4:c.2071G>A,NP_057323.3:p.Ala691Thr,0.136,3.599,['Unknown%20significance'],72.61,0.57,0.0,-0.1,0.1
MYO15A,17,18120871,NM_016239.4:c.2071G>C,NP_057323.3:p.Ala691Pro,0.088,5.390,['Unknown%20significance'],72.61,0.57,0.0,-0.3,0.3
MYO15A,17,18120871,NM_016239.4:c.2071G>T,NP_057323.3:p.Ala691Ser,0.126,1.501,['Unknown%20significance'],72.61,0.57,0.0,0.1,0.1
MYO15A,17,18120872,NM_016239.4:c.2072C>A,NP_057323.3:p.Ala691Asp,0.204,6.593,['Unknown%20significance'],72.61,0.57,0.0,0.3,0.3
MYO15A,17,18120872,NM_016239.4:c.2072C>T,NP_057323.3:p.Ala691Val,0.251,7.764,['Unknown%20significance'],72.61,0.57,0.0,-0.2,0.2
MYO15A,17,18120874,NM_016239.4:c.2074T>C,NP_057323.3:p.Ser692Pro,0.292,23.2,['Unknown%20significance'],103.49,0.75,0.0,0.2,0.2
MYO15A,17,18120875,NM_016239.4:c.2075C>G,NP_057323.3:p.Ser692Trp,0.369,23.4,['Unknown%20significance'],103.49,0.75,0.0,-0.1,0.1
MYO15A,17,18120875,NM_016239.4:c.2075C>T,NP_057323.3:p.Ser692Leu,0.184,20.9,['Unknown%20significance'],103.49,0.75,0.0,0.1,0.1
MYO15A,17,18120877,NM_016239.4:c.2077C>A,NP_057323.3:p.Pro693Thr,0.130,14.13,['Unknown%20significance'],122.51,0.77,0.0,0.5,0.5
MYO15A,17,18120877,NM_016239.4:c.2077C>T,NP_057323.3:p.Pro693Ser,0.134,14.42,['Unknown%20significance'],122.51,0.77,0.0,0.6,0.6
MYO15A,17,18120878,NM_016239.4:c.2078C>A,NP_057323.3:p.Pro693His,0.323,17.69,['Unknown%20significance'],122.51,0.77,0.0,0.5,0.5
MYO15A,17,18120878,NM_016239.4:c.2078C>G,NP_057323.3:p.Pro693Arg,0.288,17.17,['Unknown%20significance'],122.51,0.77,0.0,0.5,0.5
MYO15A,17,18120880,NM_016239.4:c.2080T>A,NP_057323.3:p.Tyr694Asn,0.103,12.32,['Unknown%20significance'],108.9,0.45,0.0,1.1,1.1
MYO15A,17,18120880,NM_016239.4:c.2080T>C,NP_057323.3:p.Tyr694His,0.200,12.48,['Unknown%20significance'],108.9,0.45,0.0,0.5,0.5
MYO15A,17,18120881,NM_016239.4:c.2081A>G,NP_057323.3:p.Tyr694Cys,0.212,14.60,['Unknown%20significance'],108.9,0.45,0.0,1.0,1.0
MYO15A,17,18120881,NM_016239.4:c.2081A>T,NP_057323.3:p.Tyr694Phe,0.153,8.867,['Unknown%20significance'],108.9,0.45,0.0,0.1,0.1
MYO15A,17,18120883,NM_016239.4:c.2083G>A,NP_057323.3:p.Gly695Ser,0.067,9.776,['Unknown%20significance'],49.78,0.52,0.0,-0.0,0.0
MYO15A,17,18120883,NM_016239.4:c.2083G>C,NP_057323.3:p.Gly695Arg,0.070,16.09,['Unknown%20significance'],49.78,0.52,0.0,-0.2,0.2
MYO15A,17,18120883,NM_016239.4:c.2083G>T,NP_057323.3:p.Gly695Cys,0.197,21.4,['Unknown%20significance'],49.78,0.52,0.0,0.0,0.0
MYO15A,17,18120884,NM_016239.4:c.2084G>A,NP_057323.3:p.Gly695Asp,0.185,15.15,['Unknown%20significance'],49.78,0.52,0.0,0.3,0.3
MYO15A,17,18120884,NM_016239.4:c.2084G>C,NP_057323.3:p.Gly695Ala,0.111,14.50,['Unknown%20significance'],49.78,0.52,0.0,-0.1,0.1
MYO15A,17,18120884,NM_016239.4:c.2084G>T,NP_057323.3:p.Gly695Val,0.145,18.46,['Unknown%20significance'],49.78,0.52,0.0,-0.3,0.3
MYO15A,17,18120886,NM_016239.4:c.2086T>C,NP_057323.3:p.Ser696Pro,0.175,22.9,['Unknown%20significance'],106.56,0.77,0.0,0.2,0.2
MYO15A,17,18120887,NM_016239.4:c.2087C>A,NP_057323.3:p.Ser696Tyr,0.290,23.4,['Unknown%20significance'],106.56,0.77,0.0,-0.1,0.1
MYO15A,17,18120887,NM_016239.4:c.2087C>G,NP_057323.3:p.Ser696Cys,0.281,23.6,['Unknown%20significance'],106.56,0.77,0.0,0.2,0.2
MYO15A,17,18120887,NM_016239.4:c.2087C>T,NP_057323.3:p.Ser696Phe,0.289,22.8,['Unknown%20significance'],106.56,0.77,0.0,0.0,0.0
MYO15A,17,18120889,NM_016239.4:c.2089C>A,NP_057323.3:p.Leu697Ile,0.072,12.00,['Unknown%20significance'],82.79,0.42,0.0,0.1,0.1
MYO15A,17,18120889,NM_016239.4:c.2089C>T,NP_057323.3:p.Leu697Phe,0.137,13.07,['Unknown%20significance'],82.79,0.42,0.0,0.1,0.1
MYO15A,17,18120890,NM_016239.4:c.2090T>A,NP_057323.3:p.Leu697His,0.196,22.5,['Unknown%20significance'],82.79,0.42,0.0,0.3,0.3
MYO15A,17,18120890,NM_016239.4:c.2090T>C,NP_057323.3:p.Leu697Pro,0.140,22.4,['Unknown%20significance'],82.79,0.42,0.0,-0.1,0.1
MYO15A,17,18120890,NM_016239.4:c.2090T>G,NP_057323.3:p.Leu697Arg,0.141,18.99,['Unknown%20significance'],82.79,0.42,0.0,0.2,0.2
MYO15A,17,18120892,NM_016239.4:c.2092C>A,NP_057323.3:p.Arg698Ser,0.232,21.4,['Unknown%20significance'],148.59,0.55,0.0,0.5,0.5
MYO15A,17,18120892,NM_016239.4:c.2092C>G,NP_057323.3:p.Arg698Gly,0.235,18.07,['Unknown%20significance'],148.59,0.55,0.0,0.9,0.9
MYO15A,17,18120892,NM_016239.4:c.2092C>T,NP_057323.3:p.Arg698Cys,0.299,23.9,['Unknown%20significance'],148.59,0.55,0.0,0.7,0.7
MYO15A,17,18120893,NM_016239.4:c.2093G>A,NP_057323.3:p.Arg698His,0.148,21.3,['Unknown%20significance'],148.59,0.55,0.0,0.2,0.2
MYO15A,17,18120893,NM_016239.4:c.2093G>C,NP_057323.3:p.Arg698Pro,0.278,23.3,['Unknown%20significance'],148.59,0.55,0.0,0.3,0.3
MYO15A,17,18120893,NM_016239.4:c.2093G>T,NP_057323.3:p.Arg698Leu,0.156,21.2,['Unknown%20significance'],148.59,0.55,0.0,0.3,0.3
MYO15A,17,18120895,NM_016239.4:c.2095C>A,NP_057323.3:p.Arg699Ser,0.145,13.02,['Unknown%20significance'],115.83,0.42,0.0,0.6,0.6
MYO15A,17,18120895,NM_016239.4:c.2095C>T,NP_057323.3:p.Arg699Cys,0.241,16.13,['Likely%20benign'],115.83,0.42,0.0,0.7,0.7
MYO15A,17,18120896,NM_016239.4:c.2096G>A,NP_057323.3:p.Arg699His,0.129,15.96,['Unknown%20significance'],115.83,0.42,0.0,0.2,0.2
MYO15A,17,18120896,NM_016239.4:c.2096G>C,NP_057323.3:p.Arg699Pro,0.136,16.46,['Unknown%20significance'],115.83,0.42,0.0,0.5,0.5
MYO15A,17,18120896,NM_016239.4:c.2096G>T,NP_057323.3:p.Arg699Leu,0.097,11.68,['Unknown%20significance'],115.83,0.42,0.0,0.3,0.3
MYO15A,17,18120898,NM_016239.4:c.2098C>A,NP_057323.3:p.His700Asn,0.173,13.34,['Unknown%20significance'],140.02,0.68,0.0,0.2,0.2
MYO15A,17,18120898,NM_016239.4:c.2098C>G,NP_057323.3:p.His700Asp,0.161,14.41,['Unknown%20significance'],140.02,0.68,0.0,0.3,0.3
MYO15A,17,18120898,NM_016239.4:c.2098C>T,NP_057323.3:p.His700Tyr,0.191,13.03,['Unknown%20significance'],140.02,0.68,0.0,-0.2,0.2
MYO15A,17,18120899,NM_016239.4:c.2099A>C,NP_057323.3:p.His700Pro,0.150,10.96,['Likely%20benign'],140.02,0.68,0.0,0.0,0.0
MYO15A,17,18120899,NM_016239.4:c.2099A>G,NP_057323.3:p.His700Arg,0.132,8.601,['Unknown%20significance'],140.02,0.68,0.0,0.0,0.0
MYO15A,17,18120899,NM_016239.4:c.2099A>T,NP_057323.3:p.His700Leu,0.106,11.10,['Unknown%20significance'],140.02,0.68,0.0,0.1,0.1
MYO15A,17,18120900,NM_016239.4:c.2100C>A,NP_057323.3:p.His700Gln,0.133,6.438,['Unknown%20significance'],140.02,0.68,0.0,0.1,0.1
MYO15A,17,18120900,NM_016239.4:c.2100C>G,NP_057323.3:p.His700Gln,0.133,6.618,['Unknown%20significance'],140.02,0.68,0.0,0.1,0.1
MYO15A,17,18120901,NM_016239.4:c.2101C>A,NP_057323.3:p.Pro701Thr,0.173,17.60,['Unknown%20significance'],47.52,0.3,0.0,0.5,0.5
MYO15A,17,18120901,NM_016239.4:c.2101C>G,NP_057323.3:p.Pro701Ala,0.179,12.95,['Unknown%20significance'],47.52,0.3,0.0,0.7,0.7
MYO15A,17,18120901,NM_016239.4:c.2101C>T,NP_057323.3:p.Pro701Ser,0.177,15.01,['Unknown%20significance'],47.52,0.3,0.0,0.7,0.7
MYO15A,17,18120902,NM_016239.4:c.2102C>A,NP_057323.3:p.Pro701Gln,0.115,10.97,['Unknown%20significance'],47.52,0.3,0.0,0.6,0.6
MYO15A,17,18120902,NM_016239.4:c.2102C>T,NP_057323.3:p.Pro701Leu,0.166,16.20,['Unknown%20significance'],47.52,0.3,0.0,0.3,0.3
MYO15A,17,18120904,NM_016239.4:c.2104C>A,NP_057323.3:p.Pro702Thr,0.202,18.22,['Unknown%20significance'],127.17,0.8,0.0,0.4,0.4
MYO15A,17,18120904,NM_016239.4:c.2104C>G,NP_057323.3:p.Pro702Ala,0.146,12.77,['Unknown%20significance'],127.17,0.8,0.0,0.4,0.4
MYO15A,17,18120904,NM_016239.4:c.2104C>T,NP_057323.3:p.Pro702Ser,0.142,14.96,['Unknown%20significance'],127.17,0.8,0.0,0.4,0.4
MYO15A,17,18120905,NM_016239.4:c.2105C>A,NP_057323.3:p.Pro702Gln,0.218,19.95,['Unknown%20significance'],127.17,0.8,0.0,0.4,0.4
MYO15A,17,18120905,NM_016239.4:c.2105C>G,NP_057323.3:p.Pro702Arg,0.162,16.02,['Unknown%20significance'],127.17,0.8,0.0,0.4,0.4
MYO15A,17,18120905,NM_016239.4:c.2105C>T,NP_057323.3:p.Pro702Leu,0.161,20.4,['Unknown%20significance'],127.17,0.8,0.0,0.4,0.4
MYO15A,17,18120907,NM_016239.4:c.2107C>A,NP_057323.3:p.Pro703Thr,0.307,22.4,['Unknown%20significance'],89.27,0.56,0.0,0.6,0.6
MYO15A,17,18120907,NM_016239.4:c.2107C>T,NP_057323.3:p.Pro703Ser,0.235,22.6,['Unknown%20significance'],89.27,0.56,0.0,0.7,0.7
MYO15A,17,18120908,NM_016239.4:c.2108C>A,NP_057323.3:p.Pro703His,0.331,22.4,['Unknown%20significance'],89.27,0.56,0.0,0.6,0.6
MYO15A,17,18120908,NM_016239.4:c.2108C>T,NP_057323.3:p.Pro703Leu,0.279,22.5,['Unknown%20significance'],89.27,0.56,0.0,0.6,0.6
MYO15A,17,18120910,NM_016239.4:c.2110T>C,NP_057323.3:p.Trp704Arg,0.233,21.8,['Unknown%20significance'],246.34,0.93,0.0,0.1,0.1
MYO15A,17,18120911,NM_016239.4:c.2111G>T,NP_057323.3:p.Trp704Leu,0.283,21.6,['Unknown%20significance'],246.34,0.93,0.0,0.1,0.1
MYO15A,17,18120912,NM_016239.4:c.2112G>C,NP_057323.3:p.Trp704Cys,0.323,22.7,['Unknown%20significance'],246.34,0.93,0.0,0.2,0.2
MYO15A,17,18120912,NM_016239.4:c.2112G>T,NP_057323.3:p.Trp704Cys,0.321,22.7,['Unknown%20significance'],246.34,0.93,0.0,0.2,0.2
MYO15A,17,18120913,NM_016239.4:c.2113G>A,NP_057323.3:p.Ala705Thr,0.216,22.7,['Unknown%20significance'],85.39,0.67,0.0,-0.0,0.0
MYO15A,17,18120913,NM_016239.4:c.2113G>C,NP_057323.3:p.Ala705Pro,0.268,24.2,['Unknown%20significance'],85.39,0.67,0.0,-0.3,0.3
MYO15A,17,18120913,NM_016239.4:c.2113G>T,NP_057323.3:p.Ala705Ser,0.256,19.33,['Unknown%20significance'],85.39,0.67,0.0,0.1,0.1
MYO15A,17,18120914,NM_016239.4:c.2114C>A,NP_057323.3:p.Ala705Asp,0.298,24.2,['Unknown%20significance'],85.39,0.67,0.0,0.2,0.2
MYO15A,17,18120914,NM_016239.4:c.2114C>G,NP_057323.3:p.Ala705Gly,0.277,23.8,['Unknown%20significance'],85.39,0.67,0.0,0.3,0.3
MYO15A,17,18120914,NM_016239.4:c.2114C>T,NP_057323.3:p.Ala705Val,0.318,22.9,['Unknown%20significance'],85.39,0.67,0.0,-0.1,0.1
MYO15A,17,18120916,NM_016239.4:c.2116G>A,NP_057323.3:p.Ala706Thr,0.155,12.71,['Unknown%20significance'],47.7,0.37,0.0,-0.0,0.0
MYO15A,17,18120916,NM_016239.4:c.2116G>C,NP_057323.3:p.Ala706Pro,0.134,14.20,['Unknown%20significance'],47.7,0.37,0.0,-0.3,0.3
MYO15A,17,18120916,NM_016239.4:c.2116G>T,NP_057323.3:p.Ala706Ser,0.160,10.61,['Unknown%20significance'],47.7,0.37,0.0,0.1,0.1
MYO15A,17,18120917,NM_016239.4:c.2117C>A,NP_057323.3:p.Ala706Asp,0.261,16.20,['Unknown%20significance'],47.7,0.37,0.0,0.5,0.5
MYO15A,17,18120917,NM_016239.4:c.2117C>G,NP_057323.3:p.Ala706Gly,0.224,15.68,['Unknown%20significance'],47.7,0.37,0.0,0.6,0.6
MYO15A,17,18120917,NM_016239.4:c.2117C>T,NP_057323.3:p.Ala706Val,0.248,15.50,['Unknown%20significance'],47.7,0.37,0.0,-0.1,0.1
MYO15A,17,18120919,NM_016239.4:c.2119C>A,NP_057323.3:p.Pro707Thr,0.309,13.64,['Unknown%20significance'],79.79,0.5,0.0,0.8,0.8
MYO15A,17,18120919,NM_016239.4:c.2119C>T,NP_057323.3:p.Pro707Ser,0.290,17.48,['Unknown%20significance'],79.79,0.5,0.0,0.9,0.9
MYO15A,17,18120920,NM_016239.4:c.2120C>A,NP_057323.3:p.Pro707Gln,0.248,22.0,['Unknown%20significance'],79.79,0.5,0.0,0.8,0.8
MYO15A,17,18120920,NM_016239.4:c.2120C>T,NP_057323.3:p.Pro707Leu,0.174,18.57,['Unknown%20significance'],79.79,0.5,0.0,0.6,0.6
MYO15A,17,18120922,NM_016239.4:c.2122G>A,NP_057323.3:p.Ala708Thr,0.133,13.59,['Unknown%20significance'],88.31,0.69,0.0,-0.1,0.1
MYO15A,17,18120922,NM_016239.4:c.2122G>C,NP_057323.3:p.Ala708Pro,0.235,14.75,['Unknown%20significance'],88.31,0.69,0.0,0.0,0.0
MYO15A,17,18120923,NM_016239.4:c.2123C>A,NP_057323.3:p.Ala708Glu,0.234,8.486,['Unknown%20significance'],88.31,0.69,0.0,0.1,0.1
MYO15A,17,18120923,NM_016239.4:c.2123C>G,NP_057323.3:p.Ala708Gly,0.136,7.332,['Unknown%20significance'],88.31,0.69,0.0,0.1,0.1
MYO15A,17,18120923,NM_016239.4:c.2123C>T,NP_057323.3:p.Ala708Val,0.151,6.958,['Unknown%20significance'],88.31,0.69,0.0,-0.0,0.0
MYO15A,17,18120925,NM_016239.4:c.2125C>A,NP_057323.3:p.His709Asn,0.248,12.54,['Unknown%20significance'],159.16,0.77,0.0,0.2,0.2
MYO15A,17,18120925,NM_016239.4:c.2125C>G,NP_057323.3:p.His709Asp,0.258,14.41,['Unknown%20significance'],159.16,0.77,0.0,0.3,0.3
MYO15A,17,18120925,NM_016239.4:c.2125C>T,NP_057323.3:p.His709Tyr,0.262,11.66,['Unknown%20significance'],159.16,0.77,0.0,-0.1,0.1
MYO15A,17,18120926,NM_016239.4:c.2126A>C,NP_057323.3:p.His709Pro,0.252,9.332,['Unknown%20significance'],159.16,0.77,0.0,-0.1,0.1
MYO15A,17,18120926,NM_016239.4:c.2126A>G,NP_057323.3:p.His709Arg,0.209,7.017,['Unknown%20significance'],159.16,0.77,0.0,0.0,0.0
MYO15A,17,18120927,NM_016239.4:c.2127C>A,NP_057323.3:p.His709Gln,0.194,2.689,['Unknown%20significance'],159.16,0.77,0.0,0.1,0.1
MYO15A,17,18120928,NM_016239.4:c.2128G>A,NP_057323.3:p.Val710Met,0.168,12.74,['Unknown%20significance'],132.75,0.77,0.0,-0.0,0.0
MYO15A,17,18120928,NM_016239.4:c.2128G>T,NP_057323.3:p.Val710Leu,0.143,10.47,['Unknown%20significance'],132.75,0.77,0.0,0.0,0.0
MYO15A,17,18120929,NM_016239.4:c.2129T>A,NP_057323.3:p.Val710Glu,0.184,16.58,['Unknown%20significance'],132.75,0.77,0.0,0.1,0.1
MYO15A,17,18120929,NM_016239.4:c.2129T>C,NP_057323.3:p.Val710Ala,0.129,15.41,['Unknown%20significance'],132.75,0.77,0.0,0.1,0.1
MYO15A,17,18120931,NM_016239.4:c.2131C>A,NP_057323.3:p.Pro711Thr,0.246,16.89,['Unknown%20significance'],92.4,0.58,0.0,0.6,0.6
MYO15A,17,18120931,NM_016239.4:c.2131C>G,NP_057323.3:p.Pro711Ala,0.195,12.67,['Unknown%20significance'],92.4,0.58,0.0,0.7,0.7
MYO15A,17,18120931,NM_016239.4:c.2131C>T,NP_057323.3:p.Pro711Ser,0.204,13.81,['Unknown%20significance'],92.4,0.58,0.0,0.7,0.7
MYO15A,17,18120932,NM_016239.4:c.2132C>A,NP_057323.3:p.Pro711Gln,0.254,18.86,['Unknown%20significance'],92.4,0.58,0.0,0.6,0.6
MYO15A,17,18120934,NM_016239.4:c.2134C>A,NP_057323.3:p.Pro712Thr,0.130,2.147,['Unknown%20significance'],138.38,0.87,0.0,0.3,0.3
MYO15A,17,18120934,NM_016239.4:c.2134C>G,NP_057323.3:p.Pro712Ala,0.159,0.860,['Unknown%20significance'],138.38,0.87,0.0,0.3,0.3
MYO15A,17,18120934,NM_016239.4:c.2134C>T,NP_057323.3:p.Pro712Ser,0.118,2.707,['Unknown%20significance'],138.38,0.87,0.0,0.3,0.3
MYO15A,17,18120935,NM_016239.4:c.2135C>A,NP_057323.3:p.Pro712Gln,0.108,0.901,['Unknown%20significance'],138.38,0.87,0.0,0.3,0.3
MYO15A,17,18120935,NM_016239.4:c.2135C>G,NP_057323.3:p.Pro712Arg,0.115,0.782,['Unknown%20significance'],138.38,0.87,0.0,0.2,0.2
MYO15A,17,18120935,NM_016239.4:c.2135C>T,NP_057323.3:p.Pro712Leu,0.151,0.528,['Unknown%20significance'],138.38,0.87,0.0,0.3,0.3
MYO15A,17,18120937,NM_016239.4:c.2137G>A,NP_057323.3:p.Ala713Thr,0.142,0.192,['Unknown%20significance'],79.48,0.62,0.0,-0.1,0.1
MYO15A,17,18120937,NM_016239.4:c.2137G>T,NP_057323.3:p.Ala713Ser,0.142,0.089,['Unknown%20significance'],79.48,0.62,0.0,-0.1,0.1
MYO15A,17,18120938,NM_016239.4:c.2138C>A,NP_057323.3:p.Ala713Glu,0.120,0.264,['Unknown%20significance'],79.48,0.62,0.0,0.2,0.2
MYO15A,17,18120938,NM_016239.4:c.2138C>G,NP_057323.3:p.Ala713Gly,0.160,0.315,['Unknown%20significance'],79.48,0.62,0.0,0.3,0.3
MYO15A,17,18120938,NM_016239.4:c.2138C>T,NP_057323.3:p.Ala713Val,0.083,0.277,['Unknown%20significance'],79.48,0.62,0.0,-0.1,0.1
MYO15A,17,18120940,NM_016239.4:c.2140C>A,NP_057323.3:p.Pro714Thr,0.100,11.49,['Unknown%20significance'],147.98,0.94,0.0,0.2,0.2
MYO15A,17,18120940,NM_016239.4:c.2140C>G,NP_057323.3:p.Pro714Ala,0.130,5.425,['Unknown%20significance'],147.98,0.94,0.0,0.3,0.3
MYO15A,17,18120941,NM_016239.4:c.2141C>A,NP_057323.3:p.Pro714Gln,0.160,12.02,['Unknown%20significance'],147.98,0.94,0.0,0.3,0.3
MYO15A,17,18120941,NM_016239.4:c.2141C>T,NP_057323.3:p.Pro714Leu,0.101,12.82,['Unknown%20significance'],147.98,0.94,0.0,0.2,0.2
MYO15A,17,18120943,NM_016239.4:c.2143C>A,NP_057323.3:p.Gln715Lys,0.075,10.11,['Unknown%20significance'],159.0,0.8,0.0,0.2,0.2
MYO15A,17,18120944,NM_016239.4:c.2144A>C,NP_057323.3:p.Gln715Pro,0.233,9.553,['Unknown%20significance'],159.0,0.8,0.0,-0.0,0.0
MYO15A,17,18120944,NM_016239.4:c.2144A>G,NP_057323.3:p.Gln715Arg,0.121,8.866,['Unknown%20significance'],159.0,0.8,0.0,-0.1,0.1
MYO15A,17,18120944,NM_016239.4:c.2144A>T,NP_057323.3:p.Gln715Leu,0.126,10.72,['Unknown%20significance'],159.0,0.8,0.0,-0.1,0.1
MYO15A,17,18120945,NM_016239.4:c.2145G>C,NP_057323.3:p.Gln715His,0.284,5.368,['Unknown%20significance'],159.0,0.8,0.0,-0.1,0.1
MYO15A,17,18120945,NM_016239.4:c.2145G>T,NP_057323.3:p.Gln715His,0.265,5.232,['Unknown%20significance'],159.0,0.8,0.0,-0.1,0.1
MYO15A,17,18120946,NM_016239.4:c.2146G>A,NP_057323.3:p.Ala716Thr,0.196,6.505,['Unknown%20significance'],97.4,0.76,0.0,-0.2,0.2
MYO15A,17,18120946,NM_016239.4:c.2146G>T,NP_057323.3:p.Ala716Ser,0.147,4.323,['Unknown%20significance'],97.4,0.76,0.0,0.1,0.1
MYO15A,17,18120947,NM_016239.4:c.2147C>A,NP_057323.3:p.Ala716Asp,0.303,13.98,['Unknown%20significance'],97.4,0.76,0.0,0.3,0.3
MYO15A,17,18120947,NM_016239.4:c.2147C>T,NP_057323.3:p.Ala716Val,0.320,13.68,['Unknown%20significance'],97.4,0.76,0.0,-0.2,0.2
MYO15A,17,18120949,NM_016239.4:c.2149A>G,NP_057323.3:p.Ser717Gly,0.237,3.893,['Unknown%20significance'],90.27,0.65,0.0,0.4,0.4
MYO15A,17,18120949,NM_016239.4:c.2149A>T,NP_057323.3:p.Ser717Cys,0.269,10.92,['Unknown%20significance'],90.27,0.65,0.0,0.2,0.2
MYO15A,17,18120950,NM_016239.4:c.2150G>A,NP_057323.3:p.Ser717Asn,0.232,6.119,['Unknown%20significance'],90.27,0.65,0.0,0.2,0.2
MYO15A,17,18120950,NM_016239.4:c.2150G>C,NP_057323.3:p.Ser717Thr,0.163,6.364,['Unknown%20significance'],90.27,0.65,0.0,-0.0,0.0
MYO15A,17,18120950,NM_016239.4:c.2150G>T,NP_057323.3:p.Ser717Ile,0.158,9.110,['Unknown%20significance'],90.27,0.65,0.0,-0.0,0.0
MYO15A,17,18120951,NM_016239.4:c.2151C>A,NP_057323.3:p.Ser717Arg,0.161,13.78,['Unknown%20significance'],90.27,0.65,0.0,0.1,0.1
MYO15A,17,18120952,NM_016239.4:c.2152T>A,NP_057323.3:p.Trp718Arg,0.245,18.21,['Unknown%20significance'],252.41,0.96,0.0,0.1,0.1
MYO15A,17,18120952,NM_016239.4:c.2152T>G,NP_057323.3:p.Trp718Gly,0.316,22.4,['Benign'],252.41,0.96,0.0,0.2,0.2
MYO15A,17,18120953,NM_016239.4:c.2153G>T,NP_057323.3:p.Trp718Leu,0.360,20.6,['Unknown%20significance'],252.41,0.96,0.0,-0.0,0.0
MYO15A,17,18120954,NM_016239.4:c.2154G>T,NP_057323.3:p.Trp718Cys,0.562,24.9,['Unknown%20significance'],252.41,0.96,0.0,0.1,0.1
MYO15A,17,18120955,NM_016239.4:c.2155T>C,NP_057323.3:p.Trp719Arg,0.206,19.56,['Unknown%20significance'],229.76,0.87,0.0,0.1,0.1
MYO15A,17,18120955,NM_016239.4:c.2155T>G,NP_057323.3:p.Trp719Gly,0.205,23.0,['Unknown%20significance'],229.76,0.87,0.0,0.2,0.2
MYO15A,17,18120956,NM_016239.4:c.2156G>C,NP_057323.3:p.Trp719Ser,0.311,23.4,['Unknown%20significance'],229.76,0.87,0.0,0.1,0.1
MYO15A,17,18120956,NM_016239.4:c.2156G>T,NP_057323.3:p.Trp719Leu,0.292,21.7,['Unknown%20significance'],229.76,0.87,0.0,0.1,0.1
MYO15A,17,18120957,NM_016239.4:c.2157G>T,NP_057323.3:p.Trp719Cys,0.369,23.1,['Unknown%20significance'],229.76,0.87,0.0,0.2,0.2
MYO15A,17,18120958,NM_016239.4:c.2158G>A,NP_057323.3:p.Ala720Thr,0.102,14.87,['Unknown%20significance'],66.73,0.52,0.0,-0.0,0.0
MYO15A,17,18120958,NM_016239.4:c.2158G>T,NP_057323.3:p.Ala720Ser,0.162,9.165,['Unknown%20significance'],66.73,0.52,0.0,0.1,0.1
MYO15A,17,18120959,NM_016239.4:c.2159C>A,NP_057323.3:p.Ala720Asp,0.171,9.932,['Unknown%20significance'],66.73,0.52,0.0,0.5,0.5
MYO15A,17,18120959,NM_016239.4:c.2159C>T,NP_057323.3:p.Ala720Val,0.176,11.19,['Likely%20benign'],66.73,0.52,0.0,-0.3,0.3
MYO15A,17,18120961,NM_016239.4:c.2161T>A,NP_057323.3:p.Phe721Ile,0.079,18.28,['Unknown%20significance'],200.28,0.87,0.0,0.1,0.1
MYO15A,17,18120961,NM_016239.4:c.2161T>C,NP_057323.3:p.Phe721Leu,0.169,17.12,['Unknown%20significance'],200.28,0.87,0.0,0.1,0.1
MYO15A,17,18120961,NM_016239.4:c.2161T>G,NP_057323.3:p.Phe721Val,0.098,17.97,['Unknown%20significance'],200.28,0.87,0.0,0.2,0.2
MYO15A,17,18120962,NM_016239.4:c.2162T>C,NP_057323.3:p.Phe721Ser,0.213,19.06,['Unknown%20significance'],200.28,0.87,0.0,0.3,0.3
MYO15A,17,18120963,NM_016239.4:c.2163C>A,NP_057323.3:p.Phe721Leu,0.200,8.342,['Unknown%20significance'],200.28,0.87,0.0,0.1,0.1
MYO15A,17,18120963,NM_016239.4:c.2163C>G,NP_057323.3:p.Phe721Leu,0.200,8.470,['Unknown%20significance'],200.28,0.87,0.0,0.1,0.1
MYO15A,17,18120964,NM_016239.4:c.2164G>A,NP_057323.3:p.Val722Met,0.143,10.36,['Unknown%20significance'],125.4,0.72,0.0,0.0,0.0
MYO15A,17,18120964,NM_016239.4:c.2164G>T,NP_057323.3:p.Val722Leu,0.185,9.105,['Unknown%20significance'],125.4,0.72,0.0,0.0,0.0
MYO15A,17,18120965,NM_016239.4:c.2165T>C,NP_057323.3:p.Val722Ala,0.237,10.75,['Unknown%20significance'],125.4,0.72,0.0,0.3,0.3
MYO15A,17,18120965,NM_016239.4:c.2165T>G,NP_057323.3:p.Val722Gly,0.106,17.45,['Unknown%20significance'],125.4,0.72,0.0,0.5,0.5
MYO15A,17,18120967,NM_016239.4:c.2167G>A,NP_057323.3:p.Glu723Lys,0.314,21.5,['Unknown%20significance'],193.77,0.99,0.0,0.0,0.0
MYO15A,17,18120967,NM_016239.4:c.2167G>C,NP_057323.3:p.Glu723Gln,0.295,22.7,['Unknown%20significance'],193.77,0.99,0.0,-0.1,0.1
MYO15A,17,18120968,NM_016239.4:c.2168A>G,NP_057323.3:p.Glu723Gly,0.247,20.6,['Unknown%20significance'],193.77,0.99,0.0,0.1,0.1
MYO15A,17,18120968,NM_016239.4:c.2168A>T,NP_057323.3:p.Glu723Val,0.365,24.2,['Unknown%20significance'],193.77,0.99,0.0,-0.1,0.1
MYO15A,17,18120969,NM_016239.4:c.2169G>C,NP_057323.3:p.Glu723Asp,0.234,19.41,['Unknown%20significance'],193.77,0.99,0.0,0.0,0.0
MYO15A,17,18120969,NM_016239.4:c.2169G>T,NP_057323.3:p.Glu723Asp,0.225,19.30,['Unknown%20significance'],193.77,0.99,0.0,0.0,0.0
MYO15A,17,18120970,NM_016239.4:c.2170C>A,NP_057323.3:p.Pro724Thr,0.175,17.97,['Unknown%20significance'],97.71,0.62,0.0,0.3,0.3
MYO15A,17,18120970,NM_016239.4:c.2170C>T,NP_057323.3:p.Pro724Ser,0.169,18.38,['Unknown%20significance'],97.71,0.62,0.0,0.4,0.4
MYO15A,17,18120971,NM_016239.4:c.2171C>A,NP_057323.3:p.Pro724His,0.303,22.2,['Unknown%20significance'],97.71,0.62,0.0,0.3,0.3
MYO15A,17,18120971,NM_016239.4:c.2171C>T,NP_057323.3:p.Pro724Leu,0.255,22.2,['Unknown%20significance'],97.71,0.62,0.0,0.3,0.3
MYO15A,17,18120973,NM_016239.4:c.2173C>A,NP_057323.3:p.Pro725Thr,0.328,20.5,['Unknown%20significance'],143.01,0.9,0.0,0.2,0.2
MYO15A,17,18120973,NM_016239.4:c.2173C>T,NP_057323.3:p.Pro725Ser,0.314,21.1,['Unknown%20significance'],143.01,0.9,0.0,0.3,0.3
MYO15A,17,18120974,NM_016239.4:c.2174C>A,NP_057323.3:p.Pro725His,0.313,23.1,['Unknown%20significance'],143.01,0.9,0.0,0.2,0.2
MYO15A,17,18120974,NM_016239.4:c.2174C>G,NP_057323.3:p.Pro725Arg,0.294,23.0,['Unknown%20significance'],143.01,0.9,0.0,0.2,0.2
MYO15A,17,18120974,NM_016239.4:c.2174C>T,NP_057323.3:p.Pro725Leu,0.277,23.1,['Unknown%20significance'],143.01,0.9,0.0,0.2,0.2
MYO15A,17,18120976,NM_016239.4:c.2176G>A,NP_057323.3:p.Ala726Thr,0.121,10.89,['Unknown%20significance'],91.85,0.72,0.0,-0.1,0.1
MYO15A,17,18120976,NM_016239.4:c.2176G>C,NP_057323.3:p.Ala726Pro,0.105,5.902,['Unknown%20significance'],91.85,0.72,0.0,-0.2,0.2
MYO15A,17,18120976,NM_016239.4:c.2176G>T,NP_057323.3:p.Ala726Ser,0.129,6.059,['Unknown%20significance'],91.85,0.72,0.0,0.0,0.0
MYO15A,17,18120977,NM_016239.4:c.2177C>A,NP_057323.3:p.Ala726Asp,0.144,15.50,['Unknown%20significance'],91.85,0.72,0.0,0.1,0.1
MYO15A,17,18120977,NM_016239.4:c.2177C>G,NP_057323.3:p.Ala726Gly,0.196,10.02,['Unknown%20significance'],91.85,0.72,0.0,0.2,0.2
MYO15A,17,18120977,NM_016239.4:c.2177C>T,NP_057323.3:p.Ala726Val,0.130,15.42,['Unknown%20significance'],91.85,0.72,0.0,-0.1,0.1
MYO15A,17,18120979,NM_016239.4:c.2179G>A,NP_057323.3:p.Val727Met,0.221,3.900,['Unknown%20significance'],150.01,0.87,0.0,-0.0,0.0
MYO15A,17,18120979,NM_016239.4:c.2179G>C,NP_057323.3:p.Val727Leu,0.159,1.276,['Likely%20benign'],150.01,0.87,0.0,0.0,0.0
MYO15A,17,18120979,NM_016239.4:c.2179G>T,NP_057323.3:p.Val727Leu,0.157,1.195,['Unknown%20significance'],150.01,0.87,0.0,0.0,0.0
MYO15A,17,18120980,NM_016239.4:c.2180T>A,NP_057323.3:p.Val727Glu,0.243,16.98,['Unknown%20significance'],150.01,0.87,0.0,0.2,0.2
MYO15A,17,18120980,NM_016239.4:c.2180T>C,NP_057323.3:p.Val727Ala,0.249,11.20,['Unknown%20significance'],150.01,0.87,0.0,0.1,0.1
MYO15A,17,18120982,NM_016239.4:c.2182A>G,NP_057323.3:p.Ser728Gly,0.146,5.765,['Unknown%20significance'],93.27,0.67,0.0,0.3,0.3
MYO15A,17,18120982,NM_016239.4:c.2182A>T,NP_057323.3:p.Ser728Cys,0.157,8.575,['Unknown%20significance'],93.27,0.67,0.0,0.2,0.2
MYO15A,17,18120983,NM_016239.4:c.2183G>A,NP_057323.3:p.Ser728Asn,0.126,1.151,['Unknown%20significance'],93.27,0.67,0.0,0.1,0.1
MYO15A,17,18120983,NM_016239.4:c.2183G>C,NP_057323.3:p.Ser728Thr,0.136,0.816,['Unknown%20significance'],93.27,0.67,0.0,-0.0,0.0
MYO15A,17,18120983,NM_016239.4:c.2183G>T,NP_057323.3:p.Ser728Ile,0.077,4.547,['Unknown%20significance'],93.27,0.67,0.0,0.0,0.0
MYO15A,17,18120984,NM_016239.4:c.2184C>A,NP_057323.3:p.Ser728Arg,0.260,0.206,['Unknown%20significance'],93.27,0.67,0.0,-0.1,0.1
MYO15A,17,18120984,NM_016239.4:c.2184C>G,NP_057323.3:p.Ser728Arg,0.215,0.224,['Unknown%20significance'],93.27,0.67,0.0,-0.1,0.1
MYO15A,17,18120985,NM_016239.4:c.2185C>A,NP_057323.3:p.Pro729Thr,0.253,14.92,['Unknown%20significance'],121.94,0.77,0.0,0.5,0.5
MYO15A,17,18120985,NM_016239.4:c.2185C>T,NP_057323.3:p.Pro729Ser,0.261,9.610,['Unknown%20significance'],121.94,0.77,0.0,0.6,0.6
MYO15A,17,18120986,NM_016239.4:c.2186C>A,NP_057323.3:p.Pro729Gln,0.166,12.93,['Unknown%20significance'],121.94,0.77,0.0,0.5,0.5
MYO15A,17,18120986,NM_016239.4:c.2186C>T,NP_057323.3:p.Pro729Leu,0.150,13.82,['Unknown%20significance'],121.94,0.77,0.0,0.5,0.5
MYO15A,17,18120988,NM_016239.4:c.2188G>A,NP_057323.3:p.Glu730Lys,0.289,16.45,['Unknown%20significance'],148.23,0.75,0.0,0.1,0.1
MYO15A,17,18120988,NM_016239.4:c.2188G>C,NP_057323.3:p.Glu730Gln,0.228,18.03,['Unknown%20significance'],148.23,0.75,0.0,-0.1,0.1
MYO15A,17,18120989,NM_016239.4:c.2189A>G,NP_057323.3:p.Glu730Gly,0.095,19.11,['Unknown%20significance'],148.23,0.75,0.0,0.2,0.2
MYO15A,17,18120989,NM_016239.4:c.2189A>T,NP_057323.3:p.Glu730Val,0.171,22.6,['Unknown%20significance'],148.23,0.75,0.0,-0.1,0.1
MYO15A,17,18120990,NM_016239.4:c.2190G>T,NP_057323.3:p.Glu730Asp,0.201,4.746,['Unknown%20significance'],148.23,0.75,0.0,0.1,0.1
MYO15A,17,18120991,NM_016239.4:c.2191G>A,NP_057323.3:p.Val731Met,0.157,2.145,['Unknown%20significance'],114.16,0.66,0.0,-0.0,0.0
MYO15A,17,18120991,NM_016239.4:c.2191G>T,NP_057323.3:p.Val731Leu,0.130,0.541,['Unknown%20significance'],114.16,0.66,0.0,0.0,0.0
MYO15A,17,18120992,NM_016239.4:c.2192T>C,NP_057323.3:p.Val731Ala,0.145,0.118,['Unknown%20significance'],114.16,0.66,0.0,0.2,0.2
MYO15A,17,18120994,NM_016239.4:c.2194C>A,NP_057323.3:p.Pro732Thr,0.112,0.828,['Unknown%20significance'],92.94,0.59,0.0,0.4,0.4
MYO15A,17,18120994,NM_016239.4:c.2194C>G,NP_057323.3:p.Pro732Ala,0.138,0.207,['Unknown%20significance'],92.94,0.59,0.0,0.5,0.5
MYO15A,17,18120994,NM_016239.4:c.2194C>T,NP_057323.3:p.Pro732Ser,0.081,1.292,['Unknown%20significance'],92.94,0.59,0.0,0.5,0.5
MYO15A,17,18120995,NM_016239.4:c.2195C>A,NP_057323.3:p.Pro732His,0.156,13.82,['Unknown%20significance'],92.94,0.59,0.0,0.3,0.3
MYO15A,17,18120995,NM_016239.4:c.2195C>T,NP_057323.3:p.Pro732Leu,0.152,8.391,['Unknown%20significance'],92.94,0.59,0.0,0.3,0.3
MYO15A,17,18120997,NM_016239.4:c.2197C>A,NP_057323.3:p.Pro733Thr,0.092,5.662,['Unknown%20significance'],137.79,0.87,0.0,0.2,0.2
MYO15A,17,18120997,NM_016239.4:c.2197C>T,NP_057323.3:p.Pro733Ser,0.092,5.839,['Unknown%20significance'],137.79,0.87,0.0,0.3,0.3
MYO15A,17,18120998,NM_016239.4:c.2198C>A,NP_057323.3:p.Pro733His,0.314,7.704,['Unknown%20significance'],137.79,0.87,0.0,0.2,0.2
MYO15A,17,18120998,NM_016239.4:c.2198C>G,NP_057323.3:p.Pro733Arg,0.212,6.179,['Unknown%20significance'],137.79,0.87,0.0,0.2,0.2
MYO15A,17,18120998,NM_016239.4:c.2198C>T,NP_057323.3:p.Pro733Leu,0.119,7.272,['Unknown%20significance'],137.79,0.87,0.0,0.2,0.2
MYO15A,17,18121000,NM_016239.4:c.2200G>A,NP_057323.3:p.Asp734Asn,0.130,9.256,['Unknown%20significance'],112.86,0.7,0.0,-0.1,0.1
MYO15A,17,18121000,NM_016239.4:c.2200G>T,NP_057323.3:p.Asp734Tyr,0.161,10.10,['Unknown%20significance'],112.86,0.7,0.0,-0.4,0.4
MYO15A,17,18121001,NM_016239.4:c.2201A>C,NP_057323.3:p.Asp734Ala,0.106,17.99,['Unknown%20significance'],112.86,0.7,0.0,-0.1,0.1
MYO15A,17,18121001,NM_016239.4:c.2201A>G,NP_057323.3:p.Asp734Gly,0.144,17.96,['Unknown%20significance'],112.86,0.7,0.0,0.1,0.1
MYO15A,17,18121002,NM_016239.4:c.2202C>A,NP_057323.3:p.Asp734Glu,0.046,1.578,['Unknown%20significance'],112.86,0.7,0.0,-0.1,0.1
MYO15A,17,18121003,NM_016239.4:c.2203C>A,NP_057323.3:p.Leu735Ile,0.043,2.470,['Unknown%20significance'],157.37,0.81,0.0,0.1,0.1
MYO15A,17,18121004,NM_016239.4:c.2204T>A,NP_057323.3:p.Leu735Gln,0.137,4.469,['Unknown%20significance'],157.37,0.81,0.0,0.1,0.1
MYO15A,17,18121004,NM_016239.4:c.2204T>C,NP_057323.3:p.Leu735Pro,0.083,5.102,['Unknown%20significance'],157.37,0.81,0.0,0.1,0.1
MYO15A,17,18121006,NM_016239.4:c.2206C>A,NP_057323.3:p.Leu736Ile,0.041,7.448,['Unknown%20significance'],158.64,0.82,0.0,0.0,0.0
MYO15A,17,18121007,NM_016239.4:c.2207T>A,NP_057323.3:p.Leu736Gln,0.191,13.63,['Unknown%20significance'],158.64,0.82,0.0,0.1,0.1
MYO15A,17,18121007,NM_016239.4:c.2207T>C,NP_057323.3:p.Leu736Pro,0.146,16.82,['Unknown%20significance'],158.64,0.82,0.0,-0.0,0.0
MYO15A,17,18121007,NM_016239.4:c.2207T>G,NP_057323.3:p.Leu736Arg,0.200,13.78,['Unknown%20significance'],158.64,0.82,0.0,-0.0,0.0
MYO15A,17,18121009,NM_016239.4:c.2209G>A,NP_057323.3:p.Ala737Thr,0.179,13.97,['Unknown%20significance'],83.68,0.65,0.0,-0.0,0.0
MYO15A,17,18121009,NM_016239.4:c.2209G>T,NP_057323.3:p.Ala737Ser,0.163,11.56,['Unknown%20significance'],83.68,0.65,0.0,0.1,0.1
MYO15A,17,18121010,NM_016239.4:c.2210C>A,NP_057323.3:p.Ala737Asp,0.212,16.59,['Unknown%20significance'],83.68,0.65,0.0,0.2,0.2
MYO15A,17,18121010,NM_016239.4:c.2210C>T,NP_057323.3:p.Ala737Val,0.190,16.48,['Unknown%20significance'],83.68,0.65,0.0,-0.1,0.1
MYO15A,17,18121012,NM_016239.4:c.2212T>C,NP_057323.3:p.Phe738Leu,0.185,20.5,['Unknown%20significance'],212.4,0.92,0.0,0.0,0.0
MYO15A,17,18121013,NM_016239.4:c.2213T>C,NP_057323.3:p.Phe738Ser,0.100,16.15,['Unknown%20significance'],212.4,0.92,0.0,0.0,0.0
MYO15A,17,18121014,NM_016239.4:c.2214C>A,NP_057323.3:p.Phe738Leu,0.127,12.90,['Unknown%20significance'],212.4,0.92,0.0,0.0,0.0
MYO15A,17,18121014,NM_016239.4:c.2214C>G,NP_057323.3:p.Phe738Leu,0.130,13.05,['Unknown%20significance'],212.4,0.92,0.0,0.0,0.0
MYO15A,17,18121015,NM_016239.4:c.2215C>A,NP_057323.3:p.Pro739Thr,0.070,8.361,['Unknown%20significance'],142.84,0.9,0.0,0.2,0.2
MYO15A,17,18121015,NM_016239.4:c.2215C>G,NP_057323.3:p.Pro739Ala,0.091,1.568,['Unknown%20significance'],142.84,0.9,0.0,0.3,0.3
MYO15A,17,18121015,NM_016239.4:c.2215C>T,NP_057323.3:p.Pro739Ser,0.065,3.774,['Unknown%20significance'],142.84,0.9,0.0,0.3,0.3
MYO15A,17,18121016,NM_016239.4:c.2216C>A,NP_057323.3:p.Pro739Gln,0.060,14.10,['Unknown%20significance'],142.84,0.9,0.0,0.2,0.2
MYO15A,17,18121016,NM_016239.4:c.2216C>T,NP_057323.3:p.Pro739Leu,0.064,14.89,['Unknown%20significance'],142.84,0.9,0.0,0.2,0.2
MYO15A,17,18121018,NM_016239.4:c.2218G>A,NP_057323.3:p.Gly740Arg,0.252,9.567,['Unknown%20significance'],60.26,0.63,0.0,-0.3,0.3
MYO15A,17,18121018,NM_016239.4:c.2218G>T,NP_057323.3:p.Gly740Trp,0.153,13.50,['Unknown%20significance'],60.26,0.63,0.0,-0.5,0.5
MYO15A,17,18121019,NM_016239.4:c.2219G>C,NP_057323.3:p.Gly740Ala,0.084,4.449,['Unknown%20significance'],60.26,0.63,0.0,-0.2,0.2
MYO15A,17,18121019,NM_016239.4:c.2219G>T,NP_057323.3:p.Gly740Val,0.118,8.068,['Unknown%20significance'],60.26,0.63,0.0,-0.3,0.3
MYO15A,17,18121021,NM_016239.4:c.2221C>A,NP_057323.3:p.Pro741Thr,0.228,15.63,['Unknown%20significance'],135.31,0.86,0.0,0.4,0.4
MYO15A,17,18121021,NM_016239.4:c.2221C>T,NP_057323.3:p.Pro741Ser,0.233,11.78,['Unknown%20significance'],135.31,0.86,0.0,0.4,0.4
MYO15A,17,18121022,NM_016239.4:c.2222C>A,NP_057323.3:p.Pro741His,0.116,14.58,['Unknown%20significance'],135.31,0.86,0.0,0.3,0.3
MYO15A,17,18121022,NM_016239.4:c.2222C>T,NP_057323.3:p.Pro741Leu,0.159,15.73,['Unknown%20significance'],135.31,0.86,0.0,0.4,0.4
MYO15A,17,18121025,NM_016239.4:c.2225G>A,NP_057323.3:p.Arg742Gln,0.055,8.698,['Unknown%20significance'],249.23,0.92,0.0,0.1,0.1
MYO15A,17,18121025,NM_016239.4:c.2225G>T,NP_057323.3:p.Arg742Leu,0.156,10.16,['Unknown%20significance'],249.23,0.92,0.0,0.1,0.1
MYO15A,17,18121027,NM_016239.4:c.2227C>A,NP_057323.3:p.Pro743Thr,0.169,10.44,['Unknown%20significance'],140.48,0.89,0.0,0.2,0.2
MYO15A,17,18121027,NM_016239.4:c.2227C>T,NP_057323.3:p.Pro743Ser,0.156,10.71,['Unknown%20significance'],140.48,0.89,0.0,0.3,0.3
MYO15A,17,18121028,NM_016239.4:c.2228C>A,NP_057323.3:p.Pro743His,0.224,15.70,['Unknown%20significance'],140.48,0.89,0.0,0.2,0.2
MYO15A,17,18121030,NM_016239.4:c.2230T>C,NP_057323.3:p.Ser744Pro,0.131,16.85,['Unknown%20significance'],125.57,0.91,0.0,0.0,0.0
MYO15A,17,18121031,NM_016239.4:c.2231C>T,NP_057323.3:p.Ser744Leu,0.120,13.96,['Unknown%20significance'],125.57,0.91,0.0,0.0,0.0
MYO15A,17,18121033,NM_016239.4:c.2233T>A,NP_057323.3:p.Phe745Ile,0.057,12.41,['Unknown%20significance'],209.94,0.91,0.0,0.0,0.0
MYO15A,17,18121033,NM_016239.4:c.2233T>C,NP_057323.3:p.Phe745Leu,0.156,11.05,['Unknown%20significance'],209.94,0.91,0.0,0.0,0.0
MYO15A,17,18121034,NM_016239.4:c.2234T>C,NP_057323.3:p.Phe745Ser,0.157,17.69,['Unknown%20significance'],209.94,0.91,0.0,0.1,0.1
MYO15A,17,18121035,NM_016239.4:c.2235C>A,NP_057323.3:p.Phe745Leu,0.152,10.22,['Unknown%20significance'],209.94,0.91,0.0,0.0,0.0
MYO15A,17,18121036,NM_016239.4:c.2236A>G,NP_057323.3:p.Arg746Gly,0.173,9.478,['Unknown%20significance'],210.38,0.78,0.0,0.4,0.4
MYO15A,17,18121037,NM_016239.4:c.2237G>A,NP_057323.3:p.Arg746Lys,0.140,14.38,['Unknown%20significance'],210.38,0.78,0.0,0.3,0.3
MYO15A,17,18121037,NM_016239.4:c.2237G>T,NP_057323.3:p.Arg746Met,0.243,15.93,['Unknown%20significance'],210.38,0.78,0.0,0.0,0.0
MYO15A,17,18121038,NM_016239.4:c.2238G>C,NP_057323.3:p.Arg746Ser,0.118,9.481,['Unknown%20significance'],210.38,0.78,0.0,0.2,0.2
MYO15A,17,18121038,NM_016239.4:c.2238G>T,NP_057323.3:p.Arg746Ser,0.118,9.359,['Benign'],210.38,0.78,0.0,0.2,0.2
MYO15A,17,18121039,NM_016239.4:c.2239G>A,NP_057323.3:p.Gly747Ser,0.138,9.076,['Unknown%20significance'],79.78,0.83,0.0,-0.2,0.2
MYO15A,17,18121039,NM_016239.4:c.2239G>T,NP_057323.3:p.Gly747Cys,0.152,17.26,['Unknown%20significance'],79.78,0.83,0.0,-0.0,0.0
MYO15A,17,18121040,NM_016239.4:c.2240G>A,NP_057323.3:p.Gly747Asp,0.259,0.577,['Unknown%20significance'],79.78,0.83,0.0,0.0,0.0
MYO15A,17,18121040,NM_016239.4:c.2240G>T,NP_057323.3:p.Gly747Val,0.267,0.385,['Unknown%20significance'],79.78,0.83,0.0,-0.2,0.2
MYO15A,17,18121042,NM_016239.4:c.2242T>C,NP_057323.3:p.Ser748Pro,0.165,18.22,['Unknown%20significance'],94.17,0.68,0.0,-0.3,0.3
MYO15A,17,18121043,NM_016239.4:c.2243C>A,NP_057323.3:p.Ser748Tyr,0.227,14.18,['Unknown%20significance'],94.17,0.68,0.0,-0.2,0.2
MYO15A,17,18121043,NM_016239.4:c.2243C>T,NP_057323.3:p.Ser748Phe,0.161,15.23,['Unknown%20significance'],94.17,0.68,0.0,-0.1,0.1
MYO15A,17,18121045,NM_016239.4:c.2245C>A,NP_057323.3:p.Arg749Ser,0.155,12.16,['Unknown%20significance'],239.99,0.89,0.0,0.1,0.1
MYO15A,17,18121045,NM_016239.4:c.2245C>G,NP_057323.3:p.Arg749Gly,0.163,13.21,['Unknown%20significance'],239.99,0.89,0.0,0.2,0.2
MYO15A,17,18121045,NM_016239.4:c.2245C>T,NP_057323.3:p.Arg749Cys,0.205,19.04,['Unknown%20significance'],239.99,0.89,0.0,0.1,0.1
MYO15A,17,18121046,NM_016239.4:c.2246G>A,NP_057323.3:p.Arg749His,0.195,4.298,['Unknown%20significance'],239.99,0.89,0.0,0.0,0.0
MYO15A,17,18121046,NM_016239.4:c.2246G>T,NP_057323.3:p.Arg749Leu,0.217,3.741,['Unknown%20significance'],239.99,0.89,0.0,0.1,0.1
MYO15A,17,18121048,NM_016239.4:c.2248C>T,NP_057323.3:p.Arg750Trp,0.315,12.41,['Unknown%20significance'],223.99,0.83,0.0,-0.1,0.1
MYO15A,17,18121049,NM_016239.4:c.2249G>A,NP_057323.3:p.Arg750Gln,0.148,1.704,['Unknown%20significance'],223.99,0.83,0.0,0.1,0.1
MYO15A,17,18121049,NM_016239.4:c.2249G>T,NP_057323.3:p.Arg750Leu,0.136,2.740,['Unknown%20significance'],223.99,0.83,0.0,-0.0,0.0
MYO15A,17,18121051,NM_016239.4:c.2251A>G,NP_057323.3:p.Arg751Gly,0.200,10.87,['Unknown%20significance'],213.78,0.79,0.0,0.3,0.3
MYO15A,17,18121052,NM_016239.4:c.2252G>A,NP_057323.3:p.Arg751Lys,0.130,0.181,['Unknown%20significance'],213.78,0.79,0.0,0.3,0.3
MYO15A,17,18121052,NM_016239.4:c.2252G>T,NP_057323.3:p.Arg751Ile,0.134,5.211,['Unknown%20significance'],213.78,0.79,0.0,0.0,0.0
MYO15A,17,18121053,NM_016239.4:c.2253A>C,NP_057323.3:p.Arg751Ser,0.108,13.58,['Unknown%20significance'],213.78,0.79,0.0,0.1,0.1
MYO15A,17,18121054,NM_016239.4:c.2254G>A,NP_057323.3:p.Gly752Arg,0.101,8.575,['Unknown%20significance'],65.38,0.68,0.0,-0.3,0.3
MYO15A,17,18121054,NM_016239.4:c.2254G>C,NP_057323.3:p.Gly752Arg,0.102,8.237,['Unknown%20significance'],65.38,0.68,0.0,-0.3,0.3
MYO15A,17,18121054,NM_016239.4:c.2254G>T,NP_057323.3:p.Gly752Trp,0.308,12.38,['Unknown%20significance'],65.38,0.68,0.0,-0.6,0.6
MYO15A,17,18121055,NM_016239.4:c.2255G>A,NP_057323.3:p.Gly752Glu,0.143,8.568,['Unknown%20significance'],65.38,0.68,0.0,-0.2,0.2
MYO15A,17,18121055,NM_016239.4:c.2255G>T,NP_057323.3:p.Gly752Val,0.103,9.095,['Unknown%20significance'],65.38,0.68,0.0,-0.3,0.3
MYO15A,17,18121057,NM_016239.4:c.2257G>A,NP_057323.3:p.Ala753Thr,0.126,0.681,['Likely%20benign'],65.31,0.51,0.0,-0.1,0.1
MYO15A,17,18121057,NM_016239.4:c.2257G>C,NP_057323.3:p.Ala753Pro,0.213,0.730,['Unknown%20significance'],65.31,0.51,0.0,-0.3,0.3
MYO15A,17,18121057,NM_016239.4:c.2257G>T,NP_057323.3:p.Ala753Ser,0.194,0.064,['Unknown%20significance'],65.31,0.51,0.0,0.0,0.0
MYO15A,17,18121058,NM_016239.4:c.2258C>A,NP_057323.3:p.Ala753Glu,0.121,5.747,['Unknown%20significance'],65.31,0.51,0.0,0.1,0.1
MYO15A,17,18121058,NM_016239.4:c.2258C>G,NP_057323.3:p.Ala753Gly,0.113,4.653,['Unknown%20significance'],65.31,0.51,0.0,0.3,0.3
MYO15A,17,18121058,NM_016239.4:c.2258C>T,NP_057323.3:p.Ala753Val,0.069,6.723,['Unknown%20significance'],65.31,0.51,0.0,-0.1,0.1
MYO15A,17,18121060,NM_016239.4:c.2260G>A,NP_057323.3:p.Ala754Thr,0.079,2.080,['Unknown%20significance'],44.65,0.35,0.0,-0.3,0.3
MYO15A,17,18121060,NM_016239.4:c.2260G>T,NP_057323.3:p.Ala754Ser,0.048,1.600,['Unknown%20significance'],44.65,0.35,0.0,-0.0,0.0
MYO15A,17,18121061,NM_016239.4:c.2261C>A,NP_057323.3:p.Ala754Asp,0.062,5.833,['Unknown%20significance'],44.65,0.35,0.0,0.3,0.3
MYO15A,17,18121061,NM_016239.4:c.2261C>G,NP_057323.3:p.Ala754Gly,0.030,6.397,['Unknown%20significance'],44.65,0.35,0.0,0.6,0.6
MYO15A,17,18121063,NM_016239.4:c.2263T>A,NP_057323.3:p.Phe755Ile,0.218,14.85,['Unknown%20significance'],166.06,0.72,0.0,0.3,0.3
MYO15A,17,18121063,NM_016239.4:c.2263T>C,NP_057323.3:p.Phe755Leu,0.220,9.235,['Unknown%20significance'],166.06,0.72,0.0,0.3,0.3
MYO15A,17,18121064,NM_016239.4:c.2264T>C,NP_057323.3:p.Phe755Ser,0.140,14.26,['Unknown%20significance'],166.06,0.72,0.0,0.7,0.7
MYO15A,17,18121065,NM_016239.4:c.2265C>A,NP_057323.3:p.Phe755Leu,0.234,0.136,['Unknown%20significance'],166.06,0.72,0.0,0.3,0.3
MYO15A,17,18121065,NM_016239.4:c.2265C>G,NP_057323.3:p.Phe755Leu,0.233,0.147,['Unknown%20significance'],166.06,0.72,0.0,0.3,0.3
MYO15A,17,18121066,NM_016239.4:c.2266G>A,NP_057323.3:p.Gly756Ser,0.170,12.98,['Unknown%20significance'],20.15,0.21,0.0,0.4,0.4
MYO15A,17,18121066,NM_016239.4:c.2266G>T,NP_057323.3:p.Gly756Cys,0.150,17.50,['Unknown%20significance'],20.15,0.21,0.0,0.7,0.7
MYO15A,17,18121067,NM_016239.4:c.2267G>A,NP_057323.3:p.Gly756Asp,0.159,17.03,['Unknown%20significance'],20.15,0.21,0.0,0.7,0.7
MYO15A,17,18121067,NM_016239.4:c.2267G>T,NP_057323.3:p.Gly756Val,0.096,16.50,['Unknown%20significance'],20.15,0.21,0.0,0.3,0.3
MYO15A,17,18121069,NM_016239.4:c.2269T>A,NP_057323.3:p.Phe757Ile,0.100,11.16,['Unknown%20significance'],147.85,0.64,0.0,0.3,0.3
MYO15A,17,18121069,NM_016239.4:c.2269T>C,NP_057323.3:p.Phe757Leu,0.162,10.29,['Unknown%20significance'],147.85,0.64,0.0,0.2,0.2
MYO15A,17,18121069,NM_016239.4:c.2269T>G,NP_057323.3:p.Phe757Val,0.092,15.24,['Unknown%20significance'],147.85,0.64,0.0,0.3,0.3
MYO15A,17,18121070,NM_016239.4:c.2270T>C,NP_057323.3:p.Phe757Ser,0.163,20.4,['Unknown%20significance'],147.85,0.64,0.0,0.6,0.6
MYO15A,17,18121071,NM_016239.4:c.2271C>A,NP_057323.3:p.Phe757Leu,0.201,1.865,['Unknown%20significance'],147.85,0.64,0.0,0.2,0.2
MYO15A,17,18121072,NM_016239.4:c.2272C>A,NP_057323.3:p.Pro758Thr,0.194,0.903,['Unknown%20significance'],138.54,0.88,0.0,0.0,0.0
MYO15A,17,18121072,NM_016239.4:c.2272C>T,NP_057323.3:p.Pro758Ser,0.109,6.613,['Unknown%20significance'],138.54,0.88,0.0,0.1,0.1
MYO15A,17,18121073,NM_016239.4:c.2273C>A,NP_057323.3:p.Pro758His,0.134,8.558,['Unknown%20significance'],138.54,0.88,0.0,0.0,0.0
MYO15A,17,18121073,NM_016239.4:c.2273C>T,NP_057323.3:p.Pro758Leu,0.148,4.339,['Unknown%20significance'],138.54,0.88,0.0,0.1,0.1
MYO15A,17,18121075,NM_016239.4:c.2275G>A,NP_057323.3:p.Gly759Arg,0.146,11.25,['Unknown%20significance'],81.22,0.85,0.0,-0.1,0.1
MYO15A,17,18121075,NM_016239.4:c.2275G>C,NP_057323.3:p.Gly759Arg,0.145,10.80,['Unknown%20significance'],81.22,0.85,0.0,-0.1,0.1
MYO15A,17,18121075,NM_016239.4:c.2275G>T,NP_057323.3:p.Gly759Trp,0.124,17.18,['Unknown%20significance'],81.22,0.85,0.0,-0.2,0.2
MYO15A,17,18121076,NM_016239.4:c.2276G>C,NP_057323.3:p.Gly759Ala,0.151,7.034,['Unknown%20significance'],81.22,0.85,0.0,-0.1,0.1
MYO15A,17,18121076,NM_016239.4:c.2276G>T,NP_057323.3:p.Gly759Val,0.098,10.52,['Unknown%20significance'],81.22,0.85,0.0,-0.1,0.1
MYO15A,17,18121078,NM_016239.4:c.2278G>A,NP_057323.3:p.Ala760Thr,0.072,0.428,['Unknown%20significance'],123.74,0.97,0.0,0.0,0.0
MYO15A,17,18121078,NM_016239.4:c.2278G>C,NP_057323.3:p.Ala760Pro,0.180,1.897,['Unknown%20significance'],123.74,0.97,0.0,-0.1,0.1
MYO15A,17,18121078,NM_016239.4:c.2278G>T,NP_057323.3:p.Ala760Ser,0.064,0.116,['Unknown%20significance'],123.74,0.97,0.0,0.0,0.0
MYO15A,17,18121079,NM_016239.4:c.2279C>G,NP_057323.3:p.Ala760Gly,0.167,7.311,['Unknown%20significance'],123.74,0.97,0.0,0.1,0.1
MYO15A,17,18121079,NM_016239.4:c.2279C>T,NP_057323.3:p.Ala760Val,0.141,9.316,['Unknown%20significance'],123.74,0.97,0.0,-0.0,0.0
MYO15A,17,18121081,NM_016239.4:c.2281T>C,NP_057323.3:p.Ser761Pro,0.150,17.48,['Unknown%20significance'],109.68,0.79,0.0,0.1,0.1
MYO15A,17,18121082,NM_016239.4:c.2282C>A,NP_057323.3:p.Ser761Tyr,0.227,16.70,['Unknown%20significance'],109.68,0.79,0.0,-0.1,0.1
MYO15A,17,18121082,NM_016239.4:c.2282C>T,NP_057323.3:p.Ser761Phe,0.168,13.86,['Unknown%20significance'],109.68,0.79,0.0,-0.0,0.0
MYO15A,17,18121084,NM_016239.4:c.2284C>A,NP_057323.3:p.Pro762Thr,0.131,6.953,['Unknown%20significance'],145.19,0.92,0.0,0.1,0.1
MYO15A,17,18121085,NM_016239.4:c.2285C>A,NP_057323.3:p.Pro762Gln,0.140,14.18,['Unknown%20significance'],145.19,0.92,0.0,0.2,0.2
MYO15A,17,18121085,NM_016239.4:c.2285C>T,NP_057323.3:p.Pro762Leu,0.148,9.775,['Unknown%20significance'],145.19,0.92,0.0,0.0,0.0
MYO15A,17,18121087,NM_016239.4:c.2287C>T,NP_057323.3:p.Arg763Trp,0.322,9.458,['Unknown%20significance'],256.22,0.95,0.0,-0.0,0.0
MYO15A,17,18121088,NM_016239.4:c.2288G>A,NP_057323.3:p.Arg763Gln,0.096,0.326,['Unknown%20significance'],256.22,0.95,0.0,0.0,0.0
MYO15A,17,18121088,NM_016239.4:c.2288G>C,NP_057323.3:p.Arg763Pro,0.101,1.500,['Unknown%20significance'],256.22,0.95,0.0,0.0,0.0
MYO15A,17,18121088,NM_016239.4:c.2288G>T,NP_057323.3:p.Arg763Leu,0.124,0.381,['Unknown%20significance'],256.22,0.95,0.0,0.0,0.0
MYO15A,17,18121090,NM_016239.4:c.2290G>A,NP_057323.3:p.Ala764Thr,0.122,6.071,['Unknown%20significance'],89.5,0.7,0.0,-0.1,0.1
MYO15A,17,18121090,NM_016239.4:c.2290G>T,NP_057323.3:p.Ala764Ser,0.115,5.001,['Unknown%20significance'],89.5,0.7,0.0,-0.0,0.0
MYO15A,17,18121091,NM_016239.4:c.2291C>T,NP_057323.3:p.Ala764Val,0.160,4.135,['Unknown%20significance'],89.5,0.7,0.0,-0.0,0.0
MYO15A,17,18121093,NM_016239.4:c.2293T>C,NP_057323.3:p.Ser765Pro,0.091,10.10,['Unknown%20significance'],117.12,0.84,0.0,-0.1,0.1
MYO15A,17,18121094,NM_016239.4:c.2294C>G,NP_057323.3:p.Ser765Trp,0.318,22.8,['Unknown%20significance'],117.12,0.84,0.0,-0.1,0.1
MYO15A,17,18121094,NM_016239.4:c.2294C>T,NP_057323.3:p.Ser765Leu,0.296,18.58,['Unknown%20significance'],117.12,0.84,0.0,0.0,0.0
MYO15A,17,18121096,NM_016239.4:c.2296C>G,NP_057323.3:p.Arg766Gly,0.121,9.108,['Unknown%20significance'],220.53,0.81,0.0,0.3,0.3
MYO15A,17,18121096,NM_016239.4:c.2296C>T,NP_057323.3:p.Arg766Trp,0.135,12.55,['Unknown%20significance'],220.53,0.81,0.0,-0.0,0.0
MYO15A,17,18121097,NM_016239.4:c.2297G>A,NP_057323.3:p.Arg766Gln,0.110,8.658,['Unknown%20significance'],220.53,0.81,0.0,0.1,0.1
MYO15A,17,18121097,NM_016239.4:c.2297G>T,NP_057323.3:p.Arg766Leu,0.121,8.163,['Unknown%20significance'],220.53,0.81,0.0,0.1,0.1
MYO15A,17,18121099,NM_016239.4:c.2299A>G,NP_057323.3:p.Arg767Gly,0.176,22.0,['Unknown%20significance'],225.68,0.83,0.0,0.2,0.2
MYO15A,17,18121099,NM_016239.4:c.2299A>T,NP_057323.3:p.Arg767Trp,0.236,22.7,['Unknown%20significance'],225.68,0.83,0.0,-0.1,0.1
MYO15A,17,18121100,NM_016239.4:c.2300G>T,NP_057323.3:p.Arg767Met,0.250,15.87,['Unknown%20significance'],225.68,0.83,0.0,-0.0,0.0
MYO15A,17,18121101,NM_016239.4:c.2301G>T,NP_057323.3:p.Arg767Ser,0.258,12.38,['Unknown%20significance'],225.68,0.83,0.0,0.1,0.1
MYO15A,17,18121102,NM_016239.4:c.2302C>G,NP_057323.3:p.Arg768Gly,0.131,3.492,['Unknown%20significance'],230.02,0.85,0.0,0.2,0.2
MYO15A,17,18121103,NM_016239.4:c.2303G>A,NP_057323.3:p.Arg768Gln,0.126,2.351,['Unknown%20significance'],230.02,0.85,0.0,0.1,0.1
MYO15A,17,18121103,NM_016239.4:c.2303G>T,NP_057323.3:p.Arg768Leu,0.190,1.917,['Unknown%20significance'],230.02,0.85,0.0,0.0,0.0
MYO15A,17,18121105,NM_016239.4:c.2305G>A,NP_057323.3:p.Ala769Thr,0.097,7.082,['Unknown%20significance'],71.31,0.56,0.0,-0.3,0.3
MYO15A,17,18121105,NM_016239.4:c.2305G>C,NP_057323.3:p.Ala769Pro,0.128,6.951,['Unknown%20significance'],71.31,0.56,0.0,-0.1,0.1
MYO15A,17,18121105,NM_016239.4:c.2305G>T,NP_057323.3:p.Ala769Ser,0.095,4.868,['Unknown%20significance'],71.31,0.56,0.0,0.0,0.0
MYO15A,17,18121106,NM_016239.4:c.2306C>A,NP_057323.3:p.Ala769Asp,0.142,4.984,['Unknown%20significance'],71.31,0.56,0.0,0.4,0.4
MYO15A,17,18121106,NM_016239.4:c.2306C>T,NP_057323.3:p.Ala769Val,0.151,2.800,['Unknown%20significance'],71.31,0.56,0.0,-0.3,0.3
MYO15A,17,18121108,NM_016239.4:c.2308T>C,NP_057323.3:p.Trp770Arg,0.178,18.36,['Unknown%20significance'],256.98,0.97,0.0,0.1,0.1
MYO15A,17,18121109,NM_016239.4:c.2309G>T,NP_057323.3:p.Trp770Leu,0.146,15.86,['Unknown%20significance'],256.98,0.97,0.0,0.1,0.1
MYO15A,17,18121110,NM_016239.4:c.2310G>T,NP_057323.3:p.Trp770Cys,0.187,22.1,['Unknown%20significance'],256.98,0.97,0.0,0.1,0.1
MYO15A,17,18121111,NM_016239.4:c.2311T>A,NP_057323.3:p.Ser771Thr,0.123,0.018,['Unknown%20significance'],108.86,0.78,0.0,-0.1,0.1
MYO15A,17,18121111,NM_016239.4:c.2311T>C,NP_057323.3:p.Ser771Pro,0.214,0.506,['Unknown%20significance'],108.86,0.78,0.0,-0.2,0.2
MYO15A,17,18121112,NM_016239.4:c.2312C>T,NP_057323.3:p.Ser771Leu,0.104,8.652,['Unknown%20significance'],108.86,0.78,0.0,-0.1,0.1
MYO15A,17,18121114,NM_016239.4:c.2314C>A,NP_057323.3:p.Pro772Thr,0.091,11.28,['Unknown%20significance'],119.7,0.76,0.0,0.4,0.4
MYO15A,17,18121115,NM_016239.4:c.2315C>A,NP_057323.3:p.Pro772Gln,0.178,13.56,['Unknown%20significance'],119.7,0.76,0.0,0.5,0.5
MYO15A,17,18121115,NM_016239.4:c.2315C>G,NP_057323.3:p.Pro772Arg,0.189,13.68,['Benign'],119.7,0.76,0.0,0.4,0.4
MYO15A,17,18121115,NM_016239.4:c.2315C>T,NP_057323.3:p.Pro772Leu,0.177,14.11,['Unknown%20significance'],119.7,0.76,0.0,0.4,0.4
MYO15A,17,18121117,NM_016239.4:c.2317C>A,NP_057323.3:p.Leu773Met,0.261,11.71,['Unknown%20significance'],135.15,0.7,0.0,-0.1,0.1
MYO15A,17,18121117,NM_016239.4:c.2317C>G,NP_057323.3:p.Leu773Val,0.220,2.662,['Unknown%20significance'],135.15,0.7,0.0,-0.0,0.0
MYO15A,17,18121118,NM_016239.4:c.2318T>C,NP_057323.3:p.Leu773Pro,0.265,8.971,['Unknown%20significance'],135.15,0.7,0.0,-0.2,0.2
MYO15A,17,18121120,NM_016239.4:c.2320G>A,NP_057323.3:p.Ala774Thr,0.207,4.653,['Unknown%20significance'],86.29,0.67,0.0,-0.1,0.1
MYO15A,17,18121120,NM_016239.4:c.2320G>T,NP_057323.3:p.Ala774Ser,0.212,1.110,['Unknown%20significance'],86.29,0.67,0.0,-0.0,0.0
MYO15A,17,18121121,NM_016239.4:c.2321C>A,NP_057323.3:p.Ala774Asp,0.177,16.21,['Unknown%20significance'],86.29,0.67,0.0,0.2,0.2
MYO15A,17,18121121,NM_016239.4:c.2321C>G,NP_057323.3:p.Ala774Gly,0.190,9.895,['Unknown%20significance'],86.29,0.67,0.0,0.2,0.2
MYO15A,17,18121121,NM_016239.4:c.2321C>T,NP_057323.3:p.Ala774Val,0.187,12.64,['Unknown%20significance'],86.29,0.67,0.0,-0.1,0.1
MYO15A,17,18121123,NM_016239.4:c.2323T>C,NP_057323.3:p.Ser775Pro,0.241,18.80,['Unknown%20significance'],74.78,0.54,0.0,0.2,0.2
MYO15A,17,18121124,NM_016239.4:c.2324C>T,NP_057323.3:p.Ser775Leu,0.245,20.4,['Unknown%20significance'],74.78,0.54,0.0,0.2,0.2
MYO15A,17,18121126,NM_016239.4:c.2326C>A,NP_057323.3:p.Pro776Thr,0.231,13.22,['Unknown%20significance'],68.45,0.43,0.0,1.0,1.0
MYO15A,17,18121126,NM_016239.4:c.2326C>T,NP_057323.3:p.Pro776Ser,0.175,12.80,['Unknown%20significance'],68.45,0.43,0.0,1.1,1.1
MYO15A,17,18121127,NM_016239.4:c.2327C>A,NP_057323.3:p.Pro776His,0.195,19.52,['Likely%20benign'],68.45,0.43,0.0,0.9,0.9
MYO15A,17,18121127,NM_016239.4:c.2327C>T,NP_057323.3:p.Pro776Leu,0.229,19.50,['Unknown%20significance'],68.45,0.43,0.0,0.9,0.9
MYO15A,17,18121129,NM_016239.4:c.2329C>A,NP_057323.3:p.Gln777Lys,0.190,8.843,['Unknown%20significance'],174.41,0.88,0.0,0.1,0.1
MYO15A,17,18121129,NM_016239.4:c.2329C>G,NP_057323.3:p.Gln777Glu,0.226,7.457,['Unknown%20significance'],174.41,0.88,0.0,0.1,0.1
MYO15A,17,18121130,NM_016239.4:c.2330A>G,NP_057323.3:p.Gln777Arg,0.154,10.08,['Unknown%20significance'],174.41,0.88,0.0,-0.0,0.0
MYO15A,17,18121130,NM_016239.4:c.2330A>T,NP_057323.3:p.Gln777Leu,0.142,16.60,['Unknown%20significance'],174.41,0.88,0.0,0.0,0.0
MYO15A,17,18121131,NM_016239.4:c.2331G>T,NP_057323.3:p.Gln777His,0.167,14.71,['Unknown%20significance'],174.41,0.88,0.0,-0.0,0.0
MYO15A,17,18121132,NM_016239.4:c.2332C>A,NP_057323.3:p.Pro778Thr,0.230,16.36,['Unknown%20significance'],144.42,0.91,0.0,0.3,0.3
MYO15A,17,18121132,NM_016239.4:c.2332C>T,NP_057323.3:p.Pro778Ser,0.222,17.11,['Unknown%20significance'],144.42,0.91,0.0,0.3,0.3
MYO15A,17,18121133,NM_016239.4:c.2333C>A,NP_057323.3:p.Pro778His,0.210,18.38,['Unknown%20significance'],144.42,0.91,0.0,0.3,0.3
MYO15A,17,18121133,NM_016239.4:c.2333C>G,NP_057323.3:p.Pro778Arg,0.166,13.70,['Unknown%20significance'],144.42,0.91,0.0,0.3,0.3
MYO15A,17,18121133,NM_016239.4:c.2333C>T,NP_057323.3:p.Pro778Leu,0.165,17.95,['Unknown%20significance'],144.42,0.91,0.0,0.2,0.2
MYO15A,17,18121135,NM_016239.4:c.2335T>C,NP_057323.3:p.Ser779Pro,0.206,17.17,['Unknown%20significance'],104.93,0.76,0.0,0.0,0.0
MYO15A,17,18121136,NM_016239.4:c.2336C>G,NP_057323.3:p.Ser779Trp,0.360,23.1,['Unknown%20significance'],104.93,0.76,0.0,-0.2,0.2
MYO15A,17,18121136,NM_016239.4:c.2336C>T,NP_057323.3:p.Ser779Leu,0.217,19.50,['Unknown%20significance'],104.93,0.76,0.0,-0.1,0.1
MYO15A,17,18121138,NM_016239.4:c.2338C>A,NP_057323.3:p.Leu780Met,0.115,2.992,['Unknown%20significance'],193.84,1.0,0.0,0.0,0.0
MYO15A,17,18121139,NM_016239.4:c.2339T>C,NP_057323.3:p.Leu780Pro,0.291,14.75,['Unknown%20significance'],193.84,1.0,0.0,0.1,0.1
MYO15A,17,18121141,NM_016239.4:c.2341A>G,NP_057323.3:p.Arg781Gly,0.127,9.040,['Unknown%20significance'],267.05,0.99,0.0,0.1,0.1
MYO15A,17,18121141,NM_016239.4:c.2341A>T,NP_057323.3:p.Arg781Trp,0.213,16.58,['Unknown%20significance'],267.05,0.99,0.0,-0.0,0.0
MYO15A,17,18121142,NM_016239.4:c.2342G>C,NP_057323.3:p.Arg781Thr,0.241,13.15,['Unknown%20significance'],267.05,0.99,0.0,0.0,0.0
MYO15A,17,18121142,NM_016239.4:c.2342G>T,NP_057323.3:p.Arg781Met,0.227,14.42,['Unknown%20significance'],267.05,0.99,0.0,0.0,0.0
MYO15A,17,18121144,NM_016239.4:c.2344A>G,NP_057323.3:p.Ser782Gly,0.093,17.21,['Unknown%20significance'],110.99,0.8,0.0,0.2,0.2
MYO15A,17,18121145,NM_016239.4:c.2345G>A,NP_057323.3:p.Ser782Asn,0.184,14.54,['Unknown%20significance'],110.99,0.8,0.0,0.0,0.0
MYO15A,17,18121145,NM_016239.4:c.2345G>C,NP_057323.3:p.Ser782Thr,0.141,9.258,['Unknown%20significance'],110.99,0.8,0.0,-0.0,0.0
MYO15A,17,18121145,NM_016239.4:c.2345G>T,NP_057323.3:p.Ser782Ile,0.129,15.98,['Unknown%20significance'],110.99,0.8,0.0,-0.1,0.1
MYO15A,17,18121146,NM_016239.4:c.2346C>A,NP_057323.3:p.Ser782Arg,0.212,8.783,['Unknown%20significance'],110.99,0.8,0.0,-0.2,0.2
MYO15A,17,18121147,NM_016239.4:c.2347T>A,NP_057323.3:p.Ser783Thr,0.132,5.715,['Unknown%20significance'],106.35,0.77,0.0,-0.1,0.1
MYO15A,17,18121147,NM_016239.4:c.2347T>C,NP_057323.3:p.Ser783Pro,0.110,9.659,['Unknown%20significance'],106.35,0.77,0.0,0.1,0.1
MYO15A,17,18121148,NM_016239.4:c.2348C>G,NP_057323.3:p.Ser783Trp,0.236,8.373,['Unknown%20significance'],106.35,0.77,0.0,-0.1,0.1
MYO15A,17,18121148,NM_016239.4:c.2348C>T,NP_057323.3:p.Ser783Leu,0.175,1.347,['Likely%20benign'],106.35,0.77,0.0,0.0,0.0
MYO15A,17,18121150,NM_016239.4:c.2350C>A,NP_057323.3:p.Pro784Thr,0.101,7.284,['Unknown%20significance'],133.58,0.84,0.0,0.1,0.1
MYO15A,17,18121150,NM_016239.4:c.2350C>G,NP_057323.3:p.Pro784Ala,0.109,7.279,['Unknown%20significance'],133.58,0.84,0.0,0.1,0.1
MYO15A,17,18121150,NM_016239.4:c.2350C>T,NP_057323.3:p.Pro784Ser,0.083,8.626,['Unknown%20significance'],133.58,0.84,0.0,0.1,0.1
MYO15A,17,18121151,NM_016239.4:c.2351C>A,NP_057323.3:p.Pro784Gln,0.112,16.45,['Unknown%20significance'],133.58,0.84,0.0,0.0,0.0
MYO15A,17,18121151,NM_016239.4:c.2351C>G,NP_057323.3:p.Pro784Arg,0.137,12.86,['Unknown%20significance'],133.58,0.84,0.0,0.0,0.0
MYO15A,17,18121151,NM_016239.4:c.2351C>T,NP_057323.3:p.Pro784Leu,0.139,17.43,['Unknown%20significance'],133.58,0.84,0.0,0.1,0.1
MYO15A,17,18121153,NM_016239.4:c.2353G>A,NP_057323.3:p.Gly785Ser,0.186,9.190,['Unknown%20significance'],80.54,0.84,0.0,-0.1,0.1
MYO15A,17,18121153,NM_016239.4:c.2353G>C,NP_057323.3:p.Gly785Arg,0.096,15.19,['Unknown%20significance'],80.54,0.84,0.0,-0.2,0.2
MYO15A,17,18121153,NM_016239.4:c.2353G>T,NP_057323.3:p.Gly785Cys,0.302,20.4,['Unknown%20significance'],80.54,0.84,0.0,-0.1,0.1
MYO15A,17,18121154,NM_016239.4:c.2354G>A,NP_057323.3:p.Gly785Asp,0.230,19.67,['Unknown%20significance'],80.54,0.84,0.0,-0.0,0.0
MYO15A,17,18121154,NM_016239.4:c.2354G>T,NP_057323.3:p.Gly785Val,0.229,19.79,['Likely%20benign'],80.54,0.84,0.0,-0.2,0.2
MYO15A,17,18121156,NM_016239.4:c.2356C>A,NP_057323.3:p.Leu786Ile,0.111,5.539,['Unknown%20significance'],169.26,0.87,0.0,-0.0,0.0
MYO15A,17,18121156,NM_016239.4:c.2356C>G,NP_057323.3:p.Leu786Val,0.104,4.004,['Unknown%20significance'],169.26,0.87,0.0,0.0,0.0
MYO15A,17,18121156,NM_016239.4:c.2356C>T,NP_057323.3:p.Leu786Phe,0.144,5.061,['Unknown%20significance'],169.26,0.87,0.0,0.0,0.0
MYO15A,17,18121157,NM_016239.4:c.2357T>C,NP_057323.3:p.Leu786Pro,0.181,7.695,['Unknown%20significance'],169.26,0.87,0.0,-0.0,0.0
MYO15A,17,18121159,NM_016239.4:c.2359G>A,NP_057323.3:p.Gly787Ser,0.261,21.5,['Unknown%20significance'],64.05,0.67,0.0,-0.1,0.1
MYO15A,17,18121159,NM_016239.4:c.2359G>C,NP_057323.3:p.Gly787Arg,0.374,23.3,['Unknown%20significance'],64.05,0.67,0.0,-0.2,0.2
MYO15A,17,18121159,NM_016239.4:c.2359G>T,NP_057323.3:p.Gly787Cys,0.391,21.7,['Unknown%20significance'],64.05,0.67,0.0,0.0,0.0
MYO15A,17,18121160,NM_016239.4:c.2360G>A,NP_057323.3:p.Gly787Asp,0.340,22.6,['Unknown%20significance'],64.05,0.67,0.0,0.1,0.1
MYO15A,17,18121160,NM_016239.4:c.2360G>C,NP_057323.3:p.Gly787Ala,0.308,18.14,['Unknown%20significance'],64.05,0.67,0.0,-0.1,0.1
MYO15A,17,18121160,NM_016239.4:c.2360G>T,NP_057323.3:p.Gly787Val,0.381,22.5,['Unknown%20significance'],64.05,0.67,0.0,-0.2,0.2
MYO15A,17,18121162,NM_016239.4:c.2362T>C,NP_057323.3:p.Tyr788His,0.179,14.96,['Unknown%20significance'],225.14,0.93,0.0,0.1,0.1
MYO15A,17,18121163,NM_016239.4:c.2363A>G,NP_057323.3:p.Tyr788Cys,0.208,19.81,['Unknown%20significance'],225.14,0.93,0.0,0.2,0.2
MYO15A,17,18121163,NM_016239.4:c.2363A>T,NP_057323.3:p.Tyr788Phe,0.107,13.49,['Unknown%20significance'],225.14,0.93,0.0,0.1,0.1
MYO15A,17,18121165,NM_016239.4:c.2365T>A,NP_057323.3:p.Cys789Ser,0.260,0.175,['Unknown%20significance'],120.53,0.77,0.0,-0.1,0.1
MYO15A,17,18121165,NM_016239.4:c.2365T>C,NP_057323.3:p.Cys789Arg,0.263,0.507,['Unknown%20significance'],120.53,0.77,0.0,-0.2,0.2
MYO15A,17,18121165,NM_016239.4:c.2365T>G,NP_057323.3:p.Cys789Gly,0.240,0.360,['Unknown%20significance'],120.53,0.77,0.0,0.1,0.1
MYO15A,17,18121166,NM_016239.4:c.2366G>A,NP_057323.3:p.Cys789Tyr,0.175,0.725,['Unknown%20significance'],120.53,0.77,0.0,-0.3,0.3
MYO15A,17,18121166,NM_016239.4:c.2366G>T,NP_057323.3:p.Cys789Phe,0.184,2.278,['Unknown%20significance'],120.53,0.77,0.0,-0.1,0.1
MYO15A,17,18121167,NM_016239.4:c.2367C>G,NP_057323.3:p.Cys789Trp,0.321,13.94,['Unknown%20significance'],120.53,0.77,0.0,-0.3,0.3
MYO15A,17,18121168,NM_016239.4:c.2368T>A,NP_057323.3:p.Ser790Thr,0.288,18.11,['Unknown%20significance'],110.21,0.79,0.0,-0.0,0.0
MYO15A,17,18121168,NM_016239.4:c.2368T>C,NP_057323.3:p.Ser790Pro,0.347,23.2,['Unknown%20significance'],110.21,0.79,0.0,-0.1,0.1
MYO15A,17,18121169,NM_016239.4:c.2369C>T,NP_057323.3:p.Ser790Leu,0.269,20.1,['Unknown%20significance'],110.21,0.79,0.0,0.0,0.0
MYO15A,17,18121171,NM_016239.4:c.2371C>A,NP_057323.3:p.Pro791Thr,0.182,10.12,['Unknown%20significance'],127.78,0.81,0.0,0.2,0.2
MYO15A,17,18121171,NM_016239.4:c.2371C>G,NP_057323.3:p.Pro791Ala,0.180,4.698,['Unknown%20significance'],127.78,0.81,0.0,0.3,0.3
MYO15A,17,18121171,NM_016239.4:c.2371C>T,NP_057323.3:p.Pro791Ser,0.186,6.324,['Unknown%20significance'],127.78,0.81,0.0,0.3,0.3
MYO15A,17,18121172,NM_016239.4:c.2372C>A,NP_057323.3:p.Pro791His,0.205,12.52,['Unknown%20significance'],127.78,0.81,0.0,0.2,0.2
MYO15A,17,18121172,NM_016239.4:c.2372C>T,NP_057323.3:p.Pro791Leu,0.225,17.37,['Unknown%20significance'],127.78,0.81,0.0,0.3,0.3
MYO15A,17,18121174,NM_016239.4:c.2374T>A,NP_057323.3:p.Leu792Met,0.323,0.001,['Unknown%20significance'],186.58,0.96,0.0,-0.0,0.0
MYO15A,17,18121175,NM_016239.4:c.2375T>C,NP_057323.3:p.Leu792Ser,0.122,6.174,['Unknown%20significance'],186.58,0.96,0.0,0.1,0.1
MYO15A,17,18121176,NM_016239.4:c.2376G>C,NP_057323.3:p.Leu792Phe,0.090,9.642,['Unknown%20significance'],186.58,0.96,0.0,0.0,0.0
MYO15A,17,18121176,NM_016239.4:c.2376G>T,NP_057323.3:p.Leu792Phe,0.089,9.570,['Unknown%20significance'],186.58,0.96,0.0,0.0,0.0
MYO15A,17,18121177,NM_016239.4:c.2377G>A,NP_057323.3:p.Ala793Thr,0.170,15.42,['Unknown%20significance'],78.19,0.61,0.0,0.1,0.1
MYO15A,17,18121177,NM_016239.4:c.2377G>T,NP_057323.3:p.Ala793Ser,0.164,13.28,['Unknown%20significance'],78.19,0.61,0.0,0.1,0.1
MYO15A,17,18121178,NM_016239.4:c.2378C>A,NP_057323.3:p.Ala793Glu,0.121,11.67,['Unknown%20significance'],78.19,0.61,0.0,0.3,0.3
MYO15A,17,18121178,NM_016239.4:c.2378C>G,NP_057323.3:p.Ala793Gly,0.165,1.164,['Unknown%20significance'],78.19,0.61,0.0,0.3,0.3
MYO15A,17,18121178,NM_016239.4:c.2378C>T,NP_057323.3:p.Ala793Val,0.131,7.757,['Unknown%20significance'],78.19,0.61,0.0,0.0,0.0
MYO15A,17,18121180,NM_016239.4:c.2380C>A,NP_057323.3:p.Pro794Thr,0.147,10.38,['Unknown%20significance'],137.81,0.87,0.0,0.3,0.3
MYO15A,17,18121180,NM_016239.4:c.2380C>T,NP_057323.3:p.Pro794Ser,0.162,6.321,['Unknown%20significance'],137.81,0.87,0.0,0.4,0.4
MYO15A,17,18121181,NM_016239.4:c.2381C>A,NP_057323.3:p.Pro794His,0.122,12.33,['Unknown%20significance'],137.81,0.87,0.0,0.3,0.3
MYO15A,17,18121181,NM_016239.4:c.2381C>T,NP_057323.3:p.Pro794Leu,0.099,13.36,['Unknown%20significance'],137.81,0.87,0.0,0.4,0.4
MYO15A,17,18121183,NM_016239.4:c.2383C>A,NP_057323.3:p.Pro795Thr,0.108,0.453,['Unknown%20significance'],119.22,0.75,0.0,0.4,0.4
MYO15A,17,18121183,NM_016239.4:c.2383C>T,NP_057323.3:p.Pro795Ser,0.144,0.589,['Unknown%20significance'],119.22,0.75,0.0,0.5,0.5
MYO15A,17,18121184,NM_016239.4:c.2384C>A,NP_057323.3:p.Pro795Gln,0.144,0.220,['Unknown%20significance'],119.22,0.75,0.0,0.5,0.5
MYO15A,17,18121184,NM_016239.4:c.2384C>G,NP_057323.3:p.Pro795Arg,0.208,0.154,['Unknown%20significance'],119.22,0.75,0.0,0.4,0.4
MYO15A,17,18121184,NM_016239.4:c.2384C>T,NP_057323.3:p.Pro795Leu,0.182,0.099,['Unknown%20significance'],119.22,0.75,0.0,0.4,0.4
MYO15A,17,18121186,NM_016239.4:c.2386T>A,NP_057323.3:p.Ser796Thr,0.282,22.5,['Unknown%20significance'],87.05,0.63,0.0,-0.0,0.0
MYO15A,17,18121186,NM_016239.4:c.2386T>C,NP_057323.3:p.Ser796Pro,0.338,23.2,['Unknown%20significance'],87.05,0.63,0.0,0.1,0.1
MYO15A,17,18121187,NM_016239.4:c.2387C>G,NP_057323.3:p.Ser796Trp,0.438,23.2,['Unknown%20significance'],87.05,0.63,0.0,-0.1,0.1
MYO15A,17,18121187,NM_016239.4:c.2387C>T,NP_057323.3:p.Ser796Leu,0.353,23.1,['Unknown%20significance'],87.05,0.63,0.0,0.1,0.1
MYO15A,17,18121189,NM_016239.4:c.2389C>A,NP_057323.3:p.Pro797Thr,0.325,22.5,['Unknown%20significance'],129.33,0.82,0.0,0.5,0.5
MYO15A,17,18121189,NM_016239.4:c.2389C>T,NP_057323.3:p.Pro797Ser,0.335,22.7,['Unknown%20significance'],129.33,0.82,0.0,0.6,0.6
MYO15A,17,18121190,NM_016239.4:c.2390C>A,NP_057323.3:p.Pro797His,0.369,22.9,['Unknown%20significance'],129.33,0.82,0.0,0.5,0.5
MYO15A,17,18121190,NM_016239.4:c.2390C>T,NP_057323.3:p.Pro797Leu,0.370,23.1,['Unknown%20significance'],129.33,0.82,0.0,0.5,0.5
MYO15A,17,18121192,NM_016239.4:c.2392C>A,NP_057323.3:p.Gln798Lys,0.254,17.94,['Unknown%20significance'],139.49,0.7,0.0,0.3,0.3
MYO15A,17,18121193,NM_016239.4:c.2393A>G,NP_057323.3:p.Gln798Arg,0.261,13.54,['Unknown%20significance'],139.49,0.7,0.0,-0.0,0.0
MYO15A,17,18121193,NM_016239.4:c.2393A>T,NP_057323.3:p.Gln798Leu,0.294,18.91,['Unknown%20significance'],139.49,0.7,0.0,0.1,0.1
MYO15A,17,18121194,NM_016239.4:c.2394G>C,NP_057323.3:p.Gln798His,0.328,23.4,['Unknown%20significance'],139.49,0.7,0.0,-0.1,0.1
MYO15A,17,18121194,NM_016239.4:c.2394G>T,NP_057323.3:p.Gln798His,0.302,23.4,['Unknown%20significance'],139.49,0.7,0.0,-0.1,0.1
MYO15A,17,18121195,NM_016239.4:c.2395C>A,NP_057323.3:p.Leu799Met,0.207,0.927,['Unknown%20significance'],171.21,0.88,0.0,-0.0,0.0
MYO15A,17,18121196,NM_016239.4:c.2396T>A,NP_057323.3:p.Leu799Gln,0.094,14.44,['Unknown%20significance'],171.21,0.88,0.0,0.1,0.1
MYO15A,17,18121196,NM_016239.4:c.2396T>C,NP_057323.3:p.Leu799Pro,0.198,14.66,['Unknown%20significance'],171.21,0.88,0.0,-0.3,0.3
MYO15A,17,18121196,NM_016239.4:c.2396T>G,NP_057323.3:p.Leu799Arg,0.069,17.70,['Unknown%20significance'],171.21,0.88,0.0,0.0,0.0
MYO15A,17,18121198,NM_016239.4:c.2398T>A,NP_057323.3:p.Ser800Thr,0.119,14.92,['Unknown%20significance'],77.02,0.55,0.0,-0.0,0.0
MYO15A,17,18121198,NM_016239.4:c.2398T>C,NP_057323.3:p.Ser800Pro,0.174,16.88,['Unknown%20significance'],77.02,0.55,0.0,-0.1,0.1
MYO15A,17,18121199,NM_016239.4:c.2399C>A,NP_057323.3:p.Ser800Tyr,0.295,21.5,['Unknown%20significance'],77.02,0.55,0.0,-0.2,0.2
MYO15A,17,18121199,NM_016239.4:c.2399C>G,NP_057323.3:p.Ser800Cys,0.303,22.0,['Unknown%20significance'],77.02,0.55,0.0,0.2,0.2
MYO15A,17,18121199,NM_016239.4:c.2399C>T,NP_057323.3:p.Ser800Phe,0.261,19.25,['Unknown%20significance'],77.02,0.55,0.0,0.1,0.1
MYO15A,17,18121202,NM_016239.4:c.2402T>C,NP_057323.3:p.Leu801Ser,0.146,16.93,['Unknown%20significance'],158.7,0.82,0.0,0.1,0.1
MYO15A,17,18121202,NM_016239.4:c.2402T>G,NP_057323.3:p.Leu801Trp,0.219,17.18,['Unknown%20significance'],158.7,0.82,0.0,-0.1,0.1
MYO15A,17,18121203,NM_016239.4:c.2403G>C,NP_057323.3:p.Leu801Phe,0.135,0.381,['Unknown%20significance'],158.7,0.82,0.0,-0.0,0.0
MYO15A,17,18121203,NM_016239.4:c.2403G>T,NP_057323.3:p.Leu801Phe,0.135,0.359,['Unknown%20significance'],158.7,0.82,0.0,-0.0,0.0
MYO15A,17,18121204,NM_016239.4:c.2404C>A,NP_057323.3:p.Arg802Ser,0.128,15.63,['Unknown%20significance'],235.85,0.87,0.0,0.1,0.1
MYO15A,17,18121204,NM_016239.4:c.2404C>G,NP_057323.3:p.Arg802Gly,0.139,16.18,['Unknown%20significance'],235.85,0.87,0.0,0.3,0.3
MYO15A,17,18121204,NM_016239.4:c.2404C>T,NP_057323.3:p.Arg802Cys,0.139,18.01,['Unknown%20significance'],235.85,0.87,0.0,0.2,0.2
MYO15A,17,18121205,NM_016239.4:c.2405G>A,NP_057323.3:p.Arg802His,0.175,9.551,['Unknown%20significance'],235.85,0.87,0.0,0.0,0.0
MYO15A,17,18121205,NM_016239.4:c.2405G>C,NP_057323.3:p.Arg802Pro,0.204,16.04,['Unknown%20significance'],235.85,0.87,0.0,0.0,0.0
MYO15A,17,18121205,NM_016239.4:c.2405G>T,NP_057323.3:p.Arg802Leu,0.131,14.75,['Unknown%20significance'],235.85,0.87,0.0,0.1,0.1
MYO15A,17,18121207,NM_016239.4:c.2407A>G,NP_057323.3:p.Thr803Ala,0.152,0.003,['Unknown%20significance'],115.98,0.73,0.0,0.1,0.1
MYO15A,17,18121207,NM_016239.4:c.2407A>T,NP_057323.3:p.Thr803Ser,0.202,0.001,['Unknown%20significance'],115.98,0.73,0.0,0.1,0.1
MYO15A,17,18121208,NM_016239.4:c.2408C>A,NP_057323.3:p.Thr803Lys,0.083,2.639,['Unknown%20significance'],115.98,0.73,0.0,0.3,0.3
MYO15A,17,18121208,NM_016239.4:c.2408C>T,NP_057323.3:p.Thr803Met,0.159,8.224,['Likely%20benign'],115.98,0.73,0.0,-0.0,0.0
MYO15A,17,18121210,NM_016239.4:c.2410G>A,NP_057323.3:p.Gly804Ser,0.111,0.710,['Unknown%20significance'],73.56,0.77,0.0,-0.2,0.2
MYO15A,17,18121210,NM_016239.4:c.2410G>C,NP_057323.3:p.Gly804Arg,0.133,1.667,['Unknown%20significance'],73.56,0.77,0.0,-0.2,0.2
MYO15A,17,18121210,NM_016239.4:c.2410G>T,NP_057323.3:p.Gly804Cys,0.225,4.306,['Unknown%20significance'],73.56,0.77,0.0,-0.0,0.0
MYO15A,17,18121211,NM_016239.4:c.2411G>A,NP_057323.3:p.Gly804Asp,0.103,8.779,['Unknown%20significance'],73.56,0.77,0.0,-0.1,0.1
MYO15A,17,18121211,NM_016239.4:c.2411G>C,NP_057323.3:p.Gly804Ala,0.127,5.625,['Unknown%20significance'],73.56,0.77,0.0,-0.1,0.1
MYO15A,17,18121211,NM_016239.4:c.2411G>T,NP_057323.3:p.Gly804Val,0.126,8.423,['Unknown%20significance'],73.56,0.77,0.0,-0.2,0.2
MYO15A,17,18121213,NM_016239.4:c.2413C>A,NP_057323.3:p.Pro805Thr,0.244,13.39,['Unknown%20significance'],145.41,0.92,0.0,0.2,0.2
MYO15A,17,18121213,NM_016239.4:c.2413C>T,NP_057323.3:p.Pro805Ser,0.118,8.647,['Unknown%20significance'],145.41,0.92,0.0,0.2,0.2
MYO15A,17,18121214,NM_016239.4:c.2414C>A,NP_057323.3:p.Pro805His,0.284,21.6,['Unknown%20significance'],145.41,0.92,0.0,0.1,0.1
MYO15A,17,18121214,NM_016239.4:c.2414C>T,NP_057323.3:p.Pro805Leu,0.255,17.69,['Unknown%20significance'],145.41,0.92,0.0,0.2,0.2
MYO15A,17,18121216,NM_016239.4:c.2416T>A,NP_057323.3:p.Phe806Ile,0.075,15.83,['Unknown%20significance'],200.95,0.87,0.0,0.1,0.1
MYO15A,17,18121216,NM_016239.4:c.2416T>C,NP_057323.3:p.Phe806Leu,0.128,16.13,['Unknown%20significance'],200.95,0.87,0.0,0.0,0.0
MYO15A,17,18121217,NM_016239.4:c.2417T>C,NP_057323.3:p.Phe806Ser,0.221,13.80,['Unknown%20significance'],200.95,0.87,0.0,0.0,0.0
MYO15A,17,18121218,NM_016239.4:c.2418C>A,NP_057323.3:p.Phe806Leu,0.224,13.47,['Unknown%20significance'],200.95,0.87,0.0,0.0,0.0
MYO15A,17,18121218,NM_016239.4:c.2418C>G,NP_057323.3:p.Phe806Leu,0.216,13.60,['Unknown%20significance'],200.95,0.87,0.0,0.0,0.0
MYO15A,17,18121219,NM_016239.4:c.2419C>A,NP_057323.3:p.Gln807Lys,0.222,14.07,['Unknown%20significance'],135.34,0.68,0.0,0.3,0.3
MYO15A,17,18121219,NM_016239.4:c.2419C>G,NP_057323.3:p.Gln807Glu,0.218,16.65,['Unknown%20significance'],135.34,0.68,0.0,0.2,0.2
MYO15A,17,18121220,NM_016239.4:c.2420A>C,NP_057323.3:p.Gln807Pro,0.232,11.05,['Unknown%20significance'],135.34,0.68,0.0,-0.2,0.2
MYO15A,17,18121220,NM_016239.4:c.2420A>G,NP_057323.3:p.Gln807Arg,0.155,8.240,['Unknown%20significance'],135.34,0.68,0.0,-0.1,0.1
MYO15A,17,18121221,NM_016239.4:c.2421G>T,NP_057323.3:p.Gln807His,0.197,16.96,['Unknown%20significance'],135.34,0.68,0.0,-0.1,0.1
MYO15A,17,18121222,NM_016239.4:c.2422C>A,NP_057323.3:p.Pro808Thr,0.213,17.53,['Unknown%20significance'],127.42,0.81,0.0,0.2,0.2
MYO15A,17,18121222,NM_016239.4:c.2422C>T,NP_057323.3:p.Pro808Ser,0.134,17.80,['Likely%20benign'],127.42,0.81,0.0,0.2,0.2
MYO15A,17,18121223,NM_016239.4:c.2423C>A,NP_057323.3:p.Pro808Gln,0.228,11.58,['Unknown%20significance'],127.42,0.81,0.0,0.2,0.2
MYO15A,17,18121223,NM_016239.4:c.2423C>G,NP_057323.3:p.Pro808Arg,0.267,16.55,['Unknown%20significance'],127.42,0.81,0.0,0.1,0.1
MYO15A,17,18121223,NM_016239.4:c.2423C>T,NP_057323.3:p.Pro808Leu,0.288,17.27,['Unknown%20significance'],127.42,0.81,0.0,0.1,0.1
MYO15A,17,18121225,NM_016239.4:c.2425C>A,NP_057323.3:p.Pro809Thr,0.308,10.39,['Unknown%20significance'],106.83,0.67,0.0,0.6,0.6
MYO15A,17,18121225,NM_016239.4:c.2425C>T,NP_057323.3:p.Pro809Ser,0.318,16.13,['Unknown%20significance'],106.83,0.67,0.0,0.7,0.7
MYO15A,17,18121226,NM_016239.4:c.2426C>A,NP_057323.3:p.Pro809His,0.306,22.7,['Unknown%20significance'],106.83,0.67,0.0,0.6,0.6
MYO15A,17,18121226,NM_016239.4:c.2426C>T,NP_057323.3:p.Pro809Leu,0.333,22.8,['Unknown%20significance'],106.83,0.67,0.0,0.6,0.6
MYO15A,17,18121228,NM_016239.4:c.2428T>A,NP_057323.3:p.Phe810Ile,0.187,15.75,['Unknown%20significance'],215.23,0.93,0.0,0.0,0.0
MYO15A,17,18121228,NM_016239.4:c.2428T>C,NP_057323.3:p.Phe810Leu,0.182,15.64,['Unknown%20significance'],215.23,0.93,0.0,0.0,0.0
MYO15A,17,18121229,NM_016239.4:c.2429T>C,NP_057323.3:p.Phe810Ser,0.233,18.05,['Unknown%20significance'],215.23,0.93,0.0,0.1,0.1
MYO15A,17,18121230,NM_016239.4:c.2430C>A,NP_057323.3:p.Phe810Leu,0.183,10.02,['Unknown%20significance'],215.23,0.93,0.0,0.0,0.0
MYO15A,17,18121231,NM_016239.4:c.2431C>A,NP_057323.3:p.Leu811Met,0.210,11.00,['Unknown%20significance'],153.45,0.79,0.0,-0.1,0.1
MYO15A,17,18121232,NM_016239.4:c.2432T>C,NP_057323.3:p.Leu811Pro,0.161,15.44,['Unknown%20significance'],153.45,0.79,0.0,0.0,0.0
MYO15A,17,18121232,NM_016239.4:c.2432T>G,NP_057323.3:p.Leu811Arg,0.143,15.32,['Unknown%20significance'],153.45,0.79,0.0,-0.0,0.0
MYO15A,17,18121234,NM_016239.4:c.2434C>A,NP_057323.3:p.Pro812Thr,0.098,9.917,['Unknown%20significance'],141.64,0.9,0.0,0.3,0.3
MYO15A,17,18121234,NM_016239.4:c.2434C>T,NP_057323.3:p.Pro812Ser,0.160,5.410,['Likely%20benign'],141.64,0.9,0.0,0.4,0.4
MYO15A,17,18121235,NM_016239.4:c.2435C>A,NP_057323.3:p.Pro812His,0.319,21.1,['Unknown%20significance'],141.64,0.9,0.0,0.3,0.3
MYO15A,17,18121235,NM_016239.4:c.2435C>T,NP_057323.3:p.Pro812Leu,0.249,17.26,['Unknown%20significance'],141.64,0.9,0.0,0.3,0.3
MYO15A,17,18121237,NM_016239.4:c.2437C>A,NP_057323.3:p.Pro813Thr,0.198,12.40,['Unknown%20significance'],100.62,0.63,0.0,0.3,0.3
MYO15A,17,18121237,NM_016239.4:c.2437C>G,NP_057323.3:p.Pro813Ala,0.178,6.430,['Unknown%20significance'],100.62,0.63,0.0,0.4,0.4
MYO15A,17,18121237,NM_016239.4:c.2437C>T,NP_057323.3:p.Pro813Ser,0.148,8.124,['Unknown%20significance'],100.62,0.63,0.0,0.4,0.4
MYO15A,17,18121238,NM_016239.4:c.2438C>A,NP_057323.3:p.Pro813Gln,0.221,8.611,['Unknown%20significance'],100.62,0.63,0.0,0.4,0.4
MYO15A,17,18121238,NM_016239.4:c.2438C>G,NP_057323.3:p.Pro813Arg,0.130,8.568,['Unknown%20significance'],100.62,0.63,0.0,0.3,0.3
MYO15A,17,18121238,NM_016239.4:c.2438C>T,NP_057323.3:p.Pro813Leu,0.141,9.268,['Unknown%20significance'],100.62,0.63,0.0,0.3,0.3
MYO15A,17,18121240,NM_016239.4:c.2440G>A,NP_057323.3:p.Ala814Thr,0.078,7.584,['Unknown%20significance'],104.27,0.82,0.0,-0.0,0.0
MYO15A,17,18121240,NM_016239.4:c.2440G>C,NP_057323.3:p.Ala814Pro,0.116,1.838,['Unknown%20significance'],104.27,0.82,0.0,-0.3,0.3
MYO15A,17,18121240,NM_016239.4:c.2440G>T,NP_057323.3:p.Ala814Ser,0.084,3.831,['Unknown%20significance'],104.27,0.82,0.0,0.0,0.0
MYO15A,17,18121241,NM_016239.4:c.2441C>A,NP_057323.3:p.Ala814Asp,0.076,10.25,['Unknown%20significance'],104.27,0.82,0.0,0.1,0.1
MYO15A,17,18121241,NM_016239.4:c.2441C>T,NP_057323.3:p.Ala814Val,0.086,10.16,['Unknown%20significance'],104.27,0.82,0.0,-0.0,0.0
MYO15A,17,18121243,NM_016239.4:c.2443C>A,NP_057323.3:p.Arg815Ser,0.121,2.620,['Unknown%20significance'],241.57,0.89,0.0,0.0,0.0
MYO15A,17,18121243,NM_016239.4:c.2443C>G,NP_057323.3:p.Arg815Gly,0.083,4.968,['Unknown%20significance'],241.57,0.89,0.0,0.2,0.2
MYO15A,17,18121243,NM_016239.4:c.2443C>T,NP_057323.3:p.Arg815Cys,0.171,7.892,['Unknown%20significance'],241.57,0.89,0.0,0.1,0.1
MYO15A,17,18121244,NM_016239.4:c.2444G>A,NP_057323.3:p.Arg815His,0.087,10.48,['Likely%20benign'],241.57,0.89,0.0,0.0,0.0
MYO15A,17,18121244,NM_016239.4:c.2444G>T,NP_057323.3:p.Arg815Leu,0.095,10.26,['Unknown%20significance'],241.57,0.89,0.0,0.0,0.0
MYO15A,17,18121246,NM_016239.4:c.2446C>G,NP_057323.3:p.Arg816Gly,0.259,15.63,['Unknown%20significance'],257.08,0.95,0.0,0.1,0.1
MYO15A,17,18121246,NM_016239.4:c.2446C>T,NP_057323.3:p.Arg816Trp,0.273,22.2,['Unknown%20significance'],257.08,0.95,0.0,-0.1,0.1
MYO15A,17,18121247,NM_016239.4:c.2447G>A,NP_057323.3:p.Arg816Gln,0.259,21.3,['Unknown%20significance'],257.08,0.95,0.0,0.0,0.0
MYO15A,17,18121247,NM_016239.4:c.2447G>C,NP_057323.3:p.Arg816Pro,0.441,23.4,['Unknown%20significance'],257.08,0.95,0.0,-0.1,0.1
MYO15A,17,18121247,NM_016239.4:c.2447G>T,NP_057323.3:p.Arg816Leu,0.352,21.8,['Unknown%20significance'],257.08,0.95,0.0,0.0,0.0
MYO15A,17,18121249,NM_016239.4:c.2449C>A,NP_057323.3:p.Pro817Thr,0.126,3.908,['Unknown%20significance'],128.59,0.81,0.0,0.4,0.4
MYO15A,17,18121249,NM_016239.4:c.2449C>T,NP_057323.3:p.Pro817Ser,0.121,5.083,['Unknown%20significance'],128.59,0.81,0.0,0.4,0.4
MYO15A,17,18121250,NM_016239.4:c.2450C>A,NP_057323.3:p.Pro817His,0.105,8.526,['Unknown%20significance'],128.59,0.81,0.0,0.4,0.4
MYO15A,17,18121250,NM_016239.4:c.2450C>T,NP_057323.3:p.Pro817Leu,0.090,10.36,['Unknown%20significance'],128.59,0.81,0.0,0.3,0.3
MYO15A,17,18121252,NM_016239.4:c.2452C>A,NP_057323.3:p.Arg818Ser,0.215,8.997,['Unknown%20significance'],254.91,0.94,0.0,0.1,0.1
MYO15A,17,18121252,NM_016239.4:c.2452C>G,NP_057323.3:p.Arg818Gly,0.195,9.785,['Unknown%20significance'],254.91,0.94,0.0,0.2,0.2
MYO15A,17,18121252,NM_016239.4:c.2452C>T,NP_057323.3:p.Arg818Cys,0.249,16.60,['Unknown%20significance'],254.91,0.94,0.0,0.1,0.1
MYO15A,17,18121253,NM_016239.4:c.2453G>A,NP_057323.3:p.Arg818His,0.157,0.241,['Likely%20benign'],254.91,0.94,0.0,0.0,0.0
MYO15A,17,18121253,NM_016239.4:c.2453G>T,NP_057323.3:p.Arg818Leu,0.132,0.443,['Unknown%20significance'],254.91,0.94,0.0,-0.0,0.0
MYO15A,17,18121255,NM_016239.4:c.2455T>C,NP_057323.3:p.Ser819Pro,0.140,18.18,['Unknown%20significance'],89.42,0.64,0.0,-0.3,0.3
MYO15A,17,18121256,NM_016239.4:c.2456C>G,NP_057323.3:p.Ser819Trp,0.363,22.6,['Unknown%20significance'],89.42,0.64,0.0,-0.3,0.3
MYO15A,17,18121256,NM_016239.4:c.2456C>T,NP_057323.3:p.Ser819Leu,0.289,17.97,['Unknown%20significance'],89.42,0.64,0.0,-0.2,0.2
MYO15A,17,18121258,NM_016239.4:c.2458C>A,NP_057323.3:p.Leu820Met,0.175,13.80,['Unknown%20significance'],177.16,0.91,0.0,-0.0,0.0
MYO15A,17,18121259,NM_016239.4:c.2459T>C,NP_057323.3:p.Leu820Pro,0.279,22.7,['Unknown%20significance'],177.16,0.91,0.0,-0.1,0.1
MYO15A,17,18121261,NM_016239.4:c.2461C>A,NP_057323.3:p.Gln821Lys,0.213,9.497,['Unknown%20significance'],142.52,0.72,0.0,0.2,0.2
MYO15A,17,18121261,NM_016239.4:c.2461C>G,NP_057323.3:p.Gln821Glu,0.205,8.254,['Unknown%20significance'],142.52,0.72,0.0,0.2,0.2
MYO15A,17,18121262,NM_016239.4:c.2462A>C,NP_057323.3:p.Gln821Pro,0.185,13.81,['Benign'],142.52,0.72,0.0,-0.4,0.4
MYO15A,17,18121262,NM_016239.4:c.2462A>G,NP_057323.3:p.Gln821Arg,0.200,1.674,['Unknown%20significance'],142.52,0.72,0.0,-0.1,0.1
MYO15A,17,18121263,NM_016239.4:c.2463G>C,NP_057323.3:p.Gln821His,0.216,3.944,['Unknown%20significance'],142.52,0.72,0.0,-0.1,0.1
MYO15A,17,18121263,NM_016239.4:c.2463G>T,NP_057323.3:p.Gln821His,0.216,3.801,['Unknown%20significance'],142.52,0.72,0.0,-0.1,0.1
MYO15A,17,18121264,NM_016239.4:c.2464G>A,NP_057323.3:p.Glu822Lys,0.378,19.97,['Unknown%20significance'],153.67,0.78,0.0,0.1,0.1
MYO15A,17,18121264,NM_016239.4:c.2464G>C,NP_057323.3:p.Glu822Gln,0.339,17.68,['Unknown%20significance'],153.67,0.78,0.0,-0.1,0.1
MYO15A,17,18121265,NM_016239.4:c.2465A>C,NP_057323.3:p.Glu822Ala,0.329,16.59,['Unknown%20significance'],153.67,0.78,0.0,-0.1,0.1
MYO15A,17,18121265,NM_016239.4:c.2465A>G,NP_057323.3:p.Glu822Gly,0.269,20.5,['Unknown%20significance'],153.67,0.78,0.0,0.0,0.0
MYO15A,17,18121265,NM_016239.4:c.2465A>T,NP_057323.3:p.Glu822Val,0.312,20.2,['Unknown%20significance'],153.67,0.78,0.0,-0.2,0.2
MYO15A,17,18121266,NM_016239.4:c.2466G>C,NP_057323.3:p.Glu822Asp,0.204,16.20,['Unknown%20significance'],153.67,0.78,0.0,0.1,0.1
MYO15A,17,18121266,NM_016239.4:c.2466G>T,NP_057323.3:p.Glu822Asp,0.204,16.11,['Unknown%20significance'],153.67,0.78,0.0,0.1,0.1
MYO15A,17,18121267,NM_016239.4:c.2467T>A,NP_057323.3:p.Ser823Thr,0.244,0.214,['Unknown%20significance'],103.28,0.74,0.0,-0.0,0.0
MYO15A,17,18121267,NM_016239.4:c.2467T>C,NP_057323.3:p.Ser823Pro,0.209,0.412,['Unknown%20significance'],103.28,0.74,0.0,-0.2,0.2
MYO15A,17,18121268,NM_016239.4:c.2468C>A,NP_057323.3:p.Ser823Tyr,0.159,13.98,['Unknown%20significance'],103.28,0.74,0.0,-0.2,0.2
MYO15A,17,18121268,NM_016239.4:c.2468C>G,NP_057323.3:p.Ser823Cys,0.124,14.55,['Unknown%20significance'],103.28,0.74,0.0,0.1,0.1
MYO15A,17,18121268,NM_016239.4:c.2468C>T,NP_057323.3:p.Ser823Phe,0.117,15.09,['Unknown%20significance'],103.28,0.74,0.0,-0.0,0.0
MYO15A,17,18121270,NM_016239.4:c.2470C>A,NP_057323.3:p.Pro824Thr,0.085,4.408,['Unknown%20significance'],126.8,0.8,0.0,0.5,0.5
MYO15A,17,18121270,NM_016239.4:c.2470C>G,NP_057323.3:p.Pro824Ala,0.113,2.409,['Likely%20benign'],126.8,0.8,0.0,0.6,0.6
MYO15A,17,18121270,NM_016239.4:c.2470C>T,NP_057323.3:p.Pro824Ser,0.084,5.382,['Unknown%20significance'],126.8,0.8,0.0,0.6,0.6
MYO15A,17,18121271,NM_016239.4:c.2471C>A,NP_057323.3:p.Pro824Gln,0.113,0.537,['Unknown%20significance'],126.8,0.8,0.0,0.5,0.5
MYO15A,17,18121271,NM_016239.4:c.2471C>T,NP_057323.3:p.Pro824Leu,0.129,0.065,['Unknown%20significance'],126.8,0.8,0.0,0.5,0.5
MYO15A,17,18121273,NM_016239.4:c.2473G>A,NP_057323.3:p.Ala825Thr,0.136,0.037,['Unknown%20significance'],91.08,0.71,0.0,-0.1,0.1
MYO15A,17,18121273,NM_016239.4:c.2473G>C,NP_057323.3:p.Ala825Pro,0.192,0.150,['Unknown%20significance'],91.08,0.71,0.0,-0.2,0.2
MYO15A,17,18121273,NM_016239.4:c.2473G>T,NP_057323.3:p.Ala825Ser,0.138,0.003,['Unknown%20significance'],91.08,0.71,0.0,-0.0,0.0
MYO15A,17,18121274,NM_016239.4:c.2474C>A,NP_057323.3:p.Ala825Asp,0.094,6.631,['Unknown%20significance'],91.08,0.71,0.0,0.2,0.2
MYO15A,17,18121274,NM_016239.4:c.2474C>G,NP_057323.3:p.Ala825Gly,0.166,3.673,['Unknown%20significance'],91.08,0.71,0.0,0.3,0.3
MYO15A,17,18121274,NM_016239.4:c.2474C>T,NP_057323.3:p.Ala825Val,0.124,6.291,['Unknown%20significance'],91.08,0.71,0.0,-0.1,0.1
MYO15A,17,18121276,NM_016239.4:c.2476C>A,NP_057323.3:p.Pro826Thr,0.091,8.402,['Unknown%20significance'],116.17,0.73,0.0,0.5,0.5
MYO15A,17,18121276,NM_016239.4:c.2476C>T,NP_057323.3:p.Pro826Ser,0.097,9.262,['Unknown%20significance'],116.17,0.73,0.0,0.6,0.6
MYO15A,17,18121277,NM_016239.4:c.2477C>A,NP_057323.3:p.Pro826Gln,0.118,1.231,['Unknown%20significance'],116.17,0.73,0.0,0.5,0.5
MYO15A,17,18121277,NM_016239.4:c.2477C>G,NP_057323.3:p.Pro826Arg,0.170,0.440,['Unknown%20significance'],116.17,0.73,0.0,0.5,0.5
MYO15A,17,18121277,NM_016239.4:c.2477C>T,NP_057323.3:p.Pro826Leu,0.163,1.350,['Unknown%20significance'],116.17,0.73,0.0,0.5,0.5
MYO15A,17,18121279,NM_016239.4:c.2479C>A,NP_057323.3:p.Arg827Ser,0.141,16.07,['Unknown%20significance'],229.98,0.85,0.0,0.1,0.1
MYO15A,17,18121279,NM_016239.4:c.2479C>G,NP_057323.3:p.Arg827Gly,0.118,16.54,['Unknown%20significance'],229.98,0.85,0.0,0.2,0.2
MYO15A,17,18121279,NM_016239.4:c.2479C>T,NP_057323.3:p.Arg827Cys,0.138,18.50,['Unknown%20significance'],229.98,0.85,0.0,0.2,0.2
MYO15A,17,18121280,NM_016239.4:c.2480G>A,NP_057323.3:p.Arg827His,0.146,0.440,['Unknown%20significance'],229.98,0.85,0.0,-0.0,0.0
MYO15A,17,18121280,NM_016239.4:c.2480G>C,NP_057323.3:p.Arg827Pro,0.154,5.586,['Unknown%20significance'],229.98,0.85,0.0,-0.2,0.2
MYO15A,17,18121280,NM_016239.4:c.2480G>T,NP_057323.3:p.Arg827Leu,0.122,0.669,['Unknown%20significance'],229.98,0.85,0.0,0.1,0.1
MYO15A,17,18121283,NM_016239.4:c.2483G>A,NP_057323.3:p.Arg828Gln,0.110,9.780,['Unknown%20significance'],235.97,0.87,0.0,0.0,0.0
MYO15A,17,18121283,NM_016239.4:c.2483G>T,NP_057323.3:p.Arg828Leu,0.099,9.755,['Unknown%20significance'],235.97,0.87,0.0,0.0,0.0
MYO15A,17,18121285,NM_016239.4:c.2485G>A,NP_057323.3:p.Ala829Thr,0.161,8.666,['Unknown%20significance'],88.9,0.69,0.0,-0.1,0.1
MYO15A,17,18121285,NM_016239.4:c.2485G>T,NP_057323.3:p.Ala829Ser,0.188,5.232,['Unknown%20significance'],88.9,0.69,0.0,-0.1,0.1
MYO15A,17,18121286,NM_016239.4:c.2486C>A,NP_057323.3:p.Ala829Asp,0.091,1.373,['Unknown%20significance'],88.9,0.69,0.0,0.2,0.2
MYO15A,17,18121286,NM_016239.4:c.2486C>T,NP_057323.3:p.Ala829Val,0.097,1.183,['Unknown%20significance'],88.9,0.69,0.0,-0.1,0.1
MYO15A,17,18121288,NM_016239.4:c.2488G>A,NP_057323.3:p.Ala830Thr,0.123,13.52,['Unknown%20significance'],121.81,0.95,0.0,-0.0,0.0
MYO15A,17,18121288,NM_016239.4:c.2488G>C,NP_057323.3:p.Ala830Pro,0.202,13.97,['Unknown%20significance'],121.81,0.95,0.0,-0.1,0.1
MYO15A,17,18121288,NM_016239.4:c.2488G>T,NP_057323.3:p.Ala830Ser,0.115,0.896,['Unknown%20significance'],121.81,0.95,0.0,0.0,0.0
MYO15A,17,18121289,NM_016239.4:c.2489C>A,NP_057323.3:p.Ala830Asp,0.158,17.19,['Unknown%20significance'],121.81,0.95,0.0,0.1,0.1
MYO15A,17,18121289,NM_016239.4:c.2489C>T,NP_057323.3:p.Ala830Val,0.156,13.98,['Unknown%20significance'],121.81,0.95,0.0,-0.0,0.0
MYO15A,17,18121291,NM_016239.4:c.2491G>A,NP_057323.3:p.Gly831Arg,0.167,5.623,['Unknown%20significance'],56.04,0.58,0.0,-0.4,0.4
MYO15A,17,18121291,NM_016239.4:c.2491G>T,NP_057323.3:p.Gly831Trp,0.220,14.87,['Unknown%20significance'],56.04,0.58,0.0,-0.6,0.6
MYO15A,17,18121292,NM_016239.4:c.2492G>A,NP_057323.3:p.Gly831Glu,0.114,15.69,['Unknown%20significance'],56.04,0.58,0.0,-0.1,0.1
MYO15A,17,18121292,NM_016239.4:c.2492G>T,NP_057323.3:p.Gly831Val,0.124,18.90,['Unknown%20significance'],56.04,0.58,0.0,-0.3,0.3
MYO15A,17,18121294,NM_016239.4:c.2494C>A,NP_057323.3:p.Arg832Ser,0.392,23.4,['Unknown%20significance'],246.34,0.91,0.0,0.1,0.1
MYO15A,17,18121294,NM_016239.4:c.2494C>G,NP_057323.3:p.Arg832Gly,0.373,23.7,['Unknown%20significance'],246.34,0.91,0.0,0.2,0.2
MYO15A,17,18121294,NM_016239.4:c.2494C>T,NP_057323.3:p.Arg832Cys,0.454,24.5,['Unknown%20significance'],246.34,0.91,0.0,0.1,0.1
MYO15A,17,18121295,NM_016239.4:c.2495G>A,NP_057323.3:p.Arg832His,0.339,23.0,['Unknown%20significance'],246.34,0.91,0.0,0.0,0.0
MYO15A,17,18121295,NM_016239.4:c.2495G>T,NP_057323.3:p.Arg832Leu,0.293,22.4,['Unknown%20significance'],246.34,0.91,0.0,0.0,0.0
MYO15A,17,18121297,NM_016239.4:c.2497C>A,NP_057323.3:p.Leu833Met,0.180,16.72,['Unknown%20significance'],208.31,1.0,0.0,-0.0,0.0
MYO15A,17,18121297,NM_016239.4:c.2497C>G,NP_057323.3:p.Leu833Val,0.085,15.23,['Unknown%20significance'],208.31,1.0,0.0,-0.0,0.0
MYO15A,17,18121298,NM_016239.4:c.2498T>A,NP_057323.3:p.Leu833Gln,0.142,21.4,['Unknown%20significance'],208.31,1.0,0.0,0.0,0.0
MYO15A,17,18121298,NM_016239.4:c.2498T>C,NP_057323.3:p.Leu833Pro,0.138,18.49,['Unknown%20significance'],208.31,1.0,0.0,-0.1,0.1
MYO15A,17,18121298,NM_016239.4:c.2498T>G,NP_057323.3:p.Leu833Arg,0.252,18.38,['Unknown%20significance'],208.31,1.0,0.0,-0.0,0.0
MYO15A,17,18121300,NM_016239.4:c.2500G>A,NP_057323.3:p.Gly834Ser,0.150,13.58,['Unknown%20significance'],49.58,0.52,0.0,-0.3,0.3
MYO15A,17,18121300,NM_016239.4:c.2500G>T,NP_057323.3:p.Gly834Cys,0.284,22.3,['Unknown%20significance'],49.58,0.52,0.0,-0.1,0.1
MYO15A,17,18121301,NM_016239.4:c.2501G>A,NP_057323.3:p.Gly834Asp,0.258,22.6,['Unknown%20significance'],49.58,0.52,0.0,0.1,0.1
MYO15A,17,18121301,NM_016239.4:c.2501G>C,NP_057323.3:p.Gly834Ala,0.202,18.29,['Unknown%20significance'],49.58,0.52,0.0,-0.3,0.3
MYO15A,17,18121301,NM_016239.4:c.2501G>T,NP_057323.3:p.Gly834Val,0.196,22.4,['Unknown%20significance'],49.58,0.52,0.0,-0.3,0.3
MYO15A,17,18121303,NM_016239.4:c.2503C>A,NP_057323.3:p.Pro835Thr,0.083,13.84,['Unknown%20significance'],126.74,0.8,0.0,0.4,0.4
MYO15A,17,18121303,NM_016239.4:c.2503C>G,NP_057323.3:p.Pro835Ala,0.115,7.324,['Unknown%20significance'],126.74,0.8,0.0,0.4,0.4
MYO15A,17,18121304,NM_016239.4:c.2504C>A,NP_057323.3:p.Pro835Gln,0.287,16.26,['Unknown%20significance'],126.74,0.8,0.0,0.4,0.4
MYO15A,17,18121304,NM_016239.4:c.2504C>T,NP_057323.3:p.Pro835Leu,0.183,17.06,['Unknown%20significance'],126.74,0.8,0.0,0.4,0.4
MYO15A,17,18121306,NM_016239.4:c.2506C>A,NP_057323.3:p.Pro836Thr,0.254,15.30,['Unknown%20significance'],125.83,0.79,0.0,0.3,0.3
MYO15A,17,18121306,NM_016239.4:c.2506C>T,NP_057323.3:p.Pro836Ser,0.270,15.44,['Unknown%20significance'],125.83,0.79,0.0,0.4,0.4
MYO15A,17,18121307,NM_016239.4:c.2507C>A,NP_057323.3:p.Pro836His,0.272,16.16,['Unknown%20significance'],125.83,0.79,0.0,0.3,0.3
MYO15A,17,18121307,NM_016239.4:c.2507C>T,NP_057323.3:p.Pro836Leu,0.106,12.20,['Unknown%20significance'],125.83,0.79,0.0,0.4,0.4
MYO15A,17,18121309,NM_016239.4:c.2509G>A,NP_057323.3:p.Gly837Ser,0.159,0.388,['Unknown%20significance'],85.15,0.89,0.0,-0.1,0.1
MYO15A,17,18121309,NM_016239.4:c.2509G>C,NP_057323.3:p.Gly837Arg,0.160,0.829,['Unknown%20significance'],85.15,0.89,0.0,-0.2,0.2
MYO15A,17,18121309,NM_016239.4:c.2509G>T,NP_057323.3:p.Gly837Cys,0.259,5.893,['Unknown%20significance'],85.15,0.89,0.0,-0.1,0.1
MYO15A,17,18121310,NM_016239.4:c.2510G>A,NP_057323.3:p.Gly837Asp,0.169,0.301,['Unknown%20significance'],85.15,0.89,0.0,-0.0,0.0
MYO15A,17,18121310,NM_016239.4:c.2510G>T,NP_057323.3:p.Gly837Val,0.109,0.587,['Unknown%20significance'],85.15,0.89,0.0,-0.2,0.2
MYO15A,17,18121312,NM_016239.4:c.2512T>C,NP_057323.3:p.Ser838Pro,0.274,15.61,['Unknown%20significance'],88.42,0.64,0.0,0.0,0.0
MYO15A,17,18121313,NM_016239.4:c.2513C>T,NP_057323.3:p.Ser838Leu,0.262,14.20,['Unknown%20significance'],88.42,0.64,0.0,0.1,0.1
MYO15A,17,18121315,NM_016239.4:c.2515C>A,NP_057323.3:p.Pro839Thr,0.211,15.74,['Unknown%20significance'],147.48,0.93,0.0,0.3,0.3
MYO15A,17,18121315,NM_016239.4:c.2515C>T,NP_057323.3:p.Pro839Ser,0.216,16.04,['Unknown%20significance'],147.48,0.93,0.0,0.4,0.4
MYO15A,17,18121316,NM_016239.4:c.2516C>A,NP_057323.3:p.Pro839Gln,0.146,13.98,['Unknown%20significance'],147.48,0.93,0.0,0.3,0.3
MYO15A,17,18121316,NM_016239.4:c.2516C>T,NP_057323.3:p.Pro839Leu,0.230,15.30,['Unknown%20significance'],147.48,0.93,0.0,0.3,0.3
MYO15A,17,18121318,NM_016239.4:c.2518C>A,NP_057323.3:p.Leu840Met,0.185,6.172,['Unknown%20significance'],173.9,0.9,0.0,-0.0,0.0
MYO15A,17,18121318,NM_016239.4:c.2518C>G,NP_057323.3:p.Leu840Val,0.126,0.945,['Unknown%20significance'],173.9,0.9,0.0,-0.0,0.0
MYO15A,17,18121319,NM_016239.4:c.2519T>C,NP_057323.3:p.Leu840Pro,0.195,6.848,['Unknown%20significance'],173.9,0.9,0.0,-0.0,0.0
MYO15A,17,18121321,NM_016239.4:c.2521C>A,NP_057323.3:p.Pro841Thr,0.109,3.623,['Unknown%20significance'],135.71,0.86,0.0,0.3,0.3
MYO15A,17,18121321,NM_016239.4:c.2521C>T,NP_057323.3:p.Pro841Ser,0.128,5.520,['Unknown%20significance'],135.71,0.86,0.0,0.3,0.3
MYO15A,17,18121322,NM_016239.4:c.2522C>A,NP_057323.3:p.Pro841Gln,0.218,12.23,['Unknown%20significance'],135.71,0.86,0.0,0.3,0.3
MYO15A,17,18121322,NM_016239.4:c.2522C>G,NP_057323.3:p.Pro841Arg,0.232,12.15,['Unknown%20significance'],135.71,0.86,0.0,0.3,0.3
MYO15A,17,18121322,NM_016239.4:c.2522C>T,NP_057323.3:p.Pro841Leu,0.085,6.794,['Unknown%20significance'],135.71,0.86,0.0,0.3,0.3
MYO15A,17,18121324,NM_016239.4:c.2524G>A,NP_057323.3:p.Gly842Ser,0.115,13.83,['Unknown%20significance'],93.32,0.97,0.0,-0.1,0.1
MYO15A,17,18121324,NM_016239.4:c.2524G>T,NP_057323.3:p.Gly842Cys,0.371,22.7,['Unknown%20significance'],93.32,0.97,0.0,-0.0,0.0
MYO15A,17,18121325,NM_016239.4:c.2525G>A,NP_057323.3:p.Gly842Asp,0.177,18.36,['Unknown%20significance'],93.32,0.97,0.0,-0.0,0.0
MYO15A,17,18121325,NM_016239.4:c.2525G>C,NP_057323.3:p.Gly842Ala,0.194,14.13,['Unknown%20significance'],93.32,0.97,0.0,-0.1,0.1
MYO15A,17,18121325,NM_016239.4:c.2525G>T,NP_057323.3:p.Gly842Val,0.268,22.3,['Unknown%20significance'],93.32,0.97,0.0,-0.1,0.1
MYO15A,17,18121327,NM_016239.4:c.2527T>C,NP_057323.3:p.Ser843Pro,0.172,9.204,['Unknown%20significance'],99.78,0.72,0.0,0.0,0.0
MYO15A,17,18121328,NM_016239.4:c.2528C>T,NP_057323.3:p.Ser843Leu,0.099,13.80,['Unknown%20significance'],99.78,0.72,0.0,0.1,0.1
MYO15A,17,18121330,NM_016239.4:c.2530C>A,NP_057323.3:p.Pro844Thr,0.096,5.648,['Unknown%20significance'],142.26,0.9,0.0,0.3,0.3
MYO15A,17,18121330,NM_016239.4:c.2530C>T,NP_057323.3:p.Pro844Ser,0.056,6.382,['Unknown%20significance'],142.26,0.9,0.0,0.3,0.3
MYO15A,17,18121331,NM_016239.4:c.2531C>A,NP_057323.3:p.Pro844His,0.313,21.1,['Unknown%20significance'],142.26,0.9,0.0,0.3,0.3
MYO15A,17,18121331,NM_016239.4:c.2531C>G,NP_057323.3:p.Pro844Arg,0.256,15.72,['Unknown%20significance'],142.26,0.9,0.0,0.3,0.3
MYO15A,17,18121331,NM_016239.4:c.2531C>T,NP_057323.3:p.Pro844Leu,0.243,13.93,['Unknown%20significance'],142.26,0.9,0.0,0.3,0.3
MYO15A,17,18121333,NM_016239.4:c.2533A>G,NP_057323.3:p.Arg845Gly,0.160,2.596,['Unknown%20significance'],255.13,0.94,0.0,0.1,0.1
MYO15A,17,18121334,NM_016239.4:c.2534G>A,NP_057323.3:p.Arg845Lys,0.098,9.477,['Unknown%20significance'],255.13,0.94,0.0,0.1,0.1
MYO15A,17,18121334,NM_016239.4:c.2534G>T,NP_057323.3:p.Arg845Met,0.149,15.78,['Unknown%20significance'],255.13,0.94,0.0,-0.0,0.0
MYO15A,17,18121335,NM_016239.4:c.2535G>T,NP_057323.3:p.Arg845Ser,0.146,15.31,['Unknown%20significance'],255.13,0.94,0.0,0.0,0.0
MYO15A,17,18121336,NM_016239.4:c.2536C>A,NP_057323.3:p.Pro846Thr,0.061,7.391,['Unknown%20significance'],135.43,0.86,0.0,0.3,0.3
MYO15A,17,18121336,NM_016239.4:c.2536C>T,NP_057323.3:p.Pro846Ser,0.077,6.237,['Unknown%20significance'],135.43,0.86,0.0,0.3,0.3
MYO15A,17,18121337,NM_016239.4:c.2537C>A,NP_057323.3:p.Pro846Gln,0.142,5.517,['Unknown%20significance'],135.43,0.86,0.0,0.3,0.3
MYO15A,17,18121337,NM_016239.4:c.2537C>T,NP_057323.3:p.Pro846Leu,0.174,4.695,['Unknown%20significance'],135.43,0.86,0.0,0.2,0.2
MYO15A,17,18121339,NM_016239.4:c.2539C>A,NP_057323.3:p.Pro847Thr,0.146,5.676,['Unknown%20significance'],134.93,0.85,0.0,0.4,0.4
MYO15A,17,18121339,NM_016239.4:c.2539C>G,NP_057323.3:p.Pro847Ala,0.144,1.388,['Unknown%20significance'],134.93,0.85,0.0,0.4,0.4
MYO15A,17,18121339,NM_016239.4:c.2539C>T,NP_057323.3:p.Pro847Ser,0.116,5.441,['Unknown%20significance'],134.93,0.85,0.0,0.4,0.4
MYO15A,17,18121340,NM_016239.4:c.2540C>A,NP_057323.3:p.Pro847His,0.327,20.8,['Unknown%20significance'],134.93,0.85,0.0,0.3,0.3
MYO15A,17,18121340,NM_016239.4:c.2540C>T,NP_057323.3:p.Pro847Leu,0.316,16.83,['Unknown%20significance'],134.93,0.85,0.0,0.3,0.3
MYO15A,17,18121342,NM_016239.4:c.2542T>C,NP_057323.3:p.Ser848Pro,0.163,16.64,['Unknown%20significance'],114.55,0.83,0.0,-0.0,0.0
MYO15A,17,18121343,NM_016239.4:c.2543C>G,NP_057323.3:p.Ser848Trp,0.310,17.67,['Unknown%20significance'],114.55,0.83,0.0,-0.1,0.1
MYO15A,17,18121343,NM_016239.4:c.2543C>T,NP_057323.3:p.Ser848Leu,0.169,6.552,['Unknown%20significance'],114.55,0.83,0.0,0.0,0.0
MYO15A,17,18121345,NM_016239.4:c.2545C>A,NP_057323.3:p.Pro849Thr,0.186,12.28,['Unknown%20significance'],134.85,0.85,0.0,0.3,0.3
MYO15A,17,18121345,NM_016239.4:c.2545C>G,NP_057323.3:p.Pro849Ala,0.115,11.47,['Unknown%20significance'],134.85,0.85,0.0,0.3,0.3
MYO15A,17,18121345,NM_016239.4:c.2545C>T,NP_057323.3:p.Pro849Ser,0.139,13.32,['Unknown%20significance'],134.85,0.85,0.0,0.3,0.3
MYO15A,17,18121346,NM_016239.4:c.2546C>A,NP_057323.3:p.Pro849Gln,0.264,12.01,['Unknown%20significance'],134.85,0.85,0.0,0.3,0.3
MYO15A,17,18121346,NM_016239.4:c.2546C>T,NP_057323.3:p.Pro849Leu,0.215,11.53,['Likely%20benign'],134.85,0.85,0.0,0.3,0.3
MYO15A,17,18121348,NM_016239.4:c.2548C>A,NP_057323.3:p.Pro850Thr,0.121,11.80,['Unknown%20significance'],114.26,0.72,0.0,0.3,0.3
MYO15A,17,18121348,NM_016239.4:c.2548C>T,NP_057323.3:p.Pro850Ser,0.064,12.54,['Unknown%20significance'],114.26,0.72,0.0,0.3,0.3
MYO15A,17,18121349,NM_016239.4:c.2549C>A,NP_057323.3:p.Pro850His,0.242,20.5,['Unknown%20significance'],114.26,0.72,0.0,0.3,0.3
MYO15A,17,18121349,NM_016239.4:c.2549C>G,NP_057323.3:p.Pro850Arg,0.202,16.30,['Unknown%20significance'],114.26,0.72,0.0,0.3,0.3
MYO15A,17,18121351,NM_016239.4:c.2551C>A,NP_057323.3:p.Leu851Met,0.276,6.215,['Unknown%20significance'],185.04,0.95,0.0,0.0,0.0
MYO15A,17,18121351,NM_016239.4:c.2551C>G,NP_057323.3:p.Leu851Val,0.223,3.321,['Unknown%20significance'],185.04,0.95,0.0,0.0,0.0
MYO15A,17,18121352,NM_016239.4:c.2552T>A,NP_057323.3:p.Leu851Gln,0.219,4.716,['Unknown%20significance'],185.04,0.95,0.0,0.1,0.1
MYO15A,17,18121352,NM_016239.4:c.2552T>C,NP_057323.3:p.Leu851Pro,0.160,4.195,['Unknown%20significance'],185.04,0.95,0.0,-0.1,0.1
MYO15A,17,18121352,NM_016239.4:c.2552T>G,NP_057323.3:p.Leu851Arg,0.208,3.259,['Unknown%20significance'],185.04,0.95,0.0,0.0,0.0
MYO15A,17,18121354,NM_016239.4:c.2554G>A,NP_057323.3:p.Gly852Arg,0.091,4.781,['Unknown%20significance'],71.17,0.74,0.0,-0.3,0.3
MYO15A,17,18121354,NM_016239.4:c.2554G>T,NP_057323.3:p.Gly852Trp,0.212,10.10,['Unknown%20significance'],71.17,0.74,0.0,-0.5,0.5
MYO15A,17,18121355,NM_016239.4:c.2555G>A,NP_057323.3:p.Gly852Glu,0.153,1.704,['Unknown%20significance'],71.17,0.74,0.0,-0.0,0.0
MYO15A,17,18121357,NM_016239.4:c.2557C>A,NP_057323.3:p.Leu853Ile,0.180,12.17,['Unknown%20significance'],174.61,0.9,0.0,0.1,0.1
MYO15A,17,18121358,NM_016239.4:c.2558T>C,NP_057323.3:p.Leu853Pro,0.307,20.8,['Unknown%20significance'],174.61,0.9,0.0,0.2,0.2
MYO15A,17,18121360,NM_016239.4:c.2560T>C,NP_057323.3:p.Cys854Arg,0.075,14.75,['Unknown%20significance'],131.17,0.84,0.0,-0.2,0.2
MYO15A,17,18121361,NM_016239.4:c.2561G>A,NP_057323.3:p.Cys854Tyr,0.073,18.62,['Unknown%20significance'],131.17,0.84,0.0,-0.2,0.2
MYO15A,17,18121361,NM_016239.4:c.2561G>T,NP_057323.3:p.Cys854Phe,0.113,19.04,['Unknown%20significance'],131.17,0.84,0.0,-0.1,0.1
MYO15A,17,18121363,NM_016239.4:c.2563C>A,NP_057323.3:p.His855Asn,0.104,4.249,['Unknown%20significance'],206.22,1.0,0.0,0.1,0.1
MYO15A,17,18121363,NM_016239.4:c.2563C>T,NP_057323.3:p.His855Tyr,0.123,1.022,['Unknown%20significance'],206.22,1.0,0.0,-0.1,0.1
MYO15A,17,18121364,NM_016239.4:c.2564A>G,NP_057323.3:p.His855Arg,0.190,2.461,['Unknown%20significance'],206.22,1.0,0.0,0.0,0.0
MYO15A,17,18121365,NM_016239.4:c.2565C>A,NP_057323.3:p.His855Gln,0.110,0.916,['Unknown%20significance'],206.22,1.0,0.0,0.0,0.0
MYO15A,17,18121366,NM_016239.4:c.2566A>G,NP_057323.3:p.Ser856Gly,0.185,1.418,['Unknown%20significance'],101.83,0.73,0.0,0.2,0.2
MYO15A,17,18121366,NM_016239.4:c.2566A>T,NP_057323.3:p.Ser856Cys,0.282,9.855,['Unknown%20significance'],101.83,0.73,0.0,0.2,0.2
MYO15A,17,18121367,NM_016239.4:c.2567G>A,NP_057323.3:p.Ser856Asn,0.176,16.76,['Unknown%20significance'],101.83,0.73,0.0,0.1,0.1
MYO15A,17,18121367,NM_016239.4:c.2567G>T,NP_057323.3:p.Ser856Ile,0.224,18.52,['Unknown%20significance'],101.83,0.73,0.0,0.0,0.0
MYO15A,17,18121368,NM_016239.4:c.2568C>A,NP_057323.3:p.Ser856Arg,0.113,5.995,['Unknown%20significance'],101.83,0.73,0.0,-0.1,0.1
MYO15A,17,18121368,NM_016239.4:c.2568C>G,NP_057323.3:p.Ser856Arg,0.111,6.180,['Unknown%20significance'],101.83,0.73,0.0,-0.1,0.1
MYO15A,17,18121369,NM_016239.4:c.2569C>A,NP_057323.3:p.Pro857Thr,0.068,0.412,['Unknown%20significance'],133.31,0.84,0.0,0.2,0.2
MYO15A,17,18121369,NM_016239.4:c.2569C>T,NP_057323.3:p.Pro857Ser,0.163,1.011,['Unknown%20significance'],133.31,0.84,0.0,0.3,0.3
MYO15A,17,18121370,NM_016239.4:c.2570C>A,NP_057323.3:p.Pro857Gln,0.145,0.218,['Unknown%20significance'],133.31,0.84,0.0,0.3,0.3
MYO15A,17,18121370,NM_016239.4:c.2570C>T,NP_057323.3:p.Pro857Leu,0.142,0.247,['Unknown%20significance'],133.31,0.84,0.0,0.2,0.2
MYO15A,17,18121372,NM_016239.4:c.2572C>T,NP_057323.3:p.Arg858Trp,0.331,14.65,['Unknown%20significance'],237.68,0.88,0.0,-0.1,0.1
MYO15A,17,18121373,NM_016239.4:c.2573G>A,NP_057323.3:p.Arg858Gln,0.264,14.75,['Unknown%20significance'],237.68,0.88,0.0,0.0,0.0
MYO15A,17,18121373,NM_016239.4:c.2573G>T,NP_057323.3:p.Arg858Leu,0.215,14.04,['Unknown%20significance'],237.68,0.88,0.0,0.0,0.0
MYO15A,17,18121375,NM_016239.4:c.2575C>A,NP_057323.3:p.Arg859Ser,0.130,5.394,['Unknown%20significance'],240.59,0.89,0.0,0.0,0.0
MYO15A,17,18121375,NM_016239.4:c.2575C>G,NP_057323.3:p.Arg859Gly,0.113,6.671,['Unknown%20significance'],240.59,0.89,0.0,0.2,0.2
MYO15A,17,18121375,NM_016239.4:c.2575C>T,NP_057323.3:p.Arg859Cys,0.254,10.20,['Unknown%20significance'],240.59,0.89,0.0,0.1,0.1
MYO15A,17,18121376,NM_016239.4:c.2576G>A,NP_057323.3:p.Arg859His,0.102,5.050,['Unknown%20significance'],240.59,0.89,0.0,0.0,0.0
MYO15A,17,18121376,NM_016239.4:c.2576G>T,NP_057323.3:p.Arg859Leu,0.097,7.216,['Unknown%20significance'],240.59,0.89,0.0,0.1,0.1
MYO15A,17,18121378,NM_016239.4:c.2578A>G,NP_057323.3:p.Ser860Gly,0.216,0.063,['Unknown%20significance'],115.98,0.84,0.0,0.2,0.2
MYO15A,17,18121379,NM_016239.4:c.2579G>A,NP_057323.3:p.Ser860Asn,0.170,4.820,['Unknown%20significance'],115.98,0.84,0.0,0.0,0.0
MYO15A,17,18121379,NM_016239.4:c.2579G>C,NP_057323.3:p.Ser860Thr,0.165,4.003,['Unknown%20significance'],115.98,0.84,0.0,-0.0,0.0
MYO15A,17,18121379,NM_016239.4:c.2579G>T,NP_057323.3:p.Ser860Ile,0.142,6.603,['Unknown%20significance'],115.98,0.84,0.0,-0.1,0.1
MYO15A,17,18121380,NM_016239.4:c.2580C>A,NP_057323.3:p.Ser860Arg,0.168,0.166,['Unknown%20significance'],115.98,0.84,0.0,-0.1,0.1
MYO15A,17,18121382,NM_016239.4:c.2582C>A,NP_057323.3:p.Ser861Tyr,0.289,22.7,['Unknown%20significance'],101.38,0.73,0.0,-0.3,0.3
MYO15A,17,18121382,NM_016239.4:c.2582C>G,NP_057323.3:p.Ser861Cys,0.302,23.1,['Unknown%20significance'],101.38,0.73,0.0,0.2,0.2
MYO15A,17,18121382,NM_016239.4:c.2582C>T,NP_057323.3:p.Ser861Phe,0.266,20.8,['Unknown%20significance'],101.38,0.73,0.0,-0.1,0.1
MYO15A,17,18121384,NM_016239.4:c.2584C>A,NP_057323.3:p.Leu862Met,0.300,18.13,['Unknown%20significance'],188.48,0.97,0.0,0.0,0.0
MYO15A,17,18121385,NM_016239.4:c.2585T>A,NP_057323.3:p.Leu862Gln,0.348,23.5,['Unknown%20significance'],188.48,0.97,0.0,0.1,0.1
MYO15A,17,18121385,NM_016239.4:c.2585T>C,NP_057323.3:p.Leu862Pro,0.339,18.69,['Unknown%20significance'],188.48,0.97,0.0,0.1,0.1
MYO15A,17,18121387,NM_016239.4:c.2587A>G,NP_057323.3:p.Asn863Asp,0.092,13.45,['Unknown%20significance'],127.96,0.8,0.0,0.1,0.1
MYO15A,17,18121388,NM_016239.4:c.2588A>G,NP_057323.3:p.Asn863Ser,0.187,15.14,['Unknown%20significance'],127.96,0.8,0.0,-0.1,0.1
MYO15A,17,18121389,NM_016239.4:c.2589T>A,NP_057323.3:p.Asn863Lys,0.208,6.365,['Unknown%20significance'],127.96,0.8,0.0,0.1,0.1
MYO15A,17,18121390,NM_016239.4:c.2590C>A,NP_057323.3:p.Leu864Met,0.315,16.16,['Unknown%20significance'],135.8,0.7,0.0,0.1,0.1
MYO15A,17,18121391,NM_016239.4:c.2591T>C,NP_057323.3:p.Leu864Pro,0.342,22.6,['Unknown%20significance'],135.8,0.7,0.0,0.3,0.3
MYO15A,17,18121393,NM_016239.4:c.2593C>A,NP_057323.3:p.Pro865Thr,0.421,22.9,['Unknown%20significance'],138.78,0.88,0.0,0.2,0.2
MYO15A,17,18121393,NM_016239.4:c.2593C>G,NP_057323.3:p.Pro865Ala,0.366,22.7,['Unknown%20significance'],138.78,0.88,0.0,0.2,0.2
MYO15A,17,18121393,NM_016239.4:c.2593C>T,NP_057323.3:p.Pro865Ser,0.395,23.1,['Unknown%20significance'],138.78,0.88,0.0,0.2,0.2
MYO15A,17,18121394,NM_016239.4:c.2594C>A,NP_057323.3:p.Pro865His,0.452,22.7,['Unknown%20significance'],138.78,0.88,0.0,0.2,0.2
MYO15A,17,18121394,NM_016239.4:c.2594C>T,NP_057323.3:p.Pro865Leu,0.429,22.8,['Unknown%20significance'],138.78,0.88,0.0,0.1,0.1
MYO15A,17,18121396,NM_016239.4:c.2596T>C,NP_057323.3:p.Ser866Pro,0.233,17.79,['Unknown%20significance'],94.4,0.68,0.0,-0.0,0.0
MYO15A,17,18121397,NM_016239.4:c.2597C>G,NP_057323.3:p.Ser866Trp,0.342,22.8,['Unknown%20significance'],94.4,0.68,0.0,-0.2,0.2
MYO15A,17,18121397,NM_016239.4:c.2597C>T,NP_057323.3:p.Ser866Leu,0.247,18.77,['Unknown%20significance'],94.4,0.68,0.0,-0.1,0.1
MYO15A,17,18121399,NM_016239.4:c.2599C>A,NP_057323.3:p.Arg867Ser,0.140,16.12,['Unknown%20significance'],244.47,0.9,0.0,0.1,0.1
MYO15A,17,18121399,NM_016239.4:c.2599C>T,NP_057323.3:p.Arg867Cys,0.159,15.43,['Unknown%20significance'],244.47,0.9,0.0,0.2,0.2
MYO15A,17,18121400,NM_016239.4:c.2600G>A,NP_057323.3:p.Arg867His,0.234,7.186,['Unknown%20significance'],244.47,0.9,0.0,0.0,0.0
MYO15A,17,18121400,NM_016239.4:c.2600G>T,NP_057323.3:p.Arg867Leu,0.217,12.02,['Unknown%20significance'],244.47,0.9,0.0,0.1,0.1
MYO15A,17,18121402,NM_016239.4:c.2602C>A,NP_057323.3:p.Leu868Ile,0.320,5.278,['Unknown%20significance'],130.58,0.67,0.0,0.1,0.1
MYO15A,17,18121402,NM_016239.4:c.2602C>T,NP_057323.3:p.Leu868Phe,0.269,4.533,['Unknown%20significance'],130.58,0.67,0.0,-0.0,0.0
MYO15A,17,18121403,NM_016239.4:c.2603T>C,NP_057323.3:p.Leu868Pro,0.301,13.63,['Unknown%20significance'],130.58,0.67,0.0,0.0,0.0
MYO15A,17,18121405,NM_016239.4:c.2605C>A,NP_057323.3:p.Pro869Thr,0.407,19.73,['Unknown%20significance'],96.35,0.61,0.0,0.6,0.6
MYO15A,17,18121406,NM_016239.4:c.2606C>A,NP_057323.3:p.Pro869Gln,0.426,22.2,['Unknown%20significance'],96.35,0.61,0.0,0.5,0.5
MYO15A,17,18121406,NM_016239.4:c.2606C>T,NP_057323.3:p.Pro869Leu,0.316,17.68,['Unknown%20significance'],96.35,0.61,0.0,0.5,0.5
MYO15A,17,18121408,NM_016239.4:c.2608C>A,NP_057323.3:p.His870Asn,0.258,9.387,['Unknown%20significance'],156.42,0.76,0.0,0.2,0.2
MYO15A,17,18121408,NM_016239.4:c.2608C>T,NP_057323.3:p.His870Tyr,0.360,7.465,['Unknown%20significance'],156.42,0.76,0.0,-0.1,0.1
MYO15A,17,18121409,NM_016239.4:c.2609A>C,NP_057323.3:p.His870Pro,0.249,8.088,['Unknown%20significance'],156.42,0.76,0.0,-0.3,0.3
MYO15A,17,18121409,NM_016239.4:c.2609A>G,NP_057323.3:p.His870Arg,0.202,2.716,['Unknown%20significance'],156.42,0.76,0.0,0.0,0.0
MYO15A,17,18121410,NM_016239.4:c.2610C>A,NP_057323.3:p.His870Gln,0.181,6.138,['Unknown%20significance'],156.42,0.76,0.0,0.1,0.1
MYO15A,17,18121410,NM_016239.4:c.2610C>G,NP_057323.3:p.His870Gln,0.170,6.520,['Unknown%20significance'],156.42,0.76,0.0,0.1,0.1
MYO15A,17,18121411,NM_016239.4:c.2611A>T,NP_057323.3:p.Thr871Ser,0.092,5.725,['Unknown%20significance'],137.33,0.87,0.0,0.0,0.0
MYO15A,17,18121412,NM_016239.4:c.2612C>A,NP_057323.3:p.Thr871Lys,0.233,16.90,['Unknown%20significance'],137.33,0.87,0.0,0.2,0.2
MYO15A,17,18121412,NM_016239.4:c.2612C>G,NP_057323.3:p.Thr871Arg,0.279,17.37,['Unknown%20significance'],137.33,0.87,0.0,-0.0,0.0
MYO15A,17,18121412,NM_016239.4:c.2612C>T,NP_057323.3:p.Thr871Met,0.198,16.41,['Unknown%20significance'],137.33,0.87,0.0,-0.1,0.1
MYO15A,17,18121414,NM_016239.4:c.2614T>C,NP_057323.3:p.Trp872Arg,0.390,22.7,['Unknown%20significance'],181.87,0.69,0.0,0.4,0.4
MYO15A,17,18121415,NM_016239.4:c.2615G>C,NP_057323.3:p.Trp872Ser,0.434,23.9,['Unknown%20significance'],181.87,0.69,0.0,0.4,0.4
MYO15A,17,18121415,NM_016239.4:c.2615G>T,NP_057323.3:p.Trp872Leu,0.439,22.6,['Unknown%20significance'],181.87,0.69,0.0,0.4,0.4
MYO15A,17,18121416,NM_016239.4:c.2616G>T,NP_057323.3:p.Trp872Cys,0.594,24.7,['Unknown%20significance'],181.87,0.69,0.0,0.5,0.5
MYO15A,17,18121417,NM_016239.4:c.2617C>T,NP_057323.3:p.Arg873Trp,0.326,22.6,['Unknown%20significance'],225.68,0.83,0.0,-0.1,0.1
MYO15A,17,18121418,NM_016239.4:c.2618G>A,NP_057323.3:p.Arg873Gln,0.192,21.7,['Unknown%20significance'],225.68,0.83,0.0,0.0,0.0
MYO15A,17,18121418,NM_016239.4:c.2618G>C,NP_057323.3:p.Arg873Pro,0.252,18.06,['Unknown%20significance'],225.68,0.83,0.0,-0.2,0.2
MYO15A,17,18121418,NM_016239.4:c.2618G>T,NP_057323.3:p.Arg873Leu,0.179,21.5,['Unknown%20significance'],225.68,0.83,0.0,0.0,0.0
MYO15A,17,18121420,NM_016239.4:c.2620C>G,NP_057323.3:p.Arg874Gly,0.154,19.47,['Unknown%20significance'],237.02,0.87,0.0,0.2,0.2
MYO15A,17,18121420,NM_016239.4:c.2620C>T,NP_057323.3:p.Arg874Cys,0.266,23.2,['Unknown%20significance'],237.02,0.87,0.0,0.1,0.1
MYO15A,17,18121421,NM_016239.4:c.2621G>A,NP_057323.3:p.Arg874His,0.173,21.7,['Unknown%20significance'],237.02,0.87,0.0,0.0,0.0
MYO15A,17,18121421,NM_016239.4:c.2621G>T,NP_057323.3:p.Arg874Leu,0.168,21.7,['Unknown%20significance'],237.02,0.87,0.0,0.0,0.0
MYO15A,17,18121423,NM_016239.4:c.2623C>A,NP_057323.3:p.Leu875Ile,0.293,15.16,['Unknown%20significance'],171.9,0.89,0.0,0.0,0.0
MYO15A,17,18121423,NM_016239.4:c.2623C>T,NP_057323.3:p.Leu875Phe,0.357,16.34,['Unknown%20significance'],171.9,0.89,0.0,0.0,0.0
MYO15A,17,18121424,NM_016239.4:c.2624T>C,NP_057323.3:p.Leu875Pro,0.299,20.9,['Unknown%20significance'],171.9,0.89,0.0,-0.1,0.1
MYO15A,17,18121426,NM_016239.4:c.2626A>G,NP_057323.3:p.Ser876Gly,0.287,22.1,['Unknown%20significance'],125.77,0.91,0.0,0.2,0.2
MYO15A,17,18121426,NM_016239.4:c.2626A>T,NP_057323.3:p.Ser876Cys,0.348,23.7,['Unknown%20significance'],125.77,0.91,0.0,0.1,0.1
MYO15A,17,18121427,NM_016239.4:c.2627G>A,NP_057323.3:p.Ser876Asn,0.268,16.99,['Unknown%20significance'],125.77,0.91,0.0,0.1,0.1
MYO15A,17,18121427,NM_016239.4:c.2627G>T,NP_057323.3:p.Ser876Ile,0.340,22.3,['Unknown%20significance'],125.77,0.91,0.0,0.0,0.0
MYO15A,17,18121428,NM_016239.4:c.2628C>A,NP_057323.3:p.Ser876Arg,0.339,15.81,['Unknown%20significance'],125.77,0.91,0.0,-0.0,0.0
MYO15A,17,18121429,NM_016239.4:c.2629G>A,NP_057323.3:p.Glu877Lys,0.289,19.20,['Unknown%20significance'],165.61,0.84,0.0,0.0,0.0
MYO15A,17,18121429,NM_016239.4:c.2629G>C,NP_057323.3:p.Glu877Gln,0.313,23.2,['Unknown%20significance'],165.61,0.84,0.0,-0.1,0.1
MYO15A,17,18121431,NM_016239.4:c.2631G>C,NP_057323.3:p.Glu877Asp,0.326,19.86,['Unknown%20significance'],165.61,0.84,0.0,0.1,0.1
MYO15A,17,18121431,NM_016239.4:c.2631G>T,NP_057323.3:p.Glu877Asp,0.326,19.76,['Unknown%20significance'],165.61,0.84,0.0,0.1,0.1
MYO15A,17,18121432,NM_016239.4:c.2632C>A,NP_057323.3:p.Pro878Thr,0.394,22.4,['Unknown%20significance'],136.24,0.86,0.0,0.3,0.3
MYO15A,17,18121432,NM_016239.4:c.2632C>T,NP_057323.3:p.Pro878Ser,0.356,22.6,['Unknown%20significance'],136.24,0.86,0.0,0.3,0.3
MYO15A,17,18121433,NM_016239.4:c.2633C>A,NP_057323.3:p.Pro878Gln,0.326,15.71,['Unknown%20significance'],136.24,0.86,0.0,0.3,0.3
MYO15A,17,18121433,NM_016239.4:c.2633C>T,NP_057323.3:p.Pro878Leu,0.344,20.2,['Unknown%20significance'],136.24,0.86,0.0,0.3,0.3
MYO15A,17,18121435,NM_016239.4:c.2635C>T,NP_057323.3:p.Pro879Ser,0.366,22.5,['Unknown%20significance'],110.69,0.7,0.0,0.6,0.6
MYO15A,17,18121436,NM_016239.4:c.2636C>A,NP_057323.3:p.Pro879His,0.399,22.4,['Unknown%20significance'],110.69,0.7,0.0,0.5,0.5
MYO15A,17,18121436,NM_016239.4:c.2636C>G,NP_057323.3:p.Pro879Arg,0.419,22.4,['Unknown%20significance'],110.69,0.7,0.0,0.5,0.5
MYO15A,17,18121436,NM_016239.4:c.2636C>T,NP_057323.3:p.Pro879Leu,0.390,22.6,['Unknown%20significance'],110.69,0.7,0.0,0.5,0.5
MYO15A,17,18121438,NM_016239.4:c.2638A>G,NP_057323.3:p.Thr880Ala,0.180,15.98,['Unknown%20significance'],134.58,0.85,0.0,0.1,0.1
MYO15A,17,18121439,NM_016239.4:c.2639C>A,NP_057323.3:p.Thr880Asn,0.209,13.03,['Unknown%20significance'],134.58,0.85,0.0,0.1,0.1
MYO15A,17,18121439,NM_016239.4:c.2639C>T,NP_057323.3:p.Thr880Ile,0.119,13.81,['Unknown%20significance'],134.58,0.85,0.0,0.0,0.0
MYO15A,17,18121441,NM_016239.4:c.2641C>G,NP_057323.3:p.Arg881Gly,0.160,6.102,['Unknown%20significance'],246.37,0.91,0.0,0.2,0.2
MYO15A,17,18121441,NM_016239.4:c.2641C>T,NP_057323.3:p.Arg881Trp,0.388,15.61,['Unknown%20significance'],246.37,0.91,0.0,-0.0,0.0
MYO15A,17,18121442,NM_016239.4:c.2642G>A,NP_057323.3:p.Arg881Gln,0.202,21.1,['Unknown%20significance'],246.37,0.91,0.0,0.0,0.0
MYO15A,17,18121442,NM_016239.4:c.2642G>C,NP_057323.3:p.Arg881Pro,0.274,21.9,['Unknown%20significance'],246.37,0.91,0.0,-0.0,0.0
MYO15A,17,18121442,NM_016239.4:c.2642G>T,NP_057323.3:p.Arg881Leu,0.232,20.9,['Unknown%20significance'],246.37,0.91,0.0,0.0,0.0
MYO15A,17,18121444,NM_016239.4:c.2644G>A,NP_057323.3:p.Ala882Thr,0.388,23.4,['Unknown%20significance'],89.13,0.7,0.0,-0.0,0.0
MYO15A,17,18121444,NM_016239.4:c.2644G>T,NP_057323.3:p.Ala882Ser,0.359,23.0,['Unknown%20significance'],89.13,0.7,0.0,0.0,0.0
MYO15A,17,18121445,NM_016239.4:c.2645C>A,NP_057323.3:p.Ala882Asp,0.477,23.1,['Unknown%20significance'],89.13,0.7,0.0,0.2,0.2
MYO15A,17,18121445,NM_016239.4:c.2645C>T,NP_057323.3:p.Ala882Val,0.328,20.5,['Unknown%20significance'],89.13,0.7,0.0,-0.1,0.1
MYO15A,17,18121447,NM_016239.4:c.2647G>A,NP_057323.3:p.Val883Met,0.381,23.6,['Unknown%20significance'],162.1,0.94,0.0,0.0,0.0
MYO15A,17,18121447,NM_016239.4:c.2647G>T,NP_057323.3:p.Val883Leu,0.256,21.9,['Unknown%20significance'],162.1,0.94,0.0,0.0,0.0
MYO15A,17,18121448,NM_016239.4:c.2648T>A,NP_057323.3:p.Val883Glu,0.367,22.0,['Unknown%20significance'],162.1,0.94,0.0,0.1,0.1
MYO15A,17,18121448,NM_016239.4:c.2648T>C,NP_057323.3:p.Val883Ala,0.215,20.9,['Unknown%20significance'],162.1,0.94,0.0,0.1,0.1
MYO15A,17,18121450,NM_016239.4:c.2650A>C,NP_057323.3:p.Lys884Gln,0.308,19.12,['Unknown%20significance'],214.95,0.9,0.0,-0.1,0.1
MYO15A,17,18121450,NM_016239.4:c.2650A>G,NP_057323.3:p.Lys884Glu,0.334,20.4,['Unknown%20significance'],214.95,0.9,0.0,-0.0,0.0
MYO15A,17,18121451,NM_016239.4:c.2651A>C,NP_057323.3:p.Lys884Thr,0.360,20.9,['Unknown%20significance'],214.95,0.9,0.0,-0.1,0.1
MYO15A,17,18121451,NM_016239.4:c.2651A>G,NP_057323.3:p.Lys884Arg,0.329,16.55,['Unknown%20significance'],214.95,0.9,0.0,-0.1,0.1
MYO15A,17,18121451,NM_016239.4:c.2651A>T,NP_057323.3:p.Lys884Met,0.457,22.0,['Unknown%20significance'],214.95,0.9,0.0,-0.1,0.1
MYO15A,17,18121452,NM_016239.4:c.2652G>T,NP_057323.3:p.Lys884Asn,0.323,20.7,['Unknown%20significance'],214.95,0.9,0.0,-0.0,0.0
MYO15A,17,18121453,NM_016239.4:c.2653C>A,NP_057323.3:p.Pro885Thr,0.445,21.5,['Unknown%20significance'],113.77,0.72,0.0,0.4,0.4
MYO15A,17,18121453,NM_016239.4:c.2653C>T,NP_057323.3:p.Pro885Ser,0.428,22.0,['Unknown%20significance'],113.77,0.72,0.0,0.5,0.5
MYO15A,17,18121454,NM_016239.4:c.2654C>A,NP_057323.3:p.Pro885Gln,0.430,22.9,['Unknown%20significance'],113.77,0.72,0.0,0.5,0.5
MYO15A,17,18121454,NM_016239.4:c.2654C>G,NP_057323.3:p.Pro885Arg,0.453,23.0,['Unknown%20significance'],113.77,0.72,0.0,0.4,0.4
MYO15A,17,18121454,NM_016239.4:c.2654C>T,NP_057323.3:p.Pro885Leu,0.348,20.3,['Unknown%20significance'],113.77,0.72,0.0,0.3,0.3
MYO15A,17,18121456,NM_016239.4:c.2656C>A,NP_057323.3:p.Gln886Lys,0.136,1.488,['Unknown%20significance'],172.71,0.87,0.0,0.2,0.2
MYO15A,17,18121457,NM_016239.4:c.2657A>G,NP_057323.3:p.Gln886Arg,0.106,1.336,['Unknown%20significance'],172.71,0.87,0.0,-0.0,0.0
MYO15A,17,18121457,NM_016239.4:c.2657A>T,NP_057323.3:p.Gln886Leu,0.121,3.171,['Unknown%20significance'],172.71,0.87,0.0,-0.0,0.0
MYO15A,17,18121459,NM_016239.4:c.2659G>A,NP_057323.3:p.Val887Met,0.096,6.946,['Unknown%20significance'],120.28,0.69,0.0,0.1,0.1
MYO15A,17,18121459,NM_016239.4:c.2659G>T,NP_057323.3:p.Val887Leu,0.169,5.304,['Unknown%20significance'],120.28,0.69,0.0,0.1,0.1
MYO15A,17,18121460,NM_016239.4:c.2660T>C,NP_057323.3:p.Val887Ala,0.076,11.08,['Unknown%20significance'],120.28,0.69,0.0,0.4,0.4
MYO15A,17,18121462,NM_016239.4:c.2662C>A,NP_057323.3:p.Arg888Ser,0.167,13.33,['Unknown%20significance'],213.8,0.79,0.0,0.1,0.1
MYO15A,17,18121462,NM_016239.4:c.2662C>T,NP_057323.3:p.Arg888Cys,0.115,19.12,['Unknown%20significance'],213.8,0.79,0.0,0.2,0.2
MYO15A,17,18121463,NM_016239.4:c.2663G>A,NP_057323.3:p.Arg888His,0.181,4.684,['Unknown%20significance'],213.8,0.79,0.0,-0.0,0.0
MYO15A,17,18121463,NM_016239.4:c.2663G>C,NP_057323.3:p.Arg888Pro,0.201,12.00,['Unknown%20significance'],213.8,0.79,0.0,-0.2,0.2
MYO15A,17,18121463,NM_016239.4:c.2663G>T,NP_057323.3:p.Arg888Leu,0.091,5.541,['Unknown%20significance'],213.8,0.79,0.0,-0.0,0.0
MYO15A,17,18121466,NM_016239.4:c.2666T>C,NP_057323.3:p.Leu889Pro,0.172,5.678,['Unknown%20significance'],165.47,0.85,0.0,-0.0,0.0
MYO15A,17,18121468,NM_016239.4:c.2668C>A,NP_057323.3:p.Pro890Thr,0.094,9.072,['Unknown%20significance'],93.95,0.59,0.0,0.4,0.4
MYO15A,17,18121468,NM_016239.4:c.2668C>T,NP_057323.3:p.Pro890Ser,0.110,4.383,['Unknown%20significance'],93.95,0.59,0.0,0.4,0.4
MYO15A,17,18121469,NM_016239.4:c.2669C>T,NP_057323.3:p.Pro890Leu,0.201,17.62,['Unknown%20significance'],93.95,0.59,0.0,0.4,0.4
MYO15A,17,18121471,NM_016239.4:c.2671T>A,NP_057323.3:p.Phe891Ile,0.251,19.76,['Unknown%20significance'],205.79,0.89,0.0,0.0,0.0
MYO15A,17,18121471,NM_016239.4:c.2671T>C,NP_057323.3:p.Phe891Leu,0.218,16.09,['Unknown%20significance'],205.79,0.89,0.0,0.0,0.0
MYO15A,17,18121473,NM_016239.4:c.2673C>A,NP_057323.3:p.Phe891Leu,0.254,10.69,['Unknown%20significance'],205.79,0.89,0.0,0.0,0.0
MYO15A,17,18121474,NM_016239.4:c.2674C>A,NP_057323.3:p.His892Asn,0.200,8.705,['Unknown%20significance'],202.18,0.98,0.0,0.1,0.1
MYO15A,17,18121474,NM_016239.4:c.2674C>T,NP_057323.3:p.His892Tyr,0.233,8.603,['Unknown%20significance'],202.18,0.98,0.0,-0.0,0.0
MYO15A,17,18121475,NM_016239.4:c.2675A>C,NP_057323.3:p.His892Pro,0.207,0.701,['Unknown%20significance'],202.18,0.98,0.0,-0.0,0.0
MYO15A,17,18121477,NM_016239.4:c.2677C>G,NP_057323.3:p.Arg893Gly,0.097,3.565,['Unknown%20significance'],254.28,0.94,0.0,0.1,0.1
MYO15A,17,18121478,NM_016239.4:c.2678G>A,NP_057323.3:p.Arg893Gln,0.100,0.027,['Unknown%20significance'],254.28,0.94,0.0,0.0,0.0
MYO15A,17,18121478,NM_016239.4:c.2678G>C,NP_057323.3:p.Arg893Pro,0.174,0.065,['Unknown%20significance'],254.28,0.94,0.0,-0.0,0.0
MYO15A,17,18121478,NM_016239.4:c.2678G>T,NP_057323.3:p.Arg893Leu,0.147,0.032,['Unknown%20significance'],254.28,0.94,0.0,-0.0,0.0
MYO15A,17,18121480,NM_016239.4:c.2680C>A,NP_057323.3:p.Pro894Thr,0.120,13.08,['Unknown%20significance'],82.46,0.52,0.0,0.3,0.3
MYO15A,17,18121480,NM_016239.4:c.2680C>T,NP_057323.3:p.Pro894Ser,0.139,7.691,['Benign'],82.46,0.52,0.0,0.4,0.4
MYO15A,17,18121481,NM_016239.4:c.2681C>A,NP_057323.3:p.Pro894Gln,0.259,15.58,['Unknown%20significance'],82.46,0.52,0.0,0.4,0.4
MYO15A,17,18121481,NM_016239.4:c.2681C>T,NP_057323.3:p.Pro894Leu,0.137,15.53,['Unknown%20significance'],82.46,0.52,0.0,0.4,0.4
MYO15A,17,18121483,NM_016239.4:c.2683C>A,NP_057323.3:p.Pro895Thr,0.119,1.996,['Unknown%20significance'],152.69,0.97,0.0,0.1,0.1
MYO15A,17,18121484,NM_016239.4:c.2684C>A,NP_057323.3:p.Pro895His,0.112,3.940,['Unknown%20significance'],152.69,0.97,0.0,0.1,0.1
MYO15A,17,18121486,NM_016239.4:c.2686A>G,NP_057323.3:p.Arg896Gly,0.189,0.819,['Unknown%20significance'],234.38,0.86,0.0,0.2,0.2
MYO15A,17,18121487,NM_016239.4:c.2687G>A,NP_057323.3:p.Arg896Lys,0.139,8.205,['Unknown%20significance'],234.38,0.86,0.0,0.2,0.2
MYO15A,17,18121487,NM_016239.4:c.2687G>T,NP_057323.3:p.Arg896Met,0.118,14.79,['Unknown%20significance'],234.38,0.86,0.0,-0.0,0.0
MYO15A,17,18121489,NM_016239.4:c.2689G>A,NP_057323.3:p.Ala897Thr,0.192,0.019,['Unknown%20significance'],108.52,0.85,0.0,-0.0,0.0
MYO15A,17,18121489,NM_016239.4:c.2689G>T,NP_057323.3:p.Ala897Ser,0.150,0.003,['Unknown%20significance'],108.52,0.85,0.0,-0.0,0.0
MYO15A,17,18121490,NM_016239.4:c.2690C>A,NP_057323.3:p.Ala897Asp,0.182,7.691,['Unknown%20significance'],108.52,0.85,0.0,0.1,0.1
MYO15A,17,18121490,NM_016239.4:c.2690C>T,NP_057323.3:p.Ala897Val,0.200,9.015,['Unknown%20significance'],108.52,0.85,0.0,-0.0,0.0
MYO15A,17,18121492,NM_016239.4:c.2692G>A,NP_057323.3:p.Gly898Arg,0.177,5.526,['Unknown%20significance'],63.63,0.66,0.0,-0.2,0.2
MYO15A,17,18121492,NM_016239.4:c.2692G>C,NP_057323.3:p.Gly898Arg,0.171,5.116,['Unknown%20significance'],63.63,0.66,0.0,-0.2,0.2
MYO15A,17,18121492,NM_016239.4:c.2692G>T,NP_057323.3:p.Gly898Trp,0.094,12.07,['Unknown%20significance'],63.63,0.66,0.0,-0.4,0.4
MYO15A,17,18121493,NM_016239.4:c.2693G>A,NP_057323.3:p.Gly898Glu,0.093,7.381,['Unknown%20significance'],63.63,0.66,0.0,-0.0,0.0
MYO15A,17,18121493,NM_016239.4:c.2693G>T,NP_057323.3:p.Gly898Val,0.104,12.80,['Unknown%20significance'],63.63,0.66,0.0,-0.3,0.3
MYO15A,17,18121495,NM_016239.4:c.2695G>A,NP_057323.3:p.Ala899Thr,0.170,0.035,['Unknown%20significance'],100.72,0.79,0.0,-0.1,0.1
MYO15A,17,18121495,NM_016239.4:c.2695G>T,NP_057323.3:p.Ala899Ser,0.220,0.002,['Unknown%20significance'],100.72,0.79,0.0,-0.0,0.0
MYO15A,17,18121496,NM_016239.4:c.2696C>A,NP_057323.3:p.Ala899Asp,0.181,11.70,['Unknown%20significance'],100.72,0.79,0.0,0.2,0.2
MYO15A,17,18121498,NM_016239.4:c.2698T>C,NP_057323.3:p.Trp900Arg,0.115,16.05,['Unknown%20significance'],245.3,0.93,0.0,0.1,0.1
MYO15A,17,18121500,NM_016239.4:c.2700G>T,NP_057323.3:p.Trp900Cys,0.224,21.5,['Unknown%20significance'],245.3,0.93,0.0,0.2,0.2
MYO15A,17,18121501,NM_016239.4:c.2701C>T,NP_057323.3:p.Arg901Trp,0.087,15.12,['Unknown%20significance'],238.41,0.88,0.0,-0.1,0.1
MYO15A,17,18121502,NM_016239.4:c.2702G>A,NP_057323.3:p.Arg901Gln,0.202,1.768,['Unknown%20significance'],238.41,0.88,0.0,0.0,0.0
MYO15A,17,18121502,NM_016239.4:c.2702G>C,NP_057323.3:p.Arg901Pro,0.152,4.127,['Unknown%20significance'],238.41,0.88,0.0,-0.0,0.0
MYO15A,17,18121502,NM_016239.4:c.2702G>T,NP_057323.3:p.Arg901Leu,0.109,3.264,['Unknown%20significance'],238.41,0.88,0.0,0.0,0.0
MYO15A,17,18121504,NM_016239.4:c.2704G>A,NP_057323.3:p.Ala902Thr,0.154,13.40,['Unknown%20significance'],106.16,0.83,0.0,-0.0,0.0
MYO15A,17,18121505,NM_016239.4:c.2705C>A,NP_057323.3:p.Ala902Glu,0.087,10.06,['Unknown%20significance'],106.16,0.83,0.0,0.1,0.1
MYO15A,17,18121505,NM_016239.4:c.2705C>G,NP_057323.3:p.Ala902Gly,0.137,4.510,['Unknown%20significance'],106.16,0.83,0.0,0.1,0.1
MYO15A,17,18121505,NM_016239.4:c.2705C>T,NP_057323.3:p.Ala902Val,0.087,5.316,['Likely%20benign'],106.16,0.83,0.0,-0.1,0.1
MYO15A,17,18121507,NM_016239.4:c.2707C>T,NP_057323.3:p.Pro903Ser,0.085,0.074,['Unknown%20significance'],101.83,0.64,0.0,0.2,0.2
MYO15A,17,18121508,NM_016239.4:c.2708C>A,NP_057323.3:p.Pro903His,0.295,12.78,['Unknown%20significance'],101.83,0.64,0.0,0.1,0.1
MYO15A,17,18121510,NM_016239.4:c.2710C>A,NP_057323.3:p.Leu904Met,0.195,1.412,['Unknown%20significance'],177.5,0.92,0.0,-0.0,0.0
MYO15A,17,18121511,NM_016239.4:c.2711T>A,NP_057323.3:p.Leu904Gln,0.174,3.458,['Unknown%20significance'],177.5,0.92,0.0,0.1,0.1
MYO15A,17,18121511,NM_016239.4:c.2711T>G,NP_057323.3:p.Leu904Arg,0.205,3.402,['Unknown%20significance'],177.5,0.92,0.0,0.0,0.0
MYO15A,17,18121514,NM_016239.4:c.2714A>T,NP_057323.3:p.Glu905Val,0.172,13.37,['Unknown%20significance'],149.96,0.76,0.0,-0.2,0.2
MYO15A,17,18121516,NM_016239.4:c.2716C>A,NP_057323.3:p.His906Asn,0.182,3.432,['Unknown%20significance'],177.54,0.86,0.0,0.1,0.1
MYO15A,17,18121516,NM_016239.4:c.2716C>T,NP_057323.3:p.His906Tyr,0.167,5.486,['Unknown%20significance'],177.54,0.86,0.0,-0.1,0.1
MYO15A,17,18121518,NM_016239.4:c.2718C>G,NP_057323.3:p.His906Gln,0.187,1.310,['Unknown%20significance'],177.54,0.86,0.0,0.1,0.1
MYO15A,17,18121519,NM_016239.4:c.2719C>G,NP_057323.3:p.Arg907Gly,0.127,5.805,['Unknown%20significance'],221.24,0.82,0.0,0.4,0.4
MYO15A,17,18121519,NM_016239.4:c.2719C>T,NP_057323.3:p.Arg907Trp,0.220,15.42,['Unknown%20significance'],221.24,0.82,0.0,-0.0,0.0
MYO15A,17,18121520,NM_016239.4:c.2720G>A,NP_057323.3:p.Arg907Gln,0.105,0.365,['Unknown%20significance'],221.24,0.82,0.0,0.1,0.1
MYO15A,17,18121520,NM_016239.4:c.2720G>T,NP_057323.3:p.Arg907Leu,0.134,3.057,['Unknown%20significance'],221.24,0.82,0.0,0.1,0.1
MYO15A,17,18121522,NM_016239.4:c.2722G>A,NP_057323.3:p.Glu908Lys,0.156,17.35,['Unknown%20significance'],152.89,0.78,0.0,0.1,0.1
MYO15A,17,18121524,NM_016239.4:c.2724G>T,NP_057323.3:p.Glu908Asp,0.256,3.172,['Unknown%20significance'],152.89,0.78,0.0,0.1,0.1
MYO15A,17,18121526,NM_016239.4:c.2726G>T,NP_057323.3:p.Ser909Ile,0.159,13.27,['Unknown%20significance'],109.38,0.79,0.0,-0.0,0.0
MYO15A,17,18121527,NM_016239.4:c.2727C>A,NP_057323.3:p.Ser909Arg,0.104,7.977,['Unknown%20significance'],109.38,0.79,0.0,-0.1,0.1
MYO15A,17,18121528,NM_016239.4:c.2728C>A,NP_057323.3:p.Pro910Thr,0.174,11.07,['Unknown%20significance'],128.97,0.81,0.0,0.3,0.3
MYO15A,17,18121529,NM_016239.4:c.2729C>A,NP_057323.3:p.Pro910Gln,0.137,0.266,['Likely%20benign'],128.97,0.81,0.0,0.3,0.3
MYO15A,17,18121529,NM_016239.4:c.2729C>T,NP_057323.3:p.Pro910Leu,0.187,4.949,['Unknown%20significance'],128.97,0.81,0.0,0.3,0.3
MYO15A,17,18121532,NM_016239.4:c.2732G>A,NP_057323.3:p.Arg911Gln,0.098,1.911,['Unknown%20significance'],254.35,0.94,0.0,0.0,0.0
MYO15A,17,18121532,NM_016239.4:c.2732G>T,NP_057323.3:p.Arg911Leu,0.069,8.446,['Unknown%20significance'],254.35,0.94,0.0,0.0,0.0
MYO15A,17,18121534,NM_016239.4:c.2734G>A,NP_057323.3:p.Glu912Lys,0.166,18.45,['Unknown%20significance'],179.11,0.91,0.0,0.0,0.0
MYO15A,17,18121535,NM_016239.4:c.2735A>T,NP_057323.3:p.Glu912Val,0.265,17.18,['Unknown%20significance'],179.11,0.91,0.0,-0.1,0.1
MYO15A,17,18121537,NM_016239.4:c.2737C>A,NP_057323.3:p.Pro913Thr,0.180,4.711,['Unknown%20significance'],125.82,0.79,0.0,0.4,0.4
MYO15A,17,18121537,NM_016239.4:c.2737C>T,NP_057323.3:p.Pro913Ser,0.193,0.488,['Unknown%20significance'],125.82,0.79,0.0,0.5,0.5
MYO15A,17,18121538,NM_016239.4:c.2738C>A,NP_057323.3:p.Pro913His,0.118,14.61,['Unknown%20significance'],125.82,0.79,0.0,0.4,0.4
MYO15A,17,18121538,NM_016239.4:c.2738C>T,NP_057323.3:p.Pro913Leu,0.113,10.40,['Unknown%20significance'],125.82,0.79,0.0,0.4,0.4
MYO15A,17,18121540,NM_016239.4:c.2740G>A,NP_057323.3:p.Glu914Lys,0.320,10.25,['Unknown%20significance'],187.28,0.95,0.0,0.0,0.0
MYO15A,17,18121541,NM_016239.4:c.2741A>C,NP_057323.3:p.Glu914Ala,0.242,16.60,['Unknown%20significance'],187.28,0.95,0.0,-0.0,0.0
MYO15A,17,18121541,NM_016239.4:c.2741A>T,NP_057323.3:p.Glu914Val,0.276,18.54,['Unknown%20significance'],187.28,0.95,0.0,-0.1,0.1
MYO15A,17,18121542,NM_016239.4:c.2742G>C,NP_057323.3:p.Glu914Asp,0.214,11.90,['Unknown%20significance'],187.28,0.95,0.0,0.0,0.0
MYO15A,17,18121542,NM_016239.4:c.2742G>T,NP_057323.3:p.Glu914Asp,0.214,11.76,['Unknown%20significance'],187.28,0.95,0.0,0.0,0.0
MYO15A,17,18121543,NM_016239.4:c.2743G>A,NP_057323.3:p.Asp915Asn,0.169,17.35,['Unknown%20significance'],119.1,0.74,0.0,-0.1,0.1
MYO15A,17,18121543,NM_016239.4:c.2743G>T,NP_057323.3:p.Asp915Tyr,0.221,21.7,['Unknown%20significance'],119.1,0.74,0.0,-0.4,0.4
MYO15A,17,18121545,NM_016239.4:c.2745C>A,NP_057323.3:p.Asp915Glu,0.106,11.98,['Unknown%20significance'],119.1,0.74,0.0,-0.0,0.0
MYO15A,17,18121546,NM_016239.4:c.2746T>C,NP_057323.3:p.Ser916Pro,0.300,15.09,['Unknown%20significance'],115.37,0.83,0.0,-0.1,0.1
MYO15A,17,18121547,NM_016239.4:c.2747C>T,NP_057323.3:p.Ser916Leu,0.131,17.33,['Unknown%20significance'],115.37,0.83,0.0,0.0,0.0
MYO15A,17,18121549,NM_016239.4:c.2749G>A,NP_057323.3:p.Glu917Lys,0.172,17.29,['Unknown%20significance'],168.94,0.86,0.0,0.0,0.0
MYO15A,17,18121550,NM_016239.4:c.2750A>T,NP_057323.3:p.Glu917Val,0.147,19.49,['Unknown%20significance'],168.94,0.86,0.0,-0.1,0.1
MYO15A,17,18121551,NM_016239.4:c.2751G>C,NP_057323.3:p.Glu917Asp,0.160,0.172,['Unknown%20significance'],168.94,0.86,0.0,0.0,0.0
MYO15A,17,18121551,NM_016239.4:c.2751G>T,NP_057323.3:p.Glu917Asp,0.160,0.163,['Unknown%20significance'],168.94,0.86,0.0,0.0,0.0
MYO15A,17,18121552,NM_016239.4:c.2752A>T,NP_057323.3:p.Thr918Ser,0.178,4.029,['Unknown%20significance'],117.88,0.74,0.0,0.1,0.1
MYO15A,17,18121553,NM_016239.4:c.2753C>A,NP_057323.3:p.Thr918Lys,0.204,2.516,['Unknown%20significance'],117.88,0.74,0.0,0.2,0.2
MYO15A,17,18121553,NM_016239.4:c.2753C>T,NP_057323.3:p.Thr918Met,0.255,3.040,['Unknown%20significance'],117.88,0.74,0.0,-0.0,0.0
MYO15A,17,18121555,NM_016239.4:c.2755C>A,NP_057323.3:p.Pro919Thr,0.269,15.55,['Unknown%20significance'],103.91,0.66,0.0,0.4,0.4
MYO15A,17,18121555,NM_016239.4:c.2755C>T,NP_057323.3:p.Pro919Ser,0.255,16.21,['Unknown%20significance'],103.91,0.66,0.0,0.4,0.4
MYO15A,17,18121556,NM_016239.4:c.2756C>A,NP_057323.3:p.Pro919His,0.241,15.50,['Unknown%20significance'],103.91,0.66,0.0,0.3,0.3
MYO15A,17,18121556,NM_016239.4:c.2756C>T,NP_057323.3:p.Pro919Leu,0.117,4.790,['Unknown%20significance'],103.91,0.66,0.0,0.4,0.4
MYO15A,17,18121558,NM_016239.4:c.2758T>C,NP_057323.3:p.Trp920Arg,0.379,21.9,['Unknown%20significance'],210.98,0.8,0.0,0.2,0.2
MYO15A,17,18121558,NM_016239.4:c.2758T>G,NP_057323.3:p.Trp920Gly,0.456,23.7,['Unknown%20significance'],210.98,0.8,0.0,0.5,0.5
MYO15A,17,18121559,NM_016239.4:c.2759G>T,NP_057323.3:p.Trp920Leu,0.458,22.5,['Unknown%20significance'],210.98,0.8,0.0,0.2,0.2
MYO15A,17,18121561,NM_016239.4:c.2761A>T,NP_057323.3:p.Thr921Ser,0.200,10.67,['Unknown%20significance'],130.6,0.83,0.0,0.1,0.1
MYO15A,17,18121562,NM_016239.4:c.2762C>A,NP_057323.3:p.Thr921Asn,0.162,3.975,['Unknown%20significance'],130.6,0.83,0.0,0.1,0.1
MYO15A,17,18121564,NM_016239.4:c.2764G>A,NP_057323.3:p.Val922Met,0.102,17.18,['Unknown%20significance'],128.61,0.74,0.0,0.0,0.0
MYO15A,17,18121564,NM_016239.4:c.2764G>C,NP_057323.3:p.Val922Leu,0.086,13.18,['Unknown%20significance'],128.61,0.74,0.0,0.1,0.1
MYO15A,17,18121565,NM_016239.4:c.2765T>A,NP_057323.3:p.Val922Glu,0.293,17.12,['Unknown%20significance'],128.61,0.74,0.0,0.4,0.4
MYO15A,17,18121565,NM_016239.4:c.2765T>C,NP_057323.3:p.Val922Ala,0.148,15.37,['Unknown%20significance'],128.61,0.74,0.0,0.2,0.2
MYO15A,17,18121565,NM_016239.4:c.2765T>G,NP_057323.3:p.Val922Gly,0.256,20.2,['Unknown%20significance'],128.61,0.74,0.0,0.4,0.4
MYO15A,17,18121567,NM_016239.4:c.2767C>A,NP_057323.3:p.Pro923Thr,0.113,14.59,['Unknown%20significance'],124.28,0.79,0.0,0.4,0.4
MYO15A,17,18121567,NM_016239.4:c.2767C>T,NP_057323.3:p.Pro923Ser,0.113,10.05,['Unknown%20significance'],124.28,0.79,0.0,0.5,0.5
MYO15A,17,18121568,NM_016239.4:c.2768C>A,NP_057323.3:p.Pro923His,0.212,20.5,['Unknown%20significance'],124.28,0.79,0.0,0.4,0.4
MYO15A,17,18121570,NM_016239.4:c.2770C>A,NP_057323.3:p.Pro924Thr,0.089,16.60,['Unknown%20significance'],100.01,0.63,0.0,0.5,0.5
MYO15A,17,18121570,NM_016239.4:c.2770C>G,NP_057323.3:p.Pro924Ala,0.112,16.00,['Unknown%20significance'],100.01,0.63,0.0,0.5,0.5
MYO15A,17,18121570,NM_016239.4:c.2770C>T,NP_057323.3:p.Pro924Ser,0.110,13.95,['Unknown%20significance'],100.01,0.63,0.0,0.6,0.6
MYO15A,17,18121571,NM_016239.4:c.2771C>A,NP_057323.3:p.Pro924Gln,0.237,0.834,['Unknown%20significance'],100.01,0.63,0.0,0.5,0.5
MYO15A,17,18121571,NM_016239.4:c.2771C>G,NP_057323.3:p.Pro924Arg,0.165,5.538,['Unknown%20significance'],100.01,0.63,0.0,0.5,0.5
MYO15A,17,18121571,NM_016239.4:c.2771C>T,NP_057323.3:p.Pro924Leu,0.210,6.583,['Unknown%20significance'],100.01,0.63,0.0,0.4,0.4
MYO15A,17,18121573,NM_016239.4:c.2773C>A,NP_057323.3:p.Leu925Met,0.152,13.84,['Unknown%20significance'],167.01,0.86,0.0,0.0,0.0
MYO15A,17,18121574,NM_016239.4:c.2774T>A,NP_057323.3:p.Leu925Gln,0.334,23.0,['Unknown%20significance'],167.01,0.86,0.0,0.1,0.1
MYO15A,17,18121574,NM_016239.4:c.2774T>C,NP_057323.3:p.Leu925Pro,0.304,21.2,['Unknown%20significance'],167.01,0.86,0.0,-0.0,0.0
MYO15A,17,18121576,NM_016239.4:c.2776G>A,NP_057323.3:p.Ala926Thr,0.298,11.77,['Unknown%20significance'],105.36,0.82,0.0,-0.0,0.0
MYO15A,17,18121576,NM_016239.4:c.2776G>T,NP_057323.3:p.Ala926Ser,0.266,9.491,['Unknown%20significance'],105.36,0.82,0.0,-0.0,0.0
MYO15A,17,18121577,NM_016239.4:c.2777C>A,NP_057323.3:p.Ala926Asp,0.244,15.84,['Unknown%20significance'],105.36,0.82,0.0,0.2,0.2
MYO15A,17,18121579,NM_016239.4:c.2779C>A,NP_057323.3:p.Pro927Thr,0.135,16.33,['Unknown%20significance'],120.53,0.76,0.0,0.4,0.4
MYO15A,17,18121580,NM_016239.4:c.2780C>A,NP_057323.3:p.Pro927His,0.142,18.84,['Unknown%20significance'],120.53,0.76,0.0,0.4,0.4
MYO15A,17,18121580,NM_016239.4:c.2780C>G,NP_057323.3:p.Pro927Arg,0.187,19.50,['Unknown%20significance'],120.53,0.76,0.0,0.4,0.4
MYO15A,17,18121580,NM_016239.4:c.2780C>T,NP_057323.3:p.Pro927Leu,0.173,19.86,['Unknown%20significance'],120.53,0.76,0.0,0.4,0.4
MYO15A,17,18121582,NM_016239.4:c.2782A>G,NP_057323.3:p.Ser928Gly,0.211,14.56,['Unknown%20significance'],84.35,0.61,0.0,0.4,0.4
MYO15A,17,18121583,NM_016239.4:c.2783G>A,NP_057323.3:p.Ser928Asn,0.305,4.410,['Unknown%20significance'],84.35,0.61,0.0,0.2,0.2
MYO15A,17,18121583,NM_016239.4:c.2783G>T,NP_057323.3:p.Ser928Ile,0.296,6.471,['Unknown%20significance'],84.35,0.61,0.0,0.1,0.1
MYO15A,17,18121584,NM_016239.4:c.2784C>A,NP_057323.3:p.Ser928Arg,0.243,14.88,['Unknown%20significance'],84.35,0.61,0.0,-0.0,0.0
MYO15A,17,18121585,NM_016239.4:c.2785T>C,NP_057323.3:p.Trp929Arg,0.479,23.6,['Unknown%20significance'],225.38,0.85,0.0,0.2,0.2
MYO15A,17,18121585,NM_016239.4:c.2785T>G,NP_057323.3:p.Trp929Gly,0.630,25.5,['Unknown%20significance'],225.38,0.85,0.0,0.4,0.4
MYO15A,17,18121586,NM_016239.4:c.2786G>T,NP_057323.3:p.Trp929Leu,0.480,23.5,['Unknown%20significance'],225.38,0.85,0.0,0.2,0.2
MYO15A,17,18121587,NM_016239.4:c.2787G>T,NP_057323.3:p.Trp929Cys,0.620,25.1,['Unknown%20significance'],225.38,0.85,0.0,0.3,0.3
MYO15A,17,18121588,NM_016239.4:c.2788G>A,NP_057323.3:p.Asp930Asn,0.308,22.6,['Unknown%20significance'],144.41,0.9,0.0,-0.0,0.0
MYO15A,17,18121588,NM_016239.4:c.2788G>T,NP_057323.3:p.Asp930Tyr,0.567,24.2,['Unknown%20significance'],144.41,0.9,0.0,-0.2,0.2
MYO15A,17,18121589,NM_016239.4:c.2789A>C,NP_057323.3:p.Asp930Ala,0.384,22.8,['Unknown%20significance'],144.41,0.9,0.0,-0.1,0.1
MYO15A,17,18121589,NM_016239.4:c.2789A>G,NP_057323.3:p.Asp930Gly,0.314,21.0,['Unknown%20significance'],144.41,0.9,0.0,0.1,0.1
MYO15A,17,18121589,NM_016239.4:c.2789A>T,NP_057323.3:p.Asp930Val,0.516,23.8,['Unknown%20significance'],144.41,0.9,0.0,-0.1,0.1
MYO15A,17,18121590,NM_016239.4:c.2790C>A,NP_057323.3:p.Asp930Glu,0.308,0.193,['Unknown%20significance'],144.41,0.9,0.0,-0.0,0.0
MYO15A,17,18121590,NM_016239.4:c.2790C>G,NP_057323.3:p.Asp930Glu,0.308,0.213,['Unknown%20significance'],144.41,0.9,0.0,-0.0,0.0
MYO15A,17,18121591,NM_016239.4:c.2791G>A,NP_057323.3:p.Val931Met,0.365,21.3,['Unknown%20significance'],132.04,0.76,0.0,0.1,0.1
MYO15A,17,18121591,NM_016239.4:c.2791G>T,NP_057323.3:p.Val931Leu,0.387,12.66,['Unknown%20significance'],132.04,0.76,0.0,0.2,0.2
MYO15A,17,18121592,NM_016239.4:c.2792T>C,NP_057323.3:p.Val931Ala,0.201,13.31,['Unknown%20significance'],132.04,0.76,0.0,0.3,0.3
MYO15A,17,18121594,NM_016239.4:c.2794G>A,NP_057323.3:p.Asp932Asn,0.277,18.73,['Unknown%20significance'],114.41,0.71,0.0,-0.1,0.1
MYO15A,17,18121595,NM_016239.4:c.2795A>G,NP_057323.3:p.Asp932Gly,0.279,19.28,['Unknown%20significance'],114.41,0.71,0.0,0.1,0.1
MYO15A,17,18121596,NM_016239.4:c.2796C>A,NP_057323.3:p.Asp932Glu,0.209,7.233,['Unknown%20significance'],114.41,0.71,0.0,-0.1,0.1
MYO15A,17,18121597,NM_016239.4:c.2797A>C,NP_057323.3:p.Met933Leu,0.317,0.037,['Unknown%20significance'],135.42,0.62,0.0,0.1,0.1
MYO15A,17,18121597,NM_016239.4:c.2797A>G,NP_057323.3:p.Met933Val,0.202,0.017,['Unknown%20significance'],135.42,0.62,0.0,0.1,0.1
MYO15A,17,18121597,NM_016239.4:c.2797A>T,NP_057323.3:p.Met933Leu,0.317,0.035,['Unknown%20significance'],135.42,0.62,0.0,0.1,0.1
MYO15A,17,18121598,NM_016239.4:c.2798T>G,NP_057323.3:p.Met933Arg,0.206,5.275,['Unknown%20significance'],135.42,0.62,0.0,0.1,0.1
MYO15A,17,18121599,NM_016239.4:c.2799G>A,NP_057323.3:p.Met933Ile,0.155,6.634,['Unknown%20significance'],135.42,0.62,0.0,0.1,0.1
MYO15A,17,18121599,NM_016239.4:c.2799G>T,NP_057323.3:p.Met933Ile,0.155,6.119,['Unknown%20significance'],135.42,0.62,0.0,0.1,0.1
MYO15A,17,18121600,NM_016239.4:c.2800C>T,NP_057323.3:p.Pro934Ser,0.062,6.189,['Unknown%20significance'],138.4,0.87,0.0,0.2,0.2
MYO15A,17,18121601,NM_016239.4:c.2801C>A,NP_057323.3:p.Pro934His,0.229,13.89,['Unknown%20significance'],138.4,0.87,0.0,0.2,0.2
MYO15A,17,18121601,NM_016239.4:c.2801C>T,NP_057323.3:p.Pro934Leu,0.107,8.078,['Unknown%20significance'],138.4,0.87,0.0,0.1,0.1
MYO15A,17,18121603,NM_016239.4:c.2803C>A,NP_057323.3:p.Pro935Thr,0.166,0.039,['Unknown%20significance'],111.1,0.7,0.0,0.5,0.5
MYO15A,17,18121603,NM_016239.4:c.2803C>G,NP_057323.3:p.Pro935Ala,0.157,0.013,['Unknown%20significance'],111.1,0.7,0.0,0.6,0.6
MYO15A,17,18121603,NM_016239.4:c.2803C>T,NP_057323.3:p.Pro935Ser,0.132,0.060,['Unknown%20significance'],111.1,0.7,0.0,0.6,0.6
MYO15A,17,18121604,NM_016239.4:c.2804C>A,NP_057323.3:p.Pro935His,0.113,14.76,['Unknown%20significance'],111.1,0.7,0.0,0.5,0.5
MYO15A,17,18121604,NM_016239.4:c.2804C>T,NP_057323.3:p.Pro935Leu,0.103,15.46,['Unknown%20significance'],111.1,0.7,0.0,0.4,0.4
MYO15A,17,18121606,NM_016239.4:c.2806A>C,NP_057323.3:p.Thr936Pro,0.151,2.681,['Unknown%20significance'],101.91,0.64,0.0,0.1,0.1
MYO15A,17,18121607,NM_016239.4:c.2807C>A,NP_057323.3:p.Thr936Asn,0.115,8.845,['Unknown%20significance'],101.91,0.64,0.0,0.2,0.2
MYO15A,17,18121607,NM_016239.4:c.2807C>T,NP_057323.3:p.Thr936Ile,0.159,3.725,['Unknown%20significance'],101.91,0.64,0.0,0.0,0.0
MYO15A,17,18121609,NM_016239.4:c.2809C>A,NP_057323.3:p.Gln937Lys,0.335,18.17,['Unknown%20significance'],173.45,0.87,0.0,0.2,0.2
MYO15A,17,18121609,NM_016239.4:c.2809C>G,NP_057323.3:p.Gln937Glu,0.317,17.64,['Unknown%20significance'],173.45,0.87,0.0,0.1,0.1
MYO15A,17,18121610,NM_016239.4:c.2810A>C,NP_057323.3:p.Gln937Pro,0.331,19.23,['Unknown%20significance'],173.45,0.87,0.0,-0.1,0.1
MYO15A,17,18121610,NM_016239.4:c.2810A>G,NP_057323.3:p.Gln937Arg,0.247,17.31,['Unknown%20significance'],173.45,0.87,0.0,-0.0,0.0
MYO15A,17,18121611,NM_016239.4:c.2811A>C,NP_057323.3:p.Gln937His,0.325,20.8,['Unknown%20significance'],173.45,0.87,0.0,-0.0,0.0
MYO15A,17,18121611,NM_016239.4:c.2811A>T,NP_057323.3:p.Gln937His,0.325,20.7,['Unknown%20significance'],173.45,0.87,0.0,-0.0,0.0
MYO15A,17,18121612,NM_016239.4:c.2812C>A,NP_057323.3:p.Arg938Ser,0.383,21.7,['Unknown%20significance'],235.63,0.87,0.0,0.1,0.1
MYO15A,17,18121612,NM_016239.4:c.2812C>G,NP_057323.3:p.Arg938Gly,0.398,22.2,['Unknown%20significance'],235.63,0.87,0.0,0.2,0.2
MYO15A,17,18121612,NM_016239.4:c.2812C>T,NP_057323.3:p.Arg938Cys,0.296,22.6,['Unknown%20significance'],235.63,0.87,0.0,0.1,0.1
MYO15A,17,18121613,NM_016239.4:c.2813G>A,NP_057323.3:p.Arg938His,0.317,17.51,['Unknown%20significance'],235.63,0.87,0.0,0.0,0.0
MYO15A,17,18121613,NM_016239.4:c.2813G>C,NP_057323.3:p.Arg938Pro,0.459,22.0,['Unknown%20significance'],235.63,0.87,0.0,0.0,0.0
MYO15A,17,18121613,NM_016239.4:c.2813G>T,NP_057323.3:p.Arg938Leu,0.417,16.86,['Unknown%20significance'],235.63,0.87,0.0,0.0,0.0
MYO15A,17,18121615,NM_016239.4:c.2815C>T,NP_057323.3:p.Pro939Ser,0.307,14.51,['Unknown%20significance'],142.97,0.9,0.0,0.3,0.3
MYO15A,17,18121616,NM_016239.4:c.2816C>A,NP_057323.3:p.Pro939Gln,0.381,22.7,['Unknown%20significance'],142.97,0.9,0.0,0.3,0.3
MYO15A,17,18121616,NM_016239.4:c.2816C>G,NP_057323.3:p.Pro939Arg,0.381,22.7,['Unknown%20significance'],142.97,0.9,0.0,0.3,0.3
MYO15A,17,18121618,NM_016239.4:c.2818C>G,NP_057323.3:p.Pro940Ala,0.107,9.865,['Unknown%20significance'],128.36,0.81,0.0,0.3,0.3
MYO15A,17,18121618,NM_016239.4:c.2818C>T,NP_057323.3:p.Pro940Ser,0.106,12.12,['Unknown%20significance'],128.36,0.81,0.0,0.3,0.3
MYO15A,17,18121619,NM_016239.4:c.2819C>A,NP_057323.3:p.Pro940His,0.356,23.0,['Unknown%20significance'],128.36,0.81,0.0,0.2,0.2
MYO15A,17,18121619,NM_016239.4:c.2819C>T,NP_057323.3:p.Pro940Leu,0.341,17.99,['Unknown%20significance'],128.36,0.81,0.0,0.2,0.2
MYO15A,17,18121621,NM_016239.4:c.2821T>A,NP_057323.3:p.Ser941Thr,0.298,23.3,['Unknown%20significance'],71.42,0.51,0.0,0.0,0.0
MYO15A,17,18121621,NM_016239.4:c.2821T>C,NP_057323.3:p.Ser941Pro,0.388,23.0,['Unknown%20significance'],71.42,0.51,0.0,0.1,0.1
MYO15A,17,18121621,NM_016239.4:c.2821T>G,NP_057323.3:p.Ser941Ala,0.266,23.5,['Unknown%20significance'],71.42,0.51,0.0,0.1,0.1
MYO15A,17,18121622,NM_016239.4:c.2822C>A,NP_057323.3:p.Ser941Tyr,0.406,23.6,['Unknown%20significance'],71.42,0.51,0.0,-0.1,0.1
MYO15A,17,18121622,NM_016239.4:c.2822C>T,NP_057323.3:p.Ser941Phe,0.410,24.1,['Unknown%20significance'],71.42,0.51,0.0,0.1,0.1
MYO15A,17,18121624,NM_016239.4:c.2824C>A,NP_057323.3:p.Pro942Thr,0.431,23.2,['Unknown%20significance'],136.16,0.86,0.0,0.4,0.4
MYO15A,17,18121624,NM_016239.4:c.2824C>G,NP_057323.3:p.Pro942Ala,0.420,23.0,['Unknown%20significance'],136.16,0.86,0.0,0.5,0.5
MYO15A,17,18121625,NM_016239.4:c.2825C>T,NP_057323.3:p.Pro942Leu,0.498,23.8,['Unknown%20significance'],136.16,0.86,0.0,0.4,0.4
MYO15A,17,18121627,NM_016239.4:c.2827T>A,NP_057323.3:p.Trp943Arg,0.250,21.7,['Unknown%20significance'],218.84,0.83,0.0,0.1,0.1
MYO15A,17,18121627,NM_016239.4:c.2827T>C,NP_057323.3:p.Trp943Arg,0.249,22.0,['Unknown%20significance'],218.84,0.83,0.0,0.1,0.1
MYO15A,17,18121627,NM_016239.4:c.2827T>G,NP_057323.3:p.Trp943Gly,0.300,23.4,['Unknown%20significance'],218.84,0.83,0.0,0.4,0.4
MYO15A,17,18121628,NM_016239.4:c.2828G>C,NP_057323.3:p.Trp943Ser,0.496,23.1,['Unknown%20significance'],218.84,0.83,0.0,0.2,0.2
MYO15A,17,18121628,NM_016239.4:c.2828G>T,NP_057323.3:p.Trp943Leu,0.412,22.8,['Unknown%20significance'],218.84,0.83,0.0,0.2,0.2
MYO15A,17,18121629,NM_016239.4:c.2829G>C,NP_057323.3:p.Trp943Cys,0.604,24.3,['Unknown%20significance'],218.84,0.83,0.0,0.3,0.3
MYO15A,17,18121630,NM_016239.4:c.2830C>A,NP_057323.3:p.Pro944Thr,0.313,22.4,['Unknown%20significance'],141.34,0.89,0.0,0.3,0.3
MYO15A,17,18121630,NM_016239.4:c.2830C>T,NP_057323.3:p.Pro944Ser,0.301,20.6,['Unknown%20significance'],141.34,0.89,0.0,0.4,0.4
MYO15A,17,18121631,NM_016239.4:c.2831C>T,NP_057323.3:p.Pro944Leu,0.333,23.4,['Unknown%20significance'],141.34,0.89,0.0,0.3,0.3
MYO15A,17,18121633,NM_016239.4:c.2833G>A,NP_057323.3:p.Gly945Arg,0.092,21.1,['Unknown%20significance'],62.38,0.65,0.0,-0.2,0.2
MYO15A,17,18121633,NM_016239.4:c.2833G>C,NP_057323.3:p.Gly945Arg,0.093,20.8,['Unknown%20significance'],62.38,0.65,0.0,-0.2,0.2
MYO15A,17,18121634,NM_016239.4:c.2834G>A,NP_057323.3:p.Gly945Glu,0.093,18.50,['Unknown%20significance'],62.38,0.65,0.0,-0.0,0.0
MYO15A,17,18121634,NM_016239.4:c.2834G>T,NP_057323.3:p.Gly945Val,0.190,23.4,['Unknown%20significance'],62.38,0.65,0.0,-0.3,0.3
MYO15A,17,18121637,NM_016239.4:c.2837G>A,NP_057323.3:p.Gly946Asp,0.378,21.1,['Unknown%20significance'],71.93,0.75,0.0,0.0,0.0
MYO15A,17,18121639,NM_016239.4:c.2839G>A,NP_057323.3:p.Ala947Thr,0.155,8.639,['Unknown%20significance'],116.35,0.91,0.0,-0.1,0.1
MYO15A,17,18121639,NM_016239.4:c.2839G>T,NP_057323.3:p.Ala947Ser,0.046,7.317,['Unknown%20significance'],116.35,0.91,0.0,-0.0,0.0
MYO15A,17,18121640,NM_016239.4:c.2840C>A,NP_057323.3:p.Ala947Glu,0.078,12.11,['Unknown%20significance'],116.35,0.91,0.0,0.0,0.0
MYO15A,17,18121643,NM_016239.4:c.2843G>A,NP_057323.3:p.Gly948Asp,0.193,22.3,['Unknown%20significance'],82.36,0.86,0.0,0.0,0.0
MYO15A,17,18121646,NM_016239.4:c.2846G>C,NP_057323.3:p.Ser949Thr,0.258,22.3,['Unknown%20significance'],127.91,0.92,0.0,-0.0,0.0
MYO15A,17,18121647,NM_016239.4:c.2847C>A,NP_057323.3:p.Ser949Arg,0.363,23.1,['Unknown%20significance'],127.91,0.92,0.0,0.0,0.0
MYO15A,17,18121648,NM_016239.4:c.2848C>A,NP_057323.3:p.Arg950Ser,0.190,16.26,['Unknown%20significance'],249.67,0.92,0.0,0.1,0.1
MYO15A,17,18121648,NM_016239.4:c.2848C>G,NP_057323.3:p.Arg950Gly,0.179,17.04,['Unknown%20significance'],249.67,0.92,0.0,0.2,0.2
MYO15A,17,18121648,NM_016239.4:c.2848C>T,NP_057323.3:p.Arg950Cys,0.252,20.7,['Unknown%20significance'],249.67,0.92,0.0,0.1,0.1
MYO15A,17,18121649,NM_016239.4:c.2849G>A,NP_057323.3:p.Arg950His,0.120,6.915,['Unknown%20significance'],249.67,0.92,0.0,0.0,0.0
MYO15A,17,18121649,NM_016239.4:c.2849G>T,NP_057323.3:p.Arg950Leu,0.163,4.935,['Unknown%20significance'],249.67,0.92,0.0,0.0,0.0
MYO15A,17,18121651,NM_016239.4:c.2851C>G,NP_057323.3:p.Arg951Gly,0.141,12.12,['Unknown%20significance'],232.57,0.86,0.0,0.3,0.3
MYO15A,17,18121652,NM_016239.4:c.2852G>A,NP_057323.3:p.Arg951Gln,0.098,15.33,['Unknown%20significance'],232.57,0.86,0.0,0.1,0.1
MYO15A,17,18121652,NM_016239.4:c.2852G>C,NP_057323.3:p.Arg951Pro,0.216,16.15,['Unknown%20significance'],232.57,0.86,0.0,0.1,0.1
MYO15A,17,18121652,NM_016239.4:c.2852G>T,NP_057323.3:p.Arg951Leu,0.073,15.08,['Unknown%20significance'],232.57,0.86,0.0,-0.0,0.0
MYO15A,17,18121654,NM_016239.4:c.2854G>A,NP_057323.3:p.Gly952Ser,0.238,21.5,['Unknown%20significance'],68.26,0.71,0.0,-0.2,0.2
MYO15A,17,18121655,NM_016239.4:c.2855G>A,NP_057323.3:p.Gly952Asp,0.394,22.5,['Unknown%20significance'],68.26,0.71,0.0,-0.1,0.1
MYO15A,17,18121655,NM_016239.4:c.2855G>T,NP_057323.3:p.Gly952Val,0.486,24.0,['Unknown%20significance'],68.26,0.71,0.0,-0.3,0.3
MYO15A,17,18121657,NM_016239.4:c.2857T>C,NP_057323.3:p.Phe953Leu,0.177,22.3,['Unknown%20significance'],215.56,0.93,0.0,0.0,0.0
MYO15A,17,18121660,NM_016239.4:c.2860T>C,NP_057323.3:p.Ser954Pro,0.347,18.42,['Unknown%20significance'],113.57,0.82,0.0,-0.1,0.1
MYO15A,17,18121661,NM_016239.4:c.2861C>T,NP_057323.3:p.Ser954Phe,0.309,23.6,['Unknown%20significance'],113.57,0.82,0.0,-0.0,0.0
MYO15A,17,18121663,NM_016239.4:c.2863A>G,NP_057323.3:p.Arg955Gly,0.409,23.9,['Unknown%20significance'],248.12,0.92,0.0,0.2,0.2
MYO15A,17,18121664,NM_016239.4:c.2864G>A,NP_057323.3:p.Arg955Lys,0.174,21.4,['Unknown%20significance'],248.12,0.92,0.0,0.2,0.2
MYO15A,17,18121664,NM_016239.4:c.2864G>C,NP_057323.3:p.Arg955Thr,0.216,23.1,['Unknown%20significance'],248.12,0.92,0.0,0.0,0.0
MYO15A,17,18121664,NM_016239.4:c.2864G>T,NP_057323.3:p.Arg955Met,0.371,24.8,['Unknown%20significance'],248.12,0.92,0.0,-0.0,0.0
MYO15A,17,18121665,NM_016239.4:c.2865G>T,NP_057323.3:p.Arg955Ser,0.189,15.32,['Unknown%20significance'],248.12,0.92,0.0,0.1,0.1
MYO15A,17,18121666,NM_016239.4:c.2866C>T,NP_057323.3:p.Pro956Ser,0.246,15.45,['Unknown%20significance'],103.96,0.66,0.0,0.5,0.5
MYO15A,17,18121667,NM_016239.4:c.2867C>A,NP_057323.3:p.Pro956Gln,0.115,14.06,['Unknown%20significance'],103.96,0.66,0.0,0.4,0.4
MYO15A,17,18121667,NM_016239.4:c.2867C>T,NP_057323.3:p.Pro956Leu,0.130,18.29,['Unknown%20significance'],103.96,0.66,0.0,0.3,0.3
MYO15A,17,18121669,NM_016239.4:c.2869C>A,NP_057323.3:p.Pro957Thr,0.067,15.41,['Unknown%20significance'],143.39,0.91,0.0,0.1,0.1
MYO15A,17,18121669,NM_016239.4:c.2869C>T,NP_057323.3:p.Pro957Ser,0.056,11.23,['Unknown%20significance'],143.39,0.91,0.0,0.2,0.2
MYO15A,17,18121670,NM_016239.4:c.2870C>A,NP_057323.3:p.Pro957His,0.152,17.30,['Unknown%20significance'],143.39,0.91,0.0,0.1,0.1
MYO15A,17,18121670,NM_016239.4:c.2870C>G,NP_057323.3:p.Pro957Arg,0.215,14.11,['Unknown%20significance'],143.39,0.91,0.0,0.1,0.1
MYO15A,17,18121672,NM_016239.4:c.2872C>G,NP_057323.3:p.Pro958Ala,0.147,2.377,['Unknown%20significance'],133.57,0.84,0.0,0.3,0.3
MYO15A,17,18121675,NM_016239.4:c.2875G>C,NP_057323.3:p.Val959Leu,0.119,11.13,['Unknown%20significance'],127.79,0.74,0.0,0.1,0.1
MYO15A,17,18121678,NM_016239.4:c.2878C>G,NP_057323.3:p.Pro960Ala,0.077,8.960,['Unknown%20significance'],121.61,0.77,0.0,0.5,0.5
MYO15A,17,18121678,NM_016239.4:c.2878C>T,NP_057323.3:p.Pro960Ser,0.086,12.42,['Unknown%20significance'],121.61,0.77,0.0,0.5,0.5
MYO15A,17,18121679,NM_016239.4:c.2879C>A,NP_057323.3:p.Pro960Gln,0.172,11.07,['Unknown%20significance'],121.61,0.77,0.0,0.4,0.4
MYO15A,17,18121679,NM_016239.4:c.2879C>G,NP_057323.3:p.Pro960Arg,0.177,5.950,['Unknown%20significance'],121.61,0.77,0.0,0.4,0.4
MYO15A,17,18121679,NM_016239.4:c.2879C>T,NP_057323.3:p.Pro960Leu,0.184,7.254,['Unknown%20significance'],121.61,0.77,0.0,0.3,0.3
MYO15A,17,18121681,NM_016239.4:c.2881G>A,NP_057323.3:p.Glu961Lys,0.137,13.45,['Unknown%20significance'],159.31,0.81,0.0,0.0,0.0
MYO15A,17,18121681,NM_016239.4:c.2881G>C,NP_057323.3:p.Glu961Gln,0.153,12.53,['Unknown%20significance'],159.31,0.81,0.0,-0.1,0.1
MYO15A,17,18121686,NM_016239.4:c.2886C>A,NP_057323.3:p.Asn962Lys,0.158,14.48,['Unknown%20significance'],147.4,0.92,0.0,0.0,0.0
MYO15A,17,18121690,NM_016239.4:c.2890T>C,NP_057323.3:p.Phe964Leu,0.275,19.26,['Unknown%20significance'],213.42,0.92,0.0,0.0,0.0
MYO15A,17,18121694,NM_016239.4:c.2894T>C,NP_057323.3:p.Leu965Pro,0.385,23.6,['Unknown%20significance'],179.7,0.93,0.0,0.2,0.2
MYO15A,17,18121698,NM_016239.4:c.2898G>T,NP_057323.3:p.Gln966His,0.175,16.40,['Unknown%20significance'],166.41,0.84,0.0,-0.0,0.0
MYO15A,17,18121699,NM_016239.4:c.2899C>T,NP_057323.3:p.Leu967Phe,0.124,10.36,['Unknown%20significance'],141.71,0.73,0.0,-0.0,0.0
MYO15A,17,18121703,NM_016239.4:c.2903T>G,NP_057323.3:p.Leu968Arg,0.059,14.07,['Unknown%20significance'],185.32,0.96,0.0,0.1,0.1
MYO15A,17,18121705,NM_016239.4:c.2905G>A,NP_057323.3:p.Gly969Ser,0.209,12.46,['Unknown%20significance'],58.65,0.61,0.0,-0.1,0.1
MYO15A,17,18121706,NM_016239.4:c.2906G>T,NP_057323.3:p.Gly969Val,0.358,19.35,['Unknown%20significance'],58.65,0.61,0.0,-0.3,0.3
MYO15A,17,18121708,NM_016239.4:c.2908C>T,NP_057323.3:p.Pro970Ser,0.151,17.45,['Unknown%20significance'],144.69,0.91,0.0,0.3,0.3
MYO15A,17,18121709,NM_016239.4:c.2909C>A,NP_057323.3:p.Pro970His,0.183,18.20,['Unknown%20significance'],144.69,0.91,0.0,0.2,0.2
MYO15A,17,18121711,NM_016239.4:c.2911G>A,NP_057323.3:p.Val971Met,0.139,9.953,['Unknown%20significance'],156.96,0.91,0.0,0.0,0.0
MYO15A,17,18121714,NM_016239.4:c.2914C>A,NP_057323.3:p.Pro972Thr,0.172,4.317,['Unknown%20significance'],100.6,0.63,0.0,0.5,0.5
MYO15A,17,18121714,NM_016239.4:c.2914C>G,NP_057323.3:p.Pro972Ala,0.207,2.937,['Unknown%20significance'],100.6,0.63,0.0,0.5,0.5
MYO15A,17,18121714,NM_016239.4:c.2914C>T,NP_057323.3:p.Pro972Ser,0.187,6.091,['Unknown%20significance'],100.6,0.63,0.0,0.6,0.6
MYO15A,17,18121715,NM_016239.4:c.2915C>T,NP_057323.3:p.Pro972Leu,0.098,3.855,['Unknown%20significance'],100.6,0.63,0.0,0.3,0.3
MYO15A,17,18121717,NM_016239.4:c.2917T>C,NP_057323.3:p.Ser973Pro,0.189,0.061,['Unknown%20significance'],121.23,0.87,0.0,0.0,0.0
MYO15A,17,18121718,NM_016239.4:c.2918C>A,NP_057323.3:p.Ser973Tyr,0.065,9.893,['Unknown%20significance'],121.23,0.87,0.0,-0.1,0.1
MYO15A,17,18121718,NM_016239.4:c.2918C>T,NP_057323.3:p.Ser973Phe,0.104,11.37,['Unknown%20significance'],121.23,0.87,0.0,0.0,0.0
MYO15A,17,18121720,NM_016239.4:c.2920C>A,NP_057323.3:p.Pro974Thr,0.198,0.654,['Unknown%20significance'],100.87,0.64,0.0,0.6,0.6
MYO15A,17,18121720,NM_016239.4:c.2920C>G,NP_057323.3:p.Pro974Ala,0.130,3.511,['Unknown%20significance'],100.87,0.64,0.0,0.7,0.7
MYO15A,17,18121720,NM_016239.4:c.2920C>T,NP_057323.3:p.Pro974Ser,0.192,0.879,['Unknown%20significance'],100.87,0.64,0.0,0.7,0.7
MYO15A,17,18121721,NM_016239.4:c.2921C>A,NP_057323.3:p.Pro974His,0.093,13.17,['Unknown%20significance'],100.87,0.64,0.0,0.5,0.5
MYO15A,17,18121721,NM_016239.4:c.2921C>T,NP_057323.3:p.Pro974Leu,0.099,8.721,['Unknown%20significance'],100.87,0.64,0.0,0.6,0.6
MYO15A,17,18121723,NM_016239.4:c.2923A>C,NP_057323.3:p.Thr975Pro,0.168,3.669,['Unknown%20significance'],117.37,0.74,0.0,0.0,0.0
MYO15A,17,18121723,NM_016239.4:c.2923A>G,NP_057323.3:p.Thr975Ala,0.177,0.142,['Unknown%20significance'],117.37,0.74,0.0,0.1,0.1
MYO15A,17,18121724,NM_016239.4:c.2924C>A,NP_057323.3:p.Thr975Asn,0.176,5.465,['Unknown%20significance'],117.37,0.74,0.0,0.2,0.2
MYO15A,17,18121724,NM_016239.4:c.2924C>T,NP_057323.3:p.Thr975Ile,0.142,6.553,['Unknown%20significance'],117.37,0.74,0.0,-0.0,0.0
MYO15A,17,18121726,NM_016239.4:c.2926C>A,NP_057323.3:p.Leu976Ile,0.152,0.003,['Unknown%20significance'],149.65,0.77,0.0,-0.0,0.0
MYO15A,17,18121726,NM_016239.4:c.2926C>G,NP_057323.3:p.Leu976Val,0.148,0.002,['Unknown%20significance'],149.65,0.77,0.0,-0.0,0.0
MYO15A,17,18121726,NM_016239.4:c.2926C>T,NP_057323.3:p.Leu976Phe,0.197,0.002,['Unknown%20significance'],149.65,0.77,0.0,-0.0,0.0
MYO15A,17,18121727,NM_016239.4:c.2927T>C,NP_057323.3:p.Leu976Pro,0.122,6.716,['Unknown%20significance'],149.65,0.77,0.0,-0.2,0.2
MYO15A,17,18121729,NM_016239.4:c.2929C>A,NP_057323.3:p.Gln977Lys,0.159,3.472,['Unknown%20significance'],174.67,0.88,0.0,0.2,0.2
MYO15A,17,18121731,NM_016239.4:c.2931G>C,NP_057323.3:p.Gln977His,0.129,11.09,['Unknown%20significance'],174.67,0.88,0.0,-0.0,0.0
MYO15A,17,18121731,NM_016239.4:c.2931G>T,NP_057323.3:p.Gln977His,0.129,10.91,['Unknown%20significance'],174.67,0.88,0.0,-0.0,0.0
MYO15A,17,18121732,NM_016239.4:c.2932C>A,NP_057323.3:p.Pro978Thr,0.134,0.016,['Unknown%20significance'],128.38,0.81,0.0,0.1,0.1
MYO15A,17,18121733,NM_016239.4:c.2933C>A,NP_057323.3:p.Pro978His,0.170,6.769,['Unknown%20significance'],128.38,0.81,0.0,0.1,0.1
MYO15A,17,18121733,NM_016239.4:c.2933C>G,NP_057323.3:p.Pro978Arg,0.077,2.588,['Unknown%20significance'],128.38,0.81,0.0,0.0,0.0
MYO15A,17,18121733,NM_016239.4:c.2933C>T,NP_057323.3:p.Pro978Leu,0.107,4.401,['Unknown%20significance'],128.38,0.81,0.0,0.2,0.2
MYO15A,17,18121736,NM_016239.4:c.2936A>G,NP_057323.3:p.Glu979Gly,0.069,16.47,['Unknown%20significance'],146.65,0.75,0.0,0.2,0.2
MYO15A,17,18121737,NM_016239.4:c.2937G>T,NP_057323.3:p.Glu979Asp,0.083,8.446,['Unknown%20significance'],146.65,0.75,0.0,0.1,0.1
MYO15A,17,18121741,NM_016239.4:c.2941C>A,NP_057323.3:p.Pro981Thr,0.168,0.117,['Unknown%20significance'],108.42,0.68,0.0,0.4,0.4
MYO15A,17,18121742,NM_016239.4:c.2942C>T,NP_057323.3:p.Pro981Leu,0.064,1.492,['Unknown%20significance'],108.42,0.68,0.0,0.4,0.4
MYO15A,17,18121744,NM_016239.4:c.2944G>C,NP_057323.3:p.Ala982Pro,0.187,3.167,['Unknown%20significance'],103.06,0.81,0.0,-0.1,0.1
MYO15A,17,18121745,NM_016239.4:c.2945C>A,NP_057323.3:p.Ala982Asp,0.242,6.979,['Unknown%20significance'],103.06,0.81,0.0,0.2,0.2
MYO15A,17,18121745,NM_016239.4:c.2945C>T,NP_057323.3:p.Ala982Val,0.154,6.734,['Unknown%20significance'],103.06,0.81,0.0,-0.0,0.0
MYO15A,17,18121747,NM_016239.4:c.2947G>A,NP_057323.3:p.Ala983Thr,0.133,4.801,['Unknown%20significance'],105.33,0.82,0.0,-0.0,0.0
MYO15A,17,18121747,NM_016239.4:c.2947G>T,NP_057323.3:p.Ala983Ser,0.158,0.309,['Unknown%20significance'],105.33,0.82,0.0,-0.0,0.0
MYO15A,17,18121751,NM_016239.4:c.2951A>G,NP_057323.3:p.Asp984Gly,0.094,15.52,['Unknown%20significance'],121.08,0.75,0.0,0.2,0.2
MYO15A,17,18121754,NM_016239.4:c.2954T>C,NP_057323.3:p.Met985Thr,0.147,0.778,['Unknown%20significance'],176.47,0.81,0.0,0.1,0.1
MYO15A,17,18121756,NM_016239.4:c.2956A>G,NP_057323.3:p.Thr986Ala,0.125,4.230,['Unknown%20significance'],117.37,0.74,0.0,0.2,0.2
MYO15A,17,18121757,NM_016239.4:c.2957C>A,NP_057323.3:p.Thr986Asn,0.215,13.17,['Unknown%20significance'],117.37,0.74,0.0,0.3,0.3
MYO15A,17,18121757,NM_016239.4:c.2957C>G,NP_057323.3:p.Thr986Ser,0.126,6.239,['Unknown%20significance'],117.37,0.74,0.0,0.2,0.2
MYO15A,17,18121760,NM_016239.4:c.2960G>A,NP_057323.3:p.Arg987Lys,0.129,6.026,['Unknown%20significance'],238.29,0.88,0.0,0.1,0.1
MYO15A,17,18121762,NM_016239.4:c.2962G>T,NP_057323.3:p.Val988Phe,0.177,14.32,['Unknown%20significance'],106.51,0.61,0.0,0.2,0.2
MYO15A,17,18121763,NM_016239.4:c.2963T>A,NP_057323.3:p.Val988Asp,0.388,23.4,['Unknown%20significance'],106.51,0.61,0.0,0.9,0.9
MYO15A,17,18121763,NM_016239.4:c.2963T>C,NP_057323.3:p.Val988Ala,0.201,17.54,['Unknown%20significance'],106.51,0.61,0.0,0.5,0.5
MYO15A,17,18121763,NM_016239.4:c.2963T>G,NP_057323.3:p.Val988Gly,0.256,22.2,['Unknown%20significance'],106.51,0.61,0.0,0.9,0.9
MYO15A,17,18121771,NM_016239.4:c.2971G>T,NP_057323.3:p.Gly991Cys,0.402,23.8,['Unknown%20significance'],79.88,0.83,0.0,0.1,0.1
MYO15A,17,18121772,NM_016239.4:c.2972G>C,NP_057323.3:p.Gly991Ala,0.208,16.42,['Unknown%20significance'],79.88,0.83,0.0,-0.0,0.0
MYO15A,17,18121774,NM_016239.4:c.2974A>G,NP_057323.3:p.Arg992Gly,0.083,22.5,['Unknown%20significance'],232.87,0.86,0.0,0.4,0.4
MYO15A,17,18121777,NM_016239.4:c.2977C>A,NP_057323.3:p.His993Asn,0.117,18.42,['Unknown%20significance'],191.82,0.93,0.0,0.1,0.1
MYO15A,17,18121777,NM_016239.4:c.2977C>T,NP_057323.3:p.His993Tyr,0.232,15.06,['Unknown%20significance'],191.82,0.93,0.0,-0.1,0.1
MYO15A,17,18121778,NM_016239.4:c.2978A>C,NP_057323.3:p.His993Pro,0.376,22.3,['Unknown%20significance'],191.82,0.93,0.0,0.1,0.1
MYO15A,17,18121780,NM_016239.4:c.2980C>T,NP_057323.3:p.His994Tyr,0.121,1.445,['Unknown%20significance'],186.89,0.9,0.0,-0.0,0.0
MYO15A,17,18121781,NM_016239.4:c.2981A>G,NP_057323.3:p.His994Arg,0.129,5.413,['Unknown%20significance'],186.89,0.9,0.0,0.0,0.0
MYO15A,17,18121785,NM_016239.4:c.2985G>T,NP_057323.3:p.Glu995Asp,0.209,0.002,['Unknown%20significance'],160.67,0.82,0.0,0.0,0.0
MYO15A,17,18121786,NM_016239.4:c.2986C>T,NP_057323.3:p.Pro996Ser,0.118,12.39,['Unknown%20significance'],128.05,0.81,0.0,0.3,0.3
MYO15A,17,18121787,NM_016239.4:c.2987C>G,NP_057323.3:p.Pro996Arg,0.218,8.792,['Unknown%20significance'],128.05,0.81,0.0,0.2,0.2
MYO15A,17,18121787,NM_016239.4:c.2987C>T,NP_057323.3:p.Pro996Leu,0.095,8.561,['Unknown%20significance'],128.05,0.81,0.0,0.2,0.2
MYO15A,17,18121790,NM_016239.4:c.2990G>A,NP_057323.3:p.Gly997Glu,0.411,22.9,['Unknown%20significance'],75.21,0.78,0.0,0.2,0.2
MYO15A,17,18121796,NM_016239.4:c.2996G>A,NP_057323.3:p.Gly999Glu,0.215,22.6,['Unknown%20significance'],69.99,0.73,0.0,0.4,0.4
MYO15A,17,18121796,NM_016239.4:c.2996G>C,NP_057323.3:p.Gly999Ala,0.291,22.6,['Unknown%20significance'],69.99,0.73,0.0,0.2,0.2
MYO15A,17,18121798,NM_016239.4:c.2998C>A,NP_057323.3:p.Gln1000Lys,0.278,15.61,['Unknown%20significance'],168.08,0.84,0.0,0.2,0.2
MYO15A,17,18121798,NM_016239.4:c.2998C>G,NP_057323.3:p.Gln1000Glu,0.312,14.34,['Unknown%20significance'],168.08,0.84,0.0,0.1,0.1
MYO15A,17,18121799,NM_016239.4:c.2999A>G,NP_057323.3:p.Gln1000Arg,0.231,22.6,['Unknown%20significance'],168.08,0.84,0.0,-0.0,0.0
MYO15A,17,18121802,NM_016239.4:c.3002T>G,NP_057323.3:p.Leu1001Arg,0.293,22.7,['Unknown%20significance'],197.28,1.0,0.0,0.1,0.1
MYO15A,17,18121804,NM_016239.4:c.3004A>G,NP_057323.3:p.Thr1002Ala,0.162,2.917,['Unknown%20significance'],135.41,0.86,0.0,0.1,0.1
MYO15A,17,18121805,NM_016239.4:c.3005C>A,NP_057323.3:p.Thr1002Asn,0.167,11.38,['Unknown%20significance'],135.41,0.86,0.0,0.1,0.1
MYO15A,17,18121805,NM_016239.4:c.3005C>G,NP_057323.3:p.Thr1002Ser,0.155,4.499,['Unknown%20significance'],135.41,0.86,0.0,0.1,0.1
MYO15A,17,18121807,NM_016239.4:c.3007A>C,NP_057323.3:p.Lys1003Gln,0.153,13.01,['Unknown%20significance'],227.74,0.96,0.0,-0.1,0.1
MYO15A,17,18121813,NM_016239.4:c.3013G>T,NP_057323.3:p.Ala1005Ser,0.157,14.24,['Unknown%20significance'],107.04,0.84,0.0,0.0,0.0
MYO15A,17,18121814,NM_016239.4:c.3014C>T,NP_057323.3:p.Ala1005Val,0.211,14.74,['Unknown%20significance'],107.04,0.84,0.0,-0.0,0.0
MYO15A,17,18121817,NM_016239.4:c.3017G>A,NP_057323.3:p.Gly1006Asp,0.151,8.700,['Unknown%20significance'],78.09,0.81,0.0,-0.0,0.0
MYO15A,17,18121819,NM_016239.4:c.3019C>T,NP_057323.3:p.Pro1007Ser,0.072,9.525,['Unknown%20significance'],153.68,0.97,0.0,0.2,0.2
MYO15A,17,18121820,NM_016239.4:c.3020C>T,NP_057323.3:p.Pro1007Leu,0.079,9.084,['Unknown%20significance'],153.68,0.97,0.0,0.2,0.2
MYO15A,17,18121822,NM_016239.4:c.3022A>G,NP_057323.3:p.Thr1008Ala,0.091,3.834,['Unknown%20significance'],134.05,0.85,0.0,0.1,0.1
MYO15A,17,18121823,NM_016239.4:c.3023C>G,NP_057323.3:p.Thr1008Ser,0.177,0.004,['Benign'],134.05,0.85,0.0,0.0,0.0
MYO15A,17,18121823,NM_016239.4:c.3023C>T,NP_057323.3:p.Thr1008Ile,0.173,0.144,['Unknown%20significance'],134.05,0.85,0.0,0.0,0.0
MYO15A,17,18121825,NM_016239.4:c.3025C>T,NP_057323.3:p.Pro1009Ser,0.141,5.584,['Unknown%20significance'],138.56,0.88,0.0,0.3,0.3
MYO15A,17,18121826,NM_016239.4:c.3026C>A,NP_057323.3:p.Pro1009His,0.727,14.70,['Benign'],138.56,0.88,0.0,0.3,0.3
MYO15A,17,18121826,NM_016239.4:c.3026C>G,NP_057323.3:p.Pro1009Arg,0.338,8.969,['Unknown%20significance'],138.56,0.88,0.0,0.2,0.2
MYO15A,17,18121826,NM_016239.4:c.3026C>T,NP_057323.3:p.Pro1009Leu,0.204,8.770,['Unknown%20significance'],138.56,0.88,0.0,0.2,0.2
MYO15A,17,18121832,NM_016239.4:c.3032A>G,NP_057323.3:p.Lys1011Arg,0.136,16.77,['Unknown%20significance'],200.11,0.84,0.0,-0.2,0.2
MYO15A,17,18121834,NM_016239.4:c.3034C>G,NP_057323.3:p.Pro1012Ala,0.147,15.22,['Unknown%20significance'],99.34,0.63,0.0,0.7,0.7
MYO15A,17,18121834,NM_016239.4:c.3034C>T,NP_057323.3:p.Pro1012Ser,0.105,12.65,['Unknown%20significance'],99.34,0.63,0.0,0.6,0.6
MYO15A,17,18121840,NM_016239.4:c.3040G>A,NP_057323.3:p.Glu1014Lys,0.241,19.62,['Unknown%20significance'],157.77,0.8,0.0,0.1,0.1
MYO15A,17,18121840,NM_016239.4:c.3040G>C,NP_057323.3:p.Glu1014Gln,0.295,17.83,['Unknown%20significance'],157.77,0.8,0.0,-0.1,0.1
MYO15A,17,18121846,NM_016239.4:c.3046G>C,NP_057323.3:p.Ala1016Pro,0.198,12.50,['Unknown%20significance'],82.91,0.65,0.0,-0.2,0.2
MYO15A,17,18121846,NM_016239.4:c.3046G>T,NP_057323.3:p.Ala1016Ser,0.139,3.718,['Unknown%20significance'],82.91,0.65,0.0,0.1,0.1
MYO15A,17,18121847,NM_016239.4:c.3047C>T,NP_057323.3:p.Ala1016Val,0.210,10.23,['Unknown%20significance'],82.91,0.65,0.0,0.1,0.1
MYO15A,17,18121850,NM_016239.4:c.3050C>G,NP_057323.3:p.Thr1017Ser,0.153,0.035,['Unknown%20significance'],134.04,0.85,0.0,0.0,0.0
MYO15A,17,18121852,NM_016239.4:c.3052C>A,NP_057323.3:p.Leu1018Met,0.143,2.306,['Unknown%20significance'],192.18,0.99,0.0,0.0,0.0
MYO15A,17,18121855,NM_016239.4:c.3055G>T,NP_057323.3:p.Gly1019Trp,0.208,10.27,['Unknown%20significance'],71.18,0.74,0.0,-0.3,0.3
MYO15A,17,18121856,NM_016239.4:c.3056G>A,NP_057323.3:p.Gly1019Glu,0.192,0.001,['Unknown%20significance'],71.18,0.74,0.0,-0.0,0.0
MYO15A,17,18121858,NM_016239.4:c.3058G>C,NP_057323.3:p.Asp1020His,0.140,15.37,['Unknown%20significance'],118.95,0.74,0.0,-0.1,0.1
MYO15A,17,18121858,NM_016239.4:c.3058G>T,NP_057323.3:p.Asp1020Tyr,0.233,15.73,['Unknown%20significance'],118.95,0.74,0.0,-0.2,0.2
MYO15A,17,18121859,NM_016239.4:c.3059A>C,NP_057323.3:p.Asp1020Ala,0.105,15.90,['Unknown%20significance'],118.95,0.74,0.0,0.1,0.1
MYO15A,17,18121861,NM_016239.4:c.3061C>T,NP_057323.3:p.Pro1021Ser,0.103,0.436,['Unknown%20significance'],126.57,0.8,0.0,0.4,0.4
MYO15A,17,18121862,NM_016239.4:c.3062C>G,NP_057323.3:p.Pro1021Arg,0.136,11.60,['Unknown%20significance'],126.57,0.8,0.0,0.3,0.3
MYO15A,17,18121866,NM_016239.4:c.3066G>C,NP_057323.3:p.Gln1022His,0.226,7.601,['Unknown%20significance'],140.94,0.71,0.0,-0.0,0.0
MYO15A,17,18121867,NM_016239.4:c.3067C>A,NP_057323.3:p.Leu1023Met,0.141,0.090,['Unknown%20significance'],154.55,0.8,0.0,-0.0,0.0
MYO15A,17,18121868,NM_016239.4:c.3068T>C,NP_057323.3:p.Leu1023Pro,0.123,2.821,['Unknown%20significance'],154.55,0.8,0.0,0.1,0.1
MYO15A,17,18121868,NM_016239.4:c.3068T>G,NP_057323.3:p.Leu1023Arg,0.101,2.646,['Unknown%20significance'],154.55,0.8,0.0,0.1,0.1
MYO15A,17,18121870,NM_016239.4:c.3070C>T,NP_057323.3:p.Pro1024Ser,0.090,4.589,['Unknown%20significance'],107.66,0.68,0.0,0.8,0.8
MYO15A,17,18121871,NM_016239.4:c.3071C>T,NP_057323.3:p.Pro1024Leu,0.238,16.09,['Unknown%20significance'],107.66,0.68,0.0,0.7,0.7
MYO15A,17,18121873,NM_016239.4:c.3073G>A,NP_057323.3:p.Ala1025Thr,0.121,1.155,['Unknown%20significance'],99.43,0.78,0.0,0.0,0.0
MYO15A,17,18121874,NM_016239.4:c.3074C>G,NP_057323.3:p.Ala1025Gly,0.107,11.99,['Unknown%20significance'],99.43,0.78,0.0,0.3,0.3
MYO15A,17,18121877,NM_016239.4:c.3077A>G,NP_057323.3:p.Glu1026Gly,0.193,16.13,['Unknown%20significance'],93.22,0.47,0.0,0.2,0.2
MYO15A,17,18121878,NM_016239.4:c.3078G>T,NP_057323.3:p.Glu1026Asp,0.230,15.12,['Unknown%20significance'],93.22,0.47,0.0,0.1,0.1
MYO15A,17,18121880,NM_016239.4:c.3080C>A,NP_057323.3:p.Thr1027Asn,0.078,10.51,['Unknown%20significance'],146.26,0.92,0.0,0.1,0.1
MYO15A,17,18121880,NM_016239.4:c.3080C>T,NP_057323.3:p.Thr1027Ile,0.076,15.87,['Unknown%20significance'],146.26,0.92,0.0,-0.0,0.0
MYO15A,17,18121885,NM_016239.4:c.3085C>A,NP_057323.3:p.Pro1029Thr,0.112,2.109,['Unknown%20significance'],130.9,0.83,0.0,0.1,0.1
MYO15A,17,18121885,NM_016239.4:c.3085C>T,NP_057323.3:p.Pro1029Ser,0.099,0.295,['Unknown%20significance'],130.9,0.83,0.0,0.2,0.2
MYO15A,17,18121886,NM_016239.4:c.3086C>G,NP_057323.3:p.Pro1029Arg,0.123,4.953,['Unknown%20significance'],130.9,0.83,0.0,0.1,0.1
MYO15A,17,18121886,NM_016239.4:c.3086C>T,NP_057323.3:p.Pro1029Leu,0.090,1.271,['Unknown%20significance'],130.9,0.83,0.0,0.1,0.1
MYO15A,17,18121888,NM_016239.4:c.3088C>T,NP_057323.3:p.Pro1030Ser,0.163,2.189,['Unknown%20significance'],121.7,0.77,0.0,0.7,0.7
MYO15A,17,18121889,NM_016239.4:c.3089C>T,NP_057323.3:p.Pro1030Leu,0.133,1.484,['Unknown%20significance'],121.7,0.77,0.0,0.6,0.6
MYO15A,17,18121892,NM_016239.4:c.3092C>T,NP_057323.3:p.Thr1031Ile,0.228,0.001,['Unknown%20significance'],86.6,0.55,0.0,0.0,0.0
MYO15A,17,18121895,NM_016239.4:c.3095C>T,NP_057323.3:p.Pro1032Leu,0.192,0.001,['Unknown%20significance'],154.36,0.98,0.0,0.2,0.2
MYO15A,17,18121900,NM_016239.4:c.3100C>A,NP_057323.3:p.Pro1034Thr,0.254,7.217,['Unknown%20significance'],124.8,0.79,0.0,0.3,0.3
MYO15A,17,18121901,NM_016239.4:c.3101C>T,NP_057323.3:p.Pro1034Leu,0.212,9.657,['Unknown%20significance'],124.8,0.79,0.0,0.3,0.3
MYO15A,17,18121903,NM_016239.4:c.3103C>T,NP_057323.3:p.Pro1035Ser,0.137,0.391,['Unknown%20significance'],122.97,0.78,0.0,0.2,0.2
MYO15A,17,18121904,NM_016239.4:c.3104C>T,NP_057323.3:p.Pro1035Leu,0.140,13.12,['Unknown%20significance'],122.97,0.78,0.0,0.2,0.2
MYO15A,17,18121906,NM_016239.4:c.3106A>G,NP_057323.3:p.Lys1036Glu,0.126,6.272,['Unknown%20significance'],193.03,0.81,0.0,-0.0,0.0
MYO15A,17,18121909,NM_016239.4:c.3109G>T,NP_057323.3:p.Asp1037Tyr,0.179,16.08,['Unknown%20significance'],146.78,0.91,0.0,-0.2,0.2
MYO15A,17,18121910,NM_016239.4:c.3110A>G,NP_057323.3:p.Asp1037Gly,0.069,9.619,['Unknown%20significance'],146.78,0.91,0.0,0.1,0.1
MYO15A,17,18121912,NM_016239.4:c.3112G>A,NP_057323.3:p.Val1038Ile,0.147,2.568,['Unknown%20significance'],121.93,0.7,0.0,0.0,0.0
MYO15A,17,18121915,NM_016239.4:c.3115A>G,NP_057323.3:p.Thr1039Ala,0.097,1.015,['Unknown%20significance'],154.62,0.98,0.0,0.0,0.0
MYO15A,17,18121916,NM_016239.4:c.3116C>T,NP_057323.3:p.Thr1039Ile,0.057,0.052,['Unknown%20significance'],154.62,0.98,0.0,0.0,0.0
MYO15A,17,18121918,NM_016239.4:c.3118C>A,NP_057323.3:p.Pro1040Thr,0.049,1.130,['Unknown%20significance'],112.55,0.71,0.0,0.2,0.2
MYO15A,17,18121918,NM_016239.4:c.3118C>G,NP_057323.3:p.Pro1040Ala,0.111,5.736,['Unknown%20significance'],112.55,0.71,0.0,0.4,0.4
MYO15A,17,18121918,NM_016239.4:c.3118C>T,NP_057323.3:p.Pro1040Ser,0.075,2.124,['Unknown%20significance'],112.55,0.71,0.0,0.3,0.3
MYO15A,17,18121919,NM_016239.4:c.3119C>T,NP_057323.3:p.Pro1040Leu,0.102,3.814,['Unknown%20significance'],112.55,0.71,0.0,0.3,0.3
MYO15A,17,18121921,NM_016239.4:c.3121C>A,NP_057323.3:p.Pro1041Thr,0.093,0.371,['Unknown%20significance'],115.45,0.73,0.0,-0.0,0.0
MYO15A,17,18121921,NM_016239.4:c.3121C>G,NP_057323.3:p.Pro1041Ala,0.134,0.038,['Unknown%20significance'],115.45,0.73,0.0,0.1,0.1
MYO15A,17,18121921,NM_016239.4:c.3121C>T,NP_057323.3:p.Pro1041Ser,0.136,0.248,['Unknown%20significance'],115.45,0.73,0.0,0.0,0.0
MYO15A,17,18121922,NM_016239.4:c.3122C>A,NP_057323.3:p.Pro1041His,0.169,2.410,['Unknown%20significance'],115.45,0.73,0.0,0.0,0.0
MYO15A,17,18121922,NM_016239.4:c.3122C>G,NP_057323.3:p.Pro1041Arg,0.053,1.415,['Unknown%20significance'],115.45,0.73,0.0,0.0,0.0
MYO15A,17,18121922,NM_016239.4:c.3122C>T,NP_057323.3:p.Pro1041Leu,0.125,1.951,['Unknown%20significance'],115.45,0.73,0.0,0.0,0.0
MYO15A,17,18121924,NM_016239.4:c.3124A>G,NP_057323.3:p.Lys1042Glu,0.174,0.604,['Unknown%20significance'],218.84,0.92,0.0,-0.0,0.0
MYO15A,17,18121925,NM_016239.4:c.3125A>G,NP_057323.3:p.Lys1042Arg,0.135,1.618,['Unknown%20significance'],218.84,0.92,0.0,-0.1,0.1
MYO15A,17,18121926,NM_016239.4:c.3126G>C,NP_057323.3:p.Lys1042Asn,0.145,1.601,['Unknown%20significance'],218.84,0.92,0.0,-0.1,0.1
MYO15A,17,18121927,NM_016239.4:c.3127G>A,NP_057323.3:p.Asp1043Asn,0.228,2.360,['Unknown%20significance'],118.44,0.74,0.0,-0.1,0.1
MYO15A,17,18121928,NM_016239.4:c.3128A>G,NP_057323.3:p.Asp1043Gly,0.182,3.988,['Unknown%20significance'],118.44,0.74,0.0,0.1,0.1
MYO15A,17,18121930,NM_016239.4:c.3130A>G,NP_057323.3:p.Ile1044Val,0.162,0.002,['Unknown%20significance'],160.27,0.81,0.0,0.0,0.0
MYO15A,17,18121931,NM_016239.4:c.3131T>G,NP_057323.3:p.Ile1044Ser,0.139,3.950,['Unknown%20significance'],160.27,0.81,0.0,0.2,0.2
MYO15A,17,18121933,NM_016239.4:c.3133A>C,NP_057323.3:p.Thr1045Pro,0.087,9.691,['Unknown%20significance'],160.6,1.0,0.0,-0.0,0.0
MYO15A,17,18121934,NM_016239.4:c.3134C>T,NP_057323.3:p.Thr1045Ile,0.135,3.619,['Unknown%20significance'],160.6,1.0,0.0,-0.0,0.0
MYO15A,17,18121936,NM_016239.4:c.3136C>G,NP_057323.3:p.Pro1046Ala,0.174,0.266,['Unknown%20significance'],94.12,0.59,0.0,0.3,0.3
MYO15A,17,18121936,NM_016239.4:c.3136C>T,NP_057323.3:p.Pro1046Ser,0.142,0.429,['Unknown%20significance'],94.12,0.59,0.0,0.1,0.1
MYO15A,17,18121937,NM_016239.4:c.3137C>A,NP_057323.3:p.Pro1046His,0.233,11.59,['Unknown%20significance'],94.12,0.59,0.0,0.2,0.2
MYO15A,17,18121937,NM_016239.4:c.3137C>T,NP_057323.3:p.Pro1046Leu,0.192,6.710,['Unknown%20significance'],94.12,0.59,0.0,0.3,0.3
MYO15A,17,18121939,NM_016239.4:c.3139C>T,NP_057323.3:p.Pro1047Ser,0.191,0.083,['Unknown%20significance'],120.15,0.76,0.0,0.4,0.4
MYO15A,17,18121940,NM_016239.4:c.3140C>A,NP_057323.3:p.Pro1047His,0.212,3.174,['Unknown%20significance'],120.15,0.76,0.0,0.3,0.3
MYO15A,17,18121940,NM_016239.4:c.3140C>G,NP_057323.3:p.Pro1047Arg,0.150,8.073,['Benign'],120.15,0.76,0.0,0.3,0.3
MYO15A,17,18121940,NM_016239.4:c.3140C>T,NP_057323.3:p.Pro1047Leu,0.211,8.879,['Unknown%20significance'],120.15,0.76,0.0,0.4,0.4
MYO15A,17,18121943,NM_016239.4:c.3143A>G,NP_057323.3:p.Lys1048Arg,0.059,4.518,['Unknown%20significance'],222.8,0.94,0.0,-0.1,0.1
MYO15A,17,18121944,NM_016239.4:c.3144G>C,NP_057323.3:p.Lys1048Asn,0.111,9.160,['Unknown%20significance'],222.8,0.94,0.0,-0.0,0.0
MYO15A,17,18121945,NM_016239.4:c.3145G>A,NP_057323.3:p.Asp1049Asn,0.216,7.378,['Unknown%20significance'],107.98,0.67,0.0,-0.1,0.1
MYO15A,17,18121945,NM_016239.4:c.3145G>T,NP_057323.3:p.Asp1049Tyr,0.198,14.46,['Unknown%20significance'],107.98,0.67,0.0,-0.4,0.4
MYO15A,17,18121946,NM_016239.4:c.3146A>T,NP_057323.3:p.Asp1049Val,0.173,10.07,['Unknown%20significance'],107.98,0.67,0.0,-0.2,0.2
MYO15A,17,18121948,NM_016239.4:c.3148G>A,NP_057323.3:p.Val1050Ile,0.155,0.258,['Unknown%20significance'],150.53,0.87,0.0,0.0,0.0
MYO15A,17,18121951,NM_016239.4:c.3151C>T,NP_057323.3:p.Leu1051Phe,0.161,0.095,['Unknown%20significance'],140.26,0.72,0.0,0.1,0.1
MYO15A,17,18121952,NM_016239.4:c.3152T>C,NP_057323.3:p.Leu1051Pro,0.191,0.038,['Unknown%20significance'],140.26,0.72,0.0,0.1,0.1
MYO15A,17,18121957,NM_016239.4:c.3157G>A,NP_057323.3:p.Glu1053Lys,0.132,7.934,['Unknown%20significance'],146.67,0.75,0.0,0.2,0.2
MYO15A,17,18121957,NM_016239.4:c.3157G>C,NP_057323.3:p.Glu1053Gln,0.116,10.30,['Unknown%20significance'],146.67,0.75,0.0,-0.1,0.1
MYO15A,17,18121961,NM_016239.4:c.3161A>G,NP_057323.3:p.Gln1054Arg,0.170,0.475,['Unknown%20significance'],142.91,0.72,0.0,-0.1,0.1
MYO15A,17,18121963,NM_016239.4:c.3163A>C,NP_057323.3:p.Lys1055Gln,0.201,22.4,['Unknown%20significance'],190.41,0.8,0.0,-0.1,0.1
MYO15A,17,18121966,NM_016239.4:c.3166A>C,NP_057323.3:p.Thr1056Pro,0.191,10.64,['Unknown%20significance'],164.3,1.0,0.0,0.1,0.1
MYO15A,17,18121966,NM_016239.4:c.3166A>G,NP_057323.3:p.Thr1056Ala,0.204,0.318,['Unknown%20significance'],164.3,1.0,0.0,0.0,0.0
MYO15A,17,18121967,NM_016239.4:c.3167C>T,NP_057323.3:p.Thr1056Ile,0.124,1.575,['Unknown%20significance'],164.3,1.0,0.0,-0.1,0.1
MYO15A,17,18121973,NM_016239.4:c.3173G>A,NP_057323.3:p.Arg1058Lys,0.144,8.927,['Unknown%20significance'],247.04,0.91,0.0,0.1,0.1
MYO15A,17,18121974,NM_016239.4:c.3174G>C,NP_057323.3:p.Arg1058Ser,0.485,7.075,['Unknown%20significance'],247.04,0.91,0.0,0.1,0.1
MYO15A,17,18121975,NM_016239.4:c.3175C>T,NP_057323.3:p.Pro1059Ser,0.211,5.472,['Unknown%20significance'],149.13,0.94,0.0,0.1,0.1
MYO15A,17,18121979,NM_016239.4:c.3179G>A,NP_057323.3:p.Ser1060Asn,0.243,21.3,['Unknown%20significance'],95.46,0.69,0.0,0.0,0.0
MYO15A,17,18121980,NM_016239.4:c.3180C>A,NP_057323.3:p.Ser1060Arg,0.368,13.44,['Unknown%20significance'],95.46,0.69,0.0,-0.1,0.1
MYO15A,17,18121981,NM_016239.4:c.3181C>T,NP_057323.3:p.Leu1061Phe,0.150,6.962,['Unknown%20significance'],167.31,0.86,0.0,0.0,0.0
MYO15A,17,18121984,NM_016239.4:c.3184T>C,NP_057323.3:p.Ser1062Pro,0.451,24.4,['Unknown%20significance'],112.57,0.81,0.0,0.1,0.1
MYO15A,17,18121987,NM_016239.4:c.3187T>C,NP_057323.3:p.Tyr1063His,0.121,1.154,['Unknown%20significance'],194.09,0.8,0.0,0.2,0.2
MYO15A,17,18121990,NM_016239.4:c.3190C>G,NP_057323.3:p.Pro1064Ala,0.288,14.44,['Unknown%20significance'],128.32,0.81,0.0,0.0,0.0
MYO15A,17,18121990,NM_016239.4:c.3190C>T,NP_057323.3:p.Pro1064Ser,0.279,22.3,['Unknown%20significance'],128.32,0.81,0.0,0.1,0.1
MYO15A,17,18121991,NM_016239.4:c.3191C>G,NP_057323.3:p.Pro1064Arg,0.322,22.7,['Unknown%20significance'],128.32,0.81,0.0,-0.0,0.0
MYO15A,17,18121996,NM_016239.4:c.3196G>A,NP_057323.3:p.Ala1066Thr,0.063,9.892,['Unknown%20significance'],87.02,0.68,0.0,0.1,0.1
MYO15A,17,18121996,NM_016239.4:c.3196G>C,NP_057323.3:p.Ala1066Pro,0.196,15.58,['Pathogenic'],87.02,0.68,0.0,0.3,0.3
MYO15A,17,18121997,NM_016239.4:c.3197C>T,NP_057323.3:p.Ala1066Val,0.095,13.65,['Unknown%20significance'],87.02,0.68,0.0,-0.1,0.1
MYO15A,17,18121999,NM_016239.4:c.3199G>A,NP_057323.3:p.Ala1067Thr,0.120,0.141,['Unknown%20significance'],122.78,0.96,0.0,-0.0,0.0
MYO15A,17,18122000,NM_016239.4:c.3200C>T,NP_057323.3:p.Ala1067Val,0.106,2.876,['Unknown%20significance'],122.78,0.96,0.0,-0.1,0.1
MYO15A,17,18122002,NM_016239.4:c.3202T>C,NP_057323.3:p.Cys1068Arg,0.163,0.714,['Unknown%20significance'],137.67,0.89,0.0,0.2,0.2
MYO15A,17,18122003,NM_016239.4:c.3203G>A,NP_057323.3:p.Cys1068Tyr,0.090,4.652,['Unknown%20significance'],137.67,0.89,0.0,0.1,0.1
MYO15A,17,18122003,NM_016239.4:c.3203G>T,NP_057323.3:p.Cys1068Phe,0.115,6.862,['Unknown%20significance'],137.67,0.89,0.0,0.2,0.2
MYO15A,17,18122005,NM_016239.4:c.3205G>A,NP_057323.3:p.Asp1069Asn,0.178,15.53,['Unknown%20significance'],122.7,0.76,0.0,0.0,0.0
MYO15A,17,18122008,NM_016239.4:c.3208C>A,NP_057323.3:p.Gln1070Lys,0.188,4.125,['Unknown%20significance'],168.34,0.85,0.0,0.2,0.2
MYO15A,17,18122014,NM_016239.4:c.3214A>G,NP_057323.3:p.Arg1072Gly,0.365,22.2,['Unknown%20significance'],259.09,0.96,0.0,0.1,0.1
MYO15A,17,18122015,NM_016239.4:c.3215G>C,NP_057323.3:p.Arg1072Thr,0.371,18.09,['Unknown%20significance'],259.09,0.96,0.0,0.0,0.0
MYO15A,17,18122017,NM_016239.4:c.3217G>A,NP_057323.3:p.Ala1073Thr,0.115,20.6,['Unknown%20significance'],82.36,0.64,0.0,-0.0,0.0
MYO15A,17,18122017,NM_016239.4:c.3217G>C,NP_057323.3:p.Ala1073Pro,0.232,23.0,['Unknown%20significance'],82.36,0.64,0.0,0.2,0.2
MYO15A,17,18122023,NM_016239.4:c.3223T>G,NP_057323.3:p.Trp1075Gly,0.276,15.30,['Unknown%20significance'],265.53,1.0,0.0,0.2,0.2
MYO15A,17,18122026,NM_016239.4:c.3226C>A,NP_057323.3:p.Pro1076Thr,0.470,21.2,['Unknown%20significance'],65.59,0.41,0.0,0.1,0.1
MYO15A,17,18122026,NM_016239.4:c.3226C>T,NP_057323.3:p.Pro1076Ser,0.292,17.59,['Unknown%20significance'],65.59,0.41,0.0,0.3,0.3
MYO15A,17,18122029,NM_016239.4:c.3229C>T,NP_057323.3:p.Pro1077Ser,0.121,7.751,['Unknown%20significance'],142.29,0.9,0.0,0.1,0.1
MYO15A,17,18122030,NM_016239.4:c.3230C>T,NP_057323.3:p.Pro1077Leu,0.155,6.677,['Unknown%20significance'],142.29,0.9,0.0,-0.0,0.0
MYO15A,17,18122032,NM_016239.4:c.3232T>C,NP_057323.3:p.Trp1078Arg,0.605,22.7,['Unknown%20significance'],232.43,0.88,0.0,0.3,0.3
MYO15A,17,18122035,NM_016239.4:c.3235C>T,NP_057323.3:p.His1079Tyr,0.197,18.03,['Unknown%20significance'],192.04,0.93,0.0,-0.0,0.0
MYO15A,17,18122038,NM_016239.4:c.3238C>T,NP_057323.3:p.Arg1080Cys,0.501,25.4,['Unknown%20significance'],188.2,0.69,0.0,0.5,0.5
MYO15A,17,18122039,NM_016239.4:c.3239G>A,NP_057323.3:p.Arg1080His,0.224,19.61,['Likely%20benign'],188.2,0.69,0.0,0.2,0.2
MYO15A,17,18122039,NM_016239.4:c.3239G>C,NP_057323.3:p.Arg1080Pro,0.554,24.0,['Unknown%20significance'],188.2,0.69,0.0,0.4,0.4
MYO15A,17,18122039,NM_016239.4:c.3239G>T,NP_057323.3:p.Arg1080Leu,0.406,22.6,['Unknown%20significance'],188.2,0.69,0.0,0.0,0.0
MYO15A,17,18122041,NM_016239.4:c.3241T>G,NP_057323.3:p.Trp1081Gly,0.695,25.6,['Unknown%20significance'],165.9,0.63,0.0,0.7,0.7
MYO15A,17,18122043,NM_016239.4:c.3243G>C,NP_057323.3:p.Trp1081Cys,0.613,27.4,['Unknown%20significance'],165.9,0.63,0.0,0.6,0.6
MYO15A,17,18122045,NM_016239.4:c.3245G>A,NP_057323.3:p.Gly1082Glu,0.107,18.53,['Unknown%20significance'],91.25,0.95,0.0,0.0,0.0
MYO15A,17,18122047,NM_016239.4:c.3247A>G,NP_057323.3:p.Thr1083Ala,0.102,22.5,['Unknown%20significance'],108.8,0.69,0.0,0.4,0.4
MYO15A,17,18122048,NM_016239.4:c.3248C>T,NP_057323.3:p.Thr1083Ile,0.395,22.7,['Unknown%20significance'],108.8,0.69,0.0,0.1,0.1
MYO15A,17,18122053,NM_016239.4:c.3253C>A,NP_057323.3:p.Pro1085Thr,0.196,19.01,['Unknown%20significance'],130.92,0.83,0.0,0.2,0.2
MYO15A,17,18122053,NM_016239.4:c.3253C>T,NP_057323.3:p.Pro1085Ser,0.237,15.88,['Unknown%20significance'],130.92,0.83,0.0,0.2,0.2
MYO15A,17,18122054,NM_016239.4:c.3254C>T,NP_057323.3:p.Pro1085Leu,0.262,20.7,['Unknown%20significance'],130.92,0.83,0.0,0.1,0.1
MYO15A,17,18122056,NM_016239.4:c.3256C>A,NP_057323.3:p.Gln1086Lys,0.079,9.135,['Unknown%20significance'],176.1,0.89,0.0,0.1,0.1
MYO15A,17,18122057,NM_016239.4:c.3257A>G,NP_057323.3:p.Gln1086Arg,0.169,8.614,['Unknown%20significance'],176.1,0.89,0.0,-0.1,0.1
MYO15A,17,18122059,NM_016239.4:c.3259G>A,NP_057323.3:p.Ala1087Thr,0.114,0.819,['Unknown%20significance'],102.38,0.8,0.0,-0.1,0.1
MYO15A,17,18122060,NM_016239.4:c.3260C>G,NP_057323.3:p.Ala1087Gly,0.057,6.222,['Unknown%20significance'],102.38,0.8,0.0,0.1,0.1
MYO15A,17,18122062,NM_016239.4:c.3262G>A,NP_057323.3:p.Ala1088Thr,0.167,5.946,['Unknown%20significance'],101.69,0.79,0.0,-0.1,0.1
MYO15A,17,18122062,NM_016239.4:c.3262G>T,NP_057323.3:p.Ala1088Ser,0.163,3.649,['Unknown%20significance'],101.69,0.79,0.0,-0.0,0.0
MYO15A,17,18122065,NM_016239.4:c.3265G>A,NP_057323.3:p.Ala1089Thr,0.227,15.06,['Unknown%20significance'],91.46,0.71,0.0,0.1,0.1
MYO15A,17,18122065,NM_016239.4:c.3265G>C,NP_057323.3:p.Ala1089Pro,0.279,15.27,['Unknown%20significance'],91.46,0.71,0.0,0.3,0.3
MYO15A,17,18122066,NM_016239.4:c.3266C>A,NP_057323.3:p.Ala1089Asp,0.173,10.66,['Unknown%20significance'],91.46,0.71,0.0,0.4,0.4
MYO15A,17,18122066,NM_016239.4:c.3266C>T,NP_057323.3:p.Ala1089Val,0.144,5.836,['Unknown%20significance'],91.46,0.71,0.0,0.0,0.0
MYO15A,17,18122068,NM_016239.4:c.3268C>A,NP_057323.3:p.Pro1090Thr,0.095,13.03,['Unknown%20significance'],134.91,0.85,0.0,0.4,0.4
MYO15A,17,18122068,NM_016239.4:c.3268C>G,NP_057323.3:p.Pro1090Ala,0.149,6.958,['Unknown%20significance'],134.91,0.85,0.0,0.4,0.4
MYO15A,17,18122073,NM_016239.4:c.3273G>C,NP_057323.3:p.Leu1091Phe,0.305,18.25,['Unknown%20significance'],198.28,1.0,0.0,0.0,0.0
MYO15A,17,18122074,NM_016239.4:c.3274G>A,NP_057323.3:p.Ala1092Thr,0.287,14.51,['Unknown%20significance'],78.02,0.61,0.0,0.1,0.1
MYO15A,17,18122074,NM_016239.4:c.3274G>T,NP_057323.3:p.Ala1092Ser,0.261,13.03,['Unknown%20significance'],78.02,0.61,0.0,0.2,0.2
MYO15A,17,18122075,NM_016239.4:c.3275C>T,NP_057323.3:p.Ala1092Val,0.116,2.881,['Unknown%20significance'],78.02,0.61,0.0,-0.1,0.1
MYO15A,17,18122078,NM_016239.4:c.3278C>T,NP_057323.3:p.Pro1093Leu,0.175,19.77,['Unknown%20significance'],132.71,0.84,0.0,0.1,0.1
MYO15A,17,18122080,NM_016239.4:c.3280A>C,NP_057323.3:p.Ile1094Leu,0.121,8.645,['Unknown%20significance'],148.24,0.75,0.0,0.1,0.1
MYO15A,17,18122081,NM_016239.4:c.3281T>C,NP_057323.3:p.Ile1094Thr,0.137,0.072,['Unknown%20significance'],148.24,0.75,0.0,-0.0,0.0
MYO15A,17,18122085,NM_016239.4:c.3285G>T,NP_057323.3:p.Arg1095Ser,0.107,0.649,['Unknown%20significance'],234.88,0.87,0.0,0.1,0.1
MYO15A,17,18122086,NM_016239.4:c.3286G>T,NP_057323.3:p.Ala1096Ser,0.054,6.542,['Unknown%20significance'],103.96,0.81,0.0,0.1,0.1
MYO15A,17,18122087,NM_016239.4:c.3287C>G,NP_057323.3:p.Ala1096Gly,0.065,11.00,['Unknown%20significance'],103.96,0.81,0.0,0.3,0.3
MYO15A,17,18122087,NM_016239.4:c.3287C>T,NP_057323.3:p.Ala1096Val,0.103,15.63,['Unknown%20significance'],103.96,0.81,0.0,0.0,0.0
MYO15A,17,18122090,NM_016239.4:c.3290C>G,NP_057323.3:p.Pro1097Arg,0.244,17.99,['Unknown%20significance'],121.63,0.77,0.0,0.1,0.1
MYO15A,17,18122094,NM_016239.4:c.3294G>T,NP_057323.3:p.Glu1098Asp,0.109,5.312,['Unknown%20significance'],167.44,0.85,0.0,0.0,0.0
MYO15A,17,18122095,NM_016239.4:c.3295C>T,NP_057323.3:p.Pro1099Ser,0.065,7.016,['Unknown%20significance'],135.86,0.86,0.0,0.3,0.3
MYO15A,17,18122096,NM_016239.4:c.3296C>A,NP_057323.3:p.Pro1099His,0.216,12.84,['Unknown%20significance'],135.86,0.86,0.0,0.2,0.2
MYO15A,17,18122096,NM_016239.4:c.3296C>T,NP_057323.3:p.Pro1099Leu,0.155,12.06,['Unknown%20significance'],135.86,0.86,0.0,0.1,0.1
MYO15A,17,18122099,NM_016239.4:c.3299T>A,NP_057323.3:p.Leu1100Gln,0.299,22.3,['Unknown%20significance'],184.86,0.95,0.0,0.2,0.2
MYO15A,17,18122101,NM_016239.4:c.3301C>T,NP_057323.3:p.Pro1101Ser,0.205,14.50,['Unknown%20significance'],126.61,0.8,0.0,0.2,0.2
MYO15A,17,18122102,NM_016239.4:c.3302C>A,NP_057323.3:p.Pro1101His,0.265,19.13,['Unknown%20significance'],126.61,0.8,0.0,0.2,0.2
MYO15A,17,18122102,NM_016239.4:c.3302C>T,NP_057323.3:p.Pro1101Leu,0.080,15.10,['Unknown%20significance'],126.61,0.8,0.0,0.0,0.0
MYO15A,17,18122105,NM_016239.4:c.3305A>T,NP_057323.3:p.Lys1102Met,0.139,14.61,['Unknown%20significance'],218.75,0.92,0.0,-0.0,0.0
MYO15A,17,18122106,NM_016239.4:c.3306G>C,NP_057323.3:p.Lys1102Asn,0.078,11.51,['Unknown%20significance'],218.75,0.92,0.0,0.0,0.0
MYO15A,17,18122107,NM_016239.4:c.3307G>A,NP_057323.3:p.Gly1103Arg,0.137,6.164,['Unknown%20significance'],81.13,0.85,0.0,-0.2,0.2
MYO15A,17,18122107,NM_016239.4:c.3307G>C,NP_057323.3:p.Gly1103Arg,0.126,5.768,['Unknown%20significance'],81.13,0.85,0.0,-0.2,0.2
MYO15A,17,18122107,NM_016239.4:c.3307G>T,NP_057323.3:p.Gly1103Trp,0.203,14.32,['Unknown%20significance'],81.13,0.85,0.0,-0.2,0.2
MYO15A,17,18122108,NM_016239.4:c.3308G>A,NP_057323.3:p.Gly1103Glu,0.223,0.001,['Unknown%20significance'],81.13,0.85,0.0,-0.0,0.0
MYO15A,17,18122108,NM_016239.4:c.3308G>C,NP_057323.3:p.Gly1103Ala,0.200,0.001,['Unknown%20significance'],81.13,0.85,0.0,-0.1,0.1
MYO15A,17,18122108,NM_016239.4:c.3308G>T,NP_057323.3:p.Gly1103Val,0.228,0.001,['Unknown%20significance'],81.13,0.85,0.0,-0.1,0.1
MYO15A,17,18122110,NM_016239.4:c.3310G>A,NP_057323.3:p.Gly1104Ser,0.079,15.16,['Unknown%20significance'],71.78,0.75,0.0,0.0,0.0
MYO15A,17,18122110,NM_016239.4:c.3310G>C,NP_057323.3:p.Gly1104Arg,0.097,18.60,['Unknown%20significance'],71.78,0.75,0.0,-0.1,0.1
MYO15A,17,18122110,NM_016239.4:c.3310G>T,NP_057323.3:p.Gly1104Cys,0.159,19.38,['Unknown%20significance'],71.78,0.75,0.0,0.3,0.3
MYO15A,17,18122111,NM_016239.4:c.3311G>A,NP_057323.3:p.Gly1104Asp,0.128,12.57,['Unknown%20significance'],71.78,0.75,0.0,-0.0,0.0
MYO15A,17,18122111,NM_016239.4:c.3311G>T,NP_057323.3:p.Gly1104Val,0.151,16.95,['Unknown%20significance'],71.78,0.75,0.0,0.1,0.1
MYO15A,17,18122113,NM_016239.4:c.3313G>A,NP_057323.3:p.Glu1105Lys,0.108,10.81,['Unknown%20significance'],165.8,0.84,0.0,0.0,0.0
MYO15A,17,18122116,NM_016239.4:c.3316C>G,NP_057323.3:p.Arg1106Gly,0.097,9.581,['Unknown%20significance'],211.32,0.78,0.0,0.4,0.4
MYO15A,17,18122116,NM_016239.4:c.3316C>T,NP_057323.3:p.Arg1106Trp,0.160,8.099,['Unknown%20significance'],211.32,0.78,0.0,0.1,0.1
MYO15A,17,18122117,NM_016239.4:c.3317G>A,NP_057323.3:p.Arg1106Gln,0.132,0.267,['Unknown%20significance'],211.32,0.78,0.0,0.2,0.2
MYO15A,17,18122117,NM_016239.4:c.3317G>T,NP_057323.3:p.Arg1106Leu,0.144,4.619,['Unknown%20significance'],211.32,0.78,0.0,0.2,0.2
MYO15A,17,18122119,NM_016239.4:c.3319C>A,NP_057323.3:p.Arg1107Ser,0.089,4.233,['Unknown%20significance'],268.83,0.99,0.0,0.1,0.1
MYO15A,17,18122119,NM_016239.4:c.3319C>G,NP_057323.3:p.Arg1107Gly,0.128,5.620,['Unknown%20significance'],268.83,0.99,0.0,0.1,0.1
MYO15A,17,18122119,NM_016239.4:c.3319C>T,NP_057323.3:p.Arg1107Cys,0.141,9.503,['Unknown%20significance'],268.83,0.99,0.0,0.1,0.1
MYO15A,17,18122120,NM_016239.4:c.3320G>A,NP_057323.3:p.Arg1107His,0.115,0.187,['Unknown%20significance'],268.83,0.99,0.0,0.0,0.0
MYO15A,17,18122120,NM_016239.4:c.3320G>T,NP_057323.3:p.Arg1107Leu,0.184,0.112,['Unknown%20significance'],268.83,0.99,0.0,0.0,0.0
MYO15A,17,18122123,NM_016239.4:c.3323A>G,NP_057323.3:p.Gln1108Arg,0.099,5.227,['Unknown%20significance'],183.05,0.92,0.0,-0.0,0.0
MYO15A,17,18122125,NM_016239.4:c.3325G>A,NP_057323.3:p.Ala1109Thr,0.135,12.81,['Unknown%20significance'],103.31,0.81,0.0,0.0,0.0
MYO15A,17,18122126,NM_016239.4:c.3326C>A,NP_057323.3:p.Ala1109Glu,0.128,5.615,['Unknown%20significance'],103.31,0.81,0.0,0.1,0.1
MYO15A,17,18122131,NM_016239.4:c.3331C>A,NP_057323.3:p.Pro1111Thr,0.157,17.21,['Unknown%20significance'],152.42,0.96,0.0,0.1,0.1
MYO15A,17,18122131,NM_016239.4:c.3331C>T,NP_057323.3:p.Pro1111Ser,0.133,14.13,['Unknown%20significance'],152.42,0.96,0.0,0.1,0.1
MYO15A,17,18122132,NM_016239.4:c.3332C>T,NP_057323.3:p.Pro1111Leu,0.325,20.8,['Unknown%20significance'],152.42,0.96,0.0,0.1,0.1
MYO15A,17,18122135,NM_016239.4:c.3335G>A,NP_057323.3:p.Gly1112Glu,0.435,24.4,['Unknown%20significance'],79.88,0.83,0.0,0.2,0.2
MYO15A,17,18122137,NM_016239.4:c.3337C>A,NP_057323.3:p.Arg1113Ser,0.333,23.5,['Unknown%20significance'],175.53,0.65,0.0,0.7,0.7
MYO15A,17,18122137,NM_016239.4:c.3337C>G,NP_057323.3:p.Arg1113Gly,0.396,23.7,['Unknown%20significance'],175.53,0.65,0.0,1.1,1.1
MYO15A,17,18122137,NM_016239.4:c.3337C>T,NP_057323.3:p.Arg1113Cys,0.367,24.3,['Unknown%20significance'],175.53,0.65,0.0,0.8,0.8
MYO15A,17,18122138,NM_016239.4:c.3338G>A,NP_057323.3:p.Arg1113His,0.402,25.1,['Unknown%20significance'],175.53,0.65,0.0,0.3,0.3
MYO15A,17,18122138,NM_016239.4:c.3338G>T,NP_057323.3:p.Arg1113Leu,0.432,23.5,['Unknown%20significance'],175.53,0.65,0.0,0.3,0.3
MYO15A,17,18122140,NM_016239.4:c.3340T>C,NP_057323.3:p.Phe1114Leu,0.282,22.7,['Unknown%20significance'],137.65,0.59,0.0,0.5,0.5
MYO15A,17,18122144,NM_016239.4:c.3344C>T,NP_057323.3:p.Ala1115Val,0.483,25.6,['Unknown%20significance'],46.49,0.36,0.0,0.3,0.3
MYO15A,17,18122146,NM_016239.4:c.3346G>C,NP_057323.3:p.Val1116Leu,0.211,23.1,['Unknown%20significance'],106.68,0.62,0.0,0.6,0.6
MYO15A,17,18122147,NM_016239.4:c.3347T>C,NP_057323.3:p.Val1116Ala,0.260,23.7,['Unknown%20significance'],106.68,0.62,0.0,1.1,1.1
MYO15A,17,18122152,NM_016239.4:c.3352A>C,NP_057323.3:p.Met1118Leu,0.224,17.14,['Unknown%20significance'],132.13,0.61,0.0,0.2,0.2
MYO15A,17,18122152,NM_016239.4:c.3352A>G,NP_057323.3:p.Met1118Val,0.264,19.82,['Unknown%20significance'],132.13,0.61,0.0,0.3,0.3
MYO15A,17,18122153,NM_016239.4:c.3353T>C,NP_057323.3:p.Met1118Thr,0.228,17.80,['Unknown%20significance'],132.13,0.61,0.0,0.7,0.7
MYO15A,17,18122154,NM_016239.4:c.3354G>A,NP_057323.3:p.Met1118Ile,0.211,22.2,['Unknown%20significance'],132.13,0.61,0.0,0.3,0.3
MYO15A,17,18122154,NM_016239.4:c.3354G>T,NP_057323.3:p.Met1118Ile,0.223,22.0,['Unknown%20significance'],132.13,0.61,0.0,0.3,0.3
MYO15A,17,18122155,NM_016239.4:c.3355C>T,NP_057323.3:p.Pro1119Ser,0.419,24.6,['Unknown%20significance'],143.53,0.91,0.0,0.5,0.5
MYO15A,17,18122158,NM_016239.4:c.3358C>G,NP_057323.3:p.Arg1120Gly,0.119,19.95,['Unknown%20significance'],148.62,0.55,0.0,0.9,0.9
MYO15A,17,18122158,NM_016239.4:c.3358C>T,NP_057323.3:p.Arg1120Cys,0.228,22.2,['Unknown%20significance'],148.62,0.55,0.0,0.6,0.6
MYO15A,17,18122159,NM_016239.4:c.3359G>A,NP_057323.3:p.Arg1120His,0.167,7.683,['Benign'],148.62,0.55,0.0,0.0,0.0
MYO15A,17,18122159,NM_016239.4:c.3359G>C,NP_057323.3:p.Arg1120Pro,0.186,8.325,['Unknown%20significance'],148.62,0.55,0.0,0.5,0.5
MYO15A,17,18122161,NM_016239.4:c.3361G>A,NP_057323.3:p.Val1121Met,0.181,20.9,['Unknown%20significance'],124.59,0.72,0.0,0.3,0.3
MYO15A,17,18122165,NM_016239.4:c.3365A>T,NP_057323.3:p.Gln1122Leu,0.219,21.5,['Unknown%20significance'],144.69,0.73,0.0,0.1,0.1
MYO15A,17,18122170,NM_016239.4:c.3370C>G,NP_057323.3:p.Leu1124Val,0.121,11.54,['Unknown%20significance'],155.14,0.8,0.0,0.2,0.2
MYO15A,17,18122171,NM_016239.4:c.3371T>C,NP_057323.3:p.Leu1124Pro,0.440,24.4,['Unknown%20significance'],155.14,0.8,0.0,0.4,0.4
MYO15A,17,18122175,NM_016239.4:c.3375C>A,NP_057323.3:p.Ser1125Arg,0.241,17.78,['Unknown%20significance'],103.46,0.75,0.0,0.0,0.0
MYO15A,17,18122177,NM_016239.4:c.3377C>T,NP_057323.3:p.Ser1126Phe,0.268,23.0,['Unknown%20significance'],115.34,0.83,0.0,0.1,0.1
MYO15A,17,18122179,NM_016239.4:c.3379T>A,NP_057323.3:p.Phe1127Ile,0.258,20.4,['Unknown%20significance'],187.16,0.81,0.0,0.5,0.5
MYO15A,17,18122180,NM_016239.4:c.3380T>C,NP_057323.3:p.Phe1127Ser,0.404,23.5,['Unknown%20significance'],187.16,0.81,0.0,0.7,0.7
MYO15A,17,18122180,NM_016239.4:c.3380T>G,NP_057323.3:p.Phe1127Cys,0.437,25.0,['Unknown%20significance'],187.16,0.81,0.0,0.7,0.7
MYO15A,17,18122181,NM_016239.4:c.3381C>A,NP_057323.3:p.Phe1127Leu,0.258,14.90,['Unknown%20significance'],187.16,0.81,0.0,0.4,0.4
MYO15A,17,18122181,NM_016239.4:c.3381C>G,NP_057323.3:p.Phe1127Leu,0.258,15.01,['Unknown%20significance'],187.16,0.81,0.0,0.4,0.4
MYO15A,17,18122183,NM_016239.4:c.3383A>G,NP_057323.3:p.Gln1128Arg,0.129,17.33,['Unknown%20significance'],148.57,0.75,0.0,-0.1,0.1
MYO15A,17,18122184,NM_016239.4:c.3384G>C,NP_057323.3:p.Gln1128His,0.308,22.7,['Unknown%20significance'],148.57,0.75,0.0,-0.0,0.0
MYO15A,17,18122185,NM_016239.4:c.3385C>G,NP_057323.3:p.Arg1129Gly,0.094,16.61,['Unknown%20significance'],210.99,0.78,0.0,0.5,0.5
MYO15A,17,18122186,NM_016239.4:c.3386G>A,NP_057323.3:p.Arg1129Gln,0.145,0.417,['Likely%20benign'],210.99,0.78,0.0,0.2,0.2
MYO15A,17,18122186,NM_016239.4:c.3386G>C,NP_057323.3:p.Arg1129Pro,0.148,5.239,['Unknown%20significance'],210.99,0.78,0.0,0.3,0.3
MYO15A,17,18122188,NM_016239.4:c.3388G>A,NP_057323.3:p.Val1130Ile,0.075,4.663,['Unknown%20significance'],137.94,0.8,0.0,0.0,0.0
MYO15A,17,18122188,NM_016239.4:c.3388G>T,NP_057323.3:p.Val1130Phe,0.158,6.912,['Unknown%20significance'],137.94,0.8,0.0,0.0,0.0
MYO15A,17,18122192,NM_016239.4:c.3392G>T,NP_057323.3:p.Gly1131Val,0.281,13.70,['Unknown%20significance'],64.18,0.67,0.0,-0.1,0.1
MYO15A,17,18122194,NM_016239.4:c.3394C>A,NP_057323.3:p.Pro1132Thr,0.099,7.591,['Unknown%20significance'],130.46,0.82,0.0,0.1,0.1
MYO15A,17,18122194,NM_016239.4:c.3394C>T,NP_057323.3:p.Pro1132Ser,0.136,8.061,['Unknown%20significance'],130.46,0.82,0.0,0.3,0.3
MYO15A,17,18122197,NM_016239.4:c.3397G>A,NP_057323.3:p.Ala1133Thr,0.072,11.61,['Unknown%20significance'],75.13,0.59,0.0,0.1,0.1
MYO15A,17,18122200,NM_016239.4:c.3400A>G,NP_057323.3:p.Thr1134Ala,0.233,0.005,['Unknown%20significance'],110.59,0.7,0.0,0.2,0.2
MYO15A,17,18122201,NM_016239.4:c.3401C>A,NP_057323.3:p.Thr1134Asn,0.155,7.228,['Unknown%20significance'],110.59,0.7,0.0,0.2,0.2
MYO15A,17,18122201,NM_016239.4:c.3401C>T,NP_057323.3:p.Thr1134Ile,0.145,8.774,['Unknown%20significance'],110.59,0.7,0.0,-0.1,0.1
MYO15A,17,18122203,NM_016239.4:c.3403C>G,NP_057323.3:p.Leu1135Val,0.105,0.950,['Unknown%20significance'],132.32,0.68,0.0,0.1,0.1
MYO15A,17,18122209,NM_016239.4:c.3409C>A,NP_057323.3:p.Pro1137Thr,0.152,6.723,['Unknown%20significance'],116.24,0.73,0.0,0.3,0.3
MYO15A,17,18122209,NM_016239.4:c.3409C>G,NP_057323.3:p.Pro1137Ala,0.121,5.723,['Unknown%20significance'],116.24,0.73,0.0,0.3,0.3
MYO15A,17,18122212,NM_016239.4:c.3412C>G,NP_057323.3:p.Gln1138Glu,0.146,0.188,['Unknown%20significance'],115.79,0.58,0.0,0.2,0.2
MYO15A,17,18122213,NM_016239.4:c.3413A>G,NP_057323.3:p.Gln1138Arg,0.156,0.054,['Benign'],115.79,0.58,0.0,0.0,0.0
MYO15A,17,18122214,NM_016239.4:c.3414A>T,NP_057323.3:p.Gln1138His,0.191,0.002,['Unknown%20significance'],115.79,0.58,0.0,-0.0,0.0
MYO15A,17,18122215,NM_016239.4:c.3415G>A,NP_057323.3:p.Val1139Ile,0.097,1.078,['Unknown%20significance'],136.18,0.79,0.0,0.1,0.1
MYO15A,17,18122221,NM_016239.4:c.3421C>G,NP_057323.3:p.Pro1141Ala,0.077,0.113,['Unknown%20significance'],119.53,0.75,0.0,0.1,0.1
MYO15A,17,18122224,NM_016239.4:c.3424A>C,NP_057323.3:p.Ile1142Leu,0.171,1.972,['Unknown%20significance'],188.68,0.96,0.0,0.0,0.0
MYO15A,17,18122224,NM_016239.4:c.3424A>G,NP_057323.3:p.Ile1142Val,0.168,0.579,['Unknown%20significance'],188.68,0.96,0.0,0.0,0.0
MYO15A,17,18122224,NM_016239.4:c.3424A>T,NP_057323.3:p.Ile1142Phe,0.112,9.550,['Unknown%20significance'],188.68,0.96,0.0,-0.0,0.0
MYO15A,17,18122225,NM_016239.4:c.3425T>A,NP_057323.3:p.Ile1142Asn,0.066,3.287,['Unknown%20significance'],188.68,0.96,0.0,0.0,0.0
MYO15A,17,18122230,NM_016239.4:c.3430G>A,NP_057323.3:p.Asp1144Asn,0.250,14.20,['Unknown%20significance'],87.84,0.54,0.0,-0.1,0.1
MYO15A,17,18122231,NM_016239.4:c.3431A>C,NP_057323.3:p.Asp1144Ala,0.079,13.78,['Unknown%20significance'],87.84,0.54,0.0,-0.1,0.1
MYO15A,17,18122232,NM_016239.4:c.3432C>A,NP_057323.3:p.Asp1144Glu,0.157,0.009,['Unknown%20significance'],87.84,0.54,0.0,-0.0,0.0
MYO15A,17,18122233,NM_016239.4:c.3433C>A,NP_057323.3:p.Pro1145Thr,0.056,3.226,['Unknown%20significance'],126.86,0.8,0.0,-0.0,0.0
MYO15A,17,18122233,NM_016239.4:c.3433C>T,NP_057323.3:p.Pro1145Ser,0.050,3.385,['Unknown%20significance'],126.86,0.8,0.0,0.0,0.0
MYO15A,17,18122237,NM_016239.4:c.3437A>G,NP_057323.3:p.Lys1146Arg,0.078,9.441,['Unknown%20significance'],188.11,0.79,0.0,-0.3,0.3
MYO15A,17,18122239,NM_016239.4:c.3439C>A,NP_057323.3:p.Pro1147Thr,0.132,3.749,['Unknown%20significance'],103.55,0.65,0.0,0.2,0.2
MYO15A,17,18122240,NM_016239.4:c.3440C>A,NP_057323.3:p.Pro1147Gln,0.052,7.147,['Unknown%20significance'],103.55,0.65,0.0,0.1,0.1
MYO15A,17,18122240,NM_016239.4:c.3440C>G,NP_057323.3:p.Pro1147Arg,0.042,12.61,['Unknown%20significance'],103.55,0.65,0.0,0.1,0.1
MYO15A,17,18122240,NM_016239.4:c.3440C>T,NP_057323.3:p.Pro1147Leu,0.080,8.040,['Unknown%20significance'],103.55,0.65,0.0,0.1,0.1
MYO15A,17,18122243,NM_016239.4:c.3443G>C,NP_057323.3:p.Arg1148Thr,0.105,6.988,['Unknown%20significance'],260.16,0.96,0.0,0.1,0.1
MYO15A,17,18122245,NM_016239.4:c.3445G>A,NP_057323.3:p.Ala1149Thr,0.180,9.000,['Unknown%20significance'],96.08,0.75,0.0,0.1,0.1
MYO15A,17,18122246,NM_016239.4:c.3446C>A,NP_057323.3:p.Ala1149Asp,0.308,17.42,['Unknown%20significance'],96.08,0.75,0.0,0.3,0.3
MYO15A,17,18122249,NM_016239.4:c.3449G>A,NP_057323.3:p.Cys1150Tyr,0.223,8.458,['Unknown%20significance'],146.6,0.94,0.0,-0.1,0.1
MYO15A,17,18122249,NM_016239.4:c.3449G>T,NP_057323.3:p.Cys1150Phe,0.245,9.363,['Unknown%20significance'],146.6,0.94,0.0,-0.1,0.1
MYO15A,17,18122251,NM_016239.4:c.3451A>C,NP_057323.3:p.Ser1151Arg,0.206,7.793,['Unknown%20significance'],104.02,0.75,0.0,0.0,0.0
MYO15A,17,18122251,NM_016239.4:c.3451A>G,NP_057323.3:p.Ser1151Gly,0.202,6.162,['Unknown%20significance'],104.02,0.75,0.0,0.2,0.2
MYO15A,17,18122252,NM_016239.4:c.3452G>A,NP_057323.3:p.Ser1151Asn,0.163,3.616,['Unknown%20significance'],104.02,0.75,0.0,0.2,0.2
MYO15A,17,18122255,NM_016239.4:c.3455T>G,NP_057323.3:p.Leu1152Arg,0.415,18.84,['Unknown%20significance'],194.86,1.0,0.0,0.1,0.1
MYO15A,17,18122257,NM_016239.4:c.3457C>T,NP_057323.3:p.Arg1153Cys,0.147,15.45,['Unknown%20significance'],204.88,0.76,0.0,0.2,0.2
MYO15A,17,18122258,NM_016239.4:c.3458G>A,NP_057323.3:p.Arg1153His,0.138,6.486,['Likely%20benign'],204.88,0.76,0.0,-0.1,0.1
MYO15A,17,18122258,NM_016239.4:c.3458G>T,NP_057323.3:p.Arg1153Leu,0.171,3.409,['Unknown%20significance'],204.88,0.76,0.0,-0.1,0.1
MYO15A,17,18122260,NM_016239.4:c.3460T>A,NP_057323.3:p.Trp1154Arg,0.140,12.80,['Unknown%20significance'],219.58,0.83,0.0,0.4,0.4
MYO15A,17,18122260,NM_016239.4:c.3460T>C,NP_057323.3:p.Trp1154Arg,0.138,13.10,['Unknown%20significance'],219.58,0.83,0.0,0.4,0.4
MYO15A,17,18122260,NM_016239.4:c.3460T>G,NP_057323.3:p.Trp1154Gly,0.251,17.29,['Unknown%20significance'],219.58,0.83,0.0,0.8,0.8
MYO15A,17,18122264,NM_016239.4:c.3464C>A,NP_057323.3:p.Ser1155Tyr,0.192,15.29,['Unknown%20significance'],114.12,0.82,0.0,-0.3,0.3
MYO15A,17,18122266,NM_016239.4:c.3466T>C,NP_057323.3:p.Cys1156Arg,0.119,1.216,['Unknown%20significance'],103.75,0.67,0.0,-0.0,0.0
MYO15A,17,18122267,NM_016239.4:c.3467G>A,NP_057323.3:p.Cys1156Tyr,0.150,0.068,['Unknown%20significance'],103.75,0.67,0.0,-0.3,0.3
MYO15A,17,18122269,NM_016239.4:c.3469C>T,NP_057323.3:p.Leu1157Phe,0.131,10.47,['Unknown%20significance'],160.59,0.83,0.0,0.1,0.1
MYO15A,17,18122272,NM_016239.4:c.3472T>G,NP_057323.3:p.Trp1158Gly,0.142,14.59,['Unknown%20significance'],255.06,0.97,0.0,0.2,0.2
MYO15A,17,18122275,NM_016239.4:c.3475C>A,NP_057323.3:p.Leu1159Ile,0.107,8.244,['Unknown%20significance'],166.41,0.86,0.0,0.1,0.1
MYO15A,17,18122278,NM_016239.4:c.3478C>G,NP_057323.3:p.Arg1160Gly,0.169,11.60,['Unknown%20significance'],251.67,0.93,0.0,0.1,0.1
MYO15A,17,18122278,NM_016239.4:c.3478C>T,NP_057323.3:p.Arg1160Trp,0.246,16.15,['Unknown%20significance'],251.67,0.93,0.0,-0.0,0.0
MYO15A,17,18122279,NM_016239.4:c.3479G>A,NP_057323.3:p.Arg1160Gln,0.132,0.048,['Unknown%20significance'],251.67,0.93,0.0,0.1,0.1
MYO15A,17,18122279,NM_016239.4:c.3479G>C,NP_057323.3:p.Arg1160Pro,0.165,0.012,['Likely%20benign'],251.67,0.93,0.0,0.0,0.0
MYO15A,17,18122279,NM_016239.4:c.3479G>T,NP_057323.3:p.Arg1160Leu,0.186,0.050,['Unknown%20significance'],251.67,0.93,0.0,0.0,0.0
MYO15A,17,18122281,NM_016239.4:c.3481G>A,NP_057323.3:p.Ala1161Thr,0.105,4.157,['Unknown%20significance'],88.45,0.69,0.0,-0.1,0.1
MYO15A,17,18122282,NM_016239.4:c.3482C>T,NP_057323.3:p.Ala1161Val,0.130,0.157,['Unknown%20significance'],88.45,0.69,0.0,-0.2,0.2
MYO15A,17,18122284,NM_016239.4:c.3484G>C,NP_057323.3:p.Asp1162His,0.181,1.551,['Unknown%20significance'],141.16,0.88,0.0,-0.1,0.1
MYO15A,17,18122285,NM_016239.4:c.3485A>T,NP_057323.3:p.Asp1162Val,0.138,8.008,['Unknown%20significance'],141.16,0.88,0.0,-0.1,0.1
MYO15A,17,18122287,NM_016239.4:c.3487G>A,NP_057323.3:p.Ala1163Thr,0.126,5.098,['Unknown%20significance'],89.95,0.7,0.0,0.0,0.0
MYO15A,17,18122288,NM_016239.4:c.3488C>A,NP_057323.3:p.Ala1163Asp,0.351,16.43,['Unknown%20significance'],89.95,0.7,0.0,0.4,0.4
MYO15A,17,18122291,NM_016239.4:c.3491A>C,NP_057323.3:p.Tyr1164Ser,0.212,0.838,['Unknown%20significance'],246.74,1.0,0.0,0.2,0.2
MYO15A,17,18122291,NM_016239.4:c.3491A>G,NP_057323.3:p.Tyr1164Cys,0.226,1.334,['Unknown%20significance'],246.74,1.0,0.0,0.2,0.2
MYO15A,17,18122294,NM_016239.4:c.3494G>T,NP_057323.3:p.Gly1165Val,0.140,0.071,['Unknown%20significance'],58.89,0.61,0.0,-0.6,0.6
MYO15A,17,18122296,NM_016239.4:c.3496C>T,NP_057323.3:p.Pro1166Ser,0.193,9.792,['Unknown%20significance'],143.66,0.91,0.0,0.2,0.2
MYO15A,17,18122297,NM_016239.4:c.3497C>G,NP_057323.3:p.Pro1166Arg,0.137,3.017,['Unknown%20significance'],143.66,0.91,0.0,0.1,0.1
MYO15A,17,18122302,NM_016239.4:c.3502C>T,NP_057323.3:p.Pro1168Ser,0.101,7.502,['Unknown%20significance'],136.15,0.86,0.0,0.1,0.1
MYO15A,17,18122303,NM_016239.4:c.3503C>T,NP_057323.3:p.Pro1168Leu,0.148,9.433,['Unknown%20significance'],136.15,0.86,0.0,-0.3,0.3
MYO15A,17,18122306,NM_016239.4:c.3506G>A,NP_057323.3:p.Arg1169Gln,0.121,0.064,['Unknown%20significance'],172.2,0.63,0.0,0.2,0.2
MYO15A,17,18122306,NM_016239.4:c.3506G>C,NP_057323.3:p.Arg1169Pro,0.575,0.218,['Unknown%20significance'],172.2,0.63,0.0,0.3,0.3
MYO15A,17,18122308,NM_016239.4:c.3508G>A,NP_057323.3:p.Val1170Ile,0.131,3.113,['Unknown%20significance'],114.22,0.66,0.0,-0.0,0.0
MYO15A,17,18122309,NM_016239.4:c.3509T>C,NP_057323.3:p.Val1170Ala,0.148,5.862,['Unknown%20significance'],114.22,0.66,0.0,0.5,0.5
MYO15A,17,18122311,NM_016239.4:c.3511C>A,NP_057323.3:p.His1171Asn,0.134,0.491,['Unknown%20significance'],189.9,0.92,0.0,0.1,0.1
MYO15A,17,18122311,NM_016239.4:c.3511C>T,NP_057323.3:p.His1171Tyr,0.060,0.236,['Unknown%20significance'],189.9,0.92,0.0,-0.0,0.0
MYO15A,17,18122312,NM_016239.4:c.3512A>G,NP_057323.3:p.His1171Arg,0.132,0.007,['Unknown%20significance'],189.9,0.92,0.0,-0.0,0.0
MYO15A,17,18122314,NM_016239.4:c.3514A>G,NP_057323.3:p.Thr1172Ala,0.151,0.008,['Unknown%20significance'],129.87,0.82,0.0,0.2,0.2
MYO15A,17,18122315,NM_016239.4:c.3515C>T,NP_057323.3:p.Thr1172Ile,0.134,8.108,['Unknown%20significance'],129.87,0.82,0.0,0.0,0.0
MYO15A,17,18122320,NM_016239.4:c.3520C>T,NP_057323.3:p.Pro1174Ser,0.120,0.181,['Unknown%20significance'],132.69,0.84,0.0,-0.0,0.0
MYO15A,17,18122321,NM_016239.4:c.3521C>T,NP_057323.3:p.Pro1174Leu,0.117,6.210,['Unknown%20significance'],132.69,0.84,0.0,-0.2,0.2
MYO15A,17,18122324,NM_016239.4:c.3524A>C,NP_057323.3:p.Gln1175Pro,0.151,1.425,['Unknown%20significance'],184.73,0.93,0.0,0.1,0.1
MYO15A,17,18122324,NM_016239.4:c.3524A>G,NP_057323.3:p.Gln1175Arg,0.138,0.450,['Unknown%20significance'],184.73,0.93,0.0,-0.1,0.1
MYO15A,17,18122324,NM_016239.4:c.3524A>T,NP_057323.3:p.Gln1175Leu,0.213,1.366,['Unknown%20significance'],184.73,0.93,0.0,-0.0,0.0
MYO15A,17,18122326,NM_016239.4:c.3526T>C,NP_057323.3:p.Ser1176Pro,0.293,16.75,['Unknown%20significance'],93.54,0.67,0.0,0.2,0.2
MYO15A,17,18122332,NM_016239.4:c.3532C>T,NP_057323.3:p.His1178Tyr,0.107,2.174,['Unknown%20significance'],195.67,0.95,0.0,-0.0,0.0
MYO15A,17,18122336,NM_016239.4:c.3536T>A,NP_057323.3:p.Leu1179Gln,0.307,16.32,['Unknown%20significance'],200.41,1.0,0.0,0.0,0.0
MYO15A,17,18122339,NM_016239.4:c.3539G>A,NP_057323.3:p.Gly1180Asp,0.145,15.15,['Unknown%20significance'],63.86,0.66,0.0,-0.1,0.1
MYO15A,17,18122339,NM_016239.4:c.3539G>T,NP_057323.3:p.Gly1180Val,0.283,18.90,['Unknown%20significance'],63.86,0.66,0.0,-0.1,0.1
MYO15A,17,18122341,NM_016239.4:c.3541C>T,NP_057323.3:p.Pro1181Ser,0.098,10.85,['Unknown%20significance'],151.51,0.96,0.0,0.1,0.1
MYO15A,17,18122342,NM_016239.4:c.3542C>T,NP_057323.3:p.Pro1181Leu,0.119,12.47,['Unknown%20significance'],151.51,0.96,0.0,0.0,0.0
MYO15A,17,18122344,NM_016239.4:c.3544G>A,NP_057323.3:p.Gly1182Arg,0.151,6.652,['Unknown%20significance'],75.07,0.78,0.0,-0.1,0.1
MYO15A,17,18122351,NM_016239.4:c.3551C>A,NP_057323.3:p.Ala1184Asp,0.107,8.261,['Unknown%20significance'],105.19,0.82,0.0,0.1,0.1
MYO15A,17,18122351,NM_016239.4:c.3551C>G,NP_057323.3:p.Ala1184Gly,0.070,8.421,['Unknown%20significance'],105.19,0.82,0.0,0.2,0.2
MYO15A,17,18122351,NM_016239.4:c.3551C>T,NP_057323.3:p.Ala1184Val,0.082,9.745,['Unknown%20significance'],105.19,0.82,0.0,-0.2,0.2
MYO15A,17,18122354,NM_016239.4:c.3554G>A,NP_057323.3:p.Cys1185Tyr,0.151,0.253,['Unknown%20significance'],114.01,0.73,0.0,0.0,0.0
MYO15A,17,18122363,NM_016239.4:c.3563T>G,NP_057323.3:p.Leu1188Arg,0.227,1.214,['Unknown%20significance'],180.84,0.93,0.0,0.0,0.0
MYO15A,17,18122366,NM_016239.4:c.3566G>A,NP_057323.3:p.Arg1189Lys,0.240,1.346,['Unknown%20significance'],268.51,0.99,0.0,0.1,0.1
MYO15A,17,18122369,NM_016239.4:c.3569G>A,NP_057323.3:p.Gly1190Asp,0.146,4.440,['Unknown%20significance'],85.04,0.89,0.0,0.0,0.0
MYO15A,17,18122372,NM_016239.4:c.3572C>T,NP_057323.3:p.Ser1191Phe,0.101,13.61,['Unknown%20significance'],90.02,0.65,0.0,-0.2,0.2
MYO15A,17,18122375,NM_016239.4:c.3575G>T,NP_057323.3:p.Trp1192Leu,0.299,17.03,['Unknown%20significance'],222.64,0.84,0.0,0.5,0.5
MYO15A,17,18122378,NM_016239.4:c.3578A>C,NP_057323.3:p.Glu1193Ala,0.211,20.7,['Unknown%20significance'],176.31,0.9,0.0,0.0,0.0
MYO15A,17,18122378,NM_016239.4:c.3578A>G,NP_057323.3:p.Glu1193Gly,0.190,19.21,['Unknown%20significance'],176.31,0.9,0.0,0.2,0.2
MYO15A,17,18122384,NM_016239.4:c.3584T>C,NP_057323.3:p.Val1195Ala,0.137,4.131,['Unknown%20significance'],125.47,0.72,0.0,0.2,0.2
MYO15A,17,18122386,NM_016239.4:c.3586G>A,NP_057323.3:p.Gly1196Ser,0.104,6.699,['Unknown%20significance'],62.61,0.65,0.0,0.1,0.1
MYO15A,17,18122387,NM_016239.4:c.3587G>T,NP_057323.3:p.Gly1196Val,0.148,7.139,['Unknown%20significance'],62.61,0.65,0.0,0.2,0.2
MYO15A,17,18122390,NM_016239.4:c.3590C>G,NP_057323.3:p.Pro1197Arg,0.104,7.860,['Unknown%20significance'],140.04,0.89,0.0,-0.3,0.3
MYO15A,17,18122390,NM_016239.4:c.3590C>T,NP_057323.3:p.Pro1197Leu,0.105,8.358,['Likely%20benign'],140.04,0.89,0.0,-0.1,0.1
MYO15A,17,18122392,NM_016239.4:c.3592C>A,NP_057323.3:p.Pro1198Thr,0.175,0.042,['Unknown%20significance'],103.4,0.65,0.0,-0.1,0.1
MYO15A,17,18122393,NM_016239.4:c.3593C>A,NP_057323.3:p.Pro1198Gln,0.104,3.491,['Unknown%20significance'],103.4,0.65,0.0,-0.4,0.4
MYO15A,17,18122393,NM_016239.4:c.3593C>T,NP_057323.3:p.Pro1198Leu,0.082,7.975,['Unknown%20significance'],103.4,0.65,0.0,-0.2,0.2
MYO15A,17,18122395,NM_016239.4:c.3595A>C,NP_057323.3:p.Ser1199Arg,0.199,13.36,['Unknown%20significance'],54.61,0.39,0.0,-0.6,0.6
MYO15A,17,18122401,NM_016239.4:c.3601C>T,NP_057323.3:p.Arg1201Trp,0.195,16.49,['Unknown%20significance'],154.89,0.57,0.0,-0.4,0.4
MYO15A,17,18122402,NM_016239.4:c.3602G>A,NP_057323.3:p.Arg1201Gln,0.169,7.397,['Unknown%20significance'],154.89,0.57,0.0,0.2,0.2
MYO15A,17,18122406,NM_016239.4:c.3606C>A,NP_057323.3:p.Asn1202Lys,0.114,12.31,['Unknown%20significance'],120.94,0.75,0.0,0.1,0.1
MYO15A,17,18122409,NM_016239.4:c.3609G>C,NP_057323.3:p.Lys1203Asn,0.405,35,['Unknown%20significance'],145.8,0.61,0.0,0.0,0.0
MYO15A,17,18124484,NM_016239.4:c.3611T>C,NP_057323.3:p.Met1204Thr,0.514,23.9,['Unknown%20significance'],120.94,0.55,0.0,0.3,0.3
MYO15A,17,18124484,NM_016239.4:c.3611T>G,NP_057323.3:p.Met1204Arg,0.723,25.1,['Unknown%20significance'],120.94,0.55,0.0,0.2,0.2
MYO15A,17,18124485,NM_016239.4:c.3612G>A,NP_057323.3:p.Met1204Ile,0.341,20.8,['Unknown%20significance'],120.94,0.55,0.0,0.0,0.0
MYO15A,17,18124485,NM_016239.4:c.3612G>T,NP_057323.3:p.Met1204Ile,0.341,20.2,['Unknown%20significance'],120.94,0.55,0.0,0.0,0.0
MYO15A,17,18124486,NM_016239.4:c.3613C>T,NP_057323.3:p.His1205Tyr,0.304,16.62,['Unknown%20significance'],142.66,0.69,0.0,-0.3,0.3
MYO15A,17,18124489,NM_016239.4:c.3616T>C,NP_057323.3:p.Ser1206Pro,0.587,24.1,['Unknown%20significance'],55.48,0.4,0.0,0.3,0.3
MYO15A,17,18124490,NM_016239.4:c.3617C>G,NP_057323.3:p.Ser1206Cys,0.712,26.2,['Unknown%20significance'],55.48,0.4,0.0,0.2,0.2
MYO15A,17,18124490,NM_016239.4:c.3617C>T,NP_057323.3:p.Ser1206Phe,0.730,26.7,['Unknown%20significance'],55.48,0.4,0.0,-0.4,0.4
MYO15A,17,18124492,NM_016239.4:c.3619A>T,NP_057323.3:p.Ile1207Phe,0.548,25.0,['Unknown%20significance'],16.96,0.08,0.0,0.6,0.6
MYO15A,17,18124493,NM_016239.4:c.3620T>C,NP_057323.3:p.Ile1207Thr,0.729,26.1,['Unknown%20significance'],16.96,0.08,0.0,1.9,1.9
MYO15A,17,18124495,NM_016239.4:c.3622C>A,NP_057323.3:p.Arg1208Ser,0.621,23.3,['Unknown%20significance'],131.54,0.48,0.0,0.5,0.5
MYO15A,17,18124495,NM_016239.4:c.3622C>T,NP_057323.3:p.Arg1208Cys,0.611,22.6,['Unknown%20significance'],131.54,0.48,0.0,0.5,0.5
MYO15A,17,18124496,NM_016239.4:c.3623G>A,NP_057323.3:p.Arg1208His,0.529,23.3,['Unknown%20significance'],131.54,0.48,0.0,0.2,0.2
MYO15A,17,18124496,NM_016239.4:c.3623G>C,NP_057323.3:p.Arg1208Pro,0.742,31,['Unknown%20significance'],131.54,0.48,0.0,0.6,0.6
MYO15A,17,18124496,NM_016239.4:c.3623G>T,NP_057323.3:p.Arg1208Leu,0.602,23.2,['Unknown%20significance'],131.54,0.48,0.0,-0.0,0.0
MYO15A,17,18124504,NM_016239.4:c.3631C>T,NP_057323.3:p.Pro1211Ser,0.600,25.1,['Unknown%20significance'],124.47,0.79,0.0,0.3,0.3
MYO15A,17,18124508,NM_016239.4:c.3635C>A,NP_057323.3:p.Ser1212Tyr,0.298,14.87,['Unknown%20significance'],17.95,0.13,0.0,-1.1,1.1
MYO15A,17,18124508,NM_016239.4:c.3635C>G,NP_057323.3:p.Ser1212Cys,0.317,21.8,['Unknown%20significance'],17.95,0.13,0.0,-0.1,0.1
MYO15A,17,18124513,NM_016239.4:c.3640C>T,NP_057323.3:p.Arg1214Trp,0.416,23.3,['Unknown%20significance'],196.73,0.73,0.0,-0.1,0.1
MYO15A,17,18124514,NM_016239.4:c.3641G>A,NP_057323.3:p.Arg1214Gln,0.135,12.99,['Unknown%20significance'],196.73,0.73,0.0,0.2,0.2
MYO15A,17,18124514,NM_016239.4:c.3641G>T,NP_057323.3:p.Arg1214Leu,0.270,12.99,['Unknown%20significance'],196.73,0.73,0.0,0.0,0.0
MYO15A,17,18124516,NM_016239.4:c.3643T>A,NP_057323.3:p.Phe1215Ile,0.128,14.39,['Unknown%20significance'],69.28,0.3,0.0,0.4,0.4
MYO15A,17,18124516,NM_016239.4:c.3643T>C,NP_057323.3:p.Phe1215Leu,0.127,13.90,['Unknown%20significance'],69.28,0.3,0.0,0.4,0.4
MYO15A,17,18124519,NM_016239.4:c.3646C>G,NP_057323.3:p.Arg1216Gly,0.290,21.7,['Unknown%20significance'],60.33,0.22,0.0,1.8,1.8
MYO15A,17,18124519,NM_016239.4:c.3646C>T,NP_057323.3:p.Arg1216Cys,0.334,22.2,['Unknown%20significance'],60.33,0.22,0.0,1.2,1.2
MYO15A,17,18124520,NM_016239.4:c.3647G>A,NP_057323.3:p.Arg1216His,0.188,10.48,['Benign'],60.33,0.22,0.0,0.4,0.4
MYO15A,17,18124520,NM_016239.4:c.3647G>C,NP_057323.3:p.Arg1216Pro,0.400,16.27,['Unknown%20significance'],60.33,0.22,0.0,1.4,1.4
MYO15A,17,18124522,NM_016239.4:c.3649G>A,NP_057323.3:p.Glu1217Lys,0.498,22.8,['Unknown%20significance'],125.69,0.64,0.0,0.2,0.2
MYO15A,17,18124525,NM_016239.4:c.3652C>G,NP_057323.3:p.Gln1218Glu,0.407,14.58,['Unknown%20significance'],56.0,0.28,0.0,0.3,0.3
MYO15A,17,18124527,NM_016239.4:c.3654G>C,NP_057323.3:p.Gln1218His,0.233,18.41,['Unknown%20significance'],56.0,0.28,0.0,-0.1,0.1
MYO15A,17,18124528,NM_016239.4:c.3655C>A,NP_057323.3:p.His1219Asn,0.165,6.254,['Unknown%20significance'],123.24,0.6,0.0,0.2,0.2
MYO15A,17,18124528,NM_016239.4:c.3655C>T,NP_057323.3:p.His1219Tyr,0.123,14.18,['Unknown%20significance'],123.24,0.6,0.0,-0.3,0.3
MYO15A,17,18124529,NM_016239.4:c.3656A>G,NP_057323.3:p.His1219Arg,0.149,0.058,['Unknown%20significance'],123.24,0.6,0.0,-0.1,0.1
MYO15A,17,18124530,NM_016239.4:c.3657C>G,NP_057323.3:p.His1219Gln,0.209,9.336,['Unknown%20significance'],123.24,0.6,0.0,0.1,0.1
MYO15A,17,18124531,NM_016239.4:c.3658G>A,NP_057323.3:p.Gly1220Arg,0.213,7.273,['Benign'],72.35,0.75,0.0,-0.3,0.3
MYO15A,17,18124531,NM_016239.4:c.3658G>C,NP_057323.3:p.Gly1220Arg,0.200,6.906,['Likely%20benign'],72.35,0.75,0.0,-0.3,0.3
MYO15A,17,18124532,NM_016239.4:c.3659G>A,NP_057323.3:p.Gly1220Glu,0.192,10.21,['Unknown%20significance'],72.35,0.75,0.0,-0.1,0.1
MYO15A,17,18124532,NM_016239.4:c.3659G>T,NP_057323.3:p.Gly1220Val,0.156,14.94,['Unknown%20significance'],72.35,0.75,0.0,-0.3,0.3
MYO15A,17,18124534,NM_016239.4:c.3661G>A,NP_057323.3:p.Glu1221Lys,0.616,26.3,['Unknown%20significance'],130.58,0.66,0.0,0.0,0.0
MYO15A,17,18124534,NM_016239.4:c.3661G>C,NP_057323.3:p.Glu1221Gln,0.520,23.8,['Unknown%20significance'],130.58,0.66,0.0,-0.2,0.2
MYO15A,17,18124537,NM_016239.4:c.3664G>A,NP_057323.3:p.Asp1222Asn,0.386,24.1,['Unknown%20significance'],0.8,0.0,0.0,-0.2,0.2
MYO15A,17,18124538,NM_016239.4:c.3665A>G,NP_057323.3:p.Asp1222Gly,0.672,32,['Unknown%20significance'],0.8,0.0,0.0,0.9,0.9
MYO15A,17,18124538,NM_016239.4:c.3665A>T,NP_057323.3:p.Asp1222Val,0.737,32,['Unknown%20significance'],0.8,0.0,0.0,-1.0,1.0
MYO15A,17,18124539,NM_016239.4:c.3666T>A,NP_057323.3:p.Asp1222Glu,0.443,11.39,['Unknown%20significance'],0.8,0.0,0.0,-0.3,0.3
MYO15A,17,18124540,NM_016239.4:c.3667G>A,NP_057323.3:p.Gly1223Ser,0.750,29.3,['Unknown%20significance'],1.5,0.01,0.0,0.0,0.0
MYO15A,17,18124541,NM_016239.4:c.3668G>A,NP_057323.3:p.Gly1223Asp,0.678,27.6,['Unknown%20significance'],1.5,0.01,0.0,0.5,0.5
MYO15A,17,18124543,NM_016239.4:c.3670G>A,NP_057323.3:p.Val1224Met,0.666,25.1,['Unknown%20significance'],48.64,0.28,0.0,0.3,0.3
MYO15A,17,18124546,NM_016239.4:c.3673G>A,NP_057323.3:p.Glu1225Lys,0.866,29.9,['Unknown%20significance'],1.2,0.0,0.0,0.3,0.3
MYO15A,17,18124547,NM_016239.4:c.3674A>T,NP_057323.3:p.Glu1225Val,0.961,32,['Unknown%20significance'],1.2,0.0,0.0,-0.2,0.2
MYO15A,17,18124552,NM_016239.4:c.3679A>G,NP_057323.3:p.Met1227Val,0.823,23.4,['Unknown%20significance'],0.0,0.0,0.0,0.5,0.5
MYO15A,17,18124553,NM_016239.4:c.3680T>C,NP_057323.3:p.Met1227Thr,0.790,22.9,['Unknown%20significance'],0.0,0.0,0.0,2.2,2.2
MYO15A,17,18124554,NM_016239.4:c.3681G>T,NP_057323.3:p.Met1227Ile,0.819,24.6,['Unknown%20significance'],0.0,0.0,0.0,-0.2,0.2
MYO15A,17,18124559,NM_016239.4:c.3686A>G,NP_057323.3:p.Gln1229Arg,0.593,24.8,['Unknown%20significance'],93.35,0.47,0.0,-0.1,0.1
MYO15A,17,18124560,NM_016239.4:c.3687G>C,NP_057323.3:p.Gln1229His,0.471,24.6,['Unknown%20significance'],93.35,0.47,0.0,-0.1,0.1
MYO15A,17,18124560,NM_016239.4:c.3687G>T,NP_057323.3:p.Gln1229His,0.470,24.5,['Unknown%20significance'],93.35,0.47,0.0,-0.1,0.1
MYO15A,17,18124564,NM_016239.4:c.3691G>C,NP_057323.3:p.Glu1231Gln,0.505,26.2,['Unknown%20significance'],182.26,0.93,0.0,-0.1,0.1
MYO15A,17,18125171,NM_016239.4:c.3696C>A,NP_057323.3:p.Asp1232Glu,0.386,21.8,['Unknown%20significance'],62.88,0.39,0.0,-0.1,0.1
MYO15A,17,18125179,NM_016239.4:c.3704A>G,NP_057323.3:p.Glu1235Gly,0.973,32,['Unknown%20significance'],71.66,0.36,0.0,0.9,0.9
MYO15A,17,18125181,NM_016239.4:c.3706A>G,NP_057323.3:p.Thr1236Ala,0.226,15.52,['Unknown%20significance'],93.55,0.59,0.0,-0.1,0.1
MYO15A,17,18125184,NM_016239.4:c.3709A>G,NP_057323.3:p.Thr1237Ala,0.223,18.38,['Unknown%20significance'],40.05,0.25,0.0,-0.0,0.0
MYO15A,17,18125185,NM_016239.4:c.3710C>G,NP_057323.3:p.Thr1237Ser,0.312,18.87,['Unknown%20significance'],40.05,0.25,0.0,0.3,0.3
MYO15A,17,18125185,NM_016239.4:c.3710C>T,NP_057323.3:p.Thr1237Ile,0.581,23.5,['Unknown%20significance'],40.05,0.25,0.0,-0.3,0.3
MYO15A,17,18125187,NM_016239.4:c.3712G>A,NP_057323.3:p.Val1238Met,0.834,25.8,['Unknown%20significance'],0.0,0.0,0.0,1.0,1.0
MYO15A,17,18125188,NM_016239.4:c.3713T>C,NP_057323.3:p.Val1238Ala,0.893,27.2,['Unknown%20significance'],0.0,0.0,0.0,2.9,2.9
MYO15A,17,18125199,NM_016239.4:c.3724C>G,NP_057323.3:p.Leu1242Val,0.781,22.3,['Unknown%20significance'],0.02,0.0,0.0,1.6,1.6
MYO15A,17,18125199,NM_016239.4:c.3724C>T,NP_057323.3:p.Leu1242Phe,0.910,24.3,['Unknown%20significance'],0.02,0.0,0.0,1.3,1.3
MYO15A,17,18125202,NM_016239.4:c.3727A>C,NP_057323.3:p.Lys1243Gln,0.710,24.7,['Unknown%20significance'],78.77,0.33,0.0,-0.5,0.5
MYO15A,17,18125204,NM_016239.4:c.3729G>C,NP_057323.3:p.Lys1243Asn,0.654,25.8,['Unknown%20significance'],78.77,0.33,0.0,-0.1,0.1
MYO15A,17,18125204,NM_016239.4:c.3729G>T,NP_057323.3:p.Lys1243Asn,0.651,27.7,['Unknown%20significance'],78.77,0.33,0.0,-0.1,0.1
MYO15A,17,18125206,NM_016239.4:c.3731T>A,NP_057323.3:p.Ile1244Asn,0.219,16.19,['Unknown%20significance'],67.6,0.34,0.0,1.1,1.1
MYO15A,17,18125206,NM_016239.4:c.3731T>C,NP_057323.3:p.Ile1244Thr,0.195,10.15,['Unknown%20significance'],67.6,0.34,0.0,0.8,0.8
MYO15A,17,18125207,NM_016239.4:c.3732T>G,NP_057323.3:p.Ile1244Met,0.216,13.38,['Unknown%20significance'],67.6,0.34,0.0,0.2,0.2
MYO15A,17,18125209,NM_016239.4:c.3734G>T,NP_057323.3:p.Arg1245Ile,0.945,27.1,['Unknown%20significance'],0.2,0.0,0.0,0.7,0.7
MYO15A,17,18125210,NM_016239.4:c.3735A>C,NP_057323.3:p.Arg1245Ser,0.884,24.4,['Unknown%20significance'],0.2,0.0,0.0,2.4,2.4
MYO15A,17,18125216,NM_016239.4:c.3741A>C,NP_057323.3:p.Glu1247Asp,0.298,10.89,['Unknown%20significance'],138.69,0.71,0.0,0.1,0.1
MYO15A,17,18125217,NM_016239.4:c.3742C>G,NP_057323.3:p.Arg1248Gly,0.548,24.8,['Unknown%20significance'],102.53,0.38,0.0,1.2,1.2
MYO15A,17,18125217,NM_016239.4:c.3742C>T,NP_057323.3:p.Arg1248Trp,0.580,26.3,['Pathogenic'],102.53,0.38,0.0,-0.1,0.1
MYO15A,17,18125218,NM_016239.4:c.3743G>A,NP_057323.3:p.Arg1248Gln,0.326,22.8,['Unknown%20significance'],102.53,0.38,0.0,0.2,0.2
MYO15A,17,18125221,NM_016239.4:c.3746A>G,NP_057323.3:p.Asn1249Ser,0.324,21.3,['Unknown%20significance'],68.41,0.42,0.0,0.2,0.2
MYO15A,17,18125221,NM_016239.4:c.3746A>T,NP_057323.3:p.Asn1249Ile,0.617,23.8,['Unknown%20significance'],68.41,0.42,0.0,-0.3,0.3
MYO15A,17,18125222,NM_016239.4:c.3747C>A,NP_057323.3:p.Asn1249Lys,0.302,16.88,['Unknown%20significance'],68.41,0.42,0.0,0.4,0.4
MYO15A,17,18125222,NM_016239.4:c.3747C>G,NP_057323.3:p.Asn1249Lys,0.306,16.69,['Unknown%20significance'],68.41,0.42,0.0,0.4,0.4
MYO15A,17,18125223,NM_016239.4:c.3748C>G,NP_057323.3:p.Leu1250Val,0.397,17.75,['Unknown%20significance'],40.34,0.2,0.0,0.4,0.4
MYO15A,17,18125226,NM_016239.4:c.3751A>C,NP_057323.3:p.Ile1251Leu,0.782,25.9,['Unknown%20significance'],6.17,0.03,0.0,1.3,1.3
MYO15A,17,18125226,NM_016239.4:c.3751A>G,NP_057323.3:p.Ile1251Val,0.686,24.8,['Unknown%20significance'],6.17,0.03,0.0,1.1,1.1
MYO15A,17,18125226,NM_016239.4:c.3751A>T,NP_057323.3:p.Ile1251Phe,0.836,25.9,['Unknown%20significance'],6.17,0.03,0.0,1.2,1.2
MYO15A,17,18125227,NM_016239.4:c.3752T>C,NP_057323.3:p.Ile1251Thr,0.877,26.9,['Unknown%20significance'],6.17,0.03,0.0,2.9,2.9
MYO15A,17,18125228,NM_016239.4:c.3753C>G,NP_057323.3:p.Ile1251Met,0.765,32,['Pathogenic'],6.17,0.03,0.0,1.7,1.7
MYO15A,17,18125230,NM_016239.4:c.3755A>T,NP_057323.3:p.Tyr1252Phe,0.846,33,['Unknown%20significance'],6.11,0.02,0.0,0.6,0.6
MYO15A,17,18126347,NM_016239.4:c.3757A>G,NP_057323.3:p.Thr1253Ala,0.977,24.1,['Unknown%20significance'],0.15,0.0,0.0,0.9,0.9
MYO15A,17,18126348,NM_016239.4:c.3758C>T,NP_057323.3:p.Thr1253Ile,0.980,25.6,['Pathogenic'],0.15,0.0,0.0,-0.9,0.9
MYO15A,17,18126350,NM_016239.4:c.3760T>C,NP_057323.3:p.Tyr1254His,0.901,25.5,['Unknown%20significance'],1.25,0.0,0.0,2.1,2.1
MYO15A,17,18126353,NM_016239.4:c.3763A>C,NP_057323.3:p.Ile1255Leu,0.753,25.1,['Unknown%20significance'],0.0,0.0,0.0,0.7,0.7
MYO15A,17,18126353,NM_016239.4:c.3763A>G,NP_057323.3:p.Ile1255Val,0.588,24.3,['Unknown%20significance'],0.0,0.0,0.0,0.3,0.3
MYO15A,17,18126354,NM_016239.4:c.3764T>C,NP_057323.3:p.Ile1255Thr,0.727,23.9,['Unknown%20significance'],0.0,0.0,0.0,1.8,1.8
MYO15A,17,18126355,NM_016239.4:c.3765T>G,NP_057323.3:p.Ile1255Met,0.662,18.55,['Unknown%20significance'],0.0,0.0,0.0,1.1,1.1
MYO15A,17,18126357,NM_016239.4:c.3767G>A,NP_057323.3:p.Gly1256Glu,0.989,25.8,['Unknown%20significance'],0.01,0.0,0.0,1.6,1.6
MYO15A,17,18126360,NM_016239.4:c.3770G>A,NP_057323.3:p.Ser1257Asn,0.445,21.1,['Unknown%20significance'],8.96,0.06,0.0,0.2,0.2
MYO15A,17,18126360,NM_016239.4:c.3770G>T,NP_057323.3:p.Ser1257Ile,0.775,25.0,['Unknown%20significance'],8.96,0.06,0.0,-1.6,1.6
MYO15A,17,18126363,NM_016239.4:c.3773T>C,NP_057323.3:p.Ile1258Thr,0.929,25.7,['Unknown%20significance'],3.25,0.01,0.0,2.8,2.8
MYO15A,17,18126368,NM_016239.4:c.3778G>T,NP_057323.3:p.Val1260Leu,0.548,19.40,['Unknown%20significance'],0.0,0.0,0.0,0.6,0.6
MYO15A,17,18126372,NM_016239.4:c.3782C>T,NP_057323.3:p.Ser1261Leu,0.879,24.5,['Unknown%20significance'],2.59,0.01,0.0,-2.0,2.0
MYO15A,17,18126374,NM_016239.4:c.3784G>A,NP_057323.3:p.Val1262Met,0.439,15.91,['Unknown%20significance'],0.31,0.0,0.0,1.0,1.0
MYO15A,17,18126378,NM_016239.4:c.3788A>T,NP_057323.3:p.Asn1263Ile,0.968,25.1,['Unknown%20significance'],26.13,0.16,0.0,-0.1,0.1
MYO15A,17,18126379,NM_016239.4:c.3789C>G,NP_057323.3:p.Asn1263Lys,0.908,21.8,['Unknown%20significance'],26.13,0.16,0.0,1.0,1.0
MYO15A,17,18126381,NM_016239.4:c.3791C>A,NP_057323.3:p.Pro1264Gln,0.976,24.0,['Unknown%20significance'],7.53,0.04,0.0,2.0,2.0
MYO15A,17,18126381,NM_016239.4:c.3791C>T,NP_057323.3:p.Pro1264Leu,0.962,24.5,['Unknown%20significance'],7.53,0.04,0.0,1.1,1.1
MYO15A,17,18126383,NM_016239.4:c.3793T>C,NP_057323.3:p.Tyr1265His,0.816,23.6,['Unknown%20significance'],51.64,0.21,0.0,1.7,1.7
MYO15A,17,18126386,NM_016239.4:c.3796C>A,NP_057323.3:p.Gln1266Lys,0.303,11.19,['Unknown%20significance'],59.04,0.29,0.0,0.4,0.4
MYO15A,17,18126390,NM_016239.4:c.3800T>C,NP_057323.3:p.Met1267Thr,0.699,23.1,['Unknown%20significance'],177.13,0.81,0.0,0.1,0.1
MYO15A,17,18126391,NM_016239.4:c.3801G>A,NP_057323.3:p.Met1267Ile,0.466,22.8,['Unknown%20significance'],177.13,0.81,0.0,0.0,0.0
MYO15A,17,18126398,NM_016239.4:c.3808A>G,NP_057323.3:p.Ile1270Val,0.580,23.7,['Unknown%20significance'],68.19,0.34,0.0,0.5,0.5
MYO15A,17,18126402,NM_016239.4:c.3812A>G,NP_057323.3:p.Tyr1271Cys,0.944,25.5,['Unknown%20significance'],10.14,0.04,0.0,3.5,3.5
MYO15A,17,18126404,NM_016239.4:c.3814G>C,NP_057323.3:p.Gly1272Arg,0.851,25.3,['Unknown%20significance'],13.09,0.13,0.0,-0.9,0.9
MYO15A,17,18126405,NM_016239.4:c.3815G>T,NP_057323.3:p.Gly1272Val,0.867,25.6,['Unknown%20significance'],13.09,0.13,0.0,-1.1,1.1
MYO15A,17,18126408,NM_016239.4:c.3818C>T,NP_057323.3:p.Pro1273Leu,0.120,0.242,['Unknown%20significance'],100.35,0.63,0.0,-0.2,0.2
MYO15A,17,18126411,NM_016239.4:c.3821A>G,NP_057323.3:p.Glu1274Gly,0.727,26.7,['Unknown%20significance'],149.85,0.76,0.0,0.3,0.3
MYO15A,17,18126415,NM_016239.4:c.3825G>T,NP_057323.3:p.Gln1275His,0.480,17.94,['Unknown%20significance'],36.52,0.18,0.0,-0.2,0.2
MYO15A,17,18126416,NM_016239.4:c.3826G>A,NP_057323.3:p.Val1276Met,0.735,25.2,['Unknown%20significance'],5.21,0.03,0.0,0.3,0.3
MYO15A,17,18126416,NM_016239.4:c.3826G>C,NP_057323.3:p.Val1276Leu,0.533,22.1,['Unknown%20significance'],5.21,0.03,0.0,0.1,0.1
MYO15A,17,18126416,NM_016239.4:c.3826G>T,NP_057323.3:p.Val1276Leu,0.533,22.0,['Unknown%20significance'],5.21,0.03,0.0,0.1,0.1
MYO15A,17,18126417,NM_016239.4:c.3827T>A,NP_057323.3:p.Val1276Glu,0.962,26.8,['Unknown%20significance'],5.21,0.03,0.0,2.5,2.5
MYO15A,17,18126417,NM_016239.4:c.3827T>C,NP_057323.3:p.Val1276Ala,0.875,24.2,['Unknown%20significance'],5.21,0.03,0.0,1.8,1.8
MYO15A,17,18126420,NM_016239.4:c.3830A>G,NP_057323.3:p.Gln1277Arg,0.305,22.9,['Unknown%20significance'],145.19,0.73,0.0,-0.1,0.1
MYO15A,17,18126422,NM_016239.4:c.3832C>G,NP_057323.3:p.Gln1278Glu,0.241,21.4,['Unknown%20significance'],61.59,0.31,0.0,0.3,0.3
MYO15A,17,18126423,NM_016239.4:c.3833A>C,NP_057323.3:p.Gln1278Pro,0.740,24.9,['Pathogenic'],61.59,0.31,0.0,0.6,0.6
MYO15A,17,18126423,NM_016239.4:c.3833A>G,NP_057323.3:p.Gln1278Arg,0.277,23.0,['Unknown%20significance'],61.59,0.31,0.0,-0.2,0.2
MYO15A,17,18126426,NM_016239.4:c.3836A>G,NP_057323.3:p.Tyr1279Cys,0.987,24.2,['Unknown%20significance'],5.04,0.02,0.0,4.0,4.0
MYO15A,17,18126428,NM_016239.4:c.3838A>G,NP_057323.3:p.Asn1280Asp,0.316,21.9,['Unknown%20significance'],55.52,0.34,0.0,0.2,0.2
MYO15A,17,18126429,NM_016239.4:c.3839A>G,NP_057323.3:p.Asn1280Ser,0.226,2.751,['Unknown%20significance'],55.52,0.34,0.0,0.2,0.2
MYO15A,17,18126431,NM_016239.4:c.3841G>A,NP_057323.3:p.Gly1281Arg,0.542,23.4,['Unknown%20significance'],44.2,0.46,0.0,-0.2,0.2
MYO15A,17,18126431,NM_016239.4:c.3841G>C,NP_057323.3:p.Gly1281Arg,0.556,23.2,['Unknown%20significance'],44.2,0.46,0.0,-0.2,0.2
MYO15A,17,18126432,NM_016239.4:c.3842G>A,NP_057323.3:p.Gly1281Glu,0.686,24.8,['Unknown%20significance'],44.2,0.46,0.0,-0.1,0.1
MYO15A,17,18126432,NM_016239.4:c.3842G>C,NP_057323.3:p.Gly1281Ala,0.700,24.4,['Unknown%20significance'],44.2,0.46,0.0,0.0,0.0
MYO15A,17,18126434,NM_016239.4:c.3844C>T,NP_057323.3:p.Arg1282Trp,0.327,22.2,['Unknown%20significance'],73.74,0.27,0.0,-0.1,0.1
MYO15A,17,18126435,NM_016239.4:c.3845G>A,NP_057323.3:p.Arg1282Gln,0.186,16.83,['Unknown%20significance'],73.74,0.27,0.0,0.3,0.3
MYO15A,17,18126435,NM_016239.4:c.3845G>T,NP_057323.3:p.Arg1282Leu,0.268,19.91,['Unknown%20significance'],73.74,0.27,0.0,0.3,0.3
MYO15A,17,18126437,NM_016239.4:c.3847G>A,NP_057323.3:p.Ala1283Thr,0.346,23.1,['Unknown%20significance'],11.98,0.09,0.0,-0.4,0.4
MYO15A,17,18126438,NM_016239.4:c.3848C>T,NP_057323.3:p.Ala1283Val,0.406,24.8,['Unknown%20significance'],11.98,0.09,0.0,-0.4,0.4
MYO15A,17,18126444,NM_016239.4:c.3854G>A,NP_057323.3:p.Gly1285Glu,0.688,25.2,['Unknown%20significance'],6.59,0.06,0.0,-0.0,0.0
MYO15A,17,18126446,NM_016239.4:c.3856G>A,NP_057323.3:p.Glu1286Lys,0.594,23.7,['Unknown%20significance'],16.15,0.08,0.0,0.5,0.5
MYO15A,17,18126446,NM_016239.4:c.3856G>C,NP_057323.3:p.Glu1286Gln,0.582,24.7,['Unknown%20significance'],16.15,0.08,0.0,-0.3,0.3
MYO15A,17,18126448,NM_016239.4:c.3858G>C,NP_057323.3:p.Glu1286Asp,0.154,13.76,['Unknown%20significance'],16.15,0.08,0.0,0.3,0.3
MYO15A,17,18126451,NM_016239.4:c.3861T>A,NP_057323.3:p.Asn1287Lys,0.566,14.61,['Unknown%20significance'],20.83,0.13,0.0,0.1,0.1
MYO15A,17,18126452,NM_016239.4:c.3862C>A,NP_057323.3:p.Pro1288Thr,0.723,22.0,['Unknown%20significance'],36.37,0.23,0.0,0.8,0.8
MYO15A,17,18126452,NM_016239.4:c.3862C>G,NP_057323.3:p.Pro1288Ala,0.730,21.3,['Unknown%20significance'],36.37,0.23,0.0,0.9,0.9
MYO15A,17,18126452,NM_016239.4:c.3862C>T,NP_057323.3:p.Pro1288Ser,0.603,21.8,['Unknown%20significance'],36.37,0.23,0.0,0.9,0.9
MYO15A,17,18126455,NM_016239.4:c.3865C>T,NP_057323.3:p.Pro1289Ser,0.942,26.8,['Unknown%20significance'],1.63,0.01,0.0,2.3,2.3
MYO15A,17,18126456,NM_016239.4:c.3866C>T,NP_057323.3:p.Pro1289Leu,0.883,25.6,['Unknown%20significance'],1.63,0.01,0.0,1.0,1.0
MYO15A,17,18126792,NM_016239.4:c.3868C>A,NP_057323.3:p.His1290Asn,0.886,26.9,['Unknown%20significance'],0.0,0.0,0.0,2.5,2.5
MYO15A,17,18126792,NM_016239.4:c.3868C>T,NP_057323.3:p.His1290Tyr,0.935,28.1,['Unknown%20significance'],0.0,0.0,0.0,-0.4,0.4
MYO15A,17,18126793,NM_016239.4:c.3869A>C,NP_057323.3:p.His1290Pro,0.929,26.0,['Unknown%20significance'],0.0,0.0,0.0,3.0,3.0
MYO15A,17,18126793,NM_016239.4:c.3869A>G,NP_057323.3:p.His1290Arg,0.952,24.6,['Unknown%20significance'],0.0,0.0,0.0,1.7,1.7
MYO15A,17,18126795,NM_016239.4:c.3871C>G,NP_057323.3:p.Leu1291Val,0.413,22.8,['Unknown%20significance'],0.0,0.0,0.0,-0.3,0.3
MYO15A,17,18126795,NM_016239.4:c.3871C>T,NP_057323.3:p.Leu1291Phe,0.740,24.4,['Pathogenic'],0.0,0.0,0.0,0.4,0.4
MYO15A,17,18126798,NM_016239.4:c.3874T>C,NP_057323.3:p.Phe1292Leu,0.938,27.5,['Unknown%20significance'],0.0,0.0,0.0,2.0,2.0
MYO15A,17,18126799,NM_016239.4:c.3875T>C,NP_057323.3:p.Phe1292Ser,0.975,29.0,['Unknown%20significance'],0.0,0.0,0.0,5.3,5.3
MYO15A,17,18126802,NM_016239.4:c.3878C>T,NP_057323.3:p.Ala1293Val,0.864,27.2,['Unknown%20significance'],0.13,0.0,0.0,-0.3,0.3
MYO15A,17,18126805,NM_016239.4:c.3881T>C,NP_057323.3:p.Val1294Ala,0.623,23.8,['Unknown%20significance'],0.0,0.0,0.0,2.8,2.8
MYO15A,17,18126807,NM_016239.4:c.3883G>T,NP_057323.3:p.Ala1295Ser,0.745,26.8,['Unknown%20significance'],0.0,0.0,0.0,1.5,1.5
MYO15A,17,18126808,NM_016239.4:c.3884C>A,NP_057323.3:p.Ala1295Glu,0.873,25.9,['Unknown%20significance'],0.0,0.0,0.0,2.4,2.4
MYO15A,17,18126811,NM_016239.4:c.3887A>G,NP_057323.3:p.Asn1296Ser,0.505,22.4,['Unknown%20significance'],0.0,0.0,0.0,0.3,0.3
MYO15A,17,18126813,NM_016239.4:c.3889C>G,NP_057323.3:p.Leu1297Val,0.284,16.89,['Unknown%20significance'],6.88,0.03,0.0,0.0,0.0
MYO15A,17,18126816,NM_016239.4:c.3892G>A,NP_057323.3:p.Ala1298Thr,0.828,26.6,['Pathogenic'],0.0,0.0,0.0,0.8,0.8
MYO15A,17,18126821,NM_016239.4:c.3897C>A,NP_057323.3:p.Phe1299Leu,0.565,22.9,['Unknown%20significance'],15.67,0.06,0.0,1.2,1.2
MYO15A,17,18126822,NM_016239.4:c.3898G>A,NP_057323.3:p.Ala1300Thr,0.203,14.90,['Unknown%20significance'],28.26,0.22,0.0,-0.1,0.1
MYO15A,17,18126825,NM_016239.4:c.3901A>G,NP_057323.3:p.Lys1301Glu,0.672,25.9,['Unknown%20significance'],42.99,0.18,0.0,-0.5,0.5
MYO15A,17,18126826,NM_016239.4:c.3902A>G,NP_057323.3:p.Lys1301Arg,0.588,23.9,['Unknown%20significance'],42.99,0.18,0.0,-0.7,0.7
MYO15A,17,18126829,NM_016239.4:c.3905T>C,NP_057323.3:p.Met1302Thr,0.910,25.7,['Unknown%20significance'],0.0,0.0,0.0,2.4,2.4
MYO15A,17,18126830,NM_016239.4:c.3906G>A,NP_057323.3:p.Met1302Ile,0.641,22.7,['Likely%20benign'],0.0,0.0,0.0,0.5,0.5
MYO15A,17,18126830,NM_016239.4:c.3906G>C,NP_057323.3:p.Met1302Ile,0.630,22.6,['Unknown%20significance'],0.0,0.0,0.0,0.5,0.5
MYO15A,17,18126830,NM_016239.4:c.3906G>T,NP_057323.3:p.Met1302Ile,0.630,22.6,['Unknown%20significance'],0.0,0.0,0.0,0.5,0.5
MYO15A,17,18126834,NM_016239.4:c.3910G>A,NP_057323.3:p.Asp1304Asn,0.435,25.6,['Likely%20benign'],29.97,0.18,0.0,-0.1,0.1
MYO15A,17,18126834,NM_016239.4:c.3910G>T,NP_057323.3:p.Asp1304Tyr,0.765,29.6,['Unknown%20significance'],29.97,0.18,0.0,-1.1,1.1
MYO15A,17,18126837,NM_016239.4:c.3913G>A,NP_057323.3:p.Ala1305Thr,0.458,25.7,['Unknown%20significance'],54.37,0.42,0.0,-0.4,0.4
MYO15A,17,18126840,NM_016239.4:c.3916A>G,NP_057323.3:p.Lys1306Glu,0.701,24.5,['Unknown%20significance'],114.03,0.48,0.0,-0.1,0.1
MYO15A,17,18126841,NM_016239.4:c.3917A>G,NP_057323.3:p.Lys1306Arg,0.563,23.4,['Unknown%20significance'],114.03,0.48,0.0,-0.5,0.5
MYO15A,17,18126843,NM_016239.4:c.3919C>A,NP_057323.3:p.Gln1307Lys,0.305,19.22,['Unknown%20significance'],98.6,0.49,0.0,0.3,0.3
MYO15A,17,18126843,NM_016239.4:c.3919C>G,NP_057323.3:p.Gln1307Glu,0.229,17.85,['Unknown%20significance'],98.6,0.49,0.0,0.3,0.3
MYO15A,17,18126844,NM_016239.4:c.3920A>G,NP_057323.3:p.Gln1307Arg,0.336,22.6,['Unknown%20significance'],98.6,0.49,0.0,-0.2,0.2
MYO15A,17,18126845,NM_016239.4:c.3921G>C,NP_057323.3:p.Gln1307His,0.206,17.26,['Unknown%20significance'],98.6,0.49,0.0,0.0,0.0
MYO15A,17,18126846,NM_016239.4:c.3922A>G,NP_057323.3:p.Asn1308Asp,0.339,22.5,['Unknown%20significance'],43.36,0.27,0.0,0.1,0.1
MYO15A,17,18126847,NM_016239.4:c.3923A>G,NP_057323.3:p.Asn1308Ser,0.617,25.6,['Unknown%20significance'],43.36,0.27,0.0,0.4,0.4
MYO15A,17,18126849,NM_016239.4:c.3925C>A,NP_057323.3:p.Gln1309Lys,0.917,25.8,['Unknown%20significance'],0.0,0.0,0.0,1.3,1.3
MYO15A,17,18126849,NM_016239.4:c.3925C>G,NP_057323.3:p.Gln1309Glu,0.889,25.2,['Unknown%20significance'],0.0,0.0,0.0,1.0,1.0
MYO15A,17,18126850,NM_016239.4:c.3926A>G,NP_057323.3:p.Gln1309Arg,0.930,27.8,['Unknown%20significance'],0.0,0.0,0.0,0.4,0.4
MYO15A,17,18126850,NM_016239.4:c.3926A>T,NP_057323.3:p.Gln1309Leu,0.932,29.6,['Unknown%20significance'],0.0,0.0,0.0,0.3,0.3
MYO15A,17,18126852,NM_016239.4:c.3928T>G,NP_057323.3:p.Cys1310Gly,0.657,26.8,['Unknown%20significance'],0.0,0.0,0.0,2.9,2.9
MYO15A,17,18126853,NM_016239.4:c.3929G>C,NP_057323.3:p.Cys1310Ser,0.544,27.4,['Unknown%20significance'],0.0,0.0,0.0,1.7,1.7
MYO15A,17,18126855,NM_016239.4:c.3931A>T,NP_057323.3:p.Ile1311Leu,0.670,24.0,['Unknown%20significance'],0.0,0.0,0.0,1.2,1.2
MYO15A,17,18126856,NM_016239.4:c.3932T>C,NP_057323.3:p.Ile1311Thr,0.940,26.9,['Likely%20pathogenic'],0.0,0.0,0.0,4.1,4.1
MYO15A,17,18126857,NM_016239.4:c.3933A>G,NP_057323.3:p.Ile1311Met,0.680,24.0,['Unknown%20significance'],0.0,0.0,0.0,2.2,2.2
MYO15A,17,18126859,NM_016239.4:c.3935T>C,NP_057323.3:p.Ile1312Thr,0.958,27.1,['Unknown%20significance'],0.12,0.0,0.0,3.1,3.1
MYO15A,17,18126864,NM_016239.4:c.3940A>G,NP_057323.3:p.Ser1314Gly,0.851,32,['Unknown%20significance'],3.62,0.02,0.0,1.3,1.3
MYO15A,17,18126865,NM_016239.4:c.3941G>A,NP_057323.3:p.Ser1314Asn,0.810,34,['Unknown%20significance'],3.62,0.02,0.0,0.6,0.6
MYO15A,17,18127076,NM_016239.4:c.3943G>A,NP_057323.3:p.Gly1315Arg,0.978,35,['Pathogenic'],0.0,0.0,0.0,0.7,0.7
MYO15A,17,18127077,NM_016239.4:c.3944G>A,NP_057323.3:p.Gly1315Glu,0.962,32,['Pathogenic'],0.0,0.0,0.0,1.8,1.8
MYO15A,17,18127079,NM_016239.4:c.3946G>A,NP_057323.3:p.Glu1316Lys,0.928,32,['Unknown%20significance'],8.48,0.04,0.0,0.7,0.7
MYO15A,17,18127080,NM_016239.4:c.3947A>C,NP_057323.3:p.Glu1316Ala,0.954,29.4,['Unknown%20significance'],8.48,0.04,0.0,0.9,0.9
MYO15A,17,18127085,NM_016239.4:c.3952G>A,NP_057323.3:p.Gly1318Ser,0.886,31,['Unknown%20significance'],3.22,0.03,0.0,0.9,0.9
MYO15A,17,18127088,NM_016239.4:c.3955T>C,NP_057323.3:p.Ser1319Pro,0.917,29.7,['Pathogenic'],0.0,0.0,0.0,1.1,1.1
MYO15A,17,18127089,NM_016239.4:c.3956C>G,NP_057323.3:p.Ser1319Cys,0.925,27.7,['Likely%20pathogenic'],0.0,0.0,0.0,0.3,0.3
MYO15A,17,18127089,NM_016239.4:c.3956C>T,NP_057323.3:p.Ser1319Phe,0.947,28.8,['Unknown%20significance'],0.0,0.0,0.0,0.1,0.1
MYO15A,17,18127091,NM_016239.4:c.3958G>A,NP_057323.3:p.Gly1320Ser,0.930,32,['Pathogenic'],8.42,0.08,0.0,0.9,0.9
MYO15A,17,18127096,NM_016239.4:c.3963A>C,NP_057323.3:p.Lys1321Asn,0.815,24.4,['Unknown%20significance'],4.35,0.01,0.0,0.6,0.6
MYO15A,17,18127101,NM_016239.4:c.3968A>G,NP_057323.3:p.Glu1323Gly,0.959,32,['Unknown%20significance'],60.1,0.3,0.0,1.3,1.3
MYO15A,17,18127104,NM_016239.4:c.3971C>A,NP_057323.3:p.Ala1324Asp,0.923,26.2,['Pathogenic'],8.7,0.06,0.0,0.6,0.6
MYO15A,17,18127104,NM_016239.4:c.3971C>T,NP_057323.3:p.Ala1324Val,0.821,26.1,['Unknown%20significance'],8.7,0.06,0.0,-0.6,0.6
MYO15A,17,18127106,NM_016239.4:c.3973A>G,NP_057323.3:p.Thr1325Ala,0.790,24.5,['Unknown%20significance'],0.08,0.0,0.0,0.6,0.6
MYO15A,17,18127107,NM_016239.4:c.3974C>A,NP_057323.3:p.Thr1325Asn,0.836,24.9,['Unknown%20significance'],0.08,0.0,0.0,1.1,1.1
MYO15A,17,18127109,NM_016239.4:c.3976A>C,NP_057323.3:p.Lys1326Gln,0.877,27.8,['Unknown%20significance'],56.44,0.23,0.0,-0.3,0.3
MYO15A,17,18127110,NM_016239.4:c.3977A>T,NP_057323.3:p.Lys1326Met,0.886,29.1,['Unknown%20significance'],56.44,0.23,0.0,-0.5,0.5
MYO15A,17,18127118,NM_016239.4:c.3985C>A,NP_057323.3:p.Leu1329Met,0.558,23.4,['Unknown%20significance'],2.53,0.01,0.0,0.8,0.8
MYO15A,17,18127121,NM_016239.4:c.3988C>T,NP_057323.3:p.Arg1330Cys,0.912,32,['Unknown%20significance'],105.64,0.39,0.0,0.2,0.2
MYO15A,17,18127122,NM_016239.4:c.3989G>A,NP_057323.3:p.Arg1330His,0.911,25.2,['Unknown%20significance'],105.64,0.39,0.0,0.0,0.0
MYO15A,17,18127124,NM_016239.4:c.3991T>C,NP_057323.3:p.Tyr1331His,0.904,28.8,['Unknown%20significance'],0.0,0.0,0.0,2.6,2.6
MYO15A,17,18127125,NM_016239.4:c.3992A>C,NP_057323.3:p.Tyr1331Ser,0.828,25.7,['Unknown%20significance'],0.0,0.0,0.0,4.9,4.9
MYO15A,17,18127128,NM_016239.4:c.3995T>C,NP_057323.3:p.Leu1332Pro,0.954,29.9,['Unknown%20significance'],0.0,0.0,0.0,4.6,4.6
MYO15A,17,18127131,NM_016239.4:c.3998C>T,NP_057323.3:p.Ala1333Val,0.772,25.1,['Unknown%20significance'],6.04,0.04,0.0,-0.6,0.6
MYO15A,17,18127133,NM_016239.4:c.4000G>A,NP_057323.3:p.Ala1334Thr,0.247,17.98,['Unknown%20significance'],19.62,0.15,0.0,0.2,0.2
MYO15A,17,18127133,NM_016239.4:c.4000G>T,NP_057323.3:p.Ala1334Ser,0.245,16.56,['Unknown%20significance'],19.62,0.15,0.0,0.7,0.7
MYO15A,17,18127134,NM_016239.4:c.4001C>T,NP_057323.3:p.Ala1334Val,0.663,23.5,['Unknown%20significance'],19.62,0.15,0.0,-0.7,0.7
MYO15A,17,18127136,NM_016239.4:c.4003A>G,NP_057323.3:p.Met1335Val,0.184,5.940,['Unknown%20significance'],9.5,0.04,0.0,-0.6,0.6
MYO15A,17,18127137,NM_016239.4:c.4004T>C,NP_057323.3:p.Met1335Thr,0.675,23.7,['Unknown%20significance'],9.5,0.04,0.0,1.1,1.1
MYO15A,17,18127137,NM_016239.4:c.4004T>G,NP_057323.3:p.Met1335Arg,0.886,26.6,['Unknown%20significance'],9.5,0.04,0.0,1.3,1.3
MYO15A,17,18127138,NM_016239.4:c.4005G>A,NP_057323.3:p.Met1335Ile,0.268,18.35,['Unknown%20significance'],9.5,0.04,0.0,-0.7,0.7
MYO15A,17,18127139,NM_016239.4:c.4006A>T,NP_057323.3:p.Asn1336Tyr,0.429,22.6,['Unknown%20significance'],46.21,0.28,0.0,-0.9,0.9
MYO15A,17,18127140,NM_016239.4:c.4007A>G,NP_057323.3:p.Asn1336Ser,0.270,19.83,['Unknown%20significance'],46.21,0.28,0.0,-0.2,0.2
MYO15A,17,18127141,NM_016239.4:c.4008C>G,NP_057323.3:p.Asn1336Lys,0.307,22.2,['Unknown%20significance'],46.21,0.28,0.0,0.4,0.4
MYO15A,17,18127142,NM_016239.4:c.4009C>G,NP_057323.3:p.Gln1337Glu,0.440,24.0,['Unknown%20significance'],95.2,0.48,0.0,0.2,0.2
MYO15A,17,18127143,NM_016239.4:c.4010A>G,NP_057323.3:p.Gln1337Arg,0.467,23.6,['Unknown%20significance'],95.2,0.48,0.0,-0.1,0.1
MYO15A,17,18127145,NM_016239.4:c.4012A>C,NP_057323.3:p.Lys1338Gln,0.364,25.3,['Unknown%20significance'],147.98,0.62,0.0,-0.2,0.2
MYO15A,17,18127146,NM_016239.4:c.4013A>T,NP_057323.3:p.Lys1338Ile,0.495,23.6,['Unknown%20significance'],147.98,0.62,0.0,-0.1,0.1
MYO15A,17,18127148,NM_016239.4:c.4015C>T,NP_057323.3:p.Arg1339Trp,0.391,25.1,['Unknown%20significance'],197.39,0.73,0.0,-0.0,0.0
MYO15A,17,18127149,NM_016239.4:c.4016G>A,NP_057323.3:p.Arg1339Gln,0.051,19.99,['Unknown%20significance'],197.39,0.73,0.0,0.1,0.1
MYO15A,17,18127149,NM_016239.4:c.4016G>C,NP_057323.3:p.Arg1339Pro,0.405,23.1,['Unknown%20significance'],197.39,0.73,0.0,0.2,0.2
MYO15A,17,18127149,NM_016239.4:c.4016G>T,NP_057323.3:p.Arg1339Leu,0.259,22.8,['Unknown%20significance'],197.39,0.73,0.0,0.1,0.1
MYO15A,17,18127153,NM_016239.4:c.4020G>C,NP_057323.3:p.Glu1340Asp,0.143,0.180,['Unknown%20significance'],120.85,0.61,0.0,0.1,0.1
MYO15A,17,18127154,NM_016239.4:c.4021G>A,NP_057323.3:p.Val1341Ile,0.160,3.609,['Unknown%20significance'],64.0,0.37,0.0,-0.1,0.1
MYO15A,17,18127155,NM_016239.4:c.4022T>A,NP_057323.3:p.Val1341Asp,0.366,23.9,['Unknown%20significance'],64.0,0.37,0.0,0.9,0.9
MYO15A,17,18127157,NM_016239.4:c.4024A>T,NP_057323.3:p.Met1342Leu,0.192,12.23,['Unknown%20significance'],122.34,0.56,0.0,0.0,0.0
MYO15A,17,18127158,NM_016239.4:c.4025T>C,NP_057323.3:p.Met1342Thr,0.179,6.218,['Unknown%20significance'],122.34,0.56,0.0,0.2,0.2
MYO15A,17,18127159,NM_016239.4:c.4026G>A,NP_057323.3:p.Met1342Ile,0.175,7.516,['Unknown%20significance'],122.34,0.56,0.0,-0.1,0.1
MYO15A,17,18127163,NM_016239.4:c.4030C>A,NP_057323.3:p.Gln1344Lys,0.574,23.6,['Unknown%20significance'],0.87,0.0,0.0,0.9,0.9
MYO15A,17,18127164,NM_016239.4:c.4031A>C,NP_057323.3:p.Gln1344Pro,0.882,32,['Unknown%20significance'],0.87,0.0,0.0,1.3,1.3
MYO15A,17,18127164,NM_016239.4:c.4031A>G,NP_057323.3:p.Gln1344Arg,0.673,29.2,['Unknown%20significance'],0.87,0.0,0.0,-0.1,0.1
MYO15A,17,18130805,NM_016239.4:c.4033A>G,NP_057323.3:p.Ile1345Val,0.319,22.9,['Unknown%20significance'],60.6,0.3,0.0,0.1,0.1
MYO15A,17,18130805,NM_016239.4:c.4033A>T,NP_057323.3:p.Ile1345Leu,0.551,24.8,['Unknown%20significance'],60.6,0.3,0.0,0.1,0.1
MYO15A,17,18130809,NM_016239.4:c.4037A>G,NP_057323.3:p.Lys1346Arg,0.365,32,['Unknown%20significance'],48.89,0.2,0.0,-0.8,0.8
MYO15A,17,18130809,NM_016239.4:c.4037A>T,NP_057323.3:p.Lys1346Met,0.687,33,['Unknown%20significance'],48.89,0.2,0.0,-0.9,0.9
MYO15A,17,18131239,NM_016239.4:c.4039A>T,NP_057323.3:p.Ile1347Phe,0.873,31,['Likely%20pathogenic'],4.75,0.02,0.0,1.1,1.1
MYO15A,17,18131241,NM_016239.4:c.4041C>G,NP_057323.3:p.Ile1347Met,0.786,22.9,['Unknown%20significance'],4.75,0.02,0.0,1.2,1.2
MYO15A,17,18131245,NM_016239.4:c.4045G>A,NP_057323.3:p.Glu1349Lys,0.814,29.9,['Unknown%20significance'],66.5,0.34,0.0,0.1,0.1
MYO15A,17,18131247,NM_016239.4:c.4047G>T,NP_057323.3:p.Glu1349Asp,0.506,22.8,['Unknown%20significance'],66.5,0.34,0.0,0.3,0.3
MYO15A,17,18131249,NM_016239.4:c.4049C>A,NP_057323.3:p.Ala1350Glu,0.957,26.0,['Unknown%20significance'],2.66,0.02,0.0,1.5,1.5
MYO15A,17,18131251,NM_016239.4:c.4051A>G,NP_057323.3:p.Thr1351Ala,0.431,22.4,['Unknown%20significance'],2.47,0.01,0.0,0.4,0.4
MYO15A,17,18131254,NM_016239.4:c.4054C>A,NP_057323.3:p.Pro1352Thr,0.885,25.2,['Unknown%20significance'],44.18,0.28,0.0,0.6,0.6
MYO15A,17,18131254,NM_016239.4:c.4054C>G,NP_057323.3:p.Pro1352Ala,0.825,24.9,['Unknown%20significance'],44.18,0.28,0.0,0.5,0.5
MYO15A,17,18131255,NM_016239.4:c.4055C>T,NP_057323.3:p.Pro1352Leu,0.777,26.6,['Unknown%20significance'],44.18,0.28,0.0,-0.1,0.1
MYO15A,17,18131257,NM_016239.4:c.4057C>T,NP_057323.3:p.Leu1353Phe,0.830,25.3,['Unknown%20significance'],0.0,0.0,0.0,0.6,0.6
MYO15A,17,18131258,NM_016239.4:c.4058T>C,NP_057323.3:p.Leu1353Pro,0.986,32,['Unknown%20significance'],0.0,0.0,0.0,3.9,3.9
MYO15A,17,18131263,NM_016239.4:c.4063G>C,NP_057323.3:p.Glu1355Gln,0.907,28.8,['Unknown%20significance'],15.32,0.07,0.0,-0.6,0.6
MYO15A,17,18131264,NM_016239.4:c.4064A>T,NP_057323.3:p.Glu1355Val,0.985,31,['Unknown%20significance'],15.32,0.07,0.0,-0.9,0.9
MYO15A,17,18131265,NM_016239.4:c.4065G>T,NP_057323.3:p.Glu1355Asp,0.892,23.7,['Unknown%20significance'],15.32,0.07,0.0,0.5,0.5
MYO15A,17,18131266,NM_016239.4:c.4066T>C,NP_057323.3:p.Ser1356Pro,0.864,25.5,['Unknown%20significance'],3.24,0.02,0.0,0.6,0.6
MYO15A,17,18131272,NM_016239.4:c.4072G>A,NP_057323.3:p.Gly1358Ser,0.968,29.3,['Pathogenic'],0.0,0.0,0.0,1.1,1.1
MYO15A,17,18131273,NM_016239.4:c.4073G>A,NP_057323.3:p.Gly1358Asp,0.948,27.6,['Unknown%20significance'],0.0,0.0,0.0,1.7,1.7
MYO15A,17,18131285,NM_016239.4:c.4085C>A,NP_057323.3:p.Thr1362Asn,0.882,24.9,['Unknown%20significance'],0.0,0.0,0.0,1.7,1.7
MYO15A,17,18131285,NM_016239.4:c.4085C>T,NP_057323.3:p.Thr1362Ile,0.957,25.4,['Unknown%20significance'],0.0,0.0,0.0,0.5,0.5
MYO15A,17,18131287,NM_016239.4:c.4087G>A,NP_057323.3:p.Val1363Ile,0.478,23.6,['Unknown%20significance'],70.15,0.4,0.0,-0.0,0.0
MYO15A,17,18131287,NM_016239.4:c.4087G>T,NP_057323.3:p.Val1363Phe,0.754,26.4,['Unknown%20significance'],70.15,0.4,0.0,0.2,0.2
MYO15A,17,18131291,NM_016239.4:c.4091G>A,NP_057323.3:p.Arg1364Lys,0.695,24.3,['Unknown%20significance'],23.65,0.08,0.0,1.2,1.2
MYO15A,17,18131295,NM_016239.4:c.4095C>G,NP_057323.3:p.Asn1365Lys,0.607,0.641,['Unknown%20significance'],20.82,0.13,0.0,1.3,1.3
MYO15A,17,18131296,NM_016239.4:c.4096G>A,NP_057323.3:p.Asp1366Asn,0.568,24.5,['Unknown%20significance'],13.75,0.08,0.0,0.1,0.1
MYO15A,17,18131296,NM_016239.4:c.4096G>T,NP_057323.3:p.Asp1366Tyr,0.846,26.3,['Unknown%20significance'],13.75,0.08,0.0,-0.1,0.1
MYO15A,17,18131298,NM_016239.4:c.4098C>A,NP_057323.3:p.Asp1366Glu,0.802,24.4,['Unknown%20significance'],13.75,0.08,0.0,0.4,0.4
MYO15A,17,18131298,NM_016239.4:c.4098C>G,NP_057323.3:p.Asp1366Glu,0.787,24.3,['Unknown%20significance'],13.75,0.08,0.0,0.4,0.4
MYO15A,17,18131300,NM_016239.4:c.4100A>C,NP_057323.3:p.Asn1367Thr,0.947,26.7,['Unknown%20significance'],33.99,0.21,0.0,0.6,0.6
MYO15A,17,18131300,NM_016239.4:c.4100A>G,NP_057323.3:p.Asn1367Ser,0.919,25.6,['Unknown%20significance'],33.99,0.21,0.0,0.8,0.8
MYO15A,17,18131301,NM_016239.4:c.4101C>A,NP_057323.3:p.Asn1367Lys,0.920,23.8,['Pathogenic'],33.99,0.21,0.0,0.9,0.9
MYO15A,17,18131302,NM_016239.4:c.4102T>C,NP_057323.3:p.Ser1368Pro,0.975,29.6,['Unknown%20significance'],0.0,0.0,0.0,1.4,1.4
MYO15A,17,18131305,NM_016239.4:c.4105A>G,NP_057323.3:p.Ser1369Gly,0.873,25.1,['Unknown%20significance'],4.6,0.03,0.0,1.2,1.2
MYO15A,17,18131307,NM_016239.4:c.4107C>A,NP_057323.3:p.Ser1369Arg,0.950,24.0,['Unknown%20significance'],4.6,0.03,0.0,0.3,0.3
MYO15A,17,18131308,NM_016239.4:c.4108C>T,NP_057323.3:p.Arg1370Cys,0.934,27.3,['Pathogenic'],0.17,0.0,0.0,2.1,2.1
MYO15A,17,18131309,NM_016239.4:c.4109G>A,NP_057323.3:p.Arg1370His,0.971,31,['Unknown%20significance'],0.17,0.0,0.0,1.0,1.0
MYO15A,17,18131319,NM_016239.4:c.4119G>C,NP_057323.3:p.Lys1373Asn,0.846,25.2,['Unknown%20significance'],0.13,0.0,0.0,0.5,0.5
MYO15A,17,18131323,NM_016239.4:c.4123G>A,NP_057323.3:p.Val1375Met,0.283,0.780,['Likely%20benign'],4.0,0.02,0.0,0.4,0.4
MYO15A,17,18131323,NM_016239.4:c.4123G>C,NP_057323.3:p.Val1375Leu,0.310,0.217,['Likely%20benign'],4.0,0.02,0.0,-0.1,0.1
MYO15A,17,18131323,NM_016239.4:c.4123G>T,NP_057323.3:p.Val1375Leu,0.311,0.234,['Likely%20benign'],4.0,0.02,0.0,-0.1,0.1
MYO15A,17,18131327,NM_016239.4:c.4127A>G,NP_057323.3:p.Glu1376Gly,0.927,28.2,['Unknown%20significance'],6.54,0.03,0.0,1.1,1.1
MYO15A,17,18131335,NM_016239.4:c.4135C>A,NP_057323.3:p.Leu1379Met,0.391,20.9,['Unknown%20significance'],0.0,0.0,0.0,0.7,0.7
MYO15A,17,18131335,NM_016239.4:c.4135C>G,NP_057323.3:p.Leu1379Val,0.488,22.6,['Unknown%20significance'],0.0,0.0,0.0,0.6,0.6
MYO15A,17,18131336,NM_016239.4:c.4136T>C,NP_057323.3:p.Leu1379Pro,0.926,27.2,['Unknown%20significance'],0.0,0.0,0.0,3.0,3.0
MYO15A,17,18131339,NM_016239.4:c.4139A>G,NP_057323.3:p.Glu1380Gly,0.774,32,['Unknown%20significance'],112.99,0.57,0.0,0.4,0.4
MYO15A,17,18131341,NM_016239.4:c.4141G>A,NP_057323.3:p.Gly1381Arg,0.593,24.0,['Unknown%20significance'],57.56,0.6,0.0,-0.5,0.5
MYO15A,17,18131342,NM_016239.4:c.4142G>A,NP_057323.3:p.Gly1381Glu,0.389,24.2,['Unknown%20significance'],57.56,0.6,0.0,-0.2,0.2
MYO15A,17,18131342,NM_016239.4:c.4142G>C,NP_057323.3:p.Gly1381Ala,0.393,25.6,['Unknown%20significance'],57.56,0.6,0.0,-0.2,0.2
MYO15A,17,18131472,NM_016239.4:c.4147G>A,NP_057323.3:p.Val1383Met,0.177,12.72,['Unknown%20significance'],45.41,0.26,0.0,0.0,0.0
MYO15A,17,18131475,NM_016239.4:c.4150A>G,NP_057323.3:p.Ile1384Val,0.671,22.9,['Unknown%20significance'],1.45,0.0,0.0,0.7,0.7
MYO15A,17,18131476,NM_016239.4:c.4151T>C,NP_057323.3:p.Ile1384Thr,0.967,26.6,['Unknown%20significance'],1.45,0.0,0.0,2.4,2.4
MYO15A,17,18131477,NM_016239.4:c.4152C>G,NP_057323.3:p.Ile1384Met,0.864,23.8,['Unknown%20significance'],1.45,0.0,0.0,1.2,1.2
MYO15A,17,18131478,NM_016239.4:c.4153T>G,NP_057323.3:p.Ser1385Ala,0.313,21.4,['Unknown%20significance'],13.52,0.09,0.0,-0.5,0.5
MYO15A,17,18131481,NM_016239.4:c.4156G>A,NP_057323.3:p.Gly1386Ser,0.885,32,['Unknown%20significance'],0.0,0.0,0.0,0.7,0.7
MYO15A,17,18131482,NM_016239.4:c.4157G>A,NP_057323.3:p.Gly1386Asp,0.967,27.5,['Unknown%20significance'],0.0,0.0,0.0,1.5,1.5
MYO15A,17,18131487,NM_016239.4:c.4162A>G,NP_057323.3:p.Ile1388Val,0.286,21.7,['Unknown%20significance'],60.53,0.3,0.0,0.1,0.1
MYO15A,17,18131488,NM_016239.4:c.4163T>A,NP_057323.3:p.Ile1388Lys,0.615,24.2,['Unknown%20significance'],60.53,0.3,0.0,0.9,0.9
MYO15A,17,18131491,NM_016239.4:c.4166C>T,NP_057323.3:p.Thr1389Ile,0.538,23.6,['Unknown%20significance'],6.07,0.03,0.0,-2.4,2.4
MYO15A,17,18131494,NM_016239.4:c.4169C>G,NP_057323.3:p.Ser1390Cys,0.826,26.6,['Unknown%20significance'],23.3,0.16,0.0,-0.2,0.2
MYO15A,17,18131502,NM_016239.4:c.4177C>G,NP_057323.3:p.Leu1393Val,0.872,24.6,['Unknown%20significance'],17.84,0.09,0.0,1.5,1.5
MYO15A,17,18131503,NM_016239.4:c.4178T>C,NP_057323.3:p.Leu1393Pro,0.976,29.0,['Unknown%20significance'],17.84,0.09,0.0,3.7,3.7
MYO15A,17,18131503,NM_016239.4:c.4178T>G,NP_057323.3:p.Leu1393Arg,0.978,27.1,['Unknown%20significance'],17.84,0.09,0.0,2.7,2.7
MYO15A,17,18131505,NM_016239.4:c.4180C>T,NP_057323.3:p.Leu1394Phe,0.928,26.4,['Unknown%20significance'],4.67,0.02,0.0,1.5,1.5
MYO15A,17,18131513,NM_016239.4:c.4188A>T,NP_057323.3:p.Lys1396Asn,0.728,19.47,['Likely%20benign'],20.75,0.08,0.0,0.5,0.5
MYO15A,17,18131515,NM_016239.4:c.4190C>A,NP_057323.3:p.Ser1397Tyr,0.937,27.4,['Unknown%20significance'],4.15,0.03,0.0,-0.7,0.7
MYO15A,17,18131515,NM_016239.4:c.4190C>T,NP_057323.3:p.Ser1397Phe,0.930,28.4,['Unknown%20significance'],4.15,0.03,0.0,-0.0,0.0
MYO15A,17,18131518,NM_016239.4:c.4193G>A,NP_057323.3:p.Arg1398Lys,0.957,27.9,['Pathogenic'],2.35,0.0,0.0,1.5,1.5
MYO15A,17,18131519,NM_016239.4:c.4194G>T,NP_057323.3:p.Arg1398Ser,0.813,25.3,['Unknown%20significance'],2.35,0.0,0.0,2.1,2.1
MYO15A,17,18131520,NM_016239.4:c.4195A>T,NP_057323.3:p.Ile1399Phe,0.928,33,['Unknown%20significance'],0.0,0.0,0.0,0.9,0.9
MYO15A,17,18131521,NM_016239.4:c.4196T>C,NP_057323.3:p.Ile1399Thr,0.969,26.9,['Unknown%20significance'],0.0,0.0,0.0,2.6,2.6
MYO15A,17,18131522,NM_016239.4:c.4197C>G,NP_057323.3:p.Ile1399Met,0.846,16.99,['Unknown%20significance'],0.0,0.0,0.0,1.6,1.6
MYO15A,17,18131523,NM_016239.4:c.4198G>A,NP_057323.3:p.Val1400Met,0.891,27.6,['Pathogenic'],9.03,0.05,0.0,1.0,1.0
MYO15A,17,18131523,NM_016239.4:c.4198G>C,NP_057323.3:p.Val1400Leu,0.770,26.0,['Unknown%20significance'],9.03,0.05,0.0,0.7,0.7
MYO15A,17,18131526,NM_016239.4:c.4201T>C,NP_057323.3:p.Phe1401Leu,0.795,28.4,['Unknown%20significance'],76.01,0.33,0.0,0.3,0.3
MYO15A,17,18131531,NM_016239.4:c.4206G>C,NP_057323.3:p.Gln1402His,0.856,35,['Unknown%20significance'],1.85,0.0,0.0,0.0,0.0
MYO15A,17,18132456,NM_016239.4:c.4210A>C,NP_057323.3:p.Lys1404Gln,0.549,23.9,['Unknown%20significance'],190.56,0.8,0.0,-0.0,0.0
MYO15A,17,18132456,NM_016239.4:c.4210A>G,NP_057323.3:p.Lys1404Glu,0.492,25.8,['Unknown%20significance'],190.56,0.8,0.0,0.1,0.1
MYO15A,17,18132457,NM_016239.4:c.4211A>G,NP_057323.3:p.Lys1404Arg,0.295,22.6,['Unknown%20significance'],190.56,0.8,0.0,-0.2,0.2
MYO15A,17,18132459,NM_016239.4:c.4213A>G,NP_057323.3:p.Asn1405Asp,0.303,22.2,['Unknown%20significance'],72.34,0.45,0.0,0.1,0.1
MYO15A,17,18132460,NM_016239.4:c.4214A>T,NP_057323.3:p.Asn1405Ile,0.731,26.4,['Unknown%20significance'],72.34,0.45,0.0,0.2,0.2
MYO15A,17,18132462,NM_016239.4:c.4216G>A,NP_057323.3:p.Glu1406Lys,0.950,30,['Pathogenic'],0.0,0.0,0.0,1.3,1.3
MYO15A,17,18132463,NM_016239.4:c.4217A>G,NP_057323.3:p.Glu1406Gly,0.985,31,['Unknown%20significance'],0.0,0.0,0.0,2.3,2.3
MYO15A,17,18132466,NM_016239.4:c.4220G>A,NP_057323.3:p.Arg1407Lys,0.885,28.5,['Unknown%20significance'],0.0,0.0,0.0,1.2,1.2
MYO15A,17,18132466,NM_016239.4:c.4220G>C,NP_057323.3:p.Arg1407Thr,0.952,28.4,['Pathogenic'],0.0,0.0,0.0,1.9,1.9
MYO15A,17,18132466,NM_016239.4:c.4220G>T,NP_057323.3:p.Arg1407Met,0.944,29.8,['Unknown%20significance'],0.0,0.0,0.0,1.2,1.2
MYO15A,17,18132472,NM_016239.4:c.4226A>G,NP_057323.3:p.Tyr1409Cys,0.974,29.8,['Unknown%20significance'],0.0,0.0,0.0,3.8,3.8
MYO15A,17,18132474,NM_016239.4:c.4228C>G,NP_057323.3:p.His1410Asp,0.944,25.8,['Unknown%20significance'],2.53,0.01,0.0,3.2,3.2
MYO15A,17,18132474,NM_016239.4:c.4228C>T,NP_057323.3:p.His1410Tyr,0.967,25.2,['Unknown%20significance'],2.53,0.01,0.0,-0.5,0.5
MYO15A,17,18132475,NM_016239.4:c.4229A>G,NP_057323.3:p.His1410Arg,0.967,25.8,['Unknown%20significance'],2.53,0.01,0.0,1.5,1.5
MYO15A,17,18132475,NM_016239.4:c.4229A>T,NP_057323.3:p.His1410Leu,0.960,26.7,['Unknown%20significance'],2.53,0.01,0.0,1.1,1.1
MYO15A,17,18132477,NM_016239.4:c.4231A>G,NP_057323.3:p.Ile1411Val,0.592,23.1,['Unknown%20significance'],0.28,0.0,0.0,0.8,0.8
MYO15A,17,18132480,NM_016239.4:c.4234T>A,NP_057323.3:p.Phe1412Ile,0.977,27.1,['Unknown%20significance'],0.0,0.0,0.0,2.5,2.5
MYO15A,17,18132481,NM_016239.4:c.4235T>A,NP_057323.3:p.Phe1412Tyr,0.942,26.7,['Unknown%20significance'],0.0,0.0,0.0,2.0,2.0
MYO15A,17,18132482,NM_016239.4:c.4236C>A,NP_057323.3:p.Phe1412Leu,0.870,24.7,['Unknown%20significance'],0.0,0.0,0.0,2.3,2.3
MYO15A,17,18132483,NM_016239.4:c.4237T>C,NP_057323.3:p.Tyr1413His,0.944,27.2,['Unknown%20significance'],5.81,0.02,0.0,2.8,2.8
MYO15A,17,18132486,NM_016239.4:c.4240G>A,NP_057323.3:p.Glu1414Lys,0.877,27.5,['Likely%20pathogenic'],1.82,0.0,0.0,-0.1,0.1
MYO15A,17,18132489,NM_016239.4:c.4243T>G,NP_057323.3:p.Leu1415Val,0.623,22.7,['Unknown%20significance'],0.0,0.0,0.0,1.4,1.4
MYO15A,17,18132498,NM_016239.4:c.4252G>A,NP_057323.3:p.Gly1418Arg,0.955,26.1,['Likely%20pathogenic'],6.1,0.06,0.0,0.3,0.3
MYO15A,17,18132499,NM_016239.4:c.4253G>C,NP_057323.3:p.Gly1418Ala,0.871,24.9,['Unknown%20significance'],6.1,0.06,0.0,-0.0,0.0
MYO15A,17,18132504,NM_016239.4:c.4258C>T,NP_057323.3:p.Pro1420Ser,0.284,15.35,['Unknown%20significance'],79.25,0.5,0.0,-0.2,0.2
MYO15A,17,18132508,NM_016239.4:c.4262C>T,NP_057323.3:p.Ala1421Val,0.355,22.2,['Unknown%20significance'],91.19,0.71,0.0,-0.1,0.1
MYO15A,17,18132512,NM_016239.4:c.4266G>C,NP_057323.3:p.Gln1422His,0.530,22.0,['Unknown%20significance'],159.67,0.8,0.0,0.0,0.0
MYO15A,17,18132517,NM_016239.4:c.4271G>T,NP_057323.3:p.Arg1424Met,0.594,23.7,['Unknown%20significance'],34.74,0.12,0.0,0.4,0.4
MYO15A,17,18132521,NM_016239.4:c.4275G>C,NP_057323.3:p.Gln1425His,0.329,15.73,['Unknown%20significance'],153.02,0.77,0.0,0.0,0.0
MYO15A,17,18132529,NM_016239.4:c.4283G>A,NP_057323.3:p.Ser1428Asn,0.337,22.6,['Unknown%20significance'],61.24,0.44,0.0,-0.1,0.1
MYO15A,17,18132532,NM_016239.4:c.4286T>C,NP_057323.3:p.Leu1429Pro,0.940,27.7,['Unknown%20significance'],18.37,0.09,0.0,3.8,3.8
MYO15A,17,18132535,NM_016239.4:c.4289A>G,NP_057323.3:p.Gln1430Arg,0.486,25.5,['Unknown%20significance'],22.84,0.11,0.0,-0.3,0.3
MYO15A,17,18132535,NM_016239.4:c.4289A>T,NP_057323.3:p.Gln1430Leu,0.566,24.9,['Unknown%20significance'],22.84,0.11,0.0,-0.7,0.7
MYO15A,17,18132541,NM_016239.4:c.4295C>T,NP_057323.3:p.Ala1432Val,0.691,25.9,['Unknown%20significance'],9.88,0.07,0.0,-0.5,0.5
MYO15A,17,18132543,NM_016239.4:c.4297G>A,NP_057323.3:p.Glu1433Lys,0.806,28.7,['Unknown%20significance'],121.24,0.62,0.0,0.0,0.0
MYO15A,17,18132544,NM_016239.4:c.4298A>C,NP_057323.3:p.Glu1433Ala,0.802,26.9,['Unknown%20significance'],121.24,0.62,0.0,0.0,0.0
MYO15A,17,18132546,NM_016239.4:c.4300A>C,NP_057323.3:p.Thr1434Pro,0.873,26.8,['Unknown%20significance'],27.26,0.17,0.0,0.6,0.6
MYO15A,17,18132552,NM_016239.4:c.4306T>G,NP_057323.3:p.Tyr1436Asp,0.805,28.8,['Unknown%20significance'],14.98,0.06,0.0,2.4,2.4
MYO15A,17,18132553,NM_016239.4:c.4307A>G,NP_057323.3:p.Tyr1436Cys,0.729,28.4,['Unknown%20significance'],14.98,0.06,0.0,1.9,1.9
MYO15A,17,18132555,NM_016239.4:c.4309T>C,NP_057323.3:p.Tyr1437His,0.888,24.8,['Unknown%20significance'],0.0,0.0,0.0,2.7,2.7
MYO15A,17,18132556,NM_016239.4:c.4310A>C,NP_057323.3:p.Tyr1437Ser,0.909,29.2,['Likely%20pathogenic'],0.0,0.0,0.0,4.8,4.8
MYO15A,17,18132556,NM_016239.4:c.4310A>G,NP_057323.3:p.Tyr1437Cys,0.951,29.9,['Likely%20pathogenic'],0.0,0.0,0.0,3.4,3.4
MYO15A,17,18132558,NM_016239.4:c.4312C>G,NP_057323.3:p.Leu1438Val,0.869,25.2,['Unknown%20significance'],0.21,0.0,0.0,1.5,1.5
MYO15A,17,18132559,NM_016239.4:c.4313T>C,NP_057323.3:p.Leu1438Pro,0.931,29.1,['Pathogenic'],0.21,0.0,0.0,3.9,3.9
MYO15A,17,18132563,NM_016239.4:c.4317C>G,NP_057323.3:p.Asn1439Lys,0.659,23.8,['Unknown%20significance'],27.83,0.17,0.0,0.4,0.4
MYO15A,17,18132566,NM_016239.4:c.4320G>C,NP_057323.3:p.Gln1440His,0.735,31,['Unknown%20significance'],12.82,0.06,0.0,-0.0,0.0
MYO15A,17,18133226,NM_016239.4:c.4322G>C,NP_057323.3:p.Gly1441Ala,0.839,29.4,['Unknown%20significance'],0.1,0.0,0.0,-0.2,0.2
MYO15A,17,18133226,NM_016239.4:c.4322G>T,NP_057323.3:p.Gly1441Val,0.936,29.7,['Pathogenic'],0.1,0.0,0.0,-0.4,0.4
MYO15A,17,18133228,NM_016239.4:c.4324G>A,NP_057323.3:p.Gly1442Arg,0.796,24.6,['Unknown%20significance'],24.34,0.25,0.0,-0.6,0.6
MYO15A,17,18133229,NM_016239.4:c.4325G>A,NP_057323.3:p.Gly1442Glu,0.871,25.6,['Unknown%20significance'],24.34,0.25,0.0,0.0,0.0
MYO15A,17,18133232,NM_016239.4:c.4328A>G,NP_057323.3:p.Asn1443Ser,0.450,23.1,['Unknown%20significance'],67.98,0.42,0.0,-0.1,0.1
MYO15A,17,18133233,NM_016239.4:c.4329C>A,NP_057323.3:p.Asn1443Lys,0.590,23.8,['Unknown%20significance'],67.98,0.42,0.0,0.2,0.2
MYO15A,17,18133235,NM_016239.4:c.4331G>A,NP_057323.3:p.Cys1444Tyr,0.636,26.1,['Unknown%20significance'],39.98,0.25,0.0,-0.6,0.6
MYO15A,17,18133235,NM_016239.4:c.4331G>C,NP_057323.3:p.Cys1444Ser,0.705,25.7,['Unknown%20significance'],39.98,0.25,0.0,0.6,0.6
MYO15A,17,18133236,NM_016239.4:c.4332T>G,NP_057323.3:p.Cys1444Trp,0.643,23.9,['Unknown%20significance'],39.98,0.25,0.0,-0.5,0.5
MYO15A,17,18133237,NM_016239.4:c.4333G>A,NP_057323.3:p.Glu1445Lys,0.407,25.8,['Unknown%20significance'],181.2,0.92,0.0,0.0,0.0
MYO15A,17,18133237,NM_016239.4:c.4333G>C,NP_057323.3:p.Glu1445Gln,0.408,23.8,['Unknown%20significance'],181.2,0.92,0.0,-0.1,0.1
MYO15A,17,18133238,NM_016239.4:c.4334A>G,NP_057323.3:p.Glu1445Gly,0.338,22.8,['Unknown%20significance'],181.2,0.92,0.0,0.1,0.1
MYO15A,17,18133241,NM_016239.4:c.4337T>C,NP_057323.3:p.Ile1446Thr,0.841,25.9,['Unknown%20significance'],10.3,0.05,0.0,1.2,1.2
MYO15A,17,18133242,NM_016239.4:c.4338A>G,NP_057323.3:p.Ile1446Met,0.528,16.19,['Unknown%20significance'],10.3,0.05,0.0,0.5,0.5
MYO15A,17,18133243,NM_016239.4:c.4339G>A,NP_057323.3:p.Ala1447Thr,0.177,0.574,['Likely%20benign'],106.03,0.83,0.0,-0.1,0.1
MYO15A,17,18133246,NM_016239.4:c.4342G>A,NP_057323.3:p.Gly1448Arg,0.879,26.4,['Unknown%20significance'],88.8,0.93,0.0,-0.0,0.0
MYO15A,17,18133247,NM_016239.4:c.4343G>A,NP_057323.3:p.Gly1448Glu,0.811,25.1,['Unknown%20significance'],88.8,0.93,0.0,0.1,0.1
MYO15A,17,18133247,NM_016239.4:c.4343G>C,NP_057323.3:p.Gly1448Ala,0.757,24.6,['Unknown%20significance'],88.8,0.93,0.0,0.0,0.0
MYO15A,17,18133250,NM_016239.4:c.4346A>G,NP_057323.3:p.Lys1449Arg,0.491,25.4,['Unknown%20significance'],44.43,0.18,0.0,-0.8,0.8
MYO15A,17,18133251,NM_016239.4:c.4347G>C,NP_057323.3:p.Lys1449Asn,0.477,24.0,['Unknown%20significance'],44.43,0.18,0.0,0.2,0.2
MYO15A,17,18133253,NM_016239.4:c.4349G>A,NP_057323.3:p.Ser1450Asn,0.220,19.04,['Unknown%20significance'],54.86,0.39,0.0,-0.2,0.2
MYO15A,17,18133255,NM_016239.4:c.4351G>A,NP_057323.3:p.Asp1451Asn,0.737,26.2,['Pathogenic'],18.33,0.11,0.0,0.3,0.3
MYO15A,17,18133258,NM_016239.4:c.4354G>A,NP_057323.3:p.Ala1452Thr,0.232,14.81,['Unknown%20significance'],32.84,0.25,0.0,-0.2,0.2
MYO15A,17,18133258,NM_016239.4:c.4354G>T,NP_057323.3:p.Ala1452Ser,0.220,12.44,['Likely%20benign'],32.84,0.25,0.0,0.0,0.0
MYO15A,17,18133259,NM_016239.4:c.4355C>A,NP_057323.3:p.Ala1452Glu,0.211,8.898,['Likely%20benign'],32.84,0.25,0.0,0.4,0.4
MYO15A,17,18133259,NM_016239.4:c.4355C>T,NP_057323.3:p.Ala1452Val,0.198,11.38,['Unknown%20significance'],32.84,0.25,0.0,-0.1,0.1
MYO15A,17,18133261,NM_016239.4:c.4357G>A,NP_057323.3:p.Asp1453Asn,0.376,24.0,['Unknown%20significance'],48.25,0.3,0.0,-0.3,0.3
MYO15A,17,18133261,NM_016239.4:c.4357G>T,NP_057323.3:p.Asp1453Tyr,0.542,24.2,['Unknown%20significance'],48.25,0.3,0.0,-1.0,1.0
MYO15A,17,18133262,NM_016239.4:c.4358A>T,NP_057323.3:p.Asp1453Val,0.516,22.3,['Unknown%20significance'],48.25,0.3,0.0,-0.4,0.4
MYO15A,17,18133264,NM_016239.4:c.4360G>T,NP_057323.3:p.Asp1454Tyr,0.827,25.8,['Unknown%20significance'],31.53,0.19,0.0,-1.1,1.1
MYO15A,17,18133267,NM_016239.4:c.4363T>C,NP_057323.3:p.Phe1455Leu,0.939,26.8,['Unknown%20significance'],0.05,0.0,0.0,1.7,1.7
MYO15A,17,18133267,NM_016239.4:c.4363T>G,NP_057323.3:p.Phe1455Val,0.958,26.3,['Unknown%20significance'],0.05,0.0,0.0,2.4,2.4
MYO15A,17,18133269,NM_016239.4:c.4365T>G,NP_057323.3:p.Phe1455Leu,0.820,23.5,['Unknown%20significance'],0.05,0.0,0.0,1.7,1.7
MYO15A,17,18133270,NM_016239.4:c.4366C>T,NP_057323.3:p.Arg1456Cys,0.629,26.5,['Unknown%20significance'],128.43,0.47,0.0,0.5,0.5
MYO15A,17,18133271,NM_016239.4:c.4367G>A,NP_057323.3:p.Arg1456His,0.437,22.5,['Unknown%20significance'],128.43,0.47,0.0,0.1,0.1
MYO15A,17,18133271,NM_016239.4:c.4367G>C,NP_057323.3:p.Arg1456Pro,0.705,24.3,['Unknown%20significance'],128.43,0.47,0.0,0.7,0.7
MYO15A,17,18133271,NM_016239.4:c.4367G>T,NP_057323.3:p.Arg1456Leu,0.499,18.72,['Unknown%20significance'],128.43,0.47,0.0,-0.0,0.0
MYO15A,17,18133273,NM_016239.4:c.4369C>T,NP_057323.3:p.Arg1457Trp,0.764,25.3,['Pathogenic'],145.97,0.54,0.0,-0.3,0.3
MYO15A,17,18133274,NM_016239.4:c.4370G>A,NP_057323.3:p.Arg1457Gln,0.522,25.9,['Unknown%20significance'],145.97,0.54,0.0,0.1,0.1
MYO15A,17,18133276,NM_016239.4:c.4372C>G,NP_057323.3:p.Leu1458Val,0.498,24.4,['Unknown%20significance'],1.01,0.0,0.0,0.5,0.5
MYO15A,17,18133276,NM_016239.4:c.4372C>T,NP_057323.3:p.Leu1458Phe,0.584,24.6,['Unknown%20significance'],1.01,0.0,0.0,0.6,0.6
MYO15A,17,18133280,NM_016239.4:c.4376T>C,NP_057323.3:p.Leu1459Pro,0.866,28.9,['Unknown%20significance'],44.15,0.22,0.0,1.7,1.7
MYO15A,17,18133282,NM_016239.4:c.4378G>A,NP_057323.3:p.Ala1460Thr,0.281,21.5,['Likely%20benign'],63.84,0.5,0.0,0.0,0.0
MYO15A,17,18133288,NM_016239.4:c.4384A>G,NP_057323.3:p.Met1462Val,0.848,24.4,['Unknown%20significance'],0.37,0.0,0.0,0.5,0.5
MYO15A,17,18133288,NM_016239.4:c.4384A>T,NP_057323.3:p.Met1462Leu,0.462,21.6,['Unknown%20significance'],0.37,0.0,0.0,-0.5,0.5
MYO15A,17,18133289,NM_016239.4:c.4385T>C,NP_057323.3:p.Met1462Thr,0.962,26.1,['Unknown%20significance'],0.37,0.0,0.0,2.3,2.3
MYO15A,17,18133290,NM_016239.4:c.4386G>A,NP_057323.3:p.Met1462Ile,0.876,26.9,['Unknown%20significance'],0.37,0.0,0.0,-0.0,0.0
MYO15A,17,18133291,NM_016239.4:c.4387G>A,NP_057323.3:p.Glu1463Lys,0.541,28.1,['Unknown%20significance'],134.42,0.68,0.0,0.0,0.0
MYO15A,17,18133294,NM_016239.4:c.4390G>A,NP_057323.3:p.Val1464Met,0.690,25.9,['Unknown%20significance'],47.03,0.27,0.0,0.3,0.3
MYO15A,17,18133295,NM_016239.4:c.4391T>C,NP_057323.3:p.Val1464Ala,0.709,24.7,['Unknown%20significance'],47.03,0.27,0.0,1.1,1.1
MYO15A,17,18133295,NM_016239.4:c.4391T>G,NP_057323.3:p.Val1464Gly,0.817,24.3,['Unknown%20significance'],47.03,0.27,0.0,2.1,2.1
MYO15A,17,18133297,NM_016239.4:c.4393T>G,NP_057323.3:p.Leu1465Val,0.705,23.6,['Unknown%20significance'],0.18,0.0,0.0,0.9,0.9
MYO15A,17,18133298,NM_016239.4:c.4394T>G,NP_057323.3:p.Leu1465Trp,0.949,29.4,['Unknown%20significance'],0.18,0.0,0.0,1.5,1.5
MYO15A,17,18133301,NM_016239.4:c.4397G>A,NP_057323.3:p.Gly1466Asp,0.606,23.5,['Unknown%20significance'],55.61,0.58,0.0,0.5,0.5
MYO15A,17,18133310,NM_016239.4:c.4406G>A,NP_057323.3:p.Ser1469Asn,0.129,11.20,['Unknown%20significance'],86.62,0.62,0.0,-0.0,0.0
MYO15A,17,18133314,NM_016239.4:c.4410G>C,NP_057323.3:p.Glu1470Asp,0.362,17.15,['Unknown%20significance'],107.59,0.55,0.0,0.1,0.1
MYO15A,17,18133316,NM_016239.4:c.4412A>G,NP_057323.3:p.Asp1471Gly,0.923,29.7,['Unknown%20significance'],33.32,0.2,0.0,0.9,0.9
MYO15A,17,18133321,NM_016239.4:c.4417G>T,NP_057323.3:p.Asp1473Tyr,0.542,26.5,['Unknown%20significance'],49.24,0.3,0.0,-1.4,1.4
MYO15A,17,18133323,NM_016239.4:c.4419C>G,NP_057323.3:p.Asp1473Glu,0.232,21.4,['Unknown%20significance'],49.24,0.3,0.0,-0.2,0.2
MYO15A,17,18133324,NM_016239.4:c.4420A>G,NP_057323.3:p.Ser1474Gly,0.281,20.2,['Likely%20benign'],11.83,0.08,0.0,0.6,0.6
MYO15A,17,18133325,NM_016239.4:c.4421G>A,NP_057323.3:p.Ser1474Asn,0.323,23.1,['Unknown%20significance'],11.83,0.08,0.0,0.0,0.0
MYO15A,17,18133327,NM_016239.4:c.4423A>C,NP_057323.3:p.Ile1475Leu,0.722,26.3,['Unknown%20significance'],0.38,0.0,0.0,0.8,0.8
MYO15A,17,18133327,NM_016239.4:c.4423A>G,NP_057323.3:p.Ile1475Val,0.601,23.5,['Unknown%20significance'],0.38,0.0,0.0,0.8,0.8
MYO15A,17,18133328,NM_016239.4:c.4424T>C,NP_057323.3:p.Ile1475Thr,0.944,24.6,['Unknown%20significance'],0.38,0.0,0.0,3.5,3.5
MYO15A,17,18133329,NM_016239.4:c.4425C>G,NP_057323.3:p.Ile1475Met,0.691,24.7,['Unknown%20significance'],0.38,0.0,0.0,1.9,1.9
MYO15A,17,18133333,NM_016239.4:c.4429C>T,NP_057323.3:p.Arg1477Cys,0.800,27.5,['Unknown%20significance'],56.25,0.2,0.0,0.2,0.2
MYO15A,17,18133334,NM_016239.4:c.4430G>A,NP_057323.3:p.Arg1477His,0.730,28.4,['Unknown%20significance'],56.25,0.2,0.0,0.3,0.3
MYO15A,17,18133334,NM_016239.4:c.4430G>T,NP_057323.3:p.Arg1477Leu,0.770,28.1,['Unknown%20significance'],56.25,0.2,0.0,-1.1,1.1
MYO15A,17,18133336,NM_016239.4:c.4432A>C,NP_057323.3:p.Ile1478Leu,0.644,23.9,['Unknown%20significance'],0.0,0.0,0.0,0.3,0.3
MYO15A,17,18133336,NM_016239.4:c.4432A>T,NP_057323.3:p.Ile1478Phe,0.871,25.9,['Unknown%20significance'],0.0,0.0,0.0,1.0,1.0
MYO15A,17,18133337,NM_016239.4:c.4433T>C,NP_057323.3:p.Ile1478Thr,0.949,27.6,['Unknown%20significance'],0.0,0.0,0.0,3.7,3.7
MYO15A,17,18133338,NM_016239.4:c.4434C>G,NP_057323.3:p.Ile1478Met,0.692,24.3,['Unknown%20significance'],0.0,0.0,0.0,1.7,1.7
MYO15A,17,18133340,NM_016239.4:c.4436T>C,NP_057323.3:p.Leu1479Pro,0.988,29.4,['Unknown%20significance'],0.0,0.0,0.0,5.1,5.1
MYO15A,17,18133340,NM_016239.4:c.4436T>G,NP_057323.3:p.Leu1479Arg,0.982,28.9,['Unknown%20significance'],0.0,0.0,0.0,4.4,4.4
MYO15A,17,18133342,NM_016239.4:c.4438G>A,NP_057323.3:p.Ala1480Thr,0.782,25.3,['Unknown%20significance'],0.0,0.0,0.0,1.5,1.5
MYO15A,17,18133345,NM_016239.4:c.4441T>C,NP_057323.3:p.Ser1481Pro,0.956,28.4,['Pathogenic'],0.0,0.0,0.0,0.3,0.3
MYO15A,17,18133348,NM_016239.4:c.4444A>G,NP_057323.3:p.Ile1482Val,0.500,21.3,['Unknown%20significance'],0.0,0.0,0.0,0.7,0.7
MYO15A,17,18133358,NM_016239.4:c.4454T>C,NP_057323.3:p.Leu1485Pro,0.986,28.9,['Likely%20pathogenic'],0.0,0.0,0.0,4.9,4.9
MYO15A,17,18133360,NM_016239.4:c.4456G>A,NP_057323.3:p.Gly1486Ser,0.964,28.1,['Unknown%20significance'],0.0,0.0,0.0,1.1,1.1
MYO15A,17,18133361,NM_016239.4:c.4457G>A,NP_057323.3:p.Gly1486Asp,0.975,27.6,['Unknown%20significance'],0.0,0.0,0.0,1.8,1.8
MYO15A,17,18133361,NM_016239.4:c.4457G>T,NP_057323.3:p.Gly1486Val,0.985,27.1,['Pathogenic'],0.0,0.0,0.0,0.0,0.0
MYO15A,17,18133364,NM_016239.4:c.4460A>G,NP_057323.3:p.Asn1487Ser,0.856,25.6,['Unknown%20significance'],0.0,0.0,0.0,0.8,0.8
MYO15A,17,18133365,NM_016239.4:c.4461C>A,NP_057323.3:p.Asn1487Lys,0.583,2.125,['Unknown%20significance'],0.0,0.0,0.0,1.0,1.0
MYO15A,17,18133366,NM_016239.4:c.4462G>A,NP_057323.3:p.Val1488Ile,0.518,23.7,['Unknown%20significance'],0.0,0.0,0.0,-0.4,0.4
MYO15A,17,18133369,NM_016239.4:c.4465T>A,NP_057323.3:p.Tyr1489Asn,0.602,29.6,['Unknown%20significance'],37.3,0.15,0.0,1.3,1.3
MYO15A,17,18133369,NM_016239.4:c.4465T>C,NP_057323.3:p.Tyr1489His,0.596,29.4,['Unknown%20significance'],37.3,0.15,0.0,0.8,0.8
MYO15A,17,18133375,NM_016239.4:c.4471G>A,NP_057323.3:p.Glu1491Lys,0.432,29.1,['Unknown%20significance'],100.76,0.51,0.0,0.0,0.0
MYO15A,17,18133380,NM_016239.4:c.4476G>T,NP_057323.3:p.Lys1492Asn,0.414,24.7,['Unknown%20significance'],76.56,0.32,0.0,-0.1,0.1
MYO15A,17,18133381,NM_016239.4:c.4477T>G,NP_057323.3:p.Tyr1493Asp,0.265,23.3,['Unknown%20significance'],148.53,0.61,0.0,0.6,0.6
MYO15A,17,18133382,NM_016239.4:c.4478A>G,NP_057323.3:p.Tyr1493Cys,0.537,29.8,['Unknown%20significance'],148.53,0.61,0.0,0.6,0.6
MYO15A,17,18133384,NM_016239.4:c.4480G>A,NP_057323.3:p.Glu1494Lys,0.594,33,['Unknown%20significance'],160.02,0.81,0.0,0.0,0.0
MYO15A,17,18133384,NM_016239.4:c.4480G>C,NP_057323.3:p.Glu1494Gln,0.436,27.0,['Unknown%20significance'],160.02,0.81,0.0,-0.1,0.1
MYO15A,17,18135711,NM_016239.4:c.4483A>G,NP_057323.3:p.Thr1495Ala,0.246,21.8,['Unknown%20significance'],47.07,0.29,0.0,0.4,0.4
MYO15A,17,18135712,NM_016239.4:c.4484C>G,NP_057323.3:p.Thr1495Arg,0.315,23.8,['Unknown%20significance'],47.07,0.29,0.0,-0.4,0.4
MYO15A,17,18135712,NM_016239.4:c.4484C>T,NP_057323.3:p.Thr1495Met,0.260,19.22,['Unknown%20significance'],47.07,0.29,0.0,-0.1,0.1
MYO15A,17,18135715,NM_016239.4:c.4487A>G,NP_057323.3:p.Asp1496Gly,0.606,24.3,['Unknown%20significance'],161.08,1.0,0.0,0.1,0.1
MYO15A,17,18135715,NM_016239.4:c.4487A>T,NP_057323.3:p.Asp1496Val,0.818,26.7,['Unknown%20significance'],161.08,1.0,0.0,0.0,0.0
MYO15A,17,18135717,NM_016239.4:c.4489G>A,NP_057323.3:p.Ala1497Thr,0.207,19.94,['Unknown%20significance'],106.83,0.84,0.0,-0.1,0.1
MYO15A,17,18135718,NM_016239.4:c.4490C>T,NP_057323.3:p.Ala1497Val,0.275,22.0,['Unknown%20significance'],106.83,0.84,0.0,-0.0,0.0
MYO15A,17,18135721,NM_016239.4:c.4493A>G,NP_057323.3:p.Gln1498Arg,0.631,26.9,['Unknown%20significance'],88.71,0.44,0.0,-0.3,0.3
MYO15A,17,18135723,NM_016239.4:c.4495G>A,NP_057323.3:p.Glu1499Lys,0.832,30,['Unknown%20significance'],82.17,0.42,0.0,0.2,0.2
MYO15A,17,18135725,NM_016239.4:c.4497G>T,NP_057323.3:p.Glu1499Asp,0.448,24.6,['Unknown%20significance'],82.17,0.42,0.0,0.1,0.1
MYO15A,17,18135726,NM_016239.4:c.4498G>A,NP_057323.3:p.Val1500Met,0.521,24.9,['Unknown%20significance'],13.5,0.07,0.0,0.1,0.1
MYO15A,17,18135730,NM_016239.4:c.4502C>T,NP_057323.3:p.Ala1501Val,0.603,24.9,['Unknown%20significance'],2.76,0.02,0.0,-0.8,0.8
MYO15A,17,18135733,NM_016239.4:c.4505C>T,NP_057323.3:p.Ser1502Leu,0.549,27.2,['Unknown%20significance'],50.97,0.36,0.0,-0.8,0.8
MYO15A,17,18135735,NM_016239.4:c.4507G>T,NP_057323.3:p.Val1503Leu,0.597,26.5,['Unknown%20significance'],26.62,0.15,0.0,0.3,0.3
MYO15A,17,18135738,NM_016239.4:c.4510G>A,NP_057323.3:p.Val1504Met,0.531,27.2,['Unknown%20significance'],91.5,0.53,0.0,0.1,0.1
MYO15A,17,18135738,NM_016239.4:c.4510G>C,NP_057323.3:p.Val1504Leu,0.512,26.4,['Unknown%20significance'],91.5,0.53,0.0,0.0,0.0
MYO15A,17,18135738,NM_016239.4:c.4510G>T,NP_057323.3:p.Val1504Leu,0.512,26.6,['Unknown%20significance'],91.5,0.53,0.0,0.0,0.0
MYO15A,17,18135739,NM_016239.4:c.4511T>C,NP_057323.3:p.Val1504Ala,0.453,24.4,['Unknown%20significance'],91.5,0.53,0.0,0.4,0.4
MYO15A,17,18135741,NM_016239.4:c.4513A>G,NP_057323.3:p.Ser1505Gly,0.808,27.2,['Unknown%20significance'],25.91,0.18,0.0,0.7,0.7
MYO15A,17,18135742,NM_016239.4:c.4514G>A,NP_057323.3:p.Ser1505Asn,0.532,25.9,['Unknown%20significance'],25.91,0.18,0.0,-0.2,0.2
MYO15A,17,18135742,NM_016239.4:c.4514G>C,NP_057323.3:p.Ser1505Thr,0.729,25.8,['Unknown%20significance'],25.91,0.18,0.0,-0.3,0.3
MYO15A,17,18135744,NM_016239.4:c.4516G>A,NP_057323.3:p.Ala1506Thr,0.321,24.4,['Unknown%20significance'],32.31,0.25,0.0,-0.4,0.4
MYO15A,17,18135744,NM_016239.4:c.4516G>T,NP_057323.3:p.Ala1506Ser,0.351,23.8,['Unknown%20significance'],32.31,0.25,0.0,-0.0,0.0
MYO15A,17,18135747,NM_016239.4:c.4519C>G,NP_057323.3:p.Arg1507Gly,0.423,24.6,['Unknown%20significance'],150.04,0.55,0.0,0.8,0.8
MYO15A,17,18135748,NM_016239.4:c.4520G>A,NP_057323.3:p.Arg1507Gln,0.288,22.6,['Unknown%20significance'],150.04,0.55,0.0,0.1,0.1
MYO15A,17,18135748,NM_016239.4:c.4520G>T,NP_057323.3:p.Arg1507Leu,0.362,27.8,['Unknown%20significance'],150.04,0.55,0.0,-0.0,0.0
MYO15A,17,18135754,NM_016239.4:c.4526T>C,NP_057323.3:p.Ile1509Thr,0.855,26.1,['Unknown%20significance'],0.34,0.0,0.0,2.2,2.2
MYO15A,17,18135757,NM_016239.4:c.4529A>G,NP_057323.3:p.Gln1510Arg,0.359,17.68,['Unknown%20significance'],102.83,0.52,0.0,-0.1,0.1
MYO15A,17,18135758,NM_016239.4:c.4530G>C,NP_057323.3:p.Gln1510His,0.523,22.4,['Unknown%20significance'],102.83,0.52,0.0,-0.0,0.0
MYO15A,17,18135762,NM_016239.4:c.4534G>A,NP_057323.3:p.Val1512Met,0.662,26.0,['Unknown%20significance'],0.0,0.0,0.0,1.1,1.1
MYO15A,17,18135766,NM_016239.4:c.4538C>T,NP_057323.3:p.Ala1513Val,0.860,26.3,['Likely%20pathogenic'],1.49,0.01,0.0,-0.5,0.5
MYO15A,17,18135769,NM_016239.4:c.4541A>G,NP_057323.3:p.Glu1514Gly,0.770,28.1,['Unknown%20significance'],134.91,0.69,0.0,0.2,0.2
MYO15A,17,18135771,NM_016239.4:c.4543C>G,NP_057323.3:p.Leu1515Val,0.878,25.1,['Unknown%20significance'],4.04,0.02,0.0,1.5,1.5
MYO15A,17,18135775,NM_016239.4:c.4547T>G,NP_057323.3:p.Leu1516Arg,0.959,27.1,['Likely%20pathogenic'],0.0,0.0,0.0,4.1,4.1
MYO15A,17,18135780,NM_016239.4:c.4552A>G,NP_057323.3:p.Ile1518Val,0.187,12.61,['Unknown%20significance'],11.35,0.05,0.0,0.0,0.0
MYO15A,17,18135781,NM_016239.4:c.4553T>C,NP_057323.3:p.Ile1518Thr,0.845,25.8,['Unknown%20significance'],11.35,0.05,0.0,2.2,2.2
MYO15A,17,18135784,NM_016239.4:c.4556C>G,NP_057323.3:p.Ser1519Cys,0.794,26.1,['Unknown%20significance'],53.69,0.38,0.0,0.1,0.1
MYO15A,17,18135784,NM_016239.4:c.4556C>T,NP_057323.3:p.Ser1519Phe,0.848,26.6,['Unknown%20significance'],53.69,0.38,0.0,-0.4,0.4
MYO15A,17,18135786,NM_016239.4:c.4558C>T,NP_057323.3:p.Pro1520Ser,0.559,23.9,['Unknown%20significance'],66.99,0.42,0.0,0.0,0.0
MYO15A,17,18135787,NM_016239.4:c.4559C>T,NP_057323.3:p.Pro1520Leu,0.578,26.3,['Unknown%20significance'],66.99,0.42,0.0,-0.6,0.6
MYO15A,17,18135789,NM_016239.4:c.4561G>C,NP_057323.3:p.Glu1521Gln,0.549,27.6,['Unknown%20significance'],114.29,0.58,0.0,-0.2,0.2
MYO15A,17,18135792,NM_016239.4:c.4564G>T,NP_057323.3:p.Gly1522Cys,0.668,28.1,['Unknown%20significance'],18.02,0.18,0.0,-0.6,0.6
MYO15A,17,18135793,NM_016239.4:c.4565G>T,NP_057323.3:p.Gly1522Val,0.654,27.1,['Unknown%20significance'],18.02,0.18,0.0,-1.4,1.4
MYO15A,17,18135795,NM_016239.4:c.4567C>A,NP_057323.3:p.Leu1523Met,0.756,25.2,['Unknown%20significance'],0.0,0.0,0.0,1.6,1.6
MYO15A,17,18135799,NM_016239.4:c.4571A>C,NP_057323.3:p.Gln1524Pro,0.845,27.2,['Unknown%20significance'],51.31,0.25,0.0,0.7,0.7
MYO15A,17,18135804,NM_016239.4:c.4576G>A,NP_057323.3:p.Ala1526Thr,0.760,25.4,['Unknown%20significance'],3.54,0.02,0.0,0.5,0.5
MYO15A,17,18135805,NM_016239.4:c.4577C>G,NP_057323.3:p.Ala1526Gly,0.779,27.7,['Unknown%20significance'],3.54,0.02,0.0,1.8,1.8
MYO15A,17,18135807,NM_016239.4:c.4579A>G,NP_057323.3:p.Ile1527Val,0.560,22.8,['Likely%20benign'],0.0,0.0,0.0,0.6,0.6
MYO15A,17,18135808,NM_016239.4:c.4580T>C,NP_057323.3:p.Ile1527Thr,0.955,28.1,['Unknown%20significance'],0.0,0.0,0.0,2.9,2.9
MYO15A,17,18135811,NM_016239.4:c.4583C>A,NP_057323.3:p.Thr1528Asn,0.863,25.3,['Unknown%20significance'],8.21,0.05,0.0,1.4,1.4
MYO15A,17,18135811,NM_016239.4:c.4583C>T,NP_057323.3:p.Thr1528Ile,0.772,26.0,['Unknown%20significance'],8.21,0.05,0.0,-1.1,1.1
MYO15A,17,18135816,NM_016239.4:c.4588A>G,NP_057323.3:p.Lys1530Glu,0.872,27.7,['Unknown%20significance'],105.3,0.44,0.0,-0.0,0.0
MYO15A,17,18135817,NM_016239.4:c.4589A>G,NP_057323.3:p.Lys1530Arg,0.320,22.6,['Unknown%20significance'],105.3,0.44,0.0,-0.7,0.7
MYO15A,17,18135820,NM_016239.4:c.4592T>C,NP_057323.3:p.Val1531Ala,0.706,26.0,['Unknown%20significance'],8.51,0.04,0.0,1.1,1.1
MYO15A,17,18135822,NM_016239.4:c.4594A>G,NP_057323.3:p.Thr1532Ala,0.711,29.4,['Unknown%20significance'],62.24,0.39,0.0,0.3,0.3
MYO15A,17,18135823,NM_016239.4:c.4595C>T,NP_057323.3:p.Thr1532Ile,0.509,29.4,['Unknown%20significance'],62.24,0.39,0.0,-1.0,1.0
MYO15A,17,18136417,NM_016239.4:c.4597G>A,NP_057323.3:p.Glu1533Lys,0.645,34,['Unknown%20significance'],56.62,0.28,0.0,0.2,0.2
MYO15A,17,18136418,NM_016239.4:c.4598A>G,NP_057323.3:p.Glu1533Gly,0.739,33,['Unknown%20significance'],56.62,0.28,0.0,0.6,0.6
MYO15A,17,18136421,NM_016239.4:c.4601C>A,NP_057323.3:p.Thr1534Lys,0.839,25.8,['Unknown%20significance'],70.44,0.44,0.0,0.8,0.8
MYO15A,17,18136425,NM_016239.4:c.4605G>T,NP_057323.3:p.Met1535Ile,0.288,17.60,['Likely%20benign'],213.5,0.98,0.0,0.0,0.0
MYO15A,17,18136426,NM_016239.4:c.4606C>G,NP_057323.3:p.Arg1536Gly,0.650,24.5,['Likely%20benign'],253.43,0.94,0.0,0.1,0.1
MYO15A,17,18136427,NM_016239.4:c.4607G>A,NP_057323.3:p.Arg1536Gln,0.496,22.5,['Unknown%20significance'],253.43,0.94,0.0,0.1,0.1
MYO15A,17,18136427,NM_016239.4:c.4607G>T,NP_057323.3:p.Arg1536Leu,0.820,26.8,['Unknown%20significance'],253.43,0.94,0.0,0.1,0.1
MYO15A,17,18136429,NM_016239.4:c.4609G>A,NP_057323.3:p.Glu1537Lys,0.913,29.1,['Unknown%20significance'],124.87,0.63,0.0,0.3,0.3
MYO15A,17,18136430,NM_016239.4:c.4610A>C,NP_057323.3:p.Glu1537Ala,0.931,29.3,['Unknown%20significance'],124.87,0.63,0.0,0.2,0.2
MYO15A,17,18136430,NM_016239.4:c.4610A>G,NP_057323.3:p.Glu1537Gly,0.858,28.2,['Unknown%20significance'],124.87,0.63,0.0,0.5,0.5
MYO15A,17,18136431,NM_016239.4:c.4611G>T,NP_057323.3:p.Glu1537Asp,0.699,24.6,['Unknown%20significance'],124.87,0.63,0.0,0.1,0.1
MYO15A,17,18136434,NM_016239.4:c.4614G>T,NP_057323.3:p.Lys1538Asn,0.539,32,['Unknown%20significance'],113.54,0.47,0.0,0.0,0.0
MYO15A,17,18136435,NM_016239.4:c.4615A>G,NP_057323.3:p.Ile1539Val,0.505,25.2,['Unknown%20significance'],89.69,0.45,0.0,0.1,0.1
MYO15A,17,18136436,NM_016239.4:c.4616T>C,NP_057323.3:p.Ile1539Thr,0.915,27.2,['Unknown%20significance'],89.69,0.45,0.0,1.1,1.1
MYO15A,17,18136440,NM_016239.4:c.4620C>G,NP_057323.3:p.Phe1540Leu,0.285,22.4,['Unknown%20significance'],111.0,0.48,0.0,0.0,0.0
MYO15A,17,18136441,NM_016239.4:c.4621A>G,NP_057323.3:p.Thr1541Ala,0.690,25.3,['Unknown%20significance'],48.87,0.31,0.0,0.2,0.2
MYO15A,17,18136442,NM_016239.4:c.4622C>A,NP_057323.3:p.Thr1541Lys,0.615,24.7,['Unknown%20significance'],48.87,0.31,0.0,0.8,0.8
MYO15A,17,18136442,NM_016239.4:c.4622C>G,NP_057323.3:p.Thr1541Arg,0.568,23.4,['Unknown%20significance'],48.87,0.31,0.0,0.1,0.1
MYO15A,17,18136442,NM_016239.4:c.4622C>T,NP_057323.3:p.Thr1541Met,0.657,25.1,['Unknown%20significance'],48.87,0.31,0.0,-0.5,0.5
MYO15A,17,18136444,NM_016239.4:c.4624C>A,NP_057323.3:p.Pro1542Thr,0.702,24.2,['Unknown%20significance'],37.99,0.24,0.0,0.2,0.2
MYO15A,17,18136445,NM_016239.4:c.4625C>T,NP_057323.3:p.Pro1542Leu,0.805,25.5,['Unknown%20significance'],37.99,0.24,0.0,-0.3,0.3
MYO15A,17,18136450,NM_016239.4:c.4630A>G,NP_057323.3:p.Thr1544Ala,0.698,25.1,['Unknown%20significance'],50.04,0.31,0.0,0.4,0.4
MYO15A,17,18136461,NM_016239.4:c.4641C>G,NP_057323.3:p.Ser1547Arg,0.583,12.16,['Unknown%20significance'],49.67,0.36,0.0,-0.5,0.5
MYO15A,17,18136462,NM_016239.4:c.4642G>A,NP_057323.3:p.Ala1548Thr,0.884,26.1,['Pathogenic'],0.0,0.0,0.0,0.9,0.9
MYO15A,17,18136462,NM_016239.4:c.4642G>T,NP_057323.3:p.Ala1548Ser,0.783,25.7,['Unknown%20significance'],0.0,0.0,0.0,1.2,1.2
MYO15A,17,18136463,NM_016239.4:c.4643C>T,NP_057323.3:p.Ala1548Val,0.904,25.3,['Pathogenic'],0.0,0.0,0.0,-0.1,0.1
MYO15A,17,18136465,NM_016239.4:c.4645G>A,NP_057323.3:p.Val1549Met,0.480,25.8,['Unknown%20significance'],12.58,0.07,0.0,0.0,0.0
MYO15A,17,18136468,NM_016239.4:c.4648G>C,NP_057323.3:p.Asp1550His,0.822,30,['Unknown%20significance'],37.49,0.23,0.0,-0.3,0.3
MYO15A,17,18136468,NM_016239.4:c.4648G>T,NP_057323.3:p.Asp1550Tyr,0.810,32,['Unknown%20significance'],37.49,0.23,0.0,-0.9,0.9
MYO15A,17,18136469,NM_016239.4:c.4649A>G,NP_057323.3:p.Asp1550Gly,0.897,32,['Unknown%20significance'],37.49,0.23,0.0,0.7,0.7
MYO15A,17,18136470,NM_016239.4:c.4650T>A,NP_057323.3:p.Asp1550Glu,0.692,23.2,['Unknown%20significance'],37.49,0.23,0.0,0.0,0.0
MYO15A,17,18136471,NM_016239.4:c.4651G>A,NP_057323.3:p.Ala1551Thr,0.691,27.5,['Unknown%20significance'],20.57,0.16,0.0,-0.0,0.0
MYO15A,17,18136472,NM_016239.4:c.4652C>A,NP_057323.3:p.Ala1551Asp,0.901,24.9,['Likely%20pathogenic'],20.57,0.16,0.0,0.9,0.9
MYO15A,17,18136565,NM_016239.4:c.4658A>T,NP_057323.3:p.Asp1553Val,0.911,25.6,['Unknown%20significance'],10.17,0.06,0.0,-0.1,0.1
MYO15A,17,18136567,NM_016239.4:c.4660G>A,NP_057323.3:p.Ala1554Thr,0.812,25.5,['Pathogenic'],35.48,0.27,0.0,0.4,0.4
MYO15A,17,18136568,NM_016239.4:c.4661C>T,NP_057323.3:p.Ala1554Val,0.890,24.6,['Unknown%20significance'],35.48,0.27,0.0,0.1,0.1
MYO15A,17,18136573,NM_016239.4:c.4666G>A,NP_057323.3:p.Ala1556Thr,0.873,28.3,['Pathogenic'],0.0,0.0,0.0,0.9,0.9
MYO15A,17,18136573,NM_016239.4:c.4666G>T,NP_057323.3:p.Ala1556Ser,0.727,26.2,['Unknown%20significance'],0.0,0.0,0.0,1.5,1.5
MYO15A,17,18136574,NM_016239.4:c.4667C>A,NP_057323.3:p.Ala1556Asp,0.943,26.3,['Unknown%20significance'],0.0,0.0,0.0,2.6,2.6
MYO15A,17,18136576,NM_016239.4:c.4669A>C,NP_057323.3:p.Lys1557Gln,0.959,27.9,['Unknown%20significance'],25.03,0.1,0.0,-0.5,0.5
MYO15A,17,18136576,NM_016239.4:c.4669A>G,NP_057323.3:p.Lys1557Glu,0.972,28.0,['Pathogenic'],25.03,0.1,0.0,0.3,0.3
MYO15A,17,18136579,NM_016239.4:c.4672G>A,NP_057323.3:p.Val1558Ile,0.335,18.23,['Unknown%20significance'],6.15,0.03,0.0,-0.1,0.1
MYO15A,17,18136580,NM_016239.4:c.4673T>A,NP_057323.3:p.Val1558Asp,0.783,27.5,['Unknown%20significance'],6.15,0.03,0.0,2.4,2.4
MYO15A,17,18136583,NM_016239.4:c.4676T>C,NP_057323.3:p.Leu1559Ser,0.954,28.0,['Unknown%20significance'],0.0,0.0,0.0,5.2,5.2
MYO15A,17,18136583,NM_016239.4:c.4676T>G,NP_057323.3:p.Leu1559Trp,0.933,28.3,['Unknown%20significance'],0.0,0.0,0.0,1.9,1.9
MYO15A,17,18136584,NM_016239.4:c.4677G>C,NP_057323.3:p.Leu1559Phe,0.830,23.5,['Unknown%20significance'],0.0,0.0,0.0,1.0,1.0
MYO15A,17,18136585,NM_016239.4:c.4678T>C,NP_057323.3:p.Tyr1560His,0.950,27.7,['Unknown%20significance'],0.0,0.0,0.0,3.3,3.3
MYO15A,17,18136588,NM_016239.4:c.4681G>A,NP_057323.3:p.Ala1561Thr,0.497,22.5,['Unknown%20significance'],13.9,0.1,0.0,0.4,0.4
MYO15A,17,18136589,NM_016239.4:c.4682C>T,NP_057323.3:p.Ala1561Val,0.660,24.7,['Unknown%20significance'],13.9,0.1,0.0,-0.6,0.6
MYO15A,17,18136595,NM_016239.4:c.4688T>C,NP_057323.3:p.Leu1563Pro,0.968,27.6,['Unknown%20significance'],0.0,0.0,0.0,5.0,5.0
MYO15A,17,18136599,NM_016239.4:c.4692C>A,NP_057323.3:p.Phe1564Leu,0.797,20.1,['Likely%20benign'],2.24,0.0,0.0,2.2,2.2
MYO15A,17,18136600,NM_016239.4:c.4693A>G,NP_057323.3:p.Ser1565Gly,0.192,0.560,['Likely%20benign'],33.68,0.24,0.0,0.5,0.5
MYO15A,17,18136601,NM_016239.4:c.4694G>A,NP_057323.3:p.Ser1565Asn,0.219,17.22,['Unknown%20significance'],33.68,0.24,0.0,0.1,0.1
MYO15A,17,18136601,NM_016239.4:c.4694G>T,NP_057323.3:p.Ser1565Ile,0.284,22.8,['Unknown%20significance'],33.68,0.24,0.0,-1.5,1.5
MYO15A,17,18136605,NM_016239.4:c.4698G>C,NP_057323.3:p.Trp1566Cys,0.865,28.1,['Unknown%20significance'],44.13,0.16,0.0,3.4,3.4
MYO15A,17,18136605,NM_016239.4:c.4698G>T,NP_057323.3:p.Trp1566Cys,0.866,28.9,['Unknown%20significance'],44.13,0.16,0.0,3.4,3.4
MYO15A,17,18136606,NM_016239.4:c.4699C>G,NP_057323.3:p.Leu1567Val,0.658,23.3,['Unknown%20significance'],0.0,0.0,0.0,0.7,0.7
MYO15A,17,18136606,NM_016239.4:c.4699C>T,NP_057323.3:p.Leu1567Phe,0.800,23.7,['Unknown%20significance'],0.0,0.0,0.0,1.1,1.1
MYO15A,17,18136612,NM_016239.4:c.4705A>G,NP_057323.3:p.Thr1569Ala,0.174,0.395,['Likely%20benign'],80.29,0.51,0.0,-0.1,0.1
MYO15A,17,18136616,NM_016239.4:c.4709G>T,NP_057323.3:p.Arg1570Met,0.676,24.3,['Unknown%20significance'],40.04,0.14,0.0,0.0,0.0
MYO15A,17,18136617,NM_016239.4:c.4710G>C,NP_057323.3:p.Arg1570Ser,0.826,23.1,['Unknown%20significance'],40.04,0.14,0.0,1.4,1.4
MYO15A,17,18136618,NM_016239.4:c.4711G>A,NP_057323.3:p.Val1571Ile,0.279,12.20,['Likely%20benign'],0.14,0.0,0.0,-0.9,0.9
MYO15A,17,18136621,NM_016239.4:c.4714A>G,NP_057323.3:p.Asn1572Asp,0.927,24.5,['Unknown%20significance'],25.35,0.15,0.0,0.6,0.6
MYO15A,17,18136623,NM_016239.4:c.4716C>A,NP_057323.3:p.Asn1572Lys,0.791,7.646,['Unknown%20significance'],25.35,0.15,0.0,1.3,1.3
MYO15A,17,18136624,NM_016239.4:c.4717G>A,NP_057323.3:p.Ala1573Thr,0.274,8.491,['Likely%20benign'],86.07,0.67,0.0,-0.0,0.0
MYO15A,17,18136625,NM_016239.4:c.4718C>T,NP_057323.3:p.Ala1573Val,0.295,10.88,['Likely%20benign'],86.07,0.67,0.0,-0.2,0.2
MYO15A,17,18136630,NM_016239.4:c.4723G>A,NP_057323.3:p.Val1575Met,0.608,24.1,['Unknown%20significance'],0.08,0.0,0.0,-0.0,0.0
MYO15A,17,18136630,NM_016239.4:c.4723G>T,NP_057323.3:p.Val1575Leu,0.484,22.4,['Unknown%20significance'],0.08,0.0,0.0,-0.8,0.8
MYO15A,17,18136631,NM_016239.4:c.4724T>C,NP_057323.3:p.Val1575Ala,0.780,24.0,['Unknown%20significance'],0.08,0.0,0.0,2.0,2.0
MYO15A,17,18136634,NM_016239.4:c.4727C>T,NP_057323.3:p.Ser1576Phe,0.292,17.80,['Unknown%20significance'],36.34,0.26,0.0,-1.1,1.1
MYO15A,17,18136636,NM_016239.4:c.4729C>T,NP_057323.3:p.Pro1577Ser,0.582,23.5,['Unknown%20significance'],23.79,0.15,0.0,0.0,0.0
MYO15A,17,18136640,NM_016239.4:c.4733G>A,NP_057323.3:p.Arg1578Lys,0.155,0.018,['Likely%20benign'],249.67,0.92,0.0,0.1,0.1
MYO15A,17,18136640,NM_016239.4:c.4733G>T,NP_057323.3:p.Arg1578Met,0.127,2.468,['Likely%20benign'],249.67,0.92,0.0,0.0,0.0
MYO15A,17,18136641,NM_016239.4:c.4734G>T,NP_057323.3:p.Arg1578Ser,0.099,9.531,['Likely%20benign'],249.67,0.92,0.0,0.1,0.1
MYO15A,17,18136643,NM_016239.4:c.4736A>T,NP_057323.3:p.Gln1579Leu,0.558,23.1,['Unknown%20significance'],134.36,0.67,0.0,0.1,0.1
MYO15A,17,18136644,NM_016239.4:c.4737G>C,NP_057323.3:p.Gln1579His,0.378,20.8,['Unknown%20significance'],134.36,0.67,0.0,-0.1,0.1
MYO15A,17,18136644,NM_016239.4:c.4737G>T,NP_057323.3:p.Gln1579His,0.379,20.9,['Unknown%20significance'],134.36,0.67,0.0,-0.1,0.1
MYO15A,17,18136646,NM_016239.4:c.4739A>G,NP_057323.3:p.Asp1580Gly,0.595,22.1,['Unknown%20significance'],160.92,1.0,0.0,0.1,0.1
MYO15A,17,18136647,NM_016239.4:c.4740C>A,NP_057323.3:p.Asp1580Glu,0.185,0.150,['Likely%20benign'],160.92,1.0,0.0,-0.0,0.0
MYO15A,17,18136648,NM_016239.4:c.4741A>G,NP_057323.3:p.Thr1581Ala,0.189,0.661,['Likely%20benign'],21.0,0.13,0.0,0.3,0.3
MYO15A,17,18136648,NM_016239.4:c.4741A>T,NP_057323.3:p.Thr1581Ser,0.080,3.528,['Likely%20benign'],21.0,0.13,0.0,0.4,0.4
MYO15A,17,18136649,NM_016239.4:c.4742C>T,NP_057323.3:p.Thr1581Ile,0.210,15.95,['Likely%20benign'],21.0,0.13,0.0,-0.2,0.2
MYO15A,17,18136651,NM_016239.4:c.4744C>G,NP_057323.3:p.Leu1582Val,0.252,12.12,['Unknown%20significance'],45.0,0.23,0.0,0.3,0.3
MYO15A,17,18136652,NM_016239.4:c.4745T>A,NP_057323.3:p.Leu1582Gln,0.626,22.7,['Unknown%20significance'],45.0,0.23,0.0,1.1,1.1
MYO15A,17,18136652,NM_016239.4:c.4745T>C,NP_057323.3:p.Leu1582Pro,0.755,24.0,['Likely%20benign'],45.0,0.23,0.0,1.7,1.7
MYO15A,17,18136654,NM_016239.4:c.4747T>C,NP_057323.3:p.Ser1583Pro,0.870,25.3,['Pathogenic'],4.39,0.03,0.0,0.5,0.5
MYO15A,17,18136657,NM_016239.4:c.4750A>G,NP_057323.3:p.Ile1584Val,0.690,21.9,['Unknown%20significance'],0.0,0.0,0.0,1.3,1.3
MYO15A,17,18136658,NM_016239.4:c.4751T>C,NP_057323.3:p.Ile1584Thr,0.979,25.5,['Unknown%20significance'],0.0,0.0,0.0,4.0,4.0
MYO15A,17,18136659,NM_016239.4:c.4752C>G,NP_057323.3:p.Ile1584Met,0.690,11.26,['Unknown%20significance'],0.0,0.0,0.0,2.2,2.2
MYO15A,17,18136660,NM_016239.4:c.4753G>A,NP_057323.3:p.Ala1585Thr,0.524,24.1,['Unknown%20significance'],1.35,0.01,0.0,0.6,0.6
MYO15A,17,18136660,NM_016239.4:c.4753G>T,NP_057323.3:p.Ala1585Ser,0.379,23.0,['Unknown%20significance'],1.35,0.01,0.0,1.2,1.2
MYO15A,17,18136663,NM_016239.4:c.4756A>G,NP_057323.3:p.Ile1586Val,0.235,17.03,['Unknown%20significance'],0.0,0.0,0.0,0.5,0.5
MYO15A,17,18136667,NM_016239.4:c.4760T>C,NP_057323.3:p.Leu1587Pro,0.994,29.9,['Pathogenic'],0.0,0.0,0.0,5.0,5.0
MYO15A,17,18136669,NM_016239.4:c.4762G>A,NP_057323.3:p.Asp1588Asn,0.951,31,['Unknown%20significance'],0.14,0.0,0.0,0.3,0.3
MYO15A,17,18136669,NM_016239.4:c.4762G>T,NP_057323.3:p.Asp1588Tyr,0.973,32,['Unknown%20significance'],0.14,0.0,0.0,-0.7,0.7
MYO15A,17,18136670,NM_016239.4:c.4763A>T,NP_057323.3:p.Asp1588Val,0.985,29.5,['Unknown%20significance'],0.14,0.0,0.0,-0.9,0.9
MYO15A,17,18136675,NM_016239.4:c.4768T>C,NP_057323.3:p.Tyr1590His,0.886,28.5,['Unknown%20significance'],0.95,0.0,0.0,2.4,2.4
MYO15A,17,18136676,NM_016239.4:c.4769A>G,NP_057323.3:p.Tyr1590Cys,0.868,29.6,['Unknown%20significance'],0.95,0.0,0.0,2.7,2.7
MYO15A,17,18136678,NM_016239.4:c.4771G>T,NP_057323.3:p.Gly1591Cys,0.974,31,['Unknown%20significance'],1.09,0.01,0.0,0.6,0.6
MYO15A,17,18136679,NM_016239.4:c.4772G>A,NP_057323.3:p.Gly1591Asp,0.976,28.0,['Unknown%20significance'],1.09,0.01,0.0,1.7,1.7
MYO15A,17,18136679,NM_016239.4:c.4772G>T,NP_057323.3:p.Gly1591Val,0.982,28.5,['Unknown%20significance'],1.09,0.01,0.0,0.3,0.3
MYO15A,17,18136682,NM_016239.4:c.4775T>G,NP_057323.3:p.Phe1592Cys,0.983,31,['Unknown%20significance'],7.78,0.03,0.0,3.8,3.8
MYO15A,17,18136683,NM_016239.4:c.4776C>A,NP_057323.3:p.Phe1592Leu,0.885,15.10,['Likely%20benign'],7.78,0.03,0.0,2.2,2.2
MYO15A,17,18136684,NM_016239.4:c.4777G>A,NP_057323.3:p.Glu1593Lys,0.959,33,['Pathogenic'],0.0,0.0,0.0,0.6,0.6
MYO15A,17,18136684,NM_016239.4:c.4777G>C,NP_057323.3:p.Glu1593Gln,0.916,32,['Unknown%20significance'],0.0,0.0,0.0,-0.4,0.4
MYO15A,17,18136685,NM_016239.4:c.4778A>G,NP_057323.3:p.Glu1593Gly,0.989,35,['Unknown%20significance'],0.0,0.0,0.0,1.8,1.8
MYO15A,17,18136686,NM_016239.4:c.4779G>T,NP_057323.3:p.Glu1593Asp,0.944,36,['Unknown%20significance'],0.0,0.0,0.0,0.4,0.4
MYO15A,17,18137584,NM_016239.4:c.4780G>C,NP_057323.3:p.Asp1594His,0.680,34,['Pathogenic'],70.18,0.43,0.0,-0.6,0.6
MYO15A,17,18137588,NM_016239.4:c.4784T>C,NP_057323.3:p.Leu1595Pro,0.949,29.6,['Unknown%20significance'],18.06,0.09,0.0,2.1,2.1
MYO15A,17,18137593,NM_016239.4:c.4789T>A,NP_057323.3:p.Phe1597Ile,0.481,24.5,['Unknown%20significance'],54.86,0.23,0.0,0.2,0.2
MYO15A,17,18137593,NM_016239.4:c.4789T>G,NP_057323.3:p.Phe1597Val,0.511,23.7,['Unknown%20significance'],54.86,0.23,0.0,0.2,0.2
MYO15A,17,18137597,NM_016239.4:c.4793A>G,NP_057323.3:p.Asn1598Ser,0.895,26.5,['Unknown%20significance'],2.8,0.01,0.0,0.9,0.9
MYO15A,17,18137599,NM_016239.4:c.4795A>T,NP_057323.3:p.Ser1599Cys,0.908,29.5,['Unknown%20significance'],0.2,0.0,0.0,0.2,0.2
MYO15A,17,18137600,NM_016239.4:c.4796G>A,NP_057323.3:p.Ser1599Asn,0.838,27.9,['Unknown%20significance'],0.2,0.0,0.0,0.1,0.1
MYO15A,17,18137604,NM_016239.4:c.4800T>G,NP_057323.3:p.Phe1600Leu,0.584,12.33,['Unknown%20significance'],0.0,0.0,0.0,1.7,1.7
MYO15A,17,18137605,NM_016239.4:c.4801G>A,NP_057323.3:p.Glu1601Lys,0.951,32,['Unknown%20significance'],0.0,0.0,0.0,0.6,0.6
MYO15A,17,18137607,NM_016239.4:c.4803G>T,NP_057323.3:p.Glu1601Asp,0.852,23.8,['Unknown%20significance'],0.0,0.0,0.0,0.5,0.5
MYO15A,17,18137615,NM_016239.4:c.4811G>A,NP_057323.3:p.Cys1604Tyr,0.941,28.7,['Unknown%20significance'],0.0,0.0,0.0,1.8,1.8
MYO15A,17,18137615,NM_016239.4:c.4811G>C,NP_057323.3:p.Cys1604Ser,0.922,27.5,['Unknown%20significance'],0.0,0.0,0.0,4.1,4.1
MYO15A,17,18137617,NM_016239.4:c.4813A>G,NP_057323.3:p.Ile1605Val,0.764,25.4,['Unknown%20significance'],0.0,0.0,0.0,1.2,1.2
MYO15A,17,18137618,NM_016239.4:c.4814T>C,NP_057323.3:p.Ile1605Thr,0.942,27.0,['Unknown%20significance'],0.0,0.0,0.0,3.3,3.3
MYO15A,17,18137620,NM_016239.4:c.4816A>G,NP_057323.3:p.Asn1606Asp,0.944,27.0,['Unknown%20significance'],0.0,0.0,0.0,1.0,1.0
MYO15A,17,18137621,NM_016239.4:c.4817A>G,NP_057323.3:p.Asn1606Ser,0.950,26.3,['Unknown%20significance'],0.0,0.0,0.0,1.0,1.0
MYO15A,17,18137624,NM_016239.4:c.4820A>C,NP_057323.3:p.Tyr1607Ser,0.894,27.5,['Unknown%20significance'],0.19,0.0,0.0,4.8,4.8
MYO15A,17,18137626,NM_016239.4:c.4822G>A,NP_057323.3:p.Ala1608Thr,0.696,27.4,['Unknown%20significance'],0.0,0.0,0.0,0.1,0.1
MYO15A,17,18137626,NM_016239.4:c.4822G>C,NP_057323.3:p.Ala1608Pro,0.909,29.7,['Unknown%20significance'],0.0,0.0,0.0,1.3,1.3
MYO15A,17,18137627,NM_016239.4:c.4823C>A,NP_057323.3:p.Ala1608Glu,0.911,25.1,['Pathogenic'],0.0,0.0,0.0,1.6,1.6
MYO15A,17,18137632,NM_016239.4:c.4828G>A,NP_057323.3:p.Glu1610Lys,0.957,29.6,['Pathogenic'],0.0,0.0,0.0,0.8,0.8
MYO15A,17,18137632,NM_016239.4:c.4828G>C,NP_057323.3:p.Glu1610Gln,0.941,27.8,['Unknown%20significance'],0.0,0.0,0.0,-0.5,0.5
MYO15A,17,18137633,NM_016239.4:c.4829A>G,NP_057323.3:p.Glu1610Gly,0.986,29.2,['Unknown%20significance'],0.0,0.0,0.0,2.0,2.0
MYO15A,17,18137636,NM_016239.4:c.4832A>C,NP_057323.3:p.Asn1611Thr,0.326,21.2,['Unknown%20significance'],18.94,0.11,0.0,-0.1,0.1
MYO15A,17,18137637,NM_016239.4:c.4833C>A,NP_057323.3:p.Asn1611Lys,0.324,17.09,['Likely%20benign'],18.94,0.11,0.0,-0.3,0.3
MYO15A,17,18137638,NM_016239.4:c.4834C>A,NP_057323.3:p.Leu1612Ile,0.808,25.3,['Unknown%20significance'],1.86,0.0,0.0,1.0,1.0
MYO15A,17,18137642,NM_016239.4:c.4838A>C,NP_057323.3:p.Gln1613Pro,0.978,27.2,['Unknown%20significance'],2.73,0.01,0.0,1.6,1.6
MYO15A,17,18137642,NM_016239.4:c.4838A>G,NP_057323.3:p.Gln1613Arg,0.968,26.6,['Unknown%20significance'],2.73,0.01,0.0,0.3,0.3
MYO15A,17,18137645,NM_016239.4:c.4841A>G,NP_057323.3:p.Tyr1614Cys,0.655,26.7,['Unknown%20significance'],73.96,0.3,0.0,1.1,1.1
MYO15A,17,18137647,NM_016239.4:c.4843C>T,NP_057323.3:p.Leu1615Phe,0.309,18.33,['Unknown%20significance'],3.86,0.02,0.0,-0.9,0.9
MYO15A,17,18137651,NM_016239.4:c.4847T>A,NP_057323.3:p.Phe1616Tyr,0.855,27.7,['Unknown%20significance'],0.1,0.0,0.0,1.0,1.0
MYO15A,17,18137652,NM_016239.4:c.4848C>G,NP_057323.3:p.Phe1616Leu,0.922,24.1,['Unknown%20significance'],0.1,0.0,0.0,1.9,1.9
MYO15A,17,18137656,NM_016239.4:c.4852A>G,NP_057323.3:p.Lys1618Glu,0.620,26.2,['Unknown%20significance'],65.3,0.27,0.0,-0.2,0.2
MYO15A,17,18137661,NM_016239.4:c.4857C>G,NP_057323.3:p.Ile1619Met,0.574,20.5,['Unknown%20significance'],25.2,0.12,0.0,0.2,0.2
MYO15A,17,18137662,NM_016239.4:c.4858G>A,NP_057323.3:p.Val1620Ile,0.319,11.70,['Likely%20benign'],0.0,0.0,0.0,-0.2,0.2
MYO15A,17,18137663,NM_016239.4:c.4859T>C,NP_057323.3:p.Val1620Ala,0.785,25.1,['Unknown%20significance'],0.0,0.0,0.0,2.6,2.6
MYO15A,17,18137673,NM_016239.4:c.4869G>C,NP_057323.3:p.Glu1623Asp,0.633,23.6,['Unknown%20significance'],92.52,0.47,0.0,0.1,0.1
MYO15A,17,18137676,NM_016239.4:c.4872G>C,NP_057323.3:p.Glu1624Asp,0.853,22.7,['Unknown%20significance'],1.63,0.0,0.0,0.4,0.4
MYO15A,17,18137678,NM_016239.4:c.4874A>G,NP_057323.3:p.Gln1625Arg,0.915,33,['Unknown%20significance'],6.83,0.03,0.0,-0.6,0.6
MYO15A,17,18138115,NM_016239.4:c.4876G>A,NP_057323.3:p.Glu1626Lys,0.740,34,['Unknown%20significance'],78.9,0.4,0.0,-0.2,0.2
MYO15A,17,18138117,NM_016239.4:c.4878G>T,NP_057323.3:p.Glu1626Asp,0.504,21.9,['Unknown%20significance'],78.9,0.4,0.0,0.1,0.1
MYO15A,17,18138120,NM_016239.4:c.4881G>T,NP_057323.3:p.Glu1627Asp,0.795,23.5,['Unknown%20significance'],4.71,0.02,0.0,0.3,0.3
MYO15A,17,18138122,NM_016239.4:c.4883A>G,NP_057323.3:p.Tyr1628Cys,0.858,25.5,['Unknown%20significance'],0.0,0.0,0.0,4.1,4.1
MYO15A,17,18138124,NM_016239.4:c.4885A>G,NP_057323.3:p.Ile1629Val,0.119,12.45,['Likely%20benign'],129.17,0.65,0.0,0.0,0.0
MYO15A,17,18138126,NM_016239.4:c.4887C>G,NP_057323.3:p.Ile1629Met,0.106,0.658,['Likely%20benign'],129.17,0.65,0.0,-0.0,0.0
MYO15A,17,18138127,NM_016239.4:c.4888C>G,NP_057323.3:p.Arg1630Gly,0.648,25.0,['Pathogenic'],144.45,0.53,0.0,1.3,1.3
MYO15A,17,18138127,NM_016239.4:c.4888C>T,NP_057323.3:p.Arg1630Cys,0.620,26.3,['Benign*'],144.45,0.53,0.0,1.0,1.0
MYO15A,17,18138128,NM_016239.4:c.4889G>A,NP_057323.3:p.Arg1630His,0.675,28.2,['Unknown%20significance'],144.45,0.53,0.0,0.4,0.4
MYO15A,17,18138128,NM_016239.4:c.4889G>T,NP_057323.3:p.Arg1630Leu,0.705,28.3,['Unknown%20significance'],144.45,0.53,0.0,0.5,0.5
MYO15A,17,18138130,NM_016239.4:c.4891G>A,NP_057323.3:p.Glu1631Lys,0.905,31,['Unknown%20significance'],6.92,0.03,0.0,0.8,0.8
MYO15A,17,18138132,NM_016239.4:c.4893G>T,NP_057323.3:p.Glu1631Asp,0.838,23.1,['Unknown%20significance'],6.92,0.03,0.0,0.4,0.4
MYO15A,17,18138136,NM_016239.4:c.4897A>T,NP_057323.3:p.Ile1633Leu,0.548,22.2,['Unknown%20significance'],14.04,0.07,0.0,0.8,0.8
MYO15A,17,18138137,NM_016239.4:c.4898T>C,NP_057323.3:p.Ile1633Thr,0.924,25.8,['Pathogenic'],14.04,0.07,0.0,2.4,2.4
MYO15A,17,18138137,NM_016239.4:c.4898T>G,NP_057323.3:p.Ile1633Arg,0.935,26.3,['Unknown%20significance'],14.04,0.07,0.0,2.1,2.1
MYO15A,17,18138139,NM_016239.4:c.4900G>T,NP_057323.3:p.Asp1634Tyr,0.613,22.3,['Unknown%20significance'],160.98,1.0,0.0,-0.1,0.1
MYO15A,17,18138140,NM_016239.4:c.4901A>G,NP_057323.3:p.Asp1634Gly,0.366,22.4,['Unknown%20significance'],160.98,1.0,0.0,0.1,0.1
MYO15A,17,18138142,NM_016239.4:c.4903T>C,NP_057323.3:p.Trp1635Arg,0.897,28.5,['Unknown%20significance'],32.69,0.12,0.0,3.0,3.0
MYO15A,17,18138144,NM_016239.4:c.4905G>T,NP_057323.3:p.Trp1635Cys,0.886,29.9,['Unknown%20significance'],32.69,0.12,0.0,3.0,3.0
MYO15A,17,18138145,NM_016239.4:c.4906C>A,NP_057323.3:p.Gln1636Lys,0.286,14.11,['Likely%20benign'],159.82,0.8,0.0,0.1,0.1
MYO15A,17,18138146,NM_016239.4:c.4907A>G,NP_057323.3:p.Gln1636Arg,0.208,12.37,['Unknown%20significance'],159.82,0.8,0.0,-0.1,0.1
MYO15A,17,18138147,NM_016239.4:c.4908G>T,NP_057323.3:p.Gln1636His,0.377,22.4,['Likely%20benign'],159.82,0.8,0.0,-0.0,0.0
MYO15A,17,18138149,NM_016239.4:c.4910A>G,NP_057323.3:p.Glu1637Gly,0.753,28.9,['Unknown%20significance'],135.23,0.69,0.0,0.2,0.2
MYO15A,17,18138150,NM_016239.4:c.4911G>T,NP_057323.3:p.Glu1637Asp,0.257,21.3,['Unknown%20significance'],135.23,0.69,0.0,0.1,0.1
MYO15A,17,18138151,NM_016239.4:c.4912A>G,NP_057323.3:p.Ile1638Val,0.212,16.96,['Likely%20benign'],13.79,0.07,0.0,0.7,0.7
MYO15A,17,18138154,NM_016239.4:c.4915A>C,NP_057323.3:p.Thr1639Pro,0.198,9.706,['Likely%20benign'],131.27,0.83,0.0,0.1,0.1
MYO15A,17,18138161,NM_016239.4:c.4922C>T,NP_057323.3:p.Ala1641Val,0.282,15.42,['Unknown%20significance'],61.02,0.47,0.0,-0.3,0.3
MYO15A,17,18138163,NM_016239.4:c.4924G>A,NP_057323.3:p.Asp1642Asn,0.720,23.8,['Unknown%20significance'],93.17,0.58,0.0,0.0,0.0
MYO15A,17,18138164,NM_016239.4:c.4925A>G,NP_057323.3:p.Asp1642Gly,0.958,27.4,['Unknown%20significance'],93.17,0.58,0.0,0.6,0.6
MYO15A,17,18138164,NM_016239.4:c.4925A>T,NP_057323.3:p.Asp1642Val,0.958,27.2,['Unknown%20significance'],93.17,0.58,0.0,0.2,0.2
MYO15A,17,18138168,NM_016239.4:c.4929C>G,NP_057323.3:p.Asn1643Lys,0.841,19.61,['Unknown%20significance'],7.25,0.04,0.0,0.8,0.8
MYO15A,17,18138170,NM_016239.4:c.4931A>G,NP_057323.3:p.Gln1644Arg,0.787,25.8,['Unknown%20significance'],59.71,0.3,0.0,-0.1,0.1
MYO15A,17,18138172,NM_016239.4:c.4933C>T,NP_057323.3:p.Pro1645Ser,0.503,22.6,['Unknown%20significance'],35.91,0.22,0.0,0.3,0.3
MYO15A,17,18138173,NM_016239.4:c.4934C>T,NP_057323.3:p.Pro1645Leu,0.524,17.55,['Unknown%20significance'],35.91,0.22,0.0,-0.6,0.6
MYO15A,17,18138176,NM_016239.4:c.4937G>A,NP_057323.3:p.Cys1646Tyr,0.959,26.9,['Unknown%20significance'],0.0,0.0,0.0,0.2,0.2
MYO15A,17,18138178,NM_016239.4:c.4939A>C,NP_057323.3:p.Ile1647Leu,0.518,22.9,['Unknown%20significance'],21.18,0.1,0.0,0.2,0.2
MYO15A,17,18138182,NM_016239.4:c.4943A>G,NP_057323.3:p.Asn1648Ser,0.322,20.9,['Unknown%20significance'],41.47,0.25,0.0,0.1,0.1
MYO15A,17,18138183,NM_016239.4:c.4944C>G,NP_057323.3:p.Asn1648Lys,0.442,20.1,['Unknown%20significance'],41.47,0.25,0.0,0.3,0.3
MYO15A,17,18138184,NM_016239.4:c.4945C>G,NP_057323.3:p.Leu1649Val,0.829,23.9,['Unknown%20significance'],0.0,0.0,0.0,1.5,1.5
MYO15A,17,18138184,NM_016239.4:c.4945C>T,NP_057323.3:p.Leu1649Phe,0.860,23.3,['Unknown%20significance'],0.0,0.0,0.0,1.1,1.1
MYO15A,17,18138185,NM_016239.4:c.4946T>C,NP_057323.3:p.Leu1649Pro,0.974,28.2,['Unknown%20significance'],0.0,0.0,0.0,4.9,4.9
MYO15A,17,18138187,NM_016239.4:c.4948A>C,NP_057323.3:p.Ile1650Leu,0.491,17.91,['Unknown%20significance'],0.0,0.0,0.0,0.6,0.6
MYO15A,17,18138191,NM_016239.4:c.4952C>T,NP_057323.3:p.Ser1651Leu,0.547,24.6,['Pathogenic'],8.63,0.06,0.0,-1.6,1.6
MYO15A,17,18138194,NM_016239.4:c.4955T>C,NP_057323.3:p.Leu1652Pro,0.576,22.9,['Unknown%20significance'],117.33,0.6,0.0,0.6,0.6
MYO15A,17,18138198,NM_016239.4:c.4959G>T,NP_057323.3:p.Lys1653Asn,0.791,23.0,['Unknown%20significance'],59.84,0.25,0.0,0.1,0.1
MYO15A,17,18138199,NM_016239.4:c.4960C>G,NP_057323.3:p.Pro1654Ala,0.842,23.6,['Unknown%20significance'],94.61,0.6,0.0,0.6,0.6
MYO15A,17,18138199,NM_016239.4:c.4960C>T,NP_057323.3:p.Pro1654Ser,0.883,24.2,['Unknown%20significance'],94.61,0.6,0.0,0.5,0.5
MYO15A,17,18138200,NM_016239.4:c.4961C>T,NP_057323.3:p.Pro1654Leu,0.884,24.9,['Unknown%20significance'],94.61,0.6,0.0,0.4,0.4
MYO15A,17,18138202,NM_016239.4:c.4963T>C,NP_057323.3:p.Tyr1655His,0.387,15.81,['Unknown%20significance'],98.2,0.4,0.0,0.9,0.9
MYO15A,17,18138203,NM_016239.4:c.4964A>G,NP_057323.3:p.Tyr1655Cys,0.752,25.9,['Unknown%20significance'],98.2,0.4,0.0,1.0,1.0
MYO15A,17,18138211,NM_016239.4:c.4972C>G,NP_057323.3:p.Leu1658Val,0.824,22.6,['Unknown%20significance'],0.0,0.0,0.0,1.2,1.2
MYO15A,17,18138212,NM_016239.4:c.4973T>C,NP_057323.3:p.Leu1658Pro,0.980,27.0,['Unknown%20significance'],0.0,0.0,0.0,4.7,4.7
MYO15A,17,18138214,NM_016239.4:c.4975C>T,NP_057323.3:p.Arg1659Trp,0.837,25.8,['Unknown%20significance'],20.85,0.07,0.0,-1.4,1.4
MYO15A,17,18138215,NM_016239.4:c.4976G>A,NP_057323.3:p.Arg1659Gln,0.756,27.0,['Unknown%20significance'],20.85,0.07,0.0,0.4,0.4
MYO15A,17,18138215,NM_016239.4:c.4976G>T,NP_057323.3:p.Arg1659Leu,0.875,26.4,['Unknown%20significance'],20.85,0.07,0.0,-1.3,1.3
MYO15A,17,18138218,NM_016239.4:c.4979T>G,NP_057323.3:p.Ile1660Ser,0.948,25.7,['Unknown%20significance'],0.0,0.0,0.0,4.2,4.2
MYO15A,17,18138221,NM_016239.4:c.4982T>C,NP_057323.3:p.Leu1661Pro,0.984,25.8,['Unknown%20significance'],0.0,0.0,0.0,4.6,4.6
MYO15A,17,18138223,NM_016239.4:c.4984G>A,NP_057323.3:p.Asp1662Asn,0.681,26.1,['Unknown%20significance'],0.0,0.0,0.0,-0.0,0.0
MYO15A,17,18138226,NM_016239.4:c.4987G>A,NP_057323.3:p.Asp1663Asn,0.817,26.6,['Unknown%20significance'],0.23,0.0,0.0,-0.1,0.1
MYO15A,17,18138226,NM_016239.4:c.4987G>T,NP_057323.3:p.Asp1663Tyr,0.924,26.4,['Unknown%20significance'],0.23,0.0,0.0,-1.3,1.3
MYO15A,17,18138228,NM_016239.4:c.4989C>G,NP_057323.3:p.Asp1663Glu,0.668,23.5,['Unknown%20significance'],0.23,0.0,0.0,-0.3,0.3
MYO15A,17,18138229,NM_016239.4:c.4990C>A,NP_057323.3:p.Gln1664Lys,0.739,24.8,['Unknown%20significance'],4.81,0.02,0.0,0.7,0.7
MYO15A,17,18138232,NM_016239.4:c.4993T>A,NP_057323.3:p.Cys1665Ser,0.410,18.52,['Unknown%20significance'],6.95,0.04,0.0,1.4,1.4
MYO15A,17,18138232,NM_016239.4:c.4993T>C,NP_057323.3:p.Cys1665Arg,0.863,26.0,['Unknown%20significance'],6.95,0.04,0.0,1.0,1.0
MYO15A,17,18138235,NM_016239.4:c.4996T>G,NP_057323.3:p.Cys1666Gly,0.413,22.3,['Unknown%20significance'],42.99,0.27,0.0,1.1,1.1
MYO15A,17,18138236,NM_016239.4:c.4997G>C,NP_057323.3:p.Cys1666Ser,0.395,22.1,['Unknown%20significance'],42.99,0.27,0.0,0.4,0.4
MYO15A,17,18138236,NM_016239.4:c.4997G>T,NP_057323.3:p.Cys1666Phe,0.514,26.0,['Unknown%20significance'],42.99,0.27,0.0,-0.6,0.6
MYO15A,17,18138237,NM_016239.4:c.4998C>G,NP_057323.3:p.Cys1666Trp,0.533,23.2,['Unknown%20significance'],42.99,0.27,0.0,-0.8,0.8
MYO15A,17,18138241,NM_016239.4:c.5002C>G,NP_057323.3:p.Pro1668Ala,0.851,24.0,['Unknown%20significance'],135.28,0.86,0.0,0.2,0.2
MYO15A,17,18138244,NM_016239.4:c.5005C>A,NP_057323.3:p.Gln1669Lys,0.386,24.7,['Unknown%20significance'],199.88,1.0,0.0,0.1,0.1
MYO15A,17,18138245,NM_016239.4:c.5006A>C,NP_057323.3:p.Gln1669Pro,0.826,32,['Unknown%20significance'],199.88,1.0,0.0,0.1,0.1
MYO15A,17,18138246,NM_016239.4:c.5007G>C,NP_057323.3:p.Gln1669His,0.724,33,['Unknown%20significance'],199.88,1.0,0.0,0.0,0.0
MYO15A,17,18138811,NM_016239.4:c.5008G>A,NP_057323.3:p.Ala1670Thr,0.786,33,['Unknown%20significance'],22.67,0.17,0.0,0.0,0.0
MYO15A,17,18138811,NM_016239.4:c.5008G>T,NP_057323.3:p.Ala1670Ser,0.650,33,['Unknown%20significance'],22.67,0.17,0.0,0.1,0.1
MYO15A,17,18138814,NM_016239.4:c.5011A>G,NP_057323.3:p.Thr1671Ala,0.888,26.0,['Unknown%20significance'],62.25,0.39,0.0,0.7,0.7
MYO15A,17,18138815,NM_016239.4:c.5012C>T,NP_057323.3:p.Thr1671Ile,0.965,26.5,['Unknown%20significance'],62.25,0.39,0.0,0.3,0.3
MYO15A,17,18138817,NM_016239.4:c.5014G>A,NP_057323.3:p.Asp1672Asn,0.846,32,['Unknown%20significance'],0.22,0.0,0.0,0.2,0.2
MYO15A,17,18138819,NM_016239.4:c.5016C>G,NP_057323.3:p.Asp1672Glu,0.798,23.1,['Unknown%20significance'],0.22,0.0,0.0,0.4,0.4
MYO15A,17,18138820,NM_016239.4:c.5017C>T,NP_057323.3:p.His1673Tyr,0.525,25.3,['Unknown%20significance'],39.22,0.19,0.0,-0.5,0.5
MYO15A,17,18138821,NM_016239.4:c.5018A>G,NP_057323.3:p.His1673Arg,0.579,26.1,['Unknown%20significance'],39.22,0.19,0.0,-0.2,0.2
MYO15A,17,18138824,NM_016239.4:c.5021C>A,NP_057323.3:p.Thr1674Asn,0.676,25.2,['Unknown%20significance'],51.91,0.32,0.0,0.6,0.6
MYO15A,17,18138824,NM_016239.4:c.5021C>T,NP_057323.3:p.Thr1674Ile,0.865,26.6,['Unknown%20significance'],51.91,0.32,0.0,-0.2,0.2
MYO15A,17,18138826,NM_016239.4:c.5023T>A,NP_057323.3:p.Phe1675Ile,0.907,29.2,['Unknown%20significance'],0.0,0.0,0.0,1.1,1.1
MYO15A,17,18138826,NM_016239.4:c.5023T>C,NP_057323.3:p.Phe1675Leu,0.829,31,['Unknown%20significance'],0.0,0.0,0.0,0.7,0.7
MYO15A,17,18138826,NM_016239.4:c.5023T>G,NP_057323.3:p.Phe1675Val,0.907,29.0,['Unknown%20significance'],0.0,0.0,0.0,1.7,1.7
MYO15A,17,18138828,NM_016239.4:c.5025C>G,NP_057323.3:p.Phe1675Leu,0.657,24.1,['Unknown%20significance'],0.0,0.0,0.0,0.7,0.7
MYO15A,17,18138832,NM_016239.4:c.5029C>G,NP_057323.3:p.Gln1677Glu,0.513,23.7,['Unknown%20significance'],73.15,0.36,0.0,0.3,0.3
MYO15A,17,18138833,NM_016239.4:c.5030A>G,NP_057323.3:p.Gln1677Arg,0.812,26.6,['Unknown%20significance'],73.15,0.36,0.0,0.1,0.1
MYO15A,17,18138839,NM_016239.4:c.5036G>A,NP_057323.3:p.Cys1679Tyr,0.736,28.5,['Unknown%20significance'],0.0,0.0,0.0,-1.3,1.3
MYO15A,17,18138842,NM_016239.4:c.5039A>G,NP_057323.3:p.His1680Arg,0.666,25.4,['Unknown%20significance'],12.28,0.05,0.0,0.5,0.5
MYO15A,17,18138845,NM_016239.4:c.5042A>G,NP_057323.3:p.Tyr1681Cys,0.768,28.3,['Unknown%20significance'],187.06,0.77,0.0,0.4,0.4
MYO15A,17,18138849,NM_016239.4:c.5046T>G,NP_057323.3:p.His1682Gln,0.583,22.6,['Unknown%20significance'],34.9,0.16,0.0,0.3,0.3
MYO15A,17,18138850,NM_016239.4:c.5047C>G,NP_057323.3:p.His1683Asp,0.910,25.8,['Unknown%20significance'],2.76,0.01,0.0,2.0,2.0
MYO15A,17,18138850,NM_016239.4:c.5047C>T,NP_057323.3:p.His1683Tyr,0.891,25.6,['Unknown%20significance'],2.76,0.01,0.0,-1.3,1.3
MYO15A,17,18138851,NM_016239.4:c.5048A>G,NP_057323.3:p.His1683Arg,0.928,25.3,['Unknown%20significance'],2.76,0.01,0.0,0.6,0.6
MYO15A,17,18138852,NM_016239.4:c.5049T>G,NP_057323.3:p.His1683Gln,0.643,14.52,['Unknown%20significance'],2.76,0.01,0.0,0.9,0.9
MYO15A,17,18138854,NM_016239.4:c.5051G>A,NP_057323.3:p.Gly1684Asp,0.649,27.3,['Unknown%20significance'],46.27,0.48,0.0,-0.1,0.1
MYO15A,17,18138856,NM_016239.4:c.5053G>A,NP_057323.3:p.Ala1685Thr,0.300,9.389,['Likely%20benign'],104.98,0.82,0.0,-0.1,0.1
MYO15A,17,18138856,NM_016239.4:c.5053G>T,NP_057323.3:p.Ala1685Ser,0.299,6.843,['Likely%20benign'],104.98,0.82,0.0,-0.1,0.1
MYO15A,17,18138857,NM_016239.4:c.5054C>T,NP_057323.3:p.Ala1685Val,0.207,19.74,['Unknown%20significance'],104.98,0.82,0.0,-0.1,0.1
MYO15A,17,18138860,NM_016239.4:c.5057A>T,NP_057323.3:p.Asn1686Ile,0.922,25.7,['Unknown%20significance'],17.68,0.11,0.0,0.0,0.0
MYO15A,17,18138861,NM_016239.4:c.5058C>A,NP_057323.3:p.Asn1686Lys,0.616,22.9,['Unknown%20significance'],17.68,0.11,0.0,0.7,0.7
MYO15A,17,18138862,NM_016239.4:c.5059C>A,NP_057323.3:p.Pro1687Thr,0.437,22.3,['Unknown%20significance'],117.33,0.74,0.0,0.0,0.0
MYO15A,17,18138863,NM_016239.4:c.5060C>T,NP_057323.3:p.Pro1687Leu,0.654,24.3,['Unknown%20significance'],117.33,0.74,0.0,-0.0,0.0
MYO15A,17,18138865,NM_016239.4:c.5062C>A,NP_057323.3:p.Leu1688Ile,0.432,23.8,['Unknown%20significance'],15.74,0.08,0.0,0.1,0.1
MYO15A,17,18138865,NM_016239.4:c.5062C>T,NP_057323.3:p.Leu1688Phe,0.360,24.2,['Unknown%20significance'],15.74,0.08,0.0,-0.3,0.3
MYO15A,17,18138868,NM_016239.4:c.5065T>C,NP_057323.3:p.Tyr1689His,0.875,26.7,['Unknown%20significance'],8.6,0.03,0.0,2.7,2.7
MYO15A,17,18138869,NM_016239.4:c.5066A>C,NP_057323.3:p.Tyr1689Ser,0.832,26.9,['Unknown%20significance'],8.6,0.03,0.0,4.2,4.2
MYO15A,17,18138869,NM_016239.4:c.5066A>G,NP_057323.3:p.Tyr1689Cys,0.913,27.4,['Unknown%20significance'],8.6,0.03,0.0,3.0,3.0
MYO15A,17,18138877,NM_016239.4:c.5074C>A,NP_057323.3:p.Pro1692Thr,0.728,25.1,['Unknown%20significance'],12.08,0.07,0.0,0.4,0.4
MYO15A,17,18138877,NM_016239.4:c.5074C>G,NP_057323.3:p.Pro1692Ala,0.715,24.9,['Unknown%20significance'],12.08,0.07,0.0,0.7,0.7
MYO15A,17,18138877,NM_016239.4:c.5074C>T,NP_057323.3:p.Pro1692Ser,0.742,25.5,['Unknown%20significance'],12.08,0.07,0.0,0.8,0.8
MYO15A,17,18138878,NM_016239.4:c.5075C>A,NP_057323.3:p.Pro1692His,0.811,26.0,['Unknown%20significance'],12.08,0.07,0.0,0.5,0.5
MYO15A,17,18138881,NM_016239.4:c.5078A>G,NP_057323.3:p.Lys1693Arg,0.452,24.7,['Unknown%20significance'],245.09,1.0,0.0,-0.1,0.1
MYO15A,17,18138881,NM_016239.4:c.5078A>T,NP_057323.3:p.Lys1693Met,0.840,26.8,['Unknown%20significance'],245.09,1.0,0.0,-0.1,0.1
MYO15A,17,18138884,NM_016239.4:c.5081T>A,NP_057323.3:p.Met1694Lys,0.766,27.5,['Unknown%20significance'],137.81,0.63,0.0,0.5,0.5
MYO15A,17,18138884,NM_016239.4:c.5081T>C,NP_057323.3:p.Met1694Thr,0.719,26.4,['Unknown%20significance'],137.81,0.63,0.0,0.2,0.2
MYO15A,17,18138886,NM_016239.4:c.5083C>A,NP_057323.3:p.Pro1695Thr,0.585,25.3,['Unknown%20significance'],118.14,0.75,0.0,-0.1,0.1
MYO15A,17,18138886,NM_016239.4:c.5083C>T,NP_057323.3:p.Pro1695Ser,0.450,24.2,['Unknown%20significance'],118.14,0.75,0.0,-0.0,0.0
MYO15A,17,18138887,NM_016239.4:c.5084C>T,NP_057323.3:p.Pro1695Leu,0.582,26.3,['Unknown%20significance'],118.14,0.75,0.0,-0.1,0.1
MYO15A,17,18138897,NM_016239.4:c.5094G>C,NP_057323.3:p.Glu1698Asp,0.606,24.7,['Unknown%20significance'],43.13,0.22,0.0,0.2,0.2
MYO15A,17,18138898,NM_016239.4:c.5095T>G,NP_057323.3:p.Phe1699Val,0.960,27.5,['Unknown%20significance'],0.0,0.0,0.0,2.9,2.9
MYO15A,17,18138899,NM_016239.4:c.5096T>C,NP_057323.3:p.Phe1699Ser,0.982,31,['Unknown%20significance'],0.0,0.0,0.0,6.6,6.6
MYO15A,17,18138901,NM_016239.4:c.5098A>C,NP_057323.3:p.Thr1700Pro,0.881,26.8,['Unknown%20significance'],23.36,0.14,0.0,1.0,1.0
MYO15A,17,18138902,NM_016239.4:c.5099C>T,NP_057323.3:p.Thr1700Ile,0.744,25.0,['Unknown%20significance'],23.36,0.14,0.0,-1.1,1.1
MYO15A,17,18138904,NM_016239.4:c.5101A>G,NP_057323.3:p.Ile1701Val,0.453,18.72,['Unknown%20significance'],0.0,0.0,0.0,0.7,0.7
MYO15A,17,18138908,NM_016239.4:c.5105A>G,NP_057323.3:p.Lys1702Arg,0.164,17.67,['Unknown%20significance'],103.13,0.43,0.0,-0.7,0.7
MYO15A,17,18138913,NM_016239.4:c.5110T>A,NP_057323.3:p.Tyr1704Asn,0.920,28.4,['Unknown%20significance'],17.94,0.07,0.0,3.4,3.4
MYO15A,17,18138913,NM_016239.4:c.5110T>C,NP_057323.3:p.Tyr1704His,0.911,28.2,['Unknown%20significance'],17.94,0.07,0.0,2.0,2.0
MYO15A,17,18138914,NM_016239.4:c.5111A>G,NP_057323.3:p.Tyr1704Cys,0.861,27.0,['Unknown%20significance'],17.94,0.07,0.0,3.1,3.1
MYO15A,17,18138916,NM_016239.4:c.5113G>C,NP_057323.3:p.Ala1705Pro,0.936,28.4,['Unknown%20significance'],14.02,0.11,0.0,1.2,1.2
MYO15A,17,18138916,NM_016239.4:c.5113G>T,NP_057323.3:p.Ala1705Ser,0.829,26.9,['Unknown%20significance'],14.02,0.11,0.0,0.8,0.8
MYO15A,17,18138917,NM_016239.4:c.5114C>G,NP_057323.3:p.Ala1705Gly,0.877,27.0,['Unknown%20significance'],14.02,0.11,0.0,1.7,1.7
MYO15A,17,18138917,NM_016239.4:c.5114C>T,NP_057323.3:p.Ala1705Val,0.937,29.2,['Unknown%20significance'],14.02,0.11,0.0,0.3,0.3
MYO15A,17,18138919,NM_016239.4:c.5116G>T,NP_057323.3:p.Gly1706Cys,0.970,32,['Unknown%20significance'],29.41,0.3,0.0,0.4,0.4
MYO15A,17,18138920,NM_016239.4:c.5117G>A,NP_057323.3:p.Gly1706Asp,0.956,29.3,['Unknown%20significance'],29.41,0.3,0.0,1.0,1.0
MYO15A,17,18138920,NM_016239.4:c.5117G>T,NP_057323.3:p.Gly1706Val,0.967,28.9,['Pathogenic'],29.41,0.3,0.0,-0.2,0.2
MYO15A,17,18138923,NM_016239.4:c.5120A>G,NP_057323.3:p.Lys1707Arg,0.245,21.4,['Likely%20benign'],135.82,0.57,0.0,-0.4,0.4
MYO15A,17,18138925,NM_016239.4:c.5122G>A,NP_057323.3:p.Val1708Ile,0.813,27.1,['Unknown%20significance'],2.66,0.01,0.0,0.8,0.8
MYO15A,17,18138925,NM_016239.4:c.5122G>T,NP_057323.3:p.Val1708Phe,0.918,32,['Unknown%20significance'],2.66,0.01,0.0,1.6,1.6
MYO15A,17,18138926,NM_016239.4:c.5123T>A,NP_057323.3:p.Val1708Asp,0.961,29.8,['Unknown%20significance'],2.66,0.01,0.0,4.3,4.3
MYO15A,17,18138928,NM_016239.4:c.5125A>G,NP_057323.3:p.Thr1709Ala,0.689,26.4,['Unknown%20significance'],44.06,0.28,0.0,0.3,0.3
MYO15A,17,18138934,NM_016239.4:c.5131C>A,NP_057323.3:p.Gln1711Lys,0.804,28.7,['Unknown%20significance'],42.61,0.21,0.0,0.5,0.5
MYO15A,17,18138934,NM_016239.4:c.5131C>G,NP_057323.3:p.Gln1711Glu,0.771,27.2,['Unknown%20significance'],42.61,0.21,0.0,0.3,0.3
MYO15A,17,18138936,NM_016239.4:c.5133G>C,NP_057323.3:p.Gln1711His,0.767,35,['Unknown%20significance'],42.61,0.21,0.0,-0.2,0.2
MYO15A,17,18138936,NM_016239.4:c.5133G>T,NP_057323.3:p.Gln1711His,0.767,35,['Unknown%20significance'],42.61,0.21,0.0,-0.2,0.2
MYO15A,17,18139534,NM_016239.4:c.5134G>A,NP_057323.3:p.Val1712Met,0.846,32,['Unknown%20significance'],0.0,0.0,0.0,0.6,0.6
MYO15A,17,18139539,NM_016239.4:c.5139C>A,NP_057323.3:p.His1713Gln,0.317,24.0,['Unknown%20significance'],100.03,0.48,0.0,0.1,0.1
MYO15A,17,18139539,NM_016239.4:c.5139C>G,NP_057323.3:p.His1713Gln,0.317,24.7,['Unknown%20significance'],100.03,0.48,0.0,0.1,0.1
MYO15A,17,18139541,NM_016239.4:c.5141A>G,NP_057323.3:p.Lys1714Arg,0.681,31,['Unknown%20significance'],70.73,0.29,0.0,-0.6,0.6
MYO15A,17,18139541,NM_016239.4:c.5141A>T,NP_057323.3:p.Lys1714Met,0.857,30,['Pathogenic'],70.73,0.29,0.0,-0.9,0.9
MYO15A,17,18139545,NM_016239.4:c.5145C>G,NP_057323.3:p.Phe1715Leu,0.902,25.1,['Unknown%20significance'],0.0,0.0,0.0,2.0,2.0
MYO15A,17,18139547,NM_016239.4:c.5147T>G,NP_057323.3:p.Leu1716Arg,0.925,31,['Unknown%20significance'],22.31,0.11,0.0,1.7,1.7
MYO15A,17,18139552,NM_016239.4:c.5152A>G,NP_057323.3:p.Lys1718Glu,0.937,29.4,['Unknown%20significance'],12.88,0.05,0.0,0.4,0.4
MYO15A,17,18139553,NM_016239.4:c.5153A>G,NP_057323.3:p.Lys1718Arg,0.825,25.8,['Unknown%20significance'],12.88,0.05,0.0,-1.1,1.1
MYO15A,17,18139555,NM_016239.4:c.5155A>G,NP_057323.3:p.Asn1719Asp,0.928,27.6,['Unknown%20significance'],0.0,0.0,0.0,0.9,0.9
MYO15A,17,18139558,NM_016239.4:c.5158C>T,NP_057323.3:p.His1720Tyr,0.311,18.64,['Likely%20benign'],51.85,0.25,0.0,-0.5,0.5
MYO15A,17,18139559,NM_016239.4:c.5159A>G,NP_057323.3:p.His1720Arg,0.469,23.0,['Unknown%20significance'],51.85,0.25,0.0,-0.5,0.5
MYO15A,17,18139560,NM_016239.4:c.5160C>G,NP_057323.3:p.His1720Gln,0.482,6.578,['Likely%20benign'],51.85,0.25,0.0,-0.1,0.1
MYO15A,17,18139561,NM_016239.4:c.5161G>A,NP_057323.3:p.Asp1721Asn,0.828,32,['Unknown%20significance'],20.75,0.12,0.0,0.3,0.3
MYO15A,17,18139561,NM_016239.4:c.5161G>T,NP_057323.3:p.Asp1721Tyr,0.936,31,['Unknown%20significance'],20.75,0.12,0.0,0.2,0.2
MYO15A,17,18139567,NM_016239.4:c.5167G>A,NP_057323.3:p.Val1723Met,0.660,27.9,['Unknown%20significance'],16.03,0.09,0.0,-0.1,0.1
MYO15A,17,18139568,NM_016239.4:c.5168T>C,NP_057323.3:p.Val1723Ala,0.844,28.1,['Unknown%20significance'],16.03,0.09,0.0,1.4,1.4
MYO15A,17,18139568,NM_016239.4:c.5168T>G,NP_057323.3:p.Val1723Gly,0.970,29.0,['Unknown%20significance'],16.03,0.09,0.0,2.3,2.3
MYO15A,17,18139570,NM_016239.4:c.5170C>A,NP_057323.3:p.Arg1724Ser,0.604,26.6,['Unknown%20significance'],35.15,0.13,0.0,0.8,0.8
MYO15A,17,18139570,NM_016239.4:c.5170C>T,NP_057323.3:p.Arg1724Cys,0.777,29.7,['Unknown%20significance'],35.15,0.13,0.0,0.5,0.5
MYO15A,17,18139571,NM_016239.4:c.5171G>A,NP_057323.3:p.Arg1724His,0.659,31,['Unknown%20significance'],35.15,0.13,0.0,0.0,0.0
MYO15A,17,18139571,NM_016239.4:c.5171G>C,NP_057323.3:p.Arg1724Pro,0.758,32,['Unknown%20significance'],35.15,0.13,0.0,1.0,1.0
MYO15A,17,18139571,NM_016239.4:c.5171G>T,NP_057323.3:p.Arg1724Leu,0.649,31,['Unknown%20significance'],35.15,0.13,0.0,-0.4,0.4
MYO15A,17,18139573,NM_016239.4:c.5173C>G,NP_057323.3:p.Gln1725Glu,0.523,24.2,['Unknown%20significance'],96.1,0.48,0.0,0.3,0.3
MYO15A,17,18139575,NM_016239.4:c.5175G>C,NP_057323.3:p.Gln1725His,0.660,24.7,['Unknown%20significance'],96.1,0.48,0.0,-0.1,0.1
MYO15A,17,18139576,NM_016239.4:c.5176G>A,NP_057323.3:p.Asp1726Asn,0.803,29.8,['Unknown%20significance'],11.37,0.07,0.0,-0.0,0.0
MYO15A,17,18139577,NM_016239.4:c.5177A>T,NP_057323.3:p.Asp1726Val,0.941,31,['Unknown%20significance'],11.37,0.07,0.0,-0.6,0.6
MYO15A,17,18139583,NM_016239.4:c.5183T>C,NP_057323.3:p.Leu1728Pro,0.924,27.2,['Pathogenic'],3.97,0.02,0.0,3.0,3.0
MYO15A,17,18139589,NM_016239.4:c.5189T>C,NP_057323.3:p.Leu1730Pro,0.921,25.7,['Pathogenic'],11.52,0.05,0.0,3.7,3.7
MYO15A,17,18139591,NM_016239.4:c.5191T>C,NP_057323.3:p.Phe1731Leu,0.498,23.2,['Unknown%20significance'],0.0,0.0,0.0,-0.5,0.5
MYO15A,17,18139592,NM_016239.4:c.5192T>C,NP_057323.3:p.Phe1731Ser,0.898,26.0,['Unknown%20significance'],0.0,0.0,0.0,4.2,4.2
MYO15A,17,18139594,NM_016239.4:c.5194G>A,NP_057323.3:p.Val1732Ile,0.155,0.137,['Likely%20benign'],61.21,0.35,0.0,-0.1,0.1
MYO15A,17,18139594,NM_016239.4:c.5194G>C,NP_057323.3:p.Val1732Leu,0.154,2.285,['Unknown%20significance'],61.21,0.35,0.0,-0.1,0.1
MYO15A,17,18139595,NM_016239.4:c.5195T>A,NP_057323.3:p.Val1732Glu,0.491,23.9,['Unknown%20significance'],61.21,0.35,0.0,0.9,0.9
MYO15A,17,18139595,NM_016239.4:c.5195T>C,NP_057323.3:p.Val1732Ala,0.295,18.37,['Unknown%20significance'],61.21,0.35,0.0,0.5,0.5
MYO15A,17,18139597,NM_016239.4:c.5197C>G,NP_057323.3:p.Arg1733Gly,0.382,20.6,['Likely%20benign'],176.96,0.65,0.0,0.4,0.4
MYO15A,17,18139597,NM_016239.4:c.5197C>T,NP_057323.3:p.Arg1733Trp,0.372,23.0,['Unknown%20significance'],176.96,0.65,0.0,-0.2,0.2
MYO15A,17,18139598,NM_016239.4:c.5198G>A,NP_057323.3:p.Arg1733Gln,0.204,14.12,['Unknown%20significance'],176.96,0.65,0.0,0.1,0.1
MYO15A,17,18139598,NM_016239.4:c.5198G>T,NP_057323.3:p.Arg1733Leu,0.364,21.7,['Likely%20benign'],176.96,0.65,0.0,-0.0,0.0
MYO15A,17,18139600,NM_016239.4:c.5200A>G,NP_057323.3:p.Ser1734Gly,0.923,26.3,['Unknown%20significance'],9.3,0.06,0.0,1.2,1.2
MYO15A,17,18139602,NM_016239.4:c.5202C>G,NP_057323.3:p.Ser1734Arg,0.863,23.3,['Unknown%20significance'],9.3,0.06,0.0,0.2,0.2
MYO15A,17,18139603,NM_016239.4:c.5203C>G,NP_057323.3:p.Arg1735Gly,0.677,25.1,['Unknown%20significance'],221.09,0.82,0.0,0.4,0.4
MYO15A,17,18139603,NM_016239.4:c.5203C>T,NP_057323.3:p.Arg1735Trp,0.762,25.8,['Likely%20pathogenic'],221.09,0.82,0.0,0.0,0.0
MYO15A,17,18139604,NM_016239.4:c.5204G>A,NP_057323.3:p.Arg1735Gln,0.421,22.8,['Unknown%20significance'],221.09,0.82,0.0,0.1,0.1
MYO15A,17,18139609,NM_016239.4:c.5209C>T,NP_057323.3:p.Arg1737Trp,0.598,24.9,['Unknown%20significance'],230.13,0.85,0.0,-0.1,0.1
MYO15A,17,18139610,NM_016239.4:c.5210G>A,NP_057323.3:p.Arg1737Gln,0.286,21.9,['Unknown%20significance'],230.13,0.85,0.0,0.0,0.0
MYO15A,17,18139610,NM_016239.4:c.5210G>C,NP_057323.3:p.Arg1737Pro,0.582,23.9,['Unknown%20significance'],230.13,0.85,0.0,0.1,0.1
MYO15A,17,18140517,NM_016239.4:c.5212G>A,NP_057323.3:p.Val1738Met,0.327,23.7,['Unknown%20significance'],6.69,0.03,0.0,0.3,0.3
MYO15A,17,18140517,NM_016239.4:c.5212G>T,NP_057323.3:p.Val1738Leu,0.378,29.0,['Unknown%20significance'],6.69,0.03,0.0,-0.7,0.7
MYO15A,17,18140520,NM_016239.4:c.5215G>T,NP_057323.3:p.Val1739Leu,0.484,23.2,['Unknown%20significance'],0.0,0.0,0.0,-0.1,0.1
MYO15A,17,18140524,NM_016239.4:c.5219C>T,NP_057323.3:p.Ala1740Val,0.776,28.0,['Unknown%20significance'],25.73,0.2,0.0,-0.8,0.8
MYO15A,17,18140526,NM_016239.4:c.5221C>T,NP_057323.3:p.His1741Tyr,0.225,19.69,['Unknown%20significance'],77.29,0.37,0.0,-0.7,0.7
MYO15A,17,18140527,NM_016239.4:c.5222A>C,NP_057323.3:p.His1741Pro,0.586,24.9,['Unknown%20significance'],77.29,0.37,0.0,0.6,0.6
MYO15A,17,18140527,NM_016239.4:c.5222A>G,NP_057323.3:p.His1741Arg,0.274,20.7,['Unknown%20significance'],77.29,0.37,0.0,-0.0,0.0
MYO15A,17,18140529,NM_016239.4:c.5224C>T,NP_057323.3:p.Leu1742Phe,0.838,26.7,['Unknown%20significance'],1.64,0.0,0.0,0.9,0.9
MYO15A,17,18140530,NM_016239.4:c.5225T>A,NP_057323.3:p.Leu1742His,0.969,29.9,['Unknown%20significance'],1.64,0.0,0.0,3.3,3.3
MYO15A,17,18140532,NM_016239.4:c.5227T>C,NP_057323.3:p.Phe1743Leu,0.863,32,['Unknown%20significance'],0.0,0.0,0.0,1.5,1.5
MYO15A,17,18140535,NM_016239.4:c.5230T>C,NP_057323.3:p.Ser1744Pro,0.485,22.9,['Unknown%20significance'],48.13,0.34,0.0,0.1,0.1
MYO15A,17,18140535,NM_016239.4:c.5230T>G,NP_057323.3:p.Ser1744Ala,0.173,19.55,['Likely%20benign'],48.13,0.34,0.0,-0.3,0.3
MYO15A,17,18140536,NM_016239.4:c.5231C>T,NP_057323.3:p.Ser1744Phe,0.275,22.1,['Unknown%20significance'],48.13,0.34,0.0,-0.8,0.8
MYO15A,17,18140538,NM_016239.4:c.5233A>G,NP_057323.3:p.Ser1745Gly,0.232,23.1,['Unknown%20significance'],60.57,0.43,0.0,0.5,0.5
MYO15A,17,18140539,NM_016239.4:c.5234G>A,NP_057323.3:p.Ser1745Asn,0.255,23.4,['Unknown%20significance'],60.57,0.43,0.0,-0.0,0.0
MYO15A,17,18140542,NM_016239.4:c.5237A>G,NP_057323.3:p.His1746Arg,0.454,22.9,['Unknown%20significance'],19.59,0.09,0.0,-0.0,0.0
MYO15A,17,18140545,NM_016239.4:c.5240C>G,NP_057323.3:p.Ala1747Gly,0.405,23.9,['Unknown%20significance'],21.35,0.16,0.0,0.9,0.9
MYO15A,17,18140545,NM_016239.4:c.5240C>T,NP_057323.3:p.Ala1747Val,0.343,24.3,['Unknown%20significance'],21.35,0.16,0.0,-0.6,0.6
MYO15A,17,18140547,NM_016239.4:c.5242C>G,NP_057323.3:p.Pro1748Ala,0.223,16.34,['Likely%20benign'],105.81,0.67,0.0,-0.0,0.0
MYO15A,17,18140550,NM_016239.4:c.5245C>A,NP_057323.3:p.Gln1749Lys,0.249,16.70,['Likely%20benign'],125.49,0.63,0.0,0.2,0.2
MYO15A,17,18140556,NM_016239.4:c.5251G>A,NP_057323.3:p.Ala1751Thr,0.157,18.64,['Likely%20benign'],40.4,0.31,0.0,-0.1,0.1
MYO15A,17,18140556,NM_016239.4:c.5251G>T,NP_057323.3:p.Ala1751Ser,0.115,16.58,['Likely%20benign'],40.4,0.31,0.0,0.0,0.0
MYO15A,17,18140559,NM_016239.4:c.5254C>A,NP_057323.3:p.Pro1752Thr,0.256,21.4,['Unknown%20significance'],93.99,0.59,0.0,-0.1,0.1
MYO15A,17,18140559,NM_016239.4:c.5254C>T,NP_057323.3:p.Pro1752Ser,0.267,20.9,['Unknown%20significance'],93.99,0.59,0.0,-0.0,0.0
MYO15A,17,18140560,NM_016239.4:c.5255C>T,NP_057323.3:p.Pro1752Leu,0.318,22.7,['Unknown%20significance'],93.99,0.59,0.0,-0.1,0.1
MYO15A,17,18140565,NM_016239.4:c.5260C>T,NP_057323.3:p.Arg1754Cys,0.446,25.0,['Unknown%20significance'],214.34,0.79,0.0,0.2,0.2
MYO15A,17,18140566,NM_016239.4:c.5261G>A,NP_057323.3:p.Arg1754His,0.378,24.5,['Unknown%20significance'],214.34,0.79,0.0,0.1,0.1
MYO15A,17,18140566,NM_016239.4:c.5261G>C,NP_057323.3:p.Arg1754Pro,0.638,29.4,['Unknown%20significance'],214.34,0.79,0.0,0.2,0.2
MYO15A,17,18140566,NM_016239.4:c.5261G>T,NP_057323.3:p.Arg1754Leu,0.516,27.7,['Unknown%20significance'],214.34,0.79,0.0,0.0,0.0
MYO15A,17,18140569,NM_016239.4:c.5264T>G,NP_057323.3:p.Leu1755Arg,0.456,24.0,['Unknown%20significance'],123.84,0.64,0.0,0.1,0.1
MYO15A,17,18140572,NM_016239.4:c.5267G>A,NP_057323.3:p.Gly1756Asp,0.554,26.9,['Unknown%20significance'],53.55,0.56,0.0,-0.1,0.1
MYO15A,17,18140575,NM_016239.4:c.5270A>G,NP_057323.3:p.Lys1757Arg,0.303,22.7,['Unknown%20significance'],258.44,1.0,0.0,-0.1,0.1
MYO15A,17,18140580,NM_016239.4:c.5275A>C,NP_057323.3:p.Ser1759Arg,0.480,24.1,['Unknown%20significance'],71.94,0.52,0.0,-0.1,0.1
MYO15A,17,18140580,NM_016239.4:c.5275A>G,NP_057323.3:p.Ser1759Gly,0.467,23.7,['Unknown%20significance'],71.94,0.52,0.0,0.3,0.3
MYO15A,17,18140583,NM_016239.4:c.5278T>G,NP_057323.3:p.Ser1760Ala,0.322,25.4,['Unknown%20significance'],126.6,0.91,0.0,0.0,0.0
MYO15A,17,18140586,NM_016239.4:c.5281G>A,NP_057323.3:p.Val1761Ile,0.083,10.87,['Unknown%20significance'],102.51,0.59,0.0,0.0,0.0
MYO15A,17,18140586,NM_016239.4:c.5281G>C,NP_057323.3:p.Val1761Leu,0.134,13.30,['Likely%20benign'],102.51,0.59,0.0,0.1,0.1
MYO15A,17,18140590,NM_016239.4:c.5285C>T,NP_057323.3:p.Thr1762Ile,0.448,23.5,['Unknown%20significance'],150.88,0.95,0.0,0.0,0.0
MYO15A,17,18140592,NM_016239.4:c.5287C>T,NP_057323.3:p.Arg1763Trp,0.674,27.0,['Unknown%20significance'],177.32,0.65,0.0,-0.1,0.1
MYO15A,17,18140593,NM_016239.4:c.5288G>A,NP_057323.3:p.Arg1763Gln,0.529,32,['Unknown%20significance'],177.32,0.65,0.0,0.1,0.1
MYO15A,17,18140595,NM_016239.4:c.5290C>T,NP_057323.3:p.Leu1764Phe,0.168,23.2,['Likely%20benign'],181.05,0.93,0.0,0.0,0.0
MYO15A,17,18140596,NM_016239.4:c.5291T>A,NP_057323.3:p.Leu1764His,0.486,24.5,['Unknown%20significance'],181.05,0.93,0.0,0.0,0.0
MYO15A,17,18140596,NM_016239.4:c.5291T>C,NP_057323.3:p.Leu1764Pro,0.538,25.1,['Unknown%20significance'],181.05,0.93,0.0,0.1,0.1
MYO15A,17,18140598,NM_016239.4:c.5293T>C,NP_057323.3:p.Tyr1765His,0.194,15.84,['Unknown%20significance'],152.31,0.63,0.0,0.3,0.3
MYO15A,17,18140599,NM_016239.4:c.5294A>G,NP_057323.3:p.Tyr1765Cys,0.667,28.0,['Unknown%20significance'],152.31,0.63,0.0,0.6,0.6
MYO15A,17,18140599,NM_016239.4:c.5294A>T,NP_057323.3:p.Tyr1765Phe,0.475,24.1,['Unknown%20significance'],152.31,0.63,0.0,0.2,0.2
MYO15A,17,18140601,NM_016239.4:c.5296A>G,NP_057323.3:p.Lys1766Glu,0.687,26.4,['Unknown%20significance'],134.11,0.56,0.0,-0.2,0.2
MYO15A,17,18140603,NM_016239.4:c.5298G>C,NP_057323.3:p.Lys1766Asn,0.571,23.7,['Unknown%20significance'],134.11,0.56,0.0,-0.1,0.1
MYO15A,17,18140604,NM_016239.4:c.5299G>A,NP_057323.3:p.Ala1767Thr,0.439,24.2,['Unknown%20significance'],1.4,0.01,0.0,-0.3,0.3
MYO15A,17,18140604,NM_016239.4:c.5299G>T,NP_057323.3:p.Ala1767Ser,0.458,25.4,['Unknown%20significance'],1.4,0.01,0.0,0.0,0.0
MYO15A,17,18140605,NM_016239.4:c.5300C>T,NP_057323.3:p.Ala1767Val,0.607,27.5,['Unknown%20significance'],1.4,0.01,0.0,-0.5,0.5
MYO15A,17,18140607,NM_016239.4:c.5302C>T,NP_057323.3:p.His1768Tyr,0.340,22.6,['Unknown%20significance'],62.11,0.3,0.0,-0.6,0.6
MYO15A,17,18140610,NM_016239.4:c.5305A>G,NP_057323.3:p.Thr1769Ala,0.936,25.2,['Unknown%20significance'],0.05,0.0,0.0,1.1,1.1
MYO15A,17,18140611,NM_016239.4:c.5306C>A,NP_057323.3:p.Thr1769Asn,0.852,24.2,['Unknown%20significance'],0.05,0.0,0.0,1.4,1.4
MYO15A,17,18140614,NM_016239.4:c.5309T>C,NP_057323.3:p.Val1770Ala,0.863,25.8,['Unknown%20significance'],3.16,0.01,0.0,2.2,2.2
MYO15A,17,18140616,NM_016239.4:c.5311G>A,NP_057323.3:p.Ala1771Thr,0.683,26.0,['Unknown%20significance'],0.0,0.0,0.0,0.2,0.2
MYO15A,17,18140616,NM_016239.4:c.5311G>T,NP_057323.3:p.Ala1771Ser,0.428,23.7,['Unknown%20significance'],0.0,0.0,0.0,0.7,0.7
MYO15A,17,18140617,NM_016239.4:c.5312C>T,NP_057323.3:p.Ala1771Val,0.730,23.7,['Unknown%20significance'],0.0,0.0,0.0,-0.6,0.6
MYO15A,17,18140619,NM_016239.4:c.5314G>A,NP_057323.3:p.Ala1772Thr,0.529,25.8,['Unknown%20significance'],8.85,0.06,0.0,-0.0,0.0
MYO15A,17,18140619,NM_016239.4:c.5314G>T,NP_057323.3:p.Ala1772Ser,0.468,23.3,['Unknown%20significance'],8.85,0.06,0.0,0.4,0.4
MYO15A,17,18140620,NM_016239.4:c.5315C>T,NP_057323.3:p.Ala1772Val,0.751,25.0,['Unknown%20significance'],8.85,0.06,0.0,-0.4,0.4
MYO15A,17,18140624,NM_016239.4:c.5319G>C,NP_057323.3:p.Lys1773Asn,0.755,24.4,['Unknown%20significance'],93.6,0.39,0.0,-0.1,0.1
MYO15A,17,18140624,NM_016239.4:c.5319G>T,NP_057323.3:p.Lys1773Asn,0.757,24.5,['Unknown%20significance'],93.6,0.39,0.0,-0.1,0.1
MYO15A,17,18140629,NM_016239.4:c.5324A>C,NP_057323.3:p.Gln1775Pro,0.949,28.6,['Unknown%20significance'],29.83,0.15,0.0,1.0,1.0
MYO15A,17,18140629,NM_016239.4:c.5324A>G,NP_057323.3:p.Gln1775Arg,0.666,27.2,['Unknown%20significance'],29.83,0.15,0.0,-0.4,0.4
MYO15A,17,18140631,NM_016239.4:c.5326C>G,NP_057323.3:p.Gln1776Glu,0.487,24.9,['Unknown%20significance'],62.29,0.31,0.0,0.3,0.3
MYO15A,17,18140633,NM_016239.4:c.5328G>C,NP_057323.3:p.Gln1776His,0.587,24.0,['Unknown%20significance'],62.29,0.31,0.0,-0.0,0.0
MYO15A,17,18140638,NM_016239.4:c.5333T>C,NP_057323.3:p.Leu1778Pro,0.957,32,['Unknown%20significance'],4.27,0.02,0.0,3.6,3.6
MYO15A,17,18140641,NM_016239.4:c.5336T>C,NP_057323.3:p.Leu1779Pro,0.820,25.7,['Pathogenic'],110.46,0.57,0.0,0.7,0.7
MYO15A,17,18140643,NM_016239.4:c.5338G>C,NP_057323.3:p.Asp1780His,0.512,25.8,['Unknown%20significance'],91.06,0.56,0.0,-0.5,0.5
MYO15A,17,18140649,NM_016239.4:c.5344G>A,NP_057323.3:p.Val1782Met,0.584,26.8,['Unknown%20significance'],24.35,0.14,0.0,-0.3,0.3
MYO15A,17,18140649,NM_016239.4:c.5344G>T,NP_057323.3:p.Val1782Leu,0.570,23.8,['Unknown%20significance'],24.35,0.14,0.0,-0.3,0.3
MYO15A,17,18140656,NM_016239.4:c.5351A>C,NP_057323.3:p.Lys1784Thr,0.589,28.5,['Unknown%20significance'],75.1,0.31,0.0,-0.7,0.7
MYO15A,17,18140659,NM_016239.4:c.5354T>A,NP_057323.3:p.Met1785Lys,0.971,29.7,['Unknown%20significance'],0.27,0.0,0.0,2.8,2.8
MYO15A,17,18140659,NM_016239.4:c.5354T>C,NP_057323.3:p.Met1785Thr,0.965,28.2,['Unknown%20significance'],0.27,0.0,0.0,1.6,1.6
MYO15A,17,18140659,NM_016239.4:c.5354T>G,NP_057323.3:p.Met1785Arg,0.972,32,['Unknown%20significance'],0.27,0.0,0.0,1.5,1.5
MYO15A,17,18140661,NM_016239.4:c.5356G>A,NP_057323.3:p.Glu1786Lys,0.587,30,['Unknown%20significance'],74.31,0.38,0.0,0.2,0.2
MYO15A,17,18140665,NM_016239.4:c.5360G>A,NP_057323.3:p.Arg1787Lys,0.208,33,['Pathogenic'],175.81,0.65,0.0,0.3,0.3
MYO15A,17,18140665,NM_016239.4:c.5360G>C,NP_057323.3:p.Arg1787Thr,0.561,35,['Unknown%20significance'],175.81,0.65,0.0,0.1,0.1
MYO15A,17,18140787,NM_016239.4:c.5361G>T,NP_057323.3:p.Arg1787Ser,0.472,33,['Unknown%20significance'],175.81,0.65,0.0,0.2,0.2
MYO15A,17,18140788,NM_016239.4:c.5362T>C,NP_057323.3:p.Cys1788Arg,0.874,27.6,['Unknown%20significance'],9.92,0.06,0.0,0.4,0.4
MYO15A,17,18140788,NM_016239.4:c.5362T>G,NP_057323.3:p.Cys1788Gly,0.858,28.4,['Likely%20pathogenic'],9.92,0.06,0.0,1.5,1.5
MYO15A,17,18140792,NM_016239.4:c.5366A>G,NP_057323.3:p.Asn1789Ser,0.376,21.4,['Unknown%20significance'],44.92,0.28,0.0,0.2,0.2
MYO15A,17,18140794,NM_016239.4:c.5368C>T,NP_057323.3:p.Pro1790Ser,0.719,23.8,['Unknown%20significance'],35.31,0.22,0.0,1.0,1.0
MYO15A,17,18140797,NM_016239.4:c.5371T>A,NP_057323.3:p.Leu1791Met,0.370,22.9,['Unknown%20significance'],4.91,0.02,0.0,0.3,0.3
MYO15A,17,18140798,NM_016239.4:c.5372T>C,NP_057323.3:p.Leu1791Ser,0.672,23.8,['Unknown%20significance'],4.91,0.02,0.0,2.2,2.2
MYO15A,17,18140798,NM_016239.4:c.5372T>G,NP_057323.3:p.Leu1791Trp,0.531,22.6,['Unknown%20significance'],4.91,0.02,0.0,-0.6,0.6
MYO15A,17,18140799,NM_016239.4:c.5373G>C,NP_057323.3:p.Leu1791Phe,0.309,11.74,['Unknown%20significance'],4.91,0.02,0.0,-0.7,0.7
MYO15A,17,18140800,NM_016239.4:c.5374T>G,NP_057323.3:p.Phe1792Val,0.927,25.7,['Unknown%20significance'],3.81,0.01,0.0,2.3,2.3
MYO15A,17,18140803,NM_016239.4:c.5377A>T,NP_057323.3:p.Met1793Leu,0.352,22.2,['Likely%20benign'],0.0,0.0,0.0,-1.0,1.0
MYO15A,17,18140804,NM_016239.4:c.5378T>C,NP_057323.3:p.Met1793Thr,0.565,23.0,['Unknown%20significance'],0.0,0.0,0.0,1.7,1.7
MYO15A,17,18140806,NM_016239.4:c.5380C>T,NP_057323.3:p.Arg1794Cys,0.914,25.5,['Unknown%20significance'],0.0,0.0,0.0,-0.3,0.3
MYO15A,17,18140807,NM_016239.4:c.5381G>A,NP_057323.3:p.Arg1794His,0.896,26.8,['Unknown%20significance'],0.0,0.0,0.0,0.4,0.4
MYO15A,17,18140807,NM_016239.4:c.5381G>T,NP_057323.3:p.Arg1794Leu,0.952,27.2,['Unknown%20significance'],0.0,0.0,0.0,-1.3,1.3
MYO15A,17,18140809,NM_016239.4:c.5383T>G,NP_057323.3:p.Cys1795Gly,0.869,24.1,['Unknown%20significance'],0.27,0.0,0.0,5.5,5.5
MYO15A,17,18140810,NM_016239.4:c.5384G>C,NP_057323.3:p.Cys1795Ser,0.936,24.6,['Unknown%20significance'],0.27,0.0,0.0,4.5,4.5
MYO15A,17,18140815,NM_016239.4:c.5389A>C,NP_057323.3:p.Lys1797Gln,0.901,28.8,['Unknown%20significance'],1.4,0.0,0.0,-0.6,0.6
MYO15A,17,18140818,NM_016239.4:c.5392C>A,NP_057323.3:p.Pro1798Thr,0.969,25.6,['Unknown%20significance'],0.0,0.0,0.0,1.4,1.4
MYO15A,17,18140818,NM_016239.4:c.5392C>T,NP_057323.3:p.Pro1798Ser,0.980,26.0,['Unknown%20significance'],0.0,0.0,0.0,2.1,2.1
MYO15A,17,18140822,NM_016239.4:c.5396A>G,NP_057323.3:p.Asn1799Ser,0.840,26.4,['Unknown%20significance'],0.0,0.0,0.0,1.1,1.1
MYO15A,17,18140824,NM_016239.4:c.5398C>G,NP_057323.3:p.His1800Asp,0.329,22.5,['Unknown%20significance'],75.17,0.36,0.0,0.2,0.2
MYO15A,17,18140824,NM_016239.4:c.5398C>T,NP_057323.3:p.His1800Tyr,0.477,23.1,['Unknown%20significance'],75.17,0.36,0.0,-0.4,0.4
MYO15A,17,18140825,NM_016239.4:c.5399A>G,NP_057323.3:p.His1800Arg,0.370,23.5,['Unknown%20significance'],75.17,0.36,0.0,-0.0,0.0
MYO15A,17,18140826,NM_016239.4:c.5400C>G,NP_057323.3:p.His1800Gln,0.165,17.85,['Unknown%20significance'],75.17,0.36,0.0,-0.1,0.1
MYO15A,17,18140827,NM_016239.4:c.5401A>C,NP_057323.3:p.Lys1801Gln,0.426,24.4,['Unknown%20significance'],141.47,0.59,0.0,-0.4,0.4
MYO15A,17,18140830,NM_016239.4:c.5404A>G,NP_057323.3:p.Lys1802Glu,0.911,32,['Unknown%20significance'],60.17,0.25,0.0,0.2,0.2
MYO15A,17,18141019,NM_016239.4:c.5407G>A,NP_057323.3:p.Glu1803Lys,0.432,32,['Unknown%20significance'],96.46,0.49,0.0,0.2,0.2
MYO15A,17,18141021,NM_016239.4:c.5409G>C,NP_057323.3:p.Glu1803Asp,0.449,19.49,['Unknown%20significance'],96.46,0.49,0.0,0.2,0.2
MYO15A,17,18141022,NM_016239.4:c.5410C>A,NP_057323.3:p.Pro1804Thr,0.761,25.0,['Unknown%20significance'],103.44,0.65,0.0,0.3,0.3
MYO15A,17,18141022,NM_016239.4:c.5410C>T,NP_057323.3:p.Pro1804Ser,0.652,24.3,['Unknown%20significance'],103.44,0.65,0.0,0.4,0.4
MYO15A,17,18141026,NM_016239.4:c.5414G>A,NP_057323.3:p.Gly1805Asp,0.275,19.13,['Unknown%20significance'],40.06,0.42,0.0,0.0,0.0
MYO15A,17,18141028,NM_016239.4:c.5416C>A,NP_057323.3:p.Leu1806Ile,0.356,22.9,['Unknown%20significance'],74.43,0.38,0.0,0.1,0.1
MYO15A,17,18141028,NM_016239.4:c.5416C>G,NP_057323.3:p.Leu1806Val,0.333,18.44,['Unknown%20significance'],74.43,0.38,0.0,0.1,0.1
MYO15A,17,18141029,NM_016239.4:c.5417T>C,NP_057323.3:p.Leu1806Pro,0.872,28.1,['Pathogenic'],74.43,0.38,0.0,1.2,1.2
MYO15A,17,18141033,NM_016239.4:c.5421T>G,NP_057323.3:p.Phe1807Leu,0.764,25.7,['Unknown%20significance'],18.12,0.07,0.0,1.5,1.5
MYO15A,17,18141034,NM_016239.4:c.5422G>C,NP_057323.3:p.Glu1808Gln,0.689,28.9,['Unknown%20significance'],26.24,0.13,0.0,-0.2,0.2
MYO15A,17,18141037,NM_016239.4:c.5425C>T,NP_057323.3:p.Pro1809Ser,0.093,18.32,['Likely%20benign'],56.29,0.35,0.0,-0.1,0.1
MYO15A,17,18141038,NM_016239.4:c.5426C>T,NP_057323.3:p.Pro1809Leu,0.175,23.0,['Likely%20benign'],56.29,0.35,0.0,-0.9,0.9
MYO15A,17,18141041,NM_016239.4:c.5429A>G,NP_057323.3:p.Asp1810Gly,0.586,29.7,['Unknown%20significance'],111.26,0.69,0.0,0.1,0.1
MYO15A,17,18141042,NM_016239.4:c.5430T>G,NP_057323.3:p.Asp1810Glu,0.184,0.394,['Likely%20benign'],111.26,0.69,0.0,-0.1,0.1
MYO15A,17,18141043,NM_016239.4:c.5431G>A,NP_057323.3:p.Val1811Met,0.404,26.7,['Unknown%20significance'],18.91,0.11,0.0,-0.3,0.3
MYO15A,17,18141044,NM_016239.4:c.5432T>C,NP_057323.3:p.Val1811Ala,0.304,23.2,['Unknown%20significance'],18.91,0.11,0.0,1.2,1.2
MYO15A,17,18141046,NM_016239.4:c.5434G>A,NP_057323.3:p.Val1812Ile,0.668,24.5,['Unknown%20significance'],0.0,0.0,0.0,0.4,0.4
MYO15A,17,18141046,NM_016239.4:c.5434G>T,NP_057323.3:p.Val1812Leu,0.775,23.8,['Unknown%20significance'],0.0,0.0,0.0,0.9,0.9
MYO15A,17,18141049,NM_016239.4:c.5437A>G,NP_057323.3:p.Met1813Val,0.473,21.4,['Unknown%20significance'],14.54,0.06,0.0,-0.1,0.1
MYO15A,17,18141050,NM_016239.4:c.5438T>C,NP_057323.3:p.Met1813Thr,0.333,18.05,['Unknown%20significance'],14.54,0.06,0.0,1.3,1.3
MYO15A,17,18141051,NM_016239.4:c.5439G>A,NP_057323.3:p.Met1813Ile,0.472,23.2,['Likely%20benign'],14.54,0.06,0.0,-0.3,0.3
MYO15A,17,18141052,NM_016239.4:c.5440G>A,NP_057323.3:p.Ala1814Thr,0.217,21.2,['Unknown%20significance'],37.16,0.29,0.0,0.1,0.1
MYO15A,17,18141055,NM_016239.4:c.5443C>A,NP_057323.3:p.Gln1815Lys,0.954,26.1,['Pathogenic'],0.1,0.0,0.0,1.3,1.3
MYO15A,17,18141056,NM_016239.4:c.5444A>C,NP_057323.3:p.Gln1815Pro,0.982,28.4,['Unknown%20significance'],0.1,0.0,0.0,1.7,1.7
MYO15A,17,18141057,NM_016239.4:c.5445A>C,NP_057323.3:p.Gln1815His,0.960,24.3,['Unknown%20significance'],0.1,0.0,0.0,0.3,0.3
MYO15A,17,18141057,NM_016239.4:c.5445A>T,NP_057323.3:p.Gln1815His,0.961,24.9,['Unknown%20significance'],0.1,0.0,0.0,0.3,0.3
MYO15A,17,18141061,NM_016239.4:c.5449C>T,NP_057323.3:p.Arg1817Cys,0.672,27.3,['Unknown%20significance'],118.98,0.44,0.0,0.7,0.7
MYO15A,17,18141062,NM_016239.4:c.5450G>A,NP_057323.3:p.Arg1817His,0.746,28.2,['Unknown%20significance'],118.98,0.44,0.0,0.4,0.4
MYO15A,17,18141064,NM_016239.4:c.5452T>C,NP_057323.3:p.Tyr1818His,0.666,23.3,['Unknown%20significance'],50.06,0.2,0.0,1.2,1.2
MYO15A,17,18141065,NM_016239.4:c.5453A>G,NP_057323.3:p.Tyr1818Cys,0.712,31,['Unknown%20significance'],50.06,0.2,0.0,1.1,1.1
MYO15A,17,18141065,NM_016239.4:c.5453A>T,NP_057323.3:p.Tyr1818Phe,0.841,33,['Unknown%20significance'],50.06,0.2,0.0,0.4,0.4
MYO15A,17,18141070,NM_016239.4:c.5458G>A,NP_057323.3:p.Gly1820Arg,0.965,33,['Unknown%20significance'],0.1,0.0,0.0,0.5,0.5
MYO15A,17,18141071,NM_016239.4:c.5459G>A,NP_057323.3:p.Gly1820Glu,0.977,29.9,['Unknown%20significance'],0.1,0.0,0.0,1.3,1.3
MYO15A,17,18141071,NM_016239.4:c.5459G>C,NP_057323.3:p.Gly1820Ala,0.899,28.4,['Unknown%20significance'],0.1,0.0,0.0,-0.0,0.0
MYO15A,17,18141073,NM_016239.4:c.5461G>A,NP_057323.3:p.Val1821Met,0.518,23.5,['Unknown%20significance'],0.0,0.0,0.0,0.5,0.5
MYO15A,17,18141077,NM_016239.4:c.5465T>C,NP_057323.3:p.Leu1822Pro,0.945,32,['Unknown%20significance'],7.6,0.03,0.0,3.2,3.2
MYO15A,17,18141079,NM_016239.4:c.5467G>C,NP_057323.3:p.Glu1823Gln,0.893,29.2,['Unknown%20significance'],42.79,0.21,0.0,-0.3,0.3
MYO15A,17,18141080,NM_016239.4:c.5468A>G,NP_057323.3:p.Glu1823Gly,0.951,32,['Unknown%20significance'],42.79,0.21,0.0,1.1,1.1
MYO15A,17,18141082,NM_016239.4:c.5470A>G,NP_057323.3:p.Thr1824Ala,0.768,24.8,['Unknown%20significance'],0.0,0.0,0.0,0.4,0.4
MYO15A,17,18141082,NM_016239.4:c.5470A>T,NP_057323.3:p.Thr1824Ser,0.766,26.7,['Unknown%20significance'],0.0,0.0,0.0,1.2,1.2
MYO15A,17,18141083,NM_016239.4:c.5471C>T,NP_057323.3:p.Thr1824Ile,0.761,26.0,['Unknown%20significance'],0.0,0.0,0.0,-1.4,1.4
MYO15A,17,18141085,NM_016239.4:c.5473G>A,NP_057323.3:p.Val1825Met,0.689,25.6,['Pathogenic'],0.0,0.0,0.0,1.3,1.3
MYO15A,17,18141085,NM_016239.4:c.5473G>C,NP_057323.3:p.Val1825Leu,0.583,24.8,['Unknown%20significance'],0.0,0.0,0.0,0.4,0.4
MYO15A,17,18141089,NM_016239.4:c.5477G>A,NP_057323.3:p.Arg1826Lys,0.669,28.7,['Unknown%20significance'],102.88,0.38,0.0,0.8,0.8
MYO15A,17,18141092,NM_016239.4:c.5480T>A,NP_057323.3:p.Ile1827Asn,0.928,29.9,['Unknown%20significance'],0.0,0.0,0.0,4.2,4.2
MYO15A,17,18141094,NM_016239.4:c.5482C>A,NP_057323.3:p.Arg1828Ser,0.901,26.1,['Unknown%20significance'],22.17,0.08,0.0,1.0,1.0
MYO15A,17,18141094,NM_016239.4:c.5482C>T,NP_057323.3:p.Arg1828Cys,0.922,28.0,['Unknown%20significance'],22.17,0.08,0.0,0.5,0.5
MYO15A,17,18141095,NM_016239.4:c.5483G>A,NP_057323.3:p.Arg1828His,0.876,32,['Unknown%20significance'],22.17,0.08,0.0,0.4,0.4
MYO15A,17,18141095,NM_016239.4:c.5483G>C,NP_057323.3:p.Arg1828Pro,0.963,33,['Unknown%20significance'],22.17,0.08,0.0,1.3,1.3
MYO15A,17,18141095,NM_016239.4:c.5483G>T,NP_057323.3:p.Arg1828Leu,0.928,32,['Unknown%20significance'],22.17,0.08,0.0,-0.5,0.5
MYO15A,17,18141097,NM_016239.4:c.5485A>G,NP_057323.3:p.Lys1829Glu,0.719,28.5,['Unknown%20significance'],38.01,0.16,0.0,-0.1,0.1
MYO15A,17,18141101,NM_016239.4:c.5489A>T,NP_057323.3:p.Glu1830Val,0.641,31,['Unknown%20significance'],94.96,0.48,0.0,-0.2,0.2
MYO15A,17,18141103,NM_016239.4:c.5491G>A,NP_057323.3:p.Gly1831Arg,0.961,31,['Unknown%20significance'],0.0,0.0,0.0,0.6,0.6
MYO15A,17,18141104,NM_016239.4:c.5492G>T,NP_057323.3:p.Gly1831Val,0.967,29.6,['Pathogenic'],0.0,0.0,0.0,0.4,0.4
MYO15A,17,18141115,NM_016239.4:c.5503C>T,NP_057323.3:p.Arg1835Cys,0.952,28.6,['Likely%20pathogenic'],52.12,0.19,0.0,1.3,1.3
MYO15A,17,18141116,NM_016239.4:c.5504G>A,NP_057323.3:p.Arg1835His,0.919,28.7,['Pathogenic'],52.12,0.19,0.0,0.5,0.5
MYO15A,17,18141116,NM_016239.4:c.5504G>T,NP_057323.3:p.Arg1835Leu,0.959,28.7,['Likely%20pathogenic'],52.12,0.19,0.0,0.1,0.1
MYO15A,17,18141119,NM_016239.4:c.5507T>C,NP_057323.3:p.Leu1836Pro,0.778,26.1,['Pathogenic'],44.98,0.23,0.0,1.9,1.9
MYO15A,17,18141121,NM_016239.4:c.5509C>T,NP_057323.3:p.Pro1837Ser,0.497,19.20,['Unknown%20significance'],79.05,0.5,0.0,0.1,0.1
MYO15A,17,18141128,NM_016239.4:c.5516A>G,NP_057323.3:p.Gln1839Arg,0.474,23.8,['Unknown%20significance'],93.57,0.47,0.0,-0.2,0.2
MYO15A,17,18141130,NM_016239.4:c.5518G>A,NP_057323.3:p.Gly1840Arg,0.260,15.14,['Likely%20benign'],26.32,0.27,0.0,-1.0,1.0
MYO15A,17,18141136,NM_016239.4:c.5524A>G,NP_057323.3:p.Ile1842Val,0.251,11.26,['Likely%20benign'],0.0,0.0,0.0,0.3,0.3
MYO15A,17,18141136,NM_016239.4:c.5524A>T,NP_057323.3:p.Ile1842Phe,0.466,19.44,['Unknown%20significance'],0.0,0.0,0.0,-0.1,0.1
MYO15A,17,18141137,NM_016239.4:c.5525T>C,NP_057323.3:p.Ile1842Thr,0.583,23.3,['Unknown%20significance'],0.0,0.0,0.0,1.8,1.8
MYO15A,17,18141139,NM_016239.4:c.5527G>A,NP_057323.3:p.Asp1843Asn,0.317,22.4,['Unknown%20significance'],57.01,0.35,0.0,-0.1,0.1
MYO15A,17,18141139,NM_016239.4:c.5527G>T,NP_057323.3:p.Asp1843Tyr,0.657,25.1,['Unknown%20significance'],57.01,0.35,0.0,-0.8,0.8
MYO15A,17,18141140,NM_016239.4:c.5528A>G,NP_057323.3:p.Asp1843Gly,0.606,26.0,['Unknown%20significance'],57.01,0.35,0.0,0.5,0.5
MYO15A,17,18141141,NM_016239.4:c.5529C>A,NP_057323.3:p.Asp1843Glu,0.415,20.5,['Unknown%20significance'],57.01,0.35,0.0,-0.2,0.2
MYO15A,17,18141141,NM_016239.4:c.5529C>G,NP_057323.3:p.Asp1843Glu,0.415,22.3,['Unknown%20significance'],57.01,0.35,0.0,-0.2,0.2
MYO15A,17,18141142,NM_016239.4:c.5530A>G,NP_057323.3:p.Arg1844Gly,0.950,35,['Unknown%20significance'],42.15,0.15,0.0,2.2,2.2
MYO15A,17,18141142,NM_016239.4:c.5530A>T,NP_057323.3:p.Arg1844Trp,0.899,35,['Unknown%20significance'],42.15,0.15,0.0,0.1,0.1
MYO15A,17,18141653,NM_016239.4:c.5532G>C,NP_057323.3:p.Arg1844Ser,0.899,32,['Unknown%20significance'],42.15,0.15,0.0,1.6,1.6
MYO15A,17,18141657,NM_016239.4:c.5536T>A,NP_057323.3:p.Cys1846Ser,0.252,23.0,['Likely%20benign'],3.39,0.02,0.0,0.5,0.5
MYO15A,17,18141657,NM_016239.4:c.5536T>G,NP_057323.3:p.Cys1846Gly,0.203,19.90,['Likely%20benign'],3.39,0.02,0.0,1.0,1.0
MYO15A,17,18141658,NM_016239.4:c.5537G>A,NP_057323.3:p.Cys1846Tyr,0.497,23.5,['Unknown%20significance'],3.39,0.02,0.0,-1.4,1.4
MYO15A,17,18141660,NM_016239.4:c.5539T>A,NP_057323.3:p.Cys1847Ser,0.399,23.0,['Unknown%20significance'],21.16,0.13,0.0,1.0,1.0
MYO15A,17,18141660,NM_016239.4:c.5539T>C,NP_057323.3:p.Cys1847Arg,0.720,29.0,['Unknown%20significance'],21.16,0.13,0.0,0.5,0.5
MYO15A,17,18141664,NM_016239.4:c.5543T>C,NP_057323.3:p.Leu1848Pro,0.961,31,['Unknown%20significance'],10.84,0.05,0.0,3.9,3.9
MYO15A,17,18141666,NM_016239.4:c.5545G>C,NP_057323.3:p.Val1849Leu,0.470,21.4,['Unknown%20significance'],11.45,0.06,0.0,-0.3,0.3
MYO15A,17,18141667,NM_016239.4:c.5546T>C,NP_057323.3:p.Val1849Ala,0.672,23.8,['Unknown%20significance'],11.45,0.06,0.0,1.4,1.4
MYO15A,17,18141669,NM_016239.4:c.5548G>A,NP_057323.3:p.Ala1850Thr,0.267,19.94,['Unknown%20significance'],124.45,0.97,0.0,0.0,0.0
MYO15A,17,18141670,NM_016239.4:c.5549C>T,NP_057323.3:p.Ala1850Val,0.357,22.8,['Unknown%20significance'],124.45,0.97,0.0,-0.1,0.1
MYO15A,17,18141675,NM_016239.4:c.5554A>G,NP_057323.3:p.Lys1852Glu,0.114,11.44,['Likely%20benign'],168.1,0.71,0.0,-0.1,0.1
MYO15A,17,18141676,NM_016239.4:c.5555A>G,NP_057323.3:p.Lys1852Arg,0.116,15.24,['Unknown%20significance'],168.1,0.71,0.0,-0.3,0.3
MYO15A,17,18141678,NM_016239.4:c.5557C>A,NP_057323.3:p.His1853Asn,0.217,12.42,['Likely%20benign'],99.4,0.48,0.0,0.3,0.3
MYO15A,17,18141678,NM_016239.4:c.5557C>G,NP_057323.3:p.His1853Asp,0.225,12.10,['Unknown%20significance'],99.4,0.48,0.0,0.4,0.4
MYO15A,17,18141678,NM_016239.4:c.5557C>T,NP_057323.3:p.His1853Tyr,0.244,12.93,['Likely%20benign'],99.4,0.48,0.0,-0.4,0.4
MYO15A,17,18141681,NM_016239.4:c.5560G>C,NP_057323.3:p.Asp1854His,0.284,14.04,['Likely%20benign'],129.88,0.81,0.0,-0.2,0.2
MYO15A,17,18141682,NM_016239.4:c.5561A>T,NP_057323.3:p.Asp1854Val,0.110,13.40,['Likely%20benign'],129.88,0.81,0.0,-0.3,0.3
MYO15A,17,18141687,NM_016239.4:c.5566C>A,NP_057323.3:p.Pro1856Thr,0.287,22.6,['Unknown%20significance'],100.04,0.63,0.0,-0.2,0.2
MYO15A,17,18141687,NM_016239.4:c.5566C>G,NP_057323.3:p.Pro1856Ala,0.265,18.39,['Unknown%20significance'],100.04,0.63,0.0,-0.0,0.0
MYO15A,17,18141688,NM_016239.4:c.5567C>T,NP_057323.3:p.Pro1856Leu,0.352,23.2,['Unknown%20significance'],100.04,0.63,0.0,-0.4,0.4
MYO15A,17,18141691,NM_016239.4:c.5570C>A,NP_057323.3:p.Ala1857Asp,0.474,25.0,['Unknown%20significance'],52.32,0.41,0.0,0.1,0.1
MYO15A,17,18141691,NM_016239.4:c.5570C>T,NP_057323.3:p.Ala1857Val,0.231,22.3,['Unknown%20significance'],52.32,0.41,0.0,-0.3,0.3
MYO15A,17,18141693,NM_016239.4:c.5572A>C,NP_057323.3:p.Asn1858His,0.266,22.1,['Unknown%20significance'],58.34,0.36,0.0,-0.2,0.2
MYO15A,17,18141694,NM_016239.4:c.5573A>T,NP_057323.3:p.Asn1858Ile,0.221,17.65,['Likely%20benign'],58.34,0.36,0.0,-0.4,0.4
MYO15A,17,18141696,NM_016239.4:c.5575G>A,NP_057323.3:p.Gly1859Arg,0.571,26.3,['Unknown%20significance'],0.36,0.0,0.0,-1.8,1.8
MYO15A,17,18141696,NM_016239.4:c.5575G>C,NP_057323.3:p.Gly1859Arg,0.570,25.3,['Unknown%20significance'],0.36,0.0,0.0,-1.8,1.8
MYO15A,17,18141699,NM_016239.4:c.5578G>A,NP_057323.3:p.Asp1860Asn,0.374,26.3,['Unknown%20significance'],107.1,0.66,0.0,-0.1,0.1
MYO15A,17,18141699,NM_016239.4:c.5578G>C,NP_057323.3:p.Asp1860His,0.521,26.8,['Unknown%20significance'],107.1,0.66,0.0,-0.2,0.2
MYO15A,17,18141704,NM_016239.4:c.5583G>A,NP_057323.3:p.Met1861Ile,0.343,21.2,['Unknown%20significance'],24.97,0.11,0.0,-0.2,0.2
MYO15A,17,18141705,NM_016239.4:c.5584T>C,NP_057323.3:p.Cys1862Arg,0.884,29.9,['Unknown%20significance'],0.0,0.0,0.0,1.6,1.6
MYO15A,17,18141708,NM_016239.4:c.5587G>A,NP_057323.3:p.Val1863Met,0.586,27.9,['Unknown%20significance'],28.92,0.16,0.0,0.5,0.5
MYO15A,17,18141708,NM_016239.4:c.5587G>C,NP_057323.3:p.Val1863Leu,0.585,27.1,['Unknown%20significance'],28.92,0.16,0.0,0.1,0.1
MYO15A,17,18141714,NM_016239.4:c.5593G>A,NP_057323.3:p.Val1865Met,0.200,9.906,['Unknown%20significance'],0.0,0.0,0.0,0.5,0.5
MYO15A,17,18141714,NM_016239.4:c.5593G>C,NP_057323.3:p.Val1865Leu,0.207,10.61,['Unknown%20significance'],0.0,0.0,0.0,-0.2,0.2
MYO15A,17,18141718,NM_016239.4:c.5597T>C,NP_057323.3:p.Leu1866Pro,0.943,31,['Unknown%20significance'],0.0,0.0,0.0,4.3,4.3
MYO15A,17,18141720,NM_016239.4:c.5599A>G,NP_057323.3:p.Ser1867Gly,0.589,22.9,['Unknown%20significance'],48.91,0.35,0.0,0.5,0.5
MYO15A,17,18141721,NM_016239.4:c.5600G>A,NP_057323.3:p.Ser1867Asn,0.288,22.4,['Unknown%20significance'],48.91,0.35,0.0,0.0,0.0
MYO15A,17,18141721,NM_016239.4:c.5600G>C,NP_057323.3:p.Ser1867Thr,0.479,22.7,['Unknown%20significance'],48.91,0.35,0.0,-0.4,0.4
MYO15A,17,18141723,NM_016239.4:c.5602C>T,NP_057323.3:p.Arg1868Cys,0.645,32,['Unknown%20significance'],117.08,0.43,0.0,0.2,0.2
MYO15A,17,18141724,NM_016239.4:c.5603G>A,NP_057323.3:p.Arg1868His,0.487,26.1,['Unknown%20significance'],117.08,0.43,0.0,0.1,0.1
MYO15A,17,18141732,NM_016239.4:c.5611A>G,NP_057323.3:p.Lys1871Glu,0.233,21.2,['Unknown%20significance'],203.43,0.85,0.0,-0.0,0.0
MYO15A,17,18141738,NM_016239.4:c.5617A>G,NP_057323.3:p.Met1873Val,0.240,13.38,['Likely%20benign'],124.1,0.57,0.0,0.0,0.0
MYO15A,17,18141740,NM_016239.4:c.5619G>A,NP_057323.3:p.Met1873Ile,0.192,14.87,['Likely%20benign'],124.1,0.57,0.0,-0.0,0.0
MYO15A,17,18141744,NM_016239.4:c.5623A>T,NP_057323.3:p.Asn1875Tyr,0.544,22.5,['Likely%20benign'],86.75,0.54,0.0,-0.4,0.4
MYO15A,17,18141745,NM_016239.4:c.5624A>C,NP_057323.3:p.Asn1875Thr,0.261,15.99,['Likely%20benign'],86.75,0.54,0.0,-0.0,0.0
MYO15A,17,18141746,NM_016239.4:c.5625C>G,NP_057323.3:p.Asn1875Lys,0.241,12.56,['Likely%20benign'],86.75,0.54,0.0,0.2,0.2
MYO15A,17,18141747,NM_016239.4:c.5626A>G,NP_057323.3:p.Met1876Val,0.378,21.9,['Unknown%20significance'],25.81,0.11,0.0,0.1,0.1
MYO15A,17,18141749,NM_016239.4:c.5628G>A,NP_057323.3:p.Met1876Ile,0.422,23.6,['Unknown%20significance'],25.81,0.11,0.0,-0.1,0.1
MYO15A,17,18141749,NM_016239.4:c.5628G>C,NP_057323.3:p.Met1876Ile,0.422,23.3,['Unknown%20significance'],25.81,0.11,0.0,-0.1,0.1
MYO15A,17,18141749,NM_016239.4:c.5628G>T,NP_057323.3:p.Met1876Ile,0.422,23.5,['Unknown%20significance'],25.81,0.11,0.0,-0.1,0.1
MYO15A,17,18141750,NM_016239.4:c.5629T>C,NP_057323.3:p.Tyr1877His,0.915,28.8,['Unknown%20significance'],21.7,0.09,0.0,2.3,2.3
MYO15A,17,18141753,NM_016239.4:c.5632C>T,NP_057323.3:p.Arg1878Cys,0.344,23.3,['Unknown%20significance'],67.54,0.25,0.0,0.6,0.6
MYO15A,17,18141754,NM_016239.4:c.5633G>A,NP_057323.3:p.Arg1878His,0.338,23.2,['Unknown%20significance'],67.54,0.25,0.0,0.3,0.3
MYO15A,17,18141757,NM_016239.4:c.5636T>C,NP_057323.3:p.Val1879Ala,0.704,27.9,['Unknown%20significance'],63.61,0.37,0.0,1.3,1.3
MYO15A,17,18141760,NM_016239.4:c.5639G>A,NP_057323.3:p.Gly1880Glu,0.950,31,['Unknown%20significance'],9.68,0.1,0.0,1.3,1.3
MYO15A,17,18141765,NM_016239.4:c.5644A>G,NP_057323.3:p.Ser1882Gly,0.767,26.3,['Unknown%20significance'],53.5,0.38,0.0,0.8,0.8
MYO15A,17,18141766,NM_016239.4:c.5645G>A,NP_057323.3:p.Ser1882Asn,0.617,25.9,['Unknown%20significance'],53.5,0.38,0.0,0.1,0.1
MYO15A,17,18142079,NM_016239.4:c.5650C>A,NP_057323.3:p.Leu1884Met,0.594,26.8,['Unknown%20significance'],0.0,0.0,0.0,1.0,1.0
MYO15A,17,18142080,NM_016239.4:c.5651T>A,NP_057323.3:p.Leu1884Gln,0.971,34,['Unknown%20significance'],0.0,0.0,0.0,3.4,3.4
MYO15A,17,18142085,NM_016239.4:c.5656C>T,NP_057323.3:p.Leu1886Phe,0.701,25.5,['Unknown%20significance'],0.0,0.0,0.0,0.2,0.2
MYO15A,17,18142094,NM_016239.4:c.5665C>T,NP_057323.3:p.His1889Tyr,0.528,25.5,['Unknown%20significance'],23.86,0.11,0.0,-0.7,0.7
MYO15A,17,18142096,NM_016239.4:c.5667C>A,NP_057323.3:p.His1889Gln,0.321,13.96,['Likely%20benign'],23.86,0.11,0.0,0.2,0.2
MYO15A,17,18142103,NM_016239.4:c.5674C>A,NP_057323.3:p.Gln1892Lys,0.582,25.6,['Unknown%20significance'],1.51,0.0,0.0,0.6,0.6
MYO15A,17,18142105,NM_016239.4:c.5676G>C,NP_057323.3:p.Gln1892His,0.784,25.4,['Unknown%20significance'],1.51,0.0,0.0,-0.2,0.2
MYO15A,17,18142109,NM_016239.4:c.5680C>A,NP_057323.3:p.Leu1894Met,0.748,23.9,['Unknown%20significance'],0.0,0.0,0.0,1.6,1.6
MYO15A,17,18142110,NM_016239.4:c.5681T>C,NP_057323.3:p.Leu1894Pro,0.982,31,['Pathogenic'],0.0,0.0,0.0,4.4,4.4
MYO15A,17,18142110,NM_016239.4:c.5681T>G,NP_057323.3:p.Leu1894Arg,0.973,32,['Pathogenic'],0.0,0.0,0.0,2.9,2.9
MYO15A,17,18142112,NM_016239.4:c.5683G>A,NP_057323.3:p.Glu1895Lys,0.917,32,['Pathogenic'],22.67,0.11,0.0,0.7,0.7
MYO15A,17,18142114,NM_016239.4:c.5685G>T,NP_057323.3:p.Glu1895Asp,0.772,27.1,['Unknown%20significance'],22.67,0.11,0.0,0.5,0.5
MYO15A,17,18142116,NM_016239.4:c.5687G>A,NP_057323.3:p.Ser1896Asn,0.431,22.9,['Unknown%20significance'],5.87,0.04,0.0,-0.1,0.1
MYO15A,17,18142119,NM_016239.4:c.5690T>C,NP_057323.3:p.Met1897Thr,0.543,22.8,['Unknown%20significance'],3.19,0.01,0.0,0.9,0.9
MYO15A,17,18142119,NM_016239.4:c.5690T>G,NP_057323.3:p.Met1897Arg,0.351,22.9,['Unknown%20significance'],3.19,0.01,0.0,0.1,0.1
MYO15A,17,18142120,NM_016239.4:c.5691G>A,NP_057323.3:p.Met1897Ile,0.463,25.2,['Unknown%20significance'],3.19,0.01,0.0,-0.4,0.4
MYO15A,17,18142120,NM_016239.4:c.5691G>T,NP_057323.3:p.Met1897Ile,0.443,24.9,['Unknown%20significance'],3.19,0.01,0.0,-0.4,0.4
MYO15A,17,18142122,NM_016239.4:c.5693G>A,NP_057323.3:p.Arg1898Gln,0.901,31,['Pathogenic'],15.42,0.05,0.0,1.0,1.0
MYO15A,17,18142122,NM_016239.4:c.5693G>T,NP_057323.3:p.Arg1898Leu,0.930,33,['Unknown%20significance'],15.42,0.05,0.0,0.2,0.2
MYO15A,17,18142125,NM_016239.4:c.5696A>G,NP_057323.3:p.Glu1899Gly,0.402,23.1,['Unknown%20significance'],45.64,0.23,0.0,0.9,0.9
MYO15A,17,18142128,NM_016239.4:c.5699A>G,NP_057323.3:p.His1900Arg,0.240,13.18,['Unknown%20significance'],47.64,0.23,0.0,-0.3,0.3
MYO15A,17,18142129,NM_016239.4:c.5700T>G,NP_057323.3:p.His1900Gln,0.200,3.504,['Likely%20benign'],47.64,0.23,0.0,0.0,0.0
MYO15A,17,18142130,NM_016239.4:c.5701G>A,NP_057323.3:p.Val1901Ile,0.144,20.5,['Likely%20benign'],18.76,0.1,0.0,-0.2,0.2
MYO15A,17,18142131,NM_016239.4:c.5702T>C,NP_057323.3:p.Val1901Ala,0.242,20.1,['Likely%20benign'],18.76,0.1,0.0,1.1,1.1
MYO15A,17,18142133,NM_016239.4:c.5704C>G,NP_057323.3:p.Leu1902Val,0.260,18.82,['Unknown%20significance'],1.67,0.0,0.0,0.9,0.9
MYO15A,17,18142134,NM_016239.4:c.5705T>C,NP_057323.3:p.Leu1902Pro,0.741,22.5,['Unknown%20significance'],1.67,0.0,0.0,3.0,3.0
MYO15A,17,18142137,NM_016239.4:c.5708A>G,NP_057323.3:p.Asn1903Ser,0.228,16.95,['Unknown%20significance'],36.46,0.22,0.0,0.0,0.0
MYO15A,17,18142138,NM_016239.4:c.5709T>A,NP_057323.3:p.Asn1903Lys,0.179,11.17,['Unknown%20significance'],36.46,0.22,0.0,0.4,0.4
MYO15A,17,18142142,NM_016239.4:c.5713G>T,NP_057323.3:p.Ala1905Ser,0.606,27.7,['Unknown%20significance'],39.51,0.31,0.0,0.6,0.6
MYO15A,17,18142143,NM_016239.4:c.5714C>T,NP_057323.3:p.Ala1905Val,0.754,27.3,['Unknown%20significance'],39.51,0.31,0.0,-0.6,0.6
MYO15A,17,18142145,NM_016239.4:c.5716G>A,NP_057323.3:p.Ala1906Thr,0.789,32,['Unknown%20significance'],0.0,0.0,0.0,0.6,0.6
MYO15A,17,18142146,NM_016239.4:c.5717C>T,NP_057323.3:p.Ala1906Val,0.628,22.5,['Unknown%20significance'],0.0,0.0,0.0,-1.1,1.1
MYO15A,17,18142148,NM_016239.4:c.5719C>A,NP_057323.3:p.Leu1907Ile,0.307,14.73,['Unknown%20significance'],90.21,0.46,0.0,-0.2,0.2
MYO15A,17,18142148,NM_016239.4:c.5719C>G,NP_057323.3:p.Leu1907Val,0.271,13.63,['Unknown%20significance'],90.21,0.46,0.0,-0.1,0.1
MYO15A,17,18142148,NM_016239.4:c.5719C>T,NP_057323.3:p.Leu1907Phe,0.628,22.9,['Unknown%20significance'],90.21,0.46,0.0,0.3,0.3
MYO15A,17,18142152,NM_016239.4:c.5723C>T,NP_057323.3:p.Thr1908Ile,0.693,25.2,['Unknown%20significance'],77.67,0.49,0.0,-0.8,0.8
MYO15A,17,18142160,NM_016239.4:c.5731C>T,NP_057323.3:p.Arg1911Cys,0.830,26.6,['Unknown%20significance'],137.28,0.5,0.0,0.2,0.2
MYO15A,17,18142161,NM_016239.4:c.5732G>A,NP_057323.3:p.Arg1911His,0.742,28.1,['Unknown%20significance'],137.28,0.5,0.0,0.2,0.2
MYO15A,17,18142161,NM_016239.4:c.5732G>T,NP_057323.3:p.Arg1911Leu,0.911,28.5,['Unknown%20significance'],137.28,0.5,0.0,-0.3,0.3
MYO15A,17,18142163,NM_016239.4:c.5734T>G,NP_057323.3:p.Cys1912Gly,0.406,19.72,['Unknown%20significance'],64.3,0.41,0.0,0.7,0.7
MYO15A,17,18142169,NM_016239.4:c.5740C>T,NP_057323.3:p.Arg1914Cys,0.934,26.9,['Unknown%20significance'],30.09,0.11,0.0,1.4,1.4
MYO15A,17,18142170,NM_016239.4:c.5741G>A,NP_057323.3:p.Arg1914His,0.881,29.1,['Unknown%20significance'],30.09,0.11,0.0,0.6,0.6
MYO15A,17,18142170,NM_016239.4:c.5741G>C,NP_057323.3:p.Arg1914Pro,0.960,30,['Unknown%20significance'],30.09,0.11,0.0,1.7,1.7
MYO15A,17,18142173,NM_016239.4:c.5744G>A,NP_057323.3:p.Gly1915Asp,0.830,25.7,['Unknown%20significance'],6.94,0.07,0.0,0.5,0.5
MYO15A,17,18142173,NM_016239.4:c.5744G>T,NP_057323.3:p.Gly1915Val,0.790,24.2,['Unknown%20significance'],6.94,0.07,0.0,-0.6,0.6
MYO15A,17,18142175,NM_016239.4:c.5746T>A,NP_057323.3:p.Phe1916Ile,0.853,27.0,['Unknown%20significance'],82.33,0.35,0.0,0.7,0.7
MYO15A,17,18142176,NM_016239.4:c.5747T>G,NP_057323.3:p.Phe1916Cys,0.749,24.8,['Unknown%20significance'],82.33,0.35,0.0,1.5,1.5
MYO15A,17,18142178,NM_016239.4:c.5749T>C,NP_057323.3:p.Phe1917Leu,0.275,14.17,['Likely%20benign'],7.81,0.03,0.0,-0.2,0.2
MYO15A,17,18142181,NM_016239.4:c.5752A>G,NP_057323.3:p.Ile1918Val,0.357,16.60,['Likely%20benign'],57.98,0.29,0.0,0.1,0.1
MYO15A,17,18142181,NM_016239.4:c.5752A>T,NP_057323.3:p.Ile1918Phe,0.522,21.4,['Unknown%20significance'],57.98,0.29,0.0,-0.1,0.1
MYO15A,17,18142182,NM_016239.4:c.5753T>C,NP_057323.3:p.Ile1918Thr,0.312,20.5,['Unknown%20significance'],57.98,0.29,0.0,0.6,0.6
MYO15A,17,18142183,NM_016239.4:c.5754T>G,NP_057323.3:p.Ile1918Met,0.445,20.7,['Unknown%20significance'],57.98,0.29,0.0,0.2,0.2
MYO15A,17,18142187,NM_016239.4:c.5758C>T,NP_057323.3:p.Arg1920Trp,0.494,22.8,['Likely%20benign'],43.39,0.16,0.0,-0.2,0.2
MYO15A,17,18142188,NM_016239.4:c.5759G>A,NP_057323.3:p.Arg1920Gln,0.262,16.02,['Unknown%20significance'],43.39,0.16,0.0,0.5,0.5
MYO15A,17,18142191,NM_016239.4:c.5762G>A,NP_057323.3:p.Arg1921Gln,0.545,23.3,['Unknown%20significance'],7.15,0.02,0.0,0.4,0.4
MYO15A,17,18142196,NM_016239.4:c.5767C>T,NP_057323.3:p.Arg1923Cys,0.513,23.6,['Likely%20benign'],145.75,0.54,0.0,0.3,0.3
MYO15A,17,18142197,NM_016239.4:c.5768G>A,NP_057323.3:p.Arg1923His,0.399,22.5,['Likely%20benign'],145.75,0.54,0.0,0.1,0.1
MYO15A,17,18142199,NM_016239.4:c.5770T>C,NP_057323.3:p.Ser1924Pro,0.708,24.5,['Unknown%20significance'],43.04,0.31,0.0,0.0,0.0
MYO15A,17,18142205,NM_016239.4:c.5776C>T,NP_057323.3:p.Arg1926Cys,0.790,27.3,['Unknown%20significance'],102.6,0.38,0.0,0.7,0.7
MYO15A,17,18142206,NM_016239.4:c.5777G>A,NP_057323.3:p.Arg1926His,0.783,30,['Pathogenic'],102.6,0.38,0.0,0.2,0.2
MYO15A,17,18142209,NM_016239.4:c.5780A>G,NP_057323.3:p.His1927Arg,0.032,3.963,['Likely%20benign'],120.21,0.58,0.0,0.0,0.0
MYO15A,17,18142211,NM_016239.4:c.5782A>G,NP_057323.3:p.Lys1928Glu,0.217,26.6,['Unknown%20significance'],110.02,0.46,0.0,-0.3,0.3
MYO15A,17,18142213,NM_016239.4:c.5784G>C,NP_057323.3:p.Lys1928Asn,0.198,28.3,['Unknown%20significance'],110.02,0.46,0.0,-0.2,0.2
MYO15A,17,18142214,NM_016239.4:c.5785A>G,NP_057323.3:p.Ile1929Val,0.056,21.4,['Unknown%20significance'],77.29,0.39,0.0,0.1,0.1
MYO15A,17,18142217,NM_016239.4:c.5788A>C,NP_057323.3:p.Ile1930Leu,0.082,22.5,['Unknown%20significance'],92.18,0.46,0.0,0.3,0.3
MYO15A,17,18142219,NM_016239.4:c.5790C>G,NP_057323.3:p.Ile1930Met,0.137,24.3,['Unknown%20significance'],92.18,0.46,0.0,0.5,0.5
MYO15A,17,18142228,NM_016239.4:c.5799A>T,NP_057323.3:p.Gln1933His,0.861,22.5,['Unknown%20significance'],65.56,0.33,0.0,0.3,0.3
MYO15A,17,18142230,NM_016239.4:c.5801G>A,NP_057323.3:p.Ser1934Asn,0.163,25.0,['Unknown%20significance'],71.57,0.51,0.0,0.1,0.1
MYO15A,17,18142232,NM_016239.4:c.5803C>G,NP_057323.3:p.Arg1935Gly,0.217,23.9,['Unknown%20significance'],124.66,0.46,0.0,0.6,0.6
MYO15A,17,18142232,NM_016239.4:c.5803C>T,NP_057323.3:p.Arg1935Trp,0.233,24.9,['Unknown%20significance'],124.66,0.46,0.0,-0.7,0.7
MYO15A,17,18142233,NM_016239.4:c.5804G>A,NP_057323.3:p.Arg1935Gln,0.064,22.7,['Unknown%20significance'],124.66,0.46,0.0,0.1,0.1
MYO15A,17,18142233,NM_016239.4:c.5804G>T,NP_057323.3:p.Arg1935Leu,0.138,23.5,['Unknown%20significance'],124.66,0.46,0.0,-0.5,0.5
MYO15A,17,18142235,NM_016239.4:c.5806G>A,NP_057323.3:p.Ala1936Thr,0.075,23.1,['Unknown%20significance'],41.57,0.32,0.0,-0.2,0.2
MYO15A,17,18142238,NM_016239.4:c.5809C>G,NP_057323.3:p.Arg1937Gly,0.894,26.2,['Pathogenic'],98.02,0.36,0.0,1.7,1.7
MYO15A,17,18142238,NM_016239.4:c.5809C>T,NP_057323.3:p.Arg1937Cys,0.873,28.4,['Pathogenic'],98.02,0.36,0.0,1.0,1.0
MYO15A,17,18142239,NM_016239.4:c.5810G>A,NP_057323.3:p.Arg1937His,0.843,32,['Likely%20pathogenic'],98.02,0.36,0.0,0.4,0.4
MYO15A,17,18142239,NM_016239.4:c.5810G>T,NP_057323.3:p.Arg1937Leu,0.913,32,['Unknown%20significance'],98.02,0.36,0.0,0.1,0.1
MYO15A,17,18142242,NM_016239.4:c.5813G>A,NP_057323.3:p.Gly1938Asp,0.693,29.8,['Unknown%20significance'],26.54,0.27,0.0,0.4,0.4
MYO15A,17,18142245,NM_016239.4:c.5816A>C,NP_057323.3:p.Tyr1939Ser,0.222,25.9,['Unknown%20significance'],111.25,0.46,0.0,1.8,1.8
MYO15A,17,18142247,NM_016239.4:c.5818C>T,NP_057323.3:p.Leu1940Phe,0.285,25.6,['Unknown%20significance'],69.03,0.35,0.0,0.4,0.4
MYO15A,17,18142250,NM_016239.4:c.5821G>A,NP_057323.3:p.Ala1941Thr,0.147,23.1,['Unknown%20significance'],70.32,0.55,0.0,0.2,0.2
MYO15A,17,18142251,NM_016239.4:c.5822C>A,NP_057323.3:p.Ala1941Asp,0.213,23.8,['Unknown%20significance'],70.32,0.55,0.0,0.4,0.4
MYO15A,17,18142253,NM_016239.4:c.5824A>G,NP_057323.3:p.Arg1942Gly,0.728,33,['Unknown%20significance'],149.15,0.55,0.0,1.0,1.0
MYO15A,17,18142254,NM_016239.4:c.5825G>A,NP_057323.3:p.Arg1942Lys,0.530,34,['Unknown%20significance'],149.15,0.55,0.0,0.6,0.6
MYO15A,17,18142760,NM_016239.4:c.5830C>T,NP_057323.3:p.Arg1944Cys,0.178,24.8,['Unknown%20significance'],149.28,0.55,0.0,0.6,0.6
MYO15A,17,18142761,NM_016239.4:c.5831G>A,NP_057323.3:p.Arg1944His,0.236,31,['Unknown%20significance'],149.28,0.55,0.0,0.1,0.1
MYO15A,17,18142764,NM_016239.4:c.5834A>C,NP_057323.3:p.Tyr1945Ser,0.442,28.8,['Unknown%20significance'],91.54,0.38,0.0,2.3,2.3
MYO15A,17,18142764,NM_016239.4:c.5834A>G,NP_057323.3:p.Tyr1945Cys,0.360,28.6,['Unknown%20significance'],91.54,0.38,0.0,2.0,2.0
MYO15A,17,18142767,NM_016239.4:c.5837A>C,NP_057323.3:p.Gln1946Pro,0.175,23.2,['Unknown%20significance'],55.46,0.28,0.0,0.5,0.5
MYO15A,17,18142773,NM_016239.4:c.5843T>G,NP_057323.3:p.Met1948Arg,0.826,24.4,['Unknown%20significance'],152.2,0.7,0.0,0.3,0.3
MYO15A,17,18142775,NM_016239.4:c.5845A>G,NP_057323.3:p.Arg1949Gly,0.721,23.8,['Unknown%20significance'],23.0,0.08,0.0,2.0,2.0
MYO15A,17,18142778,NM_016239.4:c.5848A>G,NP_057323.3:p.Arg1950Gly,0.396,23.0,['Unknown%20significance'],118.76,0.44,0.0,0.9,0.9
MYO15A,17,18142780,NM_016239.4:c.5850G>T,NP_057323.3:p.Arg1950Ser,0.369,19.03,['Unknown%20significance'],118.76,0.44,0.0,0.5,0.5
MYO15A,17,18142781,NM_016239.4:c.5851A>G,NP_057323.3:p.Ser1951Gly,0.269,21.2,['Unknown%20significance'],85.17,0.61,0.0,0.2,0.2
MYO15A,17,18142782,NM_016239.4:c.5852G>A,NP_057323.3:p.Ser1951Asn,0.237,11.64,['Unknown%20significance'],85.17,0.61,0.0,0.1,0.1
MYO15A,17,18142782,NM_016239.4:c.5852G>C,NP_057323.3:p.Ser1951Thr,0.255,11.07,['Unknown%20significance'],85.17,0.61,0.0,-0.2,0.2
MYO15A,17,18142788,NM_016239.4:c.5858T>C,NP_057323.3:p.Val1953Ala,0.368,23.8,['Unknown%20significance'],0.15,0.0,0.0,1.9,1.9
MYO15A,17,18142792,NM_016239.4:c.5862G>T,NP_057323.3:p.Lys1954Asn,0.435,25.3,['Unknown%20significance'],83.82,0.35,0.0,0.1,0.1
MYO15A,17,18142796,NM_016239.4:c.5866C>T,NP_057323.3:p.Arg1956Trp,0.619,26.3,['Pathogenic'],55.76,0.2,0.0,-0.8,0.8
MYO15A,17,18142797,NM_016239.4:c.5867G>A,NP_057323.3:p.Arg1956Gln,0.323,22.7,['Unknown%20significance'],55.76,0.2,0.0,-0.2,0.2
MYO15A,17,18142797,NM_016239.4:c.5867G>C,NP_057323.3:p.Arg1956Pro,0.812,26.5,['Unknown%20significance'],55.76,0.2,0.0,1.0,1.0
MYO15A,17,18142800,NM_016239.4:c.5870C>A,NP_057323.3:p.Ser1957Tyr,0.609,25.5,['Unknown%20significance'],10.45,0.07,0.0,-1.4,1.4
MYO15A,17,18142800,NM_016239.4:c.5870C>G,NP_057323.3:p.Ser1957Cys,0.406,23.5,['Unknown%20significance'],10.45,0.07,0.0,-0.6,0.6
MYO15A,17,18142800,NM_016239.4:c.5870C>T,NP_057323.3:p.Ser1957Phe,0.597,26.1,['Unknown%20significance'],10.45,0.07,0.0,-1.3,1.3
MYO15A,17,18142802,NM_016239.4:c.5872C>G,NP_057323.3:p.Leu1958Val,0.252,16.84,['Unknown%20significance'],131.04,0.67,0.0,0.1,0.1
MYO15A,17,18142805,NM_016239.4:c.5875G>A,NP_057323.3:p.Val1959Ile,0.442,22.9,['Unknown%20significance'],57.06,0.33,0.0,-0.1,0.1
MYO15A,17,18142805,NM_016239.4:c.5875G>C,NP_057323.3:p.Val1959Leu,0.479,23.2,['Unknown%20significance'],57.06,0.33,0.0,-0.0,0.0
MYO15A,17,18142806,NM_016239.4:c.5876T>A,NP_057323.3:p.Val1959Glu,0.887,27.8,['Unknown%20significance'],57.06,0.33,0.0,1.3,1.3
MYO15A,17,18142810,NM_016239.4:c.5880C>A,NP_057323.3:p.His1960Gln,0.367,16.62,['Unknown%20significance'],59.94,0.29,0.0,0.1,0.1
MYO15A,17,18142811,NM_016239.4:c.5881G>A,NP_057323.3:p.Ala1961Thr,0.213,5.241,['Unknown%20significance'],69.21,0.54,0.0,0.1,0.1
MYO15A,17,18142811,NM_016239.4:c.5881G>C,NP_057323.3:p.Ala1961Pro,0.329,10.05,['Likely%20benign'],69.21,0.54,0.0,0.3,0.3
MYO15A,17,18142812,NM_016239.4:c.5882C>T,NP_057323.3:p.Ala1961Val,0.163,13.88,['Likely%20benign'],69.21,0.54,0.0,-0.3,0.3
MYO15A,17,18142817,NM_016239.4:c.5887G>A,NP_057323.3:p.Val1963Met,0.198,0.680,['Likely%20benign'],30.2,0.17,0.0,0.1,0.1
MYO15A,17,18142820,NM_016239.4:c.5890A>T,NP_057323.3:p.Ser1964Cys,0.321,23.2,['Unknown%20significance'],68.95,0.5,0.0,-0.0,0.0
MYO15A,17,18142821,NM_016239.4:c.5891G>A,NP_057323.3:p.Ser1964Asn,0.172,7.764,['Likely%20benign'],68.95,0.5,0.0,0.1,0.1
MYO15A,17,18142823,NM_016239.4:c.5893C>A,NP_057323.3:p.Arg1965Ser,0.390,22.8,['Unknown%20significance'],176.55,0.65,0.0,0.5,0.5
MYO15A,17,18142823,NM_016239.4:c.5893C>T,NP_057323.3:p.Arg1965Cys,0.481,25.0,['Unknown%20significance'],176.55,0.65,0.0,0.5,0.5
MYO15A,17,18142824,NM_016239.4:c.5894G>A,NP_057323.3:p.Arg1965His,0.264,19.41,['Benign'],176.55,0.65,0.0,0.2,0.2
MYO15A,17,18142827,NM_016239.4:c.5897G>A,NP_057323.3:p.Arg1966Gln,0.219,21.9,['Unknown%20significance'],154.42,0.57,0.0,0.2,0.2
MYO15A,17,18142829,NM_016239.4:c.5899C>T,NP_057323.3:p.Arg1967Cys,0.493,27.6,['Unknown%20significance'],172.17,0.63,0.0,0.4,0.4
MYO15A,17,18142830,NM_016239.4:c.5900G>A,NP_057323.3:p.Arg1967His,0.220,22.3,['Unknown%20significance'],172.17,0.63,0.0,0.1,0.1
MYO15A,17,18142830,NM_016239.4:c.5900G>T,NP_057323.3:p.Arg1967Leu,0.366,23.4,['Unknown%20significance'],172.17,0.63,0.0,-0.2,0.2
MYO15A,17,18142833,NM_016239.4:c.5903A>C,NP_057323.3:p.Tyr1968Ser,0.635,23.5,['Unknown%20significance'],79.21,0.33,0.0,2.2,2.2
MYO15A,17,18142833,NM_016239.4:c.5903A>G,NP_057323.3:p.Tyr1968Cys,0.663,25.1,['Unknown%20significance'],79.21,0.33,0.0,2.0,2.0
MYO15A,17,18142835,NM_016239.4:c.5905C>T,NP_057323.3:p.Leu1969Phe,0.272,17.09,['Unknown%20significance'],69.13,0.35,0.0,0.1,0.1
MYO15A,17,18142838,NM_016239.4:c.5908A>C,NP_057323.3:p.Lys1970Gln,0.489,23.7,['Unknown%20significance'],177.2,0.74,0.0,-0.2,0.2
MYO15A,17,18142839,NM_016239.4:c.5909A>G,NP_057323.3:p.Lys1970Arg,0.314,24.8,['Unknown%20significance'],177.2,0.74,0.0,-0.2,0.2
MYO15A,17,18142840,NM_016239.4:c.5910G>T,NP_057323.3:p.Lys1970Asn,0.407,36,['Unknown%20significance'],177.2,0.74,0.0,-0.0,0.0
MYO15A,17,18143566,NM_016239.4:c.5911C>A,NP_057323.3:p.Leu1971Met,0.323,17.13,['Unknown%20significance'],107.93,0.55,0.0,0.2,0.2
MYO15A,17,18143567,NM_016239.4:c.5912T>C,NP_057323.3:p.Leu1971Pro,0.300,20.3,['Unknown%20significance'],107.93,0.55,0.0,1.1,1.1
MYO15A,17,18143570,NM_016239.4:c.5915G>A,NP_057323.3:p.Arg1972Lys,0.186,13.50,['Unknown%20significance'],118.8,0.44,0.0,0.6,0.6
MYO15A,17,18143570,NM_016239.4:c.5915G>T,NP_057323.3:p.Arg1972Met,0.584,22.9,['Unknown%20significance'],118.8,0.44,0.0,0.1,0.1
MYO15A,17,18143571,NM_016239.4:c.5916G>T,NP_057323.3:p.Arg1972Ser,0.478,17.15,['Unknown%20significance'],118.8,0.44,0.0,0.8,0.8
MYO15A,17,18143572,NM_016239.4:c.5917G>A,NP_057323.3:p.Ala1973Thr,0.381,22.5,['Unknown%20significance'],60.55,0.47,0.0,-0.0,0.0
MYO15A,17,18143572,NM_016239.4:c.5917G>T,NP_057323.3:p.Ala1973Ser,0.316,22.8,['Unknown%20significance'],60.55,0.47,0.0,0.2,0.2
MYO15A,17,18143573,NM_016239.4:c.5918C>A,NP_057323.3:p.Ala1973Glu,0.393,13.04,['Unknown%20significance'],60.55,0.47,0.0,0.0,0.0
MYO15A,17,18143573,NM_016239.4:c.5918C>G,NP_057323.3:p.Ala1973Gly,0.354,20.6,['Unknown%20significance'],60.55,0.47,0.0,0.6,0.6
MYO15A,17,18143573,NM_016239.4:c.5918C>T,NP_057323.3:p.Ala1973Val,0.355,23.0,['Unknown%20significance'],60.55,0.47,0.0,-0.3,0.3
MYO15A,17,18143575,NM_016239.4:c.5920G>A,NP_057323.3:p.Glu1974Lys,0.424,17.41,['Unknown%20significance'],108.9,0.55,0.0,0.6,0.6
MYO15A,17,18143575,NM_016239.4:c.5920G>C,NP_057323.3:p.Glu1974Gln,0.319,19.26,['Unknown%20significance'],108.9,0.55,0.0,0.0,0.0
MYO15A,17,18143576,NM_016239.4:c.5921A>C,NP_057323.3:p.Glu1974Ala,0.291,19.35,['Unknown%20significance'],108.9,0.55,0.0,0.3,0.3
MYO15A,17,18143576,NM_016239.4:c.5921A>G,NP_057323.3:p.Glu1974Gly,0.291,23.6,['Unknown%20significance'],108.9,0.55,0.0,0.7,0.7
MYO15A,17,18143576,NM_016239.4:c.5921A>T,NP_057323.3:p.Glu1974Val,0.303,20.6,['Unknown%20significance'],108.9,0.55,0.0,-0.0,0.0
MYO15A,17,18143577,NM_016239.4:c.5922G>T,NP_057323.3:p.Glu1974Asp,0.159,15.03,['Unknown%20significance'],108.9,0.55,0.0,0.2,0.2
MYO15A,17,18143578,NM_016239.4:c.5923T>A,NP_057323.3:p.Trp1975Arg,0.148,14.37,['Unknown%20significance'],119.12,0.45,0.0,0.5,0.5
MYO15A,17,18143578,NM_016239.4:c.5923T>C,NP_057323.3:p.Trp1975Arg,0.146,15.30,['Unknown%20significance'],119.12,0.45,0.0,0.5,0.5
MYO15A,17,18143579,NM_016239.4:c.5924G>C,NP_057323.3:p.Trp1975Ser,0.271,2.980,['Unknown%20significance'],119.12,0.45,0.0,1.1,1.1
MYO15A,17,18143579,NM_016239.4:c.5924G>T,NP_057323.3:p.Trp1975Leu,0.311,3.855,['Unknown%20significance'],119.12,0.45,0.0,0.1,0.1
MYO15A,17,18143580,NM_016239.4:c.5925G>T,NP_057323.3:p.Trp1975Cys,0.321,24.6,['Unknown%20significance'],119.12,0.45,0.0,1.0,1.0
MYO15A,17,18143581,NM_016239.4:c.5926A>G,NP_057323.3:p.Arg1976Gly,0.561,26.3,['Unknown%20significance'],177.34,0.65,0.0,0.8,0.8
MYO15A,17,18143581,NM_016239.4:c.5926A>T,NP_057323.3:p.Arg1976Trp,0.493,23.4,['Unknown%20significance'],177.34,0.65,0.0,0.0,0.0
MYO15A,17,18143582,NM_016239.4:c.5927G>A,NP_057323.3:p.Arg1976Lys,0.402,19.09,['Unknown%20significance'],177.34,0.65,0.0,0.4,0.4
MYO15A,17,18143582,NM_016239.4:c.5927G>C,NP_057323.3:p.Arg1976Thr,0.554,23.6,['Unknown%20significance'],177.34,0.65,0.0,0.3,0.3
MYO15A,17,18143582,NM_016239.4:c.5927G>T,NP_057323.3:p.Arg1976Met,0.594,24.0,['Unknown%20significance'],177.34,0.65,0.0,0.1,0.1
MYO15A,17,18143584,NM_016239.4:c.5929T>A,NP_057323.3:p.Cys1977Ser,0.242,3.712,['Unknown%20significance'],116.88,0.75,0.0,-0.0,0.0
MYO15A,17,18143584,NM_016239.4:c.5929T>C,NP_057323.3:p.Cys1977Arg,0.264,5.521,['Benign'],116.88,0.75,0.0,-0.3,0.3
MYO15A,17,18143584,NM_016239.4:c.5929T>G,NP_057323.3:p.Cys1977Gly,0.258,13.17,['Unknown%20significance'],116.88,0.75,0.0,0.2,0.2
MYO15A,17,18143584,NM_016239.4:c.5929_5930inv,NP_057323.3:p.Cys1977His,,,['Unknown%20significance'],116.88,0.75,0.0,-0.2,0.2
MYO15A,17,18143585,NM_016239.4:c.5930G>A,NP_057323.3:p.Cys1977Tyr,0.188,4.795,['Unknown%20significance'],116.88,0.75,0.0,-0.4,0.4
MYO15A,17,18143585,NM_016239.4:c.5930G>C,NP_057323.3:p.Cys1977Ser,0.139,4.210,['Unknown%20significance'],116.88,0.75,0.0,-0.0,0.0
MYO15A,17,18143585,NM_016239.4:c.5930G>T,NP_057323.3:p.Cys1977Phe,0.212,3.458,['Unknown%20significance'],116.88,0.75,0.0,-0.3,0.3
MYO15A,17,18143587,NM_016239.4:c.5932C>A,NP_057323.3:p.Gln1978Lys,0.215,6.618,['Unknown%20significance'],113.96,0.57,0.0,0.2,0.2
MYO15A,17,18143587,NM_016239.4:c.5932C>G,NP_057323.3:p.Gln1978Glu,0.177,8.324,['Unknown%20significance'],113.96,0.57,0.0,0.2,0.2
MYO15A,17,18143588,NM_016239.4:c.5933A>G,NP_057323.3:p.Gln1978Arg,0.172,2.896,['Unknown%20significance'],113.96,0.57,0.0,-0.2,0.2
MYO15A,17,18143588,NM_016239.4:c.5933A>T,NP_057323.3:p.Gln1978Leu,0.282,6.706,['Unknown%20significance'],113.96,0.57,0.0,-0.2,0.2
MYO15A,17,18143589,NM_016239.4:c.5934G>C,NP_057323.3:p.Gln1978His,0.328,18.07,['Unknown%20significance'],113.96,0.57,0.0,-0.0,0.0
MYO15A,17,18143589,NM_016239.4:c.5934G>T,NP_057323.3:p.Gln1978His,0.328,17.26,['Unknown%20significance'],113.96,0.57,0.0,-0.0,0.0
MYO15A,17,18143590,NM_016239.4:c.5935G>A,NP_057323.3:p.Val1979Met,0.315,15.32,['Likely%20benign'],46.06,0.26,0.0,0.0,0.0
MYO15A,17,18143590,NM_016239.4:c.5935G>C,NP_057323.3:p.Val1979Leu,0.250,13.64,['Unknown%20significance'],46.06,0.26,0.0,-0.3,0.3
MYO15A,17,18143590,NM_016239.4:c.5935G>T,NP_057323.3:p.Val1979Leu,0.247,12.97,['Unknown%20significance'],46.06,0.26,0.0,-0.3,0.3
MYO15A,17,18143591,NM_016239.4:c.5936T>A,NP_057323.3:p.Val1979Glu,0.342,7.774,['Unknown%20significance'],46.06,0.26,0.0,0.9,0.9
MYO15A,17,18143591,NM_016239.4:c.5936T>C,NP_057323.3:p.Val1979Ala,0.244,1.367,['Unknown%20significance'],46.06,0.26,0.0,0.9,0.9
MYO15A,17,18143591,NM_016239.4:c.5936T>G,NP_057323.3:p.Val1979Gly,0.272,18.12,['Unknown%20significance'],46.06,0.26,0.0,1.6,1.6
MYO15A,17,18143593,NM_016239.4:c.5938G>A,NP_057323.3:p.Glu1980Lys,0.319,22.4,['Unknown%20significance'],131.13,0.67,0.0,0.2,0.2
MYO15A,17,18143594,NM_016239.4:c.5939A>G,NP_057323.3:p.Glu1980Gly,0.295,26.1,['Unknown%20significance'],131.13,0.67,0.0,0.5,0.5
MYO15A,17,18143594,NM_016239.4:c.5939A>T,NP_057323.3:p.Glu1980Val,0.293,22.9,['Unknown%20significance'],131.13,0.67,0.0,-0.1,0.1
MYO15A,17,18143595,NM_016239.4:c.5940G>T,NP_057323.3:p.Glu1980Asp,0.305,19.68,['Unknown%20significance'],131.13,0.67,0.0,0.2,0.2
MYO15A,17,18143596,NM_016239.4:c.5941G>A,NP_057323.3:p.Gly1981Arg,0.202,16.83,['Unknown%20significance'],36.98,0.38,0.0,-1.0,1.0
MYO15A,17,18143596,NM_016239.4:c.5941G>C,NP_057323.3:p.Gly1981Arg,0.209,16.84,['Unknown%20significance'],36.98,0.38,0.0,-1.0,1.0
MYO15A,17,18143596,NM_016239.4:c.5941G>T,NP_057323.3:p.Gly1981Trp,0.361,22.4,['Likely%20pathogenic'],36.98,0.38,0.0,-1.2,1.2
MYO15A,17,18143597,NM_016239.4:c.5942G>A,NP_057323.3:p.Gly1981Glu,0.195,11.75,['Unknown%20significance'],36.98,0.38,0.0,-0.6,0.6
MYO15A,17,18143597,NM_016239.4:c.5942G>T,NP_057323.3:p.Gly1981Val,0.275,15.64,['Unknown%20significance'],36.98,0.38,0.0,-1.0,1.0
MYO15A,17,18143599,NM_016239.4:c.5944G>A,NP_057323.3:p.Ala1982Thr,0.290,15.44,['Unknown%20significance'],39.48,0.31,0.0,-0.2,0.2
MYO15A,17,18143599,NM_016239.4:c.5944G>T,NP_057323.3:p.Ala1982Ser,0.312,11.79,['Unknown%20significance'],39.48,0.31,0.0,0.1,0.1
MYO15A,17,18143600,NM_016239.4:c.5945C>A,NP_057323.3:p.Ala1982Glu,0.220,0.040,['Unknown%20significance'],39.48,0.31,0.0,-0.1,0.1
MYO15A,17,18143600,NM_016239.4:c.5945C>T,NP_057323.3:p.Ala1982Val,0.136,2.107,['Unknown%20significance'],39.48,0.31,0.0,-0.6,0.6
MYO15A,17,18143602,NM_016239.4:c.5947C>A,NP_057323.3:p.Leu1983Met,0.111,1.092,['Unknown%20significance'],55.64,0.28,0.0,0.1,0.1
MYO15A,17,18143603,NM_016239.4:c.5948T>C,NP_057323.3:p.Leu1983Pro,0.227,11.09,['Unknown%20significance'],55.64,0.28,0.0,1.1,1.1
MYO15A,17,18143605,NM_016239.4:c.5950C>A,NP_057323.3:p.Leu1984Met,0.207,20.2,['Unknown%20significance'],169.87,0.88,0.0,0.1,0.1
MYO15A,17,18143606,NM_016239.4:c.5951T>C,NP_057323.3:p.Leu1984Pro,0.586,23.1,['Unknown%20significance'],169.87,0.88,0.0,0.3,0.3
MYO15A,17,18143608,NM_016239.4:c.5953T>A,NP_057323.3:p.Trp1985Arg,0.156,4.610,['Unknown%20significance'],201.25,0.76,0.0,0.0,0.0
MYO15A,17,18143608,NM_016239.4:c.5953T>C,NP_057323.3:p.Trp1985Arg,0.156,7.111,['Unknown%20significance'],201.25,0.76,0.0,0.0,0.0
MYO15A,17,18143608,NM_016239.4:c.5953T>G,NP_057323.3:p.Trp1985Gly,0.199,16.08,['Unknown%20significance'],201.25,0.76,0.0,0.6,0.6
MYO15A,17,18143609,NM_016239.4:c.5954G>T,NP_057323.3:p.Trp1985Leu,0.252,8.223,['Unknown%20significance'],201.25,0.76,0.0,0.1,0.1
MYO15A,17,18143610,NM_016239.4:c.5955G>T,NP_057323.3:p.Trp1985Cys,0.203,18.98,['Unknown%20significance'],201.25,0.76,0.0,0.4,0.4
MYO15A,17,18143611,NM_016239.4:c.5956G>A,NP_057323.3:p.Glu1986Lys,0.345,17.05,['Unknown%20significance'],77.45,0.39,0.0,0.0,0.0
MYO15A,17,18143611,NM_016239.4:c.5956G>C,NP_057323.3:p.Glu1986Gln,0.279,16.22,['Unknown%20significance'],77.45,0.39,0.0,-0.2,0.2
MYO15A,17,18143612,NM_016239.4:c.5957A>G,NP_057323.3:p.Glu1986Gly,0.347,22.8,['Unknown%20significance'],77.45,0.39,0.0,0.6,0.6
MYO15A,17,18143613,NM_016239.4:c.5958G>T,NP_057323.3:p.Glu1986Asp,0.236,17.03,['Unknown%20significance'],77.45,0.39,0.0,0.2,0.2
MYO15A,17,18143614,NM_016239.4:c.5959C>A,NP_057323.3:p.Gln1987Lys,0.250,12.93,['Unknown%20significance'],99.19,0.5,0.0,0.3,0.3
MYO15A,17,18143614,NM_016239.4:c.5959C>G,NP_057323.3:p.Gln1987Glu,0.232,10.74,['Unknown%20significance'],99.19,0.5,0.0,0.1,0.1
MYO15A,17,18143615,NM_016239.4:c.5960A>G,NP_057323.3:p.Gln1987Arg,0.179,19.45,['Unknown%20significance'],99.19,0.5,0.0,-0.1,0.1
MYO15A,17,18143616,NM_016239.4:c.5961G>T,NP_057323.3:p.Gln1987His,0.373,23.0,['Unknown%20significance'],99.19,0.5,0.0,0.0,0.0
MYO15A,17,18143617,NM_016239.4:c.5962G>A,NP_057323.3:p.Glu1988Lys,0.464,19.17,['Unknown%20significance'],140.02,0.71,0.0,0.0,0.0
MYO15A,17,18143617,NM_016239.4:c.5962G>C,NP_057323.3:p.Glu1988Gln,0.374,19.06,['Unknown%20significance'],140.02,0.71,0.0,-0.1,0.1
MYO15A,17,18143618,NM_016239.4:c.5963A>G,NP_057323.3:p.Glu1988Gly,0.418,26.5,['Unknown%20significance'],140.02,0.71,0.0,0.4,0.4
MYO15A,17,18143618,NM_016239.4:c.5963A>T,NP_057323.3:p.Glu1988Val,0.536,26.8,['Unknown%20significance'],140.02,0.71,0.0,-0.0,0.0
MYO15A,17,18143619,NM_016239.4:c.5964G>T,NP_057323.3:p.Glu1988Asp,0.338,32,['Unknown%20significance'],140.02,0.71,0.0,0.1,0.1
MYO15A,17,18143715,NM_016239.4:c.5965G>C,NP_057323.3:p.Glu1989Gln,0.521,33,['Unknown%20significance'],101.98,0.52,0.0,-0.1,0.1
MYO15A,17,18143716,NM_016239.4:c.5966A>G,NP_057323.3:p.Glu1989Gly,0.406,24.5,['Unknown%20significance'],101.98,0.52,0.0,0.6,0.6
MYO15A,17,18143717,NM_016239.4:c.5967G>T,NP_057323.3:p.Glu1989Asp,0.428,23.6,['Unknown%20significance'],101.98,0.52,0.0,0.2,0.2
MYO15A,17,18143718,NM_016239.4:c.5968C>A,NP_057323.3:p.Leu1990Met,0.511,25.0,['Unknown%20significance'],48.59,0.25,0.0,0.1,0.1
MYO15A,17,18143719,NM_016239.4:c.5969T>A,NP_057323.3:p.Leu1990Gln,0.651,25.8,['Unknown%20significance'],48.59,0.25,0.0,0.3,0.3
MYO15A,17,18143719,NM_016239.4:c.5969T>C,NP_057323.3:p.Leu1990Pro,0.617,23.5,['Unknown%20significance'],48.59,0.25,0.0,1.0,1.0
MYO15A,17,18143721,NM_016239.4:c.5971A>G,NP_057323.3:p.Ser1991Gly,0.271,22.5,['Unknown%20significance'],75.89,0.55,0.0,0.4,0.4
MYO15A,17,18143722,NM_016239.4:c.5972G>T,NP_057323.3:p.Ser1991Ile,0.442,22.6,['Unknown%20significance'],75.89,0.55,0.0,-0.3,0.3
MYO15A,17,18143723,NM_016239.4:c.5973C>G,NP_057323.3:p.Ser1991Arg,0.283,20.1,['Unknown%20significance'],75.89,0.55,0.0,-0.4,0.4
MYO15A,17,18143724,NM_016239.4:c.5974A>G,NP_057323.3:p.Lys1992Glu,0.588,23.0,['Unknown%20significance'],108.28,0.45,0.0,-0.1,0.1
MYO15A,17,18143725,NM_016239.4:c.5975A>T,NP_057323.3:p.Lys1992Met,0.602,25.9,['Unknown%20significance'],108.28,0.45,0.0,-0.5,0.5
MYO15A,17,18143726,NM_016239.4:c.5976G>T,NP_057323.3:p.Lys1992Asn,0.338,17.91,['Unknown%20significance'],108.28,0.45,0.0,-0.0,0.0
MYO15A,17,18143727,NM_016239.4:c.5977C>T,NP_057323.3:p.Arg1993Trp,0.703,32,['Pathogenic'],50.47,0.18,0.0,-0.3,0.3
MYO15A,17,18143728,NM_016239.4:c.5978G>A,NP_057323.3:p.Arg1993Gln,0.687,27.1,['Pathogenic'],50.47,0.18,0.0,0.6,0.6
MYO15A,17,18143728,NM_016239.4:c.5978G>T,NP_057323.3:p.Arg1993Leu,0.731,26.7,['Unknown%20significance'],50.47,0.18,0.0,0.3,0.3
MYO15A,17,18143732,NM_016239.4:c.5982G>C,NP_057323.3:p.Glu1994Asp,0.292,21.8,['Unknown%20significance'],34.7,0.17,0.0,0.4,0.4
MYO15A,17,18143732,NM_016239.4:c.5982G>T,NP_057323.3:p.Glu1994Asp,0.294,21.6,['Unknown%20significance'],34.7,0.17,0.0,0.4,0.4
MYO15A,17,18143733,NM_016239.4:c.5983G>A,NP_057323.3:p.Val1995Ile,0.371,22.6,['Unknown%20significance'],67.53,0.39,0.0,-0.0,0.0
MYO15A,17,18143733,NM_016239.4:c.5983G>T,NP_057323.3:p.Val1995Leu,0.261,20.3,['Unknown%20significance'],67.53,0.39,0.0,0.0,0.0
MYO15A,17,18143736,NM_016239.4:c.5986G>A,NP_057323.3:p.Val1996Ile,0.360,18.37,['Unknown%20significance'],5.63,0.03,0.0,-0.1,0.1
MYO15A,17,18143737,NM_016239.4:c.5987T>C,NP_057323.3:p.Val1996Ala,0.344,22.2,['Unknown%20significance'],5.63,0.03,0.0,1.2,1.2
MYO15A,17,18143739,NM_016239.4:c.5989G>A,NP_057323.3:p.Ala1997Thr,0.240,17.80,['Likely%20benign'],64.91,0.51,0.0,-0.1,0.1
MYO15A,17,18143739,NM_016239.4:c.5989G>T,NP_057323.3:p.Ala1997Ser,0.188,16.35,['Likely%20benign'],64.91,0.51,0.0,0.2,0.2
MYO15A,17,18143740,NM_016239.4:c.5990C>A,NP_057323.3:p.Ala1997Asp,0.262,15.27,['Likely%20benign'],64.91,0.51,0.0,0.4,0.4
MYO15A,17,18143740,NM_016239.4:c.5990C>T,NP_057323.3:p.Ala1997Val,0.252,19.32,['Likely%20benign'],64.91,0.51,0.0,-0.3,0.3
MYO15A,17,18143742,NM_016239.4:c.5992G>A,NP_057323.3:p.Val1998Met,0.671,25.9,['Unknown%20significance'],0.0,0.0,0.0,0.3,0.3
MYO15A,17,18143745,NM_016239.4:c.5995G>A,NP_057323.3:p.Gly1999Arg,0.263,23.0,['Likely%20benign'],35.07,0.36,0.0,-0.9,0.9
MYO15A,17,18143745,NM_016239.4:c.5995G>C,NP_057323.3:p.Gly1999Arg,0.263,23.0,['Likely%20benign'],35.07,0.36,0.0,-0.9,0.9
MYO15A,17,18143745,NM_016239.4:c.5995G>T,NP_057323.3:p.Gly1999Trp,0.545,25.2,['Unknown%20significance'],35.07,0.36,0.0,-1.2,1.2
MYO15A,17,18143746,NM_016239.4:c.5996G>A,NP_057323.3:p.Gly1999Glu,0.348,22.8,['Unknown%20significance'],35.07,0.36,0.0,-0.3,0.3
MYO15A,17,18143748,NM_016239.4:c.5998C>A,NP_057323.3:p.His2000Asn,0.382,22.7,['Unknown%20significance'],128.52,0.62,0.0,0.3,0.3
MYO15A,17,18143748,NM_016239.4:c.5998C>T,NP_057323.3:p.His2000Tyr,0.546,23.2,['Unknown%20significance'],128.52,0.62,0.0,-0.2,0.2
MYO15A,17,18143749,NM_016239.4:c.5999A>G,NP_057323.3:p.His2000Arg,0.530,22.9,['Unknown%20significance'],128.52,0.62,0.0,0.1,0.1
MYO15A,17,18143750,NM_016239.4:c.6000C>A,NP_057323.3:p.His2000Gln,0.469,21.9,['Unknown%20significance'],128.52,0.62,0.0,0.2,0.2
MYO15A,17,18143751,NM_016239.4:c.6001C>G,NP_057323.3:p.Leu2001Val,0.650,23.5,['Unknown%20significance'],6.1,0.03,0.0,0.8,0.8
MYO15A,17,18143752,NM_016239.4:c.6002T>C,NP_057323.3:p.Leu2001Pro,0.830,26.3,['Unknown%20significance'],6.1,0.03,0.0,2.8,2.8
MYO15A,17,18143754,NM_016239.4:c.6004G>A,NP_057323.3:p.Glu2002Lys,0.637,24.0,['Unknown%20significance'],127.58,0.65,0.0,0.2,0.2
MYO15A,17,18143754,NM_016239.4:c.6004G>C,NP_057323.3:p.Glu2002Gln,0.510,25.6,['Unknown%20significance'],127.58,0.65,0.0,-0.2,0.2
MYO15A,17,18143755,NM_016239.4:c.6005A>C,NP_057323.3:p.Glu2002Ala,0.364,23.0,['Unknown%20significance'],127.58,0.65,0.0,-0.0,0.0
MYO15A,17,18143756,NM_016239.4:c.6006G>T,NP_057323.3:p.Glu2002Asp,0.305,17.22,['Unknown%20significance'],127.58,0.65,0.0,0.2,0.2
MYO15A,17,18143757,NM_016239.4:c.6007G>A,NP_057323.3:p.Val2003Ile,0.230,13.88,['Likely%20benign'],27.88,0.16,0.0,-0.5,0.5
MYO15A,17,18143757,NM_016239.4:c.6007G>T,NP_057323.3:p.Val2003Leu,0.240,18.52,['Unknown%20significance'],27.88,0.16,0.0,-0.2,0.2
MYO15A,17,18143760,NM_016239.4:c.6010C>T,NP_057323.3:p.Pro2004Ser,0.483,25.0,['Unknown%20significance'],49.38,0.31,0.0,0.5,0.5
MYO15A,17,18143761,NM_016239.4:c.6011C>A,NP_057323.3:p.Pro2004Gln,0.506,27.9,['Unknown%20significance'],49.38,0.31,0.0,0.2,0.2
MYO15A,17,18143761,NM_016239.4:c.6011C>T,NP_057323.3:p.Pro2004Leu,0.500,27.8,['Unknown%20significance'],49.38,0.31,0.0,-0.4,0.4
MYO15A,17,18143763,NM_016239.4:c.6013G>A,NP_057323.3:p.Ala2005Thr,0.461,23.2,['Unknown%20significance'],103.35,0.81,0.0,0.1,0.1
MYO15A,17,18143763,NM_016239.4:c.6013G>T,NP_057323.3:p.Ala2005Ser,0.388,22.9,['Unknown%20significance'],103.35,0.81,0.0,0.2,0.2
MYO15A,17,18143764,NM_016239.4:c.6014C>T,NP_057323.3:p.Ala2005Val,0.188,22.3,['Unknown%20significance'],103.35,0.81,0.0,-0.1,0.1
MYO15A,17,18143766,NM_016239.4:c.6016G>A,NP_057323.3:p.Glu2006Lys,0.702,32,['Unknown%20significance'],113.85,0.58,0.0,0.1,0.1
MYO15A,17,18143767,NM_016239.4:c.6017A>G,NP_057323.3:p.Glu2006Gly,0.692,33,['Unknown%20significance'],113.85,0.58,0.0,0.6,0.6
MYO15A,17,18143768,NM_016239.4:c.6018G>T,NP_057323.3:p.Glu2006Asp,0.512,24.4,['Unknown%20significance'],113.85,0.58,0.0,0.2,0.2
MYO15A,17,18143769,NM_016239.4:c.6019C>A,NP_057323.3:p.Leu2007Met,0.517,23.4,['Unknown%20significance'],0.0,0.0,0.0,0.9,0.9
MYO15A,17,18143770,NM_016239.4:c.6020T>A,NP_057323.3:p.Leu2007Gln,0.818,29.1,['Unknown%20significance'],0.0,0.0,0.0,2.6,2.6
MYO15A,17,18143770,NM_016239.4:c.6020T>C,NP_057323.3:p.Leu2007Pro,0.904,28.2,['Unknown%20significance'],0.0,0.0,0.0,3.5,3.5
MYO15A,17,18143772,NM_016239.4:c.6022G>A,NP_057323.3:p.Ala2008Thr,0.391,23.4,['Unknown%20significance'],50.31,0.39,0.0,0.1,0.1
MYO15A,17,18143772,NM_016239.4:c.6022G>T,NP_057323.3:p.Ala2008Ser,0.348,22.1,['Unknown%20significance'],50.31,0.39,0.0,0.3,0.3
MYO15A,17,18143773,NM_016239.4:c.6023C>A,NP_057323.3:p.Ala2008Asp,0.565,23.6,['Unknown%20significance'],50.31,0.39,0.0,0.6,0.6
MYO15A,17,18143773,NM_016239.4:c.6023C>T,NP_057323.3:p.Ala2008Val,0.350,20.6,['Unknown%20significance'],50.31,0.39,0.0,-0.4,0.4
MYO15A,17,18143775,NM_016239.4:c.6025G>A,NP_057323.3:p.Gly2009Arg,0.310,22.7,['Unknown%20significance'],44.12,0.46,0.0,-0.6,0.6
MYO15A,17,18143775,NM_016239.4:c.6025G>T,NP_057323.3:p.Gly2009Trp,0.552,25.6,['Unknown%20significance'],44.12,0.46,0.0,-1.2,1.2
MYO15A,17,18143776,NM_016239.4:c.6026G>T,NP_057323.3:p.Gly2009Val,0.230,19.19,['Unknown%20significance'],44.12,0.46,0.0,-1.1,1.1
MYO15A,17,18143778,NM_016239.4:c.6028C>A,NP_057323.3:p.Leu2010Ile,0.407,22.5,['Unknown%20significance'],11.21,0.05,0.0,0.2,0.2
MYO15A,17,18143778,NM_016239.4:c.6028C>G,NP_057323.3:p.Leu2010Val,0.540,25.2,['Unknown%20significance'],11.21,0.05,0.0,0.6,0.6
MYO15A,17,18143778,NM_016239.4:c.6028C>T,NP_057323.3:p.Leu2010Phe,0.417,23.9,['Unknown%20significance'],11.21,0.05,0.0,0.2,0.2
MYO15A,17,18143782,NM_016239.4:c.6032T>C,NP_057323.3:p.Leu2011Ser,0.690,27.0,['Unknown%20significance'],22.02,0.11,0.0,3.1,3.1
MYO15A,17,18143787,NM_016239.4:c.6037G>T,NP_057323.3:p.Ala2013Ser,0.190,21.3,['Unknown%20significance'],35.3,0.27,0.0,0.2,0.2
MYO15A,17,18143788,NM_016239.4:c.6038C>A,NP_057323.3:p.Ala2013Glu,0.318,21.2,['Unknown%20significance'],35.3,0.27,0.0,0.5,0.5
MYO15A,17,18143788,NM_016239.4:c.6038C>G,NP_057323.3:p.Ala2013Gly,0.252,21.1,['Unknown%20significance'],35.3,0.27,0.0,0.9,0.9
MYO15A,17,18143788,NM_016239.4:c.6038C>T,NP_057323.3:p.Ala2013Val,0.119,20.5,['Likely%20benign'],35.3,0.27,0.0,-0.6,0.6
MYO15A,17,18143790,NM_016239.4:c.6040G>A,NP_057323.3:p.Val2014Met,0.250,22.8,['Unknown%20significance'],7.17,0.04,0.0,-0.0,0.0
MYO15A,17,18143791,NM_016239.4:c.6041T>C,NP_057323.3:p.Val2014Ala,0.203,6.717,['Likely%20benign'],7.17,0.04,0.0,1.1,1.1
MYO15A,17,18143793,NM_016239.4:c.6043G>A,NP_057323.3:p.Ala2015Thr,0.206,22.6,['Unknown%20significance'],69.9,0.54,0.0,-0.1,0.1
MYO15A,17,18143796,NM_016239.4:c.6046G>T,NP_057323.3:p.Gly2016Cys,0.630,35,['Unknown%20significance'],67.81,0.71,0.0,0.0,0.0
MYO15A,17,18143870,NM_016239.4:c.6047G>A,NP_057323.3:p.Gly2016Asp,0.242,17.89,['Unknown%20significance'],67.81,0.71,0.0,0.0,0.0
MYO15A,17,18143873,NM_016239.4:c.6050T>C,NP_057323.3:p.Leu2017Pro,0.325,15.97,['Unknown%20significance'],61.09,0.31,0.0,0.7,0.7
MYO15A,17,18143875,NM_016239.4:c.6052G>A,NP_057323.3:p.Gly2018Arg,0.167,4.995,['Benign'],40.12,0.42,0.0,-1.1,1.1
MYO15A,17,18143875,NM_016239.4:c.6052G>C,NP_057323.3:p.Gly2018Arg,0.167,3.696,['Likely%20benign'],40.12,0.42,0.0,-1.1,1.1
MYO15A,17,18143875,NM_016239.4:c.6052G>T,NP_057323.3:p.Gly2018Trp,0.222,17.37,['Unknown%20significance'],40.12,0.42,0.0,-1.1,1.1
MYO15A,17,18143876,NM_016239.4:c.6053G>A,NP_057323.3:p.Gly2018Glu,0.139,14.90,['Likely%20benign'],40.12,0.42,0.0,-0.5,0.5
MYO15A,17,18143878,NM_016239.4:c.6055C>A,NP_057323.3:p.Leu2019Met,0.204,4.406,['Unknown%20significance'],156.89,0.81,0.0,-0.0,0.0
MYO15A,17,18143881,NM_016239.4:c.6058G>T,NP_057323.3:p.Ala2020Ser,0.155,0.216,['Likely%20benign'],123.81,0.97,0.0,0.0,0.0
MYO15A,17,18143882,NM_016239.4:c.6059C>A,NP_057323.3:p.Ala2020Asp,0.160,5.827,['Likely%20benign'],123.81,0.97,0.0,0.0,0.0
MYO15A,17,18143885,NM_016239.4:c.6062A>G,NP_057323.3:p.Gln2021Arg,0.244,0.012,['Likely%20benign'],137.68,0.69,0.0,-0.1,0.1
MYO15A,17,18143886,NM_016239.4:c.6063G>C,NP_057323.3:p.Gln2021His,0.116,1.566,['Likely%20benign'],137.68,0.69,0.0,-0.2,0.2
MYO15A,17,18143887,NM_016239.4:c.6064G>A,NP_057323.3:p.Val2022Met,0.088,4.266,['Likely%20benign'],26.05,0.15,0.0,-0.0,0.0
MYO15A,17,18143888,NM_016239.4:c.6065T>C,NP_057323.3:p.Val2022Ala,0.184,0.004,['Likely%20benign'],26.05,0.15,0.0,0.3,0.3
MYO15A,17,18143891,NM_016239.4:c.6068C>T,NP_057323.3:p.Pro2023Leu,0.300,12.72,['Likely%20benign'],17.47,0.11,0.0,-0.7,0.7
MYO15A,17,18143894,NM_016239.4:c.6071A>G,NP_057323.3:p.Gln2024Arg,0.222,0.001,['Likely%20benign'],127.56,0.64,0.0,-0.2,0.2
MYO15A,17,18143894,NM_016239.4:c.6071A>T,NP_057323.3:p.Gln2024Leu,0.233,0.001,['Likely%20benign'],127.56,0.64,0.0,-0.2,0.2
MYO15A,17,18143896,NM_016239.4:c.6073G>A,NP_057323.3:p.Val2025Met,0.342,22.6,['Unknown%20significance'],29.17,0.16,0.0,0.3,0.3
MYO15A,17,18143899,NM_016239.4:c.6076G>A,NP_057323.3:p.Ala2026Thr,0.301,19.21,['Unknown%20significance'],28.52,0.22,0.0,-0.2,0.2
MYO15A,17,18143900,NM_016239.4:c.6077C>A,NP_057323.3:p.Ala2026Asp,0.349,17.64,['Likely%20benign'],28.52,0.22,0.0,0.8,0.8
MYO15A,17,18143902,NM_016239.4:c.6079C>G,NP_057323.3:p.Pro2027Ala,0.096,5.368,['Likely%20benign'],105.36,0.66,0.0,-0.1,0.1
MYO15A,17,18143903,NM_016239.4:c.6080C>A,NP_057323.3:p.Pro2027His,0.232,12.36,['Unknown%20significance'],105.36,0.66,0.0,-0.2,0.2
MYO15A,17,18143905,NM_016239.4:c.6082G>A,NP_057323.3:p.Val2028Met,0.206,17.49,['Unknown%20significance'],35.44,0.2,0.0,0.4,0.4
MYO15A,17,18143909,NM_016239.4:c.6086G>T,NP_057323.3:p.Arg2029Met,0.451,23.4,['Unknown%20significance'],255.91,0.94,0.0,-0.1,0.1
MYO15A,17,18143912,NM_016239.4:c.6089C>A,NP_057323.3:p.Thr2030Asn,0.208,18.01,['Likely%20benign'],88.92,0.56,0.0,0.2,0.2
MYO15A,17,18143912,NM_016239.4:c.6089C>T,NP_057323.3:p.Thr2030Ile,0.269,19.33,['Likely%20benign'],88.92,0.56,0.0,-0.2,0.2
MYO15A,17,18143914,NM_016239.4:c.6091C>A,NP_057323.3:p.Pro2031Thr,0.579,24.6,['Unknown%20significance'],10.1,0.06,0.0,0.2,0.2
MYO15A,17,18143914,NM_016239.4:c.6091C>G,NP_057323.3:p.Pro2031Ala,0.581,24.3,['Unknown%20significance'],10.1,0.06,0.0,0.4,0.4
MYO15A,17,18143914,NM_016239.4:c.6091C>T,NP_057323.3:p.Pro2031Ser,0.577,24.9,['Unknown%20significance'],10.1,0.06,0.0,0.6,0.6
MYO15A,17,18143917,NM_016239.4:c.6094C>G,NP_057323.3:p.Arg2032Gly,0.435,22.1,['Likely%20benign'],224.56,0.83,0.0,0.3,0.3
MYO15A,17,18143918,NM_016239.4:c.6095G>A,NP_057323.3:p.Arg2032Gln,0.244,22.3,['Unknown%20significance'],224.56,0.83,0.0,0.0,0.0
MYO15A,17,18143918,NM_016239.4:c.6095G>T,NP_057323.3:p.Arg2032Leu,0.372,22.7,['Unknown%20significance'],224.56,0.83,0.0,0.0,0.0
MYO15A,17,18143920,NM_016239.4:c.6097C>A,NP_057323.3:p.Leu2033Ile,0.303,17.66,['Unknown%20significance'],9.93,0.05,0.0,-0.3,0.3
MYO15A,17,18143920,NM_016239.4:c.6097C>T,NP_057323.3:p.Leu2033Phe,0.347,23.9,['Unknown%20significance'],9.93,0.05,0.0,0.1,0.1
MYO15A,17,18143921,NM_016239.4:c.6098T>C,NP_057323.3:p.Leu2033Pro,0.697,25.1,['Unknown%20significance'],9.93,0.05,0.0,1.7,1.7
MYO15A,17,18143921,NM_016239.4:c.6098T>G,NP_057323.3:p.Leu2033Arg,0.716,26.5,['Unknown%20significance'],9.93,0.05,0.0,0.9,0.9
MYO15A,17,18143924,NM_016239.4:c.6101A>G,NP_057323.3:p.Gln2034Arg,0.188,19.49,['Unknown%20significance'],126.05,0.63,0.0,-0.1,0.1
MYO15A,17,18143926,NM_016239.4:c.6103G>A,NP_057323.3:p.Ala2035Thr,0.158,16.74,['Unknown%20significance'],53.51,0.42,0.0,-0.1,0.1
MYO15A,17,18143927,NM_016239.4:c.6104C>A,NP_057323.3:p.Ala2035Asp,0.235,17.43,['Likely%20benign'],53.51,0.42,0.0,0.4,0.4
MYO15A,17,18143927,NM_016239.4:c.6104C>T,NP_057323.3:p.Ala2035Val,0.055,16.37,['Likely%20benign'],53.51,0.42,0.0,-0.4,0.4
MYO15A,17,18143929,NM_016239.4:c.6106G>A,NP_057323.3:p.Glu2036Lys,0.505,23.3,['Unknown%20significance'],116.75,0.59,0.0,0.1,0.1
MYO15A,17,18143929,NM_016239.4:c.6106G>C,NP_057323.3:p.Glu2036Gln,0.439,23.5,['Unknown%20significance'],116.75,0.59,0.0,-0.2,0.2
MYO15A,17,18143930,NM_016239.4:c.6107A>G,NP_057323.3:p.Glu2036Gly,0.595,24.9,['Unknown%20significance'],116.75,0.59,0.0,0.4,0.4
MYO15A,17,18143931,NM_016239.4:c.6108G>T,NP_057323.3:p.Glu2036Asp,0.143,7.858,['Likely%20benign'],116.75,0.59,0.0,0.1,0.1
MYO15A,17,18143932,NM_016239.4:c.6109C>G,NP_057323.3:p.Pro2037Ala,0.263,11.28,['Unknown%20significance'],115.1,0.73,0.0,0.0,0.0
MYO15A,17,18143935,NM_016239.4:c.6112C>A,NP_057323.3:p.Arg2038Ser,0.206,18.09,['Likely%20benign'],204.04,0.75,0.0,0.2,0.2
MYO15A,17,18143935,NM_016239.4:c.6112C>T,NP_057323.3:p.Arg2038Cys,0.234,22.0,['Likely%20benign'],204.04,0.75,0.0,0.4,0.4
MYO15A,17,18143936,NM_016239.4:c.6113G>A,NP_057323.3:p.Arg2038His,0.244,24.1,['Unknown%20significance'],204.04,0.75,0.0,0.1,0.1
MYO15A,17,18143936,NM_016239.4:c.6113G>T,NP_057323.3:p.Arg2038Leu,0.310,24.2,['Unknown%20significance'],204.04,0.75,0.0,0.2,0.2
MYO15A,17,18143942,NM_016239.4:c.6119C>G,NP_057323.3:p.Thr2040Arg,0.475,24.0,['Unknown%20significance'],80.77,0.51,0.0,-0.1,0.1
MYO15A,17,18143942,NM_016239.4:c.6119C>T,NP_057323.3:p.Thr2040Ile,0.488,24.2,['Unknown%20significance'],80.77,0.51,0.0,-0.2,0.2
MYO15A,17,18143947,NM_016239.4:c.6124C>A,NP_057323.3:p.Pro2042Thr,0.711,25.2,['Unknown%20significance'],26.83,0.17,0.0,0.1,0.1
MYO15A,17,18143947,NM_016239.4:c.6124C>T,NP_057323.3:p.Pro2042Ser,0.701,25.5,['Unknown%20significance'],26.83,0.17,0.0,0.4,0.4
MYO15A,17,18143951,NM_016239.4:c.6128T>C,NP_057323.3:p.Leu2043Pro,0.704,25.2,['Unknown%20significance'],210.81,1.0,0.0,0.1,0.1
MYO15A,17,18143953,NM_016239.4:c.6130G>A,NP_057323.3:p.Asp2044Asn,0.707,29.7,['Unknown%20significance'],61.27,0.38,0.0,0.1,0.1
MYO15A,17,18143955,NM_016239.4:c.6132C>A,NP_057323.3:p.Asp2044Glu,0.628,17.90,['Unknown%20significance'],61.27,0.38,0.0,0.2,0.2
MYO15A,17,18143956,NM_016239.4:c.6133A>G,NP_057323.3:p.Ile2045Val,0.359,22.6,['Unknown%20significance'],2.85,0.01,0.0,0.8,0.8
MYO15A,17,18143956,NM_016239.4:c.6133A>T,NP_057323.3:p.Ile2045Phe,0.679,25.3,['Unknown%20significance'],2.85,0.01,0.0,0.5,0.5
MYO15A,17,18143959,NM_016239.4:c.6136A>G,NP_057323.3:p.Asn2046Asp,0.471,24.3,['Unknown%20significance'],45.92,0.28,0.0,0.3,0.3
MYO15A,17,18143962,NM_016239.4:c.6139A>G,NP_057323.3:p.Asn2047Asp,0.361,22.7,['Unknown%20significance'],82.33,0.51,0.0,0.1,0.1
MYO15A,17,18143963,NM_016239.4:c.6140A>G,NP_057323.3:p.Asn2047Ser,0.394,20.9,['Unknown%20significance'],82.33,0.51,0.0,0.1,0.1
MYO15A,17,18143966,NM_016239.4:c.6143A>G,NP_057323.3:p.Tyr2048Cys,0.655,25.0,['Unknown%20significance'],44.69,0.18,0.0,2.6,2.6
MYO15A,17,18143968,NM_016239.4:c.6145C>A,NP_057323.3:p.Pro2049Thr,0.419,21.3,['Unknown%20significance'],11.66,0.07,0.0,-0.6,0.6
MYO15A,17,18143968,NM_016239.4:c.6145C>G,NP_057323.3:p.Pro2049Ala,0.459,16.92,['Unknown%20significance'],11.66,0.07,0.0,-0.2,0.2
MYO15A,17,18143968,NM_016239.4:c.6145C>T,NP_057323.3:p.Pro2049Ser,0.314,18.08,['Unknown%20significance'],11.66,0.07,0.0,-0.0,0.0
MYO15A,17,18143969,NM_016239.4:c.6146C>A,NP_057323.3:p.Pro2049His,0.482,25.5,['Pathogenic'],11.66,0.07,0.0,-0.5,0.5
MYO15A,17,18143969,NM_016239.4:c.6146C>G,NP_057323.3:p.Pro2049Arg,0.533,25.2,['Unknown%20significance'],11.66,0.07,0.0,-0.6,0.6
MYO15A,17,18143969,NM_016239.4:c.6146C>T,NP_057323.3:p.Pro2049Leu,0.393,22.6,['Unknown%20significance'],11.66,0.07,0.0,-0.9,0.9
MYO15A,17,18143971,NM_016239.4:c.6148A>T,NP_057323.3:p.Met2050Leu,0.336,23.2,['Unknown%20significance'],0.6,0.0,0.0,-0.6,0.6
MYO15A,17,18143974,NM_016239.4:c.6151G>A,NP_057323.3:p.Ala2051Thr,0.399,22.8,['Unknown%20significance'],25.4,0.19,0.0,-0.1,0.1
MYO15A,17,18143974,NM_016239.4:c.6151G>C,NP_057323.3:p.Ala2051Pro,0.570,27.3,['Unknown%20significance'],25.4,0.19,0.0,0.4,0.4
MYO15A,17,18143978,NM_016239.4:c.6155A>G,NP_057323.3:p.Lys2052Arg,0.443,23.7,['Unknown%20significance'],83.14,0.35,0.0,-0.6,0.6
MYO15A,17,18143979,NM_016239.4:c.6156G>C,NP_057323.3:p.Lys2052Asn,0.662,25.9,['Unknown%20significance'],83.14,0.35,0.0,0.1,0.1
MYO15A,17,18143984,NM_016239.4:c.6161T>C,NP_057323.3:p.Val2054Ala,0.235,22.7,['Unknown%20significance'],0.0,0.0,0.0,0.4,0.4
MYO15A,17,18143993,NM_016239.4:c.6170A>C,NP_057323.3:p.His2057Pro,0.727,26.6,['Unknown%20significance'],15.42,0.07,0.0,2.0,2.0
MYO15A,17,18144499,NM_016239.4:c.6180A>C,NP_057323.3:p.Glu2060Asp,0.223,5.297,['Likely%20benign'],143.64,0.73,0.0,0.0,0.0
MYO15A,17,18144500,NM_016239.4:c.6181C>A,NP_057323.3:p.Pro2061Thr,0.498,22.4,['Unknown%20significance'],83.14,0.52,0.0,-0.0,0.0
MYO15A,17,18144500,NM_016239.4:c.6181C>T,NP_057323.3:p.Pro2061Ser,0.509,23.6,['Unknown%20significance'],83.14,0.52,0.0,0.1,0.1
MYO15A,17,18144501,NM_016239.4:c.6182C>A,NP_057323.3:p.Pro2061His,0.515,22.9,['Unknown%20significance'],83.14,0.52,0.0,-0.2,0.2
MYO15A,17,18144501,NM_016239.4:c.6182C>T,NP_057323.3:p.Pro2061Leu,0.439,21.1,['Likely%20benign'],83.14,0.52,0.0,-0.1,0.1
MYO15A,17,18144503,NM_016239.4:c.6184G>A,NP_057323.3:p.Ala2062Thr,0.110,8.121,['Likely%20benign'],36.81,0.28,0.0,-0.2,0.2
MYO15A,17,18144503,NM_016239.4:c.6184G>T,NP_057323.3:p.Ala2062Ser,0.139,4.747,['Likely%20benign'],36.81,0.28,0.0,0.1,0.1
MYO15A,17,18144504,NM_016239.4:c.6185C>G,NP_057323.3:p.Ala2062Gly,0.318,17.48,['Likely%20benign'],36.81,0.28,0.0,0.8,0.8
MYO15A,17,18144504,NM_016239.4:c.6185C>T,NP_057323.3:p.Ala2062Val,0.239,18.28,['Likely%20benign'],36.81,0.28,0.0,-0.6,0.6
MYO15A,17,18144508,NM_016239.4:c.6189T>G,NP_057323.3:p.Phe2063Leu,0.546,19.23,['Likely%20benign'],0.01,0.0,0.0,0.1,0.1
MYO15A,17,18144509,NM_016239.4:c.6190G>A,NP_057323.3:p.Gly2064Arg,0.769,29.4,['Unknown%20significance'],0.0,0.0,0.0,-0.7,0.7
MYO15A,17,18144509,NM_016239.4:c.6190G>C,NP_057323.3:p.Gly2064Arg,0.769,27.2,['Unknown%20significance'],0.0,0.0,0.0,-0.7,0.7
MYO15A,17,18144512,NM_016239.4:c.6193A>G,NP_057323.3:p.Met2065Val,0.580,23.7,['Unknown%20significance'],0.0,0.0,0.0,0.4,0.4
MYO15A,17,18144512,NM_016239.4:c.6193A>T,NP_057323.3:p.Met2065Leu,0.637,25.9,['Likely%20benign'],0.0,0.0,0.0,0.0,0.0
MYO15A,17,18144513,NM_016239.4:c.6194T>A,NP_057323.3:p.Met2065Lys,0.785,27.2,['Pathogenic'],0.0,0.0,0.0,2.3,2.3
MYO15A,17,18144514,NM_016239.4:c.6195G>T,NP_057323.3:p.Met2065Ile,0.695,26.7,['Unknown%20significance'],0.0,0.0,0.0,0.0,0.0
MYO15A,17,18144519,NM_016239.4:c.6200C>T,NP_057323.3:p.Thr2067Ile,0.371,22.8,['Unknown%20significance'],35.33,0.22,0.0,-0.3,0.3
MYO15A,17,18144521,NM_016239.4:c.6202G>A,NP_057323.3:p.Val2068Met,0.141,16.31,['Likely%20benign'],80.75,0.46,0.0,0.1,0.1
MYO15A,17,18144524,NM_016239.4:c.6205C>T,NP_057323.3:p.Pro2069Ser,0.473,22.6,['Unknown%20significance'],28.34,0.18,0.0,1.3,1.3
MYO15A,17,18144525,NM_016239.4:c.6206C>G,NP_057323.3:p.Pro2069Arg,0.663,24.5,['Unknown%20significance'],28.34,0.18,0.0,0.9,0.9
MYO15A,17,18144525,NM_016239.4:c.6206C>T,NP_057323.3:p.Pro2069Leu,0.577,24.7,['Unknown%20significance'],28.34,0.18,0.0,0.1,0.1
MYO15A,17,18144531,NM_016239.4:c.6212G>A,NP_057323.3:p.Arg2071Lys,0.127,2.661,['Likely%20benign'],254.77,0.94,0.0,0.1,0.1
MYO15A,17,18144531,NM_016239.4:c.6212G>C,NP_057323.3:p.Arg2071Thr,0.139,7.253,['Likely%20benign'],254.77,0.94,0.0,0.1,0.1
MYO15A,17,18144532,NM_016239.4:c.6213G>C,NP_057323.3:p.Arg2071Ser,0.127,17.06,['Likely%20benign'],254.77,0.94,0.0,0.1,0.1
MYO15A,17,18144533,NM_016239.4:c.6214A>G,NP_057323.3:p.Thr2072Ala,0.092,8.099,['Likely%20benign'],67.61,0.42,0.0,0.0,0.0
MYO15A,17,18144534,NM_016239.4:c.6215C>T,NP_057323.3:p.Thr2072Ile,0.197,12.42,['Likely%20benign'],67.61,0.42,0.0,-0.4,0.4
MYO15A,17,18144536,NM_016239.4:c.6217C>A,NP_057323.3:p.Pro2073Thr,0.599,22.6,['Unknown%20significance'],2.24,0.01,0.0,1.1,1.1
MYO15A,17,18144536,NM_016239.4:c.6217C>G,NP_057323.3:p.Pro2073Ala,0.603,22.2,['Unknown%20significance'],2.24,0.01,0.0,0.9,0.9
MYO15A,17,18144536,NM_016239.4:c.6217C>T,NP_057323.3:p.Pro2073Ser,0.640,15.58,['Pathogenic'],2.24,0.01,0.0,1.4,1.4
MYO15A,17,18144537,NM_016239.4:c.6218C>T,NP_057323.3:p.Pro2073Leu,0.643,23.8,['Unknown%20significance'],2.24,0.01,0.0,0.2,0.2
MYO15A,17,18144539,NM_016239.4:c.6220C>A,NP_057323.3:p.Leu2074Ile,0.580,23.4,['Unknown%20significance'],5.05,0.02,0.0,1.2,1.2
MYO15A,17,18144539,NM_016239.4:c.6220C>T,NP_057323.3:p.Leu2074Phe,0.555,24.0,['Unknown%20significance'],5.05,0.02,0.0,1.0,1.0
MYO15A,17,18144542,NM_016239.4:c.6223A>T,NP_057323.3:p.Thr2075Ser,0.355,21.8,['Unknown%20significance'],3.91,0.02,0.0,1.1,1.1
MYO15A,17,18144543,NM_016239.4:c.6224C>G,NP_057323.3:p.Thr2075Arg,0.456,20.5,['Unknown%20significance'],3.91,0.02,0.0,-0.1,0.1
MYO15A,17,18144543,NM_016239.4:c.6224C>T,NP_057323.3:p.Thr2075Met,0.339,15.81,['Unknown%20significance'],3.91,0.02,0.0,-1.5,1.5
MYO15A,17,18144546,NM_016239.4:c.6227A>G,NP_057323.3:p.Gln2076Arg,0.167,2.988,['Likely%20benign'],118.62,0.59,0.0,-0.2,0.2
MYO15A,17,18144551,NM_016239.4:c.6232C>T,NP_057323.3:p.Pro2078Ser,0.320,19.11,['Unknown%20significance'],64.72,0.41,0.0,-0.2,0.2
MYO15A,17,18144552,NM_016239.4:c.6233C>A,NP_057323.3:p.Pro2078Gln,0.302,16.95,['Likely%20benign'],64.72,0.41,0.0,-0.4,0.4
MYO15A,17,18144552,NM_016239.4:c.6233C>T,NP_057323.3:p.Pro2078Leu,0.300,19.22,['Unknown%20significance'],64.72,0.41,0.0,-0.3,0.3
MYO15A,17,18144557,NM_016239.4:c.6238G>A,NP_057323.3:p.Glu2080Lys,0.428,24.2,['Unknown%20significance'],170.75,0.87,0.0,0.0,0.0
MYO15A,17,18144560,NM_016239.4:c.6241C>G,NP_057323.3:p.His2081Asp,0.121,8.567,['Likely%20benign'],24.17,0.11,0.0,0.7,0.7
MYO15A,17,18144562,NM_016239.4:c.6243C>A,NP_057323.3:p.His2081Gln,0.105,13.78,['Likely%20benign'],24.17,0.11,0.0,0.2,0.2
MYO15A,17,18144564,NM_016239.4:c.6245A>G,NP_057323.3:p.His2082Arg,0.179,15.59,['Likely%20benign'],47.23,0.22,0.0,-0.1,0.1
MYO15A,17,18144566,NM_016239.4:c.6247G>A,NP_057323.3:p.Ala2083Thr,0.095,8.927,['Likely%20benign'],92.36,0.72,0.0,-0.1,0.1
MYO15A,17,18144569,NM_016239.4:c.6250G>A,NP_057323.3:p.Glu2084Lys,0.552,28.7,['Unknown%20significance'],90.77,0.46,0.0,0.2,0.2
MYO15A,17,18144572,NM_016239.4:c.6253G>A,NP_057323.3:p.Ala2085Thr,0.758,29.7,['Unknown%20significance'],0.0,0.0,0.0,1.1,1.1
MYO15A,17,18144573,NM_016239.4:c.6254C>G,NP_057323.3:p.Ala2085Gly,0.764,25.7,['Unknown%20significance'],0.0,0.0,0.0,2.4,2.4
MYO15A,17,18144575,NM_016239.4:c.6256G>A,NP_057323.3:p.Val2086Met,0.318,12.87,['Likely%20benign'],14.31,0.08,0.0,0.4,0.4
MYO15A,17,18144578,NM_016239.4:c.6259A>G,NP_057323.3:p.Ser2087Gly,0.081,17.01,['Likely%20benign'],10.94,0.07,0.0,0.8,0.8
MYO15A,17,18144580,NM_016239.4:c.6261C>G,NP_057323.3:p.Ser2087Arg,0.236,19.51,['Unknown%20significance'],10.94,0.07,0.0,-0.5,0.5
MYO15A,17,18144581,NM_016239.4:c.6262A>C,NP_057323.3:p.Ile2088Leu,0.215,4.594,['Likely%20benign'],0.06,0.0,0.0,0.4,0.4
MYO15A,17,18144581,NM_016239.4:c.6262A>G,NP_057323.3:p.Ile2088Val,0.187,1.168,['Likely%20benign'],0.06,0.0,0.0,0.5,0.5
MYO15A,17,18144584,NM_016239.4:c.6265T>C,NP_057323.3:p.Phe2089Leu,0.754,24.9,['Pathogenic'],0.0,0.0,0.0,1.9,1.9
MYO15A,17,18144587,NM_016239.4:c.6268A>C,NP_057323.3:p.Lys2090Gln,0.390,22.3,['Unknown%20significance'],13.11,0.05,0.0,-0.6,0.6
MYO15A,17,18144589,NM_016239.4:c.6270G>T,NP_057323.3:p.Lys2090Asn,0.305,21.9,['Unknown%20significance'],13.11,0.05,0.0,0.2,0.2
MYO15A,17,18144591,NM_016239.4:c.6272T>C,NP_057323.3:p.Leu2091Pro,0.876,33,['Unknown%20significance'],0.71,0.0,0.0,4.0,4.0
MYO15A,17,18145876,NM_016239.4:c.6278T>A,NP_057323.3:p.Leu2093Gln,0.881,28.4,['Unknown%20significance'],0.0,0.0,0.0,3.3,3.3
MYO15A,17,18145878,NM_016239.4:c.6280C>A,NP_057323.3:p.Arg2094Ser,0.834,25.8,['Unknown%20significance'],28.14,0.1,0.0,1.7,1.7
MYO15A,17,18145878,NM_016239.4:c.6280C>T,NP_057323.3:p.Arg2094Cys,0.783,28.6,['Unknown%20significance'],28.14,0.1,0.0,0.7,0.7
MYO15A,17,18145879,NM_016239.4:c.6281G>A,NP_057323.3:p.Arg2094His,0.867,31,['Pathogenic'],28.14,0.1,0.0,0.4,0.4
MYO15A,17,18145884,NM_016239.4:c.6286A>C,NP_057323.3:p.Met2096Leu,0.751,24.5,['Unknown%20significance'],0.0,0.0,0.0,0.7,0.7
MYO15A,17,18145884,NM_016239.4:c.6286A>G,NP_057323.3:p.Met2096Val,0.850,25.8,['Unknown%20significance'],0.0,0.0,0.0,1.6,1.6
MYO15A,17,18145884,NM_016239.4:c.6286A>T,NP_057323.3:p.Met2096Leu,0.751,24.6,['Unknown%20significance'],0.0,0.0,0.0,0.7,0.7
MYO15A,17,18145888,NM_016239.4:c.6290G>A,NP_057323.3:p.Gly2097Asp,0.762,28.8,['Unknown%20significance'],0.0,0.0,0.0,1.3,1.3
MYO15A,17,18145890,NM_016239.4:c.6292G>A,NP_057323.3:p.Asp2098Asn,0.685,29.0,['Unknown%20significance'],1.37,0.0,0.0,0.5,0.5
MYO15A,17,18145890,NM_016239.4:c.6292G>T,NP_057323.3:p.Asp2098Tyr,0.847,28.8,['Unknown%20significance'],1.37,0.0,0.0,-0.2,0.2
MYO15A,17,18145891,NM_016239.4:c.6293A>G,NP_057323.3:p.Asp2098Gly,0.817,28.3,['Unknown%20significance'],1.37,0.0,0.0,1.9,1.9
MYO15A,17,18145893,NM_016239.4:c.6295C>T,NP_057323.3:p.Pro2099Ser,0.398,18.12,['Unknown%20significance'],24.23,0.15,0.0,-0.1,0.1
MYO15A,17,18145894,NM_016239.4:c.6296C>G,NP_057323.3:p.Pro2099Arg,0.641,24.9,['Unknown%20significance'],24.23,0.15,0.0,-1.1,1.1
MYO15A,17,18145894,NM_016239.4:c.6296C>T,NP_057323.3:p.Pro2099Leu,0.576,25.0,['Unknown%20significance'],24.23,0.15,0.0,-0.9,0.9
MYO15A,17,18145896,NM_016239.4:c.6298C>A,NP_057323.3:p.His2100Asn,0.167,13.36,['Unknown%20significance'],77.85,0.37,0.0,0.3,0.3
MYO15A,17,18145896,NM_016239.4:c.6298C>T,NP_057323.3:p.His2100Tyr,0.252,14.40,['Unknown%20significance'],77.85,0.37,0.0,-0.4,0.4
MYO15A,17,18145897,NM_016239.4:c.6299A>C,NP_057323.3:p.His2100Pro,0.376,21.2,['Unknown%20significance'],77.85,0.37,0.0,0.4,0.4
MYO15A,17,18145897,NM_016239.4:c.6299A>T,NP_057323.3:p.His2100Leu,0.276,16.74,['Unknown%20significance'],77.85,0.37,0.0,0.2,0.2
MYO15A,17,18145898,NM_016239.4:c.6300C>A,NP_057323.3:p.His2100Gln,0.204,12.63,['Unknown%20significance'],77.85,0.37,0.0,0.1,0.1
MYO15A,17,18145900,NM_016239.4:c.6302T>A,NP_057323.3:p.Leu2101Gln,0.840,29.0,['Unknown%20significance'],0.23,0.0,0.0,1.3,1.3
MYO15A,17,18145900,NM_016239.4:c.6302T>C,NP_057323.3:p.Leu2101Pro,0.836,28.7,['Pathogenic'],0.23,0.0,0.0,2.0,2.0
MYO15A,17,18145903,NM_016239.4:c.6305A>C,NP_057323.3:p.His2102Pro,0.258,18.20,['Likely%20benign'],121.43,0.59,0.0,0.4,0.4
MYO15A,17,18145905,NM_016239.4:c.6307G>A,NP_057323.3:p.Gly2103Ser,0.385,23.1,['Unknown%20significance'],47.49,0.49,0.0,-0.2,0.2
MYO15A,17,18145906,NM_016239.4:c.6308G>A,NP_057323.3:p.Gly2103Asp,0.547,25.5,['Unknown%20significance'],47.49,0.49,0.0,-0.1,0.1
MYO15A,17,18145908,NM_016239.4:c.6310G>A,NP_057323.3:p.Ala2104Thr,0.110,13.55,['Likely%20benign'],25.89,0.2,0.0,-0.2,0.2
MYO15A,17,18145909,NM_016239.4:c.6311C>T,NP_057323.3:p.Ala2104Val,0.129,13.64,['Unknown%20significance'],25.89,0.2,0.0,-0.3,0.3
MYO15A,17,18145911,NM_016239.4:c.6313C>G,NP_057323.3:p.Arg2105Gly,0.447,23.3,['Unknown%20significance'],65.9,0.24,0.0,1.6,1.6
MYO15A,17,18145911,NM_016239.4:c.6313C>T,NP_057323.3:p.Arg2105Trp,0.546,26.0,['Unknown%20significance'],65.9,0.24,0.0,-0.2,0.2
MYO15A,17,18145912,NM_016239.4:c.6314G>A,NP_057323.3:p.Arg2105Gln,0.180,11.00,['Likely%20benign'],65.9,0.24,0.0,0.3,0.3
MYO15A,17,18145912,NM_016239.4:c.6314G>T,NP_057323.3:p.Arg2105Leu,0.248,17.89,['Likely%20benign'],65.9,0.24,0.0,0.1,0.1
MYO15A,17,18145914,NM_016239.4:c.6316G>A,NP_057323.3:p.Glu2106Lys,0.635,26.8,['Unknown%20significance'],4.71,0.02,0.0,0.4,0.4
MYO15A,17,18145915,NM_016239.4:c.6317A>T,NP_057323.3:p.Glu2106Val,0.669,27.3,['Unknown%20significance'],4.71,0.02,0.0,-0.6,0.6
MYO15A,17,18145923,NM_016239.4:c.6325T>C,NP_057323.3:p.Phe2109Leu,0.269,19.72,['Unknown%20significance'],0.0,0.0,0.0,-0.6,0.6
MYO15A,17,18145926,NM_016239.4:c.6328G>A,NP_057323.3:p.Gly2110Arg,0.844,26.4,['Pathogenic'],0.0,0.0,0.0,-1.3,1.3
MYO15A,17,18145926,NM_016239.4:c.6328G>T,NP_057323.3:p.Gly2110Trp,0.803,27.4,['Unknown%20significance'],0.0,0.0,0.0,-2.4,2.4
MYO15A,17,18145929,NM_016239.4:c.6331A>T,NP_057323.3:p.Asn2111Tyr,0.870,25.5,['Pathogenic'],2.28,0.01,0.0,-2.3,2.3
MYO15A,17,18145933,NM_016239.4:c.6335A>G,NP_057323.3:p.Tyr2112Cys,0.885,25.7,['Unknown%20significance'],7.73,0.03,0.0,2.3,2.3
MYO15A,17,18145935,NM_016239.4:c.6337A>G,NP_057323.3:p.Ile2113Val,0.503,20.8,['Unknown%20significance'],0.0,0.0,0.0,1.3,1.3
MYO15A,17,18145935,NM_016239.4:c.6337A>T,NP_057323.3:p.Ile2113Phe,0.910,24.1,['Likely%20pathogenic'],0.0,0.0,0.0,1.5,1.5
MYO15A,17,18145936,NM_016239.4:c.6338T>A,NP_057323.3:p.Ile2113Asn,0.926,25.8,['Pathogenic'],0.0,0.0,0.0,5.8,5.8
MYO15A,17,18145936,NM_016239.4:c.6338T>C,NP_057323.3:p.Ile2113Thr,0.953,25.1,['Unknown%20significance'],0.0,0.0,0.0,4.3,4.3
MYO15A,17,18145937,NM_016239.4:c.6339C>G,NP_057323.3:p.Ile2113Met,0.807,10.80,['Unknown%20significance'],0.0,0.0,0.0,2.2,2.2
MYO15A,17,18145938,NM_016239.4:c.6340G>A,NP_057323.3:p.Val2114Met,0.715,22.8,['Pathogenic'],0.0,0.0,0.0,0.8,0.8
MYO15A,17,18145939,NM_016239.4:c.6341T>G,NP_057323.3:p.Val2114Gly,0.921,25.6,['Unknown%20significance'],0.0,0.0,0.0,4.8,4.8
MYO15A,17,18145942,NM_016239.4:c.6344A>G,NP_057323.3:p.Gln2115Arg,0.738,23.5,['Unknown%20significance'],24.53,0.12,0.0,-0.2,0.2
MYO15A,17,18145945,NM_016239.4:c.6347A>C,NP_057323.3:p.Lys2116Thr,0.721,24.7,['Unknown%20significance'],18.5,0.07,0.0,-0.7,0.7
MYO15A,17,18145947,NM_016239.4:c.6349G>T,NP_057323.3:p.Gly2117Trp,0.907,29.9,['Unknown%20significance'],0.0,0.0,0.0,-1.5,1.5
MYO15A,17,18145950,NM_016239.4:c.6352C>A,NP_057323.3:p.Leu2118Met,0.700,23.8,['Unknown%20significance'],6.07,0.03,0.0,0.7,0.7
MYO15A,17,18145951,NM_016239.4:c.6353T>A,NP_057323.3:p.Leu2118Gln,0.817,25.0,['Unknown%20significance'],6.07,0.03,0.0,2.5,2.5
MYO15A,17,18145953,NM_016239.4:c.6355G>A,NP_057323.3:p.Ala2119Thr,0.167,20.3,['Likely%20benign'],64.01,0.5,0.0,-0.2,0.2
MYO15A,17,18145954,NM_016239.4:c.6356C>A,NP_057323.3:p.Ala2119Glu,0.479,19.01,['Likely%20benign'],64.01,0.5,0.0,0.0,0.0
MYO15A,17,18145954,NM_016239.4:c.6356C>T,NP_057323.3:p.Ala2119Val,0.188,13.78,['Unknown%20significance'],64.01,0.5,0.0,-0.4,0.4
MYO15A,17,18145957,NM_016239.4:c.6359T>G,NP_057323.3:p.Val2120Gly,0.159,11.01,['Likely%20benign'],41.54,0.24,0.0,1.4,1.4
MYO15A,17,18145959,NM_016239.4:c.6361C>T,NP_057323.3:p.Pro2121Ser,0.318,22.0,['Unknown%20significance'],46.23,0.29,0.0,0.4,0.4
MYO15A,17,18145960,NM_016239.4:c.6362C>G,NP_057323.3:p.Pro2121Arg,0.533,24.0,['Unknown%20significance'],46.23,0.29,0.0,-0.2,0.2
MYO15A,17,18145962,NM_016239.4:c.6364G>A,NP_057323.3:p.Glu2122Lys,0.356,21.8,['Unknown%20significance'],79.25,0.4,0.0,0.3,0.3
MYO15A,17,18145962,NM_016239.4:c.6364G>C,NP_057323.3:p.Glu2122Gln,0.373,22.8,['Unknown%20significance'],79.25,0.4,0.0,-0.1,0.1
MYO15A,17,18145963,NM_016239.4:c.6365A>G,NP_057323.3:p.Glu2122Gly,0.235,18.25,['Likely%20benign'],79.25,0.4,0.0,0.5,0.5
MYO15A,17,18145964,NM_016239.4:c.6366G>T,NP_057323.3:p.Glu2122Asp,0.329,10.54,['Likely%20benign'],79.25,0.4,0.0,0.2,0.2
MYO15A,17,18145965,NM_016239.4:c.6367C>A,NP_057323.3:p.Leu2123Met,0.748,24.5,['Unknown%20significance'],2.08,0.01,0.0,1.4,1.4
MYO15A,17,18145966,NM_016239.4:c.6368T>C,NP_057323.3:p.Leu2123Pro,0.970,27.8,['Unknown%20significance'],2.08,0.01,0.0,4.0,4.0
MYO15A,17,18145968,NM_016239.4:c.6370C>G,NP_057323.3:p.Arg2124Gly,0.920,24.5,['Unknown%20significance'],0.0,0.0,0.0,4.1,4.1
MYO15A,17,18145968,NM_016239.4:c.6370C>T,NP_057323.3:p.Arg2124Trp,0.871,25.5,['Pathogenic'],0.0,0.0,0.0,0.6,0.6
MYO15A,17,18145969,NM_016239.4:c.6371G>A,NP_057323.3:p.Arg2124Gln,0.922,28.6,['Likely%20pathogenic'],0.0,0.0,0.0,2.0,2.0
MYO15A,17,18145971,NM_016239.4:c.6373G>T,NP_057323.3:p.Asp2125Tyr,0.936,32,['Unknown%20significance'],9.54,0.05,0.0,-0.9,0.9
MYO15A,17,18145972,NM_016239.4:c.6374A>T,NP_057323.3:p.Asp2125Val,0.931,28.5,['Unknown%20significance'],9.54,0.05,0.0,-0.4,0.4
MYO15A,17,18145973,NM_016239.4:c.6375T>G,NP_057323.3:p.Asp2125Glu,0.734,13.44,['Unknown%20significance'],9.54,0.05,0.0,0.5,0.5
MYO15A,17,18145976,NM_016239.4:c.6378G>C,NP_057323.3:p.Glu2126Asp,0.908,25.9,['Unknown%20significance'],0.0,0.0,0.0,0.7,0.7
MYO15A,17,18145977,NM_016239.4:c.6379A>G,NP_057323.3:p.Ile2127Val,0.664,23.4,['Unknown%20significance'],0.0,0.0,0.0,1.2,1.2
MYO15A,17,18145978,NM_016239.4:c.6380T>C,NP_057323.3:p.Ile2127Thr,0.962,27.0,['Unknown%20significance'],0.0,0.0,0.0,3.8,3.8
MYO15A,17,18145984,NM_016239.4:c.6386C>T,NP_057323.3:p.Ala2129Val,0.230,15.70,['Unknown%20significance'],0.0,0.0,0.0,-1.8,1.8
MYO15A,17,18145987,NM_016239.4:c.6389A>G,NP_057323.3:p.Gln2130Arg,0.968,26.8,['Unknown%20significance'],0.0,0.0,0.0,0.6,0.6
MYO15A,17,18145995,NM_016239.4:c.6397A>G,NP_057323.3:p.Asn2133Asp,0.840,26.8,['Unknown%20significance'],0.0,0.0,0.0,0.9,0.9
MYO15A,17,18145996,NM_016239.4:c.6398A>G,NP_057323.3:p.Asn2133Ser,0.755,23.7,['Unknown%20significance'],0.0,0.0,0.0,0.3,0.3
MYO15A,17,18146001,NM_016239.4:c.6403G>A,NP_057323.3:p.Val2135Met,0.745,27.1,['Unknown%20significance'],0.0,0.0,0.0,0.1,0.1
MYO15A,17,18146001,NM_016239.4:c.6403G>C,NP_057323.3:p.Val2135Leu,0.482,24.4,['Unknown%20significance'],0.0,0.0,0.0,-0.8,0.8
MYO15A,17,18146001,NM_016239.4:c.6403G>T,NP_057323.3:p.Val2135Leu,0.484,24.3,['Pathogenic'],0.0,0.0,0.0,-0.8,0.8
MYO15A,17,18146002,NM_016239.4:c.6404T>G,NP_057323.3:p.Val2135Gly,0.877,28.0,['Unknown%20significance'],0.0,0.0,0.0,3.0,3.0
MYO15A,17,18146004,NM_016239.4:c.6406T>G,NP_057323.3:p.Trp2136Gly,0.808,32,['Unknown%20significance'],41.97,0.16,0.0,2.4,2.4
MYO15A,17,18146006,NM_016239.4:c.6408G>C,NP_057323.3:p.Trp2136Cys,0.827,31,['Unknown%20significance'],41.97,0.16,0.0,1.0,1.0
MYO15A,17,18146009,NM_016239.4:c.6411C>A,NP_057323.3:p.His2137Gln,0.255,14.47,['Likely%20benign'],43.32,0.21,0.0,0.2,0.2
MYO15A,17,18146010,NM_016239.4:c.6412A>G,NP_057323.3:p.Asn2138Asp,0.831,27.7,['Unknown%20significance'],7.99,0.05,0.0,0.8,0.8
MYO15A,17,18146011,NM_016239.4:c.6413A>G,NP_057323.3:p.Asn2138Ser,0.812,26.0,['Unknown%20significance'],7.99,0.05,0.0,1.0,1.0
MYO15A,17,18146018,NM_016239.4:c.6420T>A,NP_057323.3:p.Asn2140Lys,0.334,7.915,['Likely%20benign'],34.88,0.21,0.0,0.6,0.6
MYO15A,17,18146019,NM_016239.4:c.6421G>A,NP_057323.3:p.Ala2141Thr,0.107,9.411,['Likely%20benign'],25.68,0.2,0.0,-0.5,0.5
MYO15A,17,18146020,NM_016239.4:c.6422C>G,NP_057323.3:p.Ala2141Gly,0.145,16.12,['Likely%20benign'],25.68,0.2,0.0,0.6,0.6
MYO15A,17,18146020,NM_016239.4:c.6422C>T,NP_057323.3:p.Ala2141Val,0.153,15.37,['Likely%20benign'],25.68,0.2,0.0,-0.3,0.3
MYO15A,17,18146025,NM_016239.4:c.6427A>G,NP_057323.3:p.Asn2143Asp,0.787,26.2,['Unknown%20significance'],0.0,0.0,0.0,0.5,0.5
MYO15A,17,18146026,NM_016239.4:c.6428A>G,NP_057323.3:p.Asn2143Ser,0.542,25.7,['Unknown%20significance'],0.0,0.0,0.0,-0.2,0.2
MYO15A,17,18146031,NM_016239.4:c.6433G>A,NP_057323.3:p.Glu2145Lys,0.386,23.9,['Unknown%20significance'],0.0,0.0,0.0,0.8,0.8
MYO15A,17,18146033,NM_016239.4:c.6435G>C,NP_057323.3:p.Glu2145Asp,0.381,23.2,['Unknown%20significance'],0.0,0.0,0.0,0.3,0.3
MYO15A,17,18146034,NM_016239.4:c.6436C>G,NP_057323.3:p.Arg2146Gly,0.801,24.9,['Unknown%20significance'],0.19,0.0,0.0,3.4,3.4
MYO15A,17,18146034,NM_016239.4:c.6436C>T,NP_057323.3:p.Arg2146Trp,0.729,25.2,['Pathogenic'],0.19,0.0,0.0,0.0,0.0
MYO15A,17,18146035,NM_016239.4:c.6437G>A,NP_057323.3:p.Arg2146Gln,0.819,29.2,['Pathogenic'],0.19,0.0,0.0,1.2,1.2
MYO15A,17,18146040,NM_016239.4:c.6442T>A,NP_057323.3:p.Trp2148Arg,0.932,29.6,['Likely%20pathogenic'],0.0,0.0,0.0,5.9,5.9
MYO15A,17,18146044,NM_016239.4:c.6446T>G,NP_057323.3:p.Leu2149Arg,0.840,27.6,['Unknown%20significance'],8.28,0.04,0.0,2.0,2.0
MYO15A,17,18146047,NM_016239.4:c.6449T>A,NP_057323.3:p.Leu2150Gln,0.947,28.2,['Unknown%20significance'],0.0,0.0,0.0,5.6,5.6
MYO15A,17,18146047,NM_016239.4:c.6449T>C,NP_057323.3:p.Leu2150Pro,0.975,29.4,['Unknown%20significance'],0.0,0.0,0.0,6.1,6.1
MYO15A,17,18146049,NM_016239.4:c.6451C>A,NP_057323.3:p.Leu2151Met,0.519,22.6,['Likely%20benign'],0.0,0.0,0.0,1.7,1.7
MYO15A,17,18146050,NM_016239.4:c.6452T>C,NP_057323.3:p.Leu2151Pro,0.970,29.3,['Unknown%20significance'],0.0,0.0,0.0,5.7,5.7
MYO15A,17,18146052,NM_016239.4:c.6454G>A,NP_057323.3:p.Ala2152Thr,0.653,26.1,['Unknown%20significance'],0.0,0.0,0.0,0.9,0.9
MYO15A,17,18146055,NM_016239.4:c.6457G>A,NP_057323.3:p.Ala2153Thr,0.221,1.799,['Unknown%20significance'],0.13,0.0,0.0,0.4,0.4
MYO15A,17,18146059,NM_016239.4:c.6461G>A,NP_057323.3:p.Cys2154Tyr,0.888,26.6,['Pathogenic'],0.0,0.0,0.0,1.3,1.3
MYO15A,17,18146061,NM_016239.4:c.6463C>G,NP_057323.3:p.Leu2155Val,0.464,22.2,['Unknown%20significance'],0.0,0.0,0.0,0.4,0.4
MYO15A,17,18146061,NM_016239.4:c.6463C>T,NP_057323.3:p.Leu2155Phe,0.797,25.6,['Unknown%20significance'],0.0,0.0,0.0,0.6,0.6
MYO15A,17,18146064,NM_016239.4:c.6466A>C,NP_057323.3:p.Ser2156Arg,0.868,23.4,['Unknown%20significance'],0.0,0.0,0.0,-0.2,0.2
MYO15A,17,18146064,NM_016239.4:c.6466A>G,NP_057323.3:p.Ser2156Gly,0.455,16.96,['Unknown%20significance'],0.0,0.0,0.0,0.1,0.1
MYO15A,17,18146065,NM_016239.4:c.6467G>A,NP_057323.3:p.Ser2156Asn,0.656,25.0,['Unknown%20significance'],0.0,0.0,0.0,0.3,0.3
MYO15A,17,18146066,NM_016239.4:c.6468T>A,NP_057323.3:p.Ser2156Arg,0.626,14.71,['Likely%20benign'],0.0,0.0,0.0,-0.2,0.2
MYO15A,17,18146066,NM_016239.4:c.6468T>G,NP_057323.3:p.Ser2156Arg,0.624,15.99,['Unknown%20significance'],0.0,0.0,0.0,-0.2,0.2
MYO15A,17,18146071,NM_016239.4:c.6473T>C,NP_057323.3:p.Phe2158Ser,0.939,31,['Unknown%20significance'],0.0,0.0,0.0,6.4,6.4
MYO15A,17,18146074,NM_016239.4:c.6476C>T,NP_057323.3:p.Ala2159Val,0.519,22.1,['Unknown%20significance'],0.0,0.0,0.0,-0.9,0.9
MYO15A,17,18146076,NM_016239.4:c.6478C>T,NP_057323.3:p.Pro2160Ser,0.824,25.2,['Unknown%20significance'],0.0,0.0,0.0,2.2,2.2
MYO15A,17,18146077,NM_016239.4:c.6479C>T,NP_057323.3:p.Pro2160Leu,0.851,27.2,['Pathogenic'],0.0,0.0,0.0,0.5,0.5
MYO15A,17,18146082,NM_016239.4:c.6484C>A,NP_057323.3:p.Pro2162Thr,0.142,7.480,['Likely%20benign'],84.15,0.53,0.0,-0.1,0.1
MYO15A,17,18146082,NM_016239.4:c.6484C>G,NP_057323.3:p.Pro2162Ala,0.130,4.745,['Likely%20benign'],84.15,0.53,0.0,0.0,0.0
MYO15A,17,18146083,NM_016239.4:c.6485C>G,NP_057323.3:p.Pro2162Arg,0.354,22.7,['Unknown%20significance'],84.15,0.53,0.0,-0.2,0.2
MYO15A,17,18146083,NM_016239.4:c.6485C>T,NP_057323.3:p.Pro2162Leu,0.297,21.2,['Unknown%20significance'],84.15,0.53,0.0,-0.2,0.2
MYO15A,17,18146085,NM_016239.4:c.6487T>G,NP_057323.3:p.Cys2163Gly,0.189,15.31,['Likely%20benign'],90.83,0.58,0.0,0.4,0.4
MYO15A,17,18146087,NM_016239.4:c.6489C>G,NP_057323.3:p.Cys2163Trp,0.280,21.8,['Unknown%20significance'],90.83,0.58,0.0,-0.5,0.5
MYO15A,17,18146088,NM_016239.4:c.6490T>G,NP_057323.3:p.Phe2164Val,0.221,22.0,['Unknown%20significance'],0.0,0.0,0.0,1.5,1.5
MYO15A,17,18146092,NM_016239.4:c.6494A>G,NP_057323.3:p.Asn2165Ser,0.335,7.528,['Likely%20benign'],4.69,0.02,0.0,0.2,0.2
MYO15A,17,18146093,NM_016239.4:c.6495C>A,NP_057323.3:p.Asn2165Lys,0.318,23.1,['Unknown%20significance'],4.69,0.02,0.0,0.3,0.3
MYO15A,17,18146097,NM_016239.4:c.6499T>A,NP_057323.3:p.Tyr2167Asn,0.707,26.8,['Unknown%20significance'],32.72,0.13,0.0,3.4,3.4
MYO15A,17,18146097,NM_016239.4:c.6499T>C,NP_057323.3:p.Tyr2167His,0.591,23.1,['Unknown%20significance'],32.72,0.13,0.0,2.0,2.0
MYO15A,17,18146100,NM_016239.4:c.6502C>T,NP_057323.3:p.Leu2168Phe,0.892,25.2,['Unknown%20significance'],0.0,0.0,0.0,1.0,1.0
MYO15A,17,18146101,NM_016239.4:c.6503T>G,NP_057323.3:p.Leu2168Arg,0.977,29.6,['Unknown%20significance'],0.0,0.0,0.0,4.0,4.0
MYO15A,17,18146104,NM_016239.4:c.6506T>C,NP_057323.3:p.Leu2169Pro,0.920,31,['Unknown%20significance'],0.0,0.0,0.0,3.5,3.5
MYO15A,17,18146106,NM_016239.4:c.6508A>C,NP_057323.3:p.Lys2170Gln,0.846,33,['Unknown%20significance'],0.0,0.0,0.0,-0.7,0.7
MYO15A,17,18148034,NM_016239.4:c.6515T>C,NP_057323.3:p.Val2172Ala,0.881,26.9,['Unknown%20significance'],0.0,0.0,0.0,2.6,2.6
MYO15A,17,18148036,NM_016239.4:c.6517T>A,NP_057323.3:p.Ser2173Thr,0.692,25.9,['Unknown%20significance'],0.61,0.0,0.0,-0.5,0.5
MYO15A,17,18148036,NM_016239.4:c.6517T>C,NP_057323.3:p.Ser2173Pro,0.898,27.9,['Unknown%20significance'],0.61,0.0,0.0,0.4,0.4
MYO15A,17,18148037,NM_016239.4:c.6518C>T,NP_057323.3:p.Ser2173Phe,0.822,27.2,['Unknown%20significance'],0.61,0.0,0.0,-1.7,1.7
MYO15A,17,18148039,NM_016239.4:c.6520G>A,NP_057323.3:p.Asp2174Asn,0.661,32,['Unknown%20significance'],20.99,0.13,0.0,-0.1,0.1
MYO15A,17,18148039,NM_016239.4:c.6520G>C,NP_057323.3:p.Asp2174His,0.801,28.2,['Unknown%20significance'],20.99,0.13,0.0,-0.4,0.4
MYO15A,17,18148043,NM_016239.4:c.6524A>G,NP_057323.3:p.Tyr2175Cys,0.712,27.8,['Unknown%20significance'],59.54,0.24,0.0,1.4,1.4
MYO15A,17,18148045,NM_016239.4:c.6526G>A,NP_057323.3:p.Gly2176Arg,0.788,33,['Unknown%20significance'],0.05,0.0,0.0,-1.1,1.1
MYO15A,17,18148048,NM_016239.4:c.6529C>T,NP_057323.3:p.Arg2177Trp,0.327,26.1,['Unknown%20significance'],52.74,0.19,0.0,-0.5,0.5
MYO15A,17,18148049,NM_016239.4:c.6530G>A,NP_057323.3:p.Arg2177Gln,0.163,3.935,['Unknown%20significance'],52.74,0.19,0.0,0.4,0.4
MYO15A,17,18148051,NM_016239.4:c.6532A>G,NP_057323.3:p.Asn2178Asp,0.104,13.90,['Unknown%20significance'],120.57,0.75,0.0,0.1,0.1
MYO15A,17,18148061,NM_016239.4:c.6542A>G,NP_057323.3:p.Gln2181Arg,0.539,23.5,['Unknown%20significance'],48.28,0.24,0.0,-0.3,0.3
MYO15A,17,18148063,NM_016239.4:c.6544G>A,NP_057323.3:p.Ala2182Thr,0.629,25.8,['Unknown%20significance'],0.0,0.0,0.0,0.3,0.3
MYO15A,17,18148063,NM_016239.4:c.6544G>C,NP_057323.3:p.Ala2182Pro,0.554,22.4,['Unknown%20significance'],0.0,0.0,0.0,0.4,0.4
MYO15A,17,18148066,NM_016239.4:c.6547G>C,NP_057323.3:p.Val2183Leu,0.269,18.22,['Unknown%20significance'],0.0,0.0,0.0,-0.1,0.1
MYO15A,17,18148069,NM_016239.4:c.6550T>C,NP_057323.3:p.Cys2184Arg,0.704,27.0,['Unknown%20significance'],0.0,0.0,0.0,3.0,3.0
MYO15A,17,18148069,NM_016239.4:c.6550T>G,NP_057323.3:p.Cys2184Gly,0.624,23.9,['Unknown%20significance'],0.0,0.0,0.0,4.5,4.5
MYO15A,17,18148070,NM_016239.4:c.6551G>C,NP_057323.3:p.Cys2184Ser,0.704,26.4,['Unknown%20significance'],0.0,0.0,0.0,3.5,3.5
MYO15A,17,18148073,NM_016239.4:c.6554A>T,NP_057323.3:p.Gln2185Leu,0.726,29.3,['Unknown%20significance'],0.0,0.0,0.0,-1.6,1.6
MYO15A,17,18148078,NM_016239.4:c.6559C>T,NP_057323.3:p.Arg2187Cys,0.743,28.6,['Pathogenic'],4.51,0.01,0.0,1.1,1.1
MYO15A,17,18148079,NM_016239.4:c.6560G>A,NP_057323.3:p.Arg2187His,0.662,27.8,['Likely%20benign'],4.51,0.01,0.0,0.6,0.6
MYO15A,17,18148079,NM_016239.4:c.6560G>C,NP_057323.3:p.Arg2187Pro,0.777,29.6,['Unknown%20significance'],4.51,0.01,0.0,2.1,2.1
MYO15A,17,18148079,NM_016239.4:c.6560G>T,NP_057323.3:p.Arg2187Leu,0.717,28.0,['Unknown%20significance'],4.51,0.01,0.0,0.1,0.1
MYO15A,17,18148081,NM_016239.4:c.6562C>T,NP_057323.3:p.Leu2188Phe,0.844,24.5,['Unknown%20significance'],0.0,0.0,0.0,0.9,0.9
MYO15A,17,18148082,NM_016239.4:c.6563T>C,NP_057323.3:p.Leu2188Pro,0.926,29.8,['Unknown%20significance'],0.0,0.0,0.0,4.4,4.4
MYO15A,17,18148084,NM_016239.4:c.6565A>G,NP_057323.3:p.Met2189Val,0.299,20.3,['Unknown%20significance'],6.2,0.02,0.0,-0.1,0.1
MYO15A,17,18148085,NM_016239.4:c.6566T>G,NP_057323.3:p.Met2189Arg,0.584,24.3,['Unknown%20significance'],6.2,0.02,0.0,0.5,0.5
MYO15A,17,18148086,NM_016239.4:c.6567G>T,NP_057323.3:p.Met2189Ile,0.249,19.16,['Unknown%20significance'],6.2,0.02,0.0,-0.4,0.4
MYO15A,17,18148087,NM_016239.4:c.6568C>A,NP_057323.3:p.Gln2190Lys,0.609,23.2,['Unknown%20significance'],6.88,0.03,0.0,0.6,0.6
MYO15A,17,18148088,NM_016239.4:c.6569A>G,NP_057323.3:p.Gln2190Arg,0.549,23.6,['Unknown%20significance'],6.88,0.03,0.0,-0.6,0.6
MYO15A,17,18148090,NM_016239.4:c.6571G>A,NP_057323.3:p.Ala2191Thr,0.600,27.5,['Unknown%20significance'],0.0,0.0,0.0,-0.6,0.6
MYO15A,17,18148093,NM_016239.4:c.6574A>G,NP_057323.3:p.Met2192Val,0.290,20.8,['Unknown%20significance'],19.77,0.09,0.0,0.1,0.1
MYO15A,17,18148094,NM_016239.4:c.6575T>C,NP_057323.3:p.Met2192Thr,0.590,23.3,['Unknown%20significance'],19.77,0.09,0.0,1.1,1.1
MYO15A,17,18148097,NM_016239.4:c.6578G>A,NP_057323.3:p.Gly2193Asp,0.239,20.9,['Unknown%20significance'],36.8,0.38,0.0,-0.2,0.2
MYO15A,17,18148099,NM_016239.4:c.6580C>T,NP_057323.3:p.Arg2194Trp,0.308,23.4,['Unknown%20significance'],10.26,0.03,0.0,-0.4,0.4
MYO15A,17,18148100,NM_016239.4:c.6581G>A,NP_057323.3:p.Arg2194Gln,0.239,12.39,['Unknown%20significance'],10.26,0.03,0.0,0.6,0.6
MYO15A,17,18148103,NM_016239.4:c.6584C>G,NP_057323.3:p.Ala2195Gly,0.298,16.35,['Unknown%20significance'],8.42,0.06,0.0,0.8,0.8
MYO15A,17,18148106,NM_016239.4:c.6587A>C,NP_057323.3:p.Gln2196Pro,0.612,24.5,['Unknown%20significance'],178.95,0.9,0.0,0.2,0.2
MYO15A,17,18148108,NM_016239.4:c.6589C>A,NP_057323.3:p.Gln2197Lys,0.523,23.5,['Unknown%20significance'],94.91,0.47,0.0,0.4,0.4
MYO15A,17,18148108,NM_016239.4:c.6589C>G,NP_057323.3:p.Gln2197Glu,0.503,22.1,['Unknown%20significance'],94.91,0.47,0.0,0.3,0.3
MYO15A,17,18148109,NM_016239.4:c.6590A>G,NP_057323.3:p.Gln2197Arg,0.567,22.9,['Unknown%20significance'],94.91,0.47,0.0,-0.2,0.2
MYO15A,17,18148110,NM_016239.4:c.6591G>T,NP_057323.3:p.Gln2197His,0.559,22.5,['Unknown%20significance'],94.91,0.47,0.0,-0.1,0.1
MYO15A,17,18148111,NM_016239.4:c.6592C>G,NP_057323.3:p.Gln2198Glu,0.232,17.35,['Unknown%20significance'],36.75,0.18,0.0,0.4,0.4
MYO15A,17,18148112,NM_016239.4:c.6593A>C,NP_057323.3:p.Gln2198Pro,0.426,21.4,['Unknown%20significance'],36.75,0.18,0.0,0.5,0.5
MYO15A,17,18148113,NM_016239.4:c.6594G>C,NP_057323.3:p.Gln2198His,0.195,15.65,['Unknown%20significance'],36.75,0.18,0.0,-0.1,0.1
MYO15A,17,18148115,NM_016239.4:c.6596G>A,NP_057323.3:p.Gly2199Asp,0.564,23.6,['Unknown%20significance'],36.32,0.38,0.0,-0.2,0.2
MYO15A,17,18148118,NM_016239.4:c.6599C>T,NP_057323.3:p.Ser2200Leu,0.169,12.94,['Unknown%20significance'],57.39,0.41,0.0,-0.3,0.3
MYO15A,17,18148120,NM_016239.4:c.6601G>C,NP_057323.3:p.Gly2201Arg,0.094,13.17,['Unknown%20significance'],27.81,0.29,0.0,-0.7,0.7
MYO15A,17,18148120,NM_016239.4:c.6601G>T,NP_057323.3:p.Gly2201Trp,0.505,22.8,['Unknown%20significance'],27.81,0.29,0.0,-1.0,1.0
MYO15A,17,18148123,NM_016239.4:c.6604G>A,NP_057323.3:p.Ala2202Thr,0.126,14.12,['Unknown%20significance'],15.05,0.11,0.0,-0.3,0.3
MYO15A,17,18148123,NM_016239.4:c.6604G>T,NP_057323.3:p.Ala2202Ser,0.294,17.53,['Unknown%20significance'],15.05,0.11,0.0,0.1,0.1
MYO15A,17,18148129,NM_016239.4:c.6610C>T,NP_057323.3:p.Arg2204Cys,0.883,24.7,['Likely%20pathogenic'],4.03,0.01,0.0,2.0,2.0
MYO15A,17,18148130,NM_016239.4:c.6611G>A,NP_057323.3:p.Arg2204His,0.959,26.2,['Likely%20pathogenic'],4.03,0.01,0.0,1.0,1.0
MYO15A,17,18148130,NM_016239.4:c.6611G>T,NP_057323.3:p.Arg2204Leu,0.956,26.2,['Likely%20pathogenic'],4.03,0.01,0.0,0.9,0.9
MYO15A,17,18148132,NM_016239.4:c.6613A>G,NP_057323.3:p.Thr2205Ala,0.459,16.02,['Unknown%20significance'],9.7,0.06,0.0,0.4,0.4
MYO15A,17,18148133,NM_016239.4:c.6614C>A,NP_057323.3:p.Thr2205Asn,0.298,17.37,['Unknown%20significance'],9.7,0.06,0.0,0.4,0.4
MYO15A,17,18148133,NM_016239.4:c.6614C>T,NP_057323.3:p.Thr2205Ile,0.796,23.6,['Unknown%20significance'],9.7,0.06,0.0,-0.2,0.2
MYO15A,17,18148135,NM_016239.4:c.6616T>A,NP_057323.3:p.Leu2206Ile,0.342,22.8,['Unknown%20significance'],0.24,0.0,0.0,0.2,0.2
MYO15A,17,18148136,NM_016239.4:c.6617T>C,NP_057323.3:p.Leu2206Ser,0.319,23.1,['Unknown%20significance'],0.24,0.0,0.0,1.5,1.5
MYO15A,17,18148138,NM_016239.4:c.6619C>A,NP_057323.3:p.Pro2207Thr,0.780,24.2,['Unknown%20significance'],0.0,0.0,0.0,1.3,1.3
MYO15A,17,18148138,NM_016239.4:c.6619C>T,NP_057323.3:p.Pro2207Ser,0.744,24.6,['Unknown%20significance'],0.0,0.0,0.0,1.8,1.8
MYO15A,17,18148139,NM_016239.4:c.6620C>A,NP_057323.3:p.Pro2207His,0.782,24.8,['Unknown%20significance'],0.0,0.0,0.0,1.2,1.2
MYO15A,17,18148139,NM_016239.4:c.6620C>G,NP_057323.3:p.Pro2207Arg,0.840,24.8,['Unknown%20significance'],0.0,0.0,0.0,1.1,1.1
MYO15A,17,18148139,NM_016239.4:c.6620C>T,NP_057323.3:p.Pro2207Leu,0.735,25.1,['Unknown%20significance'],0.0,0.0,0.0,0.6,0.6
MYO15A,17,18148141,NM_016239.4:c.6622C>T,NP_057323.3:p.Pro2208Ser,0.674,23.7,['Unknown%20significance'],0.15,0.0,0.0,2.2,2.2
MYO15A,17,18148142,NM_016239.4:c.6623C>T,NP_057323.3:p.Pro2208Leu,0.373,11.52,['Unknown%20significance'],0.15,0.0,0.0,0.8,0.8
MYO15A,17,18148144,NM_016239.4:c.6625A>T,NP_057323.3:p.Thr2209Ser,0.297,16.05,['Unknown%20significance'],1.9,0.01,0.0,0.5,0.5
MYO15A,17,18148149,NM_016239.4:c.6630G>C,NP_057323.3:p.Gln2210His,0.467,19.23,['Unknown%20significance'],38.51,0.19,0.0,-0.3,0.3
MYO15A,17,18148149,NM_016239.4:c.6630G>T,NP_057323.3:p.Gln2210His,0.468,19.19,['Unknown%20significance'],38.51,0.19,0.0,-0.3,0.3
MYO15A,17,18148153,NM_016239.4:c.6634G>A,NP_057323.3:p.Glu2212Lys,0.946,27.9,['Pathogenic'],0.0,0.0,0.0,0.7,0.7
MYO15A,17,18148153,NM_016239.4:c.6634G>C,NP_057323.3:p.Glu2212Gln,0.928,26.0,['Unknown%20significance'],0.0,0.0,0.0,-0.3,0.3
MYO15A,17,18148154,NM_016239.4:c.6635A>G,NP_057323.3:p.Glu2212Gly,0.968,29.0,['Likely%20pathogenic'],0.0,0.0,0.0,1.8,1.8
MYO15A,17,18148160,NM_016239.4:c.6641C>T,NP_057323.3:p.Thr2214Ile,0.204,0.184,['Unknown%20significance'],55.16,0.35,0.0,-0.5,0.5
MYO15A,17,18148163,NM_016239.4:c.6644C>T,NP_057323.3:p.Ala2215Val,0.498,18.53,['Unknown%20significance'],0.0,0.0,0.0,-0.0,0.0
MYO15A,17,18148165,NM_016239.4:c.6646A>T,NP_057323.3:p.Thr2216Ser,0.154,6.696,['Unknown%20significance'],0.01,0.0,0.0,1.0,1.0
MYO15A,17,18148169,NM_016239.4:c.6650A>G,NP_057323.3:p.Tyr2217Cys,0.346,23.7,['Unknown%20significance'],73.82,0.3,0.0,1.4,1.4
MYO15A,17,18148171,NM_016239.4:c.6652G>A,NP_057323.3:p.Glu2218Lys,0.208,15.87,['Unknown%20significance'],79.08,0.4,0.0,0.5,0.5
MYO15A,17,18148176,NM_016239.4:c.6657G>C,NP_057323.3:p.Lys2219Asn,0.486,23.3,['Unknown%20significance'],2.51,0.01,0.0,-0.2,0.2
MYO15A,17,18148178,NM_016239.4:c.6659C>T,NP_057323.3:p.Ala2220Val,0.518,21.6,['Unknown%20significance'],0.58,0.0,0.0,-0.6,0.6
MYO15A,17,18148180,NM_016239.4:c.6661A>C,NP_057323.3:p.Ser2221Arg,0.183,7.221,['Unknown%20significance'],23.94,0.17,0.0,-0.2,0.2
MYO15A,17,18148182,NM_016239.4:c.6663C>A,NP_057323.3:p.Ser2221Arg,0.166,9.936,['Unknown%20significance'],23.94,0.17,0.0,-0.2,0.2
MYO15A,17,18148183,NM_016239.4:c.6664A>G,NP_057323.3:p.Met2222Val,0.626,22.2,['Unknown%20significance'],10.06,0.04,0.0,-0.2,0.2
MYO15A,17,18148184,NM_016239.4:c.6665T>G,NP_057323.3:p.Met2222Arg,0.902,24.7,['Unknown%20significance'],10.06,0.04,0.0,1.6,1.6
MYO15A,17,18148185,NM_016239.4:c.6666G>A,NP_057323.3:p.Met2222Ile,0.609,23.1,['Unknown%20significance'],10.06,0.04,0.0,-0.7,0.7
MYO15A,17,18148187,NM_016239.4:c.6668C>A,NP_057323.3:p.Ala2223Glu,0.732,18.26,['Unknown%20significance'],0.0,0.0,0.0,1.3,1.3
MYO15A,17,18148187,NM_016239.4:c.6668C>G,NP_057323.3:p.Ala2223Gly,0.531,19.20,['Unknown%20significance'],0.0,0.0,0.0,1.8,1.8
MYO15A,17,18148187,NM_016239.4:c.6668C>T,NP_057323.3:p.Ala2223Val,0.160,6.745,['Unknown%20significance'],0.0,0.0,0.0,-1.7,1.7
MYO15A,17,18148189,NM_016239.4:c.6670C>G,NP_057323.3:p.Leu2224Val,0.577,16.66,['Unknown%20significance'],4.52,0.02,0.0,0.7,0.7
MYO15A,17,18148192,NM_016239.4:c.6673G>A,NP_057323.3:p.Asp2225Asn,0.549,24.2,['Unknown%20significance'],64.48,0.4,0.0,-0.3,0.3
MYO15A,17,18148193,NM_016239.4:c.6674A>T,NP_057323.3:p.Asp2225Val,0.752,23.9,['Unknown%20significance'],64.48,0.4,0.0,-1.2,1.2
MYO15A,17,18148195,NM_016239.4:c.6676G>A,NP_057323.3:p.Val2226Met,0.729,22.8,['Unknown%20significance'],0.44,0.0,0.0,1.2,1.2
MYO15A,17,18148195,NM_016239.4:c.6676G>T,NP_057323.3:p.Val2226Leu,0.611,14.71,['Unknown%20significance'],0.44,0.0,0.0,0.5,0.5
MYO15A,17,18148199,NM_016239.4:c.6680G>A,NP_057323.3:p.Gly2227Asp,0.523,19.17,['Unknown%20significance'],6.24,0.06,0.0,-0.1,0.1
MYO15A,17,18148201,NM_016239.4:c.6682T>G,NP_057323.3:p.Cys2228Gly,0.761,25.6,['Unknown%20significance'],0.25,0.0,0.0,2.3,2.3
MYO15A,17,18148202,NM_016239.4:c.6683G>A,NP_057323.3:p.Cys2228Tyr,0.773,25.9,['Unknown%20significance'],0.25,0.0,0.0,-2.0,2.0
MYO15A,17,18148205,NM_016239.4:c.6686T>G,NP_057323.3:p.Phe2229Cys,0.842,27.2,['Unknown%20significance'],23.96,0.1,0.0,2.1,2.1
MYO15A,17,18148207,NM_016239.4:c.6688A>G,NP_057323.3:p.Asn2230Asp,0.246,20.8,['Unknown%20significance'],52.43,0.32,0.0,0.1,0.1
MYO15A,17,18148208,NM_016239.4:c.6689A>G,NP_057323.3:p.Asn2230Ser,0.316,17.02,['Unknown%20significance'],52.43,0.32,0.0,0.3,0.3
MYO15A,17,18148209,NM_016239.4:c.6690T>G,NP_057323.3:p.Asn2230Lys,0.415,15.74,['Unknown%20significance'],52.43,0.32,0.0,0.5,0.5
MYO15A,17,18148496,NM_016239.4:c.6692G>C,NP_057323.3:p.Gly2231Ala,0.635,33,['Pathogenic'],69.36,0.72,0.0,0.1,0.1
MYO15A,17,18148498,NM_016239.4:c.6694G>A,NP_057323.3:p.Asp2232Asn,0.392,27.3,['Unknown%20significance'],45.9,0.28,0.0,-0.3,0.3
MYO15A,17,18148498,NM_016239.4:c.6694G>T,NP_057323.3:p.Asp2232Tyr,0.684,27.5,['Unknown%20significance'],45.9,0.28,0.0,-1.1,1.1
MYO15A,17,18148499,NM_016239.4:c.6695A>G,NP_057323.3:p.Asp2232Gly,0.373,23.1,['Unknown%20significance'],45.9,0.28,0.0,0.5,0.5
MYO15A,17,18148499,NM_016239.4:c.6695A>T,NP_057323.3:p.Asp2232Val,0.548,22.8,['Unknown%20significance'],45.9,0.28,0.0,-0.7,0.7
MYO15A,17,18148501,NM_016239.4:c.6697C>A,NP_057323.3:p.Gln2233Lys,0.277,17.80,['Unknown%20significance'],130.37,0.65,0.0,0.2,0.2
MYO15A,17,18148502,NM_016239.4:c.6698A>G,NP_057323.3:p.Gln2233Arg,0.279,21.3,['Unknown%20significance'],130.37,0.65,0.0,-0.2,0.2
MYO15A,17,18148503,NM_016239.4:c.6699G>C,NP_057323.3:p.Gln2233His,0.297,21.8,['Unknown%20significance'],130.37,0.65,0.0,-0.0,0.0
MYO15A,17,18148503,NM_016239.4:c.6699G>T,NP_057323.3:p.Gln2233His,0.310,22.6,['Unknown%20significance'],130.37,0.65,0.0,-0.0,0.0
MYO15A,17,18148504,NM_016239.4:c.6700T>A,NP_057323.3:p.Phe2234Ile,0.321,22.6,['Unknown%20significance'],19.12,0.08,0.0,0.1,0.1
MYO15A,17,18148504,NM_016239.4:c.6700T>C,NP_057323.3:p.Phe2234Leu,0.296,22.6,['Unknown%20significance'],19.12,0.08,0.0,0.2,0.2
MYO15A,17,18148505,NM_016239.4:c.6701T>A,NP_057323.3:p.Phe2234Tyr,0.504,23.1,['Unknown%20significance'],19.12,0.08,0.0,0.0,0.0
MYO15A,17,18148506,NM_016239.4:c.6702C>A,NP_057323.3:p.Phe2234Leu,0.290,19.49,['Unknown%20significance'],19.12,0.08,0.0,0.2,0.2
MYO15A,17,18148507,NM_016239.4:c.6703T>C,NP_057323.3:p.Ser2235Pro,0.838,25.9,['Pathogenic'],9.89,0.07,0.0,0.4,0.4
MYO15A,17,18148508,NM_016239.4:c.6704C>A,NP_057323.3:p.Ser2235Tyr,0.667,23.3,['Unknown%20significance'],9.89,0.07,0.0,-1.5,1.5
MYO15A,17,18148508,NM_016239.4:c.6704C>T,NP_057323.3:p.Ser2235Phe,0.654,23.6,['Unknown%20significance'],9.89,0.07,0.0,-1.3,1.3
MYO15A,17,18148510,NM_016239.4:c.6706T>C,NP_057323.3:p.Cys2236Arg,0.897,29.2,['Unknown%20significance'],2.0,0.01,0.0,0.6,0.6
MYO15A,17,18148511,NM_016239.4:c.6707G>A,NP_057323.3:p.Cys2236Tyr,0.827,28.7,['Unknown%20significance'],2.0,0.01,0.0,-0.9,0.9
MYO15A,17,18148511,NM_016239.4:c.6707G>C,NP_057323.3:p.Cys2236Ser,0.835,28.5,['Unknown%20significance'],2.0,0.01,0.0,1.2,1.2
MYO15A,17,18148511,NM_016239.4:c.6707G>T,NP_057323.3:p.Cys2236Phe,0.795,29.5,['Unknown%20significance'],2.0,0.01,0.0,-1.3,1.3
MYO15A,17,18148512,NM_016239.4:c.6708C>G,NP_057323.3:p.Cys2236Trp,0.608,24.2,['Unknown%20significance'],2.0,0.01,0.0,-0.7,0.7
MYO15A,17,18148513,NM_016239.4:c.6709C>A,NP_057323.3:p.Pro2237Thr,0.544,23.3,['Unknown%20significance'],21.1,0.13,0.0,-0.4,0.4
MYO15A,17,18148513,NM_016239.4:c.6709C>G,NP_057323.3:p.Pro2237Ala,0.468,21.6,['Unknown%20significance'],21.1,0.13,0.0,-0.3,0.3
MYO15A,17,18148513,NM_016239.4:c.6709C>T,NP_057323.3:p.Pro2237Ser,0.393,23.3,['Unknown%20significance'],21.1,0.13,0.0,0.0,0.0
MYO15A,17,18148514,NM_016239.4:c.6710C>A,NP_057323.3:p.Pro2237Gln,0.488,25.4,['Unknown%20significance'],21.1,0.13,0.0,-0.5,0.5
MYO15A,17,18148514,NM_016239.4:c.6710C>G,NP_057323.3:p.Pro2237Arg,0.532,24.8,['Unknown%20significance'],21.1,0.13,0.0,-0.6,0.6
MYO15A,17,18148514,NM_016239.4:c.6710C>T,NP_057323.3:p.Pro2237Leu,0.374,23.2,['Unknown%20significance'],21.1,0.13,0.0,-1.2,1.2
MYO15A,17,18148516,NM_016239.4:c.6712G>A,NP_057323.3:p.Val2238Met,0.623,24.6,['Unknown%20significance'],3.92,0.02,0.0,1.2,1.2
MYO15A,17,18148516,NM_016239.4:c.6712G>C,NP_057323.3:p.Val2238Leu,0.364,21.0,['Unknown%20significance'],3.92,0.02,0.0,0.9,0.9
MYO15A,17,18148516,NM_016239.4:c.6712G>T,NP_057323.3:p.Val2238Leu,0.365,22.0,['Unknown%20significance'],3.92,0.02,0.0,0.9,0.9
MYO15A,17,18148517,NM_016239.4:c.6713T>C,NP_057323.3:p.Val2238Ala,0.648,23.3,['Unknown%20significance'],3.92,0.02,0.0,2.3,2.3
MYO15A,17,18148519,NM_016239.4:c.6715C>A,NP_057323.3:p.His2239Asn,0.463,22.9,['Unknown%20significance'],53.07,0.25,0.0,0.5,0.5
MYO15A,17,18148519,NM_016239.4:c.6715C>T,NP_057323.3:p.His2239Tyr,0.572,23.9,['Unknown%20significance'],53.07,0.25,0.0,-0.3,0.3
MYO15A,17,18148520,NM_016239.4:c.6716A>C,NP_057323.3:p.His2239Pro,0.752,26.1,['Unknown%20significance'],53.07,0.25,0.0,0.8,0.8
MYO15A,17,18148520,NM_016239.4:c.6716A>G,NP_057323.3:p.His2239Arg,0.644,23.5,['Unknown%20significance'],53.07,0.25,0.0,0.2,0.2
MYO15A,17,18148520,NM_016239.4:c.6716A>T,NP_057323.3:p.His2239Leu,0.697,24.0,['Unknown%20significance'],53.07,0.25,0.0,0.1,0.1
MYO15A,17,18148521,NM_016239.4:c.6717C>A,NP_057323.3:p.His2239Gln,0.209,16.65,['Unknown%20significance'],53.07,0.25,0.0,0.3,0.3
MYO15A,17,18148523,NM_016239.4:c.6719C>A,NP_057323.3:p.Ser2240Tyr,0.802,23.9,['Unknown%20significance'],0.1,0.0,0.0,-0.7,0.7
MYO15A,17,18148523,NM_016239.4:c.6719C>T,NP_057323.3:p.Ser2240Phe,0.839,24.3,['Unknown%20significance'],0.1,0.0,0.0,-0.3,0.3
MYO15A,17,18148525,NM_016239.4:c.6721T>A,NP_057323.3:p.Trp2241Arg,0.842,29.0,['Unknown%20significance'],0.0,0.0,0.0,2.0,2.0
MYO15A,17,18148525,NM_016239.4:c.6721T>C,NP_057323.3:p.Trp2241Arg,0.844,29.5,['Unknown%20significance'],0.0,0.0,0.0,2.0,2.0
MYO15A,17,18148526,NM_016239.4:c.6722G>T,NP_057323.3:p.Trp2241Leu,0.699,33,['Unknown%20significance'],0.0,0.0,0.0,1.5,1.5
MYO15A,17,18148527,NM_016239.4:c.6723G>C,NP_057323.3:p.Trp2241Cys,0.831,32,['Unknown%20significance'],0.0,0.0,0.0,2.0,2.0
MYO15A,17,18148527,NM_016239.4:c.6723G>T,NP_057323.3:p.Trp2241Cys,0.831,33,['Unknown%20significance'],0.0,0.0,0.0,2.0,2.0
MYO15A,17,18148528,NM_016239.4:c.6724A>T,NP_057323.3:p.Ser2242Cys,0.800,31,['Unknown%20significance'],2.09,0.01,0.0,-0.1,0.1
MYO15A,17,18148529,NM_016239.4:c.6725G>A,NP_057323.3:p.Ser2242Asn,0.544,24.6,['Unknown%20significance'],2.09,0.01,0.0,0.4,0.4
MYO15A,17,18148529,NM_016239.4:c.6725G>C,NP_057323.3:p.Ser2242Thr,0.314,17.38,['Unknown%20significance'],2.09,0.01,0.0,-1.0,1.0
MYO15A,17,18148529,NM_016239.4:c.6725G>T,NP_057323.3:p.Ser2242Ile,0.575,23.5,['Unknown%20significance'],2.09,0.01,0.0,-1.1,1.1
MYO15A,17,18148531,NM_016239.4:c.6727A>G,NP_057323.3:p.Thr2243Ala,0.628,23.8,['Unknown%20significance'],6.29,0.04,0.0,1.1,1.1
MYO15A,17,18148532,NM_016239.4:c.6728C>A,NP_057323.3:p.Thr2243Lys,0.742,26.8,['Unknown%20significance'],6.29,0.04,0.0,1.4,1.4
MYO15A,17,18148532,NM_016239.4:c.6728C>T,NP_057323.3:p.Thr2243Met,0.700,26.0,['Unknown%20significance'],6.29,0.04,0.0,0.1,0.1
MYO15A,17,18148534,NM_016239.4:c.6730G>A,NP_057323.3:p.Gly2244Arg,0.823,27.8,['Unknown%20significance'],0.0,0.0,0.0,-1.3,1.3
MYO15A,17,18148534,NM_016239.4:c.6730G>C,NP_057323.3:p.Gly2244Arg,0.825,28.0,['Unknown%20significance'],0.0,0.0,0.0,-1.3,1.3
MYO15A,17,18148534,NM_016239.4:c.6730G>T,NP_057323.3:p.Gly2244Trp,0.812,28.8,['Unknown%20significance'],0.0,0.0,0.0,-1.7,1.7
MYO15A,17,18148535,NM_016239.4:c.6731G>A,NP_057323.3:p.Gly2244Glu,0.920,27.9,['Pathogenic'],0.0,0.0,0.0,-0.0,0.0
MYO15A,17,18148535,NM_016239.4:c.6731G>T,NP_057323.3:p.Gly2244Val,0.795,27.3,['Unknown%20significance'],0.0,0.0,0.0,-1.8,1.8
MYO15A,17,18148537,NM_016239.4:c.6733G>A,NP_057323.3:p.Glu2245Lys,0.544,24.5,['Unknown%20significance'],19.05,0.09,0.0,-0.2,0.2
MYO15A,17,18148537,NM_016239.4:c.6733G>C,NP_057323.3:p.Glu2245Gln,0.503,26.1,['Unknown%20significance'],19.05,0.09,0.0,-0.6,0.6
MYO15A,17,18148538,NM_016239.4:c.6734A>G,NP_057323.3:p.Glu2245Gly,0.681,32,['Unknown%20significance'],19.05,0.09,0.0,0.9,0.9
MYO15A,17,18148539,NM_016239.4:c.6735A>T,NP_057323.3:p.Glu2245Asp,0.452,24.4,['Unknown%20significance'],19.05,0.09,0.0,0.4,0.4
MYO15A,17,18148540,NM_016239.4:c.6736G>A,NP_057323.3:p.Glu2246Lys,0.472,24.8,['Unknown%20significance'],80.42,0.41,0.0,0.5,0.5
MYO15A,17,18148541,NM_016239.4:c.6737A>G,NP_057323.3:p.Glu2246Gly,0.320,25.6,['Unknown%20significance'],80.42,0.41,0.0,1.0,1.0
MYO15A,17,18148541,NM_016239.4:c.6737A>T,NP_057323.3:p.Glu2246Val,0.463,24.0,['Unknown%20significance'],80.42,0.41,0.0,-0.2,0.2
MYO15A,17,18148542,NM_016239.4:c.6738G>T,NP_057323.3:p.Glu2246Asp,0.255,15.49,['Unknown%20significance'],80.42,0.41,0.0,0.1,0.1
MYO15A,17,18148543,NM_016239.4:c.6739G>A,NP_057323.3:p.Val2247Met,0.146,18.26,['Unknown%20significance'],9.41,0.05,0.0,0.4,0.4
MYO15A,17,18148544,NM_016239.4:c.6740T>A,NP_057323.3:p.Val2247Glu,0.753,24.3,['Unknown%20significance'],9.41,0.05,0.0,3.0,3.0
MYO15A,17,18148544,NM_016239.4:c.6740T>C,NP_057323.3:p.Val2247Ala,0.348,23.8,['Unknown%20significance'],9.41,0.05,0.0,2.0,2.0
MYO15A,17,18148546,NM_016239.4:c.6742G>A,NP_057323.3:p.Ala2248Thr,0.588,24.3,['Unknown%20significance'],0.0,0.0,0.0,0.1,0.1
MYO15A,17,18148546,NM_016239.4:c.6742G>T,NP_057323.3:p.Ala2248Ser,0.697,23.8,['Unknown%20significance'],0.0,0.0,0.0,0.8,0.8
MYO15A,17,18148547,NM_016239.4:c.6743C>A,NP_057323.3:p.Ala2248Asp,0.808,25.1,['Unknown%20significance'],0.0,0.0,0.0,2.0,2.0
MYO15A,17,18148547,NM_016239.4:c.6743C>T,NP_057323.3:p.Ala2248Val,0.661,24.3,['Benign'],0.0,0.0,0.0,-1.3,1.3
MYO15A,17,18148549,NM_016239.4:c.6745G>A,NP_057323.3:p.Gly2249Arg,0.373,26.4,['Unknown%20significance'],0.0,0.0,0.0,-1.5,1.5
MYO15A,17,18148550,NM_016239.4:c.6746G>T,NP_057323.3:p.Gly2249Val,0.642,32,['Unknown%20significance'],0.0,0.0,0.0,-2.4,2.4
MYO15A,17,18148552,NM_016239.4:c.6748G>A,NP_057323.3:p.Asp2250Asn,0.265,23.2,['Unknown%20significance'],42.32,0.26,0.0,-0.3,0.3
MYO15A,17,18148552,NM_016239.4:c.6748G>C,NP_057323.3:p.Asp2250His,0.310,22.9,['Unknown%20significance'],42.32,0.26,0.0,-0.8,0.8
MYO15A,17,18148552,NM_016239.4:c.6748G>T,NP_057323.3:p.Asp2250Tyr,0.467,22.9,['Unknown%20significance'],42.32,0.26,0.0,-1.5,1.5
MYO15A,17,18148553,NM_016239.4:c.6749A>G,NP_057323.3:p.Asp2250Gly,0.523,23.4,['Unknown%20significance'],42.32,0.26,0.0,0.4,0.4
MYO15A,17,18148556,NM_016239.4:c.6752T>G,NP_057323.3:p.Ile2251Ser,0.881,28.1,['Unknown%20significance'],0.0,0.0,0.0,4.1,4.1
MYO15A,17,18148558,NM_016239.4:c.6754C>A,NP_057323.3:p.Leu2252Met,0.337,18.58,['Unknown%20significance'],0.0,0.0,0.0,0.9,0.9
MYO15A,17,18148558,NM_016239.4:c.6754C>G,NP_057323.3:p.Leu2252Val,0.340,18.42,['Unknown%20significance'],0.0,0.0,0.0,0.4,0.4
MYO15A,17,18148559,NM_016239.4:c.6755T>C,NP_057323.3:p.Leu2252Pro,0.901,27.7,['Unknown%20significance'],0.0,0.0,0.0,3.0,3.0
MYO15A,17,18148561,NM_016239.4:c.6757A>G,NP_057323.3:p.Arg2253Gly,0.443,24.5,['Unknown%20significance'],80.97,0.3,0.0,1.3,1.3
MYO15A,17,18148561,NM_016239.4:c.6757A>T,NP_057323.3:p.Arg2253Trp,0.634,28.3,['Unknown%20significance'],80.97,0.3,0.0,-0.6,0.6
MYO15A,17,18148562,NM_016239.4:c.6758G>T,NP_057323.3:p.Arg2253Met,0.526,24.3,['Unknown%20significance'],80.97,0.3,0.0,-0.3,0.3
MYO15A,17,18148563,NM_016239.4:c.6759G>T,NP_057323.3:p.Arg2253Ser,0.321,19.22,['Unknown%20significance'],80.97,0.3,0.0,0.6,0.6
MYO15A,17,18148564,NM_016239.4:c.6760C>A,NP_057323.3:p.His2254Asn,0.399,23.3,['Unknown%20significance'],90.11,0.43,0.0,0.4,0.4
MYO15A,17,18148564,NM_016239.4:c.6760C>T,NP_057323.3:p.His2254Tyr,0.442,23.5,['Unknown%20significance'],90.11,0.43,0.0,-0.4,0.4
MYO15A,17,18148566,NM_016239.4:c.6762C>A,NP_057323.3:p.His2254Gln,0.512,24.1,['Unknown%20significance'],90.11,0.43,0.0,0.1,0.1
MYO15A,17,18148567,NM_016239.4:c.6763A>G,NP_057323.3:p.Arg2255Gly,0.788,34,['Unknown%20significance'],38.15,0.14,0.0,2.0,2.0
MYO15A,17,18148567,NM_016239.4:c.6763A>T,NP_057323.3:p.Arg2255Trp,0.822,35,['Unknown%20significance'],38.15,0.14,0.0,-1.0,1.0
MYO15A,17,18148568,NM_016239.4:c.6764G>A,NP_057323.3:p.Arg2255Lys,0.631,35,['Unknown%20significance'],38.15,0.14,0.0,1.2,1.2
MYO15A,17,18148568,NM_016239.4:c.6764G>T,NP_057323.3:p.Arg2255Met,0.744,36,['Unknown%20significance'],38.15,0.14,0.0,-1.0,1.0
MYO15A,17,18148761,NM_016239.4:c.6765G>T,NP_057323.3:p.Arg2255Ser,0.591,24.9,['Unknown%20significance'],38.15,0.14,0.0,1.2,1.2
MYO15A,17,18148763,NM_016239.4:c.6767G>A,NP_057323.3:p.Gly2256Glu,0.889,27.7,['Unknown%20significance'],56.32,0.59,0.0,0.2,0.2
MYO15A,17,18148763,NM_016239.4:c.6767G>T,NP_057323.3:p.Gly2256Val,0.887,27.5,['Unknown%20significance'],56.32,0.59,0.0,-0.1,0.1
MYO15A,17,18148766,NM_016239.4:c.6770T>C,NP_057323.3:p.Leu2257Pro,0.908,27.0,['Unknown%20significance'],5.58,0.02,0.0,3.4,3.4
MYO15A,17,18148768,NM_016239.4:c.6772G>A,NP_057323.3:p.Ala2258Thr,0.130,3.115,['Unknown%20significance'],97.84,0.76,0.0,-0.1,0.1
MYO15A,17,18148768,NM_016239.4:c.6772G>T,NP_057323.3:p.Ala2258Ser,0.126,2.501,['Unknown%20significance'],97.84,0.76,0.0,-0.0,0.0
MYO15A,17,18148769,NM_016239.4:c.6773C>A,NP_057323.3:p.Ala2258Glu,0.214,9.858,['Unknown%20significance'],97.84,0.76,0.0,0.1,0.1
MYO15A,17,18148769,NM_016239.4:c.6773C>T,NP_057323.3:p.Ala2258Val,0.123,13.73,['Unknown%20significance'],97.84,0.76,0.0,-0.1,0.1
MYO15A,17,18148771,NM_016239.4:c.6775G>A,NP_057323.3:p.Asp2259Asn,0.473,24.8,['Unknown%20significance'],72.11,0.45,0.0,-0.0,0.0
MYO15A,17,18148771,NM_016239.4:c.6775G>T,NP_057323.3:p.Asp2259Tyr,0.716,27.8,['Unknown%20significance'],72.11,0.45,0.0,-0.5,0.5
MYO15A,17,18148772,NM_016239.4:c.6776A>T,NP_057323.3:p.Asp2259Val,0.590,23.2,['Unknown%20significance'],72.11,0.45,0.0,-0.2,0.2
MYO15A,17,18148774,NM_016239.4:c.6778G>A,NP_057323.3:p.Gly2260Ser,0.400,23.1,['Unknown%20significance'],0.0,0.0,0.0,-0.9,0.9
MYO15A,17,18148774,NM_016239.4:c.6778G>T,NP_057323.3:p.Gly2260Cys,0.581,28.0,['Unknown%20significance'],0.0,0.0,0.0,-0.9,0.9
MYO15A,17,18148775,NM_016239.4:c.6779G>A,NP_057323.3:p.Gly2260Asp,0.522,26.0,['Unknown%20significance'],0.0,0.0,0.0,-0.4,0.4
MYO15A,17,18148775,NM_016239.4:c.6779G>T,NP_057323.3:p.Gly2260Val,0.666,26.3,['Unknown%20significance'],0.0,0.0,0.0,-1.5,1.5
MYO15A,17,18148777,NM_016239.4:c.6781T>C,NP_057323.3:p.Trp2261Arg,0.523,23.4,['Unknown%20significance'],64.14,0.24,0.0,0.8,0.8
MYO15A,17,18148779,NM_016239.4:c.6783G>T,NP_057323.3:p.Trp2261Cys,0.494,23.7,['Unknown%20significance'],64.14,0.24,0.0,1.5,1.5
MYO15A,17,18148780,NM_016239.4:c.6784C>A,NP_057323.3:p.Arg2262Ser,0.669,24.6,['Unknown%20significance'],27.06,0.1,0.0,1.3,1.3
MYO15A,17,18148780,NM_016239.4:c.6784C>G,NP_057323.3:p.Arg2262Gly,0.685,25.4,['Unknown%20significance'],27.06,0.1,0.0,2.2,2.2
MYO15A,17,18148780,NM_016239.4:c.6784C>T,NP_057323.3:p.Arg2262Cys,0.723,26.2,['Unknown%20significance'],27.06,0.1,0.0,1.0,1.0
MYO15A,17,18148781,NM_016239.4:c.6785G>A,NP_057323.3:p.Arg2262His,0.606,24.1,['Unknown%20significance'],27.06,0.1,0.0,0.2,0.2
MYO15A,17,18148781,NM_016239.4:c.6785G>T,NP_057323.3:p.Arg2262Leu,0.716,26.6,['Unknown%20significance'],27.06,0.1,0.0,-0.2,0.2
MYO15A,17,18148783,NM_016239.4:c.6787G>A,NP_057323.3:p.Gly2263Ser,0.851,27.6,['Pathogenic'],0.0,0.0,0.0,0.9,0.9
MYO15A,17,18148784,NM_016239.4:c.6788G>A,NP_057323.3:p.Gly2263Asp,0.921,27.0,['Likely%20pathogenic'],0.0,0.0,0.0,1.4,1.4
MYO15A,17,18148784,NM_016239.4:c.6788G>T,NP_057323.3:p.Gly2263Val,0.857,26.8,['Unknown%20significance'],0.0,0.0,0.0,0.3,0.3
MYO15A,17,18148786,NM_016239.4:c.6790T>C,NP_057323.3:p.Trp2264Arg,0.802,27.8,['Unknown%20significance'],0.0,0.0,0.0,3.7,3.7
MYO15A,17,18148787,NM_016239.4:c.6791G>T,NP_057323.3:p.Trp2264Leu,0.667,27.5,['Unknown%20significance'],0.0,0.0,0.0,1.6,1.6
MYO15A,17,18148788,NM_016239.4:c.6792G>T,NP_057323.3:p.Trp2264Cys,0.671,24.5,['Unknown%20significance'],0.0,0.0,0.0,3.3,3.3
MYO15A,17,18148789,NM_016239.4:c.6793A>C,NP_057323.3:p.Thr2265Pro,0.764,26.4,['Unknown%20significance'],0.0,0.0,0.0,1.2,1.2
MYO15A,17,18148789,NM_016239.4:c.6793A>G,NP_057323.3:p.Thr2265Ala,0.570,23.8,['Unknown%20significance'],0.0,0.0,0.0,-0.0,0.0
MYO15A,17,18148790,NM_016239.4:c.6794C>A,NP_057323.3:p.Thr2265Asn,0.679,24.4,['Unknown%20significance'],0.0,0.0,0.0,1.0,1.0
MYO15A,17,18148790,NM_016239.4:c.6794C>G,NP_057323.3:p.Thr2265Ser,0.364,16.57,['Unknown%20significance'],0.0,0.0,0.0,0.5,0.5
MYO15A,17,18148792,NM_016239.4:c.6796G>A,NP_057323.3:p.Val2266Met,0.691,24.9,['Benign'],0.0,0.0,0.0,0.9,0.9
MYO15A,17,18148793,NM_016239.4:c.6797T>G,NP_057323.3:p.Val2266Gly,0.909,28.0,['Unknown%20significance'],0.0,0.0,0.0,5.2,5.2
MYO15A,17,18148796,NM_016239.4:c.6800C>A,NP_057323.3:p.Ala2267Asp,0.708,23.1,['Unknown%20significance'],0.02,0.0,0.0,1.5,1.5
MYO15A,17,18148796,NM_016239.4:c.6800C>T,NP_057323.3:p.Ala2267Val,0.485,21.8,['Unknown%20significance'],0.02,0.0,0.0,-1.7,1.7
MYO15A,17,18148798,NM_016239.4:c.6802A>C,NP_057323.3:p.Met2268Leu,0.213,15.00,['Unknown%20significance'],0.0,0.0,0.0,-1.0,1.0
MYO15A,17,18148798,NM_016239.4:c.6802A>G,NP_057323.3:p.Met2268Val,0.316,19.24,['Unknown%20significance'],0.0,0.0,0.0,-0.8,0.8
MYO15A,17,18148799,NM_016239.4:c.6803T>C,NP_057323.3:p.Met2268Thr,0.488,23.1,['Unknown%20significance'],0.0,0.0,0.0,1.8,1.8
MYO15A,17,18148800,NM_016239.4:c.6804G>T,NP_057323.3:p.Met2268Ile,0.312,23.9,['Unknown%20significance'],0.0,0.0,0.0,-1.2,1.2
MYO15A,17,18148803,NM_016239.4:c.6807G>T,NP_057323.3:p.Lys2269Asn,0.570,27.7,['Unknown%20significance'],53.5,0.22,0.0,0.0,0.0
MYO15A,17,18148805,NM_016239.4:c.6809A>G,NP_057323.3:p.Asn2270Ser,0.261,15.73,['Unknown%20significance'],22.58,0.14,0.0,0.0,0.0
MYO15A,17,18148806,NM_016239.4:c.6810T>G,NP_057323.3:p.Asn2270Lys,0.260,0.647,['Unknown%20significance'],22.58,0.14,0.0,0.2,0.2
MYO15A,17,18148807,NM_016239.4:c.6811G>T,NP_057323.3:p.Gly2271Cys,0.699,27.7,['Unknown%20significance'],61.15,0.64,0.0,0.1,0.1
MYO15A,17,18148810,NM_016239.4:c.6814G>A,NP_057323.3:p.Val2272Ile,0.162,15.96,['Unknown%20significance'],79.64,0.46,0.0,-0.1,0.1
MYO15A,17,18148813,NM_016239.4:c.6817C>A,NP_057323.3:p.Gln2273Lys,0.503,23.0,['Unknown%20significance'],27.18,0.13,0.0,0.3,0.3
MYO15A,17,18148814,NM_016239.4:c.6818A>C,NP_057323.3:p.Gln2273Pro,0.754,24.9,['Unknown%20significance'],27.18,0.13,0.0,0.9,0.9
MYO15A,17,18148814,NM_016239.4:c.6818A>G,NP_057323.3:p.Gln2273Arg,0.398,23.0,['Unknown%20significance'],27.18,0.13,0.0,-0.5,0.5
MYO15A,17,18148815,NM_016239.4:c.6819G>T,NP_057323.3:p.Gln2273His,0.367,22.6,['Unknown%20significance'],27.18,0.13,0.0,-0.1,0.1
MYO15A,17,18148816,NM_016239.4:c.6820T>C,NP_057323.3:p.Trp2274Arg,0.740,28.7,['Unknown%20significance'],19.72,0.07,0.0,1.5,1.5
MYO15A,17,18148817,NM_016239.4:c.6821G>T,NP_057323.3:p.Trp2274Leu,0.657,28.8,['Unknown%20significance'],19.72,0.07,0.0,0.5,0.5
MYO15A,17,18148818,NM_016239.4:c.6822G>C,NP_057323.3:p.Trp2274Cys,0.758,32,['Unknown%20significance'],19.72,0.07,0.0,1.7,1.7
MYO15A,17,18148818,NM_016239.4:c.6822G>T,NP_057323.3:p.Trp2274Cys,0.760,31,['Unknown%20significance'],19.72,0.07,0.0,1.7,1.7
MYO15A,17,18148819,NM_016239.4:c.6823G>A,NP_057323.3:p.Ala2275Thr,0.263,21.1,['Unknown%20significance'],0.0,0.0,0.0,-0.0,0.0
MYO15A,17,18148824,NM_016239.4:c.6828G>T,NP_057323.3:p.Glu2276Asp,0.472,23.2,['Unknown%20significance'],5.29,0.02,0.0,0.4,0.4
MYO15A,17,18148825,NM_016239.4:c.6829C>G,NP_057323.3:p.Leu2277Val,0.575,23.9,['Unknown%20significance'],0.98,0.0,0.0,0.7,0.7
MYO15A,17,18148829,NM_016239.4:c.6833C>A,NP_057323.3:p.Ala2278Asp,0.666,23.9,['Unknown%20significance'],8.32,0.06,0.0,0.6,0.6
MYO15A,17,18148829,NM_016239.4:c.6833C>G,NP_057323.3:p.Ala2278Gly,0.389,22.7,['Unknown%20significance'],8.32,0.06,0.0,0.9,0.9
MYO15A,17,18148829,NM_016239.4:c.6833C>T,NP_057323.3:p.Ala2278Val,0.585,24.0,['Unknown%20significance'],8.32,0.06,0.0,-0.3,0.3
MYO15A,17,18148831,NM_016239.4:c.6835G>A,NP_057323.3:p.Gly2279Ser,0.843,25.8,['Unknown%20significance'],0.0,0.0,0.0,-0.0,0.0
MYO15A,17,18148832,NM_016239.4:c.6836G>A,NP_057323.3:p.Gly2279Asp,0.893,25.3,['Unknown%20significance'],0.0,0.0,0.0,0.3,0.3
MYO15A,17,18148835,NM_016239.4:c.6839A>C,NP_057323.3:p.His2280Pro,0.827,24.7,['Unknown%20significance'],21.05,0.1,0.0,1.4,1.4
MYO15A,17,18148836,NM_016239.4:c.6840C>G,NP_057323.3:p.His2280Gln,0.560,0.013,['Unknown%20significance'],21.05,0.1,0.0,0.6,0.6
MYO15A,17,18148837,NM_016239.4:c.6841G>A,NP_057323.3:p.Asp2281Asn,0.788,26.0,['Unknown%20significance'],1.14,0.0,0.0,0.1,0.1
MYO15A,17,18148837,NM_016239.4:c.6841G>T,NP_057323.3:p.Asp2281Tyr,0.916,25.8,['Unknown%20significance'],1.14,0.0,0.0,-1.0,1.0
MYO15A,17,18148838,NM_016239.4:c.6842A>G,NP_057323.3:p.Asp2281Gly,0.924,25.6,['Unknown%20significance'],1.14,0.0,0.0,1.6,1.6
MYO15A,17,18148840,NM_016239.4:c.6844T>A,NP_057323.3:p.Tyr2282Asn,0.841,25.0,['Unknown%20significance'],3.04,0.01,0.0,4.0,4.0
MYO15A,17,18148841,NM_016239.4:c.6845A>G,NP_057323.3:p.Tyr2282Cys,0.909,25.2,['Pathogenic'],3.04,0.01,0.0,3.2,3.2
MYO15A,17,18148843,NM_016239.4:c.6847G>A,NP_057323.3:p.Val2283Met,0.797,25.0,['Unknown%20significance'],0.2,0.0,0.0,0.7,0.7
MYO15A,17,18148843,NM_016239.4:c.6847G>T,NP_057323.3:p.Val2283Leu,0.758,24.7,['Unknown%20significance'],0.2,0.0,0.0,0.1,0.1
MYO15A,17,18148847,NM_016239.4:c.6851T>C,NP_057323.3:p.Leu2284Ser,0.886,26.4,['Unknown%20significance'],0.0,0.0,0.0,3.6,3.6
MYO15A,17,18148849,NM_016239.4:c.6853G>A,NP_057323.3:p.Asp2285Asn,0.820,27.6,['Unknown%20significance'],2.57,0.01,0.0,0.3,0.3
MYO15A,17,18148851,NM_016239.4:c.6855C>G,NP_057323.3:p.Asp2285Glu,0.858,23.3,['Unknown%20significance'],2.57,0.01,0.0,0.4,0.4
MYO15A,17,18148853,NM_016239.4:c.6857T>A,NP_057323.3:p.Leu2286Gln,0.921,29.7,['Unknown%20significance'],0.0,0.0,0.0,3.1,3.1
MYO15A,17,18148856,NM_016239.4:c.6860T>C,NP_057323.3:p.Val2287Ala,0.709,24.1,['Unknown%20significance'],0.0,0.0,0.0,2.3,2.3
MYO15A,17,18148859,NM_016239.4:c.6863C>G,NP_057323.3:p.Ser2288Trp,0.748,27.0,['Pathogenic'],0.0,0.0,0.0,-1.3,1.3
MYO15A,17,18148859,NM_016239.4:c.6863C>T,NP_057323.3:p.Ser2288Leu,0.683,25.3,['Pathogenic'],0.0,0.0,0.0,-1.1,1.1
MYO15A,17,18148861,NM_016239.4:c.6865G>A,NP_057323.3:p.Asp2289Asn,0.203,17.52,['Unknown%20significance'],2.27,0.01,0.0,-0.3,0.3
MYO15A,17,18148864,NM_016239.4:c.6868C>A,NP_057323.3:p.Leu2290Met,0.254,17.21,['Unknown%20significance'],48.6,0.25,0.0,0.4,0.4
MYO15A,17,18148865,NM_016239.4:c.6869T>C,NP_057323.3:p.Leu2290Pro,0.841,28.0,['Unknown%20significance'],48.6,0.25,0.0,1.8,1.8
MYO15A,17,18148865,NM_016239.4:c.6869T>G,NP_057323.3:p.Leu2290Arg,0.648,24.3,['Unknown%20significance'],48.6,0.25,0.0,0.9,0.9
MYO15A,17,18148867,NM_016239.4:c.6871G>C,NP_057323.3:p.Glu2291Gln,0.884,27.5,['Unknown%20significance'],20.11,0.1,0.0,-0.3,0.3
MYO15A,17,18148868,NM_016239.4:c.6872A>G,NP_057323.3:p.Glu2291Gly,0.932,31,['Unknown%20significance'],20.11,0.1,0.0,1.3,1.3
MYO15A,17,18148870,NM_016239.4:c.6874C>A,NP_057323.3:p.Leu2292Met,0.490,24.9,['Unknown%20significance'],10.47,0.05,0.0,0.2,0.2
MYO15A,17,18148873,NM_016239.4:c.6877C>T,NP_057323.3:p.Leu2293Phe,0.336,17.71,['Unknown%20significance'],17.28,0.08,0.0,-0.2,0.2
MYO15A,17,18148874,NM_016239.4:c.6878T>C,NP_057323.3:p.Leu2293Pro,0.152,17.57,['Unknown%20significance'],17.28,0.08,0.0,1.1,1.1
MYO15A,17,18148877,NM_016239.4:c.6881G>A,NP_057323.3:p.Arg2294Lys,0.209,7.612,['Unknown%20significance'],142.98,0.53,0.0,0.4,0.4
MYO15A,17,18148880,NM_016239.4:c.6884A>C,NP_057323.3:p.Asp2295Ala,0.295,22.0,['Unknown%20significance'],86.26,0.53,0.0,-0.2,0.2
MYO15A,17,18148880,NM_016239.4:c.6884A>G,NP_057323.3:p.Asp2295Gly,0.295,21.8,['Unknown%20significance'],86.26,0.53,0.0,0.1,0.1
MYO15A,17,18148882,NM_016239.4:c.6886T>C,NP_057323.3:p.Phe2296Leu,0.703,28.3,['Unknown%20significance'],3.46,0.01,0.0,1.2,1.2
MYO15A,17,18148886,NM_016239.4:c.6890C>A,NP_057323.3:p.Pro2297His,0.678,25.8,['Unknown%20significance'],61.18,0.38,0.0,0.4,0.4
MYO15A,17,18148889,NM_016239.4:c.6893G>A,NP_057323.3:p.Arg2298Gln,0.278,22.6,['Pathogenic'],21.92,0.08,0.0,0.3,0.3
MYO15A,17,18148889,NM_016239.4:c.6893G>C,NP_057323.3:p.Arg2298Pro,0.459,25.5,['Unknown%20significance'],21.92,0.08,0.0,1.2,1.2
MYO15A,17,18148891,NM_016239.4:c.6895C>A,NP_057323.3:p.Gln2299Lys,0.371,23.0,['Unknown%20significance'],59.61,0.3,0.0,0.8,0.8
MYO15A,17,18148895,NM_016239.4:c.6899A>C,NP_057323.3:p.Lys2300Thr,0.723,26.9,['Unknown%20significance'],165.73,0.7,0.0,-0.1,0.1
MYO15A,17,18148895,NM_016239.4:c.6899A>G,NP_057323.3:p.Lys2300Arg,0.498,26.6,['Unknown%20significance'],165.73,0.7,0.0,-0.3,0.3
MYO15A,17,18148897,NM_016239.4:c.6901T>A,NP_057323.3:p.Ser2301Thr,0.380,22.1,['Unknown%20significance'],0.93,0.0,0.0,-0.3,0.3
MYO15A,17,18148898,NM_016239.4:c.6902C>T,NP_057323.3:p.Ser2301Phe,0.649,25.5,['Unknown%20significance'],0.93,0.0,0.0,-0.7,0.7
MYO15A,17,18148900,NM_016239.4:c.6904T>C,NP_057323.3:p.Tyr2302His,0.633,24.5,['Unknown%20significance'],30.22,0.12,0.0,1.4,1.4
MYO15A,17,18148905,NM_016239.4:c.6909C>A,NP_057323.3:p.Phe2303Leu,0.615,25.5,['Unknown%20significance'],1.91,0.0,0.0,0.9,0.9
MYO15A,17,18148907,NM_016239.4:c.6911T>C,NP_057323.3:p.Ile2304Thr,0.727,23.8,['Unknown%20significance'],6.06,0.03,0.0,2.5,2.5
MYO15A,17,18148910,NM_016239.4:c.6914T>C,NP_057323.3:p.Val2305Ala,0.465,23.6,['Unknown%20significance'],5.05,0.02,0.0,1.5,1.5
MYO15A,17,18148912,NM_016239.4:c.6916G>A,NP_057323.3:p.Gly2306Ser,0.236,19.56,['Unknown%20significance'],1.69,0.01,0.0,-0.9,0.9
MYO15A,17,18148912,NM_016239.4:c.6916G>T,NP_057323.3:p.Gly2306Cys,0.530,24.5,['Unknown%20significance'],1.69,0.01,0.0,-0.9,0.9
MYO15A,17,18148913,NM_016239.4:c.6917G>A,NP_057323.3:p.Gly2306Asp,0.530,20.2,['Unknown%20significance'],1.69,0.01,0.0,-0.2,0.2
MYO15A,17,18148913,NM_016239.4:c.6917G>T,NP_057323.3:p.Gly2306Val,0.409,22.4,['Unknown%20significance'],1.69,0.01,0.0,-1.6,1.6
MYO15A,17,18148916,NM_016239.4:c.6920C>A,NP_057323.3:p.Thr2307Lys,0.213,16.78,['Unknown%20significance'],4.85,0.03,0.0,0.3,0.3
MYO15A,17,18148916,NM_016239.4:c.6920C>G,NP_057323.3:p.Thr2307Arg,0.209,12.82,['Unknown%20significance'],4.85,0.03,0.0,-0.7,0.7
MYO15A,17,18148918,NM_016239.4:c.6922G>A,NP_057323.3:p.Glu2308Lys,0.360,23.6,['Unknown%20significance'],41.77,0.21,0.0,0.5,0.5
MYO15A,17,18148919,NM_016239.4:c.6923A>G,NP_057323.3:p.Glu2308Gly,0.444,22.9,['Unknown%20significance'],41.77,0.21,0.0,1.1,1.1
MYO15A,17,18148920,NM_016239.4:c.6924G>T,NP_057323.3:p.Glu2308Asp,0.215,11.21,['Unknown%20significance'],41.77,0.21,0.0,0.1,0.1
MYO15A,17,18148921,NM_016239.4:c.6925G>C,NP_057323.3:p.Gly2309Arg,0.369,23.1,['Unknown%20significance'],36.71,0.38,0.0,-0.9,0.9
MYO15A,17,18148922,NM_016239.4:c.6926G>A,NP_057323.3:p.Gly2309Glu,0.324,20.3,['Unknown%20significance'],36.71,0.38,0.0,-0.5,0.5
MYO15A,17,18148924,NM_016239.4:c.6928C>A,NP_057323.3:p.Pro2310Thr,0.250,8.240,['Unknown%20significance'],140.63,0.89,0.0,-0.1,0.1
MYO15A,17,18148924,NM_016239.4:c.6928C>T,NP_057323.3:p.Pro2310Ser,0.326,15.13,['Unknown%20significance'],140.63,0.89,0.0,-0.0,0.0
MYO15A,17,18148925,NM_016239.4:c.6929C>A,NP_057323.3:p.Pro2310His,0.491,22.1,['Unknown%20significance'],140.63,0.89,0.0,-0.1,0.1
MYO15A,17,18148927,NM_016239.4:c.6931G>A,NP_057323.3:p.Ala2311Thr,0.143,0.005,['Unknown%20significance'],25.95,0.2,0.0,-0.2,0.2
MYO15A,17,18148928,NM_016239.4:c.6932C>A,NP_057323.3:p.Ala2311Glu,0.197,0.031,['Likely%20benign'],25.95,0.2,0.0,0.2,0.2
MYO15A,17,18148928,NM_016239.4:c.6932C>T,NP_057323.3:p.Ala2311Val,0.139,0.760,['Unknown%20significance'],25.95,0.2,0.0,-0.2,0.2
MYO15A,17,18148930,NM_016239.4:c.6934G>T,NP_057323.3:p.Ala2312Ser,0.207,0.069,['Unknown%20significance'],18.8,0.14,0.0,-0.1,0.1
MYO15A,17,18148931,NM_016239.4:c.6935C>A,NP_057323.3:p.Ala2312Asp,0.123,9.240,['Unknown%20significance'],18.8,0.14,0.0,-0.0,0.0
MYO15A,17,18148931,NM_016239.4:c.6935C>T,NP_057323.3:p.Ala2312Val,0.086,10.17,['Unknown%20significance'],18.8,0.14,0.0,-0.4,0.4
MYO15A,17,18148933,NM_016239.4:c.6937A>G,NP_057323.3:p.Ser2313Gly,0.203,0.490,['Unknown%20significance'],103.21,0.74,0.0,0.2,0.2
MYO15A,17,18148934,NM_016239.4:c.6938G>A,NP_057323.3:p.Ser2313Asn,0.191,16.04,['Unknown%20significance'],103.21,0.74,0.0,-0.0,0.0
MYO15A,17,18148934,NM_016239.4:c.6938G>T,NP_057323.3:p.Ser2313Ile,0.247,18.20,['Unknown%20significance'],103.21,0.74,0.0,-0.1,0.1
MYO15A,17,18148935,NM_016239.4:c.6939C>A,NP_057323.3:p.Ser2313Arg,0.085,11.97,['Unknown%20significance'],103.21,0.74,0.0,-0.1,0.1
MYO15A,17,18148935,NM_016239.4:c.6939C>G,NP_057323.3:p.Ser2313Arg,0.085,12.73,['Unknown%20significance'],103.21,0.74,0.0,-0.1,0.1
MYO15A,17,18148937,NM_016239.4:c.6941G>A,NP_057323.3:p.Arg2314Lys,0.171,18.10,['Unknown%20significance'],193.07,0.71,0.0,0.4,0.4
MYO15A,17,18148937,NM_016239.4:c.6941G>T,NP_057323.3:p.Arg2314Met,0.431,23.5,['Unknown%20significance'],193.07,0.71,0.0,0.2,0.2
MYO15A,17,18148939,NM_016239.4:c.6943G>A,NP_057323.3:p.Gly2315Arg,0.238,22.6,['Unknown%20significance'],42.97,0.45,0.0,-0.6,0.6
MYO15A,17,18148940,NM_016239.4:c.6944G>A,NP_057323.3:p.Gly2315Glu,0.133,21.8,['Unknown%20significance'],42.97,0.45,0.0,-0.4,0.4
MYO15A,17,18148942,NM_016239.4:c.6946G>A,NP_057323.3:p.Gly2316Ser,0.090,9.373,['Unknown%20significance'],24.28,0.25,0.0,-0.4,0.4
MYO15A,17,18148942,NM_016239.4:c.6946G>T,NP_057323.3:p.Gly2316Cys,0.113,16.20,['Unknown%20significance'],24.28,0.25,0.0,-0.1,0.1
MYO15A,17,18148943,NM_016239.4:c.6947G>C,NP_057323.3:p.Gly2316Ala,0.125,13.23,['Unknown%20significance'],24.28,0.25,0.0,-0.6,0.6
MYO15A,17,18148943,NM_016239.4:c.6947G>T,NP_057323.3:p.Gly2316Val,0.107,18.64,['Unknown%20significance'],24.28,0.25,0.0,-0.6,0.6
MYO15A,17,18148945,NM_016239.4:c.6949C>A,NP_057323.3:p.Pro2317Thr,0.124,11.57,['Unknown%20significance'],5.64,0.03,0.0,0.3,0.3
MYO15A,17,18148945,NM_016239.4:c.6949C>T,NP_057323.3:p.Pro2317Ser,0.130,12.17,['Unknown%20significance'],5.64,0.03,0.0,0.7,0.7
MYO15A,17,18148946,NM_016239.4:c.6950C>A,NP_057323.3:p.Pro2317His,0.242,20.8,['Unknown%20significance'],5.64,0.03,0.0,0.2,0.2
MYO15A,17,18148946,NM_016239.4:c.6950C>T,NP_057323.3:p.Pro2317Leu,0.191,16.52,['Unknown%20significance'],5.64,0.03,0.0,-0.2,0.2
MYO15A,17,18148948,NM_016239.4:c.6952A>G,NP_057323.3:p.Lys2318Glu,0.160,17.36,['Unknown%20significance'],139.89,0.59,0.0,0.1,0.1
MYO15A,17,18148949,NM_016239.4:c.6953A>G,NP_057323.3:p.Lys2318Arg,0.133,13.26,['Unknown%20significance'],139.89,0.59,0.0,-0.4,0.4
MYO15A,17,18148951,NM_016239.4:c.6955G>A,NP_057323.3:p.Val2319Met,0.109,19.25,['Unknown%20significance'],7.12,0.04,0.0,0.1,0.1
MYO15A,17,18148952,NM_016239.4:c.6956T>C,NP_057323.3:p.Val2319Ala,0.245,8.430,['Unknown%20significance'],7.12,0.04,0.0,1.4,1.4
MYO15A,17,18149217,NM_016239.4:c.6958G>A,NP_057323.3:p.Val2320Met,0.305,14.02,['Unknown%20significance'],33.65,0.19,0.0,0.2,0.2
MYO15A,17,18149217,NM_016239.4:c.6958G>T,NP_057323.3:p.Val2320Leu,0.134,9.057,['Unknown%20significance'],33.65,0.19,0.0,-0.4,0.4
MYO15A,17,18149218,NM_016239.4:c.6959T>A,NP_057323.3:p.Val2320Glu,0.722,23.9,['Unknown%20significance'],33.65,0.19,0.0,1.7,1.7
MYO15A,17,18149221,NM_016239.4:c.6962T>C,NP_057323.3:p.Phe2321Ser,0.681,24.4,['Unknown%20significance'],68.64,0.29,0.0,2.5,2.5
MYO15A,17,18149226,NM_016239.4:c.6967A>G,NP_057323.3:p.Asn2323Asp,0.192,15.32,['Unknown%20significance'],31.94,0.19,0.0,0.3,0.3
MYO15A,17,18149228,NM_016239.4:c.6969C>G,NP_057323.3:p.Asn2323Lys,0.206,12.64,['Unknown%20significance'],31.94,0.19,0.0,0.4,0.4
MYO15A,17,18149231,NM_016239.4:c.6972C>G,NP_057323.3:p.Ser2324Arg,0.166,18.42,['Unknown%20significance'],34.64,0.25,0.0,-0.3,0.3
MYO15A,17,18149232,NM_016239.4:c.6973T>G,NP_057323.3:p.Trp2325Gly,0.580,22.7,['Unknown%20significance'],28.08,0.1,0.0,4.1,4.1
MYO15A,17,18149239,NM_016239.4:c.6980C>G,NP_057323.3:p.Ser2327Trp,0.536,23.5,['Unknown%20significance'],89.94,0.65,0.0,-0.2,0.2
MYO15A,17,18149239,NM_016239.4:c.6980C>T,NP_057323.3:p.Ser2327Leu,0.320,20.9,['Unknown%20significance'],89.94,0.65,0.0,-0.1,0.1
MYO15A,17,18149241,NM_016239.4:c.6982G>A,NP_057323.3:p.Asp2328Asn,0.342,25.1,['Unknown%20significance'],100.28,0.62,0.0,-0.0,0.0
MYO15A,17,18149241,NM_016239.4:c.6982G>C,NP_057323.3:p.Asp2328His,0.393,25.2,['Unknown%20significance'],100.28,0.62,0.0,-0.3,0.3
MYO15A,17,18149241,NM_016239.4:c.6982G>T,NP_057323.3:p.Asp2328Tyr,0.583,25.4,['Unknown%20significance'],100.28,0.62,0.0,-0.4,0.4
MYO15A,17,18149244,NM_016239.4:c.6985G>A,NP_057323.3:p.Glu2329Lys,0.208,20.6,['Unknown%20significance'],104.84,0.53,0.0,-0.0,0.0
MYO15A,17,18149246,NM_016239.4:c.6987G>T,NP_057323.3:p.Glu2329Asp,0.149,11.16,['Unknown%20significance'],104.84,0.53,0.0,0.1,0.1
MYO15A,17,18149247,NM_016239.4:c.6988G>T,NP_057323.3:p.Asp2330Tyr,0.408,24.8,['Unknown%20significance'],129.18,0.8,0.0,-0.3,0.3
MYO15A,17,18149249,NM_016239.4:c.6990C>A,NP_057323.3:p.Asp2330Glu,0.180,0.002,['Unknown%20significance'],129.18,0.8,0.0,-0.0,0.0
MYO15A,17,18149250,NM_016239.4:c.6991A>C,NP_057323.3:p.Met2331Leu,0.172,0.428,['Unknown%20significance'],179.62,0.82,0.0,-0.0,0.0
MYO15A,17,18149251,NM_016239.4:c.6992T>C,NP_057323.3:p.Met2331Thr,0.181,0.053,['Unknown%20significance'],179.62,0.82,0.0,0.1,0.1
MYO15A,17,18149254,NM_016239.4:c.6995C>A,NP_057323.3:p.Ser2332Tyr,0.114,15.68,['Unknown%20significance'],107.32,0.77,0.0,-0.3,0.3
MYO15A,17,18149254,NM_016239.4:c.6995C>G,NP_057323.3:p.Ser2332Cys,0.129,16.11,['Unknown%20significance'],107.32,0.77,0.0,0.1,0.1
MYO15A,17,18149254,NM_016239.4:c.6995C>T,NP_057323.3:p.Ser2332Phe,0.122,13.04,['Unknown%20significance'],107.32,0.77,0.0,-0.1,0.1
MYO15A,17,18149256,NM_016239.4:c.6997A>G,NP_057323.3:p.Thr2333Ala,0.184,0.007,['Unknown%20significance'],132.29,0.84,0.0,0.1,0.1
MYO15A,17,18149260,NM_016239.4:c.7001G>C,NP_057323.3:p.Arg2334Thr,0.145,5.512,['Unknown%20significance'],230.66,0.85,0.0,0.0,0.0
MYO15A,17,18149262,NM_016239.4:c.7003C>T,NP_057323.3:p.Pro2335Ser,0.319,16.86,['Unknown%20significance'],135.61,0.86,0.0,0.1,0.1
MYO15A,17,18149263,NM_016239.4:c.7004C>A,NP_057323.3:p.Pro2335His,0.335,20.6,['Unknown%20significance'],135.61,0.86,0.0,0.1,0.1
MYO15A,17,18149268,NM_016239.4:c.7009C>G,NP_057323.3:p.Pro2337Ala,0.153,6.399,['Unknown%20significance'],133.76,0.85,0.0,0.1,0.1
MYO15A,17,18149268,NM_016239.4:c.7009C>T,NP_057323.3:p.Pro2337Ser,0.116,8.289,['Unknown%20significance'],133.76,0.85,0.0,0.1,0.1
MYO15A,17,18149269,NM_016239.4:c.7010C>T,NP_057323.3:p.Pro2337Leu,0.166,11.63,['Unknown%20significance'],133.76,0.85,0.0,-0.0,0.0
MYO15A,17,18149273,NM_016239.4:c.7014G>C,NP_057323.3:p.Gln2338His,0.219,17.34,['Unknown%20significance'],171.06,0.86,0.0,-0.0,0.0
MYO15A,17,18149274,NM_016239.4:c.7015G>A,NP_057323.3:p.Glu2339Lys,0.129,16.23,['Unknown%20significance'],145.43,0.74,0.0,-0.0,0.0
MYO15A,17,18149276,NM_016239.4:c.7017G>C,NP_057323.3:p.Glu2339Asp,0.220,6.928,['Unknown%20significance'],145.43,0.74,0.0,0.1,0.1
MYO15A,17,18149276,NM_016239.4:c.7017G>T,NP_057323.3:p.Glu2339Asp,0.220,6.993,['Unknown%20significance'],145.43,0.74,0.0,0.1,0.1
MYO15A,17,18149277,NM_016239.4:c.7018C>G,NP_057323.3:p.His2340Asp,0.170,15.33,['Unknown%20significance'],56.66,0.27,0.0,0.8,0.8
MYO15A,17,18149277,NM_016239.4:c.7018C>T,NP_057323.3:p.His2340Tyr,0.133,9.950,['Unknown%20significance'],56.66,0.27,0.0,-0.5,0.5
MYO15A,17,18149278,NM_016239.4:c.7019A>T,NP_057323.3:p.His2340Leu,0.221,7.294,['Unknown%20significance'],56.66,0.27,0.0,0.0,0.0
MYO15A,17,18149280,NM_016239.4:c.7021A>G,NP_057323.3:p.Met2341Val,0.214,0.005,['Unknown%20significance'],73.06,0.33,0.0,0.0,0.0
MYO15A,17,18149280,NM_016239.4:c.7021A>T,NP_057323.3:p.Met2341Leu,0.201,0.004,['Unknown%20significance'],73.06,0.33,0.0,0.1,0.1
MYO15A,17,18149281,NM_016239.4:c.7022T>C,NP_057323.3:p.Met2341Thr,0.162,0.296,['Unknown%20significance'],73.06,0.33,0.0,0.3,0.3
MYO15A,17,18149283,NM_016239.4:c.7024C>A,NP_057323.3:p.Pro2342Thr,0.147,6.078,['Unknown%20significance'],51.02,0.32,0.0,0.3,0.3
MYO15A,17,18149284,NM_016239.4:c.7025C>T,NP_057323.3:p.Pro2342Leu,0.244,9.606,['Unknown%20significance'],51.02,0.32,0.0,-0.1,0.1
MYO15A,17,18149286,NM_016239.4:c.7027A>G,NP_057323.3:p.Lys2343Glu,0.259,1.993,['Unknown%20significance'],193.86,0.81,0.0,-0.0,0.0
MYO15A,17,18149287,NM_016239.4:c.7028A>G,NP_057323.3:p.Lys2343Arg,0.145,0.964,['Unknown%20significance'],193.86,0.81,0.0,-0.2,0.2
MYO15A,17,18149289,NM_016239.4:c.7030G>A,NP_057323.3:p.Val2344Ile,0.110,1.221,['Unknown%20significance'],94.07,0.54,0.0,-0.0,0.0
MYO15A,17,18149292,NM_016239.4:c.7033C>T,NP_057323.3:p.Leu2345Phe,0.192,7.150,['Unknown%20significance'],186.03,0.96,0.0,0.0,0.0
MYO15A,17,18149295,NM_016239.4:c.7036G>C,NP_057323.3:p.Asp2346His,0.267,20.4,['Unknown%20significance'],145.13,0.9,0.0,-0.1,0.1
MYO15A,17,18149296,NM_016239.4:c.7037A>C,NP_057323.3:p.Asp2346Ala,0.333,22.3,['Unknown%20significance'],145.13,0.9,0.0,-0.0,0.0
MYO15A,17,18149298,NM_016239.4:c.7039T>C,NP_057323.3:p.Ser2347Pro,0.422,19.78,['Unknown%20significance'],128.94,0.93,0.0,0.1,0.1
MYO15A,17,18149303,NM_016239.4:c.7044T>G,NP_057323.3:p.Asp2348Glu,0.185,11.39,['Unknown%20significance'],111.79,0.69,0.0,0.0,0.0
MYO15A,17,18149305,NM_016239.4:c.7046G>A,NP_057323.3:p.Gly2349Glu,0.386,24.0,['Unknown%20significance'],83.09,0.87,0.0,0.0,0.0
MYO15A,17,18149307,NM_016239.4:c.7048T>C,NP_057323.3:p.Tyr2350His,0.231,17.39,['Unknown%20significance'],194.83,0.81,0.0,0.3,0.3
MYO15A,17,18149311,NM_016239.4:c.7052G>A,NP_057323.3:p.Ser2351Asn,0.217,17.37,['Unknown%20significance'],107.46,0.77,0.0,-0.0,0.0
MYO15A,17,18149311,NM_016239.4:c.7052G>C,NP_057323.3:p.Ser2351Thr,0.168,16.32,['Unknown%20significance'],107.46,0.77,0.0,-0.1,0.1
MYO15A,17,18149319,NM_016239.4:c.7060A>G,NP_057323.3:p.Asn2354Asp,0.215,16.10,['Unknown%20significance'],93.27,0.58,0.0,0.0,0.0
MYO15A,17,18149320,NM_016239.4:c.7061A>G,NP_057323.3:p.Asn2354Ser,0.198,1.660,['Unknown%20significance'],93.27,0.58,0.0,0.0,0.0
MYO15A,17,18149325,NM_016239.4:c.7066G>A,NP_057323.3:p.Asp2356Asn,0.106,18.56,['Unknown%20significance'],134.77,0.84,0.0,-0.1,0.1
MYO15A,17,18149327,NM_016239.4:c.7068C>A,NP_057323.3:p.Asp2356Glu,0.242,0.137,['Unknown%20significance'],134.77,0.84,0.0,-0.0,0.0
MYO15A,17,18149328,NM_016239.4:c.7069G>A,NP_057323.3:p.Gly2357Ser,0.049,3.184,['Unknown%20significance'],73.52,0.77,0.0,-0.1,0.1
MYO15A,17,18149328,NM_016239.4:c.7069G>T,NP_057323.3:p.Gly2357Cys,0.201,6.666,['Unknown%20significance'],73.52,0.77,0.0,-0.0,0.0
MYO15A,17,18149329,NM_016239.4:c.7070G>A,NP_057323.3:p.Gly2357Asp,0.114,13.64,['Unknown%20significance'],73.52,0.77,0.0,-0.1,0.1
MYO15A,17,18149332,NM_016239.4:c.7073C>A,NP_057323.3:p.Thr2358Lys,0.283,15.96,['Unknown%20significance'],132.23,0.84,0.0,0.3,0.3
MYO15A,17,18149332,NM_016239.4:c.7073C>T,NP_057323.3:p.Thr2358Ile,0.251,17.82,['Unknown%20significance'],132.23,0.84,0.0,-0.1,0.1
MYO15A,17,18149334,NM_016239.4:c.7075A>G,NP_057323.3:p.Asn2359Asp,0.134,5.000,['Unknown%20significance'],160.1,1.0,0.0,0.0,0.0
MYO15A,17,18149335,NM_016239.4:c.7076A>G,NP_057323.3:p.Asn2359Ser,0.121,10.99,['Unknown%20significance'],160.1,1.0,0.0,0.0,0.0
MYO15A,17,18149337,NM_016239.4:c.7078G>T,NP_057323.3:p.Gly2360Trp,0.310,22.9,['Unknown%20significance'],82.07,0.86,0.0,-0.2,0.2
MYO15A,17,18149338,NM_016239.4:c.7079G>T,NP_057323.3:p.Gly2360Val,0.131,16.59,['Unknown%20significance'],82.07,0.86,0.0,-0.2,0.2
MYO15A,17,18149341,NM_016239.4:c.7082A>G,NP_057323.3:p.Glu2361Gly,0.126,22.8,['Unknown%20significance'],173.54,0.88,0.0,0.1,0.1
MYO15A,17,18149342,NM_016239.4:c.7083G>C,NP_057323.3:p.Glu2361Asp,0.134,14.26,['Unknown%20significance'],173.54,0.88,0.0,0.0,0.0
MYO15A,17,18149346,NM_016239.4:c.7087G>A,NP_057323.3:p.Glu2363Lys,0.151,20.9,['Unknown%20significance'],185.67,0.95,0.0,0.0,0.0
MYO15A,17,18149347,NM_016239.4:c.7088A>G,NP_057323.3:p.Glu2363Gly,0.214,20.1,['Unknown%20significance'],185.67,0.95,0.0,0.1,0.1
MYO15A,17,18149349,NM_016239.4:c.7090G>A,NP_057323.3:p.Ala2364Thr,0.182,14.08,['Unknown%20significance'],99.5,0.78,0.0,-0.0,0.0
MYO15A,17,18149349,NM_016239.4:c.7090G>T,NP_057323.3:p.Ala2364Ser,0.197,11.80,['Unknown%20significance'],99.5,0.78,0.0,0.0,0.0
MYO15A,17,18149350,NM_016239.4:c.7091C>T,NP_057323.3:p.Ala2364Val,0.176,16.96,['Unknown%20significance'],99.5,0.78,0.0,-0.0,0.0
MYO15A,17,18149354,NM_016239.4:c.7095A>C,NP_057323.3:p.Gln2365His,0.305,12.53,['Unknown%20significance'],149.87,0.75,0.0,-0.0,0.0
MYO15A,17,18149356,NM_016239.4:c.7097G>A,NP_057323.3:p.Arg2366Lys,0.218,21.1,['Unknown%20significance'],243.69,0.9,0.0,0.2,0.2
MYO15A,17,18149356,NM_016239.4:c.7097G>T,NP_057323.3:p.Arg2366Ile,0.452,23.8,['Unknown%20significance'],243.69,0.9,0.0,0.1,0.1
MYO15A,17,18149364,NM_016239.4:c.7105G>A,NP_057323.3:p.Ala2369Thr,0.097,15.09,['Unknown%20significance'],36.12,0.28,0.0,-0.1,0.1
MYO15A,17,18149368,NM_016239.4:c.7109C>A,NP_057323.3:p.Thr2370Asn,0.132,5.349,['Unknown%20significance'],85.4,0.54,0.0,0.2,0.2
MYO15A,17,18149371,NM_016239.4:c.7112A>C,NP_057323.3:p.His2371Pro,0.433,7.408,['Unknown%20significance'],77.21,0.37,0.0,0.6,0.6
MYO15A,17,18149372,NM_016239.4:c.7113C>A,NP_057323.3:p.His2371Gln,0.095,1.907,['Unknown%20significance'],77.21,0.37,0.0,0.3,0.3
MYO15A,17,18149372,NM_016239.4:c.7113C>G,NP_057323.3:p.His2371Gln,0.111,2.102,['Unknown%20significance'],77.21,0.37,0.0,0.3,0.3
MYO15A,17,18149374,NM_016239.4:c.7115A>T,NP_057323.3:p.Gln2372Leu,0.274,16.05,['Unknown%20significance'],10.88,0.05,0.0,-1.0,1.0
MYO15A,17,18149488,NM_016239.4:c.7120T>C,NP_057323.3:p.Ser2374Pro,0.227,13.74,['Unknown%20significance'],38.57,0.27,0.0,0.3,0.3
MYO15A,17,18149489,NM_016239.4:c.7121C>T,NP_057323.3:p.Ser2374Leu,0.185,10.61,['Unknown%20significance'],38.57,0.27,0.0,-0.3,0.3
MYO15A,17,18149493,NM_016239.4:c.7125C>G,NP_057323.3:p.Asp2375Glu,0.291,16.75,['Unknown%20significance'],77.67,0.48,0.0,-0.1,0.1
MYO15A,17,18149495,NM_016239.4:c.7127G>A,NP_057323.3:p.Ser2376Asn,0.162,8.201,['Unknown%20significance'],83.8,0.6,0.0,0.1,0.1
MYO15A,17,18149495,NM_016239.4:c.7127G>C,NP_057323.3:p.Ser2376Thr,0.122,6.722,['Unknown%20significance'],83.8,0.6,0.0,-0.0,0.0
MYO15A,17,18149497,NM_016239.4:c.7129C>G,NP_057323.3:p.Leu2377Val,0.073,8.983,['Unknown%20significance'],170.46,0.88,0.0,0.1,0.1
MYO15A,17,18149500,NM_016239.4:c.7132G>A,NP_057323.3:p.Gly2378Arg,0.150,17.97,['Unknown%20significance'],78.98,0.82,0.0,-0.2,0.2
MYO15A,17,18149501,NM_016239.4:c.7133G>A,NP_057323.3:p.Gly2378Glu,0.223,15.01,['Unknown%20significance'],78.98,0.82,0.0,-0.1,0.1
MYO15A,17,18149501,NM_016239.4:c.7133G>C,NP_057323.3:p.Gly2378Ala,0.148,15.23,['Unknown%20significance'],78.98,0.82,0.0,-0.1,0.1
MYO15A,17,18149504,NM_016239.4:c.7136A>G,NP_057323.3:p.Glu2379Gly,0.447,25.0,['Unknown%20significance'],164.27,0.84,0.0,0.0,0.0
MYO15A,17,18149506,NM_016239.4:c.7138C>G,NP_057323.3:p.Pro2380Ala,0.208,16.75,['Unknown%20significance'],156.26,0.99,0.0,0.0,0.0
MYO15A,17,18149507,NM_016239.4:c.7139C>T,NP_057323.3:p.Pro2380Leu,0.292,22.6,['Unknown%20significance'],156.26,0.99,0.0,-0.0,0.0
MYO15A,17,18149509,NM_016239.4:c.7141G>C,NP_057323.3:p.Ala2381Pro,0.168,9.810,['Unknown%20significance'],98.87,0.77,0.0,0.1,0.1
MYO15A,17,18149509,NM_016239.4:c.7141G>T,NP_057323.3:p.Ala2381Ser,0.125,6.473,['Unknown%20significance'],98.87,0.77,0.0,0.1,0.1
MYO15A,17,18149510,NM_016239.4:c.7142C>T,NP_057323.3:p.Ala2381Val,0.120,14.84,['Unknown%20significance'],98.87,0.77,0.0,-0.0,0.0
MYO15A,17,18149512,NM_016239.4:c.7144G>A,NP_057323.3:p.Val2382Met,0.196,17.67,['Unknown%20significance'],149.26,0.86,0.0,-0.0,0.0
MYO15A,17,18149512,NM_016239.4:c.7144G>T,NP_057323.3:p.Val2382Leu,0.143,16.77,['Unknown%20significance'],149.26,0.86,0.0,0.0,0.0
MYO15A,17,18149513,NM_016239.4:c.7145T>C,NP_057323.3:p.Val2382Ala,0.178,11.93,['Unknown%20significance'],149.26,0.86,0.0,0.1,0.1
MYO15A,17,18149516,NM_016239.4:c.7148C>T,NP_057323.3:p.Pro2383Leu,0.385,23.1,['Unknown%20significance'],137.09,0.87,0.0,-0.2,0.2
MYO15A,17,18149518,NM_016239.4:c.7150C>A,NP_057323.3:p.His2384Asn,0.269,19.86,['Unknown%20significance'],203.37,0.99,0.0,0.0,0.0
MYO15A,17,18149518,NM_016239.4:c.7150C>T,NP_057323.3:p.His2384Tyr,0.358,19.80,['Unknown%20significance'],203.37,0.99,0.0,-0.1,0.1
MYO15A,17,18149521,NM_016239.4:c.7153A>G,NP_057323.3:p.Lys2385Glu,0.222,22.3,['Unknown%20significance'],219.62,0.92,0.0,0.0,0.0
MYO15A,17,18149522,NM_016239.4:c.7154A>G,NP_057323.3:p.Lys2385Arg,0.215,7.783,['Unknown%20significance'],219.62,0.92,0.0,-0.1,0.1
MYO15A,17,18149524,NM_016239.4:c.7156G>A,NP_057323.3:p.Gly2386Arg,0.491,26.3,['Unknown%20significance'],28.48,0.29,0.0,0.1,0.1
MYO15A,17,18149525,NM_016239.4:c.7157G>C,NP_057323.3:p.Gly2386Ala,0.361,23.4,['Unknown%20significance'],28.48,0.29,0.0,0.2,0.2
MYO15A,17,18149527,NM_016239.4:c.7159C>G,NP_057323.3:p.Leu2387Val,0.341,23.0,['Unknown%20significance'],110.19,0.57,0.0,0.1,0.1
MYO15A,17,18149528,NM_016239.4:c.7160T>C,NP_057323.3:p.Leu2387Pro,0.831,27.4,['Unknown%20significance'],110.19,0.57,0.0,1.2,1.2
MYO15A,17,18149530,NM_016239.4:c.7162G>A,NP_057323.3:p.Asp2388Asn,0.783,27.7,['Unknown%20significance'],105.01,0.65,0.0,-0.0,0.0
MYO15A,17,18149531,NM_016239.4:c.7163A>G,NP_057323.3:p.Asp2388Gly,0.847,32,['Unknown%20significance'],105.01,0.65,0.0,0.5,0.5
MYO15A,17,18149532,NM_016239.4:c.7164C>A,NP_057323.3:p.Asp2388Glu,0.668,23.4,['Unknown%20significance'],105.01,0.65,0.0,0.1,0.1
MYO15A,17,18149533,NM_016239.4:c.7165T>A,NP_057323.3:p.Cys2389Ser,0.180,15.18,['Unknown%20significance'],78.21,0.5,0.0,0.3,0.3
MYO15A,17,18149534,NM_016239.4:c.7166G>A,NP_057323.3:p.Cys2389Tyr,0.272,22.4,['Unknown%20significance'],78.21,0.5,0.0,-0.6,0.6
MYO15A,17,18149536,NM_016239.4:c.7168T>C,NP_057323.3:p.Tyr2390His,0.820,27.1,['Unknown%20significance'],140.99,0.58,0.0,0.9,0.9
MYO15A,17,18149537,NM_016239.4:c.7169A>G,NP_057323.3:p.Tyr2390Cys,0.798,26.2,['Unknown%20significance'],140.99,0.58,0.0,1.5,1.5
MYO15A,17,18149543,NM_016239.4:c.7175A>G,NP_057323.3:p.Asp2392Gly,0.838,32,['Unknown%20significance'],94.85,0.59,0.0,0.6,0.6
MYO15A,17,18149544,NM_016239.4:c.7176T>G,NP_057323.3:p.Asp2392Glu,0.725,23.1,['Unknown%20significance'],94.85,0.59,0.0,0.2,0.2
MYO15A,17,18149548,NM_016239.4:c.7180C>G,NP_057323.3:p.Leu2394Val,0.619,24.2,['Unknown%20significance'],85.04,0.44,0.0,0.6,0.6
MYO15A,17,18149548,NM_016239.4:c.7180C>T,NP_057323.3:p.Leu2394Phe,0.705,24.7,['Unknown%20significance'],85.04,0.44,0.0,0.5,0.5
MYO15A,17,18149553,NM_016239.4:c.7185T>A,NP_057323.3:p.Phe2395Leu,0.700,18.92,['Unknown%20significance'],99.77,0.43,0.0,1.0,1.0
MYO15A,17,18149553,NM_016239.4:c.7185T>G,NP_057323.3:p.Phe2395Leu,0.700,18.04,['Unknown%20significance'],99.77,0.43,0.0,1.0,1.0
MYO15A,17,18149554,NM_016239.4:c.7186G>A,NP_057323.3:p.Asp2396Asn,0.325,6.718,['Unknown%20significance'],53.18,0.33,0.0,-0.2,0.2
MYO15A,17,18149554,NM_016239.4:c.7186G>C,NP_057323.3:p.Asp2396His,0.319,9.179,['Unknown%20significance'],53.18,0.33,0.0,-0.5,0.5
MYO15A,17,18149554,NM_016239.4:c.7186G>T,NP_057323.3:p.Asp2396Tyr,0.427,13.04,['Unknown%20significance'],53.18,0.33,0.0,-0.9,0.9
MYO15A,17,18149555,NM_016239.4:c.7187A>G,NP_057323.3:p.Asp2396Gly,0.286,17.42,['Unknown%20significance'],53.18,0.33,0.0,0.1,0.1
MYO15A,17,18149556,NM_016239.4:c.7188C>A,NP_057323.3:p.Asp2396Glu,0.281,13.79,['Unknown%20significance'],53.18,0.33,0.0,-0.0,0.0
MYO15A,17,18149558,NM_016239.4:c.7190C>T,NP_057323.3:p.Pro2397Leu,0.655,23.5,['Unknown%20significance'],59.58,0.37,0.0,-0.2,0.2
MYO15A,17,18149560,NM_016239.4:c.7192G>A,NP_057323.3:p.Val2398Met,0.753,25.0,['Unknown%20significance'],119.6,0.69,0.0,0.3,0.3
MYO15A,17,18149564,NM_016239.4:c.7196T>C,NP_057323.3:p.Leu2399Pro,0.827,26.5,['Unknown%20significance'],134.22,0.69,0.0,0.6,0.6
MYO15A,17,18149567,NM_016239.4:c.7199C>A,NP_057323.3:p.Ser2400Tyr,0.484,22.7,['Unknown%20significance'],10.0,0.07,0.0,-0.7,0.7
MYO15A,17,18149569,NM_016239.4:c.7201T>C,NP_057323.3:p.Tyr2401His,0.181,14.71,['Unknown%20significance'],140.41,0.58,0.0,0.3,0.3
MYO15A,17,18149570,NM_016239.4:c.7202A>G,NP_057323.3:p.Tyr2401Cys,0.112,9.349,['Likely%20benign'],140.41,0.58,0.0,0.5,0.5
MYO15A,17,18149572,NM_016239.4:c.7204G>A,NP_057323.3:p.Gly2402Arg,0.524,23.6,['Unknown%20significance'],63.29,0.66,0.0,-0.3,0.3
MYO15A,17,18149572,NM_016239.4:c.7204G>C,NP_057323.3:p.Gly2402Arg,0.523,23.4,['Unknown%20significance'],63.29,0.66,0.0,-0.3,0.3
MYO15A,17,18149573,NM_016239.4:c.7205G>A,NP_057323.3:p.Gly2402Glu,0.721,25.0,['Unknown%20significance'],63.29,0.66,0.0,0.2,0.2
MYO15A,17,18149575,NM_016239.4:c.7207G>T,NP_057323.3:p.Asp2403Tyr,0.527,28.6,['Unknown%20significance'],166.84,1.0,0.0,-0.1,0.1
MYO15A,17,18149576,NM_016239.4:c.7208A>C,NP_057323.3:p.Asp2403Ala,0.349,22.2,['Unknown%20significance'],166.84,1.0,0.0,0.0,0.0
MYO15A,17,18149578,NM_016239.4:c.7210G>A,NP_057323.3:p.Ala2404Thr,0.161,14.57,['Unknown%20significance'],72.52,0.57,0.0,-0.1,0.1
MYO15A,17,18149579,NM_016239.4:c.7211C>A,NP_057323.3:p.Ala2404Glu,0.205,6.001,['Unknown%20significance'],72.52,0.57,0.0,0.0,0.0
MYO15A,17,18149579,NM_016239.4:c.7211C>T,NP_057323.3:p.Ala2404Val,0.145,9.868,['Unknown%20significance'],72.52,0.57,0.0,-0.1,0.1
MYO15A,17,18150429,NM_016239.4:c.7213G>A,NP_057323.3:p.Asp2405Asn,0.583,33,['Unknown%20significance'],103.73,0.64,0.0,0.0,0.0
MYO15A,17,18150429,NM_016239.4:c.7213G>C,NP_057323.3:p.Asp2405His,0.712,33,['Unknown%20significance'],103.73,0.64,0.0,-0.0,0.0
MYO15A,17,18150432,NM_016239.4:c.7216C>A,NP_057323.3:p.Leu2406Met,0.454,22.4,['Unknown%20significance'],108.84,0.56,0.0,0.2,0.2
MYO15A,17,18150433,NM_016239.4:c.7217T>G,NP_057323.3:p.Leu2406Arg,0.763,28.3,['Unknown%20significance'],108.84,0.56,0.0,0.4,0.4
MYO15A,17,18150436,NM_016239.4:c.7220A>G,NP_057323.3:p.Glu2407Gly,0.793,32,['Unknown%20significance'],187.76,0.96,0.0,0.1,0.1
MYO15A,17,18150436,NM_016239.4:c.7220A>T,NP_057323.3:p.Glu2407Val,0.754,28.4,['Unknown%20significance'],187.76,0.96,0.0,-0.1,0.1
MYO15A,17,18150444,NM_016239.4:c.7228A>C,NP_057323.3:p.Thr2410Pro,0.576,23.1,['Unknown%20significance'],85.52,0.54,0.0,0.3,0.3
MYO15A,17,18150445,NM_016239.4:c.7229C>A,NP_057323.3:p.Thr2410Lys,0.501,19.85,['Unknown%20significance'],85.52,0.54,0.0,0.4,0.4
MYO15A,17,18150445,NM_016239.4:c.7229C>G,NP_057323.3:p.Thr2410Arg,0.462,22.5,['Unknown%20significance'],85.52,0.54,0.0,-0.0,0.0
MYO15A,17,18150445,NM_016239.4:c.7229C>T,NP_057323.3:p.Thr2410Ile,0.475,22.3,['Unknown%20significance'],85.52,0.54,0.0,-0.4,0.4
MYO15A,17,18150453,NM_016239.4:c.7237G>A,NP_057323.3:p.Ala2413Thr,0.325,21.6,['Unknown%20significance'],41.83,0.32,0.0,0.1,0.1
MYO15A,17,18150454,NM_016239.4:c.7238C>A,NP_057323.3:p.Ala2413Asp,0.563,22.9,['Unknown%20significance'],41.83,0.32,0.0,0.6,0.6
MYO15A,17,18150456,NM_016239.4:c.7240T>C,NP_057323.3:p.Tyr2414His,0.286,16.56,['Unknown%20significance'],200.0,0.83,0.0,0.3,0.3
MYO15A,17,18150459,NM_016239.4:c.7243C>T,NP_057323.3:p.Arg2415Cys,0.771,26.1,['Unknown%20significance'],200.33,0.74,0.0,0.2,0.2
MYO15A,17,18150460,NM_016239.4:c.7244G>A,NP_057323.3:p.Arg2415His,0.741,25.0,['Unknown%20significance'],200.33,0.74,0.0,-0.0,0.0
MYO15A,17,18150460,NM_016239.4:c.7244G>T,NP_057323.3:p.Arg2415Leu,0.780,24.8,['Unknown%20significance'],200.33,0.74,0.0,-0.1,0.1
MYO15A,17,18150462,NM_016239.4:c.7246A>C,NP_057323.3:p.Met2416Leu,0.569,23.2,['Unknown%20significance'],108.37,0.5,0.0,0.1,0.1
MYO15A,17,18150463,NM_016239.4:c.7247T>A,NP_057323.3:p.Met2416Lys,0.850,25.5,['Unknown%20significance'],108.37,0.5,0.0,1.4,1.4
MYO15A,17,18150463,NM_016239.4:c.7247T>C,NP_057323.3:p.Met2416Thr,0.821,24.9,['Unknown%20significance'],108.37,0.5,0.0,0.8,0.8
MYO15A,17,18150468,NM_016239.4:c.7252G>C,NP_057323.3:p.Gly2418Arg,0.747,27.3,['Unknown%20significance'],81.05,0.85,0.0,-0.1,0.1
MYO15A,17,18150468,NM_016239.4:c.7252G>T,NP_057323.3:p.Gly2418Trp,0.735,28.8,['Unknown%20significance'],81.05,0.85,0.0,-0.2,0.2
MYO15A,17,18150469,NM_016239.4:c.7253G>A,NP_057323.3:p.Gly2418Glu,0.736,26.1,['Unknown%20significance'],81.05,0.85,0.0,0.1,0.1
MYO15A,17,18150469,NM_016239.4:c.7253G>T,NP_057323.3:p.Gly2418Val,0.717,25.8,['Unknown%20significance'],81.05,0.85,0.0,-0.0,0.0
MYO15A,17,18150472,NM_016239.4:c.7256G>A,NP_057323.3:p.Gly2419Glu,0.684,25.4,['Unknown%20significance'],59.27,0.62,0.0,0.4,0.4
MYO15A,17,18150475,NM_016239.4:c.7259G>A,NP_057323.3:p.Gly2420Asp,0.752,25.9,['Unknown%20significance'],107.82,1.0,0.0,0.0,0.0
MYO15A,17,18150479,NM_016239.4:c.7263G>C,NP_057323.3:p.Gln2421His,0.359,23.3,['Unknown%20significance'],151.32,0.76,0.0,-0.0,0.0
MYO15A,17,18150483,NM_016239.4:c.7267G>A,NP_057323.3:p.Gly2423Ser,0.206,15.20,['Likely%20benign'],81.23,0.85,0.0,-0.0,0.0
MYO15A,17,18150483,NM_016239.4:c.7267G>C,NP_057323.3:p.Gly2423Arg,0.388,16.42,['Unknown%20significance'],81.23,0.85,0.0,-0.1,0.1
MYO15A,17,18150483,NM_016239.4:c.7267G>T,NP_057323.3:p.Gly2423Cys,0.309,21.7,['Unknown%20significance'],81.23,0.85,0.0,0.0,0.0
MYO15A,17,18150484,NM_016239.4:c.7268G>T,NP_057323.3:p.Gly2423Val,0.281,20.6,['Unknown%20significance'],81.23,0.85,0.0,-0.1,0.1
MYO15A,17,18150486,NM_016239.4:c.7270G>A,NP_057323.3:p.Gly2424Arg,0.129,15.87,['Unknown%20significance'],89.23,0.93,0.0,-0.1,0.1
MYO15A,17,18150489,NM_016239.4:c.7273G>A,NP_057323.3:p.Gly2425Ser,0.167,6.587,['Unknown%20significance'],87.82,0.92,0.0,-0.1,0.1
MYO15A,17,18150490,NM_016239.4:c.7274G>A,NP_057323.3:p.Gly2425Asp,0.223,9.788,['Unknown%20significance'],87.82,0.92,0.0,-0.1,0.1
MYO15A,17,18150490,NM_016239.4:c.7274G>C,NP_057323.3:p.Gly2425Ala,0.157,8.791,['Unknown%20significance'],87.82,0.92,0.0,-0.1,0.1
MYO15A,17,18150496,NM_016239.4:c.7280G>T,NP_057323.3:p.Ser2427Ile,0.210,13.36,['Unknown%20significance'],125.81,0.91,0.0,-0.1,0.1
MYO15A,17,18150499,NM_016239.4:c.7283G>C,NP_057323.3:p.Ser2428Thr,0.239,11.41,['Unknown%20significance'],120.44,0.87,0.0,-0.1,0.1
MYO15A,17,18150499,NM_016239.4:c.7283G>T,NP_057323.3:p.Ser2428Ile,0.375,17.57,['Unknown%20significance'],120.44,0.87,0.0,-0.1,0.1
MYO15A,17,18150502,NM_016239.4:c.7286G>A,NP_057323.3:p.Gly2429Asp,0.226,9.951,['Unknown%20significance'],66.79,0.7,0.0,-0.1,0.1
MYO15A,17,18150504,NM_016239.4:c.7288A>C,NP_057323.3:p.Thr2430Pro,0.257,0.112,['Unknown%20significance'],147.67,0.93,0.0,0.1,0.1
MYO15A,17,18150507,NM_016239.4:c.7291G>A,NP_057323.3:p.Glu2431Lys,0.201,15.42,['Unknown%20significance'],178.18,0.91,0.0,0.0,0.0
MYO15A,17,18150513,NM_016239.4:c.7297A>G,NP_057323.3:p.Thr2433Ala,0.234,0.001,['Unknown%20significance'],104.04,0.66,0.0,0.1,0.1
MYO15A,17,18150513,NM_016239.4:c.7297A>T,NP_057323.3:p.Thr2433Ser,0.225,0.001,['Unknown%20significance'],104.04,0.66,0.0,0.2,0.2
MYO15A,17,18150516,NM_016239.4:c.7300C>T,NP_057323.3:p.Pro2434Ser,0.157,0.449,['Unknown%20significance'],106.32,0.67,0.0,-0.0,0.0
MYO15A,17,18150517,NM_016239.4:c.7301C>T,NP_057323.3:p.Pro2434Leu,0.111,7.914,['Unknown%20significance'],106.32,0.67,0.0,-0.3,0.3
MYO15A,17,18150521,NM_016239.4:c.7305G>T,NP_057323.3:p.Arg2435Ser,0.147,18.15,['Unknown%20significance'],238.76,0.88,0.0,0.1,0.1
MYO15A,17,18150523,NM_016239.4:c.7307G>C,NP_057323.3:p.Arg2436Thr,0.156,17.03,['Unknown%20significance'],160.7,0.59,0.0,0.0,0.0
MYO15A,17,18150525,NM_016239.4:c.7309C>A,NP_057323.3:p.Pro2437Thr,0.135,9.882,['Unknown%20significance'],138.78,0.88,0.0,0.2,0.2
MYO15A,17,18150526,NM_016239.4:c.7310C>A,NP_057323.3:p.Pro2437His,0.208,17.70,['Unknown%20significance'],138.78,0.88,0.0,0.2,0.2
MYO15A,17,18150526,NM_016239.4:c.7310C>G,NP_057323.3:p.Pro2437Arg,0.219,17.18,['Unknown%20significance'],138.78,0.88,0.0,0.2,0.2
MYO15A,17,18150528,NM_016239.4:c.7312C>G,NP_057323.3:p.Pro2438Ala,0.332,18.40,['Unknown%20significance'],122.77,0.78,0.0,0.1,0.1
MYO15A,17,18150528,NM_016239.4:c.7312C>T,NP_057323.3:p.Pro2438Ser,0.351,22.7,['Unknown%20significance'],122.77,0.78,0.0,0.1,0.1
MYO15A,17,18150529,NM_016239.4:c.7313C>G,NP_057323.3:p.Pro2438Arg,0.528,24.6,['Unknown%20significance'],122.77,0.78,0.0,0.0,0.0
MYO15A,17,18150529,NM_016239.4:c.7313C>T,NP_057323.3:p.Pro2438Leu,0.507,24.3,['Unknown%20significance'],122.77,0.78,0.0,-0.0,0.0
MYO15A,17,18150531,NM_016239.4:c.7315G>A,NP_057323.3:p.Glu2439Lys,0.334,22.9,['Unknown%20significance'],87.43,0.44,0.0,0.1,0.1
MYO15A,17,18150531,NM_016239.4:c.7315G>C,NP_057323.3:p.Glu2439Gln,0.286,22.2,['Unknown%20significance'],87.43,0.44,0.0,-0.4,0.4
MYO15A,17,18150539,NM_016239.4:c.7323G>T,NP_057323.3:p.Lys2441Asn,0.248,18.69,['Unknown%20significance'],155.6,0.65,0.0,-0.0,0.0
MYO15A,17,18150540,NM_016239.4:c.7324C>T,NP_057323.3:p.Pro2442Ser,0.234,22.5,['Unknown%20significance'],128.68,0.81,0.0,0.2,0.2
MYO15A,17,18150543,NM_016239.4:c.7327A>C,NP_057323.3:p.Ile2443Leu,0.312,22.5,['Unknown%20significance'],152.23,0.77,0.0,0.1,0.1
MYO15A,17,18150698,NM_016239.4:c.7328T>C,NP_057323.3:p.Ile2443Thr,0.455,23.8,['Unknown%20significance'],152.23,0.77,0.0,0.3,0.3
MYO15A,17,18150700,NM_016239.4:c.7330C>A,NP_057323.3:p.Pro2444Thr,0.519,23.2,['Unknown%20significance'],113.2,0.71,0.0,0.4,0.4
MYO15A,17,18150701,NM_016239.4:c.7331C>A,NP_057323.3:p.Pro2444Gln,0.556,24.8,['Unknown%20significance'],113.2,0.71,0.0,0.4,0.4
MYO15A,17,18150701,NM_016239.4:c.7331C>T,NP_057323.3:p.Pro2444Leu,0.511,23.7,['Unknown%20significance'],113.2,0.71,0.0,0.2,0.2
MYO15A,17,18150703,NM_016239.4:c.7333G>A,NP_057323.3:p.Gly2445Ser,0.333,23.9,['Unknown%20significance'],46.54,0.48,0.0,-0.1,0.1
MYO15A,17,18150703,NM_016239.4:c.7333G>C,NP_057323.3:p.Gly2445Arg,0.504,26.0,['Unknown%20significance'],46.54,0.48,0.0,-0.3,0.3
MYO15A,17,18150703,NM_016239.4:c.7333G>T,NP_057323.3:p.Gly2445Cys,0.458,24.3,['Unknown%20significance'],46.54,0.48,0.0,0.1,0.1
MYO15A,17,18150704,NM_016239.4:c.7334G>T,NP_057323.3:p.Gly2445Val,0.422,24.8,['Unknown%20significance'],46.54,0.48,0.0,-0.2,0.2
MYO15A,17,18150706,NM_016239.4:c.7336C>A,NP_057323.3:p.Leu2446Met,0.392,24.9,['Unknown%20significance'],203.65,1.0,0.0,-0.0,0.0
MYO15A,17,18150707,NM_016239.4:c.7337T>A,NP_057323.3:p.Leu2446Gln,0.550,26.5,['Unknown%20significance'],203.65,1.0,0.0,0.1,0.1
MYO15A,17,18150707,NM_016239.4:c.7337T>C,NP_057323.3:p.Leu2446Pro,0.424,24.0,['Unknown%20significance'],203.65,1.0,0.0,0.1,0.1
MYO15A,17,18150709,NM_016239.4:c.7339G>C,NP_057323.3:p.Asp2447His,0.469,30,['Unknown%20significance'],101.78,0.63,0.0,0.0,0.0
MYO15A,17,18150709,NM_016239.4:c.7339G>T,NP_057323.3:p.Asp2447Tyr,0.687,32,['Unknown%20significance'],101.78,0.63,0.0,-0.1,0.1
MYO15A,17,18150712,NM_016239.4:c.7342G>T,NP_057323.3:p.Ala2448Ser,0.092,12.70,['Unknown%20significance'],67.58,0.53,0.0,0.2,0.2
MYO15A,17,18150713,NM_016239.4:c.7343C>A,NP_057323.3:p.Ala2448Asp,0.241,18.70,['Unknown%20significance'],67.58,0.53,0.0,0.5,0.5
MYO15A,17,18150713,NM_016239.4:c.7343C>T,NP_057323.3:p.Ala2448Val,0.191,18.69,['Unknown%20significance'],67.58,0.53,0.0,-0.1,0.1
MYO15A,17,18150715,NM_016239.4:c.7345T>A,NP_057323.3:p.Ser2449Thr,0.301,22.9,['Unknown%20significance'],57.98,0.42,0.0,-0.2,0.2
MYO15A,17,18150715,NM_016239.4:c.7345T>C,NP_057323.3:p.Ser2449Pro,0.388,24.8,['Unknown%20significance'],57.98,0.42,0.0,0.3,0.3
MYO15A,17,18150715,NM_016239.4:c.7345T>G,NP_057323.3:p.Ser2449Ala,0.257,21.1,['Unknown%20significance'],57.98,0.42,0.0,-0.1,0.1
MYO15A,17,18150716,NM_016239.4:c.7346C>A,NP_057323.3:p.Ser2449Tyr,0.452,24.8,['Unknown%20significance'],57.98,0.42,0.0,-0.8,0.8
MYO15A,17,18150716,NM_016239.4:c.7346C>T,NP_057323.3:p.Ser2449Phe,0.445,25.0,['Unknown%20significance'],57.98,0.42,0.0,-0.5,0.5
MYO15A,17,18150718,NM_016239.4:c.7348A>G,NP_057323.3:p.Thr2450Ala,0.325,22.6,['Unknown%20significance'],92.99,0.59,0.0,0.1,0.1
MYO15A,17,18150718,NM_016239.4:c.7348A>T,NP_057323.3:p.Thr2450Ser,0.325,22.7,['Unknown%20significance'],92.99,0.59,0.0,0.3,0.3
MYO15A,17,18150719,NM_016239.4:c.7349C>T,NP_057323.3:p.Thr2450Ile,0.438,20.3,['Unknown%20significance'],92.99,0.59,0.0,-0.4,0.4
MYO15A,17,18150721,NM_016239.4:c.7351T>A,NP_057323.3:p.Leu2451Met,0.237,15.66,['Unknown%20significance'],110.01,0.57,0.0,-0.0,0.0
MYO15A,17,18150722,NM_016239.4:c.7352T>C,NP_057323.3:p.Leu2451Ser,0.629,25.5,['Unknown%20significance'],110.01,0.57,0.0,0.7,0.7
MYO15A,17,18150723,NM_016239.4:c.7353G>C,NP_057323.3:p.Leu2451Phe,0.437,23.7,['Unknown%20significance'],110.01,0.57,0.0,0.1,0.1
MYO15A,17,18150723,NM_016239.4:c.7353G>T,NP_057323.3:p.Leu2451Phe,0.370,24.5,['Unknown%20significance'],110.01,0.57,0.0,0.1,0.1
MYO15A,17,18150724,NM_016239.4:c.7354G>A,NP_057323.3:p.Ala2452Thr,0.498,25.2,['Unknown%20significance'],60.45,0.47,0.0,0.2,0.2
MYO15A,17,18150724,NM_016239.4:c.7354G>T,NP_057323.3:p.Ala2452Ser,0.483,26.1,['Unknown%20significance'],60.45,0.47,0.0,0.4,0.4
MYO15A,17,18150725,NM_016239.4:c.7355C>A,NP_057323.3:p.Ala2452Asp,0.644,24.0,['Unknown%20significance'],60.45,0.47,0.0,0.7,0.7
MYO15A,17,18150725,NM_016239.4:c.7355C>T,NP_057323.3:p.Ala2452Val,0.495,22.9,['Unknown%20significance'],60.45,0.47,0.0,-0.1,0.1
MYO15A,17,18150727,NM_016239.4:c.7357C>A,NP_057323.3:p.Leu2453Met,0.474,22.0,['Unknown%20significance'],134.07,0.69,0.0,0.0,0.0
MYO15A,17,18150730,NM_016239.4:c.7360C>A,NP_057323.3:p.Gln2454Lys,0.442,23.1,['Unknown%20significance'],108.34,0.54,0.0,0.5,0.5
MYO15A,17,18150731,NM_016239.4:c.7361A>G,NP_057323.3:p.Gln2454Arg,0.665,25.1,['Unknown%20significance'],108.34,0.54,0.0,0.2,0.2
MYO15A,17,18150732,NM_016239.4:c.7362G>T,NP_057323.3:p.Gln2454His,0.639,24.2,['Unknown%20significance'],108.34,0.54,0.0,0.2,0.2
MYO15A,17,18150733,NM_016239.4:c.7363C>A,NP_057323.3:p.Gln2455Lys,0.546,24.8,['Unknown%20significance'],97.44,0.49,0.0,0.4,0.4
MYO15A,17,18150734,NM_016239.4:c.7364A>C,NP_057323.3:p.Gln2455Pro,0.792,26.7,['Unknown%20significance'],97.44,0.49,0.0,0.7,0.7
MYO15A,17,18150734,NM_016239.4:c.7364A>G,NP_057323.3:p.Gln2455Arg,0.643,26.1,['Unknown%20significance'],97.44,0.49,0.0,0.1,0.1
MYO15A,17,18150736,NM_016239.4:c.7366G>C,NP_057323.3:p.Ala2456Pro,0.667,29.2,['Unknown%20significance'],65.18,0.51,0.0,0.7,0.7
MYO15A,17,18150736,NM_016239.4:c.7366G>T,NP_057323.3:p.Ala2456Ser,0.405,26.7,['Unknown%20significance'],65.18,0.51,0.0,0.6,0.6
MYO15A,17,18150737,NM_016239.4:c.7367C>A,NP_057323.3:p.Ala2456Asp,0.683,25.1,['Unknown%20significance'],65.18,0.51,0.0,0.8,0.8
MYO15A,17,18150737,NM_016239.4:c.7367C>G,NP_057323.3:p.Ala2456Gly,0.438,25.0,['Unknown%20significance'],65.18,0.51,0.0,0.9,0.9
MYO15A,17,18150737,NM_016239.4:c.7367C>T,NP_057323.3:p.Ala2456Val,0.491,25.3,['Unknown%20significance'],65.18,0.51,0.0,0.0,0.0
MYO15A,17,18150739,NM_016239.4:c.7369T>A,NP_057323.3:p.Phe2457Ile,0.319,22.0,['Unknown%20significance'],137.83,0.59,0.0,0.5,0.5
MYO15A,17,18150741,NM_016239.4:c.7371C>A,NP_057323.3:p.Phe2457Leu,0.250,22.2,['Unknown%20significance'],137.83,0.59,0.0,0.5,0.5
MYO15A,17,18150743,NM_016239.4:c.7373T>C,NP_057323.3:p.Ile2458Thr,0.735,25.4,['Unknown%20significance'],113.27,0.57,0.0,1.0,1.0
MYO15A,17,18150745,NM_016239.4:c.7375C>A,NP_057323.3:p.His2459Asn,0.188,15.49,['Unknown%20significance'],140.06,0.68,0.0,0.1,0.1
MYO15A,17,18150745,NM_016239.4:c.7375C>T,NP_057323.3:p.His2459Tyr,0.367,22.6,['Unknown%20significance'],140.06,0.68,0.0,-0.2,0.2
MYO15A,17,18150746,NM_016239.4:c.7376A>G,NP_057323.3:p.His2459Arg,0.261,16.53,['Unknown%20significance'],140.06,0.68,0.0,0.1,0.1
MYO15A,17,18150747,NM_016239.4:c.7377C>A,NP_057323.3:p.His2459Gln,0.219,16.40,['Unknown%20significance'],140.06,0.68,0.0,0.1,0.1
MYO15A,17,18150749,NM_016239.4:c.7379A>G,NP_057323.3:p.Lys2460Arg,0.260,17.98,['Unknown%20significance'],135.88,0.57,0.0,-0.3,0.3
MYO15A,17,18150751,NM_016239.4:c.7381C>A,NP_057323.3:p.Gln2461Lys,0.403,22.8,['Unknown%20significance'],74.38,0.37,0.0,0.7,0.7
MYO15A,17,18150752,NM_016239.4:c.7382A>G,NP_057323.3:p.Gln2461Arg,0.485,23.2,['Unknown%20significance'],74.38,0.37,0.0,0.3,0.3
MYO15A,17,18150752,NM_016239.4:c.7382A>T,NP_057323.3:p.Gln2461Leu,0.617,23.7,['Unknown%20significance'],74.38,0.37,0.0,-0.1,0.1
MYO15A,17,18150754,NM_016239.4:c.7384G>A,NP_057323.3:p.Ala2462Thr,0.479,25.3,['Unknown%20significance'],54.16,0.42,0.0,0.5,0.5
MYO15A,17,18150754,NM_016239.4:c.7384G>T,NP_057323.3:p.Ala2462Ser,0.421,24.8,['Unknown%20significance'],54.16,0.42,0.0,0.7,0.7
MYO15A,17,18150755,NM_016239.4:c.7385C>A,NP_057323.3:p.Ala2462Asp,0.714,24.5,['Unknown%20significance'],54.16,0.42,0.0,1.2,1.2
MYO15A,17,18150757,NM_016239.4:c.7387G>A,NP_057323.3:p.Val2463Met,0.142,8.703,['Unknown%20significance'],78.13,0.45,0.0,-0.1,0.1
MYO15A,17,18150757,NM_016239.4:c.7387G>T,NP_057323.3:p.Val2463Leu,0.132,7.863,['Unknown%20significance'],78.13,0.45,0.0,-0.2,0.2
MYO15A,17,18150760,NM_016239.4:c.7390C>A,NP_057323.3:p.Leu2464Met,0.372,22.8,['Unknown%20significance'],84.75,0.43,0.0,0.2,0.2
MYO15A,17,18150761,NM_016239.4:c.7391T>C,NP_057323.3:p.Leu2464Pro,0.727,25.1,['Unknown%20significance'],84.75,0.43,0.0,1.5,1.5
MYO15A,17,18150763,NM_016239.4:c.7393C>A,NP_057323.3:p.Leu2465Met,0.272,18.91,['Unknown%20significance'],124.29,0.64,0.0,0.1,0.1
MYO15A,17,18150836,NM_016239.4:c.7396G>A,NP_057323.3:p.Ala2466Thr,0.454,32,['Unknown%20significance'],58.47,0.45,0.0,0.6,0.6
MYO15A,17,18150836,NM_016239.4:c.7396G>T,NP_057323.3:p.Ala2466Ser,0.434,32,['Unknown%20significance'],58.47,0.45,0.0,0.7,0.7
MYO15A,17,18150837,NM_016239.4:c.7397C>A,NP_057323.3:p.Ala2466Asp,0.599,26.5,['Unknown%20significance'],58.47,0.45,0.0,1.2,1.2
MYO15A,17,18150839,NM_016239.4:c.7399C>G,NP_057323.3:p.Arg2467Gly,0.587,24.0,['Unknown%20significance'],164.23,0.6,0.0,0.7,0.7
MYO15A,17,18150839,NM_016239.4:c.7399C>T,NP_057323.3:p.Arg2467Trp,0.614,25.2,['Unknown%20significance'],164.23,0.6,0.0,-0.3,0.3
MYO15A,17,18150840,NM_016239.4:c.7400G>A,NP_057323.3:p.Arg2467Gln,0.310,17.61,['Unknown%20significance'],164.23,0.6,0.0,-0.1,0.1
MYO15A,17,18150840,NM_016239.4:c.7400G>C,NP_057323.3:p.Arg2467Pro,0.650,23.6,['Unknown%20significance'],164.23,0.6,0.0,0.3,0.3
MYO15A,17,18150840,NM_016239.4:c.7400G>T,NP_057323.3:p.Arg2467Leu,0.528,24.5,['Unknown%20significance'],164.23,0.6,0.0,-0.2,0.2
MYO15A,17,18150842,NM_016239.4:c.7402G>A,NP_057323.3:p.Glu2468Lys,0.347,23.9,['Unknown%20significance'],100.12,0.51,0.0,0.1,0.1
MYO15A,17,18150842,NM_016239.4:c.7402G>C,NP_057323.3:p.Glu2468Gln,0.257,18.25,['Unknown%20significance'],100.12,0.51,0.0,-0.5,0.5
MYO15A,17,18150844,NM_016239.4:c.7404G>C,NP_057323.3:p.Glu2468Asp,0.316,23.1,['Unknown%20significance'],100.12,0.51,0.0,0.3,0.3
MYO15A,17,18150844,NM_016239.4:c.7404G>T,NP_057323.3:p.Glu2468Asp,0.316,23.4,['Unknown%20significance'],100.12,0.51,0.0,0.3,0.3
MYO15A,17,18150845,NM_016239.4:c.7405A>G,NP_057323.3:p.Met2469Val,0.659,24.3,['Unknown%20significance'],146.56,0.67,0.0,0.4,0.4
MYO15A,17,18150847,NM_016239.4:c.7407G>A,NP_057323.3:p.Met2469Ile,0.599,27.1,['Unknown%20significance'],146.56,0.67,0.0,0.3,0.3
MYO15A,17,18150847,NM_016239.4:c.7407G>T,NP_057323.3:p.Met2469Ile,0.599,26.9,['Unknown%20significance'],146.56,0.67,0.0,0.3,0.3
MYO15A,17,18150848,NM_016239.4:c.7408A>G,NP_057323.3:p.Thr2470Ala,0.487,25.4,['Unknown%20significance'],88.53,0.56,0.0,0.3,0.3
MYO15A,17,18150849,NM_016239.4:c.7409C>A,NP_057323.3:p.Thr2470Asn,0.454,23.8,['Unknown%20significance'],88.53,0.56,0.0,0.4,0.4
MYO15A,17,18150849,NM_016239.4:c.7409C>G,NP_057323.3:p.Thr2470Ser,0.339,22.3,['Unknown%20significance'],88.53,0.56,0.0,0.4,0.4
MYO15A,17,18150849,NM_016239.4:c.7409C>T,NP_057323.3:p.Thr2470Ile,0.550,24.2,['Unknown%20significance'],88.53,0.56,0.0,-0.1,0.1
MYO15A,17,18150851,NM_016239.4:c.7411C>A,NP_057323.3:p.Leu2471Met,0.181,19.24,['Unknown%20significance'],101.01,0.52,0.0,-0.1,0.1
MYO15A,17,18150852,NM_016239.4:c.7412T>C,NP_057323.3:p.Leu2471Pro,0.673,26.2,['Unknown%20significance'],101.01,0.52,0.0,1.0,1.0
MYO15A,17,18150854,NM_016239.4:c.7414C>A,NP_057323.3:p.Gln2472Lys,0.552,25.1,['Unknown%20significance'],103.71,0.52,0.0,0.6,0.6
MYO15A,17,18150855,NM_016239.4:c.7415A>C,NP_057323.3:p.Gln2472Pro,0.732,25.6,['Unknown%20significance'],103.71,0.52,0.0,0.7,0.7
MYO15A,17,18150855,NM_016239.4:c.7415A>G,NP_057323.3:p.Gln2472Arg,0.549,25.2,['Unknown%20significance'],103.71,0.52,0.0,0.2,0.2
MYO15A,17,18150855,NM_016239.4:c.7415A>T,NP_057323.3:p.Gln2472Leu,0.699,25.9,['Unknown%20significance'],103.71,0.52,0.0,0.0,0.0
MYO15A,17,18150856,NM_016239.4:c.7416G>T,NP_057323.3:p.Gln2472His,0.581,23.0,['Unknown%20significance'],103.71,0.52,0.0,0.1,0.1
MYO15A,17,18150857,NM_016239.4:c.7417G>A,NP_057323.3:p.Ala2473Thr,0.533,25.4,['Unknown%20significance'],60.28,0.47,0.0,0.3,0.3
MYO15A,17,18150857,NM_016239.4:c.7417G>C,NP_057323.3:p.Ala2473Pro,0.690,25.7,['Unknown%20significance'],60.28,0.47,0.0,0.7,0.7
MYO15A,17,18150857,NM_016239.4:c.7417G>T,NP_057323.3:p.Ala2473Ser,0.351,24.8,['Unknown%20significance'],60.28,0.47,0.0,0.5,0.5
MYO15A,17,18150858,NM_016239.4:c.7418C>A,NP_057323.3:p.Ala2473Asp,0.691,25.4,['Unknown%20significance'],60.28,0.47,0.0,0.9,0.9
MYO15A,17,18150858,NM_016239.4:c.7418C>T,NP_057323.3:p.Ala2473Val,0.596,25.1,['Unknown%20significance'],60.28,0.47,0.0,0.0,0.0
MYO15A,17,18150861,NM_016239.4:c.7421C>A,NP_057323.3:p.Thr2474Lys,0.219,22.6,['Unknown%20significance'],61.9,0.39,0.0,0.4,0.4
MYO15A,17,18150861,NM_016239.4:c.7421C>T,NP_057323.3:p.Thr2474Met,0.168,14.86,['Unknown%20significance'],61.9,0.39,0.0,-1.0,1.0
MYO15A,17,18150863,NM_016239.4:c.7423G>A,NP_057323.3:p.Ala2475Thr,0.378,23.4,['Unknown%20significance'],67.3,0.52,0.0,0.1,0.1
MYO15A,17,18150863,NM_016239.4:c.7423G>T,NP_057323.3:p.Ala2475Ser,0.353,23.3,['Unknown%20significance'],67.3,0.52,0.0,0.4,0.4
MYO15A,17,18150864,NM_016239.4:c.7424C>A,NP_057323.3:p.Ala2475Glu,0.506,24.0,['Unknown%20significance'],67.3,0.52,0.0,0.6,0.6
MYO15A,17,18150866,NM_016239.4:c.7426C>A,NP_057323.3:p.Leu2476Ile,0.193,15.27,['Unknown%20significance'],173.28,0.89,0.0,0.1,0.1
MYO15A,17,18150867,NM_016239.4:c.7427T>C,NP_057323.3:p.Leu2476Pro,0.542,26.4,['Unknown%20significance'],173.28,0.89,0.0,0.5,0.5
MYO15A,17,18150869,NM_016239.4:c.7429C>G,NP_057323.3:p.Gln2477Glu,0.330,22.7,['Unknown%20significance'],143.19,0.72,0.0,0.2,0.2
MYO15A,17,18150870,NM_016239.4:c.7430A>G,NP_057323.3:p.Gln2477Arg,0.465,24.6,['Unknown%20significance'],143.19,0.72,0.0,-0.0,0.0
MYO15A,17,18150871,NM_016239.4:c.7431G>T,NP_057323.3:p.Gln2477His,0.398,22.9,['Unknown%20significance'],143.19,0.72,0.0,0.0,0.0
MYO15A,17,18150872,NM_016239.4:c.7432C>A,NP_057323.3:p.Gln2478Lys,0.487,24.6,['Unknown%20significance'],123.14,0.62,0.0,0.3,0.3
MYO15A,17,18150872,NM_016239.4:c.7432C>G,NP_057323.3:p.Gln2478Glu,0.407,23.1,['Unknown%20significance'],123.14,0.62,0.0,0.3,0.3
MYO15A,17,18150873,NM_016239.4:c.7433A>C,NP_057323.3:p.Gln2478Pro,0.569,23.6,['Unknown%20significance'],123.14,0.62,0.0,0.3,0.3
MYO15A,17,18150874,NM_016239.4:c.7434G>T,NP_057323.3:p.Gln2478His,0.446,22.9,['Unknown%20significance'],123.14,0.62,0.0,0.0,0.0
MYO15A,17,18150875,NM_016239.4:c.7435C>A,NP_057323.3:p.Gln2479Lys,0.365,22.7,['Unknown%20significance'],167.42,0.84,0.0,0.2,0.2
MYO15A,17,18150876,NM_016239.4:c.7436A>G,NP_057323.3:p.Gln2479Arg,0.325,19.01,['Unknown%20significance'],167.42,0.84,0.0,0.0,0.0
MYO15A,17,18150877,NM_016239.4:c.7437G>T,NP_057323.3:p.Gln2479His,0.302,21.3,['Unknown%20significance'],167.42,0.84,0.0,0.0,0.0
MYO15A,17,18150878,NM_016239.4:c.7438C>A,NP_057323.3:p.Pro2480Thr,0.204,16.59,['Unknown%20significance'],139.87,0.88,0.0,-0.0,0.0
MYO15A,17,18150878,NM_016239.4:c.7438C>T,NP_057323.3:p.Pro2480Ser,0.226,17.01,['Unknown%20significance'],139.87,0.88,0.0,0.1,0.1
MYO15A,17,18150879,NM_016239.4:c.7439C>A,NP_057323.3:p.Pro2480His,0.356,23.1,['Unknown%20significance'],139.87,0.88,0.0,-0.0,0.0
MYO15A,17,18150879,NM_016239.4:c.7439C>T,NP_057323.3:p.Pro2480Leu,0.271,23.0,['Unknown%20significance'],139.87,0.88,0.0,-0.2,0.2
MYO15A,17,18150881,NM_016239.4:c.7441C>A,NP_057323.3:p.Leu2481Met,0.237,6.817,['Unknown%20significance'],200.03,1.0,0.0,0.0,0.0
MYO15A,17,18150882,NM_016239.4:c.7442T>C,NP_057323.3:p.Leu2481Pro,0.230,13.39,['Unknown%20significance'],200.03,1.0,0.0,0.1,0.1
MYO15A,17,18150884,NM_016239.4:c.7444A>G,NP_057323.3:p.Ser2482Gly,0.242,9.910,['Unknown%20significance'],123.08,0.89,0.0,0.1,0.1
MYO15A,17,18150885,NM_016239.4:c.7445G>A,NP_057323.3:p.Ser2482Asn,0.192,16.44,['Unknown%20significance'],123.08,0.89,0.0,0.0,0.0
MYO15A,17,18150887,NM_016239.4:c.7447G>A,NP_057323.3:p.Ala2483Thr,0.182,11.95,['Unknown%20significance'],112.62,0.88,0.0,-0.0,0.0
MYO15A,17,18150887,NM_016239.4:c.7447G>T,NP_057323.3:p.Ala2483Ser,0.138,6.534,['Unknown%20significance'],112.62,0.88,0.0,0.0,0.0
MYO15A,17,18150888,NM_016239.4:c.7448C>A,NP_057323.3:p.Ala2483Asp,0.183,18.39,['Unknown%20significance'],112.62,0.88,0.0,0.1,0.1
MYO15A,17,18150888,NM_016239.4:c.7448C>T,NP_057323.3:p.Ala2483Val,0.189,19.57,['Unknown%20significance'],112.62,0.88,0.0,-0.0,0.0
MYO15A,17,18150890,NM_016239.4:c.7450G>T,NP_057323.3:p.Ala2484Ser,0.120,0.287,['Unknown%20significance'],100.67,0.79,0.0,0.0,0.0
MYO15A,17,18150891,NM_016239.4:c.7451C>A,NP_057323.3:p.Ala2484Asp,0.133,11.32,['Unknown%20significance'],100.67,0.79,0.0,0.1,0.1
MYO15A,17,18150891,NM_016239.4:c.7451C>T,NP_057323.3:p.Ala2484Val,0.120,8.476,['Unknown%20significance'],100.67,0.79,0.0,-0.1,0.1
MYO15A,17,18150893,NM_016239.4:c.7453C>A,NP_057323.3:p.Leu2485Met,0.093,7.403,['Unknown%20significance'],173.81,0.9,0.0,-0.0,0.0
MYO15A,17,18150894,NM_016239.4:c.7454T>G,NP_057323.3:p.Leu2485Arg,0.182,5.476,['Unknown%20significance'],173.81,0.9,0.0,0.0,0.0
MYO15A,17,18150897,NM_016239.4:c.7457G>A,NP_057323.3:p.Arg2486Lys,0.101,12.27,['Unknown%20significance'],246.65,0.91,0.0,0.1,0.1
MYO15A,17,18150900,NM_016239.4:c.7460C>G,NP_057323.3:p.Ser2487Cys,0.256,20.4,['Unknown%20significance'],102.99,0.74,0.0,0.1,0.1
MYO15A,17,18150904,NM_016239.4:c.7464G>T,NP_057323.3:p.Leu2488Phe,0.116,4.488,['Unknown%20significance'],180.66,0.93,0.0,0.0,0.0
MYO15A,17,18150905,NM_016239.4:c.7465C>A,NP_057323.3:p.Pro2489Thr,0.223,11.89,['Unknown%20significance'],145.79,0.92,0.0,0.1,0.1
MYO15A,17,18150905,NM_016239.4:c.7465C>T,NP_057323.3:p.Pro2489Ser,0.235,12.31,['Unknown%20significance'],145.79,0.92,0.0,0.1,0.1
MYO15A,17,18150906,NM_016239.4:c.7466C>T,NP_057323.3:p.Pro2489Leu,0.112,8.626,['Unknown%20significance'],145.79,0.92,0.0,-0.0,0.0
MYO15A,17,18150908,NM_016239.4:c.7468G>A,NP_057323.3:p.Ala2490Thr,0.228,6.062,['Benign'],88.88,0.69,0.0,-0.0,0.0
MYO15A,17,18150908,NM_016239.4:c.7468G>C,NP_057323.3:p.Ala2490Pro,0.184,1.593,['Unknown%20significance'],88.88,0.69,0.0,-0.1,0.1
MYO15A,17,18150908,NM_016239.4:c.7468G>T,NP_057323.3:p.Ala2490Ser,0.209,3.946,['Unknown%20significance'],88.88,0.69,0.0,0.0,0.0
MYO15A,17,18150909,NM_016239.4:c.7469C>T,NP_057323.3:p.Ala2490Val,0.133,12.54,['Unknown%20significance'],88.88,0.69,0.0,-0.1,0.1
MYO15A,17,18150911,NM_016239.4:c.7471G>A,NP_057323.3:p.Glu2491Lys,0.267,16.10,['Unknown%20significance'],173.64,0.88,0.0,0.1,0.1
MYO15A,17,18150912,NM_016239.4:c.7472A>G,NP_057323.3:p.Glu2491Gly,0.261,24.5,['Unknown%20significance'],173.64,0.88,0.0,0.1,0.1
MYO15A,17,18151112,NM_016239.4:c.7476A>C,NP_057323.3:p.Lys2492Asn,0.237,8.597,['Unknown%20significance'],228.26,0.96,0.0,-0.0,0.0
MYO15A,17,18151113,NM_016239.4:c.7477C>A,NP_057323.3:p.Pro2493Thr,0.359,12.64,['Unknown%20significance'],92.36,0.58,0.0,0.3,0.3
MYO15A,17,18151113,NM_016239.4:c.7477C>G,NP_057323.3:p.Pro2493Ala,0.308,17.80,['Unknown%20significance'],92.36,0.58,0.0,0.4,0.4
MYO15A,17,18151114,NM_016239.4:c.7478C>T,NP_057323.3:p.Pro2493Leu,0.280,22.8,['Unknown%20significance'],92.36,0.58,0.0,0.3,0.3
MYO15A,17,18151117,NM_016239.4:c.7481C>T,NP_057323.3:p.Pro2494Leu,0.147,3.009,['Unknown%20significance'],154.45,0.98,0.0,-0.1,0.1
MYO15A,17,18151119,NM_016239.4:c.7483G>A,NP_057323.3:p.Ala2495Thr,0.161,8.902,['Unknown%20significance'],91.41,0.71,0.0,-0.0,0.0
MYO15A,17,18151120,NM_016239.4:c.7484C>T,NP_057323.3:p.Ala2495Val,0.148,6.758,['Unknown%20significance'],91.41,0.71,0.0,-0.1,0.1
MYO15A,17,18151128,NM_016239.4:c.7492G>A,NP_057323.3:p.Ala2498Thr,0.265,10.51,['Unknown%20significance'],107.24,0.84,0.0,-0.0,0.0
MYO15A,17,18151128,NM_016239.4:c.7492G>T,NP_057323.3:p.Ala2498Ser,0.251,9.360,['Unknown%20significance'],107.24,0.84,0.0,0.0,0.0
MYO15A,17,18151131,NM_016239.4:c.7495C>G,NP_057323.3:p.Gln2499Glu,0.136,0.323,['Unknown%20significance'],181.22,0.91,0.0,0.1,0.1
MYO15A,17,18151134,NM_016239.4:c.7498C>T,NP_057323.3:p.Pro2500Ser,0.220,17.66,['Unknown%20significance'],126.8,0.8,0.0,0.5,0.5
MYO15A,17,18151135,NM_016239.4:c.7499C>T,NP_057323.3:p.Pro2500Leu,0.117,9.583,['Unknown%20significance'],126.8,0.8,0.0,0.4,0.4
MYO15A,17,18151138,NM_016239.4:c.7502C>T,NP_057323.3:p.Thr2501Met,0.144,8.475,['Unknown%20significance'],136.66,0.86,0.0,-0.0,0.0
MYO15A,17,18151143,NM_016239.4:c.7507G>A,NP_057323.3:p.Val2503Ile,0.079,15.65,['Unknown%20significance'],172.31,1.0,0.0,0.0,0.0
MYO15A,17,18151147,NM_016239.4:c.7511G>T,NP_057323.3:p.Gly2504Val,0.430,23.4,['Unknown%20significance'],60.98,0.63,0.0,-0.2,0.2
MYO15A,17,18151150,NM_016239.4:c.7514C>T,NP_057323.3:p.Thr2505Ile,0.110,9.332,['Unknown%20significance'],162.45,1.0,0.0,0.0,0.0
MYO15A,17,18151152,NM_016239.4:c.7516G>A,NP_057323.3:p.Gly2506Ser,0.175,15.42,['Likely%20benign'],84.96,0.89,0.0,-0.1,0.1
MYO15A,17,18151153,NM_016239.4:c.7517G>A,NP_057323.3:p.Gly2506Asp,0.268,22.1,['Unknown%20significance'],84.96,0.89,0.0,-0.0,0.0
MYO15A,17,18151155,NM_016239.4:c.7519C>T,NP_057323.3:p.Pro2507Ser,0.269,14.79,['Unknown%20significance'],127.33,0.8,0.0,0.1,0.1
MYO15A,17,18151156,NM_016239.4:c.7520C>G,NP_057323.3:p.Pro2507Arg,0.408,18.93,['Unknown%20significance'],127.33,0.8,0.0,0.0,0.0
MYO15A,17,18151156,NM_016239.4:c.7520C>T,NP_057323.3:p.Pro2507Leu,0.245,10.81,['Unknown%20significance'],127.33,0.8,0.0,0.0,0.0
MYO15A,17,18151158,NM_016239.4:c.7522C>T,NP_057323.3:p.Pro2508Ser,0.299,17.82,['Unknown%20significance'],144.18,0.91,0.0,0.2,0.2
MYO15A,17,18151161,NM_016239.4:c.7525G>A,NP_057323.3:p.Ala2509Thr,0.235,22.7,['Unknown%20significance'],85.84,0.67,0.0,-0.1,0.1
MYO15A,17,18151165,NM_016239.4:c.7529A>G,NP_057323.3:p.Lys2510Arg,0.276,22.0,['Unknown%20significance'],219.19,0.92,0.0,-0.1,0.1
MYO15A,17,18151167,NM_016239.4:c.7531C>T,NP_057323.3:p.Pro2511Ser,0.160,11.84,['Unknown%20significance'],114.68,0.72,0.0,0.3,0.3
MYO15A,17,18151168,NM_016239.4:c.7532C>A,NP_057323.3:p.Pro2511His,0.276,22.4,['Unknown%20significance'],114.68,0.72,0.0,0.1,0.1
MYO15A,17,18151170,NM_016239.4:c.7534G>A,NP_057323.3:p.Val2512Met,0.365,22.3,['Likely%20benign'],108.98,0.63,0.0,-0.0,0.0
MYO15A,17,18151170,NM_016239.4:c.7534G>C,NP_057323.3:p.Val2512Leu,0.312,21.2,['Unknown%20significance'],108.98,0.63,0.0,0.0,0.0
MYO15A,17,18151171,NM_016239.4:c.7535T>C,NP_057323.3:p.Val2512Ala,0.319,17.31,['Unknown%20significance'],108.98,0.63,0.0,0.3,0.3
MYO15A,17,18151173,NM_016239.4:c.7537C>T,NP_057323.3:p.Leu2513Phe,0.383,21.8,['Unknown%20significance'],187.3,0.97,0.0,0.0,0.0
MYO15A,17,18151174,NM_016239.4:c.7538T>A,NP_057323.3:p.Leu2513His,0.414,22.3,['Unknown%20significance'],187.3,0.97,0.0,0.1,0.1
MYO15A,17,18151179,NM_016239.4:c.7543C>A,NP_057323.3:p.Arg2515Ser,0.548,10.66,['Unknown%20significance'],248.48,0.92,0.0,0.1,0.1
MYO15A,17,18151179,NM_016239.4:c.7543C>T,NP_057323.3:p.Arg2515Cys,0.507,15.56,['Unknown%20significance'],248.48,0.92,0.0,0.2,0.2
MYO15A,17,18151180,NM_016239.4:c.7544G>A,NP_057323.3:p.Arg2515His,0.314,16.14,['Unknown%20significance'],248.48,0.92,0.0,0.0,0.0
MYO15A,17,18151180,NM_016239.4:c.7544G>T,NP_057323.3:p.Arg2515Leu,0.422,16.51,['Unknown%20significance'],248.48,0.92,0.0,0.0,0.0
MYO15A,17,18151182,NM_016239.4:c.7546G>A,NP_057323.3:p.Ala2516Thr,0.161,0.026,['Unknown%20significance'],99.99,0.78,0.0,-0.1,0.1
MYO15A,17,18151183,NM_016239.4:c.7547C>T,NP_057323.3:p.Ala2516Val,0.174,2.692,['Unknown%20significance'],99.99,0.78,0.0,-0.1,0.1
MYO15A,17,18151185,NM_016239.4:c.7549A>C,NP_057323.3:p.Thr2517Pro,0.224,0.140,['Unknown%20significance'],133.29,0.84,0.0,0.1,0.1
MYO15A,17,18151185,NM_016239.4:c.7549A>G,NP_057323.3:p.Thr2517Ala,0.208,0.003,['Unknown%20significance'],133.29,0.84,0.0,0.1,0.1
MYO15A,17,18151186,NM_016239.4:c.7550C>G,NP_057323.3:p.Thr2517Ser,0.167,3.326,['Pathogenic'],133.29,0.84,0.0,0.1,0.1
MYO15A,17,18151186,NM_016239.4:c.7550C>T,NP_057323.3:p.Thr2517Ile,0.139,13.61,['Unknown%20significance'],133.29,0.84,0.0,0.0,0.0
MYO15A,17,18151188,NM_016239.4:c.7552C>A,NP_057323.3:p.Pro2518Thr,0.139,8.069,['Unknown%20significance'],138.82,0.88,0.0,0.1,0.1
MYO15A,17,18151191,NM_016239.4:c.7555A>G,NP_057323.3:p.Lys2519Glu,0.129,13.55,['Unknown%20significance'],213.38,0.9,0.0,0.0,0.0
MYO15A,17,18151194,NM_016239.4:c.7558C>A,NP_057323.3:p.Pro2520Thr,0.242,9.339,['Unknown%20significance'],123.98,0.78,0.0,0.1,0.1
MYO15A,17,18151195,NM_016239.4:c.7559C>A,NP_057323.3:p.Pro2520His,0.234,21.8,['Unknown%20significance'],123.98,0.78,0.0,0.1,0.1
MYO15A,17,18151198,NM_016239.4:c.7562T>C,NP_057323.3:p.Leu2521Ser,0.110,2.230,['Unknown%20significance'],193.47,1.0,0.0,0.0,0.0
MYO15A,17,18151200,NM_016239.4:c.7564G>C,NP_057323.3:p.Ala2522Pro,0.309,3.565,['Unknown%20significance'],95.22,0.74,0.0,0.0,0.0
MYO15A,17,18151203,NM_016239.4:c.7567C>A,NP_057323.3:p.Pro2523Thr,0.119,11.98,['Unknown%20significance'],152.21,0.96,0.0,0.1,0.1
MYO15A,17,18151204,NM_016239.4:c.7568C>T,NP_057323.3:p.Pro2523Leu,0.206,18.85,['Unknown%20significance'],152.21,0.96,0.0,0.1,0.1
MYO15A,17,18151215,NM_016239.4:c.7579G>A,NP_057323.3:p.Ala2527Thr,0.139,12.54,['Unknown%20significance'],74.94,0.58,0.0,0.0,0.0
MYO15A,17,18151218,NM_016239.4:c.7582A>G,NP_057323.3:p.Lys2528Glu,0.133,17.72,['Unknown%20significance'],190.78,0.8,0.0,-0.1,0.1
MYO15A,17,18151220,NM_016239.4:c.7584G>T,NP_057323.3:p.Lys2528Asn,0.166,18.05,['Unknown%20significance'],190.78,0.8,0.0,-0.1,0.1
MYO15A,17,18151221,NM_016239.4:c.7585G>A,NP_057323.3:p.Ala2529Thr,0.113,17.63,['Unknown%20significance'],90.17,0.7,0.0,-0.0,0.0
MYO15A,17,18151221,NM_016239.4:c.7585G>T,NP_057323.3:p.Ala2529Ser,0.125,15.90,['Unknown%20significance'],90.17,0.7,0.0,0.1,0.1
MYO15A,17,18151222,NM_016239.4:c.7586C>T,NP_057323.3:p.Ala2529Val,0.101,10.02,['Unknown%20significance'],90.17,0.7,0.0,-0.1,0.1
MYO15A,17,18151224,NM_016239.4:c.7588C>T,NP_057323.3:p.Pro2530Ser,0.114,9.350,['Unknown%20significance'],99.51,0.63,0.0,0.6,0.6
MYO15A,17,18151227,NM_016239.4:c.7591A>G,NP_057323.3:p.Arg2531Gly,0.134,10.01,['Unknown%20significance'],150.0,0.55,0.0,0.7,0.7
MYO15A,17,18151228,NM_016239.4:c.7592G>A,NP_057323.3:p.Arg2531Lys,0.139,6.686,['Unknown%20significance'],150.0,0.55,0.0,0.5,0.5
MYO15A,17,18151228,NM_016239.4:c.7592G>T,NP_057323.3:p.Arg2531Met,0.229,15.48,['Unknown%20significance'],150.0,0.55,0.0,-0.2,0.2
MYO15A,17,18151229,NM_016239.4:c.7593G>C,NP_057323.3:p.Arg2531Ser,0.220,6.775,['Unknown%20significance'],150.0,0.55,0.0,0.3,0.3
MYO15A,17,18151231,NM_016239.4:c.7595T>G,NP_057323.3:p.Leu2532Arg,0.132,0.280,['Unknown%20significance'],159.94,0.82,0.0,0.0,0.0
MYO15A,17,18151233,NM_016239.4:c.7597C>T,NP_057323.3:p.Pro2533Ser,0.208,2.819,['Unknown%20significance'],119.57,0.76,0.0,0.4,0.4
MYO15A,17,18151234,NM_016239.4:c.7598C>T,NP_057323.3:p.Pro2533Leu,0.158,9.175,['Unknown%20significance'],119.57,0.76,0.0,0.3,0.3
MYO15A,17,18151236,NM_016239.4:c.7600A>G,NP_057323.3:p.Ile2534Val,0.189,0.146,['Unknown%20significance'],174.34,0.88,0.0,-0.0,0.0
MYO15A,17,18151236,NM_016239.4:c.7600A>T,NP_057323.3:p.Ile2534Phe,0.104,0.900,['Unknown%20significance'],174.34,0.88,0.0,0.0,0.0
MYO15A,17,18151242,NM_016239.4:c.7606C>T,NP_057323.3:p.Pro2536Ser,0.306,22.8,['Likely%20benign'],118.78,0.75,0.0,0.3,0.3
MYO15A,17,18151245,NM_016239.4:c.7609G>A,NP_057323.3:p.Val2537Met,0.235,23.0,['Unknown%20significance'],158.9,0.92,0.0,0.0,0.0
MYO15A,17,18151246,NM_016239.4:c.7610T>A,NP_057323.3:p.Val2537Glu,0.327,16.31,['Unknown%20significance'],158.9,0.92,0.0,0.1,0.1
MYO15A,17,18151248,NM_016239.4:c.7612G>A,NP_057323.3:p.Ala2538Thr,0.282,23.4,['Unknown%20significance'],116.29,0.91,0.0,-0.0,0.0
MYO15A,17,18151248,NM_016239.4:c.7612G>C,NP_057323.3:p.Ala2538Pro,0.332,23.6,['Unknown%20significance'],116.29,0.91,0.0,-0.0,0.0
MYO15A,17,18151249,NM_016239.4:c.7613C>G,NP_057323.3:p.Ala2538Gly,0.269,22.9,['Unknown%20significance'],116.29,0.91,0.0,0.1,0.1
MYO15A,17,18151251,NM_016239.4:c.7615G>T,NP_057323.3:p.Ala2539Ser,0.103,16.45,['Unknown%20significance'],78.72,0.61,0.0,0.1,0.1
MYO15A,17,18151252,NM_016239.4:c.7616C>A,NP_057323.3:p.Ala2539Asp,0.205,12.46,['Unknown%20significance'],78.72,0.61,0.0,0.3,0.3
MYO15A,17,18151252,NM_016239.4:c.7616C>G,NP_057323.3:p.Ala2539Gly,0.112,11.31,['Unknown%20significance'],78.72,0.61,0.0,0.3,0.3
MYO15A,17,18151252,NM_016239.4:c.7616C>T,NP_057323.3:p.Ala2539Val,0.134,10.99,['Unknown%20significance'],78.72,0.61,0.0,-0.2,0.2
MYO15A,17,18151254,NM_016239.4:c.7618C>T,NP_057323.3:p.Pro2540Ser,0.173,14.40,['Unknown%20significance'],113.44,0.72,0.0,0.5,0.5
MYO15A,17,18151255,NM_016239.4:c.7619C>T,NP_057323.3:p.Pro2540Leu,0.254,18.08,['Unknown%20significance'],113.44,0.72,0.0,0.3,0.3
MYO15A,17,18151260,NM_016239.4:c.7624C>A,NP_057323.3:p.Leu2542Ile,0.252,22.4,['Unknown%20significance'],170.18,0.88,0.0,0.0,0.0
MYO15A,17,18151260,NM_016239.4:c.7624C>G,NP_057323.3:p.Leu2542Val,0.231,21.9,['Unknown%20significance'],170.18,0.88,0.0,0.0,0.0
MYO15A,17,18151264,NM_016239.4:c.7628C>A,NP_057323.3:p.Ala2543Asp,0.296,22.2,['Unknown%20significance'],93.41,0.73,0.0,0.1,0.1
MYO15A,17,18151266,NM_016239.4:c.7630C>G,NP_057323.3:p.Gln2544Glu,0.226,17.15,['Unknown%20significance'],176.67,0.89,0.0,0.1,0.1
MYO15A,17,18151267,NM_016239.4:c.7631A>C,NP_057323.3:p.Gln2544Pro,0.195,21.2,['Unknown%20significance'],176.67,0.89,0.0,0.1,0.1
MYO15A,17,18151269,NM_016239.4:c.7633G>C,NP_057323.3:p.Asp2545His,0.276,22.4,['Unknown%20significance'],113.64,0.71,0.0,-0.2,0.2
MYO15A,17,18151269,NM_016239.4:c.7633G>T,NP_057323.3:p.Asp2545Tyr,0.314,22.7,['Unknown%20significance'],113.64,0.71,0.0,-0.4,0.4
MYO15A,17,18151275,NM_016239.4:c.7639G>C,NP_057323.3:p.Ala2547Pro,0.239,10.11,['Unknown%20significance'],96.72,0.76,0.0,0.1,0.1
MYO15A,17,18151275,NM_016239.4:c.7639G>T,NP_057323.3:p.Ala2547Ser,0.199,6.709,['Unknown%20significance'],96.72,0.76,0.0,0.1,0.1
MYO15A,17,18151279,NM_016239.4:c.7643C>T,NP_057323.3:p.Ser2548Phe,0.163,14.34,['Unknown%20significance'],116.58,0.84,0.0,-0.1,0.1
MYO15A,17,18151281,NM_016239.4:c.7645C>G,NP_057323.3:p.Pro2549Ala,0.105,12.47,['Unknown%20significance'],133.0,0.84,0.0,0.2,0.2
MYO15A,17,18151282,NM_016239.4:c.7646C>T,NP_057323.3:p.Pro2549Leu,0.181,15.43,['Unknown%20significance'],133.0,0.84,0.0,0.1,0.1
MYO15A,17,18151287,NM_016239.4:c.7651A>C,NP_057323.3:p.Thr2551Pro,0.187,16.81,['Unknown%20significance'],145.56,0.92,0.0,0.0,0.0
MYO15A,17,18151288,NM_016239.4:c.7652C>G,NP_057323.3:p.Thr2551Ser,0.193,11.05,['Unknown%20significance'],145.56,0.92,0.0,0.0,0.0
MYO15A,17,18151290,NM_016239.4:c.7654A>G,NP_057323.3:p.Thr2552Ala,0.196,15.32,['Unknown%20significance'],140.39,0.89,0.0,0.0,0.0
MYO15A,17,18151290,NM_016239.4:c.7654A>T,NP_057323.3:p.Thr2552Ser,0.173,14.09,['Unknown%20significance'],140.39,0.89,0.0,0.1,0.1
MYO15A,17,18151395,NM_016239.4:c.7655C>T,NP_057323.3:p.Thr2552Ile,0.132,16.39,['Unknown%20significance'],140.39,0.89,0.0,-0.0,0.0
MYO15A,17,18151397,NM_016239.4:c.7657T>A,NP_057323.3:p.Ser2553Thr,0.190,10.16,['Unknown%20significance'],116.3,0.84,0.0,-0.0,0.0
MYO15A,17,18151397,NM_016239.4:c.7657T>G,NP_057323.3:p.Ser2553Ala,0.206,10.80,['Unknown%20significance'],116.3,0.84,0.0,-0.0,0.0
MYO15A,17,18151398,NM_016239.4:c.7658C>T,NP_057323.3:p.Ser2553Leu,0.204,11.51,['Unknown%20significance'],116.3,0.84,0.0,-0.1,0.1
MYO15A,17,18151400,NM_016239.4:c.7660C>T,NP_057323.3:p.Pro2554Ser,0.118,11.40,['Unknown%20significance'],146.76,0.93,0.0,0.2,0.2
MYO15A,17,18151406,NM_016239.4:c.7666C>T,NP_057323.3:p.Pro2556Ser,0.080,14.54,['Unknown%20significance'],139.83,0.88,0.0,0.0,0.0
MYO15A,17,18151413,NM_016239.4:c.7673T>C,NP_057323.3:p.Leu2558Pro,0.528,23.4,['Unknown%20significance'],157.36,0.81,0.0,0.1,0.1
MYO15A,17,18151415,NM_016239.4:c.7675G>A,NP_057323.3:p.Val2559Ile,0.284,22.8,['Unknown%20significance'],99.75,0.58,0.0,0.2,0.2
MYO15A,17,18151415,NM_016239.4:c.7675G>C,NP_057323.3:p.Val2559Leu,0.412,23.1,['Unknown%20significance'],99.75,0.58,0.0,0.3,0.3
MYO15A,17,18151415,NM_016239.4:c.7675G>T,NP_057323.3:p.Val2559Phe,0.562,25.0,['Unknown%20significance'],99.75,0.58,0.0,0.3,0.3
MYO15A,17,18151418,NM_016239.4:c.7678C>T,NP_057323.3:p.Arg2560Trp,0.633,25.6,['Unknown%20significance'],120.08,0.44,0.0,-0.1,0.1
MYO15A,17,18151419,NM_016239.4:c.7679G>A,NP_057323.3:p.Arg2560Gln,0.265,22.4,['Pathogenic'],120.08,0.44,0.0,0.3,0.3
MYO15A,17,18151419,NM_016239.4:c.7679G>C,NP_057323.3:p.Arg2560Pro,0.523,26.0,['Unknown%20significance'],120.08,0.44,0.0,0.6,0.6
MYO15A,17,18151419,NM_016239.4:c.7679G>T,NP_057323.3:p.Arg2560Leu,0.507,25.4,['Unknown%20significance'],120.08,0.44,0.0,0.0,0.0
MYO15A,17,18151421,NM_016239.4:c.7681T>A,NP_057323.3:p.Tyr2561Asn,0.156,17.37,['Unknown%20significance'],179.5,0.74,0.0,0.4,0.4
MYO15A,17,18151422,NM_016239.4:c.7682A>C,NP_057323.3:p.Tyr2561Ser,0.157,16.96,['Unknown%20significance'],179.5,0.74,0.0,0.4,0.4
MYO15A,17,18151424,NM_016239.4:c.7684T>C,NP_057323.3:p.Ser2562Pro,0.437,24.4,['Unknown%20significance'],97.92,0.71,0.0,0.2,0.2
MYO15A,17,18151425,NM_016239.4:c.7685C>T,NP_057323.3:p.Ser2562Phe,0.478,24.1,['Unknown%20significance'],97.92,0.71,0.0,0.0,0.0
MYO15A,17,18151427,NM_016239.4:c.7687A>G,NP_057323.3:p.Thr2563Ala,0.118,13.33,['Unknown%20significance'],128.89,0.81,0.0,0.1,0.1
MYO15A,17,18151428,NM_016239.4:c.7688C>T,NP_057323.3:p.Thr2563Met,0.211,19.34,['Pathogenic'],128.89,0.81,0.0,-0.0,0.0
MYO15A,17,18151431,NM_016239.4:c.7691T>C,NP_057323.3:p.Leu2564Pro,0.367,24.2,['Unknown%20significance'],184.11,0.95,0.0,0.1,0.1
MYO15A,17,18151434,NM_016239.4:c.7694A>G,NP_057323.3:p.Asn2565Ser,0.318,23.4,['Unknown%20significance'],169.05,1.0,0.0,0.0,0.0
MYO15A,17,18151439,NM_016239.4:c.7699G>A,NP_057323.3:p.Glu2567Lys,0.464,25.9,['Likely%20benign'],104.53,0.53,0.0,0.4,0.4
MYO15A,17,18151443,NM_016239.4:c.7703A>G,NP_057323.3:p.His2568Arg,0.470,23.9,['Unknown%20significance'],187.78,0.91,0.0,-0.0,0.0
MYO15A,17,18151444,NM_016239.4:c.7704C>G,NP_057323.3:p.His2568Gln,0.427,24.3,['Unknown%20significance'],187.78,0.91,0.0,0.1,0.1
MYO15A,17,18151445,NM_016239.4:c.7705T>C,NP_057323.3:p.Phe2569Leu,0.451,22.5,['Unknown%20significance'],180.38,0.78,0.0,0.1,0.1
MYO15A,17,18151454,NM_016239.4:c.7714C>T,NP_057323.3:p.Pro2572Ser,0.542,25.4,['Unknown%20significance'],67.9,0.43,0.0,0.8,0.8
MYO15A,17,18151455,NM_016239.4:c.7715C>G,NP_057323.3:p.Pro2572Arg,0.690,25.4,['Unknown%20significance'],67.9,0.43,0.0,0.5,0.5
MYO15A,17,18151457,NM_016239.4:c.7717A>G,NP_057323.3:p.Thr2573Ala,0.440,23.7,['Unknown%20significance'],79.78,0.5,0.0,0.3,0.3
MYO15A,17,18151460,NM_016239.4:c.7720C>A,NP_057323.3:p.Gln2574Lys,0.308,22.4,['Unknown%20significance'],74.2,0.37,0.0,0.3,0.3
MYO15A,17,18151460,NM_016239.4:c.7720C>G,NP_057323.3:p.Gln2574Glu,0.324,23.0,['Unknown%20significance'],74.2,0.37,0.0,0.4,0.4
MYO15A,17,18151461,NM_016239.4:c.7721A>T,NP_057323.3:p.Gln2574Leu,0.425,25.8,['Unknown%20significance'],74.2,0.37,0.0,0.0,0.0
MYO15A,17,18151464,NM_016239.4:c.7724A>G,NP_057323.3:p.Gln2575Arg,0.402,23.6,['Unknown%20significance'],90.03,0.45,0.0,-0.1,0.1
MYO15A,17,18151467,NM_016239.4:c.7727T>A,NP_057323.3:p.Ile2576Asn,0.731,27.3,['Unknown%20significance'],75.33,0.38,0.0,1.6,1.6
MYO15A,17,18151467,NM_016239.4:c.7727T>C,NP_057323.3:p.Ile2576Thr,0.721,26.1,['Unknown%20significance'],75.33,0.38,0.0,1.1,1.1
MYO15A,17,18151468,NM_016239.4:c.7728C>G,NP_057323.3:p.Ile2576Met,0.537,24.2,['Unknown%20significance'],75.33,0.38,0.0,0.6,0.6
MYO15A,17,18151469,NM_016239.4:c.7729A>C,NP_057323.3:p.Lys2577Gln,0.291,21.5,['Unknown%20significance'],117.41,0.49,0.0,-0.2,0.2
MYO15A,17,18151470,NM_016239.4:c.7730A>T,NP_057323.3:p.Lys2577Met,0.450,24.0,['Unknown%20significance'],117.41,0.49,0.0,-0.4,0.4
MYO15A,17,18151473,NM_016239.4:c.7733A>C,NP_057323.3:p.Asn2578Thr,0.213,20.3,['Unknown%20significance'],74.29,0.46,0.0,-0.3,0.3
MYO15A,17,18151475,NM_016239.4:c.7735A>G,NP_057323.3:p.Ile2579Val,0.421,24.5,['Unknown%20significance'],89.38,0.45,0.0,0.5,0.5
MYO15A,17,18151476,NM_016239.4:c.7736T>C,NP_057323.3:p.Ile2579Thr,0.673,24.9,['Unknown%20significance'],89.38,0.45,0.0,1.5,1.5
MYO15A,17,18151478,NM_016239.4:c.7738G>A,NP_057323.3:p.Val2580Ile,0.197,8.880,['Unknown%20significance'],76.07,0.44,0.0,-0.4,0.4
MYO15A,17,18151478,NM_016239.4:c.7738G>C,NP_057323.3:p.Val2580Leu,0.157,18.78,['Unknown%20significance'],76.07,0.44,0.0,0.1,0.1
MYO15A,17,18151479,NM_016239.4:c.7739T>A,NP_057323.3:p.Val2580Asp,0.574,26.7,['Unknown%20significance'],76.07,0.44,0.0,1.6,1.6
MYO15A,17,18151479,NM_016239.4:c.7739T>G,NP_057323.3:p.Val2580Gly,0.548,26.0,['Unknown%20significance'],76.07,0.44,0.0,1.9,1.9
MYO15A,17,18151482,NM_016239.4:c.7742G>A,NP_057323.3:p.Arg2581Lys,0.176,18.58,['Unknown%20significance'],118.79,0.44,0.0,0.5,0.5
MYO15A,17,18151487,NM_016239.4:c.7747T>A,NP_057323.3:p.Tyr2583Asn,0.488,23.6,['Unknown%20significance'],199.74,0.83,0.0,0.6,0.6
MYO15A,17,18151487,NM_016239.4:c.7747T>C,NP_057323.3:p.Tyr2583His,0.250,22.3,['Unknown%20significance'],199.74,0.83,0.0,0.3,0.3
MYO15A,17,18151492,NM_016239.4:c.7752G>C,NP_057323.3:p.Gln2584His,0.268,21.9,['Unknown%20significance'],130.03,0.65,0.0,0.1,0.1
MYO15A,17,18151496,NM_016239.4:c.7756C>G,NP_057323.3:p.Pro2586Ala,0.171,14.14,['Unknown%20significance'],111.19,0.7,0.0,0.2,0.2
MYO15A,17,18151497,NM_016239.4:c.7757C>T,NP_057323.3:p.Pro2586Leu,0.187,16.03,['Unknown%20significance'],111.19,0.7,0.0,0.0,0.0
MYO15A,17,18151500,NM_016239.4:c.7760T>A,NP_057323.3:p.Phe2587Tyr,0.114,12.90,['Unknown%20significance'],245.41,1.0,0.0,-0.1,0.1
MYO15A,17,18151501,NM_016239.4:c.7761C>G,NP_057323.3:p.Phe2587Leu,0.120,8.723,['Unknown%20significance'],245.41,1.0,0.0,0.0,0.0
MYO15A,17,18151502,NM_016239.4:c.7762C>T,NP_057323.3:p.Arg2588Trp,0.090,14.45,['Unknown%20significance'],257.15,0.95,0.0,-0.0,0.0
MYO15A,17,18151503,NM_016239.4:c.7763G>A,NP_057323.3:p.Arg2588Gln,0.080,14.98,['Unknown%20significance'],257.15,0.95,0.0,0.0,0.0
MYO15A,17,18151505,NM_016239.4:c.7765G>A,NP_057323.3:p.Gly2589Arg,0.131,15.51,['Unknown%20significance'],62.31,0.65,0.0,-0.4,0.4
MYO15A,17,18151506,NM_016239.4:c.7766G>A,NP_057323.3:p.Gly2589Glu,0.222,12.06,['Unknown%20significance'],62.31,0.65,0.0,-0.1,0.1
MYO15A,17,18151509,NM_016239.4:c.7769G>T,NP_057323.3:p.Gly2590Val,0.144,7.634,['Unknown%20significance'],96.39,1.0,0.0,-0.1,0.1
MYO15A,17,18151511,NM_016239.4:c.7771C>T,NP_057323.3:p.Arg2591Trp,0.119,17.91,['Unknown%20significance'],240.49,0.89,0.0,-0.1,0.1
MYO15A,17,18151512,NM_016239.4:c.7772G>A,NP_057323.3:p.Arg2591Gln,0.151,0.042,['Unknown%20significance'],240.49,0.89,0.0,0.0,0.0
MYO15A,17,18151512,NM_016239.4:c.7772G>C,NP_057323.3:p.Arg2591Pro,0.209,0.455,['Unknown%20significance'],240.49,0.89,0.0,0.0,0.0
MYO15A,17,18151515,NM_016239.4:c.7775C>A,NP_057323.3:p.Pro2592His,0.338,22.5,['Unknown%20significance'],144.44,0.91,0.0,0.1,0.1
MYO15A,17,18151517,NM_016239.4:c.7777G>A,NP_057323.3:p.Glu2593Lys,0.173,1.121,['Unknown%20significance'],137.31,0.7,0.0,0.0,0.0
MYO15A,17,18151523,NM_016239.4:c.7783C>T,NP_057323.3:p.Leu2595Phe,0.173,2.961,['Unknown%20significance'],153.97,0.79,0.0,-0.1,0.1
MYO15A,17,18151524,NM_016239.4:c.7784T>G,NP_057323.3:p.Leu2595Arg,0.173,3.590,['Unknown%20significance'],153.97,0.79,0.0,0.2,0.2
MYO15A,17,18151526,NM_016239.4:c.7786A>G,NP_057323.3:p.Arg2596Gly,0.358,25.9,['Unknown%20significance'],242.29,0.89,0.0,0.2,0.2
MYO15A,17,18151527,NM_016239.4:c.7787G>C,NP_057323.3:p.Arg2596Thr,0.206,32,['Unknown%20significance'],242.29,0.89,0.0,0.1,0.1
MYO15A,17,18151846,NM_016239.4:c.7788G>T,NP_057323.3:p.Arg2596Ser,0.166,24.9,['Unknown%20significance'],242.29,0.89,0.0,0.1,0.1
MYO15A,17,18151847,NM_016239.4:c.7789A>G,NP_057323.3:p.Lys2597Glu,0.341,24.8,['Unknown%20significance'],223.67,0.94,0.0,-0.0,0.0
MYO15A,17,18151848,NM_016239.4:c.7790A>G,NP_057323.3:p.Lys2597Arg,0.167,18.15,['Unknown%20significance'],223.67,0.94,0.0,-0.1,0.1
MYO15A,17,18151849,NM_016239.4:c.7791G>T,NP_057323.3:p.Lys2597Asn,0.372,22.3,['Unknown%20significance'],223.67,0.94,0.0,-0.0,0.0
MYO15A,17,18151850,NM_016239.4:c.7792G>A,NP_057323.3:p.Asp2598Asn,0.210,19.34,['Unknown%20significance'],148.85,0.93,0.0,-0.0,0.0
MYO15A,17,18151850,NM_016239.4:c.7792G>C,NP_057323.3:p.Asp2598His,0.276,22.3,['Unknown%20significance'],148.85,0.93,0.0,-0.0,0.0
MYO15A,17,18151850,NM_016239.4:c.7792G>T,NP_057323.3:p.Asp2598Tyr,0.465,22.6,['Unknown%20significance'],148.85,0.93,0.0,-0.1,0.1
MYO15A,17,18151851,NM_016239.4:c.7793A>G,NP_057323.3:p.Asp2598Gly,0.268,21.7,['Unknown%20significance'],148.85,0.93,0.0,0.1,0.1
MYO15A,17,18151853,NM_016239.4:c.7795G>T,NP_057323.3:p.Gly2599Cys,0.246,20.1,['Unknown%20significance'],80.75,0.84,0.0,0.1,0.1
MYO15A,17,18151854,NM_016239.4:c.7796G>A,NP_057323.3:p.Gly2599Asp,0.241,19.88,['Unknown%20significance'],80.75,0.84,0.0,-0.1,0.1
MYO15A,17,18151854,NM_016239.4:c.7796G>T,NP_057323.3:p.Gly2599Val,0.297,21.4,['Unknown%20significance'],80.75,0.84,0.0,-0.0,0.0
MYO15A,17,18151856,NM_016239.4:c.7798G>A,NP_057323.3:p.Gly2600Arg,0.546,23.7,['Unknown%20significance'],82.4,0.86,0.0,-0.1,0.1
MYO15A,17,18151856,NM_016239.4:c.7798G>T,NP_057323.3:p.Gly2600Trp,0.559,24.2,['Unknown%20significance'],82.4,0.86,0.0,-0.2,0.2
MYO15A,17,18151857,NM_016239.4:c.7799G>A,NP_057323.3:p.Gly2600Glu,0.591,25.8,['Unknown%20significance'],82.4,0.86,0.0,-0.1,0.1
MYO15A,17,18151857,NM_016239.4:c.7799G>C,NP_057323.3:p.Gly2600Ala,0.397,22.2,['Unknown%20significance'],82.4,0.86,0.0,-0.0,0.0
MYO15A,17,18151859,NM_016239.4:c.7801A>G,NP_057323.3:p.Lys2601Glu,0.470,23.5,['Unknown%20significance'],239.83,1.0,0.0,0.0,0.0
MYO15A,17,18151860,NM_016239.4:c.7802A>T,NP_057323.3:p.Lys2601Ile,0.607,24.2,['Unknown%20significance'],239.83,1.0,0.0,-0.0,0.0
MYO15A,17,18151861,NM_016239.4:c.7803A>T,NP_057323.3:p.Lys2601Asn,0.358,21.9,['Unknown%20significance'],239.83,1.0,0.0,0.0,0.0
MYO15A,17,18151862,NM_016239.4:c.7804G>A,NP_057323.3:p.Val2602Met,0.143,18.53,['Unknown%20significance'],164.15,0.95,0.0,0.0,0.0
MYO15A,17,18151862,NM_016239.4:c.7804G>T,NP_057323.3:p.Val2602Leu,0.178,16.64,['Unknown%20significance'],164.15,0.95,0.0,-0.0,0.0
MYO15A,17,18151863,NM_016239.4:c.7805T>C,NP_057323.3:p.Val2602Ala,0.217,19.22,['Unknown%20significance'],164.15,0.95,0.0,0.1,0.1
MYO15A,17,18151865,NM_016239.4:c.7807T>C,NP_057323.3:p.Phe2603Leu,0.762,27.6,['Unknown%20significance'],192.21,0.83,0.0,0.3,0.3
MYO15A,17,18151866,NM_016239.4:c.7808T>C,NP_057323.3:p.Phe2603Ser,0.834,27.0,['Unknown%20significance'],192.21,0.83,0.0,0.6,0.6
MYO15A,17,18151867,NM_016239.4:c.7809C>A,NP_057323.3:p.Phe2603Leu,0.617,21.6,['Unknown%20significance'],192.21,0.83,0.0,0.3,0.3
MYO15A,17,18151867,NM_016239.4:c.7809C>G,NP_057323.3:p.Phe2603Leu,0.617,20.8,['Unknown%20significance'],192.21,0.83,0.0,0.3,0.3
MYO15A,17,18151868,NM_016239.4:c.7810A>C,NP_057323.3:p.Met2604Leu,0.271,2.958,['Unknown%20significance'],167.56,0.77,0.0,-0.0,0.0
MYO15A,17,18151869,NM_016239.4:c.7811T>A,NP_057323.3:p.Met2604Lys,0.200,15.91,['Unknown%20significance'],167.56,0.77,0.0,0.4,0.4
MYO15A,17,18151869,NM_016239.4:c.7811T>C,NP_057323.3:p.Met2604Thr,0.155,15.66,['Unknown%20significance'],167.56,0.77,0.0,0.2,0.2
MYO15A,17,18151870,NM_016239.4:c.7812G>A,NP_057323.3:p.Met2604Ile,0.182,19.66,['Unknown%20significance'],167.56,0.77,0.0,-0.0,0.0
MYO15A,17,18151870,NM_016239.4:c.7812G>T,NP_057323.3:p.Met2604Ile,0.182,19.98,['Unknown%20significance'],167.56,0.77,0.0,-0.0,0.0
MYO15A,17,18151872,NM_016239.4:c.7814A>G,NP_057323.3:p.Lys2605Arg,0.209,20.2,['Unknown%20significance'],176.66,0.74,0.0,-0.3,0.3
MYO15A,17,18151873,NM_016239.4:c.7815G>T,NP_057323.3:p.Lys2605Asn,0.424,24.3,['Unknown%20significance'],176.66,0.74,0.0,-0.1,0.1
MYO15A,17,18151874,NM_016239.4:c.7816C>G,NP_057323.3:p.Arg2606Gly,0.301,23.3,['Unknown%20significance'],259.55,0.96,0.0,0.2,0.2
MYO15A,17,18151874,NM_016239.4:c.7816C>T,NP_057323.3:p.Arg2606Trp,0.337,23.6,['Unknown%20significance'],259.55,0.96,0.0,0.0,0.0
MYO15A,17,18151875,NM_016239.4:c.7817G>A,NP_057323.3:p.Arg2606Gln,0.149,15.89,['Unknown%20significance'],259.55,0.96,0.0,0.0,0.0
MYO15A,17,18151875,NM_016239.4:c.7817G>C,NP_057323.3:p.Arg2606Pro,0.200,19.19,['Unknown%20significance'],259.55,0.96,0.0,0.1,0.1
MYO15A,17,18151875,NM_016239.4:c.7817G>T,NP_057323.3:p.Arg2606Leu,0.197,18.81,['Unknown%20significance'],259.55,0.96,0.0,0.1,0.1
MYO15A,17,18151877,NM_016239.4:c.7819C>A,NP_057323.3:p.Pro2607Thr,0.268,15.43,['Unknown%20significance'],64.29,0.4,0.0,-0.3,0.3
MYO15A,17,18151877,NM_016239.4:c.7819C>T,NP_057323.3:p.Pro2607Ser,0.170,16.14,['Unknown%20significance'],64.29,0.4,0.0,-0.0,0.0
MYO15A,17,18151878,NM_016239.4:c.7820C>A,NP_057323.3:p.Pro2607Gln,0.245,16.72,['Unknown%20significance'],64.29,0.4,0.0,-0.3,0.3
MYO15A,17,18151878,NM_016239.4:c.7820C>T,NP_057323.3:p.Pro2607Leu,0.219,19.18,['Unknown%20significance'],64.29,0.4,0.0,-0.2,0.2
MYO15A,17,18151880,NM_016239.4:c.7822G>A,NP_057323.3:p.Asp2608Asn,0.479,24.7,['Pathogenic'],82.44,0.51,0.0,0.1,0.1
MYO15A,17,18151880,NM_016239.4:c.7822G>T,NP_057323.3:p.Asp2608Tyr,0.812,27.2,['Unknown%20significance'],82.44,0.51,0.0,-0.2,0.2
MYO15A,17,18151881,NM_016239.4:c.7823A>C,NP_057323.3:p.Asp2608Ala,0.746,25.7,['Unknown%20significance'],82.44,0.51,0.0,0.4,0.4
MYO15A,17,18151881,NM_016239.4:c.7823A>G,NP_057323.3:p.Asp2608Gly,0.737,26.1,['Unknown%20significance'],82.44,0.51,0.0,0.6,0.6
MYO15A,17,18151881,NM_016239.4:c.7823A>T,NP_057323.3:p.Asp2608Val,0.820,25.6,['Unknown%20significance'],82.44,0.51,0.0,0.2,0.2
MYO15A,17,18151882,NM_016239.4:c.7824C>A,NP_057323.3:p.Asp2608Glu,0.488,22.8,['Unknown%20significance'],82.44,0.51,0.0,0.1,0.1
MYO15A,17,18151883,NM_016239.4:c.7825C>A,NP_057323.3:p.Pro2609Thr,0.712,24.4,['Unknown%20significance'],123.15,0.78,0.0,0.3,0.3
MYO15A,17,18151883,NM_016239.4:c.7825C>G,NP_057323.3:p.Pro2609Ala,0.664,24.1,['Unknown%20significance'],123.15,0.78,0.0,0.4,0.4
MYO15A,17,18151883,NM_016239.4:c.7825C>T,NP_057323.3:p.Pro2609Ser,0.713,24.7,['Unknown%20significance'],123.15,0.78,0.0,0.4,0.4
MYO15A,17,18151884,NM_016239.4:c.7826C>A,NP_057323.3:p.Pro2609His,0.791,24.8,['Unknown%20significance'],123.15,0.78,0.0,0.3,0.3
MYO15A,17,18151884,NM_016239.4:c.7826C>T,NP_057323.3:p.Pro2609Leu,0.780,25.1,['Unknown%20significance'],123.15,0.78,0.0,0.3,0.3
MYO15A,17,18151886,NM_016239.4:c.7828C>A,NP_057323.3:p.His2610Asn,0.496,24.8,['Unknown%20significance'],134.1,0.65,0.0,0.3,0.3
MYO15A,17,18151886,NM_016239.4:c.7828C>G,NP_057323.3:p.His2610Asp,0.628,24.8,['Unknown%20significance'],134.1,0.65,0.0,0.6,0.6
MYO15A,17,18151886,NM_016239.4:c.7828C>T,NP_057323.3:p.His2610Tyr,0.540,24.7,['Unknown%20significance'],134.1,0.65,0.0,-0.2,0.2
MYO15A,17,18151887,NM_016239.4:c.7829A>C,NP_057323.3:p.His2610Pro,0.705,24.7,['Unknown%20significance'],134.1,0.65,0.0,0.5,0.5
MYO15A,17,18151887,NM_016239.4:c.7829A>G,NP_057323.3:p.His2610Arg,0.493,20.2,['Unknown%20significance'],134.1,0.65,0.0,-0.1,0.1
MYO15A,17,18151888,NM_016239.4:c.7830T>A,NP_057323.3:p.His2610Gln,0.480,7.693,['Unknown%20significance'],134.1,0.65,0.0,0.1,0.1
MYO15A,17,18151889,NM_016239.4:c.7831G>A,NP_057323.3:p.Glu2611Lys,0.531,26.1,['Unknown%20significance'],94.16,0.48,0.0,0.2,0.2
MYO15A,17,18151889,NM_016239.4:c.7831G>C,NP_057323.3:p.Glu2611Gln,0.442,25.0,['Unknown%20significance'],94.16,0.48,0.0,-0.2,0.2
MYO15A,17,18151890,NM_016239.4:c.7832A>G,NP_057323.3:p.Glu2611Gly,0.460,24.1,['Unknown%20significance'],94.16,0.48,0.0,0.7,0.7
MYO15A,17,18151890,NM_016239.4:c.7832A>T,NP_057323.3:p.Glu2611Val,0.585,24.6,['Unknown%20significance'],94.16,0.48,0.0,-0.0,0.0
MYO15A,17,18151891,NM_016239.4:c.7833G>T,NP_057323.3:p.Glu2611Asp,0.114,16.52,['Unknown%20significance'],94.16,0.48,0.0,0.1,0.1
MYO15A,17,18151892,NM_016239.4:c.7834G>A,NP_057323.3:p.Glu2612Lys,0.764,28.8,['Unknown%20significance'],95.09,0.48,0.0,0.2,0.2
MYO15A,17,18151893,NM_016239.4:c.7835A>G,NP_057323.3:p.Glu2612Gly,0.801,31,['Unknown%20significance'],95.09,0.48,0.0,0.6,0.6
MYO15A,17,18151894,NM_016239.4:c.7836G>T,NP_057323.3:p.Glu2612Asp,0.581,23.8,['Unknown%20significance'],95.09,0.48,0.0,0.2,0.2
MYO15A,17,18151895,NM_016239.4:c.7837G>A,NP_057323.3:p.Ala2613Thr,0.656,26.5,['Unknown%20significance'],40.36,0.31,0.0,0.2,0.2
MYO15A,17,18151895,NM_016239.4:c.7837G>T,NP_057323.3:p.Ala2613Ser,0.686,25.5,['Unknown%20significance'],40.36,0.31,0.0,0.4,0.4
MYO15A,17,18151896,NM_016239.4:c.7838C>A,NP_057323.3:p.Ala2613Asp,0.805,25.7,['Unknown%20significance'],40.36,0.31,0.0,1.0,1.0
MYO15A,17,18151896,NM_016239.4:c.7838C>T,NP_057323.3:p.Ala2613Val,0.641,25.6,['Unknown%20significance'],40.36,0.31,0.0,-0.3,0.3
MYO15A,17,18151898,NM_016239.4:c.7840C>A,NP_057323.3:p.Leu2614Met,0.258,19.55,['Unknown%20significance'],91.85,0.47,0.0,0.3,0.3
MYO15A,17,18151899,NM_016239.4:c.7841T>A,NP_057323.3:p.Leu2614Gln,0.766,27.0,['Unknown%20significance'],91.85,0.47,0.0,0.9,0.9
MYO15A,17,18151899,NM_016239.4:c.7841T>C,NP_057323.3:p.Leu2614Pro,0.842,27.7,['Unknown%20significance'],91.85,0.47,0.0,1.4,1.4
MYO15A,17,18151899,NM_016239.4:c.7841T>G,NP_057323.3:p.Leu2614Arg,0.814,27.3,['Unknown%20significance'],91.85,0.47,0.0,0.8,0.8
MYO15A,17,18151901,NM_016239.4:c.7843A>G,NP_057323.3:p.Met2615Val,0.246,14.99,['Unknown%20significance'],110.31,0.5,0.0,-0.1,0.1
MYO15A,17,18151902,NM_016239.4:c.7844T>C,NP_057323.3:p.Met2615Thr,0.204,12.93,['Unknown%20significance'],110.31,0.5,0.0,0.4,0.4
MYO15A,17,18151903,NM_016239.4:c.7845G>A,NP_057323.3:p.Met2615Ile,0.241,20.2,['Unknown%20significance'],110.31,0.5,0.0,-0.1,0.1
MYO15A,17,18151903,NM_016239.4:c.7845G>C,NP_057323.3:p.Met2615Ile,0.233,18.70,['Unknown%20significance'],110.31,0.5,0.0,-0.1,0.1
MYO15A,17,18151903,NM_016239.4:c.7845G>T,NP_057323.3:p.Met2615Ile,0.233,19.64,['Unknown%20significance'],110.31,0.5,0.0,-0.1,0.1
MYO15A,17,18151904,NM_016239.4:c.7846A>G,NP_057323.3:p.Ile2616Val,0.307,20.9,['Unknown%20significance'],107.49,0.54,0.0,0.2,0.2
MYO15A,17,18151904,NM_016239.4:c.7846A>T,NP_057323.3:p.Ile2616Phe,0.476,22.6,['Unknown%20significance'],107.49,0.54,0.0,0.5,0.5
MYO15A,17,18151905,NM_016239.4:c.7847T>A,NP_057323.3:p.Ile2616Asn,0.618,27.1,['Unknown%20significance'],107.49,0.54,0.0,1.6,1.6
MYO15A,17,18151905,NM_016239.4:c.7847T>C,NP_057323.3:p.Ile2616Thr,0.591,26.1,['Unknown%20significance'],107.49,0.54,0.0,1.1,1.1
MYO15A,17,18151907,NM_016239.4:c.7849C>A,NP_057323.3:p.Leu2617Met,0.498,23.9,['Unknown%20significance'],102.36,0.53,0.0,0.5,0.5
MYO15A,17,18151907,NM_016239.4:c.7849C>G,NP_057323.3:p.Leu2617Val,0.462,23.5,['Unknown%20significance'],102.36,0.53,0.0,0.3,0.3
MYO15A,17,18151908,NM_016239.4:c.7850T>A,NP_057323.3:p.Leu2617Gln,0.816,26.4,['Unknown%20significance'],102.36,0.53,0.0,1.4,1.4
MYO15A,17,18151908,NM_016239.4:c.7850T>C,NP_057323.3:p.Leu2617Pro,0.883,27.1,['Unknown%20significance'],102.36,0.53,0.0,1.7,1.7
MYO15A,17,18151908,NM_016239.4:c.7850T>G,NP_057323.3:p.Leu2617Arg,0.865,26.5,['Unknown%20significance'],102.36,0.53,0.0,1.3,1.3
MYO15A,17,18151910,NM_016239.4:c.7852A>G,NP_057323.3:p.Lys2618Glu,0.447,23.5,['Unknown%20significance'],160.26,0.67,0.0,-0.0,0.0
MYO15A,17,18151911,NM_016239.4:c.7853A>C,NP_057323.3:p.Lys2618Thr,0.553,24.5,['Unknown%20significance'],160.26,0.67,0.0,-0.2,0.2
MYO15A,17,18151913,NM_016239.4:c.7855G>A,NP_057323.3:p.Gly2619Arg,0.305,21.2,['Unknown%20significance'],35.59,0.37,0.0,-0.8,0.8
MYO15A,17,18151913,NM_016239.4:c.7855G>T,NP_057323.3:p.Gly2619Trp,0.394,24.9,['Unknown%20significance'],35.59,0.37,0.0,-1.8,1.8
MYO15A,17,18151914,NM_016239.4:c.7856G>A,NP_057323.3:p.Gly2619Glu,0.172,8.584,['Unknown%20significance'],35.59,0.37,0.0,-0.5,0.5
MYO15A,17,18151914,NM_016239.4:c.7856G>C,NP_057323.3:p.Gly2619Ala,0.233,9.307,['Unknown%20significance'],35.59,0.37,0.0,-0.7,0.7
MYO15A,17,18151914,NM_016239.4:c.7856G>T,NP_057323.3:p.Gly2619Val,0.351,12.23,['Unknown%20significance'],35.59,0.37,0.0,-1.4,1.4
MYO15A,17,18151916,NM_016239.4:c.7858C>A,NP_057323.3:p.Gln2620Lys,0.421,23.7,['Unknown%20significance'],121.69,0.61,0.0,0.4,0.4
MYO15A,17,18151917,NM_016239.4:c.7859A>G,NP_057323.3:p.Gln2620Arg,0.521,24.7,['Unknown%20significance'],121.69,0.61,0.0,-0.0,0.0
MYO15A,17,18151918,NM_016239.4:c.7860G>T,NP_057323.3:p.Gln2620His,0.431,23.4,['Unknown%20significance'],121.69,0.61,0.0,0.0,0.0
MYO15A,17,18151919,NM_016239.4:c.7861A>G,NP_057323.3:p.Met2621Val,0.298,22.6,['Unknown%20significance'],166.56,0.76,0.0,0.1,0.1
MYO15A,17,18151920,NM_016239.4:c.7862T>A,NP_057323.3:p.Met2621Lys,0.244,22.6,['Unknown%20significance'],166.56,0.76,0.0,0.4,0.4
MYO15A,17,18151920,NM_016239.4:c.7862T>C,NP_057323.3:p.Met2621Thr,0.419,22.3,['Unknown%20significance'],166.56,0.76,0.0,0.3,0.3
MYO15A,17,18151921,NM_016239.4:c.7863G>A,NP_057323.3:p.Met2621Ile,0.449,23.2,['Unknown%20significance'],166.56,0.76,0.0,0.1,0.1
MYO15A,17,18151921,NM_016239.4:c.7863G>T,NP_057323.3:p.Met2621Ile,0.446,23.1,['Unknown%20significance'],166.56,0.76,0.0,0.1,0.1
MYO15A,17,18151922,NM_016239.4:c.7864A>G,NP_057323.3:p.Thr2622Ala,0.206,2.203,['Unknown%20significance'],95.05,0.6,0.0,0.1,0.1
MYO15A,17,18151923,NM_016239.4:c.7865C>A,NP_057323.3:p.Thr2622Asn,0.142,13.00,['Unknown%20significance'],95.05,0.6,0.0,0.2,0.2
MYO15A,17,18151923,NM_016239.4:c.7865C>T,NP_057323.3:p.Thr2622Ile,0.119,14.15,['Unknown%20significance'],95.05,0.6,0.0,-0.2,0.2
MYO15A,17,18151925,NM_016239.4:c.7867C>A,NP_057323.3:p.His2623Asn,0.200,9.132,['Unknown%20significance'],144.49,0.7,0.0,0.2,0.2
MYO15A,17,18151925,NM_016239.4:c.7867C>G,NP_057323.3:p.His2623Asp,0.234,12.36,['Unknown%20significance'],144.49,0.7,0.0,0.3,0.3
MYO15A,17,18151928,NM_016239.4:c.7870C>A,NP_057323.3:p.Leu2624Met,0.288,1.395,['Unknown%20significance'],203.79,1.0,0.0,0.0,0.0
MYO15A,17,18151928,NM_016239.4:c.7870C>G,NP_057323.3:p.Leu2624Val,0.119,0.154,['Unknown%20significance'],203.79,1.0,0.0,0.0,0.0
MYO15A,17,18151929,NM_016239.4:c.7871T>A,NP_057323.3:p.Leu2624Gln,0.118,8.970,['Unknown%20significance'],203.79,1.0,0.0,0.1,0.1
MYO15A,17,18151929,NM_016239.4:c.7871T>C,NP_057323.3:p.Leu2624Pro,0.120,9.987,['Unknown%20significance'],203.79,1.0,0.0,0.1,0.1
MYO15A,17,18151931,NM_016239.4:c.7873G>A,NP_057323.3:p.Ala2625Thr,0.108,5.497,['Unknown%20significance'],102.91,0.8,0.0,-0.0,0.0
MYO15A,17,18151931,NM_016239.4:c.7873G>T,NP_057323.3:p.Ala2625Ser,0.087,3.696,['Unknown%20significance'],102.91,0.8,0.0,0.0,0.0
MYO15A,17,18151932,NM_016239.4:c.7874C>T,NP_057323.3:p.Ala2625Val,0.098,13.72,['Unknown%20significance'],102.91,0.8,0.0,-0.1,0.1
MYO15A,17,18151934,NM_016239.4:c.7876G>A,NP_057323.3:p.Ala2626Thr,0.095,13.92,['Unknown%20significance'],100.78,0.79,0.0,-0.0,0.0
MYO15A,17,18151934,NM_016239.4:c.7876G>T,NP_057323.3:p.Ala2626Ser,0.094,12.05,['Unknown%20significance'],100.78,0.79,0.0,0.1,0.1
MYO15A,17,18151935,NM_016239.4:c.7877C>A,NP_057323.3:p.Ala2626Asp,0.218,9.366,['Unknown%20significance'],100.78,0.79,0.0,0.2,0.2
MYO15A,17,18151935,NM_016239.4:c.7877C>G,NP_057323.3:p.Ala2626Gly,0.198,14.04,['Unknown%20significance'],100.78,0.79,0.0,0.2,0.2
MYO15A,17,18151935,NM_016239.4:c.7877C>T,NP_057323.3:p.Ala2626Val,0.161,8.038,['Unknown%20significance'],100.78,0.79,0.0,-0.2,0.2
MYO15A,17,18151937,NM_016239.4:c.7879G>A,NP_057323.3:p.Ala2627Thr,0.110,15.49,['Unknown%20significance'],96.35,0.75,0.0,-0.0,0.0
MYO15A,17,18151938,NM_016239.4:c.7880C>A,NP_057323.3:p.Ala2627Glu,0.145,8.610,['Unknown%20significance'],96.35,0.75,0.0,0.1,0.1
MYO15A,17,18151938,NM_016239.4:c.7880C>G,NP_057323.3:p.Ala2627Gly,0.105,8.202,['Unknown%20significance'],96.35,0.75,0.0,0.2,0.2
MYO15A,17,18151938,NM_016239.4:c.7880C>T,NP_057323.3:p.Ala2627Val,0.129,8.354,['Unknown%20significance'],96.35,0.75,0.0,-0.1,0.1
MYO15A,17,18151940,NM_016239.4:c.7882C>A,NP_057323.3:p.Pro2628Thr,0.084,14.34,['Unknown%20significance'],132.77,0.84,0.0,0.1,0.1
MYO15A,17,18151940,NM_016239.4:c.7882C>T,NP_057323.3:p.Pro2628Ser,0.086,9.736,['Unknown%20significance'],132.77,0.84,0.0,0.2,0.2
MYO15A,17,18151941,NM_016239.4:c.7883C>A,NP_057323.3:p.Pro2628His,0.197,19.15,['Unknown%20significance'],132.77,0.84,0.0,0.1,0.1
MYO15A,17,18151943,NM_016239.4:c.7885G>A,NP_057323.3:p.Gly2629Ser,0.334,21.6,['Unknown%20significance'],95.03,0.99,0.0,-0.0,0.0
MYO15A,17,18151944,NM_016239.4:c.7886G>A,NP_057323.3:p.Gly2629Asp,0.540,24.5,['Unknown%20significance'],95.03,0.99,0.0,-0.0,0.0
MYO15A,17,18151944,NM_016239.4:c.7886G>C,NP_057323.3:p.Gly2629Ala,0.366,19.83,['Unknown%20significance'],95.03,0.99,0.0,-0.1,0.1
MYO15A,17,18151944,NM_016239.4:c.7886G>T,NP_057323.3:p.Gly2629Val,0.523,21.8,['Unknown%20significance'],95.03,0.99,0.0,-0.1,0.1
MYO15A,17,18151946,NM_016239.4:c.7888A>T,NP_057323.3:p.Thr2630Ser,0.210,14.78,['Unknown%20significance'],101.98,0.64,0.0,0.2,0.2
MYO15A,17,18151947,NM_016239.4:c.7889C>G,NP_057323.3:p.Thr2630Ser,0.176,10.56,['Unknown%20significance'],101.98,0.64,0.0,0.2,0.2
MYO15A,17,18151947,NM_016239.4:c.7889C>T,NP_057323.3:p.Thr2630Ile,0.182,14.24,['Unknown%20significance'],101.98,0.64,0.0,-0.0,0.0
MYO15A,17,18151949,NM_016239.4:c.7891C>A,NP_057323.3:p.Gln2631Lys,0.298,20.5,['Unknown%20significance'],175.82,0.88,0.0,0.1,0.1
MYO15A,17,18151950,NM_016239.4:c.7892A>G,NP_057323.3:p.Gln2631Arg,0.294,23.2,['Unknown%20significance'],175.82,0.88,0.0,-0.0,0.0
MYO15A,17,18151951,NM_016239.4:c.7893G>T,NP_057323.3:p.Gln2631His,0.360,33,['Unknown%20significance'],175.82,0.88,0.0,0.0,0.0
MYO15A,17,18152112,NM_016239.4:c.7894G>A,NP_057323.3:p.Val2632Met,0.346,29.0,['Unknown%20significance'],133.62,0.77,0.0,0.0,0.0
MYO15A,17,18152112,NM_016239.4:c.7894G>C,NP_057323.3:p.Val2632Leu,0.276,25.4,['Pathogenic'],133.62,0.77,0.0,0.1,0.1
MYO15A,17,18152112,NM_016239.4:c.7894G>T,NP_057323.3:p.Val2632Leu,0.276,25.2,['Pathogenic'],133.62,0.77,0.0,0.1,0.1
MYO15A,17,18152113,NM_016239.4:c.7895T>G,NP_057323.3:p.Val2632Gly,0.473,22.5,['Unknown%20significance'],133.62,0.77,0.0,0.3,0.3
MYO15A,17,18152116,NM_016239.4:c.7898C>A,NP_057323.3:p.Ser2633Tyr,0.289,22.6,['Unknown%20significance'],110.87,0.8,0.0,-0.3,0.3
MYO15A,17,18152116,NM_016239.4:c.7898C>T,NP_057323.3:p.Ser2633Phe,0.297,24.0,['Unknown%20significance'],110.87,0.8,0.0,-0.1,0.1
MYO15A,17,18152118,NM_016239.4:c.7900A>G,NP_057323.3:p.Arg2634Gly,0.611,21.5,['Unknown%20significance'],218.55,0.81,0.0,0.4,0.4
MYO15A,17,18152119,NM_016239.4:c.7901G>A,NP_057323.3:p.Arg2634Lys,0.267,21.3,['Unknown%20significance'],218.55,0.81,0.0,0.2,0.2
MYO15A,17,18152119,NM_016239.4:c.7901G>T,NP_057323.3:p.Arg2634Ile,0.589,27.1,['Unknown%20significance'],218.55,0.81,0.0,0.1,0.1
MYO15A,17,18152121,NM_016239.4:c.7903G>A,NP_057323.3:p.Glu2635Lys,0.479,24.3,['Unknown%20significance'],130.5,0.66,0.0,0.2,0.2
MYO15A,17,18152122,NM_016239.4:c.7904A>G,NP_057323.3:p.Glu2635Gly,0.578,29.6,['Unknown%20significance'],130.5,0.66,0.0,0.3,0.3
MYO15A,17,18152127,NM_016239.4:c.7909G>A,NP_057323.3:p.Val2637Met,0.315,23.8,['Unknown%20significance'],138.0,0.8,0.0,0.1,0.1
MYO15A,17,18152128,NM_016239.4:c.7910T>C,NP_057323.3:p.Val2637Ala,0.398,23.8,['Unknown%20significance'],138.0,0.8,0.0,0.3,0.3
MYO15A,17,18152128,NM_016239.4:c.7910T>G,NP_057323.3:p.Val2637Gly,0.450,25.2,['Unknown%20significance'],138.0,0.8,0.0,0.5,0.5
MYO15A,17,18152130,NM_016239.4:c.7912G>A,NP_057323.3:p.Ala2638Thr,0.396,26.4,['Unknown%20significance'],90.93,0.71,0.0,0.1,0.1
MYO15A,17,18152130,NM_016239.4:c.7912G>T,NP_057323.3:p.Ala2638Ser,0.368,25.7,['Unknown%20significance'],90.93,0.71,0.0,0.2,0.2
MYO15A,17,18152131,NM_016239.4:c.7913C>A,NP_057323.3:p.Ala2638Asp,0.394,26.0,['Unknown%20significance'],90.93,0.71,0.0,0.6,0.6
MYO15A,17,18152131,NM_016239.4:c.7913C>G,NP_057323.3:p.Ala2638Gly,0.330,24.3,['Unknown%20significance'],90.93,0.71,0.0,0.5,0.5
MYO15A,17,18152131,NM_016239.4:c.7913C>T,NP_057323.3:p.Ala2638Val,0.431,25.9,['Unknown%20significance'],90.93,0.71,0.0,-0.1,0.1
MYO15A,17,18152133,NM_016239.4:c.7915C>A,NP_057323.3:p.Leu2639Met,0.153,13.67,['Unknown%20significance'],162.9,0.84,0.0,0.0,0.0
MYO15A,17,18152134,NM_016239.4:c.7916T>A,NP_057323.3:p.Leu2639Gln,0.314,22.4,['Unknown%20significance'],162.9,0.84,0.0,0.1,0.1
MYO15A,17,18152134,NM_016239.4:c.7916T>C,NP_057323.3:p.Leu2639Pro,0.395,23.6,['Unknown%20significance'],162.9,0.84,0.0,0.1,0.1
MYO15A,17,18152136,NM_016239.4:c.7918G>A,NP_057323.3:p.Val2640Met,0.349,24.7,['Unknown%20significance'],153.25,0.89,0.0,0.0,0.0
MYO15A,17,18152137,NM_016239.4:c.7919T>C,NP_057323.3:p.Val2640Ala,0.390,23.5,['Unknown%20significance'],153.25,0.89,0.0,0.2,0.2
MYO15A,17,18152140,NM_016239.4:c.7922A>C,NP_057323.3:p.Lys2641Thr,0.544,24.1,['Unknown%20significance'],200.0,0.84,0.0,-0.0,0.0
MYO15A,17,18152141,NM_016239.4:c.7923G>T,NP_057323.3:p.Lys2641Asn,0.398,24.5,['Unknown%20significance'],200.0,0.84,0.0,0.0,0.0
MYO15A,17,18152142,NM_016239.4:c.7924C>A,NP_057323.3:p.Pro2642Thr,0.499,24.1,['Unknown%20significance'],139.74,0.88,0.0,0.2,0.2
MYO15A,17,18152142,NM_016239.4:c.7924C>T,NP_057323.3:p.Pro2642Ser,0.408,23.3,['Unknown%20significance'],139.74,0.88,0.0,0.3,0.3
MYO15A,17,18152143,NM_016239.4:c.7925C>A,NP_057323.3:p.Pro2642Gln,0.516,25.5,['Unknown%20significance'],139.74,0.88,0.0,0.2,0.2
MYO15A,17,18152143,NM_016239.4:c.7925C>T,NP_057323.3:p.Pro2642Leu,0.495,25.1,['Unknown%20significance'],139.74,0.88,0.0,0.2,0.2
MYO15A,17,18152145,NM_016239.4:c.7927G>A,NP_057323.3:p.Val2643Met,0.395,24.5,['Unknown%20significance'],141.86,0.82,0.0,0.0,0.0
MYO15A,17,18152145,NM_016239.4:c.7927G>T,NP_057323.3:p.Val2643Leu,0.318,21.1,['Unknown%20significance'],141.86,0.82,0.0,0.1,0.1
MYO15A,17,18152146,NM_016239.4:c.7928T>A,NP_057323.3:p.Val2643Glu,0.344,23.0,['Unknown%20significance'],141.86,0.82,0.0,0.2,0.2
MYO15A,17,18152146,NM_016239.4:c.7928T>C,NP_057323.3:p.Val2643Ala,0.242,19.68,['Unknown%20significance'],141.86,0.82,0.0,0.2,0.2
MYO15A,17,18152148,NM_016239.4:c.7930A>G,NP_057323.3:p.Thr2644Ala,0.228,18.05,['Unknown%20significance'],133.37,0.84,0.0,0.1,0.1
MYO15A,17,18152149,NM_016239.4:c.7931C>A,NP_057323.3:p.Thr2644Asn,0.302,23.5,['Unknown%20significance'],133.37,0.84,0.0,0.2,0.2
MYO15A,17,18152149,NM_016239.4:c.7931C>G,NP_057323.3:p.Thr2644Ser,0.349,18.92,['Unknown%20significance'],133.37,0.84,0.0,0.1,0.1
MYO15A,17,18152149,NM_016239.4:c.7931C>T,NP_057323.3:p.Thr2644Ile,0.378,24.1,['Unknown%20significance'],133.37,0.84,0.0,0.0,0.0
MYO15A,17,18152151,NM_016239.4:c.7933A>G,NP_057323.3:p.Ser2645Gly,0.396,21.8,['Unknown%20significance'],108.33,0.78,0.0,0.2,0.2
MYO15A,17,18152151,NM_016239.4:c.7933A>T,NP_057323.3:p.Ser2645Cys,0.394,21.6,['Unknown%20significance'],108.33,0.78,0.0,0.1,0.1
MYO15A,17,18152152,NM_016239.4:c.7934G>A,NP_057323.3:p.Ser2645Asn,0.301,23.6,['Unknown%20significance'],108.33,0.78,0.0,0.1,0.1
MYO15A,17,18152152,NM_016239.4:c.7934G>C,NP_057323.3:p.Ser2645Thr,0.287,23.4,['Unknown%20significance'],108.33,0.78,0.0,-0.0,0.0
MYO15A,17,18152152,NM_016239.4:c.7934G>T,NP_057323.3:p.Ser2645Ile,0.442,24.2,['Unknown%20significance'],108.33,0.78,0.0,-0.1,0.1
MYO15A,17,18152153,NM_016239.4:c.7935T>A,NP_057323.3:p.Ser2645Arg,0.435,22.2,['Unknown%20significance'],108.33,0.78,0.0,-0.0,0.0
MYO15A,17,18152154,NM_016239.4:c.7936G>A,NP_057323.3:p.Ala2646Thr,0.100,7.984,['Unknown%20significance'],94.8,0.74,0.0,-0.1,0.1
MYO15A,17,18152154,NM_016239.4:c.7936G>T,NP_057323.3:p.Ala2646Ser,0.123,7.172,['Unknown%20significance'],94.8,0.74,0.0,0.0,0.0
MYO15A,17,18152155,NM_016239.4:c.7937C>A,NP_057323.3:p.Ala2646Glu,0.210,1.633,['Unknown%20significance'],94.8,0.74,0.0,0.1,0.1
MYO15A,17,18152155,NM_016239.4:c.7937C>T,NP_057323.3:p.Ala2646Val,0.262,3.407,['Unknown%20significance'],94.8,0.74,0.0,-0.2,0.2
MYO15A,17,18152157,NM_016239.4:c.7939C>T,NP_057323.3:p.Pro2647Ser,0.239,5.775,['Unknown%20significance'],140.07,0.89,0.0,0.1,0.1
MYO15A,17,18152158,NM_016239.4:c.7940C>A,NP_057323.3:p.Pro2647Gln,0.145,8.231,['Unknown%20significance'],140.07,0.89,0.0,0.0,0.0
MYO15A,17,18152158,NM_016239.4:c.7940C>T,NP_057323.3:p.Pro2647Leu,0.270,12.79,['Unknown%20significance'],140.07,0.89,0.0,0.0,0.0
MYO15A,17,18152161,NM_016239.4:c.7943G>A,NP_057323.3:p.Arg2648Lys,0.148,7.383,['Unknown%20significance'],248.42,0.92,0.0,0.1,0.1
MYO15A,17,18152161,NM_016239.4:c.7943G>T,NP_057323.3:p.Arg2648Met,0.267,19.05,['Unknown%20significance'],248.42,0.92,0.0,0.0,0.0
MYO15A,17,18152162,NM_016239.4:c.7944G>C,NP_057323.3:p.Arg2648Ser,0.210,9.419,['Unknown%20significance'],248.42,0.92,0.0,0.1,0.1
MYO15A,17,18152162,NM_016239.4:c.7944G>T,NP_057323.3:p.Arg2648Ser,0.213,9.719,['Unknown%20significance'],248.42,0.92,0.0,0.1,0.1
MYO15A,17,18152163,NM_016239.4:c.7945C>A,NP_057323.3:p.Pro2649Thr,0.193,9.252,['Unknown%20significance'],138.66,0.88,0.0,0.1,0.1
MYO15A,17,18152163,NM_016239.4:c.7945C>T,NP_057323.3:p.Pro2649Ser,0.227,10.70,['Unknown%20significance'],138.66,0.88,0.0,0.1,0.1
MYO15A,17,18152164,NM_016239.4:c.7946C>A,NP_057323.3:p.Pro2649Gln,0.253,4.380,['Unknown%20significance'],138.66,0.88,0.0,0.0,0.0
MYO15A,17,18152164,NM_016239.4:c.7946C>G,NP_057323.3:p.Pro2649Arg,0.196,9.198,['Unknown%20significance'],138.66,0.88,0.0,-0.0,0.0
MYO15A,17,18152166,NM_016239.4:c.7948T>C,NP_057323.3:p.Ser2650Pro,0.176,10.55,['Unknown%20significance'],106.09,0.76,0.0,-0.0,0.0
MYO15A,17,18152167,NM_016239.4:c.7949C>A,NP_057323.3:p.Ser2650Tyr,0.099,7.596,['Unknown%20significance'],106.09,0.76,0.0,-0.2,0.2
MYO15A,17,18152167,NM_016239.4:c.7949C>G,NP_057323.3:p.Ser2650Cys,0.120,7.424,['Unknown%20significance'],106.09,0.76,0.0,0.1,0.1
MYO15A,17,18152167,NM_016239.4:c.7949C>T,NP_057323.3:p.Ser2650Phe,0.135,7.840,['Unknown%20significance'],106.09,0.76,0.0,-0.1,0.1
MYO15A,17,18152169,NM_016239.4:c.7951A>G,NP_057323.3:p.Met2651Val,0.117,0.033,['Unknown%20significance'],197.25,0.91,0.0,0.0,0.0
MYO15A,17,18152169,NM_016239.4:c.7951A>T,NP_057323.3:p.Met2651Leu,0.177,0.068,['Unknown%20significance'],197.25,0.91,0.0,0.0,0.0
MYO15A,17,18152171,NM_016239.4:c.7953G>A,NP_057323.3:p.Met2651Ile,0.091,4.380,['Unknown%20significance'],197.25,0.91,0.0,0.0,0.0
MYO15A,17,18152171,NM_016239.4:c.7953G>C,NP_057323.3:p.Met2651Ile,0.162,1.402,['Unknown%20significance'],197.25,0.91,0.0,0.0,0.0
MYO15A,17,18152171,NM_016239.4:c.7953G>T,NP_057323.3:p.Met2651Ile,0.162,3.085,['Unknown%20significance'],197.25,0.91,0.0,0.0,0.0
MYO15A,17,18152172,NM_016239.4:c.7954G>A,NP_057323.3:p.Ala2652Thr,0.199,9.659,['Unknown%20significance'],89.86,0.7,0.0,-0.1,0.1
MYO15A,17,18152172,NM_016239.4:c.7954G>T,NP_057323.3:p.Ala2652Ser,0.084,8.373,['Unknown%20significance'],89.86,0.7,0.0,0.0,0.0
MYO15A,17,18152173,NM_016239.4:c.7955C>A,NP_057323.3:p.Ala2652Glu,0.235,0.561,['Unknown%20significance'],89.86,0.7,0.0,0.1,0.1
MYO15A,17,18152173,NM_016239.4:c.7955C>T,NP_057323.3:p.Ala2652Val,0.176,3.693,['Unknown%20significance'],89.86,0.7,0.0,-0.2,0.2
MYO15A,17,18152175,NM_016239.4:c.7957C>A,NP_057323.3:p.Pro2653Thr,0.108,11.14,['Unknown%20significance'],157.62,1.0,0.0,0.1,0.1
MYO15A,17,18152175,NM_016239.4:c.7957C>T,NP_057323.3:p.Pro2653Ser,0.108,12.01,['Unknown%20significance'],157.62,1.0,0.0,0.2,0.2
MYO15A,17,18152176,NM_016239.4:c.7958C>A,NP_057323.3:p.Pro2653His,0.238,21.5,['Unknown%20significance'],157.62,1.0,0.0,0.1,0.1
MYO15A,17,18152176,NM_016239.4:c.7958C>T,NP_057323.3:p.Pro2653Leu,0.196,17.36,['Unknown%20significance'],157.62,1.0,0.0,0.1,0.1
MYO15A,17,18152178,NM_016239.4:c.7960A>G,NP_057323.3:p.Thr2654Ala,0.235,5.989,['Unknown%20significance'],129.79,0.82,0.0,0.1,0.1
MYO15A,17,18152179,NM_016239.4:c.7961C>A,NP_057323.3:p.Thr2654Asn,0.145,7.142,['Unknown%20significance'],129.79,0.82,0.0,0.2,0.2
MYO15A,17,18152179,NM_016239.4:c.7961C>G,NP_057323.3:p.Thr2654Ser,0.143,4.930,['Unknown%20significance'],129.79,0.82,0.0,0.1,0.1
MYO15A,17,18152179,NM_016239.4:c.7961C>T,NP_057323.3:p.Thr2654Ile,0.092,8.720,['Unknown%20significance'],129.79,0.82,0.0,-0.1,0.1
MYO15A,17,18152182,NM_016239.4:c.7964C>T,NP_057323.3:p.Ser2655Leu,0.228,23.9,['Unknown%20significance'],107.96,0.78,0.0,-0.2,0.2
MYO15A,17,18152184,NM_016239.4:c.7966G>A,NP_057323.3:p.Ala2656Thr,0.241,27.8,['Unknown%20significance'],99.49,0.78,0.0,0.0,0.0
MYO15A,17,18152184,NM_016239.4:c.7966G>T,NP_057323.3:p.Ala2656Ser,0.269,28.6,['Unknown%20significance'],99.49,0.78,0.0,0.1,0.1
MYO15A,17,18153777,NM_016239.4:c.7969C>A,NP_057323.3:p.Leu2657Met,0.126,14.70,['Unknown%20significance'],123.42,0.64,0.0,0.0,0.0
MYO15A,17,18153778,NM_016239.4:c.7970T>C,NP_057323.3:p.Leu2657Pro,0.234,13.27,['Unknown%20significance'],123.42,0.64,0.0,0.0,0.0
MYO15A,17,18153778,NM_016239.4:c.7970T>G,NP_057323.3:p.Leu2657Arg,0.278,13.41,['Unknown%20significance'],123.42,0.64,0.0,0.2,0.2
MYO15A,17,18153780,NM_016239.4:c.7972C>T,NP_057323.3:p.Pro2658Ser,0.211,12.89,['Unknown%20significance'],7.62,0.04,0.0,0.2,0.2
MYO15A,17,18153781,NM_016239.4:c.7973C>T,NP_057323.3:p.Pro2658Leu,0.256,16.43,['Unknown%20significance'],7.62,0.04,0.0,-1.4,1.4
MYO15A,17,18153787,NM_016239.4:c.7979G>A,NP_057323.3:p.Arg2660Gln,0.229,23.0,['Unknown%20significance'],48.57,0.18,0.0,0.6,0.6
MYO15A,17,18153789,NM_016239.4:c.7981T>C,NP_057323.3:p.Ser2661Pro,0.338,23.1,['Unknown%20significance'],56.92,0.41,0.0,-0.0,0.0
MYO15A,17,18153790,NM_016239.4:c.7982C>T,NP_057323.3:p.Ser2661Leu,0.194,21.8,['Unknown%20significance'],56.92,0.41,0.0,-0.4,0.4
MYO15A,17,18153792,NM_016239.4:c.7984C>G,NP_057323.3:p.Leu2662Val,0.271,19.09,['Unknown%20significance'],42.98,0.22,0.0,0.5,0.5
MYO15A,17,18153793,NM_016239.4:c.7985T>G,NP_057323.3:p.Leu2662Arg,0.472,28.5,['Unknown%20significance'],42.98,0.22,0.0,0.9,0.9
MYO15A,17,18153797,NM_016239.4:c.7989G>T,NP_057323.3:p.Glu2663Asp,0.204,19.11,['Unknown%20significance'],141.77,0.72,0.0,0.0,0.0
MYO15A,17,18153798,NM_016239.4:c.7990C>A,NP_057323.3:p.Pro2664Thr,0.282,17.48,['Pathogenic'],134.25,0.85,0.0,-0.1,0.1
MYO15A,17,18153798,NM_016239.4:c.7990C>G,NP_057323.3:p.Pro2664Ala,0.232,16.40,['Unknown%20significance'],134.25,0.85,0.0,-0.0,0.0
MYO15A,17,18153799,NM_016239.4:c.7991C>G,NP_057323.3:p.Pro2664Arg,0.382,22.2,['Unknown%20significance'],134.25,0.85,0.0,-0.2,0.2
MYO15A,17,18153801,NM_016239.4:c.7993C>G,NP_057323.3:p.Pro2665Ala,0.172,3.833,['Unknown%20significance'],120.9,0.76,0.0,0.0,0.0
MYO15A,17,18153801,NM_016239.4:c.7993C>T,NP_057323.3:p.Pro2665Ser,0.145,6.561,['Unknown%20significance'],120.9,0.76,0.0,-0.0,0.0
MYO15A,17,18153802,NM_016239.4:c.7994C>G,NP_057323.3:p.Pro2665Arg,0.132,8.911,['Unknown%20significance'],120.9,0.76,0.0,-0.2,0.2
MYO15A,17,18153802,NM_016239.4:c.7994C>T,NP_057323.3:p.Pro2665Leu,0.124,11.07,['Unknown%20significance'],120.9,0.76,0.0,-0.1,0.1
MYO15A,17,18153806,NM_016239.4:c.7998G>C,NP_057323.3:p.Glu2666Asp,0.208,14.65,['Unknown%20significance'],182.03,0.93,0.0,-0.0,0.0
MYO15A,17,18153813,NM_016239.4:c.8005A>G,NP_057323.3:p.Thr2669Ala,0.127,12.68,['Unknown%20significance'],81.37,0.51,0.0,0.4,0.4
MYO15A,17,18153814,NM_016239.4:c.8006C>A,NP_057323.3:p.Thr2669Lys,0.122,12.57,['Unknown%20significance'],81.37,0.51,0.0,0.5,0.5
MYO15A,17,18153814,NM_016239.4:c.8006C>G,NP_057323.3:p.Thr2669Arg,0.132,12.73,['Unknown%20significance'],81.37,0.51,0.0,0.1,0.1
MYO15A,17,18153814,NM_016239.4:c.8006C>T,NP_057323.3:p.Thr2669Met,0.116,7.681,['Unknown%20significance'],81.37,0.51,0.0,-0.3,0.3
MYO15A,17,18153816,NM_016239.4:c.8008C>A,NP_057323.3:p.Gln2670Lys,0.372,22.7,['Unknown%20significance'],126.66,0.64,0.0,0.3,0.3
MYO15A,17,18153819,NM_016239.4:c.8011A>T,NP_057323.3:p.Thr2671Ser,0.553,23.6,['Unknown%20significance'],6.49,0.04,0.0,1.2,1.2
MYO15A,17,18153820,NM_016239.4:c.8012C>T,NP_057323.3:p.Thr2671Met,0.567,24.6,['Unknown%20significance'],6.49,0.04,0.0,0.2,0.2
MYO15A,17,18153823,NM_016239.4:c.8015G>A,NP_057323.3:p.Arg2672Gln,0.192,3.697,['Unknown%20significance'],181.51,0.67,0.0,0.0,0.0
MYO15A,17,18153828,NM_016239.4:c.8020C>T,NP_057323.3:p.His2674Tyr,0.481,22.7,['Unknown%20significance'],49.26,0.23,0.0,-1.0,1.0
MYO15A,17,18153829,NM_016239.4:c.8021A>G,NP_057323.3:p.His2674Arg,0.598,24.8,['Unknown%20significance'],49.26,0.23,0.0,0.6,0.6
MYO15A,17,18153831,NM_016239.4:c.8023C>G,NP_057323.3:p.Arg2675Gly,0.463,23.1,['Unknown%20significance'],234.01,0.86,0.0,0.2,0.2
MYO15A,17,18153835,NM_016239.4:c.8027T>G,NP_057323.3:p.Leu2676Arg,0.143,16.74,['Unknown%20significance'],60.24,0.31,0.0,0.3,0.3
MYO15A,17,18153837,NM_016239.4:c.8029A>G,NP_057323.3:p.Ile2677Val,0.163,0.503,['Unknown%20significance'],127.19,0.64,0.0,-0.0,0.0
MYO15A,17,18153838,NM_016239.4:c.8030T>A,NP_057323.3:p.Ile2677Asn,0.161,5.031,['Unknown%20significance'],127.19,0.64,0.0,0.2,0.2
MYO15A,17,18153843,NM_016239.4:c.8035C>T,NP_057323.3:p.Pro2679Ser,0.150,15.17,['Unknown%20significance'],126.09,0.8,0.0,-0.1,0.1
MYO15A,17,18153846,NM_016239.4:c.8038A>G,NP_057323.3:p.Asn2680Asp,0.151,12.89,['Unknown%20significance'],72.8,0.45,0.0,0.2,0.2
MYO15A,17,18153847,NM_016239.4:c.8039A>G,NP_057323.3:p.Asn2680Ser,0.198,0.500,['Unknown%20significance'],72.8,0.45,0.0,-0.1,0.1
MYO15A,17,18153847,NM_016239.4:c.8039A>T,NP_057323.3:p.Asn2680Ile,0.190,5.579,['Unknown%20significance'],72.8,0.45,0.0,-0.8,0.8
MYO15A,17,18153849,NM_016239.4:c.8041T>A,NP_057323.3:p.Phe2681Ile,0.214,22.8,['Unknown%20significance'],40.03,0.17,0.0,0.7,0.7
MYO15A,17,18153852,NM_016239.4:c.8044T>C,NP_057323.3:p.Tyr2682His,0.726,28.2,['Unknown%20significance'],32.25,0.13,0.0,1.8,1.8
MYO15A,17,18153853,NM_016239.4:c.8045A>G,NP_057323.3:p.Tyr2682Cys,0.728,24.7,['Unknown%20significance'],32.25,0.13,0.0,2.2,2.2
MYO15A,17,18153853,NM_016239.4:c.8045A>T,NP_057323.3:p.Tyr2682Phe,0.347,23.7,['Benign'],32.25,0.13,0.0,-0.5,0.5
MYO15A,17,18153855,NM_016239.4:c.8047G>A,NP_057323.3:p.Gly2683Ser,0.250,17.20,['Unknown%20significance'],0.06,0.0,0.0,-1.0,1.0
MYO15A,17,18153855,NM_016239.4:c.8047G>C,NP_057323.3:p.Gly2683Arg,0.495,24.4,['Unknown%20significance'],0.06,0.0,0.0,-1.2,1.2
MYO15A,17,18153855,NM_016239.4:c.8047G>T,NP_057323.3:p.Gly2683Cys,0.477,23.6,['Unknown%20significance'],0.06,0.0,0.0,-1.6,1.6
MYO15A,17,18153858,NM_016239.4:c.8050T>A,NP_057323.3:p.Tyr2684Asn,0.792,26.3,['Unknown%20significance'],13.09,0.05,0.0,4.0,4.0
MYO15A,17,18153858,NM_016239.4:c.8050T>C,NP_057323.3:p.Tyr2684His,0.837,26.1,['Pathogenic'],13.09,0.05,0.0,2.1,2.1
MYO15A,17,18153859,NM_016239.4:c.8051A>G,NP_057323.3:p.Tyr2684Cys,0.757,24.7,['Unknown%20significance'],13.09,0.05,0.0,3.5,3.5
MYO15A,17,18153862,NM_016239.4:c.8054A>C,NP_057323.3:p.Gln2685Pro,0.543,18.70,['Unknown%20significance'],68.2,0.34,0.0,0.5,0.5
MYO15A,17,18153862,NM_016239.4:c.8054A>G,NP_057323.3:p.Gln2685Arg,0.277,16.16,['Unknown%20significance'],68.2,0.34,0.0,-0.2,0.2
MYO15A,17,18153865,NM_016239.4:c.8057A>G,NP_057323.3:p.Asp2686Gly,0.272,23.1,['Unknown%20significance'],161.96,1.0,0.0,0.1,0.1
MYO15A,17,18153867,NM_016239.4:c.8059G>A,NP_057323.3:p.Ala2687Thr,0.136,16.18,['Unknown%20significance'],26.23,0.2,0.0,0.1,0.1
MYO15A,17,18153867,NM_016239.4:c.8059G>C,NP_057323.3:p.Ala2687Pro,0.539,17.93,['Unknown%20significance'],26.23,0.2,0.0,0.4,0.4
MYO15A,17,18153867,NM_016239.4:c.8059G>T,NP_057323.3:p.Ala2687Ser,0.227,19.12,['Unknown%20significance'],26.23,0.2,0.0,0.4,0.4
MYO15A,17,18153868,NM_016239.4:c.8060C>G,NP_057323.3:p.Ala2687Gly,0.306,22.8,['Unknown%20significance'],26.23,0.2,0.0,1.0,1.0
MYO15A,17,18153868,NM_016239.4:c.8060C>T,NP_057323.3:p.Ala2687Val,0.184,16.43,['Unknown%20significance'],26.23,0.2,0.0,-0.8,0.8
MYO15A,17,18153870,NM_016239.4:c.8062C>T,NP_057323.3:p.Pro2688Ser,0.601,22.7,['Unknown%20significance'],95.18,0.6,0.0,0.7,0.7
MYO15A,17,18153871,NM_016239.4:c.8063C>A,NP_057323.3:p.Pro2688His,0.788,25.6,['Unknown%20significance'],95.18,0.6,0.0,0.6,0.6
MYO15A,17,18153873,NM_016239.4:c.8065T>C,NP_057323.3:p.Trp2689Arg,0.862,28.7,['Pathogenic'],14.26,0.05,0.0,4.7,4.7
MYO15A,17,18153876,NM_016239.4:c.8068A>C,NP_057323.3:p.Lys2690Gln,0.230,16.86,['Unknown%20significance'],148.92,0.62,0.0,-0.1,0.1
MYO15A,17,18153878,NM_016239.4:c.8070G>C,NP_057323.3:p.Lys2690Asn,0.381,23.0,['Unknown%20significance'],148.92,0.62,0.0,0.1,0.1
MYO15A,17,18153882,NM_016239.4:c.8074T>C,NP_057323.3:p.Phe2692Leu,0.335,23.8,['Unknown%20significance'],38.41,0.16,0.0,0.8,0.8
MYO15A,17,18153884,NM_016239.4:c.8076C>G,NP_057323.3:p.Phe2692Leu,0.339,22.9,['Unknown%20significance'],38.41,0.16,0.0,0.8,0.8
MYO15A,17,18153886,NM_016239.4:c.8078T>A,NP_057323.3:p.Leu2693Gln,0.805,28.1,['Pathogenic'],0.0,0.0,0.0,4.0,4.0
MYO15A,17,18153886,NM_016239.4:c.8078T>C,NP_057323.3:p.Leu2693Pro,0.861,29.5,['Unknown%20significance'],0.0,0.0,0.0,4.7,4.7
MYO15A,17,18153888,NM_016239.4:c.8080C>A,NP_057323.3:p.Arg2694Ser,0.843,25.2,['Unknown%20significance'],1.23,0.0,0.0,2.1,2.1
MYO15A,17,18153889,NM_016239.4:c.8081G>C,NP_057323.3:p.Arg2694Pro,0.920,31,['Unknown%20significance'],1.23,0.0,0.0,2.3,2.3
MYO15A,17,18153889,NM_016239.4:c.8081G>T,NP_057323.3:p.Arg2694Leu,0.911,29.6,['Unknown%20significance'],1.23,0.0,0.0,0.3,0.3
MYO15A,17,18153891,NM_016239.4:c.8083A>C,NP_057323.3:p.Lys2695Gln,0.857,27.1,['Unknown%20significance'],0.0,0.0,0.0,-0.0,0.0
MYO15A,17,18153891,NM_016239.4:c.8083A>G,NP_057323.3:p.Lys2695Glu,0.825,28.1,['Unknown%20significance'],0.0,0.0,0.0,0.7,0.7
MYO15A,17,18153892,NM_016239.4:c.8084A>G,NP_057323.3:p.Lys2695Arg,0.867,28.0,['Unknown%20significance'],0.0,0.0,0.0,-1.3,1.3
MYO15A,17,18153894,NM_016239.4:c.8086G>A,NP_057323.3:p.Glu2696Lys,0.854,32,['Unknown%20significance'],0.72,0.0,0.0,1.7,1.7
MYO15A,17,18153895,NM_016239.4:c.8087A>C,NP_057323.3:p.Glu2696Ala,0.848,34,['Unknown%20significance'],0.72,0.0,0.0,1.0,1.0
MYO15A,17,18153896,NM_016239.4:c.8088G>C,NP_057323.3:p.Glu2696Asp,0.815,35,['Unknown%20significance'],0.72,0.0,0.0,0.7,0.7
MYO15A,17,18154131,NM_016239.4:c.8089G>T,NP_057323.3:p.Val2697Leu,0.637,33,['Unknown%20significance'],0.0,0.0,0.0,0.3,0.3
MYO15A,17,18154132,NM_016239.4:c.8090T>C,NP_057323.3:p.Val2697Ala,0.856,29.8,['Likely%20pathogenic'],0.0,0.0,0.0,2.8,2.8
MYO15A,17,18154134,NM_016239.4:c.8092T>A,NP_057323.3:p.Phe2698Ile,0.904,28.4,['Unknown%20significance'],0.0,0.0,0.0,2.3,2.3
MYO15A,17,18154137,NM_016239.4:c.8095T>C,NP_057323.3:p.Tyr2699His,0.607,30,['Unknown%20significance'],34.13,0.14,0.0,1.7,1.7
MYO15A,17,18154140,NM_016239.4:c.8098C>T,NP_057323.3:p.Pro2700Ser,0.864,26.9,['Unknown%20significance'],25.52,0.16,0.0,1.8,1.8
MYO15A,17,18154141,NM_016239.4:c.8099C>A,NP_057323.3:p.Pro2700His,0.916,28.0,['Unknown%20significance'],25.52,0.16,0.0,1.3,1.3
MYO15A,17,18154141,NM_016239.4:c.8099C>G,NP_057323.3:p.Pro2700Arg,0.947,28.0,['Unknown%20significance'],25.52,0.16,0.0,1.1,1.1
MYO15A,17,18154143,NM_016239.4:c.8101A>G,NP_057323.3:p.Lys2701Glu,0.567,31,['Unknown%20significance'],100.02,0.42,0.0,0.3,0.3
MYO15A,17,18154145,NM_016239.4:c.8103G>T,NP_057323.3:p.Lys2701Asn,0.481,28.3,['Unknown%20significance'],100.02,0.42,0.0,0.1,0.1
MYO15A,17,18154146,NM_016239.4:c.8104G>A,NP_057323.3:p.Asp2702Asn,0.590,32,['Unknown%20significance'],6.27,0.03,0.0,0.2,0.2
MYO15A,17,18154149,NM_016239.4:c.8107A>C,NP_057323.3:p.Ser2703Arg,0.366,24.7,['Unknown%20significance'],50.82,0.36,0.0,-0.4,0.4
MYO15A,17,18154150,NM_016239.4:c.8108G>A,NP_057323.3:p.Ser2703Asn,0.216,15.01,['Unknown%20significance'],50.82,0.36,0.0,-0.0,0.0
MYO15A,17,18154150,NM_016239.4:c.8108G>C,NP_057323.3:p.Ser2703Thr,0.187,17.16,['Unknown%20significance'],50.82,0.36,0.0,-0.2,0.2
MYO15A,17,18154153,NM_016239.4:c.8111A>G,NP_057323.3:p.Tyr2704Cys,0.566,26.1,['Unknown%20significance'],26.84,0.11,0.0,1.7,1.7
MYO15A,17,18154155,NM_016239.4:c.8113A>C,NP_057323.3:p.Ser2705Arg,0.508,25.1,['Unknown%20significance'],54.17,0.39,0.0,-0.3,0.3
MYO15A,17,18154155,NM_016239.4:c.8113A>T,NP_057323.3:p.Ser2705Cys,0.656,29.0,['Unknown%20significance'],54.17,0.39,0.0,0.2,0.2
MYO15A,17,18154156,NM_016239.4:c.8114G>A,NP_057323.3:p.Ser2705Asn,0.163,15.85,['Unknown%20significance'],54.17,0.39,0.0,-0.1,0.1
MYO15A,17,18154159,NM_016239.4:c.8117A>G,NP_057323.3:p.His2706Arg,0.597,25.6,['Unknown%20significance'],29.0,0.14,0.0,0.3,0.3
MYO15A,17,18154159,NM_016239.4:c.8117A>T,NP_057323.3:p.His2706Leu,0.664,24.5,['Unknown%20significance'],29.0,0.14,0.0,0.1,0.1
MYO15A,17,18154160,NM_016239.4:c.8118T>A,NP_057323.3:p.His2706Gln,0.660,24.1,['Unknown%20significance'],29.0,0.14,0.0,0.4,0.4
MYO15A,17,18154161,NM_016239.4:c.8119C>A,NP_057323.3:p.Pro2707Thr,0.743,28.2,['Unknown%20significance'],71.52,0.45,0.0,0.6,0.6
MYO15A,17,18154161,NM_016239.4:c.8119C>G,NP_057323.3:p.Pro2707Ala,0.669,26.2,['Unknown%20significance'],71.52,0.45,0.0,0.7,0.7
MYO15A,17,18154161,NM_016239.4:c.8119C>T,NP_057323.3:p.Pro2707Ser,0.691,28.8,['Unknown%20significance'],71.52,0.45,0.0,0.8,0.8
MYO15A,17,18154168,NM_016239.4:c.8126A>C,NP_057323.3:p.Gln2709Pro,0.608,23.3,['Unknown%20significance'],0.0,0.0,0.0,1.0,1.0
MYO15A,17,18154170,NM_016239.4:c.8128C>G,NP_057323.3:p.Leu2710Val,0.511,23.4,['Unknown%20significance'],0.0,0.0,0.0,1.1,1.1
MYO15A,17,18154170,NM_016239.4:c.8128C>T,NP_057323.3:p.Leu2710Phe,0.657,25.9,['Unknown%20significance'],0.0,0.0,0.0,0.8,0.8
MYO15A,17,18154176,NM_016239.4:c.8134C>A,NP_057323.3:p.Leu2712Ile,0.756,27.3,['Unknown%20significance'],0.0,0.0,0.0,1.2,1.2
MYO15A,17,18154176,NM_016239.4:c.8134C>T,NP_057323.3:p.Leu2712Phe,0.786,28.6,['Unknown%20significance'],0.0,0.0,0.0,1.3,1.3
MYO15A,17,18154177,NM_016239.4:c.8135T>C,NP_057323.3:p.Leu2712Pro,0.908,33,['Unknown%20significance'],0.0,0.0,0.0,5.0,5.0
MYO15A,17,18154180,NM_016239.4:c.8138T>A,NP_057323.3:p.Leu2713Gln,0.857,31,['Unknown%20significance'],0.0,0.0,0.0,3.9,3.9
MYO15A,17,18154180,NM_016239.4:c.8138T>G,NP_057323.3:p.Leu2713Arg,0.918,32,['Pathogenic'],0.0,0.0,0.0,3.4,3.4
MYO15A,17,18154183,NM_016239.4:c.8141T>G,NP_057323.3:p.Phe2714Cys,0.798,27.1,['Unknown%20significance'],0.0,0.0,0.0,2.7,2.7
MYO15A,17,18154185,NM_016239.4:c.8143C>T,NP_057323.3:p.Arg2715Trp,0.755,32,['Unknown%20significance'],17.2,0.06,0.0,-1.0,1.0
MYO15A,17,18154186,NM_016239.4:c.8144G>A,NP_057323.3:p.Arg2715Gln,0.430,31,['Unknown%20significance'],17.2,0.06,0.0,0.2,0.2
MYO15A,17,18154186,NM_016239.4:c.8144G>T,NP_057323.3:p.Arg2715Leu,0.591,32,['Unknown%20significance'],17.2,0.06,0.0,-1.1,1.1
MYO15A,17,18154188,NM_016239.4:c.8146C>A,NP_057323.3:p.Gln2716Lys,0.869,24.3,['Unknown%20significance'],0.0,0.0,0.0,1.4,1.4
MYO15A,17,18154189,NM_016239.4:c.8147A>G,NP_057323.3:p.Gln2716Arg,0.896,32,['Likely%20pathogenic'],0.0,0.0,0.0,0.3,0.3
MYO15A,17,18154190,NM_016239.4:c.8148G>C,NP_057323.3:p.Gln2716His,0.915,37,['Unknown%20significance'],0.0,0.0,0.0,0.3,0.3
MYO15A,17,18154190,NM_016239.4:c.8148G>T,NP_057323.3:p.Gln2716His,0.917,36,['Pathogenic'],0.0,0.0,0.0,0.3,0.3
MYO15A,17,18154682,NM_016239.4:c.8151C>G,NP_057323.3:p.Ile2717Met,0.746,22.7,['Unknown%20significance'],0.0,0.0,0.0,2.3,2.3
MYO15A,17,18154684,NM_016239.4:c.8153T>C,NP_057323.3:p.Leu2718Pro,0.860,25.9,['Unknown%20significance'],10.34,0.05,0.0,2.8,2.8
MYO15A,17,18154686,NM_016239.4:c.8155C>A,NP_057323.3:p.His2719Asn,0.327,15.84,['Unknown%20significance'],34.03,0.16,0.0,0.9,0.9
MYO15A,17,18154688,NM_016239.4:c.8157C>A,NP_057323.3:p.His2719Gln,0.537,1.906,['Unknown%20significance'],34.03,0.16,0.0,0.4,0.4
MYO15A,17,18154689,NM_016239.4:c.8158G>A,NP_057323.3:p.Asp2720Asn,0.780,25.8,['Pathogenic'],0.0,0.0,0.0,0.2,0.2
MYO15A,17,18154689,NM_016239.4:c.8158G>C,NP_057323.3:p.Asp2720His,0.900,25.6,['Pathogenic'],0.0,0.0,0.0,0.0,0.0
MYO15A,17,18154689,NM_016239.4:c.8158G>T,NP_057323.3:p.Asp2720Tyr,0.865,26.1,['Unknown%20significance'],0.0,0.0,0.0,-1.0,1.0
MYO15A,17,18154691,NM_016239.4:c.8160C>A,NP_057323.3:p.Asp2720Glu,0.630,17.42,['Unknown%20significance'],0.0,0.0,0.0,0.2,0.2
MYO15A,17,18154692,NM_016239.4:c.8161A>C,NP_057323.3:p.Thr2721Pro,0.539,22.9,['Unknown%20significance'],0.0,0.0,0.0,1.6,1.6
MYO15A,17,18154692,NM_016239.4:c.8161A>G,NP_057323.3:p.Thr2721Ala,0.592,22.8,['Unknown%20significance'],0.0,0.0,0.0,0.9,0.9
MYO15A,17,18154693,NM_016239.4:c.8162C>A,NP_057323.3:p.Thr2721Lys,0.584,23.8,['Likely%20pathogenic'],0.0,0.0,0.0,1.6,1.6
MYO15A,17,18154693,NM_016239.4:c.8162C>T,NP_057323.3:p.Thr2721Met,0.462,24.0,['Unknown%20significance'],0.0,0.0,0.0,-0.5,0.5
MYO15A,17,18154695,NM_016239.4:c.8164C>A,NP_057323.3:p.Leu2722Ile,0.305,2.857,['Unknown%20significance'],67.7,0.35,0.0,0.1,0.1
MYO15A,17,18154695,NM_016239.4:c.8164C>G,NP_057323.3:p.Leu2722Val,0.327,2.163,['Unknown%20significance'],67.7,0.35,0.0,0.3,0.3
MYO15A,17,18154695,NM_016239.4:c.8164C>T,NP_057323.3:p.Leu2722Phe,0.227,0.034,['Unknown%20significance'],67.7,0.35,0.0,-0.4,0.4
MYO15A,17,18154696,NM_016239.4:c.8165T>G,NP_057323.3:p.Leu2722Arg,0.614,24.1,['Unknown%20significance'],67.7,0.35,0.0,0.3,0.3
MYO15A,17,18154698,NM_016239.4:c.8167T>G,NP_057323.3:p.Ser2723Ala,0.328,20.8,['Unknown%20significance'],23.27,0.16,0.0,-0.0,0.0
MYO15A,17,18154701,NM_016239.4:c.8170G>A,NP_057323.3:p.Glu2724Lys,0.428,24.0,['Unknown%20significance'],100.53,0.51,0.0,0.2,0.2
MYO15A,17,18154701,NM_016239.4:c.8170G>C,NP_057323.3:p.Glu2724Gln,0.457,25.4,['Unknown%20significance'],100.53,0.51,0.0,-0.1,0.1
MYO15A,17,18154704,NM_016239.4:c.8173G>A,NP_057323.3:p.Ala2725Thr,0.271,20.8,['Unknown%20significance'],1.19,0.0,0.0,-0.1,0.1
MYO15A,17,18154705,NM_016239.4:c.8174C>T,NP_057323.3:p.Ala2725Val,0.381,23.3,['Unknown%20significance'],1.19,0.0,0.0,-0.5,0.5
MYO15A,17,18154708,NM_016239.4:c.8177G>A,NP_057323.3:p.Cys2726Tyr,0.760,27.6,['Unknown%20significance'],7.31,0.04,0.0,-0.2,0.2
MYO15A,17,18154710,NM_016239.4:c.8179C>G,NP_057323.3:p.Leu2727Val,0.220,15.32,['Unknown%20significance'],4.3,0.02,0.0,0.1,0.1
MYO15A,17,18154710,NM_016239.4:c.8179C>T,NP_057323.3:p.Leu2727Phe,0.418,22.5,['Unknown%20significance'],4.3,0.02,0.0,-0.1,0.1
MYO15A,17,18154711,NM_016239.4:c.8180T>C,NP_057323.3:p.Leu2727Pro,0.751,27.5,['Unknown%20significance'],4.3,0.02,0.0,2.5,2.5
MYO15A,17,18154713,NM_016239.4:c.8182C>G,NP_057323.3:p.Arg2728Gly,0.779,26.6,['Pathogenic'],0.0,0.0,0.0,3.0,3.0
MYO15A,17,18154713,NM_016239.4:c.8182C>T,NP_057323.3:p.Arg2728Cys,0.692,29.8,['Pathogenic'],0.0,0.0,0.0,0.9,0.9
MYO15A,17,18154714,NM_016239.4:c.8183G>A,NP_057323.3:p.Arg2728His,0.890,31,['Likely%20pathogenic'],0.0,0.0,0.0,0.7,0.7
MYO15A,17,18154714,NM_016239.4:c.8183G>C,NP_057323.3:p.Arg2728Pro,0.885,32,['Unknown%20significance'],0.0,0.0,0.0,2.3,2.3
MYO15A,17,18154722,NM_016239.4:c.8191G>C,NP_057323.3:p.Glu2731Gln,0.157,5.373,['Unknown%20significance'],99.8,0.51,0.0,-0.2,0.2
MYO15A,17,18154723,NM_016239.4:c.8192A>T,NP_057323.3:p.Glu2731Val,0.243,23.3,['Unknown%20significance'],99.8,0.51,0.0,-0.0,0.0
MYO15A,17,18154725,NM_016239.4:c.8194G>A,NP_057323.3:p.Asp2732Asn,0.402,25.4,['Unknown%20significance'],87.79,0.54,0.0,0.1,0.1
MYO15A,17,18154725,NM_016239.4:c.8194G>T,NP_057323.3:p.Asp2732Tyr,0.554,33,['Unknown%20significance'],87.79,0.54,0.0,-0.2,0.2
MYO15A,17,18154729,NM_016239.4:c.8198A>C,NP_057323.3:p.Glu2733Ala,0.907,28.2,['Pathogenic'],14.78,0.07,0.0,1.2,1.2
MYO15A,17,18154730,NM_016239.4:c.8199G>C,NP_057323.3:p.Glu2733Asp,0.546,24.4,['Unknown%20significance'],14.78,0.07,0.0,0.3,0.3
MYO15A,17,18154730,NM_016239.4:c.8199G>T,NP_057323.3:p.Glu2733Asp,0.546,25.8,['Unknown%20significance'],14.78,0.07,0.0,0.3,0.3
MYO15A,17,18154731,NM_016239.4:c.8200A>G,NP_057323.3:p.Arg2734Gly,0.615,25.4,['Unknown%20significance'],12.99,0.04,0.0,2.8,2.8
MYO15A,17,18154731,NM_016239.4:c.8200A>T,NP_057323.3:p.Arg2734Trp,0.570,24.8,['Unknown%20significance'],12.99,0.04,0.0,0.3,0.3
MYO15A,17,18154732,NM_016239.4:c.8201G>A,NP_057323.3:p.Arg2734Lys,0.612,24.9,['Unknown%20significance'],12.99,0.04,0.0,1.1,1.1
MYO15A,17,18154734,NM_016239.4:c.8203C>G,NP_057323.3:p.Leu2735Val,0.263,23.7,['Unknown%20significance'],117.21,0.6,0.0,0.1,0.1
MYO15A,17,18154735,NM_016239.4:c.8204T>C,NP_057323.3:p.Leu2735Pro,0.638,23.5,['Unknown%20significance'],117.21,0.6,0.0,0.6,0.6
MYO15A,17,18154741,NM_016239.4:c.8210T>A,NP_057323.3:p.Met2737Lys,0.906,25.4,['Unknown%20significance'],0.0,0.0,0.0,3.4,3.4
MYO15A,17,18154741,NM_016239.4:c.8210T>C,NP_057323.3:p.Met2737Thr,0.885,24.8,['Unknown%20significance'],0.0,0.0,0.0,2.1,2.1
MYO15A,17,18154746,NM_016239.4:c.8215G>C,NP_057323.3:p.Ala2739Pro,0.600,23.4,['Unknown%20significance'],52.52,0.41,0.0,0.5,0.5
MYO15A,17,18154746,NM_016239.4:c.8215G>T,NP_057323.3:p.Ala2739Ser,0.221,17.15,['Unknown%20significance'],52.52,0.41,0.0,0.5,0.5
MYO15A,17,18154750,NM_016239.4:c.8219T>C,NP_057323.3:p.Leu2740Ser,0.849,25.5,['Unknown%20significance'],23.89,0.12,0.0,3.1,3.1
MYO15A,17,18154751,NM_016239.4:c.8220G>T,NP_057323.3:p.Leu2740Phe,0.508,19.57,['Unknown%20significance'],23.89,0.12,0.0,0.6,0.6
MYO15A,17,18154753,NM_016239.4:c.8222T>C,NP_057323.3:p.Phe2741Ser,0.912,26.8,['Pathogenic'],5.56,0.02,0.0,3.7,3.7
MYO15A,17,18155110,NM_016239.4:c.8225C>T,NP_057323.3:p.Ala2742Val,0.630,23.0,['Unknown%20significance'],69.73,0.54,0.0,-0.3,0.3
MYO15A,17,18155116,NM_016239.4:c.8231A>C,NP_057323.3:p.Asn2744Thr,0.455,23.1,['Unknown%20significance'],62.18,0.38,0.0,-0.2,0.2
MYO15A,17,18155117,NM_016239.4:c.8232C>A,NP_057323.3:p.Asn2744Lys,0.400,22.5,['Unknown%20significance'],62.18,0.38,0.0,0.2,0.2
MYO15A,17,18155117,NM_016239.4:c.8232C>G,NP_057323.3:p.Asn2744Lys,0.400,22.6,['Unknown%20significance'],62.18,0.38,0.0,0.2,0.2
MYO15A,17,18155118,NM_016239.4:c.8233C>A,NP_057323.3:p.Gln2745Lys,0.226,16.09,['Unknown%20significance'],82.23,0.41,0.0,0.3,0.3
MYO15A,17,18155119,NM_016239.4:c.8234A>C,NP_057323.3:p.Gln2745Pro,0.617,23.1,['Unknown%20significance'],82.23,0.41,0.0,0.4,0.4
MYO15A,17,18155120,NM_016239.4:c.8235G>T,NP_057323.3:p.Gln2745His,0.303,22.0,['Unknown%20significance'],82.23,0.41,0.0,-0.2,0.2
MYO15A,17,18155122,NM_016239.4:c.8237T>A,NP_057323.3:p.Leu2746Gln,0.778,24.7,['Unknown%20significance'],33.01,0.17,0.0,1.4,1.4
MYO15A,17,18155122,NM_016239.4:c.8237T>C,NP_057323.3:p.Leu2746Pro,0.861,27.6,['Unknown%20significance'],33.01,0.17,0.0,1.8,1.8
MYO15A,17,18155124,NM_016239.4:c.8239G>A,NP_057323.3:p.Asp2747Asn,0.432,25.0,['Unknown%20significance'],59.95,0.37,0.0,-0.2,0.2
MYO15A,17,18155124,NM_016239.4:c.8239G>T,NP_057323.3:p.Asp2747Tyr,0.722,28.4,['Unknown%20significance'],59.95,0.37,0.0,-0.9,0.9
MYO15A,17,18155125,NM_016239.4:c.8240A>T,NP_057323.3:p.Asp2747Val,0.838,27.4,['Unknown%20significance'],59.95,0.37,0.0,-0.5,0.5
MYO15A,17,18155127,NM_016239.4:c.8242A>G,NP_057323.3:p.Thr2748Ala,0.190,13.25,['Unknown%20significance'],77.92,0.49,0.0,0.2,0.2
MYO15A,17,18155128,NM_016239.4:c.8243C>T,NP_057323.3:p.Thr2748Ile,0.192,15.41,['Unknown%20significance'],77.92,0.49,0.0,-0.3,0.3
MYO15A,17,18155134,NM_016239.4:c.8249A>G,NP_057323.3:p.Lys2750Arg,0.169,8.430,['Unknown%20significance'],168.41,0.71,0.0,-0.3,0.3
MYO15A,17,18155135,NM_016239.4:c.8250G>C,NP_057323.3:p.Lys2750Asn,0.146,9.717,['Unknown%20significance'],168.41,0.71,0.0,-0.1,0.1
MYO15A,17,18155136,NM_016239.4:c.8251C>T,NP_057323.3:p.Pro2751Ser,0.348,16.19,['Unknown%20significance'],37.71,0.23,0.0,-0.1,0.1
MYO15A,17,18155137,NM_016239.4:c.8252C>T,NP_057323.3:p.Pro2751Leu,0.203,16.23,['Unknown%20significance'],37.71,0.23,0.0,-1.0,1.0
MYO15A,17,18155139,NM_016239.4:c.8254C>G,NP_057323.3:p.Leu2752Val,0.145,9.963,['Unknown%20significance'],166.99,0.86,0.0,0.0,0.0
MYO15A,17,18155142,NM_016239.4:c.8257G>A,NP_057323.3:p.Val2753Ile,0.265,16.32,['Unknown%20significance'],10.5,0.06,0.0,-0.1,0.1
MYO15A,17,18155143,NM_016239.4:c.8258T>C,NP_057323.3:p.Val2753Ala,0.213,14.27,['Unknown%20significance'],10.5,0.06,0.0,0.9,0.9
MYO15A,17,18155146,NM_016239.4:c.8261C>A,NP_057323.3:p.Thr2754Lys,0.305,14.60,['Unknown%20significance'],100.35,0.63,0.0,0.3,0.3
MYO15A,17,18155146,NM_016239.4:c.8261C>T,NP_057323.3:p.Thr2754Met,0.247,19.93,['Unknown%20significance'],100.35,0.63,0.0,-0.1,0.1
MYO15A,17,18155148,NM_016239.4:c.8263G>A,NP_057323.3:p.Glu2755Lys,0.589,24.4,['Unknown%20significance'],92.38,0.47,0.0,0.3,0.3
MYO15A,17,18155153,NM_016239.4:c.8268C>A,NP_057323.3:p.Ser2756Arg,0.378,0.074,['Unknown%20significance'],86.47,0.62,0.0,-0.1,0.1
MYO15A,17,18155154,NM_016239.4:c.8269G>A,NP_057323.3:p.Val2757Met,0.276,11.37,['Benign'],21.02,0.12,0.0,0.9,0.9
MYO15A,17,18155160,NM_016239.4:c.8275C>T,NP_057323.3:p.Arg2759Trp,0.648,24.0,['Unknown%20significance'],74.51,0.27,0.0,-0.4,0.4
MYO15A,17,18155161,NM_016239.4:c.8276G>A,NP_057323.3:p.Arg2759Gln,0.411,22.0,['Likely%20benign'],74.51,0.27,0.0,0.2,0.2
MYO15A,17,18155163,NM_016239.4:c.8278G>A,NP_057323.3:p.Ala2760Thr,0.334,18.82,['Unknown%20significance'],37.7,0.29,0.0,0.0,0.0
MYO15A,17,18155164,NM_016239.4:c.8279C>A,NP_057323.3:p.Ala2760Asp,0.429,17.08,['Unknown%20significance'],37.7,0.29,0.0,0.6,0.6
MYO15A,17,18155166,NM_016239.4:c.8281G>A,NP_057323.3:p.Val2761Met,0.572,24.1,['Unknown%20significance'],0.0,0.0,0.0,1.4,1.4
MYO15A,17,18155176,NM_016239.4:c.8291C>T,NP_057323.3:p.Thr2764Ile,0.119,5.304,['Unknown%20significance'],19.08,0.12,0.0,-1.3,1.3
MYO15A,17,18155178,NM_016239.4:c.8293G>A,NP_057323.3:p.Ala2765Thr,0.879,25.1,['Unknown%20significance'],0.0,0.0,0.0,1.1,1.1
MYO15A,17,18155178,NM_016239.4:c.8293G>C,NP_057323.3:p.Ala2765Pro,0.917,25.2,['Unknown%20significance'],0.0,0.0,0.0,1.8,1.8
MYO15A,17,18155181,NM_016239.4:c.8296C>G,NP_057323.3:p.Arg2766Gly,0.829,24.6,['Unknown%20significance'],23.13,0.08,0.0,2.6,2.6
MYO15A,17,18155182,NM_016239.4:c.8297G>A,NP_057323.3:p.Arg2766Gln,0.679,25.3,['Unknown%20significance'],23.13,0.08,0.0,0.8,0.8
MYO15A,17,18155184,NM_016239.4:c.8299G>A,NP_057323.3:p.Asp2767Asn,0.527,26.0,['Unknown%20significance'],97.24,0.6,0.0,0.0,0.0
MYO15A,17,18155185,NM_016239.4:c.8300A>G,NP_057323.3:p.Asp2767Gly,0.776,25.8,['Unknown%20significance'],97.24,0.6,0.0,0.4,0.4
MYO15A,17,18155186,NM_016239.4:c.8301C>A,NP_057323.3:p.Asp2767Glu,0.414,17.89,['Unknown%20significance'],97.24,0.6,0.0,-0.1,0.1
MYO15A,17,18155187,NM_016239.4:c.8302A>G,NP_057323.3:p.Thr2768Ala,0.134,15.65,['Unknown%20significance'],95.7,0.6,0.0,0.2,0.2
MYO15A,17,18155188,NM_016239.4:c.8303C>G,NP_057323.3:p.Thr2768Ser,0.219,1.719,['Unknown%20significance'],95.7,0.6,0.0,0.1,0.1
MYO15A,17,18155190,NM_016239.4:c.8305T>A,NP_057323.3:p.Trp2769Arg,0.880,26.2,['Unknown%20significance'],0.46,0.0,0.0,4.4,4.4
MYO15A,17,18155193,NM_016239.4:c.8308G>A,NP_057323.3:p.Glu2770Lys,0.737,26.2,['Unknown%20significance'],80.95,0.41,0.0,0.1,0.1
MYO15A,17,18155193,NM_016239.4:c.8308G>C,NP_057323.3:p.Glu2770Gln,0.688,25.4,['Unknown%20significance'],80.95,0.41,0.0,-0.2,0.2
MYO15A,17,18155196,NM_016239.4:c.8311G>A,NP_057323.3:p.Val2771Ile,0.177,6.978,['Unknown%20significance'],0.02,0.0,0.0,-0.4,0.4
MYO15A,17,18155196,NM_016239.4:c.8311G>T,NP_057323.3:p.Val2771Phe,0.347,16.17,['Unknown%20significance'],0.02,0.0,0.0,-0.4,0.4
MYO15A,17,18155200,NM_016239.4:c.8315A>C,NP_057323.3:p.Tyr2772Ser,0.982,27.6,['Unknown%20significance'],0.0,0.0,0.0,4.5,4.5
MYO15A,17,18155200,NM_016239.4:c.8315A>G,NP_057323.3:p.Tyr2772Cys,0.963,31,['Unknown%20significance'],0.0,0.0,0.0,3.3,3.3
MYO15A,17,18155206,NM_016239.4:c.8321C>T,NP_057323.3:p.Ser2774Phe,0.895,26.2,['Unknown%20significance'],0.0,0.0,0.0,-1.3,1.3
MYO15A,17,18155208,NM_016239.4:c.8323C>T,NP_057323.3:p.Arg2775Cys,0.930,28.8,['Likely%20pathogenic'],2.8,0.01,0.0,0.9,0.9
MYO15A,17,18155209,NM_016239.4:c.8324G>A,NP_057323.3:p.Arg2775His,0.964,31,['Likely%20pathogenic'],2.8,0.01,0.0,0.7,0.7
MYO15A,17,18155209,NM_016239.4:c.8324G>C,NP_057323.3:p.Arg2775Pro,0.969,32,['Unknown%20significance'],2.8,0.01,0.0,2.1,2.1
MYO15A,17,18155209,NM_016239.4:c.8324G>T,NP_057323.3:p.Arg2775Leu,0.962,31,['Pathogenic'],2.8,0.01,0.0,-0.5,0.5
MYO15A,17,18155211,NM_016239.4:c.8326A>G,NP_057323.3:p.Ile2776Val,0.337,21.8,['Unknown%20significance'],5.86,0.02,0.0,0.5,0.5
MYO15A,17,18155214,NM_016239.4:c.8329T>C,NP_057323.3:p.Phe2777Leu,0.954,28.1,['Unknown%20significance'],0.59,0.0,0.0,1.6,1.6
MYO15A,17,18155215,NM_016239.4:c.8330T>A,NP_057323.3:p.Phe2777Tyr,0.845,26.5,['Unknown%20significance'],0.59,0.0,0.0,0.8,0.8
MYO15A,17,18155215,NM_016239.4:c.8330T>C,NP_057323.3:p.Phe2777Ser,0.972,29.7,['Unknown%20significance'],0.59,0.0,0.0,4.9,4.9
MYO15A,17,18155216,NM_016239.4:c.8331C>G,NP_057323.3:p.Phe2777Leu,0.913,24.2,['Unknown%20significance'],0.59,0.0,0.0,1.6,1.6
MYO15A,17,18155217,NM_016239.4:c.8332C>A,NP_057323.3:p.Pro2778Thr,0.786,24.4,['Unknown%20significance'],21.15,0.13,0.0,0.2,0.2
MYO15A,17,18155218,NM_016239.4:c.8333C>T,NP_057323.3:p.Pro2778Leu,0.758,25.3,['Unknown%20significance'],21.15,0.13,0.0,-1.0,1.0
MYO15A,17,18155220,NM_016239.4:c.8335G>A,NP_057323.3:p.Ala2779Thr,0.692,26.7,['Unknown%20significance'],0.0,0.0,0.0,0.1,0.1
MYO15A,17,18155223,NM_016239.4:c.8338A>C,NP_057323.3:p.Thr2780Pro,0.516,24.6,['Unknown%20significance'],75.79,0.48,0.0,0.6,0.6
MYO15A,17,18155223,NM_016239.4:c.8338A>G,NP_057323.3:p.Thr2780Ala,0.271,22.0,['Unknown%20significance'],75.79,0.48,0.0,0.2,0.2
MYO15A,17,18155224,NM_016239.4:c.8339C>G,NP_057323.3:p.Thr2780Arg,0.537,23.8,['Unknown%20significance'],75.79,0.48,0.0,0.1,0.1
MYO15A,17,18155224,NM_016239.4:c.8339C>T,NP_057323.3:p.Thr2780Met,0.319,18.68,['Benign'],75.79,0.48,0.0,-0.1,0.1
MYO15A,17,18155314,NM_016239.4:c.8341G>C,NP_057323.3:p.Gly2781Arg,0.785,33,['Likely%20pathogenic'],8.63,0.09,0.0,-0.6,0.6
MYO15A,17,18155317,NM_016239.4:c.8344A>G,NP_057323.3:p.Ser2782Gly,0.646,24.7,['Unknown%20significance'],34.07,0.24,0.0,0.7,0.7
MYO15A,17,18155318,NM_016239.4:c.8345G>A,NP_057323.3:p.Ser2782Asn,0.491,26.7,['Unknown%20significance'],34.07,0.24,0.0,0.1,0.1
MYO15A,17,18155320,NM_016239.4:c.8347G>A,NP_057323.3:p.Val2783Met,0.496,27.3,['Unknown%20significance'],152.89,0.88,0.0,-0.0,0.0
MYO15A,17,18155320,NM_016239.4:c.8347G>T,NP_057323.3:p.Val2783Leu,0.467,26.2,['Unknown%20significance'],152.89,0.88,0.0,-0.0,0.0
MYO15A,17,18155323,NM_016239.4:c.8350G>A,NP_057323.3:p.Gly2784Ser,0.875,27.9,['Unknown%20significance'],62.27,0.65,0.0,-0.0,0.0
MYO15A,17,18155324,NM_016239.4:c.8351G>A,NP_057323.3:p.Gly2784Asp,0.892,28.2,['Unknown%20significance'],62.27,0.65,0.0,0.1,0.1
MYO15A,17,18155324,NM_016239.4:c.8351G>T,NP_057323.3:p.Gly2784Val,0.918,27.2,['Unknown%20significance'],62.27,0.65,0.0,-0.0,0.0
MYO15A,17,18155327,NM_016239.4:c.8354C>G,NP_057323.3:p.Thr2785Ser,0.469,23.5,['Unknown%20significance'],73.71,0.46,0.0,0.2,0.2
MYO15A,17,18155329,NM_016239.4:c.8356G>A,NP_057323.3:p.Gly2786Ser,0.632,31,['Unknown%20significance'],34.51,0.36,0.0,-0.4,0.4
MYO15A,17,18155330,NM_016239.4:c.8357G>A,NP_057323.3:p.Gly2786Asp,0.669,24.6,['Unknown%20significance'],34.51,0.36,0.0,-0.4,0.4
MYO15A,17,18155330,NM_016239.4:c.8357G>C,NP_057323.3:p.Gly2786Ala,0.629,26.6,['Unknown%20significance'],34.51,0.36,0.0,-0.4,0.4
MYO15A,17,18155332,NM_016239.4:c.8359G>A,NP_057323.3:p.Val2787Met,0.703,28.0,['Unknown%20significance'],5.6,0.03,0.0,0.7,0.7
MYO15A,17,18155332,NM_016239.4:c.8359G>T,NP_057323.3:p.Val2787Leu,0.608,26.1,['Unknown%20significance'],5.6,0.03,0.0,0.2,0.2
MYO15A,17,18155344,NM_016239.4:c.8371G>A,NP_057323.3:p.Ala2791Thr,0.712,26.8,['Unknown%20significance'],0.0,0.0,0.0,1.3,1.3
MYO15A,17,18155344,NM_016239.4:c.8371G>T,NP_057323.3:p.Ala2791Ser,0.467,22.6,['Unknown%20significance'],0.0,0.0,0.0,1.9,1.9
MYO15A,17,18155348,NM_016239.4:c.8375T>C,NP_057323.3:p.Val2792Ala,0.967,27.0,['Pathogenic'],0.0,0.0,0.0,3.6,3.6
MYO15A,17,18155350,NM_016239.4:c.8377T>C,NP_057323.3:p.Ser2793Pro,0.898,24.8,['Unknown%20significance'],0.0,0.0,0.0,0.6,0.6
MYO15A,17,18155351,NM_016239.4:c.8378C>A,NP_057323.3:p.Ser2793Tyr,0.880,25.1,['Unknown%20significance'],0.0,0.0,0.0,-1.6,1.6
MYO15A,17,18155351,NM_016239.4:c.8378C>T,NP_057323.3:p.Ser2793Phe,0.896,25.7,['Unknown%20significance'],0.0,0.0,0.0,-1.2,1.2
MYO15A,17,18155353,NM_016239.4:c.8380C>G,NP_057323.3:p.His2794Asp,0.803,23.3,['Unknown%20significance'],13.56,0.06,0.0,1.9,1.9
MYO15A,17,18155355,NM_016239.4:c.8382C>A,NP_057323.3:p.His2794Gln,0.677,22.5,['Unknown%20significance'],13.56,0.06,0.0,0.9,0.9
MYO15A,17,18155356,NM_016239.4:c.8383G>A,NP_057323.3:p.Val2795Met,0.112,11.01,['Likely%20benign'],44.07,0.25,0.0,-0.0,0.0
MYO15A,17,18155356,NM_016239.4:c.8383G>T,NP_057323.3:p.Val2795Leu,0.139,9.977,['Unknown%20significance'],44.07,0.25,0.0,-0.1,0.1
MYO15A,17,18155359,NM_016239.4:c.8386G>A,NP_057323.3:p.Gly2796Ser,0.949,28.3,['Unknown%20significance'],0.0,0.0,0.0,1.1,1.1
MYO15A,17,18155360,NM_016239.4:c.8387G>A,NP_057323.3:p.Gly2796Asp,0.966,27.1,['Unknown%20significance'],0.0,0.0,0.0,1.6,1.6
MYO15A,17,18155362,NM_016239.4:c.8389A>G,NP_057323.3:p.Ile2797Val,0.301,18.11,['Unknown%20significance'],0.01,0.0,0.0,0.5,0.5
MYO15A,17,18155363,NM_016239.4:c.8390T>C,NP_057323.3:p.Ile2797Thr,0.879,25.7,['Unknown%20significance'],0.01,0.0,0.0,3.5,3.5
MYO15A,17,18155367,NM_016239.4:c.8394A>C,NP_057323.3:p.Lys2798Asn,0.579,18.49,['Unknown%20significance'],6.41,0.02,0.0,0.2,0.2
MYO15A,17,18155369,NM_016239.4:c.8396T>A,NP_057323.3:p.Leu2799His,0.978,26.5,['Pathogenic'],5.4,0.02,0.0,3.9,3.9
MYO15A,17,18155369,NM_016239.4:c.8396T>G,NP_057323.3:p.Leu2799Arg,0.966,26.8,['Unknown%20significance'],5.4,0.02,0.0,3.8,3.8
MYO15A,17,18155375,NM_016239.4:c.8402G>A,NP_057323.3:p.Arg2801Lys,0.148,11.79,['Unknown%20significance'],27.18,0.1,0.0,0.9,0.9
MYO15A,17,18155376,NM_016239.4:c.8403G>C,NP_057323.3:p.Arg2801Ser,0.327,20.2,['Unknown%20significance'],27.18,0.1,0.0,1.2,1.2
MYO15A,17,18155376,NM_016239.4:c.8403G>T,NP_057323.3:p.Arg2801Ser,0.330,20.8,['Unknown%20significance'],27.18,0.1,0.0,1.2,1.2
MYO15A,17,18155377,NM_016239.4:c.8404A>G,NP_057323.3:p.Met2802Val,0.127,16.22,['Unknown%20significance'],31.63,0.14,0.0,-0.1,0.1
MYO15A,17,18155378,NM_016239.4:c.8405T>C,NP_057323.3:p.Met2802Thr,0.345,20.7,['Unknown%20significance'],31.63,0.14,0.0,0.8,0.8
MYO15A,17,18155379,NM_016239.4:c.8406G>A,NP_057323.3:p.Met2802Ile,0.361,22.5,['Unknown%20significance'],31.63,0.14,0.0,-0.3,0.3
MYO15A,17,18155381,NM_016239.4:c.8408T>A,NP_057323.3:p.Val2803Asp,0.617,16.68,['Unknown%20significance'],21.13,0.12,0.0,0.7,0.7
MYO15A,17,18155381,NM_016239.4:c.8408T>C,NP_057323.3:p.Val2803Ala,0.180,9.908,['Unknown%20significance'],21.13,0.12,0.0,0.8,0.8
MYO15A,17,18155384,NM_016239.4:c.8411A>G,NP_057323.3:p.Lys2804Arg,0.131,16.66,['Unknown%20significance'],132.25,0.55,0.0,-0.4,0.4
MYO15A,17,18155386,NM_016239.4:c.8413G>A,NP_057323.3:p.Gly2805Ser,0.256,13.54,['Unknown%20significance'],21.09,0.22,0.0,-0.4,0.4
MYO15A,17,18155386,NM_016239.4:c.8413G>C,NP_057323.3:p.Gly2805Arg,0.353,19.96,['Unknown%20significance'],21.09,0.22,0.0,-0.5,0.5
MYO15A,17,18155389,NM_016239.4:c.8416G>C,NP_057323.3:p.Gly2806Arg,0.205,17.84,['Unknown%20significance'],60.64,0.63,0.0,-0.4,0.4
MYO15A,17,18155389,NM_016239.4:c.8416G>T,NP_057323.3:p.Gly2806Cys,0.312,19.22,['Unknown%20significance'],60.64,0.63,0.0,-0.2,0.2
MYO15A,17,18155390,NM_016239.4:c.8417G>A,NP_057323.3:p.Gly2806Asp,0.252,16.74,['Unknown%20significance'],60.64,0.63,0.0,-0.2,0.2
MYO15A,17,18155390,NM_016239.4:c.8417G>T,NP_057323.3:p.Gly2806Val,0.209,16.55,['Unknown%20significance'],60.64,0.63,0.0,-0.4,0.4
MYO15A,17,18155393,NM_016239.4:c.8420A>G,NP_057323.3:p.Gln2807Arg,0.235,2.800,['Unknown%20significance'],206.2,1.0,0.0,-0.0,0.0
MYO15A,17,18155398,NM_016239.4:c.8425G>A,NP_057323.3:p.Ala2809Thr,0.186,16.41,['Unknown%20significance'],23.55,0.18,0.0,-0.4,0.4
MYO15A,17,18155399,NM_016239.4:c.8426C>A,NP_057323.3:p.Ala2809Asp,0.441,18.18,['Unknown%20significance'],23.55,0.18,0.0,0.4,0.4
MYO15A,17,18155399,NM_016239.4:c.8426C>T,NP_057323.3:p.Ala2809Val,0.384,18.65,['Unknown%20significance'],23.55,0.18,0.0,-0.8,0.8
MYO15A,17,18155401,NM_016239.4:c.8428G>A,NP_057323.3:p.Gly2810Ser,0.155,0.031,['Unknown%20significance'],13.97,0.14,0.0,-0.6,0.6
MYO15A,17,18155404,NM_016239.4:c.8431G>A,NP_057323.3:p.Gly2811Arg,0.118,7.424,['Unknown%20significance'],5.79,0.06,0.0,-1.5,1.5
MYO15A,17,18155404,NM_016239.4:c.8431G>C,NP_057323.3:p.Gly2811Arg,0.113,7.061,['Unknown%20significance'],5.79,0.06,0.0,-1.5,1.5
MYO15A,17,18155404,NM_016239.4:c.8431G>T,NP_057323.3:p.Gly2811Trp,0.481,19.97,['Unknown%20significance'],5.79,0.06,0.0,-1.6,1.6
MYO15A,17,18155408,NM_016239.4:c.8435A>C,NP_057323.3:p.Gln2812Pro,0.276,21.7,['Unknown%20significance'],31.86,0.16,0.0,1.1,1.1
MYO15A,17,18155409,NM_016239.4:c.8436G>T,NP_057323.3:p.Gln2812His,0.220,18.22,['Unknown%20significance'],31.86,0.16,0.0,-0.3,0.3
MYO15A,17,18155410,NM_016239.4:c.8437C>G,NP_057323.3:p.Leu2813Val,0.485,28.5,['Unknown%20significance'],1.73,0.0,0.0,0.8,0.8
MYO15A,17,18155413,NM_016239.4:c.8440C>T,NP_057323.3:p.Arg2814Trp,0.550,29.4,['Unknown%20significance'],77.97,0.28,0.0,-0.3,0.3
MYO15A,17,18155414,NM_016239.4:c.8441G>A,NP_057323.3:p.Arg2814Gln,0.150,15.49,['Likely%20benign'],77.97,0.28,0.0,0.3,0.3
MYO15A,17,18155414,NM_016239.4:c.8441G>T,NP_057323.3:p.Arg2814Leu,0.619,19.87,['Unknown%20significance'],77.97,0.28,0.0,-0.3,0.3
MYO15A,17,18155416,NM_016239.4:c.8443G>A,NP_057323.3:p.Val2815Ile,0.413,23.7,['Unknown%20significance'],46.21,0.26,0.0,0.1,0.1
MYO15A,17,18155417,NM_016239.4:c.8444T>C,NP_057323.3:p.Val2815Ala,0.857,27.6,['Unknown%20significance'],46.21,0.26,0.0,1.8,1.8
MYO15A,17,18155417,NM_016239.4:c.8444T>G,NP_057323.3:p.Val2815Gly,0.907,28.7,['Unknown%20significance'],46.21,0.26,0.0,3.0,3.0
MYO15A,17,18155422,NM_016239.4:c.8449C>A,NP_057323.3:p.Arg2817Ser,0.629,24.2,['Unknown%20significance'],114.52,0.42,0.0,0.8,0.8
MYO15A,17,18155422,NM_016239.4:c.8449C>T,NP_057323.3:p.Arg2817Cys,0.210,22.6,['Unknown%20significance'],114.52,0.42,0.0,-0.1,0.1
MYO15A,17,18155423,NM_016239.4:c.8450G>A,NP_057323.3:p.Arg2817His,0.274,22.9,['Pathogenic'],114.52,0.42,0.0,0.1,0.1
MYO15A,17,18155423,NM_016239.4:c.8450G>C,NP_057323.3:p.Arg2817Pro,0.772,27.0,['Pathogenic'],114.52,0.42,0.0,0.7,0.7
MYO15A,17,18155423,NM_016239.4:c.8450G>T,NP_057323.3:p.Arg2817Leu,0.577,26.1,['Unknown%20significance'],114.52,0.42,0.0,-1.2,1.2
MYO15A,17,18155426,NM_016239.4:c.8453C>A,NP_057323.3:p.Ala2818Glu,0.132,16.90,['Unknown%20significance'],36.47,0.28,0.0,0.3,0.3
MYO15A,17,18155426,NM_016239.4:c.8453C>T,NP_057323.3:p.Ala2818Val,0.128,17.21,['Unknown%20significance'],36.47,0.28,0.0,-0.5,0.5
MYO15A,17,18155431,NM_016239.4:c.8458A>C,NP_057323.3:p.Ser2820Arg,0.904,34,['Likely%20pathogenic'],2.3,0.01,0.0,-0.5,0.5
MYO15A,17,18155432,NM_016239.4:c.8459G>C,NP_057323.3:p.Ser2820Thr,0.651,35,['Pathogenic'],2.3,0.01,0.0,-0.2,0.2
MYO15A,17,18156198,NM_016239.4:c.8463T>G,NP_057323.3:p.Phe2821Leu,0.520,22.4,['Unknown%20significance'],5.32,0.02,0.0,1.8,1.8
MYO15A,17,18156199,NM_016239.4:c.8464G>A,NP_057323.3:p.Ala2822Thr,0.225,22.1,['Unknown%20significance'],9.72,0.07,0.0,0.1,0.1
MYO15A,17,18156202,NM_016239.4:c.8467G>A,NP_057323.3:p.Asp2823Asn,0.761,32,['Likely%20pathogenic'],50.68,0.31,0.0,0.0,0.0
MYO15A,17,18156203,NM_016239.4:c.8468A>G,NP_057323.3:p.Asp2823Gly,0.936,31,['Unknown%20significance'],50.68,0.31,0.0,0.7,0.7
MYO15A,17,18156206,NM_016239.4:c.8471T>C,NP_057323.3:p.Ile2824Thr,0.895,28.5,['Unknown%20significance'],4.69,0.02,0.0,2.9,2.9
MYO15A,17,18156209,NM_016239.4:c.8474T>C,NP_057323.3:p.Leu2825Pro,0.913,29.4,['Unknown%20significance'],64.11,0.33,0.0,1.4,1.4
MYO15A,17,18156218,NM_016239.4:c.8483C>T,NP_057323.3:p.Thr2828Ile,0.592,23.7,['Unknown%20significance'],56.53,0.35,0.0,-0.5,0.5
MYO15A,17,18156220,NM_016239.4:c.8485A>G,NP_057323.3:p.Met2829Val,0.250,17.76,['Unknown%20significance'],62.46,0.28,0.0,-0.2,0.2
MYO15A,17,18156221,NM_016239.4:c.8486T>A,NP_057323.3:p.Met2829Lys,0.350,23.4,['Unknown%20significance'],62.46,0.28,0.0,1.4,1.4
MYO15A,17,18156221,NM_016239.4:c.8486T>C,NP_057323.3:p.Met2829Thr,0.295,20.6,['Unknown%20significance'],62.46,0.28,0.0,0.5,0.5
MYO15A,17,18156222,NM_016239.4:c.8487G>A,NP_057323.3:p.Met2829Ile,0.194,14.34,['Unknown%20significance'],62.46,0.28,0.0,-0.3,0.3
MYO15A,17,18156222,NM_016239.4:c.8487G>C,NP_057323.3:p.Met2829Ile,0.194,14.33,['Unknown%20significance'],62.46,0.28,0.0,-0.3,0.3
MYO15A,17,18156223,NM_016239.4:c.8488C>A,NP_057323.3:p.Pro2830Thr,0.644,25.0,['Unknown%20significance'],77.97,0.49,0.0,-0.0,0.0
MYO15A,17,18156223,NM_016239.4:c.8488C>T,NP_057323.3:p.Pro2830Ser,0.671,25.9,['Unknown%20significance'],77.97,0.49,0.0,0.1,0.1
MYO15A,17,18156227,NM_016239.4:c.8492C>T,NP_057323.3:p.Ser2831Phe,0.721,27.2,['Unknown%20significance'],61.4,0.44,0.0,-0.2,0.2
MYO15A,17,18156229,NM_016239.4:c.8494C>A,NP_057323.3:p.Gln2832Lys,0.301,17.10,['Unknown%20significance'],157.27,0.79,0.0,0.2,0.2
MYO15A,17,18156229,NM_016239.4:c.8494C>G,NP_057323.3:p.Gln2832Glu,0.245,18.01,['Unknown%20significance'],157.27,0.79,0.0,0.1,0.1
MYO15A,17,18156231,NM_016239.4:c.8496G>T,NP_057323.3:p.Gln2832His,0.249,22.4,['Unknown%20significance'],157.27,0.79,0.0,-0.0,0.0
MYO15A,17,18156234,NM_016239.4:c.8499C>A,NP_057323.3:p.Asn2833Lys,0.512,21.9,['Unknown%20significance'],77.17,0.48,0.0,0.4,0.4
MYO15A,17,18156235,NM_016239.4:c.8500A>G,NP_057323.3:p.Met2834Val,0.728,24.8,['Unknown%20significance'],55.12,0.25,0.0,0.1,0.1
MYO15A,17,18156236,NM_016239.4:c.8501T>C,NP_057323.3:p.Met2834Thr,0.421,22.5,['Unknown%20significance'],55.12,0.25,0.0,0.6,0.6
MYO15A,17,18156239,NM_016239.4:c.8504T>C,NP_057323.3:p.Leu2835Pro,0.961,29.5,['Unknown%20significance'],0.0,0.0,0.0,4.2,4.2
MYO15A,17,18156241,NM_016239.4:c.8506G>C,NP_057323.3:p.Glu2836Gln,0.596,25.1,['Unknown%20significance'],35.0,0.17,0.0,-0.5,0.5
MYO15A,17,18156242,NM_016239.4:c.8507A>G,NP_057323.3:p.Glu2836Gly,0.866,33,['Unknown%20significance'],35.0,0.17,0.0,0.7,0.7
MYO15A,17,18156245,NM_016239.4:c.8510T>C,NP_057323.3:p.Phe2837Ser,0.895,31,['Unknown%20significance'],0.0,0.0,0.0,4.0,4.0
MYO15A,17,18156248,NM_016239.4:c.8513A>C,NP_057323.3:p.Asn2838Thr,0.609,24.9,['Unknown%20significance'],7.06,0.04,0.0,-0.9,0.9
MYO15A,17,18156248,NM_016239.4:c.8513A>G,NP_057323.3:p.Asn2838Ser,0.427,23.8,['Unknown%20significance'],7.06,0.04,0.0,-0.1,0.1
MYO15A,17,18156249,NM_016239.4:c.8514C>A,NP_057323.3:p.Asn2838Lys,0.599,24.2,['Unknown%20significance'],7.06,0.04,0.0,0.4,0.4
MYO15A,17,18156250,NM_016239.4:c.8515C>G,NP_057323.3:p.Leu2839Val,0.608,19.20,['Unknown%20significance'],8.71,0.04,0.0,0.8,0.8
MYO15A,17,18156254,NM_016239.4:c.8519C>T,NP_057323.3:p.Ala2840Val,0.175,19.19,['Unknown%20significance'],70.02,0.55,0.0,-0.2,0.2
MYO15A,17,18156256,NM_016239.4:c.8521A>G,NP_057323.3:p.Ser2841Gly,0.297,22.3,['Unknown%20significance'],31.92,0.23,0.0,0.3,0.3
MYO15A,17,18156257,NM_016239.4:c.8522G>A,NP_057323.3:p.Ser2841Asn,0.284,11.47,['Unknown%20significance'],31.92,0.23,0.0,-0.1,0.1
MYO15A,17,18156257,NM_016239.4:c.8522G>C,NP_057323.3:p.Ser2841Thr,0.154,15.03,['Unknown%20significance'],31.92,0.23,0.0,-0.2,0.2
MYO15A,17,18156259,NM_016239.4:c.8524G>A,NP_057323.3:p.Glu2842Lys,0.837,30,['Unknown%20significance'],43.19,0.22,0.0,0.4,0.4
MYO15A,17,18156261,NM_016239.4:c.8526G>T,NP_057323.3:p.Glu2842Asp,0.624,23.4,['Unknown%20significance'],43.19,0.22,0.0,0.2,0.2
MYO15A,17,18156262,NM_016239.4:c.8527A>G,NP_057323.3:p.Lys2843Glu,0.758,27.8,['Unknown%20significance'],121.33,0.51,0.0,0.0,0.0
MYO15A,17,18156263,NM_016239.4:c.8528A>G,NP_057323.3:p.Lys2843Arg,0.680,25.9,['Unknown%20significance'],121.33,0.51,0.0,-0.4,0.4
MYO15A,17,18156264,NM_016239.4:c.8529G>C,NP_057323.3:p.Lys2843Asn,0.571,24.3,['Unknown%20significance'],121.33,0.51,0.0,0.0,0.0
MYO15A,17,18156265,NM_016239.4:c.8530G>A,NP_057323.3:p.Val2844Ile,0.249,22.3,['Unknown%20significance'],19.7,0.11,0.0,-0.4,0.4
MYO15A,17,18156268,NM_016239.4:c.8533A>G,NP_057323.3:p.Ile2845Val,0.458,23.5,['Unknown%20significance'],60.57,0.3,0.0,0.1,0.1
MYO15A,17,18156271,NM_016239.4:c.8536C>T,NP_057323.3:p.Leu2846Phe,0.774,25.7,['Unknown%20significance'],0.37,0.0,0.0,-0.3,0.3
MYO15A,17,18156274,NM_016239.4:c.8539T>G,NP_057323.3:p.Phe2847Val,0.826,28.1,['Unknown%20significance'],94.12,0.4,0.0,0.4,0.4
MYO15A,17,18156275,NM_016239.4:c.8540T>A,NP_057323.3:p.Phe2847Tyr,0.578,25.0,['Unknown%20significance'],94.12,0.4,0.0,-0.1,0.1
MYO15A,17,18156284,NM_016239.4:c.8549G>A,NP_057323.3:p.Arg2850Gln,0.440,27.2,['Unknown%20significance'],36.37,0.13,0.0,0.4,0.4
MYO15A,17,18156284,NM_016239.4:c.8549G>C,NP_057323.3:p.Arg2850Pro,0.772,28.3,['Unknown%20significance'],36.37,0.13,0.0,1.5,1.5
MYO15A,17,18156287,NM_016239.4:c.8552C>T,NP_057323.3:p.Ala2851Val,0.872,25.6,['Pathogenic'],0.0,0.0,0.0,0.3,0.3
MYO15A,17,18156289,NM_016239.4:c.8554C>T,NP_057323.3:p.His2852Tyr,0.211,14.20,['Unknown%20significance'],63.91,0.31,0.0,-0.6,0.6
MYO15A,17,18156294,NM_016239.4:c.8559G>C,NP_057323.3:p.Gln2853His,0.487,23.2,['Likely%20benign'],14.67,0.07,0.0,0.2,0.2
MYO15A,17,18156295,NM_016239.4:c.8560G>A,NP_057323.3:p.Val2854Ile,0.416,23.3,['Unknown%20significance'],0.0,0.0,0.0,-0.9,0.9
MYO15A,17,18156296,NM_016239.4:c.8561T>C,NP_057323.3:p.Val2854Ala,0.859,27.5,['Unknown%20significance'],0.0,0.0,0.0,2.6,2.6
MYO15A,17,18156300,NM_016239.4:c.8565G>C,NP_057323.3:p.Lys2855Asn,0.705,24.4,['Unknown%20significance'],62.98,0.26,0.0,0.3,0.3
MYO15A,17,18156305,NM_016239.4:c.8570T>G,NP_057323.3:p.Leu2857Arg,0.955,27.5,['Unknown%20significance'],16.63,0.08,0.0,2.8,2.8
MYO15A,17,18156310,NM_016239.4:c.8575G>A,NP_057323.3:p.Asp2859Asn,0.615,32,['Unknown%20significance'],26.31,0.16,0.0,-0.4,0.4
MYO15A,17,18156311,NM_016239.4:c.8576A>C,NP_057323.3:p.Asp2859Ala,0.835,27.6,['Unknown%20significance'],26.31,0.16,0.0,-1.0,1.0
MYO15A,17,18156317,NM_016239.4:c.8582T>C,NP_057323.3:p.Phe2861Ser,0.962,29.2,['Pathogenic'],0.31,0.0,0.0,5.5,5.5
MYO15A,17,18156320,NM_016239.4:c.8585T>C,NP_057323.3:p.Ile2862Thr,0.799,25.1,['Unknown%20significance'],4.51,0.02,0.0,2.4,2.4
MYO15A,17,18156325,NM_016239.4:c.8590G>C,NP_057323.3:p.Glu2864Gln,0.756,25.9,['Unknown%20significance'],28.71,0.14,0.0,-0.3,0.3
MYO15A,17,18156329,NM_016239.4:c.8594T>C,NP_057323.3:p.Leu2865Pro,0.923,27.4,['Unknown%20significance'],36.79,0.19,0.0,2.6,2.6
MYO15A,17,18156332,NM_016239.4:c.8597A>G,NP_057323.3:p.Lys2866Arg,0.425,23.0,['Unknown%20significance'],37.86,0.15,0.0,-0.9,0.9
MYO15A,17,18156334,NM_016239.4:c.8599A>G,NP_057323.3:p.Lys2867Glu,0.760,28.9,['Unknown%20significance'],157.79,0.66,0.0,-0.2,0.2
MYO15A,17,18156335,NM_016239.4:c.8600A>T,NP_057323.3:p.Lys2867Met,0.817,33,['Unknown%20significance'],157.79,0.66,0.0,-0.2,0.2
MYO15A,17,18156954,NM_016239.4:c.8602G>C,NP_057323.3:p.Asp2868His,0.388,33,['Unknown%20significance'],148.53,0.92,0.0,0.0,0.0
MYO15A,17,18156955,NM_016239.4:c.8603A>G,NP_057323.3:p.Asp2868Gly,0.322,27.2,['Unknown%20significance'],148.53,0.92,0.0,0.2,0.2
MYO15A,17,18156955,NM_016239.4:c.8603A>T,NP_057323.3:p.Asp2868Val,0.315,26.1,['Unknown%20significance'],148.53,0.92,0.0,0.1,0.1
MYO15A,17,18156958,NM_016239.4:c.8606C>T,NP_057323.3:p.Ser2869Phe,0.396,27.3,['Unknown%20significance'],20.35,0.14,0.0,-0.3,0.3
MYO15A,17,18156963,NM_016239.4:c.8611T>G,NP_057323.3:p.Tyr2871Asp,0.704,29.7,['Unknown%20significance'],36.99,0.15,0.0,4.5,4.5
MYO15A,17,18156964,NM_016239.4:c.8612A>G,NP_057323.3:p.Tyr2871Cys,0.525,28.1,['Unknown%20significance'],36.99,0.15,0.0,2.8,2.8
MYO15A,17,18156966,NM_016239.4:c.8614G>A,NP_057323.3:p.Val2872Met,0.181,25.7,['Unknown%20significance'],0.0,0.0,0.0,1.4,1.4
MYO15A,17,18156966,NM_016239.4:c.8614G>C,NP_057323.3:p.Val2872Leu,0.170,25.4,['Unknown%20significance'],0.0,0.0,0.0,0.7,0.7
MYO15A,17,18156969,NM_016239.4:c.8617G>T,NP_057323.3:p.Val2873Phe,0.360,28.3,['Unknown%20significance'],20.94,0.12,0.0,0.7,0.7
MYO15A,17,18156970,NM_016239.4:c.8618T>A,NP_057323.3:p.Val2873Asp,0.529,27.6,['Unknown%20significance'],20.94,0.12,0.0,4.0,4.0
MYO15A,17,18156972,NM_016239.4:c.8620G>A,NP_057323.3:p.Ala2874Thr,0.279,26.8,['Unknown%20significance'],0.75,0.0,0.0,1.4,1.4
MYO15A,17,18156972,NM_016239.4:c.8620G>T,NP_057323.3:p.Ala2874Ser,0.301,26.3,['Unknown%20significance'],0.75,0.0,0.0,1.8,1.8
MYO15A,17,18156975,NM_016239.4:c.8623G>C,NP_057323.3:p.Val2875Leu,0.278,23.5,['Unknown%20significance'],52.51,0.3,0.0,-0.4,0.4
MYO15A,17,18156975,NM_016239.4:c.8623G>T,NP_057323.3:p.Val2875Leu,0.278,23.8,['Unknown%20significance'],52.51,0.3,0.0,-0.4,0.4
MYO15A,17,18156976,NM_016239.4:c.8624T>C,NP_057323.3:p.Val2875Ala,0.214,25.7,['Unknown%20significance'],52.51,0.3,0.0,1.2,1.2
MYO15A,17,18156979,NM_016239.4:c.8627G>A,NP_057323.3:p.Arg2876Lys,0.116,23.3,['Unknown%20significance'],164.03,0.6,0.0,0.4,0.4
MYO15A,17,18156980,NM_016239.4:c.8628G>T,NP_057323.3:p.Arg2876Ser,0.272,24.9,['Unknown%20significance'],164.03,0.6,0.0,0.5,0.5
MYO15A,17,18156983,NM_016239.4:c.8631C>A,NP_057323.3:p.Asn2877Lys,0.118,23.6,['Unknown%20significance'],24.29,0.15,0.0,0.7,0.7
MYO15A,17,18156984,NM_016239.4:c.8632T>C,NP_057323.3:p.Phe2878Leu,0.101,24.2,['Unknown%20significance'],28.24,0.12,0.0,1.0,1.0
MYO15A,17,18156996,NM_016239.4:c.8644G>A,NP_057323.3:p.Asp2882Asn,0.197,26.3,['Unknown%20significance'],75.37,0.47,0.0,0.1,0.1
MYO15A,17,18156999,NM_016239.4:c.8647C>T,NP_057323.3:p.Pro2883Ser,0.035,15.64,['Unknown%20significance'],146.98,0.93,0.0,-0.0,0.0
MYO15A,17,18157003,NM_016239.4:c.8651C>A,NP_057323.3:p.Ala2884Glu,0.056,14.80,['Unknown%20significance'],71.86,0.56,0.0,0.4,0.4
MYO15A,17,18157003,NM_016239.4:c.8651C>G,NP_057323.3:p.Ala2884Gly,0.071,15.90,['Unknown%20significance'],71.86,0.56,0.0,0.4,0.4
MYO15A,17,18157003,NM_016239.4:c.8651C>T,NP_057323.3:p.Ala2884Val,0.052,20.4,['Unknown%20significance'],71.86,0.56,0.0,-0.2,0.2
MYO15A,17,18157005,NM_016239.4:c.8653C>A,NP_057323.3:p.Leu2885Met,0.142,23.0,['Unknown%20significance'],38.69,0.2,0.0,0.5,0.5
MYO15A,17,18157009,NM_016239.4:c.8657T>C,NP_057323.3:p.Leu2886Pro,0.747,28.7,['Unknown%20significance'],0.15,0.0,0.0,4.7,4.7
MYO15A,17,18157019,NM_016239.4:c.8667C>G,NP_057323.3:p.His2889Gln,0.209,23.8,['Unknown%20significance'],102.97,0.5,0.0,0.1,0.1
MYO15A,17,18157021,NM_016239.4:c.8669A>G,NP_057323.3:p.Lys2890Arg,0.225,25.5,['Unknown%20significance'],83.0,0.35,0.0,-0.7,0.7
MYO15A,17,18157027,NM_016239.4:c.8675A>C,NP_057323.3:p.Asp2892Ala,0.514,29.0,['Unknown%20significance'],13.58,0.08,0.0,0.9,0.9
MYO15A,17,18157029,NM_016239.4:c.8677A>G,NP_057323.3:p.Ile2893Val,0.143,23.7,['Unknown%20significance'],33.91,0.17,0.0,0.5,0.5
MYO15A,17,18157032,NM_016239.4:c.8680A>G,NP_057323.3:p.Ile2894Val,0.172,25.0,['Unknown%20significance'],0.0,0.0,0.0,1.1,1.1
MYO15A,17,18157033,NM_016239.4:c.8681T>C,NP_057323.3:p.Ile2894Thr,0.441,25.5,['Unknown%20significance'],0.0,0.0,0.0,3.9,3.9
MYO15A,17,18157034,NM_016239.4:c.8682A>G,NP_057323.3:p.Ile2894Met,0.373,22.6,['Unknown%20significance'],0.0,0.0,0.0,2.0,2.0
MYO15A,17,18157035,NM_016239.4:c.8683C>T,NP_057323.3:p.His2895Tyr,0.095,24.6,['Unknown%20significance'],62.49,0.3,0.0,-1.0,1.0
MYO15A,17,18157036,NM_016239.4:c.8684A>C,NP_057323.3:p.His2895Pro,0.161,26.1,['Unknown%20significance'],62.49,0.3,0.0,0.6,0.6
MYO15A,17,18157044,NM_016239.4:c.8692C>T,NP_057323.3:p.Pro2898Ser,0.195,16.21,['Unknown%20significance'],100.43,0.63,0.0,0.1,0.1
MYO15A,17,18157045,NM_016239.4:c.8693C>T,NP_057323.3:p.Pro2898Leu,0.335,22.5,['Unknown%20significance'],100.43,0.63,0.0,-0.3,0.3
MYO15A,17,18157048,NM_016239.4:c.8696T>C,NP_057323.3:p.Leu2899Pro,0.572,24.9,['Unknown%20significance'],72.24,0.37,0.0,0.6,0.6
MYO15A,17,18157050,NM_016239.4:c.8698G>A,NP_057323.3:p.Glu2900Lys,0.362,23.1,['Unknown%20significance'],96.2,0.49,0.0,0.0,0.0
MYO15A,17,18157052,NM_016239.4:c.8700G>T,NP_057323.3:p.Glu2900Asp,0.188,15.11,['Unknown%20significance'],96.2,0.49,0.0,0.1,0.1
MYO15A,17,18157053,NM_016239.4:c.8701C>T,NP_057323.3:p.Pro2901Ser,0.257,15.80,['Unknown%20significance'],117.66,0.74,0.0,-0.1,0.1
MYO15A,17,18157054,NM_016239.4:c.8702C>T,NP_057323.3:p.Pro2901Leu,0.342,19.77,['Unknown%20significance'],117.66,0.74,0.0,-0.2,0.2
MYO15A,17,18157056,NM_016239.4:c.8704C>A,NP_057323.3:p.Pro2902Thr,0.115,10.32,['Unknown%20significance'],130.17,0.82,0.0,-0.1,0.1
MYO15A,17,18157056,NM_016239.4:c.8704C>T,NP_057323.3:p.Pro2902Ser,0.117,9.980,['Unknown%20significance'],130.17,0.82,0.0,0.0,0.0
MYO15A,17,18157060,NM_016239.4:c.8708G>A,NP_057323.3:p.Arg2903Gln,0.059,16.89,['Unknown%20significance'],135.26,0.5,0.0,0.2,0.2
MYO15A,17,18157060,NM_016239.4:c.8708G>T,NP_057323.3:p.Arg2903Leu,0.273,19.88,['Unknown%20significance'],135.26,0.5,0.0,0.1,0.1
MYO15A,17,18157062,NM_016239.4:c.8710G>A,NP_057323.3:p.Val2904Met,0.102,4.818,['Unknown%20significance'],170.47,0.99,0.0,0.0,0.0
MYO15A,17,18157063,NM_016239.4:c.8711T>G,NP_057323.3:p.Val2904Gly,0.152,9.769,['Unknown%20significance'],170.47,0.99,0.0,0.2,0.2
MYO15A,17,18157065,NM_016239.4:c.8713G>T,NP_057323.3:p.Gly2905Cys,0.759,34,['Unknown%20significance'],77.76,0.81,0.0,0.3,0.3
MYO15A,17,18157156,NM_016239.4:c.8714G>A,NP_057323.3:p.Gly2905Asp,0.720,23.3,['Unknown%20significance'],77.76,0.81,0.0,0.3,0.3
MYO15A,17,18157161,NM_016239.4:c.8719A>C,NP_057323.3:p.Ser2907Arg,0.409,23.4,['Unknown%20significance'],120.33,0.87,0.0,-0.1,0.1
MYO15A,17,18157162,NM_016239.4:c.8720G>A,NP_057323.3:p.Ser2907Asn,0.244,19.02,['Unknown%20significance'],120.33,0.87,0.0,0.0,0.0
MYO15A,17,18157162,NM_016239.4:c.8720G>C,NP_057323.3:p.Ser2907Thr,0.272,22.7,['Unknown%20significance'],120.33,0.87,0.0,-0.0,0.0
MYO15A,17,18157162,NM_016239.4:c.8720G>T,NP_057323.3:p.Ser2907Ile,0.258,21.8,['Unknown%20significance'],120.33,0.87,0.0,-0.0,0.0
MYO15A,17,18157163,NM_016239.4:c.8721T>G,NP_057323.3:p.Ser2907Arg,0.509,9.000,['Unknown%20significance'],120.33,0.87,0.0,-0.1,0.1
MYO15A,17,18157164,NM_016239.4:c.8722G>A,NP_057323.3:p.Ala2908Thr,0.264,21.7,['Unknown%20significance'],92.89,0.73,0.0,-0.1,0.1
MYO15A,17,18157164,NM_016239.4:c.8722G>C,NP_057323.3:p.Ala2908Pro,0.548,22.3,['Unknown%20significance'],92.89,0.73,0.0,0.1,0.1
MYO15A,17,18157165,NM_016239.4:c.8723C>T,NP_057323.3:p.Ala2908Val,0.288,20.4,['Unknown%20significance'],92.89,0.73,0.0,-0.2,0.2
MYO15A,17,18157167,NM_016239.4:c.8725G>A,NP_057323.3:p.Gly2909Ser,0.883,31,['Pathogenic'],75.19,0.78,0.0,0.1,0.1
MYO15A,17,18157167,NM_016239.4:c.8725G>T,NP_057323.3:p.Gly2909Cys,0.917,31,['Unknown%20significance'],75.19,0.78,0.0,0.0,0.0
MYO15A,17,18157168,NM_016239.4:c.8726G>A,NP_057323.3:p.Gly2909Asp,0.915,27.1,['Unknown%20significance'],75.19,0.78,0.0,0.2,0.2
MYO15A,17,18157170,NM_016239.4:c.8728T>C,NP_057323.3:p.Cys2910Arg,0.841,28.0,['Unknown%20significance'],112.31,0.72,0.0,0.4,0.4
MYO15A,17,18157171,NM_016239.4:c.8729G>C,NP_057323.3:p.Cys2910Ser,0.740,25.9,['Unknown%20significance'],112.31,0.72,0.0,0.6,0.6
MYO15A,17,18157173,NM_016239.4:c.8731G>A,NP_057323.3:p.Val2911Met,0.566,25.6,['Unknown%20significance'],147.16,0.85,0.0,0.1,0.1
MYO15A,17,18157173,NM_016239.4:c.8731G>C,NP_057323.3:p.Val2911Leu,0.378,23.4,['Unknown%20significance'],147.16,0.85,0.0,0.1,0.1
MYO15A,17,18157176,NM_016239.4:c.8734G>A,NP_057323.3:p.Val2912Ile,0.478,25.6,['Unknown%20significance'],83.84,0.48,0.0,0.1,0.1
MYO15A,17,18157179,NM_016239.4:c.8737C>A,NP_057323.3:p.Arg2913Ser,0.625,26.5,['Unknown%20significance'],227.29,0.84,0.0,0.2,0.2
MYO15A,17,18157179,NM_016239.4:c.8737C>T,NP_057323.3:p.Arg2913Cys,0.765,28.8,['Unknown%20significance'],227.29,0.84,0.0,0.2,0.2
MYO15A,17,18157180,NM_016239.4:c.8738G>A,NP_057323.3:p.Arg2913His,0.662,27.9,['Unknown%20significance'],227.29,0.84,0.0,0.1,0.1
MYO15A,17,18157182,NM_016239.4:c.8740A>G,NP_057323.3:p.Arg2914Gly,0.507,25.3,['Unknown%20significance'],235.01,0.87,0.0,0.3,0.3
MYO15A,17,18157186,NM_016239.4:c.8744A>C,NP_057323.3:p.Lys2915Thr,0.679,26.7,['Unknown%20significance'],163.69,0.69,0.0,-0.2,0.2
MYO15A,17,18157188,NM_016239.4:c.8746G>A,NP_057323.3:p.Val2916Met,0.622,25.1,['Unknown%20significance'],79.19,0.46,0.0,0.3,0.3
MYO15A,17,18157188,NM_016239.4:c.8746G>T,NP_057323.3:p.Val2916Leu,0.282,21.2,['Unknown%20significance'],79.19,0.46,0.0,-0.1,0.1
MYO15A,17,18157189,NM_016239.4:c.8747T>G,NP_057323.3:p.Val2916Gly,0.649,33,['Unknown%20significance'],79.19,0.46,0.0,1.6,1.6
MYO15A,17,18157191,NM_016239.4:c.8749G>A,NP_057323.3:p.Val2917Met,0.262,22.0,['Unknown%20significance'],121.74,0.7,0.0,0.1,0.1
MYO15A,17,18157192,NM_016239.4:c.8750T>A,NP_057323.3:p.Val2917Glu,0.745,28.2,['Unknown%20significance'],121.74,0.7,0.0,0.9,0.9
MYO15A,17,18157192,NM_016239.4:c.8750T>C,NP_057323.3:p.Val2917Ala,0.470,24.3,['Unknown%20significance'],121.74,0.7,0.0,0.6,0.6
MYO15A,17,18157192,NM_016239.4:c.8750T>G,NP_057323.3:p.Val2917Gly,0.689,33,['Unknown%20significance'],121.74,0.7,0.0,1.1,1.1
MYO15A,17,18157195,NM_016239.4:c.8753A>G,NP_057323.3:p.Tyr2918Cys,0.525,23.7,['Unknown%20significance'],155.84,0.64,0.0,0.5,0.5
MYO15A,17,18157197,NM_016239.4:c.8755C>A,NP_057323.3:p.Leu2919Met,0.600,24.2,['Unknown%20significance'],53.56,0.27,0.0,0.5,0.5
MYO15A,17,18157203,NM_016239.4:c.8761G>A,NP_057323.3:p.Glu2921Lys,0.694,29.8,['Unknown%20significance'],68.54,0.35,0.0,0.0,0.0
MYO15A,17,18157210,NM_016239.4:c.8768G>A,NP_057323.3:p.Arg2923Gln,0.039,15.56,['Unknown%20significance'],144.12,0.53,0.0,0.3,0.3
MYO15A,17,18157212,NM_016239.4:c.8770C>G,NP_057323.3:p.Arg2924Gly,0.068,22.6,['Unknown%20significance'],151.82,0.56,0.0,0.8,0.8
MYO15A,17,18157212,NM_016239.4:c.8770C>T,NP_057323.3:p.Arg2924Cys,0.038,14.99,['Unknown%20significance'],151.82,0.56,0.0,0.5,0.5
MYO15A,17,18157213,NM_016239.4:c.8771G>A,NP_057323.3:p.Arg2924His,0.032,8.362,['Pathogenic'],151.82,0.56,0.0,0.2,0.2
MYO15A,17,18157213,NM_016239.4:c.8771G>C,NP_057323.3:p.Arg2924Pro,0.043,13.91,['Unknown%20significance'],151.82,0.56,0.0,0.6,0.6
MYO15A,17,18157213,NM_016239.4:c.8771G>T,NP_057323.3:p.Arg2924Leu,0.062,14.56,['Unknown%20significance'],151.82,0.56,0.0,0.1,0.1
MYO15A,17,18157216,NM_016239.4:c.8774G>T,NP_057323.3:p.Arg2925Ile,0.122,15.98,['Unknown%20significance'],202.27,0.75,0.0,0.1,0.1
MYO15A,17,18157218,NM_016239.4:c.8776G>A,NP_057323.3:p.Gly2926Ser,0.154,19.73,['Unknown%20significance'],24.68,0.25,0.0,-0.4,0.4
MYO15A,17,18157218,NM_016239.4:c.8776G>C,NP_057323.3:p.Gly2926Arg,0.198,24.1,['Unknown%20significance'],24.68,0.25,0.0,-0.8,0.8
MYO15A,17,18157218,NM_016239.4:c.8776G>T,NP_057323.3:p.Gly2926Cys,0.222,24.6,['Unknown%20significance'],24.68,0.25,0.0,-0.2,0.2
MYO15A,17,18157219,NM_016239.4:c.8777G>A,NP_057323.3:p.Gly2926Asp,0.213,24.3,['Unknown%20significance'],24.68,0.25,0.0,-0.2,0.2
MYO15A,17,18157219,NM_016239.4:c.8777G>T,NP_057323.3:p.Gly2926Val,0.172,21.8,['Unknown%20significance'],24.68,0.25,0.0,-0.6,0.6
MYO15A,17,18157221,NM_016239.4:c.8779C>T,NP_057323.3:p.Pro2927Ser,0.091,14.82,['Unknown%20significance'],143.21,0.91,0.0,0.0,0.0
MYO15A,17,18157222,NM_016239.4:c.8780C>A,NP_057323.3:p.Pro2927His,0.124,19.92,['Unknown%20significance'],143.21,0.91,0.0,-0.1,0.1
MYO15A,17,18157222,NM_016239.4:c.8780C>T,NP_057323.3:p.Pro2927Leu,0.184,14.26,['Unknown%20significance'],143.21,0.91,0.0,-0.1,0.1
MYO15A,17,18157224,NM_016239.4:c.8782G>A,NP_057323.3:p.Asp2928Asn,0.289,26.1,['Likely%20benign'],62.7,0.39,0.0,-0.1,0.1
MYO15A,17,18157224,NM_016239.4:c.8782G>T,NP_057323.3:p.Asp2928Tyr,0.380,26.5,['Unknown%20significance'],62.7,0.39,0.0,-0.5,0.5
MYO15A,17,18157226,NM_016239.4:c.8784C>A,NP_057323.3:p.Asp2928Glu,0.075,19.48,['Unknown%20significance'],62.7,0.39,0.0,0.1,0.1
MYO15A,17,18157228,NM_016239.4:c.8786T>A,NP_057323.3:p.Phe2929Tyr,0.261,24.7,['Unknown%20significance'],100.84,0.43,0.0,-0.2,0.2
MYO15A,17,18157229,NM_016239.4:c.8787T>G,NP_057323.3:p.Phe2929Leu,0.280,8.426,['Unknown%20significance'],100.84,0.43,0.0,0.3,0.3
MYO15A,17,18157230,NM_016239.4:c.8788G>A,NP_057323.3:p.Gly2930Ser,0.413,35,['Unknown%20significance'],30.06,0.31,0.0,0.2,0.2
MYO15A,17,18157230,NM_016239.4:c.8788G>C,NP_057323.3:p.Gly2930Arg,0.495,35,['Unknown%20significance'],30.06,0.31,0.0,-0.2,0.2
MYO15A,17,18157230,NM_016239.4:c.8788G>T,NP_057323.3:p.Gly2930Cys,0.523,35,['Unknown%20significance'],30.06,0.31,0.0,0.3,0.3
MYO15A,17,18157722,NM_016239.4:c.8789G>T,NP_057323.3:p.Gly2930Val,0.557,33,['Unknown%20significance'],30.06,0.31,0.0,0.0,0.0
MYO15A,17,18157725,NM_016239.4:c.8792G>T,NP_057323.3:p.Trp2931Leu,0.656,28.0,['Unknown%20significance'],90.93,0.34,0.0,2.1,2.1
MYO15A,17,18157726,NM_016239.4:c.8793G>C,NP_057323.3:p.Trp2931Cys,0.692,29.0,['Unknown%20significance'],90.93,0.34,0.0,2.9,2.9
MYO15A,17,18157727,NM_016239.4:c.8794A>G,NP_057323.3:p.Arg2932Gly,0.239,22.5,['Unknown%20significance'],59.3,0.22,0.0,1.6,1.6
MYO15A,17,18157728,NM_016239.4:c.8795G>A,NP_057323.3:p.Arg2932Lys,0.207,16.10,['Likely%20benign'],59.3,0.22,0.0,0.9,0.9
MYO15A,17,18157728,NM_016239.4:c.8795G>T,NP_057323.3:p.Arg2932Met,0.228,24.4,['Unknown%20significance'],59.3,0.22,0.0,-0.7,0.7
MYO15A,17,18157729,NM_016239.4:c.8796G>T,NP_057323.3:p.Arg2932Ser,0.204,21.7,['Unknown%20significance'],59.3,0.22,0.0,0.9,0.9
MYO15A,17,18157732,NM_016239.4:c.8799C>A,NP_057323.3:p.Phe2933Leu,0.111,9.877,['Unknown%20significance'],48.59,0.21,0.0,0.8,0.8
MYO15A,17,18157732,NM_016239.4:c.8799C>G,NP_057323.3:p.Phe2933Leu,0.111,8.615,['Unknown%20significance'],48.59,0.21,0.0,0.8,0.8
MYO15A,17,18157733,NM_016239.4:c.8800G>A,NP_057323.3:p.Gly2934Arg,0.700,25.9,['Unknown%20significance'],0.0,0.0,0.0,0.4,0.4
MYO15A,17,18157733,NM_016239.4:c.8800G>C,NP_057323.3:p.Gly2934Arg,0.700,25.7,['Unknown%20significance'],0.0,0.0,0.0,0.4,0.4
MYO15A,17,18157733,NM_016239.4:c.8800G>T,NP_057323.3:p.Gly2934Trp,0.688,26.7,['Unknown%20significance'],0.0,0.0,0.0,-1.1,1.1
MYO15A,17,18157734,NM_016239.4:c.8801G>T,NP_057323.3:p.Gly2934Val,0.712,25.1,['Unknown%20significance'],0.0,0.0,0.0,-0.5,0.5
MYO15A,17,18157736,NM_016239.4:c.8803A>C,NP_057323.3:p.Thr2935Pro,0.171,23.3,['Unknown%20significance'],12.15,0.07,0.0,0.9,0.9
MYO15A,17,18157739,NM_016239.4:c.8806A>G,NP_057323.3:p.Ile2936Val,0.029,2.103,['Unknown%20significance'],5.63,0.02,0.0,0.3,0.3
MYO15A,17,18157742,NM_016239.4:c.8809C>A,NP_057323.3:p.His2937Asn,0.102,15.37,['Unknown%20significance'],16.23,0.07,0.0,0.1,0.1
MYO15A,17,18157742,NM_016239.4:c.8809C>T,NP_057323.3:p.His2937Tyr,0.080,14.13,['Unknown%20significance'],16.23,0.07,0.0,-0.7,0.7
MYO15A,17,18157744,NM_016239.4:c.8811C>G,NP_057323.3:p.His2937Gln,0.030,0.082,['Unknown%20significance'],16.23,0.07,0.0,0.2,0.2
MYO15A,17,18157745,NM_016239.4:c.8812G>A,NP_057323.3:p.Gly2938Arg,0.446,24.8,['Pathogenic'],36.97,0.38,0.0,0.1,0.1
MYO15A,17,18157745,NM_016239.4:c.8812G>C,NP_057323.3:p.Gly2938Arg,0.455,24.6,['Unknown%20significance'],36.97,0.38,0.0,0.1,0.1
MYO15A,17,18157745,NM_016239.4:c.8812G>T,NP_057323.3:p.Gly2938Trp,0.529,25.3,['Unknown%20significance'],36.97,0.38,0.0,-0.1,0.1
MYO15A,17,18157746,NM_016239.4:c.8813G>T,NP_057323.3:p.Gly2938Val,0.587,24.5,['Unknown%20significance'],36.97,0.38,0.0,0.2,0.2
MYO15A,17,18157748,NM_016239.4:c.8815C>A,NP_057323.3:p.Arg2939Ser,0.124,23.1,['Unknown%20significance'],92.09,0.34,0.0,1.0,1.0
MYO15A,17,18157748,NM_016239.4:c.8815C>G,NP_057323.3:p.Arg2939Gly,0.109,23.6,['Unknown%20significance'],92.09,0.34,0.0,1.8,1.8
MYO15A,17,18157748,NM_016239.4:c.8815C>T,NP_057323.3:p.Arg2939Cys,0.081,24.4,['Unknown%20significance'],92.09,0.34,0.0,1.3,1.3
MYO15A,17,18157749,NM_016239.4:c.8816G>A,NP_057323.3:p.Arg2939His,0.045,19.80,['Unknown%20significance'],92.09,0.34,0.0,0.6,0.6
MYO15A,17,18157749,NM_016239.4:c.8816G>T,NP_057323.3:p.Arg2939Leu,0.051,22.8,['Unknown%20significance'],92.09,0.34,0.0,0.5,0.5
MYO15A,17,18157751,NM_016239.4:c.8818G>A,NP_057323.3:p.Val2940Met,0.051,22.9,['Unknown%20significance'],77.19,0.44,0.0,-0.0,0.0
MYO15A,17,18157751,NM_016239.4:c.8818G>C,NP_057323.3:p.Val2940Leu,0.049,19.41,['Unknown%20significance'],77.19,0.44,0.0,-0.0,0.0
MYO15A,17,18157751,NM_016239.4:c.8818G>T,NP_057323.3:p.Val2940Leu,0.049,19.49,['Unknown%20significance'],77.19,0.44,0.0,-0.0,0.0
MYO15A,17,18157754,NM_016239.4:c.8821G>T,NP_057323.3:p.Gly2941Cys,0.956,25.5,['Unknown%20significance'],1.13,0.01,0.0,0.9,0.9
MYO15A,17,18157755,NM_016239.4:c.8822G>A,NP_057323.3:p.Gly2941Asp,0.915,24.8,['Unknown%20significance'],1.13,0.01,0.0,1.6,1.6
MYO15A,17,18157755,NM_016239.4:c.8822G>T,NP_057323.3:p.Gly2941Val,0.957,24.7,['Unknown%20significance'],1.13,0.01,0.0,0.3,0.3
MYO15A,17,18157757,NM_016239.4:c.8824C>T,NP_057323.3:p.Arg2942Cys,0.123,17.63,['Likely%20benign'],65.49,0.24,0.0,0.3,0.3
MYO15A,17,18157758,NM_016239.4:c.8825G>A,NP_057323.3:p.Arg2942His,0.050,14.02,['Unknown%20significance'],65.49,0.24,0.0,0.2,0.2
MYO15A,17,18157758,NM_016239.4:c.8825G>T,NP_057323.3:p.Arg2942Leu,0.056,13.08,['Unknown%20significance'],65.49,0.24,0.0,-1.0,1.0
MYO15A,17,18157760,NM_016239.4:c.8827T>C,NP_057323.3:p.Phe2943Leu,0.423,25.9,['Unknown%20significance'],0.0,0.0,0.0,1.4,1.4
MYO15A,17,18157761,NM_016239.4:c.8828T>C,NP_057323.3:p.Phe2943Ser,0.613,27.1,['Likely%20pathogenic'],0.0,0.0,0.0,5.1,5.1
MYO15A,17,18157762,NM_016239.4:c.8829C>A,NP_057323.3:p.Phe2943Leu,0.257,23.7,['Unknown%20significance'],0.0,0.0,0.0,1.4,1.4
MYO15A,17,18157763,NM_016239.4:c.8830C>G,NP_057323.3:p.Pro2944Ala,0.718,23.8,['Unknown%20significance'],40.51,0.25,0.0,1.0,1.0
MYO15A,17,18157763,NM_016239.4:c.8830C>T,NP_057323.3:p.Pro2944Ser,0.733,24.3,['Unknown%20significance'],40.51,0.25,0.0,1.3,1.3
MYO15A,17,18157764,NM_016239.4:c.8831C>T,NP_057323.3:p.Pro2944Leu,0.745,25.1,['Unknown%20significance'],40.51,0.25,0.0,0.3,0.3
MYO15A,17,18157766,NM_016239.4:c.8833T>C,NP_057323.3:p.Ser2945Pro,0.124,24.3,['Unknown%20significance'],23.93,0.17,0.0,0.3,0.3
MYO15A,17,18157767,NM_016239.4:c.8834C>T,NP_057323.3:p.Ser2945Leu,0.041,19.08,['Unknown%20significance'],23.93,0.17,0.0,-1.0,1.0
MYO15A,17,18157770,NM_016239.4:c.8837A>T,NP_057323.3:p.Glu2946Val,0.246,27.5,['Unknown%20significance'],155.21,0.79,0.0,-0.2,0.2
MYO15A,17,18157771,NM_016239.4:c.8838G>T,NP_057323.3:p.Glu2946Asp,0.050,8.818,['Unknown%20significance'],155.21,0.79,0.0,0.0,0.0
MYO15A,17,18157775,NM_016239.4:c.8842G>A,NP_057323.3:p.Val2948Met,0.343,29.1,['Unknown%20significance'],4.06,0.02,0.0,1.6,1.6
MYO15A,17,18157775,NM_016239.4:c.8842G>T,NP_057323.3:p.Val2948Leu,0.177,26.7,['Unknown%20significance'],4.06,0.02,0.0,1.0,1.0
MYO15A,17,18157776,NM_016239.4:c.8843T>A,NP_057323.3:p.Val2948Glu,0.603,28.3,['Unknown%20significance'],4.06,0.02,0.0,4.5,4.5
MYO15A,17,18157779,NM_016239.4:c.8846A>G,NP_057323.3:p.Gln2949Arg,0.061,22.8,['Unknown%20significance'],101.61,0.51,0.0,0.0,0.0
MYO15A,17,18157779,NM_016239.4:c.8846A>T,NP_057323.3:p.Gln2949Leu,0.202,27.0,['Unknown%20significance'],101.61,0.51,0.0,-0.8,0.8
MYO15A,17,18157780,NM_016239.4:c.8847G>T,NP_057323.3:p.Gln2949His,0.033,20.3,['Unknown%20significance'],101.61,0.51,0.0,-0.2,0.2
MYO15A,17,18157781,NM_016239.4:c.8848C>T,NP_057323.3:p.Pro2950Ser,0.265,25.5,['Unknown%20significance'],64.49,0.41,0.0,0.7,0.7
MYO15A,17,18157782,NM_016239.4:c.8849C>A,NP_057323.3:p.Pro2950His,0.343,26.0,['Unknown%20significance'],64.49,0.41,0.0,0.4,0.4
MYO15A,17,18157784,NM_016239.4:c.8851G>A,NP_057323.3:p.Ala2951Thr,0.194,24.3,['Unknown%20significance'],0.56,0.0,0.0,0.1,0.1
MYO15A,17,18157784,NM_016239.4:c.8851G>C,NP_057323.3:p.Ala2951Pro,0.273,26.8,['Unknown%20significance'],0.56,0.0,0.0,1.0,1.0
MYO15A,17,18157784,NM_016239.4:c.8851G>T,NP_057323.3:p.Ala2951Ser,0.191,23.8,['Unknown%20significance'],0.56,0.0,0.0,1.1,1.1
MYO15A,17,18157785,NM_016239.4:c.8852C>T,NP_057323.3:p.Ala2951Val,0.024,14.54,['Unknown%20significance'],0.56,0.0,0.0,-1.6,1.6
MYO15A,17,18157787,NM_016239.4:c.8854G>A,NP_057323.3:p.Ala2952Thr,0.587,27.3,['Unknown%20significance'],6.75,0.05,0.0,0.5,0.5
MYO15A,17,18157787,NM_016239.4:c.8854G>T,NP_057323.3:p.Ala2952Ser,0.554,26.3,['Unknown%20significance'],6.75,0.05,0.0,1.0,1.0
MYO15A,17,18157788,NM_016239.4:c.8855C>A,NP_057323.3:p.Ala2952Asp,0.668,28.1,['Unknown%20significance'],6.75,0.05,0.0,1.8,1.8
MYO15A,17,18157788,NM_016239.4:c.8855C>T,NP_057323.3:p.Ala2952Val,0.539,26.3,['Unknown%20significance'],6.75,0.05,0.0,-0.7,0.7
MYO15A,17,18157790,NM_016239.4:c.8857G>A,NP_057323.3:p.Ala2953Thr,0.451,26.7,['Unknown%20significance'],47.59,0.37,0.0,-0.1,0.1
MYO15A,17,18157790,NM_016239.4:c.8857G>T,NP_057323.3:p.Ala2953Ser,0.483,25.8,['Unknown%20significance'],47.59,0.37,0.0,0.3,0.3
MYO15A,17,18157791,NM_016239.4:c.8858C>T,NP_057323.3:p.Ala2953Val,0.528,25.8,['Unknown%20significance'],47.59,0.37,0.0,-0.3,0.3
MYO15A,17,18157793,NM_016239.4:c.8860C>T,NP_057323.3:p.Pro2954Ser,0.682,24.6,['Unknown%20significance'],11.22,0.07,0.0,0.9,0.9
MYO15A,17,18157794,NM_016239.4:c.8861C>G,NP_057323.3:p.Pro2954Arg,0.683,24.8,['Unknown%20significance'],11.22,0.07,0.0,0.3,0.3
MYO15A,17,18157794,NM_016239.4:c.8861C>T,NP_057323.3:p.Pro2954Leu,0.745,25.3,['Unknown%20significance'],11.22,0.07,0.0,0.0,0.0
MYO15A,17,18157796,NM_016239.4:c.8863G>A,NP_057323.3:p.Asp2955Asn,0.488,26.8,['Unknown%20significance'],44.68,0.27,0.0,0.0,0.0
MYO15A,17,18157796,NM_016239.4:c.8863G>C,NP_057323.3:p.Asp2955His,0.703,26.9,['Unknown%20significance'],44.68,0.27,0.0,-0.3,0.3
MYO15A,17,18157796,NM_016239.4:c.8863G>T,NP_057323.3:p.Asp2955Tyr,0.776,27.8,['Unknown%20significance'],44.68,0.27,0.0,-0.7,0.7
MYO15A,17,18157797,NM_016239.4:c.8864A>C,NP_057323.3:p.Asp2955Ala,0.790,28.1,['Unknown%20significance'],44.68,0.27,0.0,0.1,0.1
MYO15A,17,18157799,NM_016239.4:c.8866T>A,NP_057323.3:p.Phe2956Ile,0.584,27.1,['Unknown%20significance'],49.23,0.21,0.0,0.1,0.1
MYO15A,17,18157799,NM_016239.4:c.8866T>C,NP_057323.3:p.Phe2956Leu,0.554,27.7,['Unknown%20significance'],49.23,0.21,0.0,0.4,0.4
MYO15A,17,18157800,NM_016239.4:c.8867T>C,NP_057323.3:p.Phe2956Ser,0.815,29.1,['Unknown%20significance'],49.23,0.21,0.0,2.0,2.0
MYO15A,17,18157801,NM_016239.4:c.8868C>A,NP_057323.3:p.Phe2956Leu,0.504,23.7,['Unknown%20significance'],49.23,0.21,0.0,0.4,0.4
MYO15A,17,18157803,NM_016239.4:c.8870T>C,NP_057323.3:p.Leu2957Pro,0.722,27.3,['Unknown%20significance'],186.26,0.96,0.0,0.3,0.3
MYO15A,17,18157806,NM_016239.4:c.8873A>G,NP_057323.3:p.Gln2958Arg,0.291,21.2,['Unknown%20significance'],88.46,0.44,0.0,-0.1,0.1
MYO15A,17,18157807,NM_016239.4:c.8874G>T,NP_057323.3:p.Gln2958His,0.153,15.66,['Unknown%20significance'],88.46,0.44,0.0,-0.2,0.2
MYO15A,17,18157808,NM_016239.4:c.8875C>A,NP_057323.3:p.Leu2959Met,0.465,24.0,['Unknown%20significance'],101.37,0.52,0.0,0.3,0.3
MYO15A,17,18157811,NM_016239.4:c.8878C>G,NP_057323.3:p.Pro2960Ala,0.505,23.6,['Unknown%20significance'],38.04,0.24,0.0,0.1,0.1
MYO15A,17,18157811,NM_016239.4:c.8878C>T,NP_057323.3:p.Pro2960Ser,0.392,23.0,['Unknown%20significance'],38.04,0.24,0.0,0.3,0.3
MYO15A,17,18157812,NM_016239.4:c.8879C>A,NP_057323.3:p.Pro2960Gln,0.499,23.0,['Unknown%20significance'],38.04,0.24,0.0,0.1,0.1
MYO15A,17,18157812,NM_016239.4:c.8879C>T,NP_057323.3:p.Pro2960Leu,0.535,25.2,['Unknown%20significance'],38.04,0.24,0.0,-1.0,1.0
MYO15A,17,18157814,NM_016239.4:c.8881A>G,NP_057323.3:p.Thr2961Ala,0.139,0.494,['Unknown%20significance'],143.75,0.91,0.0,0.0,0.0
MYO15A,17,18157815,NM_016239.4:c.8882C>A,NP_057323.3:p.Thr2961Lys,0.071,5.826,['Unknown%20significance'],143.75,0.91,0.0,0.1,0.1
MYO15A,17,18157815,NM_016239.4:c.8882C>G,NP_057323.3:p.Thr2961Arg,0.116,6.384,['Unknown%20significance'],143.75,0.91,0.0,0.0,0.0
MYO15A,17,18157815,NM_016239.4:c.8882C>T,NP_057323.3:p.Thr2961Met,0.136,6.153,['Unknown%20significance'],143.75,0.91,0.0,-0.1,0.1
MYO15A,17,18157818,NM_016239.4:c.8885A>G,NP_057323.3:p.Glu2962Gly,0.309,23.4,['Unknown%20significance'],169.71,0.86,0.0,0.2,0.2
MYO15A,17,18157819,NM_016239.4:c.8886G>C,NP_057323.3:p.Glu2962Asp,0.247,17.51,['Unknown%20significance'],169.71,0.86,0.0,0.1,0.1
MYO15A,17,18157819,NM_016239.4:c.8886G>T,NP_057323.3:p.Glu2962Asp,0.258,17.05,['Unknown%20significance'],169.71,0.86,0.0,0.1,0.1
MYO15A,17,18157820,NM_016239.4:c.8887C>A,NP_057323.3:p.Pro2963Thr,0.265,17.71,['Unknown%20significance'],120.68,0.76,0.0,-0.1,0.1
MYO15A,17,18157820,NM_016239.4:c.8887C>G,NP_057323.3:p.Pro2963Ala,0.252,14.18,['Unknown%20significance'],120.68,0.76,0.0,0.1,0.1
MYO15A,17,18157823,NM_016239.4:c.8890G>T,NP_057323.3:p.Gly2964Cys,0.169,11.86,['Unknown%20significance'],67.15,0.7,0.0,-0.1,0.1
MYO15A,17,18157824,NM_016239.4:c.8891G>A,NP_057323.3:p.Gly2964Asp,0.229,17.70,['Unknown%20significance'],67.15,0.7,0.0,-0.1,0.1
MYO15A,17,18157824,NM_016239.4:c.8891G>T,NP_057323.3:p.Gly2964Val,0.290,19.05,['Unknown%20significance'],67.15,0.7,0.0,-0.3,0.3
MYO15A,17,18157826,NM_016239.4:c.8893C>A,NP_057323.3:p.Arg2965Ser,0.198,5.599,['Unknown%20significance'],118.54,0.43,0.0,0.4,0.4
MYO15A,17,18157826,NM_016239.4:c.8893C>G,NP_057323.3:p.Arg2965Gly,0.198,6.875,['Unknown%20significance'],118.54,0.43,0.0,0.9,0.9
MYO15A,17,18157826,NM_016239.4:c.8893C>T,NP_057323.3:p.Arg2965Cys,0.312,14.80,['Unknown%20significance'],118.54,0.43,0.0,0.6,0.6
MYO15A,17,18157827,NM_016239.4:c.8894G>A,NP_057323.3:p.Arg2965His,0.300,21.1,['Unknown%20significance'],118.54,0.43,0.0,0.1,0.1
MYO15A,17,18157827,NM_016239.4:c.8894G>C,NP_057323.3:p.Arg2965Pro,0.258,21.2,['Unknown%20significance'],118.54,0.43,0.0,0.6,0.6
MYO15A,17,18157827,NM_016239.4:c.8894G>T,NP_057323.3:p.Arg2965Leu,0.277,20.5,['Unknown%20significance'],118.54,0.43,0.0,0.2,0.2
MYO15A,17,18157829,NM_016239.4:c.8896G>A,NP_057323.3:p.Gly2966Ser,0.239,14.32,['Unknown%20significance'],54.29,0.56,0.0,-0.2,0.2
MYO15A,17,18157829,NM_016239.4:c.8896G>C,NP_057323.3:p.Gly2966Arg,0.283,14.41,['Unknown%20significance'],54.29,0.56,0.0,-0.5,0.5
MYO15A,17,18157829,NM_016239.4:c.8896G>T,NP_057323.3:p.Gly2966Cys,0.292,18.73,['Unknown%20significance'],54.29,0.56,0.0,-0.1,0.1
MYO15A,17,18157830,NM_016239.4:c.8897G>A,NP_057323.3:p.Gly2966Asp,0.340,16.86,['Unknown%20significance'],54.29,0.56,0.0,-0.2,0.2
MYO15A,17,18157832,NM_016239.4:c.8899C>G,NP_057323.3:p.Arg2967Gly,0.347,14.27,['Unknown%20significance'],231.5,0.85,0.0,0.4,0.4
MYO15A,17,18157833,NM_016239.4:c.8900G>A,NP_057323.3:p.Arg2967Gln,0.135,7.992,['Unknown%20significance'],231.5,0.85,0.0,0.1,0.1
MYO15A,17,18157833,NM_016239.4:c.8900G>C,NP_057323.3:p.Arg2967Pro,0.486,18.07,['Unknown%20significance'],231.5,0.85,0.0,0.3,0.3
MYO15A,17,18157833,NM_016239.4:c.8900G>T,NP_057323.3:p.Arg2967Leu,0.245,9.017,['Unknown%20significance'],231.5,0.85,0.0,0.0,0.0
MYO15A,17,18157835,NM_016239.4:c.8902G>A,NP_057323.3:p.Ala2968Thr,0.236,22.4,['Unknown%20significance'],48.95,0.38,0.0,-0.2,0.2
MYO15A,17,18157835,NM_016239.4:c.8902G>C,NP_057323.3:p.Ala2968Pro,0.311,22.7,['Unknown%20significance'],48.95,0.38,0.0,0.2,0.2
MYO15A,17,18157836,NM_016239.4:c.8903C>A,NP_057323.3:p.Ala2968Glu,0.260,22.0,['Unknown%20significance'],48.95,0.38,0.0,0.1,0.1
MYO15A,17,18157836,NM_016239.4:c.8903C>T,NP_057323.3:p.Ala2968Val,0.245,17.64,['Unknown%20significance'],48.95,0.38,0.0,-0.4,0.4
MYO15A,17,18157838,NM_016239.4:c.8905G>A,NP_057323.3:p.Ala2969Thr,0.373,22.7,['Unknown%20significance'],28.76,0.22,0.0,0.1,0.1
MYO15A,17,18157838,NM_016239.4:c.8905G>C,NP_057323.3:p.Ala2969Pro,0.437,24.3,['Unknown%20significance'],28.76,0.22,0.0,0.5,0.5
MYO15A,17,18157838,NM_016239.4:c.8905G>T,NP_057323.3:p.Ala2969Ser,0.332,22.4,['Unknown%20significance'],28.76,0.22,0.0,0.3,0.3
MYO15A,17,18157839,NM_016239.4:c.8906C>A,NP_057323.3:p.Ala2969Asp,0.518,23.5,['Unknown%20significance'],28.76,0.22,0.0,0.7,0.7
MYO15A,17,18157839,NM_016239.4:c.8906C>T,NP_057323.3:p.Ala2969Val,0.343,23.4,['Unknown%20significance'],28.76,0.22,0.0,-0.3,0.3
MYO15A,17,18157841,NM_016239.4:c.8908G>A,NP_057323.3:p.Ala2970Thr,0.451,22.5,['Unknown%20significance'],41.46,0.32,0.0,0.1,0.1
MYO15A,17,18157844,NM_016239.4:c.8911G>A,NP_057323.3:p.Val2971Met,0.482,23.8,['Unknown%20significance'],57.5,0.33,0.0,0.2,0.2
MYO15A,17,18157844,NM_016239.4:c.8911G>T,NP_057323.3:p.Val2971Leu,0.355,22.3,['Unknown%20significance'],57.5,0.33,0.0,0.1,0.1
MYO15A,17,18157847,NM_016239.4:c.8914G>A,NP_057323.3:p.Ala2972Thr,0.519,25.2,['Unknown%20significance'],3.88,0.03,0.0,0.3,0.3
MYO15A,17,18157847,NM_016239.4:c.8914G>T,NP_057323.3:p.Ala2972Ser,0.521,23.4,['Unknown%20significance'],3.88,0.03,0.0,0.8,0.8
MYO15A,17,18157848,NM_016239.4:c.8915C>T,NP_057323.3:p.Ala2972Val,0.605,24.3,['Unknown%20significance'],3.88,0.03,0.0,-0.8,0.8
MYO15A,17,18157850,NM_016239.4:c.8917G>A,NP_057323.3:p.Ala2973Thr,0.389,23.0,['Unknown%20significance'],14.52,0.11,0.0,0.1,0.1
MYO15A,17,18157850,NM_016239.4:c.8917G>T,NP_057323.3:p.Ala2973Ser,0.389,21.0,['Unknown%20significance'],14.52,0.11,0.0,0.5,0.5
MYO15A,17,18157851,NM_016239.4:c.8918C>A,NP_057323.3:p.Ala2973Asp,0.440,23.6,['Unknown%20significance'],14.52,0.11,0.0,1.2,1.2
MYO15A,17,18157853,NM_016239.4:c.8920G>A,NP_057323.3:p.Ala2974Thr,0.573,25.4,['Unknown%20significance'],32.72,0.25,0.0,0.0,0.0
MYO15A,17,18157853,NM_016239.4:c.8920G>T,NP_057323.3:p.Ala2974Ser,0.457,23.3,['Unknown%20significance'],32.72,0.25,0.0,0.3,0.3
MYO15A,17,18157854,NM_016239.4:c.8921C>T,NP_057323.3:p.Ala2974Val,0.543,23.4,['Unknown%20significance'],32.72,0.25,0.0,-0.5,0.5
MYO15A,17,18157856,NM_016239.4:c.8923G>A,NP_057323.3:p.Val2975Met,0.417,22.8,['Unknown%20significance'],35.8,0.2,0.0,0.2,0.2
MYO15A,17,18157856,NM_016239.4:c.8923G>T,NP_057323.3:p.Val2975Leu,0.403,23.5,['Unknown%20significance'],35.8,0.2,0.0,-0.0,0.0
MYO15A,17,18157859,NM_016239.4:c.8926G>A,NP_057323.3:p.Ala2976Thr,0.480,25.2,['Unknown%20significance'],45.94,0.36,0.0,0.0,0.0
MYO15A,17,18157859,NM_016239.4:c.8926G>C,NP_057323.3:p.Ala2976Pro,0.523,24.2,['Unknown%20significance'],45.94,0.36,0.0,0.5,0.5
MYO15A,17,18157859,NM_016239.4:c.8926G>T,NP_057323.3:p.Ala2976Ser,0.441,22.3,['Unknown%20significance'],45.94,0.36,0.0,0.2,0.2
MYO15A,17,18157860,NM_016239.4:c.8927C>G,NP_057323.3:p.Ala2976Gly,0.200,19.69,['Unknown%20significance'],45.94,0.36,0.0,0.7,0.7
MYO15A,17,18157860,NM_016239.4:c.8927C>T,NP_057323.3:p.Ala2976Val,0.329,22.7,['Unknown%20significance'],45.94,0.36,0.0,-0.3,0.3
MYO15A,17,18157862,NM_016239.4:c.8929T>C,NP_057323.3:p.Ser2977Pro,0.807,26.7,['Unknown%20significance'],11.97,0.08,0.0,0.4,0.4
MYO15A,17,18157863,NM_016239.4:c.8930C>G,NP_057323.3:p.Ser2977Cys,0.706,25.5,['Unknown%20significance'],11.97,0.08,0.0,0.2,0.2
MYO15A,17,18157863,NM_016239.4:c.8930C>T,NP_057323.3:p.Ser2977Phe,0.805,26.0,['Unknown%20significance'],11.97,0.08,0.0,-0.5,0.5
MYO15A,17,18157865,NM_016239.4:c.8932G>A,NP_057323.3:p.Ala2978Thr,0.136,2.067,['Unknown%20significance'],12.45,0.09,0.0,-0.2,0.2
MYO15A,17,18157865,NM_016239.4:c.8932G>C,NP_057323.3:p.Ala2978Pro,0.280,9.297,['Unknown%20significance'],12.45,0.09,0.0,0.4,0.4
MYO15A,17,18157865,NM_016239.4:c.8932G>T,NP_057323.3:p.Ala2978Ser,0.150,4.532,['Unknown%20significance'],12.45,0.09,0.0,0.2,0.2
MYO15A,17,18157866,NM_016239.4:c.8933C>A,NP_057323.3:p.Ala2978Glu,0.251,16.33,['Unknown%20significance'],12.45,0.09,0.0,0.3,0.3
MYO15A,17,18157866,NM_016239.4:c.8933C>T,NP_057323.3:p.Ala2978Val,0.255,16.72,['Unknown%20significance'],12.45,0.09,0.0,-0.5,0.5
MYO15A,17,18157868,NM_016239.4:c.8935G>C,NP_057323.3:p.Ala2979Pro,0.329,24.1,['Unknown%20significance'],53.7,0.42,0.0,0.3,0.3
MYO15A,17,18157868,NM_016239.4:c.8935G>T,NP_057323.3:p.Ala2979Ser,0.227,18.99,['Unknown%20significance'],53.7,0.42,0.0,0.2,0.2
MYO15A,17,18157869,NM_016239.4:c.8936C>A,NP_057323.3:p.Ala2979Asp,0.419,22.0,['Unknown%20significance'],53.7,0.42,0.0,0.5,0.5
MYO15A,17,18157871,NM_016239.4:c.8938G>A,NP_057323.3:p.Ala2980Thr,0.412,22.9,['Unknown%20significance'],18.99,0.14,0.0,0.0,0.0
MYO15A,17,18157871,NM_016239.4:c.8938G>T,NP_057323.3:p.Ala2980Ser,0.398,23.3,['Unknown%20significance'],18.99,0.14,0.0,0.3,0.3
MYO15A,17,18157872,NM_016239.4:c.8939C>A,NP_057323.3:p.Ala2980Asp,0.571,24.5,['Unknown%20significance'],18.99,0.14,0.0,0.7,0.7
MYO15A,17,18157872,NM_016239.4:c.8939C>T,NP_057323.3:p.Ala2980Val,0.230,19.98,['Unknown%20significance'],18.99,0.14,0.0,-0.4,0.4
MYO15A,17,18157874,NM_016239.4:c.8941G>A,NP_057323.3:p.Ala2981Thr,0.439,25.0,['Unknown%20significance'],33.77,0.26,0.0,-0.0,0.0
MYO15A,17,18157874,NM_016239.4:c.8941G>T,NP_057323.3:p.Ala2981Ser,0.495,24.4,['Unknown%20significance'],33.77,0.26,0.0,0.2,0.2
MYO15A,17,18157875,NM_016239.4:c.8942C>A,NP_057323.3:p.Ala2981Glu,0.610,25.5,['Unknown%20significance'],33.77,0.26,0.0,0.4,0.4
MYO15A,17,18157875,NM_016239.4:c.8942C>T,NP_057323.3:p.Ala2981Val,0.491,24.3,['Unknown%20significance'],33.77,0.26,0.0,-0.3,0.3
MYO15A,17,18157877,NM_016239.4:c.8944C>G,NP_057323.3:p.Gln2982Glu,0.114,10.63,['Unknown%20significance'],96.49,0.48,0.0,0.3,0.3
MYO15A,17,18157878,NM_016239.4:c.8945A>G,NP_057323.3:p.Gln2982Arg,0.161,9.119,['Unknown%20significance'],96.49,0.48,0.0,-0.1,0.1
MYO15A,17,18157878,NM_016239.4:c.8945A>T,NP_057323.3:p.Gln2982Leu,0.186,15.71,['Unknown%20significance'],96.49,0.48,0.0,-0.2,0.2
MYO15A,17,18157879,NM_016239.4:c.8946G>T,NP_057323.3:p.Gln2982His,0.201,20.7,['Unknown%20significance'],96.49,0.48,0.0,-0.2,0.2
MYO15A,17,18157880,NM_016239.4:c.8947G>A,NP_057323.3:p.Glu2983Lys,0.661,28.2,['Unknown%20significance'],65.53,0.33,0.0,0.2,0.2
MYO15A,17,18157881,NM_016239.4:c.8948A>G,NP_057323.3:p.Glu2983Gly,0.777,33,['Unknown%20significance'],65.53,0.33,0.0,0.8,0.8
MYO15A,17,18157882,NM_016239.4:c.8949G>T,NP_057323.3:p.Glu2983Asp,0.479,27.9,['Unknown%20significance'],65.53,0.33,0.0,0.2,0.2
MYO15A,17,18157883,NM_016239.4:c.8950G>A,NP_057323.3:p.Val2984Met,0.189,25.2,['Unknown%20significance'],2.32,0.01,0.0,-0.1,0.1
MYO15A,17,18157883,NM_016239.4:c.8950G>T,NP_057323.3:p.Val2984Leu,0.152,23.0,['Unknown%20significance'],2.32,0.01,0.0,-0.1,0.1
MYO15A,17,18157884,NM_016239.4:c.8951T>C,NP_057323.3:p.Val2984Ala,0.262,22.9,['Unknown%20significance'],2.32,0.01,0.0,1.0,1.0
MYO15A,17,18157884,NM_016239.4:c.8951T>G,NP_057323.3:p.Val2984Gly,0.418,26.5,['Unknown%20significance'],2.32,0.01,0.0,1.9,1.9
MYO15A,17,18157886,NM_016239.4:c.8953G>A,NP_057323.3:p.Gly2985Ser,0.423,25.7,['Unknown%20significance'],25.12,0.26,0.0,-0.5,0.5
MYO15A,17,18157886,NM_016239.4:c.8953G>T,NP_057323.3:p.Gly2985Cys,0.616,32,['Unknown%20significance'],25.12,0.26,0.0,-0.2,0.2
MYO15A,17,18157887,NM_016239.4:c.8954G>A,NP_057323.3:p.Gly2985Asp,0.229,22.7,['Unknown%20significance'],25.12,0.26,0.0,-0.5,0.5
MYO15A,17,18157887,NM_016239.4:c.8954G>T,NP_057323.3:p.Gly2985Val,0.471,29.6,['Unknown%20significance'],25.12,0.26,0.0,-0.7,0.7
MYO15A,17,18157889,NM_016239.4:c.8956C>A,NP_057323.3:p.Arg2986Ser,0.481,24.7,['Unknown%20significance'],202.46,0.75,0.0,0.3,0.3
MYO15A,17,18157889,NM_016239.4:c.8956C>G,NP_057323.3:p.Arg2986Gly,0.513,26.2,['Unknown%20significance'],202.46,0.75,0.0,0.5,0.5
MYO15A,17,18157889,NM_016239.4:c.8956C>T,NP_057323.3:p.Arg2986Cys,0.611,29.5,['Unknown%20significance'],202.46,0.75,0.0,0.4,0.4
MYO15A,17,18157890,NM_016239.4:c.8957G>A,NP_057323.3:p.Arg2986His,0.469,28.3,['Unknown%20significance'],202.46,0.75,0.0,0.1,0.1
MYO15A,17,18157890,NM_016239.4:c.8957G>C,NP_057323.3:p.Arg2986Pro,0.533,28.3,['Unknown%20significance'],202.46,0.75,0.0,0.4,0.4
MYO15A,17,18157890,NM_016239.4:c.8957G>T,NP_057323.3:p.Arg2986Leu,0.354,23.2,['Unknown%20significance'],202.46,0.75,0.0,0.1,0.1
MYO15A,17,18157892,NM_016239.4:c.8959A>G,NP_057323.3:p.Arg2987Gly,0.243,20.5,['Unknown%20significance'],138.9,0.51,0.0,1.0,1.0
MYO15A,17,18157892,NM_016239.4:c.8959A>T,NP_057323.3:p.Arg2987Trp,0.228,21.4,['Unknown%20significance'],138.9,0.51,0.0,-0.0,0.0
MYO15A,17,18157893,NM_016239.4:c.8960G>T,NP_057323.3:p.Arg2987Met,0.396,24.3,['Unknown%20significance'],138.9,0.51,0.0,0.1,0.1
MYO15A,17,18157894,NM_016239.4:c.8961G>T,NP_057323.3:p.Arg2987Ser,0.263,21.4,['Unknown%20significance'],138.9,0.51,0.0,0.5,0.5
MYO15A,17,18157895,NM_016239.4:c.8962A>G,NP_057323.3:p.Arg2988Gly,0.386,23.0,['Unknown%20significance'],104.26,0.38,0.0,1.1,1.1
MYO15A,17,18157896,NM_016239.4:c.8963G>A,NP_057323.3:p.Arg2988Lys,0.198,19.20,['Unknown%20significance'],104.26,0.38,0.0,0.7,0.7
MYO15A,17,18157896,NM_016239.4:c.8963G>T,NP_057323.3:p.Arg2988Ile,0.245,22.7,['Unknown%20significance'],104.26,0.38,0.0,-0.3,0.3
MYO15A,17,18157898,NM_016239.4:c.8965G>C,NP_057323.3:p.Glu2989Gln,0.343,21.7,['Unknown%20significance'],167.2,0.85,0.0,-0.1,0.1
MYO15A,17,18157899,NM_016239.4:c.8966A>G,NP_057323.3:p.Glu2989Gly,0.594,33,['Unknown%20significance'],167.2,0.85,0.0,0.2,0.2
MYO15A,17,18157900,NM_016239.4:c.8967G>T,NP_057323.3:p.Glu2989Asp,0.324,30,['Unknown%20significance'],167.2,0.85,0.0,0.1,0.1
MYO15A,17,18158523,NM_016239.4:c.8968G>T,NP_057323.3:p.Gly2990Cys,0.644,33,['Unknown%20significance'],49.5,0.51,0.0,-0.1,0.1
MYO15A,17,18158524,NM_016239.4:c.8969G>T,NP_057323.3:p.Gly2990Val,0.398,22.5,['Unknown%20significance'],49.5,0.51,0.0,-0.6,0.6
MYO15A,17,18158526,NM_016239.4:c.8971C>G,NP_057323.3:p.Pro2991Ala,0.113,15.67,['Unknown%20significance'],135.81,0.86,0.0,-0.0,0.0
MYO15A,17,18158526,NM_016239.4:c.8971C>T,NP_057323.3:p.Pro2991Ser,0.126,14.26,['Unknown%20significance'],135.81,0.86,0.0,-0.1,0.1
MYO15A,17,18158527,NM_016239.4:c.8972C>T,NP_057323.3:p.Pro2991Leu,0.175,22.5,['Unknown%20significance'],135.81,0.86,0.0,-0.2,0.2
MYO15A,17,18158529,NM_016239.4:c.8974C>A,NP_057323.3:p.Pro2992Thr,0.145,14.03,['Unknown%20significance'],142.85,0.9,0.0,-0.0,0.0
MYO15A,17,18158530,NM_016239.4:c.8975C>G,NP_057323.3:p.Pro2992Arg,0.156,12.62,['Unknown%20significance'],142.85,0.9,0.0,-0.1,0.1
MYO15A,17,18158530,NM_016239.4:c.8975C>T,NP_057323.3:p.Pro2992Leu,0.164,14.39,['Unknown%20significance'],142.85,0.9,0.0,-0.0,0.0
MYO15A,17,18158532,NM_016239.4:c.8977G>T,NP_057323.3:p.Val2993Phe,0.149,16.23,['Unknown%20significance'],146.68,0.85,0.0,0.0,0.0
MYO15A,17,18158536,NM_016239.4:c.8981G>C,NP_057323.3:p.Arg2994Thr,0.134,19.07,['Unknown%20significance'],254.61,0.94,0.0,0.0,0.0
MYO15A,17,18158538,NM_016239.4:c.8983G>T,NP_057323.3:p.Ala2995Ser,0.075,17.04,['Unknown%20significance'],88.3,0.69,0.0,-0.0,0.0
MYO15A,17,18158539,NM_016239.4:c.8984C>T,NP_057323.3:p.Ala2995Val,0.101,19.56,['Unknown%20significance'],88.3,0.69,0.0,-0.2,0.2
MYO15A,17,18158541,NM_016239.4:c.8986C>G,NP_057323.3:p.Arg2996Gly,0.130,16.04,['Unknown%20significance'],268.95,0.99,0.0,0.1,0.1
MYO15A,17,18158541,NM_016239.4:c.8986C>T,NP_057323.3:p.Arg2996Cys,0.145,19.33,['Unknown%20significance'],268.95,0.99,0.0,0.1,0.1
MYO15A,17,18158542,NM_016239.4:c.8987G>C,NP_057323.3:p.Arg2996Pro,0.108,18.69,['Unknown%20significance'],268.95,0.99,0.0,0.1,0.1
MYO15A,17,18158545,NM_016239.4:c.8990C>G,NP_057323.3:p.Ser2997Cys,0.244,22.8,['Unknown%20significance'],128.0,0.92,0.0,0.1,0.1
MYO15A,17,18158547,NM_016239.4:c.8992G>A,NP_057323.3:p.Ala2998Thr,0.101,14.27,['Unknown%20significance'],106.77,0.83,0.0,-0.1,0.1
MYO15A,17,18158547,NM_016239.4:c.8992G>C,NP_057323.3:p.Ala2998Pro,0.125,14.63,['Unknown%20significance'],106.77,0.83,0.0,0.0,0.0
MYO15A,17,18158550,NM_016239.4:c.8995G>A,NP_057323.3:p.Asp2999Asn,0.271,26.6,['Unknown%20significance'],137.84,0.86,0.0,-0.1,0.1
MYO15A,17,18158553,NM_016239.4:c.8998C>T,NP_057323.3:p.His3000Tyr,0.179,9.574,['Unknown%20significance'],208.63,1.0,0.0,-0.1,0.1
MYO15A,17,18158560,NM_016239.4:c.9005A>G,NP_057323.3:p.Glu3002Gly,0.214,24.4,['Unknown%20significance'],178.48,0.91,0.0,0.1,0.1
MYO15A,17,18158563,NM_016239.4:c.9008A>T,NP_057323.3:p.Asp3003Val,0.232,23.3,['Unknown%20significance'],158.44,0.99,0.0,-0.1,0.1
MYO15A,17,18158565,NM_016239.4:c.9010G>A,NP_057323.3:p.Ala3004Thr,0.072,4.083,['Unknown%20significance'],99.05,0.77,0.0,-0.1,0.1
MYO15A,17,18158565,NM_016239.4:c.9010G>T,NP_057323.3:p.Ala3004Ser,0.132,1.113,['Unknown%20significance'],99.05,0.77,0.0,-0.0,0.0
MYO15A,17,18158569,NM_016239.4:c.9014T>C,NP_057323.3:p.Leu3005Pro,0.135,17.30,['Unknown%20significance'],193.35,1.0,0.0,0.1,0.1
MYO15A,17,18158571,NM_016239.4:c.9016G>T,NP_057323.3:p.Ala3006Ser,0.184,7.155,['Unknown%20significance'],107.96,0.84,0.0,-0.0,0.0
MYO15A,17,18158572,NM_016239.4:c.9017C>G,NP_057323.3:p.Ala3006Gly,0.160,12.10,['Unknown%20significance'],107.96,0.84,0.0,0.1,0.1
MYO15A,17,18158575,NM_016239.4:c.9020T>G,NP_057323.3:p.Leu3007Arg,0.224,10.20,['Unknown%20significance'],57.04,0.29,0.0,0.1,0.1
MYO15A,17,18158577,NM_016239.4:c.9022C>T,NP_057323.3:p.Pro3008Ser,0.169,10.50,['Unknown%20significance'],79.9,0.5,0.0,-0.2,0.2
MYO15A,17,18158578,NM_016239.4:c.9023C>T,NP_057323.3:p.Pro3008Leu,0.094,11.68,['Unknown%20significance'],79.9,0.5,0.0,-0.3,0.3
MYO15A,17,18158580,NM_016239.4:c.9025C>T,NP_057323.3:p.Pro3009Ser,0.099,13.70,['Unknown%20significance'],80.92,0.51,0.0,0.1,0.1
MYO15A,17,18158583,NM_016239.4:c.9028T>C,NP_057323.3:p.Tyr3010His,0.339,19.59,['Unknown%20significance'],125.54,0.52,0.0,0.7,0.7
MYO15A,17,18158584,NM_016239.4:c.9029A>G,NP_057323.3:p.Tyr3010Cys,0.312,20.6,['Unknown%20significance'],125.54,0.52,0.0,1.5,1.5
MYO15A,17,18158584,NM_016239.4:c.9029A>T,NP_057323.3:p.Tyr3010Phe,0.225,15.00,['Likely%20benign'],125.54,0.52,0.0,0.4,0.4
MYO15A,17,18158586,NM_016239.4:c.9031A>G,NP_057323.3:p.Thr3011Ala,0.227,14.66,['Unknown%20significance'],27.12,0.17,0.0,0.5,0.5
MYO15A,17,18158589,NM_016239.4:c.9034A>G,NP_057323.3:p.Met3012Val,0.633,23.1,['Unknown%20significance'],6.24,0.02,0.0,0.2,0.2
MYO15A,17,18158590,NM_016239.4:c.9035T>C,NP_057323.3:p.Met3012Thr,0.812,26.7,['Unknown%20significance'],6.24,0.02,0.0,2.0,2.0
MYO15A,17,18158592,NM_016239.4:c.9037C>G,NP_057323.3:p.Leu3013Val,0.255,20.8,['Unknown%20significance'],36.19,0.18,0.0,0.3,0.3
MYO15A,17,18158596,NM_016239.4:c.9041A>G,NP_057323.3:p.Glu3014Gly,0.727,28.5,['Unknown%20significance'],8.43,0.04,0.0,1.2,1.2
MYO15A,17,18158601,NM_016239.4:c.9046G>A,NP_057323.3:p.Ala3016Thr,0.756,29.7,['Unknown%20significance'],0.0,0.0,0.0,0.9,0.9
MYO15A,17,18158602,NM_016239.4:c.9047C>G,NP_057323.3:p.Ala3016Gly,0.778,26.8,['Unknown%20significance'],0.0,0.0,0.0,2.1,2.1
MYO15A,17,18158602,NM_016239.4:c.9047C>T,NP_057323.3:p.Ala3016Val,0.716,27.9,['Unknown%20significance'],0.0,0.0,0.0,-0.1,0.1
MYO15A,17,18158605,NM_016239.4:c.9050A>C,NP_057323.3:p.Gln3017Pro,0.749,26.3,['Unknown%20significance'],89.68,0.45,0.0,0.4,0.4
MYO15A,17,18158605,NM_016239.4:c.9050A>G,NP_057323.3:p.Gln3017Arg,0.270,22.2,['Unknown%20significance'],89.68,0.45,0.0,-0.1,0.1
MYO15A,17,18158607,NM_016239.4:c.9052A>G,NP_057323.3:p.Lys3018Glu,0.640,29.2,['Unknown%20significance'],109.33,0.46,0.0,-0.1,0.1
MYO15A,17,18158609,NM_016239.4:c.9054G>T,NP_057323.3:p.Lys3018Asn,0.327,24.7,['Unknown%20significance'],109.33,0.46,0.0,-0.2,0.2
MYO15A,17,18158610,NM_016239.4:c.9055T>C,NP_057323.3:p.Tyr3019His,0.591,23.7,['Unknown%20significance'],45.74,0.19,0.0,1.3,1.3
MYO15A,17,18158615,NM_016239.4:c.9060C>A,NP_057323.3:p.Phe3020Leu,0.779,27.8,['Unknown%20significance'],0.9,0.0,0.0,2.3,2.3
MYO15A,17,18158617,NM_016239.4:c.9062G>C,NP_057323.3:p.Arg3021Pro,0.784,32,['Unknown%20significance'],22.1,0.08,0.0,1.8,1.8
MYO15A,17,18158619,NM_016239.4:c.9064G>C,NP_057323.3:p.Asp3022His,0.459,32,['Unknown%20significance'],69.76,0.43,0.0,-0.3,0.3
MYO15A,17,18158622,NM_016239.4:c.9067C>A,NP_057323.3:p.Pro3023Thr,0.487,25.8,['Unknown%20significance'],14.86,0.09,0.0,0.0,0.0
MYO15A,17,18158622,NM_016239.4:c.9067C>T,NP_057323.3:p.Pro3023Ser,0.289,23.8,['Unknown%20significance'],14.86,0.09,0.0,0.3,0.3
MYO15A,17,18158623,NM_016239.4:c.9068C>T,NP_057323.3:p.Pro3023Leu,0.413,25.1,['Unknown%20significance'],14.86,0.09,0.0,-0.1,0.1
MYO15A,17,18158626,NM_016239.4:c.9071A>G,NP_057323.3:p.Gln3024Arg,0.187,21.5,['Unknown%20significance'],109.6,0.55,0.0,-0.1,0.1
MYO15A,17,18158631,NM_016239.4:c.9076A>G,NP_057323.3:p.Arg3026Gly,0.294,23.0,['Unknown%20significance'],236.93,0.87,0.0,0.2,0.2
MYO15A,17,18158632,NM_016239.4:c.9077G>C,NP_057323.3:p.Arg3026Thr,0.209,18.23,['Unknown%20significance'],236.93,0.87,0.0,0.1,0.1
MYO15A,17,18158635,NM_016239.4:c.9080C>G,NP_057323.3:p.Pro3027Arg,0.247,21.2,['Unknown%20significance'],93.49,0.59,0.0,-0.1,0.1
MYO15A,17,18158635,NM_016239.4:c.9080C>T,NP_057323.3:p.Pro3027Leu,0.242,22.0,['Unknown%20significance'],93.49,0.59,0.0,-0.3,0.3
MYO15A,17,18158930,NM_016239.4:c.9089G>C,NP_057323.3:p.Gly3030Ala,0.249,22.9,['Unknown%20significance'],53.77,0.56,0.0,-0.2,0.2
MYO15A,17,18158930,NM_016239.4:c.9089G>T,NP_057323.3:p.Gly3030Val,0.409,24.2,['Unknown%20significance'],53.77,0.56,0.0,-0.4,0.4
MYO15A,17,18158932,NM_016239.4:c.9091C>T,NP_057323.3:p.Leu3031Phe,0.207,16.96,['Unknown%20significance'],175.95,0.91,0.0,0.0,0.0
MYO15A,17,18158935,NM_016239.4:c.9094A>T,NP_057323.3:p.Arg3032Trp,0.462,26.4,['Unknown%20significance'],234.38,0.86,0.0,-0.1,0.1
MYO15A,17,18158941,NM_016239.4:c.9100A>G,NP_057323.3:p.Lys3034Glu,0.405,23.7,['Unknown%20significance'],246.83,1.0,0.0,-0.0,0.0
MYO15A,17,18158944,NM_016239.4:c.9103T>C,NP_057323.3:p.Ser3035Pro,0.299,22.1,['Unknown%20significance'],82.97,0.6,0.0,0.1,0.1
MYO15A,17,18158945,NM_016239.4:c.9104C>A,NP_057323.3:p.Ser3035Tyr,0.404,21.0,['Unknown%20significance'],82.97,0.6,0.0,-0.3,0.3
MYO15A,17,18158947,NM_016239.4:c.9106A>G,NP_057323.3:p.Lys3036Glu,0.472,24.1,['Unknown%20significance'],240.41,1.0,0.0,-0.0,0.0
MYO15A,17,18158948,NM_016239.4:c.9107A>G,NP_057323.3:p.Lys3036Arg,0.246,22.6,['Unknown%20significance'],240.41,1.0,0.0,-0.1,0.1
MYO15A,17,18158950,NM_016239.4:c.9109G>A,NP_057323.3:p.Glu3037Lys,0.301,20.9,['Unknown%20significance'],133.68,0.68,0.0,0.2,0.2
MYO15A,17,18158953,NM_016239.4:c.9112C>G,NP_057323.3:p.Pro3038Ala,0.064,9.474,['Unknown%20significance'],106.84,0.67,0.0,0.0,0.0
MYO15A,17,18158953,NM_016239.4:c.9112C>T,NP_057323.3:p.Pro3038Ser,0.110,9.390,['Unknown%20significance'],106.84,0.67,0.0,-0.1,0.1
MYO15A,17,18158954,NM_016239.4:c.9113C>T,NP_057323.3:p.Pro3038Leu,0.131,11.98,['Unknown%20significance'],106.84,0.67,0.0,-0.2,0.2
MYO15A,17,18158956,NM_016239.4:c.9115C>T,NP_057323.3:p.Arg3039Trp,0.126,18.68,['Unknown%20significance'],219.24,0.81,0.0,-0.1,0.1
MYO15A,17,18158957,NM_016239.4:c.9116G>A,NP_057323.3:p.Arg3039Gln,0.113,16.00,['Unknown%20significance'],219.24,0.81,0.0,0.1,0.1
MYO15A,17,18158957,NM_016239.4:c.9116G>T,NP_057323.3:p.Arg3039Leu,0.116,18.73,['Unknown%20significance'],219.24,0.81,0.0,0.1,0.1
MYO15A,17,18158959,NM_016239.4:c.9118G>A,NP_057323.3:p.Glu3040Lys,0.404,22.9,['Unknown%20significance'],135.15,0.69,0.0,0.1,0.1
MYO15A,17,18158961,NM_016239.4:c.9120G>C,NP_057323.3:p.Glu3040Asp,0.209,8.002,['Unknown%20significance'],135.15,0.69,0.0,0.1,0.1
MYO15A,17,18158962,NM_016239.4:c.9121T>A,NP_057323.3:p.Ser3041Thr,0.295,22.9,['Unknown%20significance'],28.16,0.2,0.0,-0.2,0.2
MYO15A,17,18158962,NM_016239.4:c.9121T>C,NP_057323.3:p.Ser3041Pro,0.398,23.8,['Unknown%20significance'],28.16,0.2,0.0,0.3,0.3
MYO15A,17,18158966,NM_016239.4:c.9125G>A,NP_057323.3:p.Arg3042Lys,0.223,19.70,['Unknown%20significance'],152.29,0.56,0.0,0.5,0.5
MYO15A,17,18158968,NM_016239.4:c.9127A>G,NP_057323.3:p.Thr3043Ala,0.166,14.16,['Unknown%20significance'],77.11,0.49,0.0,0.2,0.2
MYO15A,17,18158969,NM_016239.4:c.9128C>G,NP_057323.3:p.Thr3043Ser,0.147,6.880,['Unknown%20significance'],77.11,0.49,0.0,0.2,0.2
MYO15A,17,18158969,NM_016239.4:c.9128C>T,NP_057323.3:p.Thr3043Ile,0.096,12.75,['Unknown%20significance'],77.11,0.49,0.0,-0.1,0.1
MYO15A,17,18158975,NM_016239.4:c.9134A>G,NP_057323.3:p.Glu3045Gly,0.387,24.2,['Unknown%20significance'],124.37,0.63,0.0,0.3,0.3
MYO15A,17,18158976,NM_016239.4:c.9135G>T,NP_057323.3:p.Glu3045Asp,0.226,19.05,['Unknown%20significance'],124.37,0.63,0.0,0.1,0.1
MYO15A,17,18158978,NM_016239.4:c.9137A>T,NP_057323.3:p.Asp3046Val,0.755,29.5,['Unknown%20significance'],54.57,0.34,0.0,-0.6,0.6
MYO15A,17,18158980,NM_016239.4:c.9139A>G,NP_057323.3:p.Met3047Val,0.300,22.7,['Unknown%20significance'],0.22,0.0,0.0,0.4,0.4
MYO15A,17,18158981,NM_016239.4:c.9140T>C,NP_057323.3:p.Met3047Thr,0.678,23.6,['Unknown%20significance'],0.22,0.0,0.0,1.9,1.9
MYO15A,17,18158983,NM_016239.4:c.9142C>T,NP_057323.3:p.Leu3048Phe,0.586,25.7,['Unknown%20significance'],7.85,0.04,0.0,0.1,0.1
MYO15A,17,18158984,NM_016239.4:c.9143T>C,NP_057323.3:p.Leu3048Pro,0.835,29.2,['Unknown%20significance'],7.85,0.04,0.0,3.2,3.2
MYO15A,17,18158987,NM_016239.4:c.9146G>A,NP_057323.3:p.Cys3049Tyr,0.383,23.3,['Unknown%20significance'],42.64,0.27,0.0,-0.7,0.7
MYO15A,17,18158987,NM_016239.4:c.9146G>C,NP_057323.3:p.Cys3049Ser,0.258,22.9,['Unknown%20significance'],42.64,0.27,0.0,0.3,0.3
MYO15A,17,18158991,NM_016239.4:c.9150C>A,NP_057323.3:p.Phe3050Leu,0.787,26.2,['Unknown%20significance'],12.75,0.05,0.0,1.4,1.4
MYO15A,17,18158992,NM_016239.4:c.9151A>T,NP_057323.3:p.Thr3051Ser,0.237,18.47,['Unknown%20significance'],29.06,0.18,0.0,0.4,0.4
MYO15A,17,18158996,NM_016239.4:c.9155A>G,NP_057323.3:p.Lys3052Arg,0.472,33,['Unknown%20significance'],159.3,0.67,0.0,-0.3,0.3
MYO15A,17,18158996,NM_016239.4:c.9155A>T,NP_057323.3:p.Lys3052Met,0.783,34,['Unknown%20significance'],159.3,0.67,0.0,-0.1,0.1
MYO15A,17,18159278,NM_016239.4:c.9160C>G,NP_057323.3:p.Pro3054Ala,0.651,23.1,['Unknown%20significance'],41.49,0.26,0.0,0.8,0.8
MYO15A,17,18159278,NM_016239.4:c.9160C>T,NP_057323.3:p.Pro3054Ser,0.705,23.5,['Unknown%20significance'],41.49,0.26,0.0,1.0,1.0
MYO15A,17,18159279,NM_016239.4:c.9161C>T,NP_057323.3:p.Pro3054Leu,0.677,23.6,['Unknown%20significance'],41.49,0.26,0.0,0.3,0.3
MYO15A,17,18159281,NM_016239.4:c.9163C>A,NP_057323.3:p.Leu3055Ile,0.251,9.681,['Unknown%20significance'],10.43,0.05,0.0,-0.2,0.2
MYO15A,17,18159281,NM_016239.4:c.9163C>G,NP_057323.3:p.Leu3055Val,0.330,18.29,['Unknown%20significance'],10.43,0.05,0.0,0.8,0.8
MYO15A,17,18159282,NM_016239.4:c.9164T>C,NP_057323.3:p.Leu3055Pro,0.745,27.2,['Unknown%20significance'],10.43,0.05,0.0,3.0,3.0
MYO15A,17,18159285,NM_016239.4:c.9167A>C,NP_057323.3:p.Gln3056Pro,0.641,25.9,['Unknown%20significance'],135.92,0.68,0.0,0.2,0.2
MYO15A,17,18159286,NM_016239.4:c.9168G>T,NP_057323.3:p.Gln3056His,0.390,22.4,['Unknown%20significance'],135.92,0.68,0.0,-0.0,0.0
MYO15A,17,18159290,NM_016239.4:c.9172T>A,NP_057323.3:p.Ser3058Thr,0.767,25.7,['Unknown%20significance'],0.24,0.0,0.0,-0.3,0.3
MYO15A,17,18159290,NM_016239.4:c.9172T>C,NP_057323.3:p.Ser3058Pro,0.628,24.6,['Unknown%20significance'],0.24,0.0,0.0,-0.8,0.8
MYO15A,17,18159291,NM_016239.4:c.9173C>A,NP_057323.3:p.Ser3058Tyr,0.817,25.6,['Unknown%20significance'],0.24,0.0,0.0,-1.4,1.4
MYO15A,17,18159291,NM_016239.4:c.9173C>T,NP_057323.3:p.Ser3058Phe,0.796,26.4,['Unknown%20significance'],0.24,0.0,0.0,-1.4,1.4
MYO15A,17,18159293,NM_016239.4:c.9175C>T,NP_057323.3:p.Leu3059Phe,0.775,24.9,['Unknown%20significance'],0.0,0.0,0.0,1.2,1.2
MYO15A,17,18159294,NM_016239.4:c.9176T>C,NP_057323.3:p.Leu3059Pro,0.873,25.3,['Unknown%20significance'],0.0,0.0,0.0,4.4,4.4
MYO15A,17,18159296,NM_016239.4:c.9178A>G,NP_057323.3:p.Ile3060Val,0.546,24.8,['Unknown%20significance'],10.43,0.05,0.0,0.5,0.5
MYO15A,17,18159299,NM_016239.4:c.9181G>A,NP_057323.3:p.Glu3061Lys,0.467,23.9,['Unknown%20significance'],10.1,0.05,0.0,0.0,0.0
MYO15A,17,18159301,NM_016239.4:c.9183A>C,NP_057323.3:p.Glu3061Asp,0.296,16.06,['Unknown%20significance'],10.1,0.05,0.0,0.5,0.5
MYO15A,17,18159302,NM_016239.4:c.9184C>G,NP_057323.3:p.Leu3062Val,0.313,21.0,['Unknown%20significance'],6.61,0.03,0.0,0.8,0.8
MYO15A,17,18159305,NM_016239.4:c.9187A>C,NP_057323.3:p.Ser3063Arg,0.576,24.8,['Unknown%20significance'],12.79,0.09,0.0,-0.5,0.5
MYO15A,17,18159306,NM_016239.4:c.9188G>T,NP_057323.3:p.Ser3063Ile,0.611,23.8,['Unknown%20significance'],12.79,0.09,0.0,-0.3,0.3
MYO15A,17,18159308,NM_016239.4:c.9190G>A,NP_057323.3:p.Asp3064Asn,0.325,22.7,['Unknown%20significance'],96.1,0.6,0.0,-0.1,0.1
MYO15A,17,18159308,NM_016239.4:c.9190G>C,NP_057323.3:p.Asp3064His,0.640,26.5,['Unknown%20significance'],96.1,0.6,0.0,-0.2,0.2
MYO15A,17,18159318,NM_016239.4:c.9200T>G,NP_057323.3:p.Leu3067Arg,0.831,28.4,['Unknown%20significance'],30.02,0.15,0.0,0.9,0.9
MYO15A,17,18159322,NM_016239.4:c.9204C>G,NP_057323.3:p.Ser3068Arg,0.244,23.2,['Unknown%20significance'],7.95,0.05,0.0,-0.8,0.8
MYO15A,17,18159324,NM_016239.4:c.9206A>G,NP_057323.3:p.Lys3069Arg,0.189,19.19,['Unknown%20significance'],184.24,0.77,0.0,-0.2,0.2
MYO15A,17,18159326,NM_016239.4:c.9208A>C,NP_057323.3:p.Met3070Leu,0.320,18.42,['Unknown%20significance'],30.96,0.14,0.0,-0.4,0.4
MYO15A,17,18159328,NM_016239.4:c.9210G>A,NP_057323.3:p.Met3070Ile,0.233,22.4,['Unknown%20significance'],30.96,0.14,0.0,-0.4,0.4
MYO15A,17,18159330,NM_016239.4:c.9212C>T,NP_057323.3:p.Ala3071Val,0.900,28.1,['Unknown%20significance'],0.0,0.0,0.0,-0.0,0.0
MYO15A,17,18159332,NM_016239.4:c.9214A>C,NP_057323.3:p.Thr3072Pro,0.671,22.5,['Unknown%20significance'],24.56,0.15,0.0,1.0,1.0
MYO15A,17,18159332,NM_016239.4:c.9214A>G,NP_057323.3:p.Thr3072Ala,0.166,12.98,['Unknown%20significance'],24.56,0.15,0.0,0.2,0.2
MYO15A,17,18159335,NM_016239.4:c.9217G>A,NP_057323.3:p.Asp3073Asn,0.458,29.0,['Unknown%20significance'],78.91,0.49,0.0,-0.2,0.2
MYO15A,17,18159338,NM_016239.4:c.9220A>G,NP_057323.3:p.Met3074Val,0.294,20.5,['Unknown%20significance'],0.0,0.0,0.0,-0.5,0.5
MYO15A,17,18159339,NM_016239.4:c.9221T>C,NP_057323.3:p.Met3074Thr,0.376,22.5,['Pathogenic'],0.0,0.0,0.0,1.7,1.7
MYO15A,17,18159341,NM_016239.4:c.9223T>C,NP_057323.3:p.Phe3075Leu,0.954,29.9,['Unknown%20significance'],0.0,0.0,0.0,2.1,2.1
MYO15A,17,18159343,NM_016239.4:c.9225C>G,NP_057323.3:p.Phe3075Leu,0.900,24.9,['Unknown%20significance'],0.0,0.0,0.0,2.1,2.1
MYO15A,17,18159347,NM_016239.4:c.9229G>A,NP_057323.3:p.Ala3077Thr,0.657,35,['Unknown%20significance'],0.0,0.0,0.0,0.5,0.5
MYO15A,17,18159347,NM_016239.4:c.9229G>C,NP_057323.3:p.Ala3077Pro,0.906,37,['Unknown%20significance'],0.0,0.0,0.0,1.4,1.4
MYO15A,17,18159608,NM_016239.4:c.9232G>A,NP_057323.3:p.Val3078Ile,0.403,22.3,['Unknown%20significance'],0.0,0.0,0.0,-1.1,1.1
MYO15A,17,18159608,NM_016239.4:c.9232G>C,NP_057323.3:p.Val3078Leu,0.402,22.5,['Unknown%20significance'],0.0,0.0,0.0,-0.1,0.1
MYO15A,17,18159612,NM_016239.4:c.9236T>G,NP_057323.3:p.Met3079Arg,0.959,28.7,['Unknown%20significance'],0.05,0.0,0.0,2.0,2.0
MYO15A,17,18159615,NM_016239.4:c.9239G>A,NP_057323.3:p.Arg3080Lys,0.296,15.59,['Unknown%20significance'],14.46,0.05,0.0,1.0,1.0
MYO15A,17,18159616,NM_016239.4:c.9240G>T,NP_057323.3:p.Arg3080Ser,0.564,23.3,['Unknown%20significance'],14.46,0.05,0.0,1.5,1.5
MYO15A,17,18159619,NM_016239.4:c.9243C>A,NP_057323.3:p.Phe3081Leu,0.823,32,['Unknown%20significance'],0.0,0.0,0.0,1.8,1.8
MYO15A,17,18159620,NM_016239.4:c.9244A>G,NP_057323.3:p.Met3082Val,0.930,26.3,['Unknown%20significance'],0.0,0.0,0.0,1.3,1.3
MYO15A,17,18159621,NM_016239.4:c.9245T>C,NP_057323.3:p.Met3082Thr,0.949,27.6,['Unknown%20significance'],0.0,0.0,0.0,2.6,2.6
MYO15A,17,18159622,NM_016239.4:c.9246G>T,NP_057323.3:p.Met3082Ile,0.909,28.7,['Unknown%20significance'],0.0,0.0,0.0,0.6,0.6
MYO15A,17,18159623,NM_016239.4:c.9247G>A,NP_057323.3:p.Gly3083Arg,0.942,32,['Unknown%20significance'],8.89,0.09,0.0,0.4,0.4
MYO15A,17,18159626,NM_016239.4:c.9250G>A,NP_057323.3:p.Asp3084Asn,0.785,29.8,['Unknown%20significance'],33.66,0.21,0.0,0.3,0.3
MYO15A,17,18159627,NM_016239.4:c.9251A>G,NP_057323.3:p.Asp3084Gly,0.913,33,['Unknown%20significance'],33.66,0.21,0.0,1.4,1.4
MYO15A,17,18159630,NM_016239.4:c.9254C>T,NP_057323.3:p.Ala3085Val,0.234,16.92,['Unknown%20significance'],2.65,0.02,0.0,-0.8,0.8
MYO15A,17,18159633,NM_016239.4:c.9257C>G,NP_057323.3:p.Pro3086Arg,0.826,25.6,['Unknown%20significance'],89.97,0.57,0.0,0.2,0.2
MYO15A,17,18159642,NM_016239.4:c.9266G>A,NP_057323.3:p.Gly3089Asp,0.763,25.0,['Unknown%20significance'],91.4,0.95,0.0,-0.0,0.0
MYO15A,17,18159645,NM_016239.4:c.9269A>C,NP_057323.3:p.Gln3090Pro,0.842,28.0,['Unknown%20significance'],50.83,0.25,0.0,0.8,0.8
MYO15A,17,18159646,NM_016239.4:c.9270G>C,NP_057323.3:p.Gln3090His,0.772,23.8,['Unknown%20significance'],50.83,0.25,0.0,-0.0,0.0
MYO15A,17,18159650,NM_016239.4:c.9274G>A,NP_057323.3:p.Asp3092Asn,0.508,26.2,['Unknown%20significance'],45.18,0.28,0.0,-0.2,0.2
MYO15A,17,18159652,NM_016239.4:c.9276C>G,NP_057323.3:p.Asp3092Glu,0.207,11.77,['Unknown%20significance'],45.18,0.28,0.0,-0.2,0.2
MYO15A,17,18159653,NM_016239.4:c.9277C>G,NP_057323.3:p.Leu3093Val,0.410,23.2,['Unknown%20significance'],64.06,0.33,0.0,0.2,0.2
MYO15A,17,18159654,NM_016239.4:c.9278T>C,NP_057323.3:p.Leu3093Pro,0.865,25.9,['Unknown%20significance'],64.06,0.33,0.0,1.6,1.6
MYO15A,17,18159656,NM_016239.4:c.9280G>C,NP_057323.3:p.Asp3094His,0.704,32,['Unknown%20significance'],60.62,0.37,0.0,-0.5,0.5
MYO15A,17,18159658,NM_016239.4:c.9282C>A,NP_057323.3:p.Asp3094Glu,0.288,0.267,['Unknown%20significance'],60.62,0.37,0.0,-0.2,0.2
MYO15A,17,18159659,NM_016239.4:c.9283G>A,NP_057323.3:p.Val3095Met,0.536,23.2,['Unknown%20significance'],0.0,0.0,0.0,0.2,0.2
MYO15A,17,18159662,NM_016239.4:c.9286C>A,NP_057323.3:p.Leu3096Ile,0.331,22.9,['Unknown%20significance'],0.67,0.0,0.0,-0.2,0.2
MYO15A,17,18159662,NM_016239.4:c.9286C>T,NP_057323.3:p.Leu3096Phe,0.658,32,['Unknown%20significance'],0.67,0.0,0.0,0.3,0.3
MYO15A,17,18159663,NM_016239.4:c.9287T>A,NP_057323.3:p.Leu3096His,0.864,29.6,['Unknown%20significance'],0.67,0.0,0.0,2.4,2.4
MYO15A,17,18159665,NM_016239.4:c.9289T>C,NP_057323.3:p.Cys3097Arg,0.313,18.40,['Unknown%20significance'],29.65,0.19,0.0,-0.1,0.1
MYO15A,17,18159671,NM_016239.4:c.9295C>A,NP_057323.3:p.Leu3099Ile,0.214,14.61,['Unknown%20significance'],0.0,0.0,0.0,-1.0,1.0
MYO15A,17,18159671,NM_016239.4:c.9295C>T,NP_057323.3:p.Leu3099Phe,0.418,18.38,['Unknown%20significance'],0.0,0.0,0.0,0.4,0.4
MYO15A,17,18159672,NM_016239.4:c.9296T>G,NP_057323.3:p.Leu3099Arg,0.902,27.7,['Unknown%20significance'],0.0,0.0,0.0,3.1,3.1
MYO15A,17,18159677,NM_016239.4:c.9301A>C,NP_057323.3:p.Lys3101Gln,0.573,26.1,['Unknown%20significance'],100.68,0.42,0.0,-0.4,0.4
MYO15A,17,18159678,NM_016239.4:c.9302A>G,NP_057323.3:p.Lys3101Arg,0.651,33,['Unknown%20significance'],100.68,0.42,0.0,-0.6,0.6
MYO15A,17,18159938,NM_016239.4:c.9307T>C,NP_057323.3:p.Cys3103Arg,0.774,27.6,['Unknown%20significance'],0.0,0.0,0.0,1.2,1.2
MYO15A,17,18159941,NM_016239.4:c.9310G>A,NP_057323.3:p.Gly3104Arg,0.366,16.70,['Unknown%20significance'],25.44,0.26,0.0,-1.2,1.2
MYO15A,17,18159941,NM_016239.4:c.9310G>T,NP_057323.3:p.Gly3104Trp,0.623,23.7,['Unknown%20significance'],25.44,0.26,0.0,-2.1,2.1
MYO15A,17,18159942,NM_016239.4:c.9311G>A,NP_057323.3:p.Gly3104Glu,0.403,7.330,['Unknown%20significance'],25.44,0.26,0.0,-0.6,0.6
MYO15A,17,18159944,NM_016239.4:c.9313G>A,NP_057323.3:p.Asp3105Asn,0.407,24.4,['Unknown%20significance'],144.87,0.9,0.0,-0.0,0.0
MYO15A,17,18159944,NM_016239.4:c.9313G>C,NP_057323.3:p.Asp3105His,0.623,26.6,['Unknown%20significance'],144.87,0.9,0.0,-0.1,0.1
MYO15A,17,18159947,NM_016239.4:c.9316C>G,NP_057323.3:p.His3106Asp,0.702,24.2,['Unknown%20significance'],80.54,0.39,0.0,1.1,1.1
MYO15A,17,18159951,NM_016239.4:c.9320A>C,NP_057323.3:p.Glu3107Ala,0.720,28.4,['Unknown%20significance'],29.52,0.15,0.0,-0.0,0.0
MYO15A,17,18159953,NM_016239.4:c.9322G>A,NP_057323.3:p.Val3108Ile,0.272,21.5,['Unknown%20significance'],12.37,0.07,0.0,-0.2,0.2
MYO15A,17,18159956,NM_016239.4:c.9325A>T,NP_057323.3:p.Met3109Leu,0.254,14.96,['Unknown%20significance'],0.0,0.0,0.0,-1.4,1.4
MYO15A,17,18159957,NM_016239.4:c.9326T>C,NP_057323.3:p.Met3109Thr,0.822,23.8,['Unknown%20significance'],0.0,0.0,0.0,1.7,1.7
MYO15A,17,18159957,NM_016239.4:c.9326T>G,NP_057323.3:p.Met3109Arg,0.887,28.5,['Unknown%20significance'],0.0,0.0,0.0,1.0,1.0
MYO15A,17,18159959,NM_016239.4:c.9328C>T,NP_057323.3:p.Arg3110Trp,0.941,26.4,['Unknown%20significance'],18.83,0.06,0.0,0.6,0.6
MYO15A,17,18159960,NM_016239.4:c.9329G>A,NP_057323.3:p.Arg3110Gln,0.858,23.6,['Unknown%20significance'],18.83,0.06,0.0,1.6,1.6
MYO15A,17,18159962,NM_016239.4:c.9331G>A,NP_057323.3:p.Asp3111Asn,0.885,30,['Unknown%20significance'],4.31,0.02,0.0,0.2,0.2
MYO15A,17,18159965,NM_016239.4:c.9334G>A,NP_057323.3:p.Glu3112Lys,0.967,32,['Unknown%20significance'],0.0,0.0,0.0,0.7,0.7
MYO15A,17,18159968,NM_016239.4:c.9337T>C,NP_057323.3:p.Cys3113Arg,0.778,24.2,['Unknown%20significance'],0.0,0.0,0.0,0.9,0.9
MYO15A,17,18159969,NM_016239.4:c.9338G>A,NP_057323.3:p.Cys3113Tyr,0.724,25.8,['Unknown%20significance'],0.0,0.0,0.0,-0.6,0.6
MYO15A,17,18159974,NM_016239.4:c.9343T>C,NP_057323.3:p.Cys3115Arg,0.959,29.9,['Unknown%20significance'],0.0,0.0,0.0,3.6,3.6
MYO15A,17,18159975,NM_016239.4:c.9344G>A,NP_057323.3:p.Cys3115Tyr,0.967,29.9,['Unknown%20significance'],0.0,0.0,0.0,1.7,1.7
MYO15A,17,18159977,NM_016239.4:c.9346C>G,NP_057323.3:p.Gln3116Glu,0.944,25.2,['Unknown%20significance'],0.0,0.0,0.0,1.3,1.3
MYO15A,17,18159979,NM_016239.4:c.9348A>C,NP_057323.3:p.Gln3116His,0.766,22.0,['Unknown%20significance'],0.0,0.0,0.0,0.3,0.3
MYO15A,17,18159980,NM_016239.4:c.9349G>A,NP_057323.3:p.Val3117Ile,0.240,9.405,['Unknown%20significance'],0.0,0.0,0.0,-0.8,0.8
MYO15A,17,18159980,NM_016239.4:c.9349G>C,NP_057323.3:p.Val3117Leu,0.345,12.04,['Unknown%20significance'],0.0,0.0,0.0,-0.5,0.5
MYO15A,17,18159981,NM_016239.4:c.9350T>A,NP_057323.3:p.Val3117Asp,0.907,29.3,['Unknown%20significance'],0.0,0.0,0.0,4.5,4.5
MYO15A,17,18159981,NM_016239.4:c.9350T>C,NP_057323.3:p.Val3117Ala,0.778,24.6,['Unknown%20significance'],0.0,0.0,0.0,2.8,2.8
MYO15A,17,18159987,NM_016239.4:c.9356A>G,NP_057323.3:p.Lys3119Arg,0.795,29.3,['Unknown%20significance'],3.03,0.01,0.0,-0.9,0.9
MYO15A,17,18159991,NM_016239.4:c.9360G>T,NP_057323.3:p.Gln3120His,0.941,25.7,['Unknown%20significance'],0.0,0.0,0.0,0.6,0.6
MYO15A,17,18159992,NM_016239.4:c.9361A>T,NP_057323.3:p.Ile3121Phe,0.656,23.5,['Unknown%20significance'],3.07,0.01,0.0,0.2,0.2
MYO15A,17,18159993,NM_016239.4:c.9362T>A,NP_057323.3:p.Ile3121Asn,0.847,28.9,['Unknown%20significance'],3.07,0.01,0.0,2.1,2.1
MYO15A,17,18159995,NM_016239.4:c.9364A>G,NP_057323.3:p.Thr3122Ala,0.943,27.4,['Unknown%20significance'],38.94,0.24,0.0,1.0,1.0
MYO15A,17,18159996,NM_016239.4:c.9365C>T,NP_057323.3:p.Thr3122Ile,0.939,27.6,['Unknown%20significance'],38.94,0.24,0.0,0.2,0.2
MYO15A,17,18159999,NM_016239.4:c.9368A>G,NP_057323.3:p.Asp3123Gly,0.328,22.0,['Unknown%20significance'],122.08,0.76,0.0,0.2,0.2
MYO15A,17,18160000,NM_016239.4:c.9369C>A,NP_057323.3:p.Asp3123Glu,0.171,19.20,['Unknown%20significance'],122.08,0.76,0.0,-0.0,0.0
MYO15A,17,18160001,NM_016239.4:c.9370A>G,NP_057323.3:p.Asn3124Asp,0.898,27.0,['Unknown%20significance'],25.26,0.15,0.0,0.7,0.7
MYO15A,17,18160002,NM_016239.4:c.9371A>G,NP_057323.3:p.Asn3124Ser,0.808,25.0,['Unknown%20significance'],25.26,0.15,0.0,0.8,0.8
MYO15A,17,18160005,NM_016239.4:c.9374C>T,NP_057323.3:p.Thr3125Ile,0.686,25.0,['Unknown%20significance'],107.57,0.68,0.0,0.1,0.1
MYO15A,17,18160011,NM_016239.4:c.9380C>G,NP_057323.3:p.Ser3127Cys,0.659,24.7,['Unknown%20significance'],122.37,0.88,0.0,0.1,0.1
MYO15A,17,18160011,NM_016239.4:c.9380C>T,NP_057323.3:p.Ser3127Phe,0.686,24.9,['Unknown%20significance'],122.37,0.88,0.0,-0.0,0.0
MYO15A,17,18160013,NM_016239.4:c.9382A>C,NP_057323.3:p.Lys3128Gln,0.730,24.9,['Unknown%20significance'],107.11,0.45,0.0,-0.3,0.3
MYO15A,17,18160013,NM_016239.4:c.9382A>G,NP_057323.3:p.Lys3128Glu,0.766,27.5,['Unknown%20significance'],107.11,0.45,0.0,-0.1,0.1
MYO15A,17,18160015,NM_016239.4:c.9384G>C,NP_057323.3:p.Lys3128Asn,0.586,26.0,['Unknown%20significance'],107.11,0.45,0.0,-0.3,0.3
MYO15A,17,18161318,NM_016239.4:c.9388G>C,NP_057323.3:p.Asp3130His,0.808,33,['Unknown%20significance'],92.59,0.57,0.0,-0.2,0.2
MYO15A,17,18161318,NM_016239.4:c.9388G>T,NP_057323.3:p.Asp3130Tyr,0.812,33,['Unknown%20significance'],92.59,0.57,0.0,-0.4,0.4
MYO15A,17,18161320,NM_016239.4:c.9390C>G,NP_057323.3:p.Asp3130Glu,0.394,22.8,['Unknown%20significance'],92.59,0.57,0.0,-0.1,0.1
MYO15A,17,18161322,NM_016239.4:c.9392G>A,NP_057323.3:p.Ser3131Asn,0.822,29.0,['Unknown%20significance'],0.0,0.0,0.0,0.4,0.4
MYO15A,17,18161324,NM_016239.4:c.9394T>C,NP_057323.3:p.Cys3132Arg,0.896,32,['Unknown%20significance'],9.71,0.06,0.0,-0.0,0.0
MYO15A,17,18161325,NM_016239.4:c.9395G>T,NP_057323.3:p.Cys3132Phe,0.904,31,['Unknown%20significance'],9.71,0.06,0.0,-0.7,0.7
MYO15A,17,18161328,NM_016239.4:c.9398A>G,NP_057323.3:p.Gln3133Arg,0.829,27.1,['Unknown%20significance'],92.64,0.46,0.0,-0.2,0.2
MYO15A,17,18161328,NM_016239.4:c.9398A>T,NP_057323.3:p.Gln3133Leu,0.841,25.2,['Unknown%20significance'],92.64,0.46,0.0,-0.4,0.4
MYO15A,17,18161331,NM_016239.4:c.9401G>A,NP_057323.3:p.Arg3134Gln,0.867,32,['Unknown%20significance'],45.21,0.16,0.0,0.8,0.8
MYO15A,17,18161331,NM_016239.4:c.9401G>C,NP_057323.3:p.Arg3134Pro,0.900,32,['Unknown%20significance'],45.21,0.16,0.0,1.7,1.7
MYO15A,17,18161334,NM_016239.4:c.9404G>C,NP_057323.3:p.Gly3135Ala,0.885,29.7,['Unknown%20significance'],0.0,0.0,0.0,0.2,0.2
MYO15A,17,18161338,NM_016239.4:c.9408G>C,NP_057323.3:p.Trp3136Cys,0.944,32,['Likely%20pathogenic'],4.33,0.01,0.0,5.1,5.1
MYO15A,17,18161343,NM_016239.4:c.9413T>A,NP_057323.3:p.Leu3138Gln,0.995,31,['Pathogenic'],0.0,0.0,0.0,5.0,5.0
MYO15A,17,18161351,NM_016239.4:c.9421A>G,NP_057323.3:p.Ile3141Val,0.670,26.5,['Unknown%20significance'],0.0,0.0,0.0,0.6,0.6
MYO15A,17,18161353,NM_016239.4:c.9423C>G,NP_057323.3:p.Ile3141Met,0.707,22.4,['Unknown%20significance'],0.0,0.0,0.0,1.3,1.3
MYO15A,17,18161354,NM_016239.4:c.9424G>A,NP_057323.3:p.Val3142Met,0.392,14.18,['Unknown%20significance'],0.0,0.0,0.0,1.0,1.0
MYO15A,17,18161354,NM_016239.4:c.9424G>C,NP_057323.3:p.Val3142Leu,0.364,6.638,['Unknown%20significance'],0.0,0.0,0.0,-0.3,0.3
MYO15A,17,18161357,NM_016239.4:c.9427A>C,NP_057323.3:p.Thr3143Pro,0.753,24.2,['Unknown%20significance'],0.0,0.0,0.0,1.4,1.4
MYO15A,17,18161357,NM_016239.4:c.9427A>T,NP_057323.3:p.Thr3143Ser,0.618,18.45,['Unknown%20significance'],0.0,0.0,0.0,1.2,1.2
MYO15A,17,18161360,NM_016239.4:c.9430G>A,NP_057323.3:p.Ala3144Thr,0.862,29.2,['Unknown%20significance'],0.0,0.0,0.0,0.6,0.6
MYO15A,17,18161361,NM_016239.4:c.9431C>T,NP_057323.3:p.Ala3144Val,0.893,27.2,['Unknown%20significance'],0.0,0.0,0.0,-1.0,1.0
MYO15A,17,18161366,NM_016239.4:c.9436C>A,NP_057323.3:p.His3146Asn,0.671,20.4,['Unknown%20significance'],13.08,0.06,0.0,1.2,1.2
MYO15A,17,18161366,NM_016239.4:c.9436C>T,NP_057323.3:p.His3146Tyr,0.297,16.43,['Likely%20benign'],13.08,0.06,0.0,-2.5,2.5
MYO15A,17,18161367,NM_016239.4:c.9437A>C,NP_057323.3:p.His3146Pro,0.799,25.7,['Pathogenic'],13.08,0.06,0.0,1.4,1.4
MYO15A,17,18161367,NM_016239.4:c.9437A>G,NP_057323.3:p.His3146Arg,0.754,22.0,['Unknown%20significance'],13.08,0.06,0.0,0.4,0.4
MYO15A,17,18161368,NM_016239.4:c.9438C>A,NP_057323.3:p.His3146Gln,0.763,22.4,['Unknown%20significance'],13.08,0.06,0.0,0.9,0.9
MYO15A,17,18161369,NM_016239.4:c.9439A>G,NP_057323.3:p.Ser3147Gly,0.502,22.3,['Unknown%20significance'],21.28,0.15,0.0,0.6,0.6
MYO15A,17,18161373,NM_016239.4:c.9443G>A,NP_057323.3:p.Cys3148Tyr,0.897,29.3,['Likely%20pathogenic'],2.49,0.01,0.0,-0.6,0.6
MYO15A,17,18161376,NM_016239.4:c.9446C>G,NP_057323.3:p.Ser3149Cys,0.952,27.4,['Unknown%20significance'],14.14,0.1,0.0,0.4,0.4
MYO15A,17,18161381,NM_016239.4:c.9451G>T,NP_057323.3:p.Val3151Phe,0.704,26.9,['Unknown%20significance'],41.39,0.24,0.0,-0.0,0.0
MYO15A,17,18161384,NM_016239.4:c.9454C>G,NP_057323.3:p.Leu3152Val,0.723,23.7,['Unknown%20significance'],0.0,0.0,0.0,1.2,1.2
MYO15A,17,18161384,NM_016239.4:c.9454C>T,NP_057323.3:p.Leu3152Phe,0.567,20.4,['Unknown%20significance'],0.0,0.0,0.0,0.1,0.1
MYO15A,17,18161385,NM_016239.4:c.9455T>A,NP_057323.3:p.Leu3152His,0.935,29.8,['Unknown%20significance'],0.0,0.0,0.0,2.8,2.8
MYO15A,17,18161387,NM_016239.4:c.9457C>T,NP_057323.3:p.His3153Tyr,0.302,20.9,['Unknown%20significance'],37.08,0.18,0.0,-1.1,1.1
MYO15A,17,18161390,NM_016239.4:c.9460C>T,NP_057323.3:p.Pro3154Ser,0.673,25.0,['Unknown%20significance'],53.28,0.33,0.0,0.6,0.6
MYO15A,17,18161391,NM_016239.4:c.9461C>G,NP_057323.3:p.Pro3154Arg,0.712,26.3,['Unknown%20significance'],53.28,0.33,0.0,-0.2,0.2
MYO15A,17,18161391,NM_016239.4:c.9461C>T,NP_057323.3:p.Pro3154Leu,0.642,26.7,['Unknown%20significance'],53.28,0.33,0.0,-0.6,0.6
MYO15A,17,18161393,NM_016239.4:c.9463C>A,NP_057323.3:p.His3155Asn,0.486,17.99,['Unknown%20significance'],5.24,0.02,0.0,1.7,1.7
MYO15A,17,18161397,NM_016239.4:c.9467T>C,NP_057323.3:p.Leu3156Pro,0.921,29.8,['Pathogenic'],0.0,0.0,0.0,4.5,4.5
MYO15A,17,18161400,NM_016239.4:c.9470C>T,NP_057323.3:p.Thr3157Ile,0.210,10.96,['Unknown%20significance'],13.33,0.08,0.0,-1.5,1.5
MYO15A,17,18161402,NM_016239.4:c.9472C>T,NP_057323.3:p.Arg3158Cys,0.407,24.0,['Unknown%20significance'],62.49,0.23,0.0,0.2,0.2
MYO15A,17,18161403,NM_016239.4:c.9473G>A,NP_057323.3:p.Arg3158His,0.175,14.36,['Unknown%20significance'],62.49,0.23,0.0,0.2,0.2
MYO15A,17,18161403,NM_016239.4:c.9473G>T,NP_057323.3:p.Arg3158Leu,0.461,22.3,['Unknown%20significance'],62.49,0.23,0.0,-0.7,0.7
MYO15A,17,18161408,NM_016239.4:c.9478C>G,NP_057323.3:p.Leu3160Val,0.555,24.1,['Unknown%20significance'],0.0,0.0,0.0,1.0,1.0
MYO15A,17,18161408,NM_016239.4:c.9478C>T,NP_057323.3:p.Leu3160Phe,0.729,23.0,['Benign'],0.0,0.0,0.0,0.7,0.7
MYO15A,17,18161409,NM_016239.4:c.9479T>C,NP_057323.3:p.Leu3160Pro,0.896,28.8,['Unknown%20significance'],0.0,0.0,0.0,4.3,4.3
MYO15A,17,18161411,NM_016239.4:c.9481C>G,NP_057323.3:p.Gln3161Glu,0.454,18.61,['Unknown%20significance'],51.62,0.26,0.0,0.4,0.4
MYO15A,17,18161412,NM_016239.4:c.9482A>C,NP_057323.3:p.Gln3161Pro,0.715,23.0,['Unknown%20significance'],51.62,0.26,0.0,0.8,0.8
MYO15A,17,18161417,NM_016239.4:c.9487G>A,NP_057323.3:p.Val3163Met,0.278,12.73,['Unknown%20significance'],18.29,0.1,0.0,0.0,0.0
MYO15A,17,18161421,NM_016239.4:c.9491G>A,NP_057323.3:p.Ser3164Asn,0.447,18.70,['Unknown%20significance'],23.76,0.17,0.0,0.2,0.2
MYO15A,17,18161422,NM_016239.4:c.9492C>A,NP_057323.3:p.Ser3164Arg,0.488,23.5,['Unknown%20significance'],23.76,0.17,0.0,-0.4,0.4
MYO15A,17,18161423,NM_016239.4:c.9493C>G,NP_057323.3:p.Arg3165Gly,0.343,17.44,['Unknown%20significance'],170.32,0.63,0.0,0.7,0.7
MYO15A,17,18161423,NM_016239.4:c.9493C>T,NP_057323.3:p.Arg3165Trp,0.217,18.46,['Likely%20benign'],170.32,0.63,0.0,-0.1,0.1
MYO15A,17,18161424,NM_016239.4:c.9494G>A,NP_057323.3:p.Arg3165Gln,0.116,16.18,['Likely%20benign'],170.32,0.63,0.0,0.1,0.1
MYO15A,17,18161424,NM_016239.4:c.9494G>T,NP_057323.3:p.Arg3165Leu,0.260,18.76,['Unknown%20significance'],170.32,0.63,0.0,0.1,0.1
MYO15A,17,18161426,NM_016239.4:c.9496A>G,NP_057323.3:p.Thr3166Ala,0.138,16.90,['Unknown%20significance'],60.97,0.38,0.0,0.3,0.3
MYO15A,17,18161427,NM_016239.4:c.9497C>A,NP_057323.3:p.Thr3166Asn,0.196,13.59,['Unknown%20significance'],60.97,0.38,0.0,0.1,0.1
MYO15A,17,18161427,NM_016239.4:c.9497C>T,NP_057323.3:p.Thr3166Ile,0.254,18.29,['Unknown%20significance'],60.97,0.38,0.0,-0.1,0.1
MYO15A,17,18161429,NM_016239.4:c.9499C>T,NP_057323.3:p.Pro3167Ser,0.258,15.52,['Unknown%20significance'],134.59,0.85,0.0,0.0,0.0
MYO15A,17,18161430,NM_016239.4:c.9500C>A,NP_057323.3:p.Pro3167Gln,0.424,17.49,['Unknown%20significance'],134.59,0.85,0.0,-0.0,0.0
MYO15A,17,18161432,NM_016239.4:c.9502G>T,NP_057323.3:p.Gly3168Cys,0.783,26.8,['Unknown%20significance'],82.58,0.86,0.0,0.0,0.0
MYO15A,17,18161433,NM_016239.4:c.9503G>A,NP_057323.3:p.Gly3168Asp,0.767,24.7,['Unknown%20significance'],82.58,0.86,0.0,-0.1,0.1
MYO15A,17,18161436,NM_016239.4:c.9506T>C,NP_057323.3:p.Leu3169Pro,0.598,24.2,['Likely%20benign'],67.47,0.34,0.0,0.5,0.5
MYO15A,17,18161441,NM_016239.4:c.9511T>G,NP_057323.3:p.Phe3171Val,0.842,24.9,['Unknown%20significance'],30.88,0.13,0.0,0.3,0.3
MYO15A,17,18161444,NM_016239.4:c.9514C>G,NP_057323.3:p.Gln3172Glu,0.575,23.2,['Unknown%20significance'],68.73,0.34,0.0,0.4,0.4
MYO15A,17,18161445,NM_016239.4:c.9515A>G,NP_057323.3:p.Gln3172Arg,0.763,25.3,['Unknown%20significance'],68.73,0.34,0.0,-0.2,0.2
MYO15A,17,18161446,NM_016239.4:c.9516G>C,NP_057323.3:p.Gln3172His,0.505,10.04,['Unknown%20significance'],68.73,0.34,0.0,-0.3,0.3
MYO15A,17,18161446,NM_016239.4:c.9516G>T,NP_057323.3:p.Gln3172His,0.525,10.23,['Unknown%20significance'],68.73,0.34,0.0,-0.3,0.3
MYO15A,17,18161447,NM_016239.4:c.9517G>A,NP_057323.3:p.Gly3173Arg,0.936,35,['Pathogenic'],51.61,0.54,0.0,-0.4,0.4
MYO15A,17,18162585,NM_016239.4:c.9518G>A,NP_057323.3:p.Gly3173Glu,0.837,32,['Unknown%20significance'],51.61,0.54,0.0,-0.1,0.1
MYO15A,17,18162590,NM_016239.4:c.9523G>A,NP_057323.3:p.Ala3175Thr,0.903,28.1,['Unknown%20significance'],0.0,0.0,0.0,1.2,1.2
MYO15A,17,18162590,NM_016239.4:c.9523G>C,NP_057323.3:p.Ala3175Pro,0.944,29.4,['Unknown%20significance'],0.0,0.0,0.0,1.8,1.8
MYO15A,17,18162590,NM_016239.4:c.9523G>T,NP_057323.3:p.Ala3175Ser,0.867,25.9,['Unknown%20significance'],0.0,0.0,0.0,1.4,1.4
MYO15A,17,18162591,NM_016239.4:c.9524C>G,NP_057323.3:p.Ala3175Gly,0.908,26.2,['Unknown%20significance'],0.0,0.0,0.0,2.2,2.2
MYO15A,17,18162597,NM_016239.4:c.9530C>T,NP_057323.3:p.Ala3177Val,0.371,22.4,['Unknown%20significance'],26.73,0.21,0.0,-1.1,1.1
MYO15A,17,18162599,NM_016239.4:c.9532T>C,NP_057323.3:p.Cys3178Arg,0.929,31,['Unknown%20significance'],0.0,0.0,0.0,3.0,3.0
MYO15A,17,18162600,NM_016239.4:c.9533G>A,NP_057323.3:p.Cys3178Tyr,0.918,29.6,['Unknown%20significance'],0.0,0.0,0.0,1.5,1.5
MYO15A,17,18162600,NM_016239.4:c.9533G>T,NP_057323.3:p.Cys3178Phe,0.923,29.8,['Unknown%20significance'],0.0,0.0,0.0,1.4,1.4
MYO15A,17,18162601,NM_016239.4:c.9534C>G,NP_057323.3:p.Cys3178Trp,0.854,24.8,['Pathogenic'],0.0,0.0,0.0,1.5,1.5
MYO15A,17,18162602,NM_016239.4:c.9535G>A,NP_057323.3:p.Glu3179Lys,0.805,31,['Unknown%20significance'],21.38,0.1,0.0,0.5,0.5
MYO15A,17,18162602,NM_016239.4:c.9535G>C,NP_057323.3:p.Glu3179Gln,0.719,24.8,['Unknown%20significance'],21.38,0.1,0.0,-0.4,0.4
MYO15A,17,18162603,NM_016239.4:c.9536A>G,NP_057323.3:p.Glu3179Gly,0.851,32,['Unknown%20significance'],21.38,0.1,0.0,1.0,1.0
MYO15A,17,18162606,NM_016239.4:c.9539A>G,NP_057323.3:p.Gln3180Arg,0.870,26.7,['Unknown%20significance'],106.59,0.53,0.0,0.0,0.0
MYO15A,17,18162609,NM_016239.4:c.9542A>G,NP_057323.3:p.Asn3181Ser,0.792,26.2,['Unknown%20significance'],4.47,0.02,0.0,0.3,0.3
MYO15A,17,18162610,NM_016239.4:c.9543C>A,NP_057323.3:p.Asn3181Lys,0.597,24.2,['Unknown%20significance'],4.47,0.02,0.0,0.2,0.2
MYO15A,17,18162610,NM_016239.4:c.9543C>G,NP_057323.3:p.Asn3181Lys,0.598,24.2,['Unknown%20significance'],4.47,0.02,0.0,0.2,0.2
MYO15A,17,18162611,NM_016239.4:c.9544C>G,NP_057323.3:p.Leu3182Val,0.819,21.9,['Unknown%20significance'],0.0,0.0,0.0,1.7,1.7
MYO15A,17,18162617,NM_016239.4:c.9550A>G,NP_057323.3:p.Lys3184Glu,0.838,27.0,['Unknown%20significance'],38.93,0.16,0.0,0.1,0.1
MYO15A,17,18162618,NM_016239.4:c.9551A>G,NP_057323.3:p.Lys3184Arg,0.354,22.3,['Unknown%20significance'],38.93,0.16,0.0,-1.0,1.0
MYO15A,17,18162626,NM_016239.4:c.9559C>A,NP_057323.3:p.Arg3187Ser,0.534,22.4,['Unknown%20significance'],159.03,0.59,0.0,0.5,0.5
MYO15A,17,18162626,NM_016239.4:c.9559C>T,NP_057323.3:p.Arg3187Cys,0.441,24.7,['Unknown%20significance'],159.03,0.59,0.0,0.5,0.5
MYO15A,17,18162627,NM_016239.4:c.9560G>A,NP_057323.3:p.Arg3187His,0.582,23.1,['Unknown%20significance'],159.03,0.59,0.0,0.2,0.2
MYO15A,17,18162627,NM_016239.4:c.9560G>T,NP_057323.3:p.Arg3187Leu,0.504,22.9,['Unknown%20significance'],159.03,0.59,0.0,0.1,0.1
MYO15A,17,18162629,NM_016239.4:c.9562T>C,NP_057323.3:p.Phe3188Leu,0.627,26.3,['Unknown%20significance'],26.41,0.11,0.0,0.4,0.4
MYO15A,17,18162632,NM_016239.4:c.9565G>A,NP_057323.3:p.Gly3189Arg,0.900,31,['Unknown%20significance'],65.15,0.68,0.0,0.3,0.3
MYO15A,17,18162638,NM_016239.4:c.9571C>G,NP_057323.3:p.Arg3191Gly,0.945,28.2,['Pathogenic'],14.59,0.05,0.0,3.1,3.1
MYO15A,17,18162638,NM_016239.4:c.9571C>T,NP_057323.3:p.Arg3191Cys,0.926,32,['Pathogenic'],14.59,0.05,0.0,2.2,2.2
MYO15A,17,18162639,NM_016239.4:c.9572G>A,NP_057323.3:p.Arg3191His,0.927,32,['Pathogenic'],14.59,0.05,0.0,1.1,1.1
MYO15A,17,18162639,NM_016239.4:c.9572G>T,NP_057323.3:p.Arg3191Leu,0.944,31,['Unknown%20significance'],14.59,0.05,0.0,1.2,1.2
MYO15A,17,18162642,NM_016239.4:c.9575T>C,NP_057323.3:p.Leu3192Pro,0.411,20.2,['Unknown%20significance'],192.47,0.99,0.0,0.1,0.1
MYO15A,17,18162644,NM_016239.4:c.9577G>A,NP_057323.3:p.Glu3193Lys,0.548,24.9,['Unknown%20significance'],77.13,0.39,0.0,0.5,0.5
MYO15A,17,18162645,NM_016239.4:c.9578A>C,NP_057323.3:p.Glu3193Ala,0.593,24.7,['Unknown%20significance'],77.13,0.39,0.0,0.3,0.3
MYO15A,17,18162645,NM_016239.4:c.9578A>G,NP_057323.3:p.Glu3193Gly,0.516,26.2,['Unknown%20significance'],77.13,0.39,0.0,0.6,0.6
MYO15A,17,18162645,NM_016239.4:c.9578A>T,NP_057323.3:p.Glu3193Val,0.407,25.1,['Unknown%20significance'],77.13,0.39,0.0,-0.2,0.2
MYO15A,17,18162647,NM_016239.4:c.9580C>T,NP_057323.3:p.Leu3194Phe,0.220,15.98,['Unknown%20significance'],62.93,0.32,0.0,0.0,0.0
MYO15A,17,18162650,NM_016239.4:c.9583C>T,NP_057323.3:p.Pro3195Ser,0.922,25.8,['Unknown%20significance'],0.57,0.0,0.0,2.3,2.3
MYO15A,17,18162651,NM_016239.4:c.9584C>G,NP_057323.3:p.Pro3195Arg,0.964,26.4,['Pathogenic'],0.57,0.0,0.0,1.6,1.6
MYO15A,17,18162654,NM_016239.4:c.9587G>A,NP_057323.3:p.Ser3196Asn,0.495,22.8,['Likely%20benign'],28.73,0.2,0.0,0.3,0.3
MYO15A,17,18162657,NM_016239.4:c.9590G>A,NP_057323.3:p.Ser3197Asn,0.157,18.51,['Unknown%20significance'],57.91,0.41,0.0,0.1,0.1
MYO15A,17,18162657,NM_016239.4:c.9590G>T,NP_057323.3:p.Ser3197Ile,0.486,23.2,['Unknown%20significance'],57.91,0.41,0.0,-0.6,0.6
MYO15A,17,18162659,NM_016239.4:c.9592A>G,NP_057323.3:p.Ile3198Val,0.324,20.5,['Unknown%20significance'],89.42,0.45,0.0,-0.0,0.0
MYO15A,17,18162660,NM_016239.4:c.9593T>C,NP_057323.3:p.Ile3198Thr,0.444,24.4,['Unknown%20significance'],89.42,0.45,0.0,0.7,0.7
MYO15A,17,18162661,NM_016239.4:c.9594A>G,NP_057323.3:p.Ile3198Met,0.256,17.90,['Unknown%20significance'],89.42,0.45,0.0,0.1,0.1
MYO15A,17,18162662,NM_016239.4:c.9595G>A,NP_057323.3:p.Glu3199Lys,0.968,32,['Unknown%20significance'],1.74,0.0,0.0,0.6,0.6
MYO15A,17,18162663,NM_016239.4:c.9596A>G,NP_057323.3:p.Glu3199Gly,0.986,32,['Unknown%20significance'],1.74,0.0,0.0,1.6,1.6
MYO15A,17,18162664,NM_016239.4:c.9597G>C,NP_057323.3:p.Glu3199Asp,0.953,24.4,['Unknown%20significance'],1.74,0.0,0.0,0.6,0.6
MYO15A,17,18162665,NM_016239.4:c.9598C>T,NP_057323.3:p.Leu3200Phe,0.721,25.5,['Unknown%20significance'],0.18,0.0,0.0,0.6,0.6
MYO15A,17,18162668,NM_016239.4:c.9601C>T,NP_057323.3:p.Arg3201Trp,0.762,24.9,['Unknown%20significance'],163.24,0.6,0.0,-0.2,0.2
MYO15A,17,18162669,NM_016239.4:c.9602G>A,NP_057323.3:p.Arg3201Gln,0.373,23.8,['Unknown%20significance'],163.24,0.6,0.0,0.1,0.1
MYO15A,17,18162671,NM_016239.4:c.9604G>A,NP_057323.3:p.Ala3202Thr,0.912,27.9,['Unknown%20significance'],16.34,0.12,0.0,0.9,0.9
MYO15A,17,18162674,NM_016239.4:c.9607A>C,NP_057323.3:p.Met3203Leu,0.247,20.6,['Unknown%20significance'],0.0,0.0,0.0,-0.3,0.3
MYO15A,17,18162674,NM_016239.4:c.9607A>G,NP_057323.3:p.Met3203Val,0.324,22.3,['Unknown%20significance'],0.0,0.0,0.0,-0.3,0.3
MYO15A,17,18163245,NM_016239.4:c.9614C>T,NP_057323.3:p.Ala3205Val,0.763,36,['Unknown%20significance'],63.44,0.49,0.0,-0.3,0.3
MYO15A,17,18163248,NM_016239.4:c.9617G>A,NP_057323.3:p.Gly3206Asp,0.876,26.5,['Unknown%20significance'],48.55,0.5,0.0,-0.1,0.1
MYO15A,17,18163248,NM_016239.4:c.9617G>T,NP_057323.3:p.Gly3206Val,0.888,26.6,['Unknown%20significance'],48.55,0.5,0.0,-0.3,0.3
MYO15A,17,18163250,NM_016239.4:c.9619C>T,NP_057323.3:p.Arg3207Cys,0.648,28.5,['Unknown%20significance'],144.4,0.53,0.0,0.6,0.6
MYO15A,17,18163251,NM_016239.4:c.9620G>A,NP_057323.3:p.Arg3207His,0.600,26.0,['Pathogenic'],144.4,0.53,0.0,0.2,0.2
MYO15A,17,18163251,NM_016239.4:c.9620G>T,NP_057323.3:p.Arg3207Leu,0.780,32,['Likely%20pathogenic'],144.4,0.53,0.0,0.2,0.2
MYO15A,17,18163253,NM_016239.4:c.9622A>C,NP_057323.3:p.Ser3208Arg,0.814,27.9,['Unknown%20significance'],18.97,0.13,0.0,-0.4,0.4
MYO15A,17,18163254,NM_016239.4:c.9623G>A,NP_057323.3:p.Ser3208Asn,0.441,23.8,['Unknown%20significance'],18.97,0.13,0.0,0.1,0.1
MYO15A,17,18163257,NM_016239.4:c.9626C>A,NP_057323.3:p.Ser3209Tyr,0.782,27.0,['Unknown%20significance'],28.35,0.2,0.0,-1.1,1.1
MYO15A,17,18163257,NM_016239.4:c.9626C>T,NP_057323.3:p.Ser3209Phe,0.769,24.2,['Unknown%20significance'],28.35,0.2,0.0,-1.0,1.0
MYO15A,17,18163260,NM_016239.4:c.9629A>C,NP_057323.3:p.Lys3210Thr,0.890,28.3,['Unknown%20significance'],36.06,0.15,0.0,-0.8,0.8
MYO15A,17,18163263,NM_016239.4:c.9632G>A,NP_057323.3:p.Arg3211Lys,0.743,29.5,['Unknown%20significance'],166.5,0.61,0.0,0.4,0.4
MYO15A,17,18163264,NM_016239.4:c.9633G>T,NP_057323.3:p.Arg3211Ser,0.646,22.9,['Unknown%20significance'],166.5,0.61,0.0,0.2,0.2
MYO15A,17,18163266,NM_016239.4:c.9635A>G,NP_057323.3:p.Gln3212Arg,0.869,26.2,['Unknown%20significance'],10.49,0.05,0.0,-0.1,0.1
MYO15A,17,18163271,NM_016239.4:c.9640T>A,NP_057323.3:p.Phe3214Ile,0.479,23.0,['Unknown%20significance'],0.0,0.0,0.0,-0.3,0.3
MYO15A,17,18163271,NM_016239.4:c.9640T>C,NP_057323.3:p.Phe3214Leu,0.576,24.9,['Unknown%20significance'],0.0,0.0,0.0,0.2,0.2
MYO15A,17,18163274,NM_016239.4:c.9643C>T,NP_057323.3:p.Leu3215Phe,0.447,23.2,['Unknown%20significance'],29.74,0.15,0.0,-0.3,0.3
MYO15A,17,18163280,NM_016239.4:c.9649C>T,NP_057323.3:p.Pro3217Ser,0.839,27.4,['Unknown%20significance'],0.0,0.0,0.0,1.0,1.0
MYO15A,17,18163281,NM_016239.4:c.9650C>T,NP_057323.3:p.Pro3217Leu,0.776,26.5,['Unknown%20significance'],0.0,0.0,0.0,-0.9,0.9
MYO15A,17,18163286,NM_016239.4:c.9655G>A,NP_057323.3:p.Gly3219Ser,0.829,27.0,['Unknown%20significance'],41.56,0.43,0.0,-0.0,0.0
MYO15A,17,18163287,NM_016239.4:c.9656G>T,NP_057323.3:p.Gly3219Val,0.855,27.5,['Unknown%20significance'],41.56,0.43,0.0,-0.0,0.0
MYO15A,17,18163289,NM_016239.4:c.9658C>A,NP_057323.3:p.Leu3220Ile,0.242,18.18,['Unknown%20significance'],50.76,0.26,0.0,-0.1,0.1
MYO15A,17,18163293,NM_016239.4:c.9662A>G,NP_057323.3:p.Glu3221Gly,0.822,29.4,['Unknown%20significance'],113.86,0.58,0.0,0.4,0.4
MYO15A,17,18163295,NM_016239.4:c.9664C>T,NP_057323.3:p.Arg3222Cys,0.781,29.2,['Unknown%20significance'],27.17,0.1,0.0,0.5,0.5
MYO15A,17,18163296,NM_016239.4:c.9665G>A,NP_057323.3:p.Arg3222His,0.839,32,['Unknown%20significance'],27.17,0.1,0.0,0.2,0.2
MYO15A,17,18163299,NM_016239.4:c.9668A>G,NP_057323.3:p.His3223Arg,0.797,23.8,['Unknown%20significance'],113.46,0.55,0.0,-0.0,0.0
MYO15A,17,18163301,NM_016239.4:c.9670C>G,NP_057323.3:p.Leu3224Val,0.370,23.1,['Unknown%20significance'],24.46,0.12,0.0,0.1,0.1
MYO15A,17,18163304,NM_016239.4:c.9673A>C,NP_057323.3:p.Lys3225Gln,0.693,27.5,['Unknown%20significance'],152.43,0.64,0.0,-0.2,0.2
MYO15A,17,18163304,NM_016239.4:c.9673A>G,NP_057323.3:p.Lys3225Glu,0.811,28.7,['Unknown%20significance'],152.43,0.64,0.0,-0.1,0.1
MYO15A,17,18163307,NM_016239.4:c.9676A>C,NP_057323.3:p.Ile3226Leu,0.775,26.2,['Unknown%20significance'],0.15,0.0,0.0,0.7,0.7
MYO15A,17,18163308,NM_016239.4:c.9677T>C,NP_057323.3:p.Ile3226Thr,0.831,24.8,['Unknown%20significance'],0.15,0.0,0.0,2.3,2.3
MYO15A,17,18163314,NM_016239.4:c.9683C>A,NP_057323.3:p.Thr3228Lys,0.917,25.7,['Unknown%20significance'],0.55,0.0,0.0,1.0,1.0
MYO15A,17,18163314,NM_016239.4:c.9683C>T,NP_057323.3:p.Thr3228Ile,0.926,25.8,['Unknown%20significance'],0.55,0.0,0.0,-0.3,0.3
MYO15A,17,18163316,NM_016239.4:c.9685T>C,NP_057323.3:p.Cys3229Arg,0.776,28.5,['Unknown%20significance'],6.1,0.03,0.0,-0.5,0.5
MYO15A,17,18163317,NM_016239.4:c.9686G>A,NP_057323.3:p.Cys3229Tyr,0.785,28.2,['Unknown%20significance'],6.1,0.03,0.0,-1.2,1.2
MYO15A,17,18163742,NM_016239.4:c.9691G>C,NP_057323.3:p.Val3231Leu,0.711,31,['Unknown%20significance'],0.0,0.0,0.0,0.3,0.3
MYO15A,17,18163743,NM_016239.4:c.9692T>G,NP_057323.3:p.Val3231Gly,0.869,29.9,['Unknown%20significance'],0.0,0.0,0.0,2.8,2.8
MYO15A,17,18163745,NM_016239.4:c.9694G>A,NP_057323.3:p.Ala3232Thr,0.778,24.7,['Unknown%20significance'],0.0,0.0,0.0,0.2,0.2
MYO15A,17,18163749,NM_016239.4:c.9698T>G,NP_057323.3:p.Leu3233Arg,0.681,23.0,['Unknown%20significance'],31.74,0.16,0.0,0.1,0.1
MYO15A,17,18163751,NM_016239.4:c.9700G>T,NP_057323.3:p.Asp3234Tyr,0.945,27.0,['Unknown%20significance'],43.25,0.27,0.0,-0.8,0.8
MYO15A,17,18163753,NM_016239.4:c.9702C>A,NP_057323.3:p.Asp3234Glu,0.595,0.002,['Unknown%20significance'],43.25,0.27,0.0,-0.1,0.1
MYO15A,17,18163753,NM_016239.4:c.9702C>G,NP_057323.3:p.Asp3234Glu,0.595,0.004,['Unknown%20significance'],43.25,0.27,0.0,-0.1,0.1
MYO15A,17,18163754,NM_016239.4:c.9703G>A,NP_057323.3:p.Val3235Met,0.761,24.2,['Unknown%20significance'],2.88,0.01,0.0,0.9,0.9
MYO15A,17,18163754,NM_016239.4:c.9703G>T,NP_057323.3:p.Val3235Leu,0.724,22.9,['Unknown%20significance'],2.88,0.01,0.0,-0.2,0.2
MYO15A,17,18163755,NM_016239.4:c.9704T>G,NP_057323.3:p.Val3235Gly,0.857,25.1,['Unknown%20significance'],2.88,0.01,0.0,4.3,4.3
MYO15A,17,18163757,NM_016239.4:c.9706G>A,NP_057323.3:p.Val3236Met,0.428,14.91,['Unknown%20significance'],0.0,0.0,0.0,0.5,0.5
MYO15A,17,18163757,NM_016239.4:c.9706G>C,NP_057323.3:p.Val3236Leu,0.230,12.16,['Unknown%20significance'],0.0,0.0,0.0,-0.2,0.2
MYO15A,17,18163762,NM_016239.4:c.9711A>C,NP_057323.3:p.Glu3237Asp,0.315,16.43,['Unknown%20significance'],85.4,0.43,0.0,0.2,0.2
MYO15A,17,18163763,NM_016239.4:c.9712G>A,NP_057323.3:p.Glu3238Lys,0.779,23.7,['Unknown%20significance'],114.21,0.58,0.0,0.0,0.0
MYO15A,17,18163765,NM_016239.4:c.9714G>C,NP_057323.3:p.Glu3238Asp,0.361,19.38,['Unknown%20significance'],114.21,0.58,0.0,0.2,0.2
MYO15A,17,18163765,NM_016239.4:c.9714G>T,NP_057323.3:p.Glu3238Asp,0.385,19.80,['Unknown%20significance'],114.21,0.58,0.0,0.2,0.2
MYO15A,17,18163766,NM_016239.4:c.9715A>G,NP_057323.3:p.Ile3239Val,0.321,21.5,['Unknown%20significance'],0.0,0.0,0.0,0.5,0.5
MYO15A,17,18163767,NM_016239.4:c.9716T>C,NP_057323.3:p.Ile3239Thr,0.906,23.6,['Unknown%20significance'],0.0,0.0,0.0,2.9,2.9
MYO15A,17,18163767,NM_016239.4:c.9716T>G,NP_057323.3:p.Ile3239Arg,0.949,25.4,['Unknown%20significance'],0.0,0.0,0.0,3.0,3.0
MYO15A,17,18163768,NM_016239.4:c.9717A>G,NP_057323.3:p.Ile3239Met,0.554,10.68,['Unknown%20significance'],0.0,0.0,0.0,1.3,1.3
MYO15A,17,18163769,NM_016239.4:c.9718T>A,NP_057323.3:p.Cys3240Ser,0.907,26.7,['Unknown%20significance'],0.0,0.0,0.0,1.8,1.8
MYO15A,17,18163769,NM_016239.4:c.9718T>C,NP_057323.3:p.Cys3240Arg,0.972,27.6,['Unknown%20significance'],0.0,0.0,0.0,1.3,1.3
MYO15A,17,18163769,NM_016239.4:c.9718T>G,NP_057323.3:p.Cys3240Gly,0.935,28.5,['Unknown%20significance'],0.0,0.0,0.0,2.8,2.8
MYO15A,17,18163770,NM_016239.4:c.9719G>A,NP_057323.3:p.Cys3240Tyr,0.900,27.2,['Unknown%20significance'],0.0,0.0,0.0,-0.3,0.3
MYO15A,17,18163773,NM_016239.4:c.9722C>T,NP_057323.3:p.Ala3241Val,0.260,17.00,['Unknown%20significance'],50.96,0.4,0.0,-0.5,0.5
MYO15A,17,18163778,NM_016239.4:c.9727A>G,NP_057323.3:p.Met3243Val,0.856,25.4,['Unknown%20significance'],0.0,0.0,0.0,-0.1,0.1
MYO15A,17,18163778,NM_016239.4:c.9727A>T,NP_057323.3:p.Met3243Leu,0.731,26.0,['Unknown%20significance'],0.0,0.0,0.0,-1.2,1.2
MYO15A,17,18163779,NM_016239.4:c.9728T>C,NP_057323.3:p.Met3243Thr,0.956,26.1,['Unknown%20significance'],0.0,0.0,0.0,1.8,1.8
MYO15A,17,18163784,NM_016239.4:c.9733C>G,NP_057323.3:p.Leu3245Val,0.630,18.74,['Unknown%20significance'],0.0,0.0,0.0,1.2,1.2
MYO15A,17,18163788,NM_016239.4:c.9737C>G,NP_057323.3:p.Thr3246Arg,0.480,18.80,['Unknown%20significance'],105.42,0.67,0.0,-0.1,0.1
MYO15A,17,18163790,NM_016239.4:c.9739C>T,NP_057323.3:p.Arg3247Cys,0.225,20.4,['Unknown%20significance'],109.96,0.4,0.0,0.5,0.5
MYO15A,17,18163791,NM_016239.4:c.9740G>A,NP_057323.3:p.Arg3247His,0.197,13.60,['Unknown%20significance'],109.96,0.4,0.0,0.1,0.1
MYO15A,17,18163793,NM_016239.4:c.9742C>A,NP_057323.3:p.Pro3248Thr,0.214,8.693,['Unknown%20significance'],85.61,0.54,0.0,-0.3,0.3
MYO15A,17,18163793,NM_016239.4:c.9742C>T,NP_057323.3:p.Pro3248Ser,0.186,9.879,['Unknown%20significance'],85.61,0.54,0.0,-0.1,0.1
MYO15A,17,18163794,NM_016239.4:c.9743C>T,NP_057323.3:p.Pro3248Leu,0.210,13.16,['Unknown%20significance'],85.61,0.54,0.0,-0.3,0.3
MYO15A,17,18163796,NM_016239.4:c.9745G>A,NP_057323.3:p.Glu3249Lys,0.617,23.3,['Unknown%20significance'],70.7,0.36,0.0,0.2,0.2
MYO15A,17,18163797,NM_016239.4:c.9746A>C,NP_057323.3:p.Glu3249Ala,0.514,23.3,['Unknown%20significance'],70.7,0.36,0.0,0.1,0.1
MYO15A,17,18163797,NM_016239.4:c.9746A>T,NP_057323.3:p.Glu3249Val,0.753,25.5,['Unknown%20significance'],70.7,0.36,0.0,-0.3,0.3
MYO15A,17,18163799,NM_016239.4:c.9748G>T,NP_057323.3:p.Ala3250Ser,0.524,23.0,['Unknown%20significance'],0.0,0.0,0.0,0.3,0.3
MYO15A,17,18163800,NM_016239.4:c.9749C>A,NP_057323.3:p.Ala3250Asp,0.631,24.2,['Unknown%20significance'],0.0,0.0,0.0,0.9,0.9
MYO15A,17,18163800,NM_016239.4:c.9749C>T,NP_057323.3:p.Ala3250Val,0.665,24.2,['Unknown%20significance'],0.0,0.0,0.0,-0.6,0.6
MYO15A,17,18163805,NM_016239.4:c.9754A>G,NP_057323.3:p.Asn3252Asp,0.158,0.270,['Unknown%20significance'],37.2,0.23,0.0,0.4,0.4
MYO15A,17,18163806,NM_016239.4:c.9755A>G,NP_057323.3:p.Asn3252Ser,0.277,5.645,['Unknown%20significance'],37.2,0.23,0.0,-0.1,0.1
MYO15A,17,18163809,NM_016239.4:c.9758A>G,NP_057323.3:p.Glu3253Gly,0.724,23.4,['Unknown%20significance'],0.0,0.0,0.0,0.6,0.6
MYO15A,17,18163812,NM_016239.4:c.9761A>G,NP_057323.3:p.Tyr3254Cys,0.920,27.8,['Unknown%20significance'],0.0,0.0,0.0,3.0,3.0
MYO15A,17,18163817,NM_016239.4:c.9766A>G,NP_057323.3:p.Ile3256Val,0.343,18.29,['Unknown%20significance'],0.0,0.0,0.0,0.5,0.5
MYO15A,17,18163818,NM_016239.4:c.9767T>A,NP_057323.3:p.Ile3256Asn,0.883,28.6,['Unknown%20significance'],0.0,0.0,0.0,4.5,4.5
MYO15A,17,18163818,NM_016239.4:c.9767T>C,NP_057323.3:p.Ile3256Thr,0.855,26.5,['Unknown%20significance'],0.0,0.0,0.0,3.2,3.2
MYO15A,17,18163823,NM_016239.4:c.9772G>A,NP_057323.3:p.Val3258Ile,0.151,13.25,['Unknown%20significance'],0.31,0.0,0.0,-0.1,0.1
MYO15A,17,18163826,NM_016239.4:c.9775G>T,NP_057323.3:p.Val3259Phe,0.173,28.0,['Unknown%20significance'],0.0,0.0,0.0,0.2,0.2
MYO15A,17,18163827,NM_016239.4:c.9776T>C,NP_057323.3:p.Val3259Ala,0.801,26.8,['Unknown%20significance'],0.0,0.0,0.0,1.6,1.6
MYO15A,17,18163829,NM_016239.4:c.9778A>T,NP_057323.3:p.Thr3260Ser,0.751,23.9,['Unknown%20significance'],4.75,0.03,0.0,0.6,0.6
MYO15A,17,18163830,NM_016239.4:c.9779C>T,NP_057323.3:p.Thr3260Ile,0.785,24.1,['Unknown%20significance'],4.75,0.03,0.0,-0.9,0.9
MYO15A,17,18163832,NM_016239.4:c.9781A>T,NP_057323.3:p.Asn3261Tyr,0.835,26.2,['Pathogenic'],22.47,0.14,0.0,-1.0,1.0
MYO15A,17,18163835,NM_016239.4:c.9784C>G,NP_057323.3:p.Arg3262Gly,0.296,14.91,['Unknown%20significance'],156.22,0.57,0.0,0.6,0.6
MYO15A,17,18163835,NM_016239.4:c.9784C>T,NP_057323.3:p.Arg3262Cys,0.664,23.1,['Unknown%20significance'],156.22,0.57,0.0,0.5,0.5
MYO15A,17,18163836,NM_016239.4:c.9785G>A,NP_057323.3:p.Arg3262His,0.272,14.10,['Unknown%20significance'],156.22,0.57,0.0,0.1,0.1
MYO15A,17,18163836,NM_016239.4:c.9785G>C,NP_057323.3:p.Arg3262Pro,0.608,19.60,['Unknown%20significance'],156.22,0.57,0.0,0.5,0.5
MYO15A,17,18163836,NM_016239.4:c.9785G>T,NP_057323.3:p.Arg3262Leu,0.448,14.98,['Unknown%20significance'],156.22,0.57,0.0,0.2,0.2
MYO15A,17,18166361,NM_016239.4:c.9788G>T,NP_057323.3:p.Gly3263Val,0.765,33,['Unknown%20significance'],40.47,0.42,0.0,-0.3,0.3
MYO15A,17,18166366,NM_016239.4:c.9793C>T,NP_057323.3:p.His3265Tyr,0.366,21.8,['Unknown%20significance'],111.46,0.54,0.0,-0.5,0.5
MYO15A,17,18166367,NM_016239.4:c.9794A>G,NP_057323.3:p.His3265Arg,0.386,22.3,['Unknown%20significance'],111.46,0.54,0.0,-0.2,0.2
MYO15A,17,18166367,NM_016239.4:c.9794A>T,NP_057323.3:p.His3265Leu,0.422,22.4,['Unknown%20significance'],111.46,0.54,0.0,-0.2,0.2
MYO15A,17,18166369,NM_016239.4:c.9796G>A,NP_057323.3:p.Val3266Met,0.624,28.9,['Unknown%20significance'],29.93,0.17,0.0,0.2,0.2
MYO15A,17,18166369,NM_016239.4:c.9796G>C,NP_057323.3:p.Val3266Leu,0.666,27.8,['Unknown%20significance'],29.93,0.17,0.0,0.1,0.1
MYO15A,17,18166369,NM_016239.4:c.9796G>T,NP_057323.3:p.Val3266Leu,0.666,27.8,['Unknown%20significance'],29.93,0.17,0.0,0.1,0.1
MYO15A,17,18166370,NM_016239.4:c.9797T>C,NP_057323.3:p.Val3266Ala,0.802,28.7,['Unknown%20significance'],29.93,0.17,0.0,1.0,1.0
MYO15A,17,18166373,NM_016239.4:c.9800G>A,NP_057323.3:p.Cys3267Tyr,0.491,25.7,['Unknown%20significance'],50.79,0.32,0.0,-0.8,0.8
MYO15A,17,18166375,NM_016239.4:c.9802C>G,NP_057323.3:p.Pro3268Ala,0.770,25.5,['Unknown%20significance'],2.51,0.01,0.0,-0.3,0.3
MYO15A,17,18166381,NM_016239.4:c.9808A>C,NP_057323.3:p.Ser3270Arg,0.339,22.5,['Unknown%20significance'],73.38,0.53,0.0,-0.3,0.3
MYO15A,17,18166381,NM_016239.4:c.9808A>G,NP_057323.3:p.Ser3270Gly,0.251,23.2,['Unknown%20significance'],73.38,0.53,0.0,0.4,0.4
MYO15A,17,18166382,NM_016239.4:c.9809G>A,NP_057323.3:p.Ser3270Asn,0.269,20.3,['Unknown%20significance'],73.38,0.53,0.0,0.0,0.0
MYO15A,17,18166382,NM_016239.4:c.9809G>T,NP_057323.3:p.Ser3270Ile,0.441,25.8,['Unknown%20significance'],73.38,0.53,0.0,-0.2,0.2
MYO15A,17,18166384,NM_016239.4:c.9811C>G,NP_057323.3:p.Arg3271Gly,0.428,23.3,['Unknown%20significance'],30.76,0.11,0.0,1.4,1.4
MYO15A,17,18166384,NM_016239.4:c.9811C>T,NP_057323.3:p.Arg3271Cys,0.291,23.8,['Unknown%20significance'],30.76,0.11,0.0,0.7,0.7
MYO15A,17,18166385,NM_016239.4:c.9812G>A,NP_057323.3:p.Arg3271His,0.512,28.5,['Unknown%20significance'],30.76,0.11,0.0,0.2,0.2
MYO15A,17,18166387,NM_016239.4:c.9814C>T,NP_057323.3:p.Arg3272Cys,0.204,14.53,['Likely%20benign'],182.09,0.67,0.0,0.4,0.4
MYO15A,17,18166388,NM_016239.4:c.9815G>A,NP_057323.3:p.Arg3272His,0.126,20.4,['Unknown%20significance'],182.09,0.67,0.0,0.0,0.0
MYO15A,17,18166390,NM_016239.4:c.9817G>T,NP_057323.3:p.Ala3273Ser,0.156,18.11,['Unknown%20significance'],30.07,0.23,0.0,0.1,0.1
MYO15A,17,18166393,NM_016239.4:c.9820T>C,NP_057323.3:p.Tyr3274His,0.930,29.0,['Unknown%20significance'],4.24,0.01,0.0,1.7,1.7
MYO15A,17,18166396,NM_016239.4:c.9823A>G,NP_057323.3:p.Ile3275Val,0.558,22.5,['Unknown%20significance'],0.0,0.0,0.0,0.6,0.6
MYO15A,17,18166397,NM_016239.4:c.9824T>C,NP_057323.3:p.Ile3275Thr,0.910,28.1,['Unknown%20significance'],0.0,0.0,0.0,2.9,2.9
MYO15A,17,18166402,NM_016239.4:c.9829G>T,NP_057323.3:p.Asp3277Tyr,0.924,32,['Unknown%20significance'],5.91,0.03,0.0,-0.8,0.8
MYO15A,17,18166405,NM_016239.4:c.9832G>A,NP_057323.3:p.Val3278Met,0.609,27.2,['Unknown%20significance'],17.79,0.1,0.0,0.5,0.5
MYO15A,17,18166406,NM_016239.4:c.9833T>C,NP_057323.3:p.Val3278Ala,0.784,27.7,['Unknown%20significance'],17.79,0.1,0.0,1.5,1.5
MYO15A,17,18166408,NM_016239.4:c.9835G>A,NP_057323.3:p.Ala3279Thr,0.285,22.6,['Unknown%20significance'],0.0,0.0,0.0,-0.4,0.4
MYO15A,17,18166409,NM_016239.4:c.9836C>G,NP_057323.3:p.Ala3279Gly,0.514,26.0,['Unknown%20significance'],0.0,0.0,0.0,1.3,1.3
MYO15A,17,18166414,NM_016239.4:c.9841G>A,NP_057323.3:p.Glu3281Lys,0.696,29.2,['Unknown%20significance'],107.36,0.54,0.0,0.0,0.0
MYO15A,17,18166415,NM_016239.4:c.9842A>G,NP_057323.3:p.Glu3281Gly,0.494,24.1,['Unknown%20significance'],107.36,0.54,0.0,0.5,0.5
MYO15A,17,18166417,NM_016239.4:c.9844A>G,NP_057323.3:p.Met3282Val,0.397,23.4,['Unknown%20significance'],24.02,0.11,0.0,0.1,0.1
MYO15A,17,18166418,NM_016239.4:c.9845T>C,NP_057323.3:p.Met3282Thr,0.311,22.1,['Unknown%20significance'],24.02,0.11,0.0,0.8,0.8
MYO15A,17,18166418,NM_016239.4:c.9845T>G,NP_057323.3:p.Met3282Arg,0.628,27.1,['Unknown%20significance'],24.02,0.11,0.0,0.6,0.6
MYO15A,17,18166419,NM_016239.4:c.9846G>A,NP_057323.3:p.Met3282Ile,0.302,22.4,['Unknown%20significance'],24.02,0.11,0.0,-0.1,0.1
MYO15A,17,18166419,NM_016239.4:c.9846G>C,NP_057323.3:p.Met3282Ile,0.286,21.8,['Unknown%20significance'],24.02,0.11,0.0,-0.1,0.1
MYO15A,17,18166419,NM_016239.4:c.9846G>T,NP_057323.3:p.Met3282Ile,0.302,22.0,['Unknown%20significance'],24.02,0.11,0.0,-0.1,0.1
MYO15A,17,18166420,NM_016239.4:c.9847G>A,NP_057323.3:p.Glu3283Lys,0.741,29.4,['Unknown%20significance'],82.46,0.42,0.0,0.3,0.3
MYO15A,17,18166421,NM_016239.4:c.9848A>T,NP_057323.3:p.Glu3283Val,0.774,26.7,['Unknown%20significance'],82.46,0.42,0.0,-0.3,0.3
MYO15A,17,18166423,NM_016239.4:c.9850C>G,NP_057323.3:p.Gln3284Glu,0.210,18.40,['Unknown%20significance'],155.33,0.78,0.0,0.1,0.1
MYO15A,17,18166424,NM_016239.4:c.9851A>G,NP_057323.3:p.Gln3284Arg,0.175,19.36,['Unknown%20significance'],155.33,0.78,0.0,-0.1,0.1
MYO15A,17,18166427,NM_016239.4:c.9854T>G,NP_057323.3:p.Val3285Gly,0.661,26.4,['Unknown%20significance'],96.74,0.56,0.0,0.6,0.6
MYO15A,17,18166430,NM_016239.4:c.9857A>G,NP_057323.3:p.Asp3286Gly,0.413,23.7,['Unknown%20significance'],32.26,0.2,0.0,0.4,0.4
MYO15A,17,18166430,NM_016239.4:c.9857A>T,NP_057323.3:p.Asp3286Val,0.750,25.2,['Unknown%20significance'],32.26,0.2,0.0,-0.6,0.6
MYO15A,17,18166432,NM_016239.4:c.9859G>A,NP_057323.3:p.Gly3287Ser,0.229,14.19,['Unknown%20significance'],74.31,0.77,0.0,-0.2,0.2
MYO15A,17,18166432,NM_016239.4:c.9859G>C,NP_057323.3:p.Gly3287Arg,0.308,19.08,['Unknown%20significance'],74.31,0.77,0.0,-0.3,0.3
MYO15A,17,18166432,NM_016239.4:c.9859G>T,NP_057323.3:p.Gly3287Cys,0.348,23.6,['Unknown%20significance'],74.31,0.77,0.0,-0.1,0.1
MYO15A,17,18166435,NM_016239.4:c.9862G>A,NP_057323.3:p.Gly3288Ser,0.250,16.74,['Unknown%20significance'],49.33,0.51,0.0,-0.4,0.4
MYO15A,17,18166438,NM_016239.4:c.9865T>C,NP_057323.3:p.Tyr3289His,0.837,24.7,['Unknown%20significance'],23.55,0.09,0.0,1.8,1.8
MYO15A,17,18166439,NM_016239.4:c.9866A>C,NP_057323.3:p.Tyr3289Ser,0.748,23.8,['Unknown%20significance'],23.55,0.09,0.0,2.9,2.9
MYO15A,17,18166439,NM_016239.4:c.9866A>G,NP_057323.3:p.Tyr3289Cys,0.772,26.7,['Unknown%20significance'],23.55,0.09,0.0,2.1,2.1
MYO15A,17,18166441,NM_016239.4:c.9868A>G,NP_057323.3:p.Met3290Val,0.223,18.53,['Unknown%20significance'],47.45,0.21,0.0,-0.0,0.0
MYO15A,17,18166442,NM_016239.4:c.9869T>A,NP_057323.3:p.Met3290Lys,0.404,17.21,['Unknown%20significance'],47.45,0.21,0.0,1.2,1.2
MYO15A,17,18166444,NM_016239.4:c.9871C>G,NP_057323.3:p.Leu3291Val,0.468,22.1,['Unknown%20significance'],0.0,0.0,0.0,0.9,0.9
MYO15A,17,18166444,NM_016239.4:c.9871C>T,NP_057323.3:p.Leu3291Phe,0.340,20.9,['Unknown%20significance'],0.0,0.0,0.0,0.5,0.5
MYO15A,17,18166445,NM_016239.4:c.9872T>A,NP_057323.3:p.Leu3291His,0.861,28.6,['Unknown%20significance'],0.0,0.0,0.0,3.6,3.6
MYO15A,17,18166445,NM_016239.4:c.9872T>C,NP_057323.3:p.Leu3291Pro,0.915,29.5,['Unknown%20significance'],0.0,0.0,0.0,4.4,4.4
MYO15A,17,18166448,NM_016239.4:c.9875G>C,NP_057323.3:p.Trp3292Ser,0.827,27.0,['Unknown%20significance'],66.41,0.25,0.0,2.2,2.2
MYO15A,17,18166449,NM_016239.4:c.9876G>T,NP_057323.3:p.Trp3292Cys,0.804,32,['Pathogenic'],66.41,0.25,0.0,1.4,1.4
MYO15A,17,18166453,NM_016239.4:c.9880C>T,NP_057323.3:p.Arg3294Trp,0.814,29.8,['Unknown%20significance'],47.33,0.17,0.0,-0.5,0.5
MYO15A,17,18166454,NM_016239.4:c.9881G>A,NP_057323.3:p.Arg3294Gln,0.697,31,['Unknown%20significance'],47.33,0.17,0.0,0.5,0.5
MYO15A,17,18166456,NM_016239.4:c.9883C>T,NP_057323.3:p.Arg3295Cys,0.856,27.8,['Unknown%20significance'],1.32,0.0,0.0,1.0,1.0
MYO15A,17,18166457,NM_016239.4:c.9884G>A,NP_057323.3:p.Arg3295His,0.842,32,['Unknown%20significance'],1.32,0.0,0.0,0.6,0.6
MYO15A,17,18166462,NM_016239.4:c.9889C>T,NP_057323.3:p.Leu3297Phe,0.389,24.7,['Unknown%20significance'],0.1,0.0,0.0,-0.3,0.3
MYO15A,17,18166463,NM_016239.4:c.9890T>G,NP_057323.3:p.Leu3297Arg,0.889,28.9,['Unknown%20significance'],0.1,0.0,0.0,2.1,2.1
MYO15A,17,18166472,NM_016239.4:c.9899A>G,NP_057323.3:p.Gln3300Arg,0.228,23.7,['Unknown%20significance'],6.12,0.03,0.0,-0.4,0.4
MYO15A,17,18166475,NM_016239.4:c.9902C>T,NP_057323.3:p.Pro3301Leu,0.545,26.3,['Unknown%20significance'],83.11,0.52,0.0,-0.1,0.1
MYO15A,17,18166478,NM_016239.4:c.9905T>C,NP_057323.3:p.Leu3302Pro,0.840,29.9,['Unknown%20significance'],62.96,0.32,0.0,1.2,1.2
MYO15A,17,18166481,NM_016239.4:c.9908A>G,NP_057323.3:p.Lys3303Arg,0.296,29.1,['Pathogenic'],30.45,0.12,0.0,-1.0,1.0
MYO15A,17,18166482,NM_016239.4:c.9909G>C,NP_057323.3:p.Lys3303Asn,0.503,24.8,['Unknown%20significance'],30.45,0.12,0.0,0.0,0.0
MYO15A,17,18166484,NM_016239.4:c.9911T>C,NP_057323.3:p.Phe3304Ser,0.750,31,['Unknown%20significance'],83.34,0.36,0.0,1.2,1.2
MYO15A,17,18166486,NM_016239.4:c.9913G>A,NP_057323.3:p.Glu3305Lys,0.480,25.5,['Unknown%20significance'],203.76,1.0,0.0,0.0,0.0
MYO15A,17,18166486,NM_016239.4:c.9913G>C,NP_057323.3:p.Glu3305Gln,0.470,27.4,['Likely%20benign'],203.76,1.0,0.0,-0.0,0.0
MYO15A,17,18166490,NM_016239.4:c.9917A>G,NP_057323.3:p.Asn3306Ser,0.559,24.3,['Unknown%20significance'],18.47,0.11,0.0,0.4,0.4
MYO15A,17,18166495,NM_016239.4:c.9922C>G,NP_057323.3:p.Leu3308Val,0.602,25.8,['Unknown%20significance'],13.03,0.06,0.0,0.0,0.0
MYO15A,17,18166499,NM_016239.4:c.9926A>G,NP_057323.3:p.Tyr3309Cys,0.593,24.1,['Unknown%20significance'],0.02,0.0,0.0,2.2,2.2
MYO15A,17,18166499,NM_016239.4:c.9926A>T,NP_057323.3:p.Tyr3309Phe,0.546,23.5,['Unknown%20significance'],0.02,0.0,0.0,0.1,0.1
MYO15A,17,18166502,NM_016239.4:c.9929T>A,NP_057323.3:p.Val3310Glu,0.889,29.9,['Unknown%20significance'],0.0,0.0,0.0,2.9,2.9
MYO15A,17,18166511,NM_016239.4:c.9938A>C,NP_057323.3:p.His3313Pro,0.830,27.8,['Pathogenic'],0.0,0.0,0.0,1.7,1.7
MYO15A,17,18166511,NM_016239.4:c.9938A>G,NP_057323.3:p.His3313Arg,0.834,26.4,['Unknown%20significance'],0.0,0.0,0.0,0.4,0.4
MYO15A,17,18166511,NM_016239.4:c.9938A>T,NP_057323.3:p.His3313Leu,0.548,26.5,['Unknown%20significance'],0.0,0.0,0.0,-2.2,2.2
MYO15A,17,18166513,NM_016239.4:c.9940T>A,NP_057323.3:p.Tyr3314Asn,0.910,29.8,['Unknown%20significance'],2.92,0.01,0.0,4.6,4.6
MYO15A,17,18166514,NM_016239.4:c.9941A>T,NP_057323.3:p.Tyr3314Phe,0.637,23.8,['Unknown%20significance'],2.92,0.01,0.0,-0.1,0.1
MYO15A,17,18166517,NM_016239.4:c.9944A>G,NP_057323.3:p.Asn3315Ser,0.343,22.3,['Unknown%20significance'],14.97,0.09,0.0,0.2,0.2
MYO15A,17,18166518,NM_016239.4:c.9945C>A,NP_057323.3:p.Asn3315Lys,0.633,23.6,['Unknown%20significance'],14.97,0.09,0.0,0.2,0.2
MYO15A,17,18166518,NM_016239.4:c.9945C>G,NP_057323.3:p.Asn3315Lys,0.633,23.6,['Unknown%20significance'],14.97,0.09,0.0,0.2,0.2
MYO15A,17,18166520,NM_016239.4:c.9947A>C,NP_057323.3:p.Gln3316Pro,0.959,34,['Unknown%20significance'],25.96,0.13,0.0,1.4,1.4
MYO15A,17,18166520,NM_016239.4:c.9947A>G,NP_057323.3:p.Gln3316Arg,0.933,34,['Unknown%20significance'],25.96,0.13,0.0,0.2,0.2
MYO15A,17,18166521,NM_016239.4:c.9948G>T,NP_057323.3:p.Gln3316His,0.914,36,['Unknown%20significance'],25.96,0.13,0.0,0.2,0.2
MYO15A,17,18167590,NM_016239.4:c.9949G>A,NP_057323.3:p.Val3317Ile,0.356,23.1,['Unknown%20significance'],0.26,0.0,0.0,-0.0,0.0
MYO15A,17,18167590,NM_016239.4:c.9949G>T,NP_057323.3:p.Val3317Phe,0.716,32,['Unknown%20significance'],0.26,0.0,0.0,0.3,0.3
MYO15A,17,18167591,NM_016239.4:c.9950T>C,NP_057323.3:p.Val3317Ala,0.635,26.4,['Unknown%20significance'],0.26,0.0,0.0,1.9,1.9
MYO15A,17,18167593,NM_016239.4:c.9952C>A,NP_057323.3:p.Leu3318Met,0.409,24.1,['Unknown%20significance'],18.28,0.09,0.0,0.5,0.5
MYO15A,17,18167594,NM_016239.4:c.9953T>C,NP_057323.3:p.Leu3318Pro,0.801,26.0,['Unknown%20significance'],18.28,0.09,0.0,2.3,2.3
MYO15A,17,18167596,NM_016239.4:c.9955C>T,NP_057323.3:p.Pro3319Ser,0.669,24.8,['Unknown%20significance'],58.6,0.37,0.0,0.3,0.3
MYO15A,17,18167597,NM_016239.4:c.9956C>A,NP_057323.3:p.Pro3319His,0.682,25.1,['Unknown%20significance'],58.6,0.37,0.0,-0.3,0.3
MYO15A,17,18167599,NM_016239.4:c.9958G>T,NP_057323.3:p.Asp3320Tyr,0.781,28.5,['Unknown%20significance'],27.53,0.17,0.0,-1.1,1.1
MYO15A,17,18167602,NM_016239.4:c.9961T>A,NP_057323.3:p.Tyr3321Asn,0.861,27.6,['Unknown%20significance'],0.0,0.0,0.0,4.3,4.3
MYO15A,17,18167603,NM_016239.4:c.9962A>C,NP_057323.3:p.Tyr3321Ser,0.862,28.1,['Unknown%20significance'],0.0,0.0,0.0,4.4,4.4
MYO15A,17,18167603,NM_016239.4:c.9962A>G,NP_057323.3:p.Tyr3321Cys,0.824,28.2,['Unknown%20significance'],0.0,0.0,0.0,2.7,2.7
MYO15A,17,18167606,NM_016239.4:c.9965T>C,NP_057323.3:p.Leu3322Pro,0.885,26.4,['Unknown%20significance'],57.4,0.29,0.0,2.2,2.2
MYO15A,17,18167610,NM_016239.4:c.9969G>T,NP_057323.3:p.Lys3323Asn,0.447,22.6,['Unknown%20significance'],125.98,0.53,0.0,-0.0,0.0
MYO15A,17,18167611,NM_016239.4:c.9970G>A,NP_057323.3:p.Gly3324Arg,0.750,27.5,['Unknown%20significance'],0.0,0.0,0.0,0.4,0.4
MYO15A,17,18167612,NM_016239.4:c.9971G>T,NP_057323.3:p.Gly3324Val,0.711,25.4,['Unknown%20significance'],0.0,0.0,0.0,0.2,0.2
MYO15A,17,18167614,NM_016239.4:c.9973C>G,NP_057323.3:p.Leu3325Val,0.648,22.9,['Unknown%20significance'],20.84,0.1,0.0,0.4,0.4
MYO15A,17,18167619,NM_016239.4:c.9978C>A,NP_057323.3:p.Phe3326Leu,0.134,15.73,['Unknown%20significance'],7.37,0.03,0.0,0.3,0.3
MYO15A,17,18167620,NM_016239.4:c.9979A>G,NP_057323.3:p.Ser3327Gly,0.151,21.4,['Unknown%20significance'],0.28,0.0,0.0,0.9,0.9
MYO15A,17,18167621,NM_016239.4:c.9980G>T,NP_057323.3:p.Ser3327Ile,0.181,23.3,['Unknown%20significance'],0.28,0.0,0.0,-2.0,2.0
MYO15A,17,18167623,NM_016239.4:c.9982A>C,NP_057323.3:p.Ser3328Arg,0.482,25.1,['Unknown%20significance'],35.03,0.25,0.0,-0.3,0.3
MYO15A,17,18167624,NM_016239.4:c.9983G>C,NP_057323.3:p.Ser3328Thr,0.376,22.7,['Unknown%20significance'],35.03,0.25,0.0,-0.4,0.4
MYO15A,17,18167624,NM_016239.4:c.9983G>T,NP_057323.3:p.Ser3328Ile,0.376,19.92,['Unknown%20significance'],35.03,0.25,0.0,-1.2,1.2
MYO15A,17,18167626,NM_016239.4:c.9985G>A,NP_057323.3:p.Val3329Met,0.130,0.976,['Unknown%20significance'],19.05,0.11,0.0,0.1,0.1
MYO15A,17,18167626,NM_016239.4:c.9985G>T,NP_057323.3:p.Val3329Leu,0.154,0.071,['Unknown%20significance'],19.05,0.11,0.0,0.1,0.1
MYO15A,17,18167627,NM_016239.4:c.9986T>G,NP_057323.3:p.Val3329Gly,0.683,22.8,['Unknown%20significance'],19.05,0.11,0.0,1.7,1.7
MYO15A,17,18167629,NM_016239.4:c.9988C>A,NP_057323.3:p.Pro3330Thr,0.446,22.5,['Unknown%20significance'],48.03,0.3,0.0,-0.2,0.2
MYO15A,17,18167629,NM_016239.4:c.9988C>G,NP_057323.3:p.Pro3330Ala,0.476,21.9,['Unknown%20significance'],48.03,0.3,0.0,0.0,0.0
MYO15A,17,18167629,NM_016239.4:c.9988C>T,NP_057323.3:p.Pro3330Ser,0.359,16.03,['Unknown%20significance'],48.03,0.3,0.0,0.1,0.1
MYO15A,17,18167630,NM_016239.4:c.9989C>A,NP_057323.3:p.Pro3330Gln,0.548,23.3,['Unknown%20significance'],48.03,0.3,0.0,-0.2,0.2
MYO15A,17,18167630,NM_016239.4:c.9989C>T,NP_057323.3:p.Pro3330Leu,0.451,17.26,['Unknown%20significance'],48.03,0.3,0.0,-0.6,0.6
MYO15A,17,18167632,NM_016239.4:c.9991G>A,NP_057323.3:p.Ala3331Thr,0.032,17.45,['Unknown%20significance'],127.33,1.0,0.0,-0.0,0.0
MYO15A,17,18167632,NM_016239.4:c.9991G>T,NP_057323.3:p.Ala3331Ser,0.033,15.87,['Unknown%20significance'],127.33,1.0,0.0,-0.0,0.0
MYO15A,17,18167633,NM_016239.4:c.9992C>A,NP_057323.3:p.Ala3331Asp,0.092,20.7,['Unknown%20significance'],127.33,1.0,0.0,0.0,0.0
MYO15A,17,18167633,NM_016239.4:c.9992C>T,NP_057323.3:p.Ala3331Val,0.065,19.98,['Unknown%20significance'],127.33,1.0,0.0,-0.1,0.1
MYO15A,17,18167635,NM_016239.4:c.9994A>G,NP_057323.3:p.Ser3332Gly,0.095,8.798,['Unknown%20significance'],93.27,0.67,0.0,0.1,0.1
MYO15A,17,18167636,NM_016239.4:c.9995G>A,NP_057323.3:p.Ser3332Asn,0.077,16.36,['Unknown%20significance'],93.27,0.67,0.0,0.0,0.0
MYO15A,17,18167636,NM_016239.4:c.9995G>C,NP_057323.3:p.Ser3332Thr,0.080,16.17,['Unknown%20significance'],93.27,0.67,0.0,-0.1,0.1
MYO15A,17,18167636,NM_016239.4:c.9995G>T,NP_057323.3:p.Ser3332Ile,0.105,18.01,['Unknown%20significance'],93.27,0.67,0.0,-0.2,0.2
MYO15A,17,18167638,NM_016239.4:c.9997C>G,NP_057323.3:p.Arg3333Gly,0.242,20.1,['Unknown%20significance'],216.51,0.8,0.0,0.4,0.4
MYO15A,17,18167638,NM_016239.4:c.9997C>T,NP_057323.3:p.Arg3333Trp,0.333,24.7,['Unknown%20significance'],216.51,0.8,0.0,0.0,0.0
MYO15A,17,18167639,NM_016239.4:c.9998G>A,NP_057323.3:p.Arg3333Gln,0.199,8.296,['Likely%20benign'],216.51,0.8,0.0,0.1,0.1
MYO15A,17,18167639,NM_016239.4:c.9998G>T,NP_057323.3:p.Arg3333Leu,0.345,16.27,['Unknown%20significance'],216.51,0.8,0.0,0.1,0.1
MYO15A,17,18167641,NM_016239.4:c.10000C>A,NP_057323.3:p.Pro3334Thr,0.230,21.5,['Unknown%20significance'],7.0,0.04,0.0,-0.6,0.6
MYO15A,17,18167641,NM_016239.4:c.10000C>G,NP_057323.3:p.Pro3334Ala,0.122,20.6,['Unknown%20significance'],7.0,0.04,0.0,-0.1,0.1
MYO15A,17,18167641,NM_016239.4:c.10000C>T,NP_057323.3:p.Pro3334Ser,0.283,23.4,['Unknown%20significance'],7.0,0.04,0.0,-0.1,0.1
MYO15A,17,18167642,NM_016239.4:c.10001C>A,NP_057323.3:p.Pro3334His,0.384,23.8,['Unknown%20significance'],7.0,0.04,0.0,-0.7,0.7
MYO15A,17,18167642,NM_016239.4:c.10001C>T,NP_057323.3:p.Pro3334Leu,0.265,23.6,['Unknown%20significance'],7.0,0.04,0.0,-1.2,1.2
MYO15A,17,18167644,NM_016239.4:c.10003A>G,NP_057323.3:p.Ser3335Gly,0.305,21.2,['Unknown%20significance'],74.9,0.54,0.0,0.5,0.5
MYO15A,17,18167645,NM_016239.4:c.10004G>T,NP_057323.3:p.Ser3335Ile,0.462,24.4,['Unknown%20significance'],74.9,0.54,0.0,-0.1,0.1
MYO15A,17,18167646,NM_016239.4:c.10005C>A,NP_057323.3:p.Ser3335Arg,0.176,4.780,['Unknown%20significance'],74.9,0.54,0.0,-0.3,0.3
MYO15A,17,18167647,NM_016239.4:c.10006G>A,NP_057323.3:p.Glu3336Lys,0.539,24.9,['Unknown%20significance'],143.69,0.73,0.0,0.1,0.1
MYO15A,17,18167648,NM_016239.4:c.10007A>T,NP_057323.3:p.Glu3336Val,0.733,31,['Unknown%20significance'],143.69,0.73,0.0,-0.1,0.1
MYO15A,17,18167649,NM_016239.4:c.10008G>T,NP_057323.3:p.Glu3336Asp,0.261,17.41,['Unknown%20significance'],143.69,0.73,0.0,0.0,0.0
MYO15A,17,18167651,NM_016239.4:c.10010A>C,NP_057323.3:p.Gln3337Pro,0.667,23.7,['Unknown%20significance'],165.33,0.83,0.0,0.2,0.2
MYO15A,17,18167652,NM_016239.4:c.10011G>T,NP_057323.3:p.Gln3337His,0.635,22.7,['Unknown%20significance'],165.33,0.83,0.0,-0.0,0.0
MYO15A,17,18167654,NM_016239.4:c.10013T>C,NP_057323.3:p.Leu3338Pro,0.621,23.8,['Unknown%20significance'],28.38,0.14,0.0,1.8,1.8
MYO15A,17,18167657,NM_016239.4:c.10016T>G,NP_057323.3:p.Leu3339Arg,0.598,23.0,['Unknown%20significance'],23.47,0.12,0.0,0.6,0.6
MYO15A,17,18167659,NM_016239.4:c.10018C>G,NP_057323.3:p.Gln3340Glu,0.276,25.4,['Unknown%20significance'],46.97,0.23,0.0,0.6,0.6
MYO15A,17,18167661,NM_016239.4:c.10020G>C,NP_057323.3:p.Gln3340His,0.427,24.4,['Unknown%20significance'],46.97,0.23,0.0,-0.0,0.0
MYO15A,17,18167661,NM_016239.4:c.10020G>T,NP_057323.3:p.Gln3340His,0.427,24.4,['Unknown%20significance'],46.97,0.23,0.0,-0.0,0.0
MYO15A,17,18167662,NM_016239.4:c.10021C>G,NP_057323.3:p.Gln3341Glu,0.592,25.3,['Unknown%20significance'],27.78,0.14,0.0,0.7,0.7
MYO15A,17,18167663,NM_016239.4:c.10022A>G,NP_057323.3:p.Gln3341Arg,0.820,28.4,['Unknown%20significance'],27.78,0.14,0.0,-0.1,0.1
MYO15A,17,18167663,NM_016239.4:c.10022A>T,NP_057323.3:p.Gln3341Leu,0.798,29.6,['Unknown%20significance'],27.78,0.14,0.0,-1.3,1.3
MYO15A,17,18167664,NM_016239.4:c.10023G>T,NP_057323.3:p.Gln3341His,0.618,19.21,['Unknown%20significance'],27.78,0.14,0.0,0.0,0.0
MYO15A,17,18167665,NM_016239.4:c.10024G>A,NP_057323.3:p.Val3342Met,0.183,22.2,['Unknown%20significance'],0.0,0.0,0.0,0.5,0.5
MYO15A,17,18167665,NM_016239.4:c.10024G>T,NP_057323.3:p.Val3342Leu,0.193,21.1,['Unknown%20significance'],0.0,0.0,0.0,-0.2,0.2
MYO15A,17,18167666,NM_016239.4:c.10025T>G,NP_057323.3:p.Val3342Gly,0.775,31,['Unknown%20significance'],0.0,0.0,0.0,3.4,3.4
MYO15A,17,18167668,NM_016239.4:c.10027T>C,NP_057323.3:p.Ser3343Pro,0.647,26.7,['Unknown%20significance'],0.0,0.0,0.0,0.3,0.3
MYO15A,17,18167669,NM_016239.4:c.10028C>A,NP_057323.3:p.Ser3343Tyr,0.691,27.1,['Unknown%20significance'],0.0,0.0,0.0,-2.4,2.4
MYO15A,17,18167671,NM_016239.4:c.10030A>G,NP_057323.3:p.Lys3344Glu,0.633,25.6,['Unknown%20significance'],13.49,0.05,0.0,0.2,0.2
MYO15A,17,18167673,NM_016239.4:c.10032G>T,NP_057323.3:p.Lys3344Asn,0.536,25.9,['Unknown%20significance'],13.49,0.05,0.0,0.2,0.2
MYO15A,17,18167674,NM_016239.4:c.10033C>A,NP_057323.3:p.Leu3345Met,0.649,24.5,['Unknown%20significance'],0.0,0.0,0.0,1.5,1.5
MYO15A,17,18167675,NM_016239.4:c.10034T>C,NP_057323.3:p.Leu3345Pro,0.939,32,['Unknown%20significance'],0.0,0.0,0.0,4.6,4.6
MYO15A,17,18167677,NM_016239.4:c.10036G>A,NP_057323.3:p.Ala3346Thr,0.781,29.4,['Unknown%20significance'],0.0,0.0,0.0,1.3,1.3
MYO15A,17,18167677,NM_016239.4:c.10036G>T,NP_057323.3:p.Ala3346Ser,0.694,27.4,['Unknown%20significance'],0.0,0.0,0.0,1.9,1.9
MYO15A,17,18167678,NM_016239.4:c.10037C>T,NP_057323.3:p.Ala3346Val,0.758,27.5,['Unknown%20significance'],0.0,0.0,0.0,-0.7,0.7
MYO15A,17,18167683,NM_016239.4:c.10042C>G,NP_057323.3:p.Leu3348Val,0.607,25.1,['Unknown%20significance'],0.0,0.0,0.0,1.0,1.0
MYO15A,17,18167684,NM_016239.4:c.10043T>A,NP_057323.3:p.Leu3348Gln,0.904,31,['Unknown%20significance'],0.0,0.0,0.0,3.5,3.5
MYO15A,17,18167688,NM_016239.4:c.10047G>T,NP_057323.3:p.Gln3349His,0.725,25.2,['Unknown%20significance'],0.0,0.0,0.0,-0.2,0.2
MYO15A,17,18167689,NM_016239.4:c.10048C>T,NP_057323.3:p.His3350Tyr,0.685,26.6,['Unknown%20significance'],0.0,0.0,0.0,-1.9,1.9
MYO15A,17,18167690,NM_016239.4:c.10049A>G,NP_057323.3:p.His3350Arg,0.820,27.1,['Unknown%20significance'],0.0,0.0,0.0,0.5,0.5
MYO15A,17,18167692,NM_016239.4:c.10051C>A,NP_057323.3:p.Arg3351Ser,0.627,25.9,['Unknown%20significance'],0.04,0.0,0.0,1.4,1.4
MYO15A,17,18167692,NM_016239.4:c.10051C>G,NP_057323.3:p.Arg3351Gly,0.640,25.8,['Unknown%20significance'],0.04,0.0,0.0,2.2,2.2
MYO15A,17,18167692,NM_016239.4:c.10051C>T,NP_057323.3:p.Arg3351Cys,0.493,24.5,['Unknown%20significance'],0.04,0.0,0.0,0.7,0.7
MYO15A,17,18167693,NM_016239.4:c.10052G>A,NP_057323.3:p.Arg3351His,0.605,32,['Unknown%20significance'],0.04,0.0,0.0,0.1,0.1
MYO15A,17,18167693,NM_016239.4:c.10052G>T,NP_057323.3:p.Arg3351Leu,0.565,26.2,['Unknown%20significance'],0.04,0.0,0.0,-0.6,0.6
MYO15A,17,18167695,NM_016239.4:c.10054G>A,NP_057323.3:p.Ala3352Thr,0.511,22.9,['Unknown%20significance'],4.16,0.03,0.0,0.2,0.2
MYO15A,17,18167695,NM_016239.4:c.10054G>C,NP_057323.3:p.Ala3352Pro,0.654,27.6,['Unknown%20significance'],4.16,0.03,0.0,0.9,0.9
MYO15A,17,18167695,NM_016239.4:c.10054G>T,NP_057323.3:p.Ala3352Ser,0.412,23.9,['Unknown%20significance'],4.16,0.03,0.0,0.7,0.7
MYO15A,17,18167696,NM_016239.4:c.10055C>A,NP_057323.3:p.Ala3352Asp,0.532,26.5,['Unknown%20significance'],4.16,0.03,0.0,1.2,1.2
MYO15A,17,18167699,NM_016239.4:c.10058A>C,NP_057323.3:p.Lys3353Thr,0.441,24.5,['Unknown%20significance'],79.21,0.33,0.0,-0.3,0.3
MYO15A,17,18167699,NM_016239.4:c.10058A>G,NP_057323.3:p.Lys3353Arg,0.119,21.3,['Unknown%20significance'],79.21,0.33,0.0,-0.7,0.7
MYO15A,17,18167700,NM_016239.4:c.10059G>T,NP_057323.3:p.Lys3353Asn,0.275,24.5,['Unknown%20significance'],79.21,0.33,0.0,-0.1,0.1
MYO15A,17,18167701,NM_016239.4:c.10060G>T,NP_057323.3:p.Asp3354Tyr,0.729,29.1,['Unknown%20significance'],84.76,0.52,0.0,-0.9,0.9
MYO15A,17,18167703,NM_016239.4:c.10062C>A,NP_057323.3:p.Asp3354Glu,0.532,24.1,['Unknown%20significance'],84.76,0.52,0.0,-0.0,0.0
MYO15A,17,18167704,NM_016239.4:c.10063C>T,NP_057323.3:p.His3355Tyr,0.304,18.62,['Unknown%20significance'],38.69,0.18,0.0,-0.4,0.4
MYO15A,17,18167705,NM_016239.4:c.10064A>C,NP_057323.3:p.His3355Pro,0.361,11.97,['Unknown%20significance'],38.69,0.18,0.0,0.8,0.8
MYO15A,17,18167705,NM_016239.4:c.10064A>G,NP_057323.3:p.His3355Arg,0.155,6.551,['Unknown%20significance'],38.69,0.18,0.0,-0.1,0.1
MYO15A,17,18167711,NM_016239.4:c.10070A>C,NP_057323.3:p.Tyr3357Ser,0.454,22.4,['Unknown%20significance'],130.98,0.54,0.0,1.1,1.1
MYO15A,17,18167711,NM_016239.4:c.10070A>G,NP_057323.3:p.Tyr3357Cys,0.569,23.4,['Unknown%20significance'],130.98,0.54,0.0,1.1,1.1
MYO15A,17,18167713,NM_016239.4:c.10072C>A,NP_057323.3:p.Leu3358Met,0.346,24.8,['Unknown%20significance'],121.49,0.62,0.0,0.0,0.0
MYO15A,17,18167716,NM_016239.4:c.10075C>A,NP_057323.3:p.Pro3359Thr,0.822,25.7,['Unknown%20significance'],0.42,0.0,0.0,-0.1,0.1
MYO15A,17,18167716,NM_016239.4:c.10075C>T,NP_057323.3:p.Pro3359Ser,0.745,26.3,['Unknown%20significance'],0.42,0.0,0.0,0.5,0.5
MYO15A,17,18167717,NM_016239.4:c.10076C>A,NP_057323.3:p.Pro3359Gln,0.756,26.2,['Unknown%20significance'],0.42,0.0,0.0,-0.0,0.0
MYO15A,17,18167717,NM_016239.4:c.10076C>T,NP_057323.3:p.Pro3359Leu,0.804,27.5,['Unknown%20significance'],0.42,0.0,0.0,-1.1,1.1
MYO15A,17,18167720,NM_016239.4:c.10079G>A,NP_057323.3:p.Ser3360Asn,0.230,16.49,['Unknown%20significance'],52.17,0.37,0.0,0.0,0.0
MYO15A,17,18167720,NM_016239.4:c.10079G>T,NP_057323.3:p.Ser3360Ile,0.527,23.2,['Unknown%20significance'],52.17,0.37,0.0,-0.6,0.6
MYO15A,17,18167721,NM_016239.4:c.10080C>A,NP_057323.3:p.Ser3360Arg,0.539,15.17,['Unknown%20significance'],52.17,0.37,0.0,-0.4,0.4
MYO15A,17,18167722,NM_016239.4:c.10081G>A,NP_057323.3:p.Val3361Met,0.026,7.112,['Unknown%20significance'],69.28,0.4,0.0,-0.0,0.0
MYO15A,17,18167722,NM_016239.4:c.10081G>T,NP_057323.3:p.Val3361Leu,0.017,6.344,['Unknown%20significance'],69.28,0.4,0.0,-0.1,0.1
MYO15A,17,18167723,NM_016239.4:c.10082T>C,NP_057323.3:p.Val3361Ala,0.076,20.3,['Unknown%20significance'],69.28,0.4,0.0,0.7,0.7
MYO15A,17,18171639,NM_016239.4:c.10084C>T,NP_057323.3:p.Arg3362Trp,0.395,22.0,['Unknown%20significance'],162.64,0.6,0.0,-0.1,0.1
MYO15A,17,18171640,NM_016239.4:c.10085G>A,NP_057323.3:p.Arg3362Gln,0.295,21.0,['Unknown%20significance'],162.64,0.6,0.0,0.2,0.2
MYO15A,17,18171643,NM_016239.4:c.10088A>T,NP_057323.3:p.Glu3363Val,0.835,28.0,['Unknown%20significance'],1.23,0.0,0.0,-1.4,1.4
MYO15A,17,18171644,NM_016239.4:c.10089A>C,NP_057323.3:p.Glu3363Asp,0.566,21.2,['Unknown%20significance'],1.23,0.0,0.0,0.3,0.3
MYO15A,17,18171645,NM_016239.4:c.10090G>A,NP_057323.3:p.Val3364Ile,0.071,13.63,['Unknown%20significance'],0.0,0.0,0.0,-0.4,0.4
MYO15A,17,18171646,NM_016239.4:c.10091T>A,NP_057323.3:p.Val3364Asp,0.648,24.7,['Unknown%20significance'],0.0,0.0,0.0,3.2,3.2
MYO15A,17,18171646,NM_016239.4:c.10091T>C,NP_057323.3:p.Val3364Ala,0.133,20.3,['Unknown%20significance'],0.0,0.0,0.0,2.1,2.1
MYO15A,17,18171649,NM_016239.4:c.10094A>G,NP_057323.3:p.Gln3365Arg,0.238,19.83,['Unknown%20significance'],99.16,0.5,0.0,-0.2,0.2
MYO15A,17,18171654,NM_016239.4:c.10099T>A,NP_057323.3:p.Tyr3367Asn,0.739,27.2,['Unknown%20significance'],5.66,0.02,0.0,3.8,3.8
MYO15A,17,18171654,NM_016239.4:c.10099T>C,NP_057323.3:p.Tyr3367His,0.777,27.1,['Unknown%20significance'],5.66,0.02,0.0,2.3,2.3
MYO15A,17,18171655,NM_016239.4:c.10100A>G,NP_057323.3:p.Tyr3367Cys,0.468,23.1,['Likely%20benign'],5.66,0.02,0.0,2.4,2.4
MYO15A,17,18171657,NM_016239.4:c.10102A>C,NP_057323.3:p.Ile3368Leu,0.227,19.16,['Unknown%20significance'],0.08,0.0,0.0,0.1,0.1
MYO15A,17,18171657,NM_016239.4:c.10102A>G,NP_057323.3:p.Ile3368Val,0.181,16.43,['Unknown%20significance'],0.08,0.0,0.0,0.4,0.4
MYO15A,17,18171658,NM_016239.4:c.10103T>A,NP_057323.3:p.Ile3368Asn,0.840,26.6,['Unknown%20significance'],0.08,0.0,0.0,4.3,4.3
MYO15A,17,18171659,NM_016239.4:c.10104C>G,NP_057323.3:p.Ile3368Met,0.607,19.92,['Unknown%20significance'],0.08,0.0,0.0,1.2,1.2
MYO15A,17,18171660,NM_016239.4:c.10105C>T,NP_057323.3:p.Pro3369Ser,0.872,24.6,['Unknown%20significance'],0.0,0.0,0.0,1.8,1.8
MYO15A,17,18171661,NM_016239.4:c.10106C>T,NP_057323.3:p.Pro3369Leu,0.866,25.7,['Unknown%20significance'],0.0,0.0,0.0,0.0,0.0
MYO15A,17,18171664,NM_016239.4:c.10109C>G,NP_057323.3:p.Ala3370Gly,0.215,16.98,['Unknown%20significance'],34.25,0.26,0.0,0.9,0.9
MYO15A,17,18171667,NM_016239.4:c.10112A>T,NP_057323.3:p.Gln3371Leu,0.547,23.4,['Unknown%20significance'],42.88,0.21,0.0,-0.4,0.4
MYO15A,17,18171669,NM_016239.4:c.10114C>T,NP_057323.3:p.Leu3372Phe,0.196,17.06,['Unknown%20significance'],0.0,0.0,0.0,0.2,0.2
MYO15A,17,18171673,NM_016239.4:c.10118A>G,NP_057323.3:p.Tyr3373Cys,0.617,22.6,['Unknown%20significance'],13.12,0.05,0.0,1.8,1.8
MYO15A,17,18171675,NM_016239.4:c.10120C>T,NP_057323.3:p.Arg3374Cys,0.084,11.92,['Unknown%20significance'],219.7,0.81,0.0,0.2,0.2
MYO15A,17,18171676,NM_016239.4:c.10121G>A,NP_057323.3:p.Arg3374His,0.227,1.947,['Unknown%20significance'],219.7,0.81,0.0,0.1,0.1
MYO15A,17,18171676,NM_016239.4:c.10121G>T,NP_057323.3:p.Arg3374Leu,0.247,3.915,['Unknown%20significance'],219.7,0.81,0.0,-0.1,0.1
MYO15A,17,18171681,NM_016239.4:c.10126A>G,NP_057323.3:p.Thr3376Ala,0.109,3.202,['Unknown%20significance'],23.16,0.14,0.0,0.3,0.3
MYO15A,17,18171682,NM_016239.4:c.10127C>G,NP_057323.3:p.Thr3376Arg,0.196,0.488,['Unknown%20significance'],23.16,0.14,0.0,-0.4,0.4
MYO15A,17,18171682,NM_016239.4:c.10127C>T,NP_057323.3:p.Thr3376Met,0.151,0.356,['Unknown%20significance'],23.16,0.14,0.0,-0.7,0.7
MYO15A,17,18171684,NM_016239.4:c.10129G>A,NP_057323.3:p.Ala3377Thr,0.165,14.41,['Unknown%20significance'],66.51,0.52,0.0,-0.2,0.2
MYO15A,17,18171685,NM_016239.4:c.10130C>T,NP_057323.3:p.Ala3377Val,0.161,14.34,['Unknown%20significance'],66.51,0.52,0.0,-0.3,0.3
MYO15A,17,18171687,NM_016239.4:c.10132G>T,NP_057323.3:p.Gly3378Cys,0.381,16.81,['Unknown%20significance'],14.12,0.14,0.0,-0.6,0.6
MYO15A,17,18171688,NM_016239.4:c.10133G>A,NP_057323.3:p.Gly3378Asp,0.232,19.48,['Unknown%20significance'],14.12,0.14,0.0,-0.4,0.4
MYO15A,17,18171688,NM_016239.4:c.10133G>T,NP_057323.3:p.Gly3378Val,0.255,18.96,['Unknown%20significance'],14.12,0.14,0.0,-1.5,1.5
MYO15A,17,18171691,NM_016239.4:c.10136C>T,NP_057323.3:p.Ser3379Leu,0.312,22.5,['Unknown%20significance'],72.34,0.52,0.0,-0.2,0.2
MYO15A,17,18171696,NM_016239.4:c.10141T>A,NP_057323.3:p.Trp3381Arg,0.898,28.4,['Unknown%20significance'],0.0,0.0,0.0,3.8,3.8
MYO15A,17,18171696,NM_016239.4:c.10141T>C,NP_057323.3:p.Trp3381Arg,0.898,28.5,['Unknown%20significance'],0.0,0.0,0.0,3.8,3.8
MYO15A,17,18171696,NM_016239.4:c.10141T>G,NP_057323.3:p.Trp3381Gly,0.874,29.7,['Unknown%20significance'],0.0,0.0,0.0,5.9,5.9
MYO15A,17,18171698,NM_016239.4:c.10143G>C,NP_057323.3:p.Trp3381Cys,0.816,31,['Unknown%20significance'],0.0,0.0,0.0,3.9,3.9
MYO15A,17,18171700,NM_016239.4:c.10145T>C,NP_057323.3:p.Leu3382Pro,0.645,23.9,['Unknown%20significance'],28.24,0.14,0.0,1.8,1.8
MYO15A,17,18171708,NM_016239.4:c.10153G>C,NP_057323.3:p.Val3385Leu,0.198,13.11,['Unknown%20significance'],0.0,0.0,0.0,0.4,0.4
MYO15A,17,18171708,NM_016239.4:c.10153G>T,NP_057323.3:p.Val3385Phe,0.576,18.53,['Unknown%20significance'],0.0,0.0,0.0,0.7,0.7
MYO15A,17,18171709,NM_016239.4:c.10154T>C,NP_057323.3:p.Val3385Ala,0.423,22.6,['Unknown%20significance'],0.0,0.0,0.0,2.8,2.8
MYO15A,17,18171713,NM_016239.4:c.10158C>G,NP_057323.3:p.Ser3386Arg,0.335,15.62,['Unknown%20significance'],17.94,0.13,0.0,-0.5,0.5
MYO15A,17,18171715,NM_016239.4:c.10160A>G,NP_057323.3:p.Gln3387Arg,0.540,22.9,['Unknown%20significance'],84.92,0.42,0.0,-0.0,0.0
MYO15A,17,18171717,NM_016239.4:c.10162C>T,NP_057323.3:p.His3388Tyr,0.542,24.8,['Unknown%20significance'],18.15,0.08,0.0,-1.0,1.0
MYO15A,17,18171718,NM_016239.4:c.10163A>C,NP_057323.3:p.His3388Pro,0.833,27.5,['Unknown%20significance'],18.15,0.08,0.0,1.3,1.3
MYO15A,17,18171718,NM_016239.4:c.10163A>G,NP_057323.3:p.His3388Arg,0.744,25.8,['Unknown%20significance'],18.15,0.08,0.0,0.1,0.1
MYO15A,17,18171720,NM_016239.4:c.10165C>T,NP_057323.3:p.Arg3389Trp,0.081,22.4,['Unknown%20significance'],42.54,0.15,0.0,-1.5,1.5
MYO15A,17,18171721,NM_016239.4:c.10166G>A,NP_057323.3:p.Arg3389Gln,0.314,23.9,['Unknown%20significance'],42.54,0.15,0.0,0.2,0.2
MYO15A,17,18171723,NM_016239.4:c.10168C>G,NP_057323.3:p.Gln3390Glu,0.329,23.9,['Unknown%20significance'],152.35,0.77,0.0,0.1,0.1
MYO15A,17,18171724,NM_016239.4:c.10169A>G,NP_057323.3:p.Gln3390Arg,0.342,23.1,['Unknown%20significance'],152.35,0.77,0.0,-0.1,0.1
MYO15A,17,18171727,NM_016239.4:c.10172A>G,NP_057323.3:p.Gln3391Arg,0.693,26.7,['Unknown%20significance'],92.9,0.46,0.0,-0.0,0.0
MYO15A,17,18171729,NM_016239.4:c.10174A>G,NP_057323.3:p.Thr3392Ala,0.213,21.7,['Unknown%20significance'],0.0,0.0,0.0,0.4,0.4
MYO15A,17,18171733,NM_016239.4:c.10178A>G,NP_057323.3:p.Gln3393Arg,0.502,26.1,['Unknown%20significance'],69.89,0.35,0.0,-0.2,0.2
MYO15A,17,18171736,NM_016239.4:c.10181C>T,NP_057323.3:p.Ala3394Val,0.398,29.0,['Pathogenic'],98.76,0.77,0.0,-0.0,0.0
MYO15A,17,18171738,NM_016239.4:c.10183C>T,NP_057323.3:p.Leu3395Phe,0.521,24.5,['Unknown%20significance'],20.29,0.1,0.0,0.3,0.3
MYO15A,17,18171739,NM_016239.4:c.10184T>C,NP_057323.3:p.Leu3395Pro,0.907,27.8,['Unknown%20significance'],20.29,0.1,0.0,2.2,2.2
MYO15A,17,18171742,NM_016239.4:c.10187G>A,NP_057323.3:p.Ser3396Asn,0.235,21.1,['Unknown%20significance'],56.02,0.4,0.0,0.2,0.2
MYO15A,17,18171743,NM_016239.4:c.10188C>A,NP_057323.3:p.Ser3396Arg,0.613,23.3,['Unknown%20significance'],56.02,0.4,0.0,-0.1,0.1
MYO15A,17,18171743,NM_016239.4:c.10188C>G,NP_057323.3:p.Ser3396Arg,0.613,23.4,['Unknown%20significance'],56.02,0.4,0.0,-0.1,0.1
MYO15A,17,18171744,NM_016239.4:c.10189C>T,NP_057323.3:p.Pro3397Ser,0.451,23.2,['Unknown%20significance'],33.64,0.21,0.0,0.2,0.2
MYO15A,17,18171745,NM_016239.4:c.10190C>T,NP_057323.3:p.Pro3397Leu,0.590,25.7,['Unknown%20significance'],33.64,0.21,0.0,-0.3,0.3
MYO15A,17,18171747,NM_016239.4:c.10192C>A,NP_057323.3:p.His3398Asn,0.429,24.9,['Unknown%20significance'],22.6,0.11,0.0,0.7,0.7
MYO15A,17,18171747,NM_016239.4:c.10192C>G,NP_057323.3:p.His3398Asp,0.554,25.4,['Unknown%20significance'],22.6,0.11,0.0,1.0,1.0
MYO15A,17,18171747,NM_016239.4:c.10192C>T,NP_057323.3:p.His3398Tyr,0.571,24.9,['Unknown%20significance'],22.6,0.11,0.0,-0.8,0.8
MYO15A,17,18171748,NM_016239.4:c.10193A>G,NP_057323.3:p.His3398Arg,0.633,25.7,['Unknown%20significance'],22.6,0.11,0.0,-0.1,0.1
MYO15A,17,18171748,NM_016239.4:c.10193A>T,NP_057323.3:p.His3398Leu,0.653,26.6,['Unknown%20significance'],22.6,0.11,0.0,-0.3,0.3
MYO15A,17,18171751,NM_016239.4:c.10196A>G,NP_057323.3:p.Gln3399Arg,0.592,26.1,['Unknown%20significance'],82.7,0.41,0.0,0.1,0.1
MYO15A,17,18171752,NM_016239.4:c.10197G>C,NP_057323.3:p.Gln3399His,0.533,23.1,['Unknown%20significance'],82.7,0.41,0.0,0.1,0.1
MYO15A,17,18171756,NM_016239.4:c.10201C>G,NP_057323.3:p.Arg3401Gly,0.661,24.2,['Unknown%20significance'],33.1,0.12,0.0,2.3,2.3
MYO15A,17,18171756,NM_016239.4:c.10201C>T,NP_057323.3:p.Arg3401Cys,0.611,25.1,['Unknown%20significance'],33.1,0.12,0.0,1.1,1.1
MYO15A,17,18171757,NM_016239.4:c.10202G>A,NP_057323.3:p.Arg3401His,0.649,27.6,['Pathogenic'],33.1,0.12,0.0,0.5,0.5
MYO15A,17,18171757,NM_016239.4:c.10202G>C,NP_057323.3:p.Arg3401Pro,0.785,28.1,['Unknown%20significance'],33.1,0.12,0.0,1.6,1.6
MYO15A,17,18171759,NM_016239.4:c.10204G>A,NP_057323.3:p.Ala3402Thr,0.450,25.7,['Unknown%20significance'],0.44,0.0,0.0,-0.0,0.0
MYO15A,17,18171763,NM_016239.4:c.10208A>G,NP_057323.3:p.Gln3403Arg,0.748,26.4,['Unknown%20significance'],48.59,0.24,0.0,-0.1,0.1
MYO15A,17,18171763,NM_016239.4:c.10208A>T,NP_057323.3:p.Gln3403Leu,0.791,28.2,['Unknown%20significance'],48.59,0.24,0.0,-1.0,1.0
MYO15A,17,18171769,NM_016239.4:c.10214T>C,NP_057323.3:p.Leu3405Pro,0.936,32,['Unknown%20significance'],0.0,0.0,0.0,4.7,4.7
MYO15A,17,18171771,NM_016239.4:c.10216G>A,NP_057323.3:p.Gly3406Ser,0.595,34,['Unknown%20significance'],25.53,0.26,0.0,-0.5,0.5
MYO15A,17,18172157,NM_016239.4:c.10217G>T,NP_057323.3:p.Gly3406Val,0.613,33,['Unknown%20significance'],25.53,0.26,0.0,-1.7,1.7
MYO15A,17,18172159,NM_016239.4:c.10219C>G,NP_057323.3:p.Leu3407Val,0.456,24.0,['Unknown%20significance'],39.44,0.2,0.0,0.2,0.2
MYO15A,17,18172159,NM_016239.4:c.10219C>T,NP_057323.3:p.Leu3407Phe,0.583,24.9,['Unknown%20significance'],39.44,0.2,0.0,0.0,0.0
MYO15A,17,18172162,NM_016239.4:c.10222C>G,NP_057323.3:p.Leu3408Val,0.217,15.39,['Unknown%20significance'],0.0,0.0,0.0,-0.0,0.0
MYO15A,17,18172165,NM_016239.4:c.10225A>C,NP_057323.3:p.Ser3409Arg,0.665,23.8,['Unknown%20significance'],37.63,0.27,0.0,-0.7,0.7
MYO15A,17,18172165,NM_016239.4:c.10225A>G,NP_057323.3:p.Ser3409Gly,0.583,24.9,['Unknown%20significance'],37.63,0.27,0.0,0.6,0.6
MYO15A,17,18172165,NM_016239.4:c.10225A>T,NP_057323.3:p.Ser3409Cys,0.701,23.7,['Unknown%20significance'],37.63,0.27,0.0,-0.4,0.4
MYO15A,17,18172166,NM_016239.4:c.10226G>A,NP_057323.3:p.Ser3409Asn,0.461,25.6,['Unknown%20significance'],37.63,0.27,0.0,0.1,0.1
MYO15A,17,18172168,NM_016239.4:c.10228G>A,NP_057323.3:p.Ala3410Thr,0.460,25.1,['Unknown%20significance'],88.35,0.69,0.0,-0.0,0.0
MYO15A,17,18172168,NM_016239.4:c.10228G>C,NP_057323.3:p.Ala3410Pro,0.723,32,['Unknown%20significance'],88.35,0.69,0.0,0.2,0.2
MYO15A,17,18172169,NM_016239.4:c.10229C>T,NP_057323.3:p.Ala3410Val,0.594,25.5,['Unknown%20significance'],88.35,0.69,0.0,-0.2,0.2
MYO15A,17,18172177,NM_016239.4:c.10237A>G,NP_057323.3:p.Met3413Val,0.257,17.40,['Unknown%20significance'],5.93,0.02,0.0,0.2,0.2
MYO15A,17,18172178,NM_016239.4:c.10238T>A,NP_057323.3:p.Met3413Lys,0.462,23.2,['Unknown%20significance'],5.93,0.02,0.0,2.5,2.5
MYO15A,17,18172178,NM_016239.4:c.10238T>C,NP_057323.3:p.Met3413Thr,0.231,22.7,['Unknown%20significance'],5.93,0.02,0.0,1.3,1.3
MYO15A,17,18172182,NM_016239.4:c.10242C>A,NP_057323.3:p.Phe3414Leu,0.626,18.87,['Unknown%20significance'],7.57,0.03,0.0,1.7,1.7
MYO15A,17,18172183,NM_016239.4:c.10243G>A,NP_057323.3:p.Gly3415Ser,0.896,32,['Unknown%20significance'],1.09,0.01,0.0,0.8,0.8
MYO15A,17,18172192,NM_016239.4:c.10252T>C,NP_057323.3:p.Phe3418Leu,0.790,31,['Unknown%20significance'],27.5,0.11,0.0,0.8,0.8
MYO15A,17,18172193,NM_016239.4:c.10253T>C,NP_057323.3:p.Phe3418Ser,0.906,32,['Unknown%20significance'],27.5,0.11,0.0,3.7,3.7
MYO15A,17,18172195,NM_016239.4:c.10255T>C,NP_057323.3:p.Phe3419Leu,0.864,31,['Unknown%20significance'],1.96,0.0,0.0,1.8,1.8
MYO15A,17,18172199,NM_016239.4:c.10259T>C,NP_057323.3:p.Phe3420Ser,0.455,29.3,['Unknown%20significance'],47.78,0.2,0.0,1.6,1.6
MYO15A,17,18172200,NM_016239.4:c.10260C>A,NP_057323.3:p.Phe3420Leu,0.178,22.1,['Unknown%20significance'],47.78,0.2,0.0,0.1,0.1
MYO15A,17,18172201,NM_016239.4:c.10261A>T,NP_057323.3:p.Ile3421Phe,0.570,22.8,['Unknown%20significance'],0.0,0.0,0.0,0.6,0.6
MYO15A,17,18172203,NM_016239.4:c.10263C>G,NP_057323.3:p.Ile3421Met,0.582,23.6,['Unknown%20significance'],0.0,0.0,0.0,1.1,1.1
MYO15A,17,18172205,NM_016239.4:c.10265A>G,NP_057323.3:p.Gln3422Arg,0.427,27.6,['Unknown%20significance'],16.53,0.08,0.0,-0.5,0.5
MYO15A,17,18172206,NM_016239.4:c.10266G>C,NP_057323.3:p.Gln3422His,0.266,23.7,['Pathogenic'],16.53,0.08,0.0,-0.0,0.0
MYO15A,17,18172207,NM_016239.4:c.10267A>G,NP_057323.3:p.Ser3423Gly,0.568,32,['Unknown%20significance'],44.63,0.32,0.0,0.6,0.6
MYO15A,17,18172210,NM_016239.4:c.10270T>G,NP_057323.3:p.Cys3424Gly,0.465,26.8,['Unknown%20significance'],20.89,0.13,0.0,1.0,1.0
MYO15A,17,18172211,NM_016239.4:c.10271G>A,NP_057323.3:p.Cys3424Tyr,0.505,27.6,['Unknown%20significance'],20.89,0.13,0.0,-1.0,1.0
MYO15A,17,18172214,NM_016239.4:c.10274G>A,NP_057323.3:p.Ser3425Asn,0.405,24.0,['Unknown%20significance'],57.82,0.41,0.0,0.1,0.1
MYO15A,17,18172219,NM_016239.4:c.10279A>G,NP_057323.3:p.Ile3427Val,0.132,0.123,['Unknown%20significance'],139.57,0.71,0.0,0.0,0.0
MYO15A,17,18172220,NM_016239.4:c.10280T>C,NP_057323.3:p.Ile3427Thr,0.129,5.608,['Unknown%20significance'],139.57,0.71,0.0,0.0,0.0
MYO15A,17,18172222,NM_016239.4:c.10282G>A,NP_057323.3:p.Ala3428Thr,0.090,4.398,['Unknown%20significance'],85.07,0.66,0.0,-0.1,0.1
MYO15A,17,18172223,NM_016239.4:c.10283C>T,NP_057323.3:p.Ala3428Val,0.220,18.51,['Unknown%20significance'],85.07,0.66,0.0,-0.2,0.2
MYO15A,17,18172226,NM_016239.4:c.10286T>A,NP_057323.3:p.Val3429Glu,0.567,25.1,['Unknown%20significance'],3.35,0.01,0.0,1.5,1.5
MYO15A,17,18172228,NM_016239.4:c.10288C>T,NP_057323.3:p.Pro3430Ser,0.217,19.75,['Unknown%20significance'],91.97,0.58,0.0,0.3,0.3
MYO15A,17,18172229,NM_016239.4:c.10289C>A,NP_057323.3:p.Pro3430Gln,0.179,19.16,['Unknown%20significance'],91.97,0.58,0.0,0.2,0.2
MYO15A,17,18172229,NM_016239.4:c.10289C>G,NP_057323.3:p.Pro3430Arg,0.350,19.22,['Unknown%20significance'],91.97,0.58,0.0,0.0,0.0
MYO15A,17,18172229,NM_016239.4:c.10289C>T,NP_057323.3:p.Pro3430Leu,0.271,20.7,['Unknown%20significance'],91.97,0.58,0.0,-0.0,0.0
MYO15A,17,18172232,NM_016239.4:c.10292C>G,NP_057323.3:p.Ala3431Gly,0.141,22.3,['Unknown%20significance'],26.89,0.21,0.0,0.7,0.7
MYO15A,17,18172232,NM_016239.4:c.10292C>T,NP_057323.3:p.Ala3431Val,0.425,22.7,['Unknown%20significance'],26.89,0.21,0.0,-0.6,0.6
MYO15A,17,18172234,NM_016239.4:c.10294C>T,NP_057323.3:p.Pro3432Ser,0.681,25.4,['Unknown%20significance'],70.13,0.44,0.0,0.2,0.2
MYO15A,17,18172235,NM_016239.4:c.10295C>T,NP_057323.3:p.Pro3432Leu,0.716,26.4,['Unknown%20significance'],70.13,0.44,0.0,-0.6,0.6
MYO15A,17,18172238,NM_016239.4:c.10298G>A,NP_057323.3:p.Cys3433Tyr,0.577,27.8,['Unknown%20significance'],0.0,0.0,0.0,-1.1,1.1
MYO15A,17,18172241,NM_016239.4:c.10301T>C,NP_057323.3:p.Ile3434Thr,0.787,28.2,['Unknown%20significance'],10.12,0.05,0.0,2.7,2.7
MYO15A,17,18172246,NM_016239.4:c.10306G>A,NP_057323.3:p.Ala3436Thr,0.723,28.8,['Unknown%20significance'],0.0,0.0,0.0,1.2,1.2
MYO15A,17,18172247,NM_016239.4:c.10307C>G,NP_057323.3:p.Ala3436Gly,0.545,23.8,['Unknown%20significance'],0.0,0.0,0.0,1.8,1.8
MYO15A,17,18172247,NM_016239.4:c.10307C>T,NP_057323.3:p.Ala3436Val,0.775,25.8,['Unknown%20significance'],0.0,0.0,0.0,-0.6,0.6
MYO15A,17,18172249,NM_016239.4:c.10309A>G,NP_057323.3:p.Ile3437Val,0.253,13.44,['Unknown%20significance'],0.0,0.0,0.0,0.2,0.2
MYO15A,17,18172252,NM_016239.4:c.10312A>G,NP_057323.3:p.Asn3438Asp,0.817,27.2,['Unknown%20significance'],0.0,0.0,0.0,0.7,0.7
MYO15A,17,18172255,NM_016239.4:c.10315C>T,NP_057323.3:p.His3439Tyr,0.307,22.4,['Unknown%20significance'],56.53,0.27,0.0,-0.8,0.8
MYO15A,17,18172259,NM_016239.4:c.10319A>G,NP_057323.3:p.Asn3440Ser,0.490,25.4,['Unknown%20significance'],65.78,0.41,0.0,0.1,0.1
MYO15A,17,18172268,NM_016239.4:c.10328A>T,NP_057323.3:p.Asn3443Ile,0.352,24.1,['Unknown%20significance'],0.0,0.0,0.0,-2.9,2.9
MYO15A,17,18172271,NM_016239.4:c.10331T>C,NP_057323.3:p.Phe3444Ser,0.897,32,['Unknown%20significance'],0.0,0.0,0.0,4.8,4.8
MYO15A,17,18172271,NM_016239.4:c.10331T>G,NP_057323.3:p.Phe3444Cys,0.894,32,['Unknown%20significance'],0.0,0.0,0.0,2.6,2.6
MYO15A,17,18172276,NM_016239.4:c.10336A>G,NP_057323.3:p.Ser3446Gly,0.205,22.3,['Unknown%20significance'],20.12,0.14,0.0,0.7,0.7
MYO15A,17,18172280,NM_016239.4:c.10340C>G,NP_057323.3:p.Thr3447Arg,0.309,18.43,['Unknown%20significance'],36.47,0.23,0.0,-0.3,0.3
MYO15A,17,18172280,NM_016239.4:c.10340C>T,NP_057323.3:p.Thr3447Ile,0.146,20.3,['Unknown%20significance'],36.47,0.23,0.0,-0.4,0.4
MYO15A,17,18172284,NM_016239.4:c.10344G>C,NP_057323.3:p.Glu3448Asp,0.055,18.14,['Unknown%20significance'],158.41,0.81,0.0,0.1,0.1
MYO15A,17,18172288,NM_016239.4:c.10348C>T,NP_057323.3:p.His3450Tyr,0.775,33,['Unknown%20significance'],9.14,0.04,0.0,-0.8,0.8
MYO15A,17,18172290,NM_016239.4:c.10350T>G,NP_057323.3:p.His3450Gln,0.460,13.98,['Unknown%20significance'],9.14,0.04,0.0,0.2,0.2
MYO15A,17,18173787,NM_016239.4:c.10357A>T,NP_057323.3:p.Met3453Leu,0.123,18.62,['Unknown%20significance'],62.17,0.28,0.0,-0.6,0.6
MYO15A,17,18173788,NM_016239.4:c.10358T>C,NP_057323.3:p.Met3453Thr,0.324,22.2,['Unknown%20significance'],62.17,0.28,0.0,1.0,1.0
MYO15A,17,18173790,NM_016239.4:c.10360G>A,NP_057323.3:p.Val3454Met,0.296,22.9,['Unknown%20significance'],34.3,0.19,0.0,0.4,0.4
MYO15A,17,18173790,NM_016239.4:c.10360G>T,NP_057323.3:p.Val3454Leu,0.277,22.6,['Likely%20benign'],34.3,0.19,0.0,-0.1,0.1
MYO15A,17,18173791,NM_016239.4:c.10361T>C,NP_057323.3:p.Val3454Ala,0.159,21.7,['Unknown%20significance'],34.3,0.19,0.0,1.2,1.2
MYO15A,17,18173791,NM_016239.4:c.10361T>G,NP_057323.3:p.Val3454Gly,0.473,24.1,['Unknown%20significance'],34.3,0.19,0.0,2.5,2.5
MYO15A,17,18173794,NM_016239.4:c.10364A>G,NP_057323.3:p.Lys3455Arg,0.207,23.3,['Unknown%20significance'],92.87,0.39,0.0,-0.6,0.6
MYO15A,17,18173796,NM_016239.4:c.10366T>A,NP_057323.3:p.Phe3456Ile,0.162,19.14,['Unknown%20significance'],19.32,0.08,0.0,0.9,0.9
MYO15A,17,18173796,NM_016239.4:c.10366T>C,NP_057323.3:p.Phe3456Leu,0.305,22.9,['Unknown%20significance'],19.32,0.08,0.0,0.9,0.9
MYO15A,17,18173796,NM_016239.4:c.10366T>G,NP_057323.3:p.Phe3456Val,0.413,20.5,['Unknown%20significance'],19.32,0.08,0.0,1.3,1.3
MYO15A,17,18173797,NM_016239.4:c.10367T>A,NP_057323.3:p.Phe3456Tyr,0.270,25.5,['Unknown%20significance'],19.32,0.08,0.0,0.2,0.2
MYO15A,17,18173798,NM_016239.4:c.10368C>A,NP_057323.3:p.Phe3456Leu,0.360,22.7,['Unknown%20significance'],19.32,0.08,0.0,0.9,0.9
MYO15A,17,18173799,NM_016239.4:c.10369C>G,NP_057323.3:p.Pro3457Ala,0.416,21.3,['Unknown%20significance'],54.3,0.34,0.0,0.3,0.3
MYO15A,17,18173799,NM_016239.4:c.10369C>T,NP_057323.3:p.Pro3457Ser,0.238,21.5,['Unknown%20significance'],54.3,0.34,0.0,0.4,0.4
MYO15A,17,18173800,NM_016239.4:c.10370C>T,NP_057323.3:p.Pro3457Leu,0.468,27.0,['Unknown%20significance'],54.3,0.34,0.0,-0.1,0.1
MYO15A,17,18173805,NM_016239.4:c.10375A>C,NP_057323.3:p.Lys3459Gln,0.335,31,['Unknown%20significance'],185.04,0.78,0.0,-0.1,0.1
MYO15A,17,18173809,NM_016239.4:c.10379A>G,NP_057323.3:p.Glu3460Gly,0.546,32,['Unknown%20significance'],76.88,0.39,0.0,0.7,0.7
MYO15A,17,18173809,NM_016239.4:c.10379A>T,NP_057323.3:p.Glu3460Val,0.715,32,['Unknown%20significance'],76.88,0.39,0.0,-0.5,0.5
MYO15A,17,18173812,NM_016239.4:c.10382T>A,NP_057323.3:p.Ile3461Asn,0.784,29.3,['Unknown%20significance'],8.7,0.04,0.0,3.9,3.9
MYO15A,17,18173812,NM_016239.4:c.10382T>C,NP_057323.3:p.Ile3461Thr,0.863,27.8,['Unknown%20significance'],8.7,0.04,0.0,2.7,2.7
MYO15A,17,18173813,NM_016239.4:c.10383C>G,NP_057323.3:p.Ile3461Met,0.617,24.0,['Unknown%20significance'],8.7,0.04,0.0,1.6,1.6
MYO15A,17,18173814,NM_016239.4:c.10384C>G,NP_057323.3:p.Gln3462Glu,0.431,25.2,['Unknown%20significance'],55.11,0.27,0.0,0.5,0.5
MYO15A,17,18173815,NM_016239.4:c.10385A>G,NP_057323.3:p.Gln3462Arg,0.463,27.3,['Unknown%20significance'],55.11,0.27,0.0,-0.3,0.3
MYO15A,17,18173818,NM_016239.4:c.10388C>T,NP_057323.3:p.Ser3463Leu,0.627,27.0,['Unknown%20significance'],9.82,0.07,0.0,-1.1,1.1
MYO15A,17,18173821,NM_016239.4:c.10391C>G,NP_057323.3:p.Thr3464Arg,0.527,24.0,['Unknown%20significance'],10.28,0.06,0.0,0.2,0.2
MYO15A,17,18173821,NM_016239.4:c.10391C>T,NP_057323.3:p.Thr3464Met,0.359,22.7,['Unknown%20significance'],10.28,0.06,0.0,-0.9,0.9
MYO15A,17,18173823,NM_016239.4:c.10393C>T,NP_057323.3:p.Arg3465Trp,0.206,18.90,['Unknown%20significance'],111.79,0.41,0.0,-0.3,0.3
MYO15A,17,18173824,NM_016239.4:c.10394G>A,NP_057323.3:p.Arg3465Gln,0.411,23.4,['Pathogenic'],111.79,0.41,0.0,0.1,0.1
MYO15A,17,18173824,NM_016239.4:c.10394G>C,NP_057323.3:p.Arg3465Pro,0.651,25.3,['Unknown%20significance'],111.79,0.41,0.0,0.6,0.6
MYO15A,17,18173827,NM_016239.4:c.10397C>G,NP_057323.3:p.Thr3466Ser,0.504,25.0,['Unknown%20significance'],47.99,0.3,0.0,0.5,0.5
MYO15A,17,18173827,NM_016239.4:c.10397C>T,NP_057323.3:p.Thr3466Ile,0.702,25.8,['Unknown%20significance'],47.99,0.3,0.0,-0.5,0.5
MYO15A,17,18173832,NM_016239.4:c.10402C>G,NP_057323.3:p.Arg3468Gly,0.634,24.6,['Unknown%20significance'],248.26,0.92,0.0,0.3,0.3
MYO15A,17,18173832,NM_016239.4:c.10402C>T,NP_057323.3:p.Arg3468Trp,0.633,25.8,['Likely%20benign'],248.26,0.92,0.0,0.0,0.0
MYO15A,17,18173833,NM_016239.4:c.10403G>A,NP_057323.3:p.Arg3468Gln,0.381,22.7,['Unknown%20significance'],248.26,0.92,0.0,0.1,0.1
MYO15A,17,18173833,NM_016239.4:c.10403G>C,NP_057323.3:p.Arg3468Pro,0.476,23.8,['Unknown%20significance'],248.26,0.92,0.0,0.2,0.2
MYO15A,17,18173838,NM_016239.4:c.10408A>C,NP_057323.3:p.Thr3470Pro,0.515,26.0,['Unknown%20significance'],85.75,0.54,0.0,0.4,0.4
MYO15A,17,18173839,NM_016239.4:c.10409C>A,NP_057323.3:p.Thr3470Lys,0.582,23.3,['Unknown%20significance'],85.75,0.54,0.0,0.4,0.4
MYO15A,17,18173839,NM_016239.4:c.10409C>T,NP_057323.3:p.Thr3470Met,0.471,24.9,['Unknown%20significance'],85.75,0.54,0.0,-0.1,0.1
MYO15A,17,18173841,NM_016239.4:c.10411G>A,NP_057323.3:p.Ala3471Thr,0.289,22.6,['Unknown%20significance'],112.63,0.88,0.0,-0.0,0.0
MYO15A,17,18173842,NM_016239.4:c.10412C>T,NP_057323.3:p.Ala3471Val,0.366,24.7,['Unknown%20significance'],112.63,0.88,0.0,-0.1,0.1
MYO15A,17,18173850,NM_016239.4:c.10420A>C,NP_057323.3:p.Ser3474Arg,0.668,27.7,['Unknown%20significance'],68.24,0.49,0.0,-0.2,0.2
MYO15A,17,18173850,NM_016239.4:c.10420A>G,NP_057323.3:p.Ser3474Gly,0.385,24.2,['Benign'],68.24,0.49,0.0,0.1,0.1
MYO15A,17,18173851,NM_016239.4:c.10421G>C,NP_057323.3:p.Ser3474Thr,0.409,25.6,['Unknown%20significance'],68.24,0.49,0.0,-0.1,0.1
MYO15A,17,18173853,NM_016239.4:c.10423T>C,NP_057323.3:p.Tyr3475His,0.483,26.8,['Unknown%20significance'],17.3,0.07,0.0,0.6,0.6
MYO15A,17,18173854,NM_016239.4:c.10424A>G,NP_057323.3:p.Tyr3475Cys,0.252,18.46,['Unknown%20significance'],17.3,0.07,0.0,1.5,1.5
MYO15A,17,18173856,NM_016239.4:c.10426C>A,NP_057323.3:p.Pro3476Thr,0.690,25.2,['Unknown%20significance'],39.43,0.25,0.0,-0.6,0.6
MYO15A,17,18173856,NM_016239.4:c.10426C>G,NP_057323.3:p.Pro3476Ala,0.667,24.9,['Unknown%20significance'],39.43,0.25,0.0,-0.2,0.2
MYO15A,17,18173857,NM_016239.4:c.10427C>G,NP_057323.3:p.Pro3476Arg,0.801,26.0,['Unknown%20significance'],39.43,0.25,0.0,-0.6,0.6
MYO15A,17,18173857,NM_016239.4:c.10427C>T,NP_057323.3:p.Pro3476Leu,0.635,24.5,['Unknown%20significance'],39.43,0.25,0.0,-0.9,0.9
MYO15A,17,18173859,NM_016239.4:c.10429T>C,NP_057323.3:p.Tyr3477His,0.879,28.2,['Unknown%20significance'],51.18,0.21,0.0,1.3,1.3
MYO15A,17,18173862,NM_016239.4:c.10432G>A,NP_057323.3:p.Val3478Met,0.638,27.3,['Unknown%20significance'],0.0,0.0,0.0,0.4,0.4
MYO15A,17,18173865,NM_016239.4:c.10435G>A,NP_057323.3:p.Glu3479Lys,0.622,28.5,['Unknown%20significance'],4.39,0.02,0.0,0.4,0.4
MYO15A,17,18173866,NM_016239.4:c.10436A>G,NP_057323.3:p.Glu3479Gly,0.719,29.9,['Unknown%20significance'],4.39,0.02,0.0,0.9,0.9
MYO15A,17,18173868,NM_016239.4:c.10438A>C,NP_057323.3:p.Ile3480Leu,0.326,18.65,['Unknown%20significance'],0.0,0.0,0.0,0.2,0.2
MYO15A,17,18173869,NM_016239.4:c.10439T>C,NP_057323.3:p.Ile3480Thr,0.760,23.8,['Unknown%20significance'],0.0,0.0,0.0,3.3,3.3
MYO15A,17,18173872,NM_016239.4:c.10442C>T,NP_057323.3:p.Ala3481Val,0.156,8.451,['Unknown%20significance'],9.6,0.07,0.0,-1.0,1.0
MYO15A,17,18173874,NM_016239.4:c.10444C>A,NP_057323.3:p.Leu3482Met,0.442,22.9,['Unknown%20significance'],0.37,0.0,0.0,0.5,0.5
MYO15A,17,18173875,NM_016239.4:c.10445T>A,NP_057323.3:p.Leu3482Gln,0.789,25.6,['Unknown%20significance'],0.37,0.0,0.0,2.3,2.3
MYO15A,17,18173875,NM_016239.4:c.10445T>G,NP_057323.3:p.Leu3482Arg,0.844,26.3,['Likely%20benign'],0.37,0.0,0.0,1.8,1.8
MYO15A,17,18173877,NM_016239.4:c.10447G>C,NP_057323.3:p.Gly3483Arg,0.818,25.7,['Unknown%20significance'],9.5,0.09,0.0,-0.3,0.3
MYO15A,17,18173877,NM_016239.4:c.10447G>T,NP_057323.3:p.Gly3483Trp,0.790,26.8,['Unknown%20significance'],9.5,0.09,0.0,-0.8,0.8
MYO15A,17,18173878,NM_016239.4:c.10448G>A,NP_057323.3:p.Gly3483Glu,0.837,25.2,['Unknown%20significance'],9.5,0.09,0.0,0.5,0.5
MYO15A,17,18173881,NM_016239.4:c.10451A>G,NP_057323.3:p.Asp3484Gly,0.581,25.8,['Unknown%20significance'],85.37,0.53,0.0,0.4,0.4
MYO15A,17,18173882,NM_016239.4:c.10452C>A,NP_057323.3:p.Asp3484Glu,0.442,8.623,['Unknown%20significance'],85.37,0.53,0.0,0.0,0.0
MYO15A,17,18173883,NM_016239.4:c.10453G>A,NP_057323.3:p.Val3485Met,0.117,7.944,['Unknown%20significance'],163.93,0.95,0.0,-0.0,0.0
MYO15A,17,18173884,NM_016239.4:c.10454T>C,NP_057323.3:p.Val3485Ala,0.354,14.23,['Unknown%20significance'],163.93,0.95,0.0,0.1,0.1
MYO15A,17,18173887,NM_016239.4:c.10457C>A,NP_057323.3:p.Ala3486Glu,0.151,5.395,['Unknown%20significance'],107.75,0.84,0.0,0.0,0.0
MYO15A,17,18173887,NM_016239.4:c.10457C>T,NP_057323.3:p.Ala3486Val,0.102,4.788,['Likely%20benign'],107.75,0.84,0.0,-0.2,0.2
MYO15A,17,18173889,NM_016239.4:c.10459G>A,NP_057323.3:p.Ala3487Thr,0.136,6.330,['Unknown%20significance'],57.84,0.45,0.0,-0.2,0.2
MYO15A,17,18173889,NM_016239.4:c.10459G>C,NP_057323.3:p.Ala3487Pro,0.299,14.68,['Unknown%20significance'],57.84,0.45,0.0,0.2,0.2
MYO15A,17,18173889,NM_016239.4:c.10459G>T,NP_057323.3:p.Ala3487Ser,0.142,1.989,['Unknown%20significance'],57.84,0.45,0.0,-0.0,0.0
MYO15A,17,18173890,NM_016239.4:c.10460C>G,NP_057323.3:p.Ala3487Gly,0.255,22.0,['Unknown%20significance'],57.84,0.45,0.0,0.5,0.5
MYO15A,17,18173893,NM_016239.4:c.10463A>G,NP_057323.3:p.Gln3488Arg,0.702,23.6,['Unknown%20significance'],102.81,0.51,0.0,-0.1,0.1
MYO15A,17,18173895,NM_016239.4:c.10465C>G,NP_057323.3:p.Arg3489Gly,0.313,14.09,['Unknown%20significance'],134.51,0.49,0.0,0.9,0.9
MYO15A,17,18173895,NM_016239.4:c.10465C>T,NP_057323.3:p.Arg3489Cys,0.251,19.32,['Unknown%20significance'],134.51,0.49,0.0,0.5,0.5
MYO15A,17,18173896,NM_016239.4:c.10466G>A,NP_057323.3:p.Arg3489His,0.208,13.09,['Unknown%20significance'],134.51,0.49,0.0,0.1,0.1
MYO15A,17,18173898,NM_016239.4:c.10468A>C,NP_057323.3:p.Thr3490Pro,0.503,19.21,['Unknown%20significance'],77.89,0.49,0.0,0.5,0.5
MYO15A,17,18173899,NM_016239.4:c.10469C>T,NP_057323.3:p.Thr3490Ile,0.337,13.72,['Unknown%20significance'],77.89,0.49,0.0,-0.4,0.4
MYO15A,17,18173904,NM_016239.4:c.10474C>A,NP_057323.3:p.Gln3492Lys,0.648,23.7,['Unknown%20significance'],63.73,0.32,0.0,0.5,0.5
MYO15A,17,18173905,NM_016239.4:c.10475A>G,NP_057323.3:p.Gln3492Arg,0.632,24.3,['Unknown%20significance'],63.73,0.32,0.0,-0.2,0.2
MYO15A,17,18173908,NM_016239.4:c.10478T>G,NP_057323.3:p.Leu3493Arg,0.939,29.1,['Unknown%20significance'],0.0,0.0,0.0,2.9,2.9
MYO15A,17,18173910,NM_016239.4:c.10480C>A,NP_057323.3:p.Gln3494Lys,0.785,25.5,['Unknown%20significance'],16.17,0.08,0.0,0.8,0.8
MYO15A,17,18173911,NM_016239.4:c.10481A>C,NP_057323.3:p.Gln3494Pro,0.870,27.5,['Unknown%20significance'],16.17,0.08,0.0,1.1,1.1
MYO15A,17,18173916,NM_016239.4:c.10486G>C,NP_057323.3:p.Glu3496Gln,0.471,24.6,['Unknown%20significance'],83.94,0.42,0.0,-0.3,0.3
MYO15A,17,18178769,NM_016239.4:c.10492G>A,NP_057323.3:p.Gly3498Arg,0.861,32,['Unknown%20significance'],1.0,0.01,0.0,-0.5,0.5
MYO15A,17,18178770,NM_016239.4:c.10493G>A,NP_057323.3:p.Gly3498Glu,0.903,28.6,['Unknown%20significance'],1.0,0.01,0.0,0.4,0.4
MYO15A,17,18178770,NM_016239.4:c.10493G>C,NP_057323.3:p.Gly3498Ala,0.580,24.3,['Unknown%20significance'],1.0,0.01,0.0,-0.5,0.5
MYO15A,17,18178770,NM_016239.4:c.10493G>T,NP_057323.3:p.Gly3498Val,0.859,28.5,['Unknown%20significance'],1.0,0.01,0.0,-0.6,0.6
MYO15A,17,18178775,NM_016239.4:c.10498G>A,NP_057323.3:p.Glu3500Lys,0.802,27.1,['Unknown%20significance'],20.69,0.1,0.0,-0.0,0.0
MYO15A,17,18178775,NM_016239.4:c.10498G>C,NP_057323.3:p.Glu3500Gln,0.782,25.1,['Unknown%20significance'],20.69,0.1,0.0,-0.5,0.5
MYO15A,17,18178779,NM_016239.4:c.10502T>A,NP_057323.3:p.Leu3501Gln,0.920,26.0,['Pathogenic'],0.0,0.0,0.0,2.9,2.9
MYO15A,17,18178779,NM_016239.4:c.10502T>C,NP_057323.3:p.Leu3501Pro,0.948,26.2,['Unknown%20significance'],0.0,0.0,0.0,3.7,3.7
MYO15A,17,18178781,NM_016239.4:c.10504T>C,NP_057323.3:p.Cys3502Arg,0.791,26.2,['Unknown%20significance'],11.49,0.07,0.0,0.2,0.2
MYO15A,17,18178782,NM_016239.4:c.10505G>C,NP_057323.3:p.Cys3502Ser,0.703,24.0,['Unknown%20significance'],11.49,0.07,0.0,0.8,0.8
MYO15A,17,18178784,NM_016239.4:c.10507C>T,NP_057323.3:p.Arg3503Cys,0.690,28.6,['Unknown%20significance'],80.74,0.29,0.0,0.1,0.1
MYO15A,17,18178785,NM_016239.4:c.10508G>A,NP_057323.3:p.Arg3503His,0.662,24.5,['Unknown%20significance'],80.74,0.29,0.0,-0.0,0.0
MYO15A,17,18178785,NM_016239.4:c.10508G>C,NP_057323.3:p.Arg3503Pro,0.784,26.9,['Unknown%20significance'],80.74,0.29,0.0,0.8,0.8
MYO15A,17,18178785,NM_016239.4:c.10508G>T,NP_057323.3:p.Arg3503Leu,0.781,27.1,['Unknown%20significance'],80.74,0.29,0.0,-0.7,0.7
MYO15A,17,18178787,NM_016239.4:c.10510G>A,NP_057323.3:p.Val3504Met,0.610,25.1,['Unknown%20significance'],0.72,0.0,0.0,0.2,0.2
MYO15A,17,18178793,NM_016239.4:c.10516G>A,NP_057323.3:p.Ala3506Thr,0.509,26.0,['Unknown%20significance'],33.21,0.26,0.0,0.1,0.1
MYO15A,17,18178794,NM_016239.4:c.10517C>G,NP_057323.3:p.Ala3506Gly,0.594,25.8,['Unknown%20significance'],33.21,0.26,0.0,1.0,1.0
MYO15A,17,18178796,NM_016239.4:c.10519G>A,NP_057323.3:p.Val3507Met,0.323,20.5,['Unknown%20significance'],25.56,0.14,0.0,0.2,0.2
MYO15A,17,18178796,NM_016239.4:c.10519G>C,NP_057323.3:p.Val3507Leu,0.364,21.4,['Unknown%20significance'],25.56,0.14,0.0,-0.0,0.0
MYO15A,17,18178797,NM_016239.4:c.10520T>A,NP_057323.3:p.Val3507Glu,0.517,22.5,['Unknown%20significance'],25.56,0.14,0.0,1.9,1.9
MYO15A,17,18178799,NM_016239.4:c.10522C>A,NP_057323.3:p.His3508Asn,0.722,24.6,['Unknown%20significance'],0.0,0.0,0.0,1.7,1.7
MYO15A,17,18178800,NM_016239.4:c.10523A>T,NP_057323.3:p.His3508Leu,0.758,24.1,['Unknown%20significance'],0.0,0.0,0.0,-0.8,0.8
MYO15A,17,18178802,NM_016239.4:c.10525G>A,NP_057323.3:p.Val3509Met,0.311,16.38,['Unknown%20significance'],0.52,0.0,0.0,0.4,0.4
MYO15A,17,18178802,NM_016239.4:c.10525G>T,NP_057323.3:p.Val3509Leu,0.377,18.05,['Unknown%20significance'],0.52,0.0,0.0,-0.1,0.1
MYO15A,17,18178805,NM_016239.4:c.10528G>A,NP_057323.3:p.Glu3510Lys,0.665,29.6,['Unknown%20significance'],97.88,0.5,0.0,0.1,0.1
MYO15A,17,18178809,NM_016239.4:c.10532A>G,NP_057323.3:p.Asn3511Ser,0.166,14.55,['Unknown%20significance'],15.66,0.09,0.0,0.1,0.1
MYO15A,17,18178810,NM_016239.4:c.10533C>A,NP_057323.3:p.Asn3511Lys,0.340,21.0,['Unknown%20significance'],15.66,0.09,0.0,0.2,0.2
MYO15A,17,18178812,NM_016239.4:c.10535T>C,NP_057323.3:p.Leu3512Pro,0.852,29.7,['Unknown%20significance'],39.62,0.2,0.0,1.9,1.9
MYO15A,17,18178818,NM_016239.4:c.10541G>A,NP_057323.3:p.Ser3514Asn,0.195,19.24,['Unknown%20significance'],28.83,0.2,0.0,0.0,0.0
MYO15A,17,18178820,NM_016239.4:c.10543G>A,NP_057323.3:p.Ala3515Thr,0.355,25.2,['Unknown%20significance'],38.79,0.3,0.0,-0.2,0.2
MYO15A,17,18178821,NM_016239.4:c.10544C>T,NP_057323.3:p.Ala3515Val,0.295,21.7,['Unknown%20significance'],38.79,0.3,0.0,-0.4,0.4
MYO15A,17,18178823,NM_016239.4:c.10546C>T,NP_057323.3:p.His3516Tyr,0.252,22.1,['Unknown%20significance'],88.44,0.43,0.0,-0.5,0.5
MYO15A,17,18178825,NM_016239.4:c.10548T>A,NP_057323.3:p.His3516Gln,0.295,3.182,['Unknown%20significance'],88.44,0.43,0.0,-0.1,0.1
MYO15A,17,18178826,NM_016239.4:c.10549G>A,NP_057323.3:p.Glu3517Lys,0.516,31,['Unknown%20significance'],62.51,0.32,0.0,0.7,0.7
MYO15A,17,18178830,NM_016239.4:c.10553A>G,NP_057323.3:p.Lys3518Arg,0.366,23.6,['Unknown%20significance'],124.68,0.52,0.0,-0.5,0.5
MYO15A,17,18178831,NM_016239.4:c.10554G>C,NP_057323.3:p.Lys3518Asn,0.421,24.4,['Unknown%20significance'],124.68,0.52,0.0,-0.2,0.2
MYO15A,17,18178831,NM_016239.4:c.10554G>T,NP_057323.3:p.Lys3518Asn,0.421,24.4,['Unknown%20significance'],124.68,0.52,0.0,-0.2,0.2
MYO15A,17,18178832,NM_016239.4:c.10555C>G,NP_057323.3:p.Arg3519Gly,0.610,24.9,['Unknown%20significance'],209.72,0.77,0.0,0.4,0.4
MYO15A,17,18178832,NM_016239.4:c.10555C>T,NP_057323.3:p.Arg3519Trp,0.651,25.7,['Unknown%20significance'],209.72,0.77,0.0,-0.0,0.0
MYO15A,17,18178833,NM_016239.4:c.10556G>A,NP_057323.3:p.Arg3519Gln,0.511,22.4,['Unknown%20significance'],209.72,0.77,0.0,0.0,0.0
MYO15A,17,18178833,NM_016239.4:c.10556G>C,NP_057323.3:p.Arg3519Pro,0.732,25.2,['Unknown%20significance'],209.72,0.77,0.0,0.3,0.3
MYO15A,17,18178835,NM_016239.4:c.10558C>A,NP_057323.3:p.Leu3520Ile,0.393,24.0,['Unknown%20significance'],109.45,0.56,0.0,0.2,0.2
MYO15A,17,18178835,NM_016239.4:c.10558C>T,NP_057323.3:p.Leu3520Phe,0.399,21.8,['Unknown%20significance'],109.45,0.56,0.0,0.2,0.2
MYO15A,17,18178839,NM_016239.4:c.10562C>A,NP_057323.3:p.Thr3521Lys,0.453,25.4,['Unknown%20significance'],137.4,0.87,0.0,0.2,0.2
MYO15A,17,18178839,NM_016239.4:c.10562C>T,NP_057323.3:p.Thr3521Ile,0.487,25.1,['Unknown%20significance'],137.4,0.87,0.0,0.0,0.0
MYO15A,17,18178842,NM_016239.4:c.10565T>G,NP_057323.3:p.Leu3522Trp,0.702,28.4,['Unknown%20significance'],117.67,0.61,0.0,0.2,0.2
MYO15A,17,18178844,NM_016239.4:c.10567C>A,NP_057323.3:p.Pro3523Thr,0.741,25.1,['Unknown%20significance'],64.79,0.41,0.0,0.5,0.5
MYO15A,17,18178844,NM_016239.4:c.10567C>G,NP_057323.3:p.Pro3523Ala,0.754,24.8,['Unknown%20significance'],64.79,0.41,0.0,0.7,0.7
MYO15A,17,18178844,NM_016239.4:c.10567C>T,NP_057323.3:p.Pro3523Ser,0.746,25.5,['Unknown%20significance'],64.79,0.41,0.0,0.7,0.7
MYO15A,17,18178845,NM_016239.4:c.10568C>T,NP_057323.3:p.Pro3523Leu,0.719,26.5,['Unknown%20significance'],64.79,0.41,0.0,0.4,0.4
MYO15A,17,18178850,NM_016239.4:c.10573A>C,NP_057323.3:p.Ser3525Arg,0.588,27.3,['Unknown%20significance'],44.12,0.31,0.0,-0.1,0.1
MYO15A,17,18178850,NM_016239.4:c.10573A>G,NP_057323.3:p.Ser3525Gly,0.500,26.6,['Benign'],44.12,0.31,0.0,0.9,0.9
MYO15A,17,18178851,NM_016239.4:c.10574G>T,NP_057323.3:p.Ser3525Ile,0.716,27.1,['Unknown%20significance'],44.12,0.31,0.0,0.2,0.2
MYO15A,17,18178852,NM_016239.4:c.10575C>A,NP_057323.3:p.Ser3525Arg,0.518,7.019,['Unknown%20significance'],44.12,0.31,0.0,-0.1,0.1
MYO15A,17,18178852,NM_016239.4:c.10575C>G,NP_057323.3:p.Ser3525Arg,0.518,7.531,['Unknown%20significance'],44.12,0.31,0.0,-0.1,0.1
MYO15A,17,18178853,NM_016239.4:c.10576G>A,NP_057323.3:p.Glu3526Lys,0.533,29.0,['Unknown%20significance'],118.71,0.6,0.0,0.4,0.4
MYO15A,17,18178857,NM_016239.4:c.10580T>C,NP_057323.3:p.Ile3527Thr,0.703,26.6,['Unknown%20significance'],76.05,0.38,0.0,1.6,1.6
MYO15A,17,18178858,NM_016239.4:c.10581C>G,NP_057323.3:p.Ile3527Met,0.484,22.3,['Unknown%20significance'],76.05,0.38,0.0,1.0,1.0
MYO15A,17,18178859,NM_016239.4:c.10582A>G,NP_057323.3:p.Thr3528Ala,0.518,26.0,['Unknown%20significance'],111.86,0.71,0.0,0.2,0.2
MYO15A,17,18178862,NM_016239.4:c.10585C>G,NP_057323.3:p.Leu3529Val,0.438,23.0,['Unknown%20significance'],55.02,0.28,0.0,0.8,0.8