Gene,Chrom,Position,DNA_change,Protein_Change,Revel,CADDPhred,Classification,Surface Area,Normalized SA,Confidence Score,ddG,|ddG|
COL9A2,1,40301186,NM_001852.4:c.2066C>T,NP_001843.1:p.Pro689Leu,0.677,25.7,['Unknown%20significance'],240.77,1.0,0.0,0.2,0.2
COL9A2,1,40301187,NM_001852.4:c.2065C>T,NP_001843.1:p.Pro689Ser,0.574,25.1,['Unknown%20significance'],240.77,1.0,0.0,0.2,0.2
COL9A2,1,40301187,NM_001852.4:c.2065C>A,NP_001843.1:p.Pro689Thr,0.565,24.8,['Unknown%20significance'],240.77,1.0,0.0,0.2,0.2
COL9A2,1,40301189,NM_001852.4:c.2063G>A,NP_001843.1:p.Gly688Glu,0.717,24.6,['Unknown%20significance'],43.4,0.45,0.0,0.6,0.6
COL9A2,1,40301190,NM_001852.4:c.2062G>C,NP_001843.1:p.Gly688Arg,0.721,24.6,['Unknown%20significance'],43.4,0.45,0.0,0.6,0.6
COL9A2,1,40301191,NM_001852.4:c.2061G>C,NP_001843.1:p.Lys687Asn,0.446,16.30,['Unknown%20significance'],251.08,1.0,0.0,0.0,0.0
COL9A2,1,40301193,NM_001852.4:c.2059A>G,NP_001843.1:p.Lys687Glu,0.591,26.1,['Unknown%20significance'],251.08,1.0,0.0,0.0,0.0
COL9A2,1,40301195,NM_001852.4:c.2057T>C,NP_001843.1:p.Ile686Thr,0.640,25.3,['Unknown%20significance'],175.4,0.89,0.0,0.3,0.3
COL9A2,1,40301196,NM_001852.4:c.2056A>T,NP_001843.1:p.Ile686Phe,0.569,25.3,['Unknown%20significance'],175.4,0.89,0.0,0.2,0.2
COL9A2,1,40301196,NM_001852.4:c.2056A>G,NP_001843.1:p.Ile686Val,0.287,17.47,['Unknown%20significance'],175.4,0.89,0.0,0.0,0.0
COL9A2,1,40301198,NM_001852.4:c.2054C>A,NP_001843.1:p.Ser685Tyr,0.390,25.4,['Unknown%20significance'],127.61,0.92,0.0,-0.1,0.1
COL9A2,1,40301201,NM_001852.4:c.2051G>A,NP_001843.1:p.Gly684Glu,0.627,25.2,['Unknown%20significance'],80.95,0.84,0.0,0.3,0.3
COL9A2,1,40301202,NM_001852.4:c.2050G>A,NP_001843.1:p.Gly684Arg,0.554,26.0,['Unknown%20significance'],80.95,0.84,0.0,0.2,0.2
COL9A2,1,40301204,NM_001852.4:c.2048C>T,NP_001843.1:p.Pro683Leu,0.456,25.9,['Unknown%20significance'],155.73,0.99,0.0,0.1,0.1
COL9A2,1,40301204,NM_001852.4:c.2048C>G,NP_001843.1:p.Pro683Arg,0.470,25.7,['Unknown%20significance'],155.73,0.99,0.0,0.0,0.0
COL9A2,1,40301205,NM_001852.4:c.2047C>A,NP_001843.1:p.Pro683Thr,0.371,23.5,['Unknown%20significance'],155.73,0.99,0.0,0.0,0.0
COL9A2,1,40301208,NM_001852.4:c.2044G>A,NP_001843.1:p.Glu682Lys,0.417,23.6,['Unknown%20significance'],144.36,0.73,0.0,0.1,0.1
COL9A2,1,40301214,NM_001852.4:c.2038C>T,NP_001843.1:p.Leu680Phe,0.441,25.6,['Unknown%20significance'],167.17,0.86,0.0,0.3,0.3
COL9A2,1,40301216,NM_001852.4:c.2036G>A,NP_001843.1:p.Arg679His,0.466,25.8,['Unknown%20significance'],249.62,0.92,0.0,0.0,0.0
COL9A2,1,40301217,NM_001852.4:c.2035C>T,NP_001843.1:p.Arg679Cys,0.624,28.5,['Unknown%20significance'],249.62,0.92,0.0,0.1,0.1
COL9A2,1,40301219,NM_001852.4:c.2033C>A,NP_001843.1:p.Ala678Asp,0.391,23.9,['Unknown%20significance'],91.87,0.72,0.0,0.4,0.4
COL9A2,1,40301220,NM_001852.4:c.2032G>T,NP_001843.1:p.Ala678Ser,0.348,22.3,['Unknown%20significance'],91.87,0.72,0.0,0.2,0.2
COL9A2,1,40301223,NM_001852.4:c.2029T>C,NP_001843.1:p.Ser677Pro,0.517,23.0,['Unknown%20significance'],112.12,0.81,0.0,0.1,0.1
COL9A2,1,40301225,NM_001852.4:c.2027C>T,NP_001843.1:p.Ala676Val,0.345,23.4,['Unknown%20significance'],100.9,0.79,0.0,-0.1,0.1
COL9A2,1,40301225,NM_001852.4:c.2027C>G,NP_001843.1:p.Ala676Gly,0.302,26.5,['Unknown%20significance'],100.9,0.79,0.0,0.3,0.3
COL9A2,1,40301228,NM_001852.4:c.2024A>G,NP_001843.1:p.Tyr675Cys,0.515,27.6,['Unknown%20significance'],199.86,0.83,0.0,0.5,0.5
COL9A2,1,40301228,NM_001852.4:c.2024A>C,NP_001843.1:p.Tyr675Ser,0.540,24.8,['Unknown%20significance'],199.86,0.83,0.0,0.5,0.5
COL9A2,1,40301231,NM_001852.4:c.2021C>A,NP_001843.1:p.Ala674Asp,0.792,26.8,['Unknown%20significance'],81.18,0.63,0.0,0.8,0.8
COL9A2,1,40301232,NM_001852.4:c.2020G>A,NP_001843.1:p.Ala674Thr,0.692,25.7,['Unknown%20significance'],81.18,0.63,0.0,0.3,0.3
COL9A2,1,40301234,NM_001852.4:c.2018C>T,NP_001843.1:p.Ser673Leu,0.517,29.5,['Unknown%20significance'],79.12,0.57,0.0,-0.4,0.4
COL9A2,1,40301237,NM_001852.4:c.2015C>A,NP_001843.1:p.Ala672Asp,0.486,27.5,['Unknown%20significance'],73.36,0.57,0.0,1.0,1.0
COL9A2,1,40301240,NM_001852.4:c.2012G>A,NP_001843.1:p.Gly671Glu,0.542,24.0,['Unknown%20significance'],31.6,0.33,0.0,0.3,0.3
COL9A2,1,40301247,NM_001852.4:c.2005T>G,NP_001843.1:p.Cys669Gly,0.788,27.0,['Unknown%20significance'],98.57,0.63,0.0,2.1,2.1
COL9A2,1,40301250,NM_001852.4:c.2002G>A,NP_001843.1:p.Ala668Thr,0.494,23.9,['Unknown%20significance'],73.99,0.58,0.0,0.5,0.5
COL9A2,1,40301252,NM_001852.4:c.2000C>T,NP_001843.1:p.Ala667Val,0.550,25.6,['Unknown%20significance'],79.18,0.62,0.0,-0.0,0.0
COL9A2,1,40301255,NM_001852.4:c.1997C>T,NP_001843.1:p.Pro666Leu,0.663,24.8,['Unknown%20significance'],102.36,0.65,0.0,-0.1,0.1
COL9A2,1,40301255,NM_001852.4:c.1997C>A,NP_001843.1:p.Pro666His,0.721,26.6,['Unknown%20significance'],102.36,0.65,0.0,0.1,0.1
COL9A2,1,40301256,NM_001852.4:c.1996C>T,NP_001843.1:p.Pro666Ser,0.474,23.5,['Unknown%20significance'],102.36,0.65,0.0,0.1,0.1
COL9A2,1,40301257,NM_001852.4:c.1995A>C,NP_001843.1:p.Glu665Asp,0.279,15.36,['Unknown%20significance'],148.86,0.76,0.0,-0.0,0.0
COL9A2,1,40301259,NM_001852.4:c.1993G>C,NP_001843.1:p.Glu665Gln,0.597,25.5,['Unknown%20significance'],148.86,0.76,0.0,-0.1,0.1
COL9A2,1,40301267,NM_001852.4:c.1985G>A,NP_001843.1:p.Gly662Asp,0.917,25.2,['Unknown%20significance'],82.54,0.86,0.0,0.4,0.4
COL9A2,1,40301268,NM_001852.4:c.1984G>A,NP_001843.1:p.Gly662Ser,0.900,24.7,['Unknown%20significance'],82.54,0.86,0.0,0.2,0.2
COL9A2,1,40301270,NM_001852.4:c.1982C>T,NP_001843.1:p.Pro661Leu,0.730,25.3,['Unknown%20significance'],102.93,0.65,0.0,0.3,0.3
COL9A2,1,40301270,NM_001852.4:c.1982C>G,NP_001843.1:p.Pro661Arg,0.743,24.9,['Unknown%20significance'],102.93,0.65,0.0,0.4,0.4
COL9A2,1,40301271,NM_001852.4:c.1981C>A,NP_001843.1:p.Pro661Thr,0.729,24.6,['Benign'],102.93,0.65,0.0,0.4,0.4
COL9A2,1,40301274,NM_001852.4:c.1978C>G,NP_001843.1:p.Leu660Val,0.525,22.0,['Unknown%20significance'],171.33,0.88,0.0,0.1,0.1
COL9A2,1,40301277,NM_001852.4:c.1975G>C,NP_001843.1:p.Gly659Arg,0.975,25.0,['Unknown%20significance'],37.74,0.39,0.0,0.6,0.6
COL9A2,1,40301279,NM_001852.4:c.1973T>G,NP_001843.1:p.Val658Gly,0.266,20.9,['Likely%20benign'],90.3,0.52,0.0,0.8,0.8
COL9A2,1,40301280,NM_001852.4:c.1972G>T,NP_001843.1:p.Val658Leu,0.223,6.954,['Unknown%20significance'],90.3,0.52,0.0,0.1,0.1
COL9A2,1,40301280,NM_001852.4:c.1972G>C,NP_001843.1:p.Val658Leu,0.244,7.051,['Unknown%20significance'],90.3,0.52,0.0,0.1,0.1
COL9A2,1,40301280,NM_001852.4:c.1972G>A,NP_001843.1:p.Val658Met,0.209,7.984,['Unknown%20significance'],90.3,0.52,0.0,-0.1,0.1
COL9A2,1,40301282,NM_001852.4:c.1970C>T,NP_001843.1:p.Pro657Leu,0.666,24.5,['Unknown%20significance'],143.7,0.91,0.0,0.1,0.1
COL9A2,1,40301282,NM_001852.4:c.1970C>G,NP_001843.1:p.Pro657Arg,0.770,24.6,['Unknown%20significance'],143.7,0.91,0.0,0.1,0.1
COL9A2,1,40301283,NM_001852.4:c.1969C>T,NP_001843.1:p.Pro657Ser,0.559,23.4,['Unknown%20significance'],143.7,0.91,0.0,0.2,0.2
COL9A2,1,40301285,NM_001852.4:c.1967G>A,NP_001843.1:p.Gly656Asp,0.890,24.5,['Unknown%20significance'],25.08,0.26,0.0,1.2,1.2
COL9A2,1,40301291,NM_001852.4:c.1961T>C,NP_001843.1:p.Leu654Pro,0.148,16.27,['Unknown%20significance'],194.84,1.0,0.0,0.1,0.1
COL9A2,1,40301297,NM_001852.4:c.1955C>T,NP_001843.1:p.Pro652Leu,0.727,28.1,['Unknown%20significance'],96.46,0.61,0.0,0.4,0.4
COL9A2,1,40301297,NM_001852.4:c.1955C>G,NP_001843.1:p.Pro652Arg,0.700,27.2,['Unknown%20significance'],96.46,0.61,0.0,0.3,0.3
COL9A2,1,40301298,NM_001852.4:c.1954C>A,NP_001843.1:p.Pro652Thr,0.654,26.0,['Unknown%20significance'],96.46,0.61,0.0,0.4,0.4
COL9A2,1,40301300,NM_001852.4:c.1952G>T,NP_001843.1:p.Arg651Leu,0.371,22.1,['Unknown%20significance'],256.09,0.95,0.0,0.1,0.1
COL9A2,1,40301300,NM_001852.4:c.1952G>A,NP_001843.1:p.Arg651Gln,0.224,22.8,['Unknown%20significance'],256.09,0.95,0.0,0.1,0.1
COL9A2,1,40301301,NM_001852.4:c.1951C>G,NP_001843.1:p.Arg651Gly,0.441,23.2,['Unknown%20significance'],256.09,0.95,0.0,0.4,0.4
COL9A2,1,40301303,NM_001852.4:c.1949G>A,NP_001843.1:p.Gly650Asp,0.959,26.4,['Unknown%20significance'],33.57,0.35,0.0,1.0,1.0
COL9A2,1,40301306,NM_001852.4:c.1946C>T,NP_001843.1:p.Ala649Val,0.315,22.7,['Unknown%20significance'],70.1,0.55,0.0,-0.0,0.0
COL9A2,1,40301307,NM_001852.4:c.1945G>A,NP_001843.1:p.Ala649Thr,0.298,21.3,['Unknown%20significance'],70.1,0.55,0.0,-0.1,0.1
COL9A2,1,40301309,NM_001852.4:c.1943A>C,NP_001843.1:p.Glu648Ala,0.523,24.4,['Unknown%20significance'],192.89,0.98,0.0,0.0,0.0
COL9A2,1,40301312,NM_001852.4:c.1940G>C,NP_001843.1:p.Gly647Ala,0.984,25.9,['Unknown%20significance'],28.28,0.29,0.0,0.7,0.7
COL9A2,1,40301312,NM_001852.4:c.1940G>A,NP_001843.1:p.Gly647Glu,0.986,26.6,['Unknown%20significance'],28.28,0.29,0.0,1.2,1.2
COL9A2,1,40301316,NM_001852.4:c.1936C>T,NP_001843.1:p.Pro646Ser,0.347,22.8,['Unknown%20significance'],94.53,0.6,0.0,0.2,0.2
COL9A2,1,40301319,NM_001852.4:c.1933G>A,NP_001843.1:p.Ala645Thr,0.286,19.40,['Unknown%20significance'],109.05,0.85,0.0,-0.1,0.1
COL9A2,1,40301321,NM_001852.4:c.1931G>A,NP_001843.1:p.Gly644Glu,0.971,26.1,['Unknown%20significance'],26.02,0.27,0.0,1.3,1.3
COL9A2,1,40301322,NM_001852.4:c.1930G>C,NP_001843.1:p.Gly644Arg,0.972,26.3,['Unknown%20significance'],26.02,0.27,0.0,0.6,0.6
COL9A2,1,40301325,NM_001852.4:c.1927C>A,NP_001843.1:p.Pro643Thr,0.468,24.7,['Unknown%20significance'],94.56,0.6,0.0,0.1,0.1
COL9A2,1,40301327,NM_001852.4:c.1925C>A,NP_001843.1:p.Ser642Tyr,0.305,25.2,['Unknown%20significance'],121.44,0.88,0.0,-0.1,0.1
COL9A2,1,40301328,NM_001852.4:c.1924T>C,NP_001843.1:p.Ser642Pro,0.279,6.319,['Likely%20benign'],121.44,0.88,0.0,-0.1,0.1
COL9A2,1,40301330,NM_001852.4:c.1922G>A,NP_001843.1:p.Gly641Glu,0.977,25.3,['Unknown%20significance'],44.73,0.46,0.0,1.0,1.0
COL9A2,1,40301333,NM_001852.4:c.1919G>C,NP_001843.1:p.Arg640Pro,0.564,24.1,['Unknown%20significance'],165.63,0.61,0.0,0.7,0.7
COL9A2,1,40301333,NM_001852.4:c.1919G>A,NP_001843.1:p.Arg640Gln,0.495,25.4,['Unknown%20significance'],165.63,0.61,0.0,0.4,0.4
COL9A2,1,40301335,NM_001852.4:c.1917T>G,NP_001843.1:p.Asp639Glu,0.285,4.340,['Unknown%20significance'],144.9,0.9,0.0,0.0,0.0
COL9A2,1,40301337,NM_001852.4:c.1915G>T,NP_001843.1:p.Asp639Tyr,0.526,25.0,['Unknown%20significance'],144.9,0.9,0.0,-0.2,0.2
COL9A2,1,40301337,NM_001852.4:c.1915G>A,NP_001843.1:p.Asp639Asn,0.361,25.0,['Unknown%20significance'],144.9,0.9,0.0,-0.0,0.0
COL9A2,1,40301339,NM_001852.4:c.1913G>A,NP_001843.1:p.Gly638Glu,0.926,25.0,['Unknown%20significance'],30.84,0.32,0.0,1.0,1.0
COL9A2,1,40301340,NM_001852.4:c.1912G>A,NP_001843.1:p.Gly638Arg,0.939,25.6,['Unknown%20significance'],30.84,0.32,0.0,0.5,0.5
COL9A2,1,40301342,NM_001852.4:c.1910A>C,NP_001843.1:p.Asp637Ala,0.467,24.3,['Unknown%20significance'],130.88,0.81,0.0,0.4,0.4
COL9A2,1,40301343,NM_001852.4:c.1909G>T,NP_001843.1:p.Asp637Tyr,0.562,25.4,['Unknown%20significance'],130.88,0.81,0.0,0.0,0.0
COL9A2,1,40301343,NM_001852.4:c.1909G>A,NP_001843.1:p.Asp637Asn,0.292,25.4,['Unknown%20significance'],130.88,0.81,0.0,0.1,0.1
COL9A2,1,40301346,NM_001852.4:c.1906A>G,NP_001843.1:p.Lys636Glu,0.444,24.4,['Unknown%20significance'],185.88,0.78,0.0,0.2,0.2
COL9A2,1,40301348,NM_001852.4:c.1904G>A,NP_001843.1:p.Gly635Asp,0.888,25.9,['Unknown%20significance'],86.37,0.9,0.0,0.3,0.3
COL9A2,1,40301349,NM_001852.4:c.1903G>T,NP_001843.1:p.Gly635Cys,0.906,27.1,['Unknown%20significance'],86.37,0.9,0.0,0.4,0.4
COL9A2,1,40301349,NM_001852.4:c.1903G>C,NP_001843.1:p.Gly635Arg,0.908,26.5,['Unknown%20significance'],86.37,0.9,0.0,0.2,0.2
COL9A2,1,40301349,NM_001852.4:c.1903G>A,NP_001843.1:p.Gly635Ser,0.881,26.1,['Unknown%20significance'],86.37,0.9,0.0,0.2,0.2
COL9A2,1,40301350,NM_001852.4:c.1902C>G,NP_001843.1:p.Asn634Lys,0.375,10.68,['Unknown%20significance'],157.25,0.98,0.0,0.1,0.1
COL9A2,1,40301351,NM_001852.4:c.1901A>G,NP_001843.1:p.Asn634Ser,0.329,25.3,['Unknown%20significance'],157.25,0.98,0.0,0.0,0.0
COL9A2,1,40301352,NM_001852.4:c.1900A>G,NP_001843.1:p.Asn634Asp,0.255,20.4,['Unknown%20significance'],157.25,0.98,0.0,-0.0,0.0
COL9A2,1,40301355,NM_001852.4:c.1897A>G,NP_001843.1:p.Ile633Val,0.251,20.4,['Unknown%20significance'],147.06,0.74,0.0,0.2,0.2
COL9A2,1,40301355,NM_001852.4:c.1897A>C,NP_001843.1:p.Ile633Leu,0.257,21.9,['Unknown%20significance'],147.06,0.74,0.0,0.1,0.1
COL9A2,1,40301357,NM_001852.4:c.1895C>A,NP_001843.1:p.Ala632Glu,0.654,26.4,['Unknown%20significance'],59.72,0.46,0.0,0.3,0.3
COL9A2,1,40301358,NM_001852.4:c.1894G>A,NP_001843.1:p.Ala632Thr,0.486,24.5,['Unknown%20significance'],59.72,0.46,0.0,-0.1,0.1
COL9A2,1,40301360,NM_001852.4:c.1892A>G,NP_001843.1:p.Gln631Arg,0.308,23.9,['Unknown%20significance'],184.85,0.93,0.0,-0.1,0.1
COL9A2,1,40301363,NM_001852.4:c.1889G>T,NP_001843.1:p.Gly630Val,0.970,26.9,['Unknown%20significance'],40.98,0.42,0.0,0.5,0.5
COL9A2,1,40301363,NM_001852.4:c.1889G>A,NP_001843.1:p.Gly630Asp,0.951,27.2,['Unknown%20significance'],40.98,0.42,0.0,0.9,0.9
COL9A2,1,40301364,NM_001852.4:c.1888G>A,NP_001843.1:p.Gly630Ser,0.905,24.5,['Unknown%20significance'],40.98,0.42,0.0,0.5,0.5
COL9A2,1,40301366,NM_001852.4:c.1886C>T,NP_001843.1:p.Pro629Leu,0.593,27.1,['Unknown%20significance'],87.87,0.55,0.0,0.1,0.1
COL9A2,1,40301367,NM_001852.4:c.1885C>G,NP_001843.1:p.Pro629Ala,0.430,22.3,['Unknown%20significance'],87.87,0.55,0.0,0.4,0.4
COL9A2,1,40301367,NM_001852.4:c.1885C>A,NP_001843.1:p.Pro629Thr,0.430,23.9,['Unknown%20significance'],87.87,0.55,0.0,0.2,0.2
COL9A2,1,40301369,NM_001852.4:c.1883G>A,NP_001843.1:p.Arg628Gln,0.286,23.9,['Benign'],245.02,0.9,0.0,0.1,0.1
COL9A2,1,40301370,NM_001852.4:c.1882C>T,NP_001843.1:p.Arg628Trp,0.496,24.2,['Unknown%20significance'],245.02,0.9,0.0,-0.0,0.0
COL9A2,1,40301372,NM_001852.4:c.1880G>T,NP_001843.1:p.Gly627Val,0.977,26.5,['Unknown%20significance'],6.76,0.07,0.0,1.1,1.1
COL9A2,1,40301372,NM_001852.4:c.1880G>A,NP_001843.1:p.Gly627Asp,0.965,26.7,['Unknown%20significance'],6.76,0.07,0.0,1.7,1.7
COL9A2,1,40301376,NM_001852.4:c.1876C>T,NP_001843.1:p.Pro626Ser,0.761,26.6,['Unknown%20significance'],114.75,0.72,0.0,0.3,0.3
COL9A2,1,40301378,NM_001852.4:c.1874T>C,NP_001843.1:p.Leu625Pro,0.373,23.1,['Unknown%20significance'],133.4,0.69,0.0,0.1,0.1
COL9A2,1,40301378,NM_001852.4:c.1874T>A,NP_001843.1:p.Leu625His,0.440,24.9,['Unknown%20significance'],133.4,0.69,0.0,0.3,0.3
COL9A2,1,40301379,NM_001852.4:c.1873C>T,NP_001843.1:p.Leu625Phe,0.460,24.9,['Unknown%20significance'],133.4,0.69,0.0,0.1,0.1
COL9A2,1,40301379,NM_001852.4:c.1873C>G,NP_001843.1:p.Leu625Val,0.383,23.8,['Unknown%20significance'],133.4,0.69,0.0,0.2,0.2
COL9A2,1,40301379,NM_001852.4:c.1873C>A,NP_001843.1:p.Leu625Ile,0.357,24.2,['Unknown%20significance'],133.4,0.69,0.0,0.1,0.1
COL9A2,1,40301815,NM_001852.4:c.1867C>T,NP_001843.1:p.Pro623Ser,0.636,24.5,['Unknown%20significance'],126.13,0.8,0.0,0.3,0.3
COL9A2,1,40301817,NM_001852.4:c.1865T>A,NP_001843.1:p.Ile622Asn,0.598,24.4,['Unknown%20significance'],145.83,0.74,0.0,0.5,0.5
COL9A2,1,40301823,NM_001852.4:c.1859C>T,NP_001843.1:p.Pro620Leu,0.719,32,['Unknown%20significance'],141.38,0.89,0.0,0.0,0.0
COL9A2,1,40301824,NM_001852.4:c.1858C>T,NP_001843.1:p.Pro620Ser,0.629,24.8,['Unknown%20significance'],141.38,0.89,0.0,0.1,0.1
COL9A2,1,40301827,NM_001852.4:c.1855C>T,NP_001843.1:p.Pro619Ser,0.466,23.2,['Unknown%20significance'],103.95,0.66,0.0,0.3,0.3
COL9A2,1,40301832,NM_001852.4:c.1850C>G,NP_001843.1:p.Pro617Arg,0.791,25.2,['Unknown%20significance'],139.9,0.88,0.0,-0.1,0.1
COL9A2,1,40301833,NM_001852.4:c.1849C>T,NP_001843.1:p.Pro617Ser,0.753,27.4,['Unknown%20significance'],139.9,0.88,0.0,0.1,0.1
COL9A2,1,40301834,NM_001852.4:c.1848G>A,NP_001843.1:p.Met616Ile,0.314,21.4,['Unknown%20significance'],170.22,0.78,0.0,0.1,0.1
COL9A2,1,40301836,NM_001852.4:c.1846A>G,NP_001843.1:p.Met616Val,0.333,22.2,['Unknown%20significance'],170.22,0.78,0.0,0.2,0.2
COL9A2,1,40301838,NM_001852.4:c.1844G>A,NP_001843.1:p.Gly615Glu,0.995,26.0,['Unknown%20significance'],20.59,0.21,0.0,1.2,1.2
COL9A2,1,40301839,NM_001852.4:c.1843G>A,NP_001843.1:p.Gly615Arg,0.983,26.7,['Unknown%20significance'],20.59,0.21,0.0,0.6,0.6
COL9A2,1,40301841,NM_001852.4:c.1841C>A,NP_001843.1:p.Pro614His,0.605,26.2,['Unknown%20significance'],136.52,0.86,0.0,-0.0,0.0
COL9A2,1,40301842,NM_001852.4:c.1840C>T,NP_001843.1:p.Pro614Ser,0.522,25.2,['Unknown%20significance'],136.52,0.86,0.0,0.0,0.0
COL9A2,1,40301843,NM_001852.4:c.1839C>A,NP_001843.1:p.His613Gln,0.490,16.29,['Unknown%20significance'],176.53,0.85,0.0,0.1,0.1
COL9A2,1,40301847,NM_001852.4:c.1835G>C,NP_001843.1:p.Gly612Ala,0.630,23.2,['Unknown%20significance'],22.3,0.23,0.0,0.3,0.3
COL9A2,1,40301848,NM_001852.4:c.1834G>T,NP_001843.1:p.Gly612Trp,0.789,26.9,['Unknown%20significance'],22.3,0.23,0.0,-0.4,0.4
COL9A2,1,40301848,NM_001852.4:c.1834G>A,NP_001843.1:p.Gly612Arg,0.775,26.0,['Unknown%20significance'],22.3,0.23,0.0,0.1,0.1
COL9A2,1,40301850,NM_001852.4:c.1832G>A,NP_001843.1:p.Arg611Gln,0.476,25.2,['Unknown%20significance'],195.76,0.72,0.0,0.3,0.3
COL9A2,1,40301851,NM_001852.4:c.1831C>T,NP_001843.1:p.Arg611Trp,0.763,32,['Unknown%20significance'],195.76,0.72,0.0,0.0,0.0
COL9A2,1,40301853,NM_001852.4:c.1829G>A,NP_001843.1:p.Gly610Glu,0.780,23.8,['Unknown%20significance'],44.82,0.47,0.0,0.8,0.8
COL9A2,1,40301854,NM_001852.4:c.1828G>A,NP_001843.1:p.Gly610Arg,0.799,26.2,['Unknown%20significance'],44.82,0.47,0.0,0.3,0.3
COL9A2,1,40301856,NM_001852.4:c.1826T>G,NP_001843.1:p.Val609Gly,0.212,18.29,['Unknown%20significance'],78.21,0.45,0.0,0.7,0.7
COL9A2,1,40301856,NM_001852.4:c.1826T>A,NP_001843.1:p.Val609Glu,0.145,12.85,['Likely%20benign'],78.21,0.45,0.0,0.3,0.3
COL9A2,1,40301857,NM_001852.4:c.1825G>A,NP_001843.1:p.Val609Met,0.116,8.292,['Likely%20benign'],78.21,0.45,0.0,-0.1,0.1
COL9A2,1,40301858,NM_001852.4:c.1824A>C,NP_001843.1:p.Glu608Asp,0.179,8.296,['Unknown%20significance'],199.13,1.0,0.0,-0.0,0.0
COL9A2,1,40301859,NM_001852.4:c.1823A>G,NP_001843.1:p.Glu608Gly,0.535,26.0,['Unknown%20significance'],199.13,1.0,0.0,0.1,0.1
COL9A2,1,40301862,NM_001852.4:c.1820G>A,NP_001843.1:p.Gly607Glu,0.912,26.0,['Unknown%20significance'],79.3,0.83,0.0,0.3,0.3
COL9A2,1,40301863,NM_001852.4:c.1819G>A,NP_001843.1:p.Gly607Arg,0.943,27.5,['Unknown%20significance'],79.3,0.83,0.0,0.2,0.2
COL9A2,1,40301865,NM_001852.4:c.1817C>T,NP_001843.1:p.Pro606Leu,0.396,8.419,['Likely%20benign'],137.43,0.87,0.0,-0.0,0.0
COL9A2,1,40301866,NM_001852.4:c.1816C>T,NP_001843.1:p.Pro606Ser,0.279,23.4,['Unknown%20significance'],137.43,0.87,0.0,-0.0,0.0
COL9A2,1,40301866,NM_001852.4:c.1816C>A,NP_001843.1:p.Pro606Thr,0.253,23.3,['Unknown%20significance'],137.43,0.87,0.0,-0.1,0.1
COL9A2,1,40301871,NM_001852.4:c.1811G>T,NP_001843.1:p.Gly604Val,0.959,27.2,['Unknown%20significance'],64.85,0.68,0.0,0.7,0.7
COL9A2,1,40301871,NM_001852.4:c.1811G>A,NP_001843.1:p.Gly604Asp,0.975,27.5,['Unknown%20significance'],64.85,0.68,0.0,0.6,0.6
COL9A2,1,40301872,NM_001852.4:c.1810G>T,NP_001843.1:p.Gly604Cys,0.938,29.3,['Unknown%20significance'],64.85,0.68,0.0,0.8,0.8
COL9A2,1,40301878,NM_001852.4:c.1804G>C,NP_001843.1:p.Glu602Gln,0.337,25.6,['Unknown%20significance'],200.12,1.0,0.0,-0.0,0.0
COL9A2,1,40301878,NM_001852.4:c.1804G>A,NP_001843.1:p.Glu602Lys,0.589,27.8,['Unknown%20significance'],200.12,1.0,0.0,0.1,0.1
COL9A2,1,40301880,NM_001852.4:c.1802G>A,NP_001843.1:p.Gly601Glu,0.984,27.0,['Unknown%20significance'],71.33,0.74,0.0,0.5,0.5
COL9A2,1,40301881,NM_001852.4:c.1801G>A,NP_001843.1:p.Gly601Arg,0.984,31,['Unknown%20significance'],71.33,0.74,0.0,0.3,0.3
COL9A2,1,40301883,NM_001852.4:c.1799G>T,NP_001843.1:p.Arg600Leu,0.622,25.2,['Unknown%20significance'],264.58,0.98,0.0,0.1,0.1
COL9A2,1,40301883,NM_001852.4:c.1799G>A,NP_001843.1:p.Arg600His,0.592,25.6,['Unknown%20significance'],264.58,0.98,0.0,0.1,0.1
COL9A2,1,40301884,NM_001852.4:c.1798C>T,NP_001843.1:p.Arg600Cys,0.738,32,['Unknown%20significance'],264.58,0.98,0.0,0.2,0.2
COL9A2,1,40301889,NM_001852.4:c.1793G>A,NP_001843.1:p.Gly598Glu,0.947,32,['Unknown%20significance'],62.91,0.65,0.0,0.5,0.5
COL9A2,1,40302621,NM_001852.4:c.1792G>A,NP_001843.1:p.Gly598Arg,0.971,33,['Unknown%20significance'],62.91,0.65,0.0,0.4,0.4
COL9A2,1,40302622,NM_001852.4:c.1791G>T,NP_001843.1:p.Lys597Asn,0.631,24.0,['Unknown%20significance'],237.66,1.0,0.0,0.0,0.0
COL9A2,1,40302623,NM_001852.4:c.1790A>T,NP_001843.1:p.Lys597Met,0.836,29.9,['Unknown%20significance'],237.66,1.0,0.0,-0.0,0.0
COL9A2,1,40302624,NM_001852.4:c.1789A>G,NP_001843.1:p.Lys597Glu,0.765,24.6,['Unknown%20significance'],237.66,1.0,0.0,0.0,0.0
COL9A2,1,40302624,NM_001852.4:c.1789A>C,NP_001843.1:p.Lys597Gln,0.690,24.1,['Unknown%20significance'],237.66,1.0,0.0,-0.0,0.0
COL9A2,1,40302626,NM_001852.4:c.1787C>T,NP_001843.1:p.Pro596Leu,0.492,22.1,['Unknown%20significance'],158.31,1.0,0.0,0.1,0.1
COL9A2,1,40302626,NM_001852.4:c.1787C>A,NP_001843.1:p.Pro596His,0.603,23.6,['Unknown%20significance'],158.31,1.0,0.0,0.1,0.1
COL9A2,1,40302627,NM_001852.4:c.1786C>T,NP_001843.1:p.Pro596Ser,0.591,25.0,['Unknown%20significance'],158.31,1.0,0.0,0.1,0.1
COL9A2,1,40302627,NM_001852.4:c.1786C>A,NP_001843.1:p.Pro596Thr,0.630,24.6,['Unknown%20significance'],158.31,1.0,0.0,0.1,0.1
COL9A2,1,40302629,NM_001852.4:c.1784G>T,NP_001843.1:p.Gly595Val,0.978,24.4,['Unknown%20significance'],56.71,0.59,0.0,0.6,0.6
COL9A2,1,40302629,NM_001852.4:c.1784G>C,NP_001843.1:p.Gly595Ala,0.972,24.1,['Unknown%20significance'],56.71,0.59,0.0,0.5,0.5
COL9A2,1,40302630,NM_001852.4:c.1783G>T,NP_001843.1:p.Gly595Trp,0.955,25.6,['Unknown%20significance'],56.71,0.59,0.0,0.2,0.2
COL9A2,1,40302630,NM_001852.4:c.1783G>C,NP_001843.1:p.Gly595Arg,0.975,24.9,['Unknown%20significance'],56.71,0.59,0.0,0.5,0.5
COL9A2,1,40302630,NM_001852.4:c.1783G>A,NP_001843.1:p.Gly595Arg,0.975,25.0,['Unknown%20significance'],56.71,0.59,0.0,0.5,0.5
COL9A2,1,40302632,NM_001852.4:c.1781C>T,NP_001843.1:p.Thr594Met,0.514,23.3,['Unknown%20significance'],149.15,0.94,0.0,-0.0,0.0
COL9A2,1,40302632,NM_001852.4:c.1781C>G,NP_001843.1:p.Thr594Arg,0.566,22.7,['Unknown%20significance'],149.15,0.94,0.0,-0.0,0.0
COL9A2,1,40302633,NM_001852.4:c.1780A>T,NP_001843.1:p.Thr594Ser,0.388,22.9,['Unknown%20significance'],149.15,0.94,0.0,0.0,0.0
COL9A2,1,40302633,NM_001852.4:c.1780A>G,NP_001843.1:p.Thr594Ala,0.448,22.9,['Unknown%20significance'],149.15,0.94,0.0,0.1,0.1
COL9A2,1,40302634,NM_001852.4:c.1779C>G,NP_001843.1:p.Asn593Lys,0.504,22.3,['Unknown%20significance'],152.01,0.95,0.0,0.1,0.1
COL9A2,1,40302634,NM_001852.4:c.1779C>A,NP_001843.1:p.Asn593Lys,0.504,22.3,['Unknown%20significance'],152.01,0.95,0.0,0.1,0.1
COL9A2,1,40302638,NM_001852.4:c.1775G>A,NP_001843.1:p.Gly592Asp,0.985,24.9,['Unknown%20significance'],77.4,0.81,0.0,0.5,0.5
COL9A2,1,40302639,NM_001852.4:c.1774G>T,NP_001843.1:p.Gly592Cys,0.976,25.7,['Unknown%20significance'],77.4,0.81,0.0,0.5,0.5
COL9A2,1,40302639,NM_001852.4:c.1774G>A,NP_001843.1:p.Gly592Ser,0.971,25.2,['Pathogenic'],77.4,0.81,0.0,0.4,0.4
COL9A2,1,40302640,NM_001852.4:c.1773C>G,NP_001843.1:p.Ile591Met,0.497,15.72,['Unknown%20significance'],155.74,0.79,0.0,0.0,0.0
COL9A2,1,40302642,NM_001852.4:c.1771A>G,NP_001843.1:p.Ile591Val,0.457,21.1,['Unknown%20significance'],155.74,0.79,0.0,0.1,0.1
COL9A2,1,40302643,NM_001852.4:c.1770G>T,NP_001843.1:p.Gln590His,0.522,22.5,['Unknown%20significance'],217.05,1.0,0.0,0.0,0.0
COL9A2,1,40302645,NM_001852.4:c.1768C>A,NP_001843.1:p.Gln590Lys,0.638,24.2,['Unknown%20significance'],217.05,1.0,0.0,0.0,0.0
COL9A2,1,40302647,NM_001852.4:c.1766G>T,NP_001843.1:p.Gly589Val,0.952,24.5,['Unknown%20significance'],47.69,0.5,0.0,0.5,0.5
COL9A2,1,40302647,NM_001852.4:c.1766G>A,NP_001843.1:p.Gly589Asp,0.969,24.7,['Unknown%20significance'],47.69,0.5,0.0,0.8,0.8
COL9A2,1,40302648,NM_001852.4:c.1765G>T,NP_001843.1:p.Gly589Cys,0.965,25.4,['Unknown%20significance'],47.69,0.5,0.0,0.7,0.7
COL9A2,1,40302650,NM_001852.4:c.1763T>C,NP_001843.1:p.Val588Ala,0.437,19.86,['Unknown%20significance'],176.84,1.0,0.0,0.1,0.1
COL9A2,1,40302651,NM_001852.4:c.1762G>T,NP_001843.1:p.Val588Leu,0.074,15.57,['Likely%20benign'],176.84,1.0,0.0,0.0,0.0
COL9A2,1,40302651,NM_001852.4:c.1762G>C,NP_001843.1:p.Val588Leu,0.387,15.60,['Likely%20benign'],176.84,1.0,0.0,0.0,0.0
COL9A2,1,40302651,NM_001852.4:c.1762G>A,NP_001843.1:p.Val588Met,0.350,13.33,['Likely%20benign'],176.84,1.0,0.0,-0.0,0.0
COL9A2,1,40302653,NM_001852.4:c.1760C>T,NP_001843.1:p.Ala587Val,0.431,23.7,['Unknown%20significance'],114.56,0.9,0.0,-0.0,0.0
COL9A2,1,40302653,NM_001852.4:c.1760C>A,NP_001843.1:p.Ala587Asp,0.474,25.5,['Unknown%20significance'],114.56,0.9,0.0,0.1,0.1
COL9A2,1,40302654,NM_001852.4:c.1759G>T,NP_001843.1:p.Ala587Ser,0.385,23.4,['Unknown%20significance'],114.56,0.9,0.0,0.0,0.0
COL9A2,1,40302654,NM_001852.4:c.1759G>A,NP_001843.1:p.Ala587Thr,0.477,25.3,['Unknown%20significance'],114.56,0.9,0.0,-0.0,0.0
COL9A2,1,40302656,NM_001852.4:c.1757G>T,NP_001843.1:p.Gly586Val,0.974,25.9,['Unknown%20significance'],69.07,0.72,0.0,0.3,0.3
COL9A2,1,40302657,NM_001852.4:c.1756G>A,NP_001843.1:p.Gly586Arg,0.951,25.7,['Unknown%20significance'],69.07,0.72,0.0,0.3,0.3
COL9A2,1,40302659,NM_001852.4:c.1754T>C,NP_001843.1:p.Val585Ala,0.307,23.7,['Unknown%20significance'],173.26,1.0,0.0,0.1,0.1
COL9A2,1,40302660,NM_001852.4:c.1753G>T,NP_001843.1:p.Val585Leu,0.038,16.10,['Likely%20benign'],173.26,1.0,0.0,-0.0,0.0
COL9A2,1,40302660,NM_001852.4:c.1753G>A,NP_001843.1:p.Val585Met,0.240,22.6,['Likely%20benign'],173.26,1.0,0.0,-0.0,0.0
COL9A2,1,40302662,NM_001852.4:c.1751T>C,NP_001843.1:p.Ile584Thr,0.482,26.7,['Unknown%20significance'],187.01,0.95,0.0,0.1,0.1
COL9A2,1,40302665,NM_001852.4:c.1748G>A,NP_001843.1:p.Gly583Asp,0.985,26.5,['Unknown%20significance'],84.94,0.89,0.0,0.3,0.3
COL9A2,1,40302666,NM_001852.4:c.1747G>T,NP_001843.1:p.Gly583Cys,0.964,27.9,['Unknown%20significance'],84.94,0.89,0.0,0.2,0.2
COL9A2,1,40302666,NM_001852.4:c.1747G>A,NP_001843.1:p.Gly583Ser,0.971,27.0,['Unknown%20significance'],84.94,0.89,0.0,0.2,0.2
COL9A2,1,40302668,NM_001852.4:c.1745C>T,NP_001843.1:p.Pro582Leu,0.760,29.3,['Unknown%20significance'],90.65,0.57,0.0,0.1,0.1
COL9A2,1,40302668,NM_001852.4:c.1745C>A,NP_001843.1:p.Pro582His,0.775,28.2,['Unknown%20significance'],90.65,0.57,0.0,0.2,0.2
COL9A2,1,40302669,NM_001852.4:c.1744C>A,NP_001843.1:p.Pro582Thr,0.618,27.2,['Unknown%20significance'],90.65,0.57,0.0,0.2,0.2
COL9A2,1,40302671,NM_001852.4:c.1742T>C,NP_001843.1:p.Val581Ala,0.310,26.8,['Unknown%20significance'],172.75,1.0,0.0,0.1,0.1
COL9A2,1,40302672,NM_001852.4:c.1741G>T,NP_001843.1:p.Val581Phe,0.300,22.3,['Unknown%20significance'],172.75,1.0,0.0,0.0,0.0
COL9A2,1,40302672,NM_001852.4:c.1741G>A,NP_001843.1:p.Val581Ile,0.198,9.131,['Benign'],172.75,1.0,0.0,-0.0,0.0
COL9A2,1,40302674,NM_001852.4:c.1739G>T,NP_001843.1:p.Gly580Val,0.983,25.6,['Unknown%20significance'],62.43,0.65,0.0,0.5,0.5
COL9A2,1,40302674,NM_001852.4:c.1739G>A,NP_001843.1:p.Gly580Asp,0.984,25.8,['Unknown%20significance'],62.43,0.65,0.0,0.6,0.6
COL9A2,1,40302675,NM_001852.4:c.1738G>T,NP_001843.1:p.Gly580Cys,0.980,27.3,['Unknown%20significance'],62.43,0.65,0.0,0.7,0.7
COL9A2,1,40302675,NM_001852.4:c.1738G>A,NP_001843.1:p.Gly580Ser,0.985,26.3,['Unknown%20significance'],62.43,0.65,0.0,0.4,0.4
COL9A2,1,40302677,NM_001852.4:c.1736G>T,NP_001843.1:p.Arg579Leu,0.745,27.2,['Unknown%20significance'],236.01,0.87,0.0,0.1,0.1
COL9A2,1,40302677,NM_001852.4:c.1736G>A,NP_001843.1:p.Arg579Gln,0.593,24.9,['Unknown%20significance'],236.01,0.87,0.0,0.1,0.1
COL9A2,1,40302678,NM_001852.4:c.1735C>T,NP_001843.1:p.Arg579Trp,0.890,32,['Unknown%20significance'],236.01,0.87,0.0,0.0,0.0
COL9A2,1,40302680,NM_001852.4:c.1733C>T,NP_001843.1:p.Pro578Leu,0.595,24.7,['Unknown%20significance'],159.8,1.0,0.0,0.0,0.0
COL9A2,1,40302680,NM_001852.4:c.1733C>A,NP_001843.1:p.Pro578His,0.644,27.2,['Unknown%20significance'],159.8,1.0,0.0,0.0,0.0
COL9A2,1,40302681,NM_001852.4:c.1732C>G,NP_001843.1:p.Pro578Ala,0.356,21.2,['Unknown%20significance'],159.8,1.0,0.0,0.1,0.1
COL9A2,1,40302683,NM_001852.4:c.1730G>T,NP_001843.1:p.Gly577Val,0.986,26.6,['Unknown%20significance'],69.96,0.73,0.0,0.4,0.4
COL9A2,1,40302684,NM_001852.4:c.1729G>T,NP_001843.1:p.Gly577Cys,0.977,28.2,['Unknown%20significance'],69.96,0.73,0.0,0.5,0.5
COL9A2,1,40302684,NM_001852.4:c.1729G>C,NP_001843.1:p.Gly577Arg,0.986,27.0,['Unknown%20significance'],69.96,0.73,0.0,0.3,0.3
COL9A2,1,40302684,NM_001852.4:c.1729G>A,NP_001843.1:p.Gly577Ser,0.985,27.2,['Unknown%20significance'],69.96,0.73,0.0,0.4,0.4
COL9A2,1,40302686,NM_001852.4:c.1727C>T,NP_001843.1:p.Pro576Leu,0.624,24.3,['Unknown%20significance'],149.03,0.94,0.0,0.0,0.0
COL9A2,1,40302686,NM_001852.4:c.1727C>A,NP_001843.1:p.Pro576His,0.670,25.1,['Unknown%20significance'],149.03,0.94,0.0,0.0,0.0
COL9A2,1,40302688,NM_001852.4:c.1725C>G,NP_001843.1:p.His575Gln,0.391,17.98,['Unknown%20significance'],214.19,1.0,0.0,0.0,0.0
COL9A2,1,40302688,NM_001852.4:c.1725C>A,NP_001843.1:p.His575Gln,0.390,17.89,['Unknown%20significance'],214.19,1.0,0.0,0.0,0.0
COL9A2,1,40302689,NM_001852.4:c.1724A>C,NP_001843.1:p.His575Pro,0.303,22.7,['Unknown%20significance'],214.19,1.0,0.0,0.0,0.0
COL9A2,1,40302690,NM_001852.4:c.1723C>T,NP_001843.1:p.His575Tyr,0.444,24.6,['Unknown%20significance'],214.19,1.0,0.0,-0.1,0.1
COL9A2,1,40302690,NM_001852.4:c.1723C>A,NP_001843.1:p.His575Asn,0.416,22.8,['Unknown%20significance'],214.19,1.0,0.0,0.0,0.0
COL9A2,1,40302692,NM_001852.4:c.1721G>T,NP_001843.1:p.Gly574Val,0.989,27.0,['Unknown%20significance'],70.21,0.73,0.0,0.3,0.3
COL9A2,1,40302692,NM_001852.4:c.1721G>A,NP_001843.1:p.Gly574Glu,0.989,27.2,['Unknown%20significance'],70.21,0.73,0.0,0.5,0.5
COL9A2,1,40302693,NM_001852.4:c.1720G>T,NP_001843.1:p.Gly574Trp,0.971,29.8,['Unknown%20significance'],70.21,0.73,0.0,0.1,0.1
COL9A2,1,40302693,NM_001852.4:c.1720G>A,NP_001843.1:p.Gly574Arg,0.984,28.8,['Unknown%20significance'],70.21,0.73,0.0,0.3,0.3
COL9A2,1,40302694,NM_001852.4:c.1719T>A,NP_001843.1:p.His573Gln,0.356,21.4,['Unknown%20significance'],167.86,0.81,0.0,0.0,0.0
COL9A2,1,40302695,NM_001852.4:c.1718A>T,NP_001843.1:p.His573Leu,0.424,24.0,['Unknown%20significance'],167.86,0.81,0.0,0.1,0.1
COL9A2,1,40302695,NM_001852.4:c.1718A>G,NP_001843.1:p.His573Arg,0.387,23.2,['Unknown%20significance'],167.86,0.81,0.0,-0.1,0.1
COL9A2,1,40302696,NM_001852.4:c.1717C>T,NP_001843.1:p.His573Tyr,0.400,23.1,['Unknown%20significance'],167.86,0.81,0.0,-0.1,0.1
COL9A2,1,40302696,NM_001852.4:c.1717C>G,NP_001843.1:p.His573Asp,0.420,22.8,['Unknown%20significance'],167.86,0.81,0.0,0.2,0.2
COL9A2,1,40302696,NM_001852.4:c.1717C>A,NP_001843.1:p.His573Asn,0.346,17.76,['Unknown%20significance'],167.86,0.81,0.0,0.1,0.1
COL9A2,1,40302698,NM_001852.4:c.1715C>T,NP_001843.1:p.Pro572Leu,0.416,20.7,['Unknown%20significance'],161.35,1.0,0.0,0.0,0.0
COL9A2,1,40302698,NM_001852.4:c.1715C>G,NP_001843.1:p.Pro572Arg,0.455,21.6,['Unknown%20significance'],161.35,1.0,0.0,-0.0,0.0
COL9A2,1,40302698,NM_001852.4:c.1715C>A,NP_001843.1:p.Pro572His,0.557,23.2,['Unknown%20significance'],161.35,1.0,0.0,0.0,0.0
COL9A2,1,40302699,NM_001852.4:c.1714C>T,NP_001843.1:p.Pro572Ser,0.485,23.9,['Unknown%20significance'],161.35,1.0,0.0,0.0,0.0
COL9A2,1,40302699,NM_001852.4:c.1714C>A,NP_001843.1:p.Pro572Thr,0.583,23.8,['Unknown%20significance'],161.35,1.0,0.0,0.0,0.0
COL9A2,1,40302701,NM_001852.4:c.1712G>T,NP_001843.1:p.Gly571Val,0.994,27.1,['Unknown%20significance'],51.68,0.54,0.0,0.7,0.7
COL9A2,1,40302701,NM_001852.4:c.1712G>A,NP_001843.1:p.Gly571Asp,0.995,27.4,['Unknown%20significance'],51.68,0.54,0.0,0.8,0.8
COL9A2,1,40302702,NM_001852.4:c.1711G>T,NP_001843.1:p.Gly571Cys,0.977,29.4,['Unknown%20significance'],51.68,0.54,0.0,0.9,0.9
COL9A2,1,40302702,NM_001852.4:c.1711G>A,NP_001843.1:p.Gly571Ser,0.982,28.1,['Unknown%20significance'],51.68,0.54,0.0,0.6,0.6
COL9A2,1,40302703,NM_001852.4:c.1710G>T,NP_001843.1:p.Gln570His,0.561,23.0,['Unknown%20significance'],163.86,0.82,0.0,0.0,0.0
COL9A2,1,40302704,NM_001852.4:c.1709A>G,NP_001843.1:p.Gln570Arg,0.526,24.4,['Unknown%20significance'],163.86,0.82,0.0,-0.1,0.1
COL9A2,1,40302705,NM_001852.4:c.1708C>A,NP_001843.1:p.Gln570Lys,0.557,24.5,['Unknown%20significance'],163.86,0.82,0.0,0.1,0.1
COL9A2,1,40302706,NM_001852.4:c.1707G>T,NP_001843.1:p.Lys569Asn,0.321,15.87,['Unknown%20significance'],244.67,1.0,0.0,-0.0,0.0
COL9A2,1,40302707,NM_001852.4:c.1706A>G,NP_001843.1:p.Lys569Arg,0.305,23.9,['Unknown%20significance'],244.67,1.0,0.0,-0.1,0.1
COL9A2,1,40302708,NM_001852.4:c.1705A>G,NP_001843.1:p.Lys569Glu,0.315,18.49,['Unknown%20significance'],244.67,1.0,0.0,-0.0,0.0
COL9A2,1,40302710,NM_001852.4:c.1703G>T,NP_001843.1:p.Gly568Val,0.981,27.1,['Unknown%20significance'],82.72,0.86,0.0,0.2,0.2
COL9A2,1,40302710,NM_001852.4:c.1703G>A,NP_001843.1:p.Gly568Asp,0.976,27.4,['Unknown%20significance'],82.72,0.86,0.0,0.3,0.3
COL9A2,1,40302711,NM_001852.4:c.1702G>T,NP_001843.1:p.Gly568Cys,0.975,28.7,['Unknown%20significance'],82.72,0.86,0.0,0.3,0.3
COL9A2,1,40302711,NM_001852.4:c.1702G>A,NP_001843.1:p.Gly568Ser,0.979,27.4,['Unknown%20significance'],82.72,0.86,0.0,0.2,0.2
COL9A2,1,40302713,NM_001852.4:c.1700C>T,NP_001843.1:p.Pro567Leu,0.716,32,['Unknown%20significance'],146.77,0.93,0.0,0.1,0.1
COL9A2,1,40302713,NM_001852.4:c.1700C>A,NP_001843.1:p.Pro567Gln,0.537,25.8,['Unknown%20significance'],146.77,0.93,0.0,0.1,0.1
COL9A2,1,40302714,NM_001852.4:c.1699C>T,NP_001843.1:p.Pro567Ser,0.533,24.6,['Unknown%20significance'],146.77,0.93,0.0,0.1,0.1
COL9A2,1,40302714,NM_001852.4:c.1699C>A,NP_001843.1:p.Pro567Thr,0.558,24.4,['Unknown%20significance'],146.77,0.93,0.0,0.0,0.0
COL9A2,1,40302716,NM_001852.4:c.1697A>G,NP_001843.1:p.Tyr566Cys,0.392,26.4,['Unknown%20significance'],250.33,1.0,0.0,0.1,0.1
COL9A2,1,40302717,NM_001852.4:c.1696T>C,NP_001843.1:p.Tyr566His,0.223,23.2,['Unknown%20significance'],250.33,1.0,0.0,0.1,0.1
COL9A2,1,40302720,NM_001852.4:c.1693G>T,NP_001843.1:p.Gly565Trp,0.971,31,['Unknown%20significance'],69.06,0.72,0.0,0.1,0.1
COL9A2,1,40302722,NM_001852.4:c.1691C>A,NP_001843.1:p.Pro564His,0.722,29.8,['Unknown%20significance'],152.93,0.97,0.0,0.0,0.0
COL9A2,1,40302723,NM_001852.4:c.1690C>T,NP_001843.1:p.Pro564Ser,0.676,27.5,['Unknown%20significance'],152.93,0.97,0.0,0.1,0.1
COL9A2,1,40302723,NM_001852.4:c.1690C>A,NP_001843.1:p.Pro564Thr,0.679,26.9,['Unknown%20significance'],152.93,0.97,0.0,0.0,0.0
COL9A2,1,40302725,NM_001852.4:c.1688C>T,NP_001843.1:p.Pro563Leu,0.631,26.3,['Unknown%20significance'],153.44,0.97,0.0,0.1,0.1
COL9A2,1,40302725,NM_001852.4:c.1688C>A,NP_001843.1:p.Pro563His,0.747,29.4,['Unknown%20significance'],153.44,0.97,0.0,0.1,0.1
COL9A2,1,40302726,NM_001852.4:c.1687C>T,NP_001843.1:p.Pro563Ser,0.624,28.7,['Unknown%20significance'],153.44,0.97,0.0,0.1,0.1
COL9A2,1,40302726,NM_001852.4:c.1687C>A,NP_001843.1:p.Pro563Thr,0.645,28.1,['Unknown%20significance'],153.44,0.97,0.0,0.1,0.1
COL9A2,1,40302728,NM_001852.4:c.1685G>A,NP_001843.1:p.Gly562Glu,0.984,27.5,['Unknown%20significance'],57.69,0.6,0.0,0.7,0.7
COL9A2,1,40302729,NM_001852.4:c.1684G>T,NP_001843.1:p.Gly562Trp,0.950,31,['Unknown%20significance'],57.69,0.6,0.0,0.1,0.1
COL9A2,1,40302731,NM_001852.4:c.1682C>T,NP_001843.1:p.Pro561Leu,0.765,32,['Unknown%20significance'],156.38,0.99,0.0,0.0,0.0
COL9A2,1,40302731,NM_001852.4:c.1682C>A,NP_001843.1:p.Pro561His,0.761,31,['Unknown%20significance'],156.38,0.99,0.0,0.0,0.0
COL9A2,1,40302732,NM_001852.4:c.1681C>A,NP_001843.1:p.Pro561Thr,0.635,28.0,['Unknown%20significance'],156.38,0.99,0.0,-0.0,0.0
COL9A2,1,40302734,NM_001852.4:c.1679C>T,NP_001843.1:p.Pro560Leu,0.657,29.5,['Unknown%20significance'],152.42,0.96,0.0,0.1,0.1
COL9A2,1,40302734,NM_001852.4:c.1679C>G,NP_001843.1:p.Pro560Arg,0.750,28.6,['Unknown%20significance'],152.42,0.96,0.0,0.1,0.1
COL9A2,1,40302734,NM_001852.4:c.1679C>A,NP_001843.1:p.Pro560His,0.706,28.7,['Unknown%20significance'],152.42,0.96,0.0,0.1,0.1
COL9A2,1,40302735,NM_001852.4:c.1678C>T,NP_001843.1:p.Pro560Ser,0.613,27.6,['Unknown%20significance'],152.42,0.96,0.0,0.1,0.1
COL9A2,1,40302737,NM_001852.4:c.1676G>T,NP_001843.1:p.Gly559Val,0.976,26.9,['Unknown%20significance'],59.18,0.62,0.0,0.5,0.5
COL9A2,1,40302740,NM_001852.4:c.1673C>A,NP_001843.1:p.Pro558Gln,0.688,28.3,['Unknown%20significance'],125.88,0.8,0.0,0.1,0.1
COL9A2,1,40302741,NM_001852.4:c.1672C>A,NP_001843.1:p.Pro558Thr,0.649,27.3,['Unknown%20significance'],125.88,0.8,0.0,0.1,0.1
COL9A2,1,40302743,NM_001852.4:c.1670C>T,NP_001843.1:p.Pro557Leu,0.383,17.69,['Unknown%20significance'],155.32,0.98,0.0,0.1,0.1
COL9A2,1,40302744,NM_001852.4:c.1669C>T,NP_001843.1:p.Pro557Ser,0.531,25.1,['Unknown%20significance'],155.32,0.98,0.0,0.1,0.1
COL9A2,1,40302744,NM_001852.4:c.1669C>A,NP_001843.1:p.Pro557Thr,0.572,25.2,['Unknown%20significance'],155.32,0.98,0.0,0.1,0.1
COL9A2,1,40302746,NM_001852.4:c.1667G>T,NP_001843.1:p.Gly556Val,0.980,25.9,['Unknown%20significance'],52.64,0.55,0.0,0.4,0.4
COL9A2,1,40302747,NM_001852.4:c.1666G>T,NP_001843.1:p.Gly556Cys,0.969,27.7,['Unknown%20significance'],52.64,0.55,0.0,0.6,0.6
COL9A2,1,40302747,NM_001852.4:c.1666G>A,NP_001843.1:p.Gly556Ser,0.971,26.5,['Unknown%20significance'],52.64,0.55,0.0,0.5,0.5
COL9A2,1,40302748,NM_001852.4:c.1665G>T,NP_001843.1:p.Met555Ile,0.342,17.55,['Unknown%20significance'],180.03,0.83,0.0,0.0,0.0
COL9A2,1,40302748,NM_001852.4:c.1665G>C,NP_001843.1:p.Met555Ile,0.342,17.63,['Unknown%20significance'],180.03,0.83,0.0,0.0,0.0
COL9A2,1,40302748,NM_001852.4:c.1665G>A,NP_001843.1:p.Met555Ile,0.343,18.42,['Unknown%20significance'],180.03,0.83,0.0,0.0,0.0
COL9A2,1,40302749,NM_001852.4:c.1664T>G,NP_001843.1:p.Met555Arg,0.441,22.9,['Unknown%20significance'],180.03,0.83,0.0,0.1,0.1
COL9A2,1,40302749,NM_001852.4:c.1664T>C,NP_001843.1:p.Met555Thr,0.396,23.3,['Unknown%20significance'],180.03,0.83,0.0,0.1,0.1
COL9A2,1,40302750,NM_001852.4:c.1663A>T,NP_001843.1:p.Met555Leu,0.355,11.00,['Likely%20benign'],180.03,0.83,0.0,0.1,0.1
COL9A2,1,40302750,NM_001852.4:c.1663A>G,NP_001843.1:p.Met555Val,0.325,5.611,['Likely%20benign'],180.03,0.83,0.0,0.1,0.1
COL9A2,1,40302751,NM_001852.4:c.1662G>T,NP_001843.1:p.Met554Ile,0.202,17.25,['Unknown%20significance'],164.78,0.76,0.0,-0.1,0.1
COL9A2,1,40302751,NM_001852.4:c.1662G>C,NP_001843.1:p.Met554Ile,0.202,17.06,['Unknown%20significance'],164.78,0.76,0.0,-0.1,0.1
COL9A2,1,40302751,NM_001852.4:c.1662G>A,NP_001843.1:p.Met554Ile,0.202,17.60,['Unknown%20significance'],164.78,0.76,0.0,-0.1,0.1
COL9A2,1,40302752,NM_001852.4:c.1661T>C,NP_001843.1:p.Met554Thr,0.281,23.0,['Unknown%20significance'],164.78,0.76,0.0,0.2,0.2
COL9A2,1,40302753,NM_001852.4:c.1660A>G,NP_001843.1:p.Met554Val,0.274,18.88,['Unknown%20significance'],164.78,0.76,0.0,-0.0,0.0
COL9A2,1,40302753,NM_001852.4:c.1660A>C,NP_001843.1:p.Met554Leu,0.328,17.37,['Unknown%20significance'],164.78,0.76,0.0,0.0,0.0
COL9A2,1,40302755,NM_001852.4:c.1658G>T,NP_001843.1:p.Gly553Val,0.984,25.2,['Unknown%20significance'],66.69,0.69,0.0,-0.2,0.2
COL9A2,1,40302755,NM_001852.4:c.1658G>A,NP_001843.1:p.Gly553Asp,0.974,25.4,['Unknown%20significance'],66.69,0.69,0.0,0.3,0.3
COL9A2,1,40302756,NM_001852.4:c.1657G>T,NP_001843.1:p.Gly553Cys,0.941,26.2,['Unknown%20significance'],66.69,0.69,0.0,0.1,0.1
COL9A2,1,40302756,NM_001852.4:c.1657G>A,NP_001843.1:p.Gly553Ser,0.952,26.6,['Unknown%20significance'],66.69,0.69,0.0,0.1,0.1
COL9A2,1,40302758,NM_001852.4:c.1655T>G,NP_001843.1:p.Val552Gly,0.287,17.96,['Likely%20benign'],185.93,1.0,0.0,0.2,0.2
COL9A2,1,40302758,NM_001852.4:c.1655T>C,NP_001843.1:p.Val552Ala,0.192,4.171,['Unknown%20significance'],185.93,1.0,0.0,0.1,0.1
COL9A2,1,40302759,NM_001852.4:c.1654G>T,NP_001843.1:p.Val552Leu,0.199,14.09,['Likely%20benign'],185.93,1.0,0.0,0.0,0.0
COL9A2,1,40302759,NM_001852.4:c.1654G>A,NP_001843.1:p.Val552Met,0.221,19.04,['Likely%20benign'],185.93,1.0,0.0,0.0,0.0
COL9A2,1,40302761,NM_001852.4:c.1652C>T,NP_001843.1:p.Ala551Val,0.460,24.5,['Unknown%20significance'],46.47,0.36,0.0,-0.4,0.4
COL9A2,1,40302761,NM_001852.4:c.1652C>A,NP_001843.1:p.Ala551Glu,0.464,24.5,['Unknown%20significance'],46.47,0.36,0.0,0.4,0.4
COL9A2,1,40302762,NM_001852.4:c.1651G>A,NP_001843.1:p.Ala551Thr,0.386,23.7,['Unknown%20significance'],46.47,0.36,0.0,-0.1,0.1
COL9A2,1,40302764,NM_001852.4:c.1649G>T,NP_001843.1:p.Gly550Val,0.975,25.9,['Unknown%20significance'],57.97,0.6,0.0,-0.2,0.2
COL9A2,1,40302764,NM_001852.4:c.1649G>A,NP_001843.1:p.Gly550Asp,0.970,26.2,['Unknown%20significance'],57.97,0.6,0.0,0.2,0.2
COL9A2,1,40302765,NM_001852.4:c.1648G>T,NP_001843.1:p.Gly550Cys,0.955,28.2,['Unknown%20significance'],57.97,0.6,0.0,0.1,0.1
COL9A2,1,40302765,NM_001852.4:c.1648G>A,NP_001843.1:p.Gly550Ser,0.939,27.0,['Unknown%20significance'],57.97,0.6,0.0,0.0,0.0
COL9A2,1,40302767,NM_001852.4:c.1646T>G,NP_001843.1:p.Leu549Arg,0.550,24.7,['Unknown%20significance'],161.69,0.83,0.0,0.2,0.2
COL9A2,1,40302767,NM_001852.4:c.1646T>C,NP_001843.1:p.Leu549Pro,0.553,25.0,['Unknown%20significance'],161.69,0.83,0.0,0.4,0.4
COL9A2,1,40302768,NM_001852.4:c.1645C>A,NP_001843.1:p.Leu549Met,0.444,23.6,['Unknown%20significance'],161.69,0.83,0.0,0.1,0.1
COL9A2,1,40302770,NM_001852.4:c.1643C>T,NP_001843.1:p.Ala548Val,0.276,23.0,['Unknown%20significance'],87.95,0.69,0.0,-0.3,0.3
COL9A2,1,40302770,NM_001852.4:c.1643C>A,NP_001843.1:p.Ala548Asp,0.433,24.1,['Unknown%20significance'],87.95,0.69,0.0,0.2,0.2
COL9A2,1,40302771,NM_001852.4:c.1642G>T,NP_001843.1:p.Ala548Ser,0.451,23.6,['Unknown%20significance'],87.95,0.69,0.0,0.1,0.1
COL9A2,1,40302771,NM_001852.4:c.1642G>C,NP_001843.1:p.Ala548Pro,0.500,24.4,['Unknown%20significance'],87.95,0.69,0.0,0.1,0.1
COL9A2,1,40302772,NM_001852.4:c.1641A>T,NP_001843.1:p.Glu547Asp,0.168,16.06,['Likely%20benign'],161.67,0.82,0.0,0.1,0.1
COL9A2,1,40302774,NM_001852.4:c.1639G>A,NP_001843.1:p.Glu547Lys,0.362,26.3,['Unknown%20significance'],161.67,0.82,0.0,0.1,0.1
COL9A2,1,40302776,NM_001852.4:c.1637G>T,NP_001843.1:p.Arg546Leu,0.698,26.6,['Unknown%20significance'],120.11,0.44,0.0,-0.1,0.1
COL9A2,1,40302776,NM_001852.4:c.1637G>A,NP_001843.1:p.Arg546Gln,0.612,26.9,['Unknown%20significance'],120.11,0.44,0.0,0.3,0.3
COL9A2,1,40302777,NM_001852.4:c.1636C>T,NP_001843.1:p.Arg546Trp,0.740,24.6,['Unknown%20significance'],120.11,0.44,0.0,-0.2,0.2
COL9A2,1,40302777,NM_001852.4:c.1636C>G,NP_001843.1:p.Arg546Gly,0.131,24.0,['Unknown%20significance'],120.11,0.44,0.0,0.9,0.9
COL9A2,1,40302778,NM_001852.4:c.1635G>T,NP_001843.1:p.Lys545Asn,0.508,25.0,['Unknown%20significance'],172.64,0.72,0.0,-0.0,0.0
COL9A2,1,40302779,NM_001852.4:c.1634A>C,NP_001843.1:p.Lys545Thr,0.590,24.8,['Unknown%20significance'],172.64,0.72,0.0,-0.2,0.2
COL9A2,1,40302780,NM_001852.4:c.1633A>G,NP_001843.1:p.Lys545Glu,0.545,25.0,['Unknown%20significance'],172.64,0.72,0.0,0.0,0.0
COL9A2,1,40302780,NM_001852.4:c.1633A>C,NP_001843.1:p.Lys545Gln,0.428,26.8,['Unknown%20significance'],172.64,0.72,0.0,-0.1,0.1
COL9A2,1,40302782,NM_001852.4:c.1631C>T,NP_001843.1:p.Ala544Val,0.636,24.6,['Unknown%20significance'],50.31,0.39,0.0,-0.4,0.4
COL9A2,1,40302782,NM_001852.4:c.1631C>A,NP_001843.1:p.Ala544Asp,0.700,24.5,['Unknown%20significance'],50.31,0.39,0.0,0.6,0.6
COL9A2,1,40302783,NM_001852.4:c.1630G>T,NP_001843.1:p.Ala544Ser,0.532,23.0,['Unknown%20significance'],50.31,0.39,0.0,0.2,0.2
COL9A2,1,40302783,NM_001852.4:c.1630G>A,NP_001843.1:p.Ala544Thr,0.579,24.6,['Unknown%20significance'],50.31,0.39,0.0,-0.0,0.0
COL9A2,1,40302784,NM_001852.4:c.1629T>G,NP_001843.1:p.Ser543Arg,0.652,26.3,['Unknown%20significance'],55.06,0.39,0.0,-0.2,0.2
COL9A2,1,40302784,NM_001852.4:c.1629T>A,NP_001843.1:p.Ser543Arg,0.652,25.9,['Unknown%20significance'],55.06,0.39,0.0,-0.2,0.2
COL9A2,1,40302785,NM_001852.4:c.1628G>T,NP_001843.1:p.Ser543Ile,0.754,25.7,['Unknown%20significance'],55.06,0.39,0.0,-0.6,0.6
COL9A2,1,40302785,NM_001852.4:c.1628G>A,NP_001843.1:p.Ser543Asn,0.462,25.0,['Unknown%20significance'],55.06,0.39,0.0,0.1,0.1
COL9A2,1,40302786,NM_001852.4:c.1627A>G,NP_001843.1:p.Ser543Gly,0.172,26.4,['Unknown%20significance'],55.06,0.39,0.0,0.5,0.5
COL9A2,1,40302788,NM_001852.4:c.1625T>C,NP_001843.1:p.Val542Ala,0.403,22.8,['Unknown%20significance'],107.48,0.62,0.0,0.5,0.5
COL9A2,1,40302789,NM_001852.4:c.1624G>T,NP_001843.1:p.Val542Leu,0.105,24.2,['Unknown%20significance'],107.48,0.62,0.0,0.1,0.1
COL9A2,1,40302789,NM_001852.4:c.1624G>C,NP_001843.1:p.Val542Leu,0.400,24.4,['Unknown%20significance'],107.48,0.62,0.0,0.1,0.1
COL9A2,1,40302789,NM_001852.4:c.1624G>A,NP_001843.1:p.Val542Met,0.417,24.5,['Unknown%20significance'],107.48,0.62,0.0,0.2,0.2
COL9A2,1,40302791,NM_001852.4:c.1622C>T,NP_001843.1:p.Ala541Val,0.660,27.7,['Unknown%20significance'],64.57,0.5,0.0,-0.3,0.3
COL9A2,1,40302791,NM_001852.4:c.1622C>A,NP_001843.1:p.Ala541Asp,0.792,28.4,['Unknown%20significance'],64.57,0.5,0.0,0.7,0.7
COL9A2,1,40302792,NM_001852.4:c.1621G>T,NP_001843.1:p.Ala541Ser,0.621,24.5,['Unknown%20significance'],64.57,0.5,0.0,0.3,0.3
COL9A2,1,40302792,NM_001852.4:c.1621G>C,NP_001843.1:p.Ala541Pro,0.756,25.4,['Unknown%20significance'],64.57,0.5,0.0,0.4,0.4
COL9A2,1,40302792,NM_001852.4:c.1621G>A,NP_001843.1:p.Ala541Thr,0.681,25.3,['Unknown%20significance'],64.57,0.5,0.0,0.0,0.0
COL9A2,1,40302794,NM_001852.4:c.1619T>G,NP_001843.1:p.Val540Gly,0.555,26.8,['Unknown%20significance'],101.73,0.59,0.0,1.2,1.2
COL9A2,1,40302794,NM_001852.4:c.1619T>C,NP_001843.1:p.Val540Ala,0.490,24.0,['Unknown%20significance'],101.73,0.59,0.0,0.7,0.7
COL9A2,1,40302794,NM_001852.4:c.1619T>A,NP_001843.1:p.Val540Asp,0.618,27.4,['Unknown%20significance'],101.73,0.59,0.0,1.1,1.1
COL9A2,1,40302795,NM_001852.4:c.1618G>T,NP_001843.1:p.Val540Phe,0.567,23.7,['Unknown%20significance'],101.73,0.59,0.0,0.1,0.1
COL9A2,1,40302795,NM_001852.4:c.1618G>A,NP_001843.1:p.Val540Ile,0.342,21.9,['Unknown%20significance'],101.73,0.59,0.0,-0.1,0.1
COL9A2,1,40302796,NM_001852.4:c.1617G>T,NP_001843.1:p.Glu539Asp,0.308,22.1,['Unknown%20significance'],103.21,0.52,0.0,0.2,0.2
COL9A2,1,40302796,NM_001852.4:c.1617G>C,NP_001843.1:p.Glu539Asp,0.308,22.1,['Unknown%20significance'],103.21,0.52,0.0,0.2,0.2
COL9A2,1,40302797,NM_001852.4:c.1616A>T,NP_001843.1:p.Glu539Val,0.410,26.2,['Unknown%20significance'],103.21,0.52,0.0,-0.6,0.6
COL9A2,1,40302797,NM_001852.4:c.1616A>G,NP_001843.1:p.Glu539Gly,0.382,27.3,['Unknown%20significance'],103.21,0.52,0.0,0.3,0.3
COL9A2,1,40302800,NM_001852.4:c.1613C>T,NP_001843.1:p.Ala538Val,0.722,28.0,['Unknown%20significance'],62.4,0.49,0.0,-0.4,0.4
COL9A2,1,40302800,NM_001852.4:c.1613C>A,NP_001843.1:p.Ala538Glu,0.770,27.3,['Unknown%20significance'],62.4,0.49,0.0,0.5,0.5
COL9A2,1,40302801,NM_001852.4:c.1612G>A,NP_001843.1:p.Ala538Thr,0.656,25.9,['Unknown%20significance'],62.4,0.49,0.0,0.0,0.0
COL9A2,1,40302803,NM_001852.4:c.1610T>G,NP_001843.1:p.Leu537Arg,0.723,28.4,['Unknown%20significance'],110.04,0.57,0.0,0.5,0.5
COL9A2,1,40302803,NM_001852.4:c.1610T>A,NP_001843.1:p.Leu537Gln,0.712,28.2,['Unknown%20significance'],110.04,0.57,0.0,0.7,0.7
COL9A2,1,40302804,NM_001852.4:c.1609C>A,NP_001843.1:p.Leu537Met,0.606,24.9,['Unknown%20significance'],110.04,0.57,0.0,0.2,0.2
COL9A2,1,40302807,NM_001852.4:c.1606C>A,NP_001843.1:p.Gln536Lys,0.422,22.6,['Unknown%20significance'],106.55,0.53,0.0,0.3,0.3
COL9A2,1,40302808,NM_001852.4:c.1605G>T,NP_001843.1:p.Glu535Asp,0.506,23.5,['Unknown%20significance'],90.3,0.46,0.0,0.1,0.1
COL9A2,1,40302809,NM_001852.4:c.1604A>G,NP_001843.1:p.Glu535Gly,0.621,28.3,['Unknown%20significance'],90.3,0.46,0.0,0.3,0.3
COL9A2,1,40303140,NM_001852.4:c.1594A>G,NP_001843.1:p.Met532Val,0.528,23.3,['Unknown%20significance'],86.29,0.39,0.0,0.1,0.1
COL9A2,1,40303141,NM_001852.4:c.1593G>T,NP_001843.1:p.Lys531Asn,0.538,28.2,['Unknown%20significance'],154.71,0.65,0.0,-0.1,0.1
COL9A2,1,40303148,NM_001852.4:c.1586C>T,NP_001843.1:p.Ala529Val,0.278,19.45,['Likely%20benign'],38.82,0.3,0.0,-0.5,0.5
COL9A2,1,40303149,NM_001852.4:c.1585G>A,NP_001843.1:p.Ala529Thr,0.299,23.5,['Unknown%20significance'],38.82,0.3,0.0,-0.1,0.1
COL9A2,1,40303152,NM_001852.4:c.1582G>A,NP_001843.1:p.Val528Met,0.603,25.9,['Unknown%20significance'],73.57,0.42,0.0,0.2,0.2
COL9A2,1,40303154,NM_001852.4:c.1580A>G,NP_001843.1:p.Asp527Gly,0.405,24.7,['Unknown%20significance'],55.26,0.34,0.0,0.4,0.4
COL9A2,1,40303155,NM_001852.4:c.1579G>C,NP_001843.1:p.Asp527His,0.398,26.0,['Unknown%20significance'],55.26,0.34,0.0,-0.5,0.5
COL9A2,1,40303155,NM_001852.4:c.1579G>A,NP_001843.1:p.Asp527Asn,0.258,22.4,['Unknown%20significance'],55.26,0.34,0.0,-0.2,0.2
COL9A2,1,40303158,NM_001852.4:c.1576G>A,NP_001843.1:p.Val526Met,0.275,20.2,['Unknown%20significance'],80.73,0.46,0.0,0.3,0.3
COL9A2,1,40303159,NM_001852.4:c.1575C>G,NP_001843.1:p.Ile525Met,0.581,23.0,['Unknown%20significance'],78.47,0.4,0.0,0.3,0.3
COL9A2,1,40303161,NM_001852.4:c.1573A>T,NP_001843.1:p.Ile525Phe,0.727,27.8,['Unknown%20significance'],78.47,0.4,0.0,0.3,0.3
COL9A2,1,40303161,NM_001852.4:c.1573A>G,NP_001843.1:p.Ile525Val,0.578,24.1,['Unknown%20significance'],78.47,0.4,0.0,0.2,0.2
COL9A2,1,40303161,NM_001852.4:c.1573A>C,NP_001843.1:p.Ile525Leu,0.641,28.1,['Unknown%20significance'],78.47,0.4,0.0,0.2,0.2
COL9A2,1,40303164,NM_001852.4:c.1570C>T,NP_001843.1:p.His524Tyr,0.706,28.0,['Unknown%20significance'],49.04,0.23,0.0,-0.8,0.8
COL9A2,1,40303165,NM_001852.4:c.1569G>C,NP_001843.1:p.Gln523His,0.631,25.3,['Unknown%20significance'],118.8,0.6,0.0,-0.2,0.2
COL9A2,1,40303167,NM_001852.4:c.1567C>G,NP_001843.1:p.Gln523Glu,0.609,24.7,['Unknown%20significance'],118.8,0.6,0.0,0.3,0.3
COL9A2,1,40303167,NM_001852.4:c.1567C>A,NP_001843.1:p.Gln523Lys,0.749,28.6,['Unknown%20significance'],118.8,0.6,0.0,0.3,0.3
COL9A2,1,40303168,NM_001852.4:c.1566C>A,NP_001843.1:p.Asp522Glu,0.554,25.0,['Unknown%20significance'],136.64,0.85,0.0,0.0,0.0
COL9A2,1,40303170,NM_001852.4:c.1564G>T,NP_001843.1:p.Asp522Tyr,0.705,27.3,['Unknown%20significance'],136.64,0.85,0.0,-0.2,0.2
COL9A2,1,40303170,NM_001852.4:c.1564G>C,NP_001843.1:p.Asp522His,0.628,26.1,['Unknown%20significance'],136.64,0.85,0.0,-0.1,0.1
COL9A2,1,40303170,NM_001852.4:c.1564G>A,NP_001843.1:p.Asp522Asn,0.456,28.3,['Unknown%20significance'],136.64,0.85,0.0,-0.0,0.0
COL9A2,1,40303172,NM_001852.4:c.1562C>T,NP_001843.1:p.Thr521Ile,0.301,24.1,['Unknown%20significance'],69.86,0.44,0.0,-0.2,0.2
COL9A2,1,40303173,NM_001852.4:c.1561A>G,NP_001843.1:p.Thr521Ala,0.267,22.4,['Unknown%20significance'],69.86,0.44,0.0,0.4,0.4
COL9A2,1,40303175,NM_001852.4:c.1559C>T,NP_001843.1:p.Ala520Val,0.391,24.3,['Unknown%20significance'],87.44,0.68,0.0,-0.1,0.1
COL9A2,1,40303175,NM_001852.4:c.1559C>A,NP_001843.1:p.Ala520Asp,0.514,26.3,['Unknown%20significance'],87.44,0.68,0.0,0.3,0.3
COL9A2,1,40303179,NM_001852.4:c.1555G>T,NP_001843.1:p.Asp519Tyr,0.579,25.8,['Unknown%20significance'],111.41,0.69,0.0,-0.4,0.4
COL9A2,1,40303179,NM_001852.4:c.1555G>C,NP_001843.1:p.Asp519His,0.405,25.3,['Unknown%20significance'],111.41,0.69,0.0,-0.1,0.1
COL9A2,1,40303179,NM_001852.4:c.1555G>A,NP_001843.1:p.Asp519Asn,0.247,22.5,['Unknown%20significance'],111.41,0.69,0.0,-0.1,0.1
COL9A2,1,40303181,NM_001852.4:c.1553G>T,NP_001843.1:p.Arg518Leu,0.673,26.0,['Unknown%20significance'],169.47,0.62,0.0,0.0,0.0
COL9A2,1,40303181,NM_001852.4:c.1553G>C,NP_001843.1:p.Arg518Pro,0.578,24.6,['Unknown%20significance'],169.47,0.62,0.0,0.6,0.6
COL9A2,1,40303181,NM_001852.4:c.1553G>A,NP_001843.1:p.Arg518Gln,0.448,26.9,['Unknown%20significance'],169.47,0.62,0.0,0.3,0.3
COL9A2,1,40303182,NM_001852.4:c.1552C>T,NP_001843.1:p.Arg518Trp,0.727,30,['Unknown%20significance'],169.47,0.62,0.0,-0.1,0.1
COL9A2,1,40303182,NM_001852.4:c.1552C>G,NP_001843.1:p.Arg518Gly,0.620,27.6,['Unknown%20significance'],169.47,0.62,0.0,0.9,0.9
COL9A2,1,40303184,NM_001852.4:c.1550G>T,NP_001843.1:p.Gly517Val,0.854,31,['Unknown%20significance'],64.59,0.67,0.0,0.2,0.2
COL9A2,1,40303184,NM_001852.4:c.1550G>C,NP_001843.1:p.Gly517Ala,0.854,29.9,['Unknown%20significance'],64.59,0.67,0.0,0.2,0.2
COL9A2,1,40303184,NM_001852.4:c.1550G>A,NP_001843.1:p.Gly517Asp,0.885,32,['Unknown%20significance'],64.59,0.67,0.0,0.4,0.4
COL9A2,1,40303185,NM_001852.4:c.1549G>A,NP_001843.1:p.Gly517Ser,0.855,33,['Unknown%20significance'],64.59,0.67,0.0,0.2,0.2
COL9A2,1,40303532,NM_001852.4:c.1546G>C,NP_001843.1:p.Glu516Gln,0.181,14.28,['Likely%20benign'],179.38,0.91,0.0,-0.1,0.1
COL9A2,1,40303534,NM_001852.4:c.1544T>G,NP_001843.1:p.Val515Gly,0.370,23.2,['Unknown%20significance'],174.29,1.0,0.0,0.2,0.2
COL9A2,1,40303534,NM_001852.4:c.1544T>A,NP_001843.1:p.Val515Glu,0.305,22.7,['Unknown%20significance'],174.29,1.0,0.0,0.1,0.1
COL9A2,1,40303535,NM_001852.4:c.1543G>T,NP_001843.1:p.Val515Leu,0.281,16.20,['Unknown%20significance'],174.29,1.0,0.0,0.0,0.0
COL9A2,1,40303535,NM_001852.4:c.1543G>C,NP_001843.1:p.Val515Leu,0.281,16.16,['Unknown%20significance'],174.29,1.0,0.0,0.0,0.0
COL9A2,1,40303535,NM_001852.4:c.1543G>A,NP_001843.1:p.Val515Met,0.303,18.01,['Unknown%20significance'],174.29,1.0,0.0,0.0,0.0
COL9A2,1,40303537,NM_001852.4:c.1541G>A,NP_001843.1:p.Gly514Asp,0.913,24.6,['Unknown%20significance'],68.73,0.72,0.0,0.3,0.3
COL9A2,1,40303538,NM_001852.4:c.1540G>C,NP_001843.1:p.Gly514Arg,0.846,24.7,['Unknown%20significance'],68.73,0.72,0.0,0.1,0.1
COL9A2,1,40303538,NM_001852.4:c.1540G>A,NP_001843.1:p.Gly514Ser,0.828,24.6,['Unknown%20significance'],68.73,0.72,0.0,0.2,0.2
COL9A2,1,40303540,NM_001852.4:c.1538A>G,NP_001843.1:p.Gln513Arg,0.528,19.66,['Unknown%20significance'],199.53,1.0,0.0,-0.0,0.0
COL9A2,1,40303541,NM_001852.4:c.1537C>G,NP_001843.1:p.Gln513Glu,0.346,22.8,['Unknown%20significance'],199.53,1.0,0.0,0.1,0.1
COL9A2,1,40303541,NM_001852.4:c.1537C>A,NP_001843.1:p.Gln513Lys,0.625,24.0,['Unknown%20significance'],199.53,1.0,0.0,0.1,0.1
COL9A2,1,40303543,NM_001852.4:c.1535G>A,NP_001843.1:p.Arg512Lys,0.282,14.70,['Unknown%20significance'],231.07,0.85,0.0,0.2,0.2
COL9A2,1,40303544,NM_001852.4:c.1534A>G,NP_001843.1:p.Arg512Gly,0.384,22.4,['Unknown%20significance'],231.07,0.85,0.0,0.4,0.4
COL9A2,1,40303547,NM_001852.4:c.1531G>T,NP_001843.1:p.Gly511Trp,0.901,26.0,['Unknown%20significance'],80.83,0.84,0.0,0.0,0.0
COL9A2,1,40303547,NM_001852.4:c.1531G>C,NP_001843.1:p.Gly511Arg,0.893,25.2,['Unknown%20significance'],80.83,0.84,0.0,0.1,0.1
COL9A2,1,40303547,NM_001852.4:c.1531G>A,NP_001843.1:p.Gly511Arg,0.926,25.4,['Unknown%20significance'],80.83,0.84,0.0,0.1,0.1
COL9A2,1,40303549,NM_001852.4:c.1529C>T,NP_001843.1:p.Pro510Leu,0.721,25.3,['Unknown%20significance'],138.32,0.87,0.0,0.0,0.0
COL9A2,1,40303549,NM_001852.4:c.1529C>G,NP_001843.1:p.Pro510Arg,0.576,23.6,['Unknown%20significance'],138.32,0.87,0.0,-0.1,0.1
COL9A2,1,40303550,NM_001852.4:c.1528C>T,NP_001843.1:p.Pro510Ser,0.569,23.8,['Unknown%20significance'],138.32,0.87,0.0,0.0,0.0
COL9A2,1,40303550,NM_001852.4:c.1528C>A,NP_001843.1:p.Pro510Thr,0.567,23.6,['Unknown%20significance'],138.32,0.87,0.0,-0.0,0.0
COL9A2,1,40303552,NM_001852.4:c.1526A>G,NP_001843.1:p.Gln509Arg,0.274,14.95,['Likely%20benign'],159.29,0.8,0.0,-0.1,0.1
COL9A2,1,40303552,NM_001852.4:c.1526A>C,NP_001843.1:p.Gln509Pro,0.249,10.26,['Likely%20benign'],159.29,0.8,0.0,0.1,0.1
COL9A2,1,40303555,NM_001852.4:c.1523G>A,NP_001843.1:p.Gly508Glu,0.877,24.4,['Unknown%20significance'],68.38,0.71,0.0,0.4,0.4
COL9A2,1,40303558,NM_001852.4:c.1520C>T,NP_001843.1:p.Pro507Leu,0.628,25.7,['Unknown%20significance'],107.48,0.68,0.0,0.0,0.0
COL9A2,1,40303558,NM_001852.4:c.1520C>G,NP_001843.1:p.Pro507Arg,0.621,24.8,['Unknown%20significance'],107.48,0.68,0.0,-0.1,0.1
COL9A2,1,40303558,NM_001852.4:c.1520C>A,NP_001843.1:p.Pro507Gln,0.579,24.8,['Unknown%20significance'],107.48,0.68,0.0,0.1,0.1
COL9A2,1,40303559,NM_001852.4:c.1519C>T,NP_001843.1:p.Pro507Ser,0.564,24.4,['Unknown%20significance'],107.48,0.68,0.0,0.1,0.1
COL9A2,1,40303559,NM_001852.4:c.1519C>A,NP_001843.1:p.Pro507Thr,0.556,22.9,['Unknown%20significance'],107.48,0.68,0.0,0.0,0.0
COL9A2,1,40303561,NM_001852.4:c.1517T>G,NP_001843.1:p.Val506Gly,0.177,22.3,['Unknown%20significance'],170.47,0.99,0.0,0.2,0.2
COL9A2,1,40303562,NM_001852.4:c.1516G>C,NP_001843.1:p.Val506Leu,0.278,0.158,['Unknown%20significance'],170.47,0.99,0.0,0.0,0.0
COL9A2,1,40303562,NM_001852.4:c.1516G>A,NP_001843.1:p.Val506Met,0.318,7.491,['Unknown%20significance'],170.47,0.99,0.0,0.0,0.0
COL9A2,1,40303564,NM_001852.4:c.1514G>A,NP_001843.1:p.Gly505Asp,0.837,24.0,['Unknown%20significance'],64.34,0.67,0.0,0.6,0.6
COL9A2,1,40303565,NM_001852.4:c.1513G>T,NP_001843.1:p.Gly505Cys,0.839,24.6,['Unknown%20significance'],64.34,0.67,0.0,0.6,0.6
COL9A2,1,40303565,NM_001852.4:c.1513G>A,NP_001843.1:p.Gly505Ser,0.788,24.1,['Unknown%20significance'],64.34,0.67,0.0,0.4,0.4
COL9A2,1,40303567,NM_001852.4:c.1511G>T,NP_001843.1:p.Arg504Leu,0.738,22.7,['Unknown%20significance'],243.12,0.9,0.0,0.1,0.1
COL9A2,1,40303567,NM_001852.4:c.1511G>C,NP_001843.1:p.Arg504Pro,0.592,22.7,['Unknown%20significance'],243.12,0.9,0.0,0.2,0.2
COL9A2,1,40303567,NM_001852.4:c.1511G>A,NP_001843.1:p.Arg504Gln,0.514,21.9,['Unknown%20significance'],243.12,0.9,0.0,0.1,0.1
COL9A2,1,40303571,NM_001852.4:c.1507A>T,NP_001843.1:p.Asn503Tyr,0.284,18.88,['Likely%20benign'],167.85,1.0,0.0,-0.1,0.1
COL9A2,1,40303571,NM_001852.4:c.1507A>G,NP_001843.1:p.Asn503Asp,0.240,5.367,['Likely%20benign'],167.85,1.0,0.0,0.0,0.0
COL9A2,1,40303574,NM_001852.4:c.1504G>A,NP_001843.1:p.Gly502Arg,0.908,23.5,['Unknown%20significance'],76.28,0.8,0.0,0.2,0.2
COL9A2,1,40303576,NM_001852.4:c.1502C>T,NP_001843.1:p.Ala501Val,0.185,7.504,['Likely%20benign'],105.68,0.83,0.0,-0.1,0.1
COL9A2,1,40303577,NM_001852.4:c.1501G>C,NP_001843.1:p.Ala501Pro,0.235,20.9,['Unknown%20significance'],105.68,0.83,0.0,-0.0,0.0
COL9A2,1,40303577,NM_001852.4:c.1501G>A,NP_001843.1:p.Ala501Thr,0.199,14.93,['Likely%20benign'],105.68,0.83,0.0,-0.1,0.1
COL9A2,1,40303582,NM_001852.4:c.1496G>T,NP_001843.1:p.Gly499Val,0.981,25.6,['Unknown%20significance'],65.86,0.69,0.0,0.4,0.4
COL9A2,1,40303582,NM_001852.4:c.1496G>A,NP_001843.1:p.Gly499Glu,0.985,25.6,['Unknown%20significance'],65.86,0.69,0.0,0.5,0.5
COL9A2,1,40303585,NM_001852.4:c.1493G>A,NP_001843.1:p.Arg498Gln,0.584,26.2,['Unknown%20significance'],248.7,0.92,0.0,0.1,0.1
COL9A2,1,40303588,NM_001852.4:c.1490C>A,NP_001843.1:p.Pro497His,0.814,26.0,['Unknown%20significance'],158.84,1.0,0.0,0.1,0.1
COL9A2,1,40303589,NM_001852.4:c.1489C>T,NP_001843.1:p.Pro497Ser,0.576,24.3,['Unknown%20significance'],158.84,1.0,0.0,0.1,0.1
COL9A2,1,40303591,NM_001852.4:c.1487G>A,NP_001843.1:p.Gly496Asp,0.960,24.5,['Unknown%20significance'],68.64,0.71,0.0,0.5,0.5
COL9A2,1,40303592,NM_001852.4:c.1486G>C,NP_001843.1:p.Gly496Arg,0.960,24.5,['Unknown%20significance'],68.64,0.71,0.0,0.3,0.3
COL9A2,1,40303592,NM_001852.4:c.1486G>A,NP_001843.1:p.Gly496Ser,0.969,24.4,['Unknown%20significance'],68.64,0.71,0.0,0.4,0.4
COL9A2,1,40303594,NM_001852.4:c.1484C>T,NP_001843.1:p.Pro495Leu,0.716,24.8,['Unknown%20significance'],152.43,0.96,0.0,-0.0,0.0
COL9A2,1,40303595,NM_001852.4:c.1483C>A,NP_001843.1:p.Pro495Thr,0.586,24.0,['Unknown%20significance'],152.43,0.96,0.0,-0.0,0.0
COL9A2,1,40303597,NM_001852.4:c.1481C>T,NP_001843.1:p.Pro494Leu,0.333,0.552,['Likely%20benign'],154.61,0.98,0.0,0.0,0.0
COL9A2,1,40303598,NM_001852.4:c.1480C>T,NP_001843.1:p.Pro494Ser,0.288,14.13,['Likely%20benign'],154.61,0.98,0.0,0.1,0.1
COL9A2,1,40303598,NM_001852.4:c.1480C>G,NP_001843.1:p.Pro494Ala,0.418,14.41,['Unknown%20significance'],154.61,0.98,0.0,0.1,0.1
COL9A2,1,40303598,NM_001852.4:c.1480C>A,NP_001843.1:p.Pro494Thr,0.367,18.94,['Unknown%20significance'],154.61,0.98,0.0,0.0,0.0
COL9A2,1,40303601,NM_001852.4:c.1477G>A,NP_001843.1:p.Gly493Ser,0.943,23.9,['Unknown%20significance'],57.95,0.6,0.0,0.4,0.4
COL9A2,1,40303604,NM_001852.4:c.1474C>G,NP_001843.1:p.Pro492Ala,0.602,22.3,['Unknown%20significance'],145.21,0.92,0.0,0.1,0.1
COL9A2,1,40303604,NM_001852.4:c.1474C>A,NP_001843.1:p.Pro492Thr,0.630,22.9,['Unknown%20significance'],145.21,0.92,0.0,-0.0,0.0
COL9A2,1,40303609,NM_001852.4:c.1469G>A,NP_001843.1:p.Gly490Asp,0.912,25.8,['Unknown%20significance'],56.67,0.59,0.0,0.7,0.7
COL9A2,1,40303610,NM_001852.4:c.1468G>A,NP_001843.1:p.Gly490Ser,0.826,25.8,['Unknown%20significance'],56.67,0.59,0.0,0.5,0.5
COL9A2,1,40303615,NM_001852.4:c.1463T>C,NP_001843.1:p.Val488Ala,0.242,16.30,['Likely%20benign'],175.66,1.0,0.0,0.1,0.1
COL9A2,1,40303615,NM_001852.4:c.1463T>A,NP_001843.1:p.Val488Asp,0.176,13.32,['Likely%20benign'],175.66,1.0,0.0,0.1,0.1
COL9A2,1,40303616,NM_001852.4:c.1462G>A,NP_001843.1:p.Val488Ile,0.098,8.954,['Likely%20benign'],175.66,1.0,0.0,-0.0,0.0
COL9A2,1,40303618,NM_001852.4:c.1460G>C,NP_001843.1:p.Gly487Ala,0.960,25.5,['Unknown%20significance'],78.11,0.81,0.0,0.2,0.2
COL9A2,1,40303618,NM_001852.4:c.1460G>A,NP_001843.1:p.Gly487Glu,0.974,26.2,['Unknown%20significance'],78.11,0.81,0.0,0.4,0.4
COL9A2,1,40303619,NM_001852.4:c.1459G>T,NP_001843.1:p.Gly487Trp,0.966,29.2,['Unknown%20significance'],78.11,0.81,0.0,0.1,0.1
COL9A2,1,40303621,NM_001852.4:c.1457C>G,NP_001843.1:p.Pro486Arg,0.741,27.6,['Unknown%20significance'],148.9,0.94,0.0,-0.0,0.0
COL9A2,1,40303621,NM_001852.4:c.1457C>A,NP_001843.1:p.Pro486Gln,0.727,25.0,['Unknown%20significance'],148.9,0.94,0.0,0.0,0.0
COL9A2,1,40303622,NM_001852.4:c.1456C>A,NP_001843.1:p.Pro486Thr,0.708,27.4,['Unknown%20significance'],148.9,0.94,0.0,-0.0,0.0
COL9A2,1,40303624,NM_001852.4:c.1454C>T,NP_001843.1:p.Ala485Val,0.289,23.7,['Unknown%20significance'],121.19,0.95,0.0,-0.0,0.0
COL9A2,1,40303625,NM_001852.4:c.1453G>T,NP_001843.1:p.Ala485Ser,0.240,16.20,['Unknown%20significance'],121.19,0.95,0.0,-0.0,0.0
COL9A2,1,40303625,NM_001852.4:c.1453G>A,NP_001843.1:p.Ala485Thr,0.233,22.3,['Unknown%20significance'],121.19,0.95,0.0,-0.0,0.0
COL9A2,1,40303627,NM_001852.4:c.1451G>T,NP_001843.1:p.Gly484Val,0.986,25.0,['Unknown%20significance'],71.49,0.74,0.0,0.4,0.4
COL9A2,1,40303628,NM_001852.4:c.1450G>A,NP_001843.1:p.Gly484Ser,0.977,25.9,['Unknown%20significance'],71.49,0.74,0.0,0.3,0.3
COL9A2,1,40303630,NM_001852.4:c.1448C>T,NP_001843.1:p.Ala483Val,0.353,24.1,['Unknown%20significance'],114.19,0.89,0.0,-0.1,0.1
COL9A2,1,40303630,NM_001852.4:c.1448C>G,NP_001843.1:p.Ala483Gly,0.406,24.6,['Unknown%20significance'],114.19,0.89,0.0,0.1,0.1
COL9A2,1,40303630,NM_001852.4:c.1448C>A,NP_001843.1:p.Ala483Glu,0.386,23.8,['Unknown%20significance'],114.19,0.89,0.0,0.0,0.0
COL9A2,1,40303631,NM_001852.4:c.1447G>T,NP_001843.1:p.Ala483Ser,0.293,22.9,['Unknown%20significance'],114.19,0.89,0.0,-0.0,0.0
COL9A2,1,40303631,NM_001852.4:c.1447G>A,NP_001843.1:p.Ala483Thr,0.272,23.5,['Unknown%20significance'],114.19,0.89,0.0,-0.1,0.1
COL9A2,1,40303633,NM_001852.4:c.1445A>G,NP_001843.1:p.Asp482Gly,0.615,25.6,['Unknown%20significance'],171.51,1.0,0.0,0.1,0.1
COL9A2,1,40303634,NM_001852.4:c.1444G>T,NP_001843.1:p.Asp482Tyr,0.652,26.5,['Unknown%20significance'],171.51,1.0,0.0,-0.1,0.1
COL9A2,1,40303636,NM_001852.4:c.1442G>T,NP_001843.1:p.Gly481Val,0.981,26.2,['Unknown%20significance'],74.25,0.77,0.0,0.4,0.4
COL9A2,1,40303636,NM_001852.4:c.1442G>A,NP_001843.1:p.Gly481Glu,0.990,26.6,['Unknown%20significance'],74.25,0.77,0.0,0.5,0.5
COL9A2,1,40303637,NM_001852.4:c.1441G>T,NP_001843.1:p.Gly481Trp,0.985,29.2,['Unknown%20significance'],74.25,0.77,0.0,0.1,0.1
COL9A2,1,40303637,NM_001852.4:c.1441G>A,NP_001843.1:p.Gly481Arg,0.984,27.9,['Unknown%20significance'],74.25,0.77,0.0,0.3,0.3
COL9A2,1,40303638,NM_001852.4:c.1440C>A,NP_001843.1:p.Ser480Arg,0.339,20.9,['Unknown%20significance'],121.06,0.87,0.0,-0.1,0.1
COL9A2,1,40303639,NM_001852.4:c.1439G>T,NP_001843.1:p.Ser480Ile,0.378,24.4,['Unknown%20significance'],121.06,0.87,0.0,-0.0,0.0
COL9A2,1,40303639,NM_001852.4:c.1439G>A,NP_001843.1:p.Ser480Asn,0.290,22.9,['Unknown%20significance'],121.06,0.87,0.0,0.0,0.0
COL9A2,1,40303642,NM_001852.4:c.1436C>T,NP_001843.1:p.Pro479Leu,0.747,28.0,['Unknown%20significance'],176.49,1.0,0.0,0.0,0.0
COL9A2,1,40303642,NM_001852.4:c.1436C>G,NP_001843.1:p.Pro479Arg,0.743,27.3,['Unknown%20significance'],176.49,1.0,0.0,0.0,0.0
COL9A2,1,40303642,NM_001852.4:c.1436C>A,NP_001843.1:p.Pro479His,0.728,27.4,['Unknown%20significance'],176.49,1.0,0.0,0.1,0.1
COL9A2,1,40303643,NM_001852.4:c.1435C>T,NP_001843.1:p.Pro479Ser,0.623,24.2,['Unknown%20significance'],176.49,1.0,0.0,0.1,0.1
COL9A2,1,40303643,NM_001852.4:c.1435C>A,NP_001843.1:p.Pro479Thr,0.627,24.1,['Unknown%20significance'],176.49,1.0,0.0,0.0,0.0
COL9A2,1,40303645,NM_001852.4:c.1433G>T,NP_001843.1:p.Gly478Val,0.979,26.1,['Unknown%20significance'],55.76,0.58,0.0,0.5,0.5
COL9A2,1,40303645,NM_001852.4:c.1433G>A,NP_001843.1:p.Gly478Asp,0.981,25.9,['Unknown%20significance'],55.76,0.58,0.0,0.7,0.7
COL9A2,1,40303646,NM_001852.4:c.1432G>T,NP_001843.1:p.Gly478Cys,0.969,27.1,['Unknown%20significance'],55.76,0.58,0.0,0.6,0.6
COL9A2,1,40303646,NM_001852.4:c.1432G>A,NP_001843.1:p.Gly478Ser,0.964,26.6,['Unknown%20significance'],55.76,0.58,0.0,0.5,0.5
COL9A2,1,40303648,NM_001852.4:c.1430C>A,NP_001843.1:p.Pro477His,0.380,23.3,['Unknown%20significance'],152.37,0.96,0.0,0.0,0.0
COL9A2,1,40303649,NM_001852.4:c.1429C>T,NP_001843.1:p.Pro477Ser,0.389,22.2,['Likely%20benign'],152.37,0.96,0.0,0.0,0.0
COL9A2,1,40303649,NM_001852.4:c.1429C>G,NP_001843.1:p.Pro477Ala,0.326,20.8,['Likely%20benign'],152.37,0.96,0.0,0.1,0.1
COL9A2,1,40303649,NM_001852.4:c.1429C>A,NP_001843.1:p.Pro477Thr,0.275,17.56,['Likely%20benign'],152.37,0.96,0.0,-0.0,0.0
COL9A2,1,40303651,NM_001852.4:c.1427A>T,NP_001843.1:p.Tyr476Phe,0.156,19.49,['Likely%20benign'],180.32,0.75,0.0,0.1,0.1
COL9A2,1,40303652,NM_001852.4:c.1426T>C,NP_001843.1:p.Tyr476His,0.188,22.2,['Likely%20benign'],180.32,0.75,0.0,0.3,0.3
COL9A2,1,40303654,NM_001852.4:c.1424G>T,NP_001843.1:p.Gly475Val,0.973,26.2,['Unknown%20significance'],37.53,0.39,0.0,0.6,0.6
COL9A2,1,40303654,NM_001852.4:c.1424G>A,NP_001843.1:p.Gly475Asp,0.977,26.3,['Unknown%20significance'],37.53,0.39,0.0,1.0,1.0
COL9A2,1,40303655,NM_001852.4:c.1423G>T,NP_001843.1:p.Gly475Cys,0.957,27.6,['Unknown%20significance'],37.53,0.39,0.0,0.8,0.8
COL9A2,1,40303655,NM_001852.4:c.1423G>C,NP_001843.1:p.Gly475Arg,0.959,26.6,['Unknown%20significance'],37.53,0.39,0.0,0.5,0.5
COL9A2,1,40303655,NM_001852.4:c.1423G>A,NP_001843.1:p.Gly475Ser,0.908,26.4,['Unknown%20significance'],37.53,0.39,0.0,0.6,0.6
COL9A2,1,40303657,NM_001852.4:c.1421C>T,NP_001843.1:p.Pro474Leu,0.277,20.8,['Unknown%20significance'],97.68,0.62,0.0,-0.1,0.1
COL9A2,1,40303657,NM_001852.4:c.1421C>A,NP_001843.1:p.Pro474His,0.355,23.2,['Unknown%20significance'],97.68,0.62,0.0,-0.0,0.0
COL9A2,1,40303658,NM_001852.4:c.1420C>T,NP_001843.1:p.Pro474Ser,0.351,15.90,['Likely%20benign'],97.68,0.62,0.0,0.0,0.0
COL9A2,1,40303658,NM_001852.4:c.1420C>G,NP_001843.1:p.Pro474Ala,0.241,14.61,['Likely%20benign'],97.68,0.62,0.0,0.2,0.2
COL9A2,1,40303658,NM_001852.4:c.1420C>A,NP_001843.1:p.Pro474Thr,0.244,14.37,['Likely%20benign'],97.68,0.62,0.0,-0.1,0.1
COL9A2,1,40303661,NM_001852.4:c.1417G>A,NP_001843.1:p.Glu473Lys,0.705,28.1,['Unknown%20significance'],115.25,0.59,0.0,0.0,0.0
COL9A2,1,40303663,NM_001852.4:c.1415G>T,NP_001843.1:p.Gly472Val,0.980,27.6,['Unknown%20significance'],28.53,0.29,0.0,0.8,0.8
COL9A2,1,40303663,NM_001852.4:c.1415G>A,NP_001843.1:p.Gly472Glu,0.982,26.3,['Unknown%20significance'],28.53,0.29,0.0,1.1,1.1
COL9A2,1,40303664,NM_001852.4:c.1414G>A,NP_001843.1:p.Gly472Arg,0.986,29.3,['Unknown%20significance'],28.53,0.29,0.0,0.6,0.6
COL9A2,1,40303666,NM_001852.4:c.1412G>T,NP_001843.1:p.Arg471Leu,0.568,23.7,['Unknown%20significance'],238.56,0.88,0.0,0.1,0.1
COL9A2,1,40303666,NM_001852.4:c.1412G>C,NP_001843.1:p.Arg471Pro,0.143,21.5,['Unknown%20significance'],238.56,0.88,0.0,0.2,0.2
COL9A2,1,40303666,NM_001852.4:c.1412G>A,NP_001843.1:p.Arg471His,0.336,22.6,['Unknown%20significance'],238.56,0.88,0.0,0.1,0.1
COL9A2,1,40303667,NM_001852.4:c.1411C>T,NP_001843.1:p.Arg471Cys,0.679,25.6,['Unknown%20significance'],238.56,0.88,0.0,0.3,0.3
COL9A2,1,40303667,NM_001852.4:c.1411C>A,NP_001843.1:p.Arg471Ser,0.366,23.7,['Unknown%20significance'],238.56,0.88,0.0,0.2,0.2
COL9A2,1,40303669,NM_001852.4:c.1409T>G,NP_001843.1:p.Val470Gly,0.503,24.0,['Unknown%20significance'],160.56,0.93,0.0,0.2,0.2
COL9A2,1,40303669,NM_001852.4:c.1409T>A,NP_001843.1:p.Val470Glu,0.497,23.2,['Unknown%20significance'],160.56,0.93,0.0,0.1,0.1
COL9A2,1,40303670,NM_001852.4:c.1408G>A,NP_001843.1:p.Val470Ile,0.177,14.99,['Unknown%20significance'],160.56,0.93,0.0,-0.0,0.0
COL9A2,1,40303672,NM_001852.4:c.1406G>T,NP_001843.1:p.Gly469Val,0.970,26.7,['Unknown%20significance'],49.92,0.52,0.0,0.5,0.5
COL9A2,1,40303672,NM_001852.4:c.1406G>A,NP_001843.1:p.Gly469Glu,0.971,25.5,['Unknown%20significance'],49.92,0.52,0.0,0.6,0.6
COL9A2,1,40303675,NM_001852.4:c.1403A>T,NP_001843.1:p.Gln468Leu,0.425,22.8,['Unknown%20significance'],195.37,0.98,0.0,0.0,0.0
COL9A2,1,40303675,NM_001852.4:c.1403A>G,NP_001843.1:p.Gln468Arg,0.382,21.0,['Unknown%20significance'],195.37,0.98,0.0,-0.1,0.1
COL9A2,1,40303676,NM_001852.4:c.1402C>A,NP_001843.1:p.Gln468Lys,0.484,22.6,['Unknown%20significance'],195.37,0.98,0.0,0.1,0.1
COL9A2,1,40303807,NM_001852.4:c.1401G>T,NP_001843.1:p.Gln467His,0.425,34,['Unknown%20significance'],206.36,1.0,0.0,0.0,0.0
COL9A2,1,40303808,NM_001852.4:c.1400A>T,NP_001843.1:p.Gln467Leu,0.468,25.5,['Unknown%20significance'],206.36,1.0,0.0,-0.0,0.0
COL9A2,1,40303808,NM_001852.4:c.1400A>G,NP_001843.1:p.Gln467Arg,0.383,23.3,['Unknown%20significance'],206.36,1.0,0.0,-0.0,0.0
COL9A2,1,40303809,NM_001852.4:c.1399C>G,NP_001843.1:p.Gln467Glu,0.182,22.3,['Unknown%20significance'],206.36,1.0,0.0,0.0,0.0
COL9A2,1,40303809,NM_001852.4:c.1399C>A,NP_001843.1:p.Gln467Lys,0.431,23.2,['Unknown%20significance'],206.36,1.0,0.0,0.1,0.1
COL9A2,1,40303811,NM_001852.4:c.1397G>T,NP_001843.1:p.Gly466Val,0.974,28.3,['Unknown%20significance'],52.4,0.54,0.0,0.5,0.5
COL9A2,1,40303811,NM_001852.4:c.1397G>C,NP_001843.1:p.Gly466Ala,0.969,24.7,['Unknown%20significance'],52.4,0.54,0.0,0.4,0.4
COL9A2,1,40303811,NM_001852.4:c.1397G>A,NP_001843.1:p.Gly466Glu,0.967,25.2,['Unknown%20significance'],52.4,0.54,0.0,0.6,0.6
COL9A2,1,40303812,NM_001852.4:c.1396G>A,NP_001843.1:p.Gly466Arg,0.990,26.6,['Unknown%20significance'],52.4,0.54,0.0,0.4,0.4
COL9A2,1,40303813,NM_001852.4:c.1395G>T,NP_001843.1:p.Lys465Asn,0.509,23.2,['Unknown%20significance'],232.28,0.98,0.0,-0.0,0.0
COL9A2,1,40303814,NM_001852.4:c.1394A>T,NP_001843.1:p.Lys465Met,0.810,27.0,['Unknown%20significance'],232.28,0.98,0.0,-0.1,0.1
COL9A2,1,40303814,NM_001852.4:c.1394A>G,NP_001843.1:p.Lys465Arg,0.452,23.4,['Unknown%20significance'],232.28,0.98,0.0,-0.1,0.1
COL9A2,1,40303815,NM_001852.4:c.1393A>G,NP_001843.1:p.Lys465Glu,0.658,26.3,['Unknown%20significance'],232.28,0.98,0.0,0.0,0.0
COL9A2,1,40303817,NM_001852.4:c.1391C>A,NP_001843.1:p.Pro464His,0.629,25.5,['Unknown%20significance'],160.99,1.0,0.0,0.0,0.0
COL9A2,1,40303818,NM_001852.4:c.1390C>T,NP_001843.1:p.Pro464Ser,0.515,23.6,['Unknown%20significance'],160.99,1.0,0.0,0.0,0.0
COL9A2,1,40303818,NM_001852.4:c.1390C>G,NP_001843.1:p.Pro464Ala,0.586,23.0,['Unknown%20significance'],160.99,1.0,0.0,0.1,0.1
COL9A2,1,40303818,NM_001852.4:c.1390C>A,NP_001843.1:p.Pro464Thr,0.563,23.9,['Unknown%20significance'],160.99,1.0,0.0,0.0,0.0
COL9A2,1,40303820,NM_001852.4:c.1388G>T,NP_001843.1:p.Gly463Val,0.947,24.7,['Unknown%20significance'],68.11,0.71,0.0,0.3,0.3
COL9A2,1,40303820,NM_001852.4:c.1388G>C,NP_001843.1:p.Gly463Ala,0.939,24.4,['Unknown%20significance'],68.11,0.71,0.0,0.3,0.3
COL9A2,1,40303820,NM_001852.4:c.1388G>A,NP_001843.1:p.Gly463Glu,0.959,24.9,['Unknown%20significance'],68.11,0.71,0.0,0.5,0.5
COL9A2,1,40303821,NM_001852.4:c.1387G>T,NP_001843.1:p.Gly463Trp,0.916,24.9,['Unknown%20significance'],68.11,0.71,0.0,0.1,0.1
COL9A2,1,40303821,NM_001852.4:c.1387G>A,NP_001843.1:p.Gly463Arg,0.974,24.4,['Unknown%20significance'],68.11,0.71,0.0,0.3,0.3
COL9A2,1,40303823,NM_001852.4:c.1385C>T,NP_001843.1:p.Pro462Leu,0.596,25.5,['Unknown%20significance'],150.1,0.95,0.0,-0.0,0.0
COL9A2,1,40303823,NM_001852.4:c.1385C>G,NP_001843.1:p.Pro462Arg,0.624,26.2,['Unknown%20significance'],150.1,0.95,0.0,-0.1,0.1
COL9A2,1,40303823,NM_001852.4:c.1385C>A,NP_001843.1:p.Pro462Gln,0.543,29.2,['Unknown%20significance'],150.1,0.95,0.0,0.0,0.0
COL9A2,1,40303824,NM_001852.4:c.1384C>T,NP_001843.1:p.Pro462Ser,0.631,24.4,['Unknown%20significance'],150.1,0.95,0.0,0.0,0.0
COL9A2,1,40303824,NM_001852.4:c.1384C>A,NP_001843.1:p.Pro462Thr,0.581,25.6,['Unknown%20significance'],150.1,0.95,0.0,-0.0,0.0
COL9A2,1,40303825,NM_001852.4:c.1383G>T,NP_001843.1:p.Glu461Asp,0.446,22.2,['Unknown%20significance'],198.28,1.0,0.0,-0.0,0.0
COL9A2,1,40303826,NM_001852.4:c.1382A>G,NP_001843.1:p.Glu461Gly,0.653,24.8,['Unknown%20significance'],198.28,1.0,0.0,0.1,0.1
COL9A2,1,40303827,NM_001852.4:c.1381G>A,NP_001843.1:p.Glu461Lys,0.648,22.8,['Unknown%20significance'],198.28,1.0,0.0,0.0,0.0
COL9A2,1,40303829,NM_001852.4:c.1379G>T,NP_001843.1:p.Gly460Val,0.972,24.4,['Unknown%20significance'],69.01,0.72,0.0,0.4,0.4
COL9A2,1,40303829,NM_001852.4:c.1379G>C,NP_001843.1:p.Gly460Ala,0.963,24.1,['Unknown%20significance'],69.01,0.72,0.0,0.3,0.3
COL9A2,1,40303829,NM_001852.4:c.1379G>A,NP_001843.1:p.Gly460Asp,0.972,24.5,['Unknown%20significance'],69.01,0.72,0.0,0.5,0.5
COL9A2,1,40303830,NM_001852.4:c.1378G>T,NP_001843.1:p.Gly460Cys,0.969,25.7,['Unknown%20significance'],69.01,0.72,0.0,0.5,0.5
COL9A2,1,40303830,NM_001852.4:c.1378G>A,NP_001843.1:p.Gly460Ser,0.943,25.3,['Unknown%20significance'],69.01,0.72,0.0,0.3,0.3
COL9A2,1,40303832,NM_001852.4:c.1376C>T,NP_001843.1:p.Ser459Phe,0.588,24.2,['Unknown%20significance'],122.17,0.88,0.0,-0.0,0.0
COL9A2,1,40303832,NM_001852.4:c.1376C>A,NP_001843.1:p.Ser459Tyr,0.657,24.0,['Unknown%20significance'],122.17,0.88,0.0,-0.1,0.1
COL9A2,1,40303833,NM_001852.4:c.1375T>C,NP_001843.1:p.Ser459Pro,0.455,23.1,['Unknown%20significance'],122.17,0.88,0.0,0.0,0.0
COL9A2,1,40303833,NM_001852.4:c.1375T>A,NP_001843.1:p.Ser459Thr,0.393,22.2,['Unknown%20significance'],122.17,0.88,0.0,-0.1,0.1
COL9A2,1,40303835,NM_001852.4:c.1373A>T,NP_001843.1:p.Glu458Val,0.284,22.3,['Likely%20benign'],202.86,1.0,0.0,-0.0,0.0
COL9A2,1,40303835,NM_001852.4:c.1373A>G,NP_001843.1:p.Glu458Gly,0.271,25.4,['Likely%20benign'],202.86,1.0,0.0,0.1,0.1
COL9A2,1,40303836,NM_001852.4:c.1372G>A,NP_001843.1:p.Glu458Lys,0.297,22.2,['Likely%20benign'],202.86,1.0,0.0,0.0,0.0
COL9A2,1,40303838,NM_001852.4:c.1370G>T,NP_001843.1:p.Gly457Val,0.928,26.3,['Unknown%20significance'],64.84,0.68,0.0,0.5,0.5
COL9A2,1,40303838,NM_001852.4:c.1370G>A,NP_001843.1:p.Gly457Asp,0.947,27.2,['Unknown%20significance'],64.84,0.68,0.0,0.5,0.5
COL9A2,1,40303839,NM_001852.4:c.1369G>T,NP_001843.1:p.Gly457Cys,0.920,31,['Unknown%20significance'],64.84,0.68,0.0,0.6,0.6
COL9A2,1,40303839,NM_001852.4:c.1369G>A,NP_001843.1:p.Gly457Ser,0.952,26.2,['Unknown%20significance'],64.84,0.68,0.0,0.4,0.4
COL9A2,1,40303928,NM_001852.4:c.1368G>T,NP_001843.1:p.Lys456Asn,0.508,34,['Unknown%20significance'],229.28,0.96,0.0,-0.0,0.0
COL9A2,1,40303929,NM_001852.4:c.1367A>G,NP_001843.1:p.Lys456Arg,0.455,29.4,['Unknown%20significance'],229.28,0.96,0.0,-0.1,0.1
COL9A2,1,40303931,NM_001852.4:c.1365G>T,NP_001843.1:p.Glu455Asp,0.386,23.9,['Unknown%20significance'],200.56,1.0,0.0,-0.0,0.0
COL9A2,1,40303933,NM_001852.4:c.1363G>A,NP_001843.1:p.Glu455Lys,0.672,29.0,['Unknown%20significance'],200.56,1.0,0.0,0.0,0.0
COL9A2,1,40303935,NM_001852.4:c.1361G>A,NP_001843.1:p.Gly454Asp,0.952,25.8,['Unknown%20significance'],65.02,0.68,0.0,0.5,0.5
COL9A2,1,40303936,NM_001852.4:c.1360G>T,NP_001843.1:p.Gly454Cys,0.968,26.6,['Unknown%20significance'],65.02,0.68,0.0,0.6,0.6
COL9A2,1,40303936,NM_001852.4:c.1360G>A,NP_001843.1:p.Gly454Ser,0.954,25.9,['Unknown%20significance'],65.02,0.68,0.0,0.4,0.4
COL9A2,1,40303937,NM_001852.4:c.1359A>T,NP_001843.1:p.Lys453Asn,0.545,23.9,['Unknown%20significance'],238.01,1.0,0.0,-0.0,0.0
COL9A2,1,40303937,NM_001852.4:c.1359A>C,NP_001843.1:p.Lys453Asn,0.545,24.0,['Unknown%20significance'],238.01,1.0,0.0,-0.0,0.0
COL9A2,1,40303938,NM_001852.4:c.1358A>G,NP_001843.1:p.Lys453Arg,0.519,24.2,['Unknown%20significance'],238.01,1.0,0.0,-0.1,0.1
COL9A2,1,40303940,NM_001852.4:c.1356G>T,NP_001843.1:p.Glu452Asp,0.313,22.3,['Unknown%20significance'],201.79,1.0,0.0,-0.0,0.0
COL9A2,1,40303941,NM_001852.4:c.1355A>G,NP_001843.1:p.Glu452Gly,0.619,26.7,['Unknown%20significance'],201.79,1.0,0.0,0.1,0.1
COL9A2,1,40303942,NM_001852.4:c.1354G>A,NP_001843.1:p.Glu452Lys,0.601,24.2,['Unknown%20significance'],201.79,1.0,0.0,0.0,0.0
COL9A2,1,40303944,NM_001852.4:c.1352G>T,NP_001843.1:p.Gly451Val,0.970,32,['Unknown%20significance'],79.8,0.83,0.0,0.3,0.3
COL9A2,1,40303944,NM_001852.4:c.1352G>A,NP_001843.1:p.Gly451Glu,0.960,26.2,['Unknown%20significance'],79.8,0.83,0.0,0.4,0.4
COL9A2,1,40303945,NM_001852.4:c.1351G>C,NP_001843.1:p.Gly451Arg,0.938,28.8,['Unknown%20significance'],79.8,0.83,0.0,0.2,0.2
COL9A2,1,40303945,NM_001852.4:c.1351G>A,NP_001843.1:p.Gly451Arg,0.938,29.5,['Unknown%20significance'],79.8,0.83,0.0,0.2,0.2
COL9A2,1,40303947,NM_001852.4:c.1349C>T,NP_001843.1:p.Pro450Leu,0.541,23.9,['Unknown%20significance'],152.4,0.96,0.0,-0.0,0.0
COL9A2,1,40303947,NM_001852.4:c.1349C>A,NP_001843.1:p.Pro450His,0.437,23.9,['Unknown%20significance'],152.4,0.96,0.0,0.0,0.0
COL9A2,1,40303948,NM_001852.4:c.1348C>T,NP_001843.1:p.Pro450Ser,0.497,23.1,['Unknown%20significance'],152.4,0.96,0.0,0.0,0.0
COL9A2,1,40303948,NM_001852.4:c.1348C>A,NP_001843.1:p.Pro450Thr,0.452,24.2,['Unknown%20significance'],152.4,0.96,0.0,-0.0,0.0
COL9A2,1,40303950,NM_001852.4:c.1346T>C,NP_001843.1:p.Leu449Pro,0.566,25.0,['Unknown%20significance'],203.25,1.0,0.0,0.1,0.1
COL9A2,1,40303950,NM_001852.4:c.1346T>A,NP_001843.1:p.Leu449His,0.569,24.0,['Unknown%20significance'],203.25,1.0,0.0,0.1,0.1
COL9A2,1,40303951,NM_001852.4:c.1345C>T,NP_001843.1:p.Leu449Phe,0.452,23.4,['Unknown%20significance'],203.25,1.0,0.0,0.0,0.0
COL9A2,1,40303951,NM_001852.4:c.1345C>A,NP_001843.1:p.Leu449Ile,0.362,23.2,['Unknown%20significance'],203.25,1.0,0.0,0.0,0.0
COL9A2,1,40303953,NM_001852.4:c.1343G>T,NP_001843.1:p.Gly448Val,0.936,26.2,['Unknown%20significance'],53.98,0.56,0.0,0.5,0.5
COL9A2,1,40303953,NM_001852.4:c.1343G>A,NP_001843.1:p.Gly448Asp,0.934,26.0,['Unknown%20significance'],53.98,0.56,0.0,0.7,0.7
COL9A2,1,40303954,NM_001852.4:c.1342G>T,NP_001843.1:p.Gly448Cys,0.926,28.5,['Unknown%20significance'],53.98,0.56,0.0,0.7,0.7
COL9A2,1,40303954,NM_001852.4:c.1342G>C,NP_001843.1:p.Gly448Arg,0.911,28.3,['Unknown%20significance'],53.98,0.56,0.0,0.4,0.4
COL9A2,1,40303954,NM_001852.4:c.1342G>A,NP_001843.1:p.Gly448Ser,0.873,27.5,['Unknown%20significance'],53.98,0.56,0.0,0.5,0.5
COL9A2,1,40303956,NM_001852.4:c.1340C>T,NP_001843.1:p.Ala447Val,0.267,22.6,['Unknown%20significance'],132.06,1.0,0.0,-0.0,0.0
COL9A2,1,40303956,NM_001852.4:c.1340C>A,NP_001843.1:p.Ala447Asp,0.322,23.3,['Unknown%20significance'],132.06,1.0,0.0,0.0,0.0
COL9A2,1,40303957,NM_001852.4:c.1339G>T,NP_001843.1:p.Ala447Ser,0.248,22.9,['Unknown%20significance'],132.06,1.0,0.0,-0.0,0.0
COL9A2,1,40303957,NM_001852.4:c.1339G>C,NP_001843.1:p.Ala447Pro,0.245,22.3,['Unknown%20significance'],132.06,1.0,0.0,-0.0,0.0
COL9A2,1,40303957,NM_001852.4:c.1339G>A,NP_001843.1:p.Ala447Thr,0.252,23.4,['Unknown%20significance'],132.06,1.0,0.0,-0.0,0.0
COL9A2,1,40303959,NM_001852.4:c.1337T>G,NP_001843.1:p.Val446Gly,0.521,25.0,['Unknown%20significance'],169.9,0.98,0.0,0.2,0.2
COL9A2,1,40303959,NM_001852.4:c.1337T>A,NP_001843.1:p.Val446Glu,0.496,22.9,['Unknown%20significance'],169.9,0.98,0.0,0.1,0.1
COL9A2,1,40303960,NM_001852.4:c.1336G>T,NP_001843.1:p.Val446Leu,0.346,22.7,['Unknown%20significance'],169.9,0.98,0.0,0.0,0.0
COL9A2,1,40303960,NM_001852.4:c.1336G>A,NP_001843.1:p.Val446Met,0.377,23.4,['Unknown%20significance'],169.9,0.98,0.0,-0.0,0.0
COL9A2,1,40303962,NM_001852.4:c.1334G>T,NP_001843.1:p.Gly445Val,0.883,24.0,['Unknown%20significance'],72.23,0.75,0.0,0.3,0.3
COL9A2,1,40303962,NM_001852.4:c.1334G>A,NP_001843.1:p.Gly445Glu,0.823,24.1,['Unknown%20significance'],72.23,0.75,0.0,0.4,0.4
COL9A2,1,40303963,NM_001852.4:c.1333G>T,NP_001843.1:p.Gly445Trp,0.878,24.3,['Unknown%20significance'],72.23,0.75,0.0,0.1,0.1
COL9A2,1,40303965,NM_001852.4:c.1331C>T,NP_001843.1:p.Pro444Leu,0.574,26.5,['Unknown%20significance'],170.72,1.0,0.0,0.0,0.0
COL9A2,1,40303965,NM_001852.4:c.1331C>G,NP_001843.1:p.Pro444Arg,0.542,24.8,['Unknown%20significance'],170.72,1.0,0.0,-0.0,0.0
COL9A2,1,40303965,NM_001852.4:c.1331C>A,NP_001843.1:p.Pro444Gln,0.457,23.3,['Unknown%20significance'],170.72,1.0,0.0,0.0,0.0
COL9A2,1,40303966,NM_001852.4:c.1330C>T,NP_001843.1:p.Pro444Ser,0.477,23.8,['Unknown%20significance'],170.72,1.0,0.0,0.0,0.0
COL9A2,1,40303966,NM_001852.4:c.1330C>G,NP_001843.1:p.Pro444Ala,0.433,23.1,['Unknown%20significance'],170.72,1.0,0.0,0.1,0.1
COL9A2,1,40303966,NM_001852.4:c.1330C>A,NP_001843.1:p.Pro444Thr,0.473,25.2,['Unknown%20significance'],170.72,1.0,0.0,0.0,0.0
COL9A2,1,40303967,NM_001852.4:c.1329C>G,NP_001843.1:p.Asp443Glu,0.427,20.1,['Unknown%20significance'],141.87,0.88,0.0,0.0,0.0
COL9A2,1,40303967,NM_001852.4:c.1329C>A,NP_001843.1:p.Asp443Glu,0.428,18.54,['Unknown%20significance'],141.87,0.88,0.0,0.0,0.0
COL9A2,1,40303968,NM_001852.4:c.1328A>G,NP_001843.1:p.Asp443Gly,0.598,25.1,['Unknown%20significance'],141.87,0.88,0.0,0.1,0.1
COL9A2,1,40303969,NM_001852.4:c.1327G>T,NP_001843.1:p.Asp443Tyr,0.534,26.1,['Unknown%20significance'],141.87,0.88,0.0,-0.2,0.2
COL9A2,1,40303969,NM_001852.4:c.1327G>A,NP_001843.1:p.Asp443Asn,0.421,24.0,['Unknown%20significance'],141.87,0.88,0.0,-0.0,0.0
COL9A2,1,40303971,NM_001852.4:c.1325G>A,NP_001843.1:p.Gly442Asp,0.881,24.5,['Unknown%20significance'],69.71,0.73,0.0,0.5,0.5
COL9A2,1,40303972,NM_001852.4:c.1324G>T,NP_001843.1:p.Gly442Cys,0.868,33,['Unknown%20significance'],69.71,0.73,0.0,0.5,0.5
COL9A2,1,40303972,NM_001852.4:c.1324G>C,NP_001843.1:p.Gly442Arg,0.868,32,['Unknown%20significance'],69.71,0.73,0.0,0.3,0.3
COL9A2,1,40303972,NM_001852.4:c.1324G>A,NP_001843.1:p.Gly442Ser,0.859,32,['Unknown%20significance'],69.71,0.73,0.0,0.3,0.3
COL9A2,1,40304065,NM_001852.4:c.1322T>C,NP_001843.1:p.Val441Ala,0.191,11.87,['Unknown%20significance'],132.71,0.77,0.0,0.2,0.2
COL9A2,1,40304065,NM_001852.4:c.1322T>A,NP_001843.1:p.Val441Glu,0.257,15.51,['Likely%20benign'],132.71,0.77,0.0,0.2,0.2
COL9A2,1,40304066,NM_001852.4:c.1321G>T,NP_001843.1:p.Val441Leu,0.209,14.89,['Unknown%20significance'],132.71,0.77,0.0,0.0,0.0
COL9A2,1,40304066,NM_001852.4:c.1321G>C,NP_001843.1:p.Val441Leu,0.209,13.93,['Unknown%20significance'],132.71,0.77,0.0,0.0,0.0
COL9A2,1,40304066,NM_001852.4:c.1321G>A,NP_001843.1:p.Val441Met,0.191,21.8,['Unknown%20significance'],132.71,0.77,0.0,-0.0,0.0
COL9A2,1,40304068,NM_001852.4:c.1319A>G,NP_001843.1:p.Lys440Arg,0.178,13.74,['Unknown%20significance'],246.54,1.0,0.0,-0.1,0.1
COL9A2,1,40304069,NM_001852.4:c.1318A>G,NP_001843.1:p.Lys440Glu,0.178,2.598,['Likely%20benign'],246.54,1.0,0.0,-0.0,0.0
COL9A2,1,40304071,NM_001852.4:c.1316G>T,NP_001843.1:p.Gly439Val,0.806,23.4,['Unknown%20significance'],63.43,0.66,0.0,0.4,0.4
COL9A2,1,40304071,NM_001852.4:c.1316G>C,NP_001843.1:p.Gly439Ala,0.829,23.1,['Unknown%20significance'],63.43,0.66,0.0,0.4,0.4
COL9A2,1,40304071,NM_001852.4:c.1316G>A,NP_001843.1:p.Gly439Asp,0.820,23.4,['Unknown%20significance'],63.43,0.66,0.0,0.5,0.5
COL9A2,1,40304072,NM_001852.4:c.1315G>T,NP_001843.1:p.Gly439Cys,0.839,23.9,['Unknown%20significance'],63.43,0.66,0.0,0.6,0.6
COL9A2,1,40304072,NM_001852.4:c.1315G>A,NP_001843.1:p.Gly439Ser,0.808,23.6,['Unknown%20significance'],63.43,0.66,0.0,0.4,0.4
COL9A2,1,40304074,NM_001852.4:c.1313G>T,NP_001843.1:p.Arg438Leu,0.503,23.6,['Unknown%20significance'],238.1,0.88,0.0,0.1,0.1
COL9A2,1,40304074,NM_001852.4:c.1313G>A,NP_001843.1:p.Arg438His,0.411,23.8,['Unknown%20significance'],238.1,0.88,0.0,0.1,0.1
COL9A2,1,40304075,NM_001852.4:c.1312C>T,NP_001843.1:p.Arg438Cys,0.701,24.9,['Unknown%20significance'],238.1,0.88,0.0,0.3,0.3
COL9A2,1,40304075,NM_001852.4:c.1312C>A,NP_001843.1:p.Arg438Ser,0.373,23.7,['Unknown%20significance'],238.1,0.88,0.0,0.1,0.1
COL9A2,1,40304077,NM_001852.4:c.1310C>T,NP_001843.1:p.Pro437Leu,0.655,23.2,['Unknown%20significance'],160.69,1.0,0.0,0.0,0.0
COL9A2,1,40304077,NM_001852.4:c.1310C>G,NP_001843.1:p.Pro437Arg,0.667,24.2,['Unknown%20significance'],160.69,1.0,0.0,0.0,0.0
COL9A2,1,40304077,NM_001852.4:c.1310C>A,NP_001843.1:p.Pro437His,0.659,24.4,['Unknown%20significance'],160.69,1.0,0.0,0.0,0.0
COL9A2,1,40304078,NM_001852.4:c.1309C>T,NP_001843.1:p.Pro437Ser,0.382,18.56,['Unknown%20significance'],160.69,1.0,0.0,0.0,0.0
COL9A2,1,40304078,NM_001852.4:c.1309C>A,NP_001843.1:p.Pro437Thr,0.393,22.0,['Unknown%20significance'],160.69,1.0,0.0,0.0,0.0
COL9A2,1,40304080,NM_001852.4:c.1307G>T,NP_001843.1:p.Gly436Val,0.968,25.6,['Unknown%20significance'],57.42,0.6,0.0,0.5,0.5
COL9A2,1,40304080,NM_001852.4:c.1307G>A,NP_001843.1:p.Gly436Glu,0.962,25.8,['Unknown%20significance'],57.42,0.6,0.0,0.7,0.7
COL9A2,1,40304081,NM_001852.4:c.1306G>T,NP_001843.1:p.Gly436Trp,0.966,27.3,['Unknown%20significance'],57.42,0.6,0.0,0.1,0.1
COL9A2,1,40304081,NM_001852.4:c.1306G>A,NP_001843.1:p.Gly436Arg,0.961,26.4,['Unknown%20significance'],57.42,0.6,0.0,0.4,0.4
COL9A2,1,40304083,NM_001852.4:c.1304C>T,NP_001843.1:p.Thr435Ile,0.123,20.6,['Likely%20benign'],155.75,0.98,0.0,0.0,0.0
COL9A2,1,40304083,NM_001852.4:c.1304C>A,NP_001843.1:p.Thr435Asn,0.238,22.2,['Unknown%20significance'],155.75,0.98,0.0,0.1,0.1
COL9A2,1,40304084,NM_001852.4:c.1303A>T,NP_001843.1:p.Thr435Ser,0.026,22.2,['Unknown%20significance'],155.75,0.98,0.0,0.0,0.0
COL9A2,1,40304084,NM_001852.4:c.1303A>G,NP_001843.1:p.Thr435Ala,0.220,22.8,['Unknown%20significance'],155.75,0.98,0.0,0.1,0.1
COL9A2,1,40304085,NM_001852.4:c.1302G>T,NP_001843.1:p.Lys434Asn,0.382,24.5,['Unknown%20significance'],248.83,1.0,0.0,-0.0,0.0
COL9A2,1,40304086,NM_001852.4:c.1301A>G,NP_001843.1:p.Lys434Arg,0.286,22.8,['Unknown%20significance'],248.83,1.0,0.0,-0.1,0.1
COL9A2,1,40304087,NM_001852.4:c.1300A>G,NP_001843.1:p.Lys434Glu,0.305,22.6,['Unknown%20significance'],248.83,1.0,0.0,-0.0,0.0
COL9A2,1,40304089,NM_001852.4:c.1298G>T,NP_001843.1:p.Gly433Val,0.935,25.7,['Unknown%20significance'],75.52,0.79,0.0,0.3,0.3
COL9A2,1,40304089,NM_001852.4:c.1298G>C,NP_001843.1:p.Gly433Ala,0.917,25.3,['Unknown%20significance'],75.52,0.79,0.0,0.3,0.3
COL9A2,1,40304090,NM_001852.4:c.1297G>T,NP_001843.1:p.Gly433Trp,0.926,27.5,['Unknown%20significance'],75.52,0.79,0.0,0.1,0.1
COL9A2,1,40304090,NM_001852.4:c.1297G>A,NP_001843.1:p.Gly433Arg,0.893,26.3,['Unknown%20significance'],75.52,0.79,0.0,0.2,0.2
COL9A2,1,40304092,NM_001852.4:c.1295C>T,NP_001843.1:p.Pro432Leu,0.468,24.6,['Unknown%20significance'],145.83,0.92,0.0,-0.0,0.0
COL9A2,1,40304092,NM_001852.4:c.1295C>A,NP_001843.1:p.Pro432Gln,0.277,21.8,['Unknown%20significance'],145.83,0.92,0.0,0.0,0.0
COL9A2,1,40304093,NM_001852.4:c.1294C>T,NP_001843.1:p.Pro432Ser,0.398,23.6,['Unknown%20significance'],145.83,0.92,0.0,0.0,0.0
COL9A2,1,40304093,NM_001852.4:c.1294C>G,NP_001843.1:p.Pro432Ala,0.330,23.3,['Unknown%20significance'],145.83,0.92,0.0,0.1,0.1
COL9A2,1,40304093,NM_001852.4:c.1294C>A,NP_001843.1:p.Pro432Thr,0.345,23.8,['Unknown%20significance'],145.83,0.92,0.0,-0.0,0.0
COL9A2,1,40304095,NM_001852.4:c.1292C>T,NP_001843.1:p.Ser431Phe,0.118,18.98,['Likely%20benign'],117.46,0.85,0.0,-0.0,0.0
COL9A2,1,40304095,NM_001852.4:c.1292C>A,NP_001843.1:p.Ser431Tyr,0.330,22.7,['Unknown%20significance'],117.46,0.85,0.0,-0.2,0.2
COL9A2,1,40304096,NM_001852.4:c.1291T>C,NP_001843.1:p.Ser431Pro,0.211,24.4,['Unknown%20significance'],117.46,0.85,0.0,-0.0,0.0
COL9A2,1,40304098,NM_001852.4:c.1289G>T,NP_001843.1:p.Gly430Val,0.957,27.3,['Unknown%20significance'],67.32,0.7,0.0,0.4,0.4
COL9A2,1,40304098,NM_001852.4:c.1289G>A,NP_001843.1:p.Gly430Asp,0.979,27.9,['Unknown%20significance'],67.32,0.7,0.0,0.5,0.5
COL9A2,1,40304099,NM_001852.4:c.1288G>T,NP_001843.1:p.Gly430Cys,0.960,33,['Unknown%20significance'],67.32,0.7,0.0,0.6,0.6
COL9A2,1,40304099,NM_001852.4:c.1288G>A,NP_001843.1:p.Gly430Ser,0.979,32,['Unknown%20significance'],67.32,0.7,0.0,0.4,0.4
COL9A2,1,40304320,NM_001852.4:c.1287G>T,NP_001843.1:p.Lys429Asn,0.471,36,['Unknown%20significance'],204.5,0.86,0.0,-0.0,0.0
COL9A2,1,40304321,NM_001852.4:c.1286A>T,NP_001843.1:p.Lys429Met,0.594,34,['Unknown%20significance'],204.5,0.86,0.0,-0.1,0.1
COL9A2,1,40304321,NM_001852.4:c.1286A>G,NP_001843.1:p.Lys429Arg,0.449,32,['Unknown%20significance'],204.5,0.86,0.0,-0.1,0.1
COL9A2,1,40304322,NM_001852.4:c.1285A>G,NP_001843.1:p.Lys429Glu,0.503,23.9,['Unknown%20significance'],204.5,0.86,0.0,0.1,0.1
COL9A2,1,40304323,NM_001852.4:c.1284C>A,NP_001843.1:p.Asp428Glu,0.310,15.63,['Unknown%20significance'],172.59,1.0,0.0,0.0,0.0
COL9A2,1,40304325,NM_001852.4:c.1282G>T,NP_001843.1:p.Asp428Tyr,0.615,24.5,['Unknown%20significance'],172.59,1.0,0.0,-0.1,0.1
COL9A2,1,40304325,NM_001852.4:c.1282G>C,NP_001843.1:p.Asp428His,0.482,24.4,['Unknown%20significance'],172.59,1.0,0.0,-0.0,0.0
COL9A2,1,40304327,NM_001852.4:c.1280G>T,NP_001843.1:p.Gly427Val,0.959,28.2,['Unknown%20significance'],47.3,0.49,0.0,0.5,0.5
COL9A2,1,40304327,NM_001852.4:c.1280G>C,NP_001843.1:p.Gly427Ala,0.926,25.8,['Unknown%20significance'],47.3,0.49,0.0,0.5,0.5
COL9A2,1,40304327,NM_001852.4:c.1280G>A,NP_001843.1:p.Gly427Glu,0.954,25.3,['Unknown%20significance'],47.3,0.49,0.0,0.7,0.7
COL9A2,1,40304328,NM_001852.4:c.1279G>C,NP_001843.1:p.Gly427Arg,0.971,26.3,['Unknown%20significance'],47.3,0.49,0.0,0.5,0.5
COL9A2,1,40304328,NM_001852.4:c.1279G>A,NP_001843.1:p.Gly427Arg,0.971,27.0,['Unknown%20significance'],47.3,0.49,0.0,0.5,0.5
COL9A2,1,40304330,NM_001852.4:c.1277A>T,NP_001843.1:p.Lys426Ile,0.691,28.7,['Unknown%20significance'],200.15,0.84,0.0,-0.1,0.1
COL9A2,1,40304330,NM_001852.4:c.1277A>G,NP_001843.1:p.Lys426Arg,0.567,26.0,['Unknown%20significance'],200.15,0.84,0.0,-0.2,0.2
COL9A2,1,40304331,NM_001852.4:c.1276A>G,NP_001843.1:p.Lys426Glu,0.691,26.7,['Unknown%20significance'],200.15,0.84,0.0,0.0,0.0
COL9A2,1,40304333,NM_001852.4:c.1274T>C,NP_001843.1:p.Val425Ala,0.311,23.9,['Unknown%20significance'],155.95,0.9,0.0,0.1,0.1
COL9A2,1,40304334,NM_001852.4:c.1273G>T,NP_001843.1:p.Val425Phe,0.321,22.7,['Likely%20benign'],155.95,0.9,0.0,0.0,0.0
COL9A2,1,40304334,NM_001852.4:c.1273G>C,NP_001843.1:p.Val425Leu,0.305,20.4,['Unknown%20significance'],155.95,0.9,0.0,0.0,0.0
COL9A2,1,40304334,NM_001852.4:c.1273G>A,NP_001843.1:p.Val425Ile,0.248,15.17,['Unknown%20significance'],155.95,0.9,0.0,0.0,0.0
COL9A2,1,40304336,NM_001852.4:c.1271G>T,NP_001843.1:p.Gly424Val,0.972,25.3,['Unknown%20significance'],71.86,0.75,0.0,0.2,0.2
COL9A2,1,40304336,NM_001852.4:c.1271G>A,NP_001843.1:p.Gly424Asp,0.977,25.5,['Unknown%20significance'],71.86,0.75,0.0,0.3,0.3
COL9A2,1,40304337,NM_001852.4:c.1270G>T,NP_001843.1:p.Gly424Cys,0.967,26.7,['Unknown%20significance'],71.86,0.75,0.0,0.2,0.2
COL9A2,1,40304337,NM_001852.4:c.1270G>C,NP_001843.1:p.Gly424Arg,0.973,26.0,['Unknown%20significance'],71.86,0.75,0.0,0.2,0.2
COL9A2,1,40304337,NM_001852.4:c.1270G>A,NP_001843.1:p.Gly424Ser,0.970,25.8,['Unknown%20significance'],71.86,0.75,0.0,0.2,0.2
COL9A2,1,40304339,NM_001852.4:c.1268C>T,NP_001843.1:p.Pro423Leu,0.508,25.3,['Unknown%20significance'],110.57,0.7,0.0,-0.0,0.0
COL9A2,1,40304339,NM_001852.4:c.1268C>G,NP_001843.1:p.Pro423Arg,0.403,24.1,['Unknown%20significance'],110.57,0.7,0.0,-0.1,0.1
COL9A2,1,40304340,NM_001852.4:c.1267C>T,NP_001843.1:p.Pro423Ser,0.356,22.6,['Unknown%20significance'],110.57,0.7,0.0,0.1,0.1
COL9A2,1,40304341,NM_001852.4:c.1266G>T,NP_001843.1:p.Leu422Phe,0.069,18.62,['Unknown%20significance'],186.85,0.96,0.0,0.0,0.0
COL9A2,1,40304341,NM_001852.4:c.1266G>C,NP_001843.1:p.Leu422Phe,0.287,18.75,['Unknown%20significance'],186.85,0.96,0.0,0.0,0.0
COL9A2,1,40304342,NM_001852.4:c.1265T>C,NP_001843.1:p.Leu422Ser,0.601,26.9,['Unknown%20significance'],186.85,0.96,0.0,0.1,0.1
COL9A2,1,40304345,NM_001852.4:c.1262G>T,NP_001843.1:p.Gly421Val,0.963,25.8,['Unknown%20significance'],30.69,0.32,0.0,0.6,0.6
COL9A2,1,40304345,NM_001852.4:c.1262G>C,NP_001843.1:p.Gly421Ala,0.965,25.3,['Unknown%20significance'],30.69,0.32,0.0,0.6,0.6
COL9A2,1,40304345,NM_001852.4:c.1262G>A,NP_001843.1:p.Gly421Asp,0.969,25.9,['Unknown%20significance'],30.69,0.32,0.0,1.0,1.0
COL9A2,1,40304346,NM_001852.4:c.1261G>T,NP_001843.1:p.Gly421Cys,0.972,28.8,['Unknown%20significance'],30.69,0.32,0.0,0.8,0.8
COL9A2,1,40304346,NM_001852.4:c.1261G>C,NP_001843.1:p.Gly421Arg,0.987,27.2,['Unknown%20significance'],30.69,0.32,0.0,0.5,0.5
COL9A2,1,40304346,NM_001852.4:c.1261G>A,NP_001843.1:p.Gly421Ser,0.975,27.4,['Unknown%20significance'],30.69,0.32,0.0,0.6,0.6
COL9A2,1,40304347,NM_001852.4:c.1260A>T,NP_001843.1:p.Gln420His,0.510,23.3,['Unknown%20significance'],175.65,0.88,0.0,0.0,0.0
COL9A2,1,40304351,NM_001852.4:c.1256C>T,NP_001843.1:p.Pro419Leu,0.706,28.2,['Unknown%20significance'],73.84,0.46,0.0,0.0,0.0
COL9A2,1,40304351,NM_001852.4:c.1256C>G,NP_001843.1:p.Pro419Arg,0.753,27.7,['Unknown%20significance'],73.84,0.46,0.0,-0.1,0.1
COL9A2,1,40304352,NM_001852.4:c.1255C>T,NP_001843.1:p.Pro419Ser,0.572,25.5,['Unknown%20significance'],73.84,0.46,0.0,0.3,0.3
COL9A2,1,40304352,NM_001852.4:c.1255C>A,NP_001843.1:p.Pro419Thr,0.636,25.0,['Unknown%20significance'],73.84,0.46,0.0,0.1,0.1
COL9A2,1,40304354,NM_001852.4:c.1253G>T,NP_001843.1:p.Gly418Val,0.966,26.3,['Unknown%20significance'],25.18,0.26,0.0,0.7,0.7
COL9A2,1,40304354,NM_001852.4:c.1253G>A,NP_001843.1:p.Gly418Glu,0.970,26.6,['Unknown%20significance'],25.18,0.26,0.0,1.2,1.2
COL9A2,1,40304355,NM_001852.4:c.1252G>T,NP_001843.1:p.Gly418Trp,0.941,28.2,['Unknown%20significance'],25.18,0.26,0.0,0.0,0.0
COL9A2,1,40304355,NM_001852.4:c.1252G>A,NP_001843.1:p.Gly418Arg,0.988,26.9,['Unknown%20significance'],25.18,0.26,0.0,0.5,0.5
COL9A2,1,40304357,NM_001852.4:c.1250C>T,NP_001843.1:p.Pro417Leu,0.756,32,['Unknown%20significance'],144.11,0.91,0.0,0.0,0.0
COL9A2,1,40304357,NM_001852.4:c.1250C>A,NP_001843.1:p.Pro417Gln,0.695,27.8,['Unknown%20significance'],144.11,0.91,0.0,0.1,0.1
COL9A2,1,40304358,NM_001852.4:c.1249C>T,NP_001843.1:p.Pro417Ser,0.827,28.8,['Unknown%20significance'],144.11,0.91,0.0,0.1,0.1
COL9A2,1,40304360,NM_001852.4:c.1247T>C,NP_001843.1:p.Ile416Thr,0.459,26.1,['Unknown%20significance'],176.81,0.9,0.0,0.1,0.1
COL9A2,1,40304363,NM_001852.4:c.1244G>T,NP_001843.1:p.Gly415Val,0.970,28.9,['Unknown%20significance'],83.31,0.87,0.0,0.2,0.2
COL9A2,1,40304363,NM_001852.4:c.1244G>A,NP_001843.1:p.Gly415Glu,0.978,26.9,['Unknown%20significance'],83.31,0.87,0.0,0.3,0.3
COL9A2,1,40304364,NM_001852.4:c.1243G>C,NP_001843.1:p.Gly415Arg,0.973,28.9,['Unknown%20significance'],83.31,0.87,0.0,0.1,0.1
COL9A2,1,40304364,NM_001852.4:c.1243G>A,NP_001843.1:p.Gly415Arg,0.973,29.3,['Unknown%20significance'],83.31,0.87,0.0,0.1,0.1
COL9A2,1,40304366,NM_001852.4:c.1241C>T,NP_001843.1:p.Pro414Leu,0.487,26.0,['Unknown%20significance'],108.63,0.69,0.0,0.0,0.0
COL9A2,1,40304366,NM_001852.4:c.1241C>G,NP_001843.1:p.Pro414Arg,0.407,26.2,['Unknown%20significance'],108.63,0.69,0.0,-0.0,0.0
COL9A2,1,40304367,NM_001852.4:c.1240C>T,NP_001843.1:p.Pro414Ser,0.357,25.5,['Unknown%20significance'],108.63,0.69,0.0,0.2,0.2
COL9A2,1,40304367,NM_001852.4:c.1240C>A,NP_001843.1:p.Pro414Thr,0.475,25.1,['Unknown%20significance'],108.63,0.69,0.0,0.0,0.0
COL9A2,1,40304369,NM_001852.4:c.1238C>G,NP_001843.1:p.Pro413Arg,0.378,22.2,['Likely%20benign'],158.5,1.0,0.0,0.0,0.0
COL9A2,1,40304370,NM_001852.4:c.1237C>T,NP_001843.1:p.Pro413Ser,0.307,7.485,['Likely%20benign'],158.5,1.0,0.0,0.1,0.1
COL9A2,1,40304372,NM_001852.4:c.1235G>T,NP_001843.1:p.Gly412Val,0.966,26.1,['Unknown%20significance'],51.89,0.54,0.0,0.6,0.6
COL9A2,1,40304372,NM_001852.4:c.1235G>C,NP_001843.1:p.Gly412Ala,0.967,25.6,['Unknown%20significance'],51.89,0.54,0.0,0.5,0.5
COL9A2,1,40304372,NM_001852.4:c.1235G>A,NP_001843.1:p.Gly412Asp,0.982,26.4,['Unknown%20significance'],51.89,0.54,0.0,0.8,0.8
COL9A2,1,40304373,NM_001852.4:c.1234G>A,NP_001843.1:p.Gly412Ser,0.969,28.1,['Unknown%20significance'],51.89,0.54,0.0,0.5,0.5
COL9A2,1,40304374,NM_001852.4:c.1233G>T,NP_001843.1:p.Gln411His,0.408,22.9,['Unknown%20significance'],169.41,0.85,0.0,0.0,0.0
COL9A2,1,40304375,NM_001852.4:c.1232A>G,NP_001843.1:p.Gln411Arg,0.275,22.3,['Unknown%20significance'],169.41,0.85,0.0,-0.1,0.1
COL9A2,1,40304376,NM_001852.4:c.1231C>A,NP_001843.1:p.Gln411Lys,0.351,21.3,['Unknown%20significance'],169.41,0.85,0.0,0.1,0.1
COL9A2,1,40304377,NM_001852.4:c.1230G>T,NP_001843.1:p.Glu410Asp,0.384,14.86,['Likely%20benign'],201.63,1.0,0.0,-0.0,0.0
COL9A2,1,40304379,NM_001852.4:c.1228G>C,NP_001843.1:p.Glu410Gln,0.353,25.7,['Unknown%20significance'],201.63,1.0,0.0,-0.0,0.0
COL9A2,1,40304379,NM_001852.4:c.1228G>A,NP_001843.1:p.Glu410Lys,0.576,27.2,['Unknown%20significance'],201.63,1.0,0.0,0.0,0.0
COL9A2,1,40304381,NM_001852.4:c.1226G>T,NP_001843.1:p.Gly409Val,0.974,26.1,['Unknown%20significance'],67.28,0.7,0.0,0.3,0.3
COL9A2,1,40304381,NM_001852.4:c.1226G>A,NP_001843.1:p.Gly409Glu,0.975,26.3,['Unknown%20significance'],67.28,0.7,0.0,0.5,0.5
COL9A2,1,40304382,NM_001852.4:c.1225G>C,NP_001843.1:p.Gly409Arg,0.976,26.8,['Unknown%20significance'],67.28,0.7,0.0,0.3,0.3
COL9A2,1,40304383,NM_001852.4:c.1224G>T,NP_001843.1:p.Lys408Asn,0.558,23.4,['Unknown%20significance'],229.91,0.97,0.0,-0.0,0.0
COL9A2,1,40304383,NM_001852.4:c.1224G>C,NP_001843.1:p.Lys408Asn,0.558,23.4,['Unknown%20significance'],229.91,0.97,0.0,-0.0,0.0
COL9A2,1,40304384,NM_001852.4:c.1223A>G,NP_001843.1:p.Lys408Arg,0.589,26.3,['Unknown%20significance'],229.91,0.97,0.0,-0.1,0.1
COL9A2,1,40304385,NM_001852.4:c.1222A>C,NP_001843.1:p.Lys408Gln,0.595,24.6,['Unknown%20significance'],229.91,0.97,0.0,-0.0,0.0
COL9A2,1,40304388,NM_001852.4:c.1219C>T,NP_001843.1:p.Pro407Ser,0.265,20.2,['Likely%20benign'],159.29,1.0,0.0,0.1,0.1
COL9A2,1,40304388,NM_001852.4:c.1219C>A,NP_001843.1:p.Pro407Thr,0.332,21.6,['Unknown%20significance'],159.29,1.0,0.0,0.0,0.0
COL9A2,1,40304391,NM_001852.4:c.1216G>T,NP_001843.1:p.Gly406Cys,0.978,33,['Unknown%20significance'],56.91,0.59,0.0,0.7,0.7
COL9A2,1,40304391,NM_001852.4:c.1216G>A,NP_001843.1:p.Gly406Ser,0.976,32,['Unknown%20significance'],56.91,0.59,0.0,0.5,0.5
COL9A2,1,40304477,NM_001852.4:c.1214A>T,NP_001843.1:p.Gln405Leu,0.376,18.83,['Likely%20benign'],193.46,0.97,0.0,-0.0,0.0
COL9A2,1,40304477,NM_001852.4:c.1214A>C,NP_001843.1:p.Gln405Pro,0.268,17.13,['Likely%20benign'],193.46,0.97,0.0,0.0,0.0
COL9A2,1,40304485,NM_001852.4:c.1206G>C,NP_001843.1:p.Gln402His,0.580,20.6,['Unknown%20significance'],196.09,0.99,0.0,0.0,0.0
COL9A2,1,40304489,NM_001852.4:c.1202C>T,NP_001843.1:p.Pro401Leu,0.350,13.97,['Likely%20benign'],161.57,1.0,0.0,-0.0,0.0
COL9A2,1,40304490,NM_001852.4:c.1201C>T,NP_001843.1:p.Pro401Ser,0.395,21.3,['Likely%20benign'],161.57,1.0,0.0,0.0,0.0
COL9A2,1,40304492,NM_001852.4:c.1199G>T,NP_001843.1:p.Gly400Val,0.908,23.6,['Unknown%20significance'],67.47,0.7,0.0,0.4,0.4
COL9A2,1,40304493,NM_001852.4:c.1198G>A,NP_001843.1:p.Gly400Ser,0.965,23.9,['Unknown%20significance'],67.47,0.7,0.0,0.4,0.4
COL9A2,1,40304498,NM_001852.4:c.1193A>G,NP_001843.1:p.Gln398Arg,0.468,12.83,['Likely%20benign'],204.03,1.0,0.0,-0.0,0.0
COL9A2,1,40304501,NM_001852.4:c.1190G>T,NP_001843.1:p.Gly397Val,0.987,23.3,['Unknown%20significance'],64.12,0.67,0.0,0.4,0.4
COL9A2,1,40304502,NM_001852.4:c.1189G>A,NP_001843.1:p.Gly397Arg,0.970,24.6,['Unknown%20significance'],64.12,0.67,0.0,0.4,0.4
COL9A2,1,40304505,NM_001852.4:c.1186G>T,NP_001843.1:p.Val396Leu,0.311,16.22,['Unknown%20significance'],103.28,0.6,0.0,0.1,0.1
COL9A2,1,40304505,NM_001852.4:c.1186G>A,NP_001843.1:p.Val396Met,0.345,22.3,['Unknown%20significance'],103.28,0.6,0.0,-0.0,0.0
COL9A2,1,40304511,NM_001852.4:c.1180G>A,NP_001843.1:p.Gly394Ser,0.979,25.5,['Unknown%20significance'],52.16,0.54,0.0,0.6,0.6
COL9A2,1,40304517,NM_001852.4:c.1174G>A,NP_001843.1:p.Glu392Lys,0.628,24.1,['Unknown%20significance'],204.12,1.0,0.0,0.0,0.0
COL9A2,1,40304520,NM_001852.4:c.1171G>A,NP_001843.1:p.Gly391Ser,0.969,25.1,['Unknown%20significance'],68.97,0.72,0.0,0.3,0.3
COL9A2,1,40304523,NM_001852.4:c.1168C>G,NP_001843.1:p.Gln390Glu,0.351,20.5,['Unknown%20significance'],144.76,0.73,0.0,0.2,0.2
COL9A2,1,40304525,NM_001852.4:c.1166A>G,NP_001843.1:p.Asp389Gly,0.725,24.7,['Unknown%20significance'],179.27,1.0,0.0,0.1,0.1
COL9A2,1,40304526,NM_001852.4:c.1165G>T,NP_001843.1:p.Asp389Tyr,0.785,27.5,['Unknown%20significance'],179.27,1.0,0.0,-0.1,0.1
COL9A2,1,40304526,NM_001852.4:c.1165G>A,NP_001843.1:p.Asp389Asn,0.565,25.4,['Unknown%20significance'],179.27,1.0,0.0,-0.0,0.0
COL9A2,1,40304528,NM_001852.4:c.1163G>T,NP_001843.1:p.Gly388Val,0.966,29.2,['Unknown%20significance'],63.43,0.66,0.0,0.6,0.6
COL9A2,1,40304529,NM_001852.4:c.1162G>T,NP_001843.1:p.Gly388Cys,0.973,33,['Unknown%20significance'],63.43,0.66,0.0,0.8,0.8
COL9A2,1,40304794,NM_001852.4:c.1161G>T,NP_001843.1:p.Lys387Asn,0.527,34,['Unknown%20significance'],193.25,0.81,0.0,-0.0,0.0
COL9A2,1,40304796,NM_001852.4:c.1159A>G,NP_001843.1:p.Lys387Glu,0.593,25.1,['Unknown%20significance'],193.25,0.81,0.0,0.1,0.1
COL9A2,1,40304798,NM_001852.4:c.1157A>T,NP_001843.1:p.Gln386Leu,0.205,18.53,['Likely%20benign'],209.31,1.0,0.0,-0.0,0.0
COL9A2,1,40304799,NM_001852.4:c.1156C>A,NP_001843.1:p.Gln386Lys,0.278,9.173,['Likely%20benign'],209.31,1.0,0.0,0.1,0.1
COL9A2,1,40304801,NM_001852.4:c.1154G>T,NP_001843.1:p.Gly385Val,0.956,25.6,['Unknown%20significance'],72.5,0.76,0.0,0.3,0.3
COL9A2,1,40304802,NM_001852.4:c.1153G>A,NP_001843.1:p.Gly385Arg,0.942,25.8,['Unknown%20significance'],72.5,0.76,0.0,0.3,0.3
COL9A2,1,40304803,NM_001852.4:c.1152G>A,NP_001843.1:p.Met384Ile,0.255,11.41,['Likely%20benign'],178.98,0.82,0.0,0.0,0.0
COL9A2,1,40304804,NM_001852.4:c.1151T>C,NP_001843.1:p.Met384Thr,0.246,15.81,['Likely%20benign'],178.98,0.82,0.0,-0.0,0.0
COL9A2,1,40304805,NM_001852.4:c.1150A>T,NP_001843.1:p.Met384Leu,0.195,2.828,['Unknown%20significance'],178.98,0.82,0.0,0.0,0.0
COL9A2,1,40304805,NM_001852.4:c.1150A>G,NP_001843.1:p.Met384Val,0.235,0.570,['Likely%20benign'],178.98,0.82,0.0,0.0,0.0
COL9A2,1,40304805,NM_001852.4:c.1150A>C,NP_001843.1:p.Met384Leu,0.231,1.782,['Benign'],178.98,0.82,0.0,0.0,0.0
COL9A2,1,40304807,NM_001852.4:c.1148T>C,NP_001843.1:p.Ile383Thr,0.311,20.4,['Unknown%20significance'],209.01,1.0,0.0,0.0,0.0
COL9A2,1,40304808,NM_001852.4:c.1147A>G,NP_001843.1:p.Ile383Val,0.247,13.77,['Unknown%20significance'],209.01,1.0,0.0,0.0,0.0
COL9A2,1,40304808,NM_001852.4:c.1146_1147inv,NP_001843.1:p.Ile383Val,,,['Unknown%20significance'],209.01,1.0,0.0,0.0,0.0
COL9A2,1,40304810,NM_001852.4:c.1145G>T,NP_001843.1:p.Gly382Val,0.967,25.5,['Likely%20pathogenic'],67.53,0.7,0.0,0.3,0.3
COL9A2,1,40304810,NM_001852.4:c.1145G>A,NP_001843.1:p.Gly382Asp,0.976,25.6,['Unknown%20significance'],67.53,0.7,0.0,0.6,0.6
COL9A2,1,40304811,NM_001852.4:c.1144G>T,NP_001843.1:p.Gly382Cys,0.976,26.8,['Unknown%20significance'],67.53,0.7,0.0,0.5,0.5
COL9A2,1,40304811,NM_001852.4:c.1144G>C,NP_001843.1:p.Gly382Arg,0.974,26.2,['Unknown%20significance'],67.53,0.7,0.0,0.3,0.3
COL9A2,1,40304812,NM_001852.4:c.1143G>T,NP_001843.1:p.Gln381His,0.136,9.609,['Likely%20benign'],175.45,0.88,0.0,0.0,0.0
COL9A2,1,40304813,NM_001852.4:c.1142A>G,NP_001843.1:p.Gln381Arg,0.234,0.411,['Unknown%20significance'],175.45,0.88,0.0,-0.1,0.1
COL9A2,1,40304813,NM_001852.4:c.1142A>C,NP_001843.1:p.Gln381Pro,0.241,1.728,['Likely%20benign'],175.45,0.88,0.0,0.0,0.0
COL9A2,1,40304814,NM_001852.4:c.1141C>A,NP_001843.1:p.Gln381Lys,0.278,15.94,['Likely%20benign'],175.45,0.88,0.0,0.1,0.1
COL9A2,1,40304816,NM_001852.4:c.1139C>T,NP_001843.1:p.Pro380Leu,0.558,24.0,['Unknown%20significance'],163.8,1.0,0.0,-0.0,0.0
COL9A2,1,40304817,NM_001852.4:c.1138C>T,NP_001843.1:p.Pro380Ser,0.502,23.8,['Unknown%20significance'],163.8,1.0,0.0,0.0,0.0
COL9A2,1,40304817,NM_001852.4:c.1138C>A,NP_001843.1:p.Pro380Thr,0.521,23.8,['Likely%20benign'],163.8,1.0,0.0,0.0,0.0
COL9A2,1,40304819,NM_001852.4:c.1136G>A,NP_001843.1:p.Gly379Asp,0.994,25.4,['Unknown%20significance'],59.43,0.62,0.0,0.7,0.7
COL9A2,1,40304820,NM_001852.4:c.1135G>A,NP_001843.1:p.Gly379Ser,0.950,27.5,['Unknown%20significance'],59.43,0.62,0.0,0.5,0.5
COL9A2,1,40304822,NM_001852.4:c.1133T>C,NP_001843.1:p.Ile378Thr,0.242,17.52,['Likely%20benign'],167.98,0.85,0.0,0.0,0.0
COL9A2,1,40304823,NM_001852.4:c.1132A>G,NP_001843.1:p.Ile378Val,0.217,13.53,['Unknown%20significance'],167.98,0.85,0.0,0.0,0.0
COL9A2,1,40304825,NM_001852.4:c.1130A>G,NP_001843.1:p.Glu377Gly,0.640,26.1,['Unknown%20significance'],201.07,1.0,0.0,0.1,0.1
COL9A2,1,40304826,NM_001852.4:c.1129G>A,NP_001843.1:p.Glu377Lys,0.660,25.6,['Unknown%20significance'],201.07,1.0,0.0,0.0,0.0
COL9A2,1,40304828,NM_001852.4:c.1127G>T,NP_001843.1:p.Gly376Val,0.956,31,['Unknown%20significance'],66.4,0.69,0.0,0.3,0.3
COL9A2,1,40304828,NM_001852.4:c.1127G>A,NP_001843.1:p.Gly376Glu,0.946,26.1,['Unknown%20significance'],66.4,0.69,0.0,0.6,0.6
COL9A2,1,40304829,NM_001852.4:c.1126G>C,NP_001843.1:p.Gly376Arg,0.933,26.8,['Unknown%20significance'],66.4,0.69,0.0,0.3,0.3
COL9A2,1,40304829,NM_001852.4:c.1126G>A,NP_001843.1:p.Gly376Arg,0.933,27.2,['Unknown%20significance'],66.4,0.69,0.0,0.3,0.3
COL9A2,1,40304831,NM_001852.4:c.1124G>T,NP_001843.1:p.Arg375Leu,0.450,16.28,['Unknown%20significance'],239.27,0.88,0.0,0.0,0.0
COL9A2,1,40304831,NM_001852.4:c.1124G>C,NP_001843.1:p.Arg375Pro,0.286,9.304,['Unknown%20significance'],239.27,0.88,0.0,0.1,0.1
COL9A2,1,40304831,NM_001852.4:c.1124G>A,NP_001843.1:p.Arg375Gln,0.237,8.119,['Unknown%20significance'],239.27,0.88,0.0,0.1,0.1
COL9A2,1,40304832,NM_001852.4:c.1123C>G,NP_001843.1:p.Arg375Gly,0.418,20.4,['Unknown%20significance'],239.27,0.88,0.0,0.3,0.3
COL9A2,1,40304834,NM_001852.4:c.1121C>T,NP_001843.1:p.Pro374Leu,0.514,24.3,['Unknown%20significance'],160.53,1.0,0.0,-0.0,0.0
COL9A2,1,40304835,NM_001852.4:c.1120C>T,NP_001843.1:p.Pro374Ser,0.465,25.0,['Unknown%20significance'],160.53,1.0,0.0,0.0,0.0
COL9A2,1,40304835,NM_001852.4:c.1120C>G,NP_001843.1:p.Pro374Ala,0.461,24.5,['Unknown%20significance'],160.53,1.0,0.0,0.0,0.0
COL9A2,1,40304835,NM_001852.4:c.1120C>A,NP_001843.1:p.Pro374Thr,0.541,24.1,['Unknown%20significance'],160.53,1.0,0.0,0.0,0.0
COL9A2,1,40304837,NM_001852.4:c.1118G>T,NP_001843.1:p.Gly373Val,0.924,26.4,['Unknown%20significance'],71.01,0.74,0.0,0.3,0.3
COL9A2,1,40304837,NM_001852.4:c.1118G>A,NP_001843.1:p.Gly373Glu,0.941,26.8,['Unknown%20significance'],71.01,0.74,0.0,0.5,0.5
COL9A2,1,40304838,NM_001852.4:c.1117G>T,NP_001843.1:p.Gly373Trp,0.887,28.1,['Unknown%20significance'],71.01,0.74,0.0,0.1,0.1
COL9A2,1,40304840,NM_001852.4:c.1115C>G,NP_001843.1:p.Pro372Arg,0.540,21.1,['Unknown%20significance'],149.57,0.95,0.0,-0.0,0.0
COL9A2,1,40304841,NM_001852.4:c.1114C>T,NP_001843.1:p.Pro372Ser,0.567,23.8,['Unknown%20significance'],149.57,0.95,0.0,0.0,0.0
COL9A2,1,40304841,NM_001852.4:c.1114C>A,NP_001843.1:p.Pro372Thr,0.514,23.4,['Unknown%20significance'],149.57,0.95,0.0,-0.1,0.1
COL9A2,1,40304842,NM_001852.4:c.1113G>T,NP_001843.1:p.Glu371Asp,0.515,23.1,['Unknown%20significance'],184.24,0.94,0.0,0.0,0.0
COL9A2,1,40304843,NM_001852.4:c.1112A>G,NP_001843.1:p.Glu371Gly,0.626,32,['Unknown%20significance'],184.24,0.94,0.0,0.1,0.1
COL9A2,1,40304844,NM_001852.4:c.1111G>C,NP_001843.1:p.Glu371Gln,0.452,24.1,['Unknown%20significance'],184.24,0.94,0.0,-0.1,0.1
COL9A2,1,40304844,NM_001852.4:c.1111G>A,NP_001843.1:p.Glu371Lys,0.627,26.9,['Unknown%20significance'],184.24,0.94,0.0,0.0,0.0
COL9A2,1,40304846,NM_001852.4:c.1109G>T,NP_001843.1:p.Gly370Val,0.971,33,['Unknown%20significance'],70.48,0.73,0.0,0.3,0.3
COL9A2,1,40304846,NM_001852.4:c.1109G>A,NP_001843.1:p.Gly370Glu,0.954,32,['Unknown%20significance'],70.48,0.73,0.0,0.5,0.5
COL9A2,1,40304847,NM_001852.4:c.1108G>C,NP_001843.1:p.Gly370Arg,0.984,32,['Unknown%20significance'],70.48,0.73,0.0,0.3,0.3
COL9A2,1,40305715,NM_001852.4:c.1107G>C,NP_001843.1:p.Glu369Asp,0.181,32,['Likely%20benign'],185.91,0.95,0.0,-0.0,0.0
COL9A2,1,40305716,NM_001852.4:c.1106A>C,NP_001843.1:p.Glu369Ala,0.222,23.4,['Unknown%20significance'],185.91,0.95,0.0,-0.0,0.0
COL9A2,1,40305717,NM_001852.4:c.1105G>A,NP_001843.1:p.Glu369Lys,0.144,18.86,['Likely%20benign'],185.91,0.95,0.0,-0.0,0.0
COL9A2,1,40305723,NM_001852.4:c.1099G>A,NP_001843.1:p.Gly367Arg,0.878,26.4,['Unknown%20significance'],87.67,0.91,0.0,0.1,0.1
COL9A2,1,40305725,NM_001852.4:c.1097C>T,NP_001843.1:p.Pro366Leu,0.779,28.7,['Unknown%20significance'],143.22,0.91,0.0,-0.0,0.0
COL9A2,1,40305726,NM_001852.4:c.1096C>T,NP_001843.1:p.Pro366Ser,0.617,23.7,['Unknown%20significance'],143.22,0.91,0.0,0.0,0.0
COL9A2,1,40305728,NM_001852.4:c.1094C>A,NP_001843.1:p.Pro365His,0.411,26.6,['Unknown%20significance'],142.58,0.9,0.0,0.0,0.0
COL9A2,1,40305729,NM_001852.4:c.1093C>T,NP_001843.1:p.Pro365Ser,0.237,17.54,['Unknown%20significance'],142.58,0.9,0.0,0.0,0.0
COL9A2,1,40305729,NM_001852.4:c.1093C>A,NP_001843.1:p.Pro365Thr,0.271,20.9,['Unknown%20significance'],142.58,0.9,0.0,-0.0,0.0
COL9A2,1,40305731,NM_001852.4:c.1091G>C,NP_001843.1:p.Gly364Ala,0.949,25.4,['Unknown%20significance'],58.96,0.61,0.0,0.4,0.4
COL9A2,1,40305732,NM_001852.4:c.1090G>C,NP_001843.1:p.Gly364Arg,0.969,26.5,['Unknown%20significance'],58.96,0.61,0.0,0.4,0.4
COL9A2,1,40305734,NM_001852.4:c.1088C>T,NP_001843.1:p.Ser363Phe,0.252,22.9,['Unknown%20significance'],134.72,0.97,0.0,-0.0,0.0
COL9A2,1,40305734,NM_001852.4:c.1088C>G,NP_001843.1:p.Ser363Cys,0.464,24.1,['Unknown%20significance'],134.72,0.97,0.0,0.1,0.1
COL9A2,1,40305735,NM_001852.4:c.1087T>C,NP_001843.1:p.Ser363Pro,0.260,18.12,['Likely%20benign'],134.72,0.97,0.0,0.0,0.0
COL9A2,1,40305740,NM_001852.4:c.1082G>T,NP_001843.1:p.Gly361Val,0.983,27.1,['Unknown%20significance'],82.97,0.87,0.0,0.2,0.2
COL9A2,1,40305740,NM_001852.4:c.1082G>A,NP_001843.1:p.Gly361Glu,0.983,25.3,['Unknown%20significance'],82.97,0.87,0.0,0.4,0.4
COL9A2,1,40305744,NM_001852.4:c.1078C>T,NP_001843.1:p.Pro360Ser,0.578,23.7,['Unknown%20significance'],132.05,0.83,0.0,-0.0,0.0
COL9A2,1,40305747,NM_001852.4:c.1075C>T,NP_001843.1:p.Leu359Phe,0.217,14.20,['Likely%20benign'],147.0,0.76,0.0,0.0,0.0
COL9A2,1,40305749,NM_001852.4:c.1073G>A,NP_001843.1:p.Gly358Asp,0.980,24.8,['Unknown%20significance'],69.76,0.73,0.0,0.6,0.6
COL9A2,1,40305751,NM_001852.4:c.1071G>C,NP_001843.1:p.Gln357His,0.428,17.11,['Unknown%20significance'],181.13,0.91,0.0,0.0,0.0
COL9A2,1,40305752,NM_001852.4:c.1070A>G,NP_001843.1:p.Gln357Arg,0.175,13.17,['Likely%20benign'],181.13,0.91,0.0,-0.1,0.1
COL9A2,1,40305753,NM_001852.4:c.1069C>A,NP_001843.1:p.Gln357Lys,0.266,16.69,['Likely%20benign'],181.13,0.91,0.0,0.1,0.1
COL9A2,1,40305755,NM_001852.4:c.1067C>T,NP_001843.1:p.Pro356Leu,0.276,14.02,['Unknown%20significance'],157.63,1.0,0.0,-0.0,0.0
COL9A2,1,40305755,NM_001852.4:c.1067C>G,NP_001843.1:p.Pro356Arg,0.346,12.92,['Likely%20benign'],157.63,1.0,0.0,-0.0,0.0
COL9A2,1,40305755,NM_001852.4:c.1067C>A,NP_001843.1:p.Pro356Gln,0.292,8.947,['Likely%20benign'],157.63,1.0,0.0,0.0,0.0
COL9A2,1,40305756,NM_001852.4:c.1066C>T,NP_001843.1:p.Pro356Ser,0.283,17.95,['Likely%20benign'],157.63,1.0,0.0,0.0,0.0
COL9A2,1,40305758,NM_001852.4:c.1064G>T,NP_001843.1:p.Gly355Val,0.897,24.1,['Unknown%20significance'],70.6,0.74,0.0,0.3,0.3
COL9A2,1,40305759,NM_001852.4:c.1063G>A,NP_001843.1:p.Gly355Ser,0.881,24.2,['Unknown%20significance'],70.6,0.74,0.0,0.3,0.3
COL9A2,1,40305761,NM_001852.4:c.1061C>T,NP_001843.1:p.Pro354Leu,0.467,23.8,['Unknown%20significance'],152.9,0.97,0.0,-0.0,0.0
COL9A2,1,40305761,NM_001852.4:c.1061C>G,NP_001843.1:p.Pro354Arg,0.478,24.0,['Unknown%20significance'],152.9,0.97,0.0,-0.0,0.0
COL9A2,1,40305761,NM_001852.4:c.1061C>A,NP_001843.1:p.Pro354Gln,0.485,25.5,['Unknown%20significance'],152.9,0.97,0.0,0.0,0.0
COL9A2,1,40305762,NM_001852.4:c.1060C>A,NP_001843.1:p.Pro354Thr,0.386,21.6,['Unknown%20significance'],152.9,0.97,0.0,-0.1,0.1
COL9A2,1,40305763,NM_001852.4:c.1059G>C,NP_001843.1:p.Glu353Asp,0.268,9.193,['Likely%20benign'],184.95,0.94,0.0,0.0,0.0
COL9A2,1,40305765,NM_001852.4:c.1057G>A,NP_001843.1:p.Glu353Lys,0.581,22.8,['Unknown%20significance'],184.95,0.94,0.0,0.0,0.0
COL9A2,1,40305767,NM_001852.4:c.1055G>T,NP_001843.1:p.Gly352Val,0.988,25.9,['Unknown%20significance'],63.91,0.67,0.0,0.4,0.4
COL9A2,1,40305767,NM_001852.4:c.1055G>A,NP_001843.1:p.Gly352Asp,0.980,26.5,['Unknown%20significance'],63.91,0.67,0.0,0.6,0.6
COL9A2,1,40305768,NM_001852.4:c.1054G>T,NP_001843.1:p.Gly352Cys,0.979,32,['Unknown%20significance'],63.91,0.67,0.0,0.6,0.6
COL9A2,1,40306144,NM_001852.4:c.1052A>G,NP_001843.1:p.Gln351Arg,0.219,24.0,['Unknown%20significance'],201.66,1.0,0.0,-0.1,0.1
COL9A2,1,40306147,NM_001852.4:c.1049A>G,NP_001843.1:p.Asp350Gly,0.494,23.2,['Unknown%20significance'],157.93,0.98,0.0,0.1,0.1
COL9A2,1,40306148,NM_001852.4:c.1048G>C,NP_001843.1:p.Asp350His,0.615,26.2,['Unknown%20significance'],157.93,0.98,0.0,-0.0,0.0
COL9A2,1,40306148,NM_001852.4:c.1048G>A,NP_001843.1:p.Asp350Asn,0.410,23.1,['Unknown%20significance'],157.93,0.98,0.0,-0.0,0.0
COL9A2,1,40306153,NM_001852.4:c.1043C>T,NP_001843.1:p.Pro348Leu,0.498,24.4,['Unknown%20significance'],155.77,0.99,0.0,-0.0,0.0
COL9A2,1,40306156,NM_001852.4:c.1040G>A,NP_001843.1:p.Gly347Asp,0.339,18.43,['Unknown%20significance'],74.76,0.78,0.0,-0.1,0.1
COL9A2,1,40306159,NM_001852.4:c.1037G>C,NP_001843.1:p.Gly346Ala,0.969,26.4,['Unknown%20significance'],65.28,0.68,0.0,0.4,0.4
COL9A2,1,40306163,NM_001852.4:c.1033A>C,NP_001843.1:p.Lys345Gln,0.551,25.8,['Unknown%20significance'],238.3,1.0,0.0,-0.0,0.0
COL9A2,1,40306171,NM_001852.4:c.1025C>T,NP_001843.1:p.Pro342Leu,0.484,23.0,['Unknown%20significance'],153.33,0.97,0.0,-0.0,0.0
COL9A2,1,40306171,NM_001852.4:c.1025C>G,NP_001843.1:p.Pro342Arg,0.660,23.9,['Unknown%20significance'],153.33,0.97,0.0,-0.0,0.0
COL9A2,1,40306172,NM_001852.4:c.1024C>T,NP_001843.1:p.Pro342Ser,0.449,21.6,['Unknown%20significance'],153.33,0.97,0.0,0.0,0.0
COL9A2,1,40306172,NM_001852.4:c.1024C>A,NP_001843.1:p.Pro342Thr,0.565,23.8,['Unknown%20significance'],153.33,0.97,0.0,-0.1,0.1
COL9A2,1,40306174,NM_001852.4:c.1022A>G,NP_001843.1:p.Gln341Arg,0.298,16.68,['Likely%20benign'],188.3,0.95,0.0,-0.1,0.1
COL9A2,1,40306177,NM_001852.4:c.1019G>T,NP_001843.1:p.Gly340Val,0.976,24.3,['Unknown%20significance'],78.58,0.82,0.0,0.2,0.2
COL9A2,1,40306178,NM_001852.4:c.1018G>A,NP_001843.1:p.Gly340Ser,0.979,24.8,['Unknown%20significance'],78.58,0.82,0.0,0.2,0.2
COL9A2,1,40306181,NM_001852.4:c.1015C>T,NP_001843.1:p.Pro339Ser,0.678,27.0,['Unknown%20significance'],147.37,0.93,0.0,0.0,0.0
COL9A2,1,40306183,NM_001852.4:c.1013T>C,NP_001843.1:p.Val338Ala,0.413,23.5,['Unknown%20significance'],155.85,0.9,0.0,0.1,0.1
COL9A2,1,40306184,NM_001852.4:c.1012G>A,NP_001843.1:p.Val338Met,0.274,22.6,['Unknown%20significance'],155.85,0.9,0.0,-0.0,0.0
COL9A2,1,40306186,NM_001852.4:c.1010G>C,NP_001843.1:p.Gly337Ala,0.950,28.6,['Unknown%20significance'],55.85,0.58,0.0,0.3,0.3
COL9A2,1,40306186,NM_001852.4:c.1010G>A,NP_001843.1:p.Gly337Asp,0.967,29.7,['Unknown%20significance'],55.85,0.58,0.0,0.5,0.5
COL9A2,1,40307447,NM_001852.4:c.1007C>T,NP_001843.1:p.Ala336Val,0.274,22.9,['Unknown%20significance'],116.52,0.91,0.0,-0.1,0.1
COL9A2,1,40307447,NM_001852.4:c.1007C>A,NP_001843.1:p.Ala336Glu,0.504,23.2,['Benign'],116.52,0.91,0.0,0.1,0.1
COL9A2,1,40307448,NM_001852.4:c.1006G>A,NP_001843.1:p.Ala336Thr,0.328,22.0,['Unknown%20significance'],116.52,0.91,0.0,-0.1,0.1
COL9A2,1,40307451,NM_001852.4:c.1003C>G,NP_001843.1:p.Leu335Val,0.241,21.5,['Benign'],165.22,0.85,0.0,0.0,0.0
COL9A2,1,40307451,NM_001852.4:c.1003C>A,NP_001843.1:p.Leu335Ile,0.230,18.61,['Unknown%20significance'],165.22,0.85,0.0,0.0,0.0
COL9A2,1,40307453,NM_001852.4:c.1001G>T,NP_001843.1:p.Gly334Val,0.927,25.2,['Unknown%20significance'],60.51,0.63,0.0,0.3,0.3
COL9A2,1,40307454,NM_001852.4:c.1000G>A,NP_001843.1:p.Gly334Ser,0.807,23.6,['Unknown%20significance'],60.51,0.63,0.0,0.4,0.4
COL9A2,1,40307457,NM_001852.4:c.997C>A,NP_001843.1:p.Gln333Lys,0.502,23.1,['Unknown%20significance'],166.66,0.84,0.0,0.1,0.1
COL9A2,1,40307459,NM_001852.4:c.995A>T,NP_001843.1:p.His332Leu,0.415,23.1,['Unknown%20significance'],195.33,0.95,0.0,-0.0,0.0
COL9A2,1,40307459,NM_001852.4:c.995A>C,NP_001843.1:p.His332Pro,0.460,23.9,['Unknown%20significance'],195.33,0.95,0.0,-0.0,0.0
COL9A2,1,40307460,NM_001852.4:c.994C>T,NP_001843.1:p.His332Tyr,0.475,23.2,['Unknown%20significance'],195.33,0.95,0.0,-0.1,0.1
COL9A2,1,40307462,NM_001852.4:c.992G>A,NP_001843.1:p.Gly331Asp,0.867,25.1,['Unknown%20significance'],85.28,0.89,0.0,0.2,0.2
COL9A2,1,40307463,NM_001852.4:c.991G>A,NP_001843.1:p.Gly331Ser,0.817,24.6,['Unknown%20significance'],85.28,0.89,0.0,0.1,0.1
COL9A2,1,40307468,NM_001852.4:c.986G>T,NP_001843.1:p.Ser329Ile,0.178,9.544,['Likely%20benign'],122.22,0.88,0.0,-0.1,0.1
COL9A2,1,40307468,NM_001852.4:c.986G>C,NP_001843.1:p.Ser329Thr,0.158,5.177,['Unknown%20significance'],122.22,0.88,0.0,-0.0,0.0
COL9A2,1,40307468,NM_001852.4:c.986G>A,NP_001843.1:p.Ser329Asn,0.163,5.906,['Likely%20benign'],122.22,0.88,0.0,0.1,0.1
COL9A2,1,40307471,NM_001852.4:c.983G>T,NP_001843.1:p.Gly328Val,0.816,26.2,['Unknown%20significance'],81.9,0.85,0.0,0.2,0.2
COL9A2,1,40307471,NM_001852.4:c.983G>A,NP_001843.1:p.Gly328Glu,0.829,24.5,['Unknown%20significance'],81.9,0.85,0.0,0.3,0.3
COL9A2,1,40307472,NM_001852.4:c.982G>A,NP_001843.1:p.Gly328Arg,0.873,24.5,['Benign'],81.9,0.85,0.0,0.2,0.2
COL9A2,1,40307475,NM_001852.4:c.979C>T,NP_001843.1:p.Pro327Ser,0.624,23.3,['Unknown%20significance'],155.58,0.98,0.0,0.0,0.0
COL9A2,1,40307477,NM_001852.4:c.977A>T,NP_001843.1:p.Gln326Leu,0.288,15.73,['Likely%20benign'],190.33,0.96,0.0,-0.1,0.1
COL9A2,1,40307477,NM_001852.4:c.977A>G,NP_001843.1:p.Gln326Arg,0.260,12.54,['Benign'],190.33,0.96,0.0,-0.1,0.1
COL9A2,1,40307477,NM_001852.4:c.977A>C,NP_001843.1:p.Gln326Pro,0.287,15.66,['Likely%20benign'],190.33,0.96,0.0,-0.0,0.0
COL9A2,1,40307477,NM_001852.4:c.976_977inv,NP_001843.1:p.Gln326Trp,,,['Benign'],190.33,0.96,0.0,-0.1,0.1
COL9A2,1,40307478,NM_001852.4:c.976C>A,NP_001843.1:p.Gln326Lys,0.302,12.33,['Likely%20benign'],190.33,0.96,0.0,0.1,0.1
COL9A2,1,40307483,NM_001852.4:c.971C>T,NP_001843.1:p.Ala324Val,0.148,15.01,['Unknown%20significance'],119.73,0.94,0.0,-0.1,0.1
COL9A2,1,40307487,NM_001852.4:c.967C>A,NP_001843.1:p.Gln323Lys,0.268,15.41,['Unknown%20significance'],202.59,1.0,0.0,0.1,0.1
COL9A2,1,40307489,NM_001852.4:c.965G>T,NP_001843.1:p.Gly322Val,0.931,24.9,['Unknown%20significance'],84.18,0.88,0.0,0.1,0.1
COL9A2,1,40307492,NM_001852.4:c.962C>T,NP_001843.1:p.Ala321Val,0.141,13.34,['Likely%20benign'],113.84,0.89,0.0,-0.1,0.1
COL9A2,1,40307492,NM_001852.4:c.962C>A,NP_001843.1:p.Ala321Glu,0.157,14.92,['Unknown%20significance'],113.84,0.89,0.0,0.1,0.1
COL9A2,1,40307493,NM_001852.4:c.961G>A,NP_001843.1:p.Ala321Thr,0.095,10.98,['Likely%20benign'],113.84,0.89,0.0,-0.2,0.2
COL9A2,1,40307495,NM_001852.4:c.959G>A,NP_001843.1:p.Ser320Asn,0.153,9.105,['Unknown%20significance'],136.61,0.99,0.0,0.0,0.0
COL9A2,1,40307498,NM_001852.4:c.956G>A,NP_001843.1:p.Gly319Asp,0.954,27.8,['Unknown%20significance'],65.17,0.68,0.0,0.6,0.6
COL9A2,1,40307499,NM_001852.4:c.955G>T,NP_001843.1:p.Gly319Cys,0.946,33,['Unknown%20significance'],65.17,0.68,0.0,0.5,0.5
COL9A2,1,40307499,NM_001852.4:c.955G>A,NP_001843.1:p.Gly319Ser,0.928,32,['Unknown%20significance'],65.17,0.68,0.0,0.4,0.4
COL9A2,1,40307707,NM_001852.4:c.950T>G,NP_001843.1:p.Met317Arg,0.276,21.9,['Likely%20benign'],208.02,0.96,0.0,0.0,0.0
COL9A2,1,40307707,NM_001852.4:c.950T>C,NP_001843.1:p.Met317Thr,0.231,15.77,['Likely%20benign'],208.02,0.96,0.0,0.0,0.0
COL9A2,1,40307710,NM_001852.4:c.947G>C,NP_001843.1:p.Gly316Ala,0.931,24.6,['Unknown%20significance'],83.3,0.87,0.0,0.2,0.2
COL9A2,1,40307710,NM_001852.4:c.947G>A,NP_001843.1:p.Gly316Asp,0.957,25.0,['Unknown%20significance'],83.3,0.87,0.0,0.3,0.3
COL9A2,1,40307711,NM_001852.4:c.946G>C,NP_001843.1:p.Gly316Arg,0.937,25.6,['Unknown%20significance'],83.3,0.87,0.0,0.2,0.2
COL9A2,1,40307716,NM_001852.4:c.941C>T,NP_001843.1:p.Thr314Met,0.245,1.415,['Unknown%20significance'],144.19,0.91,0.0,-0.0,0.0
COL9A2,1,40307717,NM_001852.4:c.940A>G,NP_001843.1:p.Thr314Ala,0.284,22.6,['Likely%20benign'],144.19,0.91,0.0,0.1,0.1
COL9A2,1,40307722,NM_001852.4:c.935C>G,NP_001843.1:p.Pro312Arg,0.694,24.6,['Unknown%20significance'],149.51,0.95,0.0,-0.1,0.1
COL9A2,1,40307723,NM_001852.4:c.934C>T,NP_001843.1:p.Pro312Ser,0.450,22.6,['Unknown%20significance'],149.51,0.95,0.0,-0.0,0.0
COL9A2,1,40307723,NM_001852.4:c.934C>G,NP_001843.1:p.Pro312Ala,0.512,22.4,['Unknown%20significance'],149.51,0.95,0.0,0.0,0.0
COL9A2,1,40307725,NM_001852.4:c.932C>A,NP_001843.1:p.Thr311Asn,0.442,22.3,['Unknown%20significance'],157.5,1.0,0.0,0.1,0.1
COL9A2,1,40307729,NM_001852.4:c.928G>C,NP_001843.1:p.Gly310Arg,0.895,23.1,['Unknown%20significance'],73.48,0.77,0.0,0.2,0.2
COL9A2,1,40307729,NM_001852.4:c.928G>A,NP_001843.1:p.Gly310Arg,0.895,23.4,['Unknown%20significance'],73.48,0.77,0.0,0.2,0.2
COL9A2,1,40307730,NM_001852.4:c.927T>G,NP_001843.1:p.Asp309Glu,0.405,1.395,['Unknown%20significance'],154.09,0.96,0.0,0.0,0.0
COL9A2,1,40307731,NM_001852.4:c.926A>T,NP_001843.1:p.Asp309Val,0.568,25.4,['Unknown%20significance'],154.09,0.96,0.0,-0.1,0.1
COL9A2,1,40307731,NM_001852.4:c.926A>G,NP_001843.1:p.Asp309Gly,0.614,29.6,['Unknown%20significance'],154.09,0.96,0.0,0.1,0.1
COL9A2,1,40307732,NM_001852.4:c.925G>A,NP_001843.1:p.Asp309Asn,0.444,24.0,['Unknown%20significance'],154.09,0.96,0.0,-0.0,0.0
COL9A2,1,40307734,NM_001852.4:c.923A>G,NP_001843.1:p.Lys308Arg,0.531,23.1,['Unknown%20significance'],249.95,1.0,0.0,-0.1,0.1
COL9A2,1,40307735,NM_001852.4:c.922A>C,NP_001843.1:p.Lys308Gln,0.575,24.1,['Unknown%20significance'],249.95,1.0,0.0,-0.0,0.0
COL9A2,1,40307737,NM_001852.4:c.920G>C,NP_001843.1:p.Gly307Ala,0.915,23.6,['Unknown%20significance'],53.46,0.56,0.0,0.4,0.4
COL9A2,1,40307738,NM_001852.4:c.919G>T,NP_001843.1:p.Gly307Cys,0.947,24.5,['Unknown%20significance'],53.46,0.56,0.0,0.7,0.7
COL9A2,1,40307738,NM_001852.4:c.919G>A,NP_001843.1:p.Gly307Ser,0.937,24.2,['Unknown%20significance'],53.46,0.56,0.0,0.5,0.5
COL9A2,1,40307739,NM_001852.4:c.918C>A,NP_001843.1:p.Asn306Lys,0.325,1.704,['Unknown%20significance'],173.0,1.0,0.0,0.0,0.0
COL9A2,1,40307746,NM_001852.4:c.911G>T,NP_001843.1:p.Gly304Val,0.927,23.9,['Unknown%20significance'],73.58,0.77,0.0,0.3,0.3
COL9A2,1,40307746,NM_001852.4:c.911G>A,NP_001843.1:p.Gly304Asp,0.922,23.9,['Unknown%20significance'],73.58,0.77,0.0,0.5,0.5
COL9A2,1,40307747,NM_001852.4:c.910G>A,NP_001843.1:p.Gly304Ser,0.818,24.1,['Unknown%20significance'],73.58,0.77,0.0,0.3,0.3
COL9A2,1,40307750,NM_001852.4:c.907C>G,NP_001843.1:p.Pro303Ala,0.591,23.2,['Unknown%20significance'],144.41,0.91,0.0,0.0,0.0
COL9A2,1,40307750,NM_001852.4:c.907C>A,NP_001843.1:p.Pro303Thr,0.610,23.5,['Unknown%20significance'],144.41,0.91,0.0,-0.1,0.1
COL9A2,1,40307752,NM_001852.4:c.905C>T,NP_001843.1:p.Pro302Leu,0.279,15.44,['Unknown%20significance'],156.31,0.99,0.0,0.0,0.0
COL9A2,1,40307752,NM_001852.4:c.905C>G,NP_001843.1:p.Pro302Arg,0.402,22.3,['Unknown%20significance'],156.31,0.99,0.0,0.0,0.0
COL9A2,1,40307753,NM_001852.4:c.904C>T,NP_001843.1:p.Pro302Ser,0.272,11.89,['Unknown%20significance'],156.31,0.99,0.0,0.1,0.1
COL9A2,1,40307753,NM_001852.4:c.904C>A,NP_001843.1:p.Pro302Thr,0.309,12.35,['Unknown%20significance'],156.31,0.99,0.0,0.0,0.0
COL9A2,1,40307755,NM_001852.4:c.902G>T,NP_001843.1:p.Gly301Val,0.887,23.7,['Unknown%20significance'],52.7,0.55,0.0,0.5,0.5
COL9A2,1,40307755,NM_001852.4:c.902G>C,NP_001843.1:p.Gly301Ala,0.812,22.3,['Unknown%20significance'],52.7,0.55,0.0,0.5,0.5
COL9A2,1,40307755,NM_001852.4:c.902G>A,NP_001843.1:p.Gly301Asp,0.884,24.4,['Unknown%20significance'],52.7,0.55,0.0,0.9,0.9
COL9A2,1,40307756,NM_001852.4:c.901G>A,NP_001843.1:p.Gly301Ser,0.733,24.0,['Unknown%20significance'],52.7,0.55,0.0,0.6,0.6
COL9A2,1,40308193,NM_001852.4:c.899C>T,NP_001843.1:p.Thr300Met,0.260,23.1,['Unknown%20significance'],105.1,0.66,0.0,0.1,0.1
COL9A2,1,40308196,NM_001852.4:c.896C>G,NP_001843.1:p.Ala299Gly,0.222,20.4,['Likely%20benign'],101.3,0.79,0.0,0.2,0.2
COL9A2,1,40308199,NM_001852.4:c.893G>C,NP_001843.1:p.Gly298Ala,0.950,24.8,['Unknown%20significance'],53.92,0.56,0.0,0.5,0.5
COL9A2,1,40308200,NM_001852.4:c.892G>A,NP_001843.1:p.Gly298Arg,0.925,26.9,['Unknown%20significance'],53.92,0.56,0.0,0.5,0.5
COL9A2,1,40308205,NM_001852.4:c.887C>T,NP_001843.1:p.Pro296Leu,0.414,24.0,['Unknown%20significance'],156.49,0.99,0.0,0.0,0.0
COL9A2,1,40308208,NM_001852.4:c.884G>T,NP_001843.1:p.Gly295Val,0.941,25.8,['Unknown%20significance'],62.12,0.65,0.0,0.4,0.4
COL9A2,1,40308208,NM_001852.4:c.884G>C,NP_001843.1:p.Gly295Ala,0.924,25.3,['Unknown%20significance'],62.12,0.65,0.0,0.4,0.4
COL9A2,1,40308208,NM_001852.4:c.884G>A,NP_001843.1:p.Gly295Asp,0.955,26.0,['Unknown%20significance'],62.12,0.65,0.0,0.7,0.7
COL9A2,1,40308211,NM_001852.4:c.881C>T,NP_001843.1:p.Thr294Ile,0.162,21.0,['Likely%20benign'],119.62,0.76,0.0,0.1,0.1
COL9A2,1,40308212,NM_001852.4:c.880A>G,NP_001843.1:p.Thr294Ala,0.148,15.07,['Unknown%20significance'],119.62,0.76,0.0,0.4,0.4
COL9A2,1,40308213,NM_001852.4:c.879C>G,NP_001843.1:p.Ile293Met,0.138,12.50,['Unknown%20significance'],217.31,1.0,0.0,0.0,0.0
COL9A2,1,40308215,NM_001852.4:c.877A>T,NP_001843.1:p.Ile293Phe,0.185,13.84,['Likely%20benign'],217.31,1.0,0.0,0.0,0.0
COL9A2,1,40308215,NM_001852.4:c.877A>C,NP_001843.1:p.Ile293Leu,0.219,9.133,['Likely%20benign'],217.31,1.0,0.0,0.0,0.0
COL9A2,1,40308217,NM_001852.4:c.875G>A,NP_001843.1:p.Gly292Glu,0.909,25.7,['Unknown%20significance'],65.09,0.68,0.0,0.7,0.7
COL9A2,1,40308218,NM_001852.4:c.874G>A,NP_001843.1:p.Gly292Arg,0.894,24.1,['Unknown%20significance'],65.09,0.68,0.0,0.4,0.4
COL9A2,1,40308224,NM_001852.4:c.868C>T,NP_001843.1:p.Pro290Ser,0.354,17.82,['Likely%20benign'],159.51,1.0,0.0,0.0,0.0
COL9A2,1,40308224,NM_001852.4:c.868C>G,NP_001843.1:p.Pro290Ala,0.336,16.27,['Likely%20benign'],159.51,1.0,0.0,0.1,0.1
COL9A2,1,40308226,NM_001852.4:c.866G>A,NP_001843.1:p.Gly289Glu,0.946,26.6,['Unknown%20significance'],52.74,0.55,0.0,0.8,0.8
COL9A2,1,40308227,NM_001852.4:c.865G>A,NP_001843.1:p.Gly289Arg,0.949,32,['Unknown%20significance'],52.74,0.55,0.0,0.5,0.5
COL9A2,1,40308229,NM_001852.4:c.863G>T,NP_001843.1:p.Arg288Leu,0.207,17.36,['Likely%20benign'],263.29,0.97,0.0,0.0,0.0
COL9A2,1,40308229,NM_001852.4:c.863G>C,NP_001843.1:p.Arg288Pro,0.206,12.65,['Unknown%20significance'],263.29,0.97,0.0,0.1,0.1
COL9A2,1,40308229,NM_001852.4:c.863G>A,NP_001843.1:p.Arg288His,0.390,17.35,['Unknown%20significance'],263.29,0.97,0.0,0.1,0.1
COL9A2,1,40308230,NM_001852.4:c.862C>T,NP_001843.1:p.Arg288Cys,0.446,24.2,['Unknown%20significance'],263.29,0.97,0.0,0.1,0.1
COL9A2,1,40308230,NM_001852.4:c.862C>A,NP_001843.1:p.Arg288Ser,0.207,23.7,['Likely%20benign'],263.29,0.97,0.0,0.1,0.1
COL9A2,1,40308232,NM_001852.4:c.860T>C,NP_001843.1:p.Ile287Thr,0.114,14.86,['Likely%20benign'],200.64,1.0,0.0,0.0,0.0
COL9A2,1,40308235,NM_001852.4:c.857G>A,NP_001843.1:p.Gly286Asp,0.937,26.1,['Unknown%20significance'],82.67,0.86,0.0,0.3,0.3
COL9A2,1,40308236,NM_001852.4:c.856G>C,NP_001843.1:p.Gly286Arg,0.963,26.4,['Unknown%20significance'],82.67,0.86,0.0,0.2,0.2
COL9A2,1,40308236,NM_001852.4:c.856G>A,NP_001843.1:p.Gly286Ser,0.960,26.2,['Unknown%20significance'],82.67,0.86,0.0,0.2,0.2
COL9A2,1,40308238,NM_001852.4:c.854C>T,NP_001843.1:p.Pro285Leu,0.312,18.38,['Unknown%20significance'],132.16,0.84,0.0,-0.1,0.1
COL9A2,1,40308239,NM_001852.4:c.853C>T,NP_001843.1:p.Pro285Ser,0.275,22.5,['Unknown%20significance'],132.16,0.84,0.0,-0.0,0.0
COL9A2,1,40308244,NM_001852.4:c.848G>A,NP_001843.1:p.Gly283Asp,0.968,30,['Unknown%20significance'],65.46,0.68,0.0,0.7,0.7
COL9A2,1,40308245,NM_001852.4:c.847G>A,NP_001843.1:p.Gly283Ser,0.956,33,['Unknown%20significance'],65.46,0.68,0.0,0.5,0.5
COL9A2,1,40309939,NM_001852.4:c.845A>G,NP_001843.1:p.Glu282Gly,0.189,22.7,['Unknown%20significance'],168.13,0.86,0.0,0.1,0.1
COL9A2,1,40309939,NM_001852.4:c.845A>C,NP_001843.1:p.Glu282Ala,0.221,16.89,['Unknown%20significance'],168.13,0.86,0.0,-0.0,0.0
COL9A2,1,40309940,NM_001852.4:c.844G>A,NP_001843.1:p.Glu282Lys,0.147,4.036,['Unknown%20significance'],168.13,0.86,0.0,-0.0,0.0
COL9A2,1,40309941,NM_001852.4:c.843C>G,NP_001843.1:p.Asp281Glu,0.420,9.608,['Likely%20benign'],169.57,1.0,0.0,0.0,0.0
COL9A2,1,40309943,NM_001852.4:c.841G>A,NP_001843.1:p.Asp281Asn,0.475,23.9,['Unknown%20significance'],169.57,1.0,0.0,-0.0,0.0
COL9A2,1,40309945,NM_001852.4:c.839G>A,NP_001843.1:p.Gly280Asp,0.934,24.9,['Unknown%20significance'],62.62,0.65,0.0,0.7,0.7
COL9A2,1,40309946,NM_001852.4:c.838G>A,NP_001843.1:p.Gly280Ser,0.971,25.2,['Unknown%20significance'],62.62,0.65,0.0,0.4,0.4
COL9A2,1,40309952,NM_001852.4:c.832G>A,NP_001843.1:p.Glu278Lys,0.501,23.7,['Unknown%20significance'],193.29,0.98,0.0,0.0,0.0
COL9A2,1,40309954,NM_001852.4:c.830G>T,NP_001843.1:p.Gly277Val,0.959,25.7,['Unknown%20significance'],86.64,0.9,0.0,0.2,0.2
COL9A2,1,40309954,NM_001852.4:c.830G>A,NP_001843.1:p.Gly277Glu,0.957,26.0,['Unknown%20significance'],86.64,0.9,0.0,0.2,0.2
COL9A2,1,40309957,NM_001852.4:c.827C>T,NP_001843.1:p.Ala276Val,0.159,21.5,['Likely%20benign'],110.81,0.87,0.0,-0.1,0.1
COL9A2,1,40309957,NM_001852.4:c.827C>A,NP_001843.1:p.Ala276Asp,0.210,19.53,['Unknown%20significance'],110.81,0.87,0.0,0.1,0.1
COL9A2,1,40309960,NM_001852.4:c.824G>A,NP_001843.1:p.Arg275Gln,0.277,20.3,['Unknown%20significance'],278.45,1.0,0.0,0.0,0.0
COL9A2,1,40309963,NM_001852.4:c.821G>T,NP_001843.1:p.Gly274Val,0.960,24.8,['Unknown%20significance'],79.78,0.83,0.0,0.2,0.2
COL9A2,1,40309964,NM_001852.4:c.820G>A,NP_001843.1:p.Gly274Ser,0.977,25.4,['Unknown%20significance'],79.78,0.83,0.0,0.2,0.2
COL9A2,1,40309966,NM_001852.4:c.818C>G,NP_001843.1:p.Pro273Arg,0.598,23.8,['Unknown%20significance'],115.71,0.73,0.0,-0.1,0.1
COL9A2,1,40309969,NM_001852.4:c.815C>T,NP_001843.1:p.Pro272Leu,0.757,24.3,['Unknown%20significance'],155.89,0.99,0.0,0.0,0.0
COL9A2,1,40309969,NM_001852.4:c.815C>G,NP_001843.1:p.Pro272Arg,0.728,25.9,['Unknown%20significance'],155.89,0.99,0.0,0.0,0.0
COL9A2,1,40309972,NM_001852.4:c.812G>A,NP_001843.1:p.Gly271Glu,0.947,25.2,['Unknown%20significance'],48.96,0.51,0.0,0.9,0.9
COL9A2,1,40309973,NM_001852.4:c.811G>A,NP_001843.1:p.Gly271Arg,0.960,25.6,['Unknown%20significance'],48.96,0.51,0.0,0.5,0.5
COL9A2,1,40309975,NM_001852.4:c.809G>C,NP_001843.1:p.Arg270Thr,0.261,15.79,['Unknown%20significance'],239.34,0.88,0.0,-0.0,0.0
COL9A2,1,40309976,NM_001852.4:c.808A>G,NP_001843.1:p.Arg270Gly,0.345,20.5,['Unknown%20significance'],239.34,0.88,0.0,0.3,0.3
COL9A2,1,40309981,NM_001852.4:c.803G>A,NP_001843.1:p.Gly268Asp,0.945,26.3,['Unknown%20significance'],56.73,0.59,0.0,0.8,0.8
COL9A2,1,40309982,NM_001852.4:c.802G>T,NP_001843.1:p.Gly268Cys,0.946,26.9,['Unknown%20significance'],56.73,0.59,0.0,0.8,0.8
COL9A2,1,40309982,NM_001852.4:c.802G>A,NP_001843.1:p.Gly268Ser,0.941,26.1,['Unknown%20significance'],56.73,0.59,0.0,0.5,0.5
COL9A2,1,40309985,NM_001852.4:c.799G>A,NP_001843.1:p.Glu267Lys,0.568,24.9,['Unknown%20significance'],197.51,1.0,0.0,-0.0,0.0
COL9A2,1,40309990,NM_001852.4:c.794G>T,NP_001843.1:p.Gly265Val,0.962,29.9,['Unknown%20significance'],79.2,0.83,0.0,0.2,0.2
COL9A2,1,40309990,NM_001852.4:c.794G>A,NP_001843.1:p.Gly265Asp,0.960,31,['Unknown%20significance'],79.2,0.83,0.0,0.3,0.3
COL9A2,1,40309991,NM_001852.4:c.793G>C,NP_001843.1:p.Gly265Arg,0.965,32,['Unknown%20significance'],79.2,0.83,0.0,0.2,0.2
COL9A2,1,40309991,NM_001852.4:c.793G>A,NP_001843.1:p.Gly265Ser,0.961,32,['Unknown%20significance'],79.2,0.83,0.0,0.2,0.2
COL9A2,1,40310112,NM_001852.4:c.791C>T,NP_001843.1:p.Pro264Leu,0.339,22.8,['Unknown%20significance'],145.23,0.92,0.0,-0.0,0.0
COL9A2,1,40310113,NM_001852.4:c.790C>T,NP_001843.1:p.Pro264Ser,0.308,22.7,['Unknown%20significance'],145.23,0.92,0.0,-0.0,0.0
COL9A2,1,40310115,NM_001852.4:c.788C>T,NP_001843.1:p.Pro263Leu,0.278,17.16,['Likely%20benign'],155.99,0.99,0.0,0.0,0.0
COL9A2,1,40310116,NM_001852.4:c.787C>A,NP_001843.1:p.Pro263Thr,0.170,4.219,['Likely%20benign'],155.99,0.99,0.0,0.0,0.0
COL9A2,1,40310118,NM_001852.4:c.785G>A,NP_001843.1:p.Gly262Glu,0.710,22.4,['Unknown%20significance'],52.84,0.55,0.0,0.9,0.9
COL9A2,1,40310119,NM_001852.4:c.784G>A,NP_001843.1:p.Gly262Arg,0.596,22.8,['Unknown%20significance'],52.84,0.55,0.0,0.5,0.5
COL9A2,1,40310121,NM_001852.4:c.782C>G,NP_001843.1:p.Thr261Ser,0.241,14.92,['Likely%20benign'],144.37,0.91,0.0,0.1,0.1
COL9A2,1,40310121,NM_001852.4:c.782C>A,NP_001843.1:p.Thr261Asn,0.225,15.72,['Likely%20benign'],144.37,0.91,0.0,0.1,0.1
COL9A2,1,40310124,NM_001852.4:c.779C>T,NP_001843.1:p.Ala260Val,0.255,11.86,['Likely%20benign'],128.08,1.0,0.0,-0.0,0.0
COL9A2,1,40310127,NM_001852.4:c.776G>A,NP_001843.1:p.Gly259Asp,0.784,23.4,['Unknown%20significance'],69.88,0.73,0.0,0.6,0.6
COL9A2,1,40310128,NM_001852.4:c.775G>A,NP_001843.1:p.Gly259Ser,0.755,22.7,['Unknown%20significance'],69.88,0.73,0.0,0.4,0.4
COL9A2,1,40310130,NM_001852.4:c.773T>C,NP_001843.1:p.Ile258Thr,0.241,16.06,['Unknown%20significance'],164.92,0.84,0.0,0.0,0.0
COL9A2,1,40310131,NM_001852.4:c.772A>G,NP_001843.1:p.Ile258Val,0.232,0.001,['Likely%20benign'],164.92,0.84,0.0,0.0,0.0
COL9A2,1,40310133,NM_001852.4:c.770C>A,NP_001843.1:p.Ala257Asp,0.231,17.94,['Unknown%20significance'],133.69,1.0,0.0,0.1,0.1
COL9A2,1,40310134,NM_001852.4:c.769G>T,NP_001843.1:p.Ala257Ser,0.256,3.018,['Likely%20benign'],133.69,1.0,0.0,0.0,0.0
COL9A2,1,40310134,NM_001852.4:c.769G>A,NP_001843.1:p.Ala257Thr,0.286,6.795,['Unknown%20significance'],133.69,1.0,0.0,-0.0,0.0
COL9A2,1,40310137,NM_001852.4:c.766G>A,NP_001843.1:p.Gly256Ser,0.862,24.8,['Unknown%20significance'],70.28,0.73,0.0,0.3,0.3
COL9A2,1,40310140,NM_001852.4:c.763G>A,NP_001843.1:p.Val255Met,0.166,17.80,['Unknown%20significance'],100.35,0.58,0.0,0.0,0.0
COL9A2,1,40310142,NM_001852.4:c.761T>C,NP_001843.1:p.Met254Thr,0.322,21.0,['Unknown%20significance'],231.66,1.0,0.0,0.0,0.0
COL9A2,1,40310143,NM_001852.4:c.760A>G,NP_001843.1:p.Met254Val,0.297,16.74,['Unknown%20significance'],231.66,1.0,0.0,0.0,0.0
COL9A2,1,40310146,NM_001852.4:c.757G>A,NP_001843.1:p.Gly253Ser,0.894,25.9,['Unknown%20significance'],64.63,0.67,0.0,0.3,0.3
COL9A2,1,40310149,NM_001852.4:c.754A>G,NP_001843.1:p.Lys252Glu,0.639,24.5,['Unknown%20significance'],202.59,0.85,0.0,0.0,0.0
COL9A2,1,40310151,NM_001852.4:c.752A>G,NP_001843.1:p.Tyr251Cys,0.605,25.0,['Unknown%20significance'],262.69,1.0,0.0,0.1,0.1
COL9A2,1,40310154,NM_001852.4:c.749G>C,NP_001843.1:p.Gly250Ala,0.894,26.3,['Unknown%20significance'],77.84,0.81,0.0,0.2,0.2
COL9A2,1,40310154,NM_001852.4:c.749G>A,NP_001843.1:p.Gly250Glu,0.882,26.1,['Unknown%20significance'],77.84,0.81,0.0,0.3,0.3
COL9A2,1,40310156,NM_001852.4:c.747T>G,NP_001843.1:p.His249Gln,0.228,8.812,['Unknown%20significance'],175.5,0.85,0.0,-0.0,0.0
COL9A2,1,40310160,NM_001852.4:c.743C>T,NP_001843.1:p.Pro248Leu,0.450,20.4,['Unknown%20significance'],170.92,1.0,0.0,0.0,0.0
COL9A2,1,40310161,NM_001852.4:c.742C>G,NP_001843.1:p.Pro248Ala,0.635,19.00,['Unknown%20significance'],170.92,1.0,0.0,0.0,0.0
COL9A2,1,40310161,NM_001852.4:c.742C>A,NP_001843.1:p.Pro248Thr,0.639,23.2,['Unknown%20significance'],170.92,1.0,0.0,0.0,0.0
COL9A2,1,40310164,NM_001852.4:c.739G>A,NP_001843.1:p.Gly247Ser,0.832,27.0,['Unknown%20significance'],46.6,0.48,0.0,0.6,0.6
COL9A2,1,40310265,NM_001852.4:c.737C>T,NP_001843.1:p.Thr246Met,0.210,0.408,['Benign'],98.24,0.62,0.0,0.1,0.1
COL9A2,1,40310271,NM_001852.4:c.731G>T,NP_001843.1:p.Gly244Val,0.781,23.6,['Unknown%20significance'],68.59,0.71,0.0,0.4,0.4
COL9A2,1,40310271,NM_001852.4:c.731G>C,NP_001843.1:p.Gly244Ala,0.680,21.2,['Unknown%20significance'],68.59,0.71,0.0,0.4,0.4
COL9A2,1,40310271,NM_001852.4:c.731G>A,NP_001843.1:p.Gly244Glu,0.685,22.1,['Unknown%20significance'],68.59,0.71,0.0,0.5,0.5
COL9A2,1,40310272,NM_001852.4:c.730G>A,NP_001843.1:p.Gly244Arg,0.837,22.9,['Unknown%20significance'],68.59,0.71,0.0,0.3,0.3
COL9A2,1,40310277,NM_001852.4:c.725C>G,NP_001843.1:p.Pro242Arg,0.489,22.9,['Unknown%20significance'],160.38,1.0,0.0,0.0,0.0
COL9A2,1,40310277,NM_001852.4:c.725C>A,NP_001843.1:p.Pro242His,0.620,23.1,['Unknown%20significance'],160.38,1.0,0.0,0.1,0.1
COL9A2,1,40310278,NM_001852.4:c.724C>T,NP_001843.1:p.Pro242Ser,0.329,16.36,['Unknown%20significance'],160.38,1.0,0.0,0.0,0.0
COL9A2,1,40310280,NM_001852.4:c.722G>A,NP_001843.1:p.Gly241Glu,0.980,24.3,['Unknown%20significance'],70.29,0.73,0.0,0.5,0.5
COL9A2,1,40310283,NM_001852.4:c.719C>T,NP_001843.1:p.Ala240Val,0.115,16.14,['Likely%20benign'],111.0,0.87,0.0,-0.1,0.1
COL9A2,1,40310284,NM_001852.4:c.718G>T,NP_001843.1:p.Ala240Ser,0.175,16.09,['Likely%20benign'],111.0,0.87,0.0,-0.0,0.0
COL9A2,1,40310285,NM_001852.4:c.717G>C,NP_001843.1:p.Met239Ile,0.307,10.84,['Unknown%20significance'],232.08,1.0,0.0,0.0,0.0
COL9A2,1,40310286,NM_001852.4:c.716T>A,NP_001843.1:p.Met239Lys,0.467,22.2,['Unknown%20significance'],232.08,1.0,0.0,0.1,0.1
COL9A2,1,40310300,NM_001852.4:c.702G>C,NP_001843.1:p.Arg234Ser,0.678,24.5,['Unknown%20significance'],209.65,0.77,0.0,0.2,0.2
COL9A2,1,40310301,NM_001852.4:c.701G>A,NP_001843.1:p.Arg234Lys,0.556,24.1,['Unknown%20significance'],209.65,0.77,0.0,0.2,0.2
COL9A2,1,40310307,NM_001852.4:c.695G>T,NP_001843.1:p.Gly232Val,0.964,25.8,['Unknown%20significance'],63.67,0.66,0.0,0.4,0.4
COL9A2,1,40310308,NM_001852.4:c.694G>A,NP_001843.1:p.Gly232Ser,0.965,26.3,['Unknown%20significance'],63.67,0.66,0.0,0.4,0.4
COL9A2,1,40310313,NM_001852.4:c.689C>T,NP_001843.1:p.Pro230Leu,0.670,26.8,['Unknown%20significance'],173.44,1.0,0.0,0.0,0.0
COL9A2,1,40310314,NM_001852.4:c.688C>T,NP_001843.1:p.Pro230Ser,0.695,23.9,['Unknown%20significance'],173.44,1.0,0.0,0.0,0.0
COL9A2,1,40310317,NM_001852.4:c.685G>C,NP_001843.1:p.Gly229Arg,0.957,32,['Unknown%20significance'],58.71,0.61,0.0,0.4,0.4
COL9A2,1,40310317,NM_001852.4:c.685G>A,NP_001843.1:p.Gly229Ser,0.958,32,['Unknown%20significance'],58.71,0.61,0.0,0.4,0.4
COL9A2,1,40310715,NM_001852.4:c.683C>T,NP_001843.1:p.Pro228Leu,0.569,32,['Unknown%20significance'],148.52,0.94,0.0,-0.0,0.0
COL9A2,1,40310715,NM_001852.4:c.683C>A,NP_001843.1:p.Pro228Gln,0.484,29.8,['Unknown%20significance'],148.52,0.94,0.0,0.0,0.0
COL9A2,1,40310716,NM_001852.4:c.682C>T,NP_001843.1:p.Pro228Ser,0.596,25.9,['Likely%20benign'],148.52,0.94,0.0,0.0,0.0
COL9A2,1,40310716,NM_001852.4:c.682C>G,NP_001843.1:p.Pro228Ala,0.549,27.8,['Unknown%20significance'],148.52,0.94,0.0,0.1,0.1
COL9A2,1,40310716,NM_001852.4:c.682C>A,NP_001843.1:p.Pro228Thr,0.566,25.3,['Unknown%20significance'],148.52,0.94,0.0,-0.1,0.1
COL9A2,1,40310718,NM_001852.4:c.680C>T,NP_001843.1:p.Pro227Leu,0.589,24.0,['Unknown%20significance'],155.89,0.99,0.0,0.0,0.0
COL9A2,1,40310718,NM_001852.4:c.680C>A,NP_001843.1:p.Pro227Gln,0.547,26.0,['Unknown%20significance'],155.89,0.99,0.0,0.1,0.1
COL9A2,1,40310719,NM_001852.4:c.679C>T,NP_001843.1:p.Pro227Ser,0.544,25.8,['Unknown%20significance'],155.89,0.99,0.0,0.1,0.1
COL9A2,1,40310719,NM_001852.4:c.679C>A,NP_001843.1:p.Pro227Thr,0.573,23.9,['Unknown%20significance'],155.89,0.99,0.0,0.1,0.1
COL9A2,1,40310721,NM_001852.4:c.677G>T,NP_001843.1:p.Gly226Val,0.976,28.8,['Unknown%20significance'],56.42,0.59,0.0,0.4,0.4
COL9A2,1,40310721,NM_001852.4:c.677G>A,NP_001843.1:p.Gly226Glu,0.980,27.2,['Unknown%20significance'],56.42,0.59,0.0,0.7,0.7
COL9A2,1,40310722,NM_001852.4:c.676G>C,NP_001843.1:p.Gly226Arg,0.983,28.1,['Unknown%20significance'],56.42,0.59,0.0,0.4,0.4
COL9A2,1,40310722,NM_001852.4:c.676G>A,NP_001843.1:p.Gly226Arg,0.983,32,['Unknown%20significance'],56.42,0.59,0.0,0.4,0.4
COL9A2,1,40310724,NM_001852.4:c.674C>A,NP_001843.1:p.Pro225His,0.669,27.0,['Unknown%20significance'],127.9,0.81,0.0,0.0,0.0
COL9A2,1,40310725,NM_001852.4:c.673C>T,NP_001843.1:p.Pro225Ser,0.645,26.4,['Unknown%20significance'],127.9,0.81,0.0,0.0,0.0
COL9A2,1,40310725,NM_001852.4:c.673C>G,NP_001843.1:p.Pro225Ala,0.551,23.9,['Unknown%20significance'],127.9,0.81,0.0,0.1,0.1
COL9A2,1,40310725,NM_001852.4:c.673C>A,NP_001843.1:p.Pro225Thr,0.521,26.0,['Unknown%20significance'],127.9,0.81,0.0,-0.1,0.1
COL9A2,1,40310727,NM_001852.4:c.671T>C,NP_001843.1:p.Ile224Thr,0.472,24.6,['Unknown%20significance'],194.89,0.99,0.0,0.0,0.0
COL9A2,1,40310727,NM_001852.4:c.671T>A,NP_001843.1:p.Ile224Asn,0.517,25.0,['Unknown%20significance'],194.89,0.99,0.0,0.1,0.1
COL9A2,1,40310730,NM_001852.4:c.668G>T,NP_001843.1:p.Gly223Val,0.953,26.4,['Unknown%20significance'],65.36,0.68,0.0,0.4,0.4
COL9A2,1,40310730,NM_001852.4:c.668G>A,NP_001843.1:p.Gly223Asp,0.962,26.6,['Unknown%20significance'],65.36,0.68,0.0,0.6,0.6
COL9A2,1,40310731,NM_001852.4:c.667G>T,NP_001843.1:p.Gly223Cys,0.956,27.7,['Unknown%20significance'],65.36,0.68,0.0,0.6,0.6
COL9A2,1,40310731,NM_001852.4:c.667G>A,NP_001843.1:p.Gly223Ser,0.962,26.7,['Unknown%20significance'],65.36,0.68,0.0,0.4,0.4
COL9A2,1,40310732,NM_001852.4:c.666A>T,NP_001843.1:p.Gln222His,0.573,25.8,['Unknown%20significance'],170.02,0.85,0.0,0.0,0.0
COL9A2,1,40310733,NM_001852.4:c.665A>T,NP_001843.1:p.Gln222Leu,0.555,23.6,['Unknown%20significance'],170.02,0.85,0.0,-0.0,0.0
COL9A2,1,40310733,NM_001852.4:c.665A>G,NP_001843.1:p.Gln222Arg,0.483,25.0,['Unknown%20significance'],170.02,0.85,0.0,-0.1,0.1
COL9A2,1,40310734,NM_001852.4:c.664C>G,NP_001843.1:p.Gln222Glu,0.486,22.4,['Unknown%20significance'],170.02,0.85,0.0,0.1,0.1
COL9A2,1,40310734,NM_001852.4:c.664C>A,NP_001843.1:p.Gln222Lys,0.472,22.7,['Unknown%20significance'],170.02,0.85,0.0,0.1,0.1
COL9A2,1,40310735,NM_001852.4:c.663G>T,NP_001843.1:p.Glu221Asp,0.506,22.2,['Unknown%20significance'],220.66,1.0,0.0,-0.0,0.0
COL9A2,1,40310736,NM_001852.4:c.662A>G,NP_001843.1:p.Glu221Gly,0.724,32,['Unknown%20significance'],220.66,1.0,0.0,0.1,0.1
COL9A2,1,40310737,NM_001852.4:c.661G>A,NP_001843.1:p.Glu221Lys,0.716,28.6,['Unknown%20significance'],220.66,1.0,0.0,0.0,0.0
COL9A2,1,40310739,NM_001852.4:c.659G>T,NP_001843.1:p.Gly220Val,0.952,31,['Unknown%20significance'],66.88,0.7,0.0,0.3,0.3
COL9A2,1,40310739,NM_001852.4:c.659G>C,NP_001843.1:p.Gly220Ala,0.968,25.8,['Unknown%20significance'],66.88,0.7,0.0,0.3,0.3
COL9A2,1,40310739,NM_001852.4:c.659G>A,NP_001843.1:p.Gly220Glu,0.957,25.8,['Unknown%20significance'],66.88,0.7,0.0,0.5,0.5
COL9A2,1,40310740,NM_001852.4:c.658G>A,NP_001843.1:p.Gly220Arg,0.968,31,['Unknown%20significance'],66.88,0.7,0.0,0.3,0.3
COL9A2,1,40310742,NM_001852.4:c.656C>T,NP_001843.1:p.Ser219Phe,0.600,24.6,['Unknown%20significance'],122.74,0.89,0.0,-0.0,0.0
COL9A2,1,40310742,NM_001852.4:c.656C>A,NP_001843.1:p.Ser219Tyr,0.621,24.0,['Unknown%20significance'],122.74,0.89,0.0,-0.1,0.1
COL9A2,1,40310743,NM_001852.4:c.655T>C,NP_001843.1:p.Ser219Pro,0.066,22.6,['Unknown%20significance'],122.74,0.89,0.0,0.0,0.0
COL9A2,1,40310743,NM_001852.4:c.655T>A,NP_001843.1:p.Ser219Thr,0.322,18.75,['Unknown%20significance'],122.74,0.89,0.0,-0.1,0.1
COL9A2,1,40310745,NM_001852.4:c.653C>T,NP_001843.1:p.Ala218Val,0.150,22.1,['Likely%20benign'],123.87,0.97,0.0,-0.1,0.1
COL9A2,1,40310745,NM_001852.4:c.653C>A,NP_001843.1:p.Ala218Asp,0.235,21.4,['Likely%20benign'],123.87,0.97,0.0,0.0,0.0
COL9A2,1,40310746,NM_001852.4:c.652G>T,NP_001843.1:p.Ala218Ser,0.203,16.12,['Likely%20benign'],123.87,0.97,0.0,-0.0,0.0
COL9A2,1,40310746,NM_001852.4:c.652G>A,NP_001843.1:p.Ala218Thr,0.203,18.57,['Likely%20benign'],123.87,0.97,0.0,-0.0,0.0
COL9A2,1,40310748,NM_001852.4:c.650G>T,NP_001843.1:p.Gly217Val,0.971,26.8,['Unknown%20significance'],76.02,0.79,0.0,0.3,0.3
COL9A2,1,40310748,NM_001852.4:c.650G>A,NP_001843.1:p.Gly217Asp,0.964,27.1,['Unknown%20significance'],76.02,0.79,0.0,0.4,0.4
COL9A2,1,40310749,NM_001852.4:c.649G>T,NP_001843.1:p.Gly217Cys,0.957,28.7,['Unknown%20significance'],76.02,0.79,0.0,0.4,0.4
COL9A2,1,40310749,NM_001852.4:c.649G>A,NP_001843.1:p.Gly217Ser,0.932,27.3,['Unknown%20significance'],76.02,0.79,0.0,0.2,0.2
COL9A2,1,40310751,NM_001852.4:c.647T>C,NP_001843.1:p.Val216Ala,0.190,18.71,['Unknown%20significance'],128.82,0.74,0.0,0.2,0.2
COL9A2,1,40310752,NM_001852.4:c.646G>T,NP_001843.1:p.Val216Leu,0.196,18.04,['Unknown%20significance'],128.82,0.74,0.0,0.0,0.0
COL9A2,1,40310754,NM_001852.4:c.644A>G,NP_001843.1:p.Asp215Gly,0.469,26.3,['Unknown%20significance'],177.58,1.0,0.0,0.1,0.1
COL9A2,1,40310755,NM_001852.4:c.643G>T,NP_001843.1:p.Asp215Tyr,0.609,26.9,['Unknown%20significance'],177.58,1.0,0.0,-0.1,0.1
COL9A2,1,40310755,NM_001852.4:c.643G>A,NP_001843.1:p.Asp215Asn,0.289,24.0,['Unknown%20significance'],177.58,1.0,0.0,-0.0,0.0
COL9A2,1,40310757,NM_001852.4:c.641G>T,NP_001843.1:p.Gly214Val,0.938,29.3,['Unknown%20significance'],59.31,0.62,0.0,0.5,0.5
COL9A2,1,40310757,NM_001852.4:c.641G>A,NP_001843.1:p.Gly214Glu,0.967,26.8,['Unknown%20significance'],59.31,0.62,0.0,0.7,0.7
COL9A2,1,40310758,NM_001852.4:c.640G>C,NP_001843.1:p.Gly214Arg,0.960,27.2,['Unknown%20significance'],59.31,0.62,0.0,0.4,0.4
COL9A2,1,40310758,NM_001852.4:c.640G>A,NP_001843.1:p.Gly214Arg,0.960,27.5,['Unknown%20significance'],59.31,0.62,0.0,0.4,0.4
COL9A2,1,40310759,NM_001852.4:c.639G>T,NP_001843.1:p.Lys213Asn,0.503,22.7,['Unknown%20significance'],199.08,0.84,0.0,-0.0,0.0
COL9A2,1,40310760,NM_001852.4:c.638A>T,NP_001843.1:p.Lys213Met,0.663,27.7,['Unknown%20significance'],199.08,0.84,0.0,-0.1,0.1
COL9A2,1,40310760,NM_001852.4:c.638A>G,NP_001843.1:p.Lys213Arg,0.502,25.6,['Unknown%20significance'],199.08,0.84,0.0,-0.2,0.2
COL9A2,1,40310761,NM_001852.4:c.637A>G,NP_001843.1:p.Lys213Glu,0.553,23.4,['Unknown%20significance'],199.08,0.84,0.0,0.1,0.1
COL9A2,1,40310763,NM_001852.4:c.635C>T,NP_001843.1:p.Pro212Leu,0.384,22.7,['Unknown%20significance'],157.73,1.0,0.0,0.0,0.0
COL9A2,1,40310763,NM_001852.4:c.635C>A,NP_001843.1:p.Pro212His,0.575,26.0,['Unknown%20significance'],157.73,1.0,0.0,0.1,0.1
COL9A2,1,40310764,NM_001852.4:c.634C>A,NP_001843.1:p.Pro212Thr,0.484,23.5,['Unknown%20significance'],157.73,1.0,0.0,0.0,0.0
COL9A2,1,40310766,NM_001852.4:c.632G>T,NP_001843.1:p.Gly211Val,0.968,31,['Unknown%20significance'],68.71,0.72,0.0,0.4,0.4
COL9A2,1,40310766,NM_001852.4:c.632G>A,NP_001843.1:p.Gly211Asp,0.975,31,['Unknown%20significance'],68.71,0.72,0.0,0.5,0.5
COL9A2,1,40310767,NM_001852.4:c.631G>T,NP_001843.1:p.Gly211Cys,0.970,33,['Unknown%20significance'],68.71,0.72,0.0,0.5,0.5
COL9A2,1,40310767,NM_001852.4:c.631G>A,NP_001843.1:p.Gly211Ser,0.974,33,['Unknown%20significance'],68.71,0.72,0.0,0.3,0.3
COL9A2,1,40311094,NM_001852.4:c.629C>T,NP_001843.1:p.Pro210Leu,0.340,23.8,['Unknown%20significance'],128.55,0.81,0.0,-0.0,0.0
COL9A2,1,40311094,NM_001852.4:c.629C>G,NP_001843.1:p.Pro210Arg,0.397,25.5,['Unknown%20significance'],128.55,0.81,0.0,-0.1,0.1
COL9A2,1,40311094,NM_001852.4:c.629C>A,NP_001843.1:p.Pro210Gln,0.360,25.0,['Unknown%20significance'],128.55,0.81,0.0,0.0,0.0
COL9A2,1,40311096,NM_001852.4:c.627G>C,NP_001843.1:p.Lys209Asn,0.344,23.9,['Unknown%20significance'],236.19,0.99,0.0,-0.0,0.0
COL9A2,1,40311101,NM_001852.4:c.622G>C,NP_001843.1:p.Gly208Arg,0.959,27.3,['Unknown%20significance'],35.66,0.37,0.0,0.5,0.5
COL9A2,1,40311103,NM_001852.4:c.620A>G,NP_001843.1:p.Gln207Arg,0.234,23.3,['Likely%20benign'],113.91,0.57,0.0,-0.2,0.2
COL9A2,1,40311104,NM_001852.4:c.619C>G,NP_001843.1:p.Gln207Glu,0.222,21.9,['Unknown%20significance'],113.91,0.57,0.0,0.3,0.3
COL9A2,1,40311105,NM_001852.4:c.618C>G,NP_001843.1:p.His206Gln,0.273,16.10,['Unknown%20significance'],124.18,0.6,0.0,0.0,0.0
COL9A2,1,40311106,NM_001852.4:c.617A>G,NP_001843.1:p.His206Arg,0.272,8.859,['Likely%20benign'],124.18,0.6,0.0,-0.2,0.2
COL9A2,1,40311110,NM_001852.4:c.613G>T,NP_001843.1:p.Gly205Cys,0.936,27.9,['Unknown%20significance'],36.98,0.38,0.0,0.7,0.7
COL9A2,1,40311113,NM_001852.4:c.610C>T,NP_001843.1:p.Pro204Ser,0.220,15.46,['Likely%20benign'],111.48,0.7,0.0,0.0,0.0
COL9A2,1,40311116,NM_001852.4:c.607G>A,NP_001843.1:p.Asp203Asn,0.459,26.3,['Unknown%20significance'],39.07,0.24,0.0,-0.2,0.2
COL9A2,1,40311127,NM_001852.4:c.596G>A,NP_001843.1:p.Gly199Glu,0.944,23.8,['Unknown%20significance'],8.54,0.08,0.0,1.4,1.4
COL9A2,1,40311128,NM_001852.4:c.595G>A,NP_001843.1:p.Gly199Arg,0.945,24.3,['Unknown%20significance'],8.54,0.08,0.0,0.5,0.5
COL9A2,1,40311130,NM_001852.4:c.593G>A,NP_001843.1:p.Arg198His,0.297,20.3,['Unknown%20significance'],181.31,0.67,0.0,0.3,0.3
COL9A2,1,40311131,NM_001852.4:c.592C>T,NP_001843.1:p.Arg198Cys,0.440,24.7,['Unknown%20significance'],181.31,0.67,0.0,0.4,0.4
COL9A2,1,40311131,NM_001852.4:c.592C>G,NP_001843.1:p.Arg198Gly,0.264,20.1,['Unknown%20significance'],181.31,0.67,0.0,0.7,0.7
COL9A2,1,40311136,NM_001852.4:c.587G>T,NP_001843.1:p.Gly196Val,0.884,23.5,['Unknown%20significance'],11.16,0.11,0.0,0.9,0.9
COL9A2,1,40311136,NM_001852.4:c.587G>A,NP_001843.1:p.Gly196Asp,0.906,23.6,['Unknown%20significance'],11.16,0.11,0.0,1.3,1.3
COL9A2,1,40311137,NM_001852.4:c.586G>A,NP_001843.1:p.Gly196Ser,0.889,23.4,['Unknown%20significance'],11.16,0.11,0.0,0.9,0.9
COL9A2,1,40311139,NM_001852.4:c.584C>T,NP_001843.1:p.Ala195Val,0.201,22.4,['Unknown%20significance'],69.91,0.54,0.0,-0.3,0.3
COL9A2,1,40311139,NM_001852.4:c.584C>A,NP_001843.1:p.Ala195Glu,0.181,17.86,['Likely%20benign'],69.91,0.54,0.0,0.1,0.1
COL9A2,1,40311142,NM_001852.4:c.581A>G,NP_001843.1:p.His194Arg,0.447,21.1,['Unknown%20significance'],118.24,0.57,0.0,-0.2,0.2
COL9A2,1,40311143,NM_001852.4:c.580C>T,NP_001843.1:p.His194Tyr,0.464,23.8,['Unknown%20significance'],118.24,0.57,0.0,-0.4,0.4
COL9A2,1,40311146,NM_001852.4:c.577G>T,NP_001843.1:p.Gly193Trp,0.961,29.9,['Unknown%20significance'],4.08,0.04,0.0,-0.0,0.0
COL9A2,1,40311234,NM_001852.4:c.572T>C,NP_001843.1:p.Val191Ala,0.630,24.5,['Unknown%20significance'],100.62,0.58,0.0,0.3,0.3
COL9A2,1,40311235,NM_001852.4:c.571G>A,NP_001843.1:p.Val191Met,0.396,22.6,['Unknown%20significance'],100.62,0.58,0.0,-0.1,0.1
COL9A2,1,40311237,NM_001852.4:c.569G>A,NP_001843.1:p.Gly190Glu,0.964,25.5,['Unknown%20significance'],12.5,0.13,0.0,1.3,1.3
COL9A2,1,40311243,NM_001852.4:c.563T>A,NP_001843.1:p.Leu188Gln,0.695,27.4,['Unknown%20significance'],119.49,0.61,0.0,0.3,0.3
COL9A2,1,40311244,NM_001852.4:c.562C>A,NP_001843.1:p.Leu188Met,0.521,24.3,['Benign'],119.49,0.61,0.0,-0.0,0.0
COL9A2,1,40311247,NM_001852.4:c.559G>T,NP_001843.1:p.Gly187Trp,0.952,25.6,['Unknown%20significance'],44.05,0.46,0.0,-0.0,0.0
COL9A2,1,40311249,NM_001852.4:c.557C>T,NP_001843.1:p.Pro186Leu,0.391,19.42,['Unknown%20significance'],91.52,0.58,0.0,-0.2,0.2
COL9A2,1,40311249,NM_001852.4:c.557C>G,NP_001843.1:p.Pro186Arg,0.307,17.33,['Likely%20benign'],91.52,0.58,0.0,-0.3,0.3
COL9A2,1,40311249,NM_001852.4:c.557C>A,NP_001843.1:p.Pro186Gln,0.264,8.711,['Likely%20benign'],91.52,0.58,0.0,-0.1,0.1
COL9A2,1,40311250,NM_001852.4:c.556C>T,NP_001843.1:p.Pro186Ser,0.382,18.85,['Likely%20benign'],91.52,0.58,0.0,0.0,0.0
COL9A2,1,40311250,NM_001852.4:c.556C>A,NP_001843.1:p.Pro186Thr,0.404,18.64,['Likely%20benign'],91.52,0.58,0.0,-0.2,0.2
COL9A2,1,40311252,NM_001852.4:c.554C>T,NP_001843.1:p.Pro185Leu,0.644,22.9,['Unknown%20significance'],83.88,0.53,0.0,0.2,0.2
COL9A2,1,40311252,NM_001852.4:c.554C>G,NP_001843.1:p.Pro185Arg,0.697,23.0,['Unknown%20significance'],83.88,0.53,0.0,0.2,0.2
COL9A2,1,40311253,NM_001852.4:c.553C>T,NP_001843.1:p.Pro185Ser,0.564,22.7,['Unknown%20significance'],83.88,0.53,0.0,0.4,0.4
COL9A2,1,40311253,NM_001852.4:c.553C>G,NP_001843.1:p.Pro185Ala,0.594,22.2,['Unknown%20significance'],83.88,0.53,0.0,0.4,0.4
COL9A2,1,40311256,NM_001852.4:c.550G>A,NP_001843.1:p.Gly184Ser,0.947,23.9,['Unknown%20significance'],26.14,0.27,0.0,0.6,0.6
COL9A2,1,40311260,NM_001852.4:c.546G>A,NP_001843.1:p.Met182Ile,0.206,8.988,['Likely%20benign'],188.21,0.86,0.0,0.0,0.0
COL9A2,1,40311262,NM_001852.4:c.544A>G,NP_001843.1:p.Met182Val,0.178,4.363,['Benign'],188.21,0.86,0.0,0.0,0.0
COL9A2,1,40311264,NM_001852.4:c.542G>T,NP_001843.1:p.Gly181Val,0.860,24.4,['Unknown%20significance'],57.04,0.59,0.0,0.1,0.1
COL9A2,1,40311265,NM_001852.4:c.541G>C,NP_001843.1:p.Gly181Arg,0.870,24.1,['Unknown%20significance'],57.04,0.59,0.0,0.1,0.1
COL9A2,1,40311265,NM_001852.4:c.541G>A,NP_001843.1:p.Gly181Arg,0.871,24.2,['Unknown%20significance'],57.04,0.59,0.0,0.1,0.1
COL9A2,1,40311267,NM_001852.4:c.539C>G,NP_001843.1:p.Pro180Arg,0.379,21.5,['Unknown%20significance'],148.21,0.94,0.0,0.0,0.0
COL9A2,1,40311267,NM_001852.4:c.539C>A,NP_001843.1:p.Pro180His,0.443,23.2,['Unknown%20significance'],148.21,0.94,0.0,0.0,0.0
COL9A2,1,40311268,NM_001852.4:c.538C>T,NP_001843.1:p.Pro180Ser,0.359,7.793,['Unknown%20significance'],148.21,0.94,0.0,0.1,0.1
COL9A2,1,40311268,NM_001852.4:c.538C>A,NP_001843.1:p.Pro180Thr,0.339,7.872,['Likely%20benign'],148.21,0.94,0.0,0.0,0.0
COL9A2,1,40311271,NM_001852.4:c.535C>G,NP_001843.1:p.Pro179Ala,0.724,24.2,['Unknown%20significance'],141.35,0.89,0.0,0.2,0.2
COL9A2,1,40311273,NM_001852.4:c.533G>A,NP_001843.1:p.Cys178Tyr,0.841,24.7,['Unknown%20significance'],114.78,0.74,0.0,0.2,0.2
COL9A2,1,40311276,NM_001852.4:c.530A>G,NP_001843.1:p.Asn177Ser,0.350,17.32,['Unknown%20significance'],141.13,0.88,0.0,0.0,0.0
COL9A2,1,40311276,NM_001852.4:c.530A>C,NP_001843.1:p.Asn177Thr,0.400,22.0,['Unknown%20significance'],141.13,0.88,0.0,-0.1,0.1
COL9A2,1,40311279,NM_001852.4:c.527C>T,NP_001843.1:p.Thr176Ile,0.366,23.5,['Unknown%20significance'],153.52,0.97,0.0,-0.0,0.0
COL9A2,1,40311280,NM_001852.4:c.526A>T,NP_001843.1:p.Thr176Ser,0.279,18.98,['Likely%20benign'],153.52,0.97,0.0,0.1,0.1
COL9A2,1,40311280,NM_001852.4:c.526A>G,NP_001843.1:p.Thr176Ala,0.296,19.68,['Likely%20benign'],153.52,0.97,0.0,0.0,0.0
COL9A2,1,40311285,NM_001852.4:c.521G>A,NP_001843.1:p.Cys174Tyr,0.803,32,['Unknown%20significance'],104.37,0.67,0.0,0.1,0.1
COL9A2,1,40311286,NM_001852.4:c.520T>C,NP_001843.1:p.Cys174Arg,0.741,32,['Unknown%20significance'],104.37,0.67,0.0,0.3,0.3
COL9A2,1,40311501,NM_001852.4:c.518T>G,NP_001843.1:p.Leu173Arg,0.562,26.3,['Unknown%20significance'],194.48,1.0,0.0,0.0,0.0
COL9A2,1,40311501,NM_001852.4:c.518T>C,NP_001843.1:p.Leu173Pro,0.694,28.1,['Unknown%20significance'],194.48,1.0,0.0,0.1,0.1
COL9A2,1,40311502,NM_001852.4:c.517C>A,NP_001843.1:p.Leu173Met,0.380,23.4,['Unknown%20significance'],194.48,1.0,0.0,0.0,0.0
COL9A2,1,40311504,NM_001852.4:c.515T>A,NP_001843.1:p.Phe172Tyr,0.554,23.3,['Unknown%20significance'],212.29,0.92,0.0,0.0,0.0
COL9A2,1,40311506,NM_001852.4:c.513T>A,NP_001843.1:p.Asp171Glu,0.524,19.78,['Likely%20benign'],113.27,0.7,0.0,0.0,0.0
COL9A2,1,40311510,NM_001852.4:c.509C>T,NP_001843.1:p.Ala170Val,0.446,28.9,['Unknown%20significance'],76.17,0.59,0.0,-0.3,0.3
COL9A2,1,40311514,NM_001852.4:c.505A>G,NP_001843.1:p.Ser169Gly,0.450,26.6,['Unknown%20significance'],121.8,0.88,0.0,0.2,0.2
COL9A2,1,40311516,NM_001852.4:c.503G>T,NP_001843.1:p.Gly168Val,0.657,25.6,['Unknown%20significance'],79.33,0.83,0.0,-0.1,0.1
COL9A2,1,40311522,NM_001852.4:c.497T>C,NP_001843.1:p.Leu166Pro,0.356,24.5,['Unknown%20significance'],193.77,1.0,0.0,0.1,0.1
COL9A2,1,40311525,NM_001852.4:c.494G>A,NP_001843.1:p.Gly165Asp,0.534,23.6,['Unknown%20significance'],63.73,0.66,0.0,0.1,0.1
COL9A2,1,40311526,NM_001852.4:c.493G>A,NP_001843.1:p.Gly165Ser,0.548,25.3,['Unknown%20significance'],63.73,0.66,0.0,-0.2,0.2
COL9A2,1,40311527,NM_001852.4:c.492G>C,NP_001843.1:p.Gln164His,0.340,20.5,['Unknown%20significance'],183.98,0.93,0.0,-0.0,0.0
COL9A2,1,40311528,NM_001852.4:c.491A>G,NP_001843.1:p.Gln164Arg,0.152,20.4,['Unknown%20significance'],183.98,0.93,0.0,-0.0,0.0
COL9A2,1,40311531,NM_001852.4:c.488T>A,NP_001843.1:p.Ile163Asn,0.475,24.8,['Unknown%20significance'],188.56,0.96,0.0,0.2,0.2
COL9A2,1,40311532,NM_001852.4:c.487A>T,NP_001843.1:p.Ile163Phe,0.334,18.10,['Unknown%20significance'],188.56,0.96,0.0,0.1,0.1
COL9A2,1,40311535,NM_001852.4:c.484A>T,NP_001843.1:p.Thr162Ser,0.306,19.18,['Unknown%20significance'],131.74,0.83,0.0,0.1,0.1
COL9A2,1,40311535,NM_001852.4:c.484A>C,NP_001843.1:p.Thr162Pro,0.348,23.6,['Unknown%20significance'],131.74,0.83,0.0,0.2,0.2
COL9A2,1,40311538,NM_001852.4:c.481G>A,NP_001843.1:p.Gly161Arg,0.896,26.6,['Unknown%20significance'],65.47,0.68,0.0,0.1,0.1
COL9A2,1,40311540,NM_001852.4:c.479C>T,NP_001843.1:p.Pro160Leu,0.491,24.2,['Unknown%20significance'],126.94,0.8,0.0,-0.0,0.0
COL9A2,1,40311541,NM_001852.4:c.478C>G,NP_001843.1:p.Pro160Ala,0.296,21.1,['Unknown%20significance'],126.94,0.8,0.0,0.1,0.1
COL9A2,1,40311543,NM_001852.4:c.476G>T,NP_001843.1:p.Arg159Leu,0.260,23.0,['Unknown%20significance'],264.19,0.98,0.0,0.0,0.0
COL9A2,1,40311543,NM_001852.4:c.476G>C,NP_001843.1:p.Arg159Pro,0.345,21.7,['Unknown%20significance'],264.19,0.98,0.0,0.0,0.0
COL9A2,1,40311543,NM_001852.4:c.476G>A,NP_001843.1:p.Arg159His,0.298,23.4,['Unknown%20significance'],264.19,0.98,0.0,0.0,0.0
COL9A2,1,40311544,NM_001852.4:c.475C>G,NP_001843.1:p.Arg159Gly,0.356,25.0,['Unknown%20significance'],264.19,0.98,0.0,0.1,0.1
COL9A2,1,40311544,NM_001852.4:c.475C>A,NP_001843.1:p.Arg159Ser,0.302,27.5,['Unknown%20significance'],264.19,0.98,0.0,0.0,0.0
COL9A2,1,40311547,NM_001852.4:c.472G>T,NP_001843.1:p.Gly158Cys,0.852,33,['Unknown%20significance'],20.62,0.21,0.0,0.7,0.7
COL9A2,1,40311547,NM_001852.4:c.472G>A,NP_001843.1:p.Gly158Ser,0.837,33,['Unknown%20significance'],20.62,0.21,0.0,0.6,0.6
COL9A2,1,40311663,NM_001852.4:c.470C>G,NP_001843.1:p.Pro157Arg,0.578,23.6,['Unknown%20significance'],122.81,0.78,0.0,-0.0,0.0
COL9A2,1,40311663,NM_001852.4:c.470C>A,NP_001843.1:p.Pro157His,0.654,26.5,['Unknown%20significance'],122.81,0.78,0.0,0.1,0.1
COL9A2,1,40311664,NM_001852.4:c.469C>T,NP_001843.1:p.Pro157Ser,0.589,21.0,['Unknown%20significance'],122.81,0.78,0.0,0.1,0.1
COL9A2,1,40311669,NM_001852.4:c.464G>C,NP_001843.1:p.Gly155Ala,0.908,24.3,['Unknown%20significance'],30.11,0.31,0.0,0.6,0.6
COL9A2,1,40311670,NM_001852.4:c.463G>C,NP_001843.1:p.Gly155Arg,0.924,25.1,['Unknown%20significance'],30.11,0.31,0.0,0.5,0.5
COL9A2,1,40311670,NM_001852.4:c.463G>A,NP_001843.1:p.Gly155Arg,0.924,25.8,['Unknown%20significance'],30.11,0.31,0.0,0.5,0.5
COL9A2,1,40311673,NM_001852.4:c.460C>T,NP_001843.1:p.Pro154Ser,0.569,24.8,['Unknown%20significance'],119.11,0.75,0.0,0.1,0.1
COL9A2,1,40311675,NM_001852.4:c.458C>T,NP_001843.1:p.Pro153Leu,0.383,22.2,['Unknown%20significance'],71.48,0.45,0.0,-0.0,0.0
COL9A2,1,40311675,NM_001852.4:c.458C>G,NP_001843.1:p.Pro153Arg,0.507,23.5,['Unknown%20significance'],71.48,0.45,0.0,-0.1,0.1
COL9A2,1,40311676,NM_001852.4:c.457C>T,NP_001843.1:p.Pro153Ser,0.461,21.5,['Unknown%20significance'],71.48,0.45,0.0,0.2,0.2
COL9A2,1,40311678,NM_001852.4:c.455G>T,NP_001843.1:p.Gly152Val,0.791,23.1,['Unknown%20significance'],19.99,0.2,0.0,0.8,0.8
COL9A2,1,40311678,NM_001852.4:c.455G>A,NP_001843.1:p.Gly152Glu,0.843,24.2,['Unknown%20significance'],19.99,0.2,0.0,1.4,1.4
COL9A2,1,40311681,NM_001852.4:c.452C>G,NP_001843.1:p.Pro151Arg,0.582,23.6,['Unknown%20significance'],120.66,0.76,0.0,-0.1,0.1
COL9A2,1,40311684,NM_001852.4:c.449C>T,NP_001843.1:p.Pro150Leu,0.458,19.20,['Unknown%20significance'],91.52,0.58,0.0,-0.1,0.1
COL9A2,1,40311684,NM_001852.4:c.449C>A,NP_001843.1:p.Pro150His,0.581,24.1,['Unknown%20significance'],91.52,0.58,0.0,0.1,0.1
COL9A2,1,40311685,NM_001852.4:c.448C>T,NP_001843.1:p.Pro150Ser,0.535,19.39,['Unknown%20significance'],91.52,0.58,0.0,0.2,0.2
COL9A2,1,40311685,NM_001852.4:c.448C>A,NP_001843.1:p.Pro150Thr,0.548,22.4,['Unknown%20significance'],91.52,0.58,0.0,0.0,0.0
COL9A2,1,40311687,NM_001852.4:c.446G>C,NP_001843.1:p.Gly149Ala,0.893,23.1,['Unknown%20significance'],15.66,0.16,0.0,0.8,0.8
COL9A2,1,40311688,NM_001852.4:c.445G>A,NP_001843.1:p.Gly149Arg,0.954,23.7,['Unknown%20significance'],15.66,0.16,0.0,0.7,0.7
COL9A2,1,40311690,NM_001852.4:c.443C>T,NP_001843.1:p.Ser148Leu,0.357,17.65,['Unknown%20significance'],76.12,0.55,0.0,-0.1,0.1
COL9A2,1,40311690,NM_001852.4:c.443C>G,NP_001843.1:p.Ser148Trp,0.560,23.9,['Unknown%20significance'],76.12,0.55,0.0,-0.4,0.4
COL9A2,1,40311691,NM_001852.4:c.442T>C,NP_001843.1:p.Ser148Pro,0.341,1.649,['Likely%20benign'],76.12,0.55,0.0,0.1,0.1
COL9A2,1,40311693,NM_001852.4:c.440C>A,NP_001843.1:p.Pro147Gln,0.637,23.4,['Unknown%20significance'],96.62,0.61,0.0,0.2,0.2
COL9A2,1,40311694,NM_001852.4:c.439C>T,NP_001843.1:p.Pro147Ser,0.581,22.9,['Unknown%20significance'],96.62,0.61,0.0,0.2,0.2
COL9A2,1,40311696,NM_001852.4:c.437G>T,NP_001843.1:p.Gly146Val,0.959,25.3,['Unknown%20significance'],6.95,0.07,0.0,1.0,1.0
COL9A2,1,40311699,NM_001852.4:c.434A>G,NP_001843.1:p.Asp145Gly,0.371,22.6,['Likely%20benign'],94.07,0.58,0.0,0.4,0.4
COL9A2,1,40311700,NM_001852.4:c.433G>C,NP_001843.1:p.Asp145His,0.391,22.1,['Unknown%20significance'],94.07,0.58,0.0,-0.2,0.2
COL9A2,1,40311703,NM_001852.4:c.430C>A,NP_001843.1:p.Pro144Thr,0.456,23.6,['Unknown%20significance'],102.04,0.64,0.0,0.1,0.1
COL9A2,1,40311705,NM_001852.4:c.428G>A,NP_001843.1:p.Gly143Glu,0.979,26.2,['Unknown%20significance'],12.64,0.13,0.0,1.5,1.5
COL9A2,1,40311706,NM_001852.4:c.427G>C,NP_001843.1:p.Gly143Arg,0.983,25.9,['Unknown%20significance'],12.64,0.13,0.0,0.6,0.6
COL9A2,1,40311706,NM_001852.4:c.427G>A,NP_001843.1:p.Gly143Arg,0.983,29.8,['Unknown%20significance'],12.64,0.13,0.0,0.6,0.6
COL9A2,1,40311709,NM_001852.4:c.424C>T,NP_001843.1:p.Pro142Ser,0.401,19.87,['Likely%20benign'],69.56,0.44,0.0,0.0,0.0
COL9A2,1,40311710,NM_001852.4:c.423C>A,NP_001843.1:p.Asp141Glu,0.290,17.36,['Likely%20benign'],96.99,0.6,0.0,0.1,0.1
COL9A2,1,40311712,NM_001852.4:c.421G>T,NP_001843.1:p.Asp141Tyr,0.438,25.5,['Unknown%20significance'],96.99,0.6,0.0,-0.5,0.5
COL9A2,1,40311712,NM_001852.4:c.421G>A,NP_001843.1:p.Asp141Asn,0.287,23.4,['Unknown%20significance'],96.99,0.6,0.0,-0.1,0.1
COL9A2,1,40312059,NM_001852.4:c.417G>T,NP_001843.1:p.Lys139Asn,0.625,34,['Unknown%20significance'],120.83,0.51,0.0,-0.1,0.1
COL9A2,1,40312060,NM_001852.4:c.416A>T,NP_001843.1:p.Lys139Met,0.756,32,['Unknown%20significance'],120.83,0.51,0.0,-0.5,0.5
COL9A2,1,40312060,NM_001852.4:c.416A>G,NP_001843.1:p.Lys139Arg,0.658,28.3,['Unknown%20significance'],120.83,0.51,0.0,-0.6,0.6
COL9A2,1,40312063,NM_001852.4:c.413C>T,NP_001843.1:p.Pro138Leu,0.382,23.7,['Unknown%20significance'],92.75,0.58,0.0,0.0,0.0
COL9A2,1,40312064,NM_001852.4:c.412C>T,NP_001843.1:p.Pro138Ser,0.329,21.3,['Unknown%20significance'],92.75,0.58,0.0,0.2,0.2
COL9A2,1,40312066,NM_001852.4:c.410G>T,NP_001843.1:p.Gly137Val,0.972,26.0,['Unknown%20significance'],2.83,0.02,0.0,0.9,0.9
COL9A2,1,40312067,NM_001852.4:c.409G>T,NP_001843.1:p.Gly137Cys,0.972,28.1,['Unknown%20significance'],2.83,0.02,0.0,1.2,1.2
COL9A2,1,40312069,NM_001852.4:c.407G>T,NP_001843.1:p.Arg136Leu,0.335,20.9,['Likely%20benign'],142.06,0.52,0.0,0.1,0.1
COL9A2,1,40312069,NM_001852.4:c.407G>A,NP_001843.1:p.Arg136Gln,0.193,20.7,['Unknown%20significance'],142.06,0.52,0.0,0.3,0.3
COL9A2,1,40312072,NM_001852.4:c.404T>A,NP_001843.1:p.Ile135Asn,0.187,17.48,['Unknown%20significance'],117.51,0.59,0.0,0.7,0.7
COL9A2,1,40312073,NM_001852.4:c.403A>G,NP_001843.1:p.Ile135Val,0.171,10.57,['Unknown%20significance'],117.51,0.59,0.0,0.1,0.1
COL9A2,1,40312075,NM_001852.4:c.401G>T,NP_001843.1:p.Gly134Val,0.955,29.8,['Unknown%20significance'],4.37,0.04,0.0,0.6,0.6
COL9A2,1,40312075,NM_001852.4:c.401G>A,NP_001843.1:p.Gly134Glu,0.946,27.0,['Unknown%20significance'],4.37,0.04,0.0,1.6,1.6
COL9A2,1,40312076,NM_001852.4:c.400G>A,NP_001843.1:p.Gly134Arg,0.845,25.3,['Unknown%20significance'],4.37,0.04,0.0,0.5,0.5
COL9A2,1,40312078,NM_001852.4:c.398T>C,NP_001843.1:p.Ile133Thr,0.367,22.6,['Unknown%20significance'],119.48,0.6,0.0,0.2,0.2
COL9A2,1,40312079,NM_001852.4:c.397A>T,NP_001843.1:p.Ile133Phe,0.496,25.4,['Unknown%20significance'],119.48,0.6,0.0,0.2,0.2
COL9A2,1,40312080,NM_001852.4:c.396G>T,NP_001843.1:p.Glu132Asp,0.476,23.8,['Unknown%20significance'],95.15,0.48,0.0,-0.1,0.1
COL9A2,1,40312082,NM_001852.4:c.394G>A,NP_001843.1:p.Glu132Lys,0.660,31,['Unknown%20significance'],95.15,0.48,0.0,0.0,0.0
COL9A2,1,40312084,NM_001852.4:c.392G>C,NP_001843.1:p.Gly131Ala,0.933,24.2,['Unknown%20significance'],49.96,0.52,0.0,0.4,0.4
COL9A2,1,40312084,NM_001852.4:c.392G>A,NP_001843.1:p.Gly131Asp,0.953,24.8,['Unknown%20significance'],49.96,0.52,0.0,0.7,0.7
COL9A2,1,40312085,NM_001852.4:c.391G>T,NP_001843.1:p.Gly131Cys,0.946,26.1,['Unknown%20significance'],49.96,0.52,0.0,0.5,0.5
COL9A2,1,40312085,NM_001852.4:c.391G>C,NP_001843.1:p.Gly131Arg,0.956,25.2,['Unknown%20significance'],49.96,0.52,0.0,0.3,0.3
COL9A2,1,40312085,NM_001852.4:c.391G>A,NP_001843.1:p.Gly131Ser,0.952,26.1,['Unknown%20significance'],49.96,0.52,0.0,0.4,0.4
COL9A2,1,40312087,NM_001852.4:c.389C>T,NP_001843.1:p.Pro130Leu,0.769,24.2,['Unknown%20significance'],134.58,0.85,0.0,0.0,0.0
COL9A2,1,40312087,NM_001852.4:c.389C>G,NP_001843.1:p.Pro130Arg,0.661,25.6,['Unknown%20significance'],134.58,0.85,0.0,-0.0,0.0
COL9A2,1,40312088,NM_001852.4:c.388C>G,NP_001843.1:p.Pro130Ala,0.439,22.9,['Unknown%20significance'],134.58,0.85,0.0,0.1,0.1
COL9A2,1,40312088,NM_001852.4:c.388C>A,NP_001843.1:p.Pro130Thr,0.561,24.8,['Unknown%20significance'],134.58,0.85,0.0,-0.0,0.0
COL9A2,1,40312090,NM_001852.4:c.386T>C,NP_001843.1:p.Leu129Pro,0.268,24.1,['Unknown%20significance'],127.73,0.66,0.0,0.3,0.3
COL9A2,1,40312091,NM_001852.4:c.385C>T,NP_001843.1:p.Leu129Phe,0.514,24.9,['Unknown%20significance'],127.73,0.66,0.0,0.1,0.1
COL9A2,1,40312091,NM_001852.4:c.385C>A,NP_001843.1:p.Leu129Ile,0.225,22.9,['Unknown%20significance'],127.73,0.66,0.0,0.1,0.1
COL9A2,1,40312093,NM_001852.4:c.383G>T,NP_001843.1:p.Gly128Val,0.936,25.7,['Unknown%20significance'],20.63,0.21,0.0,0.7,0.7
COL9A2,1,40312094,NM_001852.4:c.382G>T,NP_001843.1:p.Gly128Cys,0.932,27.4,['Unknown%20significance'],20.63,0.21,0.0,1.0,1.0
COL9A2,1,40312094,NM_001852.4:c.382G>C,NP_001843.1:p.Gly128Arg,0.943,26.0,['Unknown%20significance'],20.63,0.21,0.0,0.6,0.6
COL9A2,1,40312096,NM_001852.4:c.380T>C,NP_001843.1:p.Val127Ala,0.212,18.94,['Likely%20benign'],166.39,0.96,0.0,0.1,0.1
COL9A2,1,40312097,NM_001852.4:c.379G>T,NP_001843.1:p.Val127Phe,0.063,21.0,['Likely%20benign'],166.39,0.96,0.0,0.0,0.0
COL9A2,1,40312097,NM_001852.4:c.379G>C,NP_001843.1:p.Val127Leu,0.181,18.15,['Likely%20benign'],166.39,0.96,0.0,0.0,0.0
COL9A2,1,40312100,NM_001852.4:c.376C>T,NP_001843.1:p.Pro126Ser,0.640,23.2,['Unknown%20significance'],95.33,0.6,0.0,0.2,0.2
COL9A2,1,40312100,NM_001852.4:c.376C>A,NP_001843.1:p.Pro126Thr,0.477,19.89,['Unknown%20significance'],95.33,0.6,0.0,0.1,0.1
COL9A2,1,40312102,NM_001852.4:c.374G>T,NP_001843.1:p.Gly125Val,0.975,26.1,['Unknown%20significance'],22.19,0.23,0.0,0.6,0.6
COL9A2,1,40312102,NM_001852.4:c.374G>C,NP_001843.1:p.Gly125Ala,0.963,25.0,['Unknown%20significance'],22.19,0.23,0.0,0.6,0.6
COL9A2,1,40312102,NM_001852.4:c.374G>A,NP_001843.1:p.Gly125Glu,0.974,25.7,['Unknown%20significance'],22.19,0.23,0.0,1.2,1.2
COL9A2,1,40312106,NM_001852.4:c.370C>T,NP_001843.1:p.Pro124Ser,0.496,21.3,['Unknown%20significance'],147.13,0.93,0.0,0.0,0.0
COL9A2,1,40312106,NM_001852.4:c.370C>G,NP_001843.1:p.Pro124Ala,0.250,15.36,['Unknown%20significance'],147.13,0.93,0.0,0.1,0.1
COL9A2,1,40312108,NM_001852.4:c.368C>T,NP_001843.1:p.Pro123Leu,0.562,22.9,['Unknown%20significance'],112.99,0.71,0.0,0.1,0.1
COL9A2,1,40312108,NM_001852.4:c.368C>A,NP_001843.1:p.Pro123His,0.520,23.2,['Unknown%20significance'],112.99,0.71,0.0,0.3,0.3
COL9A2,1,40312109,NM_001852.4:c.367C>T,NP_001843.1:p.Pro123Ser,0.419,22.7,['Unknown%20significance'],112.99,0.71,0.0,0.3,0.3
COL9A2,1,40312109,NM_001852.4:c.367C>A,NP_001843.1:p.Pro123Thr,0.439,22.3,['Unknown%20significance'],112.99,0.71,0.0,0.2,0.2
COL9A2,1,40312111,NM_001852.4:c.365G>T,NP_001843.1:p.Gly122Val,0.980,24.8,['Unknown%20significance'],36.13,0.37,0.0,0.6,0.6
COL9A2,1,40312111,NM_001852.4:c.365G>C,NP_001843.1:p.Gly122Ala,0.963,24.8,['Unknown%20significance'],36.13,0.37,0.0,0.6,0.6
COL9A2,1,40312111,NM_001852.4:c.365G>A,NP_001843.1:p.Gly122Glu,0.983,25.7,['Unknown%20significance'],36.13,0.37,0.0,1.1,1.1
COL9A2,1,40312112,NM_001852.4:c.364G>T,NP_001843.1:p.Gly122Trp,0.972,32,['Unknown%20significance'],36.13,0.37,0.0,-0.0,0.0
COL9A2,1,40312112,NM_001852.4:c.364G>A,NP_001843.1:p.Gly122Arg,0.981,31,['Unknown%20significance'],36.13,0.37,0.0,0.5,0.5
COL9A2,1,40312458,NM_001852.4:c.361C>A,NP_001843.1:p.Pro121Thr,0.481,23.4,['Unknown%20significance'],109.78,0.69,0.0,-0.0,0.0
COL9A2,1,40312460,NM_001852.4:c.359C>T,NP_001843.1:p.Pro120Leu,0.485,24.1,['Unknown%20significance'],137.9,0.87,0.0,0.0,0.0
COL9A2,1,40312460,NM_001852.4:c.359C>A,NP_001843.1:p.Pro120His,0.622,24.3,['Unknown%20significance'],137.9,0.87,0.0,0.2,0.2
COL9A2,1,40312461,NM_001852.4:c.358C>T,NP_001843.1:p.Pro120Ser,0.524,23.7,['Unknown%20significance'],137.9,0.87,0.0,0.2,0.2
COL9A2,1,40312466,NM_001852.4:c.353C>T,NP_001843.1:p.Ala118Val,0.336,24.5,['Unknown%20significance'],100.54,0.79,0.0,-0.2,0.2
COL9A2,1,40312466,NM_001852.4:c.353C>G,NP_001843.1:p.Ala118Gly,0.281,23.6,['Unknown%20significance'],100.54,0.79,0.0,0.2,0.2
COL9A2,1,40312467,NM_001852.4:c.352G>T,NP_001843.1:p.Ala118Ser,0.254,16.11,['Unknown%20significance'],100.54,0.79,0.0,-0.0,0.0
COL9A2,1,40312467,NM_001852.4:c.352G>C,NP_001843.1:p.Ala118Pro,0.325,16.45,['Unknown%20significance'],100.54,0.79,0.0,-0.0,0.0
COL9A2,1,40312469,NM_001852.4:c.350T>A,NP_001843.1:p.Phe117Tyr,0.365,23.5,['Unknown%20significance'],191.68,0.83,0.0,-0.0,0.0
COL9A2,1,40312470,NM_001852.4:c.349T>C,NP_001843.1:p.Phe117Leu,0.328,22.9,['Unknown%20significance'],191.68,0.83,0.0,0.0,0.0
COL9A2,1,40312472,NM_001852.4:c.347G>A,NP_001843.1:p.Gly116Asp,0.828,24.6,['Unknown%20significance'],86.27,0.9,0.0,0.2,0.2
COL9A2,1,40312475,NM_001852.4:c.344C>G,NP_001843.1:p.Pro115Arg,0.481,23.8,['Unknown%20significance'],152.3,0.96,0.0,0.0,0.0
COL9A2,1,40312476,NM_001852.4:c.343C>T,NP_001843.1:p.Pro115Ser,0.529,23.9,['Unknown%20significance'],152.3,0.96,0.0,0.1,0.1
COL9A2,1,40312476,NM_001852.4:c.343C>G,NP_001843.1:p.Pro115Ala,0.484,23.5,['Unknown%20significance'],152.3,0.96,0.0,0.1,0.1
COL9A2,1,40312479,NM_001852.4:c.340G>A,NP_001843.1:p.Gly114Ser,0.895,32,['Unknown%20significance'],28.62,0.3,0.0,0.4,0.4
COL9A2,1,40312575,NM_001852.4:c.338C>T,NP_001843.1:p.Pro113Leu,0.699,32,['Unknown%20significance'],157.85,1.0,0.0,-0.0,0.0
COL9A2,1,40312576,NM_001852.4:c.337C>T,NP_001843.1:p.Pro113Ser,0.648,27.8,['Unknown%20significance'],157.85,1.0,0.0,0.0,0.0
COL9A2,1,40312578,NM_001852.4:c.335T>G,NP_001843.1:p.Leu112Arg,0.470,24.0,['Unknown%20significance'],145.74,0.75,0.0,0.1,0.1
COL9A2,1,40312581,NM_001852.4:c.332G>A,NP_001843.1:p.Gly111Asp,0.973,25.0,['Unknown%20significance'],18.22,0.19,0.0,1.2,1.2
COL9A2,1,40312584,NM_001852.4:c.329C>T,NP_001843.1:p.Pro110Leu,0.576,24.7,['Unknown%20significance'],129.57,0.82,0.0,-0.0,0.0
COL9A2,1,40312585,NM_001852.4:c.328C>T,NP_001843.1:p.Pro110Ser,0.523,23.1,['Unknown%20significance'],129.57,0.82,0.0,0.1,0.1
COL9A2,1,40312585,NM_001852.4:c.328C>G,NP_001843.1:p.Pro110Ala,0.471,22.8,['Unknown%20significance'],129.57,0.82,0.0,0.2,0.2
COL9A2,1,40312585,NM_001852.4:c.328C>A,NP_001843.1:p.Pro110Thr,0.504,23.3,['Unknown%20significance'],129.57,0.82,0.0,-0.0,0.0
COL9A2,1,40312587,NM_001852.4:c.326C>T,NP_001843.1:p.Pro109Leu,0.559,24.5,['Unknown%20significance'],89.3,0.56,0.0,0.1,0.1
COL9A2,1,40312588,NM_001852.4:c.325C>T,NP_001843.1:p.Pro109Ser,0.469,23.5,['Unknown%20significance'],89.3,0.56,0.0,0.3,0.3
COL9A2,1,40312591,NM_001852.4:c.322G>A,NP_001843.1:p.Gly108Ser,0.954,29.6,['Unknown%20significance'],20.88,0.21,0.0,0.8,0.8
COL9A2,1,40312593,NM_001852.4:c.320C>A,NP_001843.1:p.Pro107His,0.629,24.9,['Unknown%20significance'],145.35,0.92,0.0,0.1,0.1
COL9A2,1,40312594,NM_001852.4:c.319C>T,NP_001843.1:p.Pro107Ser,0.561,23.7,['Unknown%20significance'],145.35,0.92,0.0,0.0,0.0
COL9A2,1,40312594,NM_001852.4:c.319C>G,NP_001843.1:p.Pro107Ala,0.453,22.9,['Unknown%20significance'],145.35,0.92,0.0,0.1,0.1
COL9A2,1,40312597,NM_001852.4:c.316C>T,NP_001843.1:p.Leu106Phe,0.362,22.9,['Unknown%20significance'],158.48,0.82,0.0,0.0,0.0
COL9A2,1,40312599,NM_001852.4:c.314G>A,NP_001843.1:p.Gly105Glu,0.965,41,['Unknown%20significance'],29.6,0.31,0.0,1.2,1.2
COL9A2,1,40312600,NM_001852.4:c.313G>T,NP_001843.1:p.Gly105Trp,0.946,25.2,['Unknown%20significance'],29.6,0.31,0.0,0.1,0.1
COL9A2,1,40312600,NM_001852.4:c.313G>A,NP_001843.1:p.Gly105Arg,0.954,23.7,['Unknown%20significance'],29.6,0.31,0.0,0.5,0.5
COL9A2,1,40312603,NM_001852.4:c.310C>T,NP_001843.1:p.Pro104Ser,0.603,23.0,['Unknown%20significance'],129.47,0.82,0.0,0.1,0.1
COL9A2,1,40312608,NM_001852.4:c.305G>T,NP_001843.1:p.Gly102Val,0.963,25.7,['Unknown%20significance'],16.36,0.17,0.0,0.9,0.9
COL9A2,1,40312608,NM_001852.4:c.305G>A,NP_001843.1:p.Gly102Asp,0.955,26.0,['Unknown%20significance'],16.36,0.17,0.0,1.4,1.4
COL9A2,1,40312609,NM_001852.4:c.304G>C,NP_001843.1:p.Gly102Arg,0.973,28.9,['Unknown%20significance'],16.36,0.17,0.0,0.7,0.7
COL9A2,1,40312609,NM_001852.4:c.304G>A,NP_001843.1:p.Gly102Ser,0.972,28.0,['Unknown%20significance'],16.36,0.17,0.0,0.9,0.9
COL9A2,1,40312732,NM_001852.4:c.302A>T,NP_001843.1:p.Lys101Met,0.659,32,['Unknown%20significance'],205.92,0.86,0.0,-0.1,0.1
COL9A2,1,40312735,NM_001852.4:c.299T>A,NP_001843.1:p.Val100Asp,0.538,20.2,['Likely%20benign'],110.9,0.64,0.0,0.3,0.3
COL9A2,1,40312736,NM_001852.4:c.298G>A,NP_001843.1:p.Val100Ile,0.329,15.26,['Likely%20benign'],110.9,0.64,0.0,-0.0,0.0
COL9A2,1,40312742,NM_001852.4:c.292C>A,NP_001843.1:p.Pro98Thr,0.422,22.6,['Unknown%20significance'],90.25,0.57,0.0,-0.1,0.1
COL9A2,1,40312743,NM_001852.4:c.291C>G,NP_001843.1:p.Ile97Met,0.172,13.89,['Likely%20benign'],144.43,0.73,0.0,-0.0,0.0
COL9A2,1,40312744,NM_001852.4:c.290T>A,NP_001843.1:p.Ile97Asn,0.298,8.889,['Unknown%20significance'],144.43,0.73,0.0,0.3,0.3
COL9A2,1,40312747,NM_001852.4:c.287G>C,NP_001843.1:p.Gly96Ala,0.874,23.7,['Unknown%20significance'],6.53,0.06,0.0,0.8,0.8
COL9A2,1,40312747,NM_001852.4:c.287G>A,NP_001843.1:p.Gly96Glu,0.856,24.1,['Unknown%20significance'],6.53,0.06,0.0,1.6,1.6
COL9A2,1,40312748,NM_001852.4:c.286G>T,NP_001843.1:p.Gly96Trp,0.825,24.8,['Unknown%20significance'],6.53,0.06,0.0,0.0,0.0
COL9A2,1,40312749,NM_001852.4:c.285G>T,NP_001843.1:p.Met95Ile,0.242,6.468,['Likely%20benign'],79.96,0.36,0.0,0.1,0.1
COL9A2,1,40312749,NM_001852.4:c.285G>C,NP_001843.1:p.Met95Ile,0.242,6.508,['Likely%20benign'],79.96,0.36,0.0,0.1,0.1
COL9A2,1,40312749,NM_001852.4:c.285G>A,NP_001843.1:p.Met95Ile,0.242,8.827,['Likely%20benign'],79.96,0.36,0.0,0.1,0.1
COL9A2,1,40312750,NM_001852.4:c.284T>C,NP_001843.1:p.Met95Thr,0.241,11.24,['Likely%20benign'],79.96,0.36,0.0,0.3,0.3
COL9A2,1,40312753,NM_001852.4:c.281C>T,NP_001843.1:p.Pro94Leu,0.497,22.1,['Unknown%20significance'],106.24,0.67,0.0,0.2,0.2
COL9A2,1,40312753,NM_001852.4:c.281C>A,NP_001843.1:p.Pro94His,0.639,24.7,['Unknown%20significance'],106.24,0.67,0.0,0.3,0.3
COL9A2,1,40312754,NM_001852.4:c.280C>A,NP_001843.1:p.Pro94Thr,0.456,18.92,['Unknown%20significance'],106.24,0.67,0.0,0.2,0.2
COL9A2,1,40312757,NM_001852.4:c.277G>A,NP_001843.1:p.Gly93Ser,0.974,25.1,['Unknown%20significance'],9.91,0.1,0.0,1.0,1.0
COL9A2,1,40312759,NM_001852.4:c.275C>T,NP_001843.1:p.Pro92Leu,0.607,25.0,['Unknown%20significance'],92.6,0.58,0.0,-0.0,0.0
COL9A2,1,40312759,NM_001852.4:c.275C>G,NP_001843.1:p.Pro92Arg,0.385,20.4,['Unknown%20significance'],92.6,0.58,0.0,-0.2,0.2
COL9A2,1,40312760,NM_001852.4:c.274C>A,NP_001843.1:p.Pro92Thr,0.625,24.4,['Unknown%20significance'],92.6,0.58,0.0,-0.1,0.1
COL9A2,1,40312762,NM_001852.4:c.272A>T,NP_001843.1:p.Glu91Val,0.628,27.7,['Unknown%20significance'],138.13,0.7,0.0,-0.2,0.2
COL9A2,1,40312763,NM_001852.4:c.271G>C,NP_001843.1:p.Glu91Gln,0.388,23.3,['Unknown%20significance'],138.13,0.7,0.0,-0.2,0.2
COL9A2,1,40312763,NM_001852.4:c.271G>A,NP_001843.1:p.Glu91Lys,0.566,23.7,['Unknown%20significance'],138.13,0.7,0.0,0.1,0.1
COL9A2,1,40312765,NM_001852.4:c.269G>T,NP_001843.1:p.Gly90Val,0.968,25.5,['Unknown%20significance'],1.84,0.01,0.0,1.0,1.0
COL9A2,1,40312766,NM_001852.4:c.268G>T,NP_001843.1:p.Gly90Trp,0.977,28.4,['Unknown%20significance'],1.84,0.01,0.0,-0.2,0.2
COL9A2,1,40312766,NM_001852.4:c.268G>C,NP_001843.1:p.Gly90Arg,0.974,26.8,['Unknown%20significance'],1.84,0.01,0.0,0.6,0.6
COL9A2,1,40312766,NM_001852.4:c.268G>A,NP_001843.1:p.Gly90Arg,0.974,27.1,['Unknown%20significance'],1.84,0.01,0.0,0.6,0.6
COL9A2,1,40312767,NM_001852.4:c.267G>T,NP_001843.1:p.Lys89Asn,0.556,22.8,['Unknown%20significance'],139.35,0.58,0.0,-0.1,0.1
COL9A2,1,40312768,NM_001852.4:c.266A>G,NP_001843.1:p.Lys89Arg,0.594,25.3,['Unknown%20significance'],139.35,0.58,0.0,-0.4,0.4
COL9A2,1,40312769,NM_001852.4:c.265A>G,NP_001843.1:p.Lys89Glu,0.643,23.8,['Unknown%20significance'],139.35,0.58,0.0,0.1,0.1
COL9A2,1,40312771,NM_001852.4:c.263C>T,NP_001843.1:p.Ala88Val,0.594,23.8,['Unknown%20significance'],77.32,0.6,0.0,-0.1,0.1
COL9A2,1,40312772,NM_001852.4:c.262G>T,NP_001843.1:p.Ala88Ser,0.474,23.2,['Unknown%20significance'],77.32,0.6,0.0,-0.0,0.0
COL9A2,1,40312772,NM_001852.4:c.262G>A,NP_001843.1:p.Ala88Thr,0.483,24.1,['Unknown%20significance'],77.32,0.6,0.0,-0.1,0.1
COL9A2,1,40312774,NM_001852.4:c.260G>T,NP_001843.1:p.Gly87Val,0.978,31,['Unknown%20significance'],12.84,0.13,0.0,0.8,0.8
COL9A2,1,40312775,NM_001852.4:c.259G>A,NP_001843.1:p.Gly87Arg,0.977,32,['Unknown%20significance'],12.84,0.13,0.0,0.7,0.7
COL9A2,1,40312777,NM_001852.4:c.257C>A,NP_001843.1:p.Thr86Asn,0.271,21.8,['Unknown%20significance'],72.56,0.46,0.0,0.4,0.4
COL9A2,1,40312779,NM_001852.4:c.255A>C,NP_001843.1:p.Leu85Phe,0.490,23.6,['Unknown%20significance'],95.55,0.49,0.0,0.1,0.1
COL9A2,1,40312783,NM_001852.4:c.251G>T,NP_001843.1:p.Gly84Val,0.972,27.6,['Unknown%20significance'],28.21,0.29,0.0,0.6,0.6
COL9A2,1,40312783,NM_001852.4:c.251G>A,NP_001843.1:p.Gly84Asp,0.974,27.1,['Unknown%20significance'],28.21,0.29,0.0,1.1,1.1
COL9A2,1,40312784,NM_001852.4:c.250G>T,NP_001843.1:p.Gly84Cys,0.966,32,['Unknown%20significance'],28.21,0.29,0.0,0.9,0.9
COL9A2,1,40312784,NM_001852.4:c.250G>A,NP_001843.1:p.Gly84Ser,0.967,31,['Unknown%20significance'],28.21,0.29,0.0,0.7,0.7
COL9A2,1,40314207,NM_001852.4:c.247G>C,NP_001843.1:p.Asp83His,0.642,29.3,['Unknown%20significance'],138.1,0.86,0.0,-0.1,0.1
COL9A2,1,40314207,NM_001852.4:c.247G>A,NP_001843.1:p.Asp83Asn,0.480,32,['Unknown%20significance'],138.1,0.86,0.0,-0.0,0.0
COL9A2,1,40314210,NM_001852.4:c.244A>T,NP_001843.1:p.Ile82Phe,0.487,21.5,['Unknown%20significance'],128.81,0.65,0.0,0.1,0.1
COL9A2,1,40314212,NM_001852.4:c.242G>A,NP_001843.1:p.Gly81Glu,0.933,25.2,['Unknown%20significance'],61.45,0.64,0.0,0.6,0.6
COL9A2,1,40314213,NM_001852.4:c.241G>A,NP_001843.1:p.Gly81Arg,0.935,25.9,['Unknown%20significance'],61.45,0.64,0.0,0.3,0.3
COL9A2,1,40314215,NM_001852.4:c.239C>A,NP_001843.1:p.Pro80His,0.567,26.4,['Unknown%20significance'],149.41,0.94,0.0,0.1,0.1
COL9A2,1,40314217,NM_001852.4:c.237G>T,NP_001843.1:p.Lys79Asn,0.382,22.5,['Unknown%20significance'],230.0,0.97,0.0,-0.0,0.0
COL9A2,1,40314218,NM_001852.4:c.236A>G,NP_001843.1:p.Lys79Arg,0.407,23.5,['Unknown%20significance'],230.0,0.97,0.0,-0.1,0.1
COL9A2,1,40314222,NM_001852.4:c.232G>A,NP_001843.1:p.Gly78Arg,0.808,24.8,['Unknown%20significance'],73.7,0.77,0.0,0.2,0.2
COL9A2,1,40314223,NM_001852.4:c.231C>A,NP_001843.1:p.Asp77Glu,0.352,4.361,['Unknown%20significance'],164.49,1.0,0.0,0.0,0.0
COL9A2,1,40314224,NM_001852.4:c.230A>G,NP_001843.1:p.Asp77Gly,0.410,22.4,['Unknown%20significance'],164.49,1.0,0.0,0.1,0.1
COL9A2,1,40314224,NM_001852.4:c.230A>C,NP_001843.1:p.Asp77Ala,0.244,19.82,['Likely%20benign'],164.49,1.0,0.0,-0.0,0.0
COL9A2,1,40314230,NM_001852.4:c.224G>A,NP_001843.1:p.Gly75Glu,0.975,25.6,['Unknown%20significance'],63.67,0.66,0.0,0.6,0.6
COL9A2,1,40314233,NM_001852.4:c.221A>T,NP_001843.1:p.Asp74Val,0.542,25.2,['Unknown%20significance'],164.76,1.0,0.0,-0.1,0.1
COL9A2,1,40314234,NM_001852.4:c.220G>T,NP_001843.1:p.Asp74Tyr,0.568,26.5,['Unknown%20significance'],164.76,1.0,0.0,-0.1,0.1
COL9A2,1,40314234,NM_001852.4:c.220G>A,NP_001843.1:p.Asp74Asn,0.300,22.6,['Unknown%20significance'],164.76,1.0,0.0,-0.0,0.0
COL9A2,1,40314236,NM_001852.4:c.218C>A,NP_001843.1:p.Pro73Gln,0.522,24.9,['Unknown%20significance'],155.88,0.99,0.0,0.1,0.1
COL9A2,1,40314237,NM_001852.4:c.217C>T,NP_001843.1:p.Pro73Ser,0.404,21.9,['Likely%20benign'],155.88,0.99,0.0,0.1,0.1
COL9A2,1,40314237,NM_001852.4:c.217C>A,NP_001843.1:p.Pro73Thr,0.434,21.3,['Unknown%20significance'],155.88,0.99,0.0,0.0,0.0
COL9A2,1,40314245,NM_001852.4:c.209A>G,NP_001843.1:p.Lys70Arg,0.218,15.49,['Likely%20benign'],248.04,1.0,0.0,-0.1,0.1
COL9A2,1,40314246,NM_001852.4:c.208A>G,NP_001843.1:p.Lys70Glu,0.239,15.78,['Likely%20benign'],248.04,1.0,0.0,-0.0,0.0
COL9A2,1,40314249,NM_001852.4:c.205G>C,NP_001843.1:p.Gly69Arg,0.930,27.0,['Unknown%20significance'],80.64,0.84,0.0,0.2,0.2
COL9A2,1,40314249,NM_001852.4:c.205G>A,NP_001843.1:p.Gly69Ser,0.865,27.4,['Unknown%20significance'],80.64,0.84,0.0,0.2,0.2
COL9A2,1,40314253,NM_001852.4:c.201G>T,NP_001843.1:p.Glu67Asp,0.313,12.16,['Unknown%20significance'],198.11,1.0,0.0,-0.0,0.0
COL9A2,1,40314255,NM_001852.4:c.199G>A,NP_001843.1:p.Glu67Lys,0.512,24.5,['Unknown%20significance'],198.11,1.0,0.0,0.0,0.0
COL9A2,1,40314257,NM_001852.4:c.197G>A,NP_001843.1:p.Gly66Asp,0.976,26.1,['Unknown%20significance'],62.7,0.65,0.0,0.6,0.6
COL9A2,1,40314258,NM_001852.4:c.196G>A,NP_001843.1:p.Gly66Ser,0.976,26.2,['Unknown%20significance'],62.7,0.65,0.0,0.4,0.4
COL9A2,1,40314260,NM_001852.4:c.194A>G,NP_001843.1:p.Lys65Arg,0.589,25.4,['Unknown%20significance'],208.06,0.87,0.0,-0.2,0.2
COL9A2,1,40314260,NM_001852.4:c.194A>C,NP_001843.1:p.Lys65Thr,0.667,26.8,['Unknown%20significance'],208.06,0.87,0.0,-0.1,0.1
COL9A2,1,40314264,NM_001852.4:c.190C>T,NP_001843.1:p.Pro64Ser,0.380,12.86,['Likely%20benign'],160.11,1.0,0.0,0.1,0.1
COL9A2,1,40314353,NM_001852.4:c.185C>T,NP_001843.1:p.Pro62Leu,0.503,23.8,['Pathogenic'],152.28,0.96,0.0,-0.0,0.0
COL9A2,1,40314354,NM_001852.4:c.184C>G,NP_001843.1:p.Pro62Ala,0.485,23.4,['Unknown%20significance'],152.28,0.96,0.0,0.1,0.1
COL9A2,1,40314356,NM_001852.4:c.182C>T,NP_001843.1:p.Pro61Leu,0.488,21.7,['Unknown%20significance'],155.77,0.99,0.0,0.1,0.1
COL9A2,1,40314356,NM_001852.4:c.182C>G,NP_001843.1:p.Pro61Arg,0.501,22.4,['Unknown%20significance'],155.77,0.99,0.0,0.0,0.0
COL9A2,1,40314360,NM_001852.4:c.178G>A,NP_001843.1:p.Gly60Ser,0.942,32,['Unknown%20significance'],57.21,0.6,0.0,0.4,0.4
COL9A2,1,40314363,NM_001852.4:c.175G>A,NP_001843.1:p.Ala59Thr,0.175,21.9,['Likely%20benign'],117.78,0.92,0.0,-0.1,0.1
COL9A2,1,40314368,NM_001852.4:c.170G>A,NP_001843.1:p.Gly57Glu,0.951,27.9,['Unknown%20significance'],82.24,0.86,0.0,0.3,0.3
COL9A2,1,40314371,NM_001852.4:c.167C>T,NP_001843.1:p.Pro56Leu,0.637,28.3,['Unknown%20significance'],148.5,0.94,0.0,0.0,0.0
COL9A2,1,40314374,NM_001852.4:c.164C>T,NP_001843.1:p.Pro55Leu,0.526,27.5,['Unknown%20significance'],155.94,0.99,0.0,0.1,0.1
COL9A2,1,40314374,NM_001852.4:c.164C>G,NP_001843.1:p.Pro55Arg,0.655,24.7,['Unknown%20significance'],155.94,0.99,0.0,0.0,0.0
COL9A2,1,40314375,NM_001852.4:c.163C>T,NP_001843.1:p.Pro55Ser,0.469,23.7,['Unknown%20significance'],155.94,0.99,0.0,0.1,0.1
COL9A2,1,40314375,NM_001852.4:c.163C>A,NP_001843.1:p.Pro55Thr,0.522,24.7,['Unknown%20significance'],155.94,0.99,0.0,0.1,0.1
COL9A2,1,40314378,NM_001852.4:c.160G>A,NP_001843.1:p.Gly54Arg,0.958,28.8,['Unknown%20significance'],58.76,0.61,0.0,0.4,0.4
COL9A2,1,40314380,NM_001852.4:c.158A>G,NP_001843.1:p.Asn53Ser,0.270,23.3,['Unknown%20significance'],168.91,1.0,0.0,-0.0,0.0
COL9A2,1,40314382,NM_001852.4:c.156C>A,NP_001843.1:p.Asp52Glu,0.309,23.0,['Unknown%20significance'],161.65,1.0,0.0,0.0,0.0
COL9A2,1,40314384,NM_001852.4:c.154G>A,NP_001843.1:p.Asp52Asn,0.408,31,['Unknown%20significance'],161.65,1.0,0.0,-0.0,0.0
COL9A2,1,40314386,NM_001852.4:c.152G>T,NP_001843.1:p.Gly51Val,0.946,29.6,['Unknown%20significance'],80.09,0.83,0.0,0.3,0.3
COL9A2,1,40314387,NM_001852.4:c.151G>C,NP_001843.1:p.Gly51Arg,0.939,33,['Unknown%20significance'],80.09,0.83,0.0,0.2,0.2
COL9A2,1,40314387,NM_001852.4:c.151G>A,NP_001843.1:p.Gly51Ser,0.934,33,['Unknown%20significance'],80.09,0.83,0.0,0.3,0.3
COL9A2,1,40315590,NM_001852.4:c.150C>G,NP_001843.1:p.Asp50Glu,0.484,27.8,['Unknown%20significance'],142.52,0.89,0.0,0.0,0.0
COL9A2,1,40315590,NM_001852.4:c.150C>A,NP_001843.1:p.Asp50Glu,0.484,28.4,['Unknown%20significance'],142.52,0.89,0.0,0.0,0.0
COL9A2,1,40315591,NM_001852.4:c.149A>T,NP_001843.1:p.Asp50Val,0.681,33,['Unknown%20significance'],142.52,0.89,0.0,-0.1,0.1
COL9A2,1,40315592,NM_001852.4:c.148G>T,NP_001843.1:p.Asp50Tyr,0.705,33,['Unknown%20significance'],142.52,0.89,0.0,-0.2,0.2
COL9A2,1,40315592,NM_001852.4:c.148G>A,NP_001843.1:p.Asp50Asn,0.487,33,['Unknown%20significance'],142.52,0.89,0.0,-0.0,0.0
COL9A2,1,40315594,NM_001852.4:c.146T>C,NP_001843.1:p.Ile49Thr,0.296,25.0,['Unknown%20significance'],204.68,1.0,0.0,0.0,0.0
COL9A2,1,40315594,NM_001852.4:c.146T>A,NP_001843.1:p.Ile49Asn,0.411,29.0,['Unknown%20significance'],204.68,1.0,0.0,0.1,0.1
COL9A2,1,40315595,NM_001852.4:c.145A>G,NP_001843.1:p.Ile49Val,0.156,20.9,['Unknown%20significance'],204.68,1.0,0.0,0.0,0.0
COL9A2,1,40315597,NM_001852.4:c.143G>T,NP_001843.1:p.Gly48Val,0.915,27.5,['Unknown%20significance'],74.37,0.78,0.0,0.3,0.3
COL9A2,1,40315597,NM_001852.4:c.143G>C,NP_001843.1:p.Gly48Ala,0.903,27.3,['Unknown%20significance'],74.37,0.78,0.0,0.3,0.3
COL9A2,1,40315597,NM_001852.4:c.143G>A,NP_001843.1:p.Gly48Asp,0.952,27.8,['Unknown%20significance'],74.37,0.78,0.0,0.5,0.5
COL9A2,1,40315598,NM_001852.4:c.142G>T,NP_001843.1:p.Gly48Cys,0.923,32,['Unknown%20significance'],74.37,0.78,0.0,0.4,0.4
COL9A2,1,40315598,NM_001852.4:c.142G>C,NP_001843.1:p.Gly48Arg,0.938,31,['Unknown%20significance'],74.37,0.78,0.0,0.3,0.3
COL9A2,1,40315598,NM_001852.4:c.142G>A,NP_001843.1:p.Gly48Ser,0.910,30,['Unknown%20significance'],74.37,0.78,0.0,0.3,0.3
COL9A2,1,40315599,NM_001852.4:c.141C>G,NP_001843.1:p.Asp47Glu,0.511,25.6,['Unknown%20significance'],152.69,0.95,0.0,0.0,0.0
COL9A2,1,40315599,NM_001852.4:c.141C>A,NP_001843.1:p.Asp47Glu,0.512,24.7,['Unknown%20significance'],152.69,0.95,0.0,0.0,0.0
COL9A2,1,40315600,NM_001852.4:c.140A>G,NP_001843.1:p.Asp47Gly,0.753,32,['Unknown%20significance'],152.69,0.95,0.0,0.1,0.1
COL9A2,1,40315601,NM_001852.4:c.139G>T,NP_001843.1:p.Asp47Tyr,0.842,31,['Unknown%20significance'],152.69,0.95,0.0,-0.1,0.1
COL9A2,1,40315601,NM_001852.4:c.139G>A,NP_001843.1:p.Asp47Asn,0.480,26.5,['Unknown%20significance'],152.69,0.95,0.0,-0.0,0.0
COL9A2,1,40315603,NM_001852.4:c.137C>T,NP_001843.1:p.Ser46Phe,0.520,26.6,['Unknown%20significance'],123.47,0.89,0.0,-0.0,0.0
COL9A2,1,40315603,NM_001852.4:c.137C>A,NP_001843.1:p.Ser46Tyr,0.629,25.9,['Unknown%20significance'],123.47,0.89,0.0,-0.1,0.1
COL9A2,1,40315606,NM_001852.4:c.134G>T,NP_001843.1:p.Gly45Val,0.919,32,['Unknown%20significance'],71.6,0.75,0.0,0.4,0.4
COL9A2,1,40315607,NM_001852.4:c.133G>A,NP_001843.1:p.Gly45Arg,0.933,32,['Unknown%20significance'],71.6,0.75,0.0,0.3,0.3
COL9A2,1,40315609,NM_001852.4:c.131C>T,NP_001843.1:p.Pro44Leu,0.806,32,['Unknown%20significance'],147.63,0.93,0.0,0.1,0.1
COL9A2,1,40315609,NM_001852.4:c.131C>G,NP_001843.1:p.Pro44Arg,0.750,27.1,['Unknown%20significance'],147.63,0.93,0.0,0.0,0.0
COL9A2,1,40315610,NM_001852.4:c.130C>T,NP_001843.1:p.Pro44Ser,0.700,29.5,['Unknown%20significance'],147.63,0.93,0.0,0.1,0.1
COL9A2,1,40315610,NM_001852.4:c.130C>A,NP_001843.1:p.Pro44Thr,0.718,28.0,['Unknown%20significance'],147.63,0.93,0.0,0.0,0.0
COL9A2,1,40315612,NM_001852.4:c.128T>C,NP_001843.1:p.Val43Ala,0.271,23.3,['Unknown%20significance'],159.91,0.93,0.0,0.1,0.1
COL9A2,1,40315613,NM_001852.4:c.127G>T,NP_001843.1:p.Val43Leu,0.172,21.2,['Likely%20benign'],159.91,0.93,0.0,0.0,0.0
COL9A2,1,40315613,NM_001852.4:c.127G>A,NP_001843.1:p.Val43Met,0.142,21.9,['Unknown%20significance'],159.91,0.93,0.0,-0.0,0.0
COL9A2,1,40315615,NM_001852.4:c.125G>T,NP_001843.1:p.Gly42Val,0.820,23.9,['Unknown%20significance'],79.36,0.83,0.0,0.2,0.2
COL9A2,1,40315616,NM_001852.4:c.124G>C,NP_001843.1:p.Gly42Arg,0.896,26.8,['Unknown%20significance'],79.36,0.83,0.0,0.2,0.2
COL9A2,1,40315616,NM_001852.4:c.124G>A,NP_001843.1:p.Gly42Arg,0.896,27.0,['Unknown%20significance'],79.36,0.83,0.0,0.2,0.2
COL9A2,1,40315618,NM_001852.4:c.122C>T,NP_001843.1:p.Pro41Leu,0.733,28.1,['Unknown%20significance'],151.31,0.96,0.0,0.0,0.0
COL9A2,1,40315618,NM_001852.4:c.122C>A,NP_001843.1:p.Pro41Gln,0.484,24.6,['Unknown%20significance'],151.31,0.96,0.0,0.0,0.0
COL9A2,1,40315619,NM_001852.4:c.121C>T,NP_001843.1:p.Pro41Ser,0.526,23.8,['Unknown%20significance'],151.31,0.96,0.0,0.0,0.0
COL9A2,1,40315619,NM_001852.4:c.121C>G,NP_001843.1:p.Pro41Ala,0.393,23.8,['Unknown%20significance'],151.31,0.96,0.0,0.1,0.1
COL9A2,1,40315619,NM_001852.4:c.121C>A,NP_001843.1:p.Pro41Thr,0.564,25.9,['Unknown%20significance'],151.31,0.96,0.0,-0.0,0.0
COL9A2,1,40315621,NM_001852.4:c.119C>T,NP_001843.1:p.Pro40Leu,0.711,28.8,['Unknown%20significance'],149.93,0.95,0.0,0.1,0.1
COL9A2,1,40315621,NM_001852.4:c.119C>A,NP_001843.1:p.Pro40Gln,0.745,28.1,['Unknown%20significance'],149.93,0.95,0.0,0.2,0.2
COL9A2,1,40315622,NM_001852.4:c.118C>T,NP_001843.1:p.Pro40Ser,0.701,26.1,['Unknown%20significance'],149.93,0.95,0.0,0.1,0.1
COL9A2,1,40315624,NM_001852.4:c.116G>T,NP_001843.1:p.Gly39Val,0.885,25.5,['Unknown%20significance'],59.17,0.62,0.0,0.5,0.5
COL9A2,1,40315624,NM_001852.4:c.116G>A,NP_001843.1:p.Gly39Glu,0.917,25.4,['Unknown%20significance'],59.17,0.62,0.0,0.7,0.7
COL9A2,1,40315625,NM_001852.4:c.115G>C,NP_001843.1:p.Gly39Arg,0.930,25.7,['Unknown%20significance'],59.17,0.62,0.0,0.4,0.4
COL9A2,1,40315625,NM_001852.4:c.115G>A,NP_001843.1:p.Gly39Arg,0.930,25.9,['Unknown%20significance'],59.17,0.62,0.0,0.4,0.4
COL9A2,1,40315627,NM_001852.4:c.113C>T,NP_001843.1:p.Pro38Leu,0.655,26.3,['Unknown%20significance'],153.65,0.97,0.0,0.0,0.0
COL9A2,1,40315627,NM_001852.4:c.113C>G,NP_001843.1:p.Pro38Arg,0.601,24.1,['Unknown%20significance'],153.65,0.97,0.0,-0.0,0.0
COL9A2,1,40315627,NM_001852.4:c.113C>A,NP_001843.1:p.Pro38Gln,0.579,24.1,['Unknown%20significance'],153.65,0.97,0.0,0.1,0.1
COL9A2,1,40315628,NM_001852.4:c.112C>T,NP_001843.1:p.Pro38Ser,0.634,25.1,['Unknown%20significance'],153.65,0.97,0.0,0.1,0.1
COL9A2,1,40315628,NM_001852.4:c.112C>A,NP_001843.1:p.Pro38Thr,0.606,24.9,['Unknown%20significance'],153.65,0.97,0.0,0.0,0.0
COL9A2,1,40315630,NM_001852.4:c.110C>T,NP_001843.1:p.Pro37Leu,0.608,23.9,['Unknown%20significance'],152.76,0.97,0.0,0.1,0.1
COL9A2,1,40315631,NM_001852.4:c.109C>T,NP_001843.1:p.Pro37Ser,0.599,23.4,['Unknown%20significance'],152.76,0.97,0.0,0.1,0.1
COL9A2,1,40315631,NM_001852.4:c.109C>A,NP_001843.1:p.Pro37Thr,0.697,23.3,['Unknown%20significance'],152.76,0.97,0.0,0.1,0.1
COL9A2,1,40315633,NM_001852.4:c.107G>T,NP_001843.1:p.Gly36Val,0.845,24.3,['Unknown%20significance'],50.64,0.53,0.0,0.4,0.4
COL9A2,1,40315633,NM_001852.4:c.107G>A,NP_001843.1:p.Gly36Asp,0.893,24.4,['Unknown%20significance'],50.64,0.53,0.0,0.6,0.6
COL9A2,1,40315634,NM_001852.4:c.106G>T,NP_001843.1:p.Gly36Cys,0.850,25.4,['Unknown%20significance'],50.64,0.53,0.0,0.6,0.6
COL9A2,1,40315634,NM_001852.4:c.106G>A,NP_001843.1:p.Gly36Ser,0.864,24.9,['Unknown%20significance'],50.64,0.53,0.0,0.4,0.4
COL9A2,1,40315636,NM_001852.4:c.104C>T,NP_001843.1:p.Pro35Leu,0.501,24.0,['Unknown%20significance'],114.78,0.72,0.0,0.0,0.0
COL9A2,1,40315636,NM_001852.4:c.104C>G,NP_001843.1:p.Pro35Arg,0.484,23.4,['Unknown%20significance'],114.78,0.72,0.0,-0.1,0.1
COL9A2,1,40315636,NM_001852.4:c.104C>A,NP_001843.1:p.Pro35Gln,0.386,23.7,['Unknown%20significance'],114.78,0.72,0.0,0.1,0.1
COL9A2,1,40315637,NM_001852.4:c.103C>T,NP_001843.1:p.Pro35Ser,0.499,23.6,['Unknown%20significance'],114.78,0.72,0.0,0.1,0.1
COL9A2,1,40315637,NM_001852.4:c.103C>G,NP_001843.1:p.Pro35Ala,0.393,23.3,['Unknown%20significance'],114.78,0.72,0.0,0.2,0.2
COL9A2,1,40315637,NM_001852.4:c.103C>A,NP_001843.1:p.Pro35Thr,0.460,23.7,['Unknown%20significance'],114.78,0.72,0.0,-0.0,0.0
COL9A2,1,40315639,NM_001852.4:c.101C>A,NP_001843.1:p.Pro34His,0.533,24.3,['Unknown%20significance'],155.81,0.99,0.0,0.2,0.2
COL9A2,1,40315640,NM_001852.4:c.100C>T,NP_001843.1:p.Pro34Ser,0.469,22.6,['Unknown%20significance'],155.81,0.99,0.0,0.2,0.2
COL9A2,1,40315640,NM_001852.4:c.100C>G,NP_001843.1:p.Pro34Ala,0.341,21.2,['Unknown%20significance'],155.81,0.99,0.0,0.2,0.2
COL9A2,1,40315640,NM_001852.4:c.100C>A,NP_001843.1:p.Pro34Thr,0.517,22.3,['Unknown%20significance'],155.81,0.99,0.0,0.1,0.1
COL9A2,1,40315642,NM_001852.4:c.98G>T,NP_001843.1:p.Gly33Val,0.743,24.6,['Unknown%20significance'],51.07,0.53,0.0,0.6,0.6
COL9A2,1,40315642,NM_001852.4:c.98G>C,NP_001843.1:p.Gly33Ala,0.717,24.3,['Unknown%20significance'],51.07,0.53,0.0,0.6,0.6
COL9A2,1,40315642,NM_001852.4:c.98G>A,NP_001843.1:p.Gly33Asp,0.763,24.7,['Unknown%20significance'],51.07,0.53,0.0,0.8,0.8
COL9A2,1,40315643,NM_001852.4:c.97G>T,NP_001843.1:p.Gly33Cys,0.742,25.5,['Unknown%20significance'],51.07,0.53,0.0,0.8,0.8
COL9A2,1,40315643,NM_001852.4:c.97G>C,NP_001843.1:p.Gly33Arg,0.746,25.2,['Unknown%20significance'],51.07,0.53,0.0,0.5,0.5
COL9A2,1,40315643,NM_001852.4:c.97G>A,NP_001843.1:p.Gly33Ser,0.701,25.0,['Unknown%20significance'],51.07,0.53,0.0,0.6,0.6
COL9A2,1,40315645,NM_001852.4:c.95G>T,NP_001843.1:p.Arg32Leu,0.282,16.00,['Likely%20benign'],239.06,0.88,0.0,0.1,0.1
COL9A2,1,40315645,NM_001852.4:c.95G>A,NP_001843.1:p.Arg32Gln,0.166,14.81,['Benign'],239.06,0.88,0.0,0.1,0.1
COL9A2,1,40315646,NM_001852.4:c.94C>T,NP_001843.1:p.Arg32Trp,0.470,28.3,['Likely%20benign'],239.06,0.88,0.0,-0.0,0.0
COL9A2,1,40315646,NM_001852.4:c.94C>G,NP_001843.1:p.Arg32Gly,0.346,25.1,['Likely%20benign'],239.06,0.88,0.0,0.3,0.3
COL9A2,1,40315647,NM_001852.4:c.93G>T,NP_001843.1:p.Glu31Asp,0.377,22.2,['Likely%20benign'],191.96,0.98,0.0,-0.0,0.0
COL9A2,1,40315648,NM_001852.4:c.92A>G,NP_001843.1:p.Glu31Gly,0.472,33,['Unknown%20significance'],191.96,0.98,0.0,0.1,0.1
COL9A2,1,40315649,NM_001852.4:c.91G>C,NP_001843.1:p.Glu31Gln,0.300,24.2,['Unknown%20significance'],191.96,0.98,0.0,-0.0,0.0
COL9A2,1,40315649,NM_001852.4:c.91G>A,NP_001843.1:p.Glu31Lys,0.495,25.2,['Unknown%20significance'],191.96,0.98,0.0,0.0,0.0
COL9A2,1,40315651,NM_001852.4:c.89G>T,NP_001843.1:p.Gly30Val,0.849,29.5,['Unknown%20significance'],87.27,0.91,0.0,0.0,0.0
COL9A2,1,40315651,NM_001852.4:c.89G>A,NP_001843.1:p.Gly30Glu,0.852,28.3,['Unknown%20significance'],87.27,0.91,0.0,0.1,0.1
COL9A2,1,40315652,NM_001852.4:c.88G>C,NP_001843.1:p.Gly30Arg,0.871,29.6,['Unknown%20significance'],87.27,0.91,0.0,0.0,0.0
COL9A2,1,40315652,NM_001852.4:c.88G>A,NP_001843.1:p.Gly30Arg,0.883,30,['Benign'],87.27,0.91,0.0,0.0,0.0
COL9A2,1,40315654,NM_001852.4:c.86C>T,NP_001843.1:p.Pro29Leu,0.795,32,['Unknown%20significance'],94.69,0.6,0.0,-0.1,0.1
COL9A2,1,40315654,NM_001852.4:c.86C>G,NP_001843.1:p.Pro29Arg,0.628,32,['Unknown%20significance'],94.69,0.6,0.0,-0.1,0.1
COL9A2,1,40315654,NM_001852.4:c.86C>A,NP_001843.1:p.Pro29Gln,0.578,26.6,['Unknown%20significance'],94.69,0.6,0.0,0.0,0.0
COL9A2,1,40315655,NM_001852.4:c.85C>T,NP_001843.1:p.Pro29Ser,0.657,28.7,['Unknown%20significance'],94.69,0.6,0.0,0.1,0.1
COL9A2,1,40315655,NM_001852.4:c.85C>A,NP_001843.1:p.Pro29Thr,0.649,28.2,['Unknown%20significance'],94.69,0.6,0.0,-0.1,0.1
COL9A2,1,40315657,NM_001852.4:c.83C>T,NP_001843.1:p.Pro28Leu,0.421,23.8,['Unknown%20significance'],157.06,0.99,0.0,0.0,0.0
COL9A2,1,40315657,NM_001852.4:c.83C>G,NP_001843.1:p.Pro28Arg,0.682,25.2,['Unknown%20significance'],157.06,0.99,0.0,0.0,0.0
COL9A2,1,40315657,NM_001852.4:c.83C>A,NP_001843.1:p.Pro28Gln,0.556,25.4,['Unknown%20significance'],157.06,0.99,0.0,0.1,0.1
COL9A2,1,40315658,NM_001852.4:c.82C>A,NP_001843.1:p.Pro28Thr,0.535,24.8,['Unknown%20significance'],157.06,0.99,0.0,0.0,0.0
COL9A2,1,40315660,NM_001852.4:c.80G>T,NP_001843.1:p.Gly27Val,0.880,31,['Unknown%20significance'],50.51,0.52,0.0,-0.2,0.2
COL9A2,1,40315660,NM_001852.4:c.80G>A,NP_001843.1:p.Gly27Asp,0.895,29.3,['Unknown%20significance'],50.51,0.52,0.0,0.4,0.4
COL9A2,1,40315661,NM_001852.4:c.79G>T,NP_001843.1:p.Gly27Cys,0.898,32,['Unknown%20significance'],50.51,0.52,0.0,0.0,0.0
COL9A2,1,40315661,NM_001852.4:c.79G>C,NP_001843.1:p.Gly27Arg,0.899,31,['Unknown%20significance'],50.51,0.52,0.0,-0.0,0.0
COL9A2,1,40315661,NM_001852.4:c.79G>A,NP_001843.1:p.Gly27Ser,0.867,32,['Unknown%20significance'],50.51,0.52,0.0,0.0,0.0
COL9A2,1,40315662,NM_001852.4:c.78A>T,NP_001843.1:p.Arg26Ser,0.569,23.4,['Likely%20benign'],223.12,0.82,0.0,0.1,0.1
COL9A2,1,40315663,NM_001852.4:c.77G>T,NP_001843.1:p.Arg26Ile,0.680,25.6,['Unknown%20significance'],223.12,0.82,0.0,-0.1,0.1
COL9A2,1,40317124,NM_001852.4:c.74T>G,NP_001843.1:p.Ile25Ser,0.505,23.0,['Unknown%20significance'],130.43,0.66,0.0,0.7,0.7
COL9A2,1,40317124,NM_001852.4:c.74T>C,NP_001843.1:p.Ile25Thr,0.409,19.31,['Likely%20benign'],130.43,0.66,0.0,0.4,0.4
COL9A2,1,40317124,NM_001852.4:c.74T>A,NP_001843.1:p.Ile25Asn,0.393,23.0,['Unknown%20significance'],130.43,0.66,0.0,0.8,0.8
COL9A2,1,40317126,NM_001852.4:c.72G>T,NP_001843.1:p.Gln24His,0.681,23.5,['Unknown%20significance'],163.62,0.82,0.0,-0.0,0.0
COL9A2,1,40317126,NM_001852.4:c.72G>C,NP_001843.1:p.Gln24His,0.681,23.6,['Unknown%20significance'],163.62,0.82,0.0,-0.0,0.0
COL9A2,1,40317127,NM_001852.4:c.71A>T,NP_001843.1:p.Gln24Leu,0.816,24.1,['Unknown%20significance'],163.62,0.82,0.0,-0.3,0.3
COL9A2,1,40317127,NM_001852.4:c.71A>G,NP_001843.1:p.Gln24Arg,0.615,23.8,['Unknown%20significance'],163.62,0.82,0.0,-0.0,0.0
COL9A2,1,40317128,NM_001852.4:c.70C>G,NP_001843.1:p.Gln24Glu,0.564,23.0,['Unknown%20significance'],163.62,0.82,0.0,0.1,0.1
COL9A2,1,40317128,NM_001852.4:c.70C>A,NP_001843.1:p.Gln24Lys,0.648,23.4,['Unknown%20significance'],163.62,0.82,0.0,0.2,0.2
COL9A2,1,40317130,NM_001852.4:c.68C>T,NP_001843.1:p.Ala23Val,0.436,25.0,['Unknown%20significance'],79.72,0.62,0.0,-0.2,0.2
COL9A2,1,40317130,NM_001852.4:c.68C>A,NP_001843.1:p.Ala23Glu,0.511,24.5,['Unknown%20significance'],79.72,0.62,0.0,0.4,0.4
COL9A2,1,40317131,NM_001852.4:c.67G>T,NP_001843.1:p.Ala23Ser,0.313,22.5,['Likely%20benign'],79.72,0.62,0.0,0.2,0.2
COL9A2,1,40317131,NM_001852.4:c.67G>A,NP_001843.1:p.Ala23Thr,0.355,24.4,['Likely%20benign'],79.72,0.62,0.0,0.1,0.1
COL9A2,1,40317133,NM_001852.4:c.65T>C,NP_001843.1:p.Leu22Pro,0.590,23.0,['Unknown%20significance'],99.12,0.51,0.0,1.4,1.4
COL9A2,1,40317134,NM_001852.4:c.64C>G,NP_001843.1:p.Leu22Val,0.179,21.3,['Unknown%20significance'],99.12,0.51,0.0,0.3,0.3
COL9A2,1,40317134,NM_001852.4:c.64C>A,NP_001843.1:p.Leu22Met,0.209,18.52,['Likely%20benign'],99.12,0.51,0.0,0.4,0.4
COL9A2,1,40317136,NM_001852.4:c.62C>T,NP_001843.1:p.Ala21Val,0.323,20.5,['Unknown%20significance'],45.02,0.35,0.0,-0.5,0.5
COL9A2,1,40317136,NM_001852.4:c.62C>A,NP_001843.1:p.Ala21Asp,0.580,21.9,['Unknown%20significance'],45.02,0.35,0.0,1.3,1.3
COL9A2,1,40317137,NM_001852.4:c.61G>T,NP_001843.1:p.Ala21Ser,0.225,14.84,['Likely%20benign'],45.02,0.35,0.0,0.6,0.6
COL9A2,1,40317137,NM_001852.4:c.61G>C,NP_001843.1:p.Ala21Pro,0.569,18.74,['Unknown%20significance'],45.02,0.35,0.0,0.8,0.8
COL9A2,1,40317137,NM_001852.4:c.61G>A,NP_001843.1:p.Ala21Thr,0.325,15.97,['Likely%20benign'],45.02,0.35,0.0,0.3,0.3
COL9A2,1,40317140,NM_001852.4:c.58C>T,NP_001843.1:p.Leu20Phe,0.358,22.7,['Unknown%20significance'],120.21,0.62,0.0,0.2,0.2
COL9A2,1,40317140,NM_001852.4:c.58C>A,NP_001843.1:p.Leu20Ile,0.295,23.4,['Likely%20benign'],120.21,0.62,0.0,0.1,0.1
COL9A2,1,40317142,NM_001852.4:c.56T>C,NP_001843.1:p.Val19Ala,0.171,9.186,['Likely%20benign'],59.34,0.34,0.0,0.6,0.6
COL9A2,1,40317143,NM_001852.4:c.55G>T,NP_001843.1:p.Val19Leu,0.133,14.52,['Unknown%20significance'],59.34,0.34,0.0,-0.0,0.0
COL9A2,1,40317143,NM_001852.4:c.55G>A,NP_001843.1:p.Val19Met,0.082,17.02,['Likely%20benign'],59.34,0.34,0.0,0.3,0.3
COL9A2,1,40317145,NM_001852.4:c.53T>C,NP_001843.1:p.Val18Ala,0.252,18.70,['Unknown%20significance'],71.41,0.41,0.0,1.0,1.0
COL9A2,1,40317146,NM_001852.4:c.52G>T,NP_001843.1:p.Val18Leu,0.278,14.85,['Likely%20benign'],71.41,0.41,0.0,-0.1,0.1
COL9A2,1,40317146,NM_001852.4:c.52G>C,NP_001843.1:p.Val18Leu,0.278,15.43,['Likely%20benign'],71.41,0.41,0.0,-0.1,0.1
COL9A2,1,40317146,NM_001852.4:c.52G>A,NP_001843.1:p.Val18Ile,0.232,16.91,['Unknown%20significance'],71.41,0.41,0.0,-0.0,0.0
COL9A2,1,40317148,NM_001852.4:c.50T>C,NP_001843.1:p.Val17Ala,0.227,15.10,['Likely%20benign'],98.61,0.57,0.0,0.7,0.7
COL9A2,1,40317149,NM_001852.4:c.49G>T,NP_001843.1:p.Val17Leu,0.178,18.53,['Likely%20benign'],98.61,0.57,0.0,0.0,0.0
COL9A2,1,40317149,NM_001852.4:c.49G>A,NP_001843.1:p.Val17Met,0.265,22.0,['Likely%20benign'],98.61,0.57,0.0,0.3,0.3
COL9A2,1,40317150,NM_001852.4:c.48G>T,NP_001843.1:p.Gln16His,0.391,23.1,['Likely%20benign'],89.47,0.45,0.0,-0.1,0.1
COL9A2,1,40317151,NM_001852.4:c.47A>T,NP_001843.1:p.Gln16Leu,0.436,22.1,['Unknown%20significance'],89.47,0.45,0.0,-1.4,1.4
COL9A2,1,40317151,NM_001852.4:c.47A>G,NP_001843.1:p.Gln16Arg,0.365,21.4,['Unknown%20significance'],89.47,0.45,0.0,-0.1,0.1
COL9A2,1,40317152,NM_001852.4:c.46C>G,NP_001843.1:p.Gln16Glu,0.374,20.6,['Likely%20benign'],89.47,0.45,0.0,0.4,0.4
COL9A2,1,40317152,NM_001852.4:c.46C>A,NP_001843.1:p.Gln16Lys,0.430,22.0,['Unknown%20significance'],89.47,0.45,0.0,0.4,0.4
COL9A2,1,40317154,NM_001852.4:c.44T>C,NP_001843.1:p.Leu15Pro,0.627,26.5,['Unknown%20significance'],106.91,0.55,0.0,1.4,1.4
COL9A2,1,40317154,NM_001852.4:c.44T>A,NP_001843.1:p.Leu15His,0.552,25.5,['Unknown%20significance'],106.91,0.55,0.0,1.2,1.2
COL9A2,1,40317155,NM_001852.4:c.43C>T,NP_001843.1:p.Leu15Phe,0.324,22.6,['Unknown%20significance'],106.91,0.55,0.0,0.2,0.2
COL9A2,1,40317155,NM_001852.4:c.43C>G,NP_001843.1:p.Leu15Val,0.281,21.5,['Unknown%20significance'],106.91,0.55,0.0,0.1,0.1
COL9A2,1,40317155,NM_001852.4:c.43C>A,NP_001843.1:p.Leu15Ile,0.286,23.2,['Unknown%20significance'],106.91,0.55,0.0,0.1,0.1
COL9A2,1,40317158,NM_001852.4:c.40C>T,NP_001843.1:p.Leu14Phe,0.167,19.17,['Likely%20benign'],120.05,0.62,0.0,0.2,0.2
COL9A2,1,40317158,NM_001852.4:c.40C>G,NP_001843.1:p.Leu14Val,0.226,17.59,['Likely%20benign'],120.05,0.62,0.0,0.1,0.1
COL9A2,1,40317158,NM_001852.4:c.40C>A,NP_001843.1:p.Leu14Ile,0.141,17.67,['Likely%20benign'],120.05,0.62,0.0,0.1,0.1
COL9A2,1,40317160,NM_001852.4:c.38T>C,NP_001843.1:p.Val13Ala,0.254,20.9,['Likely%20benign'],98.15,0.57,0.0,0.9,0.9
COL9A2,1,40317161,NM_001852.4:c.37G>T,NP_001843.1:p.Val13Phe,0.222,12.11,['Likely%20benign'],98.15,0.57,0.0,0.1,0.1
COL9A2,1,40317161,NM_001852.4:c.37G>C,NP_001843.1:p.Val13Leu,0.210,3.847,['Unknown%20significance'],98.15,0.57,0.0,-0.0,0.0
COL9A2,1,40317161,NM_001852.4:c.37G>A,NP_001843.1:p.Val13Ile,0.171,4.051,['Likely%20benign'],98.15,0.57,0.0,-0.1,0.1
COL9A2,1,40317163,NM_001852.4:c.35T>G,NP_001843.1:p.Leu12Arg,0.579,19.75,['Likely%20benign'],107.46,0.55,0.0,1.1,1.1
COL9A2,1,40317163,NM_001852.4:c.35T>C,NP_001843.1:p.Leu12Pro,0.621,21.1,['Unknown%20significance'],107.46,0.55,0.0,1.4,1.4
COL9A2,1,40317163,NM_001852.4:c.35T>A,NP_001843.1:p.Leu12His,0.510,18.73,['Likely%20benign'],107.46,0.55,0.0,1.1,1.1
COL9A2,1,40317164,NM_001852.4:c.34C>T,NP_001843.1:p.Leu12Phe,0.133,15.31,['Likely%20benign'],107.46,0.55,0.0,0.1,0.1
COL9A2,1,40317164,NM_001852.4:c.34C>A,NP_001843.1:p.Leu12Ile,0.140,15.05,['Likely%20benign'],107.46,0.55,0.0,0.0,0.0
COL9A2,1,40317166,NM_001852.4:c.32T>C,NP_001843.1:p.Leu11Pro,0.622,25.0,['Unknown%20significance'],110.63,0.57,0.0,1.4,1.4
COL9A2,1,40317166,NM_001852.4:c.32T>A,NP_001843.1:p.Leu11His,0.485,26.0,['Unknown%20significance'],110.63,0.57,0.0,1.2,1.2
COL9A2,1,40317167,NM_001852.4:c.31C>T,NP_001843.1:p.Leu11Phe,0.384,23.3,['Benign'],110.63,0.57,0.0,0.3,0.3
COL9A2,1,40317167,NM_001852.4:c.31C>A,NP_001843.1:p.Leu11Ile,0.359,22.9,['Likely%20benign'],110.63,0.57,0.0,0.2,0.2
COL9A2,1,40317168,NM_001852.4:c.30C>A,NP_001843.1:p.Ser10Arg,0.350,20.8,['Likely%20benign'],66.88,0.48,0.0,-0.2,0.2
COL9A2,1,40317169,NM_001852.4:c.29G>T,NP_001843.1:p.Ser10Ile,0.254,17.34,['Unknown%20significance'],66.88,0.48,0.0,-1.0,1.0
COL9A2,1,40317169,NM_001852.4:c.29G>A,NP_001843.1:p.Ser10Asn,0.168,15.49,['Likely%20benign'],66.88,0.48,0.0,0.1,0.1
COL9A2,1,40317170,NM_001852.4:c.28A>G,NP_001843.1:p.Ser10Gly,0.240,13.45,['Likely%20benign'],66.88,0.48,0.0,0.4,0.4
COL9A2,1,40317170,NM_001852.4:c.28A>C,NP_001843.1:p.Ser10Arg,0.409,14.17,['Likely%20benign'],66.88,0.48,0.0,-0.2,0.2
COL9A2,1,40317172,NM_001852.4:c.26G>T,NP_001843.1:p.Arg9Leu,0.343,19.72,['Likely%20benign'],223.86,0.83,0.0,-0.3,0.3
COL9A2,1,40317172,NM_001852.4:c.26G>A,NP_001843.1:p.Arg9His,0.401,21.7,['Likely%20benign'],223.86,0.83,0.0,0.0,0.0
COL9A2,1,40317173,NM_001852.4:c.25C>T,NP_001843.1:p.Arg9Cys,0.351,22.1,['Likely%20benign'],223.86,0.83,0.0,0.1,0.1
COL9A2,1,40317173,NM_001852.4:c.25C>G,NP_001843.1:p.Arg9Gly,0.443,18.93,['Unknown%20significance'],223.86,0.83,0.0,0.3,0.3
COL9A2,1,40317173,NM_001852.4:c.25C>A,NP_001843.1:p.Arg9Ser,0.435,17.23,['Likely%20benign'],223.86,0.83,0.0,0.2,0.2
COL9A2,1,40317175,NM_001852.4:c.23C>T,NP_001843.1:p.Pro8Leu,0.356,17.71,['Likely%20benign'],123.37,0.78,0.0,-0.3,0.3
COL9A2,1,40317175,NM_001852.4:c.23C>G,NP_001843.1:p.Pro8Arg,0.458,17.04,['Likely%20benign'],123.37,0.78,0.0,-0.2,0.2
COL9A2,1,40317175,NM_001852.4:c.23C>A,NP_001843.1:p.Pro8His,0.322,18.22,['Likely%20benign'],123.37,0.78,0.0,-0.1,0.1
COL9A2,1,40317176,NM_001852.4:c.22C>T,NP_001843.1:p.Pro8Ser,0.245,16.47,['Likely%20benign'],123.37,0.78,0.0,-0.1,0.1
COL9A2,1,40317176,NM_001852.4:c.22C>G,NP_001843.1:p.Pro8Ala,0.347,15.05,['Unknown%20significance'],123.37,0.78,0.0,-0.1,0.1
COL9A2,1,40317176,NM_001852.4:c.22C>A,NP_001843.1:p.Pro8Thr,0.254,16.61,['Likely%20benign'],123.37,0.78,0.0,-0.2,0.2
COL9A2,1,40317178,NM_001852.4:c.20C>T,NP_001843.1:p.Ser7Phe,0.239,13.01,['Likely%20benign'],59.23,0.42,0.0,-0.9,0.9
COL9A2,1,40317178,NM_001852.4:c.20C>G,NP_001843.1:p.Ser7Cys,0.204,14.98,['Likely%20benign'],59.23,0.42,0.0,-0.2,0.2
COL9A2,1,40317178,NM_001852.4:c.20C>A,NP_001843.1:p.Ser7Tyr,0.242,9.053,['Likely%20benign'],59.23,0.42,0.0,-0.8,0.8
COL9A2,1,40317179,NM_001852.4:c.19T>C,NP_001843.1:p.Ser7Pro,0.250,12.18,['Likely%20benign'],59.23,0.42,0.0,0.2,0.2
COL9A2,1,40317179,NM_001852.4:c.19T>A,NP_001843.1:p.Ser7Thr,0.227,6.633,['Likely%20benign'],59.23,0.42,0.0,-0.4,0.4
COL9A2,1,40317181,NM_001852.4:c.17C>T,NP_001843.1:p.Ala6Val,0.194,15.89,['Likely%20benign'],70.14,0.55,0.0,-0.3,0.3
COL9A2,1,40317181,NM_001852.4:c.17C>G,NP_001843.1:p.Ala6Gly,0.173,16.60,['Likely%20benign'],70.14,0.55,0.0,0.4,0.4
COL9A2,1,40317181,NM_001852.4:c.17C>A,NP_001843.1:p.Ala6Asp,0.266,17.26,['Likely%20benign'],70.14,0.55,0.0,0.3,0.3
COL9A2,1,40317182,NM_001852.4:c.16G>T,NP_001843.1:p.Ala6Ser,0.152,11.20,['Likely%20benign'],70.14,0.55,0.0,0.1,0.1
COL9A2,1,40317182,NM_001852.4:c.16G>A,NP_001843.1:p.Ala6Thr,0.178,12.88,['Likely%20benign'],70.14,0.55,0.0,-0.1,0.1
COL9A2,1,40317184,NM_001852.4:c.14C>T,NP_001843.1:p.Thr5Met,0.172,14.23,['Likely%20benign'],143.14,0.9,0.0,-0.1,0.1
COL9A2,1,40317184,NM_001852.4:c.14C>A,NP_001843.1:p.Thr5Lys,0.187,14.33,['Likely%20benign'],143.14,0.9,0.0,0.2,0.2
COL9A2,1,40317185,NM_001852.4:c.13A>T,NP_001843.1:p.Thr5Ser,0.278,10.10,['Likely%20benign'],143.14,0.9,0.0,0.1,0.1
COL9A2,1,40317185,NM_001852.4:c.13A>G,NP_001843.1:p.Thr5Ala,0.289,11.27,['Likely%20benign'],143.14,0.9,0.0,0.0,0.0
COL9A2,1,40317187,NM_001852.4:c.11C>T,NP_001843.1:p.Ala4Val,0.291,17.97,['Unknown%20significance'],123.02,0.96,0.0,-0.0,0.0
COL9A2,1,40317187,NM_001852.4:c.11C>A,NP_001843.1:p.Ala4Asp,0.414,19.56,['Likely%20benign'],123.02,0.96,0.0,0.1,0.1
COL9A2,1,40317188,NM_001852.4:c.10G>T,NP_001843.1:p.Ala4Ser,0.289,14.66,['Likely%20benign'],123.02,0.96,0.0,0.0,0.0
COL9A2,1,40317188,NM_001852.4:c.10G>C,NP_001843.1:p.Ala4Pro,0.400,18.72,['Unknown%20significance'],123.02,0.96,0.0,0.1,0.1
COL9A2,1,40317188,NM_001852.4:c.10G>A,NP_001843.1:p.Ala4Thr,0.328,16.13,['Unknown%20significance'],123.02,0.96,0.0,-0.0,0.0
COL9A2,1,40317190,NM_001852.4:c.8C>T,NP_001843.1:p.Ala3Val,0.281,14.21,['Likely%20benign'],92.65,0.72,0.0,-0.3,0.3
COL9A2,1,40317190,NM_001852.4:c.8C>A,NP_001843.1:p.Ala3Asp,0.217,14.12,['Likely%20benign'],92.65,0.72,0.0,0.4,0.4
COL9A2,1,40317191,NM_001852.4:c.7G>T,NP_001843.1:p.Ala3Ser,0.180,10.35,['Likely%20benign'],92.65,0.72,0.0,0.1,0.1
COL9A2,1,40317191,NM_001852.4:c.7G>A,NP_001843.1:p.Ala3Thr,0.175,12.69,['Unknown%20significance'],92.65,0.72,0.0,-0.0,0.0
COL9A2,1,40317193,NM_001852.4:c.5C>T,NP_001843.1:p.Ala2Val,0.222,16.39,['Likely%20benign'],121.13,0.95,0.0,-0.0,0.0
COL9A2,1,40317193,NM_001852.4:c.5C>G,NP_001843.1:p.Ala2Gly,0.222,22.5,['Likely%20benign'],121.13,0.95,0.0,0.1,0.1
COL9A2,1,40317193,NM_001852.4:c.5C>A,NP_001843.1:p.Ala2Asp,0.370,22.6,['Unknown%20significance'],121.13,0.95,0.0,0.1,0.1
COL9A2,1,40317194,NM_001852.4:c.4G>T,NP_001843.1:p.Ala2Ser,0.217,20.8,['Likely%20benign'],121.13,0.95,0.0,0.1,0.1
COL9A2,1,40317194,NM_001852.4:c.4G>C,NP_001843.1:p.Ala2Pro,0.504,19.34,['Likely%20benign'],121.13,0.95,0.0,0.1,0.1
COL9A2,1,40317194,NM_001852.4:c.4G>A,NP_001843.1:p.Ala2Thr,0.275,17.68,['Likely%20benign'],121.13,0.95,0.0,0.1,0.1