Gene,Chrom,Position,DNA_change,Protein_Change,Revel,CADDPhred,Classification,Surface Area,Normalized SA,Confidence Score,ddG,|ddG|
MCM2,3,127598470,NM_004526.4:c.4G>A,NP_004517.2:p.Ala2Thr,0.165,28.5,['Unknown%20significance'],104.49,0.82,0.0,0.2,0.2
MCM2,3,127598470,NM_004526.4:c.4G>C,NP_004517.2:p.Ala2Pro,0.180,28.4,['Unknown%20significance'],104.49,0.82,0.0,0.3,0.3
MCM2,3,127598470,NM_004526.4:c.4G>T,NP_004517.2:p.Ala2Ser,0.114,27.6,['Unknown%20significance'],104.49,0.82,0.0,0.1,0.1
MCM2,3,127598471,NM_004526.4:c.5C>A,NP_004517.2:p.Ala2Glu,0.167,26.1,['Unknown%20significance'],104.49,0.82,0.0,0.3,0.3
MCM2,3,127598471,NM_004526.4:c.5C>T,NP_004517.2:p.Ala2Val,0.160,32,['Unknown%20significance'],104.49,0.82,0.0,0.2,0.2
MCM2,3,127599324,NM_004526.4:c.13T>C,NP_004517.2:p.Ser5Pro,0.199,23.6,['Unknown%20significance'],110.31,0.79,0.0,0.4,0.4
MCM2,3,127599325,NM_004526.4:c.14C>G,NP_004517.2:p.Ser5Trp,0.207,25.8,['Unknown%20significance'],110.31,0.79,0.0,0.2,0.2
MCM2,3,127599325,NM_004526.4:c.14C>T,NP_004517.2:p.Ser5Leu,0.165,23.4,['Unknown%20significance'],110.31,0.79,0.0,0.5,0.5
MCM2,3,127599327,NM_004526.4:c.16G>C,NP_004517.2:p.Glu6Gln,0.193,25.8,['Unknown%20significance'],139.59,0.71,0.0,0.0,0.0
MCM2,3,127599331,NM_004526.4:c.20C>A,NP_004517.2:p.Ser7Tyr,0.130,25.3,['Unknown%20significance'],107.47,0.77,0.0,0.2,0.2
MCM2,3,127599336,NM_004526.4:c.25A>G,NP_004517.2:p.Thr9Ala,0.067,14.88,['Likely%20benign'],103.61,0.65,0.0,0.2,0.2
MCM2,3,127599339,NM_004526.4:c.28A>G,NP_004517.2:p.Met10Val,0.026,0.115,['Likely%20benign'],203.57,0.94,0.0,0.0,0.0
MCM2,3,127599340,NM_004526.4:c.29T>C,NP_004517.2:p.Met10Thr,0.072,5.600,['Likely%20benign'],203.57,0.94,0.0,0.2,0.2
MCM2,3,127599342,NM_004526.4:c.31G>A,NP_004517.2:p.Ala11Thr,0.072,22.5,['Unknown%20significance'],106.38,0.83,0.0,-0.1,0.1
MCM2,3,127599346,NM_004526.4:c.35C>A,NP_004517.2:p.Ser12Tyr,0.071,23.0,['Unknown%20significance'],125.2,0.9,0.0,-0.0,0.0
MCM2,3,127599346,NM_004526.4:c.35C>G,NP_004517.2:p.Ser12Cys,0.048,23.2,['Unknown%20significance'],125.2,0.9,0.0,0.1,0.1
MCM2,3,127599346,NM_004526.4:c.35C>T,NP_004517.2:p.Ser12Phe,0.067,23.4,['Unknown%20significance'],125.2,0.9,0.0,0.0,0.0
MCM2,3,127599349,NM_004526.4:c.38G>A,NP_004517.2:p.Ser13Asn,0.118,25.0,['Unknown%20significance'],116.3,0.84,0.0,0.1,0.1
MCM2,3,127599349,NM_004526.4:c.38G>T,NP_004517.2:p.Ser13Ile,0.176,25.7,['Unknown%20significance'],116.3,0.84,0.0,0.1,0.1
MCM2,3,127599350,NM_004526.4:c.39C>G,NP_004517.2:p.Ser13Arg,0.129,23.1,['Unknown%20significance'],116.3,0.84,0.0,0.1,0.1
MCM2,3,127599351,NM_004526.4:c.40C>G,NP_004517.2:p.Pro14Ala,0.150,23.9,['Unknown%20significance'],154.49,0.98,0.0,0.1,0.1
MCM2,3,127599351,NM_004526.4:c.40C>T,NP_004517.2:p.Pro14Ser,0.182,24.3,['Pathogenic'],154.49,0.98,0.0,0.1,0.1
MCM2,3,127599352,NM_004526.4:c.41C>G,NP_004517.2:p.Pro14Arg,0.262,24.4,['Unknown%20significance'],154.49,0.98,0.0,0.0,0.0
MCM2,3,127599352,NM_004526.4:c.41C>T,NP_004517.2:p.Pro14Leu,0.249,24.7,['Unknown%20significance'],154.49,0.98,0.0,0.0,0.0
MCM2,3,127599355,NM_004526.4:c.44C>T,NP_004517.2:p.Ala15Val,0.050,13.29,['Likely%20benign'],107.69,0.84,0.0,-0.1,0.1
MCM2,3,127599358,NM_004526.4:c.47A>C,NP_004517.2:p.Gln16Pro,0.062,4.099,['Likely%20benign'],147.7,0.74,0.0,0.3,0.3
MCM2,3,127599359,NM_004526.4:c.48G>T,NP_004517.2:p.Gln16His,0.042,12.88,['Unknown%20significance'],147.7,0.74,0.0,0.0,0.0
MCM2,3,127599360,NM_004526.4:c.49C>G,NP_004517.2:p.Arg17Gly,0.088,16.63,['Unknown%20significance'],225.72,0.83,0.0,0.4,0.4
MCM2,3,127599360,NM_004526.4:c.49C>T,NP_004517.2:p.Arg17Cys,0.151,23.4,['Unknown%20significance'],225.72,0.83,0.0,0.4,0.4
MCM2,3,127599361,NM_004526.4:c.50G>A,NP_004517.2:p.Arg17His,0.126,22.6,['Unknown%20significance'],225.72,0.83,0.0,0.0,0.0
MCM2,3,127599363,NM_004526.4:c.52C>T,NP_004517.2:p.Arg18Trp,0.087,22.4,['Unknown%20significance'],240.29,0.89,0.0,0.1,0.1
MCM2,3,127599364,NM_004526.4:c.53G>A,NP_004517.2:p.Arg18Gln,0.054,18.03,['Unknown%20significance'],240.29,0.89,0.0,0.1,0.1
MCM2,3,127599364,NM_004526.4:c.53G>C,NP_004517.2:p.Arg18Pro,0.120,18.32,['Benign'],240.29,0.89,0.0,0.2,0.2
MCM2,3,127599364,NM_004526.4:c.53G>T,NP_004517.2:p.Arg18Leu,0.103,21.4,['Unknown%20significance'],240.29,0.89,0.0,0.2,0.2
MCM2,3,127599366,NM_004526.4:c.55C>G,NP_004517.2:p.Arg19Gly,0.059,19.68,['Unknown%20significance'],226.04,0.83,0.0,0.3,0.3
MCM2,3,127599367,NM_004526.4:c.56G>A,NP_004517.2:p.Arg19Gln,0.065,23.3,['Likely%20benign'],226.04,0.83,0.0,0.1,0.1
MCM2,3,127599367,NM_004526.4:c.56G>C,NP_004517.2:p.Arg19Pro,0.072,23.4,['Unknown%20significance'],226.04,0.83,0.0,0.1,0.1
MCM2,3,127599370,NM_004526.4:c.59G>A,NP_004517.2:p.Gly20Asp,0.056,12.03,['Likely%20benign'],74.03,0.77,0.0,0.0,0.0
MCM2,3,127599372,NM_004526.4:c.61A>G,NP_004517.2:p.Asn21Asp,0.065,15.96,['Likely%20benign'],135.4,0.84,0.0,0.1,0.1
MCM2,3,127599373,NM_004526.4:c.62A>G,NP_004517.2:p.Asn21Ser,0.040,8.447,['Likely%20benign'],135.4,0.84,0.0,0.0,0.0
MCM2,3,127599375,NM_004526.4:c.64G>A,NP_004517.2:p.Asp22Asn,0.059,23.3,['Likely%20benign'],122.73,0.76,0.0,-0.0,0.0
MCM2,3,127599378,NM_004526.4:c.67C>T,NP_004517.2:p.Pro23Ser,0.032,22.5,['Likely%20benign'],138.9,0.88,0.0,0.2,0.2
MCM2,3,127599379,NM_004526.4:c.68C>G,NP_004517.2:p.Pro23Arg,0.057,23.2,['Unknown%20significance'],138.9,0.88,0.0,0.1,0.1
MCM2,3,127599379,NM_004526.4:c.68C>T,NP_004517.2:p.Pro23Leu,0.073,23.4,['Unknown%20significance'],138.9,0.88,0.0,0.1,0.1
MCM2,3,127599381,NM_004526.4:c.70C>G,NP_004517.2:p.Leu24Val,0.064,17.35,['Likely%20benign'],175.25,0.9,0.0,0.0,0.0
MCM2,3,127599381,NM_004526.4:c.70C>T,NP_004517.2:p.Leu24Phe,0.107,21.9,['Likely%20benign'],175.25,0.9,0.0,-0.0,0.0
MCM2,3,127599384,NM_004526.4:c.73A>C,NP_004517.2:p.Thr25Pro,0.150,24.3,['Likely%20benign'],119.61,0.76,0.0,0.1,0.1
MCM2,3,127599385,NM_004526.4:c.74C>T,NP_004517.2:p.Thr25Ile,0.058,23.5,['Unknown%20significance'],119.61,0.76,0.0,-0.0,0.0
MCM2,3,127599388,NM_004526.4:c.77C>T,NP_004517.2:p.Ser26Phe,0.186,27.4,['Unknown%20significance'],115.97,0.84,0.0,0.0,0.0
MCM2,3,127599390,NM_004526.4:c.79A>G,NP_004517.2:p.Ser27Gly,0.173,25.2,['Unknown%20significance'],120.51,0.87,0.0,0.2,0.2
MCM2,3,127599391,NM_004526.4:c.80G>C,NP_004517.2:p.Ser27Thr,0.146,25.1,['Unknown%20significance'],120.51,0.87,0.0,-0.1,0.1
MCM2,3,127599391,NM_004526.4:c.80G>T,NP_004517.2:p.Ser27Ile,0.245,30,['Unknown%20significance'],120.51,0.87,0.0,-0.0,0.0
MCM2,3,127599393,NM_004526.4:c.82C>G,NP_004517.2:p.Pro28Ala,0.229,24.0,['Unknown%20significance'],138.26,0.87,0.0,0.3,0.3
MCM2,3,127599393,NM_004526.4:c.82C>T,NP_004517.2:p.Pro28Ser,0.255,24.5,['Unknown%20significance'],138.26,0.87,0.0,0.2,0.2
MCM2,3,127599394,NM_004526.4:c.83C>A,NP_004517.2:p.Pro28His,0.237,27.2,['Unknown%20significance'],138.26,0.87,0.0,0.2,0.2
MCM2,3,127599394,NM_004526.4:c.83C>T,NP_004517.2:p.Pro28Leu,0.247,28.1,['Unknown%20significance'],138.26,0.87,0.0,0.3,0.3
MCM2,3,127599396,NM_004526.4:c.85G>A,NP_004517.2:p.Gly29Ser,0.045,23.0,['Likely%20benign'],69.18,0.72,0.0,-0.1,0.1
MCM2,3,127599399,NM_004526.4:c.88C>G,NP_004517.2:p.Arg30Gly,0.062,22.1,['Unknown%20significance'],280.8,1.0,0.0,0.1,0.1
MCM2,3,127599400,NM_004526.4:c.89G>A,NP_004517.2:p.Arg30Gln,0.019,23.3,['Unknown%20significance'],280.8,1.0,0.0,0.0,0.0
MCM2,3,127599400,NM_004526.4:c.89G>C,NP_004517.2:p.Arg30Pro,0.030,23.4,['Unknown%20significance'],280.8,1.0,0.0,0.1,0.1
MCM2,3,127599403,NM_004526.4:c.92G>T,NP_004517.2:p.Ser31Ile,0.072,22.7,['Unknown%20significance'],110.19,0.79,0.0,0.0,0.0
MCM2,3,127599406,NM_004526.4:c.95C>T,NP_004517.2:p.Ser32Phe,0.219,23.8,['Unknown%20significance'],127.43,0.92,0.0,0.0,0.0
MCM2,3,127599408,NM_004526.4:c.97C>T,NP_004517.2:p.Arg33Trp,0.150,24.7,['Unknown%20significance'],242.33,0.89,0.0,-0.0,0.0
MCM2,3,127599409,NM_004526.4:c.98G>A,NP_004517.2:p.Arg33Gln,0.096,23.0,['Benign'],242.33,0.89,0.0,0.1,0.1
MCM2,3,127599409,NM_004526.4:c.98G>C,NP_004517.2:p.Arg33Pro,0.156,23.2,['Unknown%20significance'],242.33,0.89,0.0,0.1,0.1
MCM2,3,127599411,NM_004526.4:c.100C>A,NP_004517.2:p.Arg34Ser,0.150,21.0,['Unknown%20significance'],256.08,0.95,0.0,0.1,0.1
MCM2,3,127599411,NM_004526.4:c.100C>T,NP_004517.2:p.Arg34Cys,0.215,26.3,['Unknown%20significance'],256.08,0.95,0.0,0.2,0.2
MCM2,3,127599412,NM_004526.4:c.101G>A,NP_004517.2:p.Arg34His,0.160,24.6,['Unknown%20significance'],256.08,0.95,0.0,0.1,0.1
MCM2,3,127599412,NM_004526.4:c.101G>C,NP_004517.2:p.Arg34Pro,0.217,27.1,['Unknown%20significance'],256.08,0.95,0.0,0.1,0.1
MCM2,3,127599412,NM_004526.4:c.101G>T,NP_004517.2:p.Arg34Leu,0.212,23.2,['Unknown%20significance'],256.08,0.95,0.0,0.1,0.1
MCM2,3,127599414,NM_004526.4:c.103A>G,NP_004517.2:p.Thr35Ala,0.022,9.717,['Likely%20benign'],152.97,0.97,0.0,0.0,0.0
MCM2,3,127599417,NM_004526.4:c.106G>A,NP_004517.2:p.Asp36Asn,0.129,24.8,['Unknown%20significance'],117.59,0.73,0.0,-0.0,0.0
MCM2,3,127599418,NM_004526.4:c.107A>G,NP_004517.2:p.Asp36Gly,0.292,23.3,['Unknown%20significance'],117.59,0.73,0.0,0.2,0.2
MCM2,3,127599419,NM_004526.4:c.108T>G,NP_004517.2:p.Asp36Glu,0.119,15.24,['Likely%20benign'],117.59,0.73,0.0,0.0,0.0
MCM2,3,127599420,NM_004526.4:c.109G>A,NP_004517.2:p.Ala37Thr,0.162,22.8,['Unknown%20significance'],112.95,0.88,0.0,-0.0,0.0
MCM2,3,127599420,NM_004526.4:c.109G>T,NP_004517.2:p.Ala37Ser,0.171,22.1,['Unknown%20significance'],112.95,0.88,0.0,0.0,0.0
MCM2,3,127599421,NM_004526.4:c.110C>T,NP_004517.2:p.Ala37Val,0.216,22.7,['Unknown%20significance'],112.95,0.88,0.0,-0.1,0.1
MCM2,3,127599423,NM_004526.4:c.112C>T,NP_004517.2:p.Leu38Phe,0.025,21.0,['Unknown%20significance'],167.48,0.86,0.0,0.1,0.1
MCM2,3,127599426,NM_004526.4:c.115A>C,NP_004517.2:p.Thr39Pro,0.234,23.3,['Unknown%20significance'],151.86,0.96,0.0,0.1,0.1
MCM2,3,127599427,NM_004526.4:c.116C>T,NP_004517.2:p.Thr39Ile,0.184,22.7,['Unknown%20significance'],151.86,0.96,0.0,0.0,0.0
MCM2,3,127599430,NM_004526.4:c.119C>G,NP_004517.2:p.Ser40Cys,0.260,26.6,['Unknown%20significance'],108.18,0.78,0.0,0.2,0.2
MCM2,3,127599435,NM_004526.4:c.124C>G,NP_004517.2:p.Pro42Ala,0.219,23.6,['Unknown%20significance'],131.61,0.83,0.0,0.3,0.3
MCM2,3,127599439,NM_004526.4:c.128G>A,NP_004517.2:p.Gly43Asp,0.211,23.2,['Unknown%20significance'],83.08,0.87,0.0,0.1,0.1
MCM2,3,127599441,NM_004526.4:c.130C>G,NP_004517.2:p.Arg44Gly,0.247,22.8,['Unknown%20significance'],248.51,0.92,0.0,0.3,0.3
MCM2,3,127599441,NM_004526.4:c.130C>T,NP_004517.2:p.Arg44Cys,0.241,25.1,['Pathogenic'],248.51,0.92,0.0,0.2,0.2
MCM2,3,127599442,NM_004526.4:c.131G>A,NP_004517.2:p.Arg44His,0.277,32,['Unknown%20significance'],248.51,0.92,0.0,0.1,0.1
MCM2,3,127599442,NM_004526.4:c.131G>T,NP_004517.2:p.Arg44Leu,0.359,24.3,['Unknown%20significance'],248.51,0.92,0.0,0.1,0.1
MCM2,3,127599447,NM_004526.4:c.136C>G,NP_004517.2:p.Leu46Val,0.106,23.0,['Unknown%20significance'],183.62,0.95,0.0,0.1,0.1
MCM2,3,127599447,NM_004526.4:c.136C>T,NP_004517.2:p.Leu46Phe,0.154,21.5,['Unknown%20significance'],183.62,0.95,0.0,0.0,0.0
MCM2,3,127599453,NM_004526.4:c.142C>T,NP_004517.2:p.Pro48Ser,0.220,26.1,['Unknown%20significance'],133.65,0.84,0.0,0.2,0.2
MCM2,3,127599457,NM_004526.4:c.146T>A,NP_004517.2:p.Phe49Tyr,0.178,25.8,['Unknown%20significance'],201.44,0.87,0.0,0.1,0.1
MCM2,3,127599461,NM_004526.4:c.150G>T,NP_004517.2:p.Glu50Asp,0.240,23.7,['Unknown%20significance'],157.88,0.8,0.0,0.0,0.0
MCM2,3,127599463,NM_004526.4:c.152A>G,NP_004517.2:p.Asp51Gly,0.412,33,['Unknown%20significance'],105.71,0.66,0.0,0.5,0.5
MCM2,3,127599464,NM_004526.4:c.153T>G,NP_004517.2:p.Asp51Glu,0.151,25.3,['Unknown%20significance'],105.71,0.66,0.0,0.2,0.2
MCM2,3,127599467,NM_004526.4:c.156G>T,NP_004517.2:p.Glu52Asp,0.089,21.2,['Unknown%20significance'],178.19,0.91,0.0,0.0,0.0
MCM2,3,127599468,NM_004526.4:c.157T>C,NP_004517.2:p.Ser53Pro,0.252,25.9,['Unknown%20significance'],92.82,0.67,0.0,0.4,0.4
MCM2,3,127599469,NM_004526.4:c.158C>G,NP_004517.2:p.Ser53Cys,0.212,27.3,['Unknown%20significance'],92.82,0.67,0.0,0.3,0.3
MCM2,3,127599471,NM_004526.4:c.160G>A,NP_004517.2:p.Glu54Lys,0.200,29.5,['Unknown%20significance'],201.23,1.0,0.0,-0.0,0.0
MCM2,3,127599477,NM_004526.4:c.166C>T,NP_004517.2:p.Leu56Phe,0.070,23.1,['Unknown%20significance'],187.03,0.96,0.0,0.1,0.1
MCM2,3,127599480,NM_004526.4:c.169C>G,NP_004517.2:p.Leu57Val,0.044,20.5,['Unknown%20significance'],190.38,0.98,0.0,0.1,0.1
MCM2,3,127599490,NM_004526.4:c.179A>C,NP_004517.2:p.Glu60Ala,0.041,22.5,['Unknown%20significance'],193.82,0.99,0.0,0.0,0.0
MCM2,3,127599490,NM_004526.4:c.179A>T,NP_004517.2:p.Glu60Val,0.034,23.0,['Unknown%20significance'],193.82,0.99,0.0,-0.0,0.0
MCM2,3,127599491,NM_004526.4:c.180G>C,NP_004517.2:p.Glu60Asp,0.025,17.44,['Unknown%20significance'],193.82,0.99,0.0,-0.0,0.0
MCM2,3,127599492,NM_004526.4:c.181G>A,NP_004517.2:p.Gly61Arg,0.056,23.0,['Unknown%20significance'],73.37,0.76,0.0,-0.3,0.3
MCM2,3,127599492,NM_004526.4:c.181G>T,NP_004517.2:p.Gly61Trp,0.095,28.4,['Unknown%20significance'],73.37,0.76,0.0,-0.2,0.2
MCM2,3,127599493,NM_004526.4:c.182G>A,NP_004517.2:p.Gly61Glu,0.066,21.4,['Unknown%20significance'],73.37,0.76,0.0,-0.0,0.0
MCM2,3,127599493,NM_004526.4:c.182G>T,NP_004517.2:p.Gly61Val,0.021,22.1,['Unknown%20significance'],73.37,0.76,0.0,-0.1,0.1
MCM2,3,127599495,NM_004526.4:c.184C>A,NP_004517.2:p.Pro62Thr,0.048,20.5,['Unknown%20significance'],120.87,0.76,0.0,-0.2,0.2
MCM2,3,127599495,NM_004526.4:c.184C>G,NP_004517.2:p.Pro62Ala,0.048,18.61,['Unknown%20significance'],120.87,0.76,0.0,-0.0,0.0
MCM2,3,127599496,NM_004526.4:c.185C>T,NP_004517.2:p.Pro62Leu,0.032,22.0,['Unknown%20significance'],120.87,0.76,0.0,-0.3,0.3
MCM2,3,127599501,NM_004526.4:c.190G>A,NP_004517.2:p.Glu64Lys,0.149,23.9,['Unknown%20significance'],145.27,0.74,0.0,-0.2,0.2
MCM2,3,127599504,NM_004526.4:c.193G>A,NP_004517.2:p.Glu65Lys,0.315,26.2,['Unknown%20significance'],191.82,0.98,0.0,-0.0,0.0
MCM2,3,127599507,NM_004526.4:c.196G>C,NP_004517.2:p.Glu66Gln,0.143,26.3,['Unknown%20significance'],191.1,0.97,0.0,-0.0,0.0
MCM2,3,127599508,NM_004526.4:c.197A>T,NP_004517.2:p.Glu66Val,0.389,33,['Unknown%20significance'],191.1,0.97,0.0,0.1,0.1
MCM2,3,127599509,NM_004526.4:c.198A>C,NP_004517.2:p.Glu66Asp,0.093,16.72,['Likely%20benign'],191.1,0.97,0.0,-0.0,0.0
MCM2,3,127599511,NM_004526.4:c.200A>G,NP_004517.2:p.Glu67Gly,0.148,25.4,['Unknown%20significance'],179.46,0.91,0.0,0.1,0.1
MCM2,3,127599513,NM_004526.4:c.202G>A,NP_004517.2:p.Asp68Asn,0.132,24.3,['Unknown%20significance'],164.45,1.0,0.0,0.0,0.0
MCM2,3,127599514,NM_004526.4:c.203A>G,NP_004517.2:p.Asp68Gly,0.207,29.5,['Unknown%20significance'],164.45,1.0,0.0,0.1,0.1
MCM2,3,127599515,NM_004526.4:c.204T>G,NP_004517.2:p.Asp68Glu,0.105,19.59,['Benign'],164.45,1.0,0.0,0.0,0.0
MCM2,3,127599516,NM_004526.4:c.205G>A,NP_004517.2:p.Gly69Arg,0.461,33,['Unknown%20significance'],78.41,0.82,0.0,-0.0,0.0
MCM2,3,127599519,NM_004526.4:c.208G>A,NP_004517.2:p.Glu70Lys,0.420,28.0,['Unknown%20significance'],180.95,0.92,0.0,-0.0,0.0
MCM2,3,127599523,NM_004526.4:c.212A>C,NP_004517.2:p.Glu71Ala,0.272,25.7,['Unknown%20significance'],167.24,0.85,0.0,0.1,0.1
MCM2,3,127599524,NM_004526.4:c.213G>C,NP_004517.2:p.Glu71Asp,0.113,13.24,['Unknown%20significance'],167.24,0.85,0.0,-0.1,0.1
MCM2,3,127599524,NM_004526.4:c.213G>T,NP_004517.2:p.Glu71Asp,0.113,13.16,['Likely%20benign'],167.24,0.85,0.0,-0.1,0.1
MCM2,3,127599528,NM_004526.4:c.217A>C,NP_004517.2:p.Ile73Leu,0.110,23.2,['Unknown%20significance'],111.75,0.56,0.0,-0.0,0.0
MCM2,3,127599528,NM_004526.4:c.217A>G,NP_004517.2:p.Ile73Val,0.101,22.7,['Unknown%20significance'],111.75,0.56,0.0,0.3,0.3
MCM2,3,127599529,NM_004526.4:c.218T>C,NP_004517.2:p.Ile73Thr,0.278,26.7,['Unknown%20significance'],111.75,0.56,0.0,0.6,0.6
MCM2,3,127599531,NM_004526.4:c.220G>A,NP_004517.2:p.Gly74Arg,0.466,32,['Unknown%20significance'],58.99,0.61,0.0,-0.0,0.0
MCM2,3,127599537,NM_004526.4:c.226G>A,NP_004517.2:p.Gly76Ser,0.094,24.1,['Unknown%20significance'],23.71,0.24,0.0,-0.6,0.6
MCM2,3,127599540,NM_004526.4:c.229A>G,NP_004517.2:p.Met77Val,0.417,23.7,['Unknown%20significance'],89.14,0.41,0.0,0.9,0.9
MCM2,3,127599541,NM_004526.4:c.230T>C,NP_004517.2:p.Met77Thr,0.494,26.2,['Unknown%20significance'],89.14,0.41,0.0,1.1,1.1
MCM2,3,127599542,NM_004526.4:c.231G>A,NP_004517.2:p.Met77Ile,0.267,25.6,['Unknown%20significance'],89.14,0.41,0.0,0.6,0.6
MCM2,3,127599544,NM_004526.4:c.233A>G,NP_004517.2:p.Glu78Gly,0.418,32,['Unknown%20significance'],117.83,0.6,0.0,0.6,0.6
MCM2,3,127599546,NM_004526.4:c.235A>G,NP_004517.2:p.Arg79Gly,0.274,26.3,['Unknown%20significance'],170.67,0.63,0.0,0.9,0.9
MCM2,3,127604613,NM_004526.4:c.242A>G,NP_004517.2:p.Tyr81Cys,0.655,29.7,['Unknown%20significance'],174.74,0.72,0.0,1.2,1.2
MCM2,3,127604615,NM_004526.4:c.244C>T,NP_004517.2:p.Arg82Cys,0.486,31,['Unknown%20significance'],158.11,0.58,0.0,1.0,1.0
MCM2,3,127604616,NM_004526.4:c.245G>A,NP_004517.2:p.Arg82His,0.494,32,['Unknown%20significance'],158.11,0.58,0.0,0.3,0.3
MCM2,3,127604616,NM_004526.4:c.245G>C,NP_004517.2:p.Arg82Pro,0.525,32,['Unknown%20significance'],158.11,0.58,0.0,0.9,0.9
MCM2,3,127604616,NM_004526.4:c.245G>T,NP_004517.2:p.Arg82Leu,0.540,31,['Unknown%20significance'],158.11,0.58,0.0,0.6,0.6
MCM2,3,127604618,NM_004526.4:c.247G>A,NP_004517.2:p.Ala83Thr,0.066,17.57,['Unknown%20significance'],88.93,0.69,0.0,0.0,0.0
MCM2,3,127604618,NM_004526.4:c.247G>T,NP_004517.2:p.Ala83Ser,0.051,15.73,['Likely%20benign'],88.93,0.69,0.0,0.1,0.1
MCM2,3,127604619,NM_004526.4:c.248C>G,NP_004517.2:p.Ala83Gly,0.039,21.1,['Unknown%20significance'],88.93,0.69,0.0,0.3,0.3
MCM2,3,127604621,NM_004526.4:c.250A>G,NP_004517.2:p.Ile84Val,0.177,22.0,['Unknown%20significance'],111.82,0.57,0.0,0.2,0.2
MCM2,3,127604621,NM_004526.4:c.250A>T,NP_004517.2:p.Ile84Phe,0.186,24.9,['Unknown%20significance'],111.82,0.57,0.0,0.2,0.2
MCM2,3,127604623,NM_004526.4:c.252C>G,NP_004517.2:p.Ile84Met,0.155,16.27,['Unknown%20significance'],111.82,0.57,0.0,0.0,0.0
MCM2,3,127604624,NM_004526.4:c.253C>A,NP_004517.2:p.Pro85Thr,0.183,23.8,['Unknown%20significance'],121.5,0.77,0.0,0.1,0.1
MCM2,3,127604624,NM_004526.4:c.253C>T,NP_004517.2:p.Pro85Ser,0.097,22.7,['Unknown%20significance'],121.5,0.77,0.0,0.2,0.2
MCM2,3,127604627,NM_004526.4:c.256G>C,NP_004517.2:p.Glu86Gln,0.234,25.6,['Unknown%20significance'],171.81,0.87,0.0,-0.1,0.1
MCM2,3,127604628,NM_004526.4:c.257A>T,NP_004517.2:p.Glu86Val,0.169,26.9,['Unknown%20significance'],171.81,0.87,0.0,0.0,0.0
MCM2,3,127604631,NM_004526.4:c.260T>C,NP_004517.2:p.Leu87Pro,0.462,25.8,['Unknown%20significance'],152.51,0.79,0.0,0.6,0.6
MCM2,3,127604635,NM_004526.4:c.264C>A,NP_004517.2:p.Asp88Glu,0.436,13.98,['Unknown%20significance'],95.25,0.59,0.0,0.3,0.3
MCM2,3,127604636,NM_004526.4:c.265G>A,NP_004517.2:p.Ala89Thr,0.055,0.535,['Unknown%20significance'],100.59,0.79,0.0,-0.1,0.1
MCM2,3,127604639,NM_004526.4:c.268T>A,NP_004517.2:p.Tyr90Asn,0.671,27.3,['Unknown%20significance'],193.37,0.8,0.0,0.8,0.8
MCM2,3,127604640,NM_004526.4:c.269A>G,NP_004517.2:p.Tyr90Cys,0.668,28.0,['Unknown%20significance'],193.37,0.8,0.0,0.9,0.9
MCM2,3,127604640,NM_004526.4:c.269A>T,NP_004517.2:p.Tyr90Phe,0.390,23.8,['Unknown%20significance'],193.37,0.8,0.0,0.4,0.4
MCM2,3,127604645,NM_004526.4:c.274G>T,NP_004517.2:p.Ala92Ser,0.054,15.62,['Unknown%20significance'],72.9,0.57,0.0,0.0,0.0
MCM2,3,127604646,NM_004526.4:c.275C>T,NP_004517.2:p.Ala92Val,0.069,20.4,['Unknown%20significance'],72.9,0.57,0.0,-0.1,0.1
MCM2,3,127604648,NM_004526.4:c.277G>A,NP_004517.2:p.Glu93Lys,0.172,22.9,['Unknown%20significance'],155.41,0.79,0.0,-0.1,0.1
MCM2,3,127604648,NM_004526.4:c.277G>C,NP_004517.2:p.Glu93Gln,0.146,22.8,['Unknown%20significance'],155.41,0.79,0.0,-0.1,0.1
MCM2,3,127604649,NM_004526.4:c.278A>C,NP_004517.2:p.Glu93Ala,0.124,22.4,['Unknown%20significance'],155.41,0.79,0.0,-0.0,0.0
MCM2,3,127604650,NM_004526.4:c.279G>T,NP_004517.2:p.Glu93Asp,0.052,14.80,['Likely%20benign'],155.41,0.79,0.0,-0.0,0.0
MCM2,3,127604652,NM_004526.4:c.281G>T,NP_004517.2:p.Gly94Val,0.336,24.0,['Unknown%20significance'],83.97,0.88,0.0,-0.1,0.1
MCM2,3,127604657,NM_004526.4:c.286G>A,NP_004517.2:p.Ala96Thr,0.088,22.7,['Unknown%20significance'],80.15,0.63,0.0,-0.1,0.1
MCM2,3,127604657,NM_004526.4:c.286G>C,NP_004517.2:p.Ala96Pro,0.157,23.1,['Unknown%20significance'],80.15,0.63,0.0,0.2,0.2
MCM2,3,127604657,NM_004526.4:c.286G>T,NP_004517.2:p.Ala96Ser,0.097,21.6,['Unknown%20significance'],80.15,0.63,0.0,0.1,0.1
MCM2,3,127604658,NM_004526.4:c.287C>T,NP_004517.2:p.Ala96Val,0.062,21.6,['Unknown%20significance'],80.15,0.63,0.0,-0.2,0.2
MCM2,3,127604663,NM_004526.4:c.292G>A,NP_004517.2:p.Asp98Asn,0.392,28.7,['Unknown%20significance'],119.45,0.74,0.0,0.1,0.1
MCM2,3,127604663,NM_004526.4:c.292G>T,NP_004517.2:p.Asp98Tyr,0.599,29.5,['Unknown%20significance'],119.45,0.74,0.0,0.1,0.1
MCM2,3,127604672,NM_004526.4:c.301G>A,NP_004517.2:p.Asp101Asn,0.176,25.0,['Unknown%20significance'],163.28,1.0,0.0,0.0,0.0
MCM2,3,127604673,NM_004526.4:c.302A>G,NP_004517.2:p.Asp101Gly,0.426,29.0,['Unknown%20significance'],163.28,1.0,0.0,0.1,0.1
MCM2,3,127604675,NM_004526.4:c.304G>A,NP_004517.2:p.Val102Ile,0.056,17.48,['Unknown%20significance'],135.39,0.78,0.0,-0.1,0.1
MCM2,3,127604676,NM_004526.4:c.305T>C,NP_004517.2:p.Val102Ala,0.063,22.2,['Unknown%20significance'],135.39,0.78,0.0,0.2,0.2
MCM2,3,127604683,NM_004526.4:c.312G>T,NP_004517.2:p.Glu104Asp,0.064,19.19,['Unknown%20significance'],186.62,0.95,0.0,0.0,0.0
MCM2,3,127604684,NM_004526.4:c.313C>G,NP_004517.2:p.Leu105Val,0.095,22.8,['Unknown%20significance'],116.56,0.6,0.0,0.4,0.4
MCM2,3,127604688,NM_004526.4:c.317C>T,NP_004517.2:p.Thr106Met,0.297,24.4,['Unknown%20significance'],90.95,0.57,0.0,-0.0,0.0
MCM2,3,127604691,NM_004526.4:c.320C>G,NP_004517.2:p.Ala107Gly,0.080,22.9,['Unknown%20significance'],89.89,0.7,0.0,0.4,0.4
MCM2,3,127604694,NM_004526.4:c.323G>A,NP_004517.2:p.Ser108Asn,0.141,22.5,['Unknown%20significance'],94.18,0.68,0.0,0.1,0.1
MCM2,3,127604696,NM_004526.4:c.325C>G,NP_004517.2:p.Gln109Glu,0.121,17.26,['Unknown%20significance'],101.68,0.51,0.0,0.0,0.0
MCM2,3,127604700,NM_004526.4:c.329G>A,NP_004517.2:p.Arg110Lys,0.503,29.0,['Unknown%20significance'],151.74,0.56,0.0,0.6,0.6
MCM2,3,127604700,NM_004526.4:c.329G>T,NP_004517.2:p.Arg110Met,0.757,30,['Unknown%20significance'],151.74,0.56,0.0,0.5,0.5
MCM2,3,127604702,NM_004526.4:c.331G>A,NP_004517.2:p.Glu111Lys,0.232,23.8,['Unknown%20significance'],77.84,0.39,0.0,0.0,0.0
MCM2,3,127604702,NM_004526.4:c.331G>C,NP_004517.2:p.Glu111Gln,0.199,23.1,['Unknown%20significance'],77.84,0.39,0.0,-0.3,0.3
MCM2,3,127604706,NM_004526.4:c.335C>T,NP_004517.2:p.Ala112Val,0.137,23.1,['Unknown%20significance'],74.99,0.58,0.0,-0.1,0.1
MCM2,3,127604708,NM_004526.4:c.337G>A,NP_004517.2:p.Ala113Thr,0.400,27.7,['Unknown%20significance'],46.68,0.36,0.0,0.2,0.2
MCM2,3,127604709,NM_004526.4:c.338C>T,NP_004517.2:p.Ala113Val,0.201,22.5,['Unknown%20significance'],46.68,0.36,0.0,-0.5,0.5
MCM2,3,127604711,NM_004526.4:c.340G>C,NP_004517.2:p.Glu114Gln,0.443,27.3,['Unknown%20significance'],55.79,0.28,0.0,-0.0,0.0
MCM2,3,127604714,NM_004526.4:c.343C>T,NP_004517.2:p.Arg115Trp,0.178,26.0,['Unknown%20significance'],131.04,0.48,0.0,-0.1,0.1
MCM2,3,127604715,NM_004526.4:c.344G>A,NP_004517.2:p.Arg115Gln,0.026,22.4,['Unknown%20significance'],131.04,0.48,0.0,0.3,0.3
MCM2,3,127604715,NM_004526.4:c.344G>T,NP_004517.2:p.Arg115Leu,0.077,22.8,['Unknown%20significance'],131.04,0.48,0.0,0.0,0.0
MCM2,3,127604717,NM_004526.4:c.346G>A,NP_004517.2:p.Ala116Thr,0.065,22.4,['Likely%20benign'],47.97,0.37,0.0,-0.2,0.2
MCM2,3,127604717,NM_004526.4:c.346G>C,NP_004517.2:p.Ala116Pro,0.090,22.8,['Unknown%20significance'],47.97,0.37,0.0,0.2,0.2
MCM2,3,127604718,NM_004526.4:c.347C>T,NP_004517.2:p.Ala116Val,0.017,6.868,['Likely%20benign'],47.97,0.37,0.0,-0.4,0.4
MCM2,3,127604720,NM_004526.4:c.349A>G,NP_004517.2:p.Met117Val,0.305,24.4,['Unknown%20significance'],90.67,0.41,0.0,0.6,0.6
MCM2,3,127604722,NM_004526.4:c.351G>A,NP_004517.2:p.Met117Ile,0.262,25.2,['Unknown%20significance'],90.67,0.41,0.0,0.3,0.3
MCM2,3,127604723,NM_004526.4:c.352C>G,NP_004517.2:p.Arg118Gly,0.348,16.34,['Unknown%20significance'],183.53,0.68,0.0,0.5,0.5
MCM2,3,127604723,NM_004526.4:c.352C>T,NP_004517.2:p.Arg118Trp,0.357,22.2,['Unknown%20significance'],183.53,0.68,0.0,-0.0,0.0
MCM2,3,127604724,NM_004526.4:c.353G>A,NP_004517.2:p.Arg118Gln,0.156,22.8,['Unknown%20significance'],183.53,0.68,0.0,0.1,0.1
MCM2,3,127604728,NM_004526.4:c.357G>T,NP_004517.2:p.Gln119His,0.045,23.3,['Unknown%20significance'],114.47,0.57,0.0,-0.1,0.1
MCM2,3,127604729,NM_004526.4:c.358C>T,NP_004517.2:p.Arg120Cys,0.461,24.9,['Unknown%20significance'],150.92,0.56,0.0,1.4,1.4
MCM2,3,127604730,NM_004526.4:c.359G>A,NP_004517.2:p.Arg120His,0.607,26.5,['Unknown%20significance'],150.92,0.56,0.0,0.5,0.5
MCM2,3,127604734,NM_004526.4:c.363C>G,NP_004517.2:p.Asp121Glu,0.345,23.0,['Unknown%20significance'],30.07,0.18,0.0,0.4,0.4
MCM2,3,127604735,NM_004526.4:c.364C>T,NP_004517.2:p.Arg122Trp,0.350,24.4,['Unknown%20significance'],232.26,0.86,0.0,0.1,0.1
MCM2,3,127604736,NM_004526.4:c.365G>A,NP_004517.2:p.Arg122Gln,0.054,23.2,['Unknown%20significance'],232.26,0.86,0.0,0.2,0.2
MCM2,3,127604738,NM_004526.4:c.367G>A,NP_004517.2:p.Glu123Lys,0.167,22.1,['Unknown%20significance'],153.65,0.78,0.0,0.1,0.1
MCM2,3,127604740,NM_004526.4:c.369G>C,NP_004517.2:p.Glu123Asp,0.108,16.26,['Unknown%20significance'],153.65,0.78,0.0,0.1,0.1
MCM2,3,127604740,NM_004526.4:c.369G>T,NP_004517.2:p.Glu123Asp,0.108,16.19,['Unknown%20significance'],153.65,0.78,0.0,0.1,0.1
MCM2,3,127604741,NM_004526.4:c.370G>T,NP_004517.2:p.Ala124Ser,0.017,14.03,['Likely%20benign'],65.13,0.51,0.0,-0.0,0.0
MCM2,3,127604742,NM_004526.4:c.371C>A,NP_004517.2:p.Ala124Asp,0.022,17.05,['Unknown%20significance'],65.13,0.51,0.0,-0.1,0.1
MCM2,3,127604744,NM_004526.4:c.373G>T,NP_004517.2:p.Gly125Cys,0.280,24.7,['Unknown%20significance'],72.73,0.76,0.0,0.2,0.2
MCM2,3,127604747,NM_004526.4:c.376C>G,NP_004517.2:p.Arg126Gly,0.031,21.2,['Likely%20benign'],191.74,0.71,0.0,0.7,0.7
MCM2,3,127604747,NM_004526.4:c.376C>T,NP_004517.2:p.Arg126Trp,0.117,25.4,['Unknown%20significance'],191.74,0.71,0.0,0.0,0.0
MCM2,3,127604748,NM_004526.4:c.377G>A,NP_004517.2:p.Arg126Gln,0.034,22.6,['Unknown%20significance'],191.74,0.71,0.0,0.2,0.2
MCM2,3,127604748,NM_004526.4:c.377G>C,NP_004517.2:p.Arg126Pro,0.070,23.1,['Unknown%20significance'],191.74,0.71,0.0,0.5,0.5
MCM2,3,127604750,NM_004526.4:c.379G>A,NP_004517.2:p.Gly127Ser,0.126,21.1,['Unknown%20significance'],78.2,0.82,0.0,-0.1,0.1
MCM2,3,127604751,NM_004526.4:c.380G>A,NP_004517.2:p.Gly127Asp,0.093,20.7,['Unknown%20significance'],78.2,0.82,0.0,-0.1,0.1
MCM2,3,127604754,NM_004526.4:c.383T>A,NP_004517.2:p.Leu128Gln,0.138,22.3,['Unknown%20significance'],159.14,0.82,0.0,0.0,0.0
MCM2,3,127604756,NM_004526.4:c.385G>T,NP_004517.2:p.Gly129Cys,0.555,31,['Unknown%20significance'],55.62,0.58,0.0,0.3,0.3
MCM2,3,127604759,NM_004526.4:c.388C>T,NP_004517.2:p.Arg130Cys,0.334,29.2,['Likely%20pathogenic'],278.54,1.0,0.0,0.2,0.2
MCM2,3,127604760,NM_004526.4:c.389G>A,NP_004517.2:p.Arg130His,0.344,32,['Unknown%20significance'],278.54,1.0,0.0,0.0,0.0
MCM2,3,127604760,NM_004526.4:c.389G>T,NP_004517.2:p.Arg130Leu,0.525,31,['Unknown%20significance'],278.54,1.0,0.0,0.1,0.1
MCM2,3,127604762,NM_004526.4:c.391A>C,NP_004517.2:p.Met131Leu,0.064,19.98,['Unknown%20significance'],185.67,0.85,0.0,0.0,0.0
MCM2,3,127604762,NM_004526.4:c.391A>G,NP_004517.2:p.Met131Val,0.066,20.7,['Unknown%20significance'],185.67,0.85,0.0,0.1,0.1
MCM2,3,127604763,NM_004526.4:c.392T>A,NP_004517.2:p.Met131Lys,0.135,21.6,['Unknown%20significance'],185.67,0.85,0.0,0.3,0.3
MCM2,3,127604763,NM_004526.4:c.392T>C,NP_004517.2:p.Met131Thr,0.105,21.9,['Unknown%20significance'],185.67,0.85,0.0,0.1,0.1
MCM2,3,127604765,NM_004526.4:c.394C>A,NP_004517.2:p.Arg132Ser,0.176,23.4,['Unknown%20significance'],258.65,0.96,0.0,0.1,0.1
MCM2,3,127604765,NM_004526.4:c.394C>T,NP_004517.2:p.Arg132Cys,0.183,26.0,['Unknown%20significance'],258.65,0.96,0.0,0.1,0.1
MCM2,3,127604766,NM_004526.4:c.395G>A,NP_004517.2:p.Arg132His,0.211,24.7,['Unknown%20significance'],258.65,0.96,0.0,0.0,0.0
MCM2,3,127604766,NM_004526.4:c.395G>T,NP_004517.2:p.Arg132Leu,0.277,24.0,['Unknown%20significance'],258.65,0.96,0.0,-0.0,0.0
MCM2,3,127604768,NM_004526.4:c.397C>T,NP_004517.2:p.Arg133Cys,0.254,26.9,['Unknown%20significance'],266.21,0.98,0.0,0.1,0.1
MCM2,3,127604769,NM_004526.4:c.398G>A,NP_004517.2:p.Arg133His,0.165,25.6,['Likely%20benign'],266.21,0.98,0.0,0.0,0.0
MCM2,3,127604771,NM_004526.4:c.400G>C,NP_004517.2:p.Gly134Arg,0.353,25.9,['Unknown%20significance'],68.61,0.71,0.0,-0.2,0.2
MCM2,3,127604774,NM_004526.4:c.403C>T,NP_004517.2:p.Leu135Phe,0.172,23.5,['Likely%20benign'],188.51,0.97,0.0,-0.0,0.0
MCM2,3,127604777,NM_004526.4:c.406C>A,NP_004517.2:p.Leu136Met,0.150,22.8,['Unknown%20significance'],161.5,0.83,0.0,0.1,0.1
MCM2,3,127604778,NM_004526.4:c.407T>C,NP_004517.2:p.Leu136Pro,0.428,28.1,['Unknown%20significance'],161.5,0.83,0.0,0.6,0.6
MCM2,3,127604781,NM_004526.4:c.410A>G,NP_004517.2:p.Tyr137Cys,0.436,26.4,['Unknown%20significance'],222.13,0.92,0.0,0.3,0.3
MCM2,3,127604781,NM_004526.4:c.410A>T,NP_004517.2:p.Tyr137Phe,0.239,23.3,['Unknown%20significance'],222.13,0.92,0.0,0.1,0.1
MCM2,3,127604896,NM_004526.4:c.413A>G,NP_004517.2:p.Asp138Gly,0.315,23.1,['Unknown%20significance'],145.95,0.91,0.0,0.1,0.1
MCM2,3,127604897,NM_004526.4:c.414C>A,NP_004517.2:p.Asp138Glu,0.035,15.91,['Likely%20benign'],145.95,0.91,0.0,0.0,0.0
MCM2,3,127604897,NM_004526.4:c.414C>G,NP_004517.2:p.Asp138Glu,0.035,16.19,['Likely%20benign'],145.95,0.91,0.0,0.0,0.0
MCM2,3,127604898,NM_004526.4:c.415A>G,NP_004517.2:p.Ser139Gly,0.056,20.9,['Unknown%20significance'],132.71,0.96,0.0,0.1,0.1
MCM2,3,127604899,NM_004526.4:c.416G>A,NP_004517.2:p.Ser139Asn,0.047,21.0,['Unknown%20significance'],132.71,0.96,0.0,-0.1,0.1
MCM2,3,127604900,NM_004526.4:c.417C>A,NP_004517.2:p.Ser139Arg,0.128,0.278,['Likely%20benign'],132.71,0.96,0.0,-0.2,0.2
MCM2,3,127604901,NM_004526.4:c.418G>A,NP_004517.2:p.Asp140Asn,0.111,23.4,['Unknown%20significance'],129.58,0.81,0.0,-0.0,0.0
MCM2,3,127604901,NM_004526.4:c.418G>T,NP_004517.2:p.Asp140Tyr,0.205,23.5,['Unknown%20significance'],129.58,0.81,0.0,-0.1,0.1
MCM2,3,127604902,NM_004526.4:c.419A>G,NP_004517.2:p.Asp140Gly,0.115,22.3,['Likely%20benign'],129.58,0.81,0.0,0.3,0.3
MCM2,3,127604904,NM_004526.4:c.421G>A,NP_004517.2:p.Glu141Lys,0.099,23.3,['Unknown%20significance'],181.92,0.93,0.0,-0.1,0.1
MCM2,3,127604906,NM_004526.4:c.423G>C,NP_004517.2:p.Glu141Asp,0.085,9.312,['Likely%20benign'],181.92,0.93,0.0,-0.1,0.1
MCM2,3,127604907,NM_004526.4:c.424G>A,NP_004517.2:p.Glu142Lys,0.185,25.2,['Unknown%20significance'],185.98,0.95,0.0,-0.1,0.1
MCM2,3,127604910,NM_004526.4:c.427G>A,NP_004517.2:p.Asp143Asn,0.101,24.1,['Unknown%20significance'],144.13,0.9,0.0,-0.0,0.0
MCM2,3,127604913,NM_004526.4:c.430G>A,NP_004517.2:p.Glu144Lys,0.160,23.1,['Unknown%20significance'],167.44,0.85,0.0,-0.0,0.0
MCM2,3,127604913,NM_004526.4:c.430G>C,NP_004517.2:p.Glu144Gln,0.097,23.9,['Unknown%20significance'],167.44,0.85,0.0,-0.1,0.1
MCM2,3,127604914,NM_004526.4:c.431A>C,NP_004517.2:p.Glu144Ala,0.091,22.8,['Unknown%20significance'],167.44,0.85,0.0,0.1,0.1
MCM2,3,127604917,NM_004526.4:c.434A>C,NP_004517.2:p.Glu145Ala,0.046,22.6,['Unknown%20significance'],181.25,0.92,0.0,0.0,0.0
MCM2,3,127604919,NM_004526.4:c.436C>A,NP_004517.2:p.Arg146Ser,0.122,22.3,['Unknown%20significance'],255.4,0.94,0.0,0.1,0.1
MCM2,3,127604919,NM_004526.4:c.436C>T,NP_004517.2:p.Arg146Cys,0.078,29.1,['Unknown%20significance'],255.4,0.94,0.0,0.1,0.1
MCM2,3,127604920,NM_004526.4:c.437G>A,NP_004517.2:p.Arg146His,0.166,25.6,['Unknown%20significance'],255.4,0.94,0.0,0.0,0.0
MCM2,3,127604920,NM_004526.4:c.437G>T,NP_004517.2:p.Arg146Leu,0.164,23.3,['Unknown%20significance'],255.4,0.94,0.0,0.0,0.0
MCM2,3,127604925,NM_004526.4:c.442G>A,NP_004517.2:p.Ala148Thr,0.037,4.209,['Unknown%20significance'],71.42,0.56,0.0,-0.2,0.2
MCM2,3,127604925,NM_004526.4:c.442G>C,NP_004517.2:p.Ala148Pro,0.068,7.991,['Likely%20benign'],71.42,0.56,0.0,-0.2,0.2
MCM2,3,127604926,NM_004526.4:c.443C>G,NP_004517.2:p.Ala148Gly,0.054,15.41,['Likely%20benign'],71.42,0.56,0.0,0.1,0.1
MCM2,3,127604926,NM_004526.4:c.443C>T,NP_004517.2:p.Ala148Val,0.051,15.84,['Likely%20benign'],71.42,0.56,0.0,-0.2,0.2
MCM2,3,127604928,NM_004526.4:c.445C>G,NP_004517.2:p.Arg149Gly,0.262,24.1,['Unknown%20significance'],236.56,0.87,0.0,0.3,0.3
MCM2,3,127604928,NM_004526.4:c.445C>T,NP_004517.2:p.Arg149Cys,0.271,25.3,['Unknown%20significance'],236.56,0.87,0.0,0.4,0.4
MCM2,3,127604929,NM_004526.4:c.446G>A,NP_004517.2:p.Arg149His,0.346,31,['Unknown%20significance'],236.56,0.87,0.0,0.1,0.1
MCM2,3,127604929,NM_004526.4:c.446G>C,NP_004517.2:p.Arg149Pro,0.583,32,['Unknown%20significance'],236.56,0.87,0.0,0.2,0.2
MCM2,3,127604929,NM_004526.4:c.446G>T,NP_004517.2:p.Arg149Leu,0.382,31,['Unknown%20significance'],236.56,0.87,0.0,0.2,0.2
MCM2,3,127604931,NM_004526.4:c.448A>G,NP_004517.2:p.Lys150Glu,0.046,24.2,['Unknown%20significance'],172.99,0.73,0.0,-0.3,0.3
MCM2,3,127604932,NM_004526.4:c.449A>G,NP_004517.2:p.Lys150Arg,0.044,20.2,['Likely%20benign'],172.99,0.73,0.0,-0.4,0.4
MCM2,3,127604933,NM_004526.4:c.450G>T,NP_004517.2:p.Lys150Asn,0.060,23.9,['Unknown%20significance'],172.99,0.73,0.0,-0.1,0.1
MCM2,3,127604934,NM_004526.4:c.451C>T,NP_004517.2:p.Arg151Cys,0.291,26.9,['Unknown%20significance'],171.53,0.63,0.0,1.0,1.0
MCM2,3,127604935,NM_004526.4:c.452G>A,NP_004517.2:p.Arg151His,0.425,31,['Unknown%20significance'],171.53,0.63,0.0,0.2,0.2
MCM2,3,127604937,NM_004526.4:c.454C>T,NP_004517.2:p.Arg152Cys,0.198,28.6,['Unknown%20significance'],182.61,0.67,0.0,0.8,0.8
MCM2,3,127604938,NM_004526.4:c.455G>A,NP_004517.2:p.Arg152His,0.154,25.6,['Unknown%20significance'],182.61,0.67,0.0,0.2,0.2
MCM2,3,127604940,NM_004526.4:c.457C>G,NP_004517.2:p.Gln153Glu,0.074,18.48,['Unknown%20significance'],130.83,0.66,0.0,-0.1,0.1
MCM2,3,127604941,NM_004526.4:c.458A>G,NP_004517.2:p.Gln153Arg,0.074,16.56,['Likely%20benign'],130.83,0.66,0.0,-0.2,0.2
MCM2,3,127604943,NM_004526.4:c.460G>A,NP_004517.2:p.Val154Met,0.083,22.5,['Unknown%20significance'],102.89,0.59,0.0,-0.1,0.1
MCM2,3,127604946,NM_004526.4:c.463G>A,NP_004517.2:p.Glu155Lys,0.428,25.8,['Unknown%20significance'],78.36,0.4,0.0,0.5,0.5
MCM2,3,127604948,NM_004526.4:c.465G>T,NP_004517.2:p.Glu155Asp,0.153,22.7,['Unknown%20significance'],78.36,0.4,0.0,0.1,0.1
MCM2,3,127604949,NM_004526.4:c.466C>T,NP_004517.2:p.Arg156Trp,0.280,26.8,['Unknown%20significance'],179.78,0.66,0.0,0.1,0.1
MCM2,3,127604950,NM_004526.4:c.467G>A,NP_004517.2:p.Arg156Gln,0.055,23.6,['Unknown%20significance'],179.78,0.66,0.0,0.2,0.2
MCM2,3,127604950,NM_004526.4:c.467G>T,NP_004517.2:p.Arg156Leu,0.193,25.0,['Unknown%20significance'],179.78,0.66,0.0,0.3,0.3
MCM2,3,127604952,NM_004526.4:c.469G>T,NP_004517.2:p.Ala157Ser,0.128,23.4,['Unknown%20significance'],61.58,0.48,0.0,-0.0,0.0
MCM2,3,127604953,NM_004526.4:c.470C>T,NP_004517.2:p.Ala157Val,0.132,23.4,['Unknown%20significance'],61.58,0.48,0.0,-0.1,0.1
MCM2,3,127604955,NM_004526.4:c.472A>T,NP_004517.2:p.Thr158Ser,0.106,18.07,['Unknown%20significance'],119.83,0.76,0.0,0.1,0.1
MCM2,3,127604956,NM_004526.4:c.473C>T,NP_004517.2:p.Thr158Met,0.105,23.1,['Unknown%20significance'],119.83,0.76,0.0,-0.1,0.1
MCM2,3,127604958,NM_004526.4:c.475G>A,NP_004517.2:p.Glu159Lys,0.179,22.7,['Unknown%20significance'],149.02,0.76,0.0,-0.0,0.0
MCM2,3,127604961,NM_004526.4:c.478G>T,NP_004517.2:p.Asp160Tyr,0.154,23.5,['Unknown%20significance'],96.17,0.6,0.0,-0.5,0.5
MCM2,3,127604962,NM_004526.4:c.479A>G,NP_004517.2:p.Asp160Gly,0.114,20.3,['Unknown%20significance'],96.17,0.6,0.0,0.1,0.1
MCM2,3,127604962,NM_004526.4:c.479A>T,NP_004517.2:p.Asp160Val,0.126,21.2,['Unknown%20significance'],96.17,0.6,0.0,-0.2,0.2
MCM2,3,127604964,NM_004526.4:c.481G>A,NP_004517.2:p.Gly161Ser,0.128,15.32,['Likely%20benign'],89.47,0.93,0.0,-0.1,0.1
MCM2,3,127604967,NM_004526.4:c.484G>A,NP_004517.2:p.Glu162Lys,0.105,23.1,['Unknown%20significance'],153.78,0.78,0.0,-0.1,0.1
MCM2,3,127604971,NM_004526.4:c.488A>G,NP_004517.2:p.Glu163Gly,0.240,23.7,['Unknown%20significance'],206.2,1.0,0.0,0.0,0.0
MCM2,3,127604972,NM_004526.4:c.489G>C,NP_004517.2:p.Glu163Asp,0.132,14.42,['Unknown%20significance'],206.2,1.0,0.0,-0.0,0.0
MCM2,3,127604973,NM_004526.4:c.490G>A,NP_004517.2:p.Asp164Asn,0.099,28.1,['Unknown%20significance'],102.58,0.64,0.0,-0.0,0.0
MCM2,3,127604973,NM_004526.4:c.490G>T,NP_004517.2:p.Asp164Tyr,0.265,29.1,['Unknown%20significance'],102.58,0.64,0.0,-0.2,0.2
MCM2,3,127604974,NM_004526.4:c.491A>C,NP_004517.2:p.Asp164Ala,0.103,23.1,['Unknown%20significance'],102.58,0.64,0.0,0.2,0.2
MCM2,3,127604974,NM_004526.4:c.491A>G,NP_004517.2:p.Asp164Gly,0.129,24.5,['Unknown%20significance'],102.58,0.64,0.0,0.4,0.4
MCM2,3,127604975,NM_004526.4:c.492C>A,NP_004517.2:p.Asp164Glu,0.036,3.185,['Likely%20benign'],102.58,0.64,0.0,0.1,0.1
MCM2,3,127604975,NM_004526.4:c.492C>G,NP_004517.2:p.Asp164Glu,0.036,3.385,['Likely%20benign'],102.58,0.64,0.0,0.1,0.1
MCM2,3,127604976,NM_004526.4:c.493G>A,NP_004517.2:p.Glu165Lys,0.177,25.3,['Unknown%20significance'],169.09,0.86,0.0,-0.1,0.1
MCM2,3,127604976,NM_004526.4:c.493G>C,NP_004517.2:p.Glu165Gln,0.106,23.0,['Unknown%20significance'],169.09,0.86,0.0,-0.1,0.1
MCM2,3,127604978,NM_004526.4:c.495G>C,NP_004517.2:p.Glu165Asp,0.055,15.99,['Likely%20benign'],169.09,0.86,0.0,0.0,0.0
MCM2,3,127604979,NM_004526.4:c.496G>A,NP_004517.2:p.Glu166Lys,0.182,23.5,['Unknown%20significance'],171.91,0.88,0.0,-0.1,0.1
MCM2,3,127604979,NM_004526.4:c.496G>C,NP_004517.2:p.Glu166Gln,0.066,22.9,['Unknown%20significance'],171.91,0.88,0.0,-0.1,0.1
MCM2,3,127604980,NM_004526.4:c.497A>G,NP_004517.2:p.Glu166Gly,0.128,23.8,['Unknown%20significance'],171.91,0.88,0.0,0.1,0.1
MCM2,3,127604981,NM_004526.4:c.498G>T,NP_004517.2:p.Glu166Asp,0.039,15.05,['Likely%20benign'],171.91,0.88,0.0,-0.0,0.0
MCM2,3,127604982,NM_004526.4:c.499A>G,NP_004517.2:p.Met167Val,0.308,22.1,['Unknown%20significance'],185.8,0.85,0.0,0.1,0.1
MCM2,3,127604984,NM_004526.4:c.501G>T,NP_004517.2:p.Met167Ile,0.182,22.8,['Unknown%20significance'],185.8,0.85,0.0,0.1,0.1
MCM2,3,127604985,NM_004526.4:c.502A>G,NP_004517.2:p.Ile168Val,0.186,21.0,['Unknown%20significance'],80.52,0.41,0.0,0.1,0.1
MCM2,3,127604986,NM_004526.4:c.503T>C,NP_004517.2:p.Ile168Thr,0.236,23.9,['Unknown%20significance'],80.52,0.41,0.0,0.4,0.4
MCM2,3,127604987,NM_004526.4:c.504C>G,NP_004517.2:p.Ile168Met,0.239,10.93,['Likely%20benign'],80.52,0.41,0.0,0.1,0.1
MCM2,3,127604988,NM_004526.4:c.505G>A,NP_004517.2:p.Glu169Lys,0.408,26.1,['Unknown%20significance'],163.11,0.83,0.0,-0.0,0.0
MCM2,3,127604992,NM_004526.4:c.509G>T,NP_004517.2:p.Ser170Ile,0.405,28.5,['Unknown%20significance'],77.0,0.55,0.0,-0.2,0.2
MCM2,3,127604994,NM_004526.4:c.511A>G,NP_004517.2:p.Ile171Val,0.056,20.1,['Unknown%20significance'],26.06,0.13,0.0,0.5,0.5
MCM2,3,127604995,NM_004526.4:c.512T>C,NP_004517.2:p.Ile171Thr,0.147,24.3,['Unknown%20significance'],26.06,0.13,0.0,1.6,1.6
MCM2,3,127604996,NM_004526.4:c.513C>G,NP_004517.2:p.Ile171Met,0.174,13.55,['Unknown%20significance'],26.06,0.13,0.0,0.5,0.5
MCM2,3,127604997,NM_004526.4:c.514G>A,NP_004517.2:p.Glu172Lys,0.519,28.7,['Unknown%20significance'],167.42,0.85,0.0,0.1,0.1
MCM2,3,127604998,NM_004526.4:c.515A>C,NP_004517.2:p.Glu172Ala,0.514,28.5,['Unknown%20significance'],167.42,0.85,0.0,0.0,0.0
MCM2,3,127604999,NM_004526.4:c.516G>T,NP_004517.2:p.Glu172Asp,0.149,21.5,['Unknown%20significance'],167.42,0.85,0.0,0.1,0.1
MCM2,3,127605000,NM_004526.4:c.517A>G,NP_004517.2:p.Asn173Asp,0.153,24.2,['Unknown%20significance'],90.35,0.56,0.0,0.3,0.3
MCM2,3,127605004,NM_004526.4:c.521T>C,NP_004517.2:p.Leu174Pro,0.642,29.7,['Unknown%20significance'],0.0,0.0,0.0,3.9,3.9
MCM2,3,127605009,NM_004526.4:c.526G>A,NP_004517.2:p.Asp176Asn,0.230,25.2,['Unknown%20significance'],75.45,0.47,0.0,0.1,0.1
MCM2,3,127605009,NM_004526.4:c.526G>C,NP_004517.2:p.Asp176His,0.535,25.0,['Unknown%20significance'],75.45,0.47,0.0,0.1,0.1
MCM2,3,127605010,NM_004526.4:c.527A>G,NP_004517.2:p.Asp176Gly,0.632,29.8,['Unknown%20significance'],75.45,0.47,0.0,0.7,0.7
MCM2,3,127605015,NM_004526.4:c.532A>C,NP_004517.2:p.Lys178Gln,0.337,24.4,['Unknown%20significance'],171.37,0.72,0.0,-0.0,0.0
MCM2,3,127605016,NM_004526.4:c.533A>G,NP_004517.2:p.Lys178Arg,0.341,23.1,['Unknown%20significance'],171.37,0.72,0.0,-0.3,0.3
MCM2,3,127605021,NM_004526.4:c.538C>T,NP_004517.2:p.His180Tyr,0.203,22.1,['Unknown%20significance'],90.3,0.43,0.0,-0.5,0.5
MCM2,3,127605022,NM_004526.4:c.539A>C,NP_004517.2:p.His180Pro,0.462,24.4,['Unknown%20significance'],90.3,0.43,0.0,0.5,0.5
MCM2,3,127605022,NM_004526.4:c.539A>T,NP_004517.2:p.His180Leu,0.196,23.9,['Unknown%20significance'],90.3,0.43,0.0,-0.1,0.1
MCM2,3,127605024,NM_004526.4:c.541T>C,NP_004517.2:p.Ser181Pro,0.189,24.7,['Unknown%20significance'],68.14,0.49,0.0,0.3,0.3
MCM2,3,127605027,NM_004526.4:c.544G>A,NP_004517.2:p.Val182Met,0.359,28.1,['Unknown%20significance'],8.08,0.04,0.0,0.4,0.4
MCM2,3,127605028,NM_004526.4:c.545T>C,NP_004517.2:p.Val182Ala,0.335,27.5,['Unknown%20significance'],8.08,0.04,0.0,2.0,2.0
MCM2,3,127605030,NM_004526.4:c.547C>T,NP_004517.2:p.Arg183Cys,0.270,27.5,['Unknown%20significance'],86.68,0.32,0.0,0.6,0.6
MCM2,3,127605031,NM_004526.4:c.548G>A,NP_004517.2:p.Arg183His,0.355,29.9,['Unknown%20significance'],86.68,0.32,0.0,0.4,0.4
MCM2,3,127605033,NM_004526.4:c.550G>A,NP_004517.2:p.Glu184Lys,0.567,30,['Unknown%20significance'],96.2,0.49,0.0,0.4,0.4
MCM2,3,127605039,NM_004526.4:c.556G>A,NP_004517.2:p.Val186Met,0.438,28.9,['Unknown%20significance'],0.09,0.0,0.0,1.0,1.0
MCM2,3,127605040,NM_004526.4:c.557T>C,NP_004517.2:p.Val186Ala,0.307,26.4,['Unknown%20significance'],0.09,0.0,0.0,2.6,2.6
MCM2,3,127605042,NM_004526.4:c.559A>G,NP_004517.2:p.Ser187Gly,0.266,23.3,['Unknown%20significance'],78.38,0.56,0.0,0.4,0.4
MCM2,3,127605045,NM_004526.4:c.562A>G,NP_004517.2:p.Met188Val,0.228,19.33,['Unknown%20significance'],76.87,0.35,0.0,0.2,0.2
MCM2,3,127605046,NM_004526.4:c.563T>C,NP_004517.2:p.Met188Thr,0.249,22.5,['Unknown%20significance'],76.87,0.35,0.0,0.7,0.7
MCM2,3,127605047,NM_004526.4:c.564G>A,NP_004517.2:p.Met188Ile,0.308,23.2,['Unknown%20significance'],76.87,0.35,0.0,0.1,0.1
MCM2,3,127605048,NM_004526.4:c.565G>A,NP_004517.2:p.Ala189Thr,0.260,22.8,['Unknown%20significance'],64.7,0.5,0.0,-0.1,0.1
MCM2,3,127605049,NM_004526.4:c.566C>T,NP_004517.2:p.Ala189Val,0.136,21.7,['Unknown%20significance'],64.7,0.5,0.0,-0.4,0.4
MCM2,3,127605052,NM_004526.4:c.569G>T,NP_004517.2:p.Gly190Val,0.182,21.8,['Unknown%20significance'],8.68,0.09,0.0,-1.4,1.4
MCM2,3,127605054,NM_004526.4:c.571C>T,NP_004517.2:p.Pro191Ser,0.149,22.7,['Unknown%20significance'],6.55,0.04,0.0,0.1,0.1
MCM2,3,127605055,NM_004526.4:c.572C>A,NP_004517.2:p.Pro191His,0.342,24.7,['Unknown%20significance'],6.55,0.04,0.0,-0.3,0.3
MCM2,3,127605057,NM_004526.4:c.574C>T,NP_004517.2:p.Arg192Trp,0.361,27.3,['Unknown%20significance'],99.28,0.36,0.0,-0.1,0.1
MCM2,3,127605058,NM_004526.4:c.575G>A,NP_004517.2:p.Arg192Gln,0.482,23.4,['Unknown%20significance'],99.28,0.36,0.0,0.4,0.4
MCM2,3,127605058,NM_004526.4:c.575G>C,NP_004517.2:p.Arg192Pro,0.546,29.4,['Unknown%20significance'],99.28,0.36,0.0,1.1,1.1
MCM2,3,127605061,NM_004526.4:c.578T>A,NP_004517.2:p.Leu193Gln,0.463,23.3,['Unknown%20significance'],78.7,0.4,0.0,0.3,0.3
MCM2,3,127605061,NM_004526.4:c.578T>G,NP_004517.2:p.Leu193Arg,0.399,21.9,['Unknown%20significance'],78.7,0.4,0.0,-0.0,0.0
MCM2,3,127605064,NM_004526.4:c.581A>G,NP_004517.2:p.Glu194Gly,0.591,23.9,['Unknown%20significance'],11.83,0.06,0.0,1.2,1.2
MCM2,3,127605065,NM_004526.4:c.582G>T,NP_004517.2:p.Glu194Asp,0.268,23.6,['Unknown%20significance'],11.83,0.06,0.0,0.4,0.4
MCM2,3,127605067,NM_004526.4:c.584T>G,NP_004517.2:p.Ile195Ser,0.707,29.6,['Unknown%20significance'],0.0,0.0,0.0,3.4,3.4
MCM2,3,127605069,NM_004526.4:c.586C>T,NP_004517.2:p.His196Tyr,0.088,17.79,['Unknown%20significance'],30.05,0.14,0.0,-1.0,1.0
MCM2,3,127605071,NM_004526.4:c.588C>A,NP_004517.2:p.His196Gln,0.092,18.12,['Unknown%20significance'],30.05,0.14,0.0,0.1,0.1
MCM2,3,127605072,NM_004526.4:c.589C>T,NP_004517.2:p.His197Tyr,0.197,22.5,['Unknown%20significance'],85.3,0.41,0.0,-0.4,0.4
MCM2,3,127605073,NM_004526.4:c.590A>C,NP_004517.2:p.His197Pro,0.380,24.6,['Unknown%20significance'],85.3,0.41,0.0,0.5,0.5
MCM2,3,127605073,NM_004526.4:c.590A>G,NP_004517.2:p.His197Arg,0.475,19.90,['Unknown%20significance'],85.3,0.41,0.0,-0.1,0.1
MCM2,3,127605074,NM_004526.4:c.591C>G,NP_004517.2:p.His197Gln,0.098,22.5,['Unknown%20significance'],85.3,0.41,0.0,0.0,0.0
MCM2,3,127605075,NM_004526.4:c.592C>T,NP_004517.2:p.Arg198Cys,0.444,25.6,['Unknown%20significance'],44.71,0.16,0.0,0.9,0.9
MCM2,3,127605076,NM_004526.4:c.593G>A,NP_004517.2:p.Arg198His,0.457,26.5,['Unknown%20significance'],44.71,0.16,0.0,0.4,0.4
MCM2,3,127605076,NM_004526.4:c.593G>T,NP_004517.2:p.Arg198Leu,0.553,26.6,['Unknown%20significance'],44.71,0.16,0.0,-0.5,0.5
MCM2,3,127605081,NM_004526.4:c.598A>G,NP_004517.2:p.Lys200Glu,0.486,28.5,['Unknown%20significance'],55.85,0.23,0.0,0.1,0.1
MCM2,3,127605082,NM_004526.4:c.599A>G,NP_004517.2:p.Lys200Arg,0.194,22.9,['Unknown%20significance'],55.85,0.23,0.0,-0.9,0.9
MCM2,3,127605084,NM_004526.4:c.601A>T,NP_004517.2:p.Asn201Tyr,0.502,28.4,['Unknown%20significance'],88.28,0.55,0.0,-0.6,0.6
MCM2,3,127605087,NM_004526.4:c.604T>C,NP_004517.2:p.Phe202Leu,0.523,28.7,['Unknown%20significance'],4.05,0.01,0.0,2.2,2.2
MCM2,3,127605089,NM_004526.4:c.606C>G,NP_004517.2:p.Phe202Leu,0.307,24.1,['Unknown%20significance'],4.05,0.01,0.0,2.2,2.2
MCM2,3,127605093,NM_004526.4:c.610C>T,NP_004517.2:p.Arg204Cys,0.167,24.3,['Unknown%20significance'],87.91,0.32,0.0,0.5,0.5
MCM2,3,127605094,NM_004526.4:c.611G>A,NP_004517.2:p.Arg204His,0.178,25.4,['Unknown%20significance'],87.91,0.32,0.0,0.2,0.2
MCM2,3,127605094,NM_004526.4:c.611G>T,NP_004517.2:p.Arg204Leu,0.198,22.9,['Unknown%20significance'],87.91,0.32,0.0,-0.4,0.4
MCM2,3,127605096,NM_004526.4:c.613A>G,NP_004517.2:p.Thr205Ala,0.357,22.7,['Unknown%20significance'],84.98,0.54,0.0,0.2,0.2
MCM2,3,127605096,NM_004526.4:c.613A>T,NP_004517.2:p.Thr205Ser,0.312,21.8,['Unknown%20significance'],84.98,0.54,0.0,0.3,0.3
MCM2,3,127605097,NM_004526.4:c.614C>G,NP_004517.2:p.Thr205Ser,0.226,19.38,['Unknown%20significance'],84.98,0.54,0.0,0.3,0.3
MCM2,3,127605097,NM_004526.4:c.614C>T,NP_004517.2:p.Thr205Ile,0.424,24.8,['Unknown%20significance'],84.98,0.54,0.0,-0.2,0.2
MCM2,3,127605099,NM_004526.4:c.616C>T,NP_004517.2:p.His206Tyr,0.344,15.70,['Unknown%20significance'],23.74,0.11,0.0,-1.9,1.9
MCM2,3,127605101,NM_004526.4:c.618C>G,NP_004517.2:p.His206Gln,0.227,0.871,['Unknown%20significance'],23.74,0.11,0.0,0.9,0.9
MCM2,3,127605102,NM_004526.4:c.619G>A,NP_004517.2:p.Val207Ile,0.271,22.1,['Unknown%20significance'],75.91,0.44,0.0,-0.0,0.0
MCM2,3,127605105,NM_004526.4:c.622G>A,NP_004517.2:p.Asp208Asn,0.291,23.0,['Unknown%20significance'],50.68,0.31,0.0,-0.0,0.0
MCM2,3,127605105,NM_004526.4:c.622G>T,NP_004517.2:p.Asp208Tyr,0.593,28.0,['Unknown%20significance'],50.68,0.31,0.0,-0.6,0.6
MCM2,3,127605108,NM_004526.4:c.625A>G,NP_004517.2:p.Ser209Gly,0.061,15.73,['Likely%20benign'],132.36,0.95,0.0,0.2,0.2
MCM2,3,127605113,NM_004526.4:c.630C>A,NP_004517.2:p.His210Gln,0.229,0.008,['Likely%20benign'],137.04,0.66,0.0,0.1,0.1
MCM2,3,127605114,NM_004526.4:c.631G>A,NP_004517.2:p.Gly211Ser,0.486,28.1,['Unknown%20significance'],59.3,0.62,0.0,-0.0,0.0
MCM2,3,127605118,NM_004526.4:c.635A>G,NP_004517.2:p.His212Arg,0.374,20.4,['Unknown%20significance'],104.83,0.51,0.0,-0.1,0.1
MCM2,3,127605121,NM_004526.4:c.638A>G,NP_004517.2:p.Asn213Ser,0.252,19.42,['Unknown%20significance'],54.34,0.34,0.0,0.1,0.1
MCM2,3,127605123,NM_004526.4:c.640G>A,NP_004517.2:p.Val214Ile,0.371,22.8,['Unknown%20significance'],18.24,0.1,0.0,-0.1,0.1
MCM2,3,127605128,NM_004526.4:c.645C>A,NP_004517.2:p.Phe215Leu,0.303,23.6,['Unknown%20significance'],0.0,0.0,0.0,1.3,1.3
MCM2,3,127605133,NM_004526.4:c.650A>G,NP_004517.2:p.Glu217Gly,0.548,29.6,['Unknown%20significance'],75.74,0.38,0.0,0.8,0.8
MCM2,3,127605135,NM_004526.4:c.652C>T,NP_004517.2:p.Arg218Cys,0.213,27.9,['Unknown%20significance'],98.16,0.36,0.0,0.7,0.7
MCM2,3,127605136,NM_004526.4:c.653G>A,NP_004517.2:p.Arg218His,0.188,27.7,['Unknown%20significance'],98.16,0.36,0.0,0.3,0.3
MCM2,3,127605136,NM_004526.4:c.653G>C,NP_004517.2:p.Arg218Pro,0.710,27.8,['Unknown%20significance'],98.16,0.36,0.0,1.0,1.0
MCM2,3,127605136,NM_004526.4:c.653G>T,NP_004517.2:p.Arg218Leu,0.136,23.1,['Unknown%20significance'],98.16,0.36,0.0,-0.3,0.3
MCM2,3,127605138,NM_004526.4:c.655A>C,NP_004517.2:p.Ile219Leu,0.420,27.5,['Unknown%20significance'],0.0,0.0,0.0,0.3,0.3
MCM2,3,127605138,NM_004526.4:c.655A>G,NP_004517.2:p.Ile219Val,0.224,26.1,['Unknown%20significance'],0.0,0.0,0.0,0.9,0.9
MCM2,3,127605140,NM_004526.4:c.657C>G,NP_004517.2:p.Ile219Met,0.248,25.3,['Unknown%20significance'],0.0,0.0,0.0,1.4,1.4
MCM2,3,127605141,NM_004526.4:c.658A>G,NP_004517.2:p.Ser220Gly,0.090,23.6,['Unknown%20significance'],24.42,0.17,0.0,0.6,0.6
MCM2,3,127605143,NM_004526.4:c.660C>G,NP_004517.2:p.Ser220Arg,0.332,0.032,['Likely%20benign'],24.42,0.17,0.0,-1.0,1.0
MCM2,3,127605144,NM_004526.4:c.661G>A,NP_004517.2:p.Asp221Asn,0.349,23.3,['Unknown%20significance'],62.71,0.39,0.0,-0.2,0.2
MCM2,3,127605145,NM_004526.4:c.662A>G,NP_004517.2:p.Asp221Gly,0.440,23.4,['Unknown%20significance'],62.71,0.39,0.0,0.4,0.4
MCM2,3,127605147,NM_004526.4:c.664A>G,NP_004517.2:p.Met222Val,0.537,24.9,['Unknown%20significance'],2.98,0.01,0.0,0.3,0.3
MCM2,3,127605148,NM_004526.4:c.665T>C,NP_004517.2:p.Met222Thr,0.704,27.2,['Unknown%20significance'],2.98,0.01,0.0,1.9,1.9
MCM2,3,127605149,NM_004526.4:c.666G>T,NP_004517.2:p.Met222Ile,0.490,27.6,['Unknown%20significance'],2.98,0.01,0.0,-0.3,0.3
MCM2,3,127605154,NM_004526.4:c.671A>G,NP_004517.2:p.Lys224Arg,0.383,24.2,['Unknown%20significance'],165.03,0.69,0.0,-0.3,0.3
MCM2,3,127605155,NM_004526.4:c.672A>C,NP_004517.2:p.Lys224Asn,0.268,31,['Unknown%20significance'],165.03,0.69,0.0,-0.1,0.1
MCM2,3,127605156,NM_004526.4:c.673G>A,NP_004517.2:p.Glu225Lys,0.329,32,['Unknown%20significance'],70.95,0.36,0.0,0.1,0.1
MCM2,3,127605156,NM_004526.4:c.673G>C,NP_004517.2:p.Glu225Gln,0.232,32,['Unknown%20significance'],70.95,0.36,0.0,-0.3,0.3
MCM2,3,127606123,NM_004526.4:c.679C>T,NP_004517.2:p.Arg227Cys,0.212,24.4,['Unknown%20significance'],98.75,0.36,0.0,0.9,0.9
MCM2,3,127606124,NM_004526.4:c.680G>A,NP_004517.2:p.Arg227His,0.109,22.7,['Unknown%20significance'],98.75,0.36,0.0,0.2,0.2
MCM2,3,127606124,NM_004526.4:c.680G>T,NP_004517.2:p.Arg227Leu,0.124,22.4,['Unknown%20significance'],98.75,0.36,0.0,0.4,0.4
MCM2,3,127606127,NM_004526.4:c.683A>G,NP_004517.2:p.Glu228Gly,0.463,24.8,['Unknown%20significance'],38.16,0.19,0.0,0.7,0.7
MCM2,3,127606132,NM_004526.4:c.688C>A,NP_004517.2:p.Leu230Met,0.319,24.6,['Unknown%20significance'],1.4,0.0,0.0,1.6,1.6
MCM2,3,127606133,NM_004526.4:c.689T>A,NP_004517.2:p.Leu230Gln,0.593,31,['Unknown%20significance'],1.4,0.0,0.0,4.1,4.1
MCM2,3,127606135,NM_004526.4:c.691G>C,NP_004517.2:p.Val231Leu,0.151,22.7,['Unknown%20significance'],56.18,0.32,0.0,-0.0,0.0
MCM2,3,127606136,NM_004526.4:c.692T>G,NP_004517.2:p.Val231Gly,0.413,24.7,['Unknown%20significance'],56.18,0.32,0.0,1.6,1.6
MCM2,3,127606142,NM_004526.4:c.698A>G,NP_004517.2:p.Asn233Ser,0.229,19.82,['Unknown%20significance'],10.13,0.06,0.0,0.4,0.4
MCM2,3,127606143,NM_004526.4:c.699C>G,NP_004517.2:p.Asn233Lys,0.094,22.5,['Unknown%20significance'],10.13,0.06,0.0,0.5,0.5
MCM2,3,127606149,NM_004526.4:c.705G>C,NP_004517.2:p.Glu235Asp,0.163,16.67,['Unknown%20significance'],91.45,0.46,0.0,0.1,0.1
MCM2,3,127606152,NM_004526.4:c.708C>G,NP_004517.2:p.Asp236Glu,0.103,19.54,['Unknown%20significance'],28.72,0.17,0.0,0.0,0.0
MCM2,3,127606153,NM_004526.4:c.709T>A,NP_004517.2:p.Leu237Met,0.493,24.3,['Unknown%20significance'],0.95,0.0,0.0,1.4,1.4
MCM2,3,127606156,NM_004526.4:c.712G>T,NP_004517.2:p.Ala238Ser,0.295,22.6,['Unknown%20significance'],31.66,0.24,0.0,0.4,0.4
MCM2,3,127606157,NM_004526.4:c.713C>T,NP_004517.2:p.Ala238Val,0.206,23.1,['Unknown%20significance'],31.66,0.24,0.0,-0.6,0.6
MCM2,3,127606160,NM_004526.4:c.716C>G,NP_004517.2:p.Ala239Gly,0.127,22.8,['Unknown%20significance'],72.08,0.56,0.0,0.5,0.5
MCM2,3,127606168,NM_004526.4:c.724C>A,NP_004517.2:p.His242Asn,0.253,20.3,['Unknown%20significance'],135.85,0.66,0.0,0.3,0.3
MCM2,3,127606168,NM_004526.4:c.724C>G,NP_004517.2:p.His242Asp,0.340,20.9,['Unknown%20significance'],135.85,0.66,0.0,0.4,0.4
MCM2,3,127606171,NM_004526.4:c.727G>A,NP_004517.2:p.Val243Met,0.309,26.3,['Unknown%20significance'],17.01,0.09,0.0,0.2,0.2
MCM2,3,127606171,NM_004526.4:c.727G>T,NP_004517.2:p.Val243Leu,0.313,22.8,['Unknown%20significance'],17.01,0.09,0.0,0.0,0.0
MCM2,3,127606172,NM_004526.4:c.728T>C,NP_004517.2:p.Val243Ala,0.340,22.5,['Unknown%20significance'],17.01,0.09,0.0,1.0,1.0
MCM2,3,127606178,NM_004526.4:c.734C>G,NP_004517.2:p.Ala245Gly,0.217,23.6,['Unknown%20significance'],7.85,0.06,0.0,1.8,1.8
MCM2,3,127606181,NM_004526.4:c.737A>T,NP_004517.2:p.Tyr246Phe,0.313,22.2,['Unknown%20significance'],109.05,0.45,0.0,-0.1,0.1
MCM2,3,127606183,NM_004526.4:c.739T>C,NP_004517.2:p.Phe247Leu,0.417,24.0,['Unknown%20significance'],0.0,0.0,0.0,0.4,0.4
MCM2,3,127606196,NM_004526.4:c.752C>G,NP_004517.2:p.Ala251Gly,0.394,24.3,['Unknown%20significance'],0.72,0.0,0.0,1.2,1.2
MCM2,3,127606196,NM_004526.4:c.752C>T,NP_004517.2:p.Ala251Val,0.280,23.1,['Unknown%20significance'],0.72,0.0,0.0,-0.9,0.9
MCM2,3,127606198,NM_004526.4:c.754C>G,NP_004517.2:p.Pro252Ala,0.461,22.9,['Unknown%20significance'],0.0,0.0,0.0,1.3,1.3
MCM2,3,127606198,NM_004526.4:c.754C>T,NP_004517.2:p.Pro252Ser,0.587,23.3,['Unknown%20significance'],0.0,0.0,0.0,1.6,1.6
MCM2,3,127606199,NM_004526.4:c.755C>T,NP_004517.2:p.Pro252Leu,0.581,23.9,['Unknown%20significance'],0.0,0.0,0.0,0.3,0.3
MCM2,3,127606202,NM_004526.4:c.758C>T,NP_004517.2:p.Ala253Val,0.139,14.36,['Unknown%20significance'],40.76,0.32,0.0,-0.5,0.5
MCM2,3,127606206,NM_004526.4:c.762G>C,NP_004517.2:p.Glu254Asp,0.276,22.2,['Unknown%20significance'],36.53,0.18,0.0,0.4,0.4
MCM2,3,127606214,NM_004526.4:c.770A>G,NP_004517.2:p.Gln257Arg,0.045,17.75,['Unknown%20significance'],124.06,0.62,0.0,-0.1,0.1
MCM2,3,127606215,NM_004526.4:c.771G>C,NP_004517.2:p.Gln257His,0.076,21.7,['Unknown%20significance'],124.06,0.62,0.0,-0.0,0.0
MCM2,3,127606215,NM_004526.4:c.771G>T,NP_004517.2:p.Gln257His,0.076,21.9,['Unknown%20significance'],124.06,0.62,0.0,-0.0,0.0
MCM2,3,127606216,NM_004526.4:c.772A>G,NP_004517.2:p.Ile258Val,0.086,18.49,['Unknown%20significance'],0.37,0.0,0.0,0.5,0.5
MCM2,3,127606217,NM_004526.4:c.773T>A,NP_004517.2:p.Ile258Asn,0.475,25.7,['Unknown%20significance'],0.37,0.0,0.0,3.4,3.4
MCM2,3,127606217,NM_004526.4:c.773T>G,NP_004517.2:p.Ile258Ser,0.526,25.8,['Unknown%20significance'],0.37,0.0,0.0,3.3,3.3
MCM2,3,127606221,NM_004526.4:c.777T>A,NP_004517.2:p.Phe259Leu,0.216,1.337,['Likely%20benign'],0.05,0.0,0.0,0.4,0.4
MCM2,3,127606228,NM_004526.4:c.784G>A,NP_004517.2:p.Ala262Thr,0.361,26.1,['Unknown%20significance'],0.0,0.0,0.0,0.5,0.5
MCM2,3,127606228,NM_004526.4:c.784G>T,NP_004517.2:p.Ala262Ser,0.247,23.8,['Unknown%20significance'],0.0,0.0,0.0,1.1,1.1
MCM2,3,127606229,NM_004526.4:c.785C>G,NP_004517.2:p.Ala262Gly,0.248,22.5,['Unknown%20significance'],0.0,0.0,0.0,2.0,2.0
MCM2,3,127606234,NM_004526.4:c.790C>G,NP_004517.2:p.Leu264Val,0.054,14.11,['Likely%20benign'],39.71,0.2,0.0,0.2,0.2
MCM2,3,127606237,NM_004526.4:c.793G>A,NP_004517.2:p.Glu265Lys,0.475,25.1,['Unknown%20significance'],69.26,0.35,0.0,0.3,0.3
MCM2,3,127606239,NM_004526.4:c.795G>C,NP_004517.2:p.Glu265Asp,0.223,15.20,['Unknown%20significance'],69.26,0.35,0.0,0.3,0.3
MCM2,3,127606241,NM_004526.4:c.797T>G,NP_004517.2:p.Val266Gly,0.661,28.4,['Unknown%20significance'],0.01,0.0,0.0,3.8,3.8
MCM2,3,127606243,NM_004526.4:c.799G>C,NP_004517.2:p.Val267Leu,0.372,23.9,['Unknown%20significance'],0.0,0.0,0.0,0.1,0.1
MCM2,3,127606243,NM_004526.4:c.799G>T,NP_004517.2:p.Val267Leu,0.372,23.9,['Unknown%20significance'],0.0,0.0,0.0,0.1,0.1
MCM2,3,127606249,NM_004526.4:c.805G>T,NP_004517.2:p.Ala269Ser,0.422,21.0,['Unknown%20significance'],67.13,0.52,0.0,0.2,0.2
MCM2,3,127606252,NM_004526.4:c.808A>G,NP_004517.2:p.Met270Val,0.368,21.1,['Unknown%20significance'],56.9,0.26,0.0,0.1,0.1
MCM2,3,127606253,NM_004526.4:c.809T>C,NP_004517.2:p.Met270Thr,0.494,22.5,['Unknown%20significance'],56.9,0.26,0.0,0.9,0.9
MCM2,3,127606255,NM_004526.4:c.811T>C,NP_004517.2:p.Tyr271His,0.309,25.3,['Unknown%20significance'],91.34,0.38,0.0,0.9,0.9
MCM2,3,127606262,NM_004526.4:c.818A>C,NP_004517.2:p.Lys273Thr,0.284,22.7,['Unknown%20significance'],167.86,0.7,0.0,-0.1,0.1
MCM2,3,127606262,NM_004526.4:c.818A>G,NP_004517.2:p.Lys273Arg,0.299,23.6,['Unknown%20significance'],167.86,0.7,0.0,-0.3,0.3
MCM2,3,127606263,NM_004526.4:c.819G>C,NP_004517.2:p.Lys273Asn,0.198,13.39,['Likely%20benign'],167.86,0.7,0.0,-0.1,0.1
MCM2,3,127606265,NM_004526.4:c.821A>T,NP_004517.2:p.Tyr274Phe,0.282,24.9,['Unknown%20significance'],9.74,0.04,0.0,0.7,0.7
MCM2,3,127606267,NM_004526.4:c.823G>A,NP_004517.2:p.Asp275Asn,0.278,22.9,['Likely%20benign'],42.94,0.26,0.0,-0.1,0.1
MCM2,3,127606267,NM_004526.4:c.823G>T,NP_004517.2:p.Asp275Tyr,0.475,26.0,['Unknown%20significance'],42.94,0.26,0.0,-1.2,1.2
MCM2,3,127606269,NM_004526.4:c.825C>A,NP_004517.2:p.Asp275Glu,0.196,13.63,['Unknown%20significance'],42.94,0.26,0.0,-0.2,0.2
MCM2,3,127606270,NM_004526.4:c.826C>G,NP_004517.2:p.Arg276Gly,0.497,24.5,['Unknown%20significance'],203.54,0.75,0.0,0.5,0.5
MCM2,3,127606270,NM_004526.4:c.826C>T,NP_004517.2:p.Arg276Cys,0.495,25.9,['Unknown%20significance'],203.54,0.75,0.0,0.3,0.3
MCM2,3,127606271,NM_004526.4:c.827G>A,NP_004517.2:p.Arg276His,0.385,23.6,['Unknown%20significance'],203.54,0.75,0.0,0.1,0.1
MCM2,3,127606271,NM_004526.4:c.827G>T,NP_004517.2:p.Arg276Leu,0.492,25.3,['Unknown%20significance'],203.54,0.75,0.0,0.0,0.0
MCM2,3,127606273,NM_004526.4:c.829A>G,NP_004517.2:p.Ile277Val,0.299,18.62,['Unknown%20significance'],108.57,0.55,0.0,0.2,0.2
MCM2,3,127606276,NM_004526.4:c.832A>G,NP_004517.2:p.Thr278Ala,0.108,12.96,['Likely%20benign'],3.88,0.02,0.0,0.5,0.5
MCM2,3,127606280,NM_004526.4:c.836A>T,NP_004517.2:p.Asn279Ile,0.082,17.94,['Likely%20benign'],85.99,0.53,0.0,-0.5,0.5
MCM2,3,127606285,NM_004526.4:c.841A>G,NP_004517.2:p.Ile281Val,0.100,14.16,['Unknown%20significance'],0.28,0.0,0.0,0.6,0.6
MCM2,3,127606288,NM_004526.4:c.844C>T,NP_004517.2:p.His282Tyr,0.390,19.33,['Unknown%20significance'],20.32,0.09,0.0,-0.9,0.9
MCM2,3,127606289,NM_004526.4:c.845A>C,NP_004517.2:p.His282Pro,0.641,25.0,['Unknown%20significance'],20.32,0.09,0.0,1.5,1.5
MCM2,3,127606289,NM_004526.4:c.845A>G,NP_004517.2:p.His282Arg,0.492,22.8,['Unknown%20significance'],20.32,0.09,0.0,0.3,0.3
MCM2,3,127606290,NM_004526.4:c.846T>G,NP_004517.2:p.His282Gln,0.401,13.35,['Unknown%20significance'],20.32,0.09,0.0,0.6,0.6
MCM2,3,127606291,NM_004526.4:c.847G>C,NP_004517.2:p.Val283Leu,0.448,25.0,['Unknown%20significance'],0.47,0.0,0.0,0.6,0.6
MCM2,3,127606294,NM_004526.4:c.850C>T,NP_004517.2:p.Arg284Cys,0.498,27.5,['Unknown%20significance'],9.06,0.03,0.0,0.9,0.9
MCM2,3,127606295,NM_004526.4:c.851G>A,NP_004517.2:p.Arg284His,0.484,29.3,['Unknown%20significance'],9.06,0.03,0.0,0.5,0.5
MCM2,3,127606295,NM_004526.4:c.851G>C,NP_004517.2:p.Arg284Pro,0.676,31,['Unknown%20significance'],9.06,0.03,0.0,1.9,1.9
MCM2,3,127606295,NM_004526.4:c.851G>T,NP_004517.2:p.Arg284Leu,0.632,28.9,['Unknown%20significance'],9.06,0.03,0.0,-0.6,0.6
MCM2,3,127606297,NM_004526.4:c.853A>G,NP_004517.2:p.Ile285Val,0.170,23.2,['Unknown%20significance'],1.31,0.0,0.0,0.7,0.7
MCM2,3,127606301,NM_004526.4:c.857C>G,NP_004517.2:p.Ser286Cys,0.121,23.2,['Unknown%20significance'],4.07,0.02,0.0,-0.4,0.4
MCM2,3,127606301,NM_004526.4:c.857C>T,NP_004517.2:p.Ser286Phe,0.122,23.7,['Unknown%20significance'],4.07,0.02,0.0,-2.0,2.0
MCM2,3,127606303,NM_004526.4:c.859C>G,NP_004517.2:p.His287Asp,0.190,17.80,['Unknown%20significance'],94.2,0.45,0.0,0.5,0.5
MCM2,3,127606303,NM_004526.4:c.859C>T,NP_004517.2:p.His287Tyr,0.125,23.1,['Unknown%20significance'],94.2,0.45,0.0,-0.3,0.3
MCM2,3,127606304,NM_004526.4:c.860A>C,NP_004517.2:p.His287Pro,0.123,23.4,['Unknown%20significance'],94.2,0.45,0.0,0.4,0.4
MCM2,3,127606304,NM_004526.4:c.860A>G,NP_004517.2:p.His287Arg,0.103,22.9,['Unknown%20significance'],94.2,0.45,0.0,0.1,0.1
MCM2,3,127606305,NM_004526.4:c.861C>G,NP_004517.2:p.His287Gln,0.149,21.5,['Unknown%20significance'],94.2,0.45,0.0,0.2,0.2
MCM2,3,127606315,NM_004526.4:c.871G>C,NP_004517.2:p.Val291Leu,0.309,22.4,['Unknown%20significance'],88.33,0.51,0.0,0.1,0.1
MCM2,3,127606321,NM_004526.4:c.877G>A,NP_004517.2:p.Glu293Lys,0.430,24.1,['Unknown%20significance'],44.52,0.22,0.0,0.3,0.3
MCM2,3,127606322,NM_004526.4:c.878A>G,NP_004517.2:p.Glu293Gly,0.403,25.0,['Unknown%20significance'],44.52,0.22,0.0,0.7,0.7
MCM2,3,127606324,NM_004526.4:c.880C>G,NP_004517.2:p.Leu294Val,0.178,22.7,['Unknown%20significance'],6.49,0.03,0.0,0.5,0.5
MCM2,3,127606327,NM_004526.4:c.883C>G,NP_004517.2:p.Arg295Gly,0.625,28.7,['Unknown%20significance'],37.07,0.13,0.0,2.4,2.4
MCM2,3,127606327,NM_004526.4:c.883C>T,NP_004517.2:p.Arg295Cys,0.627,31,['Unknown%20significance'],37.07,0.13,0.0,1.7,1.7
MCM2,3,127606328,NM_004526.4:c.884G>A,NP_004517.2:p.Arg295His,0.703,32,['Unknown%20significance'],37.07,0.13,0.0,0.8,0.8
MCM2,3,127606328,NM_004526.4:c.884G>C,NP_004517.2:p.Arg295Pro,0.799,32,['Unknown%20significance'],37.07,0.13,0.0,1.9,1.9
MCM2,3,127606331,NM_004526.4:c.887C>G,NP_004517.2:p.Ser296Trp,0.352,27.4,['Unknown%20significance'],47.8,0.34,0.0,-0.7,0.7
MCM2,3,127606331,NM_004526.4:c.887C>T,NP_004517.2:p.Ser296Leu,0.226,23.0,['Unknown%20significance'],47.8,0.34,0.0,-0.6,0.6
MCM2,3,127606333,NM_004526.4:c.889C>A,NP_004517.2:p.Leu297Met,0.356,23.8,['Unknown%20significance'],11.68,0.06,0.0,1.2,1.2
MCM2,3,127606334,NM_004526.4:c.890T>G,NP_004517.2:p.Leu297Arg,0.742,29.7,['Unknown%20significance'],11.68,0.06,0.0,2.4,2.4
MCM2,3,127606337,NM_004526.4:c.893G>A,NP_004517.2:p.Arg298Lys,0.281,34,['Unknown%20significance'],159.83,0.59,0.0,0.5,0.5
MCM2,3,127606620,NM_004526.4:c.904C>G,NP_004517.2:p.Leu302Val,0.225,20.6,['Unknown%20significance'],58.62,0.3,0.0,0.4,0.4
MCM2,3,127606621,NM_004526.4:c.905T>G,NP_004517.2:p.Leu302Arg,0.745,28.2,['Unknown%20significance'],58.62,0.3,0.0,1.2,1.2
MCM2,3,127606624,NM_004526.4:c.908A>G,NP_004517.2:p.Asn303Ser,0.375,26.3,['Unknown%20significance'],32.13,0.2,0.0,0.3,0.3
MCM2,3,127606626,NM_004526.4:c.910C>G,NP_004517.2:p.Gln304Glu,0.278,22.8,['Unknown%20significance'],32.64,0.16,0.0,0.7,0.7
MCM2,3,127606627,NM_004526.4:c.911A>C,NP_004517.2:p.Gln304Pro,0.621,25.2,['Unknown%20significance'],32.64,0.16,0.0,0.8,0.8
MCM2,3,127606629,NM_004526.4:c.913C>G,NP_004517.2:p.Leu305Val,0.517,24.9,['Unknown%20significance'],0.01,0.0,0.0,1.6,1.6
MCM2,3,127606632,NM_004526.4:c.916A>G,NP_004517.2:p.Ile306Val,0.271,19.02,['Unknown%20significance'],0.0,0.0,0.0,0.1,0.1
MCM2,3,127606632,NM_004526.4:c.916A>T,NP_004517.2:p.Ile306Phe,0.633,27.7,['Unknown%20significance'],0.0,0.0,0.0,1.2,1.2
MCM2,3,127606635,NM_004526.4:c.919C>T,NP_004517.2:p.Arg307Cys,0.275,28.4,['Unknown%20significance'],37.46,0.13,0.0,-0.2,0.2
MCM2,3,127606636,NM_004526.4:c.920G>A,NP_004517.2:p.Arg307His,0.548,31,['Unknown%20significance'],37.46,0.13,0.0,0.3,0.3
MCM2,3,127606636,NM_004526.4:c.920G>C,NP_004517.2:p.Arg307Pro,0.705,25.7,['Likely%20pathogenic'],37.46,0.13,0.0,1.1,1.1
MCM2,3,127606636,NM_004526.4:c.920G>T,NP_004517.2:p.Arg307Leu,0.606,29.8,['Unknown%20significance'],37.46,0.13,0.0,-1.1,1.1
MCM2,3,127606639,NM_004526.4:c.923C>T,NP_004517.2:p.Thr308Ile,0.399,23.9,['Unknown%20significance'],0.0,0.0,0.0,-2.8,2.8
MCM2,3,127606641,NM_004526.4:c.925A>G,NP_004517.2:p.Ser309Gly,0.368,22.9,['Unknown%20significance'],1.37,0.0,0.0,1.1,1.1
MCM2,3,127606643,NM_004526.4:c.927T>A,NP_004517.2:p.Ser309Arg,0.247,9.234,['Likely%20benign'],1.37,0.0,0.0,-0.9,0.9
MCM2,3,127606644,NM_004526.4:c.928G>A,NP_004517.2:p.Gly310Arg,0.913,31,['Unknown%20significance'],0.0,0.0,0.0,0.7,0.7
MCM2,3,127606644,NM_004526.4:c.928G>C,NP_004517.2:p.Gly310Arg,0.913,30,['Unknown%20significance'],0.0,0.0,0.0,0.7,0.7
MCM2,3,127606644,NM_004526.4:c.928G>T,NP_004517.2:p.Gly310Trp,0.906,32,['Unknown%20significance'],0.0,0.0,0.0,-0.6,0.6
MCM2,3,127606645,NM_004526.4:c.929G>A,NP_004517.2:p.Gly310Glu,0.840,29.0,['Unknown%20significance'],0.0,0.0,0.0,1.7,1.7
MCM2,3,127606645,NM_004526.4:c.929G>T,NP_004517.2:p.Gly310Val,0.909,28.7,['Unknown%20significance'],0.0,0.0,0.0,-0.3,0.3
MCM2,3,127606648,NM_004526.4:c.932T>C,NP_004517.2:p.Val311Ala,0.569,28.6,['Unknown%20significance'],39.39,0.22,0.0,1.7,1.7
MCM2,3,127606650,NM_004526.4:c.934G>C,NP_004517.2:p.Val312Leu,0.586,27.5,['Likely%20benign'],0.04,0.0,0.0,1.2,1.2
MCM2,3,127606653,NM_004526.4:c.937A>G,NP_004517.2:p.Thr313Ala,0.299,24.1,['Unknown%20significance'],64.54,0.41,0.0,0.4,0.4
MCM2,3,127606657,NM_004526.4:c.941G>A,NP_004517.2:p.Ser314Asn,0.161,23.9,['Unknown%20significance'],44.48,0.32,0.0,0.1,0.1
MCM2,3,127606657,NM_004526.4:c.941G>T,NP_004517.2:p.Ser314Ile,0.219,23.2,['Unknown%20significance'],44.48,0.32,0.0,-0.9,0.9
MCM2,3,127606662,NM_004526.4:c.946A>G,NP_004517.2:p.Thr316Ala,0.554,26.8,['Unknown%20significance'],27.14,0.17,0.0,0.5,0.5
MCM2,3,127606663,NM_004526.4:c.947C>G,NP_004517.2:p.Thr316Ser,0.219,23.1,['Unknown%20significance'],27.14,0.17,0.0,0.4,0.4
MCM2,3,127606663,NM_004526.4:c.947C>T,NP_004517.2:p.Thr316Ile,0.579,26.0,['Unknown%20significance'],27.14,0.17,0.0,0.2,0.2
MCM2,3,127606666,NM_004526.4:c.950G>A,NP_004517.2:p.Gly317Asp,0.371,27.5,['Unknown%20significance'],56.61,0.59,0.0,-0.1,0.1
MCM2,3,127606668,NM_004526.4:c.952G>A,NP_004517.2:p.Val318Ile,0.184,22.3,['Unknown%20significance'],76.72,0.44,0.0,0.2,0.2
MCM2,3,127606681,NM_004526.4:c.965T>G,NP_004517.2:p.Leu322Arg,0.649,29.8,['Unknown%20significance'],49.73,0.25,0.0,1.6,1.6
MCM2,3,127606684,NM_004526.4:c.968G>A,NP_004517.2:p.Ser323Asn,0.114,22.7,['Unknown%20significance'],19.18,0.13,0.0,0.0,0.0
MCM2,3,127606684,NM_004526.4:c.968G>C,NP_004517.2:p.Ser323Thr,0.167,23.9,['Unknown%20significance'],19.18,0.13,0.0,-0.7,0.7
MCM2,3,127606686,NM_004526.4:c.970A>C,NP_004517.2:p.Met324Leu,0.137,17.31,['Likely%20benign'],58.42,0.26,0.0,-0.2,0.2
MCM2,3,127606687,NM_004526.4:c.971T>C,NP_004517.2:p.Met324Thr,0.263,23.8,['Unknown%20significance'],58.42,0.26,0.0,0.8,0.8
MCM2,3,127606688,NM_004526.4:c.972G>A,NP_004517.2:p.Met324Ile,0.329,23.1,['Unknown%20significance'],58.42,0.26,0.0,-0.3,0.3
MCM2,3,127606689,NM_004526.4:c.973G>A,NP_004517.2:p.Val325Ile,0.174,21.2,['Unknown%20significance'],0.0,0.0,0.0,0.0,0.0
MCM2,3,127606698,NM_004526.4:c.982A>G,NP_004517.2:p.Asn328Asp,0.293,21.5,['Unknown%20significance'],47.67,0.29,0.0,0.3,0.3
MCM2,3,127606699,NM_004526.4:c.983A>G,NP_004517.2:p.Asn328Ser,0.169,23.1,['Unknown%20significance'],47.67,0.29,0.0,0.1,0.1
MCM2,3,127606705,NM_004526.4:c.989A>T,NP_004517.2:p.Asn330Ile,0.085,19.79,['Unknown%20significance'],79.65,0.49,0.0,-0.4,0.4
MCM2,3,127606707,NM_004526.4:c.991A>G,NP_004517.2:p.Lys331Glu,0.484,28.4,['Unknown%20significance'],140.59,0.59,0.0,0.0,0.0
MCM2,3,127606708,NM_004526.4:c.992A>C,NP_004517.2:p.Lys331Thr,0.594,27.8,['Unknown%20significance'],140.59,0.59,0.0,-0.3,0.3
MCM2,3,127606713,NM_004526.4:c.997A>G,NP_004517.2:p.Asn333Asp,0.088,21.1,['Unknown%20significance'],129.44,0.8,0.0,0.1,0.1
MCM2,3,127606714,NM_004526.4:c.998A>G,NP_004517.2:p.Asn333Ser,0.038,0.387,['Likely%20benign'],129.44,0.8,0.0,0.0,0.0
MCM2,3,127606719,NM_004526.4:c.1003G>A,NP_004517.2:p.Val335Ile,0.049,14.59,['Likely%20benign'],58.18,0.33,0.0,-0.1,0.1
MCM2,3,127606719,NM_004526.4:c.1003G>T,NP_004517.2:p.Val335Phe,0.158,22.4,['Unknown%20significance'],58.18,0.33,0.0,0.1,0.1
MCM2,3,127606722,NM_004526.4:c.1006C>A,NP_004517.2:p.Leu336Met,0.221,24.6,['Unknown%20significance'],3.33,0.01,0.0,0.6,0.6
MCM2,3,127606723,NM_004526.4:c.1007T>A,NP_004517.2:p.Leu336Gln,0.616,27.9,['Unknown%20significance'],3.33,0.01,0.0,2.2,2.2
MCM2,3,127606723,NM_004526.4:c.1007T>G,NP_004517.2:p.Leu336Arg,0.548,28.0,['Unknown%20significance'],3.33,0.01,0.0,1.7,1.7
MCM2,3,127606728,NM_004526.4:c.1012C>T,NP_004517.2:p.Pro338Ser,0.428,25.5,['Unknown%20significance'],90.03,0.57,0.0,0.3,0.3
MCM2,3,127606729,NM_004526.4:c.1013C>A,NP_004517.2:p.Pro338His,0.504,26.0,['Unknown%20significance'],90.03,0.57,0.0,0.1,0.1
MCM2,3,127606732,NM_004526.4:c.1016T>A,NP_004517.2:p.Phe339Tyr,0.308,23.2,['Unknown%20significance'],71.87,0.31,0.0,0.1,0.1
MCM2,3,127606733,NM_004526.4:c.1017C>G,NP_004517.2:p.Phe339Leu,0.204,23.7,['Unknown%20significance'],71.87,0.31,0.0,0.4,0.4
MCM2,3,127606735,NM_004526.4:c.1019G>C,NP_004517.2:p.Cys340Ser,0.114,20.5,['Unknown%20significance'],101.75,0.65,0.0,0.1,0.1
MCM2,3,127606737,NM_004526.4:c.1021C>G,NP_004517.2:p.Gln341Glu,0.383,25.3,['Unknown%20significance'],16.59,0.08,0.0,0.6,0.6
MCM2,3,127606741,NM_004526.4:c.1025C>A,NP_004517.2:p.Ser342Tyr,0.162,23.6,['Unknown%20significance'],57.43,0.41,0.0,-0.8,0.8
MCM2,3,127606745,NM_004526.4:c.1029G>C,NP_004517.2:p.Gln343His,0.142,22.5,['Unknown%20significance'],49.18,0.24,0.0,-0.1,0.1
MCM2,3,127606748,NM_004526.4:c.1032C>A,NP_004517.2:p.Asn344Lys,0.106,22.7,['Unknown%20significance'],52.06,0.32,0.0,0.3,0.3
MCM2,3,127606752,NM_004526.4:c.1036G>A,NP_004517.2:p.Glu346Lys,0.534,32,['Unknown%20significance'],118.45,0.6,0.0,0.2,0.2
MCM2,3,127606752,NM_004526.4:c.1036G>C,NP_004517.2:p.Glu346Gln,0.315,32,['Unknown%20significance'],118.45,0.6,0.0,-0.1,0.1
MCM2,3,127606761,NM_004526.4:c.1045C>G,NP_004517.2:p.Pro349Ala,0.331,23.8,['Unknown%20significance'],5.73,0.03,0.0,1.2,1.2
MCM2,3,127606764,NM_004526.4:c.1048G>T,NP_004517.2:p.Gly350Cys,0.446,32,['Unknown%20significance'],71.92,0.75,0.0,-0.5,0.5
MCM2,3,127606765,NM_004526.4:c.1049G>A,NP_004517.2:p.Gly350Asp,0.376,28.1,['Unknown%20significance'],71.92,0.75,0.0,-0.1,0.1
MCM2,3,127606765,NM_004526.4:c.1049G>C,NP_004517.2:p.Gly350Ala,0.330,24.3,['Unknown%20significance'],71.92,0.75,0.0,-0.3,0.3
MCM2,3,127606768,NM_004526.4:c.1052C>T,NP_004517.2:p.Ser351Phe,0.255,23.6,['Unknown%20significance'],70.65,0.51,0.0,-0.7,0.7
MCM2,3,127606773,NM_004526.4:c.1057C>A,NP_004517.2:p.Pro353Thr,0.328,23.8,['Unknown%20significance'],92.92,0.59,0.0,0.2,0.2
MCM2,3,127606773,NM_004526.4:c.1057C>T,NP_004517.2:p.Pro353Ser,0.259,23.9,['Unknown%20significance'],92.92,0.59,0.0,0.3,0.3
MCM2,3,127606776,NM_004526.4:c.1060G>C,NP_004517.2:p.Glu354Gln,0.370,23.3,['Unknown%20significance'],117.07,0.59,0.0,-0.3,0.3
MCM2,3,127606777,NM_004526.4:c.1061A>G,NP_004517.2:p.Glu354Gly,0.400,29.8,['Unknown%20significance'],117.07,0.59,0.0,0.2,0.2
MCM2,3,127606786,NM_004526.4:c.1070C>T,NP_004517.2:p.Ser357Leu,0.389,25.4,['Unknown%20significance'],44.66,0.32,0.0,-0.1,0.1
MCM2,3,127606791,NM_004526.4:c.1075G>A,NP_004517.2:p.Gly359Ser,0.436,25.3,['Unknown%20significance'],9.97,0.1,0.0,0.2,0.2
MCM2,3,127606791,NM_004526.4:c.1075G>T,NP_004517.2:p.Gly359Cys,0.547,26.1,['Unknown%20significance'],9.97,0.1,0.0,0.3,0.3
MCM2,3,127606794,NM_004526.4:c.1078C>A,NP_004517.2:p.Pro360Thr,0.494,23.8,['Unknown%20significance'],80.77,0.51,0.0,0.0,0.0
MCM2,3,127606794,NM_004526.4:c.1078C>T,NP_004517.2:p.Pro360Ser,0.436,24.0,['Unknown%20significance'],80.77,0.51,0.0,0.2,0.2
MCM2,3,127606795,NM_004526.4:c.1079C>T,NP_004517.2:p.Pro360Leu,0.535,24.7,['Unknown%20significance'],80.77,0.51,0.0,-0.1,0.1
MCM2,3,127606799,NM_004526.4:c.1083T>G,NP_004517.2:p.Phe361Leu,0.352,22.5,['Unknown%20significance'],32.6,0.14,0.0,1.0,1.0
MCM2,3,127606807,NM_004526.4:c.1091A>G,NP_004517.2:p.Asn364Ser,0.262,27.4,['Unknown%20significance'],12.04,0.07,0.0,0.3,0.3
MCM2,3,127606808,NM_004526.4:c.1092C>G,NP_004517.2:p.Asn364Lys,0.228,23.9,['Unknown%20significance'],12.04,0.07,0.0,0.4,0.4
MCM2,3,127606809,NM_004526.4:c.1093A>G,NP_004517.2:p.Met365Val,0.370,18.85,['Unknown%20significance'],137.14,0.63,0.0,0.0,0.0
MCM2,3,127606810,NM_004526.4:c.1094T>C,NP_004517.2:p.Met365Thr,0.354,19.22,['Unknown%20significance'],137.14,0.63,0.0,0.2,0.2
MCM2,3,127606811,NM_004526.4:c.1095G>A,NP_004517.2:p.Met365Ile,0.326,23.7,['Unknown%20significance'],137.14,0.63,0.0,-0.0,0.0
MCM2,3,127606812,NM_004526.4:c.1096G>A,NP_004517.2:p.Glu366Lys,0.498,27.2,['Unknown%20significance'],189.81,0.97,0.0,0.0,0.0
MCM2,3,127606814,NM_004526.4:c.1098G>T,NP_004517.2:p.Glu366Asp,0.204,12.18,['Unknown%20significance'],189.81,0.97,0.0,0.0,0.0
MCM2,3,127608388,NM_004526.4:c.1108T>C,NP_004517.2:p.Tyr370His,0.635,29.9,['Unknown%20significance'],74.64,0.31,0.0,1.4,1.4
MCM2,3,127608389,NM_004526.4:c.1109A>G,NP_004517.2:p.Tyr370Cys,0.677,31,['Unknown%20significance'],74.64,0.31,0.0,1.8,1.8
MCM2,3,127608395,NM_004526.4:c.1115A>C,NP_004517.2:p.Asn372Thr,0.460,28.4,['Unknown%20significance'],71.42,0.44,0.0,0.2,0.2
MCM2,3,127608397,NM_004526.4:c.1117T>C,NP_004517.2:p.Tyr373His,0.546,32,['Unknown%20significance'],27.36,0.11,0.0,1.8,1.8
MCM2,3,127608398,NM_004526.4:c.1118A>C,NP_004517.2:p.Tyr373Ser,0.644,30,['Unknown%20significance'],27.36,0.11,0.0,3.0,3.0
MCM2,3,127608398,NM_004526.4:c.1118A>G,NP_004517.2:p.Tyr373Cys,0.668,32,['Unknown%20significance'],27.36,0.11,0.0,2.4,2.4
MCM2,3,127608400,NM_004526.4:c.1120C>A,NP_004517.2:p.Gln374Lys,0.641,24.2,['Unknown%20significance'],2.45,0.01,0.0,1.1,1.1
MCM2,3,127608400,NM_004526.4:c.1120C>G,NP_004517.2:p.Gln374Glu,0.600,23.6,['Unknown%20significance'],2.45,0.01,0.0,0.9,0.9
MCM2,3,127608403,NM_004526.4:c.1123C>A,NP_004517.2:p.Arg375Ser,0.387,24.3,['Unknown%20significance'],89.52,0.33,0.0,0.6,0.6
MCM2,3,127608403,NM_004526.4:c.1123C>G,NP_004517.2:p.Arg375Gly,0.486,28.3,['Unknown%20significance'],89.52,0.33,0.0,1.2,1.2
MCM2,3,127608403,NM_004526.4:c.1123C>T,NP_004517.2:p.Arg375Cys,0.446,32,['Unknown%20significance'],89.52,0.33,0.0,0.4,0.4
MCM2,3,127608404,NM_004526.4:c.1124G>A,NP_004517.2:p.Arg375His,0.497,32,['Unknown%20significance'],89.52,0.33,0.0,0.2,0.2
MCM2,3,127608404,NM_004526.4:c.1124G>C,NP_004517.2:p.Arg375Pro,0.700,32,['Unknown%20significance'],89.52,0.33,0.0,0.7,0.7
MCM2,3,127608407,NM_004526.4:c.1127T>A,NP_004517.2:p.Ile376Asn,0.598,29.5,['Unknown%20significance'],0.17,0.0,0.0,4.8,4.8
MCM2,3,127608407,NM_004526.4:c.1127T>C,NP_004517.2:p.Ile376Thr,0.689,25.0,['Unknown%20significance'],0.17,0.0,0.0,3.5,3.5
MCM2,3,127608410,NM_004526.4:c.1130G>A,NP_004517.2:p.Arg377Gln,0.097,25.2,['Unknown%20significance'],120.78,0.44,0.0,0.3,0.3
MCM2,3,127608414,NM_004526.4:c.1134C>G,NP_004517.2:p.Ile378Met,0.229,21.5,['Unknown%20significance'],0.0,0.0,0.0,1.4,1.4
MCM2,3,127608416,NM_004526.4:c.1136A>G,NP_004517.2:p.Gln379Arg,0.704,24.4,['Unknown%20significance'],52.31,0.26,0.0,-0.0,0.0
MCM2,3,127608416,NM_004526.4:c.1136A>T,NP_004517.2:p.Gln379Leu,0.738,28.0,['Unknown%20significance'],52.31,0.26,0.0,0.2,0.2
MCM2,3,127608421,NM_004526.4:c.1141A>G,NP_004517.2:p.Ser381Gly,0.364,27.3,['Unknown%20significance'],6.91,0.05,0.0,1.2,1.2
MCM2,3,127608422,NM_004526.4:c.1142G>A,NP_004517.2:p.Ser381Asn,0.306,26.6,['Unknown%20significance'],6.91,0.05,0.0,0.1,0.1
MCM2,3,127608424,NM_004526.4:c.1144C>A,NP_004517.2:p.Pro382Thr,0.547,25.7,['Unknown%20significance'],130.16,0.82,0.0,0.2,0.2
MCM2,3,127608424,NM_004526.4:c.1144C>G,NP_004517.2:p.Pro382Ala,0.431,25.1,['Unknown%20significance'],130.16,0.82,0.0,0.3,0.3
MCM2,3,127608424,NM_004526.4:c.1144C>T,NP_004517.2:p.Pro382Ser,0.447,26.2,['Unknown%20significance'],130.16,0.82,0.0,0.2,0.2
MCM2,3,127608425,NM_004526.4:c.1145C>T,NP_004517.2:p.Pro382Leu,0.465,24.6,['Unknown%20significance'],130.16,0.82,0.0,0.2,0.2
MCM2,3,127608427,NM_004526.4:c.1147G>A,NP_004517.2:p.Gly383Ser,0.290,24.9,['Unknown%20significance'],85.29,0.89,0.0,-0.1,0.1
MCM2,3,127608428,NM_004526.4:c.1148G>A,NP_004517.2:p.Gly383Asp,0.342,26.8,['Unknown%20significance'],85.29,0.89,0.0,-0.1,0.1
MCM2,3,127608430,NM_004526.4:c.1150A>G,NP_004517.2:p.Lys384Glu,0.136,24.5,['Unknown%20significance'],81.27,0.34,0.0,0.1,0.1
MCM2,3,127608432,NM_004526.4:c.1152A>C,NP_004517.2:p.Lys384Asn,0.118,20.6,['Unknown%20significance'],81.27,0.34,0.0,-0.0,0.0
MCM2,3,127608433,NM_004526.4:c.1153G>A,NP_004517.2:p.Val385Met,0.207,27.2,['Unknown%20significance'],22.16,0.12,0.0,0.4,0.4
MCM2,3,127608436,NM_004526.4:c.1156G>A,NP_004517.2:p.Ala386Thr,0.106,24.4,['Unknown%20significance'],57.81,0.45,0.0,-0.1,0.1
MCM2,3,127608437,NM_004526.4:c.1157C>A,NP_004517.2:p.Ala386Glu,0.275,23.9,['Unknown%20significance'],57.81,0.45,0.0,0.2,0.2
MCM2,3,127608437,NM_004526.4:c.1157C>T,NP_004517.2:p.Ala386Val,0.153,24.1,['Unknown%20significance'],57.81,0.45,0.0,-0.2,0.2
MCM2,3,127608439,NM_004526.4:c.1159G>A,NP_004517.2:p.Ala387Thr,0.299,29.1,['Unknown%20significance'],124.94,0.98,0.0,-0.0,0.0
MCM2,3,127608440,NM_004526.4:c.1160C>G,NP_004517.2:p.Ala387Gly,0.188,24.7,['Unknown%20significance'],124.94,0.98,0.0,0.1,0.1
MCM2,3,127608445,NM_004526.4:c.1165C>T,NP_004517.2:p.Arg389Trp,0.291,24.9,['Unknown%20significance'],176.31,0.65,0.0,-0.1,0.1
MCM2,3,127608446,NM_004526.4:c.1166G>A,NP_004517.2:p.Arg389Gln,0.197,31,['Unknown%20significance'],176.31,0.65,0.0,0.1,0.1
MCM2,3,127608448,NM_004526.4:c.1168C>G,NP_004517.2:p.Leu390Val,0.134,19.89,['Unknown%20significance'],174.22,0.9,0.0,0.1,0.1
MCM2,3,127608449,NM_004526.4:c.1169T>C,NP_004517.2:p.Leu390Pro,0.463,29.1,['Unknown%20significance'],174.22,0.9,0.0,0.3,0.3
MCM2,3,127608451,NM_004526.4:c.1171C>T,NP_004517.2:p.Pro391Ser,0.500,26.1,['Unknown%20significance'],61.8,0.39,0.0,1.3,1.3
MCM2,3,127608454,NM_004526.4:c.1174C>T,NP_004517.2:p.Arg392Cys,0.462,25.4,['Unknown%20significance'],137.91,0.51,0.0,0.8,0.8
MCM2,3,127608455,NM_004526.4:c.1175G>A,NP_004517.2:p.Arg392His,0.313,31,['Unknown%20significance'],137.91,0.51,0.0,0.2,0.2
MCM2,3,127608455,NM_004526.4:c.1175G>T,NP_004517.2:p.Arg392Leu,0.569,29.7,['Unknown%20significance'],137.91,0.51,0.0,0.1,0.1
MCM2,3,127608457,NM_004526.4:c.1177T>C,NP_004517.2:p.Ser393Pro,0.291,23.2,['Unknown%20significance'],49.28,0.35,0.0,0.4,0.4
MCM2,3,127608458,NM_004526.4:c.1178C>G,NP_004517.2:p.Ser393Cys,0.342,24.4,['Unknown%20significance'],49.28,0.35,0.0,0.2,0.2
MCM2,3,127608458,NM_004526.4:c.1178C>T,NP_004517.2:p.Ser393Phe,0.466,23.7,['Unknown%20significance'],49.28,0.35,0.0,-0.4,0.4
MCM2,3,127608460,NM_004526.4:c.1180A>G,NP_004517.2:p.Lys394Glu,0.558,27.7,['Unknown%20significance'],64.37,0.27,0.0,-0.2,0.2
MCM2,3,127608463,NM_004526.4:c.1183G>T,NP_004517.2:p.Asp395Tyr,0.604,31,['Unknown%20significance'],19.02,0.11,0.0,-1.8,1.8
MCM2,3,127608464,NM_004526.4:c.1184A>G,NP_004517.2:p.Asp395Gly,0.518,25.3,['Unknown%20significance'],19.02,0.11,0.0,0.5,0.5
MCM2,3,127608466,NM_004526.4:c.1186G>A,NP_004517.2:p.Ala396Thr,0.159,24.5,['Benign'],0.0,0.0,0.0,0.2,0.2
MCM2,3,127608466,NM_004526.4:c.1186G>C,NP_004517.2:p.Ala396Pro,0.392,28.8,['Unknown%20significance'],0.0,0.0,0.0,1.5,1.5
MCM2,3,127608466,NM_004526.4:c.1186G>T,NP_004517.2:p.Ala396Ser,0.211,24.0,['Unknown%20significance'],0.0,0.0,0.0,1.5,1.5
MCM2,3,127608467,NM_004526.4:c.1187C>T,NP_004517.2:p.Ala396Val,0.358,19.85,['Unknown%20significance'],0.0,0.0,0.0,-3.0,3.0
MCM2,3,127608469,NM_004526.4:c.1189A>C,NP_004517.2:p.Ile397Leu,0.211,23.9,['Unknown%20significance'],7.16,0.03,0.0,0.6,0.6
MCM2,3,127608469,NM_004526.4:c.1189A>G,NP_004517.2:p.Ile397Val,0.140,22.1,['Unknown%20significance'],7.16,0.03,0.0,0.6,0.6
MCM2,3,127608470,NM_004526.4:c.1190T>C,NP_004517.2:p.Ile397Thr,0.532,24.2,['Unknown%20significance'],7.16,0.03,0.0,2.6,2.6
MCM2,3,127608475,NM_004526.4:c.1195C>T,NP_004517.2:p.Leu399Phe,0.189,24.4,['Unknown%20significance'],20.18,0.1,0.0,-0.1,0.1
MCM2,3,127608478,NM_004526.4:c.1198G>A,NP_004517.2:p.Ala400Thr,0.232,21.8,['Unknown%20significance'],12.57,0.09,0.0,0.0,0.0
MCM2,3,127608478,NM_004526.4:c.1198G>C,NP_004517.2:p.Ala400Pro,0.366,23.4,['Unknown%20significance'],12.57,0.09,0.0,0.6,0.6
MCM2,3,127608479,NM_004526.4:c.1199C>G,NP_004517.2:p.Ala400Gly,0.208,17.03,['Unknown%20significance'],12.57,0.09,0.0,0.5,0.5
MCM2,3,127608484,NM_004526.4:c.1204C>A,NP_004517.2:p.Leu402Met,0.345,25.2,['Unknown%20significance'],12.3,0.06,0.0,1.1,1.1
MCM2,3,127608487,NM_004526.4:c.1207G>A,NP_004517.2:p.Val403Met,0.403,24.8,['Unknown%20significance'],21.79,0.12,0.0,0.9,0.9
MCM2,3,127608487,NM_004526.4:c.1207G>C,NP_004517.2:p.Val403Leu,0.408,24.1,['Unknown%20significance'],21.79,0.12,0.0,0.8,0.8
MCM2,3,127608488,NM_004526.4:c.1208T>G,NP_004517.2:p.Val403Gly,0.661,25.4,['Unknown%20significance'],21.79,0.12,0.0,3.1,3.1
MCM2,3,127608492,NM_004526.4:c.1212C>G,NP_004517.2:p.Asp404Glu,0.333,22.5,['Unknown%20significance'],81.36,0.5,0.0,-0.0,0.0
MCM2,3,127608493,NM_004526.4:c.1213A>G,NP_004517.2:p.Ser405Gly,0.087,22.7,['Unknown%20significance'],44.88,0.32,0.0,0.7,0.7
MCM2,3,127608494,NM_004526.4:c.1214G>A,NP_004517.2:p.Ser405Asn,0.137,22.1,['Unknown%20significance'],44.88,0.32,0.0,0.1,0.1
MCM2,3,127608496,NM_004526.4:c.1216T>G,NP_004517.2:p.Cys406Gly,0.434,27.4,['Unknown%20significance'],0.0,0.0,0.0,2.4,2.4
MCM2,3,127608497,NM_004526.4:c.1217G>C,NP_004517.2:p.Cys406Ser,0.397,23.8,['Unknown%20significance'],0.0,0.0,0.0,1.6,1.6
MCM2,3,127608501,NM_004526.4:c.1221G>T,NP_004517.2:p.Lys407Asn,0.247,24.4,['Unknown%20significance'],98.73,0.41,0.0,-0.0,0.0
MCM2,3,127608502,NM_004526.4:c.1222C>T,NP_004517.2:p.Pro408Ser,0.685,26.2,['Unknown%20significance'],51.6,0.32,0.0,1.1,1.1
MCM2,3,127608505,NM_004526.4:c.1225G>A,NP_004517.2:p.Gly409Arg,0.780,32,['Unknown%20significance'],64.83,0.68,0.0,0.4,0.4
MCM2,3,127608508,NM_004526.4:c.1228G>C,NP_004517.2:p.Asp410His,0.587,25.3,['Unknown%20significance'],20.56,0.12,0.0,0.1,0.1
MCM2,3,127608508,NM_004526.4:c.1228G>T,NP_004517.2:p.Asp410Tyr,0.691,30,['Unknown%20significance'],20.56,0.12,0.0,-0.7,0.7
MCM2,3,127608509,NM_004526.4:c.1229A>G,NP_004517.2:p.Asp410Gly,0.718,29.7,['Unknown%20significance'],20.56,0.12,0.0,1.4,1.4
MCM2,3,127608510,NM_004526.4:c.1230C>G,NP_004517.2:p.Asp410Glu,0.437,5.688,['Likely%20benign'],20.56,0.12,0.0,0.2,0.2
MCM2,3,127608511,NM_004526.4:c.1231G>A,NP_004517.2:p.Glu411Lys,0.274,25.6,['Unknown%20significance'],45.23,0.23,0.0,-0.4,0.4
MCM2,3,127608515,NM_004526.4:c.1235T>C,NP_004517.2:p.Ile412Thr,0.479,27.5,['Unknown%20significance'],0.0,0.0,0.0,3.1,3.1
MCM2,3,127608515,NM_004526.4:c.1235T>G,NP_004517.2:p.Ile412Arg,0.566,28.7,['Unknown%20significance'],0.0,0.0,0.0,3.3,3.3
MCM2,3,127608516,NM_004526.4:c.1236A>G,NP_004517.2:p.Ile412Met,0.331,14.86,['Unknown%20significance'],0.0,0.0,0.0,1.8,1.8
MCM2,3,127608832,NM_004526.4:c.1237G>A,NP_004517.2:p.Glu413Lys,0.500,33,['Unknown%20significance'],15.57,0.07,0.0,0.4,0.4
MCM2,3,127608834,NM_004526.4:c.1239G>C,NP_004517.2:p.Glu413Asp,0.247,17.42,['Unknown%20significance'],15.57,0.07,0.0,0.6,0.6
MCM2,3,127608839,NM_004526.4:c.1244C>T,NP_004517.2:p.Thr415Ile,0.614,26.1,['Unknown%20significance'],2.27,0.01,0.0,-1.2,1.2
MCM2,3,127608844,NM_004526.4:c.1249A>G,NP_004517.2:p.Ile417Val,0.155,22.4,['Unknown%20significance'],9.13,0.04,0.0,0.7,0.7
MCM2,3,127608850,NM_004526.4:c.1255C>A,NP_004517.2:p.His419Asn,0.139,22.7,['Unknown%20significance'],35.47,0.17,0.0,0.8,0.8
MCM2,3,127608854,NM_004526.4:c.1259A>C,NP_004517.2:p.Asn420Thr,0.291,24.2,['Unknown%20significance'],38.36,0.24,0.0,-0.4,0.4
MCM2,3,127608856,NM_004526.4:c.1261A>T,NP_004517.2:p.Asn421Tyr,0.451,24.5,['Unknown%20significance'],38.08,0.23,0.0,-1.1,1.1
MCM2,3,127608857,NM_004526.4:c.1262A>C,NP_004517.2:p.Asn421Thr,0.231,24.0,['Unknown%20significance'],38.08,0.23,0.0,-0.3,0.3
MCM2,3,127608857,NM_004526.4:c.1262A>G,NP_004517.2:p.Asn421Ser,0.141,22.8,['Unknown%20significance'],38.08,0.23,0.0,0.1,0.1
MCM2,3,127608857,NM_004526.4:c.1262A>T,NP_004517.2:p.Asn421Ile,0.401,24.8,['Unknown%20significance'],38.08,0.23,0.0,-0.8,0.8
MCM2,3,127608860,NM_004526.4:c.1265A>G,NP_004517.2:p.Tyr422Cys,0.645,30,['Unknown%20significance'],144.21,0.6,0.0,0.7,0.7
MCM2,3,127608862,NM_004526.4:c.1267G>C,NP_004517.2:p.Asp423His,0.574,28.8,['Unknown%20significance'],39.92,0.24,0.0,-0.3,0.3
MCM2,3,127608862,NM_004526.4:c.1267G>T,NP_004517.2:p.Asp423Tyr,0.624,29.8,['Unknown%20significance'],39.92,0.24,0.0,-0.9,0.9
MCM2,3,127608863,NM_004526.4:c.1268A>T,NP_004517.2:p.Asp423Val,0.561,26.9,['Unknown%20significance'],39.92,0.24,0.0,-0.6,0.6
MCM2,3,127608866,NM_004526.4:c.1271G>A,NP_004517.2:p.Gly424Asp,0.488,26.3,['Unknown%20significance'],40.61,0.42,0.0,0.1,0.1
MCM2,3,127608866,NM_004526.4:c.1271G>C,NP_004517.2:p.Gly424Ala,0.384,21.7,['Unknown%20significance'],40.61,0.42,0.0,-0.3,0.3
MCM2,3,127608869,NM_004526.4:c.1274C>G,NP_004517.2:p.Ser425Cys,0.427,26.6,['Unknown%20significance'],94.52,0.68,0.0,0.1,0.1
MCM2,3,127608871,NM_004526.4:c.1276C>G,NP_004517.2:p.Leu426Val,0.155,25.0,['Unknown%20significance'],69.16,0.35,0.0,0.3,0.3
MCM2,3,127608874,NM_004526.4:c.1279A>G,NP_004517.2:p.Asn427Asp,0.388,27.7,['Unknown%20significance'],25.88,0.16,0.0,0.4,0.4
MCM2,3,127608874,NM_004526.4:c.1279A>T,NP_004517.2:p.Asn427Tyr,0.647,28.3,['Unknown%20significance'],25.88,0.16,0.0,-1.1,1.1
MCM2,3,127608875,NM_004526.4:c.1280A>G,NP_004517.2:p.Asn427Ser,0.305,26.4,['Unknown%20significance'],25.88,0.16,0.0,0.3,0.3
MCM2,3,127608877,NM_004526.4:c.1282A>C,NP_004517.2:p.Thr428Pro,0.326,27.4,['Unknown%20significance'],136.88,0.87,0.0,0.1,0.1
MCM2,3,127608878,NM_004526.4:c.1283C>T,NP_004517.2:p.Thr428Ile,0.097,22.4,['Unknown%20significance'],136.88,0.87,0.0,-0.1,0.1
MCM2,3,127608881,NM_004526.4:c.1286C>T,NP_004517.2:p.Ala429Val,0.138,23.5,['Unknown%20significance'],94.17,0.74,0.0,-0.1,0.1
MCM2,3,127608884,NM_004526.4:c.1289A>G,NP_004517.2:p.Asn430Ser,0.196,23.9,['Unknown%20significance'],81.26,0.5,0.0,0.1,0.1
MCM2,3,127608884,NM_004526.4:c.1289A>T,NP_004517.2:p.Asn430Ile,0.383,28.4,['Unknown%20significance'],81.26,0.5,0.0,-0.2,0.2
MCM2,3,127608886,NM_004526.4:c.1291G>A,NP_004517.2:p.Gly431Ser,0.611,31,['Unknown%20significance'],66.65,0.69,0.0,0.0,0.0
MCM2,3,127608889,NM_004526.4:c.1294T>G,NP_004517.2:p.Phe432Val,0.631,28.9,['Unknown%20significance'],168.73,0.73,0.0,0.2,0.2
MCM2,3,127608892,NM_004526.4:c.1297C>A,NP_004517.2:p.Pro433Thr,0.564,25.6,['Unknown%20significance'],102.64,0.65,0.0,0.0,0.0
MCM2,3,127608892,NM_004526.4:c.1297C>T,NP_004517.2:p.Pro433Ser,0.405,26.8,['Unknown%20significance'],102.64,0.65,0.0,0.2,0.2
MCM2,3,127608895,NM_004526.4:c.1300G>A,NP_004517.2:p.Val434Ile,0.261,24.2,['Unknown%20significance'],57.3,0.33,0.0,-0.0,0.0
MCM2,3,127608895,NM_004526.4:c.1300G>C,NP_004517.2:p.Val434Leu,0.339,24.9,['Unknown%20significance'],57.3,0.33,0.0,0.1,0.1
MCM2,3,127608901,NM_004526.4:c.1306G>A,NP_004517.2:p.Ala436Thr,0.401,24.9,['Unknown%20significance'],22.73,0.17,0.0,0.1,0.1
MCM2,3,127608902,NM_004526.4:c.1307C>G,NP_004517.2:p.Ala436Gly,0.273,24.2,['Unknown%20significance'],22.73,0.17,0.0,1.1,1.1
MCM2,3,127608907,NM_004526.4:c.1312G>A,NP_004517.2:p.Val438Ile,0.078,21.3,['Likely%20benign'],11.21,0.06,0.0,-0.2,0.2
MCM2,3,127608913,NM_004526.4:c.1318C>G,NP_004517.2:p.Leu440Val,0.196,10.38,['Likely%20benign'],28.73,0.14,0.0,0.3,0.3
MCM2,3,127608914,NM_004526.4:c.1319T>C,NP_004517.2:p.Leu440Pro,0.565,25.8,['Unknown%20significance'],28.73,0.14,0.0,1.9,1.9
MCM2,3,127608917,NM_004526.4:c.1322C>T,NP_004517.2:p.Ala441Val,0.522,26.7,['Unknown%20significance'],2.07,0.01,0.0,-0.9,0.9
MCM2,3,127608919,NM_004526.4:c.1324A>T,NP_004517.2:p.Asn442Tyr,0.663,28.9,['Unknown%20significance'],8.29,0.05,0.0,-1.6,1.6
MCM2,3,127608920,NM_004526.4:c.1325A>T,NP_004517.2:p.Asn442Ile,0.578,29.1,['Unknown%20significance'],8.29,0.05,0.0,-1.7,1.7
MCM2,3,127608924,NM_004526.4:c.1329C>G,NP_004517.2:p.His443Gln,0.344,1.453,['Unknown%20significance'],29.71,0.14,0.0,0.7,0.7
MCM2,3,127608925,NM_004526.4:c.1330G>A,NP_004517.2:p.Val444Met,0.136,23.6,['Unknown%20significance'],17.84,0.1,0.0,1.0,1.0
MCM2,3,127608925,NM_004526.4:c.1330G>T,NP_004517.2:p.Val444Leu,0.093,22.2,['Likely%20benign'],17.84,0.1,0.0,0.5,0.5
MCM2,3,127608928,NM_004526.4:c.1333G>T,NP_004517.2:p.Ala445Ser,0.056,18.33,['Unknown%20significance'],21.31,0.16,0.0,0.2,0.2
MCM2,3,127608929,NM_004526.4:c.1334C>T,NP_004517.2:p.Ala445Val,0.163,22.0,['Unknown%20significance'],21.31,0.16,0.0,-0.8,0.8
MCM2,3,127608936,NM_004526.4:c.1341G>T,NP_004517.2:p.Lys447Asn,0.083,23.4,['Unknown%20significance'],74.88,0.31,0.0,-0.2,0.2
MCM2,3,127608937,NM_004526.4:c.1342G>T,NP_004517.2:p.Asp448Tyr,0.587,31,['Unknown%20significance'],71.53,0.44,0.0,-0.5,0.5
MCM2,3,127608938,NM_004526.4:c.1343A>C,NP_004517.2:p.Asp448Ala,0.398,23.7,['Unknown%20significance'],71.53,0.44,0.0,0.4,0.4
MCM2,3,127608942,NM_004526.4:c.1347C>A,NP_004517.2:p.Asn449Lys,0.049,22.4,['Unknown%20significance'],19.31,0.12,0.0,0.2,0.2
MCM2,3,127608943,NM_004526.4:c.1348A>C,NP_004517.2:p.Lys450Gln,0.160,22.3,['Unknown%20significance'],102.28,0.43,0.0,-0.3,0.3
MCM2,3,127608943,NM_004526.4:c.1348A>G,NP_004517.2:p.Lys450Glu,0.134,23.0,['Unknown%20significance'],102.28,0.43,0.0,-0.1,0.1
MCM2,3,127608944,NM_004526.4:c.1349A>G,NP_004517.2:p.Lys450Arg,0.146,23.2,['Unknown%20significance'],102.28,0.43,0.0,-0.5,0.5
MCM2,3,127608945,NM_004526.4:c.1350G>T,NP_004517.2:p.Lys450Asn,0.141,22.3,['Unknown%20significance'],102.28,0.43,0.0,-0.1,0.1
MCM2,3,127608946,NM_004526.4:c.1351G>C,NP_004517.2:p.Val451Leu,0.129,20.9,['Unknown%20significance'],19.76,0.11,0.0,-0.2,0.2
MCM2,3,127608946,NM_004526.4:c.1351G>T,NP_004517.2:p.Val451Phe,0.196,21.7,['Unknown%20significance'],19.76,0.11,0.0,-0.6,0.6
MCM2,3,127608947,NM_004526.4:c.1352T>G,NP_004517.2:p.Val451Gly,0.245,23.6,['Unknown%20significance'],19.76,0.11,0.0,1.6,1.6
MCM2,3,127608950,NM_004526.4:c.1355C>T,NP_004517.2:p.Ala452Val,0.272,22.9,['Unknown%20significance'],12.77,0.1,0.0,-0.5,0.5
MCM2,3,127608952,NM_004526.4:c.1357G>A,NP_004517.2:p.Val453Ile,0.112,15.31,['Likely%20benign'],109.52,0.63,0.0,-0.0,0.0
MCM2,3,127608953,NM_004526.4:c.1358T>C,NP_004517.2:p.Val453Ala,0.158,19.90,['Unknown%20significance'],109.52,0.63,0.0,0.2,0.2
MCM2,3,127608958,NM_004526.4:c.1363G>A,NP_004517.2:p.Glu455Lys,0.244,23.1,['Unknown%20significance'],121.69,0.62,0.0,0.0,0.0
MCM2,3,127608964,NM_004526.4:c.1369A>G,NP_004517.2:p.Thr457Ala,0.563,27.1,['Unknown%20significance'],81.88,0.52,0.0,0.6,0.6
MCM2,3,127608965,NM_004526.4:c.1370C>A,NP_004517.2:p.Thr457Asn,0.362,25.3,['Unknown%20significance'],81.88,0.52,0.0,0.6,0.6
MCM2,3,127608965,NM_004526.4:c.1370C>T,NP_004517.2:p.Thr457Ile,0.520,26.0,['Unknown%20significance'],81.88,0.52,0.0,0.2,0.2
MCM2,3,127608967,NM_004526.4:c.1372G>A,NP_004517.2:p.Asp458Asn,0.361,29.9,['Unknown%20significance'],122.96,0.76,0.0,-0.0,0.0
MCM2,3,127608967,NM_004526.4:c.1372G>C,NP_004517.2:p.Asp458His,0.523,29.6,['Unknown%20significance'],122.96,0.76,0.0,-0.2,0.2
MCM2,3,127608968,NM_004526.4:c.1373A>T,NP_004517.2:p.Asp458Val,0.558,28.6,['Unknown%20significance'],122.96,0.76,0.0,-0.1,0.1
MCM2,3,127608970,NM_004526.4:c.1375G>C,NP_004517.2:p.Glu459Gln,0.280,27.9,['Unknown%20significance'],93.87,0.48,0.0,-0.2,0.2
MCM2,3,127608971,NM_004526.4:c.1376A>C,NP_004517.2:p.Glu459Ala,0.547,29.0,['Unknown%20significance'],93.87,0.48,0.0,0.3,0.3
MCM2,3,127608974,NM_004526.4:c.1379A>T,NP_004517.2:p.Asp460Val,0.641,29.7,['Unknown%20significance'],10.43,0.06,0.0,-0.2,0.2
MCM2,3,127608975,NM_004526.4:c.1380T>G,NP_004517.2:p.Asp460Glu,0.281,17.81,['Unknown%20significance'],10.43,0.06,0.0,0.1,0.1
MCM2,3,127608976,NM_004526.4:c.1381G>A,NP_004517.2:p.Val461Met,0.102,23.0,['Unknown%20significance'],53.75,0.31,0.0,-0.0,0.0
MCM2,3,127608977,NM_004526.4:c.1382T>A,NP_004517.2:p.Val461Glu,0.400,24.8,['Unknown%20significance'],53.75,0.31,0.0,0.8,0.8
MCM2,3,127608980,NM_004526.4:c.1385A>G,NP_004517.2:p.Lys462Arg,0.106,21.7,['Unknown%20significance'],161.77,0.68,0.0,-0.3,0.3
MCM2,3,127608982,NM_004526.4:c.1387A>T,NP_004517.2:p.Met463Leu,0.071,22.7,['Unknown%20significance'],87.96,0.4,0.0,-0.1,0.1
MCM2,3,127608983,NM_004526.4:c.1388T>C,NP_004517.2:p.Met463Thr,0.112,19.28,['Unknown%20significance'],87.96,0.4,0.0,0.4,0.4
MCM2,3,127608986,NM_004526.4:c.1391T>G,NP_004517.2:p.Ile464Ser,0.626,29.8,['Unknown%20significance'],0.0,0.0,0.0,3.8,3.8
MCM2,3,127608988,NM_004526.4:c.1393A>G,NP_004517.2:p.Thr465Ala,0.023,18.92,['Unknown%20significance'],60.76,0.38,0.0,0.1,0.1
MCM2,3,127608989,NM_004526.4:c.1394C>T,NP_004517.2:p.Thr465Ile,0.024,15.06,['Likely%20benign'],60.76,0.38,0.0,-0.8,0.8
MCM2,3,127608998,NM_004526.4:c.1403C>T,NP_004517.2:p.Ser468Phe,0.555,27.4,['Unknown%20significance'],17.17,0.12,0.0,-0.8,0.8
MCM2,3,127609003,NM_004526.4:c.1408G>A,NP_004517.2:p.Asp470Asn,0.343,29.8,['Unknown%20significance'],53.27,0.33,0.0,-0.0,0.0
MCM2,3,127609004,NM_004526.4:c.1409A>C,NP_004517.2:p.Asp470Ala,0.583,32,['Unknown%20significance'],53.27,0.33,0.0,0.4,0.4
MCM2,3,127609004,NM_004526.4:c.1409A>T,NP_004517.2:p.Asp470Val,0.666,32,['Unknown%20significance'],53.27,0.33,0.0,-0.1,0.1
MCM2,3,127609005,NM_004526.4:c.1410T>A,NP_004517.2:p.Asp470Glu,0.208,22.9,['Unknown%20significance'],53.27,0.33,0.0,-0.1,0.1
MCM2,3,127609006,NM_004526.4:c.1411C>G,NP_004517.2:p.Gln471Glu,0.118,19.83,['Unknown%20significance'],128.64,0.65,0.0,0.1,0.1
MCM2,3,127609011,NM_004526.4:c.1416G>C,NP_004517.2:p.Gln472His,0.063,18.93,['Unknown%20significance'],91.64,0.46,0.0,-0.1,0.1
MCM2,3,127609012,NM_004526.4:c.1417A>G,NP_004517.2:p.Ile473Val,0.265,23.2,['Unknown%20significance'],0.0,0.0,0.0,0.7,0.7
MCM2,3,127609012,NM_004526.4:c.1417A>T,NP_004517.2:p.Ile473Phe,0.618,28.5,['Unknown%20significance'],0.0,0.0,0.0,0.7,0.7
MCM2,3,127609013,NM_004526.4:c.1418T>G,NP_004517.2:p.Ile473Ser,0.537,29.3,['Unknown%20significance'],0.0,0.0,0.0,3.3,3.3
MCM2,3,127609014,NM_004526.4:c.1419C>G,NP_004517.2:p.Ile473Met,0.347,13.46,['Unknown%20significance'],0.0,0.0,0.0,1.0,1.0
MCM2,3,127609015,NM_004526.4:c.1420G>A,NP_004517.2:p.Gly474Arg,0.383,25.5,['Unknown%20significance'],1.75,0.01,0.0,-1.6,1.6
MCM2,3,127609016,NM_004526.4:c.1421G>T,NP_004517.2:p.Gly474Val,0.296,22.6,['Unknown%20significance'],1.75,0.01,0.0,-2.3,2.3
MCM2,3,127609020,NM_004526.4:c.1425G>T,NP_004517.2:p.Glu475Asp,0.206,17.56,['Unknown%20significance'],51.82,0.26,0.0,0.2,0.2
MCM2,3,127615862,NM_004526.4:c.1429A>G,NP_004517.2:p.Ile477Val,0.052,20.4,['Likely%20benign'],0.0,0.0,0.0,0.9,0.9
MCM2,3,127615863,NM_004526.4:c.1430T>C,NP_004517.2:p.Ile477Thr,0.471,31,['Unknown%20significance'],0.0,0.0,0.0,3.0,3.0
MCM2,3,127615867,NM_004526.4:c.1434T>G,NP_004517.2:p.Phe478Leu,0.193,22.8,['Unknown%20significance'],6.53,0.02,0.0,0.0,0.0
MCM2,3,127615868,NM_004526.4:c.1435G>A,NP_004517.2:p.Ala479Thr,0.253,25.1,['Unknown%20significance'],0.0,0.0,0.0,0.2,0.2
MCM2,3,127615869,NM_004526.4:c.1436C>G,NP_004517.2:p.Ala479Gly,0.170,24.3,['Unknown%20significance'],0.0,0.0,0.0,1.6,1.6
MCM2,3,127615871,NM_004526.4:c.1438A>G,NP_004517.2:p.Ser480Gly,0.558,28.4,['Unknown%20significance'],0.04,0.0,0.0,1.2,1.2
MCM2,3,127615872,NM_004526.4:c.1439G>C,NP_004517.2:p.Ser480Thr,0.462,28.5,['Unknown%20significance'],0.04,0.0,0.0,-0.3,0.3
MCM2,3,127615873,NM_004526.4:c.1440C>G,NP_004517.2:p.Ser480Arg,0.504,22.6,['Unknown%20significance'],0.04,0.0,0.0,-0.0,0.0
MCM2,3,127615875,NM_004526.4:c.1442T>C,NP_004517.2:p.Ile481Thr,0.325,28.4,['Unknown%20significance'],0.0,0.0,0.0,3.1,3.1
MCM2,3,127615878,NM_004526.4:c.1445C>G,NP_004517.2:p.Ala482Gly,0.282,22.8,['Unknown%20significance'],0.61,0.0,0.0,1.8,1.8
MCM2,3,127615880,NM_004526.4:c.1447C>T,NP_004517.2:p.Pro483Ser,0.463,26.8,['Unknown%20significance'],20.73,0.13,0.0,1.3,1.3
MCM2,3,127615881,NM_004526.4:c.1448C>G,NP_004517.2:p.Pro483Arg,0.577,28.2,['Unknown%20significance'],20.73,0.13,0.0,0.7,0.7
MCM2,3,127615881,NM_004526.4:c.1448C>T,NP_004517.2:p.Pro483Leu,0.454,30,['Unknown%20significance'],20.73,0.13,0.0,-0.3,0.3
MCM2,3,127615887,NM_004526.4:c.1454T>C,NP_004517.2:p.Ile485Thr,0.673,27.9,['Unknown%20significance'],6.5,0.03,0.0,2.8,2.8
MCM2,3,127615890,NM_004526.4:c.1457A>C,NP_004517.2:p.Tyr486Ser,0.514,28.6,['Unknown%20significance'],32.77,0.13,0.0,2.7,2.7
MCM2,3,127615890,NM_004526.4:c.1457A>G,NP_004517.2:p.Tyr486Cys,0.514,29.4,['Unknown%20significance'],32.77,0.13,0.0,2.1,2.1
MCM2,3,127615895,NM_004526.4:c.1462C>A,NP_004517.2:p.His488Asn,0.388,26.2,['Unknown%20significance'],50.51,0.24,0.0,0.9,0.9
MCM2,3,127615895,NM_004526.4:c.1462C>T,NP_004517.2:p.His488Tyr,0.401,23.7,['Unknown%20significance'],50.51,0.24,0.0,-0.5,0.5
MCM2,3,127615897,NM_004526.4:c.1464T>G,NP_004517.2:p.His488Gln,0.396,23.6,['Unknown%20significance'],50.51,0.24,0.0,0.6,0.6
MCM2,3,127615899,NM_004526.4:c.1466A>T,NP_004517.2:p.Glu489Val,0.454,32,['Unknown%20significance'],35.7,0.18,0.0,-0.1,0.1
MCM2,3,127615904,NM_004526.4:c.1471A>C,NP_004517.2:p.Ile491Leu,0.267,27.1,['Unknown%20significance'],10.14,0.05,0.0,0.7,0.7
MCM2,3,127615904,NM_004526.4:c.1471A>G,NP_004517.2:p.Ile491Val,0.098,22.5,['Unknown%20significance'],10.14,0.05,0.0,0.3,0.3
MCM2,3,127615908,NM_004526.4:c.1475A>G,NP_004517.2:p.Lys492Arg,0.566,26.9,['Unknown%20significance'],0.54,0.0,0.0,-1.2,1.2
MCM2,3,127615909,NM_004526.4:c.1476G>C,NP_004517.2:p.Lys492Asn,0.375,27.7,['Unknown%20significance'],0.54,0.0,0.0,0.4,0.4
MCM2,3,127615913,NM_004526.4:c.1480G>A,NP_004517.2:p.Gly494Ser,0.261,24.6,['Unknown%20significance'],0.0,0.0,0.0,-0.4,0.4
MCM2,3,127615914,NM_004526.4:c.1481G>A,NP_004517.2:p.Gly494Asp,0.460,26.3,['Unknown%20significance'],0.0,0.0,0.0,0.5,0.5
MCM2,3,127615914,NM_004526.4:c.1481G>T,NP_004517.2:p.Gly494Val,0.330,24.2,['Unknown%20significance'],0.0,0.0,0.0,-2.6,2.6
MCM2,3,127615916,NM_004526.4:c.1483C>A,NP_004517.2:p.Leu495Met,0.242,23.0,['Unknown%20significance'],0.0,0.0,0.0,1.6,1.6
MCM2,3,127615922,NM_004526.4:c.1489C>A,NP_004517.2:p.Leu497Met,0.270,23.6,['Unknown%20significance'],0.0,0.0,0.0,1.5,1.5
MCM2,3,127615922,NM_004526.4:c.1489C>G,NP_004517.2:p.Leu497Val,0.264,23.1,['Unknown%20significance'],0.0,0.0,0.0,1.0,1.0
MCM2,3,127615925,NM_004526.4:c.1492G>T,NP_004517.2:p.Ala498Ser,0.131,20.4,['Unknown%20significance'],0.02,0.0,0.0,1.4,1.4
MCM2,3,127615926,NM_004526.4:c.1493C>G,NP_004517.2:p.Ala498Gly,0.315,26.0,['Unknown%20significance'],0.02,0.0,0.0,2.2,2.2
MCM2,3,127615928,NM_004526.4:c.1495C>G,NP_004517.2:p.Leu499Val,0.262,23.1,['Unknown%20significance'],0.0,0.0,0.0,1.4,1.4
MCM2,3,127615933,NM_004526.4:c.1500C>G,NP_004517.2:p.Phe500Leu,0.390,23.4,['Unknown%20significance'],1.65,0.0,0.0,0.6,0.6
MCM2,3,127615934,NM_004526.4:c.1501G>A,NP_004517.2:p.Gly501Arg,0.554,29.9,['Benign'],4.5,0.04,0.0,-0.4,0.4
MCM2,3,127615937,NM_004526.4:c.1504G>A,NP_004517.2:p.Gly502Arg,0.614,31,['Unknown%20significance'],2.41,0.02,0.0,-0.2,0.2
MCM2,3,127615938,NM_004526.4:c.1505G>A,NP_004517.2:p.Gly502Glu,0.661,29.4,['Unknown%20significance'],2.41,0.02,0.0,0.8,0.8
MCM2,3,127615940,NM_004526.4:c.1507G>A,NP_004517.2:p.Glu503Lys,0.199,26.0,['Unknown%20significance'],24.17,0.12,0.0,0.6,0.6
MCM2,3,127615943,NM_004526.4:c.1510C>A,NP_004517.2:p.Pro504Thr,0.066,22.7,['Unknown%20significance'],59.25,0.37,0.0,-0.3,0.3
MCM2,3,127615944,NM_004526.4:c.1511C>G,NP_004517.2:p.Pro504Arg,0.172,22.9,['Unknown%20significance'],59.25,0.37,0.0,-0.4,0.4
MCM2,3,127615950,NM_004526.4:c.1517A>T,NP_004517.2:p.Asn506Ile,0.442,28.7,['Unknown%20significance'],93.75,0.58,0.0,-0.2,0.2
MCM2,3,127615953,NM_004526.4:c.1520C>T,NP_004517.2:p.Pro507Leu,0.314,29.2,['Unknown%20significance'],79.54,0.5,0.0,-0.8,0.8
MCM2,3,127615955,NM_004526.4:c.1522G>C,NP_004517.2:p.Gly508Arg,0.283,34,['Unknown%20significance'],83.03,0.87,0.0,-0.2,0.2
MCM2,3,127616868,NM_004526.4:c.1523G>C,NP_004517.2:p.Gly508Ala,0.267,32,['Unknown%20significance'],83.03,0.87,0.0,-0.0,0.0
MCM2,3,127616870,NM_004526.4:c.1525G>A,NP_004517.2:p.Gly509Ser,0.268,24.4,['Unknown%20significance'],77.12,0.8,0.0,-0.1,0.1
MCM2,3,127616871,NM_004526.4:c.1526G>A,NP_004517.2:p.Gly509Asp,0.247,22.0,['Unknown%20significance'],77.12,0.8,0.0,-0.2,0.2
MCM2,3,127616874,NM_004526.4:c.1529A>T,NP_004517.2:p.Lys510Met,0.281,25.4,['Unknown%20significance'],225.98,0.95,0.0,-0.1,0.1
MCM2,3,127616880,NM_004526.4:c.1535A>G,NP_004517.2:p.Lys512Arg,0.107,14.09,['Likely%20benign'],93.79,0.39,0.0,-0.7,0.7
MCM2,3,127616881,NM_004526.4:c.1536G>C,NP_004517.2:p.Lys512Asn,0.108,22.6,['Likely%20benign'],93.79,0.39,0.0,-0.2,0.2
MCM2,3,127616881,NM_004526.4:c.1536G>T,NP_004517.2:p.Lys512Asn,0.108,22.5,['Unknown%20significance'],93.79,0.39,0.0,-0.2,0.2
MCM2,3,127616885,NM_004526.4:c.1540C>T,NP_004517.2:p.Arg514Cys,0.543,25.4,['Unknown%20significance'],6.66,0.02,0.0,2.3,2.3
MCM2,3,127616886,NM_004526.4:c.1541G>A,NP_004517.2:p.Arg514His,0.672,27.3,['Unknown%20significance'],6.66,0.02,0.0,1.0,1.0
MCM2,3,127616889,NM_004526.4:c.1544G>A,NP_004517.2:p.Gly515Asp,0.583,25.0,['Unknown%20significance'],0.05,0.0,0.0,0.9,0.9
MCM2,3,127616891,NM_004526.4:c.1546G>T,NP_004517.2:p.Asp516Tyr,0.527,25.7,['Unknown%20significance'],13.46,0.08,0.0,-0.2,0.2
MCM2,3,127616894,NM_004526.4:c.1549A>C,NP_004517.2:p.Ile517Leu,0.355,23.1,['Unknown%20significance'],0.0,0.0,0.0,0.9,0.9
MCM2,3,127616894,NM_004526.4:c.1549A>G,NP_004517.2:p.Ile517Val,0.340,23.8,['Unknown%20significance'],0.0,0.0,0.0,1.1,1.1
MCM2,3,127616895,NM_004526.4:c.1550T>C,NP_004517.2:p.Ile517Thr,0.649,25.3,['Unknown%20significance'],0.0,0.0,0.0,2.7,2.7
MCM2,3,127616897,NM_004526.4:c.1552A>G,NP_004517.2:p.Asn518Asp,0.525,25.0,['Unknown%20significance'],0.0,0.0,0.0,1.1,1.1
MCM2,3,127616898,NM_004526.4:c.1553A>G,NP_004517.2:p.Asn518Ser,0.530,24.4,['Unknown%20significance'],0.0,0.0,0.0,0.4,0.4
MCM2,3,127616899,NM_004526.4:c.1554C>A,NP_004517.2:p.Asn518Lys,0.458,9.775,['Unknown%20significance'],0.0,0.0,0.0,0.6,0.6
MCM2,3,127616900,NM_004526.4:c.1555G>A,NP_004517.2:p.Val519Met,0.197,23.7,['Unknown%20significance'],0.0,0.0,0.0,1.5,1.5
MCM2,3,127616900,NM_004526.4:c.1555G>C,NP_004517.2:p.Val519Leu,0.203,22.0,['Unknown%20significance'],0.0,0.0,0.0,0.4,0.4
MCM2,3,127616900,NM_004526.4:c.1555G>T,NP_004517.2:p.Val519Leu,0.205,22.1,['Unknown%20significance'],0.0,0.0,0.0,0.4,0.4
MCM2,3,127616903,NM_004526.4:c.1558C>G,NP_004517.2:p.Leu520Val,0.370,23.0,['Unknown%20significance'],0.0,0.0,0.0,1.6,1.6
MCM2,3,127616903,NM_004526.4:c.1558C>T,NP_004517.2:p.Leu520Phe,0.367,23.3,['Unknown%20significance'],0.0,0.0,0.0,1.4,1.4
MCM2,3,127616904,NM_004526.4:c.1559T>C,NP_004517.2:p.Leu520Pro,0.601,25.9,['Unknown%20significance'],0.0,0.0,0.0,5.6,5.6
MCM2,3,127616907,NM_004526.4:c.1562T>C,NP_004517.2:p.Leu521Ser,0.703,25.7,['Unknown%20significance'],0.0,0.0,0.0,5.2,5.2
MCM2,3,127616908,NM_004526.4:c.1563G>C,NP_004517.2:p.Leu521Phe,0.290,22.5,['Unknown%20significance'],0.0,0.0,0.0,1.0,1.0
MCM2,3,127616909,NM_004526.4:c.1564T>G,NP_004517.2:p.Cys522Gly,0.331,25.4,['Unknown%20significance'],0.0,0.0,0.0,2.5,2.5
MCM2,3,127616912,NM_004526.4:c.1567G>A,NP_004517.2:p.Gly523Arg,0.910,30,['Unknown%20significance'],0.0,0.0,0.0,0.3,0.3
MCM2,3,127616913,NM_004526.4:c.1568G>A,NP_004517.2:p.Gly523Glu,0.916,25.8,['Unknown%20significance'],0.0,0.0,0.0,1.7,1.7
MCM2,3,127616915,NM_004526.4:c.1570G>A,NP_004517.2:p.Asp524Asn,0.503,27.0,['Unknown%20significance'],3.86,0.02,0.0,0.1,0.1
MCM2,3,127616918,NM_004526.4:c.1573C>G,NP_004517.2:p.Pro525Ala,0.494,23.7,['Unknown%20significance'],81.7,0.51,0.0,0.9,0.9
MCM2,3,127616919,NM_004526.4:c.1574C>T,NP_004517.2:p.Pro525Leu,0.601,25.1,['Unknown%20significance'],81.7,0.51,0.0,0.7,0.7
MCM2,3,127616925,NM_004526.4:c.1580C>T,NP_004517.2:p.Thr527Ile,0.539,24.2,['Unknown%20significance'],8.82,0.05,0.0,-0.4,0.4
MCM2,3,127616928,NM_004526.4:c.1583C>T,NP_004517.2:p.Ala528Val,0.595,24.2,['Unknown%20significance'],30.68,0.24,0.0,0.1,0.1
MCM2,3,127616933,NM_004526.4:c.1588T>A,NP_004517.2:p.Ser530Thr,0.592,24.6,['Unknown%20significance'],39.67,0.28,0.0,-0.3,0.3
MCM2,3,127616933,NM_004526.4:c.1588T>G,NP_004517.2:p.Ser530Ala,0.621,25.0,['Unknown%20significance'],39.67,0.28,0.0,0.2,0.2
MCM2,3,127616934,NM_004526.4:c.1589C>T,NP_004517.2:p.Ser530Leu,0.640,25.2,['Unknown%20significance'],39.67,0.28,0.0,-0.2,0.2
MCM2,3,127616938,NM_004526.4:c.1593G>T,NP_004517.2:p.Gln531His,0.708,24.5,['Unknown%20significance'],75.54,0.38,0.0,0.2,0.2
MCM2,3,127616939,NM_004526.4:c.1594T>C,NP_004517.2:p.Phe532Leu,0.263,25.4,['Unknown%20significance'],0.0,0.0,0.0,-0.4,0.4
MCM2,3,127616940,NM_004526.4:c.1595T>C,NP_004517.2:p.Phe532Ser,0.667,27.2,['Unknown%20significance'],0.0,0.0,0.0,4.0,4.0
MCM2,3,127616941,NM_004526.4:c.1596T>G,NP_004517.2:p.Phe532Leu,0.233,23.5,['Unknown%20significance'],0.0,0.0,0.0,-0.4,0.4
MCM2,3,127616943,NM_004526.4:c.1598T>A,NP_004517.2:p.Leu533His,0.705,25.8,['Unknown%20significance'],0.0,0.0,0.0,3.2,3.2
MCM2,3,127616943,NM_004526.4:c.1598T>C,NP_004517.2:p.Leu533Pro,0.709,26.3,['Unknown%20significance'],0.0,0.0,0.0,4.0,4.0
MCM2,3,127616945,NM_004526.4:c.1600A>C,NP_004517.2:p.Lys534Gln,0.400,25.1,['Unknown%20significance'],116.18,0.49,0.0,-0.3,0.3
MCM2,3,127616946,NM_004526.4:c.1601A>G,NP_004517.2:p.Lys534Arg,0.221,24.0,['Unknown%20significance'],116.18,0.49,0.0,-0.5,0.5
MCM2,3,127616949,NM_004526.4:c.1604A>G,NP_004517.2:p.Tyr535Cys,0.524,26.3,['Unknown%20significance'],12.58,0.05,0.0,2.1,2.1
MCM2,3,127616952,NM_004526.4:c.1607T>C,NP_004517.2:p.Ile536Thr,0.272,21.6,['Unknown%20significance'],0.0,0.0,0.0,2.9,2.9
MCM2,3,127616953,NM_004526.4:c.1608T>G,NP_004517.2:p.Ile536Met,0.142,0.752,['Likely%20benign'],0.0,0.0,0.0,1.3,1.3
MCM2,3,127616954,NM_004526.4:c.1609G>A,NP_004517.2:p.Glu537Lys,0.516,29.4,['Unknown%20significance'],61.97,0.31,0.0,0.3,0.3
MCM2,3,127616961,NM_004526.4:c.1616T>C,NP_004517.2:p.Val539Ala,0.137,24.0,['Unknown%20significance'],0.22,0.0,0.0,1.7,1.7
MCM2,3,127616963,NM_004526.4:c.1618T>C,NP_004517.2:p.Ser540Pro,0.260,24.9,['Unknown%20significance'],0.66,0.0,0.0,0.4,0.4
MCM2,3,127616970,NM_004526.4:c.1625G>A,NP_004517.2:p.Arg542Gln,0.625,32,['Unknown%20significance'],93.73,0.34,0.0,0.4,0.4
MCM2,3,127616970,NM_004526.4:c.1625G>C,NP_004517.2:p.Arg542Pro,0.735,32,['Unknown%20significance'],93.73,0.34,0.0,1.0,1.0
MCM2,3,127616975,NM_004526.4:c.1630A>G,NP_004517.2:p.Ile544Val,0.070,15.75,['Unknown%20significance'],51.32,0.26,0.0,-0.0,0.0
MCM2,3,127616981,NM_004526.4:c.1636A>C,NP_004517.2:p.Thr546Pro,0.762,29.9,['Unknown%20significance'],36.41,0.23,0.0,1.2,1.2
MCM2,3,127616984,NM_004526.4:c.1639A>G,NP_004517.2:p.Thr547Ala,0.584,26.9,['Unknown%20significance'],39.96,0.25,0.0,0.4,0.4
MCM2,3,127616987,NM_004526.4:c.1642G>A,NP_004517.2:p.Gly548Ser,0.690,31,['Unknown%20significance'],0.0,0.0,0.0,0.1,0.1
MCM2,3,127616988,NM_004526.4:c.1643G>A,NP_004517.2:p.Gly548Asp,0.659,29.1,['Unknown%20significance'],0.0,0.0,0.0,0.4,0.4
MCM2,3,127616990,NM_004526.4:c.1645C>A,NP_004517.2:p.Gln549Lys,0.294,24.0,['Unknown%20significance'],122.65,0.62,0.0,0.2,0.2
MCM2,3,127616994,NM_004526.4:c.1649G>A,NP_004517.2:p.Gly550Glu,0.689,29.5,['Unknown%20significance'],70.75,0.74,0.0,0.1,0.1
MCM2,3,127616997,NM_004526.4:c.1652C>T,NP_004517.2:p.Ala551Val,0.523,27.9,['Unknown%20significance'],14.43,0.11,0.0,-0.3,0.3
MCM2,3,127616999,NM_004526.4:c.1654T>A,NP_004517.2:p.Ser552Thr,0.355,25.4,['Unknown%20significance'],46.6,0.33,0.0,-0.2,0.2
MCM2,3,127617000,NM_004526.4:c.1655C>T,NP_004517.2:p.Ser552Leu,0.548,26.9,['Unknown%20significance'],46.6,0.33,0.0,-0.2,0.2
MCM2,3,127617002,NM_004526.4:c.1657G>A,NP_004517.2:p.Ala553Thr,0.376,27.8,['Unknown%20significance'],15.55,0.12,0.0,0.1,0.1
MCM2,3,127617002,NM_004526.4:c.1657G>T,NP_004517.2:p.Ala553Ser,0.400,26.4,['Unknown%20significance'],15.55,0.12,0.0,0.4,0.4
MCM2,3,127617006,NM_004526.4:c.1661T>G,NP_004517.2:p.Val554Gly,0.818,29.8,['Unknown%20significance'],90.99,0.52,0.0,1.5,1.5
MCM2,3,127617015,NM_004526.4:c.1670C>T,NP_004517.2:p.Thr557Met,0.711,26.3,['Unknown%20significance'],4.88,0.03,0.0,-0.4,0.4
MCM2,3,127617018,NM_004526.4:c.1673C>T,NP_004517.2:p.Ala558Val,0.582,25.9,['Unknown%20significance'],0.0,0.0,0.0,-0.9,0.9
MCM2,3,127617021,NM_004526.4:c.1676A>C,NP_004517.2:p.Tyr559Ser,0.346,23.2,['Unknown%20significance'],58.87,0.24,0.0,1.4,1.4
MCM2,3,127617027,NM_004526.4:c.1682A>G,NP_004517.2:p.Gln561Arg,0.195,19.43,['Unknown%20significance'],101.95,0.51,0.0,-0.2,0.2
MCM2,3,127617029,NM_004526.4:c.1684C>T,NP_004517.2:p.Arg562Trp,0.609,29.3,['Unknown%20significance'],133.37,0.49,0.0,0.0,0.0
MCM2,3,127617030,NM_004526.4:c.1685G>A,NP_004517.2:p.Arg562Gln,0.369,25.8,['Unknown%20significance'],133.37,0.49,0.0,0.4,0.4
MCM2,3,127617030,NM_004526.4:c.1685G>T,NP_004517.2:p.Arg562Leu,0.508,26.1,['Unknown%20significance'],133.37,0.49,0.0,0.2,0.2
MCM2,3,127617032,NM_004526.4:c.1687C>T,NP_004517.2:p.His563Tyr,0.286,25.3,['Unknown%20significance'],48.34,0.23,0.0,-0.4,0.4
MCM2,3,127617034,NM_004526.4:c.1689C>G,NP_004517.2:p.His563Gln,0.247,23.0,['Unknown%20significance'],48.34,0.23,0.0,0.1,0.1
MCM2,3,127617036,NM_004526.4:c.1691C>T,NP_004517.2:p.Pro564Leu,0.367,27.0,['Unknown%20significance'],102.67,0.65,0.0,0.1,0.1
MCM2,3,127617038,NM_004526.4:c.1693G>A,NP_004517.2:p.Val565Ile,0.199,22.5,['Unknown%20significance'],126.04,0.73,0.0,-0.0,0.0
MCM2,3,127617038,NM_004526.4:c.1693G>T,NP_004517.2:p.Val565Phe,0.313,28.2,['Unknown%20significance'],126.04,0.73,0.0,-0.0,0.0
MCM2,3,127617039,NM_004526.4:c.1694T>C,NP_004517.2:p.Val565Ala,0.202,23.3,['Unknown%20significance'],126.04,0.73,0.0,0.2,0.2
MCM2,3,127617041,NM_004526.4:c.1696A>G,NP_004517.2:p.Ser566Gly,0.303,24.8,['Unknown%20significance'],66.49,0.48,0.0,0.6,0.6
MCM2,3,127617042,NM_004526.4:c.1697G>T,NP_004517.2:p.Ser566Ile,0.250,26.7,['Unknown%20significance'],66.49,0.48,0.0,-0.1,0.1
MCM2,3,127617044,NM_004526.4:c.1699A>G,NP_004517.2:p.Arg567Gly,0.113,23.0,['Unknown%20significance'],189.08,0.7,0.0,0.4,0.4
MCM2,3,127617044,NM_004526.4:c.1699A>T,NP_004517.2:p.Arg567Trp,0.321,25.8,['Unknown%20significance'],189.08,0.7,0.0,-0.0,0.0
MCM2,3,127617045,NM_004526.4:c.1700G>C,NP_004517.2:p.Arg567Thr,0.236,25.3,['Unknown%20significance'],189.08,0.7,0.0,0.2,0.2
MCM2,3,127617046,NM_004526.4:c.1701G>C,NP_004517.2:p.Arg567Ser,0.152,22.1,['Unknown%20significance'],189.08,0.7,0.0,0.3,0.3
MCM2,3,127617047,NM_004526.4:c.1702G>A,NP_004517.2:p.Glu568Lys,0.644,31,['Unknown%20significance'],129.36,0.66,0.0,0.2,0.2
MCM2,3,127617049,NM_004526.4:c.1704G>T,NP_004517.2:p.Glu568Asp,0.307,23.4,['Unknown%20significance'],129.36,0.66,0.0,0.1,0.1
MCM2,3,127617050,NM_004526.4:c.1705T>A,NP_004517.2:p.Trp569Arg,0.105,29.0,['Unknown%20significance'],140.89,0.53,0.0,1.0,1.0
MCM2,3,127617062,NM_004526.4:c.1717G>A,NP_004517.2:p.Ala573Thr,0.551,29.2,['Unknown%20significance'],29.53,0.23,0.0,0.2,0.2
MCM2,3,127617062,NM_004526.4:c.1717G>C,NP_004517.2:p.Ala573Pro,0.573,29.5,['Unknown%20significance'],29.53,0.23,0.0,0.5,0.5
MCM2,3,127617062,NM_004526.4:c.1717G>T,NP_004517.2:p.Ala573Ser,0.410,27.5,['Unknown%20significance'],29.53,0.23,0.0,0.3,0.3
MCM2,3,127617065,NM_004526.4:c.1720G>A,NP_004517.2:p.Gly574Arg,0.778,32,['Unknown%20significance'],5.32,0.05,0.0,0.1,0.1
MCM2,3,127617068,NM_004526.4:c.1723G>A,NP_004517.2:p.Ala575Thr,0.559,29.6,['Unknown%20significance'],7.46,0.05,0.0,0.7,0.7
MCM2,3,127617074,NM_004526.4:c.1729G>C,NP_004517.2:p.Val577Leu,0.446,26.7,['Unknown%20significance'],16.29,0.09,0.0,0.6,0.6
MCM2,3,127617080,NM_004526.4:c.1735G>T,NP_004517.2:p.Ala579Ser,0.623,27.9,['Unknown%20significance'],0.0,0.0,0.0,1.2,1.2
MCM2,3,127617081,NM_004526.4:c.1736C>G,NP_004517.2:p.Ala579Gly,0.695,27.1,['Unknown%20significance'],0.0,0.0,0.0,2.1,2.1
MCM2,3,127617083,NM_004526.4:c.1738G>A,NP_004517.2:p.Asp580Asn,0.494,32,['Unknown%20significance'],21.71,0.13,0.0,0.1,0.1
MCM2,3,127617083,NM_004526.4:c.1738G>T,NP_004517.2:p.Asp580Tyr,0.684,31,['Unknown%20significance'],21.71,0.13,0.0,-0.6,0.6
MCM2,3,127617087,NM_004526.4:c.1742G>A,NP_004517.2:p.Arg581Gln,0.084,23.4,['Unknown%20significance'],179.73,0.66,0.0,0.2,0.2
MCM2,3,127617087,NM_004526.4:c.1742G>C,NP_004517.2:p.Arg581Pro,0.424,29.0,['Unknown%20significance'],179.73,0.66,0.0,0.4,0.4
MCM2,3,127617089,NM_004526.4:c.1744G>A,NP_004517.2:p.Gly582Arg,0.804,31,['Unknown%20significance'],0.21,0.0,0.0,-0.1,0.1
MCM2,3,127617089,NM_004526.4:c.1744G>C,NP_004517.2:p.Gly582Arg,0.804,31,['Unknown%20significance'],0.21,0.0,0.0,-0.1,0.1
MCM2,3,127617090,NM_004526.4:c.1745G>A,NP_004517.2:p.Gly582Glu,0.812,29.6,['Unknown%20significance'],0.21,0.0,0.0,0.8,0.8
MCM2,3,127617090,NM_004526.4:c.1745G>C,NP_004517.2:p.Gly582Ala,0.634,28.7,['Unknown%20significance'],0.21,0.0,0.0,-0.0,0.0
MCM2,3,127617093,NM_004526.4:c.1748T>C,NP_004517.2:p.Val583Ala,0.415,27.6,['Unknown%20significance'],0.0,0.0,0.0,3.0,3.0
MCM2,3,127617093,NM_004526.4:c.1748T>G,NP_004517.2:p.Val583Gly,0.937,29.8,['Unknown%20significance'],0.0,0.0,0.0,5.0,5.0
MCM2,3,127617098,NM_004526.4:c.1753C>G,NP_004517.2:p.Leu585Val,0.260,24.6,['Unknown%20significance'],0.0,0.0,0.0,0.6,0.6
MCM2,3,127617101,NM_004526.4:c.1756A>C,NP_004517.2:p.Ile586Leu,0.324,27.5,['Unknown%20significance'],0.0,0.0,0.0,1.0,1.0
MCM2,3,127617111,NM_004526.4:c.1766T>A,NP_004517.2:p.Phe589Tyr,0.561,29.6,['Unknown%20significance'],0.0,0.0,0.0,0.2,0.2
MCM2,3,127617113,NM_004526.4:c.1768G>C,NP_004517.2:p.Asp590His,0.658,31,['Unknown%20significance'],12.24,0.07,0.0,-0.0,0.0
MCM2,3,127617114,NM_004526.4:c.1769A>G,NP_004517.2:p.Asp590Gly,0.697,32,['Unknown%20significance'],12.24,0.07,0.0,1.2,1.2
MCM2,3,127617116,NM_004526.4:c.1771A>C,NP_004517.2:p.Lys591Gln,0.613,32,['Unknown%20significance'],114.37,0.48,0.0,-0.1,0.1
MCM2,3,127617117,NM_004526.4:c.1772A>G,NP_004517.2:p.Lys591Arg,0.556,33,['Unknown%20significance'],114.37,0.48,0.0,-0.6,0.6
MCM2,3,127617288,NM_004526.4:c.1783C>A,NP_004517.2:p.Gln595Lys,0.154,23.6,['Unknown%20significance'],154.41,0.78,0.0,0.1,0.1
MCM2,3,127617290,NM_004526.4:c.1785G>T,NP_004517.2:p.Gln595His,0.185,26.5,['Unknown%20significance'],154.41,0.78,0.0,-0.0,0.0
MCM2,3,127617292,NM_004526.4:c.1787A>G,NP_004517.2:p.Asp596Gly,0.658,32,['Unknown%20significance'],0.69,0.0,0.0,1.0,1.0
MCM2,3,127617297,NM_004526.4:c.1792A>G,NP_004517.2:p.Thr598Ala,0.487,28.7,['Unknown%20significance'],81.1,0.51,0.0,0.1,0.1
MCM2,3,127617298,NM_004526.4:c.1793C>G,NP_004517.2:p.Thr598Ser,0.378,26.5,['Unknown%20significance'],81.1,0.51,0.0,0.2,0.2
MCM2,3,127617310,NM_004526.4:c.1805A>G,NP_004517.2:p.Glu602Gly,0.676,32,['Unknown%20significance'],36.85,0.18,0.0,1.1,1.1
MCM2,3,127617312,NM_004526.4:c.1807G>A,NP_004517.2:p.Ala603Thr,0.488,31,['Unknown%20significance'],0.0,0.0,0.0,0.5,0.5
MCM2,3,127617315,NM_004526.4:c.1810A>G,NP_004517.2:p.Met604Val,0.609,26.5,['Unknown%20significance'],0.0,0.0,0.0,1.1,1.1
MCM2,3,127617320,NM_004526.4:c.1815G>C,NP_004517.2:p.Glu605Asp,0.426,23.8,['Unknown%20significance'],51.89,0.26,0.0,0.3,0.3
MCM2,3,127617322,NM_004526.4:c.1817A>T,NP_004517.2:p.Gln606Leu,0.608,30,['Unknown%20significance'],91.87,0.46,0.0,0.3,0.3
MCM2,3,127617326,NM_004526.4:c.1821G>C,NP_004517.2:p.Gln607His,0.549,23.4,['Unknown%20significance'],2.19,0.01,0.0,-0.1,0.1
MCM2,3,127617328,NM_004526.4:c.1823G>A,NP_004517.2:p.Ser608Asn,0.330,27.7,['Unknown%20significance'],13.91,0.1,0.0,0.1,0.1
MCM2,3,127617329,NM_004526.4:c.1824C>A,NP_004517.2:p.Ser608Arg,0.290,24.5,['Unknown%20significance'],13.91,0.1,0.0,-0.5,0.5
MCM2,3,127617331,NM_004526.4:c.1826T>C,NP_004517.2:p.Ile609Thr,0.688,29.5,['Unknown%20significance'],0.84,0.0,0.0,2.6,2.6
MCM2,3,127617331,NM_004526.4:c.1826T>G,NP_004517.2:p.Ile609Ser,0.643,32,['Unknown%20significance'],0.84,0.0,0.0,3.7,3.7
MCM2,3,127617334,NM_004526.4:c.1829C>G,NP_004517.2:p.Ser610Cys,0.515,27.8,['Unknown%20significance'],86.73,0.62,0.0,0.0,0.0
MCM2,3,127617336,NM_004526.4:c.1831A>C,NP_004517.2:p.Ile611Leu,0.400,25.2,['Unknown%20significance'],10.99,0.05,0.0,0.8,0.8
MCM2,3,127617336,NM_004526.4:c.1831A>G,NP_004517.2:p.Ile611Val,0.259,23.9,['Unknown%20significance'],10.99,0.05,0.0,0.6,0.6
MCM2,3,127617340,NM_004526.4:c.1835C>G,NP_004517.2:p.Ser612Trp,0.586,28.6,['Unknown%20significance'],82.7,0.59,0.0,-0.3,0.3
MCM2,3,127617340,NM_004526.4:c.1835C>T,NP_004517.2:p.Ser612Leu,0.581,28.6,['Unknown%20significance'],82.7,0.59,0.0,-0.2,0.2
MCM2,3,127617343,NM_004526.4:c.1838A>G,NP_004517.2:p.Lys613Arg,0.524,29.7,['Unknown%20significance'],82.35,0.34,0.0,-0.7,0.7
MCM2,3,127617344,NM_004526.4:c.1839G>C,NP_004517.2:p.Lys613Asn,0.440,26.3,['Unknown%20significance'],82.35,0.34,0.0,0.3,0.3
MCM2,3,127617345,NM_004526.4:c.1840G>T,NP_004517.2:p.Ala614Ser,0.643,28.1,['Unknown%20significance'],64.56,0.5,0.0,0.3,0.3
MCM2,3,127617346,NM_004526.4:c.1841C>T,NP_004517.2:p.Ala614Val,0.556,32,['Unknown%20significance'],64.56,0.5,0.0,-0.1,0.1
MCM2,3,127617348,NM_004526.4:c.1843G>A,NP_004517.2:p.Gly615Ser,0.641,31,['Unknown%20significance'],69.54,0.72,0.0,0.2,0.2
MCM2,3,127617349,NM_004526.4:c.1844G>A,NP_004517.2:p.Gly615Asp,0.608,28.7,['Unknown%20significance'],69.54,0.72,0.0,0.3,0.3
MCM2,3,127617351,NM_004526.4:c.1846A>G,NP_004517.2:p.Ile616Val,0.405,25.5,['Unknown%20significance'],45.02,0.22,0.0,0.6,0.6
MCM2,3,127617353,NM_004526.4:c.1848C>G,NP_004517.2:p.Ile616Met,0.444,17.60,['Unknown%20significance'],45.02,0.22,0.0,0.9,0.9
MCM2,3,127617354,NM_004526.4:c.1849G>A,NP_004517.2:p.Val617Ile,0.175,24.3,['Unknown%20significance'],128.36,0.74,0.0,-0.0,0.0
MCM2,3,127617357,NM_004526.4:c.1852A>C,NP_004517.2:p.Thr618Pro,0.576,28.4,['Unknown%20significance'],65.85,0.41,0.0,0.7,0.7
MCM2,3,127617358,NM_004526.4:c.1853C>T,NP_004517.2:p.Thr618Ile,0.505,25.8,['Unknown%20significance'],65.85,0.41,0.0,-0.7,0.7
MCM2,3,127617372,NM_004526.4:c.1867C>G,NP_004517.2:p.Arg623Gly,0.515,26.1,['Unknown%20significance'],68.06,0.25,0.0,1.5,1.5
MCM2,3,127617372,NM_004526.4:c.1867C>T,NP_004517.2:p.Arg623Cys,0.512,28.3,['Unknown%20significance'],68.06,0.25,0.0,0.8,0.8
MCM2,3,127617373,NM_004526.4:c.1868G>A,NP_004517.2:p.Arg623His,0.649,31,['Unknown%20significance'],68.06,0.25,0.0,0.3,0.3
MCM2,3,127617376,NM_004526.4:c.1871G>C,NP_004517.2:p.Cys624Ser,0.521,27.0,['Unknown%20significance'],0.0,0.0,0.0,1.7,1.7
MCM2,3,127617379,NM_004526.4:c.1874C>G,NP_004517.2:p.Thr625Arg,0.548,25.0,['Unknown%20significance'],4.4,0.02,0.0,0.3,0.3
MCM2,3,127617379,NM_004526.4:c.1874C>T,NP_004517.2:p.Thr625Met,0.487,25.0,['Unknown%20significance'],4.4,0.02,0.0,-0.9,0.9
MCM2,3,127617384,NM_004526.4:c.1879A>C,NP_004517.2:p.Ile627Leu,0.080,21.0,['Unknown%20significance'],0.0,0.0,0.0,0.2,0.2
MCM2,3,127617385,NM_004526.4:c.1880T>C,NP_004517.2:p.Ile627Thr,0.612,25.7,['Unknown%20significance'],0.0,0.0,0.0,4.2,4.2
MCM2,3,127617390,NM_004526.4:c.1885G>A,NP_004517.2:p.Ala629Thr,0.670,29.2,['Unknown%20significance'],0.54,0.0,0.0,0.4,0.4
MCM2,3,127617391,NM_004526.4:c.1886C>T,NP_004517.2:p.Ala629Val,0.659,26.7,['Unknown%20significance'],0.54,0.0,0.0,-0.7,0.7
MCM2,3,127617393,NM_004526.4:c.1888G>A,NP_004517.2:p.Ala630Thr,0.320,27.1,['Likely%20benign'],0.04,0.0,0.0,0.2,0.2
MCM2,3,127617393,NM_004526.4:c.1888G>T,NP_004517.2:p.Ala630Ser,0.238,22.8,['Unknown%20significance'],0.04,0.0,0.0,0.8,0.8
MCM2,3,127617394,NM_004526.4:c.1889C>T,NP_004517.2:p.Ala630Val,0.445,26.1,['Unknown%20significance'],0.04,0.0,0.0,-0.7,0.7
MCM2,3,127617971,NM_004526.4:c.1903G>T,NP_004517.2:p.Gly635Trp,0.635,27.2,['Unknown%20significance'],40.52,0.42,0.0,-0.3,0.3
MCM2,3,127617972,NM_004526.4:c.1904G>A,NP_004517.2:p.Gly635Glu,0.557,25.6,['Unknown%20significance'],40.52,0.42,0.0,0.6,0.6
MCM2,3,127617974,NM_004526.4:c.1906C>T,NP_004517.2:p.Arg636Cys,0.480,26.3,['Unknown%20significance'],122.58,0.45,0.0,1.3,1.3
MCM2,3,127617975,NM_004526.4:c.1907G>A,NP_004517.2:p.Arg636His,0.607,27.0,['Unknown%20significance'],122.58,0.45,0.0,0.5,0.5
MCM2,3,127617980,NM_004526.4:c.1912G>A,NP_004517.2:p.Asp638Asn,0.203,20.7,['Unknown%20significance'],42.06,0.26,0.0,0.1,0.1
MCM2,3,127617982,NM_004526.4:c.1914C>A,NP_004517.2:p.Asp638Glu,0.285,21.7,['Unknown%20significance'],42.06,0.26,0.0,0.3,0.3
MCM2,3,127617983,NM_004526.4:c.1915C>G,NP_004517.2:p.Pro639Ala,0.160,18.74,['Unknown%20significance'],66.6,0.42,0.0,0.3,0.3
MCM2,3,127617984,NM_004526.4:c.1916C>G,NP_004517.2:p.Pro639Arg,0.360,24.6,['Unknown%20significance'],66.6,0.42,0.0,-0.1,0.1
MCM2,3,127617986,NM_004526.4:c.1918T>A,NP_004517.2:p.Ser640Thr,0.155,18.45,['Unknown%20significance'],87.79,0.63,0.0,-0.1,0.1
MCM2,3,127617986,NM_004526.4:c.1918T>C,NP_004517.2:p.Ser640Pro,0.337,25.8,['Unknown%20significance'],87.79,0.63,0.0,0.2,0.2
MCM2,3,127617987,NM_004526.4:c.1919C>T,NP_004517.2:p.Ser640Leu,0.316,25.2,['Unknown%20significance'],87.79,0.63,0.0,-0.1,0.1
MCM2,3,127617989,NM_004526.4:c.1921C>G,NP_004517.2:p.Leu641Val,0.171,9.049,['Unknown%20significance'],78.38,0.4,0.0,0.2,0.2
MCM2,3,127617992,NM_004526.4:c.1924A>T,NP_004517.2:p.Thr642Ser,0.261,22.7,['Unknown%20significance'],12.96,0.08,0.0,0.5,0.5
MCM2,3,127617993,NM_004526.4:c.1925C>G,NP_004517.2:p.Thr642Ser,0.221,22.2,['Unknown%20significance'],12.96,0.08,0.0,0.5,0.5
MCM2,3,127617993,NM_004526.4:c.1925C>T,NP_004517.2:p.Thr642Ile,0.481,24.1,['Unknown%20significance'],12.96,0.08,0.0,-0.1,0.1
MCM2,3,127617997,NM_004526.4:c.1929C>A,NP_004517.2:p.Phe643Leu,0.210,23.0,['Unknown%20significance'],0.0,0.0,0.0,0.3,0.3
MCM2,3,127617997,NM_004526.4:c.1929C>G,NP_004517.2:p.Phe643Leu,0.210,22.9,['Unknown%20significance'],0.0,0.0,0.0,0.3,0.3
MCM2,3,127617999,NM_004526.4:c.1931C>G,NP_004517.2:p.Ser644Cys,0.314,24.9,['Unknown%20significance'],31.13,0.22,0.0,-0.1,0.1
MCM2,3,127617999,NM_004526.4:c.1931C>T,NP_004517.2:p.Ser644Phe,0.291,25.3,['Unknown%20significance'],31.13,0.22,0.0,-1.0,1.0
MCM2,3,127618002,NM_004526.4:c.1934A>C,NP_004517.2:p.Glu645Ala,0.307,24.8,['Unknown%20significance'],96.21,0.49,0.0,-0.0,0.0
MCM2,3,127618007,NM_004526.4:c.1939G>A,NP_004517.2:p.Val647Met,0.568,29.4,['Unknown%20significance'],0.61,0.0,0.0,0.7,0.7
MCM2,3,127618007,NM_004526.4:c.1939G>C,NP_004517.2:p.Val647Leu,0.483,28.2,['Unknown%20significance'],0.61,0.0,0.0,0.2,0.2
MCM2,3,127618010,NM_004526.4:c.1942G>C,NP_004517.2:p.Asp648His,0.419,29.9,['Unknown%20significance'],55.38,0.34,0.0,-0.5,0.5
MCM2,3,127618010,NM_004526.4:c.1942G>T,NP_004517.2:p.Asp648Tyr,0.469,32,['Unknown%20significance'],55.38,0.34,0.0,-1.1,1.1
MCM2,3,127618013,NM_004526.4:c.1945C>G,NP_004517.2:p.Leu649Val,0.428,25.3,['Unknown%20significance'],8.16,0.04,0.0,1.1,1.1
MCM2,3,127618013,NM_004526.4:c.1945C>T,NP_004517.2:p.Leu649Phe,0.491,26.1,['Unknown%20significance'],8.16,0.04,0.0,0.8,0.8
MCM2,3,127618014,NM_004526.4:c.1946T>A,NP_004517.2:p.Leu649His,0.699,29.8,['Unknown%20significance'],8.16,0.04,0.0,3.0,3.0
MCM2,3,127618019,NM_004526.4:c.1951G>A,NP_004517.2:p.Glu651Lys,0.621,32,['Unknown%20significance'],62.21,0.31,0.0,0.1,0.1
MCM2,3,127618021,NM_004526.4:c.1953G>C,NP_004517.2:p.Glu651Asp,0.223,23.5,['Unknown%20significance'],62.21,0.31,0.0,0.2,0.2
MCM2,3,127618021,NM_004526.4:c.1953G>T,NP_004517.2:p.Glu651Asp,0.223,23.4,['Unknown%20significance'],62.21,0.31,0.0,0.2,0.2
MCM2,3,127618022,NM_004526.4:c.1954C>T,NP_004517.2:p.Pro652Ser,0.482,25.7,['Unknown%20significance'],72.38,0.46,0.0,0.1,0.1
MCM2,3,127618027,NM_004526.4:c.1959C>G,NP_004517.2:p.Ile653Met,0.328,25.1,['Unknown%20significance'],2.11,0.01,0.0,0.8,0.8
MCM2,3,127618028,NM_004526.4:c.1960A>G,NP_004517.2:p.Ile654Val,0.080,20.8,['Unknown%20significance'],0.0,0.0,0.0,0.6,0.6
MCM2,3,127618038,NM_004526.4:c.1970T>C,NP_004517.2:p.Phe657Ser,0.804,32,['Unknown%20significance'],0.0,0.0,0.0,5.8,5.8
MCM2,3,127618039,NM_004526.4:c.1971T>G,NP_004517.2:p.Phe657Leu,0.461,14.40,['Unknown%20significance'],0.0,0.0,0.0,1.9,1.9
MCM2,3,127618045,NM_004526.4:c.1977C>G,NP_004517.2:p.Ile659Met,0.184,23.2,['Unknown%20significance'],1.52,0.0,0.0,0.9,0.9
MCM2,3,127618046,NM_004526.4:c.1978C>G,NP_004517.2:p.Leu660Val,0.278,23.6,['Unknown%20significance'],0.0,0.0,0.0,0.4,0.4
MCM2,3,127618050,NM_004526.4:c.1982G>A,NP_004517.2:p.Cys661Tyr,0.617,29.0,['Unknown%20significance'],9.98,0.06,0.0,-1.2,1.2
MCM2,3,127618050,NM_004526.4:c.1982G>T,NP_004517.2:p.Cys661Phe,0.599,29.7,['Unknown%20significance'],9.98,0.06,0.0,-2.2,2.2
MCM2,3,127618052,NM_004526.4:c.1984G>A,NP_004517.2:p.Val662Met,0.363,28.6,['Unknown%20significance'],9.05,0.05,0.0,0.7,0.7
MCM2,3,127618052,NM_004526.4:c.1984G>T,NP_004517.2:p.Val662Leu,0.323,26.3,['Unknown%20significance'],9.05,0.05,0.0,-0.0,0.0
MCM2,3,127618055,NM_004526.4:c.1987G>C,NP_004517.2:p.Val663Leu,0.319,26.2,['Unknown%20significance'],7.23,0.04,0.0,-0.1,0.1
MCM2,3,127618059,NM_004526.4:c.1991G>T,NP_004517.2:p.Arg664Met,0.517,28.3,['Unknown%20significance'],43.0,0.15,0.0,-0.2,0.2
MCM2,3,127618061,NM_004526.4:c.1993G>A,NP_004517.2:p.Asp665Asn,0.531,31,['Unknown%20significance'],45.93,0.28,0.0,0.1,0.1
MCM2,3,127618064,NM_004526.4:c.1996A>G,NP_004517.2:p.Thr666Ala,0.128,22.4,['Unknown%20significance'],106.62,0.67,0.0,0.2,0.2
MCM2,3,127618065,NM_004526.4:c.1997C>T,NP_004517.2:p.Thr666Ile,0.076,21.4,['Unknown%20significance'],106.62,0.67,0.0,-0.1,0.1
MCM2,3,127618067,NM_004526.4:c.1999G>A,NP_004517.2:p.Val667Met,0.207,28.1,['Benign'],135.64,0.78,0.0,-0.0,0.0
MCM2,3,127618072,NM_004526.4:c.2004C>G,NP_004517.2:p.Asp668Glu,0.291,21.8,['Unknown%20significance'],42.13,0.26,0.0,0.1,0.1
MCM2,3,127618073,NM_004526.4:c.2005C>A,NP_004517.2:p.Pro669Thr,0.260,24.4,['Unknown%20significance'],127.9,0.81,0.0,-0.0,0.0
MCM2,3,127618073,NM_004526.4:c.2005C>T,NP_004517.2:p.Pro669Ser,0.239,22.4,['Unknown%20significance'],127.9,0.81,0.0,0.0,0.0
MCM2,3,127618076,NM_004526.4:c.2008G>A,NP_004517.2:p.Val670Ile,0.228,22.7,['Unknown%20significance'],102.77,0.59,0.0,-0.1,0.1
MCM2,3,127618079,NM_004526.4:c.2011C>A,NP_004517.2:p.Gln671Lys,0.187,23.1,['Unknown%20significance'],119.82,0.6,0.0,0.1,0.1
MCM2,3,127618081,NM_004526.4:c.2013G>C,NP_004517.2:p.Gln671His,0.342,35,['Unknown%20significance'],119.82,0.6,0.0,-0.1,0.1
MCM2,3,127619028,NM_004526.4:c.2015A>G,NP_004517.2:p.Asp672Gly,0.760,33,['Unknown%20significance'],47.58,0.29,0.0,1.0,1.0
MCM2,3,127619029,NM_004526.4:c.2016C>A,NP_004517.2:p.Asp672Glu,0.480,22.8,['Unknown%20significance'],47.58,0.29,0.0,0.2,0.2
MCM2,3,127619030,NM_004526.4:c.2017G>A,NP_004517.2:p.Glu673Lys,0.454,25.6,['Unknown%20significance'],88.08,0.45,0.0,-0.0,0.0
MCM2,3,127619030,NM_004526.4:c.2017G>C,NP_004517.2:p.Glu673Gln,0.299,27.1,['Unknown%20significance'],88.08,0.45,0.0,-0.3,0.3
MCM2,3,127619031,NM_004526.4:c.2018A>G,NP_004517.2:p.Glu673Gly,0.689,31,['Unknown%20significance'],88.08,0.45,0.0,0.6,0.6
MCM2,3,127619034,NM_004526.4:c.2021T>C,NP_004517.2:p.Met674Thr,0.349,23.1,['Unknown%20significance'],72.27,0.33,0.0,0.7,0.7
MCM2,3,127619036,NM_004526.4:c.2023C>A,NP_004517.2:p.Leu675Met,0.353,25.0,['Unknown%20significance'],72.52,0.37,0.0,0.5,0.5
MCM2,3,127619037,NM_004526.4:c.2024T>C,NP_004517.2:p.Leu675Pro,0.777,32,['Unknown%20significance'],72.52,0.37,0.0,1.9,1.9
MCM2,3,127619039,NM_004526.4:c.2026G>A,NP_004517.2:p.Ala676Thr,0.614,31,['Unknown%20significance'],52.85,0.41,0.0,0.4,0.4
MCM2,3,127619039,NM_004526.4:c.2026G>C,NP_004517.2:p.Ala676Pro,0.732,32,['Unknown%20significance'],52.85,0.41,0.0,0.7,0.7
MCM2,3,127619040,NM_004526.4:c.2027C>A,NP_004517.2:p.Ala676Asp,0.630,27.5,['Unknown%20significance'],52.85,0.41,0.0,0.9,0.9
MCM2,3,127619040,NM_004526.4:c.2027C>T,NP_004517.2:p.Ala676Val,0.500,27.5,['Unknown%20significance'],52.85,0.41,0.0,-0.1,0.1
MCM2,3,127619042,NM_004526.4:c.2029C>A,NP_004517.2:p.Arg677Ser,0.229,23.0,['Unknown%20significance'],166.9,0.61,0.0,0.4,0.4
MCM2,3,127619042,NM_004526.4:c.2029C>T,NP_004517.2:p.Arg677Cys,0.341,32,['Unknown%20significance'],166.9,0.61,0.0,0.3,0.3
MCM2,3,127619043,NM_004526.4:c.2030G>A,NP_004517.2:p.Arg677His,0.333,32,['Unknown%20significance'],166.9,0.61,0.0,0.1,0.1
MCM2,3,127619046,NM_004526.4:c.2033T>C,NP_004517.2:p.Phe678Ser,0.764,32,['Unknown%20significance'],12.3,0.05,0.0,3.1,3.1
MCM2,3,127619047,NM_004526.4:c.2034C>A,NP_004517.2:p.Phe678Leu,0.408,19.65,['Unknown%20significance'],12.3,0.05,0.0,0.8,0.8
MCM2,3,127619048,NM_004526.4:c.2035G>A,NP_004517.2:p.Val679Met,0.625,29.1,['Unknown%20significance'],61.21,0.35,0.0,0.4,0.4
MCM2,3,127619048,NM_004526.4:c.2035G>C,NP_004517.2:p.Val679Leu,0.520,28.1,['Unknown%20significance'],61.21,0.35,0.0,0.2,0.2
MCM2,3,127619049,NM_004526.4:c.2036T>C,NP_004517.2:p.Val679Ala,0.627,28.8,['Unknown%20significance'],61.21,0.35,0.0,1.3,1.3
MCM2,3,127619051,NM_004526.4:c.2038G>A,NP_004517.2:p.Val680Met,0.366,29.1,['Unknown%20significance'],110.61,0.64,0.0,0.1,0.1
MCM2,3,127619052,NM_004526.4:c.2039T>A,NP_004517.2:p.Val680Glu,0.713,29.9,['Unknown%20significance'],110.61,0.64,0.0,0.9,0.9
MCM2,3,127619054,NM_004526.4:c.2041G>A,NP_004517.2:p.Gly681Ser,0.061,23.0,['Unknown%20significance'],31.21,0.32,0.0,-0.4,0.4
MCM2,3,127619055,NM_004526.4:c.2042G>A,NP_004517.2:p.Gly681Asp,0.173,22.6,['Unknown%20significance'],31.21,0.32,0.0,-0.1,0.1
MCM2,3,127619055,NM_004526.4:c.2042G>C,NP_004517.2:p.Gly681Ala,0.134,23.0,['Unknown%20significance'],31.21,0.32,0.0,-0.7,0.7
MCM2,3,127619058,NM_004526.4:c.2045G>A,NP_004517.2:p.Ser682Asn,0.210,26.5,['Unknown%20significance'],8.33,0.06,0.0,0.1,0.1
MCM2,3,127619063,NM_004526.4:c.2050G>A,NP_004517.2:p.Val684Ile,0.088,11.13,['Unknown%20significance'],96.94,0.56,0.0,-0.1,0.1
MCM2,3,127619069,NM_004526.4:c.2056C>T,NP_004517.2:p.His686Tyr,0.182,22.5,['Unknown%20significance'],89.85,0.43,0.0,-0.4,0.4
MCM2,3,127619070,NM_004526.4:c.2057A>T,NP_004517.2:p.His686Leu,0.374,23.2,['Unknown%20significance'],89.85,0.43,0.0,0.0,0.0
MCM2,3,127619072,NM_004526.4:c.2059C>T,NP_004517.2:p.His687Tyr,0.505,26.2,['Unknown%20significance'],100.85,0.49,0.0,-0.3,0.3
MCM2,3,127619073,NM_004526.4:c.2060A>C,NP_004517.2:p.His687Pro,0.608,28.6,['Unknown%20significance'],100.85,0.49,0.0,0.6,0.6
MCM2,3,127619074,NM_004526.4:c.2061C>A,NP_004517.2:p.His687Gln,0.291,23.4,['Unknown%20significance'],100.85,0.49,0.0,0.2,0.2
MCM2,3,127619075,NM_004526.4:c.2062C>T,NP_004517.2:p.Pro688Ser,0.385,26.3,['Unknown%20significance'],102.06,0.64,0.0,0.2,0.2
MCM2,3,127619078,NM_004526.4:c.2065A>G,NP_004517.2:p.Ser689Gly,0.083,22.0,['Unknown%20significance'],65.21,0.47,0.0,0.5,0.5
MCM2,3,127619079,NM_004526.4:c.2066G>A,NP_004517.2:p.Ser689Asn,0.048,21.1,['Unknown%20significance'],65.21,0.47,0.0,0.0,0.0
MCM2,3,127619082,NM_004526.4:c.2069A>C,NP_004517.2:p.Asn690Thr,0.086,19.77,['Unknown%20significance'],46.15,0.28,0.0,-0.3,0.3
MCM2,3,127619083,NM_004526.4:c.2070C>G,NP_004517.2:p.Asn690Lys,0.071,16.38,['Unknown%20significance'],46.15,0.28,0.0,0.1,0.1
MCM2,3,127619084,NM_004526.4:c.2071A>C,NP_004517.2:p.Lys691Gln,0.135,22.9,['Unknown%20significance'],119.55,0.5,0.0,-0.2,0.2
MCM2,3,127619084,NM_004526.4:c.2071A>G,NP_004517.2:p.Lys691Glu,0.210,22.2,['Unknown%20significance'],119.55,0.5,0.0,0.0,0.0
MCM2,3,127619085,NM_004526.4:c.2072A>G,NP_004517.2:p.Lys691Arg,0.139,23.6,['Unknown%20significance'],119.55,0.5,0.0,-0.5,0.5
MCM2,3,127619086,NM_004526.4:c.2073G>C,NP_004517.2:p.Lys691Asn,0.081,20.8,['Unknown%20significance'],119.55,0.5,0.0,-0.1,0.1
MCM2,3,127619090,NM_004526.4:c.2077G>A,NP_004517.2:p.Glu693Lys,0.081,22.9,['Likely%20benign'],133.09,0.68,0.0,-0.0,0.0
MCM2,3,127619093,NM_004526.4:c.2080G>A,NP_004517.2:p.Glu694Lys,0.134,22.8,['Unknown%20significance'],92.88,0.47,0.0,-0.0,0.0
MCM2,3,127619094,NM_004526.4:c.2081A>T,NP_004517.2:p.Glu694Val,0.063,20.8,['Likely%20benign'],92.88,0.47,0.0,-0.5,0.5
MCM2,3,127619096,NM_004526.4:c.2083G>A,NP_004517.2:p.Gly695Arg,0.061,16.85,['Unknown%20significance'],68.42,0.71,0.0,-0.5,0.5
MCM2,3,127619096,NM_004526.4:c.2083G>T,NP_004517.2:p.Gly695Trp,0.141,22.5,['Unknown%20significance'],68.42,0.71,0.0,-0.6,0.6
MCM2,3,127619100,NM_004526.4:c.2087T>A,NP_004517.2:p.Leu696Gln,0.021,7.437,['Likely%20benign'],178.51,0.92,0.0,0.2,0.2
MCM2,3,127619102,NM_004526.4:c.2089G>A,NP_004517.2:p.Ala697Thr,0.033,8.560,['Likely%20benign'],61.43,0.48,0.0,-0.1,0.1
MCM2,3,127619102,NM_004526.4:c.2089G>T,NP_004517.2:p.Ala697Ser,0.022,5.259,['Likely%20benign'],61.43,0.48,0.0,0.1,0.1
MCM2,3,127619105,NM_004526.4:c.2092A>G,NP_004517.2:p.Asn698Asp,0.018,0.381,['Likely%20benign'],127.32,0.79,0.0,0.1,0.1
MCM2,3,127619106,NM_004526.4:c.2093A>G,NP_004517.2:p.Asn698Ser,0.019,1.365,['Unknown%20significance'],127.32,0.79,0.0,0.0,0.0
MCM2,3,127619108,NM_004526.4:c.2095G>A,NP_004517.2:p.Gly699Ser,0.058,5.843,['Likely%20benign'],96.87,1.0,0.0,-0.1,0.1
MCM2,3,127619108,NM_004526.4:c.2095G>T,NP_004517.2:p.Gly699Cys,0.119,19.60,['Unknown%20significance'],96.87,1.0,0.0,-0.0,0.0
MCM2,3,127619109,NM_004526.4:c.2096G>A,NP_004517.2:p.Gly699Asp,0.118,7.053,['Likely%20benign'],96.87,1.0,0.0,-0.0,0.0
MCM2,3,127619111,NM_004526.4:c.2098A>C,NP_004517.2:p.Ser700Arg,0.031,5.219,['Likely%20benign'],127.92,0.92,0.0,-0.1,0.1
MCM2,3,127619113,NM_004526.4:c.2100C>G,NP_004517.2:p.Ser700Arg,0.015,2.295,['Likely%20benign'],127.92,0.92,0.0,-0.1,0.1
MCM2,3,127619114,NM_004526.4:c.2101G>A,NP_004517.2:p.Ala701Thr,0.003,0.063,['Likely%20benign'],70.54,0.55,0.0,-0.1,0.1
MCM2,3,127619115,NM_004526.4:c.2102C>T,NP_004517.2:p.Ala701Val,0.072,7.279,['Benign'],70.54,0.55,0.0,-0.2,0.2
MCM2,3,127619117,NM_004526.4:c.2104G>A,NP_004517.2:p.Ala702Thr,0.056,0.220,['Likely%20benign'],103.99,0.81,0.0,-0.0,0.0
MCM2,3,127619117,NM_004526.4:c.2104G>C,NP_004517.2:p.Ala702Pro,0.054,0.489,['Likely%20benign'],103.99,0.81,0.0,0.1,0.1
MCM2,3,127619118,NM_004526.4:c.2105C>T,NP_004517.2:p.Ala702Val,0.036,6.396,['Likely%20benign'],103.99,0.81,0.0,-0.1,0.1
MCM2,3,127619122,NM_004526.4:c.2109G>C,NP_004517.2:p.Glu703Asp,0.133,13.57,['Likely%20benign'],158.6,0.81,0.0,0.0,0.0
MCM2,3,127619123,NM_004526.4:c.2110C>T,NP_004517.2:p.Pro704Ser,0.098,14.64,['Likely%20benign'],85.85,0.54,0.0,-0.1,0.1
MCM2,3,127619126,NM_004526.4:c.2113G>A,NP_004517.2:p.Ala705Thr,0.038,1.444,['Likely%20benign'],44.72,0.35,0.0,-0.2,0.2
MCM2,3,127619126,NM_004526.4:c.2113G>C,NP_004517.2:p.Ala705Pro,0.059,4.050,['Likely%20benign'],44.72,0.35,0.0,0.2,0.2
MCM2,3,127619127,NM_004526.4:c.2114C>A,NP_004517.2:p.Ala705Asp,0.089,16.70,['Likely%20benign'],44.72,0.35,0.0,0.3,0.3
MCM2,3,127619127,NM_004526.4:c.2114C>G,NP_004517.2:p.Ala705Gly,0.088,17.26,['Likely%20benign'],44.72,0.35,0.0,0.6,0.6
MCM2,3,127619127,NM_004526.4:c.2114C>T,NP_004517.2:p.Ala705Val,0.086,17.45,['Likely%20benign'],44.72,0.35,0.0,-0.4,0.4
MCM2,3,127619129,NM_004526.4:c.2116A>G,NP_004517.2:p.Met706Val,0.058,5.668,['Likely%20benign'],13.64,0.06,0.0,-0.1,0.1
MCM2,3,127619131,NM_004526.4:c.2118G>A,NP_004517.2:p.Met706Ile,0.098,16.73,['Unknown%20significance'],13.64,0.06,0.0,-0.2,0.2
MCM2,3,127619133,NM_004526.4:c.2120C>T,NP_004517.2:p.Pro707Leu,0.176,19.71,['Unknown%20significance'],102.36,0.65,0.0,-0.4,0.4
MCM2,3,127619139,NM_004526.4:c.2126C>T,NP_004517.2:p.Thr709Met,0.249,22.9,['Unknown%20significance'],89.0,0.56,0.0,-0.2,0.2
MCM2,3,127619141,NM_004526.4:c.2128T>C,NP_004517.2:p.Tyr710His,0.137,18.23,['Unknown%20significance'],43.21,0.18,0.0,0.7,0.7
MCM2,3,127619142,NM_004526.4:c.2129A>G,NP_004517.2:p.Tyr710Cys,0.143,21.2,['Unknown%20significance'],43.21,0.18,0.0,1.3,1.3
MCM2,3,127619147,NM_004526.4:c.2134G>A,NP_004517.2:p.Val712Met,0.206,19.90,['Unknown%20significance'],20.83,0.12,0.0,-0.1,0.1
MCM2,3,127619151,NM_004526.4:c.2138A>G,NP_004517.2:p.Glu713Gly,0.157,22.5,['Unknown%20significance'],119.0,0.6,0.0,0.3,0.3
MCM2,3,127619152,NM_004526.4:c.2139G>T,NP_004517.2:p.Glu713Asp,0.041,4.277,['Unknown%20significance'],119.0,0.6,0.0,0.1,0.1
MCM2,3,127619153,NM_004526.4:c.2140C>A,NP_004517.2:p.Pro714Thr,0.170,16.11,['Unknown%20significance'],29.53,0.18,0.0,-0.3,0.3
MCM2,3,127619154,NM_004526.4:c.2141C>T,NP_004517.2:p.Pro714Leu,0.201,18.56,['Unknown%20significance'],29.53,0.18,0.0,-1.0,1.0
MCM2,3,127619157,NM_004526.4:c.2144T>C,NP_004517.2:p.Leu715Pro,0.418,26.5,['Unknown%20significance'],14.86,0.07,0.0,2.8,2.8
MCM2,3,127619160,NM_004526.4:c.2147C>T,NP_004517.2:p.Pro716Leu,0.437,25.6,['Unknown%20significance'],89.78,0.57,0.0,-0.2,0.2
MCM2,3,127619163,NM_004526.4:c.2150A>G,NP_004517.2:p.Gln717Arg,0.576,26.5,['Unknown%20significance'],78.1,0.39,0.0,-0.2,0.2
MCM2,3,127619163,NM_004526.4:c.2150A>T,NP_004517.2:p.Gln717Leu,0.318,24.3,['Unknown%20significance'],78.1,0.39,0.0,-0.6,0.6
MCM2,3,127619166,NM_004526.4:c.2153A>G,NP_004517.2:p.Glu718Gly,0.304,29.6,['Unknown%20significance'],115.93,0.59,0.0,0.4,0.4
MCM2,3,127619172,NM_004526.4:c.2159T>A,NP_004517.2:p.Leu720Gln,0.749,28.8,['Unknown%20significance'],0.0,0.0,0.0,3.7,3.7
MCM2,3,127619174,NM_004526.4:c.2161A>C,NP_004517.2:p.Lys721Gln,0.066,22.7,['Unknown%20significance'],21.74,0.09,0.0,-0.5,0.5
MCM2,3,127619175,NM_004526.4:c.2162A>G,NP_004517.2:p.Lys721Arg,0.065,14.40,['Likely%20benign'],21.74,0.09,0.0,-1.0,1.0
MCM2,3,127619177,NM_004526.4:c.2164A>G,NP_004517.2:p.Lys722Glu,0.715,29.6,['Unknown%20significance'],45.88,0.19,0.0,-0.0,0.0
MCM2,3,127619181,NM_004526.4:c.2168A>G,NP_004517.2:p.Tyr723Cys,0.615,29.7,['Unknown%20significance'],0.0,0.0,0.0,3.7,3.7
MCM2,3,127619183,NM_004526.4:c.2170A>C,NP_004517.2:p.Ile724Leu,0.214,23.1,['Unknown%20significance'],0.0,0.0,0.0,1.0,1.0
MCM2,3,127619183,NM_004526.4:c.2170A>G,NP_004517.2:p.Ile724Val,0.264,23.7,['Unknown%20significance'],0.0,0.0,0.0,0.9,0.9
MCM2,3,127619190,NM_004526.4:c.2177A>G,NP_004517.2:p.Tyr726Cys,0.734,29.9,['Unknown%20significance'],34.9,0.14,0.0,2.3,2.3
MCM2,3,127619190,NM_004526.4:c.2177A>T,NP_004517.2:p.Tyr726Phe,0.295,24.7,['Unknown%20significance'],34.9,0.14,0.0,0.3,0.3
MCM2,3,127619192,NM_004526.4:c.2179G>A,NP_004517.2:p.Ala727Thr,0.295,27.9,['Benign'],0.0,0.0,0.0,0.6,0.6
MCM2,3,127619193,NM_004526.4:c.2180C>T,NP_004517.2:p.Ala727Val,0.399,24.3,['Unknown%20significance'],0.0,0.0,0.0,-0.5,0.5
MCM2,3,127619196,NM_004526.4:c.2183A>T,NP_004517.2:p.Lys728Met,0.642,29.4,['Unknown%20significance'],40.19,0.16,0.0,-0.8,0.8
MCM2,3,127619201,NM_004526.4:c.2188A>G,NP_004517.2:p.Arg730Gly,0.130,24.2,['Unknown%20significance'],179.12,0.66,0.0,0.5,0.5
MCM2,3,127619203,NM_004526.4:c.2190G>T,NP_004517.2:p.Arg730Ser,0.106,23.2,['Unknown%20significance'],179.12,0.66,0.0,0.3,0.3
MCM2,3,127619205,NM_004526.4:c.2192T>A,NP_004517.2:p.Val731Asp,0.647,28.5,['Unknown%20significance'],6.38,0.03,0.0,2.2,2.2
MCM2,3,127619207,NM_004526.4:c.2194C>T,NP_004517.2:p.His732Tyr,0.166,23.7,['Unknown%20significance'],86.56,0.42,0.0,-0.5,0.5
MCM2,3,127619211,NM_004526.4:c.2198C>T,NP_004517.2:p.Pro733Leu,0.630,26.4,['Unknown%20significance'],0.0,0.0,0.0,0.0,0.0
MCM2,3,127619217,NM_004526.4:c.2204T>C,NP_004517.2:p.Leu735Pro,0.690,28.4,['Unknown%20significance'],62.08,0.32,0.0,2.1,2.1
MCM2,3,127619219,NM_004526.4:c.2206A>C,NP_004517.2:p.Asn736His,0.186,18.63,['Unknown%20significance'],102.49,0.64,0.0,-0.2,0.2
MCM2,3,127619220,NM_004526.4:c.2207A>G,NP_004517.2:p.Asn736Ser,0.166,21.9,['Unknown%20significance'],102.49,0.64,0.0,-0.1,0.1
MCM2,3,127619232,NM_004526.4:c.2219A>G,NP_004517.2:p.Gln740Arg,0.326,24.8,['Unknown%20significance'],91.54,0.46,0.0,-0.3,0.3
MCM2,3,127619235,NM_004526.4:c.2222A>G,NP_004517.2:p.Asp741Gly,0.447,29.2,['Unknown%20significance'],114.01,0.71,0.0,0.3,0.3
MCM2,3,127619238,NM_004526.4:c.2225A>G,NP_004517.2:p.Lys742Arg,0.316,28.7,['Unknown%20significance'],44.26,0.18,0.0,-0.8,0.8
MCM2,3,127619241,NM_004526.4:c.2228T>C,NP_004517.2:p.Val743Ala,0.400,27.4,['Unknown%20significance'],3.64,0.02,0.0,2.4,2.4
MCM2,3,127619243,NM_004526.4:c.2230G>A,NP_004517.2:p.Ala744Thr,0.275,27.2,['Unknown%20significance'],54.81,0.43,0.0,0.0,0.0
MCM2,3,127619243,NM_004526.4:c.2230G>T,NP_004517.2:p.Ala744Ser,0.281,23.9,['Unknown%20significance'],54.81,0.43,0.0,0.4,0.4
MCM2,3,127619246,NM_004526.4:c.2233A>G,NP_004517.2:p.Lys745Glu,0.035,22.4,['Unknown%20significance'],152.17,0.64,0.0,-0.0,0.0
MCM2,3,127619247,NM_004526.4:c.2234A>G,NP_004517.2:p.Lys745Arg,0.029,16.58,['Likely%20benign'],152.17,0.64,0.0,-0.3,0.3
MCM2,3,127619249,NM_004526.4:c.2236A>T,NP_004517.2:p.Met746Leu,0.269,20.7,['Unknown%20significance'],0.53,0.0,0.0,-0.8,0.8
MCM2,3,127619250,NM_004526.4:c.2237T>C,NP_004517.2:p.Met746Thr,0.291,24.1,['Unknown%20significance'],0.53,0.0,0.0,1.2,1.2
MCM2,3,127619251,NM_004526.4:c.2238G>A,NP_004517.2:p.Met746Ile,0.082,22.7,['Unknown%20significance'],0.53,0.0,0.0,-0.7,0.7
MCM2,3,127619255,NM_004526.4:c.2242A>G,NP_004517.2:p.Ser748Gly,0.258,24.8,['Unknown%20significance'],44.98,0.32,0.0,0.5,0.5
MCM2,3,127619265,NM_004526.4:c.2252G>A,NP_004517.2:p.Arg751Lys,0.555,29.6,['Unknown%20significance'],111.03,0.41,0.0,0.7,0.7
MCM2,3,127619268,NM_004526.4:c.2255A>G,NP_004517.2:p.Lys752Arg,0.097,19.47,['Unknown%20significance'],150.88,0.63,0.0,-0.4,0.4
MCM2,3,127619268,NM_004526.4:c.2255A>T,NP_004517.2:p.Lys752Ile,0.302,28.6,['Unknown%20significance'],150.88,0.63,0.0,-0.3,0.3
MCM2,3,127619270,NM_004526.4:c.2257G>C,NP_004517.2:p.Glu753Gln,0.341,28.9,['Unknown%20significance'],39.6,0.2,0.0,-0.1,0.1
MCM2,3,127619273,NM_004526.4:c.2260T>A,NP_004517.2:p.Ser754Thr,0.341,26.8,['Unknown%20significance'],0.0,0.0,0.0,-0.4,0.4
MCM2,3,127619273,NM_004526.4:c.2260T>C,NP_004517.2:p.Ser754Pro,0.594,29.6,['Unknown%20significance'],0.0,0.0,0.0,0.6,0.6
MCM2,3,127619276,NM_004526.4:c.2263A>G,NP_004517.2:p.Met755Val,0.257,25.8,['Unknown%20significance'],108.36,0.5,0.0,0.2,0.2
MCM2,3,127619277,NM_004526.4:c.2264T>C,NP_004517.2:p.Met755Thr,0.479,31,['Unknown%20significance'],108.36,0.5,0.0,0.2,0.2
MCM2,3,127620698,NM_004526.4:c.2266G>A,NP_004517.2:p.Ala756Thr,0.267,25.7,['Unknown%20significance'],100.74,0.79,0.0,-0.1,0.1
MCM2,3,127620699,NM_004526.4:c.2267C>G,NP_004517.2:p.Ala756Gly,0.226,32,['Unknown%20significance'],100.74,0.79,0.0,0.2,0.2
MCM2,3,127620699,NM_004526.4:c.2267C>T,NP_004517.2:p.Ala756Val,0.212,23.9,['Unknown%20significance'],100.74,0.79,0.0,-0.1,0.1
MCM2,3,127620701,NM_004526.4:c.2269A>G,NP_004517.2:p.Thr757Ala,0.355,24.7,['Unknown%20significance'],64.77,0.41,0.0,0.3,0.3
MCM2,3,127620704,NM_004526.4:c.2272G>A,NP_004517.2:p.Gly758Ser,0.352,29.9,['Unknown%20significance'],71.41,0.74,0.0,-0.1,0.1
MCM2,3,127620708,NM_004526.4:c.2276G>A,NP_004517.2:p.Ser759Asn,0.297,28.4,['Unknown%20significance'],9.62,0.06,0.0,0.2,0.2
MCM2,3,127620709,NM_004526.4:c.2277C>A,NP_004517.2:p.Ser759Arg,0.282,24.7,['Unknown%20significance'],9.62,0.06,0.0,-0.3,0.3
MCM2,3,127620710,NM_004526.4:c.2278A>C,NP_004517.2:p.Ile760Leu,0.144,23.1,['Unknown%20significance'],0.92,0.0,0.0,0.3,0.3
MCM2,3,127620710,NM_004526.4:c.2278A>G,NP_004517.2:p.Ile760Val,0.198,21.8,['Unknown%20significance'],0.92,0.0,0.0,0.4,0.4
MCM2,3,127620716,NM_004526.4:c.2284A>G,NP_004517.2:p.Ile762Val,0.209,24.1,['Unknown%20significance'],0.89,0.0,0.0,0.5,0.5
MCM2,3,127620716,NM_004526.4:c.2284A>T,NP_004517.2:p.Ile762Phe,0.710,29.9,['Unknown%20significance'],0.89,0.0,0.0,0.9,0.9
MCM2,3,127620717,NM_004526.4:c.2285T>A,NP_004517.2:p.Ile762Asn,0.609,32,['Unknown%20significance'],0.89,0.0,0.0,3.6,3.6
MCM2,3,127620719,NM_004526.4:c.2287A>G,NP_004517.2:p.Thr763Ala,0.608,24.7,['Unknown%20significance'],37.7,0.23,0.0,0.8,0.8
MCM2,3,127620720,NM_004526.4:c.2288C>T,NP_004517.2:p.Thr763Met,0.513,26.3,['Unknown%20significance'],37.7,0.23,0.0,0.4,0.4
MCM2,3,127620722,NM_004526.4:c.2290G>A,NP_004517.2:p.Val764Met,0.475,28.0,['Unknown%20significance'],115.45,0.67,0.0,0.3,0.3
MCM2,3,127620725,NM_004526.4:c.2293C>T,NP_004517.2:p.Arg765Trp,0.539,29.3,['Unknown%20significance'],69.06,0.25,0.0,0.3,0.3
MCM2,3,127620726,NM_004526.4:c.2294G>A,NP_004517.2:p.Arg765Gln,0.508,32,['Unknown%20significance'],69.06,0.25,0.0,0.8,0.8
MCM2,3,127620726,NM_004526.4:c.2294G>C,NP_004517.2:p.Arg765Pro,0.521,32,['Unknown%20significance'],69.06,0.25,0.0,1.7,1.7
MCM2,3,127620728,NM_004526.4:c.2296C>A,NP_004517.2:p.His766Asn,0.282,26.0,['Unknown%20significance'],0.0,0.0,0.0,1.0,1.0
MCM2,3,127620730,NM_004526.4:c.2298C>A,NP_004517.2:p.His766Gln,0.251,24.0,['Unknown%20significance'],0.0,0.0,0.0,0.3,0.3
MCM2,3,127620731,NM_004526.4:c.2299A>C,NP_004517.2:p.Ile767Leu,0.258,23.5,['Unknown%20significance'],35.87,0.18,0.0,-0.5,0.5
MCM2,3,127620731,NM_004526.4:c.2299A>T,NP_004517.2:p.Ile767Phe,0.401,25.2,['Unknown%20significance'],35.87,0.18,0.0,0.2,0.2
MCM2,3,127620732,NM_004526.4:c.2300T>C,NP_004517.2:p.Ile767Thr,0.430,29.3,['Unknown%20significance'],35.87,0.18,0.0,1.4,1.4
MCM2,3,127620733,NM_004526.4:c.2301C>G,NP_004517.2:p.Ile767Met,0.244,18.94,['Unknown%20significance'],35.87,0.18,0.0,0.5,0.5
MCM2,3,127620735,NM_004526.4:c.2303A>G,NP_004517.2:p.Glu768Gly,0.676,32,['Unknown%20significance'],44.62,0.22,0.0,0.9,0.9
MCM2,3,127620738,NM_004526.4:c.2306C>G,NP_004517.2:p.Ser769Cys,0.439,28.2,['Unknown%20significance'],0.0,0.0,0.0,-0.3,0.3
MCM2,3,127620738,NM_004526.4:c.2306C>T,NP_004517.2:p.Ser769Phe,0.438,29.1,['Unknown%20significance'],0.0,0.0,0.0,-1.6,1.6
MCM2,3,127620740,NM_004526.4:c.2308A>G,NP_004517.2:p.Met770Val,0.236,21.1,['Unknown%20significance'],0.0,0.0,0.0,-0.3,0.3
MCM2,3,127620740,NM_004526.4:c.2308A>T,NP_004517.2:p.Met770Leu,0.195,22.6,['Unknown%20significance'],0.0,0.0,0.0,-1.3,1.3
MCM2,3,127620741,NM_004526.4:c.2309T>A,NP_004517.2:p.Met770Lys,0.668,28.6,['Unknown%20significance'],0.0,0.0,0.0,3.3,3.3
MCM2,3,127620741,NM_004526.4:c.2309T>C,NP_004517.2:p.Met770Thr,0.550,26.4,['Unknown%20significance'],0.0,0.0,0.0,1.9,1.9
MCM2,3,127620742,NM_004526.4:c.2310G>C,NP_004517.2:p.Met770Ile,0.270,22.0,['Unknown%20significance'],0.0,0.0,0.0,-1.0,1.0
MCM2,3,127620743,NM_004526.4:c.2311A>C,NP_004517.2:p.Ile771Leu,0.301,25.2,['Unknown%20significance'],46.26,0.23,0.0,0.5,0.5
MCM2,3,127620743,NM_004526.4:c.2311A>G,NP_004517.2:p.Ile771Val,0.210,24.3,['Unknown%20significance'],46.26,0.23,0.0,0.5,0.5
MCM2,3,127620745,NM_004526.4:c.2313C>G,NP_004517.2:p.Ile771Met,0.435,24.2,['Unknown%20significance'],46.26,0.23,0.0,1.1,1.1
MCM2,3,127620746,NM_004526.4:c.2314C>T,NP_004517.2:p.Arg772Cys,0.583,32,['Unknown%20significance'],5.92,0.02,0.0,1.3,1.3
MCM2,3,127620747,NM_004526.4:c.2315G>A,NP_004517.2:p.Arg772His,0.603,32,['Unknown%20significance'],5.92,0.02,0.0,0.8,0.8
MCM2,3,127620749,NM_004526.4:c.2317A>G,NP_004517.2:p.Met773Val,0.322,23.8,['Unknown%20significance'],0.0,0.0,0.0,-0.2,0.2
MCM2,3,127620753,NM_004526.4:c.2321C>A,NP_004517.2:p.Ala774Glu,0.540,27.0,['Unknown%20significance'],0.0,0.0,0.0,1.6,1.6
MCM2,3,127620753,NM_004526.4:c.2321C>T,NP_004517.2:p.Ala774Val,0.511,27.8,['Unknown%20significance'],0.0,0.0,0.0,-0.6,0.6
MCM2,3,127620755,NM_004526.4:c.2323G>A,NP_004517.2:p.Glu775Lys,0.599,32,['Unknown%20significance'],0.0,0.0,0.0,0.6,0.6
MCM2,3,127620758,NM_004526.4:c.2326G>T,NP_004517.2:p.Ala776Ser,0.355,24.7,['Unknown%20significance'],0.0,0.0,0.0,1.2,1.2
MCM2,3,127620761,NM_004526.4:c.2329C>T,NP_004517.2:p.His777Tyr,0.341,24.1,['Unknown%20significance'],6.45,0.03,0.0,-1.2,1.2
MCM2,3,127620763,NM_004526.4:c.2331C>A,NP_004517.2:p.His777Gln,0.262,18.75,['Unknown%20significance'],6.45,0.03,0.0,0.6,0.6
MCM2,3,127620764,NM_004526.4:c.2332G>A,NP_004517.2:p.Ala778Thr,0.561,28.1,['Unknown%20significance'],0.0,0.0,0.0,1.4,1.4
MCM2,3,127620765,NM_004526.4:c.2333C>T,NP_004517.2:p.Ala778Val,0.535,25.9,['Unknown%20significance'],0.0,0.0,0.0,0.1,0.1
MCM2,3,127620767,NM_004526.4:c.2335C>T,NP_004517.2:p.Arg779Cys,0.411,29.5,['Unknown%20significance'],5.82,0.02,0.0,0.9,0.9
MCM2,3,127620768,NM_004526.4:c.2336G>A,NP_004517.2:p.Arg779His,0.383,29.4,['Unknown%20significance'],5.82,0.02,0.0,0.4,0.4
MCM2,3,127620770,NM_004526.4:c.2338A>G,NP_004517.2:p.Ile780Val,0.154,22.5,['Unknown%20significance'],0.0,0.0,0.0,0.5,0.5
MCM2,3,127620772,NM_004526.4:c.2340C>G,NP_004517.2:p.Ile780Met,0.202,11.88,['Likely%20benign'],0.0,0.0,0.0,0.6,0.6
MCM2,3,127620773,NM_004526.4:c.2341C>T,NP_004517.2:p.His781Tyr,0.402,25.8,['Unknown%20significance'],16.24,0.07,0.0,-0.8,0.8
MCM2,3,127620776,NM_004526.4:c.2344C>G,NP_004517.2:p.Leu782Val,0.300,23.7,['Unknown%20significance'],20.92,0.1,0.0,1.0,1.0
MCM2,3,127620779,NM_004526.4:c.2347C>T,NP_004517.2:p.Arg783Trp,0.369,27.8,['Unknown%20significance'],68.67,0.25,0.0,-0.0,0.0
MCM2,3,127620780,NM_004526.4:c.2348G>A,NP_004517.2:p.Arg783Gln,0.341,32,['Likely%20benign'],68.67,0.25,0.0,0.6,0.6
MCM2,3,127620785,NM_004526.4:c.2353T>C,NP_004517.2:p.Tyr785His,0.230,23.3,['Unknown%20significance'],118.25,0.49,0.0,0.7,0.7
MCM2,3,127620786,NM_004526.4:c.2354A>G,NP_004517.2:p.Tyr785Cys,0.341,25.1,['Unknown%20significance'],118.25,0.49,0.0,1.0,1.0
MCM2,3,127620789,NM_004526.4:c.2357T>C,NP_004517.2:p.Val786Ala,0.355,28.2,['Unknown%20significance'],0.0,0.0,0.0,2.7,2.7
MCM2,3,127620789,NM_004526.4:c.2357T>G,NP_004517.2:p.Val786Gly,0.537,28.9,['Unknown%20significance'],0.0,0.0,0.0,4.7,4.7
MCM2,3,127620794,NM_004526.4:c.2362G>A,NP_004517.2:p.Glu788Lys,0.347,26.1,['Unknown%20significance'],68.46,0.35,0.0,-0.3,0.3
MCM2,3,127620795,NM_004526.4:c.2363A>G,NP_004517.2:p.Glu788Gly,0.357,25.8,['Unknown%20significance'],68.46,0.35,0.0,0.5,0.5
MCM2,3,127620797,NM_004526.4:c.2365G>A,NP_004517.2:p.Asp789Asn,0.230,26.5,['Unknown%20significance'],43.04,0.26,0.0,-0.1,0.1
MCM2,3,127620798,NM_004526.4:c.2366A>G,NP_004517.2:p.Asp789Gly,0.271,23.7,['Unknown%20significance'],43.04,0.26,0.0,0.6,0.6
MCM2,3,127620800,NM_004526.4:c.2368G>A,NP_004517.2:p.Asp790Asn,0.503,31,['Unknown%20significance'],0.0,0.0,0.0,0.2,0.2
MCM2,3,127620801,NM_004526.4:c.2369A>G,NP_004517.2:p.Asp790Gly,0.685,28.6,['Unknown%20significance'],0.0,0.0,0.0,1.7,1.7
MCM2,3,127620803,NM_004526.4:c.2371G>A,NP_004517.2:p.Val791Ile,0.268,22.6,['Unknown%20significance'],0.0,0.0,0.0,0.1,0.1
MCM2,3,127620807,NM_004526.4:c.2375A>G,NP_004517.2:p.Asn792Ser,0.128,23.6,['Likely%20benign'],8.42,0.05,0.0,0.2,0.2
MCM2,3,127620808,NM_004526.4:c.2376C>A,NP_004517.2:p.Asn792Lys,0.189,26.1,['Unknown%20significance'],8.42,0.05,0.0,-0.0,0.0
MCM2,3,127620809,NM_004526.4:c.2377A>G,NP_004517.2:p.Met793Val,0.211,22.4,['Unknown%20significance'],3.54,0.01,0.0,-0.1,0.1
MCM2,3,127620810,NM_004526.4:c.2378T>C,NP_004517.2:p.Met793Thr,0.369,24.4,['Unknown%20significance'],3.54,0.01,0.0,1.0,1.0
MCM2,3,127620811,NM_004526.4:c.2379G>A,NP_004517.2:p.Met793Ile,0.258,23.4,['Unknown%20significance'],3.54,0.01,0.0,-0.2,0.2
MCM2,3,127620813,NM_004526.4:c.2381C>G,NP_004517.2:p.Ala794Gly,0.461,26.9,['Unknown%20significance'],0.0,0.0,0.0,2.2,2.2
MCM2,3,127620813,NM_004526.4:c.2381C>T,NP_004517.2:p.Ala794Val,0.495,27.6,['Unknown%20significance'],0.0,0.0,0.0,-0.4,0.4
MCM2,3,127620816,NM_004526.4:c.2384T>G,NP_004517.2:p.Ile795Ser,0.736,31,['Unknown%20significance'],0.0,0.0,0.0,4.3,4.3
MCM2,3,127620818,NM_004526.4:c.2386C>G,NP_004517.2:p.Arg796Gly,0.449,26.4,['Unknown%20significance'],2.6,0.0,0.0,2.3,2.3
MCM2,3,127620818,NM_004526.4:c.2386C>T,NP_004517.2:p.Arg796Cys,0.414,28.7,['Unknown%20significance'],2.6,0.0,0.0,0.7,0.7
MCM2,3,127620819,NM_004526.4:c.2387G>A,NP_004517.2:p.Arg796His,0.503,31,['Unknown%20significance'],2.6,0.0,0.0,0.4,0.4
MCM2,3,127620819,NM_004526.4:c.2387G>C,NP_004517.2:p.Arg796Pro,0.863,32,['Unknown%20significance'],2.6,0.0,0.0,1.5,1.5
MCM2,3,127620819,NM_004526.4:c.2387G>T,NP_004517.2:p.Arg796Leu,0.645,31,['Unknown%20significance'],2.6,0.0,0.0,-0.9,0.9
MCM2,3,127620821,NM_004526.4:c.2389G>A,NP_004517.2:p.Val797Met,0.400,23.8,['Unknown%20significance'],0.94,0.0,0.0,0.4,0.4
MCM2,3,127620821,NM_004526.4:c.2389G>C,NP_004517.2:p.Val797Leu,0.413,27.6,['Unknown%20significance'],0.94,0.0,0.0,-0.9,0.9
MCM2,3,127620822,NM_004526.4:c.2390T>A,NP_004517.2:p.Val797Glu,0.736,31,['Unknown%20significance'],0.94,0.0,0.0,3.3,3.3
MCM2,3,127620824,NM_004526.4:c.2392A>C,NP_004517.2:p.Met798Leu,0.156,22.6,['Unknown%20significance'],0.0,0.0,0.0,-0.7,0.7
MCM2,3,127620824,NM_004526.4:c.2392A>T,NP_004517.2:p.Met798Leu,0.157,22.7,['Unknown%20significance'],0.0,0.0,0.0,-0.7,0.7
MCM2,3,127620826,NM_004526.4:c.2394G>A,NP_004517.2:p.Met798Ile,0.244,23.0,['Unknown%20significance'],0.0,0.0,0.0,-0.9,0.9
MCM2,3,127620826,NM_004526.4:c.2394G>C,NP_004517.2:p.Met798Ile,0.244,22.9,['Unknown%20significance'],0.0,0.0,0.0,-0.9,0.9
MCM2,3,127620827,NM_004526.4:c.2395C>A,NP_004517.2:p.Leu799Met,0.249,25.3,['Unknown%20significance'],0.0,0.0,0.0,0.9,0.9
MCM2,3,127620830,NM_004526.4:c.2398G>A,NP_004517.2:p.Glu800Lys,0.364,31,['Unknown%20significance'],9.48,0.04,0.0,0.5,0.5
MCM2,3,127620830,NM_004526.4:c.2398G>C,NP_004517.2:p.Glu800Gln,0.292,28.2,['Unknown%20significance'],9.48,0.04,0.0,-0.4,0.4
MCM2,3,127620833,NM_004526.4:c.2401A>C,NP_004517.2:p.Ser801Arg,0.674,28.2,['Unknown%20significance'],0.94,0.0,0.0,-0.1,0.1
MCM2,3,127620839,NM_004526.4:c.2407A>G,NP_004517.2:p.Ile803Val,0.088,18.60,['Likely%20benign'],0.0,0.0,0.0,0.5,0.5
MCM2,3,127620840,NM_004526.4:c.2408T>C,NP_004517.2:p.Ile803Thr,0.295,27.4,['Unknown%20significance'],0.0,0.0,0.0,2.2,2.2
MCM2,3,127620841,NM_004526.4:c.2409A>G,NP_004517.2:p.Ile803Met,0.323,21.0,['Unknown%20significance'],0.0,0.0,0.0,0.8,0.8
MCM2,3,127620842,NM_004526.4:c.2410G>A,NP_004517.2:p.Asp804Asn,0.140,23.3,['Unknown%20significance'],17.99,0.11,0.0,-0.3,0.3
MCM2,3,127620843,NM_004526.4:c.2411A>G,NP_004517.2:p.Asp804Gly,0.306,22.8,['Unknown%20significance'],17.99,0.11,0.0,0.5,0.5
MCM2,3,127620846,NM_004526.4:c.2414C>A,NP_004517.2:p.Thr805Lys,0.521,25.9,['Unknown%20significance'],0.0,0.0,0.0,1.5,1.5
MCM2,3,127620848,NM_004526.4:c.2416C>A,NP_004517.2:p.Gln806Lys,0.323,25.2,['Unknown%20significance'],0.0,0.0,0.0,1.0,1.0
MCM2,3,127620850,NM_004526.4:c.2418G>C,NP_004517.2:p.Gln806His,0.304,25.0,['Unknown%20significance'],0.0,0.0,0.0,-0.0,0.0
MCM2,3,127620852,NM_004526.4:c.2420A>G,NP_004517.2:p.Lys807Arg,0.334,28.1,['Unknown%20significance'],74.3,0.31,0.0,-0.7,0.7
MCM2,3,127620856,NM_004526.4:c.2424C>G,NP_004517.2:p.Phe808Leu,0.158,20.8,['Unknown%20significance'],111.72,0.48,0.0,0.2,0.2
MCM2,3,127620857,NM_004526.4:c.2425A>C,NP_004517.2:p.Ser809Arg,0.411,27.2,['Unknown%20significance'],85.24,0.61,0.0,0.0,0.0
MCM2,3,127620857,NM_004526.4:c.2425A>G,NP_004517.2:p.Ser809Gly,0.231,24.4,['Unknown%20significance'],85.24,0.61,0.0,0.3,0.3
MCM2,3,127620857,NM_004526.4:c.2425A>T,NP_004517.2:p.Ser809Cys,0.378,27.3,['Unknown%20significance'],85.24,0.61,0.0,0.2,0.2
MCM2,3,127620859,NM_004526.4:c.2427C>A,NP_004517.2:p.Ser809Arg,0.405,18.72,['Unknown%20significance'],85.24,0.61,0.0,0.0,0.0
MCM2,3,127620860,NM_004526.4:c.2428G>A,NP_004517.2:p.Val810Ile,0.079,19.59,['Unknown%20significance'],12.69,0.07,0.0,-0.3,0.3
MCM2,3,127620860,NM_004526.4:c.2428G>T,NP_004517.2:p.Val810Phe,0.204,25.0,['Unknown%20significance'],12.69,0.07,0.0,0.2,0.2
MCM2,3,127620861,NM_004526.4:c.2429T>C,NP_004517.2:p.Val810Ala,0.236,27.2,['Unknown%20significance'],12.69,0.07,0.0,1.4,1.4
MCM2,3,127620863,NM_004526.4:c.2431A>C,NP_004517.2:p.Met811Leu,0.250,24.5,['Unknown%20significance'],5.79,0.02,0.0,-0.0,0.0
MCM2,3,127620863,NM_004526.4:c.2431A>G,NP_004517.2:p.Met811Val,0.245,24.1,['Unknown%20significance'],5.79,0.02,0.0,0.2,0.2
MCM2,3,127620864,NM_004526.4:c.2432T>C,NP_004517.2:p.Met811Thr,0.132,22.5,['Unknown%20significance'],5.79,0.02,0.0,0.6,0.6
MCM2,3,127620865,NM_004526.4:c.2433G>A,NP_004517.2:p.Met811Ile,0.261,26.2,['Unknown%20significance'],5.79,0.02,0.0,-0.1,0.1
MCM2,3,127620866,NM_004526.4:c.2434C>G,NP_004517.2:p.Arg812Gly,0.211,24.3,['Unknown%20significance'],157.52,0.58,0.0,0.8,0.8
MCM2,3,127620866,NM_004526.4:c.2434C>T,NP_004517.2:p.Arg812Cys,0.222,29.3,['Unknown%20significance'],157.52,0.58,0.0,0.4,0.4
MCM2,3,127620867,NM_004526.4:c.2435G>A,NP_004517.2:p.Arg812His,0.381,31,['Likely%20benign'],157.52,0.58,0.0,0.2,0.2
MCM2,3,127620869,NM_004526.4:c.2437A>G,NP_004517.2:p.Ser813Gly,0.115,22.5,['Likely%20benign'],58.73,0.42,0.0,0.5,0.5
MCM2,3,127620870,NM_004526.4:c.2438G>A,NP_004517.2:p.Ser813Asn,0.109,22.8,['Unknown%20significance'],58.73,0.42,0.0,0.0,0.0
MCM2,3,127620871,NM_004526.4:c.2439C>A,NP_004517.2:p.Ser813Arg,0.134,21.3,['Unknown%20significance'],58.73,0.42,0.0,-0.4,0.4
MCM2,3,127620871,NM_004526.4:c.2439C>G,NP_004517.2:p.Ser813Arg,0.134,21.4,['Unknown%20significance'],58.73,0.42,0.0,-0.4,0.4
MCM2,3,127620872,NM_004526.4:c.2440A>G,NP_004517.2:p.Met814Val,0.369,23.8,['Unknown%20significance'],0.0,0.0,0.0,0.4,0.4
MCM2,3,127620873,NM_004526.4:c.2441T>C,NP_004517.2:p.Met814Thr,0.571,26.6,['Unknown%20significance'],0.0,0.0,0.0,1.5,1.5
MCM2,3,127620875,NM_004526.4:c.2443C>A,NP_004517.2:p.Arg815Ser,0.277,16.90,['Unknown%20significance'],107.43,0.39,0.0,0.5,0.5
MCM2,3,127620875,NM_004526.4:c.2443C>T,NP_004517.2:p.Arg815Cys,0.424,24.3,['Unknown%20significance'],107.43,0.39,0.0,0.5,0.5
MCM2,3,127620876,NM_004526.4:c.2444G>A,NP_004517.2:p.Arg815His,0.331,29.2,['Unknown%20significance'],107.43,0.39,0.0,0.2,0.2
MCM2,3,127620876,NM_004526.4:c.2444G>T,NP_004517.2:p.Arg815Leu,0.374,23.5,['Unknown%20significance'],107.43,0.39,0.0,-0.3,0.3
MCM2,3,127620878,NM_004526.4:c.2446A>G,NP_004517.2:p.Lys816Glu,0.376,26.5,['Unknown%20significance'],182.45,0.77,0.0,-0.0,0.0
MCM2,3,127620879,NM_004526.4:c.2447A>G,NP_004517.2:p.Lys816Arg,0.220,24.6,['Unknown%20significance'],182.45,0.77,0.0,-0.2,0.2
MCM2,3,127621074,NM_004526.4:c.2450C>G,NP_004517.2:p.Thr817Ser,0.224,21.4,['Unknown%20significance'],74.92,0.47,0.0,0.2,0.2
MCM2,3,127621074,NM_004526.4:c.2450C>T,NP_004517.2:p.Thr817Ile,0.308,25.7,['Unknown%20significance'],74.92,0.47,0.0,-0.1,0.1
MCM2,3,127621076,NM_004526.4:c.2452T>G,NP_004517.2:p.Phe818Val,0.627,29.1,['Unknown%20significance'],3.01,0.01,0.0,1.7,1.7
MCM2,3,127621077,NM_004526.4:c.2453T>C,NP_004517.2:p.Phe818Ser,0.660,32,['Unknown%20significance'],3.01,0.01,0.0,3.2,3.2
MCM2,3,127621079,NM_004526.4:c.2455G>A,NP_004517.2:p.Ala819Thr,0.145,22.5,['Unknown%20significance'],51.36,0.4,0.0,-0.0,0.0
MCM2,3,127621080,NM_004526.4:c.2456C>G,NP_004517.2:p.Ala819Gly,0.147,22.8,['Unknown%20significance'],51.36,0.4,0.0,0.6,0.6
MCM2,3,127621082,NM_004526.4:c.2458C>A,NP_004517.2:p.Arg820Ser,0.392,26.6,['Unknown%20significance'],185.22,0.68,0.0,0.3,0.3
MCM2,3,127621082,NM_004526.4:c.2458C>G,NP_004517.2:p.Arg820Gly,0.497,27.5,['Unknown%20significance'],185.22,0.68,0.0,0.4,0.4
MCM2,3,127621082,NM_004526.4:c.2458C>T,NP_004517.2:p.Arg820Cys,0.449,32,['Unknown%20significance'],185.22,0.68,0.0,0.4,0.4
MCM2,3,127621083,NM_004526.4:c.2459G>A,NP_004517.2:p.Arg820His,0.230,25.9,['Unknown%20significance'],185.22,0.68,0.0,0.1,0.1
MCM2,3,127621083,NM_004526.4:c.2459G>T,NP_004517.2:p.Arg820Leu,0.568,32,['Unknown%20significance'],185.22,0.68,0.0,0.1,0.1
MCM2,3,127621097,NM_004526.4:c.2473C>T,NP_004517.2:p.Arg825Trp,0.227,26.8,['Unknown%20significance'],114.54,0.42,0.0,0.1,0.1
MCM2,3,127621098,NM_004526.4:c.2474G>A,NP_004517.2:p.Arg825Gln,0.169,25.0,['Benign'],114.54,0.42,0.0,0.3,0.3
MCM2,3,127621098,NM_004526.4:c.2474G>C,NP_004517.2:p.Arg825Pro,0.217,25.7,['Unknown%20significance'],114.54,0.42,0.0,0.8,0.8
MCM2,3,127621100,NM_004526.4:c.2476C>T,NP_004517.2:p.Arg826Cys,0.262,26.0,['Unknown%20significance'],80.62,0.29,0.0,1.2,1.2
MCM2,3,127621101,NM_004526.4:c.2477G>A,NP_004517.2:p.Arg826His,0.341,29.7,['Unknown%20significance'],80.62,0.29,0.0,0.4,0.4
MCM2,3,127621101,NM_004526.4:c.2477G>T,NP_004517.2:p.Arg826Leu,0.334,29.6,['Unknown%20significance'],80.62,0.29,0.0,0.5,0.5
MCM2,3,127621105,NM_004526.4:c.2481C>A,NP_004517.2:p.Asp827Glu,0.271,14.67,['Unknown%20significance'],78.27,0.48,0.0,0.1,0.1
MCM2,3,127621106,NM_004526.4:c.2482A>C,NP_004517.2:p.Asn828His,0.258,22.1,['Unknown%20significance'],69.17,0.43,0.0,-0.4,0.4
MCM2,3,127621107,NM_004526.4:c.2483A>T,NP_004517.2:p.Asn828Ile,0.394,25.1,['Unknown%20significance'],69.17,0.43,0.0,-0.5,0.5
MCM2,3,127621109,NM_004526.4:c.2485A>G,NP_004517.2:p.Asn829Asp,0.197,23.1,['Unknown%20significance'],38.54,0.24,0.0,0.3,0.3
MCM2,3,127621110,NM_004526.4:c.2486A>G,NP_004517.2:p.Asn829Ser,0.212,22.6,['Unknown%20significance'],38.54,0.24,0.0,0.1,0.1
MCM2,3,127621111,NM_004526.4:c.2487T>G,NP_004517.2:p.Asn829Lys,0.362,16.97,['Unknown%20significance'],38.54,0.24,0.0,0.2,0.2
MCM2,3,127621112,NM_004526.4:c.2488G>A,NP_004517.2:p.Glu830Lys,0.369,32,['Unknown%20significance'],87.59,0.44,0.0,0.2,0.2
MCM2,3,127621121,NM_004526.4:c.2497C>A,NP_004517.2:p.Leu833Ile,0.197,23.6,['Unknown%20significance'],16.55,0.08,0.0,0.3,0.3
MCM2,3,127621121,NM_004526.4:c.2497C>T,NP_004517.2:p.Leu833Phe,0.248,22.8,['Unknown%20significance'],16.55,0.08,0.0,0.1,0.1
MCM2,3,127621122,NM_004526.4:c.2498T>A,NP_004517.2:p.Leu833His,0.365,25.6,['Unknown%20significance'],16.55,0.08,0.0,2.3,2.3
MCM2,3,127621127,NM_004526.4:c.2503A>T,NP_004517.2:p.Ile835Leu,0.149,19.28,['Unknown%20significance'],3.66,0.01,0.0,0.4,0.4
MCM2,3,127621128,NM_004526.4:c.2504T>C,NP_004517.2:p.Ile835Thr,0.181,23.2,['Unknown%20significance'],3.66,0.01,0.0,2.9,2.9
MCM2,3,127621130,NM_004526.4:c.2506C>G,NP_004517.2:p.Leu836Val,0.335,24.0,['Unknown%20significance'],0.0,0.0,0.0,0.9,0.9
MCM2,3,127621131,NM_004526.4:c.2507T>G,NP_004517.2:p.Leu836Arg,0.427,29.5,['Unknown%20significance'],0.0,0.0,0.0,3.4,3.4
MCM2,3,127621148,NM_004526.4:c.2524G>A,NP_004517.2:p.Glu842Lys,0.424,25.7,['Unknown%20significance'],81.5,0.41,0.0,0.3,0.3
MCM2,3,127621148,NM_004526.4:c.2524G>C,NP_004517.2:p.Glu842Gln,0.326,23.2,['Unknown%20significance'],81.5,0.41,0.0,-0.2,0.2
MCM2,3,127621149,NM_004526.4:c.2525A>G,NP_004517.2:p.Glu842Gly,0.510,26.2,['Unknown%20significance'],81.5,0.41,0.0,0.8,0.8
MCM2,3,127621149,NM_004526.4:c.2525A>T,NP_004517.2:p.Glu842Val,0.587,28.9,['Unknown%20significance'],81.5,0.41,0.0,-0.2,0.2
MCM2,3,127621150,NM_004526.4:c.2526G>T,NP_004517.2:p.Glu842Asp,0.186,16.99,['Unknown%20significance'],81.5,0.41,0.0,0.2,0.2
MCM2,3,127621154,NM_004526.4:c.2530G>A,NP_004517.2:p.Val844Met,0.103,22.6,['Unknown%20significance'],44.04,0.25,0.0,-0.1,0.1
MCM2,3,127621155,NM_004526.4:c.2531T>G,NP_004517.2:p.Val844Gly,0.162,24.3,['Unknown%20significance'],44.04,0.25,0.0,1.5,1.5
MCM2,3,127621164,NM_004526.4:c.2540A>G,NP_004517.2:p.Gln847Arg,0.274,22.7,['Unknown%20significance'],3.23,0.01,0.0,-0.2,0.2
MCM2,3,127621166,NM_004526.4:c.2542C>T,NP_004517.2:p.Arg848Cys,0.255,29.2,['Unknown%20significance'],179.25,0.66,0.0,0.3,0.3
MCM2,3,127621167,NM_004526.4:c.2543G>A,NP_004517.2:p.Arg848His,0.245,25.0,['Unknown%20significance'],179.25,0.66,0.0,0.1,0.1
MCM2,3,127621167,NM_004526.4:c.2543G>T,NP_004517.2:p.Arg848Leu,0.365,23.9,['Unknown%20significance'],179.25,0.66,0.0,-0.1,0.1
MCM2,3,127621171,NM_004526.4:c.2547C>G,NP_004517.2:p.Asn849Lys,0.183,19.95,['Unknown%20significance'],138.6,0.86,0.0,0.1,0.1
MCM2,3,127621172,NM_004526.4:c.2548C>A,NP_004517.2:p.Arg850Ser,0.305,23.8,['Unknown%20significance'],176.51,0.65,0.0,0.4,0.4
MCM2,3,127621172,NM_004526.4:c.2548C>T,NP_004517.2:p.Arg850Cys,0.288,28.3,['Unknown%20significance'],176.51,0.65,0.0,0.5,0.5
MCM2,3,127621173,NM_004526.4:c.2549G>A,NP_004517.2:p.Arg850His,0.364,26.4,['Unknown%20significance'],176.51,0.65,0.0,0.2,0.2
MCM2,3,127621175,NM_004526.4:c.2551T>C,NP_004517.2:p.Phe851Leu,0.246,22.8,['Unknown%20significance'],121.79,0.53,0.0,0.2,0.2
MCM2,3,127621182,NM_004526.4:c.2558C>T,NP_004517.2:p.Ala853Val,0.196,22.1,['Unknown%20significance'],73.19,0.57,0.0,-0.1,0.1
MCM2,3,127621185,NM_004526.4:c.2561A>G,NP_004517.2:p.Gln854Arg,0.241,22.4,['Unknown%20significance'],58.31,0.29,0.0,-0.2,0.2
MCM2,3,127621185,NM_004526.4:c.2561A>T,NP_004517.2:p.Gln854Leu,0.296,23.0,['Unknown%20significance'],58.31,0.29,0.0,-0.2,0.2
MCM2,3,127621188,NM_004526.4:c.2564A>G,NP_004517.2:p.Gln855Arg,0.249,21.9,['Unknown%20significance'],71.92,0.36,0.0,-0.3,0.3
MCM2,3,127621193,NM_004526.4:c.2569A>G,NP_004517.2:p.Thr857Ala,0.194,20.4,['Unknown%20significance'],68.55,0.43,0.0,0.2,0.2
MCM2,3,127621193,NM_004526.4:c.2569A>T,NP_004517.2:p.Thr857Ser,0.121,19.00,['Unknown%20significance'],68.55,0.43,0.0,0.2,0.2
MCM2,3,127621194,NM_004526.4:c.2570C>A,NP_004517.2:p.Thr857Asn,0.129,16.55,['Unknown%20significance'],68.55,0.43,0.0,0.3,0.3
MCM2,3,127621194,NM_004526.4:c.2570C>T,NP_004517.2:p.Thr857Ile,0.110,17.23,['Unknown%20significance'],68.55,0.43,0.0,-0.1,0.1
MCM2,3,127621196,NM_004526.4:c.2572A>G,NP_004517.2:p.Ile858Val,0.107,17.76,['Unknown%20significance'],0.0,0.0,0.0,0.2,0.2
MCM2,3,127621197,NM_004526.4:c.2573T>C,NP_004517.2:p.Ile858Thr,0.351,23.8,['Likely%20benign'],0.0,0.0,0.0,2.0,2.0
MCM2,3,127621202,NM_004526.4:c.2578G>A,NP_004517.2:p.Val860Ile,0.065,17.18,['Likely%20benign'],0.0,0.0,0.0,-0.2,0.2
MCM2,3,127621205,NM_004526.4:c.2581C>A,NP_004517.2:p.Pro861Thr,0.122,19.59,['Unknown%20significance'],44.02,0.27,0.0,-0.2,0.2
MCM2,3,127621205,NM_004526.4:c.2581C>T,NP_004517.2:p.Pro861Ser,0.125,18.42,['Unknown%20significance'],44.02,0.27,0.0,0.2,0.2
MCM2,3,127621206,NM_004526.4:c.2582C>T,NP_004517.2:p.Pro861Leu,0.127,22.4,['Unknown%20significance'],44.02,0.27,0.0,-0.6,0.6
MCM2,3,127621211,NM_004526.4:c.2587A>C,NP_004517.2:p.Lys863Gln,0.280,23.6,['Unknown%20significance'],170.87,0.72,0.0,-0.1,0.1
MCM2,3,127621214,NM_004526.4:c.2590G>T,NP_004517.2:p.Asp864Tyr,0.703,31,['Unknown%20significance'],51.94,0.32,0.0,-0.8,0.8
MCM2,3,127621216,NM_004526.4:c.2592C>G,NP_004517.2:p.Asp864Glu,0.173,15.92,['Unknown%20significance'],51.94,0.32,0.0,-0.1,0.1
MCM2,3,127621220,NM_004526.4:c.2596G>A,NP_004517.2:p.Val866Met,0.021,21.5,['Likely%20benign'],34.22,0.19,0.0,0.1,0.1
MCM2,3,127621221,NM_004526.4:c.2597T>A,NP_004517.2:p.Val866Glu,0.146,16.98,['Unknown%20significance'],34.22,0.19,0.0,1.3,1.3
MCM2,3,127621223,NM_004526.4:c.2599G>A,NP_004517.2:p.Asp867Asn,0.214,25.3,['Unknown%20significance'],71.66,0.44,0.0,-0.1,0.1
MCM2,3,127621223,NM_004526.4:c.2599G>C,NP_004517.2:p.Asp867His,0.445,28.8,['Unknown%20significance'],71.66,0.44,0.0,-0.4,0.4
MCM2,3,127621224,NM_004526.4:c.2600A>G,NP_004517.2:p.Asp867Gly,0.430,33,['Unknown%20significance'],71.66,0.44,0.0,0.5,0.5
MCM2,3,127621227,NM_004526.4:c.2603A>C,NP_004517.2:p.Lys868Thr,0.429,33,['Unknown%20significance'],46.8,0.19,0.0,-0.2,0.2
MCM2,3,127621228,NM_004526.4:c.2604G>T,NP_004517.2:p.Lys868Asn,0.280,35,['Unknown%20significance'],46.8,0.19,0.0,0.3,0.3
MCM2,3,127621663,NM_004526.4:c.2605G>A,NP_004517.2:p.Ala869Thr,0.455,33,['Unknown%20significance'],0.37,0.0,0.0,0.3,0.3
MCM2,3,127621664,NM_004526.4:c.2606C>T,NP_004517.2:p.Ala869Val,0.361,25.7,['Unknown%20significance'],0.37,0.0,0.0,-1.0,1.0
MCM2,3,127621666,NM_004526.4:c.2608C>T,NP_004517.2:p.Arg870Cys,0.283,29.1,['Unknown%20significance'],157.79,0.58,0.0,0.6,0.6
MCM2,3,127621667,NM_004526.4:c.2609G>A,NP_004517.2:p.Arg870His,0.445,31,['Unknown%20significance'],157.79,0.58,0.0,0.3,0.3
MCM2,3,127621667,NM_004526.4:c.2609G>C,NP_004517.2:p.Arg870Pro,0.559,31,['Unknown%20significance'],157.79,0.58,0.0,0.7,0.7
MCM2,3,127621671,NM_004526.4:c.2613G>C,NP_004517.2:p.Gln871His,0.249,23.5,['Unknown%20significance'],162.88,0.82,0.0,0.0,0.0
MCM2,3,127621681,NM_004526.4:c.2623C>A,NP_004517.2:p.His875Asn,0.232,22.6,['Unknown%20significance'],154.88,0.75,0.0,0.2,0.2
MCM2,3,127621682,NM_004526.4:c.2624A>G,NP_004517.2:p.His875Arg,0.325,22.9,['Unknown%20significance'],154.88,0.75,0.0,0.0,0.0
MCM2,3,127621683,NM_004526.4:c.2625C>A,NP_004517.2:p.His875Gln,0.243,22.6,['Unknown%20significance'],154.88,0.75,0.0,0.1,0.1
MCM2,3,127621685,NM_004526.4:c.2627A>G,NP_004517.2:p.Asn876Ser,0.123,17.56,['Unknown%20significance'],109.37,0.68,0.0,0.1,0.1
MCM2,3,127621687,NM_004526.4:c.2629C>T,NP_004517.2:p.Leu877Phe,0.316,25.6,['Unknown%20significance'],14.9,0.07,0.0,0.6,0.6
MCM2,3,127621691,NM_004526.4:c.2633C>G,NP_004517.2:p.Ser878Cys,0.276,25.8,['Unknown%20significance'],76.68,0.55,0.0,0.0,0.0
MCM2,3,127621693,NM_004526.4:c.2635G>A,NP_004517.2:p.Ala879Thr,0.235,22.9,['Unknown%20significance'],61.14,0.48,0.0,0.1,0.1
MCM2,3,127621696,NM_004526.4:c.2638T>G,NP_004517.2:p.Phe880Val,0.634,28.2,['Unknown%20significance'],0.0,0.0,0.0,2.9,2.9
MCM2,3,127621699,NM_004526.4:c.2641T>G,NP_004517.2:p.Tyr881Asp,0.667,28.9,['Unknown%20significance'],17.54,0.07,0.0,4.2,4.2
MCM2,3,127621702,NM_004526.4:c.2644G>C,NP_004517.2:p.Asp882His,0.419,25.3,['Unknown%20significance'],106.62,0.66,0.0,-0.3,0.3
MCM2,3,127621705,NM_004526.4:c.2647A>G,NP_004517.2:p.Ser883Gly,0.428,26.8,['Unknown%20significance'],12.96,0.09,0.0,1.2,1.2
MCM2,3,127621707,NM_004526.4:c.2649T>A,NP_004517.2:p.Ser883Arg,0.322,19.95,['Unknown%20significance'],12.96,0.09,0.0,0.2,0.2
MCM2,3,127621711,NM_004526.4:c.2653C>T,NP_004517.2:p.Leu885Phe,0.133,23.3,['Unknown%20significance'],55.22,0.28,0.0,0.4,0.4
MCM2,3,127621712,NM_004526.4:c.2654T>A,NP_004517.2:p.Leu885His,0.290,23.2,['Unknown%20significance'],55.22,0.28,0.0,1.2,1.2
MCM2,3,127621714,NM_004526.4:c.2656T>C,NP_004517.2:p.Phe886Leu,0.627,29.5,['Unknown%20significance'],3.78,0.01,0.0,2.1,2.1
MCM2,3,127621716,NM_004526.4:c.2658C>A,NP_004517.2:p.Phe886Leu,0.424,24.6,['Unknown%20significance'],3.78,0.01,0.0,2.1,2.1
MCM2,3,127621716,NM_004526.4:c.2658C>G,NP_004517.2:p.Phe886Leu,0.424,24.3,['Unknown%20significance'],3.78,0.01,0.0,2.1,2.1
MCM2,3,127621718,NM_004526.4:c.2660G>A,NP_004517.2:p.Arg887Lys,0.047,16.85,['Likely%20benign'],172.58,0.64,0.0,0.4,0.4
MCM2,3,127621721,NM_004526.4:c.2663T>G,NP_004517.2:p.Met888Arg,0.177,20.1,['Unknown%20significance'],152.2,0.7,0.0,0.0,0.0
MCM2,3,127621724,NM_004526.4:c.2666A>G,NP_004517.2:p.Asn889Ser,0.237,22.4,['Unknown%20significance'],40.82,0.25,0.0,0.4,0.4
MCM2,3,127621731,NM_004526.4:c.2673C>G,NP_004517.2:p.Phe891Leu,0.371,24.7,['Unknown%20significance'],3.74,0.01,0.0,1.8,1.8
MCM2,3,127621736,NM_004526.4:c.2678A>G,NP_004517.2:p.His893Arg,0.082,10.60,['Unknown%20significance'],47.8,0.23,0.0,0.3,0.3
MCM2,3,127621738,NM_004526.4:c.2680G>A,NP_004517.2:p.Asp894Asn,0.280,24.5,['Unknown%20significance'],19.88,0.12,0.0,0.3,0.3
MCM2,3,127621738,NM_004526.4:c.2680G>C,NP_004517.2:p.Asp894His,0.509,26.7,['Unknown%20significance'],19.88,0.12,0.0,0.2,0.2
MCM2,3,127621740,NM_004526.4:c.2682C>A,NP_004517.2:p.Asp894Glu,0.237,23.1,['Unknown%20significance'],19.88,0.12,0.0,0.2,0.2
MCM2,3,127621742,NM_004526.4:c.2684T>C,NP_004517.2:p.Leu895Pro,0.225,16.78,['Unknown%20significance'],143.96,0.74,0.0,0.1,0.1
MCM2,3,127621742,NM_004526.4:c.2684T>G,NP_004517.2:p.Leu895Arg,0.131,15.21,['Unknown%20significance'],143.96,0.74,0.0,-0.1,0.1
MCM2,3,127621744,NM_004526.4:c.2686A>G,NP_004517.2:p.Lys896Glu,0.291,22.4,['Unknown%20significance'],231.37,0.97,0.0,-0.1,0.1
MCM2,3,127621748,NM_004526.4:c.2690G>C,NP_004517.2:p.Arg897Thr,0.186,22.9,['Unknown%20significance'],179.96,0.66,0.0,0.4,0.4
MCM2,3,127621753,NM_004526.4:c.2695A>G,NP_004517.2:p.Met899Val,0.027,4.231,['Likely%20benign'],37.24,0.17,0.0,-0.5,0.5
MCM2,3,127621754,NM_004526.4:c.2696T>C,NP_004517.2:p.Met899Thr,0.140,21.1,['Unknown%20significance'],37.24,0.17,0.0,1.0,1.0
MCM2,3,127621755,NM_004526.4:c.2697G>T,NP_004517.2:p.Met899Ile,0.130,16.03,['Unknown%20significance'],37.24,0.17,0.0,-0.7,0.7
MCM2,3,127621756,NM_004526.4:c.2698A>C,NP_004517.2:p.Ile900Leu,0.388,23.6,['Unknown%20significance'],0.0,0.0,0.0,1.3,1.3
MCM2,3,127621756,NM_004526.4:c.2698A>G,NP_004517.2:p.Ile900Val,0.312,21.3,['Unknown%20significance'],0.0,0.0,0.0,1.3,1.3
MCM2,3,127621768,NM_004526.4:c.2710T>G,NP_004517.2:p.Phe904Val,0.346,24.8,['Unknown%20significance'],152.96,0.66,0.0,0.2,0.2