Gene,Chrom,Position,DNA_change,Protein_Change,Revel,CADDPhred,Classification,Surface Area,Normalized SA,Confidence Score,ddG,|ddG|
MARVELD2,5,69419392,NM_001038603.3:c.7A>G,NP_001033692.2:p.Asn3Asp,0.028,12.26,['Unknown%20significance'],149.51,0.93,0.0,0.1,0.1
MARVELD2,5,69419395,NM_001038603.3:c.10G>C,NP_001033692.2:p.Asp4His,0.081,22.2,['Likely%20benign'],121.03,0.75,0.0,0.1,0.1
MARVELD2,5,69419398,NM_001038603.3:c.13G>A,NP_001033692.2:p.Gly5Arg,0.066,14.19,['Likely%20benign'],69.07,0.72,0.0,0.2,0.2
MARVELD2,5,69419399,NM_001038603.3:c.14G>A,NP_001033692.2:p.Gly5Glu,0.069,20.9,['Likely%20benign'],69.07,0.72,0.0,0.3,0.3
MARVELD2,5,69419402,NM_001038603.3:c.17G>A,NP_001033692.2:p.Arg6Lys,0.043,19.66,['Likely%20benign'],220.15,0.81,0.0,0.3,0.3
MARVELD2,5,69419404,NM_001038603.3:c.19T>C,NP_001033692.2:p.Ser7Pro,0.108,18.46,['Likely%20benign'],108.13,0.78,0.0,0.3,0.3
MARVELD2,5,69419405,NM_001038603.3:c.20C>G,NP_001033692.2:p.Ser7Cys,0.049,21.0,['Likely%20benign'],108.13,0.78,0.0,0.4,0.4
MARVELD2,5,69419408,NM_001038603.3:c.23G>C,NP_001033692.2:p.Arg8Thr,0.051,19.39,['Likely%20benign'],246.38,0.91,0.0,0.2,0.2
MARVELD2,5,69419410,NM_001038603.3:c.25A>T,NP_001033692.2:p.Asn9Tyr,0.090,14.41,['Likely%20benign'],154.61,0.96,0.0,0.0,0.0
MARVELD2,5,69419411,NM_001038603.3:c.26A>G,NP_001033692.2:p.Asn9Ser,0.048,0.849,['Likely%20benign'],154.61,0.96,0.0,0.0,0.0
MARVELD2,5,69419412,NM_001038603.3:c.27T>A,NP_001033692.2:p.Asn9Lys,0.041,8.037,['Likely%20benign'],154.61,0.96,0.0,0.1,0.1
MARVELD2,5,69419413,NM_001038603.3:c.28C>T,NP_001033692.2:p.Arg10Trp,0.072,22.8,['Likely%20benign'],262.35,0.97,0.0,0.1,0.1
MARVELD2,5,69419414,NM_001038603.3:c.29G>A,NP_001033692.2:p.Arg10Gln,0.072,15.47,['Likely%20benign'],262.35,0.97,0.0,0.1,0.1
MARVELD2,5,69419414,NM_001038603.3:c.29G>C,NP_001033692.2:p.Arg10Pro,0.071,19.20,['Likely%20benign'],262.35,0.97,0.0,0.2,0.2
MARVELD2,5,69419416,NM_001038603.3:c.31G>A,NP_001033692.2:p.Asp11Asn,0.065,17.27,['Likely%20benign'],117.32,0.73,0.0,0.1,0.1
MARVELD2,5,69419416,NM_001038603.3:c.31G>T,NP_001033692.2:p.Asp11Tyr,0.115,23.2,['Likely%20benign'],117.32,0.73,0.0,-0.1,0.1
MARVELD2,5,69419421,NM_001038603.3:c.36G>T,NP_001033692.2:p.Arg12Ser,0.064,10.92,['Likely%20benign'],232.33,0.86,0.0,0.1,0.1
MARVELD2,5,69419422,NM_001038603.3:c.37C>A,NP_001033692.2:p.Arg13Ser,0.038,9.233,['Likely%20benign'],197.77,0.73,0.0,0.4,0.4
MARVELD2,5,69419422,NM_001038603.3:c.37C>T,NP_001033692.2:p.Arg13Cys,0.115,14.57,['Unknown%20significance'],197.77,0.73,0.0,0.5,0.5
MARVELD2,5,69419423,NM_001038603.3:c.38G>A,NP_001033692.2:p.Arg13His,0.039,0.003,['Unknown%20significance'],197.77,0.73,0.0,-0.2,0.2
MARVELD2,5,69419423,NM_001038603.3:c.38G>C,NP_001033692.2:p.Arg13Pro,0.046,0.065,['Likely%20benign'],197.77,0.73,0.0,0.5,0.5
MARVELD2,5,69419428,NM_001038603.3:c.43G>A,NP_001033692.2:p.Asp15Asn,0.053,11.09,['Unknown%20significance'],111.89,0.69,0.0,0.1,0.1
MARVELD2,5,69419429,NM_001038603.3:c.44A>G,NP_001033692.2:p.Asp15Gly,0.088,16.09,['Unknown%20significance'],111.89,0.69,0.0,0.5,0.5
MARVELD2,5,69419430,NM_001038603.3:c.45T>A,NP_001033692.2:p.Asp15Glu,0.108,13.71,['Likely%20benign'],111.89,0.69,0.0,0.2,0.2
MARVELD2,5,69419432,NM_001038603.3:c.47A>G,NP_001033692.2:p.Glu16Gly,0.138,13.97,['Likely%20benign'],134.32,0.68,0.0,0.5,0.5
MARVELD2,5,69419434,NM_001038603.3:c.49G>A,NP_001033692.2:p.Val17Ile,0.185,23.5,['Unknown%20significance'],137.89,0.8,0.0,0.2,0.2
MARVELD2,5,69419434,NM_001038603.3:c.49G>T,NP_001033692.2:p.Val17Phe,0.239,24.0,['Unknown%20significance'],137.89,0.8,0.0,0.4,0.4
MARVELD2,5,69419437,NM_001038603.3:c.52C>T,NP_001033692.2:p.Pro18Ser,0.086,14.83,['Unknown%20significance'],136.18,0.86,0.0,0.4,0.4
MARVELD2,5,69419438,NM_001038603.3:c.53C>T,NP_001033692.2:p.Pro18Leu,0.092,19.86,['Unknown%20significance'],136.18,0.86,0.0,0.3,0.3
MARVELD2,5,69419442,NM_001038603.3:c.57C>A,NP_001033692.2:p.Ser19Arg,0.064,1.038,['Likely%20benign'],117.99,0.85,0.0,-0.2,0.2
MARVELD2,5,69419443,NM_001038603.3:c.58G>A,NP_001033692.2:p.Asp20Asn,0.082,13.66,['Likely%20benign'],142.61,0.89,0.0,0.0,0.0
MARVELD2,5,69419443,NM_001038603.3:c.58G>C,NP_001033692.2:p.Asp20His,0.086,20.8,['Unknown%20significance'],142.61,0.89,0.0,-0.0,0.0
MARVELD2,5,69419449,NM_001038603.3:c.64C>T,NP_001033692.2:p.Pro22Ser,0.016,0.516,['Likely%20benign'],126.97,0.8,0.0,0.0,0.0
MARVELD2,5,69419450,NM_001038603.3:c.65C>T,NP_001033692.2:p.Pro22Leu,0.058,8.475,['Likely%20benign'],126.97,0.8,0.0,-0.6,0.6
MARVELD2,5,69419453,NM_001038603.3:c.68A>G,NP_001033692.2:p.Tyr23Cys,0.012,0.247,['Likely%20benign'],188.62,0.78,0.0,0.5,0.5
MARVELD2,5,69419455,NM_001038603.3:c.70C>A,NP_001033692.2:p.Gln24Lys,0.061,0.154,['Likely%20benign'],161.21,0.81,0.0,0.1,0.1
MARVELD2,5,69419458,NM_001038603.3:c.73G>C,NP_001033692.2:p.Asp25His,0.097,22.4,['Unknown%20significance'],107.71,0.67,0.0,-0.1,0.1
MARVELD2,5,69419462,NM_001038603.3:c.77C>A,NP_001033692.2:p.Thr26Asn,0.040,1.216,['Likely%20benign'],140.3,0.89,0.0,0.0,0.0
MARVELD2,5,69419462,NM_001038603.3:c.77C>G,NP_001033692.2:p.Thr26Ser,0.060,0.511,['Likely%20benign'],140.3,0.89,0.0,0.0,0.0
MARVELD2,5,69419464,NM_001038603.3:c.79A>C,NP_001033692.2:p.Thr27Pro,0.069,5.676,['Likely%20benign'],127.93,0.81,0.0,0.1,0.1
MARVELD2,5,69419465,NM_001038603.3:c.80C>T,NP_001033692.2:p.Thr27Ile,0.049,2.279,['Likely%20benign'],127.93,0.81,0.0,0.0,0.0
MARVELD2,5,69419467,NM_001038603.3:c.82A>G,NP_001033692.2:p.Ile28Val,0.029,0.001,['Likely%20benign'],167.1,0.85,0.0,0.0,0.0
MARVELD2,5,69419469,NM_001038603.3:c.84A>G,NP_001033692.2:p.Ile28Met,0.044,0.217,['Likely%20benign'],167.1,0.85,0.0,-0.0,0.0
MARVELD2,5,69419470,NM_001038603.3:c.85A>G,NP_001033692.2:p.Arg29Gly,0.013,1.737,['Likely%20benign'],234.78,0.87,0.0,0.3,0.3
MARVELD2,5,69419473,NM_001038603.3:c.88A>C,NP_001033692.2:p.Thr30Pro,0.131,5.618,['Likely%20benign'],120.32,0.76,0.0,-0.0,0.0
MARVELD2,5,69419477,NM_001038603.3:c.92A>T,NP_001033692.2:p.His31Leu,0.084,0.527,['Likely%20benign'],164.09,0.79,0.0,-0.3,0.3
MARVELD2,5,69419479,NM_001038603.3:c.94C>T,NP_001033692.2:p.Pro32Ser,0.057,4.542,['Likely%20benign'],151.88,0.96,0.0,0.0,0.0
MARVELD2,5,69419482,NM_001038603.3:c.97A>G,NP_001033692.2:p.Thr33Ala,0.051,7.988,['Likely%20benign'],111.83,0.71,0.0,0.1,0.1
MARVELD2,5,69419483,NM_001038603.3:c.98C>T,NP_001033692.2:p.Thr33Ile,0.020,1.892,['Benign'],111.83,0.71,0.0,-0.1,0.1
MARVELD2,5,69419485,NM_001038603.3:c.100C>T,NP_001033692.2:p.Leu34Phe,0.077,10.96,['Likely%20benign'],169.83,0.88,0.0,0.1,0.1
MARVELD2,5,69419488,NM_001038603.3:c.103C>T,NP_001033692.2:p.His35Tyr,0.057,7.306,['Likely%20benign'],185.52,0.9,0.0,-0.0,0.0
MARVELD2,5,69419491,NM_001038603.3:c.106G>A,NP_001033692.2:p.Asp36Asn,0.019,0.639,['Likely%20benign'],134.06,0.83,0.0,-0.0,0.0
MARVELD2,5,69419491,NM_001038603.3:c.106G>C,NP_001033692.2:p.Asp36His,0.160,1.846,['Likely%20benign'],134.06,0.83,0.0,-0.1,0.1
MARVELD2,5,69419492,NM_001038603.3:c.107A>T,NP_001033692.2:p.Asp36Val,0.074,11.60,['Likely%20benign'],134.06,0.83,0.0,-0.1,0.1
MARVELD2,5,69419495,NM_001038603.3:c.110G>T,NP_001033692.2:p.Ser37Ile,0.142,16.03,['Likely%20benign'],112.21,0.81,0.0,-0.0,0.0
MARVELD2,5,69419500,NM_001038603.3:c.115C>G,NP_001033692.2:p.Arg39Gly,0.035,16.82,['Likely%20benign'],248.34,0.92,0.0,0.2,0.2
MARVELD2,5,69419500,NM_001038603.3:c.115C>T,NP_001033692.2:p.Arg39Trp,0.064,22.5,['Unknown%20significance'],248.34,0.92,0.0,-0.1,0.1
MARVELD2,5,69419501,NM_001038603.3:c.116G>A,NP_001033692.2:p.Arg39Gln,0.050,11.71,['Likely%20benign'],248.34,0.92,0.0,0.1,0.1
MARVELD2,5,69419501,NM_001038603.3:c.116G>T,NP_001033692.2:p.Arg39Leu,0.081,9.967,['Likely%20benign'],248.34,0.92,0.0,-0.3,0.3
MARVELD2,5,69419503,NM_001038603.3:c.118G>A,NP_001033692.2:p.Ala40Thr,0.143,22.6,['Unknown%20significance'],107.92,0.84,0.0,0.2,0.2
MARVELD2,5,69419503,NM_001038603.3:c.118G>T,NP_001033692.2:p.Ala40Ser,0.157,18.43,['Unknown%20significance'],107.92,0.84,0.0,0.2,0.2
MARVELD2,5,69419506,NM_001038603.3:c.121G>A,NP_001033692.2:p.Val41Met,0.161,12.46,['Likely%20benign'],150.12,0.87,0.0,0.1,0.1
MARVELD2,5,69419510,NM_001038603.3:c.125G>A,NP_001033692.2:p.Ser42Asn,0.114,24.1,['Unknown%20significance'],120.76,0.87,0.0,0.2,0.2
MARVELD2,5,69419512,NM_001038603.3:c.127G>A,NP_001033692.2:p.Ala43Thr,0.114,8.648,['Unknown%20significance'],108.56,0.85,0.0,0.1,0.1
MARVELD2,5,69419512,NM_001038603.3:c.127G>T,NP_001033692.2:p.Ala43Ser,0.078,5.271,['Unknown%20significance'],108.56,0.85,0.0,0.1,0.1
MARVELD2,5,69419515,NM_001038603.3:c.130G>A,NP_001033692.2:p.Asp44Asn,0.167,27.0,['Unknown%20significance'],136.46,0.85,0.0,0.1,0.1
MARVELD2,5,69419515,NM_001038603.3:c.130G>T,NP_001033692.2:p.Asp44Tyr,0.296,26.1,['Unknown%20significance'],136.46,0.85,0.0,0.0,0.0
MARVELD2,5,69419516,NM_001038603.3:c.131A>G,NP_001033692.2:p.Asp44Gly,0.163,25.6,['Unknown%20significance'],136.46,0.85,0.0,0.2,0.2
MARVELD2,5,69419516,NM_001038603.3:c.131A>T,NP_001033692.2:p.Asp44Val,0.209,25.4,['Unknown%20significance'],136.46,0.85,0.0,0.1,0.1
MARVELD2,5,69419518,NM_001038603.3:c.133C>A,NP_001033692.2:p.Pro45Thr,0.178,22.7,['Unknown%20significance'],144.44,0.91,0.0,0.3,0.3
MARVELD2,5,69419518,NM_001038603.3:c.133C>T,NP_001033692.2:p.Pro45Ser,0.137,22.6,['Unknown%20significance'],144.44,0.91,0.0,0.3,0.3
MARVELD2,5,69419519,NM_001038603.3:c.134C>A,NP_001033692.2:p.Pro45His,0.246,24.5,['Unknown%20significance'],144.44,0.91,0.0,0.3,0.3
MARVELD2,5,69419519,NM_001038603.3:c.134C>T,NP_001033692.2:p.Pro45Leu,0.240,24.7,['Unknown%20significance'],144.44,0.91,0.0,0.2,0.2
MARVELD2,5,69419525,NM_001038603.3:c.140C>T,NP_001033692.2:p.Pro47Leu,0.337,25.5,['Unknown%20significance'],127.14,0.8,0.0,0.4,0.4
MARVELD2,5,69419527,NM_001038603.3:c.142C>A,NP_001033692.2:p.Pro48Thr,0.312,23.9,['Unknown%20significance'],135.02,0.85,0.0,0.4,0.4
MARVELD2,5,69419530,NM_001038603.3:c.145C>A,NP_001033692.2:p.Pro49Thr,0.443,24.5,['Unknown%20significance'],130.96,0.83,0.0,0.5,0.5
MARVELD2,5,69419533,NM_001038603.3:c.148C>T,NP_001033692.2:p.Pro50Ser,0.406,25.0,['Unknown%20significance'],139.81,0.88,0.0,0.4,0.4
MARVELD2,5,69419534,NM_001038603.3:c.149C>G,NP_001033692.2:p.Pro50Arg,0.450,25.3,['Unknown%20significance'],139.81,0.88,0.0,0.3,0.3
MARVELD2,5,69419534,NM_001038603.3:c.149C>T,NP_001033692.2:p.Pro50Leu,0.354,25.7,['Unknown%20significance'],139.81,0.88,0.0,0.3,0.3
MARVELD2,5,69419539,NM_001038603.3:c.154C>T,NP_001033692.2:p.Pro52Ser,0.398,25.4,['Unknown%20significance'],130.37,0.82,0.0,0.5,0.5
MARVELD2,5,69419540,NM_001038603.3:c.155C>T,NP_001033692.2:p.Pro52Leu,0.330,25.6,['Unknown%20significance'],130.37,0.82,0.0,0.4,0.4
MARVELD2,5,69419549,NM_001038603.3:c.164C>A,NP_001033692.2:p.Pro55Gln,0.484,25.2,['Unknown%20significance'],82.16,0.52,0.0,1.0,1.0
MARVELD2,5,69419549,NM_001038603.3:c.164C>G,NP_001033692.2:p.Pro55Arg,0.506,25.3,['Unknown%20significance'],82.16,0.52,0.0,0.9,0.9
MARVELD2,5,69419551,NM_001038603.3:c.166C>T,NP_001033692.2:p.Pro56Ser,0.219,23.2,['Pathogenic'],151.97,0.96,0.0,0.3,0.3
MARVELD2,5,69419552,NM_001038603.3:c.167C>A,NP_001033692.2:p.Pro56Gln,0.343,24.1,['Unknown%20significance'],151.97,0.96,0.0,0.3,0.3
MARVELD2,5,69419552,NM_001038603.3:c.167C>G,NP_001033692.2:p.Pro56Arg,0.379,24.2,['Unknown%20significance'],151.97,0.96,0.0,0.3,0.3
MARVELD2,5,69419557,NM_001038603.3:c.172G>A,NP_001033692.2:p.Gly58Ser,0.459,26.0,['Unknown%20significance'],63.89,0.67,0.0,0.4,0.4
MARVELD2,5,69419557,NM_001038603.3:c.172G>T,NP_001033692.2:p.Gly58Cys,0.542,26.9,['Unknown%20significance'],63.89,0.67,0.0,0.5,0.5
MARVELD2,5,69419561,NM_001038603.3:c.176C>G,NP_001033692.2:p.Pro59Arg,0.239,24.4,['Unknown%20significance'],124.66,0.79,0.0,0.4,0.4
MARVELD2,5,69419561,NM_001038603.3:c.176C>T,NP_001033692.2:p.Pro59Leu,0.252,24.6,['Unknown%20significance'],124.66,0.79,0.0,0.3,0.3
MARVELD2,5,69419563,NM_001038603.3:c.178G>T,NP_001033692.2:p.Asp60Tyr,0.111,20.5,['Unknown%20significance'],105.15,0.65,0.0,-0.2,0.2
MARVELD2,5,69419573,NM_001038603.3:c.188C>T,NP_001033692.2:p.Ser63Leu,0.062,22.0,['Unknown%20significance'],132.37,0.95,0.0,-0.0,0.0
MARVELD2,5,69419575,NM_001038603.3:c.190A>G,NP_001033692.2:p.Ser64Gly,0.021,16.32,['Unknown%20significance'],95.36,0.69,0.0,0.4,0.4
MARVELD2,5,69419576,NM_001038603.3:c.191G>A,NP_001033692.2:p.Ser64Asn,0.081,21.5,['Unknown%20significance'],95.36,0.69,0.0,0.2,0.2
MARVELD2,5,69419582,NM_001038603.3:c.197C>G,NP_001033692.2:p.Thr66Arg,0.063,13.99,['Unknown%20significance'],141.84,0.9,0.0,-0.0,0.0
MARVELD2,5,69419582,NM_001038603.3:c.197C>T,NP_001033692.2:p.Thr66Ile,0.065,15.36,['Unknown%20significance'],141.84,0.9,0.0,0.2,0.2
MARVELD2,5,69419586,NM_001038603.3:c.201A>C,NP_001033692.2:p.Glu67Asp,0.064,14.60,['Likely%20benign'],162.09,0.83,0.0,0.0,0.0
MARVELD2,5,69419588,NM_001038603.3:c.203A>G,NP_001033692.2:p.Glu68Gly,0.150,25.7,['Unknown%20significance'],185.59,0.95,0.0,0.1,0.1
MARVELD2,5,69419589,NM_001038603.3:c.204A>T,NP_001033692.2:p.Glu68Asp,0.062,7.468,['Likely%20benign'],185.59,0.95,0.0,-0.0,0.0
MARVELD2,5,69419591,NM_001038603.3:c.206C>A,NP_001033692.2:p.Pro69Gln,0.040,19.32,['Unknown%20significance'],120.19,0.76,0.0,0.1,0.1
MARVELD2,5,69419591,NM_001038603.3:c.206C>G,NP_001033692.2:p.Pro69Arg,0.091,23.4,['Unknown%20significance'],120.19,0.76,0.0,-0.1,0.1
MARVELD2,5,69419593,NM_001038603.3:c.208G>A,NP_001033692.2:p.Ala70Thr,0.139,21.2,['Unknown%20significance'],114.65,0.9,0.0,0.0,0.0
MARVELD2,5,69419594,NM_001038603.3:c.209C>T,NP_001033692.2:p.Ala70Val,0.073,17.76,['Unknown%20significance'],114.65,0.9,0.0,-0.0,0.0
MARVELD2,5,69419596,NM_001038603.3:c.211A>G,NP_001033692.2:p.Ile71Val,0.068,0.001,['Unknown%20significance'],194.59,0.99,0.0,0.0,0.0
MARVELD2,5,69419598,NM_001038603.3:c.213A>G,NP_001033692.2:p.Ile71Met,0.055,0.038,['Likely%20benign'],194.59,0.99,0.0,0.0,0.0
MARVELD2,5,69419600,NM_001038603.3:c.215C>G,NP_001033692.2:p.Ala72Gly,0.218,19.66,['Likely%20benign'],88.57,0.69,0.0,0.5,0.5
MARVELD2,5,69419600,NM_001038603.3:c.215C>T,NP_001033692.2:p.Ala72Val,0.206,20.1,['Likely%20benign'],88.57,0.69,0.0,0.0,0.0
MARVELD2,5,69419606,NM_001038603.3:c.221A>G,NP_001033692.2:p.Asp74Gly,0.422,25.6,['Unknown%20significance'],122.55,0.76,0.0,0.4,0.4
MARVELD2,5,69419611,NM_001038603.3:c.226A>C,NP_001033692.2:p.Lys76Gln,0.169,25.4,['Unknown%20significance'],165.62,0.69,0.0,-0.1,0.1
MARVELD2,5,69419611,NM_001038603.3:c.226A>G,NP_001033692.2:p.Lys76Glu,0.241,25.7,['Unknown%20significance'],165.62,0.69,0.0,0.2,0.2
MARVELD2,5,69419612,NM_001038603.3:c.227A>C,NP_001033692.2:p.Lys76Thr,0.219,25.9,['Unknown%20significance'],165.62,0.69,0.0,0.1,0.1
MARVELD2,5,69419612,NM_001038603.3:c.227A>G,NP_001033692.2:p.Lys76Arg,0.134,23.4,['Unknown%20significance'],165.62,0.69,0.0,-0.3,0.3
MARVELD2,5,69419613,NM_001038603.3:c.228A>C,NP_001033692.2:p.Lys76Asn,0.188,22.6,['Unknown%20significance'],165.62,0.69,0.0,0.2,0.2
MARVELD2,5,69419617,NM_001038603.3:c.232G>A,NP_001033692.2:p.Val78Ile,0.116,14.77,['Likely%20benign'],132.53,0.77,0.0,0.1,0.1
MARVELD2,5,69419620,NM_001038603.3:c.235A>T,NP_001033692.2:p.Arg79Trp,0.264,23.1,['Unknown%20significance'],200.43,0.74,0.0,0.0,0.0
MARVELD2,5,69419621,NM_001038603.3:c.236G>A,NP_001033692.2:p.Arg79Lys,0.127,23.2,['Unknown%20significance'],200.43,0.74,0.0,0.4,0.4
MARVELD2,5,69419622,NM_001038603.3:c.237G>T,NP_001033692.2:p.Arg79Ser,0.276,22.7,['Unknown%20significance'],200.43,0.74,0.0,0.4,0.4
MARVELD2,5,69419623,NM_001038603.3:c.238C>A,NP_001033692.2:p.Arg80Ser,0.252,23.6,['Unknown%20significance'],185.4,0.68,0.0,0.5,0.5
MARVELD2,5,69419623,NM_001038603.3:c.238C>G,NP_001033692.2:p.Arg80Gly,0.352,25.7,['Unknown%20significance'],185.4,0.68,0.0,0.8,0.8
MARVELD2,5,69419623,NM_001038603.3:c.238C>T,NP_001033692.2:p.Arg80Cys,0.367,27.6,['Unknown%20significance'],185.4,0.68,0.0,0.4,0.4
MARVELD2,5,69419624,NM_001038603.3:c.239G>A,NP_001033692.2:p.Arg80His,0.327,29.0,['Unknown%20significance'],185.4,0.68,0.0,0.2,0.2
MARVELD2,5,69419632,NM_001038603.3:c.247C>A,NP_001033692.2:p.Pro83Thr,0.536,24.8,['Unknown%20significance'],41.47,0.26,0.0,1.6,1.6
MARVELD2,5,69419635,NM_001038603.3:c.250G>C,NP_001033692.2:p.Asp84His,0.207,26.3,['Unknown%20significance'],83.76,0.52,0.0,-0.0,0.0
MARVELD2,5,69419639,NM_001038603.3:c.254C>T,NP_001033692.2:p.Ser85Phe,0.410,26.2,['Unknown%20significance'],40.53,0.29,0.0,0.2,0.2
MARVELD2,5,69419641,NM_001038603.3:c.256T>C,NP_001033692.2:p.Trp86Arg,0.263,26.9,['Unknown%20significance'],60.03,0.22,0.0,2.7,2.7
MARVELD2,5,69419642,NM_001038603.3:c.257G>C,NP_001033692.2:p.Trp86Ser,0.280,27.6,['Unknown%20significance'],60.03,0.22,0.0,3.4,3.4
MARVELD2,5,69419644,NM_001038603.3:c.259A>G,NP_001033692.2:p.Lys87Glu,0.261,27.7,['Unknown%20significance'],105.44,0.44,0.0,0.1,0.1
MARVELD2,5,69419646,NM_001038603.3:c.261G>C,NP_001033692.2:p.Lys87Asn,0.175,24.2,['Unknown%20significance'],105.44,0.44,0.0,0.2,0.2
MARVELD2,5,69419648,NM_001038603.3:c.263A>G,NP_001033692.2:p.Asn88Ser,0.074,22.0,['Unknown%20significance'],110.89,0.69,0.0,0.2,0.2
MARVELD2,5,69419649,NM_001038603.3:c.264C>A,NP_001033692.2:p.Asn88Lys,0.085,22.7,['Unknown%20significance'],110.89,0.69,0.0,0.4,0.4
MARVELD2,5,69419650,NM_001038603.3:c.265T>A,NP_001033692.2:p.Phe89Ile,0.166,22.8,['Unknown%20significance'],140.01,0.6,0.0,0.7,0.7
MARVELD2,5,69419650,NM_001038603.3:c.265T>C,NP_001033692.2:p.Phe89Leu,0.182,22.9,['Unknown%20significance'],140.01,0.6,0.0,0.6,0.6
MARVELD2,5,69419653,NM_001038603.3:c.268T>G,NP_001033692.2:p.Phe90Val,0.463,27.5,['Unknown%20significance'],147.4,0.64,0.0,0.8,0.8
MARVELD2,5,69419655,NM_001038603.3:c.270C>G,NP_001033692.2:p.Phe90Leu,0.194,24.9,['Unknown%20significance'],147.4,0.64,0.0,0.7,0.7
MARVELD2,5,69419657,NM_001038603.3:c.272G>A,NP_001033692.2:p.Arg91Lys,0.040,17.79,['Unknown%20significance'],218.68,0.81,0.0,0.3,0.3
MARVELD2,5,69419658,NM_001038603.3:c.273A>T,NP_001033692.2:p.Arg91Ser,0.078,22.4,['Unknown%20significance'],218.68,0.81,0.0,0.4,0.4
MARVELD2,5,69419662,NM_001038603.3:c.277A>G,NP_001033692.2:p.Lys93Glu,0.039,21.8,['Unknown%20significance'],244.75,1.0,0.0,-0.1,0.1
MARVELD2,5,69419663,NM_001038603.3:c.278A>G,NP_001033692.2:p.Lys93Arg,0.017,17.83,['Likely%20benign'],244.75,1.0,0.0,-0.1,0.1
MARVELD2,5,69419672,NM_001038603.3:c.287A>T,NP_001033692.2:p.Asp96Val,0.128,15.58,['Likely%20benign'],131.04,0.81,0.0,0.2,0.2
MARVELD2,5,69419673,NM_001038603.3:c.288C>A,NP_001033692.2:p.Asp96Glu,0.052,4.732,['Unknown%20significance'],131.04,0.81,0.0,0.0,0.0
MARVELD2,5,69419674,NM_001038603.3:c.289C>T,NP_001033692.2:p.Pro97Ser,0.072,14.78,['Likely%20benign'],105.72,0.67,0.0,0.0,0.0
MARVELD2,5,69419675,NM_001038603.3:c.290C>A,NP_001033692.2:p.Pro97His,0.127,22.1,['Unknown%20significance'],105.72,0.67,0.0,0.0,0.0
MARVELD2,5,69419677,NM_001038603.3:c.292G>A,NP_001033692.2:p.Glu98Lys,0.030,8.499,['Unknown%20significance'],157.02,0.8,0.0,0.0,0.0
MARVELD2,5,69419678,NM_001038603.3:c.293A>G,NP_001033692.2:p.Glu98Gly,0.017,8.383,['Likely%20benign'],157.02,0.8,0.0,0.1,0.1
MARVELD2,5,69419680,NM_001038603.3:c.295T>C,NP_001033692.2:p.Trp99Arg,0.142,22.8,['Unknown%20significance'],219.83,0.83,0.0,0.6,0.6
MARVELD2,5,69419686,NM_001038603.3:c.301A>C,NP_001033692.2:p.Lys101Gln,0.055,10.41,['Likely%20benign'],195.25,0.82,0.0,-0.1,0.1
MARVELD2,5,69419689,NM_001038603.3:c.304C>G,NP_001033692.2:p.Pro102Ala,0.018,2.909,['Likely%20benign'],108.14,0.68,0.0,0.4,0.4
MARVELD2,5,69419689,NM_001038603.3:c.304C>T,NP_001033692.2:p.Pro102Ser,0.022,3.484,['Likely%20benign'],108.14,0.68,0.0,0.4,0.4
MARVELD2,5,69419690,NM_001038603.3:c.305C>T,NP_001033692.2:p.Pro102Leu,0.085,16.49,['Unknown%20significance'],108.14,0.68,0.0,0.2,0.2
MARVELD2,5,69419692,NM_001038603.3:c.307G>T,NP_001033692.2:p.Val103Leu,0.030,6.690,['Likely%20benign'],142.94,0.83,0.0,0.1,0.1
MARVELD2,5,69419696,NM_001038603.3:c.311C>T,NP_001033692.2:p.Ser104Phe,0.142,19.63,['Unknown%20significance'],98.5,0.71,0.0,-0.1,0.1
MARVELD2,5,69419699,NM_001038603.3:c.314A>C,NP_001033692.2:p.Asp105Ala,0.058,21.5,['Unknown%20significance'],135.13,0.84,0.0,0.0,0.0
MARVELD2,5,69419699,NM_001038603.3:c.314A>G,NP_001033692.2:p.Asp105Gly,0.062,21.7,['Unknown%20significance'],135.13,0.84,0.0,0.1,0.1
MARVELD2,5,69419701,NM_001038603.3:c.316A>C,NP_001033692.2:p.Ile106Leu,0.018,14.98,['Likely%20benign'],197.27,1.0,0.0,0.0,0.0
MARVELD2,5,69419702,NM_001038603.3:c.317T>A,NP_001033692.2:p.Ile106Asn,0.053,21.6,['Likely%20benign'],197.27,1.0,0.0,0.1,0.1
MARVELD2,5,69419702,NM_001038603.3:c.317T>C,NP_001033692.2:p.Ile106Thr,0.068,20.4,['Likely%20benign'],197.27,1.0,0.0,0.1,0.1
MARVELD2,5,69419703,NM_001038603.3:c.318C>G,NP_001033692.2:p.Ile106Met,0.041,17.70,['Unknown%20significance'],197.27,1.0,0.0,0.0,0.0
MARVELD2,5,69419705,NM_001038603.3:c.320G>A,NP_001033692.2:p.Arg107Lys,0.040,14.47,['Likely%20benign'],255.24,0.94,0.0,0.1,0.1
MARVELD2,5,69419708,NM_001038603.3:c.323A>G,NP_001033692.2:p.Tyr108Cys,0.174,23.5,['Unknown%20significance'],206.18,0.85,0.0,0.4,0.4
MARVELD2,5,69419710,NM_001038603.3:c.325A>C,NP_001033692.2:p.Ile109Leu,0.142,19.46,['Unknown%20significance'],157.62,0.8,0.0,0.1,0.1
MARVELD2,5,69419716,NM_001038603.3:c.331G>A,NP_001033692.2:p.Asp111Asn,0.090,18.22,['Likely%20benign'],138.87,0.86,0.0,-0.0,0.0
MARVELD2,5,69419722,NM_001038603.3:c.337G>A,NP_001033692.2:p.Val113Met,0.151,25.5,['Unknown%20significance'],158.63,0.92,0.0,0.2,0.2
MARVELD2,5,69419725,NM_001038603.3:c.340G>C,NP_001033692.2:p.Glu114Gln,0.046,18.29,['Unknown%20significance'],194.11,0.99,0.0,-0.0,0.0
MARVELD2,5,69419726,NM_001038603.3:c.341A>G,NP_001033692.2:p.Glu114Gly,0.043,22.5,['Unknown%20significance'],194.11,0.99,0.0,0.1,0.1
MARVELD2,5,69419728,NM_001038603.3:c.343T>G,NP_001033692.2:p.Cys115Gly,0.457,26.8,['Unknown%20significance'],129.1,0.83,0.0,0.9,0.9
MARVELD2,5,69419729,NM_001038603.3:c.344G>A,NP_001033692.2:p.Cys115Tyr,0.518,26.9,['Unknown%20significance'],129.1,0.83,0.0,0.5,0.5
MARVELD2,5,69419729,NM_001038603.3:c.344G>T,NP_001033692.2:p.Cys115Phe,0.562,27.2,['Unknown%20significance'],129.1,0.83,0.0,0.5,0.5
MARVELD2,5,69419731,NM_001038603.3:c.346T>C,NP_001033692.2:p.Ser116Pro,0.382,26.8,['Unknown%20significance'],117.07,0.84,0.0,0.2,0.2
MARVELD2,5,69419738,NM_001038603.3:c.353C>G,NP_001033692.2:p.Pro118Arg,0.488,24.7,['Unknown%20significance'],151.5,0.96,0.0,0.3,0.3
MARVELD2,5,69419738,NM_001038603.3:c.353C>T,NP_001033692.2:p.Pro118Leu,0.485,25.2,['Unknown%20significance'],151.5,0.96,0.0,0.3,0.3
MARVELD2,5,69419740,NM_001038603.3:c.355G>T,NP_001033692.2:p.Ala119Ser,0.060,11.67,['Likely%20benign'],113.0,0.88,0.0,0.0,0.0
MARVELD2,5,69419741,NM_001038603.3:c.356C>T,NP_001033692.2:p.Ala119Val,0.091,16.61,['Likely%20benign'],113.0,0.88,0.0,-0.1,0.1
MARVELD2,5,69419744,NM_001038603.3:c.359C>T,NP_001033692.2:p.Ser120Phe,0.296,25.4,['Unknown%20significance'],117.48,0.85,0.0,0.1,0.1
MARVELD2,5,69419746,NM_001038603.3:c.361C>T,NP_001033692.2:p.Pro121Ser,0.164,23.1,['Unknown%20significance'],147.45,0.93,0.0,0.3,0.3
MARVELD2,5,69419747,NM_001038603.3:c.362C>T,NP_001033692.2:p.Pro121Leu,0.192,24.8,['Unknown%20significance'],147.45,0.93,0.0,0.2,0.2
MARVELD2,5,69419749,NM_001038603.3:c.364G>A,NP_001033692.2:p.Ala122Thr,0.007,4.073,['Benign'],108.57,0.85,0.0,-0.0,0.0
MARVELD2,5,69419750,NM_001038603.3:c.365C>G,NP_001033692.2:p.Ala122Gly,0.054,5.541,['Likely%20benign'],108.57,0.85,0.0,0.1,0.1
MARVELD2,5,69419753,NM_001038603.3:c.368G>C,NP_001033692.2:p.Arg123Thr,0.116,13.87,['Likely%20benign'],233.6,0.86,0.0,0.1,0.1
MARVELD2,5,69419755,NM_001038603.3:c.370C>A,NP_001033692.2:p.Pro124Thr,0.030,0.421,['Likely%20benign'],116.2,0.73,0.0,0.2,0.2
MARVELD2,5,69419755,NM_001038603.3:c.370C>T,NP_001033692.2:p.Pro124Ser,0.042,0.249,['Unknown%20significance'],116.2,0.73,0.0,0.3,0.3
MARVELD2,5,69419756,NM_001038603.3:c.371C>T,NP_001033692.2:p.Pro124Leu,0.021,7.150,['Likely%20benign'],116.2,0.73,0.0,0.4,0.4
MARVELD2,5,69419758,NM_001038603.3:c.373A>C,NP_001033692.2:p.Asn125His,0.048,8.325,['Likely%20benign'],143.13,0.89,0.0,-0.0,0.0
MARVELD2,5,69419758,NM_001038603.3:c.373A>G,NP_001033692.2:p.Asn125Asp,0.027,5.442,['Likely%20benign'],143.13,0.89,0.0,0.0,0.0
MARVELD2,5,69419761,NM_001038603.3:c.376C>G,NP_001033692.2:p.His126Asp,0.064,10.95,['Likely%20benign'],190.93,0.92,0.0,0.2,0.2
MARVELD2,5,69419761,NM_001038603.3:c.376C>T,NP_001033692.2:p.His126Tyr,0.068,4.286,['Likely%20benign'],190.93,0.92,0.0,-0.0,0.0
MARVELD2,5,69419764,NM_001038603.3:c.379C>T,NP_001033692.2:p.Arg127Cys,0.095,6.824,['Unknown%20significance'],260.75,0.96,0.0,0.1,0.1
MARVELD2,5,69419765,NM_001038603.3:c.380G>A,NP_001033692.2:p.Arg127His,0.085,0.110,['Likely%20benign'],260.75,0.96,0.0,0.0,0.0
MARVELD2,5,69419768,NM_001038603.3:c.383C>G,NP_001033692.2:p.Ser128Trp,0.167,16.94,['Likely%20benign'],103.2,0.74,0.0,-0.2,0.2
MARVELD2,5,69419768,NM_001038603.3:c.383C>T,NP_001033692.2:p.Ser128Leu,0.084,10.17,['Likely%20benign'],103.2,0.74,0.0,-0.1,0.1
MARVELD2,5,69419774,NM_001038603.3:c.389T>A,NP_001033692.2:p.Leu130His,0.047,0.942,['Unknown%20significance'],204.52,1.0,0.0,0.0,0.0
MARVELD2,5,69419776,NM_001038603.3:c.391A>G,NP_001033692.2:p.Asn131Asp,0.025,0.973,['Likely%20benign'],129.33,0.8,0.0,0.1,0.1
MARVELD2,5,69419780,NM_001038603.3:c.395C>G,NP_001033692.2:p.Ser132Cys,0.193,19.89,['Unknown%20significance'],110.59,0.8,0.0,0.2,0.2
MARVELD2,5,69419784,NM_001038603.3:c.399C>G,NP_001033692.2:p.Cys133Trp,0.088,16.71,['Unknown%20significance'],152.38,0.98,0.0,-0.2,0.2
MARVELD2,5,69419785,NM_001038603.3:c.400A>G,NP_001033692.2:p.Lys134Glu,0.019,7.222,['Unknown%20significance'],217.22,0.91,0.0,0.0,0.0
MARVELD2,5,69419788,NM_001038603.3:c.403G>C,NP_001033692.2:p.Asp135His,0.222,24.9,['Unknown%20significance'],145.87,0.91,0.0,0.1,0.1
MARVELD2,5,69419791,NM_001038603.3:c.406C>T,NP_001033692.2:p.Pro136Ser,0.208,21.3,['Unknown%20significance'],112.67,0.71,0.0,0.5,0.5
MARVELD2,5,69419792,NM_001038603.3:c.407C>T,NP_001033692.2:p.Pro136Leu,0.221,23.2,['Unknown%20significance'],112.67,0.71,0.0,0.5,0.5
MARVELD2,5,69419795,NM_001038603.3:c.410A>G,NP_001033692.2:p.Tyr137Cys,0.078,16.31,['Likely%20benign'],246.01,1.0,0.0,0.3,0.3
MARVELD2,5,69419795,NM_001038603.3:c.410A>T,NP_001033692.2:p.Tyr137Phe,0.024,8.837,['Likely%20benign'],246.01,1.0,0.0,0.1,0.1
MARVELD2,5,69419797,NM_001038603.3:c.412G>A,NP_001033692.2:p.Gly138Arg,0.146,13.14,['Likely%20benign'],73.98,0.77,0.0,0.0,0.0
MARVELD2,5,69419800,NM_001038603.3:c.415G>A,NP_001033692.2:p.Gly139Arg,0.214,23.0,['Unknown%20significance'],83.48,0.87,0.0,0.0,0.0
MARVELD2,5,69419801,NM_001038603.3:c.416G>A,NP_001033692.2:p.Gly139Glu,0.077,13.13,['Unknown%20significance'],83.48,0.87,0.0,0.2,0.2
MARVELD2,5,69419809,NM_001038603.3:c.424G>A,NP_001033692.2:p.Gly142Arg,0.186,23.1,['Unknown%20significance'],53.19,0.55,0.0,0.1,0.1
MARVELD2,5,69419812,NM_001038603.3:c.427A>G,NP_001033692.2:p.Thr143Ala,0.043,5.671,['Likely%20benign'],131.41,0.83,0.0,0.2,0.2
MARVELD2,5,69419813,NM_001038603.3:c.428C>A,NP_001033692.2:p.Thr143Asn,0.031,2.130,['Likely%20benign'],131.41,0.83,0.0,0.1,0.1
MARVELD2,5,69419813,NM_001038603.3:c.428C>G,NP_001033692.2:p.Thr143Ser,0.020,0.149,['Likely%20benign'],131.41,0.83,0.0,0.0,0.0
MARVELD2,5,69419813,NM_001038603.3:c.428C>T,NP_001033692.2:p.Thr143Ile,0.058,4.422,['Likely%20benign'],131.41,0.83,0.0,0.2,0.2
MARVELD2,5,69419815,NM_001038603.3:c.430T>C,NP_001033692.2:p.Phe144Leu,0.055,13.34,['Likely%20benign'],220.86,0.96,0.0,0.1,0.1
MARVELD2,5,69419815,NM_001038603.3:c.430T>G,NP_001033692.2:p.Phe144Val,0.050,13.65,['Unknown%20significance'],220.86,0.96,0.0,0.1,0.1
MARVELD2,5,69419816,NM_001038603.3:c.431T>A,NP_001033692.2:p.Phe144Tyr,0.052,0.137,['Likely%20benign'],220.86,0.96,0.0,-0.1,0.1
MARVELD2,5,69419819,NM_001038603.3:c.434G>T,NP_001033692.2:p.Ser145Ile,0.014,0.019,['Likely%20benign'],130.43,0.94,0.0,0.0,0.0
MARVELD2,5,69419821,NM_001038603.3:c.436T>G,NP_001033692.2:p.Ser146Ala,0.055,10.33,['Unknown%20significance'],116.95,0.84,0.0,0.2,0.2
MARVELD2,5,69419822,NM_001038603.3:c.437C>T,NP_001033692.2:p.Ser146Phe,0.114,20.9,['Unknown%20significance'],116.95,0.84,0.0,0.1,0.1
MARVELD2,5,69419824,NM_001038603.3:c.439C>T,NP_001033692.2:p.Arg147Trp,0.168,21.0,['Unknown%20significance'],257.87,0.95,0.0,0.1,0.1
MARVELD2,5,69419825,NM_001038603.3:c.440G>A,NP_001033692.2:p.Arg147Gln,0.040,0.001,['Unknown%20significance'],257.87,0.95,0.0,0.1,0.1
MARVELD2,5,69419827,NM_001038603.3:c.442A>G,NP_001033692.2:p.Lys148Glu,0.067,6.542,['Likely%20benign'],213.56,0.9,0.0,0.1,0.1
MARVELD2,5,69419828,NM_001038603.3:c.443A>C,NP_001033692.2:p.Lys148Thr,0.073,9.251,['Unknown%20significance'],213.56,0.9,0.0,0.0,0.0
MARVELD2,5,69419831,NM_001038603.3:c.446A>T,NP_001033692.2:p.Glu149Val,0.177,22.0,['Unknown%20significance'],145.67,0.74,0.0,0.3,0.3
MARVELD2,5,69419833,NM_001038603.3:c.448G>T,NP_001033692.2:p.Ala150Ser,0.024,0.769,['Likely%20benign'],102.16,0.8,0.0,-0.0,0.0
MARVELD2,5,69419837,NM_001038603.3:c.452A>G,NP_001033692.2:p.Asp151Gly,0.076,19.11,['Likely%20benign'],157.32,0.98,0.0,0.1,0.1
MARVELD2,5,69419837,NM_001038603.3:c.452A>T,NP_001033692.2:p.Asp151Val,0.132,15.38,['Unknown%20significance'],157.32,0.98,0.0,-0.1,0.1
MARVELD2,5,69419838,NM_001038603.3:c.453C>A,NP_001033692.2:p.Asp151Glu,0.050,0.001,['Likely%20benign'],157.32,0.98,0.0,-0.0,0.0
MARVELD2,5,69419839,NM_001038603.3:c.454G>A,NP_001033692.2:p.Ala152Thr,0.093,7.542,['Unknown%20significance'],99.31,0.78,0.0,0.1,0.1
MARVELD2,5,69419839,NM_001038603.3:c.454G>C,NP_001033692.2:p.Ala152Pro,0.128,6.528,['Likely%20benign'],99.31,0.78,0.0,0.2,0.2
MARVELD2,5,69419839,NM_001038603.3:c.454G>T,NP_001033692.2:p.Ala152Ser,0.092,4.801,['Likely%20benign'],99.31,0.78,0.0,0.2,0.2
MARVELD2,5,69419840,NM_001038603.3:c.455C>T,NP_001033692.2:p.Ala152Val,0.089,12.38,['Likely%20benign'],99.31,0.78,0.0,-0.0,0.0
MARVELD2,5,69419842,NM_001038603.3:c.457G>A,NP_001033692.2:p.Val153Met,0.048,0.235,['Likely%20benign'],136.56,0.79,0.0,-0.1,0.1
MARVELD2,5,69419843,NM_001038603.3:c.458T>C,NP_001033692.2:p.Val153Ala,0.030,8.822,['Unknown%20significance'],136.56,0.79,0.0,0.3,0.3
MARVELD2,5,69419849,NM_001038603.3:c.464C>G,NP_001033692.2:p.Pro155Arg,0.050,7.307,['Likely%20benign'],145.2,0.92,0.0,-0.1,0.1
MARVELD2,5,69419849,NM_001038603.3:c.464C>T,NP_001033692.2:p.Pro155Leu,0.048,8.698,['Likely%20benign'],145.2,0.92,0.0,-0.2,0.2
MARVELD2,5,69419851,NM_001038603.3:c.466C>T,NP_001033692.2:p.Arg156Trp,0.164,18.59,['Unknown%20significance'],252.13,0.93,0.0,-0.0,0.0
MARVELD2,5,69419852,NM_001038603.3:c.467G>A,NP_001033692.2:p.Arg156Gln,0.006,0.029,['Likely%20benign'],252.13,0.93,0.0,0.1,0.1
MARVELD2,5,69419854,NM_001038603.3:c.469G>T,NP_001033692.2:p.Asp157Tyr,0.217,21.5,['Unknown%20significance'],101.19,0.63,0.0,-0.1,0.1
MARVELD2,5,69419857,NM_001038603.3:c.472C>G,NP_001033692.2:p.Pro158Ala,0.010,0.082,['Likely%20benign'],92.43,0.58,0.0,0.2,0.2
MARVELD2,5,69419857,NM_001038603.3:c.472C>T,NP_001033692.2:p.Pro158Ser,0.012,0.156,['Likely%20benign'],92.43,0.58,0.0,0.1,0.1
MARVELD2,5,69419858,NM_001038603.3:c.473C>T,NP_001033692.2:p.Pro158Leu,0.046,10.97,['Unknown%20significance'],92.43,0.58,0.0,-0.0,0.0
MARVELD2,5,69419860,NM_001038603.3:c.475T>C,NP_001033692.2:p.Tyr159His,0.028,9.430,['Unknown%20significance'],182.77,0.76,0.0,0.3,0.3
MARVELD2,5,69419861,NM_001038603.3:c.476A>G,NP_001033692.2:p.Tyr159Cys,0.048,0.196,['Unknown%20significance'],182.77,0.76,0.0,0.6,0.6
MARVELD2,5,69419863,NM_001038603.3:c.478G>A,NP_001033692.2:p.Gly160Arg,0.112,13.99,['Likely%20benign'],74.4,0.78,0.0,-0.2,0.2
MARVELD2,5,69419867,NM_001038603.3:c.482C>G,NP_001033692.2:p.Ser161Cys,0.181,22.3,['Unknown%20significance'],91.54,0.66,0.0,0.1,0.1
MARVELD2,5,69419867,NM_001038603.3:c.482C>T,NP_001033692.2:p.Ser161Phe,0.142,18.79,['Unknown%20significance'],91.54,0.66,0.0,0.0,0.0
MARVELD2,5,69419869,NM_001038603.3:c.484C>G,NP_001033692.2:p.Leu162Val,0.058,6.745,['Likely%20benign'],158.85,0.82,0.0,0.1,0.1
MARVELD2,5,69419873,NM_001038603.3:c.488A>G,NP_001033692.2:p.Asp163Gly,0.184,8.913,['Likely%20benign'],106.34,0.66,0.0,0.2,0.2
MARVELD2,5,69419876,NM_001038603.3:c.491G>A,NP_001033692.2:p.Arg164Gln,0.103,17.50,['Unknown%20significance'],222.38,0.82,0.0,0.1,0.1
MARVELD2,5,69419876,NM_001038603.3:c.491G>C,NP_001033692.2:p.Arg164Pro,0.165,14.39,['Unknown%20significance'],222.38,0.82,0.0,0.2,0.2
MARVELD2,5,69419878,NM_001038603.3:c.493C>T,NP_001033692.2:p.His165Tyr,0.043,17.48,['Unknown%20significance'],177.45,0.86,0.0,-0.1,0.1
MARVELD2,5,69419879,NM_001038603.3:c.494A>G,NP_001033692.2:p.His165Arg,0.051,5.533,['Likely%20benign'],177.45,0.86,0.0,0.0,0.0
MARVELD2,5,69419882,NM_001038603.3:c.497C>T,NP_001033692.2:p.Thr166Ile,0.089,13.42,['Unknown%20significance'],114.99,0.73,0.0,-0.0,0.0
MARVELD2,5,69419885,NM_001038603.3:c.500A>G,NP_001033692.2:p.Gln167Arg,0.032,9.560,['Benign'],160.96,0.81,0.0,-0.1,0.1
MARVELD2,5,69419887,NM_001038603.3:c.502A>G,NP_001033692.2:p.Thr168Ala,0.084,12.86,['Likely%20benign'],149.49,0.95,0.0,0.1,0.1
MARVELD2,5,69419891,NM_001038603.3:c.506T>C,NP_001033692.2:p.Val169Ala,0.050,7.710,['Likely%20benign'],107.86,0.62,0.0,0.0,0.0
MARVELD2,5,69419891,NM_001038603.3:c.506T>G,NP_001033692.2:p.Val169Gly,0.223,13.89,['Likely%20benign'],107.86,0.62,0.0,0.5,0.5
MARVELD2,5,69419893,NM_001038603.3:c.508C>G,NP_001033692.2:p.Arg170Gly,0.089,15.64,['Likely%20benign'],132.18,0.49,0.0,0.8,0.8
MARVELD2,5,69419894,NM_001038603.3:c.509G>A,NP_001033692.2:p.Arg170Gln,0.028,4.977,['Likely%20benign'],132.18,0.49,0.0,0.1,0.1
MARVELD2,5,69419894,NM_001038603.3:c.509G>C,NP_001033692.2:p.Arg170Pro,0.124,9.617,['Likely%20benign'],132.18,0.49,0.0,0.4,0.4
MARVELD2,5,69419894,NM_001038603.3:c.509G>T,NP_001033692.2:p.Arg170Leu,0.048,5.863,['Likely%20benign'],132.18,0.49,0.0,-0.1,0.1
MARVELD2,5,69419896,NM_001038603.3:c.511A>G,NP_001033692.2:p.Thr171Ala,0.108,19.59,['Unknown%20significance'],94.29,0.59,0.0,0.4,0.4
MARVELD2,5,69419899,NM_001038603.3:c.514T>C,NP_001033692.2:p.Tyr172His,0.414,26.4,['Unknown%20significance'],204.37,0.85,0.0,0.4,0.4
MARVELD2,5,69419899,NM_001038603.3:c.514T>G,NP_001033692.2:p.Tyr172Asp,0.583,26.5,['Unknown%20significance'],204.37,0.85,0.0,0.9,0.9
MARVELD2,5,69419900,NM_001038603.3:c.515A>G,NP_001033692.2:p.Tyr172Cys,0.476,26.1,['Unknown%20significance'],204.37,0.85,0.0,0.8,0.8
MARVELD2,5,69419900,NM_001038603.3:c.515A>T,NP_001033692.2:p.Tyr172Phe,0.268,24.8,['Unknown%20significance'],204.37,0.85,0.0,0.2,0.2
MARVELD2,5,69419902,NM_001038603.3:c.517A>G,NP_001033692.2:p.Ser173Gly,0.170,18.07,['Unknown%20significance'],87.93,0.63,0.0,0.4,0.4
MARVELD2,5,69419903,NM_001038603.3:c.518G>A,NP_001033692.2:p.Ser173Asn,0.132,23.8,['Unknown%20significance'],87.93,0.63,0.0,0.1,0.1
MARVELD2,5,69419903,NM_001038603.3:c.518G>C,NP_001033692.2:p.Ser173Thr,0.156,23.7,['Unknown%20significance'],87.93,0.63,0.0,-0.1,0.1
MARVELD2,5,69419903,NM_001038603.3:c.518G>T,NP_001033692.2:p.Ser173Ile,0.238,24.4,['Unknown%20significance'],87.93,0.63,0.0,-0.3,0.3
MARVELD2,5,69419906,NM_001038603.3:c.521A>C,NP_001033692.2:p.Glu174Ala,0.277,26.2,['Unknown%20significance'],73.97,0.37,0.0,0.2,0.2
MARVELD2,5,69419907,NM_001038603.3:c.522G>C,NP_001033692.2:p.Glu174Asp,0.093,22.8,['Unknown%20significance'],73.97,0.37,0.0,0.2,0.2
MARVELD2,5,69419909,NM_001038603.3:c.524A>G,NP_001033692.2:p.Lys175Arg,0.026,17.45,['Likely%20benign'],116.01,0.49,0.0,-0.5,0.5
MARVELD2,5,69419911,NM_001038603.3:c.526G>A,NP_001033692.2:p.Val176Met,0.227,26.4,['Unknown%20significance'],70.23,0.4,0.0,0.3,0.3
MARVELD2,5,69419912,NM_001038603.3:c.527T>C,NP_001033692.2:p.Val176Ala,0.117,24.7,['Unknown%20significance'],70.23,0.4,0.0,1.1,1.1
MARVELD2,5,69419914,NM_001038603.3:c.529G>A,NP_001033692.2:p.Glu177Lys,0.235,25.8,['Unknown%20significance'],106.16,0.54,0.0,0.2,0.2
MARVELD2,5,69419914,NM_001038603.3:c.529G>C,NP_001033692.2:p.Glu177Gln,0.123,23.4,['Unknown%20significance'],106.16,0.54,0.0,-0.1,0.1
MARVELD2,5,69419915,NM_001038603.3:c.530A>G,NP_001033692.2:p.Glu177Gly,0.266,25.2,['Unknown%20significance'],106.16,0.54,0.0,0.4,0.4
MARVELD2,5,69419916,NM_001038603.3:c.531G>C,NP_001033692.2:p.Glu177Asp,0.235,21.6,['Unknown%20significance'],106.16,0.54,0.0,0.1,0.1
MARVELD2,5,69419918,NM_001038603.3:c.533A>G,NP_001033692.2:p.Glu178Gly,0.122,14.34,['Unknown%20significance'],40.94,0.2,0.0,0.4,0.4
MARVELD2,5,69419920,NM_001038603.3:c.535T>C,NP_001033692.2:p.Tyr179His,0.335,26.0,['Unknown%20significance'],112.4,0.46,0.0,0.9,0.9
MARVELD2,5,69419926,NM_001038603.3:c.541C>G,NP_001033692.2:p.Leu181Val,0.056,16.46,['Unknown%20significance'],132.68,0.68,0.0,0.2,0.2
MARVELD2,5,69419930,NM_001038603.3:c.545G>A,NP_001033692.2:p.Arg182Lys,0.116,13.85,['Unknown%20significance'],168.93,0.62,0.0,0.4,0.4
MARVELD2,5,69419930,NM_001038603.3:c.545G>T,NP_001033692.2:p.Arg182Ile,0.280,23.2,['Unknown%20significance'],168.93,0.62,0.0,-0.2,0.2
MARVELD2,5,69419932,NM_001038603.3:c.547T>C,NP_001033692.2:p.Tyr183His,0.498,25.5,['Unknown%20significance'],84.22,0.35,0.0,0.9,0.9
MARVELD2,5,69419933,NM_001038603.3:c.548A>G,NP_001033692.2:p.Tyr183Cys,0.618,25.7,['Unknown%20significance'],84.22,0.35,0.0,1.0,1.0
MARVELD2,5,69419938,NM_001038603.3:c.553T>C,NP_001033692.2:p.Tyr185His,0.485,27.3,['Unknown%20significance'],19.61,0.08,0.0,2.3,2.3
MARVELD2,5,69419939,NM_001038603.3:c.554A>G,NP_001033692.2:p.Tyr185Cys,0.616,26.3,['Unknown%20significance'],19.61,0.08,0.0,2.9,2.9
MARVELD2,5,69419941,NM_001038603.3:c.556A>C,NP_001033692.2:p.Met186Leu,0.200,23.7,['Unknown%20significance'],85.86,0.39,0.0,-0.3,0.3
MARVELD2,5,69419941,NM_001038603.3:c.556A>G,NP_001033692.2:p.Met186Val,0.508,24.7,['Unknown%20significance'],85.86,0.39,0.0,0.1,0.1
MARVELD2,5,69419945,NM_001038603.3:c.560A>G,NP_001033692.2:p.Lys187Arg,0.402,27.4,['Unknown%20significance'],154.76,0.65,0.0,-0.4,0.4
MARVELD2,5,69419947,NM_001038603.3:c.562T>C,NP_001033692.2:p.Ser188Pro,0.699,29.1,['Unknown%20significance'],36.66,0.26,0.0,0.5,0.5
MARVELD2,5,69419948,NM_001038603.3:c.563C>T,NP_001033692.2:p.Ser188Leu,0.659,27.5,['Unknown%20significance'],36.66,0.26,0.0,-0.5,0.5
MARVELD2,5,69419953,NM_001038603.3:c.568G>A,NP_001033692.2:p.Ala190Thr,0.260,24.6,['Unknown%20significance'],0.0,0.0,0.0,-0.0,0.0
MARVELD2,5,69419956,NM_001038603.3:c.571G>A,NP_001033692.2:p.Gly191Ser,0.748,27.6,['Unknown%20significance'],0.04,0.0,0.0,0.9,0.9
MARVELD2,5,69419956,NM_001038603.3:c.571G>C,NP_001033692.2:p.Gly191Arg,0.817,28.0,['Unknown%20significance'],0.04,0.0,0.0,0.6,0.6
MARVELD2,5,69419957,NM_001038603.3:c.572G>A,NP_001033692.2:p.Gly191Asp,0.808,27.1,['Unknown%20significance'],0.04,0.0,0.0,1.6,1.6
MARVELD2,5,69419957,NM_001038603.3:c.572G>T,NP_001033692.2:p.Gly191Val,0.822,26.9,['Unknown%20significance'],0.04,0.0,0.0,-0.6,0.6
MARVELD2,5,69419963,NM_001038603.3:c.578T>G,NP_001033692.2:p.Leu193Arg,0.716,28.0,['Unknown%20significance'],1.88,0.0,0.0,3.5,3.5
MARVELD2,5,69419969,NM_001038603.3:c.584T>C,NP_001033692.2:p.Ile195Thr,0.266,24.9,['Unknown%20significance'],100.82,0.51,0.0,1.4,1.4
MARVELD2,5,69419970,NM_001038603.3:c.585A>G,NP_001033692.2:p.Ile195Met,0.303,9.263,['Unknown%20significance'],100.82,0.51,0.0,0.6,0.6
MARVELD2,5,69419974,NM_001038603.3:c.589G>A,NP_001033692.2:p.Gly197Ser,0.239,25.4,['Unknown%20significance'],0.58,0.0,0.0,-0.4,0.4
MARVELD2,5,69419974,NM_001038603.3:c.589G>C,NP_001033692.2:p.Gly197Arg,0.369,25.7,['Unknown%20significance'],0.58,0.0,0.0,-0.8,0.8
MARVELD2,5,69419975,NM_001038603.3:c.590G>A,NP_001033692.2:p.Gly197Asp,0.343,24.7,['Unknown%20significance'],0.58,0.0,0.0,0.7,0.7
MARVELD2,5,69419977,NM_001038603.3:c.592G>A,NP_001033692.2:p.Val198Met,0.174,23.2,['Likely%20benign'],80.26,0.46,0.0,0.3,0.3
MARVELD2,5,69419984,NM_001038603.3:c.599A>G,NP_001033692.2:p.Glu200Gly,0.359,27.9,['Unknown%20significance'],2.44,0.01,0.0,1.1,1.1
MARVELD2,5,69419989,NM_001038603.3:c.604C>T,NP_001033692.2:p.Leu202Phe,0.376,25.0,['Unknown%20significance'],138.05,0.71,0.0,0.1,0.1
MARVELD2,5,69419990,NM_001038603.3:c.605T>C,NP_001033692.2:p.Leu202Pro,0.676,27.7,['Pathogenic'],138.05,0.71,0.0,1.0,1.0
MARVELD2,5,69419995,NM_001038603.3:c.610G>A,NP_001033692.2:p.Gly204Arg,0.705,27.2,['Unknown%20significance'],0.0,0.0,0.0,-0.3,0.3
MARVELD2,5,69419996,NM_001038603.3:c.611G>C,NP_001033692.2:p.Gly204Ala,0.593,25.6,['Unknown%20significance'],0.0,0.0,0.0,-1.5,1.5
MARVELD2,5,69419996,NM_001038603.3:c.611G>T,NP_001033692.2:p.Gly204Val,0.738,26.0,['Unknown%20significance'],0.0,0.0,0.0,-2.5,2.5
MARVELD2,5,69419998,NM_001038603.3:c.613G>A,NP_001033692.2:p.Ala205Thr,0.296,23.8,['Unknown%20significance'],43.04,0.33,0.0,0.2,0.2
MARVELD2,5,69420001,NM_001038603.3:c.616G>A,NP_001033692.2:p.Gly206Ser,0.158,22.8,['Unknown%20significance'],21.31,0.22,0.0,-0.6,0.6
MARVELD2,5,69420001,NM_001038603.3:c.616G>T,NP_001033692.2:p.Gly206Cys,0.316,24.6,['Unknown%20significance'],21.31,0.22,0.0,-2.2,2.2
MARVELD2,5,69420002,NM_001038603.3:c.617G>A,NP_001033692.2:p.Gly206Asp,0.196,22.8,['Unknown%20significance'],21.31,0.22,0.0,0.2,0.2
MARVELD2,5,69420007,NM_001038603.3:c.622T>G,NP_001033692.2:p.Phe208Val,0.604,25.6,['Unknown%20significance'],112.61,0.49,0.0,0.7,0.7
MARVELD2,5,69420010,NM_001038603.3:c.625G>A,NP_001033692.2:p.Ala209Thr,0.412,25.7,['Unknown%20significance'],62.29,0.48,0.0,0.4,0.4
MARVELD2,5,69420010,NM_001038603.3:c.625G>C,NP_001033692.2:p.Ala209Pro,0.583,25.7,['Unknown%20significance'],62.29,0.48,0.0,0.8,0.8
MARVELD2,5,69420011,NM_001038603.3:c.626C>T,NP_001033692.2:p.Ala209Val,0.313,24.7,['Unknown%20significance'],62.29,0.48,0.0,-0.7,0.7
MARVELD2,5,69420014,NM_001038603.3:c.629G>A,NP_001033692.2:p.Cys210Tyr,0.748,27.2,['Unknown%20significance'],25.38,0.16,0.0,0.6,0.6
MARVELD2,5,69420014,NM_001038603.3:c.629G>C,NP_001033692.2:p.Cys210Ser,0.711,26.7,['Unknown%20significance'],25.38,0.16,0.0,2.5,2.5
MARVELD2,5,69420017,NM_001038603.3:c.632T>C,NP_001033692.2:p.Val211Ala,0.438,26.5,['Unknown%20significance'],0.0,0.0,0.0,2.7,2.7
MARVELD2,5,69420019,NM_001038603.3:c.634A>G,NP_001033692.2:p.Thr212Ala,0.125,23.6,['Unknown%20significance'],39.59,0.25,0.0,-0.3,0.3
MARVELD2,5,69420020,NM_001038603.3:c.635C>T,NP_001033692.2:p.Thr212Ile,0.161,23.3,['Unknown%20significance'],39.59,0.25,0.0,-0.9,0.9
MARVELD2,5,69420023,NM_001038603.3:c.638C>T,NP_001033692.2:p.Ala213Val,0.408,25.6,['Unknown%20significance'],71.45,0.56,0.0,-0.3,0.3
MARVELD2,5,69420025,NM_001038603.3:c.640T>G,NP_001033692.2:p.Tyr214Asp,0.715,27.3,['Unknown%20significance'],26.59,0.11,0.0,2.7,2.7
MARVELD2,5,69420029,NM_001038603.3:c.644T>C,NP_001033692.2:p.Ile215Thr,0.345,26.1,['Unknown%20significance'],81.16,0.41,0.0,0.7,0.7
MARVELD2,5,69420033,NM_001038603.3:c.648C>G,NP_001033692.2:p.His216Gln,0.148,18.30,['Unknown%20significance'],148.06,0.72,0.0,0.2,0.2
MARVELD2,5,69420034,NM_001038603.3:c.649A>G,NP_001033692.2:p.Lys217Glu,0.479,26.6,['Unknown%20significance'],13.14,0.05,0.0,0.1,0.1
MARVELD2,5,69420035,NM_001038603.3:c.650A>G,NP_001033692.2:p.Lys217Arg,0.270,24.5,['Unknown%20significance'],13.14,0.05,0.0,-1.1,1.1
MARVELD2,5,69420038,NM_001038603.3:c.653A>G,NP_001033692.2:p.Asp218Gly,0.697,27.4,['Unknown%20significance'],2.81,0.01,0.0,1.0,1.0
MARVELD2,5,69420040,NM_001038603.3:c.655A>G,NP_001033692.2:p.Ser219Gly,0.236,24.4,['Unknown%20significance'],49.57,0.35,0.0,0.6,0.6
MARVELD2,5,69420043,NM_001038603.3:c.658G>C,NP_001033692.2:p.Glu220Gln,0.350,24.5,['Unknown%20significance'],55.01,0.28,0.0,-0.3,0.3
MARVELD2,5,69420047,NM_001038603.3:c.662G>C,NP_001033692.2:p.Trp221Ser,0.790,30,['Unknown%20significance'],1.16,0.0,0.0,3.9,3.9
MARVELD2,5,69420049,NM_001038603.3:c.664T>G,NP_001033692.2:p.Tyr222Asp,0.476,27.3,['Unknown%20significance'],29.68,0.12,0.0,2.4,2.4
MARVELD2,5,69420052,NM_001038603.3:c.667A>G,NP_001033692.2:p.Asn223Asp,0.403,26.5,['Unknown%20significance'],127.21,0.79,0.0,0.1,0.1
MARVELD2,5,69420053,NM_001038603.3:c.668A>G,NP_001033692.2:p.Asn223Ser,0.314,23.7,['Unknown%20significance'],127.21,0.79,0.0,0.0,0.0
MARVELD2,5,69420057,NM_001038603.3:c.672G>T,NP_001033692.2:p.Leu224Phe,0.114,23.3,['Unknown%20significance'],120.11,0.62,0.0,0.1,0.1
MARVELD2,5,69420065,NM_001038603.3:c.680A>G,NP_001033692.2:p.Tyr227Cys,0.630,24.8,['Unknown%20significance'],191.05,0.79,0.0,0.6,0.6
MARVELD2,5,69420070,NM_001038603.3:c.685C>G,NP_001033692.2:p.Gln229Glu,0.072,15.98,['Unknown%20significance'],23.13,0.11,0.0,0.5,0.5
MARVELD2,5,69420073,NM_001038603.3:c.688C>A,NP_001033692.2:p.Pro230Thr,0.225,21.7,['Unknown%20significance'],42.56,0.27,0.0,0.1,0.1
MARVELD2,5,69420073,NM_001038603.3:c.688C>G,NP_001033692.2:p.Pro230Ala,0.205,16.71,['Unknown%20significance'],42.56,0.27,0.0,0.3,0.3
MARVELD2,5,69420073,NM_001038603.3:c.688C>T,NP_001033692.2:p.Pro230Ser,0.101,14.22,['Unknown%20significance'],42.56,0.27,0.0,0.3,0.3
MARVELD2,5,69420074,NM_001038603.3:c.689C>T,NP_001033692.2:p.Pro230Leu,0.236,23.9,['Unknown%20significance'],42.56,0.27,0.0,-0.1,0.1
MARVELD2,5,69420076,NM_001038603.3:c.691T>C,NP_001033692.2:p.Tyr231His,0.142,21.8,['Unknown%20significance'],85.35,0.35,0.0,0.7,0.7
MARVELD2,5,69420076,NM_001038603.3:c.691T>G,NP_001033692.2:p.Tyr231Asp,0.159,18.69,['Likely%20benign'],85.35,0.35,0.0,1.5,1.5
MARVELD2,5,69420077,NM_001038603.3:c.692A>G,NP_001033692.2:p.Tyr231Cys,0.241,22.2,['Unknown%20significance'],85.35,0.35,0.0,1.0,1.0
MARVELD2,5,69420079,NM_001038603.3:c.694G>A,NP_001033692.2:p.Gly232Ser,0.144,18.87,['Unknown%20significance'],41.6,0.43,0.0,-0.3,0.3
MARVELD2,5,69420079,NM_001038603.3:c.694G>T,NP_001033692.2:p.Gly232Cys,0.236,24.1,['Unknown%20significance'],41.6,0.43,0.0,-0.3,0.3
MARVELD2,5,69420080,NM_001038603.3:c.695G>A,NP_001033692.2:p.Gly232Asp,0.240,23.0,['Unknown%20significance'],41.6,0.43,0.0,-0.1,0.1
MARVELD2,5,69420080,NM_001038603.3:c.695G>C,NP_001033692.2:p.Gly232Ala,0.125,15.27,['Likely%20benign'],41.6,0.43,0.0,-0.3,0.3
MARVELD2,5,69420080,NM_001038603.3:c.695G>T,NP_001033692.2:p.Gly232Val,0.198,19.85,['Unknown%20significance'],41.6,0.43,0.0,-0.5,0.5
MARVELD2,5,69420082,NM_001038603.3:c.697A>G,NP_001033692.2:p.Met233Val,0.049,0.190,['Likely%20benign'],154.29,0.71,0.0,0.1,0.1
MARVELD2,5,69420082,NM_001038603.3:c.697A>T,NP_001033692.2:p.Met233Leu,0.056,0.287,['Likely%20benign'],154.29,0.71,0.0,0.1,0.1
MARVELD2,5,69420086,NM_001038603.3:c.701G>T,NP_001033692.2:p.Gly234Val,0.317,15.54,['Unknown%20significance'],62.37,0.65,0.0,-0.4,0.4
MARVELD2,5,69420089,NM_001038603.3:c.704G>T,NP_001033692.2:p.Gly235Val,0.175,22.5,['Unknown%20significance'],76.94,0.8,0.0,-0.2,0.2
MARVELD2,5,69420091,NM_001038603.3:c.706G>A,NP_001033692.2:p.Val236Ile,0.031,1.170,['Unknown%20significance'],128.37,0.74,0.0,-0.1,0.1
MARVELD2,5,69420092,NM_001038603.3:c.707T>C,NP_001033692.2:p.Val236Ala,0.062,8.418,['Likely%20benign'],128.37,0.74,0.0,0.3,0.3
MARVELD2,5,69420095,NM_001038603.3:c.710G>C,NP_001033692.2:p.Gly237Ala,0.259,21.0,['Unknown%20significance'],21.62,0.22,0.0,-0.1,0.1
MARVELD2,5,69420101,NM_001038603.3:c.716T>G,NP_001033692.2:p.Leu239Trp,0.173,23.5,['Unknown%20significance'],124.73,0.64,0.0,-0.2,0.2
MARVELD2,5,69420102,NM_001038603.3:c.717G>C,NP_001033692.2:p.Leu239Phe,0.056,11.27,['Likely%20benign'],124.73,0.64,0.0,-0.1,0.1
MARVELD2,5,69420107,NM_001038603.3:c.722G>A,NP_001033692.2:p.Ser241Asn,0.044,16.11,['Likely%20benign'],109.4,0.79,0.0,0.0,0.0
MARVELD2,5,69420109,NM_001038603.3:c.724A>G,NP_001033692.2:p.Met242Val,0.023,1.459,['Likely%20benign'],145.61,0.67,0.0,0.1,0.1
MARVELD2,5,69420110,NM_001038603.3:c.725T>C,NP_001033692.2:p.Met242Thr,0.036,4.722,['Likely%20benign'],145.61,0.67,0.0,0.1,0.1
MARVELD2,5,69420111,NM_001038603.3:c.726G>A,NP_001033692.2:p.Met242Ile,0.074,3.664,['Likely%20benign'],145.61,0.67,0.0,0.1,0.1
MARVELD2,5,69420113,NM_001038603.3:c.728A>G,NP_001033692.2:p.Tyr243Cys,0.276,24.6,['Unknown%20significance'],169.32,0.7,0.0,0.5,0.5
MARVELD2,5,69420113,NM_001038603.3:c.728A>T,NP_001033692.2:p.Tyr243Phe,0.234,23.2,['Unknown%20significance'],169.32,0.7,0.0,0.2,0.2
MARVELD2,5,69420115,NM_001038603.3:c.730G>A,NP_001033692.2:p.Gly244Arg,0.509,28.6,['Pathogenic'],105.47,1.0,0.0,-0.1,0.1
MARVELD2,5,69420115,NM_001038603.3:c.730G>C,NP_001033692.2:p.Gly244Arg,0.509,26.9,['Unknown%20significance'],105.47,1.0,0.0,-0.1,0.1
MARVELD2,5,69420115,NM_001038603.3:c.730G>T,NP_001033692.2:p.Gly244Trp,0.505,31,['Unknown%20significance'],105.47,1.0,0.0,-0.1,0.1
MARVELD2,5,69420116,NM_001038603.3:c.731G>C,NP_001033692.2:p.Gly244Ala,0.289,24.3,['Unknown%20significance'],105.47,1.0,0.0,-0.0,0.0
MARVELD2,5,69420116,NM_001038603.3:c.731G>T,NP_001033692.2:p.Gly244Val,0.482,26.7,['Unknown%20significance'],105.47,1.0,0.0,-0.1,0.1
MARVELD2,5,69420118,NM_001038603.3:c.733G>A,NP_001033692.2:p.Gly245Ser,0.202,23.8,['Unknown%20significance'],64.72,0.67,0.0,-0.1,0.1
MARVELD2,5,69420121,NM_001038603.3:c.736T>C,NP_001033692.2:p.Tyr246His,0.297,24.1,['Unknown%20significance'],138.41,0.57,0.0,0.7,0.7
MARVELD2,5,69420122,NM_001038603.3:c.737A>G,NP_001033692.2:p.Tyr246Cys,0.425,25.2,['Unknown%20significance'],138.41,0.57,0.0,1.1,1.1
MARVELD2,5,69420122,NM_001038603.3:c.737A>T,NP_001033692.2:p.Tyr246Phe,0.166,19.94,['Unknown%20significance'],138.41,0.57,0.0,0.1,0.1
MARVELD2,5,69420124,NM_001038603.3:c.739T>G,NP_001033692.2:p.Tyr247Asp,0.272,23.6,['Unknown%20significance'],130.34,0.54,0.0,0.8,0.8
MARVELD2,5,69420128,NM_001038603.3:c.743A>G,NP_001033692.2:p.Tyr248Cys,0.630,28.4,['Unknown%20significance'],2.36,0.0,0.0,2.4,2.4
MARVELD2,5,69420133,NM_001038603.3:c.748G>A,NP_001033692.2:p.Gly250Ser,0.488,27.0,['Unknown%20significance'],1.12,0.01,0.0,-0.6,0.6
MARVELD2,5,69420134,NM_001038603.3:c.749G>A,NP_001033692.2:p.Gly250Asp,0.607,27.2,['Unknown%20significance'],1.12,0.01,0.0,-0.3,0.3
MARVELD2,5,69420139,NM_001038603.3:c.754A>G,NP_001033692.2:p.Lys252Glu,0.190,23.7,['Unknown%20significance'],71.23,0.3,0.0,0.1,0.1
MARVELD2,5,69420143,NM_001038603.3:c.758C>T,NP_001033692.2:p.Thr253Ile,0.519,25.4,['Unknown%20significance'],0.0,0.0,0.0,-1.1,1.1
MARVELD2,5,69420145,NM_001038603.3:c.760C>G,NP_001033692.2:p.Pro254Ala,0.198,22.6,['Unknown%20significance'],89.23,0.56,0.0,-0.2,0.2
MARVELD2,5,69420145,NM_001038603.3:c.760C>T,NP_001033692.2:p.Pro254Ser,0.305,24.6,['Unknown%20significance'],89.23,0.56,0.0,0.0,0.0
MARVELD2,5,69420146,NM_001038603.3:c.761C>G,NP_001033692.2:p.Pro254Arg,0.466,25.8,['Unknown%20significance'],89.23,0.56,0.0,-0.2,0.2
MARVELD2,5,69420146,NM_001038603.3:c.761C>T,NP_001033692.2:p.Pro254Leu,0.466,26.2,['Unknown%20significance'],89.23,0.56,0.0,-0.6,0.6
MARVELD2,5,69420149,NM_001038603.3:c.764T>C,NP_001033692.2:p.Phe255Ser,0.695,28.8,['Unknown%20significance'],98.06,0.42,0.0,2.7,2.7
MARVELD2,5,69420151,NM_001038603.3:c.766G>A,NP_001033692.2:p.Val256Ile,0.043,8.433,['Likely%20benign'],0.0,0.0,0.0,-0.1,0.1
MARVELD2,5,69420157,NM_001038603.3:c.772G>A,NP_001033692.2:p.Val258Met,0.395,27.7,['Unknown%20significance'],94.98,0.55,0.0,0.3,0.3
MARVELD2,5,69420157,NM_001038603.3:c.772G>T,NP_001033692.2:p.Val258Leu,0.338,26.7,['Unknown%20significance'],94.98,0.55,0.0,0.0,0.0
MARVELD2,5,69420163,NM_001038603.3:c.778G>A,NP_001033692.2:p.Ala260Thr,0.374,26.6,['Unknown%20significance'],0.0,0.0,0.0,0.8,0.8
MARVELD2,5,69420167,NM_001038603.3:c.782G>A,NP_001033692.2:p.Gly261Glu,0.470,27.0,['Unknown%20significance'],10.75,0.11,0.0,0.1,0.1
MARVELD2,5,69420169,NM_001038603.3:c.784T>G,NP_001033692.2:p.Leu262Val,0.075,13.89,['Unknown%20significance'],115.67,0.59,0.0,0.1,0.1
MARVELD2,5,69420172,NM_001038603.3:c.787G>C,NP_001033692.2:p.Ala263Pro,0.311,25.7,['Unknown%20significance'],0.0,0.0,0.0,1.7,1.7
MARVELD2,5,69420175,NM_001038603.3:c.790T>G,NP_001033692.2:p.Trp264Gly,0.699,31,['Unknown%20significance'],85.64,0.32,0.0,3.2,3.2
MARVELD2,5,69420176,NM_001038603.3:c.791G>C,NP_001033692.2:p.Trp264Ser,0.690,28.6,['Unknown%20significance'],85.64,0.32,0.0,2.8,2.8
MARVELD2,5,69420176,NM_001038603.3:c.791G>T,NP_001033692.2:p.Trp264Leu,0.583,27.9,['Unknown%20significance'],85.64,0.32,0.0,-0.1,0.1
MARVELD2,5,69420178,NM_001038603.3:c.793A>G,NP_001033692.2:p.Ile265Val,0.067,1.632,['Likely%20benign'],89.43,0.45,0.0,0.3,0.3
MARVELD2,5,69420182,NM_001038603.3:c.797C>T,NP_001033692.2:p.Thr266Ile,0.077,16.73,['Likely%20benign'],37.77,0.24,0.0,-1.8,1.8
MARVELD2,5,69420184,NM_001038603.3:c.799A>G,NP_001033692.2:p.Thr267Ala,0.389,24.4,['Unknown%20significance'],0.02,0.0,0.0,-0.0,0.0
MARVELD2,5,69420185,NM_001038603.3:c.800C>T,NP_001033692.2:p.Thr267Ile,0.463,24.4,['Unknown%20significance'],0.02,0.0,0.0,-1.6,1.6
MARVELD2,5,69420187,NM_001038603.3:c.802A>G,NP_001033692.2:p.Ile268Val,0.036,4.762,['Unknown%20significance'],63.69,0.32,0.0,0.2,0.2
MARVELD2,5,69420188,NM_001038603.3:c.803T>A,NP_001033692.2:p.Ile268Asn,0.309,25.5,['Unknown%20significance'],63.69,0.32,0.0,2.8,2.8
MARVELD2,5,69420190,NM_001038603.3:c.805A>G,NP_001033692.2:p.Ile269Val,0.212,17.63,['Unknown%20significance'],98.14,0.5,0.0,0.2,0.2
MARVELD2,5,69420193,NM_001038603.3:c.808A>C,NP_001033692.2:p.Ile270Leu,0.054,0.039,['Unknown%20significance'],3.17,0.01,0.0,-0.3,0.3
MARVELD2,5,69420196,NM_001038603.3:c.811C>G,NP_001033692.2:p.Leu271Val,0.181,22.6,['Unknown%20significance'],15.76,0.08,0.0,1.0,1.0
MARVELD2,5,69420206,NM_001038603.3:c.821G>C,NP_001033692.2:p.Gly274Ala,0.550,26.8,['Unknown%20significance'],0.0,0.0,0.0,-1.5,1.5
MARVELD2,5,69420211,NM_001038603.3:c.826T>C,NP_001033692.2:p.Ser276Pro,0.255,25.3,['Unknown%20significance'],44.4,0.32,0.0,0.1,0.1
MARVELD2,5,69420214,NM_001038603.3:c.829A>G,NP_001033692.2:p.Met277Val,0.165,22.6,['Unknown%20significance'],141.71,0.65,0.0,0.1,0.1
MARVELD2,5,69420215,NM_001038603.3:c.830T>C,NP_001033692.2:p.Met277Thr,0.162,22.9,['Unknown%20significance'],141.71,0.65,0.0,0.4,0.4
MARVELD2,5,69420216,NM_001038603.3:c.831G>A,NP_001033692.2:p.Met277Ile,0.272,22.1,['Unknown%20significance'],141.71,0.65,0.0,-0.0,0.0
MARVELD2,5,69420218,NM_001038603.3:c.833A>C,NP_001033692.2:p.Tyr278Ser,0.713,27.4,['Unknown%20significance'],132.96,0.55,0.0,1.0,1.0
MARVELD2,5,69420218,NM_001038603.3:c.833A>G,NP_001033692.2:p.Tyr278Cys,0.708,28.1,['Unknown%20significance'],132.96,0.55,0.0,0.7,0.7
MARVELD2,5,69420220,NM_001038603.3:c.835T>G,NP_001033692.2:p.Tyr279Asp,0.829,27.6,['Unknown%20significance'],0.0,0.0,0.0,3.7,3.7
MARVELD2,5,69420223,NM_001038603.3:c.838C>T,NP_001033692.2:p.Arg280Trp,0.390,25.8,['Unknown%20significance'],80.73,0.29,0.0,-0.3,0.3
MARVELD2,5,69420224,NM_001038603.3:c.839G>A,NP_001033692.2:p.Arg280Gln,0.241,26.7,['Unknown%20significance'],80.73,0.29,0.0,0.3,0.3
MARVELD2,5,69420226,NM_001038603.3:c.841A>G,NP_001033692.2:p.Thr281Ala,0.064,21.0,['Likely%20benign'],93.4,0.59,0.0,0.2,0.2
MARVELD2,5,69420227,NM_001038603.3:c.842C>A,NP_001033692.2:p.Thr281Asn,0.239,24.7,['Unknown%20significance'],93.4,0.59,0.0,0.3,0.3
MARVELD2,5,69420229,NM_001038603.3:c.844A>G,NP_001033692.2:p.Ile282Val,0.233,23.6,['Unknown%20significance'],94.96,0.48,0.0,0.2,0.2
MARVELD2,5,69420238,NM_001038603.3:c.853G>T,NP_001033692.2:p.Asp285Tyr,0.713,28.4,['Unknown%20significance'],82.97,0.51,0.0,-0.8,0.8
MARVELD2,5,69420239,NM_001038603.3:c.854A>C,NP_001033692.2:p.Asp285Ala,0.762,27.3,['Pathogenic'],82.97,0.51,0.0,-0.1,0.1
MARVELD2,5,69420240,NM_001038603.3:c.855C>A,NP_001033692.2:p.Asp285Glu,0.440,23.5,['Unknown%20significance'],82.97,0.51,0.0,-0.1,0.1
MARVELD2,5,69420240,NM_001038603.3:c.855C>G,NP_001033692.2:p.Asp285Glu,0.440,23.5,['Unknown%20significance'],82.97,0.51,0.0,-0.1,0.1
MARVELD2,5,69420242,NM_001038603.3:c.857C>A,NP_001033692.2:p.Ser286Tyr,0.478,25.1,['Unknown%20significance'],26.1,0.18,0.0,-1.2,1.2
MARVELD2,5,69420242,NM_001038603.3:c.857C>G,NP_001033692.2:p.Ser286Cys,0.414,25.4,['Unknown%20significance'],26.1,0.18,0.0,-0.1,0.1
MARVELD2,5,69420242,NM_001038603.3:c.857C>T,NP_001033692.2:p.Ser286Phe,0.453,25.8,['Unknown%20significance'],26.1,0.18,0.0,-1.1,1.1
MARVELD2,5,69420245,NM_001038603.3:c.860A>T,NP_001033692.2:p.Asn287Ile,0.069,18.88,['Likely%20benign'],102.41,0.64,0.0,-0.7,0.7
MARVELD2,5,69420246,NM_001038603.3:c.861T>A,NP_001033692.2:p.Asn287Lys,0.018,0.899,['Likely%20benign'],102.41,0.64,0.0,0.1,0.1
MARVELD2,5,69420246,NM_001038603.3:c.861T>G,NP_001033692.2:p.Asn287Lys,0.018,0.975,['Likely%20benign'],102.41,0.64,0.0,0.1,0.1
MARVELD2,5,69420248,NM_001038603.3:c.863G>T,NP_001033692.2:p.Trp288Leu,0.710,29.7,['Unknown%20significance'],159.47,0.6,0.0,0.1,0.1
MARVELD2,5,69420250,NM_001038603.3:c.865T>C,NP_001033692.2:p.Trp289Arg,0.811,29.3,['Unknown%20significance'],18.36,0.06,0.0,3.5,3.5
MARVELD2,5,69420252,NM_001038603.3:c.867G>T,NP_001033692.2:p.Trp289Cys,0.717,31,['Unknown%20significance'],18.36,0.06,0.0,3.2,3.2
MARVELD2,5,69420253,NM_001038603.3:c.868C>A,NP_001033692.2:p.Pro290Thr,0.741,25.0,['Unknown%20significance'],0.0,0.0,0.0,-0.0,0.0
MARVELD2,5,69420253,NM_001038603.3:c.868C>T,NP_001033692.2:p.Pro290Ser,0.680,25.3,['Unknown%20significance'],0.0,0.0,0.0,0.7,0.7
MARVELD2,5,69420254,NM_001038603.3:c.869C>G,NP_001033692.2:p.Pro290Arg,0.782,25.8,['Unknown%20significance'],0.0,0.0,0.0,-0.0,0.0
MARVELD2,5,69420254,NM_001038603.3:c.869C>T,NP_001033692.2:p.Pro290Leu,0.744,26.3,['Unknown%20significance'],0.0,0.0,0.0,-1.9,1.9
MARVELD2,5,69420256,NM_001038603.3:c.871C>G,NP_001033692.2:p.Leu291Val,0.162,20.1,['Unknown%20significance'],77.61,0.4,0.0,0.5,0.5
MARVELD2,5,69420260,NM_001038603.3:c.875C>G,NP_001033692.2:p.Thr292Ser,0.358,24.1,['Unknown%20significance'],59.72,0.37,0.0,0.6,0.6
MARVELD2,5,69420262,NM_001038603.3:c.877G>C,NP_001033692.2:p.Glu293Gln,0.477,27.1,['Unknown%20significance'],0.0,0.0,0.0,-0.5,0.5
MARVELD2,5,69420263,NM_001038603.3:c.878A>G,NP_001033692.2:p.Glu293Gly,0.605,28.4,['Unknown%20significance'],0.0,0.0,0.0,1.1,1.1
MARVELD2,5,69420268,NM_001038603.3:c.883G>A,NP_001033692.2:p.Gly295Arg,0.173,24.4,['Unknown%20significance'],33.93,0.35,0.0,-0.8,0.8
MARVELD2,5,69420272,NM_001038603.3:c.887T>G,NP_001033692.2:p.Ile296Ser,0.331,26.2,['Unknown%20significance'],63.68,0.32,0.0,2.2,2.2
MARVELD2,5,69420273,NM_001038603.3:c.888T>G,NP_001033692.2:p.Ile296Met,0.167,17.00,['Unknown%20significance'],63.68,0.32,0.0,0.6,0.6
MARVELD2,5,69420277,NM_001038603.3:c.892G>A,NP_001033692.2:p.Val298Ile,0.052,11.93,['Unknown%20significance'],43.58,0.25,0.0,-0.1,0.1
MARVELD2,5,69420280,NM_001038603.3:c.895G>C,NP_001033692.2:p.Ala299Pro,0.238,24.3,['Unknown%20significance'],44.38,0.34,0.0,0.6,0.6
MARVELD2,5,69420280,NM_001038603.3:c.895G>T,NP_001033692.2:p.Ala299Ser,0.058,18.92,['Unknown%20significance'],44.38,0.34,0.0,0.6,0.6
MARVELD2,5,69420281,NM_001038603.3:c.896C>T,NP_001033692.2:p.Ala299Val,0.069,17.62,['Unknown%20significance'],44.38,0.34,0.0,-1.4,1.4
MARVELD2,5,69420283,NM_001038603.3:c.898T>A,NP_001033692.2:p.Leu300Met,0.153,19.12,['Unknown%20significance'],1.07,0.0,0.0,1.0,1.0
MARVELD2,5,69420285,NM_001038603.3:c.900G>T,NP_001033692.2:p.Leu300Phe,0.284,24.5,['Unknown%20significance'],1.07,0.0,0.0,0.2,0.2
MARVELD2,5,69420286,NM_001038603.3:c.901T>C,NP_001033692.2:p.Phe301Leu,0.130,24.4,['Unknown%20significance'],38.61,0.16,0.0,0.1,0.1
MARVELD2,5,69420287,NM_001038603.3:c.902T>G,NP_001033692.2:p.Phe301Cys,0.200,27.3,['Unknown%20significance'],38.61,0.16,0.0,1.1,1.1
MARVELD2,5,69420291,NM_001038603.3:c.906T>G,NP_001033692.2:p.Ile302Met,0.156,15.28,['Unknown%20significance'],110.24,0.56,0.0,0.5,0.5
MARVELD2,5,69420294,NM_001038603.3:c.909G>C,NP_001033692.2:p.Leu303Phe,0.291,24.1,['Unknown%20significance'],63.49,0.32,0.0,0.4,0.4
MARVELD2,5,69420296,NM_001038603.3:c.911A>C,NP_001033692.2:p.Tyr304Ser,0.438,27.3,['Unknown%20significance'],0.0,0.0,0.0,5.2,5.2
MARVELD2,5,69420298,NM_001038603.3:c.913A>G,NP_001033692.2:p.Met305Val,0.184,24.0,['Unknown%20significance'],72.5,0.33,0.0,-0.1,0.1
MARVELD2,5,69420301,NM_001038603.3:c.916G>A,NP_001033692.2:p.Ala306Thr,0.094,22.4,['Unknown%20significance'],35.14,0.27,0.0,0.1,0.1
MARVELD2,5,69420304,NM_001038603.3:c.919G>A,NP_001033692.2:p.Ala307Thr,0.433,26.9,['Unknown%20significance'],0.0,0.0,0.0,1.2,1.2
MARVELD2,5,69420304,NM_001038603.3:c.919G>T,NP_001033692.2:p.Ala307Ser,0.316,26.1,['Unknown%20significance'],0.0,0.0,0.0,1.7,1.7
MARVELD2,5,69420307,NM_001038603.3:c.922G>C,NP_001033692.2:p.Ala308Pro,0.363,27.2,['Unknown%20significance'],0.0,0.0,0.0,1.4,1.4
MARVELD2,5,69420308,NM_001038603.3:c.923C>G,NP_001033692.2:p.Ala308Gly,0.174,18.62,['Unknown%20significance'],0.0,0.0,0.0,1.8,1.8
MARVELD2,5,69420308,NM_001038603.3:c.923C>T,NP_001033692.2:p.Ala308Val,0.265,24.9,['Unknown%20significance'],0.0,0.0,0.0,-1.3,1.3
MARVELD2,5,69420310,NM_001038603.3:c.925A>G,NP_001033692.2:p.Ile309Val,0.131,19.64,['Unknown%20significance'],102.95,0.52,0.0,0.2,0.2
MARVELD2,5,69420314,NM_001038603.3:c.929T>C,NP_001033692.2:p.Val310Ala,0.370,22.7,['Unknown%20significance'],26.01,0.15,0.0,1.9,1.9
MARVELD2,5,69420317,NM_001038603.3:c.932A>G,NP_001033692.2:p.Tyr311Cys,0.783,28.8,['Unknown%20significance'],0.5,0.0,0.0,1.4,1.4
MARVELD2,5,69420322,NM_001038603.3:c.937A>G,NP_001033692.2:p.Asn313Asp,0.224,25.3,['Unknown%20significance'],33.54,0.2,0.0,0.5,0.5
MARVELD2,5,69420323,NM_001038603.3:c.938A>G,NP_001033692.2:p.Asn313Ser,0.206,24.6,['Unknown%20significance'],33.54,0.2,0.0,-0.0,0.0
MARVELD2,5,69420325,NM_001038603.3:c.940G>A,NP_001033692.2:p.Asp314Asn,0.438,28.0,['Unknown%20significance'],0.86,0.0,0.0,-0.6,0.6
MARVELD2,5,69420326,NM_001038603.3:c.941A>G,NP_001033692.2:p.Asp314Gly,0.774,27.3,['Unknown%20significance'],0.86,0.0,0.0,-0.0,0.0
MARVELD2,5,69420326,NM_001038603.3:c.941A>T,NP_001033692.2:p.Asp314Val,0.811,26.9,['Unknown%20significance'],0.86,0.0,0.0,-2.3,2.3
MARVELD2,5,69420329,NM_001038603.3:c.944C>G,NP_001033692.2:p.Thr315Ser,0.107,23.1,['Unknown%20significance'],0.57,0.0,0.0,0.9,0.9
MARVELD2,5,69420329,NM_001038603.3:c.944C>T,NP_001033692.2:p.Thr315Ile,0.080,16.59,['Unknown%20significance'],0.57,0.0,0.0,-1.3,1.3
MARVELD2,5,69420331,NM_001038603.3:c.946A>C,NP_001033692.2:p.Asn316His,0.322,25.1,['Unknown%20significance'],39.86,0.24,0.0,-0.3,0.3
MARVELD2,5,69420334,NM_001038603.3:c.949C>G,NP_001033692.2:p.Arg317Gly,0.580,24.3,['Unknown%20significance'],0.42,0.0,0.0,1.7,1.7
MARVELD2,5,69420335,NM_001038603.3:c.950G>A,NP_001033692.2:p.Arg317Gln,0.409,28.9,['Unknown%20significance'],0.42,0.0,0.0,0.5,0.5
MARVELD2,5,69420335,NM_001038603.3:c.950G>C,NP_001033692.2:p.Arg317Pro,0.561,29.3,['Unknown%20significance'],0.42,0.0,0.0,1.0,1.0
MARVELD2,5,69420337,NM_001038603.3:c.952G>C,NP_001033692.2:p.Gly318Arg,0.754,28.7,['Unknown%20significance'],16.77,0.17,0.0,-0.5,0.5
MARVELD2,5,69420338,NM_001038603.3:c.953G>T,NP_001033692.2:p.Gly318Val,0.778,27.5,['Unknown%20significance'],16.77,0.17,0.0,-0.8,0.8
MARVELD2,5,69420340,NM_001038603.3:c.955G>A,NP_001033692.2:p.Gly319Ser,0.635,28.7,['Unknown%20significance'],15.88,0.16,0.0,-0.5,0.5
MARVELD2,5,69420341,NM_001038603.3:c.956G>A,NP_001033692.2:p.Gly319Asp,0.704,27.9,['Unknown%20significance'],15.88,0.16,0.0,-0.2,0.2
MARVELD2,5,69420343,NM_001038603.3:c.958C>G,NP_001033692.2:p.Leu320Val,0.372,24.9,['Unknown%20significance'],16.56,0.08,0.0,0.3,0.3
MARVELD2,5,69420343,NM_001038603.3:c.958C>T,NP_001033692.2:p.Leu320Phe,0.461,25.6,['Unknown%20significance'],16.56,0.08,0.0,-0.1,0.1
MARVELD2,5,69420346,NM_001038603.3:c.961T>A,NP_001033692.2:p.Cys321Ser,0.709,27.5,['Unknown%20significance'],19.29,0.12,0.0,2.4,2.4
MARVELD2,5,69420349,NM_001038603.3:c.964T>C,NP_001033692.2:p.Tyr322His,0.274,25.9,['Unknown%20significance'],178.78,0.74,0.0,0.2,0.2
MARVELD2,5,69420350,NM_001038603.3:c.965A>G,NP_001033692.2:p.Tyr322Cys,0.399,25.2,['Unknown%20significance'],178.78,0.74,0.0,0.3,0.3
MARVELD2,5,69420352,NM_001038603.3:c.967T>C,NP_001033692.2:p.Tyr323His,0.290,24.9,['Unknown%20significance'],138.41,0.57,0.0,0.4,0.4
MARVELD2,5,69420353,NM_001038603.3:c.968A>G,NP_001033692.2:p.Tyr323Cys,0.385,26.8,['Unknown%20significance'],138.41,0.57,0.0,0.5,0.5
MARVELD2,5,69420356,NM_001038603.3:c.971C>A,NP_001033692.2:p.Pro324Gln,0.197,21.5,['Unknown%20significance'],121.39,0.77,0.0,0.1,0.1
MARVELD2,5,69420356,NM_001038603.3:c.971C>G,NP_001033692.2:p.Pro324Arg,0.285,23.7,['Unknown%20significance'],121.39,0.77,0.0,0.0,0.0
MARVELD2,5,69420356,NM_001038603.3:c.971C>T,NP_001033692.2:p.Pro324Leu,0.264,22.8,['Unknown%20significance'],121.39,0.77,0.0,-0.1,0.1
MARVELD2,5,69420361,NM_001038603.3:c.976T>C,NP_001033692.2:p.Phe326Leu,0.400,24.5,['Unknown%20significance'],2.89,0.01,0.0,0.8,0.8
MARVELD2,5,69420362,NM_001038603.3:c.977T>G,NP_001033692.2:p.Phe326Cys,0.554,27.4,['Unknown%20significance'],2.89,0.01,0.0,1.6,1.6
MARVELD2,5,69420366,NM_001038603.3:c.981T>G,NP_001033692.2:p.Asn327Lys,0.265,4.433,['Unknown%20significance'],71.89,0.44,0.0,0.2,0.2
MARVELD2,5,69420368,NM_001038603.3:c.983C>T,NP_001033692.2:p.Thr328Ile,0.200,23.4,['Unknown%20significance'],58.25,0.37,0.0,-0.3,0.3
MARVELD2,5,69420370,NM_001038603.3:c.985C>A,NP_001033692.2:p.Pro329Thr,0.239,23.8,['Unknown%20significance'],142.79,0.9,0.0,-0.0,0.0
MARVELD2,5,69420370,NM_001038603.3:c.985C>T,NP_001033692.2:p.Pro329Ser,0.217,23.9,['Unknown%20significance'],142.79,0.9,0.0,0.0,0.0
MARVELD2,5,69420371,NM_001038603.3:c.986C>A,NP_001033692.2:p.Pro329Gln,0.283,24.1,['Unknown%20significance'],142.79,0.9,0.0,-0.1,0.1
MARVELD2,5,69420371,NM_001038603.3:c.986C>T,NP_001033692.2:p.Pro329Leu,0.251,24.6,['Unknown%20significance'],142.79,0.9,0.0,-0.1,0.1
MARVELD2,5,69420378,NM_001038603.3:c.993T>G,NP_001033692.2:p.Asn331Lys,0.394,0.951,['Unknown%20significance'],17.97,0.11,0.0,0.3,0.3
MARVELD2,5,69420380,NM_001038603.3:c.995C>T,NP_001033692.2:p.Ala332Val,0.170,19.65,['Unknown%20significance'],35.56,0.27,0.0,-0.4,0.4
MARVELD2,5,69420382,NM_001038603.3:c.997G>A,NP_001033692.2:p.Val333Met,0.097,11.88,['Likely%20benign'],86.09,0.5,0.0,-0.0,0.0
MARVELD2,5,69420383,NM_001038603.3:c.998T>A,NP_001033692.2:p.Val333Glu,0.229,9.702,['Likely%20benign'],86.09,0.5,0.0,0.7,0.7
MARVELD2,5,69420383,NM_001038603.3:c.998T>C,NP_001033692.2:p.Val333Ala,0.111,2.449,['Likely%20benign'],86.09,0.5,0.0,0.4,0.4
MARVELD2,5,69420389,NM_001038603.3:c.1004G>C,NP_001033692.2:p.Cys335Ser,0.523,26.2,['Unknown%20significance'],10.41,0.06,0.0,2.9,2.9
MARVELD2,5,69420389,NM_001038603.3:c.1004G>T,NP_001033692.2:p.Cys335Phe,0.598,26.9,['Unknown%20significance'],10.41,0.06,0.0,1.2,1.2
MARVELD2,5,69420391,NM_001038603.3:c.1006C>G,NP_001033692.2:p.Arg336Gly,0.596,25.4,['Unknown%20significance'],181.45,0.67,0.0,0.6,0.6
MARVELD2,5,69420391,NM_001038603.3:c.1006C>T,NP_001033692.2:p.Arg336Trp,0.669,27.1,['Unknown%20significance'],181.45,0.67,0.0,-0.3,0.3
MARVELD2,5,69420392,NM_001038603.3:c.1007G>A,NP_001033692.2:p.Arg336Gln,0.460,29.7,['Unknown%20significance'],181.45,0.67,0.0,0.1,0.1
MARVELD2,5,69420392,NM_001038603.3:c.1007G>T,NP_001033692.2:p.Arg336Leu,0.749,28.8,['Unknown%20significance'],181.45,0.67,0.0,-0.2,0.2
MARVELD2,5,69420394,NM_001038603.3:c.1009G>A,NP_001033692.2:p.Val337Ile,0.069,18.99,['Unknown%20significance'],39.88,0.23,0.0,0.1,0.1
MARVELD2,5,69420400,NM_001038603.3:c.1015G>A,NP_001033692.2:p.Gly339Arg,0.268,25.8,['Unknown%20significance'],56.36,0.59,0.0,-0.3,0.3
MARVELD2,5,69420401,NM_001038603.3:c.1016G>C,NP_001033692.2:p.Gly339Ala,0.160,22.3,['Unknown%20significance'],56.36,0.59,0.0,-0.2,0.2
MARVELD2,5,69420403,NM_001038603.3:c.1018G>A,NP_001033692.2:p.Gly340Arg,0.778,29.5,['Unknown%20significance'],24.72,0.25,0.0,-0.9,0.9
MARVELD2,5,69420404,NM_001038603.3:c.1019G>A,NP_001033692.2:p.Gly340Glu,0.752,28.2,['Unknown%20significance'],24.72,0.25,0.0,-0.2,0.2
MARVELD2,5,69420408,NM_001038603.3:c.1023G>C,NP_001033692.2:p.Gln341His,0.393,23.8,['Unknown%20significance'],1.15,0.0,0.0,-0.2,0.2
MARVELD2,5,69420410,NM_001038603.3:c.1025T>G,NP_001033692.2:p.Ile342Arg,0.189,23.4,['Unknown%20significance'],85.61,0.43,0.0,1.0,1.0
MARVELD2,5,69420411,NM_001038603.3:c.1026A>G,NP_001033692.2:p.Ile342Met,0.095,5.801,['Unknown%20significance'],85.61,0.43,0.0,0.3,0.3
MARVELD2,5,69420412,NM_001038603.3:c.1027G>C,NP_001033692.2:p.Ala343Pro,0.490,28.3,['Unknown%20significance'],26.04,0.2,0.0,1.3,1.3
MARVELD2,5,69420413,NM_001038603.3:c.1028C>G,NP_001033692.2:p.Ala343Gly,0.281,25.5,['Unknown%20significance'],26.04,0.2,0.0,1.7,1.7
MARVELD2,5,69420415,NM_001038603.3:c.1030G>A,NP_001033692.2:p.Ala344Thr,0.413,27.6,['Unknown%20significance'],0.0,0.0,0.0,1.0,1.0
MARVELD2,5,69420418,NM_001038603.3:c.1033A>G,NP_001033692.2:p.Met345Val,0.071,15.62,['Unknown%20significance'],32.93,0.15,0.0,-0.7,0.7
MARVELD2,5,69420420,NM_001038603.3:c.1035G>A,NP_001033692.2:p.Met345Ile,0.082,15.34,['Likely%20benign'],32.93,0.15,0.0,-0.8,0.8
MARVELD2,5,69420420,NM_001038603.3:c.1035G>C,NP_001033692.2:p.Met345Ile,0.082,15.53,['Likely%20benign'],32.93,0.15,0.0,-0.8,0.8
MARVELD2,5,69420431,NM_001038603.3:c.1046T>C,NP_001033692.2:p.Phe349Ser,0.667,32,['Unknown%20significance'],66.85,0.29,0.0,3.1,3.1
MARVELD2,5,69420433,NM_001038603.3:c.1048G>A,NP_001033692.2:p.Val350Ile,0.060,15.03,['Unknown%20significance'],59.89,0.34,0.0,-0.2,0.2
MARVELD2,5,69420433,NM_001038603.3:c.1048G>C,NP_001033692.2:p.Val350Leu,0.064,16.85,['Unknown%20significance'],59.89,0.34,0.0,-0.3,0.3
MARVELD2,5,69420434,NM_001038603.3:c.1049T>C,NP_001033692.2:p.Val350Ala,0.154,22.5,['Unknown%20significance'],59.89,0.34,0.0,1.5,1.5
MARVELD2,5,69420439,NM_001038603.3:c.1054A>G,NP_001033692.2:p.Met352Val,0.099,21.7,['Unknown%20significance'],17.94,0.08,0.0,-0.7,0.7
MARVELD2,5,69420441,NM_001038603.3:c.1056G>A,NP_001033692.2:p.Met352Ile,0.176,23.3,['Unknown%20significance'],17.94,0.08,0.0,-0.8,0.8
MARVELD2,5,69420442,NM_001038603.3:c.1057A>G,NP_001033692.2:p.Ile353Val,0.023,15.02,['Unknown%20significance'],86.9,0.44,0.0,0.2,0.2
MARVELD2,5,69420443,NM_001038603.3:c.1058T>G,NP_001033692.2:p.Ile353Arg,0.225,24.8,['Unknown%20significance'],86.9,0.44,0.0,1.8,1.8
MARVELD2,5,69420444,NM_001038603.3:c.1059A>G,NP_001033692.2:p.Ile353Met,0.080,0.252,['Unknown%20significance'],86.9,0.44,0.0,0.6,0.6
MARVELD2,5,69420446,NM_001038603.3:c.1061T>A,NP_001033692.2:p.Val354Asp,0.236,25.5,['Unknown%20significance'],12.12,0.07,0.0,4.1,4.1
MARVELD2,5,69420446,NM_001038603.3:c.1061T>C,NP_001033692.2:p.Val354Ala,0.141,23.1,['Unknown%20significance'],12.12,0.07,0.0,1.8,1.8
MARVELD2,5,69420448,NM_001038603.3:c.1063T>G,NP_001033692.2:p.Tyr355Asp,0.683,29.5,['Unknown%20significance'],0.0,0.0,0.0,5.8,5.8
MARVELD2,5,69420449,NM_001038603.3:c.1064A>T,NP_001033692.2:p.Tyr355Phe,0.298,24.0,['Unknown%20significance'],0.0,0.0,0.0,0.0,0.0
MARVELD2,5,69420454,NM_001038603.3:c.1069A>C,NP_001033692.2:p.Ile357Leu,0.092,4.961,['Unknown%20significance'],39.53,0.2,0.0,0.2,0.2
MARVELD2,5,69420454,NM_001038603.3:c.1069A>G,NP_001033692.2:p.Ile357Val,0.024,0.364,['Likely%20benign'],39.53,0.2,0.0,0.1,0.1
MARVELD2,5,69420455,NM_001038603.3:c.1070T>C,NP_001033692.2:p.Ile357Thr,0.205,23.8,['Unknown%20significance'],39.53,0.2,0.0,1.7,1.7
MARVELD2,5,69420458,NM_001038603.3:c.1073G>A,NP_001033692.2:p.Ser358Asn,0.166,24.3,['Unknown%20significance'],1.01,0.0,0.0,0.1,0.1
MARVELD2,5,69420461,NM_001038603.3:c.1076C>T,NP_001033692.2:p.Ala359Val,0.266,25.2,['Unknown%20significance'],0.06,0.0,0.0,-1.1,1.1
MARVELD2,5,69420464,NM_001038603.3:c.1079T>C,NP_001033692.2:p.Leu360Ser,0.103,23.2,['Unknown%20significance'],75.03,0.38,0.0,1.5,1.5
MARVELD2,5,69420466,NM_001038603.3:c.1081G>A,NP_001033692.2:p.Val361Ile,0.251,25.5,['Unknown%20significance'],7.08,0.04,0.0,-0.3,0.3
MARVELD2,5,69420467,NM_001038603.3:c.1082T>A,NP_001033692.2:p.Val361Asp,0.424,26.4,['Unknown%20significance'],7.08,0.04,0.0,4.1,4.1
MARVELD2,5,69420467,NM_001038603.3:c.1082T>G,NP_001033692.2:p.Val361Gly,0.420,26.6,['Unknown%20significance'],7.08,0.04,0.0,4.0,4.0
MARVELD2,5,69420470,NM_001038603.3:c.1085G>C,NP_001033692.2:p.Cys362Ser,0.170,21.3,['Likely%20benign'],0.0,0.0,0.0,1.2,1.2
MARVELD2,5,69420476,NM_001038603.3:c.1091A>C,NP_001033692.2:p.Lys364Thr,0.462,26.2,['Unknown%20significance'],90.45,0.38,0.0,-0.1,0.1
MARVELD2,5,69420476,NM_001038603.3:c.1091A>G,NP_001033692.2:p.Lys364Arg,0.345,26.2,['Unknown%20significance'],90.45,0.38,0.0,-0.6,0.6
MARVELD2,5,69420477,NM_001038603.3:c.1092G>C,NP_001033692.2:p.Lys364Asn,0.346,24.2,['Unknown%20significance'],90.45,0.38,0.0,0.1,0.1
MARVELD2,5,69420481,NM_001038603.3:c.1096T>C,NP_001033692.2:p.Trp366Arg,0.788,28.7,['Unknown%20significance'],92.98,0.35,0.0,1.8,1.8
MARVELD2,5,69420485,NM_001038603.3:c.1100G>T,NP_001033692.2:p.Arg367Met,0.462,28.7,['Unknown%20significance'],182.81,0.67,0.0,0.2,0.2
MARVELD2,5,69420487,NM_001038603.3:c.1102C>T,NP_001033692.2:p.His368Tyr,0.432,25.7,['Unknown%20significance'],110.19,0.53,0.0,-0.5,0.5
MARVELD2,5,69420488,NM_001038603.3:c.1103A>C,NP_001033692.2:p.His368Pro,0.681,26.3,['Unknown%20significance'],110.19,0.53,0.0,0.5,0.5
MARVELD2,5,69420492,NM_001038603.3:c.1107G>C,NP_001033692.2:p.Glu369Asp,0.211,23.8,['Unknown%20significance'],8.89,0.04,0.0,0.2,0.2
MARVELD2,5,69420493,NM_001038603.3:c.1108G>T,NP_001033692.2:p.Ala370Ser,0.056,20.6,['Unknown%20significance'],39.41,0.3,0.0,-0.0,0.0
MARVELD2,5,69420494,NM_001038603.3:c.1109C>T,NP_001033692.2:p.Ala370Val,0.041,18.79,['Unknown%20significance'],39.41,0.3,0.0,-0.4,0.4
MARVELD2,5,69420496,NM_001038603.3:c.1111G>A,NP_001033692.2:p.Ala371Thr,0.238,22.7,['Unknown%20significance'],49.48,0.38,0.0,-0.1,0.1
MARVELD2,5,69420496,NM_001038603.3:c.1111G>T,NP_001033692.2:p.Ala371Ser,0.203,23.3,['Unknown%20significance'],49.48,0.38,0.0,0.0,0.0
MARVELD2,5,69420499,NM_001038603.3:c.1114C>G,NP_001033692.2:p.Arg372Gly,0.345,24.1,['Unknown%20significance'],82.91,0.3,0.0,1.2,1.2
MARVELD2,5,69420499,NM_001038603.3:c.1114C>T,NP_001033692.2:p.Arg372Trp,0.357,24.9,['Unknown%20significance'],82.91,0.3,0.0,-0.2,0.2
MARVELD2,5,69420500,NM_001038603.3:c.1115G>A,NP_001033692.2:p.Arg372Gln,0.390,32,['Pathogenic'],82.91,0.3,0.0,0.4,0.4
MARVELD2,5,69420503,NM_001038603.3:c.1118G>T,NP_001033692.2:p.Arg373Ile,0.220,23.1,['Unknown%20significance'],59.44,0.22,0.0,-1.0,1.0
MARVELD2,5,69420506,NM_001038603.3:c.1121A>G,NP_001033692.2:p.His374Arg,0.051,17.08,['Likely%20benign'],121.42,0.59,0.0,0.1,0.1
MARVELD2,5,69420506,NM_001038603.3:c.1121A>T,NP_001033692.2:p.His374Leu,0.073,21.1,['Likely%20benign'],121.42,0.59,0.0,-0.1,0.1
MARVELD2,5,69420507,NM_001038603.3:c.1122T>G,NP_001033692.2:p.His374Gln,0.049,0.050,['Likely%20benign'],121.42,0.59,0.0,0.3,0.3
MARVELD2,5,69420508,NM_001038603.3:c.1123A>G,NP_001033692.2:p.Arg375Gly,0.361,17.42,['Unknown%20significance'],133.47,0.49,0.0,1.0,1.0
MARVELD2,5,69420509,NM_001038603.3:c.1124G>C,NP_001033692.2:p.Arg375Thr,0.319,23.6,['Unknown%20significance'],133.47,0.49,0.0,0.4,0.4
MARVELD2,5,69420509,NM_001038603.3:c.1124G>T,NP_001033692.2:p.Arg375Ile,0.315,26.8,['Unknown%20significance'],133.47,0.49,0.0,0.2,0.2
MARVELD2,5,69420510,NM_001038603.3:c.1125A>C,NP_001033692.2:p.Arg375Ser,0.324,22.4,['Unknown%20significance'],133.47,0.49,0.0,0.6,0.6
MARVELD2,5,69420515,NM_001038603.3:c.1130A>G,NP_001033692.2:p.Tyr377Cys,0.016,11.75,['Likely%20benign'],140.2,0.58,0.0,0.9,0.9
MARVELD2,5,69420517,NM_001038603.3:c.1132A>G,NP_001033692.2:p.Met378Val,0.057,1.189,['Likely%20benign'],96.31,0.44,0.0,0.0,0.0
MARVELD2,5,69420518,NM_001038603.3:c.1133T>C,NP_001033692.2:p.Met378Thr,0.045,17.39,['Likely%20benign'],96.31,0.44,0.0,0.4,0.4
MARVELD2,5,69420518,NM_001038603.3:c.1133T>G,NP_001033692.2:p.Met378Arg,0.068,21.8,['Likely%20benign'],96.31,0.44,0.0,-0.0,0.0
MARVELD2,5,69420519,NM_001038603.3:c.1134G>A,NP_001033692.2:p.Met378Ile,0.065,22.2,['Likely%20benign'],96.31,0.44,0.0,-0.0,0.0
MARVELD2,5,69420519,NM_001038603.3:c.1134G>T,NP_001033692.2:p.Met378Ile,0.065,20.8,['Likely%20benign'],96.31,0.44,0.0,-0.0,0.0
MARVELD2,5,69420524,NM_001038603.3:c.1139A>G,NP_001033692.2:p.Gln380Arg,0.074,18.59,['Likely%20benign'],113.19,0.57,0.0,-0.2,0.2
MARVELD2,5,69420526,NM_001038603.3:c.1141C>A,NP_001033692.2:p.Gln381Lys,0.043,20.4,['Likely%20benign'],89.61,0.45,0.0,0.3,0.3
MARVELD2,5,69420526,NM_001038603.3:c.1141C>G,NP_001033692.2:p.Gln381Glu,0.035,15.83,['Likely%20benign'],89.61,0.45,0.0,0.3,0.3
MARVELD2,5,69420527,NM_001038603.3:c.1142A>C,NP_001033692.2:p.Gln381Pro,0.034,20.4,['Unknown%20significance'],89.61,0.45,0.0,0.5,0.5
MARVELD2,5,69420527,NM_001038603.3:c.1142A>G,NP_001033692.2:p.Gln381Arg,0.013,20.5,['Unknown%20significance'],89.61,0.45,0.0,-0.2,0.2
MARVELD2,5,69420528,NM_001038603.3:c.1143G>T,NP_001033692.2:p.Gln381His,0.084,22.6,['Unknown%20significance'],89.61,0.45,0.0,-0.0,0.0
MARVELD2,5,69420530,NM_001038603.3:c.1145A>T,NP_001033692.2:p.Glu382Val,0.124,24.8,['Unknown%20significance'],135.03,0.69,0.0,-0.7,0.7
MARVELD2,5,69420531,NM_001038603.3:c.1146G>T,NP_001033692.2:p.Glu382Asp,0.081,25.2,['Unknown%20significance'],135.03,0.69,0.0,0.1,0.1
MARVELD2,5,69424601,NM_001038603.3:c.1147A>T,NP_001033692.2:p.Ile383Leu,0.065,10.71,['Likely%20benign'],141.65,0.72,0.0,0.0,0.0
MARVELD2,5,69424602,NM_001038603.3:c.1148T>C,NP_001033692.2:p.Ile383Thr,0.063,16.96,['Unknown%20significance'],141.65,0.72,0.0,0.1,0.1
MARVELD2,5,69424605,NM_001038603.3:c.1151A>G,NP_001033692.2:p.Asn384Ser,0.018,8.622,['Likely%20benign'],114.34,0.71,0.0,0.1,0.1
MARVELD2,5,69424606,NM_001038603.3:c.1152T>A,NP_001033692.2:p.Asn384Lys,0.016,9.007,['Likely%20benign'],114.34,0.71,0.0,0.2,0.2
MARVELD2,5,69424607,NM_001038603.3:c.1153G>A,NP_001033692.2:p.Glu385Lys,0.060,22.4,['Unknown%20significance'],76.94,0.39,0.0,0.1,0.1
MARVELD2,5,69424610,NM_001038603.3:c.1156C>A,NP_001033692.2:p.Pro386Thr,0.020,0.690,['Likely%20benign'],86.26,0.54,0.0,-0.3,0.3
MARVELD2,5,69424610,NM_001038603.3:c.1156C>G,NP_001033692.2:p.Pro386Ala,0.022,0.393,['Likely%20benign'],86.26,0.54,0.0,-0.2,0.2
MARVELD2,5,69424610,NM_001038603.3:c.1156C>T,NP_001033692.2:p.Pro386Ser,0.015,0.590,['Likely%20benign'],86.26,0.54,0.0,-0.2,0.2
MARVELD2,5,69424611,NM_001038603.3:c.1157C>A,NP_001033692.2:p.Pro386Gln,0.015,13.20,['Likely%20benign'],86.26,0.54,0.0,-0.2,0.2
MARVELD2,5,69424613,NM_001038603.3:c.1159T>C,NP_001033692.2:p.Ser387Pro,0.126,21.2,['Unknown%20significance'],62.5,0.45,0.0,0.3,0.3
MARVELD2,5,69424617,NM_001038603.3:c.1163T>C,NP_001033692.2:p.Leu388Ser,0.132,17.26,['Unknown%20significance'],113.28,0.58,0.0,0.3,0.3
MARVELD2,5,69424619,NM_001038603.3:c.1165T>C,NP_001033692.2:p.Ser389Pro,0.025,5.469,['Likely%20benign'],66.48,0.48,0.0,-0.3,0.3
MARVELD2,5,69424623,NM_001038603.3:c.1169C>T,NP_001033692.2:p.Ser390Leu,0.062,19.45,['Likely%20benign'],74.52,0.54,0.0,0.0,0.0
MARVELD2,5,69424628,NM_001038603.3:c.1174A>G,NP_001033692.2:p.Arg392Gly,0.082,23.7,['Unknown%20significance'],180.5,0.66,0.0,0.7,0.7
MARVELD2,5,69424628,NM_001038603.3:c.1174A>T,NP_001033692.2:p.Arg392Trp,0.177,28.4,['Unknown%20significance'],180.5,0.66,0.0,-0.4,0.4
MARVELD2,5,69424629,NM_001038603.3:c.1175G>A,NP_001033692.2:p.Arg392Lys,0.123,19.19,['Unknown%20significance'],180.5,0.66,0.0,0.5,0.5
MARVELD2,5,69424629,NM_001038603.3:c.1175G>T,NP_001033692.2:p.Arg392Met,0.099,22.7,['Unknown%20significance'],180.5,0.66,0.0,-0.1,0.1
MARVELD2,5,69424631,NM_001038603.3:c.1177A>G,NP_001033692.2:p.Lys393Glu,0.022,22.5,['Unknown%20significance'],174.5,0.73,0.0,-0.1,0.1
MARVELD2,5,69424634,NM_001038603.3:c.1180A>G,NP_001033692.2:p.Met394Val,0.059,14.23,['Unknown%20significance'],148.65,0.68,0.0,0.1,0.1
MARVELD2,5,69424636,NM_001038603.3:c.1182G>A,NP_001033692.2:p.Met394Ile,0.054,33,['Unknown%20significance'],148.65,0.68,0.0,0.1,0.1
MARVELD2,5,69432527,NM_001038603.3:c.1183T>C,NP_001033692.2:p.Cys395Arg,0.077,22.5,['Unknown%20significance'],108.53,0.7,0.0,-0.1,0.1
MARVELD2,5,69432528,NM_001038603.3:c.1184G>A,NP_001033692.2:p.Cys395Tyr,0.083,16.21,['Unknown%20significance'],108.53,0.7,0.0,-0.3,0.3
MARVELD2,5,69432530,NM_001038603.3:c.1186G>C,NP_001033692.2:p.Glu396Gln,0.083,22.7,['Unknown%20significance'],120.6,0.61,0.0,-0.1,0.1
MARVELD2,5,69432533,NM_001038603.3:c.1189A>T,NP_001033692.2:p.Met397Leu,0.070,9.847,['Likely%20benign'],154.94,0.71,0.0,-0.0,0.0
MARVELD2,5,69432534,NM_001038603.3:c.1190T>C,NP_001033692.2:p.Met397Thr,0.048,16.94,['Likely%20benign'],154.94,0.71,0.0,0.1,0.1
MARVELD2,5,69432536,NM_001038603.3:c.1192G>A,NP_001033692.2:p.Ala398Thr,0.067,12.06,['Unknown%20significance'],100.4,0.78,0.0,-0.1,0.1
MARVELD2,5,69432539,NM_001038603.3:c.1195A>G,NP_001033692.2:p.Thr399Ala,0.069,9.298,['Likely%20benign'],139.6,0.88,0.0,0.0,0.0
MARVELD2,5,69432540,NM_001038603.3:c.1196C>T,NP_001033692.2:p.Thr399Ile,0.106,13.37,['Likely%20benign'],139.6,0.88,0.0,-0.0,0.0
MARVELD2,5,69432543,NM_001038603.3:c.1199G>A,NP_001033692.2:p.Ser400Asn,0.053,14.48,['Likely%20benign'],99.62,0.72,0.0,0.0,0.0
MARVELD2,5,69432545,NM_001038603.3:c.1201G>T,NP_001033692.2:p.Gly401Cys,0.085,15.66,['Likely%20benign'],58.41,0.61,0.0,-0.3,0.3
MARVELD2,5,69432548,NM_001038603.3:c.1204G>A,NP_001033692.2:p.Asp402Asn,0.060,23.1,['Unknown%20significance'],118.19,0.73,0.0,-0.0,0.0
MARVELD2,5,69432548,NM_001038603.3:c.1204G>T,NP_001033692.2:p.Asp402Tyr,0.076,24.4,['Unknown%20significance'],118.19,0.73,0.0,-0.2,0.2
MARVELD2,5,69432552,NM_001038603.3:c.1208G>T,NP_001033692.2:p.Arg403Ile,0.143,22.3,['Likely%20benign'],241.27,0.89,0.0,0.1,0.1
MARVELD2,5,69432555,NM_001038603.3:c.1211A>C,NP_001033692.2:p.Gln404Pro,0.061,14.56,['Likely%20benign'],181.49,0.91,0.0,0.2,0.2
MARVELD2,5,69432557,NM_001038603.3:c.1213A>G,NP_001033692.2:p.Arg405Gly,0.086,22.2,['Unknown%20significance'],253.32,0.94,0.0,0.2,0.2
MARVELD2,5,69432560,NM_001038603.3:c.1216G>A,NP_001033692.2:p.Asp406Asn,0.120,22.9,['Unknown%20significance'],155.96,0.97,0.0,0.0,0.0
MARVELD2,5,69432566,NM_001038603.3:c.1222G>C,NP_001033692.2:p.Glu408Gln,0.089,22.6,['Unknown%20significance'],175.55,0.89,0.0,-0.1,0.1
MARVELD2,5,69432569,NM_001038603.3:c.1225G>A,NP_001033692.2:p.Val409Ile,0.066,22.2,['Likely%20benign'],152.32,0.88,0.0,0.0,0.0
MARVELD2,5,69432574,NM_001038603.3:c.1230T>G,NP_001033692.2:p.Asn410Lys,0.009,15.64,['Likely%20benign'],104.23,0.65,0.0,0.2,0.2
MARVELD2,5,69432576,NM_001038603.3:c.1232T>A,NP_001033692.2:p.Phe411Tyr,0.014,13.64,['Likely%20benign'],214.42,0.93,0.0,-0.0,0.0
MARVELD2,5,69432576,NM_001038603.3:c.1232T>C,NP_001033692.2:p.Phe411Ser,0.017,17.34,['Likely%20benign'],214.42,0.93,0.0,0.1,0.1
MARVELD2,5,69432581,NM_001038603.3:c.1237G>A,NP_001033692.2:p.Glu413Lys,0.026,20.3,['Likely%20benign'],107.64,0.55,0.0,0.1,0.1
MARVELD2,5,69432588,NM_001038603.3:c.1244G>C,NP_001033692.2:p.Arg415Thr,0.099,14.94,['Unknown%20significance'],221.58,0.82,0.0,0.0,0.0
MARVELD2,5,69432591,NM_001038603.3:c.1247C>G,NP_001033692.2:p.Thr416Arg,0.015,11.39,['Likely%20benign'],98.28,0.62,0.0,0.1,0.1
MARVELD2,5,69432591,NM_001038603.3:c.1247C>T,NP_001033692.2:p.Thr416Ile,0.019,14.69,['Likely%20benign'],98.28,0.62,0.0,-0.1,0.1
MARVELD2,5,69432594,NM_001038603.3:c.1250C>T,NP_001033692.2:p.Ala417Val,0.037,15.85,['Likely%20benign'],97.09,0.76,0.0,-0.2,0.2
MARVELD2,5,69432596,NM_001038603.3:c.1252A>G,NP_001033692.2:p.Lys418Glu,0.022,12.53,['Likely%20benign'],201.9,0.85,0.0,-0.1,0.1
MARVELD2,5,69432597,NM_001038603.3:c.1253A>T,NP_001033692.2:p.Lys418Ile,0.088,21.3,['Unknown%20significance'],201.9,0.85,0.0,-0.1,0.1
MARVELD2,5,69432600,NM_001038603.3:c.1256T>C,NP_001033692.2:p.Met419Thr,0.057,11.11,['Likely%20benign'],211.29,0.97,0.0,0.1,0.1
MARVELD2,5,69432601,NM_001038603.3:c.1257G>A,NP_001033692.2:p.Met419Ile,0.039,19.97,['Likely%20benign'],211.29,0.97,0.0,0.0,0.0
MARVELD2,5,69432602,NM_001038603.3:c.1258A>G,NP_001033692.2:p.Lys420Glu,0.025,20.3,['Likely%20benign'],172.57,0.72,0.0,0.0,0.0
MARVELD2,5,69432605,NM_001038603.3:c.1261C>A,NP_001033692.2:p.Pro421Thr,0.255,21.3,['Unknown%20significance'],145.73,0.92,0.0,0.3,0.3
MARVELD2,5,69432606,NM_001038603.3:c.1262C>G,NP_001033692.2:p.Pro421Arg,0.229,25.6,['Unknown%20significance'],145.73,0.92,0.0,0.2,0.2
MARVELD2,5,69432611,NM_001038603.3:c.1267C>G,NP_001033692.2:p.Leu423Val,0.053,7.685,['Likely%20benign'],186.24,0.96,0.0,-0.0,0.0
MARVELD2,5,69432612,NM_001038603.3:c.1268T>C,NP_001033692.2:p.Leu423Pro,0.184,22.6,['Unknown%20significance'],186.24,0.96,0.0,0.1,0.1
MARVELD2,5,69432618,NM_001038603.3:c.1274G>A,NP_001033692.2:p.Ser425Asn,0.057,18.45,['Unknown%20significance'],124.28,0.9,0.0,0.0,0.0
MARVELD2,5,69432621,NM_001038603.3:c.1277G>A,NP_001033692.2:p.Gly426Glu,0.280,25.8,['Unknown%20significance'],64.26,0.67,0.0,0.2,0.2
MARVELD2,5,69432621,NM_001038603.3:c.1277G>C,NP_001033692.2:p.Gly426Ala,0.306,25.3,['Unknown%20significance'],64.26,0.67,0.0,0.1,0.1
MARVELD2,5,69432621,NM_001038603.3:c.1277G>T,NP_001033692.2:p.Gly426Val,0.369,26.3,['Unknown%20significance'],64.26,0.67,0.0,0.0,0.0
MARVELD2,5,69432624,NM_001038603.3:c.1280A>G,NP_001033692.2:p.His427Arg,0.108,18.27,['Unknown%20significance'],187.38,0.91,0.0,0.0,0.0
MARVELD2,5,69432626,NM_001038603.3:c.1282A>G,NP_001033692.2:p.Ile428Val,0.084,21.4,['Unknown%20significance'],111.82,0.57,0.0,0.3,0.3
MARVELD2,5,69432629,NM_001038603.3:c.1285C>T,NP_001033692.2:p.Pro429Ser,0.307,25.2,['Unknown%20significance'],81.65,0.51,0.0,0.6,0.6
MARVELD2,5,69432630,NM_001038603.3:c.1286C>T,NP_001033692.2:p.Pro429Leu,0.366,26.2,['Unknown%20significance'],81.65,0.51,0.0,0.3,0.3
MARVELD2,5,69432632,NM_001038603.3:c.1288C>A,NP_001033692.2:p.Pro430Thr,0.038,8.021,['Likely%20benign'],148.89,0.94,0.0,-0.0,0.0
MARVELD2,5,69432632,NM_001038603.3:c.1288C>G,NP_001033692.2:p.Pro430Ala,0.051,2.999,['Likely%20benign'],148.89,0.94,0.0,-0.0,0.0
MARVELD2,5,69432632,NM_001038603.3:c.1288C>T,NP_001033692.2:p.Pro430Ser,0.052,5.753,['Likely%20benign'],148.89,0.94,0.0,-0.0,0.0
MARVELD2,5,69432633,NM_001038603.3:c.1289C>G,NP_001033692.2:p.Pro430Arg,0.100,22.3,['Unknown%20significance'],148.89,0.94,0.0,-0.1,0.1
MARVELD2,5,69432641,NM_001038603.3:c.1297A>G,NP_001033692.2:p.Ile433Val,0.123,22.7,['Unknown%20significance'],182.27,0.92,0.0,0.1,0.1
MARVELD2,5,69432645,NM_001038603.3:c.1301C>T,NP_001033692.2:p.Pro434Leu,0.409,26.4,['Unknown%20significance'],75.57,0.48,0.0,0.5,0.5
MARVELD2,5,69432647,NM_001038603.3:c.1303A>G,NP_001033692.2:p.Lys435Glu,0.249,26.7,['Unknown%20significance'],219.48,0.92,0.0,0.0,0.0
MARVELD2,5,69432650,NM_001038603.3:c.1306C>A,NP_001033692.2:p.Pro436Thr,0.339,24.7,['Unknown%20significance'],119.57,0.76,0.0,0.1,0.1
MARVELD2,5,69432653,NM_001038603.3:c.1309A>G,NP_001033692.2:p.Ile437Val,0.051,15.64,['Unknown%20significance'],179.37,0.91,0.0,0.0,0.0
MARVELD2,5,69432654,NM_001038603.3:c.1310T>C,NP_001033692.2:p.Ile437Thr,0.098,23.7,['Unknown%20significance'],179.37,0.91,0.0,0.1,0.1
MARVELD2,5,69432655,NM_001038603.3:c.1311C>G,NP_001033692.2:p.Ile437Met,0.140,13.28,['Unknown%20significance'],179.37,0.91,0.0,0.0,0.0
MARVELD2,5,69432656,NM_001038603.3:c.1312G>A,NP_001033692.2:p.Val438Met,0.057,23.4,['Unknown%20significance'],145.67,0.84,0.0,0.0,0.0
MARVELD2,5,69432656,NM_001038603.3:c.1312G>C,NP_001033692.2:p.Val438Leu,0.045,23.1,['Unknown%20significance'],145.67,0.84,0.0,0.1,0.1
MARVELD2,5,69432657,NM_001038603.3:c.1313T>C,NP_001033692.2:p.Val438Ala,0.084,24.9,['Unknown%20significance'],145.67,0.84,0.0,0.2,0.2
MARVELD2,5,69432660,NM_001038603.3:c.1316T>C,NP_001033692.2:p.Met439Thr,0.092,24.1,['Unknown%20significance'],122.16,0.56,0.0,0.3,0.3
MARVELD2,5,69432661,NM_001038603.3:c.1317G>T,NP_001033692.2:p.Met439Ile,0.116,20.1,['Unknown%20significance'],122.16,0.56,0.0,-0.0,0.0
MARVELD2,5,69432662,NM_001038603.3:c.1318C>T,NP_001033692.2:p.Pro440Ser,0.317,25.5,['Unknown%20significance'],57.33,0.36,0.0,0.7,0.7
MARVELD2,5,69432665,NM_001038603.3:c.1321G>A,NP_001033692.2:p.Asp441Asn,0.458,31,['Unknown%20significance'],65.02,0.4,0.0,0.1,0.1
MARVELD2,5,69432665,NM_001038603.3:c.1321G>C,NP_001033692.2:p.Asp441His,0.708,31,['Unknown%20significance'],65.02,0.4,0.0,0.0,0.0
MARVELD2,5,69432667,NM_001038603.3:c.1323C>A,NP_001033692.2:p.Asp441Glu,0.421,23.7,['Unknown%20significance'],65.02,0.4,0.0,0.2,0.2
MARVELD2,5,69432669,NM_001038603.3:c.1325A>G,NP_001033692.2:p.Tyr442Cys,0.817,32,['Unknown%20significance'],15.43,0.06,0.0,3.2,3.2
MARVELD2,5,69432671,NM_001038603.3:c.1327G>A,NP_001033692.2:p.Val443Met,0.209,24.4,['Unknown%20significance'],43.05,0.25,0.0,-0.0,0.0
MARVELD2,5,69432672,NM_001038603.3:c.1328T>C,NP_001033692.2:p.Val443Ala,0.184,28.0,['Unknown%20significance'],43.05,0.25,0.0,0.9,0.9
MARVELD2,5,69432675,NM_001038603.3:c.1331C>T,NP_001033692.2:p.Ala444Val,0.146,24.1,['Unknown%20significance'],84.56,0.66,0.0,-0.2,0.2
MARVELD2,5,69432924,NM_001038603.3:c.1334A>G,NP_001033692.2:p.Lys445Arg,0.277,27.0,['Unknown%20significance'],141.55,0.59,0.0,-0.4,0.4
MARVELD2,5,69432926,NM_001038603.3:c.1336T>C,NP_001033692.2:p.Tyr446His,0.760,28.7,['Unknown%20significance'],23.81,0.09,0.0,2.3,2.3
MARVELD2,5,69432929,NM_001038603.3:c.1339C>G,NP_001033692.2:p.Pro447Ala,0.371,25.1,['Unknown%20significance'],72.95,0.46,0.0,0.4,0.4
MARVELD2,5,69432929,NM_001038603.3:c.1339C>T,NP_001033692.2:p.Pro447Ser,0.340,25.9,['Unknown%20significance'],72.95,0.46,0.0,0.7,0.7
MARVELD2,5,69432930,NM_001038603.3:c.1340C>T,NP_001033692.2:p.Pro447Leu,0.413,27.0,['Unknown%20significance'],72.95,0.46,0.0,-0.1,0.1
MARVELD2,5,69432935,NM_001038603.3:c.1345A>G,NP_001033692.2:p.Ile449Val,0.270,24.4,['Unknown%20significance'],3.23,0.01,0.0,1.2,1.2
MARVELD2,5,69432940,NM_001038603.3:c.1350G>C,NP_001033692.2:p.Gln450His,0.006,16.29,['Likely%20benign'],151.41,0.76,0.0,-0.1,0.1
MARVELD2,5,69432942,NM_001038603.3:c.1352C>A,NP_001033692.2:p.Thr451Lys,0.215,24.8,['Unknown%20significance'],73.25,0.46,0.0,0.7,0.7
MARVELD2,5,69432942,NM_001038603.3:c.1352C>G,NP_001033692.2:p.Thr451Arg,0.308,24.7,['Unknown%20significance'],73.25,0.46,0.0,0.2,0.2
MARVELD2,5,69432942,NM_001038603.3:c.1352C>T,NP_001033692.2:p.Thr451Ile,0.342,25.1,['Unknown%20significance'],73.25,0.46,0.0,0.2,0.2
MARVELD2,5,69432945,NM_001038603.3:c.1355A>C,NP_001033692.2:p.Asp452Ala,0.072,18.99,['Unknown%20significance'],75.82,0.47,0.0,0.2,0.2
MARVELD2,5,69432947,NM_001038603.3:c.1357G>A,NP_001033692.2:p.Asp453Asn,0.206,29.8,['Unknown%20significance'],83.44,0.52,0.0,0.1,0.1
MARVELD2,5,69432948,NM_001038603.3:c.1358A>G,NP_001033692.2:p.Asp453Gly,0.140,23.8,['Unknown%20significance'],83.44,0.52,0.0,0.7,0.7
MARVELD2,5,69432951,NM_001038603.3:c.1361A>T,NP_001033692.2:p.Glu454Val,0.341,27.6,['Unknown%20significance'],39.03,0.19,0.0,0.5,0.5
MARVELD2,5,69432953,NM_001038603.3:c.1363C>G,NP_001033692.2:p.Arg455Gly,0.542,26.0,['Unknown%20significance'],36.99,0.13,0.0,2.8,2.8
MARVELD2,5,69432954,NM_001038603.3:c.1364G>A,NP_001033692.2:p.Arg455Gln,0.596,29.8,['Unknown%20significance'],36.99,0.13,0.0,1.2,1.2
MARVELD2,5,69432957,NM_001038603.3:c.1367A>G,NP_001033692.2:p.Glu456Gly,0.252,28.9,['Unknown%20significance'],85.81,0.43,0.0,1.0,1.0
MARVELD2,5,69432959,NM_001038603.3:c.1369C>T,NP_001033692.2:p.Arg457Cys,0.292,29.5,['Unknown%20significance'],127.95,0.47,0.0,0.9,0.9
MARVELD2,5,69432960,NM_001038603.3:c.1370G>A,NP_001033692.2:p.Arg457His,0.225,29.4,['Unknown%20significance'],127.95,0.47,0.0,0.2,0.2
MARVELD2,5,69432960,NM_001038603.3:c.1370G>T,NP_001033692.2:p.Arg457Leu,0.248,28.9,['Unknown%20significance'],127.95,0.47,0.0,0.4,0.4
MARVELD2,5,69432963,NM_001038603.3:c.1373A>C,NP_001033692.2:p.Tyr458Ser,0.546,25.7,['Unknown%20significance'],13.65,0.05,0.0,4.9,4.9
MARVELD2,5,69432963,NM_001038603.3:c.1373A>G,NP_001033692.2:p.Tyr458Cys,0.560,26.1,['Unknown%20significance'],13.65,0.05,0.0,4.4,4.4
MARVELD2,5,69432963,NM_001038603.3:c.1373A>T,NP_001033692.2:p.Tyr458Phe,0.427,24.8,['Unknown%20significance'],13.65,0.05,0.0,1.4,1.4
MARVELD2,5,69432965,NM_001038603.3:c.1375A>G,NP_001033692.2:p.Lys459Glu,0.322,27.0,['Unknown%20significance'],71.13,0.3,0.0,0.3,0.3
MARVELD2,5,69432966,NM_001038603.3:c.1376A>C,NP_001033692.2:p.Lys459Thr,0.434,26.5,['Unknown%20significance'],71.13,0.3,0.0,0.2,0.2
MARVELD2,5,69432967,NM_001038603.3:c.1377A>C,NP_001033692.2:p.Lys459Asn,0.320,23.4,['Unknown%20significance'],71.13,0.3,0.0,0.3,0.3
MARVELD2,5,69432971,NM_001038603.3:c.1381G>A,NP_001033692.2:p.Val461Met,0.359,28.2,['Unknown%20significance'],34.07,0.19,0.0,0.4,0.4
MARVELD2,5,69432975,NM_001038603.3:c.1385T>C,NP_001033692.2:p.Phe462Ser,0.887,31,['Unknown%20significance'],26.19,0.11,0.0,4.4,4.4
MARVELD2,5,69432980,NM_001038603.3:c.1390G>A,NP_001033692.2:p.Asp464Asn,0.341,31,['Unknown%20significance'],101.35,0.63,0.0,-0.2,0.2
MARVELD2,5,69432984,NM_001038603.3:c.1394A>C,NP_001033692.2:p.Gln465Pro,0.537,27.8,['Unknown%20significance'],28.82,0.14,0.0,1.2,1.2
MARVELD2,5,69432984,NM_001038603.3:c.1394A>G,NP_001033692.2:p.Gln465Arg,0.458,27.0,['Unknown%20significance'],28.82,0.14,0.0,-0.1,0.1
MARVELD2,5,69432985,NM_001038603.3:c.1395G>C,NP_001033692.2:p.Gln465His,0.267,26.0,['Unknown%20significance'],28.82,0.14,0.0,0.0,0.0
MARVELD2,5,69432988,NM_001038603.3:c.1398T>G,NP_001033692.2:p.Phe466Leu,0.265,23.1,['Unknown%20significance'],90.07,0.39,0.0,0.7,0.7
MARVELD2,5,69432993,NM_001038603.3:c.1403A>G,NP_001033692.2:p.Glu468Gly,0.788,31,['Unknown%20significance'],65.61,0.33,0.0,1.4,1.4
MARVELD2,5,69432996,NM_001038603.3:c.1406A>T,NP_001033692.2:p.Tyr469Phe,0.392,27.2,['Unknown%20significance'],37.4,0.15,0.0,1.0,1.0
MARVELD2,5,69432998,NM_001038603.3:c.1408A>C,NP_001033692.2:p.Lys470Gln,0.317,26.6,['Unknown%20significance'],155.45,0.65,0.0,0.1,0.1
MARVELD2,5,69432998,NM_001038603.3:c.1408A>G,NP_001033692.2:p.Lys470Glu,0.421,27.5,['Unknown%20significance'],155.45,0.65,0.0,0.3,0.3
MARVELD2,5,69433001,NM_001038603.3:c.1411G>C,NP_001033692.2:p.Glu471Gln,0.234,27.4,['Unknown%20significance'],143.93,0.73,0.0,-0.1,0.1
MARVELD2,5,69433002,NM_001038603.3:c.1412A>G,NP_001033692.2:p.Glu471Gly,0.353,31,['Unknown%20significance'],143.93,0.73,0.0,0.4,0.4
MARVELD2,5,69433002,NM_001038603.3:c.1412A>T,NP_001033692.2:p.Glu471Val,0.466,29.4,['Unknown%20significance'],143.93,0.73,0.0,-0.1,0.1
MARVELD2,5,69433010,NM_001038603.3:c.1420G>A,NP_001033692.2:p.Ala474Thr,0.235,23.5,['Unknown%20significance'],58.64,0.46,0.0,0.4,0.4
MARVELD2,5,69433011,NM_001038603.3:c.1421C>T,NP_001033692.2:p.Ala474Val,0.162,22.7,['Unknown%20significance'],58.64,0.46,0.0,-0.1,0.1
MARVELD2,5,69433015,NM_001038603.3:c.1425A>C,NP_001033692.2:p.Glu475Asp,0.185,21.0,['Unknown%20significance'],73.34,0.37,0.0,0.3,0.3
MARVELD2,5,69433016,NM_001038603.3:c.1426G>A,NP_001033692.2:p.Val476Ile,0.228,24.3,['Unknown%20significance'],2.34,0.01,0.0,-0.2,0.2
MARVELD2,5,69433017,NM_001038603.3:c.1427T>G,NP_001033692.2:p.Val476Gly,0.818,29.3,['Unknown%20significance'],2.34,0.01,0.0,3.8,3.8
MARVELD2,5,69433021,NM_001038603.3:c.1431G>T,NP_001033692.2:p.Gln477His,0.181,14.44,['Unknown%20significance'],105.98,0.53,0.0,0.0,0.0
MARVELD2,5,69433022,NM_001038603.3:c.1432G>T,NP_001033692.2:p.Ala478Ser,0.156,24.3,['Unknown%20significance'],32.14,0.25,0.0,0.4,0.4
MARVELD2,5,69433025,NM_001038603.3:c.1435G>A,NP_001033692.2:p.Val479Ile,0.056,11.09,['Likely%20benign'],31.08,0.18,0.0,-0.1,0.1
MARVELD2,5,69433028,NM_001038603.3:c.1438C>G,NP_001033692.2:p.Leu480Val,0.145,13.16,['Unknown%20significance'],50.33,0.26,0.0,0.1,0.1
MARVELD2,5,69433029,NM_001038603.3:c.1439T>C,NP_001033692.2:p.Leu480Pro,0.240,27.2,['Unknown%20significance'],50.33,0.26,0.0,1.2,1.2
MARVELD2,5,69433031,NM_001038603.3:c.1441A>T,NP_001033692.2:p.Arg481Trp,0.220,25.7,['Unknown%20significance'],144.22,0.53,0.0,-0.1,0.1
MARVELD2,5,69433032,NM_001038603.3:c.1442G>A,NP_001033692.2:p.Arg481Lys,0.066,17.17,['Unknown%20significance'],144.22,0.53,0.0,0.5,0.5
MARVELD2,5,69433033,NM_001038603.3:c.1443G>C,NP_001033692.2:p.Arg481Ser,0.100,22.8,['Unknown%20significance'],144.22,0.53,0.0,0.5,0.5
MARVELD2,5,69433038,NM_001038603.3:c.1448T>C,NP_001033692.2:p.Phe483Ser,0.582,27.9,['Unknown%20significance'],4.35,0.01,0.0,4.2,4.2
MARVELD2,5,69433038,NM_001038603.3:c.1448T>G,NP_001033692.2:p.Phe483Cys,0.563,27.4,['Unknown%20significance'],4.35,0.01,0.0,3.5,3.5
MARVELD2,5,69433043,NM_001038603.3:c.1453G>A,NP_001033692.2:p.Glu485Lys,0.305,28.6,['Unknown%20significance'],118.6,0.6,0.0,0.1,0.1
MARVELD2,5,69433047,NM_001038603.3:c.1457T>C,NP_001033692.2:p.Leu486Pro,0.726,29.4,['Unknown%20significance'],62.19,0.32,0.0,2.3,2.3
MARVELD2,5,69433049,NM_001038603.3:c.1459G>A,NP_001033692.2:p.Asp487Asn,0.322,27.7,['Unknown%20significance'],71.49,0.44,0.0,0.0,0.0
MARVELD2,5,69433051,NM_001038603.3:c.1461T>G,NP_001033692.2:p.Asp487Glu,0.230,10.76,['Unknown%20significance'],71.49,0.44,0.0,0.1,0.1
MARVELD2,5,69433052,NM_001038603.3:c.1462G>A,NP_001033692.2:p.Ala488Thr,0.050,19.24,['Likely%20benign'],41.8,0.32,0.0,0.2,0.2
MARVELD2,5,69433055,NM_001038603.3:c.1465G>A,NP_001033692.2:p.Val489Met,0.041,14.02,['Unknown%20significance'],85.09,0.49,0.0,-0.2,0.2
MARVELD2,5,69433058,NM_001038603.3:c.1468A>G,NP_001033692.2:p.Met490Val,0.195,21.0,['Unknown%20significance'],15.53,0.07,0.0,0.4,0.4
MARVELD2,5,69433059,NM_001038603.3:c.1469T>C,NP_001033692.2:p.Met490Thr,0.441,26.4,['Unknown%20significance'],15.53,0.07,0.0,1.6,1.6
MARVELD2,5,69433060,NM_001038603.3:c.1470G>A,NP_001033692.2:p.Met490Ile,0.141,22.6,['Unknown%20significance'],15.53,0.07,0.0,-0.2,0.2
MARVELD2,5,69433063,NM_001038603.3:c.1473C>G,NP_001033692.2:p.Ser491Arg,0.050,19.87,['Unknown%20significance'],85.67,0.62,0.0,-0.5,0.5
MARVELD2,5,69433068,NM_001038603.3:c.1478T>G,NP_001033692.2:p.Leu493Trp,0.624,29.0,['Unknown%20significance'],38.45,0.19,0.0,0.7,0.7
MARVELD2,5,69433069,NM_001038603.3:c.1479G>T,NP_001033692.2:p.Leu493Phe,0.326,24.4,['Unknown%20significance'],38.45,0.19,0.0,0.6,0.6
MARVELD2,5,69433070,NM_001038603.3:c.1480C>T,NP_001033692.2:p.Pro494Ser,0.196,23.8,['Unknown%20significance'],76.28,0.48,0.0,0.2,0.2
MARVELD2,5,69433071,NM_001038603.3:c.1481C>T,NP_001033692.2:p.Pro494Leu,0.201,24.4,['Unknown%20significance'],76.28,0.48,0.0,0.0,0.0
MARVELD2,5,69433073,NM_001038603.3:c.1483C>T,NP_001033692.2:p.His495Tyr,0.069,14.65,['Unknown%20significance'],119.6,0.58,0.0,-0.1,0.1
MARVELD2,5,69433079,NM_001038603.3:c.1489T>G,NP_001033692.2:p.Ser497Ala,0.102,16.59,['Likely%20benign'],25.1,0.18,0.0,0.5,0.5
MARVELD2,5,69433080,NM_001038603.3:c.1490C>G,NP_001033692.2:p.Ser497Trp,0.271,27.4,['Unknown%20significance'],25.1,0.18,0.0,-0.2,0.2
MARVELD2,5,69433080,NM_001038603.3:c.1490C>T,NP_001033692.2:p.Ser497Leu,0.169,23.1,['Unknown%20significance'],25.1,0.18,0.0,0.4,0.4
MARVELD2,5,69433085,NM_001038603.3:c.1495A>C,NP_001033692.2:p.Ser499Arg,0.078,25.6,['Unknown%20significance'],64.75,0.46,0.0,-0.1,0.1
MARVELD2,5,69433086,NM_001038603.3:c.1496G>A,NP_001033692.2:p.Ser499Asn,0.092,15.81,['Likely%20benign'],64.75,0.46,0.0,-0.0,0.0
MARVELD2,5,69433088,NM_001038603.3:c.1498C>G,NP_001033692.2:p.Arg500Gly,0.079,20.8,['Likely%20benign'],204.65,0.75,0.0,0.7,0.7
MARVELD2,5,69433089,NM_001038603.3:c.1499G>A,NP_001033692.2:p.Arg500Gln,0.018,4.504,['Likely%20benign'],204.65,0.75,0.0,0.1,0.1
MARVELD2,5,69433089,NM_001038603.3:c.1499G>T,NP_001033692.2:p.Arg500Leu,0.055,5.722,['Likely%20benign'],204.65,0.75,0.0,0.2,0.2
MARVELD2,5,69433093,NM_001038603.3:c.1503G>T,NP_001033692.2:p.Gln501His,0.041,28.0,['Unknown%20significance'],165.03,0.83,0.0,0.0,0.0
MARVELD2,5,69440450,NM_001038603.3:c.1504G>A,NP_001033692.2:p.Glu502Lys,0.272,33,['Unknown%20significance'],60.12,0.3,0.0,0.2,0.2
MARVELD2,5,69440450,NM_001038603.3:c.1504G>C,NP_001033692.2:p.Glu502Gln,0.215,33,['Unknown%20significance'],60.12,0.3,0.0,-0.3,0.3
MARVELD2,5,69440451,NM_001038603.3:c.1505A>G,NP_001033692.2:p.Glu502Gly,0.415,33,['Unknown%20significance'],60.12,0.3,0.0,0.9,0.9
MARVELD2,5,69440453,NM_001038603.3:c.1507C>A,NP_001033692.2:p.His503Asn,0.043,22.2,['Unknown%20significance'],94.31,0.45,0.0,0.5,0.5
MARVELD2,5,69440453,NM_001038603.3:c.1507C>T,NP_001033692.2:p.His503Tyr,0.072,20.6,['Unknown%20significance'],94.31,0.45,0.0,-0.5,0.5
MARVELD2,5,69440454,NM_001038603.3:c.1508A>G,NP_001033692.2:p.His503Arg,0.045,18.07,['Likely%20benign'],94.31,0.45,0.0,-0.1,0.1
MARVELD2,5,69440454,NM_001038603.3:c.1508A>T,NP_001033692.2:p.His503Leu,0.100,20.4,['Likely%20benign'],94.31,0.45,0.0,0.2,0.2
MARVELD2,5,69440455,NM_001038603.3:c.1509T>A,NP_001033692.2:p.His503Gln,0.067,14.53,['Likely%20benign'],94.31,0.45,0.0,0.2,0.2
MARVELD2,5,69440456,NM_001038603.3:c.1510G>A,NP_001033692.2:p.Glu504Lys,0.110,24.6,['Unknown%20significance'],71.03,0.36,0.0,0.2,0.2
MARVELD2,5,69440456,NM_001038603.3:c.1510G>C,NP_001033692.2:p.Glu504Gln,0.063,23.9,['Unknown%20significance'],71.03,0.36,0.0,-0.2,0.2
MARVELD2,5,69440457,NM_001038603.3:c.1511A>G,NP_001033692.2:p.Glu504Gly,0.137,24.2,['Unknown%20significance'],71.03,0.36,0.0,0.8,0.8
MARVELD2,5,69440459,NM_001038603.3:c.1513A>G,NP_001033692.2:p.Arg505Gly,0.270,29.5,['Unknown%20significance'],176.46,0.65,0.0,0.8,0.8
MARVELD2,5,69440460,NM_001038603.3:c.1514G>A,NP_001033692.2:p.Arg505Lys,0.116,24.7,['Unknown%20significance'],176.46,0.65,0.0,0.3,0.3
MARVELD2,5,69440462,NM_001038603.3:c.1516A>G,NP_001033692.2:p.Ile506Val,0.130,24.1,['Unknown%20significance'],7.62,0.03,0.0,0.6,0.6
MARVELD2,5,69440463,NM_001038603.3:c.1517T>C,NP_001033692.2:p.Ile506Thr,0.382,27.5,['Unknown%20significance'],7.62,0.03,0.0,1.4,1.4
MARVELD2,5,69440465,NM_001038603.3:c.1519T>C,NP_001033692.2:p.Ser507Pro,0.220,25.9,['Unknown%20significance'],48.95,0.35,0.0,0.2,0.2
MARVELD2,5,69440466,NM_001038603.3:c.1520C>T,NP_001033692.2:p.Ser507Leu,0.072,32,['Unknown%20significance'],48.95,0.35,0.0,-0.8,0.8
MARVELD2,5,69440468,NM_001038603.3:c.1522A>G,NP_001033692.2:p.Arg508Gly,0.110,23.1,['Unknown%20significance'],152.26,0.56,0.0,0.8,0.8
MARVELD2,5,69440469,NM_001038603.3:c.1523G>A,NP_001033692.2:p.Arg508Lys,0.054,23.1,['Unknown%20significance'],152.26,0.56,0.0,0.4,0.4
MARVELD2,5,69440469,NM_001038603.3:c.1523G>T,NP_001033692.2:p.Arg508Ile,0.143,26.3,['Unknown%20significance'],152.26,0.56,0.0,-0.1,0.1
MARVELD2,5,69440471,NM_001038603.3:c.1525A>G,NP_001033692.2:p.Ile509Val,0.036,16.64,['Unknown%20significance'],41.65,0.21,0.0,0.4,0.4
MARVELD2,5,69440472,NM_001038603.3:c.1526T>C,NP_001033692.2:p.Ile509Thr,0.192,24.7,['Unknown%20significance'],41.65,0.21,0.0,1.9,1.9
MARVELD2,5,69440474,NM_001038603.3:c.1528C>A,NP_001033692.2:p.His510Asn,0.063,23.2,['Unknown%20significance'],74.82,0.36,0.0,0.5,0.5
MARVELD2,5,69440474,NM_001038603.3:c.1528C>T,NP_001033692.2:p.His510Tyr,0.113,21.6,['Unknown%20significance'],74.82,0.36,0.0,-0.9,0.9
MARVELD2,5,69440475,NM_001038603.3:c.1529A>G,NP_001033692.2:p.His510Arg,0.146,22.4,['Unknown%20significance'],74.82,0.36,0.0,-0.2,0.2
MARVELD2,5,69440478,NM_001038603.3:c.1532A>G,NP_001033692.2:p.Glu511Gly,0.047,24.5,['Unknown%20significance'],116.5,0.59,0.0,0.5,0.5
MARVELD2,5,69440478,NM_001038603.3:c.1532A>T,NP_001033692.2:p.Glu511Val,0.058,25.6,['Unknown%20significance'],116.5,0.59,0.0,-0.2,0.2
MARVELD2,5,69440479,NM_001038603.3:c.1533A>T,NP_001033692.2:p.Glu511Asp,0.046,23.1,['Unknown%20significance'],116.5,0.59,0.0,0.1,0.1
MARVELD2,5,69440480,NM_001038603.3:c.1534G>A,NP_001033692.2:p.Glu512Lys,0.185,24.4,['Unknown%20significance'],87.32,0.44,0.0,0.3,0.3
MARVELD2,5,69440481,NM_001038603.3:c.1535A>G,NP_001033692.2:p.Glu512Gly,0.313,33,['Unknown%20significance'],87.32,0.44,0.0,0.9,0.9
MARVELD2,5,69440482,NM_001038603.3:c.1536G>C,NP_001033692.2:p.Glu512Asp,0.240,18.82,['Likely%20benign'],87.32,0.44,0.0,0.3,0.3
MARVELD2,5,69440483,NM_001038603.3:c.1537T>C,NP_001033692.2:p.Phe513Leu,0.138,22.9,['Unknown%20significance'],25.42,0.11,0.0,1.4,1.4
MARVELD2,5,69440484,NM_001038603.3:c.1538T>C,NP_001033692.2:p.Phe513Ser,0.243,25.2,['Unknown%20significance'],25.42,0.11,0.0,3.0,3.0
MARVELD2,5,69440485,NM_001038603.3:c.1539T>A,NP_001033692.2:p.Phe513Leu,0.140,22.1,['Unknown%20significance'],25.42,0.11,0.0,1.4,1.4
MARVELD2,5,69440485,NM_001038603.3:c.1539T>G,NP_001033692.2:p.Phe513Leu,0.142,22.1,['Unknown%20significance'],25.42,0.11,0.0,1.4,1.4
MARVELD2,5,69440486,NM_001038603.3:c.1540A>G,NP_001033692.2:p.Lys514Glu,0.030,22.1,['Likely%20benign'],154.01,0.65,0.0,-0.2,0.2
MARVELD2,5,69440487,NM_001038603.3:c.1541A>C,NP_001033692.2:p.Lys514Thr,0.056,22.7,['Unknown%20significance'],154.01,0.65,0.0,-0.0,0.0
MARVELD2,5,69440487,NM_001038603.3:c.1541A>G,NP_001033692.2:p.Lys514Arg,0.016,19.81,['Likely%20benign'],154.01,0.65,0.0,-0.3,0.3
MARVELD2,5,69440487,NM_001038603.3:c.1541A>T,NP_001033692.2:p.Lys514Met,0.065,22.7,['Likely%20benign'],154.01,0.65,0.0,-0.2,0.2
MARVELD2,5,69440489,NM_001038603.3:c.1543A>C,NP_001033692.2:p.Lys515Gln,0.143,24.7,['Unknown%20significance'],174.18,0.73,0.0,-0.2,0.2
MARVELD2,5,69440489,NM_001038603.3:c.1543A>G,NP_001033692.2:p.Lys515Glu,0.101,23.3,['Unknown%20significance'],174.18,0.73,0.0,-0.1,0.1
MARVELD2,5,69440490,NM_001038603.3:c.1544A>C,NP_001033692.2:p.Lys515Thr,0.183,24.0,['Unknown%20significance'],174.18,0.73,0.0,0.0,0.0
MARVELD2,5,69440490,NM_001038603.3:c.1544A>G,NP_001033692.2:p.Lys515Arg,0.047,17.47,['Likely%20benign'],174.18,0.73,0.0,-0.3,0.3
MARVELD2,5,69440492,NM_001038603.3:c.1546A>G,NP_001033692.2:p.Lys516Glu,0.328,28.2,['Unknown%20significance'],119.71,0.5,0.0,-0.4,0.4
MARVELD2,5,69440493,NM_001038603.3:c.1547A>G,NP_001033692.2:p.Lys516Arg,0.145,26.5,['Unknown%20significance'],119.71,0.5,0.0,-0.6,0.6
MARVELD2,5,69440494,NM_001038603.3:c.1548A>C,NP_001033692.2:p.Lys516Asn,0.235,23.7,['Unknown%20significance'],119.71,0.5,0.0,-0.2,0.2
MARVELD2,5,69440495,NM_001038603.3:c.1549A>G,NP_001033692.2:p.Lys517Glu,0.309,26.4,['Unknown%20significance'],76.27,0.32,0.0,-0.3,0.3
MARVELD2,5,69440496,NM_001038603.3:c.1550A>G,NP_001033692.2:p.Lys517Arg,0.185,24.1,['Unknown%20significance'],76.27,0.32,0.0,-0.7,0.7
MARVELD2,5,69440498,NM_001038603.3:c.1552A>G,NP_001033692.2:p.Asn518Asp,0.076,27.6,['Unknown%20significance'],78.4,0.49,0.0,0.2,0.2
MARVELD2,5,69440498,NM_001038603.3:c.1552A>T,NP_001033692.2:p.Asn518Tyr,0.147,35,['Unknown%20significance'],78.4,0.49,0.0,-0.4,0.4
MARVELD2,5,69440499,NM_001038603.3:c.1553A>G,NP_001033692.2:p.Asn518Ser,0.011,24.4,['Unknown%20significance'],78.4,0.49,0.0,0.1,0.1
MARVELD2,5,69440500,NM_001038603.3:c.1554T>G,NP_001033692.2:p.Asn518Lys,0.023,19.47,['Unknown%20significance'],78.4,0.49,0.0,0.3,0.3
MARVELD2,5,69441532,NM_001038603.3:c.1555G>A,NP_001033692.2:p.Asp519Asn,0.144,26.7,['Unknown%20significance'],49.7,0.31,0.0,0.1,0.1
MARVELD2,5,69441533,NM_001038603.3:c.1556A>T,NP_001033692.2:p.Asp519Val,0.634,32,['Unknown%20significance'],49.7,0.31,0.0,0.4,0.4
MARVELD2,5,69441534,NM_001038603.3:c.1557T>A,NP_001033692.2:p.Asp519Glu,0.175,23.1,['Unknown%20significance'],49.7,0.31,0.0,0.1,0.1
MARVELD2,5,69441535,NM_001038603.3:c.1558C>G,NP_001033692.2:p.Pro520Ala,0.345,25.0,['Unknown%20significance'],112.46,0.71,0.0,0.4,0.4
MARVELD2,5,69441536,NM_001038603.3:c.1559C>T,NP_001033692.2:p.Pro520Leu,0.454,25.8,['Unknown%20significance'],112.46,0.71,0.0,0.3,0.3
MARVELD2,5,69441538,NM_001038603.3:c.1561A>G,NP_001033692.2:p.Thr521Ala,0.008,17.83,['Unknown%20significance'],93.28,0.59,0.0,0.2,0.2
MARVELD2,5,69441539,NM_001038603.3:c.1562C>A,NP_001033692.2:p.Thr521Lys,0.120,25.8,['Unknown%20significance'],93.28,0.59,0.0,0.2,0.2
MARVELD2,5,69441539,NM_001038603.3:c.1562C>T,NP_001033692.2:p.Thr521Ile,0.131,25.8,['Unknown%20significance'],93.28,0.59,0.0,0.0,0.0
MARVELD2,5,69441548,NM_001038603.3:c.1571A>G,NP_001033692.2:p.Glu524Gly,0.586,32,['Unknown%20significance'],126.82,0.64,0.0,0.6,0.6
MARVELD2,5,69441553,NM_001038603.3:c.1576A>G,NP_001033692.2:p.Lys526Glu,0.473,27.6,['Unknown%20significance'],79.03,0.33,0.0,-0.1,0.1
MARVELD2,5,69441557,NM_001038603.3:c.1580A>G,NP_001033692.2:p.Glu527Gly,0.503,29.2,['Unknown%20significance'],131.76,0.67,0.0,0.6,0.6
MARVELD2,5,69441558,NM_001038603.3:c.1581A>T,NP_001033692.2:p.Glu527Asp,0.191,19.23,['Likely%20benign'],131.76,0.67,0.0,0.2,0.2
MARVELD2,5,69441559,NM_001038603.3:c.1582C>T,NP_001033692.2:p.Arg528Cys,0.637,27.8,['Unknown%20significance'],107.3,0.39,0.0,1.1,1.1
MARVELD2,5,69441560,NM_001038603.3:c.1583G>A,NP_001033692.2:p.Arg528His,0.631,31,['Unknown%20significance'],107.3,0.39,0.0,0.5,0.5
MARVELD2,5,69441560,NM_001038603.3:c.1583G>T,NP_001033692.2:p.Arg528Leu,0.709,31,['Unknown%20significance'],107.3,0.39,0.0,0.5,0.5
MARVELD2,5,69441562,NM_001038603.3:c.1585T>C,NP_001033692.2:p.Cys529Arg,0.803,29.4,['Unknown%20significance'],10.03,0.06,0.0,2.0,2.0
MARVELD2,5,69441563,NM_001038603.3:c.1586G>C,NP_001033692.2:p.Cys529Ser,0.817,28.3,['Unknown%20significance'],10.03,0.06,0.0,2.5,2.5
MARVELD2,5,69441563,NM_001038603.3:c.1586G>T,NP_001033692.2:p.Cys529Phe,0.670,29.5,['Unknown%20significance'],10.03,0.06,0.0,0.4,0.4
MARVELD2,5,69441565,NM_001038603.3:c.1588G>A,NP_001033692.2:p.Asp530Asn,0.173,25.6,['Unknown%20significance'],69.87,0.43,0.0,0.0,0.0
MARVELD2,5,69441567,NM_001038603.3:c.1590T>G,NP_001033692.2:p.Asp530Glu,0.194,12.67,['Likely%20benign'],69.87,0.43,0.0,-0.2,0.2
MARVELD2,5,69441568,NM_001038603.3:c.1591T>C,NP_001033692.2:p.Tyr531His,0.629,28.8,['Unknown%20significance'],57.7,0.24,0.0,1.4,1.4
MARVELD2,5,69441571,NM_001038603.3:c.1594C>G,NP_001033692.2:p.Leu532Val,0.521,24.3,['Unknown%20significance'],0.0,0.0,0.0,2.0,2.0
MARVELD2,5,69441578,NM_001038603.3:c.1601A>T,NP_001033692.2:p.Asn534Ile,0.230,25.0,['Unknown%20significance'],75.09,0.46,0.0,-0.4,0.4
MARVELD2,5,69441580,NM_001038603.3:c.1603A>G,NP_001033692.2:p.Lys535Glu,0.660,28.3,['Unknown%20significance'],16.73,0.07,0.0,0.1,0.1
MARVELD2,5,69441583,NM_001038603.3:c.1606C>G,NP_001033692.2:p.Leu536Val,0.606,25.4,['Unknown%20significance'],4.52,0.02,0.0,2.0,2.0
MARVELD2,5,69441586,NM_001038603.3:c.1609T>A,NP_001033692.2:p.Ser537Thr,0.208,23.9,['Unknown%20significance'],69.03,0.5,0.0,-0.1,0.1
MARVELD2,5,69441586,NM_001038603.3:c.1609T>C,NP_001033692.2:p.Ser537Pro,0.404,27.7,['Unknown%20significance'],69.03,0.5,0.0,0.3,0.3
MARVELD2,5,69441589,NM_001038603.3:c.1612C>G,NP_001033692.2:p.His538Asp,0.510,25.7,['Unknown%20significance'],20.69,0.1,0.0,2.3,2.3
MARVELD2,5,69441591,NM_001038603.3:c.1614C>A,NP_001033692.2:p.His538Gln,0.427,23.2,['Unknown%20significance'],20.69,0.1,0.0,1.3,1.3
MARVELD2,5,69441593,NM_001038603.3:c.1616T>A,NP_001033692.2:p.Ile539Lys,0.771,27.4,['Unknown%20significance'],0.0,0.0,0.0,5.2,5.2
MARVELD2,5,69441596,NM_001038603.3:c.1619A>G,NP_001033692.2:p.Lys540Arg,0.700,27.7,['Unknown%20significance'],43.35,0.18,0.0,-0.9,0.9
MARVELD2,5,69441602,NM_001038603.3:c.1625G>A,NP_001033692.2:p.Arg542Lys,0.052,19.99,['Unknown%20significance'],47.21,0.17,0.0,1.1,1.1
MARVELD2,5,69441602,NM_001038603.3:c.1625G>C,NP_001033692.2:p.Arg542Thr,0.164,24.5,['Unknown%20significance'],47.21,0.17,0.0,0.2,0.2
MARVELD2,5,69441604,NM_001038603.3:c.1627A>T,NP_001033692.2:p.Ile543Phe,0.765,28.0,['Unknown%20significance'],0.01,0.0,0.0,1.4,1.4
MARVELD2,5,69441607,NM_001038603.3:c.1630C>G,NP_001033692.2:p.Gln544Glu,0.152,24.5,['Unknown%20significance'],43.29,0.21,0.0,0.4,0.4
MARVELD2,5,69441610,NM_001038603.3:c.1633G>A,NP_001033692.2:p.Glu545Lys,0.139,29.8,['Unknown%20significance'],53.94,0.27,0.0,0.2,0.2
MARVELD2,5,69441611,NM_001038603.3:c.1634A>G,NP_001033692.2:p.Glu545Gly,0.311,29.5,['Unknown%20significance'],53.94,0.27,0.0,0.9,0.9
MARVELD2,5,69441611,NM_001038603.3:c.1634A>T,NP_001033692.2:p.Glu545Val,0.378,29.6,['Unknown%20significance'],53.94,0.27,0.0,-0.1,0.1
MARVELD2,5,69441614,NM_001038603.3:c.1637A>G,NP_001033692.2:p.Tyr546Cys,0.843,29.7,['Unknown%20significance'],14.7,0.06,0.0,3.7,3.7
MARVELD2,5,69441617,NM_001038603.3:c.1640A>G,NP_001033692.2:p.Asp547Gly,0.735,29.4,['Unknown%20significance'],0.0,0.0,0.0,2.1,2.1
MARVELD2,5,69441618,NM_001038603.3:c.1641T>A,NP_001033692.2:p.Asp547Glu,0.315,23.9,['Pathogenic'],0.0,0.0,0.0,0.6,0.6
MARVELD2,5,69441619,NM_001038603.3:c.1642A>G,NP_001033692.2:p.Lys548Glu,0.175,28.4,['Unknown%20significance'],154.12,0.65,0.0,0.1,0.1
MARVELD2,5,69441626,NM_001038603.3:c.1649T>C,NP_001033692.2:p.Met550Thr,0.257,24.0,['Unknown%20significance'],77.04,0.35,0.0,0.7,0.7
MARVELD2,5,69441627,NM_001038603.3:c.1650G>A,NP_001033692.2:p.Met550Ile,0.233,27.4,['Unknown%20significance'],77.04,0.35,0.0,0.2,0.2
MARVELD2,5,69441629,NM_001038603.3:c.1652A>G,NP_001033692.2:p.Asn551Ser,0.037,20.8,['Unknown%20significance'],143.1,0.89,0.0,0.0,0.0
MARVELD2,5,69441634,NM_001038603.3:c.1657G>A,NP_001033692.2:p.Asp553Asn,0.094,18.89,['Likely%20benign'],133.14,0.83,0.0,-0.1,0.1
MARVELD2,5,69441634,NM_001038603.3:c.1657G>C,NP_001033692.2:p.Asp553His,0.068,23.6,['Unknown%20significance'],133.14,0.83,0.0,-0.1,0.1
MARVELD2,5,69441635,NM_001038603.3:c.1658A>G,NP_001033692.2:p.Asp553Gly,0.046,24.4,['Unknown%20significance'],133.14,0.83,0.0,0.1,0.1
MARVELD2,5,69441637,NM_001038603.3:c.1660G>A,NP_001033692.2:p.Val554Ile,0.041,2.141,['Unknown%20significance'],38.27,0.22,0.0,-0.1,0.1
MARVELD2,5,69441638,NM_001038603.3:c.1661T>A,NP_001033692.2:p.Val554Glu,0.040,22.7,['Unknown%20significance'],38.27,0.22,0.0,0.6,0.6
MARVELD2,5,69441643,NM_001038603.3:c.1666G>A,NP_001033692.2:p.Gly556Ser,0.070,22.5,['Unknown%20significance'],73.71,0.77,0.0,-0.2,0.2
MARVELD2,5,69441649,NM_001038603.3:c.1672T>G,NP_001033692.2:p.Ser558Ala,0.049,16.16,['Unknown%20significance'],146.89,1.0,0.0,-0.0,0.0
MARVELD2,5,69441650,NM_001038603.3:c.1673C>G,NP_001033692.2:p.Ser558Cys,0.097,24.1,['Unknown%20significance'],146.89,1.0,0.0,-0.0,0.0