Gene,Chrom,Position,DNA_change,Protein_Change,Revel,CADDPhred,Classification,Surface Area,Normalized SA,Confidence Score,ddG,|ddG|
CEACAM16,19,44701460,NM_001039213.4:c.4G>A,NP_001034302.2:p.Ala2Thr,0.047,19.80,['Likely%20benign'],90.73,0.71,0.0,0.2,0.2
CEACAM16,19,44701460,NM_001039213.4:c.4G>T,NP_001034302.2:p.Ala2Ser,0.063,18.50,['Likely%20benign'],90.73,0.71,0.0,0.2,0.2
CEACAM16,19,44701461,NM_001039213.4:c.5C>A,NP_001034302.2:p.Ala2Glu,0.067,13.62,['Unknown%20significance'],90.73,0.71,0.0,0.3,0.3
CEACAM16,19,44701461,NM_001039213.4:c.5C>T,NP_001034302.2:p.Ala2Val,0.052,5.889,['Unknown%20significance'],90.73,0.71,0.0,-0.0,0.0
CEACAM16,19,44701463,NM_001039213.4:c.7C>A,NP_001034302.2:p.Leu3Met,0.036,10.46,['Likely%20benign'],212.97,1.0,0.0,0.0,0.0
CEACAM16,19,44701464,NM_001039213.4:c.8T>C,NP_001034302.2:p.Leu3Pro,0.058,12.50,['Likely%20benign'],212.97,1.0,0.0,0.2,0.2
CEACAM16,19,44701466,NM_001039213.4:c.10A>G,NP_001034302.2:p.Thr4Ala,0.017,9.504,['Likely%20benign'],111.8,0.71,0.0,0.0,0.0
CEACAM16,19,44701466,NM_001039213.4:c.10A>T,NP_001034302.2:p.Thr4Ser,0.016,8.571,['Likely%20benign'],111.8,0.71,0.0,0.2,0.2
CEACAM16,19,44701467,NM_001039213.4:c.11C>A,NP_001034302.2:p.Thr4Asn,0.047,8.412,['Likely%20benign'],111.8,0.71,0.0,0.2,0.2
CEACAM16,19,44701467,NM_001039213.4:c.11C>G,NP_001034302.2:p.Thr4Ser,0.030,9.017,['Likely%20benign'],111.8,0.71,0.0,0.2,0.2
CEACAM16,19,44701467,NM_001039213.4:c.11C>T,NP_001034302.2:p.Thr4Ile,0.057,10.43,['Likely%20benign'],111.8,0.71,0.0,-0.3,0.3
CEACAM16,19,44701469,NM_001039213.4:c.13G>A,NP_001034302.2:p.Gly5Arg,0.032,12.20,['Likely%20benign'],68.22,0.71,0.0,-0.3,0.3
CEACAM16,19,44701469,NM_001039213.4:c.13G>C,NP_001034302.2:p.Gly5Arg,0.031,5.733,['Likely%20benign'],68.22,0.71,0.0,-0.3,0.3
CEACAM16,19,44701469,NM_001039213.4:c.13G>T,NP_001034302.2:p.Gly5Trp,0.033,9.084,['Likely%20benign'],68.22,0.71,0.0,-0.7,0.7
CEACAM16,19,44701470,NM_001039213.4:c.14G>A,NP_001034302.2:p.Gly5Glu,0.016,13.60,['Likely%20benign'],68.22,0.71,0.0,-0.1,0.1
CEACAM16,19,44701470,NM_001039213.4:c.14G>T,NP_001034302.2:p.Gly5Val,0.025,13.65,['Likely%20benign'],68.22,0.71,0.0,-0.7,0.7
CEACAM16,19,44701473,NM_001039213.4:c.17A>G,NP_001034302.2:p.Tyr6Cys,0.040,12.18,['Likely%20benign'],190.22,0.79,0.0,0.3,0.3
CEACAM16,19,44701473,NM_001039213.4:c.17A>T,NP_001034302.2:p.Tyr6Phe,0.011,6.041,['Likely%20benign'],190.22,0.79,0.0,-0.1,0.1
CEACAM16,19,44701475,NM_001039213.4:c.19A>G,NP_001034302.2:p.Ser7Gly,0.030,20.6,['Likely%20benign'],104.97,0.76,0.0,0.1,0.1
CEACAM16,19,44701476,NM_001039213.4:c.20G>A,NP_001034302.2:p.Ser7Asn,0.044,21.6,['Unknown%20significance'],104.97,0.76,0.0,0.1,0.1
CEACAM16,19,44701476,NM_001039213.4:c.20G>T,NP_001034302.2:p.Ser7Ile,0.062,23.5,['Unknown%20significance'],104.97,0.76,0.0,-0.6,0.6
CEACAM16,19,44701477,NM_001039213.4:c.21C>A,NP_001034302.2:p.Ser7Arg,0.083,20.7,['Likely%20benign'],104.97,0.76,0.0,-0.1,0.1
CEACAM16,19,44701478,NM_001039213.4:c.22T>C,NP_001034302.2:p.Trp8Arg,0.115,24.3,['Unknown%20significance'],227.46,0.86,0.0,0.4,0.4
CEACAM16,19,44701479,NM_001039213.4:c.23G>T,NP_001034302.2:p.Trp8Leu,0.136,24.6,['Unknown%20significance'],227.46,0.86,0.0,-0.0,0.0
CEACAM16,19,44701480,NM_001039213.4:c.24G>T,NP_001034302.2:p.Trp8Cys,0.102,25.2,['Unknown%20significance'],227.46,0.86,0.0,0.3,0.3
CEACAM16,19,44701481,NM_001039213.4:c.25C>A,NP_001034302.2:p.Leu9Met,0.026,13.88,['Likely%20benign'],152.16,0.78,0.0,0.2,0.2
CEACAM16,19,44701482,NM_001039213.4:c.26T>C,NP_001034302.2:p.Leu9Pro,0.192,22.6,['Unknown%20significance'],152.16,0.78,0.0,0.7,0.7
CEACAM16,19,44701484,NM_001039213.4:c.28C>A,NP_001034302.2:p.Leu10Ile,0.043,8.790,['Unknown%20significance'],173.8,0.9,0.0,0.1,0.1
CEACAM16,19,44701484,NM_001039213.4:c.28C>T,NP_001034302.2:p.Leu10Phe,0.035,10.28,['Likely%20benign'],173.8,0.9,0.0,0.1,0.1
CEACAM16,19,44701485,NM_001039213.4:c.29T>A,NP_001034302.2:p.Leu10His,0.150,23.5,['Unknown%20significance'],173.8,0.9,0.0,0.5,0.5
CEACAM16,19,44701485,NM_001039213.4:c.29T>C,NP_001034302.2:p.Leu10Pro,0.165,24.0,['Unknown%20significance'],173.8,0.9,0.0,0.5,0.5
CEACAM16,19,44701487,NM_001039213.4:c.31C>A,NP_001034302.2:p.Leu11Ile,0.028,20.4,['Unknown%20significance'],178.57,0.92,0.0,0.0,0.0
CEACAM16,19,44701487,NM_001039213.4:c.31C>T,NP_001034302.2:p.Leu11Phe,0.041,20.9,['Likely%20benign'],178.57,0.92,0.0,0.0,0.0
CEACAM16,19,44701488,NM_001039213.4:c.32T>A,NP_001034302.2:p.Leu11His,0.181,25.7,['Unknown%20significance'],178.57,0.92,0.0,0.3,0.3
CEACAM16,19,44701488,NM_001039213.4:c.32T>C,NP_001034302.2:p.Leu11Pro,0.201,26.6,['Unknown%20significance'],178.57,0.92,0.0,0.4,0.4
CEACAM16,19,44701490,NM_001039213.4:c.34A>G,NP_001034302.2:p.Ser12Gly,0.057,20.8,['Likely%20benign'],96.95,0.7,0.0,0.2,0.2
CEACAM16,19,44701490,NM_001039213.4:c.34A>T,NP_001034302.2:p.Ser12Cys,0.085,23.0,['Unknown%20significance'],96.95,0.7,0.0,-0.3,0.3
CEACAM16,19,44701491,NM_001039213.4:c.35G>A,NP_001034302.2:p.Ser12Asn,0.080,23.1,['Unknown%20significance'],96.95,0.7,0.0,0.1,0.1
CEACAM16,19,44701491,NM_001039213.4:c.35G>T,NP_001034302.2:p.Ser12Ile,0.094,22.7,['Unknown%20significance'],96.95,0.7,0.0,-0.8,0.8
CEACAM16,19,44701493,NM_001039213.4:c.37G>A,NP_001034302.2:p.Ala13Thr,0.037,33,['Likely%20benign'],78.42,0.61,0.0,0.1,0.1
CEACAM16,19,44701493,NM_001039213.4:c.37G>T,NP_001034302.2:p.Ala13Ser,0.036,33,['Pathogenic'],78.42,0.61,0.0,0.3,0.3
CEACAM16,19,44703351,NM_001039213.4:c.40A>T,NP_001034302.2:p.Thr14Ser,0.027,0.171,['Likely%20benign'],112.55,0.71,0.0,0.2,0.2
CEACAM16,19,44703352,NM_001039213.4:c.41C>T,NP_001034302.2:p.Thr14Ile,0.010,5.081,['Unknown%20significance'],112.55,0.71,0.0,-0.4,0.4
CEACAM16,19,44703354,NM_001039213.4:c.43T>C,NP_001034302.2:p.Phe15Leu,0.028,4.639,['Benign'],216.24,0.94,0.0,0.0,0.0
CEACAM16,19,44703358,NM_001039213.4:c.47T>G,NP_001034302.2:p.Leu16Arg,0.184,22.8,['Unknown%20significance'],162.95,0.84,0.0,0.3,0.3
CEACAM16,19,44703363,NM_001039213.4:c.52G>A,NP_001034302.2:p.Val18Met,0.052,7.601,['Likely%20benign'],147.09,0.85,0.0,0.1,0.1
CEACAM16,19,44703364,NM_001039213.4:c.53T>G,NP_001034302.2:p.Val18Gly,0.019,13.43,['Likely%20benign'],147.09,0.85,0.0,0.4,0.4
CEACAM16,19,44703366,NM_001039213.4:c.55G>A,NP_001034302.2:p.Gly19Arg,0.059,0.631,['Likely%20benign'],50.12,0.52,0.0,-0.4,0.4
CEACAM16,19,44703369,NM_001039213.4:c.58G>A,NP_001034302.2:p.Ala20Thr,0.152,21.6,['Unknown%20significance'],69.97,0.55,0.0,0.0,0.0
CEACAM16,19,44703369,NM_001039213.4:c.58G>C,NP_001034302.2:p.Ala20Pro,0.252,23.3,['Unknown%20significance'],69.97,0.55,0.0,0.2,0.2
CEACAM16,19,44703369,NM_001039213.4:c.58G>T,NP_001034302.2:p.Ala20Ser,0.119,22.9,['Unknown%20significance'],69.97,0.55,0.0,0.2,0.2
CEACAM16,19,44703372,NM_001039213.4:c.61G>A,NP_001034302.2:p.Glu21Lys,0.039,22.2,['Unknown%20significance'],146.55,0.75,0.0,0.0,0.0
CEACAM16,19,44703375,NM_001039213.4:c.64A>G,NP_001034302.2:p.Ile22Val,0.078,18.76,['Likely%20benign'],6.67,0.03,0.0,0.2,0.2
CEACAM16,19,44703376,NM_001039213.4:c.65T>A,NP_001034302.2:p.Ile22Asn,0.205,24.9,['Unknown%20significance'],6.67,0.03,0.0,3.0,3.0
CEACAM16,19,44703379,NM_001039213.4:c.68C>T,NP_001034302.2:p.Ser23Phe,0.028,18.00,['Unknown%20significance'],46.05,0.33,0.0,-1.0,1.0
CEACAM16,19,44703381,NM_001039213.4:c.70A>C,NP_001034302.2:p.Ile24Leu,0.059,18.34,['Unknown%20significance'],14.57,0.07,0.0,0.5,0.5
CEACAM16,19,44703381,NM_001039213.4:c.70A>G,NP_001034302.2:p.Ile24Val,0.039,15.77,['Unknown%20significance'],14.57,0.07,0.0,0.4,0.4
CEACAM16,19,44703384,NM_001039213.4:c.73A>C,NP_001034302.2:p.Thr25Pro,0.125,23.5,['Unknown%20significance'],66.3,0.42,0.0,0.6,0.6
CEACAM16,19,44703387,NM_001039213.4:c.76C>A,NP_001034302.2:p.Leu26Met,0.043,22.1,['Unknown%20significance'],18.73,0.09,0.0,0.4,0.4
CEACAM16,19,44703387,NM_001039213.4:c.76C>G,NP_001034302.2:p.Leu26Val,0.075,15.90,['Unknown%20significance'],18.73,0.09,0.0,0.1,0.1
CEACAM16,19,44703388,NM_001039213.4:c.77T>G,NP_001034302.2:p.Leu26Arg,0.088,20.5,['Unknown%20significance'],18.73,0.09,0.0,0.9,0.9
CEACAM16,19,44703393,NM_001039213.4:c.82C>A,NP_001034302.2:p.Pro28Thr,0.122,23.6,['Unknown%20significance'],74.89,0.47,0.0,0.1,0.1
CEACAM16,19,44703393,NM_001039213.4:c.82C>G,NP_001034302.2:p.Pro28Ala,0.112,23.5,['Unknown%20significance'],74.89,0.47,0.0,0.3,0.3
CEACAM16,19,44703393,NM_001039213.4:c.82C>T,NP_001034302.2:p.Pro28Ser,0.135,23.9,['Unknown%20significance'],74.89,0.47,0.0,0.4,0.4
CEACAM16,19,44703394,NM_001039213.4:c.83C>G,NP_001034302.2:p.Pro28Arg,0.114,24.1,['Unknown%20significance'],74.89,0.47,0.0,0.1,0.1
CEACAM16,19,44703396,NM_001039213.4:c.85G>C,NP_001034302.2:p.Ala29Pro,0.034,16.29,['Likely%20benign'],80.0,0.62,0.0,0.1,0.1
CEACAM16,19,44703401,NM_001039213.4:c.90G>C,NP_001034302.2:p.Gln30His,0.053,22.3,['Unknown%20significance'],112.3,0.56,0.0,-0.1,0.1
CEACAM16,19,44703402,NM_001039213.4:c.91C>A,NP_001034302.2:p.Pro31Thr,0.095,19.30,['Unknown%20significance'],0.02,0.0,0.0,-0.9,0.9
CEACAM16,19,44703403,NM_001039213.4:c.92C>T,NP_001034302.2:p.Pro31Leu,0.082,14.79,['Unknown%20significance'],0.02,0.0,0.0,-2.2,2.2
CEACAM16,19,44703406,NM_001039213.4:c.95G>T,NP_001034302.2:p.Ser32Ile,0.042,7.093,['Benign'],19.88,0.14,0.0,-1.4,1.4
CEACAM16,19,44703407,NM_001039213.4:c.96C>A,NP_001034302.2:p.Ser32Arg,0.055,8.049,['Likely%20benign'],19.88,0.14,0.0,-0.8,0.8
CEACAM16,19,44703408,NM_001039213.4:c.97G>A,NP_001034302.2:p.Glu33Lys,0.177,13.60,['Unknown%20significance'],62.47,0.31,0.0,0.1,0.1
CEACAM16,19,44703408,NM_001039213.4:c.97G>C,NP_001034302.2:p.Glu33Gln,0.182,10.26,['Likely%20benign'],62.47,0.31,0.0,-0.3,0.3
CEACAM16,19,44703411,NM_001039213.4:c.100G>A,NP_001034302.2:p.Gly34Arg,0.555,24.0,['Unknown%20significance'],55.31,0.58,0.0,0.2,0.2
CEACAM16,19,44703412,NM_001039213.4:c.101G>C,NP_001034302.2:p.Gly34Ala,0.562,23.4,['Unknown%20significance'],55.31,0.58,0.0,0.4,0.4
CEACAM16,19,44703415,NM_001039213.4:c.104A>G,NP_001034302.2:p.Asp35Gly,0.183,22.8,['Unknown%20significance'],44.93,0.28,0.0,0.5,0.5
CEACAM16,19,44703417,NM_001039213.4:c.106A>G,NP_001034302.2:p.Asn36Asp,0.117,15.08,['Likely%20benign'],107.94,0.67,0.0,0.2,0.2
CEACAM16,19,44703420,NM_001039213.4:c.109G>A,NP_001034302.2:p.Val37Ile,0.055,0.299,['Likely%20benign'],0.0,0.0,0.0,0.1,0.1
CEACAM16,19,44703420,NM_001039213.4:c.109G>T,NP_001034302.2:p.Val37Phe,0.365,12.95,['Likely%20benign'],0.0,0.0,0.0,0.7,0.7
CEACAM16,19,44703424,NM_001039213.4:c.113C>T,NP_001034302.2:p.Thr38Met,0.343,19.89,['Unknown%20significance'],15.81,0.1,0.0,-0.5,0.5
CEACAM16,19,44703427,NM_001039213.4:c.116T>A,NP_001034302.2:p.Leu39Gln,0.275,23.8,['Unknown%20significance'],0.0,0.0,0.0,4.1,4.1
CEACAM16,19,44703429,NM_001039213.4:c.118G>A,NP_001034302.2:p.Val40Ile,0.061,0.350,['Likely%20benign'],29.71,0.17,0.0,-0.1,0.1
CEACAM16,19,44703429,NM_001039213.4:c.118G>C,NP_001034302.2:p.Val40Leu,0.104,0.110,['Likely%20benign'],29.71,0.17,0.0,0.1,0.1
CEACAM16,19,44703432,NM_001039213.4:c.121G>A,NP_001034302.2:p.Val41Ile,0.099,23.0,['Unknown%20significance'],9.28,0.05,0.0,0.0,0.0
CEACAM16,19,44703433,NM_001039213.4:c.122T>C,NP_001034302.2:p.Val41Ala,0.117,17.09,['Likely%20benign'],9.28,0.05,0.0,1.5,1.5
CEACAM16,19,44703436,NM_001039213.4:c.125A>G,NP_001034302.2:p.His42Arg,0.154,1.117,['Likely%20benign'],83.17,0.4,0.0,0.1,0.1
CEACAM16,19,44703439,NM_001039213.4:c.128G>A,NP_001034302.2:p.Gly43Glu,0.343,23.4,['Unknown%20significance'],27.76,0.29,0.0,-0.2,0.2
CEACAM16,19,44703445,NM_001039213.4:c.134C>G,NP_001034302.2:p.Ser45Trp,0.038,23.0,['Unknown%20significance'],63.58,0.46,0.0,-0.5,0.5
CEACAM16,19,44703445,NM_001039213.4:c.134C>T,NP_001034302.2:p.Ser45Leu,0.034,18.50,['Unknown%20significance'],63.58,0.46,0.0,-0.2,0.2
CEACAM16,19,44703448,NM_001039213.4:c.137G>A,NP_001034302.2:p.Gly46Glu,0.169,23.5,['Unknown%20significance'],58.36,0.61,0.0,-0.1,0.1
CEACAM16,19,44703448,NM_001039213.4:c.137G>C,NP_001034302.2:p.Gly46Ala,0.254,24.4,['Unknown%20significance'],58.36,0.61,0.0,-0.2,0.2
CEACAM16,19,44703450,NM_001039213.4:c.139G>A,NP_001034302.2:p.Glu47Lys,0.129,22.7,['Unknown%20significance'],109.95,0.56,0.0,0.1,0.1
CEACAM16,19,44703450,NM_001039213.4:c.139G>C,NP_001034302.2:p.Glu47Gln,0.061,22.1,['Unknown%20significance'],109.95,0.56,0.0,-0.2,0.2
CEACAM16,19,44703456,NM_001039213.4:c.145C>T,NP_001034302.2:p.Leu49Phe,0.120,22.3,['Unknown%20significance'],66.61,0.34,0.0,0.0,0.0
CEACAM16,19,44703457,NM_001039213.4:c.146T>A,NP_001034302.2:p.Leu49His,0.174,23.6,['Unknown%20significance'],66.61,0.34,0.0,0.7,0.7
CEACAM16,19,44703459,NM_001039213.4:c.148G>A,NP_001034302.2:p.Ala50Thr,0.196,25.6,['Unknown%20significance'],17.84,0.14,0.0,-0.2,0.2
CEACAM16,19,44703460,NM_001039213.4:c.149C>G,NP_001034302.2:p.Ala50Gly,0.167,22.4,['Unknown%20significance'],17.84,0.14,0.0,1.1,1.1
CEACAM16,19,44703460,NM_001039213.4:c.149C>T,NP_001034302.2:p.Ala50Val,0.207,24.6,['Unknown%20significance'],17.84,0.14,0.0,-0.8,0.8
CEACAM16,19,44703465,NM_001039213.4:c.154A>G,NP_001034302.2:p.Ser52Gly,0.058,20.0,['Likely%20benign'],2.91,0.02,0.0,0.8,0.8
CEACAM16,19,44703471,NM_001039213.4:c.160T>A,NP_001034302.2:p.Tyr54Asn,0.568,26.5,['Unknown%20significance'],10.72,0.04,0.0,2.9,2.9
CEACAM16,19,44703471,NM_001039213.4:c.160T>C,NP_001034302.2:p.Tyr54His,0.572,26.3,['Unknown%20significance'],10.72,0.04,0.0,1.8,1.8
CEACAM16,19,44703474,NM_001039213.4:c.163G>A,NP_001034302.2:p.Ala55Thr,0.101,23.5,['Unknown%20significance'],17.97,0.14,0.0,-0.1,0.1
CEACAM16,19,44703475,NM_001039213.4:c.164C>A,NP_001034302.2:p.Ala55Glu,0.182,21.6,['Likely%20benign'],17.97,0.14,0.0,0.1,0.1
CEACAM16,19,44703475,NM_001039213.4:c.164C>T,NP_001034302.2:p.Ala55Val,0.102,25.2,['Unknown%20significance'],17.97,0.14,0.0,-0.6,0.6
CEACAM16,19,44703477,NM_001039213.4:c.166G>A,NP_001034302.2:p.Gly56Arg,0.163,26.9,['Unknown%20significance'],12.83,0.13,0.0,-0.7,0.7
CEACAM16,19,44703478,NM_001039213.4:c.167G>T,NP_001034302.2:p.Gly56Val,0.222,25.6,['Unknown%20significance'],12.83,0.13,0.0,-0.6,0.6
CEACAM16,19,44703481,NM_001039213.4:c.170C>T,NP_001034302.2:p.Pro57Leu,0.075,22.6,['Unknown%20significance'],109.81,0.69,0.0,-0.2,0.2
CEACAM16,19,44703484,NM_001039213.4:c.173C>T,NP_001034302.2:p.Thr58Ile,0.043,14.31,['Unknown%20significance'],82.69,0.52,0.0,-0.2,0.2
CEACAM16,19,44703486,NM_001039213.4:c.175C>A,NP_001034302.2:p.Leu59Ile,0.039,18.20,['Likely%20benign'],74.72,0.38,0.0,0.0,0.0
CEACAM16,19,44703486,NM_001039213.4:c.175C>T,NP_001034302.2:p.Leu59Phe,0.127,22.6,['Unknown%20significance'],74.72,0.38,0.0,0.0,0.0
CEACAM16,19,44703491,NM_001039213.4:c.180C>A,NP_001034302.2:p.Ser60Arg,0.194,20.5,['Unknown%20significance'],54.05,0.39,0.0,-0.4,0.4
CEACAM16,19,44703492,NM_001039213.4:c.181G>A,NP_001034302.2:p.Val61Met,0.160,18.43,['Likely%20benign'],110.71,0.64,0.0,0.1,0.1
CEACAM16,19,44703493,NM_001039213.4:c.182T>A,NP_001034302.2:p.Val61Glu,0.112,18.80,['Likely%20benign'],110.71,0.64,0.0,0.7,0.7
CEACAM16,19,44703495,NM_001039213.4:c.184T>A,NP_001034302.2:p.Ser62Thr,0.031,1.272,['Likely%20benign'],77.08,0.55,0.0,-0.2,0.2
CEACAM16,19,44703498,NM_001039213.4:c.187T>C,NP_001034302.2:p.Tyr63His,0.032,15.98,['Likely%20benign'],84.47,0.35,0.0,1.0,1.0
CEACAM16,19,44703504,NM_001039213.4:c.193G>C,NP_001034302.2:p.Val65Leu,0.092,16.23,['Likely%20benign'],0.0,0.0,0.0,-0.1,0.1
CEACAM16,19,44703507,NM_001039213.4:c.196G>A,NP_001034302.2:p.Ala66Thr,0.041,20.6,['Unknown%20significance'],0.0,0.0,0.0,0.1,0.1
CEACAM16,19,44703507,NM_001039213.4:c.196G>T,NP_001034302.2:p.Ala66Ser,0.068,19.88,['Likely%20benign'],0.0,0.0,0.0,0.8,0.8
CEACAM16,19,44703508,NM_001039213.4:c.197C>T,NP_001034302.2:p.Ala66Val,0.066,16.85,['Unknown%20significance'],0.0,0.0,0.0,-1.1,1.1
CEACAM16,19,44703511,NM_001039213.4:c.200G>A,NP_001034302.2:p.Ser67Asn,0.270,25.1,['Unknown%20significance'],31.52,0.22,0.0,0.1,0.1
CEACAM16,19,44703514,NM_001039213.4:c.203A>G,NP_001034302.2:p.Tyr68Cys,0.319,27.1,['Unknown%20significance'],14.53,0.06,0.0,2.0,2.0
CEACAM16,19,44703516,NM_001039213.4:c.205A>G,NP_001034302.2:p.Ile69Val,0.190,21.9,['Unknown%20significance'],67.15,0.34,0.0,0.2,0.2
CEACAM16,19,44703517,NM_001039213.4:c.206T>A,NP_001034302.2:p.Ile69Asn,0.206,23.9,['Unknown%20significance'],67.15,0.34,0.0,1.2,1.2
CEACAM16,19,44703519,NM_001039213.4:c.208G>A,NP_001034302.2:p.Val70Met,0.200,23.6,['Unknown%20significance'],51.03,0.29,0.0,0.1,0.1
CEACAM16,19,44703523,NM_001039213.4:c.212G>A,NP_001034302.2:p.Ser71Asn,0.039,21.4,['Likely%20benign'],98.8,0.71,0.0,0.0,0.0
CEACAM16,19,44703524,NM_001039213.4:c.213C>G,NP_001034302.2:p.Ser71Arg,0.170,23.3,['Unknown%20significance'],98.8,0.71,0.0,-0.1,0.1
CEACAM16,19,44703525,NM_001039213.4:c.214A>G,NP_001034302.2:p.Thr72Ala,0.136,24.5,['Unknown%20significance'],105.19,0.66,0.0,0.2,0.2
CEACAM16,19,44703528,NM_001039213.4:c.217G>A,NP_001034302.2:p.Gly73Ser,0.084,20.7,['Unknown%20significance'],39.23,0.41,0.0,-0.3,0.3
CEACAM16,19,44703529,NM_001039213.4:c.218G>A,NP_001034302.2:p.Gly73Asp,0.061,20.2,['Unknown%20significance'],39.23,0.41,0.0,-0.1,0.1
CEACAM16,19,44703531,NM_001039213.4:c.220G>A,NP_001034302.2:p.Asp74Asn,0.079,20.3,['Unknown%20significance'],83.61,0.52,0.0,-0.1,0.1
CEACAM16,19,44703534,NM_001039213.4:c.223G>A,NP_001034302.2:p.Glu75Lys,0.192,21.5,['Unknown%20significance'],52.17,0.26,0.0,0.2,0.2
CEACAM16,19,44703535,NM_001039213.4:c.224A>G,NP_001034302.2:p.Glu75Gly,0.199,23.9,['Likely%20benign'],52.17,0.26,0.0,0.4,0.4
CEACAM16,19,44703538,NM_001039213.4:c.227C>T,NP_001034302.2:p.Thr76Ile,0.196,16.39,['Likely%20benign'],86.19,0.54,0.0,-0.2,0.2
CEACAM16,19,44703541,NM_001039213.4:c.230C>T,NP_001034302.2:p.Pro77Leu,0.193,22.5,['Unknown%20significance'],91.47,0.58,0.0,-0.3,0.3
CEACAM16,19,44703544,NM_001039213.4:c.233G>A,NP_001034302.2:p.Gly78Asp,0.387,23.8,['Unknown%20significance'],8.87,0.09,0.0,0.0,0.0
CEACAM16,19,44703547,NM_001039213.4:c.236C>A,NP_001034302.2:p.Pro79Gln,0.130,22.7,['Unknown%20significance'],108.94,0.69,0.0,0.1,0.1
CEACAM16,19,44703547,NM_001039213.4:c.236C>T,NP_001034302.2:p.Pro79Leu,0.216,19.60,['Unknown%20significance'],108.94,0.69,0.0,-0.2,0.2
CEACAM16,19,44703549,NM_001039213.4:c.238G>A,NP_001034302.2:p.Ala80Thr,0.230,20.4,['Unknown%20significance'],28.25,0.22,0.0,-0.1,0.1
CEACAM16,19,44703550,NM_001039213.4:c.239C>T,NP_001034302.2:p.Ala80Val,0.069,12.15,['Likely%20benign'],28.25,0.22,0.0,-0.5,0.5
CEACAM16,19,44703552,NM_001039213.4:c.241C>T,NP_001034302.2:p.His81Tyr,0.077,5.413,['Likely%20benign'],50.43,0.24,0.0,-1.0,1.0
CEACAM16,19,44703555,NM_001039213.4:c.244A>T,NP_001034302.2:p.Thr82Ser,0.099,13.04,['Likely%20benign'],61.95,0.39,0.0,0.2,0.2
CEACAM16,19,44703556,NM_001039213.4:c.245C>T,NP_001034302.2:p.Thr82Met,0.172,24.1,['Unknown%20significance'],61.95,0.39,0.0,-0.0,0.0
CEACAM16,19,44703561,NM_001039213.4:c.250C>T,NP_001034302.2:p.Arg84Trp,0.559,26.5,['Unknown%20significance'],107.15,0.39,0.0,0.0,0.0
CEACAM16,19,44703562,NM_001039213.4:c.251G>A,NP_001034302.2:p.Arg84Gln,0.533,26.5,['Unknown%20significance'],107.15,0.39,0.0,0.5,0.5
CEACAM16,19,44703566,NM_001039213.4:c.255G>T,NP_001034302.2:p.Glu85Asp,0.117,23.6,['Likely%20benign'],5.99,0.03,0.0,0.4,0.4
CEACAM16,19,44703567,NM_001039213.4:c.256G>A,NP_001034302.2:p.Ala86Thr,0.106,14.07,['Likely%20benign'],49.22,0.38,0.0,-0.2,0.2
CEACAM16,19,44703571,NM_001039213.4:c.260T>C,NP_001034302.2:p.Val87Ala,0.316,25.6,['Unknown%20significance'],5.76,0.03,0.0,1.7,1.7
CEACAM16,19,44703573,NM_001039213.4:c.262C>T,NP_001034302.2:p.Arg88Cys,0.104,23.9,['Unknown%20significance'],118.36,0.43,0.0,0.3,0.3
CEACAM16,19,44703574,NM_001039213.4:c.263G>A,NP_001034302.2:p.Arg88His,0.086,22.6,['Likely%20benign'],118.36,0.43,0.0,0.1,0.1
CEACAM16,19,44703576,NM_001039213.4:c.265C>T,NP_001034302.2:p.Pro89Ser,0.072,22.6,['Unknown%20significance'],110.94,0.7,0.0,-0.0,0.0
CEACAM16,19,44703577,NM_001039213.4:c.266C>T,NP_001034302.2:p.Pro89Leu,0.160,24.7,['Unknown%20significance'],110.94,0.7,0.0,-0.3,0.3
CEACAM16,19,44703579,NM_001039213.4:c.268G>A,NP_001034302.2:p.Asp90Asn,0.144,20.9,['Unknown%20significance'],69.96,0.43,0.0,-0.2,0.2
CEACAM16,19,44703579,NM_001039213.4:c.268G>C,NP_001034302.2:p.Asp90His,0.126,26.2,['Unknown%20significance'],69.96,0.43,0.0,-0.3,0.3
CEACAM16,19,44703581,NM_001039213.4:c.270T>A,NP_001034302.2:p.Asp90Glu,0.076,21.9,['Unknown%20significance'],69.96,0.43,0.0,0.1,0.1
CEACAM16,19,44703586,NM_001039213.4:c.275G>A,NP_001034302.2:p.Ser92Asn,0.122,24.9,['Unknown%20significance'],0.06,0.0,0.0,0.1,0.1
CEACAM16,19,44703587,NM_001039213.4:c.276C>A,NP_001034302.2:p.Ser92Arg,0.148,24.1,['Unknown%20significance'],0.06,0.0,0.0,-0.6,0.6
CEACAM16,19,44703588,NM_001039213.4:c.277C>A,NP_001034302.2:p.Leu93Met,0.172,24.4,['Unknown%20significance'],0.0,0.0,0.0,1.8,1.8
CEACAM16,19,44703592,NM_001039213.4:c.281A>T,NP_001034302.2:p.Asp94Val,0.102,17.51,['Unknown%20significance'],19.5,0.12,0.0,-2.4,2.4
CEACAM16,19,44703593,NM_001039213.4:c.282C>G,NP_001034302.2:p.Asp94Glu,0.024,10.73,['Likely%20benign'],19.5,0.12,0.0,-0.5,0.5
CEACAM16,19,44703596,NM_001039213.4:c.285C>G,NP_001034302.2:p.Ile95Met,0.154,21.3,['Unknown%20significance'],0.0,0.0,0.0,1.6,1.6
CEACAM16,19,44703598,NM_001039213.4:c.287A>G,NP_001034302.2:p.Gln96Arg,0.056,14.50,['Likely%20benign'],106.42,0.53,0.0,-0.2,0.2
CEACAM16,19,44703599,NM_001039213.4:c.288G>T,NP_001034302.2:p.Gln96His,0.057,12.53,['Likely%20benign'],106.42,0.53,0.0,-0.1,0.1
CEACAM16,19,44703600,NM_001039213.4:c.289G>A,NP_001034302.2:p.Gly97Ser,0.037,19.62,['Likely%20benign'],14.92,0.15,0.0,-0.6,0.6
CEACAM16,19,44703600,NM_001039213.4:c.289G>T,NP_001034302.2:p.Gly97Cys,0.191,24.7,['Unknown%20significance'],14.92,0.15,0.0,-0.6,0.6
CEACAM16,19,44703601,NM_001039213.4:c.290G>A,NP_001034302.2:p.Gly97Asp,0.029,17.25,['Likely%20benign'],14.92,0.15,0.0,-0.4,0.4
CEACAM16,19,44703601,NM_001039213.4:c.290G>C,NP_001034302.2:p.Gly97Ala,0.074,18.36,['Unknown%20significance'],14.92,0.15,0.0,-0.7,0.7
CEACAM16,19,44703601,NM_001039213.4:c.290G>T,NP_001034302.2:p.Gly97Val,0.155,23.6,['Unknown%20significance'],14.92,0.15,0.0,-1.2,1.2
CEACAM16,19,44703603,NM_001039213.4:c.292A>G,NP_001034302.2:p.Ile98Val,0.088,1.209,['Likely%20benign'],0.0,0.0,0.0,-0.0,0.0
CEACAM16,19,44703604,NM_001039213.4:c.293T>C,NP_001034302.2:p.Ile98Thr,0.094,14.26,['Likely%20benign'],0.0,0.0,0.0,1.7,1.7
CEACAM16,19,44703605,NM_001039213.4:c.294C>G,NP_001034302.2:p.Ile98Met,0.049,14.96,['Unknown%20significance'],0.0,0.0,0.0,0.7,0.7
CEACAM16,19,44703607,NM_001039213.4:c.296T>G,NP_001034302.2:p.Leu99Arg,0.253,23.6,['Unknown%20significance'],53.08,0.27,0.0,-0.0,0.0
CEACAM16,19,44703609,NM_001039213.4:c.298C>T,NP_001034302.2:p.Pro100Ser,0.202,22.6,['Unknown%20significance'],52.98,0.33,0.0,-0.1,0.1
CEACAM16,19,44703610,NM_001039213.4:c.299C>T,NP_001034302.2:p.Pro100Leu,0.103,14.94,['Unknown%20significance'],52.98,0.33,0.0,-0.9,0.9
CEACAM16,19,44703612,NM_001039213.4:c.301C>T,NP_001034302.2:p.Arg101Trp,0.153,13.43,['Likely%20benign'],177.65,0.65,0.0,0.1,0.1
CEACAM16,19,44703613,NM_001039213.4:c.302G>A,NP_001034302.2:p.Arg101Gln,0.056,17.30,['Likely%20benign'],177.65,0.65,0.0,0.1,0.1
CEACAM16,19,44703613,NM_001039213.4:c.302G>T,NP_001034302.2:p.Arg101Leu,0.053,18.31,['Likely%20benign'],177.65,0.65,0.0,0.3,0.3
CEACAM16,19,44703618,NM_001039213.4:c.307T>C,NP_001034302.2:p.Ser103Pro,0.524,24.6,['Unknown%20significance'],47.0,0.34,0.0,0.5,0.5
CEACAM16,19,44703619,NM_001039213.4:c.308C>T,NP_001034302.2:p.Ser103Leu,0.279,23.7,['Unknown%20significance'],47.0,0.34,0.0,-0.1,0.1
CEACAM16,19,44703622,NM_001039213.4:c.311G>C,NP_001034302.2:p.Gly104Ala,0.264,25.3,['Unknown%20significance'],25.46,0.26,0.0,0.5,0.5
CEACAM16,19,44703624,NM_001039213.4:c.313A>G,NP_001034302.2:p.Thr105Ala,0.071,17.72,['Likely%20benign'],58.59,0.37,0.0,0.3,0.3
CEACAM16,19,44703625,NM_001039213.4:c.314C>T,NP_001034302.2:p.Thr105Ile,0.127,22.9,['Unknown%20significance'],58.59,0.37,0.0,-0.4,0.4
CEACAM16,19,44703630,NM_001039213.4:c.319A>G,NP_001034302.2:p.Ile107Val,0.147,20.7,['Unknown%20significance'],1.61,0.0,0.0,0.1,0.1
CEACAM16,19,44703633,NM_001039213.4:c.322C>A,NP_001034302.2:p.Leu108Met,0.368,24.2,['Unknown%20significance'],0.0,0.0,0.0,0.6,0.6
CEACAM16,19,44703634,NM_001039213.4:c.323T>A,NP_001034302.2:p.Leu108Gln,0.559,26.5,['Unknown%20significance'],0.0,0.0,0.0,2.5,2.5
CEACAM16,19,44703636,NM_001039213.4:c.325C>A,NP_001034302.2:p.Gln109Lys,0.221,23.1,['Unknown%20significance'],16.64,0.08,0.0,0.8,0.8
CEACAM16,19,44703640,NM_001039213.4:c.329C>A,NP_001034302.2:p.Thr110Asn,0.250,23.7,['Unknown%20significance'],0.0,0.0,0.0,0.9,0.9
CEACAM16,19,44703640,NM_001039213.4:c.329C>T,NP_001034302.2:p.Thr110Ile,0.225,19.39,['Unknown%20significance'],0.0,0.0,0.0,-1.4,1.4
CEACAM16,19,44703643,NM_001039213.4:c.332T>C,NP_001034302.2:p.Phe111Ser,0.159,23.0,['Likely%20benign'],61.1,0.26,0.0,1.1,1.1
CEACAM16,19,44703644,NM_001039213.4:c.333C>A,NP_001034302.2:p.Phe111Leu,0.069,14.58,['Likely%20benign'],61.1,0.26,0.0,0.1,0.1
CEACAM16,19,44703647,NM_001039213.4:c.336C>A,NP_001034302.2:p.Asn112Lys,0.125,19.99,['Unknown%20significance'],4.5,0.02,0.0,0.8,0.8
CEACAM16,19,44703648,NM_001039213.4:c.337A>G,NP_001034302.2:p.Arg113Gly,0.245,21.4,['Unknown%20significance'],155.7,0.57,0.0,0.6,0.6
CEACAM16,19,44703649,NM_001039213.4:c.338G>A,NP_001034302.2:p.Arg113Lys,0.066,18.22,['Likely%20benign'],155.7,0.57,0.0,0.4,0.4
CEACAM16,19,44703649,NM_001039213.4:c.338G>T,NP_001034302.2:p.Arg113Met,0.322,23.9,['Unknown%20significance'],155.7,0.57,0.0,0.0,0.0
CEACAM16,19,44703650,NM_001039213.4:c.339G>C,NP_001034302.2:p.Arg113Ser,0.169,15.87,['Likely%20benign'],155.7,0.57,0.0,0.3,0.3
CEACAM16,19,44703650,NM_001039213.4:c.339G>T,NP_001034302.2:p.Arg113Ser,0.168,15.81,['Likely%20benign'],155.7,0.57,0.0,0.3,0.3
CEACAM16,19,44703651,NM_001039213.4:c.340C>A,NP_001034302.2:p.Gln114Lys,0.187,23.0,['Unknown%20significance'],135.24,0.68,0.0,0.2,0.2
CEACAM16,19,44703651,NM_001039213.4:c.340C>G,NP_001034302.2:p.Gln114Glu,0.147,22.8,['Unknown%20significance'],135.24,0.68,0.0,0.2,0.2
CEACAM16,19,44703652,NM_001039213.4:c.341A>G,NP_001034302.2:p.Gln114Arg,0.191,23.6,['Unknown%20significance'],135.24,0.68,0.0,-0.1,0.1
CEACAM16,19,44703659,NM_001039213.4:c.348G>C,NP_001034302.2:p.Gln116His,0.242,22.8,['Unknown%20significance'],113.39,0.57,0.0,-0.1,0.1
CEACAM16,19,44703660,NM_001039213.4:c.349A>G,NP_001034302.2:p.Thr117Ala,0.178,23.1,['Unknown%20significance'],75.85,0.48,0.0,0.2,0.2
CEACAM16,19,44703661,NM_001039213.4:c.350C>A,NP_001034302.2:p.Thr117Asn,0.186,22.5,['Unknown%20significance'],75.85,0.48,0.0,0.3,0.3
CEACAM16,19,44703661,NM_001039213.4:c.350C>G,NP_001034302.2:p.Thr117Ser,0.123,22.6,['Unknown%20significance'],75.85,0.48,0.0,0.3,0.3
CEACAM16,19,44703663,NM_001039213.4:c.352G>A,NP_001034302.2:p.Glu118Lys,0.202,23.5,['Benign'],58.11,0.29,0.0,0.2,0.2
CEACAM16,19,44703663,NM_001039213.4:c.352G>C,NP_001034302.2:p.Glu118Gln,0.165,26.0,['Unknown%20significance'],58.11,0.29,0.0,-0.3,0.3
CEACAM16,19,44703664,NM_001039213.4:c.353A>G,NP_001034302.2:p.Glu118Gly,0.241,24.5,['Unknown%20significance'],58.11,0.29,0.0,0.6,0.6
CEACAM16,19,44703664,NM_001039213.4:c.353A>T,NP_001034302.2:p.Glu118Val,0.222,24.1,['Unknown%20significance'],58.11,0.29,0.0,-0.8,0.8
CEACAM16,19,44703665,NM_001039213.4:c.354G>T,NP_001034302.2:p.Glu118Asp,0.095,19.59,['Likely%20benign'],58.11,0.29,0.0,0.2,0.2
CEACAM16,19,44703666,NM_001039213.4:c.355G>A,NP_001034302.2:p.Val119Met,0.050,23.2,['Unknown%20significance'],56.22,0.32,0.0,0.2,0.2
CEACAM16,19,44703667,NM_001039213.4:c.356T>C,NP_001034302.2:p.Val119Ala,0.080,22.8,['Unknown%20significance'],56.22,0.32,0.0,0.7,0.7
CEACAM16,19,44703669,NM_001039213.4:c.358G>T,NP_001034302.2:p.Gly120Cys,0.116,24.6,['Unknown%20significance'],0.08,0.0,0.0,-1.0,1.0
CEACAM16,19,44703670,NM_001039213.4:c.359G>C,NP_001034302.2:p.Gly120Ala,0.036,15.77,['Likely%20benign'],0.08,0.0,0.0,-1.0,1.0
CEACAM16,19,44703670,NM_001039213.4:c.359G>T,NP_001034302.2:p.Gly120Val,0.084,20.6,['Unknown%20significance'],0.08,0.0,0.0,-1.8,1.8
CEACAM16,19,44703672,NM_001039213.4:c.361T>C,NP_001034302.2:p.Tyr121His,0.092,20.5,['Likely%20benign'],111.01,0.46,0.0,0.6,0.6
CEACAM16,19,44703673,NM_001039213.4:c.362A>G,NP_001034302.2:p.Tyr121Cys,0.114,24.2,['Unknown%20significance'],111.01,0.46,0.0,0.7,0.7
CEACAM16,19,44703675,NM_001039213.4:c.364G>A,NP_001034302.2:p.Gly122Arg,0.254,28.8,['Unknown%20significance'],8.99,0.09,0.0,-1.1,1.1
CEACAM16,19,44703675,NM_001039213.4:c.364G>C,NP_001034302.2:p.Gly122Arg,0.249,27.7,['Unknown%20significance'],8.99,0.09,0.0,-1.1,1.1
CEACAM16,19,44703676,NM_001039213.4:c.365G>A,NP_001034302.2:p.Gly122Glu,0.254,26.5,['Unknown%20significance'],8.99,0.09,0.0,-0.3,0.3
CEACAM16,19,44703676,NM_001039213.4:c.365G>T,NP_001034302.2:p.Gly122Val,0.258,25.0,['Unknown%20significance'],8.99,0.09,0.0,-2.1,2.1
CEACAM16,19,44703678,NM_001039213.4:c.367C>A,NP_001034302.2:p.His123Asn,0.041,24.0,['Unknown%20significance'],106.57,0.51,0.0,0.3,0.3
CEACAM16,19,44703678,NM_001039213.4:c.367C>T,NP_001034302.2:p.His123Tyr,0.074,22.8,['Unknown%20significance'],106.57,0.51,0.0,-0.5,0.5
CEACAM16,19,44703679,NM_001039213.4:c.368A>T,NP_001034302.2:p.His123Leu,0.078,23.3,['Unknown%20significance'],106.57,0.51,0.0,-0.3,0.3
CEACAM16,19,44703680,NM_001039213.4:c.369C>A,NP_001034302.2:p.His123Gln,0.139,16.12,['Unknown%20significance'],106.57,0.51,0.0,0.1,0.1
CEACAM16,19,44703680,NM_001039213.4:c.369C>G,NP_001034302.2:p.His123Gln,0.135,17.09,['Unknown%20significance'],106.57,0.51,0.0,0.1,0.1
CEACAM16,19,44703681,NM_001039213.4:c.370G>A,NP_001034302.2:p.Val124Met,0.059,0.149,['Unknown%20significance'],0.0,0.0,0.0,0.5,0.5
CEACAM16,19,44703681,NM_001039213.4:c.370G>C,NP_001034302.2:p.Val124Leu,0.062,0.004,['Unknown%20significance'],0.0,0.0,0.0,-0.4,0.4
CEACAM16,19,44703681,NM_001039213.4:c.370G>T,NP_001034302.2:p.Val124Leu,0.062,0.006,['Likely%20benign'],0.0,0.0,0.0,-0.4,0.4
CEACAM16,19,44703682,NM_001039213.4:c.371T>C,NP_001034302.2:p.Val124Ala,0.111,23.4,['Unknown%20significance'],0.0,0.0,0.0,2.1,2.1
CEACAM16,19,44703684,NM_001039213.4:c.373C>A,NP_001034302.2:p.Gln125Lys,0.079,22.1,['Unknown%20significance'],101.2,0.51,0.0,0.3,0.3
CEACAM16,19,44703685,NM_001039213.4:c.374A>G,NP_001034302.2:p.Gln125Arg,0.014,15.26,['Likely%20benign'],101.2,0.51,0.0,-0.1,0.1
CEACAM16,19,44703686,NM_001039213.4:c.375G>T,NP_001034302.2:p.Gln125His,0.049,23.0,['Unknown%20significance'],101.2,0.51,0.0,-0.1,0.1
CEACAM16,19,44703687,NM_001039213.4:c.376G>A,NP_001034302.2:p.Val126Ile,0.100,24.7,['Unknown%20significance'],10.6,0.06,0.0,0.2,0.2
CEACAM16,19,44703688,NM_001039213.4:c.377T>C,NP_001034302.2:p.Val126Ala,0.186,25.3,['Unknown%20significance'],10.6,0.06,0.0,2.2,2.2
CEACAM16,19,44703690,NM_001039213.4:c.379C>A,NP_001034302.2:p.His127Asn,0.042,22.0,['Likely%20benign'],24.2,0.11,0.0,0.7,0.7
CEACAM16,19,44703690,NM_001039213.4:c.379C>T,NP_001034302.2:p.His127Tyr,0.037,14.13,['Likely%20benign'],24.2,0.11,0.0,-1.2,1.2
CEACAM16,19,44703691,NM_001039213.4:c.380A>G,NP_001034302.2:p.His127Arg,0.118,25.5,['Unknown%20significance'],24.2,0.11,0.0,-0.1,0.1
CEACAM16,19,44704018,NM_001039213.4:c.383A>C,NP_001034302.2:p.Glu128Ala,0.087,17.90,['Unknown%20significance'],48.77,0.24,0.0,-0.5,0.5
CEACAM16,19,44704018,NM_001039213.4:c.383A>T,NP_001034302.2:p.Glu128Val,0.125,19.84,['Unknown%20significance'],48.77,0.24,0.0,-1.3,1.3
CEACAM16,19,44704021,NM_001039213.4:c.386T>G,NP_001034302.2:p.Ile129Ser,0.043,17.18,['Likely%20benign'],105.23,0.53,0.0,0.9,0.9
CEACAM16,19,44704023,NM_001039213.4:c.388C>A,NP_001034302.2:p.Leu130Met,0.039,18.98,['Unknown%20significance'],6.79,0.03,0.0,0.2,0.2
CEACAM16,19,44704024,NM_001039213.4:c.389T>C,NP_001034302.2:p.Leu130Pro,0.209,23.0,['Unknown%20significance'],6.79,0.03,0.0,1.7,1.7
CEACAM16,19,44704026,NM_001039213.4:c.391G>A,NP_001034302.2:p.Ala131Thr,0.026,15.14,['Likely%20benign'],54.23,0.42,0.0,-0.1,0.1
CEACAM16,19,44704026,NM_001039213.4:c.391G>T,NP_001034302.2:p.Ala131Ser,0.018,12.88,['Likely%20benign'],54.23,0.42,0.0,0.3,0.3
CEACAM16,19,44704029,NM_001039213.4:c.394C>A,NP_001034302.2:p.Gln132Lys,0.085,12.26,['Likely%20benign'],92.43,0.46,0.0,0.4,0.4
CEACAM16,19,44704030,NM_001039213.4:c.395A>G,NP_001034302.2:p.Gln132Arg,0.043,13.25,['Likely%20benign'],92.43,0.46,0.0,-0.2,0.2
CEACAM16,19,44704033,NM_001039213.4:c.398C>A,NP_001034302.2:p.Pro133His,0.319,24.0,['Unknown%20significance'],0.55,0.0,0.0,0.4,0.4
CEACAM16,19,44704035,NM_001039213.4:c.400A>G,NP_001034302.2:p.Thr134Ala,0.040,4.476,['Likely%20benign'],85.08,0.54,0.0,0.1,0.1
CEACAM16,19,44704036,NM_001039213.4:c.401C>T,NP_001034302.2:p.Thr134Ile,0.090,6.209,['Likely%20benign'],85.08,0.54,0.0,-0.5,0.5
CEACAM16,19,44704039,NM_001039213.4:c.404T>C,NP_001034302.2:p.Val135Ala,0.134,22.6,['Unknown%20significance'],8.03,0.04,0.0,1.8,1.8
CEACAM16,19,44704042,NM_001039213.4:c.407T>C,NP_001034302.2:p.Leu136Ser,0.032,4.556,['Unknown%20significance'],95.79,0.49,0.0,0.8,0.8
CEACAM16,19,44704044,NM_001039213.4:c.409G>T,NP_001034302.2:p.Ala137Ser,0.063,18.00,['Likely%20benign'],35.26,0.27,0.0,0.2,0.2
CEACAM16,19,44704048,NM_001039213.4:c.413A>C,NP_001034302.2:p.Asn138Thr,0.110,24.1,['Unknown%20significance'],89.48,0.55,0.0,-0.2,0.2
CEACAM16,19,44704049,NM_001039213.4:c.414C>G,NP_001034302.2:p.Asn138Lys,0.078,18.55,['Unknown%20significance'],89.48,0.55,0.0,0.2,0.2
CEACAM16,19,44704051,NM_001039213.4:c.416G>A,NP_001034302.2:p.Ser139Asn,0.063,0.026,['Likely%20benign'],48.02,0.34,0.0,0.0,0.0
CEACAM16,19,44704053,NM_001039213.4:c.418A>C,NP_001034302.2:p.Thr140Pro,0.273,22.7,['Pathogenic'],89.74,0.57,0.0,0.3,0.3
CEACAM16,19,44704053,NM_001039213.4:c.418A>G,NP_001034302.2:p.Thr140Ala,0.080,21.7,['Pathogenic'],89.74,0.57,0.0,0.2,0.2
CEACAM16,19,44704056,NM_001039213.4:c.421G>C,NP_001034302.2:p.Ala141Pro,0.087,19.48,['Unknown%20significance'],21.24,0.16,0.0,0.5,0.5
CEACAM16,19,44704057,NM_001039213.4:c.422C>A,NP_001034302.2:p.Ala141Glu,0.054,0.812,['Likely%20benign'],21.24,0.16,0.0,0.5,0.5
CEACAM16,19,44704057,NM_001039213.4:c.422C>T,NP_001034302.2:p.Ala141Val,0.151,7.875,['Likely%20benign'],21.24,0.16,0.0,-1.0,1.0
CEACAM16,19,44704062,NM_001039213.4:c.427G>A,NP_001034302.2:p.Val143Met,0.160,24.0,['Unknown%20significance'],3.45,0.02,0.0,0.7,0.7
CEACAM16,19,44704063,NM_001039213.4:c.428T>A,NP_001034302.2:p.Val143Glu,0.269,23.2,['Unknown%20significance'],3.45,0.02,0.0,2.9,2.9
CEACAM16,19,44704063,NM_001039213.4:c.428T>C,NP_001034302.2:p.Val143Ala,0.203,24.1,['Unknown%20significance'],3.45,0.02,0.0,1.9,1.9
CEACAM16,19,44704063,NM_001039213.4:c.428T>G,NP_001034302.2:p.Val143Gly,0.389,24.6,['Unknown%20significance'],3.45,0.02,0.0,3.5,3.5
CEACAM16,19,44704065,NM_001039213.4:c.430G>A,NP_001034302.2:p.Glu144Lys,0.207,24.9,['Unknown%20significance'],4.77,0.02,0.0,-0.0,0.0
CEACAM16,19,44704068,NM_001039213.4:c.433C>G,NP_001034302.2:p.Arg145Gly,0.137,15.51,['Likely%20benign'],175.6,0.65,0.0,0.7,0.7
CEACAM16,19,44704068,NM_001039213.4:c.433C>T,NP_001034302.2:p.Arg145Cys,0.122,23.0,['Unknown%20significance'],175.6,0.65,0.0,0.4,0.4
CEACAM16,19,44704069,NM_001039213.4:c.434G>A,NP_001034302.2:p.Arg145His,0.017,13.73,['Likely%20benign'],175.6,0.65,0.0,0.1,0.1
CEACAM16,19,44704069,NM_001039213.4:c.434G>T,NP_001034302.2:p.Arg145Leu,0.064,15.23,['Unknown%20significance'],175.6,0.65,0.0,-0.1,0.1
CEACAM16,19,44704071,NM_001039213.4:c.436C>G,NP_001034302.2:p.Arg146Gly,0.075,14.02,['Likely%20benign'],151.99,0.56,0.0,0.1,0.1
CEACAM16,19,44704072,NM_001039213.4:c.437G>A,NP_001034302.2:p.Arg146Gln,0.020,16.53,['Unknown%20significance'],151.99,0.56,0.0,0.3,0.3
CEACAM16,19,44704072,NM_001039213.4:c.437G>C,NP_001034302.2:p.Arg146Pro,0.165,21.8,['Unknown%20significance'],151.99,0.56,0.0,0.5,0.5
CEACAM16,19,44704072,NM_001039213.4:c.437G>T,NP_001034302.2:p.Arg146Leu,0.133,17.35,['Likely%20benign'],151.99,0.56,0.0,0.2,0.2
CEACAM16,19,44704075,NM_001039213.4:c.440A>G,NP_001034302.2:p.Asp147Gly,0.151,22.8,['Likely%20benign'],29.71,0.18,0.0,0.6,0.6
CEACAM16,19,44704077,NM_001039213.4:c.442A>C,NP_001034302.2:p.Thr148Pro,0.141,22.1,['Unknown%20significance'],51.51,0.32,0.0,0.6,0.6
CEACAM16,19,44704078,NM_001039213.4:c.443C>A,NP_001034302.2:p.Thr148Asn,0.066,22.9,['Unknown%20significance'],51.51,0.32,0.0,0.4,0.4
CEACAM16,19,44704078,NM_001039213.4:c.443C>T,NP_001034302.2:p.Thr148Ile,0.067,23.2,['Unknown%20significance'],51.51,0.32,0.0,-0.2,0.2
CEACAM16,19,44704081,NM_001039213.4:c.446T>C,NP_001034302.2:p.Leu149Pro,0.261,23.7,['Unknown%20significance'],0.0,0.0,0.0,3.2,3.2
CEACAM16,19,44704083,NM_001039213.4:c.448C>A,NP_001034302.2:p.Arg150Ser,0.082,9.308,['Likely%20benign'],126.13,0.46,0.0,0.4,0.4
CEACAM16,19,44704083,NM_001039213.4:c.448C>G,NP_001034302.2:p.Arg150Gly,0.081,11.30,['Likely%20benign'],126.13,0.46,0.0,0.9,0.9
CEACAM16,19,44704083,NM_001039213.4:c.448C>T,NP_001034302.2:p.Arg150Cys,0.063,19.40,['Unknown%20significance'],126.13,0.46,0.0,0.1,0.1
CEACAM16,19,44704084,NM_001039213.4:c.449G>A,NP_001034302.2:p.Arg150His,0.011,7.037,['Unknown%20significance'],126.13,0.46,0.0,0.1,0.1
CEACAM16,19,44704086,NM_001039213.4:c.451C>A,NP_001034302.2:p.Leu151Ile,0.256,18.32,['Unknown%20significance'],0.0,0.0,0.0,0.5,0.5
CEACAM16,19,44704090,NM_001039213.4:c.455T>C,NP_001034302.2:p.Met152Thr,0.020,0.001,['Likely%20benign'],71.07,0.32,0.0,0.4,0.4
CEACAM16,19,44704091,NM_001039213.4:c.456G>A,NP_001034302.2:p.Met152Ile,0.023,0.140,['Likely%20benign'],71.07,0.32,0.0,-0.3,0.3
CEACAM16,19,44704092,NM_001039213.4:c.457T>C,NP_001034302.2:p.Cys153Arg,0.780,24.6,['Unknown%20significance'],1.47,0.0,0.0,3.8,3.8
CEACAM16,19,44704093,NM_001039213.4:c.458G>A,NP_001034302.2:p.Cys153Tyr,0.738,24.2,['Unknown%20significance'],1.47,0.0,0.0,2.3,2.3
CEACAM16,19,44704093,NM_001039213.4:c.458G>T,NP_001034302.2:p.Cys153Phe,0.768,24.3,['Unknown%20significance'],1.47,0.0,0.0,2.2,2.2
CEACAM16,19,44704095,NM_001039213.4:c.460A>C,NP_001034302.2:p.Ser154Arg,0.067,11.69,['Likely%20benign'],51.36,0.37,0.0,-0.2,0.2
CEACAM16,19,44704095,NM_001039213.4:c.460A>G,NP_001034302.2:p.Ser154Gly,0.037,9.320,['Likely%20benign'],51.36,0.37,0.0,0.6,0.6
CEACAM16,19,44704096,NM_001039213.4:c.461G>A,NP_001034302.2:p.Ser154Asn,0.022,15.56,['Likely%20benign'],51.36,0.37,0.0,0.1,0.1
CEACAM16,19,44704096,NM_001039213.4:c.461G>C,NP_001034302.2:p.Ser154Thr,0.022,15.42,['Unknown%20significance'],51.36,0.37,0.0,-0.2,0.2
CEACAM16,19,44704097,NM_001039213.4:c.462C>A,NP_001034302.2:p.Ser154Arg,0.037,16.13,['Unknown%20significance'],51.36,0.37,0.0,-0.2,0.2
CEACAM16,19,44704099,NM_001039213.4:c.464G>T,NP_001034302.2:p.Ser155Ile,0.076,23.3,['Unknown%20significance'],19.18,0.13,0.0,-1.0,1.0
CEACAM16,19,44704102,NM_001039213.4:c.467C>A,NP_001034302.2:p.Pro156His,0.079,23.6,['Unknown%20significance'],121.13,0.77,0.0,-0.2,0.2
CEACAM16,19,44704102,NM_001039213.4:c.467C>T,NP_001034302.2:p.Pro156Leu,0.131,23.7,['Unknown%20significance'],121.13,0.77,0.0,-0.2,0.2
CEACAM16,19,44704105,NM_001039213.4:c.470G>A,NP_001034302.2:p.Ser157Asn,0.012,14.95,['Unknown%20significance'],7.5,0.05,0.0,-0.0,0.0
CEACAM16,19,44704106,NM_001039213.4:c.471C>A,NP_001034302.2:p.Ser157Arg,0.048,16.06,['Unknown%20significance'],7.5,0.05,0.0,-0.6,0.6
CEACAM16,19,44704107,NM_001039213.4:c.472C>T,NP_001034302.2:p.Pro158Ser,0.032,0.995,['Unknown%20significance'],96.97,0.61,0.0,0.4,0.4
CEACAM16,19,44704108,NM_001039213.4:c.473C>G,NP_001034302.2:p.Pro158Arg,0.051,12.03,['Unknown%20significance'],96.97,0.61,0.0,0.2,0.2
CEACAM16,19,44704108,NM_001039213.4:c.473C>T,NP_001034302.2:p.Pro158Leu,0.043,13.17,['Unknown%20significance'],96.97,0.61,0.0,0.2,0.2
CEACAM16,19,44704110,NM_001039213.4:c.475A>C,NP_001034302.2:p.Thr159Pro,0.052,14.11,['Likely%20benign'],131.67,0.83,0.0,0.1,0.1
CEACAM16,19,44704110,NM_001039213.4:c.475A>G,NP_001034302.2:p.Thr159Ala,0.018,4.491,['Unknown%20significance'],131.67,0.83,0.0,0.1,0.1
CEACAM16,19,44704111,NM_001039213.4:c.476C>A,NP_001034302.2:p.Thr159Asn,0.088,4.700,['Likely%20benign'],131.67,0.83,0.0,0.1,0.1
CEACAM16,19,44704111,NM_001039213.4:c.476C>T,NP_001034302.2:p.Thr159Ile,0.023,9.612,['Likely%20benign'],131.67,0.83,0.0,-0.1,0.1
CEACAM16,19,44704113,NM_001039213.4:c.478G>A,NP_001034302.2:p.Ala160Thr,0.168,16.93,['Unknown%20significance'],3.82,0.03,0.0,-0.1,0.1
CEACAM16,19,44704113,NM_001039213.4:c.478G>T,NP_001034302.2:p.Ala160Ser,0.107,19.89,['Unknown%20significance'],3.82,0.03,0.0,0.5,0.5
CEACAM16,19,44704114,NM_001039213.4:c.479C>T,NP_001034302.2:p.Ala160Val,0.096,17.96,['Unknown%20significance'],3.82,0.03,0.0,-0.8,0.8
CEACAM16,19,44704116,NM_001039213.4:c.481G>A,NP_001034302.2:p.Glu161Lys,0.022,15.34,['Likely%20benign'],103.5,0.53,0.0,0.1,0.1
CEACAM16,19,44704122,NM_001039213.4:c.487C>A,NP_001034302.2:p.Arg163Ser,0.154,25.4,['Unknown%20significance'],107.75,0.39,0.0,0.5,0.5
CEACAM16,19,44704122,NM_001039213.4:c.487C>T,NP_001034302.2:p.Arg163Cys,0.312,26.5,['Unknown%20significance'],107.75,0.39,0.0,0.1,0.1
CEACAM16,19,44704123,NM_001039213.4:c.488G>A,NP_001034302.2:p.Arg163His,0.129,27.0,['Unknown%20significance'],107.75,0.39,0.0,0.1,0.1
CEACAM16,19,44704125,NM_001039213.4:c.490T>C,NP_001034302.2:p.Trp164Arg,0.589,27.4,['Unknown%20significance'],1.77,0.0,0.0,5.4,5.4
CEACAM16,19,44704125,NM_001039213.4:c.490T>G,NP_001034302.2:p.Trp164Gly,0.601,28.8,['Unknown%20significance'],1.77,0.0,0.0,6.9,6.9
CEACAM16,19,44704126,NM_001039213.4:c.491G>C,NP_001034302.2:p.Trp164Ser,0.616,28.9,['Unknown%20significance'],1.77,0.0,0.0,6.5,6.5
CEACAM16,19,44704126,NM_001039213.4:c.491G>T,NP_001034302.2:p.Trp164Leu,0.473,28.5,['Unknown%20significance'],1.77,0.0,0.0,3.3,3.3
CEACAM16,19,44704127,NM_001039213.4:c.492G>T,NP_001034302.2:p.Trp164Cys,0.638,29.1,['Unknown%20significance'],1.77,0.0,0.0,4.4,4.4
CEACAM16,19,44704128,NM_001039213.4:c.493T>C,NP_001034302.2:p.Phe165Leu,0.057,22.3,['Unknown%20significance'],29.11,0.12,0.0,0.5,0.5
CEACAM16,19,44704129,NM_001039213.4:c.494T>C,NP_001034302.2:p.Phe165Ser,0.133,24.6,['Unknown%20significance'],29.11,0.12,0.0,2.3,2.3
CEACAM16,19,44704130,NM_001039213.4:c.495C>A,NP_001034302.2:p.Phe165Leu,0.026,21.1,['Unknown%20significance'],29.11,0.12,0.0,0.5,0.5
CEACAM16,19,44704132,NM_001039213.4:c.497T>C,NP_001034302.2:p.Phe166Ser,0.220,27.0,['Unknown%20significance'],19.48,0.08,0.0,1.7,1.7
CEACAM16,19,44704133,NM_001039213.4:c.498C>A,NP_001034302.2:p.Phe166Leu,0.043,21.2,['Likely%20benign'],19.48,0.08,0.0,0.4,0.4
CEACAM16,19,44704135,NM_001039213.4:c.500A>G,NP_001034302.2:p.Asn167Ser,0.130,24.0,['Unknown%20significance'],93.52,0.58,0.0,0.2,0.2
CEACAM16,19,44704137,NM_001039213.4:c.502G>A,NP_001034302.2:p.Gly168Ser,0.187,22.9,['Unknown%20significance'],60.54,0.63,0.0,0.0,0.0
CEACAM16,19,44704137,NM_001039213.4:c.502G>C,NP_001034302.2:p.Gly168Arg,0.202,24.4,['Unknown%20significance'],60.54,0.63,0.0,-0.1,0.1
CEACAM16,19,44704138,NM_001039213.4:c.503G>A,NP_001034302.2:p.Gly168Asp,0.124,20.4,['Unknown%20significance'],60.54,0.63,0.0,0.0,0.0
CEACAM16,19,44704138,NM_001039213.4:c.503G>T,NP_001034302.2:p.Gly168Val,0.340,24.1,['Unknown%20significance'],60.54,0.63,0.0,0.0,0.0
CEACAM16,19,44704140,NM_001039213.4:c.505G>A,NP_001034302.2:p.Gly169Arg,0.610,17.97,['Pathogenic'],51.11,0.53,0.0,-0.8,0.8
CEACAM16,19,44704140,NM_001039213.4:c.505G>T,NP_001034302.2:p.Gly169Trp,0.062,21.6,['Unknown%20significance'],51.11,0.53,0.0,-0.9,0.9
CEACAM16,19,44704141,NM_001039213.4:c.506G>A,NP_001034302.2:p.Gly169Glu,0.039,9.162,['Likely%20benign'],51.11,0.53,0.0,-0.3,0.3
CEACAM16,19,44704141,NM_001039213.4:c.506G>T,NP_001034302.2:p.Gly169Val,0.060,14.42,['Unknown%20significance'],51.11,0.53,0.0,-0.7,0.7
CEACAM16,19,44704143,NM_001039213.4:c.508G>A,NP_001034302.2:p.Ala170Thr,0.031,9.834,['Unknown%20significance'],60.62,0.47,0.0,-0.1,0.1
CEACAM16,19,44704143,NM_001039213.4:c.508G>C,NP_001034302.2:p.Ala170Pro,0.036,10.59,['Likely%20benign'],60.62,0.47,0.0,-0.0,0.0
CEACAM16,19,44704144,NM_001039213.4:c.509C>A,NP_001034302.2:p.Ala170Asp,0.041,17.14,['Unknown%20significance'],60.62,0.47,0.0,0.2,0.2
CEACAM16,19,44704144,NM_001039213.4:c.509C>G,NP_001034302.2:p.Ala170Gly,0.043,17.53,['Unknown%20significance'],60.62,0.47,0.0,0.5,0.5
CEACAM16,19,44704144,NM_001039213.4:c.509C>T,NP_001034302.2:p.Ala170Val,0.044,16.97,['Likely%20benign'],60.62,0.47,0.0,-0.4,0.4
CEACAM16,19,44704146,NM_001039213.4:c.511C>A,NP_001034302.2:p.Leu171Met,0.118,22.3,['Unknown%20significance'],2.38,0.01,0.0,0.7,0.7
CEACAM16,19,44704147,NM_001039213.4:c.512T>C,NP_001034302.2:p.Leu171Pro,0.348,24.8,['Unknown%20significance'],2.38,0.01,0.0,2.8,2.8
CEACAM16,19,44704149,NM_001039213.4:c.514C>A,NP_001034302.2:p.Pro172Thr,0.111,23.0,['Unknown%20significance'],55.74,0.35,0.0,-0.2,0.2
CEACAM16,19,44704149,NM_001039213.4:c.514C>T,NP_001034302.2:p.Pro172Ser,0.106,23.0,['Unknown%20significance'],55.74,0.35,0.0,0.1,0.1
CEACAM16,19,44704150,NM_001039213.4:c.515C>A,NP_001034302.2:p.Pro172His,0.090,23.0,['Unknown%20significance'],55.74,0.35,0.0,-0.2,0.2
CEACAM16,19,44704152,NM_001039213.4:c.517G>A,NP_001034302.2:p.Val173Ile,0.004,0.134,['Likely%20benign'],125.97,0.73,0.0,-0.0,0.0
CEACAM16,19,44704153,NM_001039213.4:c.518T>C,NP_001034302.2:p.Val173Ala,0.081,14.93,['Unknown%20significance'],125.97,0.73,0.0,0.2,0.2
CEACAM16,19,44704155,NM_001039213.4:c.520G>A,NP_001034302.2:p.Ala174Thr,0.130,6.007,['Unknown%20significance'],60.06,0.47,0.0,-0.2,0.2
CEACAM16,19,44704155,NM_001039213.4:c.520G>T,NP_001034302.2:p.Ala174Ser,0.066,0.221,['Likely%20benign'],60.06,0.47,0.0,-0.1,0.1
CEACAM16,19,44704156,NM_001039213.4:c.521C>A,NP_001034302.2:p.Ala174Asp,0.054,18.29,['Unknown%20significance'],60.06,0.47,0.0,0.0,0.0
CEACAM16,19,44704156,NM_001039213.4:c.521C>G,NP_001034302.2:p.Ala174Gly,0.056,13.55,['Likely%20benign'],60.06,0.47,0.0,0.2,0.2
CEACAM16,19,44704156,NM_001039213.4:c.521C>T,NP_001034302.2:p.Ala174Val,0.058,18.42,['Unknown%20significance'],60.06,0.47,0.0,-0.2,0.2
CEACAM16,19,44704158,NM_001039213.4:c.523C>G,NP_001034302.2:p.Leu175Val,0.065,0.001,['Unknown%20significance'],0.24,0.0,0.0,0.1,0.1
CEACAM16,19,44704158,NM_001039213.4:c.523C>T,NP_001034302.2:p.Leu175Phe,0.085,0.006,['Likely%20benign'],0.24,0.0,0.0,-0.2,0.2
CEACAM16,19,44704159,NM_001039213.4:c.524T>C,NP_001034302.2:p.Leu175Pro,0.081,13.61,['Likely%20benign'],0.24,0.0,0.0,1.6,1.6
CEACAM16,19,44704161,NM_001039213.4:c.526C>A,NP_001034302.2:p.Arg176Ser,0.227,24.0,['Unknown%20significance'],119.09,0.44,0.0,0.6,0.6
CEACAM16,19,44704161,NM_001039213.4:c.526C>T,NP_001034302.2:p.Arg176Cys,0.247,25.1,['Unknown%20significance'],119.09,0.44,0.0,0.7,0.7
CEACAM16,19,44704162,NM_001039213.4:c.527G>A,NP_001034302.2:p.Arg176His,0.206,25.0,['Unknown%20significance'],119.09,0.44,0.0,0.2,0.2
CEACAM16,19,44704162,NM_001039213.4:c.527G>T,NP_001034302.2:p.Arg176Leu,0.184,24.9,['Unknown%20significance'],119.09,0.44,0.0,0.1,0.1
CEACAM16,19,44704164,NM_001039213.4:c.529C>A,NP_001034302.2:p.Leu177Met,0.072,20.5,['Likely%20benign'],174.47,0.9,0.0,0.0,0.0
CEACAM16,19,44704165,NM_001039213.4:c.530T>C,NP_001034302.2:p.Leu177Pro,0.293,24.7,['Unknown%20significance'],174.47,0.9,0.0,0.3,0.3
CEACAM16,19,44704167,NM_001039213.4:c.532G>A,NP_001034302.2:p.Gly178Ser,0.040,16.93,['Likely%20benign'],24.96,0.26,0.0,-0.5,0.5
CEACAM16,19,44704167,NM_001039213.4:c.532G>T,NP_001034302.2:p.Gly178Cys,0.279,24.0,['Unknown%20significance'],24.96,0.26,0.0,-0.6,0.6
CEACAM16,19,44704168,NM_001039213.4:c.533G>A,NP_001034302.2:p.Gly178Asp,0.117,17.76,['Unknown%20significance'],24.96,0.26,0.0,-0.2,0.2
CEACAM16,19,44704168,NM_001039213.4:c.533G>C,NP_001034302.2:p.Gly178Ala,0.066,16.66,['Unknown%20significance'],24.96,0.26,0.0,-0.7,0.7
CEACAM16,19,44704168,NM_001039213.4:c.533G>T,NP_001034302.2:p.Gly178Val,0.100,19.21,['Unknown%20significance'],24.96,0.26,0.0,-1.4,1.4
CEACAM16,19,44704170,NM_001039213.4:c.535C>A,NP_001034302.2:p.Leu179Met,0.083,19.43,['Unknown%20significance'],51.2,0.26,0.0,0.4,0.4
CEACAM16,19,44704171,NM_001039213.4:c.536T>A,NP_001034302.2:p.Leu179Gln,0.179,21.7,['Likely%20benign'],51.2,0.26,0.0,1.4,1.4
CEACAM16,19,44704171,NM_001039213.4:c.536T>C,NP_001034302.2:p.Leu179Pro,0.269,23.7,['Unknown%20significance'],51.2,0.26,0.0,1.8,1.8
CEACAM16,19,44704173,NM_001039213.4:c.538T>A,NP_001034302.2:p.Ser180Thr,0.110,17.93,['Unknown%20significance'],33.87,0.24,0.0,-0.4,0.4
CEACAM16,19,44704173,NM_001039213.4:c.538T>C,NP_001034302.2:p.Ser180Pro,0.286,24.3,['Unknown%20significance'],33.87,0.24,0.0,0.3,0.3
CEACAM16,19,44704173,NM_001039213.4:c.538T>G,NP_001034302.2:p.Ser180Ala,0.171,23.5,['Unknown%20significance'],33.87,0.24,0.0,-0.0,0.0
CEACAM16,19,44704174,NM_001039213.4:c.539C>A,NP_001034302.2:p.Ser180Tyr,0.272,23.6,['Unknown%20significance'],33.87,0.24,0.0,-1.0,1.0
CEACAM16,19,44704174,NM_001039213.4:c.539C>T,NP_001034302.2:p.Ser180Phe,0.264,24.0,['Benign'],33.87,0.24,0.0,-0.8,0.8
CEACAM16,19,44704176,NM_001039213.4:c.541C>A,NP_001034302.2:p.Pro181Thr,0.081,17.66,['Unknown%20significance'],179.52,1.0,0.0,-0.0,0.0
CEACAM16,19,44704176,NM_001039213.4:c.541C>T,NP_001034302.2:p.Pro181Ser,0.055,12.89,['Unknown%20significance'],179.52,1.0,0.0,-0.0,0.0
CEACAM16,19,44704177,NM_001039213.4:c.542C>A,NP_001034302.2:p.Pro181His,0.127,22.5,['Unknown%20significance'],179.52,1.0,0.0,-0.0,0.0
CEACAM16,19,44704177,NM_001039213.4:c.542C>T,NP_001034302.2:p.Pro181Leu,0.092,21.4,['Unknown%20significance'],179.52,1.0,0.0,-0.1,0.1
CEACAM16,19,44704179,NM_001039213.4:c.544G>A,NP_001034302.2:p.Asp182Asn,0.030,19.86,['Unknown%20significance'],86.7,0.54,0.0,-0.1,0.1
CEACAM16,19,44704179,NM_001039213.4:c.544G>T,NP_001034302.2:p.Asp182Tyr,0.152,23.1,['Unknown%20significance'],86.7,0.54,0.0,-0.5,0.5
CEACAM16,19,44704180,NM_001039213.4:c.545A>G,NP_001034302.2:p.Asp182Gly,0.108,20.9,['Unknown%20significance'],86.7,0.54,0.0,0.3,0.3
CEACAM16,19,44704181,NM_001039213.4:c.546C>A,NP_001034302.2:p.Asp182Glu,0.103,0.057,['Unknown%20significance'],86.7,0.54,0.0,0.0,0.0
CEACAM16,19,44704181,NM_001039213.4:c.546C>G,NP_001034302.2:p.Asp182Glu,0.107,0.082,['Likely%20benign'],86.7,0.54,0.0,0.0,0.0
CEACAM16,19,44704182,NM_001039213.4:c.547G>A,NP_001034302.2:p.Gly183Ser,0.028,12.70,['Likely%20benign'],5.86,0.06,0.0,-0.1,0.1
CEACAM16,19,44704182,NM_001039213.4:c.547G>T,NP_001034302.2:p.Gly183Cys,0.114,22.4,['Unknown%20significance'],5.86,0.06,0.0,0.2,0.2
CEACAM16,19,44704183,NM_001039213.4:c.548G>A,NP_001034302.2:p.Gly183Asp,0.118,17.42,['Unknown%20significance'],5.86,0.06,0.0,0.2,0.2
CEACAM16,19,44704183,NM_001039213.4:c.548G>C,NP_001034302.2:p.Gly183Ala,0.173,17.39,['Unknown%20significance'],5.86,0.06,0.0,-0.0,0.0
CEACAM16,19,44704183,NM_001039213.4:c.548G>T,NP_001034302.2:p.Gly183Val,0.162,21.9,['Unknown%20significance'],5.86,0.06,0.0,-0.4,0.4
CEACAM16,19,44704185,NM_001039213.4:c.550C>G,NP_001034302.2:p.Arg184Gly,0.121,20.8,['Unknown%20significance'],31.11,0.11,0.0,1.6,1.6
CEACAM16,19,44704185,NM_001039213.4:c.550C>T,NP_001034302.2:p.Arg184Trp,0.198,22.5,['Unknown%20significance'],31.11,0.11,0.0,-0.7,0.7
CEACAM16,19,44704186,NM_001039213.4:c.551G>A,NP_001034302.2:p.Arg184Gln,0.177,24.3,['Unknown%20significance'],31.11,0.11,0.0,0.6,0.6
CEACAM16,19,44704186,NM_001039213.4:c.551G>T,NP_001034302.2:p.Arg184Leu,0.227,24.2,['Unknown%20significance'],31.11,0.11,0.0,-0.5,0.5
CEACAM16,19,44704188,NM_001039213.4:c.553G>A,NP_001034302.2:p.Val185Met,0.013,2.145,['Likely%20benign'],31.12,0.18,0.0,0.3,0.3
CEACAM16,19,44704188,NM_001039213.4:c.553G>T,NP_001034302.2:p.Val185Leu,0.018,1.281,['Likely%20benign'],31.12,0.18,0.0,-0.0,0.0
CEACAM16,19,44704191,NM_001039213.4:c.556C>A,NP_001034302.2:p.Leu186Met,0.351,18.98,['Unknown%20significance'],0.0,0.0,0.0,1.5,1.5
CEACAM16,19,44704192,NM_001039213.4:c.557T>C,NP_001034302.2:p.Leu186Pro,0.516,24.2,['Unknown%20significance'],0.0,0.0,0.0,4.2,4.2
CEACAM16,19,44704194,NM_001039213.4:c.559G>A,NP_001034302.2:p.Ala187Thr,0.034,7.555,['Likely%20benign'],27.23,0.21,0.0,-0.2,0.2
CEACAM16,19,44704194,NM_001039213.4:c.559G>T,NP_001034302.2:p.Ala187Ser,0.029,12.12,['Likely%20benign'],27.23,0.21,0.0,0.5,0.5
CEACAM16,19,44704195,NM_001039213.4:c.560C>A,NP_001034302.2:p.Ala187Asp,0.029,14.61,['Likely%20benign'],27.23,0.21,0.0,1.0,1.0
CEACAM16,19,44704195,NM_001039213.4:c.560C>T,NP_001034302.2:p.Ala187Val,0.018,10.03,['Likely%20benign'],27.23,0.21,0.0,-1.1,1.1
CEACAM16,19,44704198,NM_001039213.4:c.563G>A,NP_001034302.2:p.Arg188Lys,0.111,24.4,['Unknown%20significance'],51.95,0.19,0.0,0.9,0.9
CEACAM16,19,44704198,NM_001039213.4:c.563G>T,NP_001034302.2:p.Arg188Met,0.152,23.4,['Unknown%20significance'],51.95,0.19,0.0,-1.1,1.1
CEACAM16,19,44704199,NM_001039213.4:c.564G>C,NP_001034302.2:p.Arg188Ser,0.206,23.4,['Unknown%20significance'],51.95,0.19,0.0,0.8,0.8
CEACAM16,19,44704199,NM_001039213.4:c.564G>T,NP_001034302.2:p.Arg188Ser,0.190,23.4,['Unknown%20significance'],51.95,0.19,0.0,0.8,0.8
CEACAM16,19,44704200,NM_001039213.4:c.565C>A,NP_001034302.2:p.His189Asn,0.049,16.31,['Unknown%20significance'],162.96,0.79,0.0,0.2,0.2
CEACAM16,19,44704200,NM_001039213.4:c.565C>T,NP_001034302.2:p.His189Tyr,0.020,16.44,['Unknown%20significance'],162.96,0.79,0.0,-0.2,0.2
CEACAM16,19,44704201,NM_001039213.4:c.566A>G,NP_001034302.2:p.His189Arg,0.027,3.509,['Likely%20benign'],162.96,0.79,0.0,-0.0,0.0
CEACAM16,19,44704202,NM_001039213.4:c.567T>G,NP_001034302.2:p.His189Gln,0.105,0.006,['Likely%20benign'],162.96,0.79,0.0,0.1,0.1
CEACAM16,19,44704203,NM_001039213.4:c.568G>A,NP_001034302.2:p.Gly190Ser,0.038,16.42,['Likely%20benign'],22.27,0.23,0.0,-0.6,0.6
CEACAM16,19,44704203,NM_001039213.4:c.568G>T,NP_001034302.2:p.Gly190Cys,0.190,24.0,['Unknown%20significance'],22.27,0.23,0.0,-0.5,0.5
CEACAM16,19,44704204,NM_001039213.4:c.569G>A,NP_001034302.2:p.Gly190Asp,0.069,19.91,['Unknown%20significance'],22.27,0.23,0.0,-0.3,0.3
CEACAM16,19,44704204,NM_001039213.4:c.569G>T,NP_001034302.2:p.Gly190Val,0.117,23.8,['Unknown%20significance'],22.27,0.23,0.0,-1.2,1.2
CEACAM16,19,44704209,NM_001039213.4:c.574C>A,NP_001034302.2:p.Arg192Ser,0.084,23.0,['Unknown%20significance'],120.05,0.44,0.0,0.5,0.5
CEACAM16,19,44704209,NM_001039213.4:c.574C>T,NP_001034302.2:p.Arg192Cys,0.211,25.3,['Unknown%20significance'],120.05,0.44,0.0,0.5,0.5
CEACAM16,19,44704210,NM_001039213.4:c.575G>A,NP_001034302.2:p.Arg192His,0.108,23.3,['Unknown%20significance'],120.05,0.44,0.0,0.2,0.2
CEACAM16,19,44704210,NM_001039213.4:c.575G>C,NP_001034302.2:p.Arg192Pro,0.145,23.6,['Unknown%20significance'],120.05,0.44,0.0,0.8,0.8
CEACAM16,19,44704210,NM_001039213.4:c.575G>T,NP_001034302.2:p.Arg192Leu,0.042,23.2,['Likely%20benign'],120.05,0.44,0.0,-0.1,0.1
CEACAM16,19,44704212,NM_001039213.4:c.577C>G,NP_001034302.2:p.Arg193Gly,0.291,20.7,['Likely%20benign'],41.92,0.15,0.0,1.7,1.7
CEACAM16,19,44704212,NM_001039213.4:c.577C>T,NP_001034302.2:p.Arg193Trp,0.326,22.4,['Unknown%20significance'],41.92,0.15,0.0,-0.3,0.3
CEACAM16,19,44704213,NM_001039213.4:c.578G>A,NP_001034302.2:p.Arg193Gln,0.190,26.8,['Unknown%20significance'],41.92,0.15,0.0,0.6,0.6
CEACAM16,19,44704213,NM_001039213.4:c.578G>C,NP_001034302.2:p.Arg193Pro,0.275,26.8,['Unknown%20significance'],41.92,0.15,0.0,1.1,1.1
CEACAM16,19,44704213,NM_001039213.4:c.578G>T,NP_001034302.2:p.Arg193Leu,0.227,26.5,['Unknown%20significance'],41.92,0.15,0.0,-0.1,0.1
CEACAM16,19,44704215,NM_001039213.4:c.580G>A,NP_001034302.2:p.Glu194Lys,0.089,23.2,['Unknown%20significance'],132.68,0.67,0.0,0.1,0.1
CEACAM16,19,44704218,NM_001039213.4:c.583G>A,NP_001034302.2:p.Glu195Lys,0.191,27.2,['Unknown%20significance'],12.43,0.06,0.0,0.4,0.4
CEACAM16,19,44704219,NM_001039213.4:c.584A>G,NP_001034302.2:p.Glu195Gly,0.213,28.7,['Unknown%20significance'],12.43,0.06,0.0,1.2,1.2
CEACAM16,19,44704220,NM_001039213.4:c.585G>T,NP_001034302.2:p.Glu195Asp,0.108,15.08,['Likely%20benign'],12.43,0.06,0.0,-0.3,0.3
CEACAM16,19,44704221,NM_001039213.4:c.586G>A,NP_001034302.2:p.Ala196Thr,0.104,23.2,['Unknown%20significance'],25.9,0.2,0.0,-0.2,0.2
CEACAM16,19,44704221,NM_001039213.4:c.586G>C,NP_001034302.2:p.Ala196Pro,0.270,26.2,['Unknown%20significance'],25.9,0.2,0.0,0.6,0.6
CEACAM16,19,44704224,NM_001039213.4:c.589G>A,NP_001034302.2:p.Gly197Ser,0.467,25.4,['Unknown%20significance'],22.93,0.24,0.0,0.7,0.7
CEACAM16,19,44704224,NM_001039213.4:c.589G>T,NP_001034302.2:p.Gly197Cys,0.541,26.1,['Unknown%20significance'],22.93,0.24,0.0,0.8,0.8
CEACAM16,19,44704225,NM_001039213.4:c.590G>A,NP_001034302.2:p.Gly197Asp,0.511,24.7,['Unknown%20significance'],22.93,0.24,0.0,1.0,1.0
CEACAM16,19,44704225,NM_001039213.4:c.590G>T,NP_001034302.2:p.Gly197Val,0.650,24.6,['Unknown%20significance'],22.93,0.24,0.0,0.5,0.5
CEACAM16,19,44704227,NM_001039213.4:c.592G>A,NP_001034302.2:p.Ala198Thr,0.022,15.96,['Unknown%20significance'],20.43,0.16,0.0,-0.4,0.4
CEACAM16,19,44704227,NM_001039213.4:c.592G>T,NP_001034302.2:p.Ala198Ser,0.010,14.95,['Likely%20benign'],20.43,0.16,0.0,0.2,0.2
CEACAM16,19,44704228,NM_001039213.4:c.593C>T,NP_001034302.2:p.Ala198Val,0.027,20.2,['Likely%20benign'],20.43,0.16,0.0,-1.0,1.0
CEACAM16,19,44704230,NM_001039213.4:c.595T>C,NP_001034302.2:p.Tyr199His,0.653,26.2,['Unknown%20significance'],0.0,0.0,0.0,3.1,3.1
CEACAM16,19,44704231,NM_001039213.4:c.596A>C,NP_001034302.2:p.Tyr199Ser,0.636,26.4,['Unknown%20significance'],0.0,0.0,0.0,5.3,5.3
CEACAM16,19,44704231,NM_001039213.4:c.596A>G,NP_001034302.2:p.Tyr199Cys,0.658,26.9,['Unknown%20significance'],0.0,0.0,0.0,3.4,3.4
CEACAM16,19,44704233,NM_001039213.4:c.598C>A,NP_001034302.2:p.Gln200Lys,0.116,24.4,['Unknown%20significance'],25.18,0.12,0.0,0.6,0.6
CEACAM16,19,44704234,NM_001039213.4:c.599A>C,NP_001034302.2:p.Gln200Pro,0.358,26.0,['Unknown%20significance'],25.18,0.12,0.0,0.7,0.7
CEACAM16,19,44704234,NM_001039213.4:c.599A>G,NP_001034302.2:p.Gln200Arg,0.220,25.1,['Unknown%20significance'],25.18,0.12,0.0,-0.2,0.2
CEACAM16,19,44704235,NM_001039213.4:c.600G>T,NP_001034302.2:p.Gln200His,0.219,23.1,['Unknown%20significance'],25.18,0.12,0.0,-0.2,0.2
CEACAM16,19,44704236,NM_001039213.4:c.601T>C,NP_001034302.2:p.Cys201Arg,0.539,28.5,['Unknown%20significance'],0.0,0.0,0.0,4.1,4.1
CEACAM16,19,44704237,NM_001039213.4:c.602G>A,NP_001034302.2:p.Cys201Tyr,0.500,27.7,['Unknown%20significance'],0.0,0.0,0.0,2.4,2.4
CEACAM16,19,44704237,NM_001039213.4:c.602G>T,NP_001034302.2:p.Cys201Phe,0.499,28.2,['Unknown%20significance'],0.0,0.0,0.0,2.3,2.3
CEACAM16,19,44704239,NM_001039213.4:c.604G>A,NP_001034302.2:p.Glu202Lys,0.236,29.6,['Unknown%20significance'],7.8,0.03,0.0,0.2,0.2
CEACAM16,19,44704240,NM_001039213.4:c.605A>G,NP_001034302.2:p.Glu202Gly,0.261,29.0,['Unknown%20significance'],7.8,0.03,0.0,0.9,0.9
CEACAM16,19,44704241,NM_001039213.4:c.606G>C,NP_001034302.2:p.Glu202Asp,0.249,27.1,['Unknown%20significance'],7.8,0.03,0.0,0.4,0.4
CEACAM16,19,44704241,NM_001039213.4:c.606G>T,NP_001034302.2:p.Glu202Asp,0.248,26.4,['Unknown%20significance'],7.8,0.03,0.0,0.4,0.4
CEACAM16,19,44704242,NM_001039213.4:c.607G>A,NP_001034302.2:p.Val203Met,0.129,24.0,['Unknown%20significance'],0.0,0.0,0.0,0.7,0.7
CEACAM16,19,44704242,NM_001039213.4:c.607G>T,NP_001034302.2:p.Val203Leu,0.156,24.2,['Unknown%20significance'],0.0,0.0,0.0,0.5,0.5
CEACAM16,19,44704243,NM_001039213.4:c.608T>C,NP_001034302.2:p.Val203Ala,0.094,24.3,['Likely%20benign'],0.0,0.0,0.0,1.2,1.2
CEACAM16,19,44704245,NM_001039213.4:c.610T>C,NP_001034302.2:p.Trp204Arg,0.092,18.21,['Likely%20benign'],70.92,0.27,0.0,0.5,0.5
CEACAM16,19,44704246,NM_001039213.4:c.611G>T,NP_001034302.2:p.Trp204Leu,0.074,22.2,['Unknown%20significance'],70.92,0.27,0.0,0.2,0.2
CEACAM16,19,44704247,NM_001039213.4:c.612G>T,NP_001034302.2:p.Trp204Cys,0.183,32,['Unknown%20significance'],70.92,0.27,0.0,0.9,0.9
CEACAM16,19,44704248,NM_001039213.4:c.613A>G,NP_001034302.2:p.Asn205Asp,0.181,27.0,['Unknown%20significance'],11.68,0.07,0.0,0.6,0.6
CEACAM16,19,44704249,NM_001039213.4:c.614A>G,NP_001034302.2:p.Asn205Ser,0.147,24.9,['Unknown%20significance'],11.68,0.07,0.0,0.4,0.4
CEACAM16,19,44704249,NM_001039213.4:c.614A>T,NP_001034302.2:p.Asn205Ile,0.310,27.0,['Unknown%20significance'],11.68,0.07,0.0,-0.3,0.3
CEACAM16,19,44704250,NM_001039213.4:c.615C>A,NP_001034302.2:p.Asn205Lys,0.233,25.6,['Unknown%20significance'],11.68,0.07,0.0,0.8,0.8
CEACAM16,19,44704250,NM_001039213.4:c.615C>G,NP_001034302.2:p.Asn205Lys,0.233,25.4,['Unknown%20significance'],11.68,0.07,0.0,0.8,0.8
CEACAM16,19,44704251,NM_001039213.4:c.616C>A,NP_001034302.2:p.Pro206Thr,0.117,24.4,['Unknown%20significance'],71.38,0.45,0.0,-0.3,0.3
CEACAM16,19,44704251,NM_001039213.4:c.616C>T,NP_001034302.2:p.Pro206Ser,0.074,22.8,['Likely%20benign'],71.38,0.45,0.0,-0.1,0.1
CEACAM16,19,44704252,NM_001039213.4:c.617C>A,NP_001034302.2:p.Pro206Gln,0.131,25.8,['Unknown%20significance'],71.38,0.45,0.0,-0.2,0.2
CEACAM16,19,44704252,NM_001039213.4:c.617C>G,NP_001034302.2:p.Pro206Arg,0.195,23.8,['Unknown%20significance'],71.38,0.45,0.0,-0.4,0.4
CEACAM16,19,44704252,NM_001039213.4:c.617C>T,NP_001034302.2:p.Pro206Leu,0.095,22.6,['Unknown%20significance'],71.38,0.45,0.0,-0.3,0.3
CEACAM16,19,44704254,NM_001039213.4:c.619G>A,NP_001034302.2:p.Val207Ile,0.023,22.0,['Unknown%20significance'],52.76,0.3,0.0,-0.0,0.0
CEACAM16,19,44704254,NM_001039213.4:c.619G>T,NP_001034302.2:p.Val207Phe,0.097,23.7,['Unknown%20significance'],52.76,0.3,0.0,-0.1,0.1
CEACAM16,19,44704255,NM_001039213.4:c.620T>A,NP_001034302.2:p.Val207Asp,0.179,28.1,['Unknown%20significance'],52.76,0.3,0.0,1.2,1.2
CEACAM16,19,44704255,NM_001039213.4:c.620T>C,NP_001034302.2:p.Val207Ala,0.087,24.2,['Unknown%20significance'],52.76,0.3,0.0,0.7,0.7
CEACAM16,19,44704257,NM_001039213.4:c.622A>G,NP_001034302.2:p.Ser208Gly,0.118,23.0,['Unknown%20significance'],20.1,0.14,0.0,0.0,0.0
CEACAM16,19,44704258,NM_001039213.4:c.623G>A,NP_001034302.2:p.Ser208Asn,0.126,25.5,['Unknown%20significance'],20.1,0.14,0.0,0.1,0.1
CEACAM16,19,44704258,NM_001039213.4:c.623G>T,NP_001034302.2:p.Ser208Ile,0.297,27.5,['Unknown%20significance'],20.1,0.14,0.0,-0.5,0.5
CEACAM16,19,44704260,NM_001039213.4:c.625G>T,NP_001034302.2:p.Val209Phe,0.017,21.3,['Unknown%20significance'],87.39,0.5,0.0,-0.0,0.0
CEACAM16,19,44704261,NM_001039213.4:c.626T>A,NP_001034302.2:p.Val209Asp,0.040,23.0,['Unknown%20significance'],87.39,0.5,0.0,0.8,0.8
CEACAM16,19,44704264,NM_001039213.4:c.629G>A,NP_001034302.2:p.Ser210Asn,0.022,19.53,['Likely%20benign'],30.21,0.21,0.0,0.1,0.1
CEACAM16,19,44704264,NM_001039213.4:c.629G>T,NP_001034302.2:p.Ser210Ile,0.110,24.2,['Unknown%20significance'],30.21,0.21,0.0,-0.8,0.8
CEACAM16,19,44704266,NM_001039213.4:c.631C>A,NP_001034302.2:p.Arg211Ser,0.185,23.8,['Unknown%20significance'],88.1,0.32,0.0,0.5,0.5
CEACAM16,19,44704266,NM_001039213.4:c.631C>T,NP_001034302.2:p.Arg211Cys,0.266,29.2,['Unknown%20significance'],88.1,0.32,0.0,0.3,0.3
CEACAM16,19,44704267,NM_001039213.4:c.632G>A,NP_001034302.2:p.Arg211His,0.192,29.0,['Unknown%20significance'],88.1,0.32,0.0,0.1,0.1
CEACAM16,19,44704267,NM_001039213.4:c.632G>T,NP_001034302.2:p.Arg211Leu,0.200,28.2,['Unknown%20significance'],88.1,0.32,0.0,-0.2,0.2
CEACAM16,19,44704269,NM_001039213.4:c.634A>G,NP_001034302.2:p.Ser212Gly,0.270,26.1,['Unknown%20significance'],3.32,0.02,0.0,1.1,1.1
CEACAM16,19,44704270,NM_001039213.4:c.635G>T,NP_001034302.2:p.Ser212Ile,0.299,26.7,['Unknown%20significance'],3.32,0.02,0.0,-0.7,0.7
CEACAM16,19,44704271,NM_001039213.4:c.636C>A,NP_001034302.2:p.Ser212Arg,0.384,21.1,['Likely%20benign'],3.32,0.02,0.0,-0.4,0.4
CEACAM16,19,44704271,NM_001039213.4:c.636C>G,NP_001034302.2:p.Ser212Arg,0.390,21.7,['Likely%20benign'],3.32,0.02,0.0,-0.4,0.4
CEACAM16,19,44704272,NM_001039213.4:c.637G>A,NP_001034302.2:p.Glu213Lys,0.020,21.4,['Unknown%20significance'],133.18,0.68,0.0,0.1,0.1
CEACAM16,19,44704274,NM_001039213.4:c.639G>T,NP_001034302.2:p.Glu213Asp,0.062,12.81,['Likely%20benign'],133.18,0.68,0.0,0.1,0.1
CEACAM16,19,44704275,NM_001039213.4:c.640C>A,NP_001034302.2:p.Pro214Thr,0.154,24.4,['Unknown%20significance'],68.66,0.43,0.0,-0.4,0.4
CEACAM16,19,44704275,NM_001039213.4:c.640C>G,NP_001034302.2:p.Pro214Ala,0.157,24.1,['Unknown%20significance'],68.66,0.43,0.0,-0.2,0.2
CEACAM16,19,44704275,NM_001039213.4:c.640C>T,NP_001034302.2:p.Pro214Ser,0.167,24.7,['Unknown%20significance'],68.66,0.43,0.0,-0.1,0.1
CEACAM16,19,44704276,NM_001039213.4:c.641C>T,NP_001034302.2:p.Pro214Leu,0.164,25.5,['Unknown%20significance'],68.66,0.43,0.0,-0.5,0.5
CEACAM16,19,44704282,NM_001039213.4:c.647A>G,NP_001034302.2:p.Asn216Ser,0.118,22.4,['Unknown%20significance'],95.44,0.59,0.0,-0.0,0.0
CEACAM16,19,44704283,NM_001039213.4:c.648C>A,NP_001034302.2:p.Asn216Lys,0.025,21.1,['Unknown%20significance'],95.44,0.59,0.0,0.1,0.1
CEACAM16,19,44704284,NM_001039213.4:c.649C>A,NP_001034302.2:p.Leu217Met,0.410,23.9,['Unknown%20significance'],1.17,0.0,0.0,1.1,1.1
CEACAM16,19,44704285,NM_001039213.4:c.650T>C,NP_001034302.2:p.Leu217Pro,0.608,27.7,['Unknown%20significance'],1.17,0.0,0.0,3.9,3.9
CEACAM16,19,44704287,NM_001039213.4:c.652A>G,NP_001034302.2:p.Thr218Ala,0.134,25.6,['Unknown%20significance'],63.69,0.4,0.0,0.1,0.1
CEACAM16,19,44704288,NM_001039213.4:c.653C>G,NP_001034302.2:p.Thr218Ser,0.083,22.8,['Unknown%20significance'],63.69,0.4,0.0,0.5,0.5
CEACAM16,19,44704288,NM_001039213.4:c.653C>T,NP_001034302.2:p.Thr218Ile,0.135,24.0,['Unknown%20significance'],63.69,0.4,0.0,-0.6,0.6
CEACAM16,19,44704290,NM_001039213.4:c.655G>A,NP_001034302.2:p.Val219Met,0.451,27.2,['Likely%20benign'],0.33,0.0,0.0,1.3,1.3
CEACAM16,19,44704290,NM_001039213.4:c.655G>C,NP_001034302.2:p.Val219Leu,0.360,26.4,['Unknown%20significance'],0.33,0.0,0.0,0.8,0.8
CEACAM16,19,44704290,NM_001039213.4:c.655G>T,NP_001034302.2:p.Val219Leu,0.360,26.1,['Unknown%20significance'],0.33,0.0,0.0,0.8,0.8
CEACAM16,19,44704296,NM_001039213.4:c.661T>C,NP_001034302.2:p.Phe221Leu,0.114,25.8,['Unknown%20significance'],37.73,0.16,0.0,0.4,0.4
CEACAM16,19,44705590,NM_001039213.4:c.662T>A,NP_001034302.2:p.Phe221Tyr,0.044,12.29,['Unknown%20significance'],37.73,0.16,0.0,-0.3,0.3
CEACAM16,19,44705590,NM_001039213.4:c.662T>G,NP_001034302.2:p.Phe221Cys,0.154,23.5,['Unknown%20significance'],37.73,0.16,0.0,1.2,1.2
CEACAM16,19,44705592,NM_001039213.4:c.664G>A,NP_001034302.2:p.Gly222Ser,0.168,27.6,['Unknown%20significance'],3.93,0.04,0.0,-0.6,0.6
CEACAM16,19,44705592,NM_001039213.4:c.664G>T,NP_001034302.2:p.Gly222Cys,0.271,27.3,['Unknown%20significance'],3.93,0.04,0.0,-0.7,0.7
CEACAM16,19,44705593,NM_001039213.4:c.665G>A,NP_001034302.2:p.Gly222Asp,0.156,25.8,['Unknown%20significance'],3.93,0.04,0.0,-0.2,0.2
CEACAM16,19,44705593,NM_001039213.4:c.665G>T,NP_001034302.2:p.Gly222Val,0.314,25.6,['Unknown%20significance'],3.93,0.04,0.0,-1.4,1.4
CEACAM16,19,44705595,NM_001039213.4:c.667C>A,NP_001034302.2:p.Pro223Thr,0.255,24.6,['Unknown%20significance'],8.61,0.05,0.0,0.5,0.5
CEACAM16,19,44705596,NM_001039213.4:c.668C>T,NP_001034302.2:p.Pro223Leu,0.287,25.8,['Unknown%20significance'],8.61,0.05,0.0,-0.3,0.3
CEACAM16,19,44705598,NM_001039213.4:c.670G>C,NP_001034302.2:p.Glu224Gln,0.041,23.4,['Unknown%20significance'],64.23,0.32,0.0,-0.4,0.4
CEACAM16,19,44705601,NM_001039213.4:c.673C>A,NP_001034302.2:p.Arg225Ser,0.137,18.04,['Unknown%20significance'],200.59,0.74,0.0,0.2,0.2
CEACAM16,19,44705601,NM_001039213.4:c.673C>G,NP_001034302.2:p.Arg225Gly,0.095,20.8,['Unknown%20significance'],200.59,0.74,0.0,0.5,0.5
CEACAM16,19,44705601,NM_001039213.4:c.673C>T,NP_001034302.2:p.Arg225Cys,0.121,23.9,['Unknown%20significance'],200.59,0.74,0.0,0.2,0.2
CEACAM16,19,44705602,NM_001039213.4:c.674G>A,NP_001034302.2:p.Arg225His,0.031,19.06,['Unknown%20significance'],200.59,0.74,0.0,0.0,0.0
CEACAM16,19,44705602,NM_001039213.4:c.674G>C,NP_001034302.2:p.Arg225Pro,0.112,23.1,['Unknown%20significance'],200.59,0.74,0.0,0.2,0.2
CEACAM16,19,44705602,NM_001039213.4:c.674G>T,NP_001034302.2:p.Arg225Leu,0.120,18.31,['Likely%20benign'],200.59,0.74,0.0,-0.2,0.2
CEACAM16,19,44705604,NM_001039213.4:c.676G>A,NP_001034302.2:p.Val226Met,0.074,24.3,['Unknown%20significance'],14.98,0.08,0.0,0.5,0.5
CEACAM16,19,44705607,NM_001039213.4:c.679G>A,NP_001034302.2:p.Ala227Thr,0.039,19.96,['Likely%20benign'],14.56,0.11,0.0,-0.1,0.1
CEACAM16,19,44705608,NM_001039213.4:c.680C>T,NP_001034302.2:p.Ala227Val,0.044,23.6,['Likely%20benign'],14.56,0.11,0.0,-1.1,1.1
CEACAM16,19,44705613,NM_001039213.4:c.685C>T,NP_001034302.2:p.Leu229Phe,0.029,16.39,['Likely%20benign'],30.75,0.15,0.0,-0.0,0.0
CEACAM16,19,44705620,NM_001039213.4:c.692A>G,NP_001034302.2:p.Asp231Gly,0.079,27.5,['Unknown%20significance'],112.02,0.7,0.0,0.2,0.2
CEACAM16,19,44705626,NM_001039213.4:c.698C>G,NP_001034302.2:p.Thr233Ser,0.055,13.44,['Likely%20benign'],78.39,0.49,0.0,0.3,0.3
CEACAM16,19,44705626,NM_001039213.4:c.698C>T,NP_001034302.2:p.Thr233Ile,0.069,20.0,['Unknown%20significance'],78.39,0.49,0.0,-0.3,0.3
CEACAM16,19,44705629,NM_001039213.4:c.701C>T,NP_001034302.2:p.Thr234Ile,0.046,18.83,['Likely%20benign'],93.68,0.59,0.0,-0.3,0.3
CEACAM16,19,44705631,NM_001039213.4:c.703C>T,NP_001034302.2:p.Arg235Cys,0.199,25.0,['Pathogenic'],48.54,0.18,0.0,0.6,0.6
CEACAM16,19,44705632,NM_001039213.4:c.704G>A,NP_001034302.2:p.Arg235His,0.082,23.2,['Unknown%20significance'],48.54,0.18,0.0,0.2,0.2
CEACAM16,19,44705632,NM_001039213.4:c.704G>T,NP_001034302.2:p.Arg235Leu,0.033,20.8,['Likely%20benign'],48.54,0.18,0.0,-0.4,0.4
CEACAM16,19,44705635,NM_001039213.4:c.707C>A,NP_001034302.2:p.Thr236Lys,0.047,17.50,['Unknown%20significance'],60.95,0.38,0.0,0.5,0.5
CEACAM16,19,44705635,NM_001039213.4:c.707C>T,NP_001034302.2:p.Thr236Ile,0.104,23.3,['Unknown%20significance'],60.95,0.38,0.0,-0.4,0.4
CEACAM16,19,44705638,NM_001039213.4:c.710G>T,NP_001034302.2:p.Gly237Val,0.172,25.6,['Unknown%20significance'],73.39,0.76,0.0,-0.2,0.2
CEACAM16,19,44705641,NM_001039213.4:c.713G>A,NP_001034302.2:p.Cys238Tyr,0.086,24.4,['Unknown%20significance'],61.64,0.39,0.0,-0.5,0.5
CEACAM16,19,44705643,NM_001039213.4:c.715A>T,NP_001034302.2:p.Thr239Ser,0.086,24.7,['Unknown%20significance'],50.84,0.32,0.0,0.3,0.3
CEACAM16,19,44705649,NM_001039213.4:c.721A>G,NP_001034302.2:p.Lys241Glu,0.038,22.6,['Likely%20benign'],152.15,0.64,0.0,-0.1,0.1
CEACAM16,19,44705650,NM_001039213.4:c.722A>G,NP_001034302.2:p.Lys241Arg,0.060,14.31,['Likely%20benign'],152.15,0.64,0.0,-0.3,0.3
CEACAM16,19,44705652,NM_001039213.4:c.724G>A,NP_001034302.2:p.Val242Ile,0.047,18.14,['Likely%20benign'],13.96,0.08,0.0,0.0,0.0
CEACAM16,19,44705656,NM_001039213.4:c.728A>T,NP_001034302.2:p.Asp243Val,0.081,24.2,['Unknown%20significance'],88.77,0.55,0.0,-0.8,0.8
CEACAM16,19,44705658,NM_001039213.4:c.730T>A,NP_001034302.2:p.Phe244Ile,0.067,22.0,['Unknown%20significance'],113.23,0.49,0.0,-0.0,0.0
CEACAM16,19,44705658,NM_001039213.4:c.730T>C,NP_001034302.2:p.Phe244Leu,0.027,20.5,['Likely%20benign'],113.23,0.49,0.0,-0.0,0.0
CEACAM16,19,44705661,NM_001039213.4:c.733A>G,NP_001034302.2:p.Asn245Asp,0.077,22.2,['Likely%20benign'],103.02,0.64,0.0,0.2,0.2
CEACAM16,19,44705665,NM_001039213.4:c.737C>T,NP_001034302.2:p.Thr246Met,0.027,12.15,['Unknown%20significance'],73.57,0.46,0.0,-0.2,0.2
CEACAM16,19,44705668,NM_001039213.4:c.740C>T,NP_001034302.2:p.Ser247Phe,0.176,25.1,['Unknown%20significance'],73.31,0.53,0.0,-0.4,0.4
CEACAM16,19,44705670,NM_001039213.4:c.742C>T,NP_001034302.2:p.Leu248Phe,0.074,23.4,['Unknown%20significance'],3.96,0.02,0.0,0.3,0.3
CEACAM16,19,44705677,NM_001039213.4:c.749T>C,NP_001034302.2:p.Leu250Pro,0.500,27.9,['Unknown%20significance'],0.0,0.0,0.0,4.7,4.7
CEACAM16,19,44705683,NM_001039213.4:c.755G>A,NP_001034302.2:p.Cys252Tyr,0.820,27.2,['Unknown%20significance'],0.03,0.0,0.0,2.4,2.4
CEACAM16,19,44705683,NM_001039213.4:c.755G>T,NP_001034302.2:p.Cys252Phe,0.825,28.9,['Unknown%20significance'],0.03,0.0,0.0,2.3,2.3
CEACAM16,19,44705685,NM_001039213.4:c.757G>A,NP_001034302.2:p.Val253Met,0.105,20.1,['Unknown%20significance'],70.57,0.41,0.0,0.2,0.2
CEACAM16,19,44705685,NM_001039213.4:c.757G>T,NP_001034302.2:p.Val253Leu,0.075,13.56,['Likely%20benign'],70.57,0.41,0.0,0.1,0.1
CEACAM16,19,44705686,NM_001039213.4:c.758T>C,NP_001034302.2:p.Val253Ala,0.056,10.11,['Likely%20benign'],70.57,0.41,0.0,0.8,0.8
CEACAM16,19,44705688,NM_001039213.4:c.760T>A,NP_001034302.2:p.Ser254Thr,0.054,9.783,['Likely%20benign'],23.01,0.16,0.0,-0.4,0.4
CEACAM16,19,44705689,NM_001039213.4:c.761C>A,NP_001034302.2:p.Ser254Tyr,0.105,23.8,['Unknown%20significance'],23.01,0.16,0.0,-1.2,1.2
CEACAM16,19,44705691,NM_001039213.4:c.763A>G,NP_001034302.2:p.Arg255Gly,0.115,22.4,['Pathogenic'],125.89,0.46,0.0,1.1,1.1
CEACAM16,19,44705692,NM_001039213.4:c.764G>C,NP_001034302.2:p.Arg255Thr,0.125,21.4,['Likely%20benign'],125.89,0.46,0.0,0.1,0.1
CEACAM16,19,44705694,NM_001039213.4:c.766T>A,NP_001034302.2:p.Ser256Thr,0.231,25.7,['Unknown%20significance'],20.83,0.15,0.0,-0.2,0.2
CEACAM16,19,44705698,NM_001039213.4:c.770G>T,NP_001034302.2:p.Cys257Phe,0.168,24.3,['Unknown%20significance'],31.52,0.2,0.0,-0.9,0.9
CEACAM16,19,44705701,NM_001039213.4:c.773C>T,NP_001034302.2:p.Pro258Leu,0.355,26.2,['Unknown%20significance'],51.74,0.32,0.0,0.5,0.5
CEACAM16,19,44705703,NM_001039213.4:c.775G>C,NP_001034302.2:p.Glu259Gln,0.069,24.1,['Unknown%20significance'],175.0,0.89,0.0,-0.1,0.1
CEACAM16,19,44705704,NM_001039213.4:c.776A>G,NP_001034302.2:p.Glu259Gly,0.081,25.0,['Unknown%20significance'],175.0,0.89,0.0,0.1,0.1
CEACAM16,19,44705706,NM_001039213.4:c.778C>G,NP_001034302.2:p.Pro260Ala,0.089,20.9,['Unknown%20significance'],8.8,0.05,0.0,0.4,0.4
CEACAM16,19,44705706,NM_001039213.4:c.778C>T,NP_001034302.2:p.Pro260Ser,0.176,23.5,['Unknown%20significance'],8.8,0.05,0.0,0.9,0.9
CEACAM16,19,44705709,NM_001039213.4:c.781G>A,NP_001034302.2:p.Glu261Lys,0.092,23.5,['Unknown%20significance'],93.71,0.47,0.0,0.1,0.1
CEACAM16,19,44705709,NM_001039213.4:c.781G>C,NP_001034302.2:p.Glu261Gln,0.047,16.57,['Likely%20benign'],93.71,0.47,0.0,-0.3,0.3
CEACAM16,19,44705710,NM_001039213.4:c.782A>G,NP_001034302.2:p.Glu261Gly,0.102,24.6,['Unknown%20significance'],93.71,0.47,0.0,0.5,0.5
CEACAM16,19,44705711,NM_001039213.4:c.783G>C,NP_001034302.2:p.Glu261Asp,0.038,23.5,['Unknown%20significance'],93.71,0.47,0.0,0.2,0.2
CEACAM16,19,44705713,NM_001039213.4:c.785A>G,NP_001034302.2:p.Tyr262Cys,0.258,27.4,['Unknown%20significance'],18.22,0.07,0.0,1.2,1.2
CEACAM16,19,44705720,NM_001039213.4:c.792G>C,NP_001034302.2:p.Trp264Cys,0.780,31,['Unknown%20significance'],0.0,0.0,0.0,4.5,4.5
CEACAM16,19,44705720,NM_001039213.4:c.792G>T,NP_001034302.2:p.Trp264Cys,0.787,31,['Unknown%20significance'],0.0,0.0,0.0,4.5,4.5
CEACAM16,19,44705721,NM_001039213.4:c.793A>C,NP_001034302.2:p.Thr265Pro,0.136,15.03,['Likely%20benign'],17.73,0.11,0.0,0.7,0.7
CEACAM16,19,44705722,NM_001039213.4:c.794C>A,NP_001034302.2:p.Thr265Asn,0.112,18.55,['Likely%20benign'],17.73,0.11,0.0,0.5,0.5
CEACAM16,19,44705722,NM_001039213.4:c.794C>T,NP_001034302.2:p.Thr265Ile,0.092,18.07,['Likely%20benign'],17.73,0.11,0.0,-1.0,1.0
CEACAM16,19,44705724,NM_001039213.4:c.796T>C,NP_001034302.2:p.Phe266Leu,0.013,20.6,['Likely%20benign'],28.73,0.12,0.0,0.3,0.3
CEACAM16,19,44705725,NM_001039213.4:c.797T>C,NP_001034302.2:p.Phe266Ser,0.133,28.5,['Unknown%20significance'],28.73,0.12,0.0,1.6,1.6
CEACAM16,19,44705727,NM_001039213.4:c.799A>T,NP_001034302.2:p.Asn267Tyr,0.310,26.6,['Unknown%20significance'],85.57,0.53,0.0,-0.2,0.2
CEACAM16,19,44705729,NM_001039213.4:c.801C>G,NP_001034302.2:p.Asn267Lys,0.130,17.43,['Likely%20benign'],85.57,0.53,0.0,0.5,0.5
CEACAM16,19,44705730,NM_001039213.4:c.802G>A,NP_001034302.2:p.Gly268Arg,0.277,28.2,['Unknown%20significance'],89.15,0.93,0.0,-0.0,0.0
CEACAM16,19,44705730,NM_001039213.4:c.802G>T,NP_001034302.2:p.Gly268Trp,0.375,29.1,['Unknown%20significance'],89.15,0.93,0.0,-0.0,0.0
CEACAM16,19,44705731,NM_001039213.4:c.803G>C,NP_001034302.2:p.Gly268Ala,0.282,25.7,['Unknown%20significance'],89.15,0.93,0.0,0.0,0.0
CEACAM16,19,44705731,NM_001039213.4:c.803G>T,NP_001034302.2:p.Gly268Val,0.342,26.3,['Unknown%20significance'],89.15,0.93,0.0,0.0,0.0
CEACAM16,19,44705736,NM_001039213.4:c.808G>C,NP_001034302.2:p.Ala270Pro,0.094,23.2,['Unknown%20significance'],86.56,0.68,0.0,-0.0,0.0
CEACAM16,19,44705737,NM_001039213.4:c.809C>A,NP_001034302.2:p.Ala270Asp,0.016,21.0,['Unknown%20significance'],86.56,0.68,0.0,0.1,0.1
CEACAM16,19,44705737,NM_001039213.4:c.809C>T,NP_001034302.2:p.Ala270Val,0.013,20.2,['Likely%20benign'],86.56,0.68,0.0,-0.2,0.2
CEACAM16,19,44705743,NM_001039213.4:c.815A>T,NP_001034302.2:p.Lys272Met,0.063,20.4,['Likely%20benign'],254.35,1.0,0.0,-0.1,0.1
CEACAM16,19,44705744,NM_001039213.4:c.816G>C,NP_001034302.2:p.Lys272Asn,0.014,13.30,['Likely%20benign'],254.35,1.0,0.0,-0.0,0.0
CEACAM16,19,44705747,NM_001039213.4:c.819C>G,NP_001034302.2:p.Asn273Lys,0.012,0.006,['Likely%20benign'],32.15,0.2,0.0,0.3,0.3
CEACAM16,19,44705748,NM_001039213.4:c.820G>A,NP_001034302.2:p.Gly274Ser,0.046,10.82,['Likely%20benign'],59.27,0.62,0.0,-0.2,0.2
CEACAM16,19,44705748,NM_001039213.4:c.820G>T,NP_001034302.2:p.Gly274Cys,0.134,20.3,['Unknown%20significance'],59.27,0.62,0.0,-0.0,0.0
CEACAM16,19,44705749,NM_001039213.4:c.821G>T,NP_001034302.2:p.Gly274Val,0.045,15.85,['Unknown%20significance'],59.27,0.62,0.0,-0.3,0.3
CEACAM16,19,44705751,NM_001039213.4:c.823C>A,NP_001034302.2:p.Gln275Lys,0.034,13.86,['Unknown%20significance'],122.07,0.61,0.0,0.2,0.2
CEACAM16,19,44705751,NM_001039213.4:c.823C>G,NP_001034302.2:p.Gln275Glu,0.061,16.35,['Unknown%20significance'],122.07,0.61,0.0,0.2,0.2
CEACAM16,19,44705755,NM_001039213.4:c.827A>T,NP_001034302.2:p.Asp276Val,0.214,24.6,['Unknown%20significance'],48.45,0.3,0.0,-1.0,1.0
CEACAM16,19,44705756,NM_001039213.4:c.828C>A,NP_001034302.2:p.Asp276Glu,0.096,15.11,['Unknown%20significance'],48.45,0.3,0.0,-0.1,0.1
CEACAM16,19,44705756,NM_001039213.4:c.828C>G,NP_001034302.2:p.Asp276Glu,0.096,15.24,['Unknown%20significance'],48.45,0.3,0.0,-0.1,0.1
CEACAM16,19,44705757,NM_001039213.4:c.829C>T,NP_001034302.2:p.His277Tyr,0.079,16.59,['Likely%20benign'],48.13,0.23,0.0,-1.0,1.0
CEACAM16,19,44705760,NM_001039213.4:c.832C>T,NP_001034302.2:p.Leu278Phe,0.209,16.72,['Unknown%20significance'],19.04,0.09,0.0,0.8,0.8
CEACAM16,19,44705767,NM_001039213.4:c.839T>A,NP_001034302.2:p.Ile280Asn,0.410,25.2,['Unknown%20significance'],18.59,0.09,0.0,3.6,3.6
CEACAM16,19,44705771,NM_001039213.4:c.843C>A,NP_001034302.2:p.Ser281Arg,0.100,11.79,['Unknown%20significance'],117.96,0.85,0.0,-0.1,0.1
CEACAM16,19,44705775,NM_001039213.4:c.847A>C,NP_001034302.2:p.Met283Leu,0.137,19.34,['Unknown%20significance'],0.0,0.0,0.0,-0.5,0.5
CEACAM16,19,44705775,NM_001039213.4:c.847A>G,NP_001034302.2:p.Met283Val,0.128,22.5,['Unknown%20significance'],0.0,0.0,0.0,-0.8,0.8
CEACAM16,19,44705776,NM_001039213.4:c.848T>C,NP_001034302.2:p.Met283Thr,0.143,23.8,['Unknown%20significance'],0.0,0.0,0.0,1.1,1.1
CEACAM16,19,44705777,NM_001039213.4:c.849G>A,NP_001034302.2:p.Met283Ile,0.203,20.5,['Unknown%20significance'],0.0,0.0,0.0,-0.8,0.8
CEACAM16,19,44705779,NM_001039213.4:c.851C>G,NP_001034302.2:p.Thr284Arg,0.095,21.6,['Unknown%20significance'],51.26,0.32,0.0,-0.1,0.1
CEACAM16,19,44705784,NM_001039213.4:c.856G>A,NP_001034302.2:p.Ala286Thr,0.017,1.300,['Likely%20benign'],81.3,0.63,0.0,-0.2,0.2
CEACAM16,19,44705784,NM_001039213.4:c.856G>T,NP_001034302.2:p.Ala286Ser,0.018,0.265,['Likely%20benign'],81.3,0.63,0.0,-0.1,0.1
CEACAM16,19,44705785,NM_001039213.4:c.857C>T,NP_001034302.2:p.Ala286Val,0.028,13.49,['Likely%20benign'],81.3,0.63,0.0,-0.1,0.1
CEACAM16,19,44705793,NM_001039213.4:c.865G>A,NP_001034302.2:p.Gly289Arg,0.464,25.7,['Unknown%20significance'],19.77,0.2,0.0,0.2,0.2
CEACAM16,19,44705794,NM_001039213.4:c.866G>A,NP_001034302.2:p.Gly289Glu,0.511,25.0,['Unknown%20significance'],19.77,0.2,0.0,1.1,1.1
CEACAM16,19,44705797,NM_001039213.4:c.869C>T,NP_001034302.2:p.Thr290Met,0.091,24.4,['Unknown%20significance'],56.57,0.35,0.0,-0.4,0.4
CEACAM16,19,44705799,NM_001039213.4:c.871T>C,NP_001034302.2:p.Tyr291His,0.309,25.5,['Unknown%20significance'],3.75,0.01,0.0,2.8,2.8
CEACAM16,19,44705800,NM_001039213.4:c.872A>C,NP_001034302.2:p.Tyr291Ser,0.364,25.6,['Unknown%20significance'],3.75,0.01,0.0,4.9,4.9
CEACAM16,19,44705802,NM_001039213.4:c.874A>C,NP_001034302.2:p.Thr292Pro,0.302,24.8,['Unknown%20significance'],28.45,0.18,0.0,0.9,0.9
CEACAM16,19,44705802,NM_001039213.4:c.874A>G,NP_001034302.2:p.Thr292Ala,0.107,23.0,['Unknown%20significance'],28.45,0.18,0.0,0.3,0.3
CEACAM16,19,44705805,NM_001039213.4:c.877T>A,NP_001034302.2:p.Cys293Ser,0.462,24.9,['Unknown%20significance'],0.0,0.0,0.0,4.5,4.5
CEACAM16,19,44705805,NM_001039213.4:c.877T>C,NP_001034302.2:p.Cys293Arg,0.540,25.6,['Unknown%20significance'],0.0,0.0,0.0,4.3,4.3
CEACAM16,19,44705806,NM_001039213.4:c.878G>A,NP_001034302.2:p.Cys293Tyr,0.495,25.2,['Unknown%20significance'],0.0,0.0,0.0,2.6,2.6
CEACAM16,19,44705807,NM_001039213.4:c.879T>G,NP_001034302.2:p.Cys293Trp,0.532,23.0,['Unknown%20significance'],0.0,0.0,0.0,2.4,2.4
CEACAM16,19,44705808,NM_001039213.4:c.880A>G,NP_001034302.2:p.Ile294Val,0.076,22.1,['Unknown%20significance'],67.91,0.34,0.0,0.0,0.0
CEACAM16,19,44705811,NM_001039213.4:c.883G>A,NP_001034302.2:p.Ala295Thr,0.171,21.7,['Unknown%20significance'],0.0,0.0,0.0,0.7,0.7
CEACAM16,19,44705812,NM_001039213.4:c.884C>A,NP_001034302.2:p.Ala295Glu,0.258,15.75,['Likely%20benign'],0.0,0.0,0.0,1.7,1.7
CEACAM16,19,44705812,NM_001039213.4:c.884C>G,NP_001034302.2:p.Ala295Gly,0.079,15.94,['Likely%20benign'],0.0,0.0,0.0,2.2,2.2
CEACAM16,19,44705812,NM_001039213.4:c.884C>T,NP_001034302.2:p.Ala295Val,0.025,3.562,['Unknown%20significance'],0.0,0.0,0.0,-0.8,0.8
CEACAM16,19,44705818,NM_001039213.4:c.890A>C,NP_001034302.2:p.Asn297Thr,0.235,25.8,['Unknown%20significance'],0.0,0.0,0.0,0.1,0.1
CEACAM16,19,44705824,NM_001039213.4:c.896A>T,NP_001034302.2:p.Lys299Met,0.046,22.4,['Unknown%20significance'],116.92,0.49,0.0,-0.7,0.7
CEACAM16,19,44705825,NM_001039213.4:c.897G>C,NP_001034302.2:p.Lys299Asn,0.050,23.3,['Unknown%20significance'],116.92,0.49,0.0,-0.2,0.2
CEACAM16,19,44705826,NM_001039213.4:c.898A>G,NP_001034302.2:p.Thr300Ala,0.141,26.0,['Unknown%20significance'],0.36,0.0,0.0,0.2,0.2
CEACAM16,19,44705826,NM_001039213.4:c.898A>T,NP_001034302.2:p.Thr300Ser,0.161,25.3,['Unknown%20significance'],0.36,0.0,0.0,0.4,0.4
CEACAM16,19,44705830,NM_001039213.4:c.902T>G,NP_001034302.2:p.Leu301Arg,0.151,21.5,['Unknown%20significance'],143.97,0.74,0.0,0.0,0.0
CEACAM16,19,44705836,NM_001039213.4:c.908C>T,NP_001034302.2:p.Ser303Phe,0.149,25.9,['Unknown%20significance'],75.25,0.54,0.0,-0.3,0.3
CEACAM16,19,44705839,NM_001039213.4:c.911G>C,NP_001034302.2:p.Gly304Ala,0.072,22.4,['Unknown%20significance'],25.92,0.27,0.0,-0.7,0.7
CEACAM16,19,44705841,NM_001039213.4:c.913T>C,NP_001034302.2:p.Ser305Pro,0.271,27.1,['Unknown%20significance'],68.48,0.49,0.0,0.3,0.3
CEACAM16,19,44705842,NM_001039213.4:c.914C>A,NP_001034302.2:p.Ser305Tyr,0.280,23.8,['Unknown%20significance'],68.48,0.49,0.0,-0.6,0.6
CEACAM16,19,44705848,NM_001039213.4:c.920C>T,NP_001034302.2:p.Ser307Leu,0.063,22.8,['Unknown%20significance'],39.8,0.28,0.0,-1.0,1.0
CEACAM16,19,44705850,NM_001039213.4:c.922G>C,NP_001034302.2:p.Val308Leu,0.095,22.9,['Unknown%20significance'],0.0,0.0,0.0,-0.4,0.4
CEACAM16,19,44705853,NM_001039213.4:c.925G>A,NP_001034302.2:p.Val309Met,0.053,22.7,['Unknown%20significance'],52.26,0.3,0.0,0.2,0.2
CEACAM16,19,44705859,NM_001039213.4:c.931A>C,NP_001034302.2:p.Lys311Gln,0.059,24.3,['Unknown%20significance'],113.91,0.48,0.0,-0.3,0.3
CEACAM16,19,44705859,NM_001039213.4:c.931A>G,NP_001034302.2:p.Lys311Glu,0.062,26.5,['Unknown%20significance'],113.91,0.48,0.0,-0.0,0.0
CEACAM16,19,44705866,NM_001039213.4:c.938C>T,NP_001034302.2:p.Ser313Phe,0.079,23.4,['Unknown%20significance'],27.29,0.19,0.0,-1.0,1.0
CEACAM16,19,44707861,NM_001039213.4:c.941C>A,NP_001034302.2:p.Ala314Asp,0.046,23.7,['Unknown%20significance'],98.91,0.77,0.0,0.1,0.1
CEACAM16,19,44707861,NM_001039213.4:c.941C>G,NP_001034302.2:p.Ala314Gly,0.058,23.0,['Unknown%20significance'],98.91,0.77,0.0,0.2,0.2
CEACAM16,19,44707863,NM_001039213.4:c.943G>A,NP_001034302.2:p.Ala315Thr,0.060,24.5,['Unknown%20significance'],38.16,0.3,0.0,-0.1,0.1
CEACAM16,19,44707863,NM_001039213.4:c.943G>T,NP_001034302.2:p.Ala315Ser,0.045,22.6,['Unknown%20significance'],38.16,0.3,0.0,0.1,0.1
CEACAM16,19,44707864,NM_001039213.4:c.944C>A,NP_001034302.2:p.Ala315Glu,0.079,22.9,['Unknown%20significance'],38.16,0.3,0.0,0.3,0.3
CEACAM16,19,44707866,NM_001039213.4:c.946G>T,NP_001034302.2:p.Ala316Ser,0.021,16.02,['Likely%20benign'],54.87,0.43,0.0,0.1,0.1
CEACAM16,19,44707867,NM_001039213.4:c.947C>A,NP_001034302.2:p.Ala316Glu,0.052,17.99,['Unknown%20significance'],54.87,0.43,0.0,0.2,0.2
CEACAM16,19,44707867,NM_001039213.4:c.947C>T,NP_001034302.2:p.Ala316Val,0.012,13.77,['Likely%20benign'],54.87,0.43,0.0,-0.3,0.3
CEACAM16,19,44707869,NM_001039213.4:c.949G>T,NP_001034302.2:p.Val317Phe,0.112,22.8,['Unknown%20significance'],115.54,0.67,0.0,0.0,0.0
CEACAM16,19,44707872,NM_001039213.4:c.952G>T,NP_001034302.2:p.Ala318Ser,0.031,11.37,['Likely%20benign'],89.13,0.7,0.0,0.1,0.1
CEACAM16,19,44707873,NM_001039213.4:c.953C>A,NP_001034302.2:p.Ala318Asp,0.044,22.7,['Unknown%20significance'],89.13,0.7,0.0,0.3,0.3
CEACAM16,19,44707873,NM_001039213.4:c.953C>T,NP_001034302.2:p.Ala318Val,0.018,18.96,['Likely%20benign'],89.13,0.7,0.0,-0.3,0.3
CEACAM16,19,44707876,NM_001039213.4:c.956C>A,NP_001034302.2:p.Thr319Lys,0.017,22.4,['Likely%20benign'],11.74,0.07,0.0,1.0,1.0
CEACAM16,19,44707876,NM_001039213.4:c.956C>T,NP_001034302.2:p.Thr319Met,0.012,15.31,['Likely%20benign'],11.74,0.07,0.0,-0.8,0.8
CEACAM16,19,44707879,NM_001039213.4:c.959T>A,NP_001034302.2:p.Met320Lys,0.032,15.84,['Likely%20benign'],107.2,0.49,0.0,0.9,0.9
CEACAM16,19,44707879,NM_001039213.4:c.959T>C,NP_001034302.2:p.Met320Thr,0.018,8.612,['Likely%20benign'],107.2,0.49,0.0,0.3,0.3
CEACAM16,19,44707880,NM_001039213.4:c.960G>T,NP_001034302.2:p.Met320Ile,0.017,2.256,['Likely%20benign'],107.2,0.49,0.0,-0.2,0.2
CEACAM16,19,44707881,NM_001039213.4:c.961A>G,NP_001034302.2:p.Ile321Val,0.102,23.3,['Unknown%20significance'],13.47,0.06,0.0,0.2,0.2
CEACAM16,19,44707881,NM_001039213.4:c.961A>T,NP_001034302.2:p.Ile321Phe,0.218,25.8,['Unknown%20significance'],13.47,0.06,0.0,0.2,0.2
CEACAM16,19,44707882,NM_001039213.4:c.962T>A,NP_001034302.2:p.Ile321Asn,0.172,26.1,['Unknown%20significance'],13.47,0.06,0.0,2.5,2.5
CEACAM16,19,44707883,NM_001039213.4:c.963C>G,NP_001034302.2:p.Ile321Met,0.157,10.82,['Likely%20benign'],13.47,0.06,0.0,0.8,0.8
CEACAM16,19,44707884,NM_001039213.4:c.964G>A,NP_001034302.2:p.Val322Met,0.136,23.8,['Unknown%20significance'],40.73,0.23,0.0,0.2,0.2
CEACAM16,19,44707887,NM_001039213.4:c.967C>A,NP_001034302.2:p.Pro323Thr,0.161,24.3,['Unknown%20significance'],14.44,0.09,0.0,0.0,0.0
CEACAM16,19,44707887,NM_001039213.4:c.967C>T,NP_001034302.2:p.Pro323Ser,0.202,23.0,['Unknown%20significance'],14.44,0.09,0.0,0.6,0.6
CEACAM16,19,44707888,NM_001039213.4:c.968C>A,NP_001034302.2:p.Pro323His,0.173,24.8,['Unknown%20significance'],14.44,0.09,0.0,0.1,0.1
CEACAM16,19,44707888,NM_001039213.4:c.968C>T,NP_001034302.2:p.Pro323Leu,0.161,25.1,['Unknown%20significance'],14.44,0.09,0.0,-0.8,0.8
CEACAM16,19,44707890,NM_001039213.4:c.970G>A,NP_001034302.2:p.Val324Met,0.048,17.17,['Unknown%20significance'],85.31,0.49,0.0,0.0,0.0
CEACAM16,19,44707890,NM_001039213.4:c.970G>T,NP_001034302.2:p.Val324Leu,0.044,20.4,['Likely%20benign'],85.31,0.49,0.0,0.0,0.0
CEACAM16,19,44707893,NM_001039213.4:c.973C>A,NP_001034302.2:p.Pro325Thr,0.192,24.0,['Unknown%20significance'],73.08,0.46,0.0,-0.2,0.2
CEACAM16,19,44707893,NM_001039213.4:c.973C>T,NP_001034302.2:p.Pro325Ser,0.197,24.2,['Unknown%20significance'],73.08,0.46,0.0,0.0,0.0
CEACAM16,19,44707894,NM_001039213.4:c.974C>A,NP_001034302.2:p.Pro325His,0.192,24.8,['Unknown%20significance'],73.08,0.46,0.0,-0.3,0.3
CEACAM16,19,44707894,NM_001039213.4:c.974C>T,NP_001034302.2:p.Pro325Leu,0.176,25.2,['Unknown%20significance'],73.08,0.46,0.0,-0.4,0.4
CEACAM16,19,44707896,NM_001039213.4:c.976A>C,NP_001034302.2:p.Thr326Pro,0.131,14.63,['Likely%20benign'],98.08,0.62,0.0,0.2,0.2
CEACAM16,19,44707897,NM_001039213.4:c.977C>A,NP_001034302.2:p.Thr326Asn,0.091,5.122,['Unknown%20significance'],98.08,0.62,0.0,0.2,0.2
CEACAM16,19,44707897,NM_001039213.4:c.977C>T,NP_001034302.2:p.Thr326Ile,0.087,7.978,['Unknown%20significance'],98.08,0.62,0.0,-0.2,0.2
CEACAM16,19,44707900,NM_001039213.4:c.980A>G,NP_001034302.2:p.Lys327Arg,0.048,15.96,['Likely%20benign'],183.89,0.77,0.0,-0.2,0.2
CEACAM16,19,44707901,NM_001039213.4:c.981G>T,NP_001034302.2:p.Lys327Asn,0.024,12.99,['Likely%20benign'],183.89,0.77,0.0,-0.1,0.1
CEACAM16,19,44707902,NM_001039213.4:c.982C>A,NP_001034302.2:p.Pro328Thr,0.182,23.1,['Unknown%20significance'],0.34,0.0,0.0,-1.0,1.0
CEACAM16,19,44707902,NM_001039213.4:c.982C>T,NP_001034302.2:p.Pro328Ser,0.232,23.2,['Unknown%20significance'],0.34,0.0,0.0,-0.0,0.0
CEACAM16,19,44707903,NM_001039213.4:c.983C>A,NP_001034302.2:p.Pro328Gln,0.079,23.0,['Unknown%20significance'],0.34,0.0,0.0,-0.4,0.4
CEACAM16,19,44707905,NM_001039213.4:c.985A>G,NP_001034302.2:p.Thr329Ala,0.058,6.006,['Likely%20benign'],37.33,0.23,0.0,0.3,0.3
CEACAM16,19,44707906,NM_001039213.4:c.986C>A,NP_001034302.2:p.Thr329Lys,0.091,0.194,['Likely%20benign'],37.33,0.23,0.0,0.7,0.7
CEACAM16,19,44707906,NM_001039213.4:c.986C>T,NP_001034302.2:p.Thr329Met,0.091,0.005,['Likely%20benign'],37.33,0.23,0.0,-0.5,0.5
CEACAM16,19,44707909,NM_001039213.4:c.989A>G,NP_001034302.2:p.Glu330Gly,0.539,28.0,['Unknown%20significance'],48.87,0.25,0.0,0.8,0.8
CEACAM16,19,44707910,NM_001039213.4:c.990G>T,NP_001034302.2:p.Glu330Asp,0.311,23.5,['Unknown%20significance'],48.87,0.25,0.0,0.3,0.3
CEACAM16,19,44707911,NM_001039213.4:c.991G>A,NP_001034302.2:p.Gly331Ser,0.544,26.9,['Unknown%20significance'],47.72,0.5,0.0,0.1,0.1
CEACAM16,19,44707911,NM_001039213.4:c.991G>C,NP_001034302.2:p.Gly331Arg,0.654,27.2,['Unknown%20significance'],47.72,0.5,0.0,-0.1,0.1
CEACAM16,19,44707912,NM_001039213.4:c.992G>A,NP_001034302.2:p.Gly331Asp,0.441,26.5,['Unknown%20significance'],47.72,0.5,0.0,0.3,0.3
CEACAM16,19,44707912,NM_001039213.4:c.992G>C,NP_001034302.2:p.Gly331Ala,0.675,25.8,['Unknown%20significance'],47.72,0.5,0.0,0.1,0.1
CEACAM16,19,44707914,NM_001039213.4:c.994C>A,NP_001034302.2:p.Gln332Lys,0.092,16.57,['Likely%20benign'],93.94,0.47,0.0,0.3,0.3
CEACAM16,19,44707915,NM_001039213.4:c.995A>G,NP_001034302.2:p.Gln332Arg,0.087,22.3,['Likely%20benign'],93.94,0.47,0.0,-0.2,0.2
CEACAM16,19,44707916,NM_001039213.4:c.996G>C,NP_001034302.2:p.Gln332His,0.129,24.8,['Unknown%20significance'],93.94,0.47,0.0,-0.1,0.1
CEACAM16,19,44707917,NM_001039213.4:c.997G>A,NP_001034302.2:p.Asp333Asn,0.167,24.6,['Unknown%20significance'],58.13,0.36,0.0,-0.3,0.3
CEACAM16,19,44707917,NM_001039213.4:c.997G>T,NP_001034302.2:p.Asp333Tyr,0.381,27.1,['Unknown%20significance'],58.13,0.36,0.0,-1.3,1.3
CEACAM16,19,44707919,NM_001039213.4:c.999C>A,NP_001034302.2:p.Asp333Glu,0.167,17.97,['Unknown%20significance'],58.13,0.36,0.0,-0.1,0.1
CEACAM16,19,44707920,NM_001039213.4:c.1000G>A,NP_001034302.2:p.Val334Ile,0.244,24.8,['Unknown%20significance'],0.17,0.0,0.0,-0.0,0.0
CEACAM16,19,44707920,NM_001039213.4:c.1000G>C,NP_001034302.2:p.Val334Leu,0.336,24.7,['Unknown%20significance'],0.17,0.0,0.0,0.2,0.2
CEACAM16,19,44707920,NM_001039213.4:c.1000G>T,NP_001034302.2:p.Val334Leu,0.336,24.7,['Unknown%20significance'],0.17,0.0,0.0,0.2,0.2
CEACAM16,19,44707921,NM_001039213.4:c.1001T>G,NP_001034302.2:p.Val334Gly,0.781,26.2,['Unknown%20significance'],0.17,0.0,0.0,4.2,4.2
CEACAM16,19,44707924,NM_001039213.4:c.1004C>A,NP_001034302.2:p.Thr335Lys,0.374,24.2,['Unknown%20significance'],44.73,0.28,0.0,0.9,0.9
CEACAM16,19,44707924,NM_001039213.4:c.1004C>T,NP_001034302.2:p.Thr335Ile,0.040,19.17,['Likely%20benign'],44.73,0.28,0.0,-0.8,0.8
CEACAM16,19,44707927,NM_001039213.4:c.1007T>C,NP_001034302.2:p.Leu336Pro,0.243,26.4,['Unknown%20significance'],0.0,0.0,0.0,4.5,4.5
CEACAM16,19,44707930,NM_001039213.4:c.1010C>A,NP_001034302.2:p.Thr337Asn,0.098,22.7,['Unknown%20significance'],30.72,0.19,0.0,0.6,0.6
CEACAM16,19,44707930,NM_001039213.4:c.1010C>T,NP_001034302.2:p.Thr337Ile,0.154,23.0,['Unknown%20significance'],30.72,0.19,0.0,-0.7,0.7
CEACAM16,19,44707932,NM_001039213.4:c.1012G>A,NP_001034302.2:p.Val338Met,0.174,25.1,['Unknown%20significance'],1.78,0.01,0.0,0.7,0.7
CEACAM16,19,44707932,NM_001039213.4:c.1012G>C,NP_001034302.2:p.Val338Leu,0.125,24.7,['Unknown%20significance'],1.78,0.01,0.0,0.3,0.3
CEACAM16,19,44707932,NM_001039213.4:c.1012G>T,NP_001034302.2:p.Val338Leu,0.125,24.7,['Unknown%20significance'],1.78,0.01,0.0,0.3,0.3
CEACAM16,19,44707933,NM_001039213.4:c.1013T>G,NP_001034302.2:p.Val338Gly,0.362,25.8,['Unknown%20significance'],1.78,0.01,0.0,3.2,3.2
CEACAM16,19,44707935,NM_001039213.4:c.1015C>A,NP_001034302.2:p.Gln339Lys,0.089,17.66,['Unknown%20significance'],86.81,0.43,0.0,0.4,0.4
CEACAM16,19,44707936,NM_001039213.4:c.1016A>G,NP_001034302.2:p.Gln339Arg,0.042,13.66,['Likely%20benign'],86.81,0.43,0.0,-0.1,0.1
CEACAM16,19,44707937,NM_001039213.4:c.1017G>T,NP_001034302.2:p.Gln339His,0.036,4.682,['Likely%20benign'],86.81,0.43,0.0,-0.1,0.1
CEACAM16,19,44707938,NM_001039213.4:c.1018G>A,NP_001034302.2:p.Gly340Ser,0.280,24.4,['Unknown%20significance'],23.2,0.24,0.0,-0.2,0.2
CEACAM16,19,44707938,NM_001039213.4:c.1018G>T,NP_001034302.2:p.Gly340Cys,0.401,28.3,['Unknown%20significance'],23.2,0.24,0.0,-0.4,0.4
CEACAM16,19,44707939,NM_001039213.4:c.1019G>A,NP_001034302.2:p.Gly340Asp,0.318,23.7,['Unknown%20significance'],23.2,0.24,0.0,0.4,0.4
CEACAM16,19,44707942,NM_001039213.4:c.1022A>C,NP_001034302.2:p.Tyr341Ser,0.229,27.0,['Unknown%20significance'],89.13,0.37,0.0,1.1,1.1
CEACAM16,19,44707944,NM_001039213.4:c.1024C>A,NP_001034302.2:p.Pro342Thr,0.227,25.4,['Unknown%20significance'],8.27,0.05,0.0,0.5,0.5
CEACAM16,19,44707944,NM_001039213.4:c.1024C>T,NP_001034302.2:p.Pro342Ser,0.189,24.1,['Unknown%20significance'],8.27,0.05,0.0,0.7,0.7
CEACAM16,19,44707945,NM_001039213.4:c.1025C>A,NP_001034302.2:p.Pro342His,0.275,26.4,['Unknown%20significance'],8.27,0.05,0.0,0.4,0.4
CEACAM16,19,44707947,NM_001039213.4:c.1027A>C,NP_001034302.2:p.Lys343Gln,0.135,23.1,['Unknown%20significance'],175.18,0.74,0.0,-0.1,0.1
CEACAM16,19,44707947,NM_001039213.4:c.1027A>G,NP_001034302.2:p.Lys343Glu,0.133,23.6,['Unknown%20significance'],175.18,0.74,0.0,-0.0,0.0
CEACAM16,19,44707948,NM_001039213.4:c.1028A>C,NP_001034302.2:p.Lys343Thr,0.302,23.3,['Unknown%20significance'],175.18,0.74,0.0,-0.1,0.1
CEACAM16,19,44707948,NM_001039213.4:c.1028A>G,NP_001034302.2:p.Lys343Arg,0.046,19.08,['Likely%20benign'],175.18,0.74,0.0,-0.2,0.2
CEACAM16,19,44707950,NM_001039213.4:c.1030G>A,NP_001034302.2:p.Asp344Asn,0.215,24.3,['Unknown%20significance'],53.07,0.33,0.0,-0.2,0.2
CEACAM16,19,44707951,NM_001039213.4:c.1031A>C,NP_001034302.2:p.Asp344Ala,0.156,28.6,['Unknown%20significance'],53.07,0.33,0.0,-0.4,0.4
CEACAM16,19,44707952,NM_001039213.4:c.1032C>A,NP_001034302.2:p.Asp344Glu,0.186,22.6,['Unknown%20significance'],53.07,0.33,0.0,-0.1,0.1
CEACAM16,19,44707953,NM_001039213.4:c.1033C>A,NP_001034302.2:p.Leu345Met,0.338,24.3,['Unknown%20significance'],9.9,0.05,0.0,0.1,0.1
CEACAM16,19,44707953,NM_001039213.4:c.1033C>G,NP_001034302.2:p.Leu345Val,0.218,24.0,['Unknown%20significance'],9.9,0.05,0.0,0.1,0.1
CEACAM16,19,44707959,NM_001039213.4:c.1039G>A,NP_001034302.2:p.Val347Ile,0.195,25.6,['Unknown%20significance'],43.67,0.25,0.0,-0.1,0.1
CEACAM16,19,44707959,NM_001039213.4:c.1039G>T,NP_001034302.2:p.Val347Phe,0.261,26.6,['Unknown%20significance'],43.67,0.25,0.0,0.0,0.0
CEACAM16,19,44707960,NM_001039213.4:c.1040T>C,NP_001034302.2:p.Val347Ala,0.219,23.1,['Unknown%20significance'],43.67,0.25,0.0,0.8,0.8
CEACAM16,19,44707965,NM_001039213.4:c.1045G>A,NP_001034302.2:p.Ala349Thr,0.225,23.7,['Benign'],6.44,0.05,0.0,-0.1,0.1
CEACAM16,19,44707968,NM_001039213.4:c.1048T>C,NP_001034302.2:p.Trp350Arg,0.417,29.9,['Unknown%20significance'],0.0,0.0,0.0,5.2,5.2
CEACAM16,19,44707969,NM_001039213.4:c.1049G>T,NP_001034302.2:p.Trp350Leu,0.346,29.8,['Unknown%20significance'],0.0,0.0,0.0,3.1,3.1
CEACAM16,19,44707974,NM_001039213.4:c.1054C>T,NP_001034302.2:p.Arg352Cys,0.434,29.0,['Unknown%20significance'],74.1,0.27,0.0,1.2,1.2
CEACAM16,19,44707975,NM_001039213.4:c.1055G>A,NP_001034302.2:p.Arg352His,0.350,28.4,['Unknown%20significance'],74.1,0.27,0.0,0.4,0.4
CEACAM16,19,44707975,NM_001039213.4:c.1055G>T,NP_001034302.2:p.Arg352Leu,0.280,28.1,['Unknown%20significance'],74.1,0.27,0.0,0.4,0.4
CEACAM16,19,44707977,NM_001039213.4:c.1057G>A,NP_001034302.2:p.Gly353Arg,0.126,27.2,['Unknown%20significance'],16.26,0.17,0.0,-0.9,0.9
CEACAM16,19,44707978,NM_001039213.4:c.1058G>A,NP_001034302.2:p.Gly353Glu,0.178,27.1,['Unknown%20significance'],16.26,0.17,0.0,-0.5,0.5
CEACAM16,19,44707978,NM_001039213.4:c.1058G>T,NP_001034302.2:p.Gly353Val,0.284,27.1,['Unknown%20significance'],16.26,0.17,0.0,-0.6,0.6
CEACAM16,19,44707980,NM_001039213.4:c.1060C>T,NP_001034302.2:p.Pro354Ser,0.060,21.3,['Unknown%20significance'],83.52,0.53,0.0,-0.2,0.2
CEACAM16,19,44707981,NM_001039213.4:c.1061C>A,NP_001034302.2:p.Pro354His,0.111,25.6,['Unknown%20significance'],83.52,0.53,0.0,-0.4,0.4
CEACAM16,19,44707981,NM_001039213.4:c.1061C>T,NP_001034302.2:p.Pro354Leu,0.118,24.0,['Unknown%20significance'],83.52,0.53,0.0,-0.4,0.4
CEACAM16,19,44707983,NM_001039213.4:c.1063G>A,NP_001034302.2:p.Ala355Thr,0.104,22.1,['Unknown%20significance'],45.39,0.35,0.0,-0.2,0.2
CEACAM16,19,44707983,NM_001039213.4:c.1063G>C,NP_001034302.2:p.Ala355Pro,0.033,22.9,['Likely%20benign'],45.39,0.35,0.0,0.2,0.2
CEACAM16,19,44707983,NM_001039213.4:c.1063G>T,NP_001034302.2:p.Ala355Ser,0.117,23.2,['Unknown%20significance'],45.39,0.35,0.0,-0.0,0.0
CEACAM16,19,44707984,NM_001039213.4:c.1064C>A,NP_001034302.2:p.Ala355Asp,0.225,23.1,['Unknown%20significance'],45.39,0.35,0.0,0.2,0.2
CEACAM16,19,44707984,NM_001039213.4:c.1064C>T,NP_001034302.2:p.Ala355Val,0.042,21.1,['Likely%20benign'],45.39,0.35,0.0,-0.4,0.4
CEACAM16,19,44707986,NM_001039213.4:c.1066T>C,NP_001034302.2:p.Ser356Pro,0.142,23.6,['Unknown%20significance'],58.25,0.42,0.0,0.1,0.1
CEACAM16,19,44707987,NM_001039213.4:c.1067C>A,NP_001034302.2:p.Ser356Tyr,0.237,23.4,['Unknown%20significance'],58.25,0.42,0.0,-0.8,0.8
CEACAM16,19,44707987,NM_001039213.4:c.1067C>T,NP_001034302.2:p.Ser356Phe,0.233,23.8,['Unknown%20significance'],58.25,0.42,0.0,-0.6,0.6
CEACAM16,19,44707989,NM_001039213.4:c.1069G>A,NP_001034302.2:p.Glu357Lys,0.220,25.3,['Unknown%20significance'],100.15,0.51,0.0,0.1,0.1
CEACAM16,19,44707989,NM_001039213.4:c.1069G>C,NP_001034302.2:p.Glu357Gln,0.220,24.5,['Unknown%20significance'],100.15,0.51,0.0,-0.3,0.3
CEACAM16,19,44707993,NM_001039213.4:c.1073C>G,NP_001034302.2:p.Pro358Arg,0.278,24.1,['Unknown%20significance'],106.51,0.67,0.0,-0.1,0.1
CEACAM16,19,44707993,NM_001039213.4:c.1073C>T,NP_001034302.2:p.Pro358Leu,0.265,24.3,['Unknown%20significance'],106.51,0.67,0.0,-0.2,0.2
CEACAM16,19,44707995,NM_001039213.4:c.1075A>G,NP_001034302.2:p.Asn359Asp,0.149,24.9,['Unknown%20significance'],47.1,0.29,0.0,0.3,0.3
CEACAM16,19,44707996,NM_001039213.4:c.1076A>C,NP_001034302.2:p.Asn359Thr,0.131,22.3,['Unknown%20significance'],47.1,0.29,0.0,-0.2,0.2
CEACAM16,19,44707996,NM_001039213.4:c.1076A>G,NP_001034302.2:p.Asn359Ser,0.031,15.96,['Likely%20benign'],47.1,0.29,0.0,0.1,0.1
CEACAM16,19,44707998,NM_001039213.4:c.1078C>G,NP_001034302.2:p.Arg360Gly,0.333,25.2,['Unknown%20significance'],48.98,0.18,0.0,1.7,1.7
CEACAM16,19,44707998,NM_001039213.4:c.1078C>T,NP_001034302.2:p.Arg360Trp,0.262,26.8,['Unknown%20significance'],48.98,0.18,0.0,-0.6,0.6
CEACAM16,19,44707999,NM_001039213.4:c.1079G>A,NP_001034302.2:p.Arg360Gln,0.204,25.3,['Unknown%20significance'],48.98,0.18,0.0,0.5,0.5
CEACAM16,19,44708004,NM_001039213.4:c.1084C>T,NP_001034302.2:p.Leu362Phe,0.137,25.6,['Unknown%20significance'],0.0,0.0,0.0,-0.0,0.0
CEACAM16,19,44708007,NM_001039213.4:c.1087A>G,NP_001034302.2:p.Ser363Gly,0.223,23.7,['Unknown%20significance'],16.2,0.11,0.0,0.7,0.7
CEACAM16,19,44708011,NM_001039213.4:c.1091A>T,NP_001034302.2:p.Gln364Leu,0.259,24.0,['Unknown%20significance'],2.03,0.01,0.0,-1.1,1.1
CEACAM16,19,44708014,NM_001039213.4:c.1094T>G,NP_001034302.2:p.Leu365Arg,0.319,26.8,['Pathogenic'],83.55,0.43,0.0,0.6,0.6
CEACAM16,19,44708017,NM_001039213.4:c.1097C>G,NP_001034302.2:p.Pro366Arg,0.265,23.1,['Unknown%20significance'],62.94,0.4,0.0,-0.4,0.4
CEACAM16,19,44708017,NM_001039213.4:c.1097C>T,NP_001034302.2:p.Pro366Leu,0.335,23.6,['Unknown%20significance'],62.94,0.4,0.0,-0.4,0.4
CEACAM16,19,44708022,NM_001039213.4:c.1102G>A,NP_001034302.2:p.Gly368Arg,0.199,24.1,['Unknown%20significance'],32.74,0.34,0.0,-0.5,0.5
CEACAM16,19,44708025,NM_001039213.4:c.1105A>C,NP_001034302.2:p.Thr369Pro,0.083,22.5,['Unknown%20significance'],95.86,0.6,0.0,0.4,0.4
CEACAM16,19,44708028,NM_001039213.4:c.1108T>A,NP_001034302.2:p.Trp370Arg,0.246,23.8,['Unknown%20significance'],98.94,0.37,0.0,0.7,0.7
CEACAM16,19,44708032,NM_001039213.4:c.1112T>C,NP_001034302.2:p.Ile371Thr,0.123,21.3,['Unknown%20significance'],128.2,0.65,0.0,0.5,0.5
CEACAM16,19,44708034,NM_001039213.4:c.1114G>A,NP_001034302.2:p.Ala372Thr,0.150,23.0,['Unknown%20significance'],58.41,0.45,0.0,-0.2,0.2
CEACAM16,19,44708035,NM_001039213.4:c.1115C>T,NP_001034302.2:p.Ala372Val,0.193,23.4,['Unknown%20significance'],58.41,0.45,0.0,-0.5,0.5
CEACAM16,19,44708043,NM_001039213.4:c.1123G>A,NP_001034302.2:p.Ala375Thr,0.206,25.1,['Unknown%20significance'],24.65,0.19,0.0,-0.3,0.3
CEACAM16,19,44708043,NM_001039213.4:c.1123G>T,NP_001034302.2:p.Ala375Ser,0.198,24.5,['Unknown%20significance'],24.65,0.19,0.0,0.1,0.1
CEACAM16,19,44708044,NM_001039213.4:c.1124C>A,NP_001034302.2:p.Ala375Glu,0.169,24.1,['Unknown%20significance'],24.65,0.19,0.0,0.2,0.2
CEACAM16,19,44708044,NM_001039213.4:c.1124C>T,NP_001034302.2:p.Ala375Val,0.153,23.2,['Unknown%20significance'],24.65,0.19,0.0,-0.5,0.5
CEACAM16,19,44708047,NM_001039213.4:c.1127A>G,NP_001034302.2:p.His376Arg,0.202,24.7,['Unknown%20significance'],41.66,0.2,0.0,-0.0,0.0
CEACAM16,19,44708049,NM_001039213.4:c.1129A>G,NP_001034302.2:p.Thr377Ala,0.090,23.4,['Unknown%20significance'],79.95,0.5,0.0,0.3,0.3
CEACAM16,19,44708050,NM_001039213.4:c.1130C>T,NP_001034302.2:p.Thr377Ile,0.220,23.5,['Unknown%20significance'],79.95,0.5,0.0,-0.1,0.1
CEACAM16,19,44708052,NM_001039213.4:c.1132G>A,NP_001034302.2:p.Gly378Ser,0.158,24.3,['Unknown%20significance'],61.45,0.64,0.0,-0.1,0.1
CEACAM16,19,44708053,NM_001039213.4:c.1133G>T,NP_001034302.2:p.Gly378Val,0.552,26.0,['Unknown%20significance'],61.45,0.64,0.0,-0.2,0.2
CEACAM16,19,44708055,NM_001039213.4:c.1135C>G,NP_001034302.2:p.Arg379Gly,0.550,27.0,['Unknown%20significance'],40.37,0.14,0.0,1.8,1.8
CEACAM16,19,44708055,NM_001039213.4:c.1135C>T,NP_001034302.2:p.Arg379Trp,0.554,29.7,['Unknown%20significance'],40.37,0.14,0.0,-0.2,0.2
CEACAM16,19,44708056,NM_001039213.4:c.1136G>A,NP_001034302.2:p.Arg379Gln,0.335,29.4,['Unknown%20significance'],40.37,0.14,0.0,0.5,0.5
CEACAM16,19,44708058,NM_001039213.4:c.1138G>C,NP_001034302.2:p.Glu380Gln,0.141,27.5,['Unknown%20significance'],2.8,0.01,0.0,-0.5,0.5
CEACAM16,19,44708061,NM_001039213.4:c.1141G>A,NP_001034302.2:p.Val381Met,0.055,22.6,['Likely%20benign'],57.78,0.33,0.0,0.1,0.1
CEACAM16,19,44708062,NM_001039213.4:c.1142T>C,NP_001034302.2:p.Val381Ala,0.021,19.73,['Likely%20benign'],57.78,0.33,0.0,0.8,0.8
CEACAM16,19,44708062,NM_001039213.4:c.1142T>G,NP_001034302.2:p.Val381Gly,0.144,23.3,['Unknown%20significance'],57.78,0.33,0.0,1.6,1.6
CEACAM16,19,44708064,NM_001039213.4:c.1144G>A,NP_001034302.2:p.Gly382Ser,0.217,32,['Unknown%20significance'],5.24,0.05,0.0,-0.7,0.7
CEACAM16,19,44708064,NM_001039213.4:c.1144G>T,NP_001034302.2:p.Gly382Cys,0.240,28.1,['Unknown%20significance'],5.24,0.05,0.0,-1.0,1.0
CEACAM16,19,44708065,NM_001039213.4:c.1145G>T,NP_001034302.2:p.Gly382Val,0.236,22.7,['Unknown%20significance'],5.24,0.05,0.0,-2.3,2.3
CEACAM16,19,44708067,NM_001039213.4:c.1147T>C,NP_001034302.2:p.Phe383Leu,0.132,26.8,['Unknown%20significance'],81.41,0.35,0.0,0.2,0.2
CEACAM16,19,44708071,NM_001039213.4:c.1151C>G,NP_001034302.2:p.Pro384Arg,0.075,23.7,['Unknown%20significance'],65.94,0.41,0.0,-0.7,0.7
CEACAM16,19,44708071,NM_001039213.4:c.1151C>T,NP_001034302.2:p.Pro384Leu,0.100,23.7,['Unknown%20significance'],65.94,0.41,0.0,-0.7,0.7
CEACAM16,19,44708074,NM_001039213.4:c.1154A>C,NP_001034302.2:p.Asn385Thr,0.103,24.7,['Unknown%20significance'],53.41,0.33,0.0,0.0,0.0
CEACAM16,19,44708074,NM_001039213.4:c.1154A>G,NP_001034302.2:p.Asn385Ser,0.117,22.8,['Unknown%20significance'],53.41,0.33,0.0,0.2,0.2
CEACAM16,19,44708076,NM_001039213.4:c.1156T>G,NP_001034302.2:p.Cys386Gly,0.210,23.6,['Unknown%20significance'],0.0,0.0,0.0,0.8,0.8
CEACAM16,19,44708080,NM_001039213.4:c.1160C>T,NP_001034302.2:p.Ser387Leu,0.197,26.0,['Unknown%20significance'],2.56,0.01,0.0,-1.4,1.4
CEACAM16,19,44708083,NM_001039213.4:c.1163T>C,NP_001034302.2:p.Leu388Pro,0.308,27.7,['Unknown%20significance'],0.0,0.0,0.0,4.8,4.8
CEACAM16,19,44708086,NM_001039213.4:c.1166T>C,NP_001034302.2:p.Leu389Ser,0.303,23.6,['Unknown%20significance'],39.93,0.2,0.0,2.0,2.0
CEACAM16,19,44708087,NM_001039213.4:c.1167G>T,NP_001034302.2:p.Leu389Phe,0.084,22.9,['Unknown%20significance'],39.93,0.2,0.0,0.0,0.0
CEACAM16,19,44708092,NM_001039213.4:c.1172A>G,NP_001034302.2:p.Gln391Arg,0.185,23.5,['Unknown%20significance'],62.79,0.31,0.0,-0.2,0.2
CEACAM16,19,44708096,NM_001039213.4:c.1176G>C,NP_001034302.2:p.Lys392Asn,0.190,16.11,['Likely%20benign'],167.5,0.7,0.0,-0.1,0.1
CEACAM16,19,44708096,NM_001039213.4:c.1176G>T,NP_001034302.2:p.Lys392Asn,0.150,16.22,['Likely%20benign'],167.5,0.7,0.0,-0.1,0.1
CEACAM16,19,44708098,NM_001039213.4:c.1178T>C,NP_001034302.2:p.Leu393Pro,0.627,26.4,['Unknown%20significance'],0.8,0.0,0.0,2.8,2.8
CEACAM16,19,44708101,NM_001039213.4:c.1181A>C,NP_001034302.2:p.Asn394Thr,0.182,21.7,['Unknown%20significance'],73.39,0.45,0.0,-0.3,0.3
CEACAM16,19,44708103,NM_001039213.4:c.1183C>G,NP_001034302.2:p.Leu395Val,0.038,15.38,['Likely%20benign'],78.99,0.4,0.0,0.1,0.1
CEACAM16,19,44708106,NM_001039213.4:c.1186A>G,NP_001034302.2:p.Thr396Ala,0.124,22.8,['Likely%20pathogenic'],121.9,0.77,0.0,0.2,0.2
CEACAM16,19,44708106,NM_001039213.4:c.1186A>T,NP_001034302.2:p.Thr396Ser,0.111,18.36,['Unknown%20significance'],121.9,0.77,0.0,0.1,0.1
CEACAM16,19,44708107,NM_001039213.4:c.1187C>T,NP_001034302.2:p.Thr396Ile,0.216,23.7,['Unknown%20significance'],121.9,0.77,0.0,0.1,0.1
CEACAM16,19,44708111,NM_001039213.4:c.1191C>A,NP_001034302.2:p.Asp397Glu,0.566,9.740,['Unknown%20significance'],1.12,0.0,0.0,0.4,0.4
CEACAM16,19,44708113,NM_001039213.4:c.1193C>T,NP_001034302.2:p.Thr398Ile,0.194,17.96,['Unknown%20significance'],62.13,0.39,0.0,-0.1,0.1
CEACAM16,19,44708115,NM_001039213.4:c.1195G>A,NP_001034302.2:p.Gly399Ser,0.197,23.7,['Unknown%20significance'],25.33,0.26,0.0,0.9,0.9
CEACAM16,19,44708116,NM_001039213.4:c.1196G>T,NP_001034302.2:p.Gly399Val,0.336,24.6,['Unknown%20significance'],25.33,0.26,0.0,0.7,0.7
CEACAM16,19,44708118,NM_001039213.4:c.1198C>A,NP_001034302.2:p.Arg400Ser,0.235,22.1,['Unknown%20significance'],123.41,0.45,0.0,0.6,0.6
CEACAM16,19,44708118,NM_001039213.4:c.1198C>G,NP_001034302.2:p.Arg400Gly,0.265,22.9,['Unknown%20significance'],123.41,0.45,0.0,1.2,1.2
CEACAM16,19,44708118,NM_001039213.4:c.1198C>T,NP_001034302.2:p.Arg400Cys,0.290,23.7,['Unknown%20significance'],123.41,0.45,0.0,0.6,0.6
CEACAM16,19,44708119,NM_001039213.4:c.1199G>A,NP_001034302.2:p.Arg400His,0.214,23.2,['Unknown%20significance'],123.41,0.45,0.0,0.2,0.2
CEACAM16,19,44708119,NM_001039213.4:c.1199G>T,NP_001034302.2:p.Arg400Leu,0.239,23.0,['Unknown%20significance'],123.41,0.45,0.0,-0.2,0.2
CEACAM16,19,44708122,NM_001039213.4:c.1202A>G,NP_001034302.2:p.Tyr401Cys,0.769,25.4,['Unknown%20significance'],4.33,0.01,0.0,3.3,3.3
CEACAM16,19,44708127,NM_001039213.4:c.1207C>T,NP_001034302.2:p.Leu403Phe,0.213,24.3,['Unknown%20significance'],0.0,0.0,0.0,0.2,0.2
CEACAM16,19,44708128,NM_001039213.4:c.1208T>C,NP_001034302.2:p.Leu403Pro,0.406,25.9,['Unknown%20significance'],0.0,0.0,0.0,2.7,2.7
CEACAM16,19,44708130,NM_001039213.4:c.1210A>C,NP_001034302.2:p.Lys404Gln,0.230,22.0,['Unknown%20significance'],88.43,0.37,0.0,-0.6,0.6
CEACAM16,19,44708130,NM_001039213.4:c.1210A>G,NP_001034302.2:p.Lys404Glu,0.191,24.9,['Unknown%20significance'],88.43,0.37,0.0,-0.1,0.1
CEACAM16,19,44708132,NM_001039213.4:c.1212G>T,NP_001034302.2:p.Lys404Asn,0.203,25.6,['Unknown%20significance'],88.43,0.37,0.0,-0.2,0.2
CEACAM16,19,44708133,NM_001039213.4:c.1213A>T,NP_001034302.2:p.Thr405Ser,0.197,24.1,['Unknown%20significance'],0.0,0.0,0.0,0.5,0.5
CEACAM16,19,44708134,NM_001039213.4:c.1214C>A,NP_001034302.2:p.Thr405Asn,0.222,23.5,['Unknown%20significance'],0.0,0.0,0.0,0.8,0.8
CEACAM16,19,44708136,NM_001039213.4:c.1216G>A,NP_001034302.2:p.Val406Ile,0.037,10.59,['Unknown%20significance'],39.62,0.23,0.0,-0.0,0.0
CEACAM16,19,44708140,NM_001039213.4:c.1220C>A,NP_001034302.2:p.Thr407Lys,0.198,21.6,['Unknown%20significance'],2.91,0.01,0.0,0.9,0.9
CEACAM16,19,44708140,NM_001039213.4:c.1220C>T,NP_001034302.2:p.Thr407Ile,0.195,23.2,['Unknown%20significance'],2.91,0.01,0.0,-0.3,0.3
CEACAM16,19,44708142,NM_001039213.4:c.1222G>A,NP_001034302.2:p.Val408Met,0.011,13.92,['Likely%20benign'],109.64,0.63,0.0,-0.0,0.0
CEACAM16,19,44708142,NM_001039213.4:c.1222G>C,NP_001034302.2:p.Val408Leu,0.012,9.478,['Likely%20benign'],109.64,0.63,0.0,0.0,0.0
CEACAM16,19,44708143,NM_001039213.4:c.1223T>A,NP_001034302.2:p.Val408Glu,0.140,19.27,['Unknown%20significance'],109.64,0.63,0.0,0.3,0.3
CEACAM16,19,44708143,NM_001039213.4:c.1223T>C,NP_001034302.2:p.Val408Ala,0.066,18.75,['Likely%20benign'],109.64,0.63,0.0,0.2,0.2
CEACAM16,19,44708145,NM_001039213.4:c.1225C>A,NP_001034302.2:p.Gln409Lys,0.191,23.1,['Unknown%20significance'],176.24,0.89,0.0,0.1,0.1
CEACAM16,19,44708146,NM_001039213.4:c.1226A>G,NP_001034302.2:p.Gln409Arg,0.188,23.8,['Unknown%20significance'],176.24,0.89,0.0,-0.1,0.1
CEACAM16,19,44708147,NM_001039213.4:c.1227G>T,NP_001034302.2:p.Gln409His,0.194,23.7,['Unknown%20significance'],176.24,0.89,0.0,-0.0,0.0
CEACAM16,19,44708148,NM_001039213.4:c.1228G>A,NP_001034302.2:p.Gly410Ser,0.278,24.1,['Unknown%20significance'],67.09,0.7,0.0,0.2,0.2
CEACAM16,19,44708149,NM_001039213.4:c.1229G>A,NP_001034302.2:p.Gly410Asp,0.262,24.3,['Unknown%20significance'],67.09,0.7,0.0,0.4,0.4
CEACAM16,19,44708151,NM_001039213.4:c.1231A>G,NP_001034302.2:p.Lys411Glu,0.135,23.2,['Unknown%20significance'],155.47,0.65,0.0,0.0,0.0
CEACAM16,19,44708153,NM_001039213.4:c.1233G>T,NP_001034302.2:p.Lys411Asn,0.160,24.0,['Unknown%20significance'],155.47,0.65,0.0,-0.1,0.1
CEACAM16,19,44708155,NM_001039213.4:c.1235C>A,NP_001034302.2:p.Thr412Asn,0.187,22.8,['Unknown%20significance'],73.27,0.46,0.0,0.3,0.3
CEACAM16,19,44708157,NM_001039213.4:c.1237G>A,NP_001034302.2:p.Glu413Lys,0.082,24.4,['Unknown%20significance'],48.0,0.24,0.0,0.2,0.2
CEACAM16,19,44708158,NM_001039213.4:c.1238A>G,NP_001034302.2:p.Glu413Gly,0.121,26.6,['Unknown%20significance'],48.0,0.24,0.0,0.6,0.6
CEACAM16,19,44708159,NM_001039213.4:c.1239G>T,NP_001034302.2:p.Glu413Asp,0.112,19.02,['Likely%20benign'],48.0,0.24,0.0,0.2,0.2
CEACAM16,19,44708163,NM_001039213.4:c.1243C>A,NP_001034302.2:p.Leu415Met,0.239,22.9,['Unknown%20significance'],29.88,0.15,0.0,0.3,0.3
CEACAM16,19,44708164,NM_001039213.4:c.1244T>C,NP_001034302.2:p.Leu415Pro,0.304,24.6,['Unknown%20significance'],29.88,0.15,0.0,1.7,1.7
CEACAM16,19,44708167,NM_001039213.4:c.1247A>G,NP_001034302.2:p.Glu416Gly,0.120,23.3,['Unknown%20significance'],86.49,0.44,0.0,0.4,0.4
CEACAM16,19,44708169,NM_001039213.4:c.1249G>A,NP_001034302.2:p.Val417Met,0.261,23.1,['Unknown%20significance'],24.06,0.14,0.0,0.8,0.8
CEACAM16,19,44708169,NM_001039213.4:c.1249G>C,NP_001034302.2:p.Val417Leu,0.023,18.82,['Likely%20benign'],24.06,0.14,0.0,0.2,0.2
CEACAM16,19,44708169,NM_001039213.4:c.1249G>T,NP_001034302.2:p.Val417Leu,0.023,18.65,['Likely%20benign'],24.06,0.14,0.0,0.2,0.2
CEACAM16,19,44708170,NM_001039213.4:c.1250T>A,NP_001034302.2:p.Val417Glu,0.298,24.3,['Unknown%20significance'],24.06,0.14,0.0,3.0,3.0
CEACAM16,19,44708170,NM_001039213.4:c.1250T>G,NP_001034302.2:p.Val417Gly,0.316,23.7,['Unknown%20significance'],24.06,0.14,0.0,3.3,3.3
CEACAM16,19,44708172,NM_001039213.4:c.1252G>A,NP_001034302.2:p.Glu418Lys,0.173,27.6,['Unknown%20significance'],88.62,0.45,0.0,0.1,0.1
CEACAM16,19,44708173,NM_001039213.4:c.1253A>G,NP_001034302.2:p.Glu418Gly,0.173,31,['Unknown%20significance'],88.62,0.45,0.0,0.5,0.5
CEACAM16,19,44708173,NM_001039213.4:c.1253A>T,NP_001034302.2:p.Glu418Val,0.180,28.5,['Unknown%20significance'],88.62,0.45,0.0,-0.9,0.9
CEACAM16,19,44708174,NM_001039213.4:c.1254G>T,NP_001034302.2:p.Glu418Asp,0.123,25.0,['Unknown%20significance'],88.62,0.45,0.0,0.2,0.2
CEACAM16,19,44708175,NM_001039213.4:c.1255C>A,NP_001034302.2:p.Leu419Met,0.044,23.2,['Unknown%20significance'],0.0,0.0,0.0,1.1,1.1
CEACAM16,19,44708176,NM_001039213.4:c.1256T>C,NP_001034302.2:p.Leu419Pro,0.256,28.9,['Unknown%20significance'],0.0,0.0,0.0,4.0,4.0
CEACAM16,19,44708176,NM_001039213.4:c.1256T>G,NP_001034302.2:p.Leu419Arg,0.186,28.4,['Unknown%20significance'],0.0,0.0,0.0,3.0,3.0
CEACAM16,19,44708178,NM_001039213.4:c.1258C>A,NP_001034302.2:p.Gln420Lys,0.096,23.4,['Unknown%20significance'],104.56,0.52,0.0,0.4,0.4
CEACAM16,19,44708179,NM_001039213.4:c.1259A>C,NP_001034302.2:p.Gln420Pro,0.279,26.1,['Unknown%20significance'],104.56,0.52,0.0,0.3,0.3
CEACAM16,19,44708180,NM_001039213.4:c.1260G>T,NP_001034302.2:p.Gln420His,0.238,22.5,['Likely%20benign'],104.56,0.52,0.0,-0.1,0.1
CEACAM16,19,44708181,NM_001039213.4:c.1261G>A,NP_001034302.2:p.Val421Met,0.159,26.6,['Unknown%20significance'],5.52,0.03,0.0,1.2,1.2
CEACAM16,19,44708184,NM_001039213.4:c.1264G>A,NP_001034302.2:p.Ala422Thr,0.024,21.6,['Likely%20benign'],32.47,0.25,0.0,0.2,0.2
CEACAM16,19,44708185,NM_001039213.4:c.1265C>A,NP_001034302.2:p.Ala422Asp,0.095,23.5,['Unknown%20significance'],32.47,0.25,0.0,1.1,1.1
CEACAM16,19,44708185,NM_001039213.4:c.1265C>T,NP_001034302.2:p.Ala422Val,0.017,24.1,['Unknown%20significance'],32.47,0.25,0.0,-0.6,0.6
CEACAM16,19,44708187,NM_001039213.4:c.1267C>A,NP_001034302.2:p.Pro423Thr,0.036,22.9,['Unknown%20significance'],102.26,0.65,0.0,0.3,0.3
CEACAM16,19,44708187,NM_001039213.4:c.1267C>G,NP_001034302.2:p.Pro423Ala,0.029,20.3,['Unknown%20significance'],102.26,0.65,0.0,0.4,0.4
CEACAM16,19,44708187,NM_001039213.4:c.1267C>T,NP_001034302.2:p.Pro423Ser,0.036,23.4,['Unknown%20significance'],102.26,0.65,0.0,0.5,0.5
CEACAM16,19,44710496,NM_001039213.4:c.1268C>G,NP_001034302.2:p.Pro423Arg,0.019,17.34,['Likely%20benign'],102.26,0.65,0.0,0.3,0.3
CEACAM16,19,44710496,NM_001039213.4:c.1268C>T,NP_001034302.2:p.Pro423Leu,0.015,16.00,['Unknown%20significance'],102.26,0.65,0.0,0.1,0.1
CEACAM16,19,44710502,NM_001039213.4:c.1274G>A,NP_001034302.2:p.Gly425Glu,0.021,18.87,['Unknown%20significance'],166.68,1.0,0.0,0.1,0.1