Gene,Chrom,Position,DNA_change,Protein_Change,Revel,CADDPhred,Classification,Surface Area,Normalized SA,Confidence Score,ddG,|ddG|
OTOGL,12,80209453,NM_001378610.3:c.22A>G,NP_001365539.2:p.Asn8Asp,,20.4,['Unknown%20significance'],89.83,0.56,0.0,0.4,0.4
OTOGL,12,80209454,NM_001378610.3:c.23A>G,NP_001365539.2:p.Asn8Ser,,15.57,['Likely%20benign'],89.83,0.56,0.0,0.4,0.4
OTOGL,12,80209457,NM_001378610.3:c.26T>C,NP_001365539.2:p.Leu9Ser,,19.49,['Unknown%20significance'],113.78,0.59,0.0,1.7,1.7
OTOGL,12,80209459,NM_001378610.3:c.28A>G,NP_001365539.2:p.Met10Val,0.354,22.1,['Likely%20pathogenic'],99.11,0.45,0.0,0.3,0.3
OTOGL,12,80209462,NM_001378610.3:c.31A>G,NP_001365539.2:p.Ile11Val,0.044,11.80,['Likely%20benign'],98.51,0.5,0.0,0.5,0.5
OTOGL,12,80209463,NM_001378610.3:c.32T>A,NP_001365539.2:p.Ile11Lys,0.179,16.90,['Unknown%20significance'],98.51,0.5,0.0,2.2,2.2
OTOGL,12,80209465,NM_001378610.3:c.34C>A,NP_001365539.2:p.Pro12Thr,0.136,18.52,['Unknown%20significance'],80.72,0.51,0.0,1.1,1.1
OTOGL,12,80209465,NM_001378610.3:c.34C>T,NP_001365539.2:p.Pro12Ser,0.091,18.10,['Likely%20benign'],80.72,0.51,0.0,1.3,1.3
OTOGL,12,80209466,NM_001378610.3:c.35C>A,NP_001365539.2:p.Pro12His,0.079,22.7,['Unknown%20significance'],80.72,0.51,0.0,1.1,1.1
OTOGL,12,80209466,NM_001378610.3:c.35C>G,NP_001365539.2:p.Pro12Arg,0.091,22.2,['Unknown%20significance'],80.72,0.51,0.0,1.2,1.2
OTOGL,12,80209466,NM_001378610.3:c.35C>T,NP_001365539.2:p.Pro12Leu,0.043,11.90,['Unknown%20significance'],80.72,0.51,0.0,0.5,0.5
OTOGL,12,80209468,NM_001378610.3:c.37T>C,NP_001365539.2:p.Trp13Arg,0.096,19.12,['Likely%20benign'],168.32,0.64,0.0,1.4,1.4
OTOGL,12,80209471,NM_001378610.3:c.40A>G,NP_001365539.2:p.Ser14Gly,0.046,17.12,['Likely%20benign'],68.49,0.49,0.0,0.6,0.6
OTOGL,12,80209472,NM_001378610.3:c.41G>A,NP_001365539.2:p.Ser14Asn,0.021,11.17,['Likely%20benign'],68.49,0.49,0.0,0.3,0.3
OTOGL,12,80209472,NM_001378610.3:c.41G>T,NP_001365539.2:p.Ser14Ile,0.031,13.86,['Unknown%20significance'],68.49,0.49,0.0,-0.8,0.8
OTOGL,12,80209474,NM_001378610.3:c.43A>G,NP_001365539.2:p.Ile15Val,0.016,1.846,['Likely%20benign'],97.12,0.49,0.0,0.3,0.3
OTOGL,12,80209474,NM_001378610.3:c.43A>T,NP_001365539.2:p.Ile15Leu,0.011,6.278,['Likely%20benign'],97.12,0.49,0.0,0.4,0.4
OTOGL,12,80209475,NM_001378610.3:c.44T>A,NP_001365539.2:p.Ile15Lys,0.030,12.91,['Likely%20benign'],97.12,0.49,0.0,2.7,2.7
OTOGL,12,80209475,NM_001378610.3:c.44T>C,NP_001365539.2:p.Ile15Thr,0.016,12.52,['Likely%20benign'],97.12,0.49,0.0,1.9,1.9
OTOGL,12,80209476,NM_001378610.3:c.45A>G,NP_001365539.2:p.Ile15Met,0.026,17.50,['Likely%20benign'],97.12,0.49,0.0,0.9,0.9
OTOGL,12,80209479,NM_001378610.3:c.48C>A,NP_001365539.2:p.Phe16Leu,0.082,13.26,['Likely%20benign'],152.12,0.66,0.0,0.3,0.3
OTOGL,12,80209481,NM_001378610.3:c.50T>C,NP_001365539.2:p.Leu17Ser,0.016,12.58,['Likely%20benign'],118.14,0.61,0.0,2.3,2.3
OTOGL,12,80209483,NM_001378610.3:c.52C>A,NP_001365539.2:p.Leu18Ile,0.008,10.64,['Unknown%20significance'],108.48,0.56,0.0,0.3,0.3
OTOGL,12,80209483,NM_001378610.3:c.52C>T,NP_001365539.2:p.Leu18Phe,0.049,13.64,['Unknown%20significance'],108.48,0.56,0.0,0.5,0.5
OTOGL,12,80209484,NM_001378610.3:c.53T>C,NP_001365539.2:p.Leu18Pro,0.145,24.4,['Unknown%20significance'],108.48,0.56,0.0,2.0,2.0
OTOGL,12,80209486,NM_001378610.3:c.55C>A,NP_001365539.2:p.His19Asn,0.075,16.67,['Unknown%20significance'],86.74,0.42,0.0,0.9,0.9
OTOGL,12,80209486,NM_001378610.3:c.55C>G,NP_001365539.2:p.His19Asp,0.100,15.31,['Unknown%20significance'],86.74,0.42,0.0,1.5,1.5
OTOGL,12,80209486,NM_001378610.3:c.55C>T,NP_001365539.2:p.His19Tyr,0.066,11.52,['Unknown%20significance'],86.74,0.42,0.0,-0.7,0.7
OTOGL,12,80209487,NM_001378610.3:c.56A>C,NP_001365539.2:p.His19Pro,0.024,3.161,['Likely%20benign'],86.74,0.42,0.0,0.9,0.9
OTOGL,12,80209488,NM_001378610.3:c.57T>G,NP_001365539.2:p.His19Gln,0.032,0.511,['Likely%20benign'],86.74,0.42,0.0,0.5,0.5
OTOGL,12,80209492,NM_001378610.3:c.61C>A,NP_001365539.2:p.Leu21Met,0.085,22.8,['Likely%20benign'],110.86,0.57,0.0,0.5,0.5
OTOGL,12,80209492,NM_001378610.3:c.61C>G,NP_001365539.2:p.Leu21Val,0.085,19.75,['Likely%20benign'],110.86,0.57,0.0,0.2,0.2
OTOGL,12,80209495,NM_001378610.3:c.64C>A,NP_001365539.2:p.Leu22Met,0.070,24.5,['Unknown%20significance'],96.97,0.5,0.0,0.7,0.7
OTOGL,12,80209496,NM_001378610.3:c.65T>C,NP_001365539.2:p.Leu22Pro,0.210,26.6,['Unknown%20significance'],96.97,0.5,0.0,1.9,1.9
OTOGL,12,80209499,NM_001378610.3:c.68T>C,NP_001365539.2:p.Phe23Ser,0.043,22.4,['Likely%20benign'],126.08,0.54,0.0,2.9,2.9
OTOGL,12,80209501,NM_001378610.3:c.70T>C,NP_001365539.2:p.Ser24Pro,0.113,23.5,['Unknown%20significance'],60.22,0.43,0.0,0.5,0.5
OTOGL,12,80209502,NM_001378610.3:c.71C>T,NP_001365539.2:p.Ser24Leu,0.012,11.84,['Likely%20benign'],60.22,0.43,0.0,-0.4,0.4
OTOGL,12,80209505,NM_001378610.3:c.74T>C,NP_001365539.2:p.Leu25Ser,0.141,26.0,['Unknown%20significance'],118.12,0.61,0.0,1.1,1.1
OTOGL,12,80209507,NM_001378610.3:c.76C>A,NP_001365539.2:p.Gln26Lys,0.063,22.5,['Unknown%20significance'],99.61,0.5,0.0,0.3,0.3
OTOGL,12,80209508,NM_001378610.3:c.77A>G,NP_001365539.2:p.Gln26Arg,0.084,19.22,['Likely%20benign'],99.61,0.5,0.0,-0.2,0.2
OTOGL,12,80209509,NM_001378610.3:c.78A>T,NP_001365539.2:p.Gln26His,0.044,25.5,['Unknown%20significance'],99.61,0.5,0.0,-0.2,0.2
OTOGL,12,80209510,NM_001378610.3:c.79G>A,NP_001365539.2:p.Glu27Lys,0.078,33,['Unknown%20significance'],116.3,0.59,0.0,0.1,0.1
OTOGL,12,80210847,NM_001378610.3:c.80A>G,NP_001365539.2:p.Glu27Gly,0.028,15.76,['Likely%20benign'],116.3,0.59,0.0,0.3,0.3
OTOGL,12,80210848,NM_001378610.3:c.81A>C,NP_001365539.2:p.Glu27Asp,0.041,18.24,['Unknown%20significance'],116.3,0.59,0.0,0.1,0.1
OTOGL,12,80210850,NM_001378610.3:c.83A>G,NP_001365539.2:p.Tyr28Cys,0.035,20.8,['Likely%20benign'],178.38,0.74,0.0,0.3,0.3
OTOGL,12,80210852,NM_001378610.3:c.85A>G,NP_001365539.2:p.Ile29Val,0.047,10.29,['Likely%20benign'],113.23,0.57,0.0,0.3,0.3
OTOGL,12,80210855,NM_001378610.3:c.88T>C,NP_001365539.2:p.Cys30Arg,0.072,21.5,['Unknown%20significance'],48.24,0.31,0.0,1.4,1.4
OTOGL,12,80210856,NM_001378610.3:c.89G>A,NP_001365539.2:p.Cys30Tyr,0.151,19.48,['Likely%20benign'],48.24,0.31,0.0,0.6,0.6
OTOGL,12,80210856,NM_001378610.3:c.89G>C,NP_001365539.2:p.Cys30Ser,0.153,17.33,['Likely%20benign'],48.24,0.31,0.0,1.8,1.8
OTOGL,12,80210858,NM_001378610.3:c.91G>A,NP_001365539.2:p.Ala31Thr,0.007,14.82,['Likely%20benign'],77.82,0.61,0.0,0.1,0.1
OTOGL,12,80210858,NM_001378610.3:c.91G>T,NP_001365539.2:p.Ala31Ser,0.010,12.79,['Likely%20benign'],77.82,0.61,0.0,0.2,0.2
OTOGL,12,80210859,NM_001378610.3:c.92C>A,NP_001365539.2:p.Ala31Glu,0.024,8.004,['Likely%20benign'],77.82,0.61,0.0,0.2,0.2
OTOGL,12,80210859,NM_001378610.3:c.92C>T,NP_001365539.2:p.Ala31Val,0.021,15.92,['Likely%20benign'],77.82,0.61,0.0,-0.3,0.3
OTOGL,12,80210861,NM_001378610.3:c.94T>A,NP_001365539.2:p.Ser32Thr,0.033,5.395,['Likely%20benign'],66.49,0.48,0.0,-0.2,0.2
OTOGL,12,80210862,NM_001378610.3:c.95C>T,NP_001365539.2:p.Ser32Leu,0.061,20.7,['Unknown%20significance'],66.49,0.48,0.0,-1.0,1.0
OTOGL,12,80210864,NM_001378610.3:c.97T>C,NP_001365539.2:p.Ser33Pro,0.028,10.33,['Likely%20benign'],78.5,0.56,0.0,0.2,0.2
OTOGL,12,80210867,NM_001378610.3:c.100A>G,NP_001365539.2:p.Ile34Val,0.013,0.002,['Unknown%20significance'],137.71,0.7,0.0,0.2,0.2
OTOGL,12,80210868,NM_001378610.3:c.101T>C,NP_001365539.2:p.Ile34Thr,0.028,7.479,['Likely%20benign'],137.71,0.7,0.0,0.6,0.6
OTOGL,12,80210869,NM_001378610.3:c.102A>G,NP_001365539.2:p.Ile34Met,0.037,7.234,['Likely%20benign'],137.71,0.7,0.0,0.2,0.2
OTOGL,12,80210870,NM_001378610.3:c.103T>G,NP_001365539.2:p.Leu35Val,0.022,2.162,['Likely%20benign'],165.96,0.86,0.0,0.3,0.3
OTOGL,12,80210871,NM_001378610.3:c.104T>C,NP_001365539.2:p.Leu35Ser,0.012,12.02,['Likely%20benign'],165.96,0.86,0.0,0.7,0.7
OTOGL,12,80210871,NM_001378610.3:c.104T>G,NP_001365539.2:p.Leu35Trp,0.042,16.05,['Unknown%20significance'],165.96,0.86,0.0,0.3,0.3
OTOGL,12,80210873,NM_001378610.3:c.106A>G,NP_001365539.2:p.Met36Val,0.032,14.16,['Likely%20benign'],189.44,0.87,0.0,0.0,0.0
OTOGL,12,80210874,NM_001378610.3:c.107T>A,NP_001365539.2:p.Met36Lys,0.013,0.126,['Likely%20benign'],189.44,0.87,0.0,0.2,0.2
OTOGL,12,80210874,NM_001378610.3:c.107T>C,NP_001365539.2:p.Met36Thr,0.007,0.151,['Likely%20benign'],189.44,0.87,0.0,0.1,0.1
OTOGL,12,80210875,NM_001378610.3:c.108G>T,NP_001365539.2:p.Met36Ile,0.047,0.268,['Likely%20benign'],189.44,0.87,0.0,0.0,0.0
OTOGL,12,80210876,NM_001378610.3:c.109G>A,NP_001365539.2:p.Gly37Arg,0.034,0.632,['Likely%20benign'],55.57,0.58,0.0,-0.4,0.4
OTOGL,12,80210877,NM_001378610.3:c.110G>T,NP_001365539.2:p.Gly37Val,0.026,11.69,['Likely%20benign'],55.57,0.58,0.0,-0.5,0.5
OTOGL,12,80210879,NM_001378610.3:c.112A>G,NP_001365539.2:p.Thr38Ala,0.042,0.481,['Likely%20benign'],164.74,1.0,0.0,0.1,0.1
OTOGL,12,80210879,NM_001378610.3:c.112A>T,NP_001365539.2:p.Thr38Ser,0.024,0.188,['Likely%20benign'],164.74,1.0,0.0,0.1,0.1
OTOGL,12,80210880,NM_001378610.3:c.113C>A,NP_001365539.2:p.Thr38Lys,0.040,13.45,['Likely%20benign'],164.74,1.0,0.0,0.2,0.2
OTOGL,12,80210880,NM_001378610.3:c.113C>G,NP_001365539.2:p.Thr38Arg,0.017,8.599,['Likely%20benign'],164.74,1.0,0.0,0.1,0.1
OTOGL,12,80210880,NM_001378610.3:c.113C>T,NP_001365539.2:p.Thr38Ile,0.019,16.85,['Likely%20benign'],164.74,1.0,0.0,0.1,0.1
OTOGL,12,80210882,NM_001378610.3:c.115T>C,NP_001365539.2:p.Ser39Pro,0.020,10.40,['Unknown%20significance'],96.76,0.7,0.0,0.1,0.1
OTOGL,12,80210883,NM_001378610.3:c.116C>T,NP_001365539.2:p.Ser39Leu,0.028,20.7,['Likely%20benign'],96.76,0.7,0.0,-0.0,0.0
OTOGL,12,80210886,NM_001378610.3:c.119A>G,NP_001365539.2:p.Lys40Arg,0.014,4.766,['Likely%20benign'],223.96,0.94,0.0,-0.1,0.1
OTOGL,12,80211951,NM_001378610.3:c.122A>G,NP_001365539.2:p.Asn41Ser,0.070,21.0,['Likely%20benign'],112.65,0.7,0.0,0.2,0.2
OTOGL,12,80211952,NM_001378610.3:c.123C>A,NP_001365539.2:p.Asn41Lys,0.104,17.94,['Likely%20benign'],112.65,0.7,0.0,0.3,0.3
OTOGL,12,80211953,NM_001378610.3:c.124G>A,NP_001365539.2:p.Gly42Arg,0.014,22.6,['Unknown%20significance'],31.12,0.32,0.0,-0.8,0.8
OTOGL,12,80211953,NM_001378610.3:c.124G>C,NP_001365539.2:p.Gly42Arg,0.018,19.55,['Likely%20benign'],31.12,0.32,0.0,-0.8,0.8
OTOGL,12,80211953,NM_001378610.3:c.124G>T,NP_001365539.2:p.Gly42Trp,0.046,24.7,['Unknown%20significance'],31.12,0.32,0.0,-0.7,0.7
OTOGL,12,80211954,NM_001378610.3:c.125G>A,NP_001365539.2:p.Gly42Glu,0.034,14.66,['Likely%20benign'],31.12,0.32,0.0,-0.5,0.5
OTOGL,12,80211954,NM_001378610.3:c.125G>T,NP_001365539.2:p.Gly42Val,0.104,22.4,['Likely%20benign'],31.12,0.32,0.0,-0.3,0.3
OTOGL,12,80211956,NM_001378610.3:c.127T>C,NP_001365539.2:p.Phe43Leu,0.028,21.2,['Likely%20benign'],147.98,0.64,0.0,0.4,0.4
OTOGL,12,80211959,NM_001378610.3:c.130A>T,NP_001365539.2:p.Asn44Tyr,0.055,12.50,['Likely%20benign'],95.85,0.59,0.0,-0.3,0.3
OTOGL,12,80211961,NM_001378610.3:c.132T>A,NP_001365539.2:p.Asn44Lys,0.059,23.5,['Unknown%20significance'],95.85,0.59,0.0,0.3,0.3
OTOGL,12,80211962,NM_001378610.3:c.133G>A,NP_001365539.2:p.Glu45Lys,0.064,25.8,['Unknown%20significance'],103.64,0.53,0.0,0.2,0.2
OTOGL,12,80211963,NM_001378610.3:c.134A>G,NP_001365539.2:p.Glu45Gly,0.018,22.3,['Likely%20benign'],103.64,0.53,0.0,0.4,0.4
OTOGL,12,80211968,NM_001378610.3:c.139C>G,NP_001365539.2:p.Arg47Gly,0.047,23.8,['Likely%20benign'],164.72,0.61,0.0,0.7,0.7
OTOGL,12,80211969,NM_001378610.3:c.140G>A,NP_001365539.2:p.Arg47Gln,0.025,13.40,['Likely%20benign'],164.72,0.61,0.0,0.2,0.2
OTOGL,12,80211969,NM_001378610.3:c.140G>T,NP_001365539.2:p.Arg47Leu,0.032,16.44,['Likely%20benign'],164.72,0.61,0.0,0.1,0.1
OTOGL,12,80211971,NM_001378610.3:c.142C>A,NP_001365539.2:p.Gln48Lys,0.179,23.3,['Unknown%20significance'],127.43,0.64,0.0,0.5,0.5
OTOGL,12,80211972,NM_001378610.3:c.143A>G,NP_001365539.2:p.Gln48Arg,0.168,22.5,['Unknown%20significance'],127.43,0.64,0.0,0.0,0.0
OTOGL,12,80211973,NM_001378610.3:c.144G>T,NP_001365539.2:p.Gln48His,0.122,26.2,['Unknown%20significance'],127.43,0.64,0.0,0.1,0.1
OTOGL,12,80211974,NM_001378610.3:c.145A>C,NP_001365539.2:p.Lys49Gln,0.083,23.6,['Unknown%20significance'],112.32,0.47,0.0,-0.2,0.2
OTOGL,12,80211974,NM_001378610.3:c.145A>G,NP_001365539.2:p.Lys49Glu,0.144,25.4,['Unknown%20significance'],112.32,0.47,0.0,0.0,0.0
OTOGL,12,80211975,NM_001378610.3:c.146A>C,NP_001365539.2:p.Lys49Thr,0.096,24.8,['Likely%20benign'],112.32,0.47,0.0,-0.2,0.2
OTOGL,12,80211975,NM_001378610.3:c.146A>G,NP_001365539.2:p.Lys49Arg,0.029,21.6,['Likely%20benign'],112.32,0.47,0.0,-0.5,0.5
OTOGL,12,80211976,NM_001378610.3:c.147A>T,NP_001365539.2:p.Lys49Asn,0.067,27.9,['Unknown%20significance'],112.32,0.47,0.0,-0.1,0.1
OTOGL,12,80211977,NM_001378610.3:c.148A>G,NP_001365539.2:p.Arg50Gly,0.142,23.4,['Unknown%20significance'],52.69,0.19,0.0,0.9,0.9
OTOGL,12,80211978,NM_001378610.3:c.149G>A,NP_001365539.2:p.Arg50Lys,0.113,23.6,['Unknown%20significance'],52.69,0.19,0.0,0.8,0.8
OTOGL,12,80211978,NM_001378610.3:c.149G>T,NP_001365539.2:p.Arg50Ile,0.224,25.7,['Unknown%20significance'],52.69,0.19,0.0,0.4,0.4
OTOGL,12,80211980,NM_001378610.3:c.151G>A,NP_001365539.2:p.Ala51Thr,0.044,22.5,['Likely%20benign'],63.58,0.5,0.0,-0.1,0.1
OTOGL,12,80211980,NM_001378610.3:c.151G>T,NP_001365539.2:p.Ala51Ser,0.033,20.9,['Likely%20benign'],63.58,0.5,0.0,-0.0,0.0
OTOGL,12,80211981,NM_001378610.3:c.152C>A,NP_001365539.2:p.Ala51Asp,0.020,16.08,['Likely%20benign'],63.58,0.5,0.0,-0.2,0.2
OTOGL,12,80211981,NM_001378610.3:c.152C>G,NP_001365539.2:p.Ala51Gly,0.040,15.79,['Likely%20benign'],63.58,0.5,0.0,0.3,0.3
OTOGL,12,80211981,NM_001378610.3:c.152C>T,NP_001365539.2:p.Ala51Val,0.030,18.13,['Unknown%20significance'],63.58,0.5,0.0,-0.2,0.2
OTOGL,12,80211983,NM_001378610.3:c.154C>A,NP_001365539.2:p.Leu52Ile,0.050,25.1,['Unknown%20significance'],128.68,0.66,0.0,0.3,0.3
OTOGL,12,80211983,NM_001378610.3:c.154C>G,NP_001365539.2:p.Leu52Val,0.042,24.6,['Unknown%20significance'],128.68,0.66,0.0,0.4,0.4
OTOGL,12,80211986,NM_001378610.3:c.157T>A,NP_001365539.2:p.Leu53Ile,0.034,22.2,['Likely%20benign'],88.23,0.45,0.0,0.2,0.2
OTOGL,12,80211987,NM_001378610.3:c.158T>C,NP_001365539.2:p.Leu53Ser,0.150,27.3,['Unknown%20significance'],88.23,0.45,0.0,1.3,1.3
OTOGL,12,80211989,NM_001378610.3:c.160G>A,NP_001365539.2:p.Ala54Thr,0.008,20.7,['Likely%20benign'],17.27,0.13,0.0,0.2,0.2
OTOGL,12,80211989,NM_001378610.3:c.160G>C,NP_001365539.2:p.Ala54Pro,0.105,23.3,['Unknown%20significance'],17.27,0.13,0.0,0.9,0.9
OTOGL,12,80211989,NM_001378610.3:c.160G>T,NP_001365539.2:p.Ala54Ser,0.019,21.5,['Unknown%20significance'],17.27,0.13,0.0,0.5,0.5
OTOGL,12,80211990,NM_001378610.3:c.161C>A,NP_001365539.2:p.Ala54Glu,0.044,22.8,['Unknown%20significance'],17.27,0.13,0.0,1.1,1.1
OTOGL,12,80211990,NM_001378610.3:c.161C>G,NP_001365539.2:p.Ala54Gly,0.043,18.98,['Likely%20benign'],17.27,0.13,0.0,1.3,1.3
OTOGL,12,80211990,NM_001378610.3:c.161C>T,NP_001365539.2:p.Ala54Val,0.033,23.2,['Unknown%20significance'],17.27,0.13,0.0,-0.5,0.5
OTOGL,12,80211992,NM_001378610.3:c.163G>A,NP_001365539.2:p.Ala55Thr,0.040,20.3,['Unknown%20significance'],55.28,0.43,0.0,0.2,0.2
OTOGL,12,80211992,NM_001378610.3:c.163G>T,NP_001365539.2:p.Ala55Ser,0.051,18.91,['Unknown%20significance'],55.28,0.43,0.0,0.3,0.3
OTOGL,12,80211993,NM_001378610.3:c.164C>A,NP_001365539.2:p.Ala55Glu,0.109,17.26,['Likely%20benign'],55.28,0.43,0.0,0.6,0.6
OTOGL,12,80211993,NM_001378610.3:c.164C>T,NP_001365539.2:p.Ala55Val,0.030,18.27,['Likely%20benign'],55.28,0.43,0.0,-0.0,0.0
OTOGL,12,80211995,NM_001378610.3:c.166C>A,NP_001365539.2:p.Gln56Lys,0.092,22.8,['Likely%20benign'],119.55,0.6,0.0,0.4,0.4
OTOGL,12,80211996,NM_001378610.3:c.167A>G,NP_001365539.2:p.Gln56Arg,0.059,25.3,['Unknown%20significance'],119.55,0.6,0.0,0.0,0.0
OTOGL,12,80211996,NM_001378610.3:c.167A>T,NP_001365539.2:p.Gln56Leu,0.053,24.6,['Unknown%20significance'],119.55,0.6,0.0,-0.0,0.0
OTOGL,12,80211997,NM_001378610.3:c.168G>T,NP_001365539.2:p.Gln56His,0.076,36,['Unknown%20significance'],119.55,0.6,0.0,0.1,0.1
OTOGL,12,80217599,NM_001378610.3:c.170T>C,NP_001365539.2:p.Phe57Ser,0.027,21.2,['Likely%20benign'],54.64,0.23,0.0,0.8,0.8
OTOGL,12,80217601,NM_001378610.3:c.172G>A,NP_001365539.2:p.Glu58Lys,0.072,25.2,['Likely%20benign'],84.94,0.43,0.0,-0.1,0.1
OTOGL,12,80217601,NM_001378610.3:c.172G>C,NP_001365539.2:p.Glu58Gln,0.008,21.3,['Likely%20benign'],84.94,0.43,0.0,-0.3,0.3
OTOGL,12,80217602,NM_001378610.3:c.173A>G,NP_001365539.2:p.Glu58Gly,0.068,22.9,['Likely%20benign'],84.94,0.43,0.0,0.3,0.3
OTOGL,12,80217603,NM_001378610.3:c.174A>T,NP_001365539.2:p.Glu58Asp,0.010,22.3,['Unknown%20significance'],84.94,0.43,0.0,-0.0,0.0
OTOGL,12,80217604,NM_001378610.3:c.175G>A,NP_001365539.2:p.Ala59Thr,0.084,22.8,['Likely%20benign'],101.33,0.79,0.0,-0.2,0.2
OTOGL,12,80217604,NM_001378610.3:c.175G>T,NP_001365539.2:p.Ala59Ser,0.122,21.5,['Likely%20benign'],101.33,0.79,0.0,-0.0,0.0
OTOGL,12,80217605,NM_001378610.3:c.176C>A,NP_001365539.2:p.Ala59Asp,0.159,20.8,['Likely%20benign'],101.33,0.79,0.0,0.1,0.1
OTOGL,12,80217605,NM_001378610.3:c.176C>T,NP_001365539.2:p.Ala59Val,0.094,23.4,['Unknown%20significance'],101.33,0.79,0.0,-0.1,0.1
OTOGL,12,80217607,NM_001378610.3:c.178A>G,NP_001365539.2:p.Thr60Ala,0.045,19.24,['Likely%20benign'],116.66,0.74,0.0,0.2,0.2
OTOGL,12,80217607,NM_001378610.3:c.178A>T,NP_001365539.2:p.Thr60Ser,0.046,20.1,['Likely%20benign'],116.66,0.74,0.0,0.1,0.1
OTOGL,12,80217608,NM_001378610.3:c.179C>A,NP_001365539.2:p.Thr60Asn,0.031,22.7,['Unknown%20significance'],116.66,0.74,0.0,0.1,0.1
OTOGL,12,80217608,NM_001378610.3:c.179C>T,NP_001365539.2:p.Thr60Ile,0.048,21.5,['Unknown%20significance'],116.66,0.74,0.0,-0.1,0.1
OTOGL,12,80217610,NM_001378610.3:c.181T>C,NP_001365539.2:p.Ser61Pro,0.094,26.5,['Unknown%20significance'],35.28,0.25,0.0,0.5,0.5
OTOGL,12,80217611,NM_001378610.3:c.182C>A,NP_001365539.2:p.Ser61Tyr,0.128,25.7,['Unknown%20significance'],35.28,0.25,0.0,-0.4,0.4
OTOGL,12,80217611,NM_001378610.3:c.182C>G,NP_001365539.2:p.Ser61Cys,0.091,26.1,['Unknown%20significance'],35.28,0.25,0.0,0.1,0.1
OTOGL,12,80217613,NM_001378610.3:c.184C>A,NP_001365539.2:p.Pro62Thr,0.136,18.34,['Likely%20benign'],69.85,0.44,0.0,0.0,0.0
OTOGL,12,80217613,NM_001378610.3:c.184C>T,NP_001365539.2:p.Pro62Ser,0.069,14.28,['Likely%20benign'],69.85,0.44,0.0,0.2,0.2
OTOGL,12,80217614,NM_001378610.3:c.185C>A,NP_001365539.2:p.Pro62Gln,0.099,22.8,['Likely%20benign'],69.85,0.44,0.0,0.2,0.2
OTOGL,12,80217614,NM_001378610.3:c.185C>G,NP_001365539.2:p.Pro62Arg,0.125,21.9,['Unknown%20significance'],69.85,0.44,0.0,0.0,0.0
OTOGL,12,80217614,NM_001378610.3:c.185C>T,NP_001365539.2:p.Pro62Leu,0.128,24.3,['Unknown%20significance'],69.85,0.44,0.0,-0.3,0.3
OTOGL,12,80217616,NM_001378610.3:c.187A>G,NP_001365539.2:p.Arg63Gly,0.223,22.9,['Unknown%20significance'],147.13,0.54,0.0,0.7,0.7
OTOGL,12,80217617,NM_001378610.3:c.188G>C,NP_001365539.2:p.Arg63Thr,0.190,26.2,['Unknown%20significance'],147.13,0.54,0.0,0.1,0.1
OTOGL,12,80217617,NM_001378610.3:c.188G>T,NP_001365539.2:p.Arg63Ile,0.175,29.1,['Unknown%20significance'],147.13,0.54,0.0,-0.3,0.3
OTOGL,12,80217618,NM_001378610.3:c.189A>T,NP_001365539.2:p.Arg63Ser,0.176,23.8,['Likely%20benign'],147.13,0.54,0.0,0.3,0.3
OTOGL,12,80217619,NM_001378610.3:c.190T>C,NP_001365539.2:p.Tyr64His,0.070,23.3,['Unknown%20significance'],199.69,0.83,0.0,0.3,0.3
OTOGL,12,80217620,NM_001378610.3:c.191A>G,NP_001365539.2:p.Tyr64Cys,0.105,24.1,['Unknown%20significance'],199.69,0.83,0.0,0.4,0.4
OTOGL,12,80217622,NM_001378610.3:c.193T>C,NP_001365539.2:p.Phe65Leu,0.121,21.4,['Likely%20benign'],161.01,0.7,0.0,0.2,0.2
OTOGL,12,80217624,NM_001378610.3:c.195T>A,NP_001365539.2:p.Phe65Leu,0.156,18.01,['Likely%20benign'],161.01,0.7,0.0,0.2,0.2
OTOGL,12,80217625,NM_001378610.3:c.196T>C,NP_001365539.2:p.Phe66Leu,0.088,20.5,['Likely%20benign'],68.13,0.29,0.0,-0.1,0.1
OTOGL,12,80217626,NM_001378610.3:c.197T>C,NP_001365539.2:p.Phe66Ser,0.136,22.9,['Unknown%20significance'],68.13,0.29,0.0,1.7,1.7
OTOGL,12,80217627,NM_001378610.3:c.198C>A,NP_001365539.2:p.Phe66Leu,0.072,17.93,['Likely%20benign'],68.13,0.29,0.0,-0.1,0.1
OTOGL,12,80217628,NM_001378610.3:c.199C>A,NP_001365539.2:p.His67Asn,0.217,20.8,['Unknown%20significance'],150.35,0.73,0.0,0.2,0.2
OTOGL,12,80217628,NM_001378610.3:c.199C>T,NP_001365539.2:p.His67Tyr,0.176,23.0,['Unknown%20significance'],150.35,0.73,0.0,-0.2,0.2
OTOGL,12,80217629,NM_001378610.3:c.200A>G,NP_001365539.2:p.His67Arg,0.104,22.9,['Unknown%20significance'],150.35,0.73,0.0,0.1,0.1
OTOGL,12,80217630,NM_001378610.3:c.201T>A,NP_001365539.2:p.His67Gln,0.140,23.8,['Likely%20benign'],150.35,0.73,0.0,0.2,0.2
OTOGL,12,80217631,NM_001378610.3:c.202G>A,NP_001365539.2:p.Asp68Asn,0.049,22.8,['Unknown%20significance'],100.84,0.63,0.0,-0.0,0.0
OTOGL,12,80217631,NM_001378610.3:c.202G>T,NP_001365539.2:p.Asp68Tyr,0.045,24.6,['Unknown%20significance'],100.84,0.63,0.0,-0.4,0.4
OTOGL,12,80217632,NM_001378610.3:c.203A>C,NP_001365539.2:p.Asp68Ala,0.084,22.1,['Likely%20benign'],100.84,0.63,0.0,-0.1,0.1
OTOGL,12,80217632,NM_001378610.3:c.203A>G,NP_001365539.2:p.Asp68Gly,0.159,22.1,['Likely%20benign'],100.84,0.63,0.0,0.2,0.2
OTOGL,12,80217632,NM_001378610.3:c.203A>T,NP_001365539.2:p.Asp68Val,0.080,23.2,['Unknown%20significance'],100.84,0.63,0.0,-0.3,0.3
OTOGL,12,80217634,NM_001378610.3:c.205G>A,NP_001365539.2:p.Ala69Thr,0.042,22.6,['Likely%20benign'],51.5,0.4,0.0,-0.1,0.1
OTOGL,12,80217634,NM_001378610.3:c.205G>C,NP_001365539.2:p.Ala69Pro,0.088,22.5,['Unknown%20significance'],51.5,0.4,0.0,0.1,0.1
OTOGL,12,80217634,NM_001378610.3:c.205G>T,NP_001365539.2:p.Ala69Ser,0.058,22.0,['Likely%20benign'],51.5,0.4,0.0,0.1,0.1
OTOGL,12,80217635,NM_001378610.3:c.206C>A,NP_001365539.2:p.Ala69Asp,0.098,18.82,['Likely%20benign'],51.5,0.4,0.0,0.2,0.2
OTOGL,12,80217635,NM_001378610.3:c.206C>T,NP_001365539.2:p.Ala69Val,0.045,20.4,['Unknown%20significance'],51.5,0.4,0.0,-0.3,0.3
OTOGL,12,80217637,NM_001378610.3:c.208A>G,NP_001365539.2:p.Ile70Val,0.045,15.39,['Likely%20benign'],49.39,0.25,0.0,0.4,0.4
OTOGL,12,80217638,NM_001378610.3:c.209T>C,NP_001365539.2:p.Ile70Thr,0.107,21.9,['Unknown%20significance'],49.39,0.25,0.0,1.0,1.0
OTOGL,12,80217640,NM_001378610.3:c.211A>G,NP_001365539.2:p.Asn71Asp,0.028,19.76,['Likely%20benign'],85.87,0.53,0.0,0.1,0.1
OTOGL,12,80217640,NM_001378610.3:c.211A>T,NP_001365539.2:p.Asn71Tyr,0.032,17.62,['Likely%20benign'],85.87,0.53,0.0,-0.5,0.5
OTOGL,12,80217641,NM_001378610.3:c.212A>G,NP_001365539.2:p.Asn71Ser,0.027,18.01,['Likely%20benign'],85.87,0.53,0.0,0.1,0.1
OTOGL,12,80217641,NM_001378610.3:c.212A>T,NP_001365539.2:p.Asn71Ile,0.040,19.80,['Likely%20benign'],85.87,0.53,0.0,-0.5,0.5
OTOGL,12,80217643,NM_001378610.3:c.214T>A,NP_001365539.2:p.Trp72Arg,0.185,23.3,['Likely%20benign'],19.22,0.07,0.0,1.4,1.4
OTOGL,12,80217643,NM_001378610.3:c.214T>C,NP_001365539.2:p.Trp72Arg,0.185,22.9,['Unknown%20significance'],19.22,0.07,0.0,1.4,1.4
OTOGL,12,80217644,NM_001378610.3:c.215G>T,NP_001365539.2:p.Trp72Leu,0.138,22.5,['Likely%20benign'],19.22,0.07,0.0,1.1,1.1
OTOGL,12,80217645,NM_001378610.3:c.216G>C,NP_001365539.2:p.Trp72Cys,0.134,28.2,['Unknown%20significance'],19.22,0.07,0.0,2.2,2.2
OTOGL,12,80217645,NM_001378610.3:c.216G>T,NP_001365539.2:p.Trp72Cys,0.182,27.8,['Unknown%20significance'],19.22,0.07,0.0,2.2,2.2
OTOGL,12,80217646,NM_001378610.3:c.217G>A,NP_001365539.2:p.Gly73Ser,0.164,22.2,['Unknown%20significance'],23.04,0.24,0.0,0.2,0.2
OTOGL,12,80217646,NM_001378610.3:c.217G>T,NP_001365539.2:p.Gly73Cys,0.203,26.0,['Unknown%20significance'],23.04,0.24,0.0,0.4,0.4
OTOGL,12,80217647,NM_001378610.3:c.218G>A,NP_001365539.2:p.Gly73Asp,0.213,22.3,['Unknown%20significance'],23.04,0.24,0.0,0.5,0.5
OTOGL,12,80217647,NM_001378610.3:c.218G>T,NP_001365539.2:p.Gly73Val,0.199,22.0,['Unknown%20significance'],23.04,0.24,0.0,0.0,0.0
OTOGL,12,80217649,NM_001378610.3:c.220G>A,NP_001365539.2:p.Glu74Lys,0.083,24.7,['Unknown%20significance'],130.87,0.67,0.0,0.0,0.0
OTOGL,12,80217650,NM_001378610.3:c.221A>G,NP_001365539.2:p.Glu74Gly,0.105,23.9,['Likely%20benign'],130.87,0.67,0.0,0.4,0.4
OTOGL,12,80217650,NM_001378610.3:c.221A>T,NP_001365539.2:p.Glu74Val,0.122,24.2,['Unknown%20significance'],130.87,0.67,0.0,-0.1,0.1
OTOGL,12,80217651,NM_001378610.3:c.222G>C,NP_001365539.2:p.Glu74Asp,0.020,14.85,['Likely%20benign'],130.87,0.67,0.0,0.1,0.1
OTOGL,12,80217651,NM_001378610.3:c.222G>T,NP_001365539.2:p.Glu74Asp,0.025,16.40,['Likely%20benign'],130.87,0.67,0.0,0.1,0.1
OTOGL,12,80217652,NM_001378610.3:c.223A>G,NP_001365539.2:p.Ser75Gly,0.100,24.8,['Unknown%20significance'],96.86,0.7,0.0,0.4,0.4
OTOGL,12,80217652,NM_001378610.3:c.223A>T,NP_001365539.2:p.Ser75Cys,0.157,33,['Unknown%20significance'],96.86,0.7,0.0,0.0,0.0
OTOGL,12,80217653,NM_001378610.3:c.224G>A,NP_001365539.2:p.Ser75Asn,0.055,21.7,['Likely%20benign'],96.86,0.7,0.0,0.1,0.1
OTOGL,12,80217653,NM_001378610.3:c.224G>T,NP_001365539.2:p.Ser75Ile,0.173,23.5,['Unknown%20significance'],96.86,0.7,0.0,-0.1,0.1
OTOGL,12,80217654,NM_001378610.3:c.225C>A,NP_001365539.2:p.Ser75Arg,0.147,17.65,['Likely%20benign'],96.86,0.7,0.0,-0.2,0.2
OTOGL,12,80217655,NM_001378610.3:c.226A>G,NP_001365539.2:p.Lys76Glu,0.135,22.5,['Likely%20benign'],145.24,0.61,0.0,0.1,0.1
OTOGL,12,80217656,NM_001378610.3:c.227A>G,NP_001365539.2:p.Lys76Arg,0.069,21.0,['Likely%20benign'],145.24,0.61,0.0,-0.4,0.4
OTOGL,12,80217659,NM_001378610.3:c.230T>C,NP_001365539.2:p.Ile77Thr,0.146,20.4,['Likely%20benign'],20.79,0.1,0.0,0.6,0.6
OTOGL,12,80217660,NM_001378610.3:c.231A>G,NP_001365539.2:p.Ile77Met,0.166,22.3,['Unknown%20significance'],20.79,0.1,0.0,0.2,0.2
OTOGL,12,80217661,NM_001378610.3:c.232A>G,NP_001365539.2:p.Lys78Glu,0.117,22.5,['Likely%20benign'],183.5,0.77,0.0,-0.0,0.0
OTOGL,12,80217662,NM_001378610.3:c.233A>C,NP_001365539.2:p.Lys78Thr,0.122,22.9,['Likely%20benign'],183.5,0.77,0.0,-0.1,0.1
OTOGL,12,80217662,NM_001378610.3:c.233A>G,NP_001365539.2:p.Lys78Arg,0.056,23.2,['Likely%20benign'],183.5,0.77,0.0,-0.2,0.2
OTOGL,12,80217662,NM_001378610.3:c.233A>T,NP_001365539.2:p.Lys78Ile,0.130,28.6,['Likely%20benign'],183.5,0.77,0.0,-0.2,0.2
OTOGL,12,80217663,NM_001378610.3:c.234A>T,NP_001365539.2:p.Lys78Asn,0.063,29.3,['Unknown%20significance'],183.5,0.77,0.0,-0.1,0.1
OTOGL,12,80217664,NM_001378610.3:c.235G>T,NP_001365539.2:p.Gly79Cys,0.214,36,['Unknown%20significance'],28.16,0.29,0.0,-0.9,0.9
OTOGL,12,80219814,NM_001378610.3:c.236G>A,NP_001365539.2:p.Gly79Asp,0.221,23.5,['Unknown%20significance'],28.16,0.29,0.0,0.2,0.2
OTOGL,12,80219814,NM_001378610.3:c.236G>T,NP_001365539.2:p.Gly79Val,0.228,26.5,['Unknown%20significance'],28.16,0.29,0.0,-0.5,0.5
OTOGL,12,80219817,NM_001378610.3:c.239C>A,NP_001365539.2:p.Ser80Tyr,0.070,22.8,['Unknown%20significance'],109.77,0.79,0.0,-0.3,0.3
OTOGL,12,80219817,NM_001378610.3:c.239C>G,NP_001365539.2:p.Ser80Cys,0.116,24.4,['Unknown%20significance'],109.77,0.79,0.0,-0.2,0.2
OTOGL,12,80219817,NM_001378610.3:c.239C>T,NP_001365539.2:p.Ser80Phe,0.098,23.2,['Unknown%20significance'],109.77,0.79,0.0,-0.2,0.2
OTOGL,12,80219819,NM_001378610.3:c.241T>C,NP_001365539.2:p.Cys81Arg,0.443,26.3,['Unknown%20significance'],30.89,0.19,0.0,3.0,3.0
OTOGL,12,80219820,NM_001378610.3:c.242G>A,NP_001365539.2:p.Cys81Tyr,0.484,26.2,['Unknown%20significance'],30.89,0.19,0.0,2.3,2.3
OTOGL,12,80219820,NM_001378610.3:c.242G>T,NP_001365539.2:p.Cys81Phe,0.501,26.6,['Unknown%20significance'],30.89,0.19,0.0,2.6,2.6
OTOGL,12,80219822,NM_001378610.3:c.244C>T,NP_001365539.2:p.Pro82Ser,0.059,19.12,['Likely%20benign'],120.1,0.76,0.0,-0.1,0.1
OTOGL,12,80219823,NM_001378610.3:c.245C>A,NP_001365539.2:p.Pro82His,0.099,22.9,['Unknown%20significance'],120.1,0.76,0.0,-0.2,0.2
OTOGL,12,80219823,NM_001378610.3:c.245C>T,NP_001365539.2:p.Pro82Leu,0.085,19.58,['Unknown%20significance'],120.1,0.76,0.0,-0.1,0.1
OTOGL,12,80219826,NM_001378610.3:c.248A>C,NP_001365539.2:p.Tyr83Ser,0.038,18.95,['Likely%20benign'],118.62,0.49,0.0,0.5,0.5
OTOGL,12,80219826,NM_001378610.3:c.248A>G,NP_001365539.2:p.Tyr83Cys,0.055,21.1,['Likely%20benign'],118.62,0.49,0.0,-0.1,0.1
OTOGL,12,80219826,NM_001378610.3:c.248A>T,NP_001365539.2:p.Tyr83Phe,0.054,14.23,['Likely%20benign'],118.62,0.49,0.0,0.1,0.1
OTOGL,12,80219829,NM_001378610.3:c.251A>G,NP_001365539.2:p.Glu84Gly,0.039,22.5,['Likely%20benign'],103.83,0.53,0.0,0.5,0.5
OTOGL,12,80219832,NM_001378610.3:c.254G>A,NP_001365539.2:p.Cys85Tyr,0.648,28.0,['Unknown%20significance'],14.93,0.09,0.0,2.3,2.3
OTOGL,12,80219834,NM_001378610.3:c.256C>G,NP_001365539.2:p.Leu86Val,0.262,24.4,['Unknown%20significance'],0.0,0.0,0.0,-0.1,0.1
OTOGL,12,80219835,NM_001378610.3:c.257T>A,NP_001365539.2:p.Leu86His,0.455,26.3,['Unknown%20significance'],0.0,0.0,0.0,0.9,0.9
OTOGL,12,80219835,NM_001378610.3:c.257T>G,NP_001365539.2:p.Leu86Arg,0.427,26.5,['Unknown%20significance'],0.0,0.0,0.0,0.6,0.6
OTOGL,12,80219838,NM_001378610.3:c.260A>G,NP_001365539.2:p.Asn87Ser,0.312,25.2,['Unknown%20significance'],0.0,0.0,0.0,0.4,0.4
OTOGL,12,80219839,NM_001378610.3:c.261T>G,NP_001365539.2:p.Asn87Lys,0.167,21.9,['Unknown%20significance'],0.0,0.0,0.0,1.0,1.0
OTOGL,12,80219840,NM_001378610.3:c.262G>A,NP_001365539.2:p.Gly88Arg,0.505,29.5,['Unknown%20significance'],0.0,0.0,0.0,0.4,0.4
OTOGL,12,80219841,NM_001378610.3:c.263G>A,NP_001365539.2:p.Gly88Glu,0.520,26.3,['Unknown%20significance'],0.0,0.0,0.0,1.4,1.4
OTOGL,12,80219843,NM_001378610.3:c.265G>A,NP_001365539.2:p.Ala89Thr,0.367,26.9,['Unknown%20significance'],3.25,0.02,0.0,0.1,0.1
OTOGL,12,80219844,NM_001378610.3:c.266C>A,NP_001365539.2:p.Ala89Asp,0.337,25.2,['Unknown%20significance'],3.25,0.02,0.0,1.0,1.0
OTOGL,12,80219850,NM_001378610.3:c.272G>C,NP_001365539.2:p.Cys91Ser,0.521,26.1,['Unknown%20significance'],30.56,0.19,0.0,4.0,4.0
OTOGL,12,80219850,NM_001378610.3:c.272G>T,NP_001365539.2:p.Cys91Phe,0.618,27.5,['Unknown%20significance'],30.56,0.19,0.0,2.9,2.9
OTOGL,12,80219852,NM_001378610.3:c.274T>C,NP_001365539.2:p.Ser92Pro,0.139,23.9,['Unknown%20significance'],21.03,0.15,0.0,0.1,0.1
OTOGL,12,80219853,NM_001378610.3:c.275C>A,NP_001365539.2:p.Ser92Tyr,0.133,23.2,['Unknown%20significance'],21.03,0.15,0.0,-1.4,1.4
OTOGL,12,80219855,NM_001378610.3:c.277A>G,NP_001365539.2:p.Lys93Glu,0.124,18.73,['Likely%20benign'],147.27,0.62,0.0,-0.0,0.0
OTOGL,12,80219856,NM_001378610.3:c.278A>G,NP_001365539.2:p.Lys93Arg,0.081,22.3,['Likely%20benign'],147.27,0.62,0.0,-0.3,0.3
OTOGL,12,80219859,NM_001378610.3:c.281C>A,NP_001365539.2:p.Thr94Asn,0.043,14.59,['Unknown%20significance'],131.63,0.83,0.0,0.1,0.1
OTOGL,12,80219859,NM_001378610.3:c.281C>T,NP_001365539.2:p.Thr94Ile,0.031,16.67,['Unknown%20significance'],131.63,0.83,0.0,0.0,0.0
OTOGL,12,80219861,NM_001378610.3:c.283G>A,NP_001365539.2:p.Gly95Arg,0.352,28.3,['Unknown%20significance'],18.75,0.19,0.0,-0.5,0.5
OTOGL,12,80219862,NM_001378610.3:c.284G>A,NP_001365539.2:p.Gly95Glu,0.379,23.5,['Unknown%20significance'],18.75,0.19,0.0,0.0,0.0
OTOGL,12,80219865,NM_001378610.3:c.287C>A,NP_001365539.2:p.Thr96Lys,0.119,14.62,['Likely%20benign'],64.23,0.4,0.0,0.3,0.3
OTOGL,12,80219865,NM_001378610.3:c.287C>T,NP_001365539.2:p.Thr96Ile,0.076,13.61,['Likely%20benign'],64.23,0.4,0.0,-0.3,0.3
OTOGL,12,80219867,NM_001378610.3:c.289T>A,NP_001365539.2:p.Cys97Ser,0.542,25.8,['Unknown%20significance'],4.18,0.02,0.0,4.3,4.3
OTOGL,12,80219869,NM_001378610.3:c.291T>G,NP_001365539.2:p.Cys97Trp,0.468,24.2,['Unknown%20significance'],4.18,0.02,0.0,2.6,2.6
OTOGL,12,80219871,NM_001378610.3:c.293A>C,NP_001365539.2:p.Asp98Ala,0.511,27.1,['Unknown%20significance'],21.51,0.13,0.0,-0.3,0.3
OTOGL,12,80219871,NM_001378610.3:c.293A>G,NP_001365539.2:p.Asp98Gly,0.440,26.9,['Unknown%20significance'],21.51,0.13,0.0,0.6,0.6
OTOGL,12,80219872,NM_001378610.3:c.294C>A,NP_001365539.2:p.Asp98Glu,0.169,23.4,['Unknown%20significance'],21.51,0.13,0.0,-0.0,0.0
OTOGL,12,80219873,NM_001378610.3:c.295T>A,NP_001365539.2:p.Cys99Ser,0.657,25.9,['Unknown%20significance'],41.33,0.26,0.0,3.4,3.4
OTOGL,12,80219874,NM_001378610.3:c.296G>A,NP_001365539.2:p.Cys99Tyr,0.634,26.9,['Unknown%20significance'],41.33,0.26,0.0,2.3,2.3
OTOGL,12,80219876,NM_001378610.3:c.298C>A,NP_001365539.2:p.Gln100Lys,0.079,19.92,['Unknown%20significance'],165.87,0.83,0.0,0.2,0.2
OTOGL,12,80219878,NM_001378610.3:c.300A>C,NP_001365539.2:p.Gln100His,0.127,23.8,['Unknown%20significance'],165.87,0.83,0.0,-0.1,0.1
OTOGL,12,80219879,NM_001378610.3:c.301A>G,NP_001365539.2:p.Ile101Val,0.053,18.18,['Likely%20benign'],13.12,0.06,0.0,0.1,0.1
OTOGL,12,80219881,NM_001378610.3:c.303A>G,NP_001365539.2:p.Ile101Met,0.052,19.89,['Likely%20benign'],13.12,0.06,0.0,0.0,0.0
OTOGL,12,80219885,NM_001378610.3:c.307C>A,NP_001365539.2:p.Gln103Lys,0.282,24.6,['Unknown%20significance'],83.19,0.42,0.0,0.4,0.4
OTOGL,12,80219886,NM_001378610.3:c.308A>C,NP_001365539.2:p.Gln103Pro,0.376,26.0,['Unknown%20significance'],83.19,0.42,0.0,0.5,0.5
OTOGL,12,80219886,NM_001378610.3:c.308A>G,NP_001365539.2:p.Gln103Arg,0.295,25.1,['Unknown%20significance'],83.19,0.42,0.0,-0.2,0.2
OTOGL,12,80219888,NM_001378610.3:c.310G>A,NP_001365539.2:p.Ala104Thr,0.369,26.6,['Unknown%20significance'],5.5,0.04,0.0,-0.1,0.1
OTOGL,12,80219889,NM_001378610.3:c.311C>A,NP_001365539.2:p.Ala104Asp,0.405,25.0,['Unknown%20significance'],5.5,0.04,0.0,0.5,0.5
OTOGL,12,80219891,NM_001378610.3:c.313C>A,NP_001365539.2:p.Leu105Ile,0.064,20.5,['Likely%20benign'],100.19,0.51,0.0,0.0,0.0
OTOGL,12,80219891,NM_001378610.3:c.313C>G,NP_001365539.2:p.Leu105Val,0.048,19.15,['Likely%20benign'],100.19,0.51,0.0,0.1,0.1
OTOGL,12,80219892,NM_001378610.3:c.314T>C,NP_001365539.2:p.Leu105Pro,0.186,24.1,['Unknown%20significance'],100.19,0.51,0.0,0.3,0.3
OTOGL,12,80219894,NM_001378610.3:c.316G>T,NP_001365539.2:p.Gly106Trp,0.609,29.8,['Unknown%20significance'],21.48,0.22,0.0,-0.6,0.6
OTOGL,12,80219895,NM_001378610.3:c.317G>A,NP_001365539.2:p.Gly106Glu,0.570,27.1,['Unknown%20significance'],21.48,0.22,0.0,0.4,0.4
OTOGL,12,80219897,NM_001378610.3:c.319A>G,NP_001365539.2:p.Thr107Ala,0.117,22.4,['Unknown%20significance'],104.0,0.66,0.0,0.1,0.1
OTOGL,12,80219898,NM_001378610.3:c.320C>A,NP_001365539.2:p.Thr107Lys,0.073,21.8,['Likely%20benign'],104.0,0.66,0.0,0.2,0.2
OTOGL,12,80219898,NM_001378610.3:c.320C>T,NP_001365539.2:p.Thr107Ile,0.089,23.5,['Unknown%20significance'],104.0,0.66,0.0,-0.1,0.1
OTOGL,12,80219900,NM_001378610.3:c.322A>G,NP_001365539.2:p.Arg108Gly,0.345,24.8,['Unknown%20significance'],17.04,0.06,0.0,2.1,2.1
OTOGL,12,80219901,NM_001378610.3:c.323G>A,NP_001365539.2:p.Arg108Lys,0.293,27.9,['Unknown%20significance'],17.04,0.06,0.0,0.9,0.9
OTOGL,12,80219902,NM_001378610.3:c.324A>T,NP_001365539.2:p.Arg108Ser,0.406,24.6,['Unknown%20significance'],17.04,0.06,0.0,1.0,1.0
OTOGL,12,80219903,NM_001378610.3:c.325T>A,NP_001365539.2:p.Cys109Ser,0.528,26.4,['Unknown%20significance'],0.0,0.0,0.0,3.6,3.6
OTOGL,12,80219903,NM_001378610.3:c.325T>C,NP_001365539.2:p.Cys109Arg,0.629,27.7,['Unknown%20significance'],0.0,0.0,0.0,3.1,3.1
OTOGL,12,80219904,NM_001378610.3:c.326G>A,NP_001365539.2:p.Cys109Tyr,0.603,27.1,['Unknown%20significance'],0.0,0.0,0.0,1.8,1.8
OTOGL,12,80219905,NM_001378610.3:c.327C>G,NP_001365539.2:p.Cys109Trp,0.496,25.1,['Unknown%20significance'],0.0,0.0,0.0,1.8,1.8
OTOGL,12,80219906,NM_001378610.3:c.328C>A,NP_001365539.2:p.Gln110Lys,0.330,24.7,['Unknown%20significance'],11.36,0.05,0.0,0.9,0.9
OTOGL,12,80219907,NM_001378610.3:c.329A>G,NP_001365539.2:p.Gln110Arg,0.344,25.7,['Unknown%20significance'],11.36,0.05,0.0,-0.1,0.1
OTOGL,12,80219907,NM_001378610.3:c.329A>T,NP_001365539.2:p.Gln110Leu,0.468,26.5,['Unknown%20significance'],11.36,0.05,0.0,-0.5,0.5
OTOGL,12,80219908,NM_001378610.3:c.330G>C,NP_001365539.2:p.Gln110His,0.258,24.0,['Unknown%20significance'],11.36,0.05,0.0,-0.0,0.0
OTOGL,12,80222093,NM_001378610.3:c.337C>T,NP_001365539.2:p.Pro113Ser,0.160,22.8,['Unknown%20significance'],11.72,0.07,0.0,-0.1,0.1
OTOGL,12,80222094,NM_001378610.3:c.338C>A,NP_001365539.2:p.Pro113Gln,0.178,23.5,['Unknown%20significance'],11.72,0.07,0.0,-0.3,0.3
OTOGL,12,80222094,NM_001378610.3:c.338C>G,NP_001365539.2:p.Pro113Arg,0.344,23.5,['Unknown%20significance'],11.72,0.07,0.0,-0.7,0.7
OTOGL,12,80222096,NM_001378610.3:c.340A>T,NP_001365539.2:p.Asn114Tyr,0.520,26.8,['Unknown%20significance'],0.0,0.0,0.0,-1.4,1.4
OTOGL,12,80222097,NM_001378610.3:c.341A>G,NP_001365539.2:p.Asn114Ser,0.366,25.1,['Unknown%20significance'],0.0,0.0,0.0,0.3,0.3
OTOGL,12,80222099,NM_001378610.3:c.343A>C,NP_001365539.2:p.Met115Leu,0.044,20.1,['Benign'],124.05,0.57,0.0,0.1,0.1
OTOGL,12,80222100,NM_001378610.3:c.344T>C,NP_001365539.2:p.Met115Thr,0.151,16.38,['Likely%20benign'],124.05,0.57,0.0,0.1,0.1
OTOGL,12,80222101,NM_001378610.3:c.345G>T,NP_001365539.2:p.Met115Ile,0.036,23.0,['Unknown%20significance'],124.05,0.57,0.0,0.0,0.0
OTOGL,12,80222102,NM_001378610.3:c.346G>A,NP_001365539.2:p.Gly116Ser,0.421,27.6,['Unknown%20significance'],2.59,0.02,0.0,-0.5,0.5
OTOGL,12,80222102,NM_001378610.3:c.346G>C,NP_001365539.2:p.Gly116Arg,0.483,28.0,['Unknown%20significance'],2.59,0.02,0.0,-1.1,1.1
OTOGL,12,80222106,NM_001378610.3:c.350A>G,NP_001365539.2:p.Asn117Ser,0.055,8.838,['Likely%20benign'],100.94,0.63,0.0,-0.0,0.0
OTOGL,12,80222108,NM_001378610.3:c.352G>A,NP_001365539.2:p.Gly118Ser,0.091,23.0,['Likely%20benign'],0.67,0.0,0.0,-0.8,0.8
OTOGL,12,80222109,NM_001378610.3:c.353G>A,NP_001365539.2:p.Gly118Asp,0.095,18.63,['Unknown%20significance'],0.67,0.0,0.0,-0.5,0.5
OTOGL,12,80222111,NM_001378610.3:c.355A>G,NP_001365539.2:p.Arg119Gly,0.474,27.2,['Unknown%20significance'],73.18,0.27,0.0,1.1,1.1
OTOGL,12,80222112,NM_001378610.3:c.356G>A,NP_001365539.2:p.Arg119Lys,0.306,26.4,['Unknown%20significance'],73.18,0.27,0.0,0.7,0.7
OTOGL,12,80222113,NM_001378610.3:c.357A>C,NP_001365539.2:p.Arg119Ser,0.344,24.5,['Unknown%20significance'],73.18,0.27,0.0,0.5,0.5
OTOGL,12,80222115,NM_001378610.3:c.359A>G,NP_001365539.2:p.Asp120Gly,0.241,23.8,['Unknown%20significance'],74.18,0.46,0.0,0.3,0.3
OTOGL,12,80222118,NM_001378610.3:c.362G>T,NP_001365539.2:p.Gly121Val,0.611,26.6,['Unknown%20significance'],2.18,0.02,0.0,-1.2,1.2
OTOGL,12,80222120,NM_001378610.3:c.364A>G,NP_001365539.2:p.Ile122Val,0.108,21.9,['Unknown%20significance'],0.0,0.0,0.0,0.1,0.1
OTOGL,12,80222120,NM_001378610.3:c.364A>T,NP_001365539.2:p.Ile122Phe,0.287,26.3,['Unknown%20significance'],0.0,0.0,0.0,0.2,0.2
OTOGL,12,80222124,NM_001378610.3:c.368G>T,NP_001365539.2:p.Cys123Phe,0.868,28.0,['Unknown%20significance'],0.0,0.0,0.0,2.7,2.7
OTOGL,12,80222132,NM_001378610.3:c.376T>C,NP_001365539.2:p.Trp126Arg,0.756,28.7,['Unknown%20significance'],0.01,0.0,0.0,2.1,2.1
OTOGL,12,80222135,NM_001378610.3:c.379G>A,NP_001365539.2:p.Gly127Arg,0.699,28.2,['Unknown%20significance'],0.0,0.0,0.0,0.5,0.5
OTOGL,12,80222136,NM_001378610.3:c.380G>A,NP_001365539.2:p.Gly127Glu,0.760,27.1,['Unknown%20significance'],0.0,0.0,0.0,1.7,1.7
OTOGL,12,80222140,NM_001378610.3:c.384G>C,NP_001365539.2:p.Gln128His,0.408,23.4,['Unknown%20significance'],0.0,0.0,0.0,-0.4,0.4
OTOGL,12,80222144,NM_001378610.3:c.388C>A,NP_001365539.2:p.His130Asn,0.346,20.5,['Unknown%20significance'],0.0,0.0,0.0,2.1,2.1
OTOGL,12,80222145,NM_001378610.3:c.389A>G,NP_001365539.2:p.His130Arg,0.622,25.5,['Unknown%20significance'],0.0,0.0,0.0,1.2,1.2
OTOGL,12,80222146,NM_001378610.3:c.390T>A,NP_001365539.2:p.His130Gln,0.513,22.6,['Unknown%20significance'],0.0,0.0,0.0,1.7,1.7
OTOGL,12,80222149,NM_001378610.3:c.393T>G,NP_001365539.2:p.Phe131Leu,0.375,24.7,['Unknown%20significance'],0.0,0.0,0.0,1.2,1.2
OTOGL,12,80222154,NM_001378610.3:c.398C>T,NP_001365539.2:p.Thr133Ile,0.892,25.3,['Unknown%20significance'],0.0,0.0,0.0,-0.1,0.1
OTOGL,12,80222156,NM_001378610.3:c.400T>C,NP_001365539.2:p.Phe134Leu,0.843,27.7,['Unknown%20significance'],0.0,0.0,0.0,2.3,2.3
OTOGL,12,80222157,NM_001378610.3:c.401T>C,NP_001365539.2:p.Phe134Ser,0.943,29.1,['Unknown%20significance'],0.0,0.0,0.0,5.1,5.1
OTOGL,12,80222158,NM_001378610.3:c.402C>A,NP_001365539.2:p.Phe134Leu,0.791,24.6,['Unknown%20significance'],0.0,0.0,0.0,2.3,2.3
OTOGL,12,80222159,NM_001378610.3:c.403G>A,NP_001365539.2:p.Asp135Asn,0.701,28.9,['Unknown%20significance'],0.78,0.0,0.0,0.4,0.4
OTOGL,12,80222159,NM_001378610.3:c.403G>T,NP_001365539.2:p.Asp135Tyr,0.887,28.8,['Unknown%20significance'],0.78,0.0,0.0,-0.0,0.0
OTOGL,12,80222160,NM_001378610.3:c.404A>G,NP_001365539.2:p.Asp135Gly,0.861,27.8,['Unknown%20significance'],0.78,0.0,0.0,2.1,2.1
OTOGL,12,80222161,NM_001378610.3:c.405T>A,NP_001365539.2:p.Asp135Glu,0.763,22.9,['Unknown%20significance'],0.78,0.0,0.0,0.8,0.8
OTOGL,12,80222162,NM_001378610.3:c.406G>A,NP_001365539.2:p.Gly136Ser,0.703,29.1,['Unknown%20significance'],0.0,0.0,0.0,0.6,0.6
OTOGL,12,80222163,NM_001378610.3:c.407G>A,NP_001365539.2:p.Gly136Asp,0.756,27.5,['Unknown%20significance'],0.0,0.0,0.0,1.1,1.1
OTOGL,12,80222166,NM_001378610.3:c.410T>C,NP_001365539.2:p.Ile137Thr,0.414,24.1,['Unknown%20significance'],2.49,0.01,0.0,0.8,0.8
OTOGL,12,80222168,NM_001378610.3:c.412T>C,NP_001365539.2:p.Tyr138His,0.571,27.6,['Unknown%20significance'],0.0,0.0,0.0,1.4,1.4
OTOGL,12,80222168,NM_001378610.3:c.412T>G,NP_001365539.2:p.Tyr138Asp,0.696,27.9,['Unknown%20significance'],0.0,0.0,0.0,2.6,2.6
OTOGL,12,80222169,NM_001378610.3:c.413A>C,NP_001365539.2:p.Tyr138Ser,0.682,27.7,['Unknown%20significance'],0.0,0.0,0.0,2.4,2.4
OTOGL,12,80222169,NM_001378610.3:c.413A>G,NP_001365539.2:p.Tyr138Cys,0.693,28.3,['Unknown%20significance'],0.0,0.0,0.0,2.0,2.0
OTOGL,12,80222171,NM_001378610.3:c.415T>A,NP_001365539.2:p.Tyr139Asn,0.837,27.8,['Unknown%20significance'],0.0,0.0,0.0,4.4,4.4
OTOGL,12,80222171,NM_001378610.3:c.415T>C,NP_001365539.2:p.Tyr139His,0.703,27.6,['Unknown%20significance'],0.0,0.0,0.0,2.7,2.7
OTOGL,12,80222172,NM_001378610.3:c.416A>G,NP_001365539.2:p.Tyr139Cys,0.745,26.9,['Unknown%20significance'],0.0,0.0,0.0,3.5,3.5
OTOGL,12,80222178,NM_001378610.3:c.422T>C,NP_001365539.2:p.Phe141Ser,0.507,27.9,['Unknown%20significance'],0.0,0.0,0.0,4.5,4.5
OTOGL,12,80222179,NM_001378610.3:c.423C>A,NP_001365539.2:p.Phe141Leu,0.302,18.60,['Unknown%20significance'],0.0,0.0,0.0,1.8,1.8
OTOGL,12,80222179,NM_001378610.3:c.423C>G,NP_001365539.2:p.Phe141Leu,0.302,18.51,['Unknown%20significance'],0.0,0.0,0.0,1.8,1.8
OTOGL,12,80222180,NM_001378610.3:c.424C>A,NP_001365539.2:p.Pro142Thr,0.403,25.0,['Unknown%20significance'],24.96,0.15,0.0,-0.2,0.2
OTOGL,12,80222180,NM_001378610.3:c.424C>T,NP_001365539.2:p.Pro142Ser,0.351,23.1,['Unknown%20significance'],24.96,0.15,0.0,0.0,0.0
OTOGL,12,80222181,NM_001378610.3:c.425C>A,NP_001365539.2:p.Pro142Gln,0.348,25.5,['Unknown%20significance'],24.96,0.15,0.0,-0.4,0.4
OTOGL,12,80222187,NM_001378610.3:c.431A>G,NP_001365539.2:p.Asn144Ser,0.049,16.51,['Likely%20benign'],38.86,0.24,0.0,0.1,0.1
OTOGL,12,80222189,NM_001378610.3:c.433T>C,NP_001365539.2:p.Cys145Arg,0.743,28.2,['Unknown%20significance'],3.99,0.02,0.0,3.0,3.0
OTOGL,12,80222195,NM_001378610.3:c.439T>C,NP_001365539.2:p.Tyr147His,0.830,27.3,['Unknown%20significance'],0.0,0.0,0.0,2.9,2.9
OTOGL,12,80222196,NM_001378610.3:c.440A>G,NP_001365539.2:p.Tyr147Cys,0.774,28.0,['Unknown%20significance'],0.0,0.0,0.0,3.0,3.0
OTOGL,12,80222196,NM_001378610.3:c.440A>T,NP_001365539.2:p.Tyr147Phe,0.476,25.9,['Unknown%20significance'],0.0,0.0,0.0,0.3,0.3
OTOGL,12,80222198,NM_001378610.3:c.442A>G,NP_001365539.2:p.Ile148Val,0.154,20.5,['Unknown%20significance'],17.51,0.08,0.0,0.1,0.1
OTOGL,12,80222199,NM_001378610.3:c.443T>C,NP_001365539.2:p.Ile148Thr,0.288,21.3,['Unknown%20significance'],17.51,0.08,0.0,1.9,1.9
OTOGL,12,80222199,NM_001378610.3:c.443T>G,NP_001365539.2:p.Ile148Ser,0.568,26.6,['Unknown%20significance'],17.51,0.08,0.0,3.0,3.0
OTOGL,12,80222204,NM_001378610.3:c.448G>T,NP_001365539.2:p.Ala150Ser,0.201,23.8,['Unknown%20significance'],0.0,0.0,0.0,1.3,1.3
OTOGL,12,80222207,NM_001378610.3:c.451A>G,NP_001365539.2:p.Lys151Glu,0.208,26.0,['Unknown%20significance'],60.04,0.25,0.0,0.2,0.2
OTOGL,12,80222208,NM_001378610.3:c.452A>G,NP_001365539.2:p.Lys151Arg,0.100,22.5,['Unknown%20significance'],60.04,0.25,0.0,-0.7,0.7
OTOGL,12,80222209,NM_001378610.3:c.453G>C,NP_001365539.2:p.Lys151Asn,0.102,24.0,['Unknown%20significance'],60.04,0.25,0.0,0.0,0.0
OTOGL,12,80222210,NM_001378610.3:c.454G>T,NP_001365539.2:p.Asp152Tyr,0.651,29.4,['Unknown%20significance'],0.64,0.0,0.0,-1.7,1.7
OTOGL,12,80222213,NM_001378610.3:c.457T>A,NP_001365539.2:p.Cys153Ser,0.674,26.4,['Unknown%20significance'],55.44,0.35,0.0,1.1,1.1
OTOGL,12,80222219,NM_001378610.3:c.463G>A,NP_001365539.2:p.Asp155Asn,0.031,16.75,['Likely%20benign'],45.32,0.28,0.0,-0.3,0.3
OTOGL,12,80222219,NM_001378610.3:c.463G>T,NP_001365539.2:p.Asp155Tyr,0.082,21.9,['Likely%20benign'],45.32,0.28,0.0,-0.7,0.7
OTOGL,12,80222225,NM_001378610.3:c.469G>A,NP_001365539.2:p.Glu157Lys,0.188,24.3,['Unknown%20significance'],110.86,0.56,0.0,0.0,0.0
OTOGL,12,80222228,NM_001378610.3:c.472C>A,NP_001365539.2:p.Pro158Thr,0.412,23.8,['Unknown%20significance'],29.53,0.18,0.0,-0.2,0.2
OTOGL,12,80222228,NM_001378610.3:c.472C>G,NP_001365539.2:p.Pro158Ala,0.303,23.7,['Unknown%20significance'],29.53,0.18,0.0,-0.0,0.0
OTOGL,12,80222228,NM_001378610.3:c.472C>T,NP_001365539.2:p.Pro158Ser,0.297,25.4,['Unknown%20significance'],29.53,0.18,0.0,0.1,0.1
OTOGL,12,80222229,NM_001378610.3:c.473C>G,NP_001365539.2:p.Pro158Arg,0.337,25.7,['Unknown%20significance'],29.53,0.18,0.0,-0.5,0.5
OTOGL,12,80222229,NM_001378610.3:c.473C>T,NP_001365539.2:p.Pro158Leu,0.399,26.5,['Unknown%20significance'],29.53,0.18,0.0,-0.7,0.7
OTOGL,12,80222231,NM_001378610.3:c.475C>G,NP_001365539.2:p.Arg159Gly,0.105,22.9,['Unknown%20significance'],40.64,0.15,0.0,1.4,1.4
OTOGL,12,80222231,NM_001378610.3:c.475C>T,NP_001365539.2:p.Arg159Trp,0.238,28.0,['Unknown%20significance'],40.64,0.15,0.0,-0.6,0.6
OTOGL,12,80222232,NM_001378610.3:c.476G>A,NP_001365539.2:p.Arg159Gln,0.076,9.874,['Likely%20benign'],40.64,0.15,0.0,0.4,0.4
OTOGL,12,80222232,NM_001378610.3:c.476G>T,NP_001365539.2:p.Arg159Leu,0.099,15.34,['Likely%20benign'],40.64,0.15,0.0,-0.3,0.3
OTOGL,12,80222237,NM_001378610.3:c.481A>C,NP_001365539.2:p.Thr161Pro,0.659,27.1,['Unknown%20significance'],6.19,0.03,0.0,1.1,1.1
OTOGL,12,80222237,NM_001378610.3:c.481A>G,NP_001365539.2:p.Thr161Ala,0.267,27.3,['Unknown%20significance'],6.19,0.03,0.0,0.1,0.1
OTOGL,12,80222238,NM_001378610.3:c.482C>A,NP_001365539.2:p.Thr161Asn,0.170,24.9,['Unknown%20significance'],6.19,0.03,0.0,0.8,0.8
OTOGL,12,80222241,NM_001378610.3:c.485T>C,NP_001365539.2:p.Val162Ala,0.464,26.5,['Unknown%20significance'],0.0,0.0,0.0,3.4,3.4
OTOGL,12,80222243,NM_001378610.3:c.487T>A,NP_001365539.2:p.Trp163Arg,0.602,25.2,['Unknown%20significance'],67.95,0.25,0.0,1.0,1.0
OTOGL,12,80222243,NM_001378610.3:c.487T>G,NP_001365539.2:p.Trp163Gly,0.627,31,['Unknown%20significance'],67.95,0.25,0.0,2.4,2.4
OTOGL,12,80222245,NM_001378610.3:c.489G>C,NP_001365539.2:p.Trp163Cys,0.526,34,['Unknown%20significance'],67.95,0.25,0.0,1.1,1.1
OTOGL,12,80229257,NM_001378610.3:c.490G>A,NP_001365539.2:p.Val164Ile,0.052,24.1,['Unknown%20significance'],0.0,0.0,0.0,-0.0,0.0
OTOGL,12,80229258,NM_001378610.3:c.491T>C,NP_001365539.2:p.Val164Ala,0.349,29.7,['Unknown%20significance'],0.0,0.0,0.0,1.9,1.9
OTOGL,12,80229260,NM_001378610.3:c.493C>A,NP_001365539.2:p.His165Asn,0.178,21.0,['Likely%20benign'],13.02,0.06,0.0,0.6,0.6
OTOGL,12,80229260,NM_001378610.3:c.493C>T,NP_001365539.2:p.His165Tyr,0.285,23.1,['Unknown%20significance'],13.02,0.06,0.0,-0.8,0.8
OTOGL,12,80229261,NM_001378610.3:c.494A>G,NP_001365539.2:p.His165Arg,0.402,23.4,['Unknown%20significance'],13.02,0.06,0.0,-0.4,0.4
OTOGL,12,80229261,NM_001378610.3:c.494A>T,NP_001365539.2:p.His165Leu,0.527,23.9,['Unknown%20significance'],13.02,0.06,0.0,-0.2,0.2
OTOGL,12,80229262,NM_001378610.3:c.495T>G,NP_001365539.2:p.His165Gln,0.312,19.97,['Unknown%20significance'],13.02,0.06,0.0,0.1,0.1
OTOGL,12,80229264,NM_001378610.3:c.497A>G,NP_001365539.2:p.Asn166Ser,0.513,25.3,['Unknown%20significance'],4.74,0.02,0.0,0.5,0.5
OTOGL,12,80229264,NM_001378610.3:c.497A>T,NP_001365539.2:p.Asn166Ile,0.524,26.7,['Unknown%20significance'],4.74,0.02,0.0,-0.4,0.4
OTOGL,12,80229265,NM_001378610.3:c.498C>G,NP_001365539.2:p.Asn166Lys,0.353,18.09,['Likely%20benign'],4.74,0.02,0.0,0.7,0.7
OTOGL,12,80229267,NM_001378610.3:c.500G>A,NP_001365539.2:p.Ser167Asn,0.071,22.3,['Unknown%20significance'],24.67,0.17,0.0,-0.2,0.2
OTOGL,12,80229270,NM_001378610.3:c.503C>G,NP_001365539.2:p.Pro168Arg,0.268,23.4,['Unknown%20significance'],115.0,0.73,0.0,-0.2,0.2
OTOGL,12,80229275,NM_001378610.3:c.508T>A,NP_001365539.2:p.Cys170Ser,0.608,27.1,['Unknown%20significance'],14.81,0.09,0.0,0.6,0.6
OTOGL,12,80229276,NM_001378610.3:c.509G>T,NP_001365539.2:p.Cys170Phe,0.625,28.8,['Unknown%20significance'],14.81,0.09,0.0,-0.1,0.1
OTOGL,12,80229279,NM_001378610.3:c.512T>G,NP_001365539.2:p.Leu171Arg,0.105,11.70,['Unknown%20significance'],159.78,0.82,0.0,-0.0,0.0
OTOGL,12,80229281,NM_001378610.3:c.514G>T,NP_001365539.2:p.Gly172Cys,0.422,28.2,['Unknown%20significance'],46.44,0.48,0.0,-0.3,0.3
OTOGL,12,80229285,NM_001378610.3:c.518C>T,NP_001365539.2:p.Ser173Leu,0.414,26.1,['Unknown%20significance'],10.45,0.07,0.0,-0.6,0.6
OTOGL,12,80229294,NM_001378610.3:c.527C>A,NP_001365539.2:p.Ser176Tyr,0.130,16.61,['Likely%20benign'],48.1,0.34,0.0,-0.5,0.5
OTOGL,12,80229294,NM_001378610.3:c.527C>T,NP_001365539.2:p.Ser176Phe,0.180,18.97,['Unknown%20significance'],48.1,0.34,0.0,-0.5,0.5
OTOGL,12,80229296,NM_001378610.3:c.529T>C,NP_001365539.2:p.Cys177Arg,0.676,27.5,['Unknown%20significance'],14.37,0.09,0.0,1.2,1.2
OTOGL,12,80229297,NM_001378610.3:c.530G>A,NP_001365539.2:p.Cys177Tyr,0.692,27.2,['Unknown%20significance'],14.37,0.09,0.0,-0.4,0.4
OTOGL,12,80229302,NM_001378610.3:c.535C>T,NP_001365539.2:p.Arg179Trp,0.572,28.7,['Unknown%20significance'],1.4,0.0,0.0,-0.9,0.9
OTOGL,12,80229303,NM_001378610.3:c.536G>A,NP_001365539.2:p.Arg179Gln,0.444,31,['Unknown%20significance'],1.4,0.0,0.0,0.6,0.6
OTOGL,12,80229308,NM_001378610.3:c.541A>G,NP_001365539.2:p.Ile181Val,0.149,16.49,['Likely%20benign'],0.0,0.0,0.0,0.1,0.1
OTOGL,12,80229309,NM_001378610.3:c.542T>C,NP_001365539.2:p.Ile181Thr,0.516,25.5,['Unknown%20significance'],0.0,0.0,0.0,3.0,3.0
OTOGL,12,80229312,NM_001378610.3:c.545G>A,NP_001365539.2:p.Ser182Asn,0.268,25.9,['Unknown%20significance'],0.69,0.0,0.0,0.2,0.2
OTOGL,12,80229312,NM_001378610.3:c.545G>T,NP_001365539.2:p.Ser182Ile,0.532,26.6,['Unknown%20significance'],0.69,0.0,0.0,-2.3,2.3
OTOGL,12,80229313,NM_001378610.3:c.546C>G,NP_001365539.2:p.Ser182Arg,0.502,24.6,['Unknown%20significance'],0.69,0.0,0.0,-0.7,0.7
OTOGL,12,80229315,NM_001378610.3:c.548T>C,NP_001365539.2:p.Leu183Ser,0.645,27.7,['Unknown%20significance'],0.0,0.0,0.0,4.2,4.2
OTOGL,12,80229316,NM_001378610.3:c.549G>T,NP_001365539.2:p.Leu183Phe,0.284,23.3,['Unknown%20significance'],0.0,0.0,0.0,0.5,0.5
OTOGL,12,80229323,NM_001378610.3:c.556T>A,NP_001365539.2:p.Ser186Thr,0.154,23.3,['Unknown%20significance'],55.08,0.39,0.0,-0.3,0.3
OTOGL,12,80229330,NM_001378610.3:c.563A>G,NP_001365539.2:p.Gln188Arg,0.246,25.1,['Unknown%20significance'],143.12,0.72,0.0,-0.1,0.1
OTOGL,12,80229332,NM_001378610.3:c.565G>A,NP_001365539.2:p.Glu189Lys,0.228,23.4,['Unknown%20significance'],66.26,0.33,0.0,0.0,0.0
OTOGL,12,80229334,NM_001378610.3:c.567G>C,NP_001365539.2:p.Glu189Asp,0.067,12.74,['Unknown%20significance'],66.26,0.33,0.0,0.2,0.2
OTOGL,12,80229335,NM_001378610.3:c.568G>A,NP_001365539.2:p.Glu190Lys,0.425,30,['Unknown%20significance'],53.42,0.27,0.0,0.0,0.0
OTOGL,12,80229336,NM_001378610.3:c.569A>C,NP_001365539.2:p.Glu190Ala,0.485,28.4,['Unknown%20significance'],53.42,0.27,0.0,-0.6,0.6
OTOGL,12,80229338,NM_001378610.3:c.571A>C,NP_001365539.2:p.Ile191Leu,0.316,24.1,['Unknown%20significance'],0.0,0.0,0.0,0.5,0.5
OTOGL,12,80229342,NM_001378610.3:c.575G>A,NP_001365539.2:p.Arg192Gln,0.097,18.58,['Unknown%20significance'],68.02,0.25,0.0,0.3,0.3
OTOGL,12,80229342,NM_001378610.3:c.575G>T,NP_001365539.2:p.Arg192Leu,0.120,19.05,['Likely%20benign'],68.02,0.25,0.0,-1.4,1.4
OTOGL,12,80229351,NM_001378610.3:c.584G>C,NP_001365539.2:p.Gly195Ala,0.311,23.4,['Unknown%20significance'],15.18,0.15,0.0,-0.3,0.3
OTOGL,12,80229353,NM_001378610.3:c.586C>A,NP_001365539.2:p.His196Asn,0.152,23.2,['Unknown%20significance'],86.74,0.42,0.0,0.3,0.3
OTOGL,12,80229363,NM_001378610.3:c.596A>G,NP_001365539.2:p.Lys199Arg,0.081,17.18,['Likely%20benign'],75.02,0.31,0.0,-0.7,0.7
OTOGL,12,80229364,NM_001378610.3:c.597A>C,NP_001365539.2:p.Lys199Asn,0.113,20.4,['Unknown%20significance'],75.02,0.31,0.0,-0.0,0.0
OTOGL,12,80229366,NM_001378610.3:c.599A>G,NP_001365539.2:p.Lys200Arg,0.123,18.93,['Unknown%20significance'],36.91,0.15,0.0,-0.9,0.9
OTOGL,12,80229367,NM_001378610.3:c.600G>T,NP_001365539.2:p.Lys200Asn,0.123,17.54,['Unknown%20significance'],36.91,0.15,0.0,-0.1,0.1
OTOGL,12,80229368,NM_001378610.3:c.601A>G,NP_001365539.2:p.Asn201Asp,0.227,11.47,['Likely%20benign'],88.13,0.55,0.0,0.2,0.2
OTOGL,12,80229371,NM_001378610.3:c.604G>A,NP_001365539.2:p.Gly202Arg,0.429,25.9,['Unknown%20significance'],62.39,0.65,0.0,0.0,0.0
OTOGL,12,80229372,NM_001378610.3:c.605G>T,NP_001365539.2:p.Gly202Val,0.566,29.2,['Unknown%20significance'],62.39,0.65,0.0,0.1,0.1
OTOGL,12,80229374,NM_001378610.3:c.607A>G,NP_001365539.2:p.Ile203Val,0.060,15.35,['Likely%20benign'],146.69,0.74,0.0,0.0,0.0
OTOGL,12,80229374,NM_001378610.3:c.607A>T,NP_001365539.2:p.Ile203Phe,0.081,16.18,['Likely%20benign'],146.69,0.74,0.0,0.0,0.0
OTOGL,12,80229376,NM_001378610.3:c.609C>G,NP_001365539.2:p.Ile203Met,0.058,18.58,['Unknown%20significance'],146.69,0.74,0.0,0.1,0.1
OTOGL,12,80232892,NM_001378610.3:c.612T>A,NP_001365539.2:p.Ser204Arg,0.065,9.119,['Likely%20benign'],73.12,0.53,0.0,-0.4,0.4
OTOGL,12,80232896,NM_001378610.3:c.616A>C,NP_001365539.2:p.Thr206Pro,0.118,16.80,['Likely%20benign'],123.84,0.78,0.0,0.2,0.2
OTOGL,12,80232896,NM_001378610.3:c.616A>G,NP_001365539.2:p.Thr206Ala,0.037,18.95,['Likely%20benign'],123.84,0.78,0.0,0.1,0.1
OTOGL,12,80232897,NM_001378610.3:c.617C>T,NP_001365539.2:p.Thr206Ile,0.081,11.88,['Likely%20benign'],123.84,0.78,0.0,-0.2,0.2
OTOGL,12,80232907,NM_001378610.3:c.627G>C,NP_001365539.2:p.Gln209His,0.166,19.85,['Unknown%20significance'],40.12,0.2,0.0,-0.5,0.5
OTOGL,12,80232908,NM_001378610.3:c.628A>G,NP_001365539.2:p.Thr210Ala,0.119,18.76,['Unknown%20significance'],1.93,0.01,0.0,0.3,0.3
OTOGL,12,80232909,NM_001378610.3:c.629C>T,NP_001365539.2:p.Thr210Ile,0.238,22.2,['Unknown%20significance'],1.93,0.01,0.0,-0.7,0.7
OTOGL,12,80232911,NM_001378610.3:c.631A>G,NP_001365539.2:p.Ile211Val,0.067,8.604,['Likely%20benign'],17.72,0.09,0.0,0.2,0.2
OTOGL,12,80232912,NM_001378610.3:c.632T>C,NP_001365539.2:p.Ile211Thr,0.220,21.2,['Unknown%20significance'],17.72,0.09,0.0,1.2,1.2
OTOGL,12,80232914,NM_001378610.3:c.634G>A,NP_001365539.2:p.Gly212Arg,0.426,24.2,['Unknown%20significance'],38.85,0.4,0.0,-0.4,0.4
OTOGL,12,80232915,NM_001378610.3:c.635G>A,NP_001365539.2:p.Gly212Glu,0.318,23.5,['Unknown%20significance'],38.85,0.4,0.0,0.0,0.0
OTOGL,12,80232920,NM_001378610.3:c.640A>T,NP_001365539.2:p.Ile214Phe,0.130,20.4,['Unknown%20significance'],1.93,0.0,0.0,0.4,0.4
OTOGL,12,80232926,NM_001378610.3:c.646A>C,NP_001365539.2:p.Ile216Leu,0.066,12.33,['Likely%20benign'],0.0,0.0,0.0,0.7,0.7
OTOGL,12,80232926,NM_001378610.3:c.646A>G,NP_001365539.2:p.Ile216Val,0.038,13.98,['Likely%20benign'],0.0,0.0,0.0,0.4,0.4
OTOGL,12,80232927,NM_001378610.3:c.647T>C,NP_001365539.2:p.Ile216Thr,0.519,24.5,['Unknown%20significance'],0.0,0.0,0.0,3.2,3.2
OTOGL,12,80232928,NM_001378610.3:c.648T>G,NP_001365539.2:p.Ile216Met,0.371,10.65,['Unknown%20significance'],0.0,0.0,0.0,1.7,1.7
OTOGL,12,80232930,NM_001378610.3:c.650A>G,NP_001365539.2:p.Glu217Gly,0.629,26.3,['Unknown%20significance'],6.17,0.03,0.0,0.9,0.9
OTOGL,12,80232932,NM_001378610.3:c.652A>C,NP_001365539.2:p.Lys218Gln,0.102,20.5,['Unknown%20significance'],109.77,0.46,0.0,-0.3,0.3
OTOGL,12,80232933,NM_001378610.3:c.653A>C,NP_001365539.2:p.Lys218Thr,0.175,23.2,['Unknown%20significance'],109.77,0.46,0.0,-0.2,0.2
OTOGL,12,80232935,NM_001378610.3:c.655C>A,NP_001365539.2:p.Leu219Ile,0.067,20.3,['Likely%20benign'],4.9,0.02,0.0,-0.1,0.1
OTOGL,12,80232935,NM_001378610.3:c.655C>G,NP_001365539.2:p.Leu219Val,0.063,19.02,['Unknown%20significance'],4.9,0.02,0.0,0.0,0.0
OTOGL,12,80232938,NM_001378610.3:c.658G>A,NP_001365539.2:p.Ala220Thr,0.339,25.9,['Unknown%20significance'],13.88,0.1,0.0,-0.1,0.1
OTOGL,12,80232938,NM_001378610.3:c.658G>C,NP_001365539.2:p.Ala220Pro,0.606,26.0,['Unknown%20significance'],13.88,0.1,0.0,0.4,0.4
OTOGL,12,80232938,NM_001378610.3:c.658G>T,NP_001365539.2:p.Ala220Ser,0.239,23.6,['Unknown%20significance'],13.88,0.1,0.0,0.0,0.0
OTOGL,12,80232941,NM_001378610.3:c.661G>A,NP_001365539.2:p.Asp221Asn,0.278,23.1,['Unknown%20significance'],51.69,0.32,0.0,-0.3,0.3
OTOGL,12,80232941,NM_001378610.3:c.661G>T,NP_001365539.2:p.Asp221Tyr,0.588,27.1,['Unknown%20significance'],51.69,0.32,0.0,-1.3,1.3
OTOGL,12,80232942,NM_001378610.3:c.662A>G,NP_001365539.2:p.Asp221Gly,0.366,21.7,['Unknown%20significance'],51.69,0.32,0.0,0.3,0.3
OTOGL,12,80232943,NM_001378610.3:c.663C>A,NP_001365539.2:p.Asp221Glu,0.311,22.3,['Unknown%20significance'],51.69,0.32,0.0,-0.0,0.0
OTOGL,12,80232945,NM_001378610.3:c.665A>G,NP_001365539.2:p.Tyr222Cys,0.738,26.4,['Unknown%20significance'],1.07,0.0,0.0,2.4,2.4
OTOGL,12,80232947,NM_001378610.3:c.667A>C,NP_001365539.2:p.Ile223Leu,0.161,18.95,['Likely%20benign'],0.0,0.0,0.0,0.4,0.4
OTOGL,12,80232948,NM_001378610.3:c.668T>C,NP_001365539.2:p.Ile223Thr,0.351,24.0,['Unknown%20significance'],0.0,0.0,0.0,2.7,2.7
OTOGL,12,80232951,NM_001378610.3:c.671T>C,NP_001365539.2:p.Leu224Pro,0.743,27.1,['Unknown%20significance'],1.63,0.0,0.0,3.0,3.0
OTOGL,12,80232951,NM_001378610.3:c.671T>G,NP_001365539.2:p.Leu224Arg,0.600,26.7,['Unknown%20significance'],1.63,0.0,0.0,2.0,2.0
OTOGL,12,80232953,NM_001378610.3:c.673G>A,NP_001365539.2:p.Val225Met,0.539,26.4,['Unknown%20significance'],0.0,0.0,0.0,1.3,1.3
OTOGL,12,80232953,NM_001378610.3:c.673G>C,NP_001365539.2:p.Val225Leu,0.356,25.6,['Unknown%20significance'],0.0,0.0,0.0,0.1,0.1
OTOGL,12,80232957,NM_001378610.3:c.677A>C,NP_001365539.2:p.Lys226Thr,0.341,23.6,['Unknown%20significance'],8.9,0.03,0.0,-0.8,0.8
OTOGL,12,80232962,NM_001378610.3:c.682A>T,NP_001365539.2:p.Thr228Ser,0.072,17.04,['Unknown%20significance'],12.87,0.08,0.0,0.3,0.3
OTOGL,12,80232963,NM_001378610.3:c.683C>A,NP_001365539.2:p.Thr228Asn,0.092,17.70,['Unknown%20significance'],12.87,0.08,0.0,0.2,0.2
OTOGL,12,80232963,NM_001378610.3:c.683C>T,NP_001365539.2:p.Thr228Ile,0.345,20.6,['Unknown%20significance'],12.87,0.08,0.0,-0.2,0.2
OTOGL,12,80232968,NM_001378610.3:c.688G>C,NP_001365539.2:p.Gly230Arg,0.674,28.3,['Unknown%20significance'],2.01,0.02,0.0,0.3,0.3
OTOGL,12,80232972,NM_001378610.3:c.692T>C,NP_001365539.2:p.Phe231Ser,0.750,28.9,['Unknown%20significance'],0.0,0.0,0.0,4.0,4.0
OTOGL,12,80232975,NM_001378610.3:c.695C>T,NP_001365539.2:p.Ser232Leu,0.344,23.9,['Unknown%20significance'],0.76,0.0,0.0,-1.9,1.9
OTOGL,12,80232978,NM_001378610.3:c.698T>C,NP_001365539.2:p.Leu233Ser,0.787,27.7,['Unknown%20significance'],0.0,0.0,0.0,4.4,4.4
OTOGL,12,80232980,NM_001378610.3:c.700G>T,NP_001365539.2:p.Ala234Ser,0.314,26.4,['Unknown%20significance'],0.0,0.0,0.0,0.7,0.7
OTOGL,12,80232983,NM_001378610.3:c.703T>C,NP_001365539.2:p.Trp235Arg,0.779,28.6,['Unknown%20significance'],0.0,0.0,0.0,3.3,3.3
OTOGL,12,80232984,NM_001378610.3:c.704G>T,NP_001365539.2:p.Trp235Leu,0.607,28.8,['Unknown%20significance'],0.0,0.0,0.0,1.6,1.6
OTOGL,12,80232985,NM_001378610.3:c.705G>C,NP_001365539.2:p.Trp235Cys,0.712,30,['Unknown%20significance'],0.0,0.0,0.0,3.1,3.1
OTOGL,12,80232986,NM_001378610.3:c.706G>A,NP_001365539.2:p.Asp236Asn,0.427,28.1,['Unknown%20significance'],7.42,0.04,0.0,0.1,0.1
OTOGL,12,80232987,NM_001378610.3:c.707A>T,NP_001365539.2:p.Asp236Val,0.757,27.5,['Unknown%20significance'],7.42,0.04,0.0,0.0,0.0
OTOGL,12,80232989,NM_001378610.3:c.709G>A,NP_001365539.2:p.Gly237Arg,0.655,31,['Unknown%20significance'],0.0,0.0,0.0,-0.9,0.9
OTOGL,12,80232989,NM_001378610.3:c.709G>T,NP_001365539.2:p.Gly237Trp,0.717,29.5,['Unknown%20significance'],0.0,0.0,0.0,-1.7,1.7
OTOGL,12,80232992,NM_001378610.3:c.712A>C,NP_001365539.2:p.Ile238Leu,0.052,16.84,['Likely%20benign'],28.42,0.14,0.0,0.1,0.1
OTOGL,12,80232992,NM_001378610.3:c.712A>G,NP_001365539.2:p.Ile238Val,0.100,15.68,['Likely%20benign'],28.42,0.14,0.0,0.2,0.2
OTOGL,12,80232994,NM_001378610.3:c.714A>G,NP_001365539.2:p.Ile238Met,0.224,20.5,['Unknown%20significance'],28.42,0.14,0.0,0.0,0.0
OTOGL,12,80232995,NM_001378610.3:c.715T>A,NP_001365539.2:p.Ser239Thr,0.156,20.3,['Unknown%20significance'],0.93,0.0,0.0,-0.4,0.4
OTOGL,12,80232995,NM_001378610.3:c.715T>C,NP_001365539.2:p.Ser239Pro,0.486,25.4,['Unknown%20significance'],0.93,0.0,0.0,0.4,0.4
OTOGL,12,80232998,NM_001378610.3:c.718G>A,NP_001365539.2:p.Gly240Arg,0.554,27.9,['Unknown%20significance'],0.02,0.0,0.0,-1.6,1.6
OTOGL,12,80232999,NM_001378610.3:c.719G>T,NP_001365539.2:p.Gly240Val,0.386,24.8,['Unknown%20significance'],0.02,0.0,0.0,-2.1,2.1
OTOGL,12,80233001,NM_001378610.3:c.721A>G,NP_001365539.2:p.Ile241Val,0.064,13.31,['Likely%20benign'],0.0,0.0,0.0,0.0,0.0
OTOGL,12,80233003,NM_001378610.3:c.723C>G,NP_001365539.2:p.Ile241Met,0.283,23.0,['Likely%20benign'],0.0,0.0,0.0,1.2,1.2
OTOGL,12,80233005,NM_001378610.3:c.725A>C,NP_001365539.2:p.Tyr242Ser,0.554,27.7,['Unknown%20significance'],0.0,0.0,0.0,3.0,3.0
OTOGL,12,80233005,NM_001378610.3:c.725A>G,NP_001365539.2:p.Tyr242Cys,0.641,28.0,['Unknown%20significance'],0.0,0.0,0.0,1.7,1.7
OTOGL,12,80233007,NM_001378610.3:c.727C>G,NP_001365539.2:p.Leu243Val,0.100,17.91,['Unknown%20significance'],0.0,0.0,0.0,-0.6,0.6
OTOGL,12,80233007,NM_001378610.3:c.727C>T,NP_001365539.2:p.Leu243Phe,0.172,23.9,['Unknown%20significance'],0.0,0.0,0.0,0.4,0.4
OTOGL,12,80233011,NM_001378610.3:c.731A>G,NP_001365539.2:p.Lys244Arg,0.282,26.6,['Unknown%20significance'],23.72,0.1,0.0,-1.0,1.0
OTOGL,12,80233016,NM_001378610.3:c.736T>A,NP_001365539.2:p.Ser246Thr,0.115,20.1,['Unknown%20significance'],20.62,0.14,0.0,-0.3,0.3
OTOGL,12,80233016,NM_001378610.3:c.736T>C,NP_001365539.2:p.Ser246Pro,0.167,23.8,['Unknown%20significance'],20.62,0.14,0.0,-0.6,0.6
OTOGL,12,80233017,NM_001378610.3:c.737C>A,NP_001365539.2:p.Ser246Tyr,0.410,25.1,['Unknown%20significance'],20.62,0.14,0.0,-1.1,1.1
OTOGL,12,80233019,NM_001378610.3:c.739G>A,NP_001365539.2:p.Glu247Lys,0.089,22.5,['Unknown%20significance'],125.65,0.64,0.0,0.0,0.0
OTOGL,12,80233020,NM_001378610.3:c.740A>G,NP_001365539.2:p.Glu247Gly,0.084,23.0,['Unknown%20significance'],125.65,0.64,0.0,0.1,0.1
OTOGL,12,80233021,NM_001378610.3:c.741G>C,NP_001365539.2:p.Glu247Asp,0.033,17.17,['Unknown%20significance'],125.65,0.64,0.0,0.1,0.1
OTOGL,12,80233022,NM_001378610.3:c.742G>A,NP_001365539.2:p.Asp248Asn,0.196,23.3,['Unknown%20significance'],100.87,0.63,0.0,-0.2,0.2
OTOGL,12,80233023,NM_001378610.3:c.743A>C,NP_001365539.2:p.Asp248Ala,0.079,23.3,['Unknown%20significance'],100.87,0.63,0.0,-0.1,0.1
OTOGL,12,80233025,NM_001378610.3:c.745C>A,NP_001365539.2:p.His249Asn,0.437,23.4,['Unknown%20significance'],6.77,0.03,0.0,1.3,1.3
OTOGL,12,80233026,NM_001378610.3:c.746A>G,NP_001365539.2:p.His249Arg,0.359,23.1,['Unknown%20significance'],6.77,0.03,0.0,0.5,0.5
OTOGL,12,80233027,NM_001378610.3:c.747T>A,NP_001365539.2:p.His249Gln,0.301,17.88,['Likely%20benign'],6.77,0.03,0.0,1.0,1.0
OTOGL,12,80233028,NM_001378610.3:c.748A>C,NP_001365539.2:p.Lys250Gln,0.127,21.4,['Likely%20benign'],66.92,0.28,0.0,-0.4,0.4
OTOGL,12,80233028,NM_001378610.3:c.748A>G,NP_001365539.2:p.Lys250Glu,0.324,22.4,['Unknown%20significance'],66.92,0.28,0.0,-0.1,0.1
OTOGL,12,80233030,NM_001378610.3:c.750G>C,NP_001365539.2:p.Lys250Asn,0.143,12.18,['Likely%20benign'],66.92,0.28,0.0,-0.2,0.2
OTOGL,12,80233031,NM_001378610.3:c.751G>A,NP_001365539.2:p.Gly251Arg,0.481,23.9,['Unknown%20significance'],59.07,0.61,0.0,-0.0,0.0
OTOGL,12,80233031,NM_001378610.3:c.751G>C,NP_001365539.2:p.Gly251Arg,0.481,23.8,['Unknown%20significance'],59.07,0.61,0.0,-0.0,0.0
OTOGL,12,80233040,NM_001378610.3:c.760T>A,NP_001365539.2:p.Cys254Ser,0.437,20.3,['Unknown%20significance'],7.66,0.04,0.0,2.4,2.4
OTOGL,12,80233043,NM_001378610.3:c.763G>A,NP_001365539.2:p.Gly255Ser,0.965,28.0,['Unknown%20significance'],0.01,0.0,0.0,1.1,1.1
OTOGL,12,80233043,NM_001378610.3:c.763G>C,NP_001365539.2:p.Gly255Arg,0.971,27.8,['Unknown%20significance'],0.01,0.0,0.0,1.0,1.0
OTOGL,12,80233044,NM_001378610.3:c.764G>C,NP_001365539.2:p.Gly255Ala,0.956,26.1,['Unknown%20significance'],0.01,0.0,0.0,0.4,0.4
OTOGL,12,80233046,NM_001378610.3:c.766C>G,NP_001365539.2:p.Leu256Val,0.680,19.77,['Unknown%20significance'],0.0,0.0,0.0,1.7,1.7
OTOGL,12,80233049,NM_001378610.3:c.769T>A,NP_001365539.2:p.Cys257Ser,0.915,25.8,['Unknown%20significance'],0.0,0.0,0.0,4.1,4.1
OTOGL,12,80233049,NM_001378610.3:c.769T>C,NP_001365539.2:p.Cys257Arg,0.931,26.9,['Unknown%20significance'],0.0,0.0,0.0,3.6,3.6
OTOGL,12,80233052,NM_001378610.3:c.772G>A,NP_001365539.2:p.Gly258Arg,0.819,28.2,['Unknown%20significance'],0.21,0.0,0.0,0.9,0.9
OTOGL,12,80233053,NM_001378610.3:c.773G>A,NP_001365539.2:p.Gly258Glu,0.823,24.1,['Unknown%20significance'],0.21,0.0,0.0,2.1,2.1
OTOGL,12,80233057,NM_001378610.3:c.777C>A,NP_001365539.2:p.Asn259Lys,0.418,19.93,['Unknown%20significance'],11.66,0.07,0.0,0.9,0.9
OTOGL,12,80233058,NM_001378610.3:c.778T>C,NP_001365539.2:p.Tyr260His,0.340,21.7,['Unknown%20significance'],1.35,0.0,0.0,2.3,2.3
OTOGL,12,80233062,NM_001378610.3:c.782A>G,NP_001365539.2:p.Asn261Ser,0.714,24.7,['Unknown%20significance'],34.89,0.21,0.0,0.8,0.8
OTOGL,12,80233063,NM_001378610.3:c.783T>G,NP_001365539.2:p.Asn261Lys,0.473,23.2,['Unknown%20significance'],34.89,0.21,0.0,0.9,0.9
OTOGL,12,80233066,NM_001378610.3:c.786C>A,NP_001365539.2:p.Asp262Glu,0.025,5.586,['Likely%20benign'],89.35,0.55,0.0,0.1,0.1
OTOGL,12,80233067,NM_001378610.3:c.787A>T,NP_001365539.2:p.Ile263Phe,0.167,14.02,['Unknown%20significance'],102.3,0.52,0.0,-0.2,0.2
OTOGL,12,80233068,NM_001378610.3:c.788T>C,NP_001365539.2:p.Ile263Thr,0.333,19.25,['Likely%20benign'],102.3,0.52,0.0,-0.2,0.2
OTOGL,12,80233069,NM_001378610.3:c.789T>G,NP_001365539.2:p.Ile263Met,0.053,16.98,['Likely%20benign'],102.3,0.52,0.0,-0.2,0.2
OTOGL,12,80233076,NM_001378610.3:c.796G>C,NP_001365539.2:p.Asp266His,0.640,26.6,['Unknown%20significance'],47.1,0.29,0.0,-0.1,0.1
OTOGL,12,80233078,NM_001378610.3:c.798T>A,NP_001365539.2:p.Asp266Glu,0.504,23.1,['Unknown%20significance'],47.1,0.29,0.0,0.4,0.4
OTOGL,12,80233082,NM_001378610.3:c.802T>A,NP_001365539.2:p.Phe268Ile,0.218,25.2,['Unknown%20significance'],1.58,0.0,0.0,1.3,1.3
OTOGL,12,80233083,NM_001378610.3:c.803T>A,NP_001365539.2:p.Phe268Tyr,0.282,26.6,['Unknown%20significance'],1.58,0.0,0.0,0.4,0.4
OTOGL,12,80233086,NM_001378610.3:c.806T>A,NP_001365539.2:p.Ile269Lys,0.112,17.71,['Unknown%20significance'],45.17,0.23,0.0,1.2,1.2
OTOGL,12,80233087,NM_001378610.3:c.807A>G,NP_001365539.2:p.Ile269Met,0.034,17.32,['Likely%20benign'],45.17,0.23,0.0,0.0,0.0
OTOGL,12,80233089,NM_001378610.3:c.809T>A,NP_001365539.2:p.Ile270Asn,0.076,23.3,['Unknown%20significance'],10.35,0.05,0.0,1.6,1.6
OTOGL,12,80233091,NM_001378610.3:c.811C>A,NP_001365539.2:p.Leu271Met,0.044,14.57,['Likely%20benign'],98.99,0.51,0.0,-0.0,0.0
OTOGL,12,80233095,NM_001378610.3:c.815A>T,NP_001365539.2:p.Gln272Leu,0.117,22.9,['Unknown%20significance'],159.06,0.8,0.0,0.1,0.1
OTOGL,12,80233097,NM_001378610.3:c.817G>A,NP_001365539.2:p.Glu273Lys,0.096,28.1,['Unknown%20significance'],139.36,0.71,0.0,-0.0,0.0
OTOGL,12,80238851,NM_001378610.3:c.818A>G,NP_001365539.2:p.Glu273Gly,0.123,15.87,['Likely%20benign'],139.36,0.71,0.0,-0.4,0.4
OTOGL,12,80238852,NM_001378610.3:c.819G>C,NP_001365539.2:p.Glu273Asp,0.048,14.35,['Likely%20benign'],139.36,0.71,0.0,0.0,0.0
OTOGL,12,80238852,NM_001378610.3:c.819G>T,NP_001365539.2:p.Glu273Asp,0.049,14.63,['Likely%20benign'],139.36,0.71,0.0,0.0,0.0
OTOGL,12,80238853,NM_001378610.3:c.820G>T,NP_001365539.2:p.Asp274Tyr,0.123,22.6,['Unknown%20significance'],81.54,0.5,0.0,-0.9,0.9
OTOGL,12,80238854,NM_001378610.3:c.821A>G,NP_001365539.2:p.Asp274Gly,0.164,22.0,['Unknown%20significance'],81.54,0.5,0.0,0.3,0.3
OTOGL,12,80238859,NM_001378610.3:c.826A>G,NP_001365539.2:p.Thr276Ala,0.234,22.9,['Unknown%20significance'],11.24,0.07,0.0,0.1,0.1
OTOGL,12,80238859,NM_001378610.3:c.826A>T,NP_001365539.2:p.Thr276Ser,0.136,22.6,['Unknown%20significance'],11.24,0.07,0.0,0.6,0.6
OTOGL,12,80238860,NM_001378610.3:c.827C>T,NP_001365539.2:p.Thr276Ile,0.377,23.7,['Unknown%20significance'],11.24,0.07,0.0,-0.6,0.6
OTOGL,12,80238862,NM_001378610.3:c.829G>C,NP_001365539.2:p.Glu277Gln,0.139,23.2,['Unknown%20significance'],113.66,0.58,0.0,-0.2,0.2
OTOGL,12,80238865,NM_001378610.3:c.832G>T,NP_001365539.2:p.Asp278Tyr,0.389,32,['Unknown%20significance'],48.62,0.3,0.0,-1.0,1.0
OTOGL,12,80238868,NM_001378610.3:c.835A>G,NP_001365539.2:p.Ile279Val,0.044,14.72,['Likely%20benign'],1.86,0.0,0.0,0.1,0.1
OTOGL,12,80238869,NM_001378610.3:c.836T>A,NP_001365539.2:p.Ile279Asn,0.140,26.4,['Unknown%20significance'],1.86,0.0,0.0,1.9,1.9
OTOGL,12,80238869,NM_001378610.3:c.836T>C,NP_001365539.2:p.Ile279Thr,0.085,23.4,['Unknown%20significance'],1.86,0.0,0.0,1.1,1.1
OTOGL,12,80238871,NM_001378610.3:c.838G>A,NP_001365539.2:p.Ala280Thr,0.191,23.0,['Unknown%20significance'],1.08,0.0,0.0,-0.3,0.3
OTOGL,12,80238876,NM_001378610.3:c.843G>C,NP_001365539.2:p.Met281Ile,0.033,16.74,['Likely%20benign'],100.48,0.46,0.0,-0.1,0.1
OTOGL,12,80238876,NM_001378610.3:c.843G>T,NP_001365539.2:p.Met281Ile,0.070,17.75,['Likely%20benign'],100.48,0.46,0.0,-0.1,0.1
OTOGL,12,80238879,NM_001378610.3:c.846T>A,NP_001365539.2:p.Phe282Leu,0.448,24.8,['Unknown%20significance'],0.25,0.0,0.0,1.9,1.9
OTOGL,12,80238879,NM_001378610.3:c.846T>G,NP_001365539.2:p.Phe282Leu,0.448,24.0,['Unknown%20significance'],0.25,0.0,0.0,1.9,1.9
OTOGL,12,80238880,NM_001378610.3:c.847G>T,NP_001365539.2:p.Ala283Ser,0.217,25.3,['Unknown%20significance'],0.0,0.0,0.0,0.7,0.7
OTOGL,12,80238884,NM_001378610.3:c.851A>C,NP_001365539.2:p.Asn284Thr,0.181,23.2,['Unknown%20significance'],27.3,0.17,0.0,-0.0,0.0
OTOGL,12,80238884,NM_001378610.3:c.851A>G,NP_001365539.2:p.Asn284Ser,0.178,19.47,['Unknown%20significance'],27.3,0.17,0.0,0.3,0.3
OTOGL,12,80238885,NM_001378610.3:c.852T>G,NP_001365539.2:p.Asn284Lys,0.223,21.5,['Unknown%20significance'],27.3,0.17,0.0,0.4,0.4
OTOGL,12,80238886,NM_001378610.3:c.853A>G,NP_001365539.2:p.Ser285Gly,0.242,23.9,['Unknown%20significance'],28.96,0.2,0.0,1.0,1.0
OTOGL,12,80238886,NM_001378610.3:c.853A>T,NP_001365539.2:p.Ser285Cys,0.371,24.5,['Unknown%20significance'],28.96,0.2,0.0,0.3,0.3
OTOGL,12,80238887,NM_001378610.3:c.854G>T,NP_001365539.2:p.Ser285Ile,0.278,24.0,['Unknown%20significance'],28.96,0.2,0.0,-0.1,0.1
OTOGL,12,80238890,NM_001378610.3:c.857G>T,NP_001365539.2:p.Trp286Leu,0.577,27.0,['Unknown%20significance'],2.95,0.01,0.0,3.4,3.4
OTOGL,12,80238891,NM_001378610.3:c.858G>C,NP_001365539.2:p.Trp286Cys,0.648,28.6,['Unknown%20significance'],2.95,0.01,0.0,4.4,4.4
OTOGL,12,80238893,NM_001378610.3:c.860C>T,NP_001365539.2:p.Ser287Leu,0.060,1.735,['Unknown%20significance'],24.5,0.17,0.0,-0.8,0.8
OTOGL,12,80238895,NM_001378610.3:c.862G>A,NP_001365539.2:p.Val288Met,0.079,23.2,['Unknown%20significance'],20.76,0.12,0.0,0.5,0.5
OTOGL,12,80238896,NM_001378610.3:c.863T>G,NP_001365539.2:p.Val288Gly,0.477,27.6,['Unknown%20significance'],20.76,0.12,0.0,2.8,2.8
OTOGL,12,80238898,NM_001378610.3:c.865C>A,NP_001365539.2:p.Gln289Lys,0.049,19.88,['Unknown%20significance'],148.66,0.75,0.0,0.2,0.2
OTOGL,12,80238898,NM_001378610.3:c.865C>G,NP_001365539.2:p.Gln289Glu,0.088,17.49,['Likely%20benign'],148.66,0.75,0.0,0.1,0.1
OTOGL,12,80238905,NM_001378610.3:c.872C>A,NP_001365539.2:p.Pro291Gln,0.133,23.2,['Unknown%20significance'],159.85,1.0,0.0,-0.0,0.0
OTOGL,12,80238905,NM_001378610.3:c.872C>T,NP_001365539.2:p.Pro291Leu,0.112,22.6,['Unknown%20significance'],159.85,1.0,0.0,-0.0,0.0
OTOGL,12,80238907,NM_001378610.3:c.874G>C,NP_001365539.2:p.Asp292His,0.105,18.92,['Unknown%20significance'],85.63,0.53,0.0,-0.3,0.3
OTOGL,12,80238907,NM_001378610.3:c.874G>T,NP_001365539.2:p.Asp292Tyr,0.108,23.1,['Unknown%20significance'],85.63,0.53,0.0,-0.5,0.5
OTOGL,12,80238910,NM_001378610.3:c.877G>A,NP_001365539.2:p.Asp293Asn,0.101,21.9,['Unknown%20significance'],26.38,0.16,0.0,-0.3,0.3
OTOGL,12,80238913,NM_001378610.3:c.880A>G,NP_001365539.2:p.Thr294Ala,0.026,0.660,['Likely%20benign'],152.84,0.97,0.0,0.0,0.0
OTOGL,12,80238914,NM_001378610.3:c.881C>A,NP_001365539.2:p.Thr294Asn,0.018,0.020,['Likely%20benign'],152.84,0.97,0.0,0.0,0.0
OTOGL,12,80238914,NM_001378610.3:c.881C>T,NP_001365539.2:p.Thr294Ile,0.036,0.115,['Likely%20benign'],152.84,0.97,0.0,-0.0,0.0
OTOGL,12,80238916,NM_001378610.3:c.883A>G,NP_001365539.2:p.Lys295Glu,0.079,18.44,['Likely%20benign'],189.0,0.79,0.0,0.0,0.0
OTOGL,12,80238917,NM_001378610.3:c.884A>G,NP_001365539.2:p.Lys295Arg,0.036,14.85,['Likely%20benign'],189.0,0.79,0.0,-0.2,0.2
OTOGL,12,80238919,NM_001378610.3:c.886T>C,NP_001365539.2:p.Cys296Arg,0.456,26.5,['Unknown%20significance'],17.99,0.11,0.0,2.4,2.4
OTOGL,12,80238920,NM_001378610.3:c.887G>A,NP_001365539.2:p.Cys296Tyr,0.448,24.2,['Unknown%20significance'],17.99,0.11,0.0,1.5,1.5
OTOGL,12,80238921,NM_001378610.3:c.888T>G,NP_001365539.2:p.Cys296Trp,0.406,24.6,['Unknown%20significance'],17.99,0.11,0.0,1.4,1.4
OTOGL,12,80238922,NM_001378610.3:c.889G>A,NP_001365539.2:p.Val297Ile,0.021,14.10,['Likely%20benign'],85.2,0.49,0.0,-0.0,0.0
OTOGL,12,80238923,NM_001378610.3:c.890T>A,NP_001365539.2:p.Val297Glu,0.074,19.95,['Unknown%20significance'],85.2,0.49,0.0,0.6,0.6
OTOGL,12,80238923,NM_001378610.3:c.890T>G,NP_001365539.2:p.Val297Gly,0.099,19.81,['Unknown%20significance'],85.2,0.49,0.0,0.9,0.9
OTOGL,12,80238925,NM_001378610.3:c.892C>G,NP_001365539.2:p.Leu298Val,0.097,10.35,['Unknown%20significance'],83.66,0.43,0.0,-0.1,0.1
OTOGL,12,80238928,NM_001378610.3:c.895A>C,NP_001365539.2:p.Thr299Pro,0.097,22.4,['Unknown%20significance'],7.5,0.04,0.0,0.7,0.7
OTOGL,12,80238929,NM_001378610.3:c.896C>A,NP_001365539.2:p.Thr299Lys,0.161,9.792,['Unknown%20significance'],7.5,0.04,0.0,0.7,0.7
OTOGL,12,80238929,NM_001378610.3:c.896C>T,NP_001365539.2:p.Thr299Ile,0.049,9.110,['Likely%20benign'],7.5,0.04,0.0,-0.5,0.5
OTOGL,12,80238931,NM_001378610.3:c.898C>A,NP_001365539.2:p.Pro300Thr,0.025,13.07,['Unknown%20significance'],80.91,0.51,0.0,-0.3,0.3
OTOGL,12,80238931,NM_001378610.3:c.898C>G,NP_001365539.2:p.Pro300Ala,0.039,9.508,['Likely%20benign'],80.91,0.51,0.0,-0.0,0.0
OTOGL,12,80238931,NM_001378610.3:c.898C>T,NP_001365539.2:p.Pro300Ser,0.025,9.200,['Likely%20benign'],80.91,0.51,0.0,-0.1,0.1
OTOGL,12,80238932,NM_001378610.3:c.899C>A,NP_001365539.2:p.Pro300His,0.083,22.6,['Unknown%20significance'],80.91,0.51,0.0,-0.3,0.3
OTOGL,12,80238932,NM_001378610.3:c.899C>T,NP_001365539.2:p.Pro300Leu,0.064,19.69,['Unknown%20significance'],80.91,0.51,0.0,-0.4,0.4
OTOGL,12,80238935,NM_001378610.3:c.902C>T,NP_001365539.2:p.Ser301Leu,0.078,21.9,['Unknown%20significance'],62.61,0.45,0.0,-0.3,0.3
OTOGL,12,80238937,NM_001378610.3:c.904G>T,NP_001365539.2:p.Asp302Tyr,0.411,23.2,['Unknown%20significance'],98.7,0.61,0.0,-0.5,0.5
OTOGL,12,80238939,NM_001378610.3:c.906T>A,NP_001365539.2:p.Asp302Glu,0.127,14.74,['Likely%20benign'],98.7,0.61,0.0,-0.0,0.0
OTOGL,12,80238940,NM_001378610.3:c.907T>A,NP_001365539.2:p.Phe303Ile,0.076,23.6,['Unknown%20significance'],2.04,0.0,0.0,0.2,0.2
OTOGL,12,80238941,NM_001378610.3:c.908T>C,NP_001365539.2:p.Phe303Ser,0.197,24.0,['Unknown%20significance'],2.04,0.0,0.0,1.5,1.5
OTOGL,12,80238946,NM_001378610.3:c.913A>G,NP_001365539.2:p.Asn305Asp,0.064,20.8,['Likely%20benign'],21.31,0.13,0.0,0.4,0.4
OTOGL,12,80238950,NM_001378610.3:c.917C>T,NP_001365539.2:p.Pro306Leu,0.233,26.1,['Unknown%20significance'],17.09,0.1,0.0,-0.2,0.2
OTOGL,12,80238953,NM_001378610.3:c.920G>A,NP_001365539.2:p.Cys307Tyr,0.584,26.4,['Unknown%20significance'],6.36,0.04,0.0,1.9,1.9
OTOGL,12,80238955,NM_001378610.3:c.922T>C,NP_001365539.2:p.Ser308Pro,0.107,23.0,['Unknown%20significance'],104.72,0.75,0.0,0.1,0.1
OTOGL,12,80238955,NM_001378610.3:c.922T>G,NP_001365539.2:p.Ser308Ala,0.049,22.0,['Unknown%20significance'],104.72,0.75,0.0,0.1,0.1
OTOGL,12,80238956,NM_001378610.3:c.923C>G,NP_001365539.2:p.Ser308Cys,0.214,24.4,['Unknown%20significance'],104.72,0.75,0.0,-0.2,0.2
OTOGL,12,80238956,NM_001378610.3:c.923C>T,NP_001365539.2:p.Ser308Phe,0.122,23.1,['Unknown%20significance'],104.72,0.75,0.0,-0.1,0.1
OTOGL,12,80238958,NM_001378610.3:c.925A>G,NP_001365539.2:p.Ser309Gly,0.044,21.2,['Unknown%20significance'],30.15,0.21,0.0,0.7,0.7
OTOGL,12,80238959,NM_001378610.3:c.926G>A,NP_001365539.2:p.Ser309Asn,0.072,23.1,['Likely%20benign'],30.15,0.21,0.0,0.0,0.0
OTOGL,12,80238959,NM_001378610.3:c.926G>C,NP_001365539.2:p.Ser309Thr,0.039,19.36,['Likely%20benign'],30.15,0.21,0.0,-0.3,0.3
OTOGL,12,80238960,NM_001378610.3:c.927T>G,NP_001365539.2:p.Ser309Arg,0.145,18.53,['Unknown%20significance'],30.15,0.21,0.0,-0.3,0.3
OTOGL,12,80238962,NM_001378610.3:c.929G>A,NP_001365539.2:p.Gly310Glu,0.064,20.6,['Benign'],53.87,0.56,0.0,-0.3,0.3
OTOGL,12,80238964,NM_001378610.3:c.931A>G,NP_001365539.2:p.Met311Val,0.077,18.53,['Likely%20benign'],46.47,0.21,0.0,0.0,0.0
OTOGL,12,80238967,NM_001378610.3:c.934C>A,NP_001365539.2:p.Pro312Thr,0.089,20.3,['Likely%20benign'],129.34,0.82,0.0,-0.1,0.1
OTOGL,12,80238968,NM_001378610.3:c.935C>T,NP_001365539.2:p.Pro312Leu,0.129,23.1,['Unknown%20significance'],129.34,0.82,0.0,-0.2,0.2
OTOGL,12,80238970,NM_001378610.3:c.937G>A,NP_001365539.2:p.Ala313Thr,0.088,22.3,['Likely%20benign'],57.73,0.45,0.0,-0.1,0.1
OTOGL,12,80238970,NM_001378610.3:c.937G>C,NP_001365539.2:p.Ala313Pro,0.149,23.5,['Unknown%20significance'],57.73,0.45,0.0,0.3,0.3
OTOGL,12,80238970,NM_001378610.3:c.937G>T,NP_001365539.2:p.Ala313Ser,0.100,17.39,['Likely%20benign'],57.73,0.45,0.0,0.1,0.1
OTOGL,12,80238971,NM_001378610.3:c.938C>A,NP_001365539.2:p.Ala313Glu,0.129,21.7,['Unknown%20significance'],57.73,0.45,0.0,0.1,0.1
OTOGL,12,80238973,NM_001378610.3:c.940T>C,NP_001365539.2:p.Phe314Leu,0.084,20.5,['Likely%20benign'],2.6,0.01,0.0,0.1,0.1
OTOGL,12,80238973,NM_001378610.3:c.940T>G,NP_001365539.2:p.Phe314Val,0.118,21.9,['Likely%20benign'],2.6,0.01,0.0,0.4,0.4
OTOGL,12,80238974,NM_001378610.3:c.941T>G,NP_001365539.2:p.Phe314Cys,0.165,24.6,['Likely%20benign'],2.6,0.01,0.0,0.6,0.6
OTOGL,12,80238975,NM_001378610.3:c.942T>G,NP_001365539.2:p.Phe314Leu,0.067,17.94,['Likely%20benign'],2.6,0.01,0.0,0.1,0.1
OTOGL,12,80238977,NM_001378610.3:c.944A>G,NP_001365539.2:p.Glu315Gly,0.428,33,['Unknown%20significance'],27.78,0.14,0.0,0.8,0.8
OTOGL,12,80238978,NM_001378610.3:c.945G>T,NP_001365539.2:p.Glu315Asp,0.174,32,['Unknown%20significance'],27.78,0.14,0.0,0.2,0.2
OTOGL,12,80239333,NM_001378610.3:c.946G>A,NP_001365539.2:p.Ala316Thr,0.128,25.0,['Unknown%20significance'],55.07,0.43,0.0,-0.1,0.1
OTOGL,12,80239333,NM_001378610.3:c.946G>C,NP_001365539.2:p.Ala316Pro,0.134,32,['Unknown%20significance'],55.07,0.43,0.0,0.2,0.2
OTOGL,12,80239333,NM_001378610.3:c.946G>T,NP_001365539.2:p.Ala316Ser,0.107,26.6,['Unknown%20significance'],55.07,0.43,0.0,0.1,0.1
OTOGL,12,80239334,NM_001378610.3:c.947C>A,NP_001365539.2:p.Ala316Glu,0.114,16.66,['Unknown%20significance'],55.07,0.43,0.0,0.1,0.1
OTOGL,12,80239336,NM_001378610.3:c.949A>G,NP_001365539.2:p.Ile317Val,0.099,21.3,['Unknown%20significance'],13.46,0.06,0.0,0.0,0.0
OTOGL,12,80239337,NM_001378610.3:c.950T>C,NP_001365539.2:p.Ile317Thr,0.239,23.9,['Unknown%20significance'],13.46,0.06,0.0,0.8,0.8
OTOGL,12,80239338,NM_001378610.3:c.951C>G,NP_001365539.2:p.Ile317Met,0.163,22.8,['Unknown%20significance'],13.46,0.06,0.0,0.2,0.2
OTOGL,12,80239339,NM_001378610.3:c.952T>C,NP_001365539.2:p.Phe318Leu,0.156,23.0,['Unknown%20significance'],0.66,0.0,0.0,0.2,0.2
OTOGL,12,80239341,NM_001378610.3:c.954C>G,NP_001365539.2:p.Phe318Leu,0.140,23.3,['Unknown%20significance'],0.66,0.0,0.0,0.2,0.2
OTOGL,12,80239348,NM_001378610.3:c.961T>C,NP_001365539.2:p.Cys321Arg,0.964,28.7,['Unknown%20significance'],0.0,0.0,0.0,4.2,4.2
OTOGL,12,80239349,NM_001378610.3:c.962G>A,NP_001365539.2:p.Cys321Tyr,0.979,28.2,['Unknown%20significance'],0.0,0.0,0.0,2.7,2.7
OTOGL,12,80239351,NM_001378610.3:c.964C>A,NP_001365539.2:p.Gln322Lys,0.516,22.3,['Unknown%20significance'],13.38,0.06,0.0,0.7,0.7
OTOGL,12,80239352,NM_001378610.3:c.965A>T,NP_001365539.2:p.Gln322Leu,0.659,24.4,['Unknown%20significance'],13.38,0.06,0.0,-1.0,1.0
OTOGL,12,80239354,NM_001378610.3:c.967A>C,NP_001365539.2:p.Ile323Leu,0.232,22.4,['Unknown%20significance'],30.86,0.15,0.0,0.2,0.2
OTOGL,12,80239356,NM_001378610.3:c.969A>G,NP_001365539.2:p.Ile323Met,0.330,13.56,['Unknown%20significance'],30.86,0.15,0.0,0.6,0.6
OTOGL,12,80239360,NM_001378610.3:c.973T>A,NP_001365539.2:p.Leu325Met,0.361,23.5,['Unknown%20significance'],28.38,0.14,0.0,0.2,0.2
OTOGL,12,80239361,NM_001378610.3:c.974T>C,NP_001365539.2:p.Leu325Ser,0.658,26.5,['Unknown%20significance'],28.38,0.14,0.0,1.5,1.5
OTOGL,12,80239364,NM_001378610.3:c.977A>G,NP_001365539.2:p.Gln326Arg,0.505,20.5,['Unknown%20significance'],94.59,0.47,0.0,-0.1,0.1
OTOGL,12,80239367,NM_001378610.3:c.980T>G,NP_001365539.2:p.Phe327Cys,0.745,29.1,['Unknown%20significance'],37.69,0.16,0.0,0.7,0.7
OTOGL,12,80239369,NM_001378610.3:c.982C>A,NP_001365539.2:p.Pro328Thr,0.611,25.3,['Unknown%20significance'],9.87,0.06,0.0,0.4,0.4
OTOGL,12,80239376,NM_001378610.3:c.989T>C,NP_001365539.2:p.Leu330Pro,0.642,24.8,['Unknown%20significance'],18.52,0.09,0.0,1.4,1.4
OTOGL,12,80239378,NM_001378610.3:c.991A>G,NP_001365539.2:p.Ser331Gly,0.604,26.8,['Unknown%20significance'],59.01,0.42,0.0,0.5,0.5
OTOGL,12,80239379,NM_001378610.3:c.992G>A,NP_001365539.2:p.Ser331Asn,0.384,25.6,['Unknown%20significance'],59.01,0.42,0.0,0.1,0.1
OTOGL,12,80239379,NM_001378610.3:c.992G>C,NP_001365539.2:p.Ser331Thr,0.391,23.9,['Unknown%20significance'],59.01,0.42,0.0,-0.1,0.1
OTOGL,12,80239379,NM_001378610.3:c.992G>T,NP_001365539.2:p.Ser331Ile,0.693,26.8,['Unknown%20significance'],59.01,0.42,0.0,-0.5,0.5
OTOGL,12,80239381,NM_001378610.3:c.994T>G,NP_001365539.2:p.Cys332Gly,0.908,27.7,['Unknown%20significance'],1.02,0.0,0.0,5.5,5.5
OTOGL,12,80239382,NM_001378610.3:c.995G>A,NP_001365539.2:p.Cys332Tyr,0.917,28.1,['Unknown%20significance'],1.02,0.0,0.0,2.8,2.8
OTOGL,12,80239384,NM_001378610.3:c.997C>T,NP_001365539.2:p.His333Tyr,0.759,25.3,['Unknown%20significance'],54.62,0.26,0.0,-0.5,0.5
OTOGL,12,80239385,NM_001378610.3:c.998A>G,NP_001365539.2:p.His333Arg,0.842,24.8,['Unknown%20significance'],54.62,0.26,0.0,0.8,0.8
OTOGL,12,80239386,NM_001378610.3:c.999T>A,NP_001365539.2:p.His333Gln,0.706,23.8,['Unknown%20significance'],54.62,0.26,0.0,0.9,0.9
OTOGL,12,80239386,NM_001378610.3:c.999T>G,NP_001365539.2:p.His333Gln,0.708,23.8,['Unknown%20significance'],54.62,0.26,0.0,0.9,0.9
OTOGL,12,80239390,NM_001378610.3:c.1003T>C,NP_001365539.2:p.Tyr335His,0.371,22.7,['Unknown%20significance'],58.0,0.24,0.0,1.0,1.0
OTOGL,12,80239391,NM_001378610.3:c.1004A>G,NP_001365539.2:p.Tyr335Cys,0.432,26.4,['Unknown%20significance'],58.0,0.24,0.0,0.9,0.9
OTOGL,12,80239393,NM_001378610.3:c.1006A>G,NP_001365539.2:p.Ile336Val,0.275,17.20,['Unknown%20significance'],0.0,0.0,0.0,-0.2,0.2
OTOGL,12,80239396,NM_001378610.3:c.1009G>A,NP_001365539.2:p.Asp337Asn,0.420,29.0,['Unknown%20significance'],4.29,0.02,0.0,-0.2,0.2
OTOGL,12,80239396,NM_001378610.3:c.1009G>T,NP_001365539.2:p.Asp337Tyr,0.866,32,['Unknown%20significance'],4.29,0.02,0.0,-1.4,1.4
OTOGL,12,80239399,NM_001378610.3:c.1012C>A,NP_001365539.2:p.Pro338Thr,0.815,25.3,['Unknown%20significance'],3.94,0.02,0.0,0.8,0.8
OTOGL,12,80239399,NM_001378610.3:c.1012C>T,NP_001365539.2:p.Pro338Ser,0.739,25.5,['Unknown%20significance'],3.94,0.02,0.0,1.4,1.4
OTOGL,12,80239400,NM_001378610.3:c.1013C>A,NP_001365539.2:p.Pro338Gln,0.809,25.3,['Unknown%20significance'],3.94,0.02,0.0,1.0,1.0
OTOGL,12,80239403,NM_001378610.3:c.1016A>T,NP_001365539.2:p.Tyr339Phe,0.446,23.8,['Unknown%20significance'],27.26,0.11,0.0,0.4,0.4
OTOGL,12,80239408,NM_001378610.3:c.1021T>C,NP_001365539.2:p.Tyr341His,0.806,27.4,['Unknown%20significance'],0.21,0.0,0.0,2.7,2.7
OTOGL,12,80239409,NM_001378610.3:c.1022A>G,NP_001365539.2:p.Tyr341Cys,0.881,27.4,['Unknown%20significance'],0.21,0.0,0.0,3.3,3.3
OTOGL,12,80239414,NM_001378610.3:c.1027G>A,NP_001365539.2:p.Ala343Thr,0.448,24.4,['Unknown%20significance'],0.0,0.0,0.0,0.0,0.0
OTOGL,12,80239415,NM_001378610.3:c.1028C>A,NP_001365539.2:p.Ala343Asp,0.456,23.6,['Unknown%20significance'],0.0,0.0,0.0,0.5,0.5
OTOGL,12,80239415,NM_001378610.3:c.1028C>T,NP_001365539.2:p.Ala343Val,0.513,24.0,['Unknown%20significance'],0.0,0.0,0.0,-0.9,0.9
OTOGL,12,80239418,NM_001378610.3:c.1031G>A,NP_001365539.2:p.Ser344Asn,0.493,24.7,['Unknown%20significance'],0.0,0.0,0.0,-0.0,0.0
OTOGL,12,80239419,NM_001378610.3:c.1032C>A,NP_001365539.2:p.Ser344Arg,0.627,25.4,['Unknown%20significance'],0.0,0.0,0.0,-0.4,0.4
OTOGL,12,80239420,NM_001378610.3:c.1033T>C,NP_001365539.2:p.Cys345Arg,0.926,29.4,['Unknown%20significance'],0.0,0.0,0.0,4.9,4.9
OTOGL,12,80239423,NM_001378610.3:c.1036G>A,NP_001365539.2:p.Val346Ile,0.235,21.9,['Unknown%20significance'],0.0,0.0,0.0,-0.0,0.0
OTOGL,12,80239426,NM_001378610.3:c.1039A>G,NP_001365539.2:p.Asn347Asp,0.502,25.9,['Unknown%20significance'],1.05,0.0,0.0,0.8,0.8
OTOGL,12,80239429,NM_001378610.3:c.1042G>A,NP_001365539.2:p.Asp348Asn,0.673,32,['Unknown%20significance'],0.09,0.0,0.0,0.0,0.0
OTOGL,12,80239430,NM_001378610.3:c.1043A>G,NP_001365539.2:p.Asp348Gly,0.860,28.8,['Unknown%20significance'],0.09,0.0,0.0,1.4,1.4
OTOGL,12,80239431,NM_001378610.3:c.1044T>A,NP_001365539.2:p.Asp348Glu,0.691,24.0,['Unknown%20significance'],0.09,0.0,0.0,0.4,0.4
OTOGL,12,80239432,NM_001378610.3:c.1045C>A,NP_001365539.2:p.Leu349Ile,0.360,25.5,['Unknown%20significance'],1.17,0.0,0.0,-0.0,0.0
OTOGL,12,80239433,NM_001378610.3:c.1046T>C,NP_001365539.2:p.Leu349Pro,0.884,29.1,['Unknown%20significance'],1.17,0.0,0.0,2.9,2.9
OTOGL,12,80239436,NM_001378610.3:c.1049G>A,NP_001365539.2:p.Cys350Tyr,0.941,28.4,['Unknown%20significance'],13.06,0.08,0.0,2.8,2.8
OTOGL,12,80239436,NM_001378610.3:c.1049G>T,NP_001365539.2:p.Cys350Phe,0.940,28.7,['Unknown%20significance'],13.06,0.08,0.0,2.9,2.9
OTOGL,12,80239437,NM_001378610.3:c.1050C>G,NP_001365539.2:p.Cys350Trp,0.858,32,['Unknown%20significance'],13.06,0.08,0.0,2.7,2.7
OTOGL,12,80239439,NM_001378610.3:c.1052A>G,NP_001365539.2:p.Lys351Arg,0.248,19.99,['Unknown%20significance'],89.94,0.37,0.0,-0.6,0.6
OTOGL,12,80239439,NM_001378610.3:c.1052A>T,NP_001365539.2:p.Lys351Ile,0.403,24.9,['Unknown%20significance'],89.94,0.37,0.0,-1.0,1.0
OTOGL,12,80251694,NM_001378610.3:c.1054A>G,NP_001365539.2:p.Thr352Ala,0.187,22.3,['Likely%20benign'],43.22,0.27,0.0,0.3,0.3
OTOGL,12,80251695,NM_001378610.3:c.1055C>A,NP_001365539.2:p.Thr352Asn,0.225,22.5,['Unknown%20significance'],43.22,0.27,0.0,0.4,0.4
OTOGL,12,80251697,NM_001378610.3:c.1057G>A,NP_001365539.2:p.Asp353Asn,0.145,20.5,['Unknown%20significance'],81.14,0.5,0.0,-0.2,0.2
OTOGL,12,80251697,NM_001378610.3:c.1057G>T,NP_001365539.2:p.Asp353Tyr,0.578,23.7,['Unknown%20significance'],81.14,0.5,0.0,-0.6,0.6
OTOGL,12,80251698,NM_001378610.3:c.1058A>G,NP_001365539.2:p.Asp353Gly,0.288,20.9,['Unknown%20significance'],81.14,0.5,0.0,0.0,0.0
OTOGL,12,80251698,NM_001378610.3:c.1058A>T,NP_001365539.2:p.Asp353Val,0.577,24.2,['Unknown%20significance'],81.14,0.5,0.0,-0.3,0.3
OTOGL,12,80251699,NM_001378610.3:c.1059T>A,NP_001365539.2:p.Asp353Glu,0.133,14.40,['Unknown%20significance'],81.14,0.5,0.0,0.0,0.0
OTOGL,12,80251700,NM_001378610.3:c.1060G>A,NP_001365539.2:p.Asp354Asn,0.310,25.9,['Unknown%20significance'],52.23,0.32,0.0,-0.3,0.3
OTOGL,12,80251700,NM_001378610.3:c.1060G>C,NP_001365539.2:p.Asp354His,0.607,28.2,['Unknown%20significance'],52.23,0.32,0.0,-0.6,0.6
OTOGL,12,80251700,NM_001378610.3:c.1060G>T,NP_001365539.2:p.Asp354Tyr,0.647,29.5,['Unknown%20significance'],52.23,0.32,0.0,-1.1,1.1
OTOGL,12,80251701,NM_001378610.3:c.1061A>G,NP_001365539.2:p.Asp354Gly,0.504,24.5,['Unknown%20significance'],52.23,0.32,0.0,0.4,0.4
OTOGL,12,80251701,NM_001378610.3:c.1061A>T,NP_001365539.2:p.Asp354Val,0.688,28.0,['Unknown%20significance'],52.23,0.32,0.0,-0.6,0.6
OTOGL,12,80251702,NM_001378610.3:c.1062T>A,NP_001365539.2:p.Asp354Glu,0.404,22.6,['Unknown%20significance'],52.23,0.32,0.0,0.0,0.0
OTOGL,12,80251702,NM_001378610.3:c.1062T>G,NP_001365539.2:p.Asp354Glu,0.377,22.6,['Unknown%20significance'],52.23,0.32,0.0,0.0,0.0
OTOGL,12,80251703,NM_001378610.3:c.1063G>A,NP_001365539.2:p.Asp355Asn,0.319,23.9,['Unknown%20significance'],109.5,0.68,0.0,-0.1,0.1
OTOGL,12,80251703,NM_001378610.3:c.1063G>T,NP_001365539.2:p.Asp355Tyr,0.584,25.4,['Unknown%20significance'],109.5,0.68,0.0,-0.4,0.4
OTOGL,12,80251704,NM_001378610.3:c.1064A>T,NP_001365539.2:p.Asp355Val,0.568,24.5,['Unknown%20significance'],109.5,0.68,0.0,-0.2,0.2
OTOGL,12,80251706,NM_001378610.3:c.1066G>A,NP_001365539.2:p.Glu356Lys,0.354,23.7,['Unknown%20significance'],81.81,0.41,0.0,0.1,0.1
OTOGL,12,80251707,NM_001378610.3:c.1067A>G,NP_001365539.2:p.Glu356Gly,0.422,23.6,['Unknown%20significance'],81.81,0.41,0.0,0.4,0.4
OTOGL,12,80251707,NM_001378610.3:c.1067A>T,NP_001365539.2:p.Glu356Val,0.538,24.1,['Unknown%20significance'],81.81,0.41,0.0,-0.4,0.4
OTOGL,12,80251708,NM_001378610.3:c.1068A>C,NP_001365539.2:p.Glu356Asp,0.127,11.77,['Likely%20benign'],81.81,0.41,0.0,0.1,0.1
OTOGL,12,80251709,NM_001378610.3:c.1069A>C,NP_001365539.2:p.Thr357Pro,0.701,28.0,['Unknown%20significance'],0.0,0.0,0.0,1.1,1.1
OTOGL,12,80251709,NM_001378610.3:c.1069A>G,NP_001365539.2:p.Thr357Ala,0.351,25.8,['Unknown%20significance'],0.0,0.0,0.0,0.1,0.1
OTOGL,12,80251710,NM_001378610.3:c.1070C>T,NP_001365539.2:p.Thr357Ile,0.456,25.1,['Unknown%20significance'],0.0,0.0,0.0,-1.3,1.3
OTOGL,12,80251712,NM_001378610.3:c.1072T>C,NP_001365539.2:p.Tyr358His,0.547,28.3,['Unknown%20significance'],29.83,0.12,0.0,1.2,1.2
OTOGL,12,80251713,NM_001378610.3:c.1073A>G,NP_001365539.2:p.Tyr358Cys,0.478,27.1,['Unknown%20significance'],29.83,0.12,0.0,-0.1,0.1
OTOGL,12,80251715,NM_001378610.3:c.1075T>G,NP_001365539.2:p.Cys359Gly,0.963,27.4,['Unknown%20significance'],10.19,0.06,0.0,5.3,5.3
OTOGL,12,80251716,NM_001378610.3:c.1076G>A,NP_001365539.2:p.Cys359Tyr,0.964,28.1,['Unknown%20significance'],10.19,0.06,0.0,3.0,3.0
OTOGL,12,80251716,NM_001378610.3:c.1076G>T,NP_001365539.2:p.Cys359Phe,0.957,28.3,['Unknown%20significance'],10.19,0.06,0.0,2.9,2.9
OTOGL,12,80251718,NM_001378610.3:c.1078C>G,NP_001365539.2:p.Arg360Gly,0.388,24.9,['Unknown%20significance'],58.99,0.21,0.0,1.0,1.0
OTOGL,12,80251719,NM_001378610.3:c.1079G>A,NP_001365539.2:p.Arg360Gln,0.345,24.8,['Unknown%20significance'],58.99,0.21,0.0,-0.0,0.0
OTOGL,12,80251719,NM_001378610.3:c.1079G>T,NP_001365539.2:p.Arg360Leu,0.471,28.7,['Unknown%20significance'],58.99,0.21,0.0,-0.8,0.8
OTOGL,12,80251721,NM_001378610.3:c.1081G>A,NP_001365539.2:p.Ala361Thr,0.525,22.9,['Unknown%20significance'],0.0,0.0,0.0,0.3,0.3
OTOGL,12,80251721,NM_001378610.3:c.1081G>C,NP_001365539.2:p.Ala361Pro,0.773,26.6,['Unknown%20significance'],0.0,0.0,0.0,1.4,1.4
OTOGL,12,80251721,NM_001378610.3:c.1081G>T,NP_001365539.2:p.Ala361Ser,0.477,22.4,['Unknown%20significance'],0.0,0.0,0.0,0.9,0.9
OTOGL,12,80251722,NM_001378610.3:c.1082C>A,NP_001365539.2:p.Ala361Glu,0.836,24.9,['Unknown%20significance'],0.0,0.0,0.0,1.8,1.8
OTOGL,12,80251722,NM_001378610.3:c.1082C>G,NP_001365539.2:p.Ala361Gly,0.679,24.9,['Unknown%20significance'],0.0,0.0,0.0,1.9,1.9
OTOGL,12,80251722,NM_001378610.3:c.1082C>T,NP_001365539.2:p.Ala361Val,0.564,23.9,['Unknown%20significance'],0.0,0.0,0.0,-1.2,1.2
OTOGL,12,80251724,NM_001378610.3:c.1084G>A,NP_001365539.2:p.Ala362Thr,0.314,23.7,['Unknown%20significance'],1.83,0.01,0.0,-0.2,0.2
OTOGL,12,80251724,NM_001378610.3:c.1084G>C,NP_001365539.2:p.Ala362Pro,0.527,26.3,['Unknown%20significance'],1.83,0.01,0.0,0.8,0.8
OTOGL,12,80251724,NM_001378610.3:c.1084G>T,NP_001365539.2:p.Ala362Ser,0.357,23.3,['Unknown%20significance'],1.83,0.01,0.0,0.7,0.7
OTOGL,12,80251725,NM_001378610.3:c.1085C>A,NP_001365539.2:p.Ala362Asp,0.498,24.6,['Unknown%20significance'],1.83,0.01,0.0,1.4,1.4
OTOGL,12,80251725,NM_001378610.3:c.1085C>T,NP_001365539.2:p.Ala362Val,0.193,19.96,['Likely%20benign'],1.83,0.01,0.0,-2.0,2.0
OTOGL,12,80251727,NM_001378610.3:c.1087A>T,NP_001365539.2:p.Thr363Ser,0.327,19.83,['Unknown%20significance'],2.7,0.01,0.0,0.4,0.4
OTOGL,12,80251728,NM_001378610.3:c.1088C>T,NP_001365539.2:p.Thr363Ile,0.336,23.0,['Unknown%20significance'],2.7,0.01,0.0,-0.8,0.8
OTOGL,12,80251730,NM_001378610.3:c.1090G>A,NP_001365539.2:p.Glu364Lys,0.835,30,['Unknown%20significance'],0.36,0.0,0.0,-0.0,0.0
OTOGL,12,80251732,NM_001378610.3:c.1092G>C,NP_001365539.2:p.Glu364Asp,0.528,23.4,['Unknown%20significance'],0.36,0.0,0.0,0.4,0.4
OTOGL,12,80251732,NM_001378610.3:c.1092G>T,NP_001365539.2:p.Glu364Asp,0.582,23.4,['Unknown%20significance'],0.36,0.0,0.0,0.4,0.4
OTOGL,12,80251733,NM_001378610.3:c.1093T>A,NP_001365539.2:p.Tyr365Asn,0.924,27.8,['Unknown%20significance'],0.0,0.0,0.0,5.0,5.0
OTOGL,12,80251733,NM_001378610.3:c.1093T>G,NP_001365539.2:p.Tyr365Asp,0.954,27.9,['Unknown%20significance'],0.0,0.0,0.0,6.0,6.0
OTOGL,12,80251734,NM_001378610.3:c.1094A>G,NP_001365539.2:p.Tyr365Cys,0.913,28.5,['Unknown%20significance'],0.0,0.0,0.0,3.4,3.4
OTOGL,12,80251734,NM_001378610.3:c.1094A>T,NP_001365539.2:p.Tyr365Phe,0.720,26.3,['Unknown%20significance'],0.0,0.0,0.0,0.8,0.8
OTOGL,12,80251736,NM_001378610.3:c.1096G>A,NP_001365539.2:p.Ala366Thr,0.585,23.9,['Unknown%20significance'],0.0,0.0,0.0,0.5,0.5
OTOGL,12,80251736,NM_001378610.3:c.1096G>T,NP_001365539.2:p.Ala366Ser,0.450,25.1,['Unknown%20significance'],0.0,0.0,0.0,0.9,0.9
OTOGL,12,80251737,NM_001378610.3:c.1097C>A,NP_001365539.2:p.Ala366Asp,0.832,25.6,['Unknown%20significance'],0.0,0.0,0.0,1.8,1.8
OTOGL,12,80251737,NM_001378610.3:c.1097C>T,NP_001365539.2:p.Ala366Val,0.640,26.1,['Unknown%20significance'],0.0,0.0,0.0,-0.5,0.5
OTOGL,12,80251739,NM_001378610.3:c.1099A>G,NP_001365539.2:p.Arg367Gly,0.825,25.4,['Unknown%20significance'],16.02,0.05,0.0,1.9,1.9
OTOGL,12,80251740,NM_001378610.3:c.1100G>C,NP_001365539.2:p.Arg367Thr,0.891,26.9,['Unknown%20significance'],16.02,0.05,0.0,0.5,0.5
OTOGL,12,80251740,NM_001378610.3:c.1100G>T,NP_001365539.2:p.Arg367Ile,0.888,28.8,['Unknown%20significance'],16.02,0.05,0.0,-0.4,0.4
OTOGL,12,80251741,NM_001378610.3:c.1101A>C,NP_001365539.2:p.Arg367Ser,0.783,24.4,['Unknown%20significance'],16.02,0.05,0.0,0.8,0.8
OTOGL,12,80251742,NM_001378610.3:c.1102G>A,NP_001365539.2:p.Ala368Thr,0.585,26.6,['Unknown%20significance'],0.0,0.0,0.0,0.3,0.3
OTOGL,12,80251742,NM_001378610.3:c.1102G>T,NP_001365539.2:p.Ala368Ser,0.510,23.8,['Unknown%20significance'],0.0,0.0,0.0,0.7,0.7
OTOGL,12,80251743,NM_001378610.3:c.1103C>A,NP_001365539.2:p.Ala368Asp,0.778,25.6,['Unknown%20significance'],0.0,0.0,0.0,1.3,1.3
OTOGL,12,80251743,NM_001378610.3:c.1103C>T,NP_001365539.2:p.Ala368Val,0.681,25.9,['Unknown%20significance'],0.0,0.0,0.0,-0.8,0.8
OTOGL,12,80251745,NM_001378610.3:c.1105T>A,NP_001365539.2:p.Cys369Ser,0.926,26.5,['Unknown%20significance'],0.0,0.0,0.0,4.7,4.7
OTOGL,12,80251745,NM_001378610.3:c.1105T>C,NP_001365539.2:p.Cys369Arg,0.961,28.2,['Unknown%20significance'],0.0,0.0,0.0,4.6,4.6
OTOGL,12,80251746,NM_001378610.3:c.1106G>A,NP_001365539.2:p.Cys369Tyr,0.952,27.5,['Unknown%20significance'],0.0,0.0,0.0,2.9,2.9
OTOGL,12,80251746,NM_001378610.3:c.1106G>T,NP_001365539.2:p.Cys369Phe,0.951,27.6,['Unknown%20significance'],0.0,0.0,0.0,3.1,3.1
OTOGL,12,80251748,NM_001378610.3:c.1108T>G,NP_001365539.2:p.Ser370Ala,0.317,22.6,['Unknown%20significance'],0.0,0.0,0.0,-0.5,0.5
OTOGL,12,80251749,NM_001378610.3:c.1109C>A,NP_001365539.2:p.Ser370Tyr,0.869,25.4,['Unknown%20significance'],0.0,0.0,0.0,-1.6,1.6
OTOGL,12,80251751,NM_001378610.3:c.1111C>A,NP_001365539.2:p.His371Asn,0.542,24.9,['Unknown%20significance'],0.02,0.0,0.0,0.8,0.8
OTOGL,12,80251751,NM_001378610.3:c.1111C>T,NP_001365539.2:p.His371Tyr,0.557,24.9,['Unknown%20significance'],0.02,0.0,0.0,-0.9,0.9
OTOGL,12,80251752,NM_001378610.3:c.1112A>G,NP_001365539.2:p.His371Arg,0.684,24.9,['Unknown%20significance'],0.02,0.0,0.0,0.1,0.1
OTOGL,12,80251753,NM_001378610.3:c.1113T>A,NP_001365539.2:p.His371Gln,0.477,14.04,['Likely%20benign'],0.02,0.0,0.0,0.3,0.3
OTOGL,12,80251753,NM_001378610.3:c.1113T>G,NP_001365539.2:p.His371Gln,0.461,14.16,['Likely%20benign'],0.02,0.0,0.0,0.3,0.3
OTOGL,12,80251754,NM_001378610.3:c.1114G>A,NP_001365539.2:p.Ala372Thr,0.660,26.7,['Unknown%20significance'],10.61,0.08,0.0,0.2,0.2
OTOGL,12,80251754,NM_001378610.3:c.1114G>T,NP_001365539.2:p.Ala372Ser,0.472,22.8,['Unknown%20significance'],10.61,0.08,0.0,0.5,0.5
OTOGL,12,80251755,NM_001378610.3:c.1115C>A,NP_001365539.2:p.Ala372Asp,0.653,25.0,['Unknown%20significance'],10.61,0.08,0.0,1.0,1.0
OTOGL,12,80251755,NM_001378610.3:c.1115C>T,NP_001365539.2:p.Ala372Val,0.456,22.2,['Unknown%20significance'],10.61,0.08,0.0,-0.4,0.4
OTOGL,12,80251757,NM_001378610.3:c.1117G>A,NP_001365539.2:p.Gly373Ser,0.905,29.6,['Unknown%20significance'],28.11,0.29,0.0,0.5,0.5
OTOGL,12,80251757,NM_001378610.3:c.1117G>T,NP_001365539.2:p.Gly373Cys,0.924,31,['Unknown%20significance'],28.11,0.29,0.0,0.4,0.4
OTOGL,12,80251758,NM_001378610.3:c.1118G>A,NP_001365539.2:p.Gly373Asp,0.890,24.4,['Unknown%20significance'],28.11,0.29,0.0,0.9,0.9
OTOGL,12,80251758,NM_001378610.3:c.1118G>T,NP_001365539.2:p.Gly373Val,0.930,26.6,['Unknown%20significance'],28.11,0.29,0.0,0.2,0.2
OTOGL,12,80251760,NM_001378610.3:c.1120T>A,NP_001365539.2:p.Tyr374Asn,0.462,21.9,['Unknown%20significance'],91.2,0.38,0.0,1.3,1.3
OTOGL,12,80251760,NM_001378610.3:c.1120T>C,NP_001365539.2:p.Tyr374His,0.152,19.83,['Likely%20benign'],91.2,0.38,0.0,1.0,1.0
OTOGL,12,80251761,NM_001378610.3:c.1121A>C,NP_001365539.2:p.Tyr374Ser,0.277,15.71,['Likely%20benign'],91.2,0.38,0.0,1.2,1.2
OTOGL,12,80251761,NM_001378610.3:c.1121A>G,NP_001365539.2:p.Tyr374Cys,0.521,21.9,['Unknown%20significance'],91.2,0.38,0.0,0.4,0.4
OTOGL,12,80251763,NM_001378610.3:c.1123C>A,NP_001365539.2:p.Pro375Thr,0.611,24.7,['Unknown%20significance'],29.41,0.18,0.0,-0.6,0.6
OTOGL,12,80251763,NM_001378610.3:c.1123C>T,NP_001365539.2:p.Pro375Ser,0.580,24.9,['Unknown%20significance'],29.41,0.18,0.0,-0.1,0.1
OTOGL,12,80251764,NM_001378610.3:c.1124C>A,NP_001365539.2:p.Pro375His,0.689,25.2,['Unknown%20significance'],29.41,0.18,0.0,-0.4,0.4
OTOGL,12,80251766,NM_001378610.3:c.1126A>G,NP_001365539.2:p.Ile376Val,0.171,17.30,['Benign'],17.2,0.08,0.0,0.2,0.2
OTOGL,12,80251769,NM_001378610.3:c.1129C>A,NP_001365539.2:p.Gln377Lys,0.334,20.9,['Unknown%20significance'],105.59,0.53,0.0,0.2,0.2
OTOGL,12,80251769,NM_001378610.3:c.1129C>G,NP_001365539.2:p.Gln377Glu,0.327,22.0,['Unknown%20significance'],105.59,0.53,0.0,0.3,0.3
OTOGL,12,80251770,NM_001378610.3:c.1130A>G,NP_001365539.2:p.Gln377Arg,0.169,15.65,['Likely%20benign'],105.59,0.53,0.0,-0.2,0.2
OTOGL,12,80251771,NM_001378610.3:c.1131A>T,NP_001365539.2:p.Gln377His,0.270,10.07,['Likely%20benign'],105.59,0.53,0.0,-0.2,0.2
OTOGL,12,80251772,NM_001378610.3:c.1132G>T,NP_001365539.2:p.Asp378Tyr,0.704,29.5,['Unknown%20significance'],72.68,0.45,0.0,-0.6,0.6
OTOGL,12,80251774,NM_001378610.3:c.1134C>A,NP_001365539.2:p.Asp378Glu,0.158,14.15,['Likely%20benign'],72.68,0.45,0.0,-0.0,0.0
OTOGL,12,80251774,NM_001378610.3:c.1134C>G,NP_001365539.2:p.Asp378Glu,0.158,14.95,['Likely%20benign'],72.68,0.45,0.0,-0.0,0.0
OTOGL,12,80251775,NM_001378610.3:c.1135T>A,NP_001365539.2:p.Trp379Arg,0.879,29.2,['Unknown%20significance'],0.85,0.0,0.0,4.8,4.8
OTOGL,12,80251775,NM_001378610.3:c.1135T>C,NP_001365539.2:p.Trp379Arg,0.879,28.8,['Unknown%20significance'],0.85,0.0,0.0,4.8,4.8
OTOGL,12,80251776,NM_001378610.3:c.1136G>T,NP_001365539.2:p.Trp379Leu,0.889,32,['Unknown%20significance'],0.85,0.0,0.0,3.8,3.8
OTOGL,12,80251777,NM_001378610.3:c.1137G>C,NP_001365539.2:p.Trp379Cys,0.911,32,['Unknown%20significance'],0.85,0.0,0.0,4.5,4.5
OTOGL,12,80251777,NM_001378610.3:c.1137G>T,NP_001365539.2:p.Trp379Cys,0.912,32,['Unknown%20significance'],0.85,0.0,0.0,4.5,4.5
OTOGL,12,80251778,NM_001378610.3:c.1138A>G,NP_001365539.2:p.Arg380Gly,0.894,26.3,['Unknown%20significance'],10.58,0.03,0.0,2.7,2.7
OTOGL,12,80251779,NM_001378610.3:c.1139G>A,NP_001365539.2:p.Arg380Lys,0.883,27.4,['Unknown%20significance'],10.58,0.03,0.0,1.2,1.2
OTOGL,12,80251779,NM_001378610.3:c.1139G>T,NP_001365539.2:p.Arg380Ile,0.945,29.8,['Unknown%20significance'],10.58,0.03,0.0,1.1,1.1
OTOGL,12,80251781,NM_001378610.3:c.1141G>C,NP_001365539.2:p.Asp381His,0.649,28.8,['Unknown%20significance'],76.36,0.47,0.0,-0.2,0.2
OTOGL,12,80251781,NM_001378610.3:c.1141G>T,NP_001365539.2:p.Asp381Tyr,0.739,31,['Unknown%20significance'],76.36,0.47,0.0,-0.5,0.5
OTOGL,12,80251783,NM_001378610.3:c.1143T>G,NP_001365539.2:p.Asp381Glu,0.197,16.96,['Unknown%20significance'],76.36,0.47,0.0,-0.1,0.1
OTOGL,12,80251784,NM_001378610.3:c.1144G>A,NP_001365539.2:p.Asp382Asn,0.363,24.9,['Unknown%20significance'],58.59,0.36,0.0,-0.1,0.1
OTOGL,12,80251784,NM_001378610.3:c.1144G>T,NP_001365539.2:p.Asp382Tyr,0.669,29.1,['Unknown%20significance'],58.59,0.36,0.0,-0.8,0.8
OTOGL,12,80251790,NM_001378610.3:c.1150C>A,NP_001365539.2:p.Pro384Thr,0.115,23.4,['Unknown%20significance'],134.26,0.85,0.0,-0.1,0.1
OTOGL,12,80251790,NM_001378610.3:c.1150C>G,NP_001365539.2:p.Pro384Ala,0.108,21.6,['Unknown%20significance'],134.26,0.85,0.0,-0.0,0.0
OTOGL,12,80251791,NM_001378610.3:c.1151C>A,NP_001365539.2:p.Pro384Gln,0.149,21.1,['Unknown%20significance'],134.26,0.85,0.0,-0.1,0.1
OTOGL,12,80251793,NM_001378610.3:c.1153G>A,NP_001365539.2:p.Ala385Thr,0.126,23.6,['Unknown%20significance'],55.7,0.43,0.0,-0.1,0.1
OTOGL,12,80251793,NM_001378610.3:c.1153G>T,NP_001365539.2:p.Ala385Ser,0.101,21.3,['Unknown%20significance'],55.7,0.43,0.0,0.1,0.1
OTOGL,12,80251794,NM_001378610.3:c.1154C>A,NP_001365539.2:p.Ala385Glu,0.160,22.9,['Unknown%20significance'],55.7,0.43,0.0,0.3,0.3
OTOGL,12,80251794,NM_001378610.3:c.1154C>G,NP_001365539.2:p.Ala385Gly,0.159,23.5,['Unknown%20significance'],55.7,0.43,0.0,0.4,0.4
OTOGL,12,80251796,NM_001378610.3:c.1156T>A,NP_001365539.2:p.Cys386Ser,0.906,26.7,['Unknown%20significance'],1.23,0.0,0.0,4.0,4.0
OTOGL,12,80251796,NM_001378610.3:c.1156T>C,NP_001365539.2:p.Cys386Arg,0.894,28.6,['Unknown%20significance'],1.23,0.0,0.0,3.9,3.9
OTOGL,12,80251796,NM_001378610.3:c.1156T>G,NP_001365539.2:p.Cys386Gly,0.908,29.5,['Unknown%20significance'],1.23,0.0,0.0,4.9,4.9
OTOGL,12,80251799,NM_001378610.3:c.1159A>G,NP_001365539.2:p.Thr387Ala,0.398,19.74,['Likely%20benign'],97.39,0.61,0.0,-0.0,0.0
OTOGL,12,80252076,NM_001378610.3:c.1160C>A,NP_001365539.2:p.Thr387Asn,0.413,15.34,['Likely%20benign'],97.39,0.61,0.0,0.2,0.2
OTOGL,12,80252076,NM_001378610.3:c.1160C>T,NP_001365539.2:p.Thr387Ile,0.280,19.08,['Likely%20benign'],97.39,0.61,0.0,-0.2,0.2
OTOGL,12,80252081,NM_001378610.3:c.1165A>G,NP_001365539.2:p.Lys389Glu,0.376,22.1,['Unknown%20significance'],228.35,0.96,0.0,-0.0,0.0
OTOGL,12,80252084,NM_001378610.3:c.1168T>C,NP_001365539.2:p.Cys390Arg,0.931,28.5,['Unknown%20significance'],43.5,0.28,0.0,2.7,2.7
OTOGL,12,80252085,NM_001378610.3:c.1169G>A,NP_001365539.2:p.Cys390Tyr,0.952,28.2,['Unknown%20significance'],43.5,0.28,0.0,1.9,1.9
OTOGL,12,80252088,NM_001378610.3:c.1172A>T,NP_001365539.2:p.Asp391Val,0.679,27.9,['Unknown%20significance'],99.59,0.62,0.0,-0.2,0.2
OTOGL,12,80252092,NM_001378610.3:c.1176T>A,NP_001365539.2:p.Asp392Glu,0.260,0.355,['Likely%20benign'],178.17,1.0,0.0,-0.0,0.0
OTOGL,12,80252092,NM_001378610.3:c.1176T>G,NP_001365539.2:p.Asp392Glu,0.260,0.386,['Likely%20benign'],178.17,1.0,0.0,-0.0,0.0
OTOGL,12,80252093,NM_001378610.3:c.1177A>C,NP_001365539.2:p.Ser393Arg,0.424,26.1,['Unknown%20significance'],50.58,0.36,0.0,-0.2,0.2
OTOGL,12,80252094,NM_001378610.3:c.1178G>A,NP_001365539.2:p.Ser393Asn,0.260,22.3,['Unknown%20significance'],50.58,0.36,0.0,-0.2,0.2
OTOGL,12,80252095,NM_001378610.3:c.1179C>A,NP_001365539.2:p.Ser393Arg,0.439,22.7,['Unknown%20significance'],50.58,0.36,0.0,-0.2,0.2
OTOGL,12,80252096,NM_001378610.3:c.1180T>G,NP_001365539.2:p.Phe394Val,0.685,23.5,['Unknown%20significance'],30.06,0.13,0.0,0.4,0.4
OTOGL,12,80252099,NM_001378610.3:c.1183G>A,NP_001365539.2:p.Val395Ile,0.335,21.2,['Unknown%20significance'],71.1,0.41,0.0,-0.0,0.0
OTOGL,12,80252102,NM_001378610.3:c.1186C>T,NP_001365539.2:p.His396Tyr,0.396,17.44,['Unknown%20significance'],52.9,0.25,0.0,-1.4,1.4
OTOGL,12,80252103,NM_001378610.3:c.1187A>C,NP_001365539.2:p.His396Pro,0.796,26.7,['Unknown%20significance'],52.9,0.25,0.0,1.4,1.4
OTOGL,12,80252103,NM_001378610.3:c.1187A>G,NP_001365539.2:p.His396Arg,0.730,25.4,['Unknown%20significance'],52.9,0.25,0.0,0.7,0.7
OTOGL,12,80252104,NM_001378610.3:c.1188T>G,NP_001365539.2:p.His396Gln,0.683,21.4,['Unknown%20significance'],52.9,0.25,0.0,1.1,1.1
OTOGL,12,80252105,NM_001378610.3:c.1189C>T,NP_001365539.2:p.Arg397Trp,0.796,29.1,['Unknown%20significance'],55.33,0.2,0.0,-0.4,0.4
OTOGL,12,80252106,NM_001378610.3:c.1190G>A,NP_001365539.2:p.Arg397Gln,0.579,28.1,['Unknown%20significance'],55.33,0.2,0.0,0.3,0.3
OTOGL,12,80252106,NM_001378610.3:c.1190G>C,NP_001365539.2:p.Arg397Pro,0.825,28.5,['Unknown%20significance'],55.33,0.2,0.0,1.0,1.0
OTOGL,12,80252106,NM_001378610.3:c.1190G>T,NP_001365539.2:p.Arg397Leu,0.783,27.7,['Unknown%20significance'],55.33,0.2,0.0,-0.0,0.0
OTOGL,12,80252109,NM_001378610.3:c.1193A>G,NP_001365539.2:p.Asp398Gly,0.800,28.0,['Unknown%20significance'],1.49,0.0,0.0,0.8,0.8
OTOGL,12,80252109,NM_001378610.3:c.1193A>T,NP_001365539.2:p.Asp398Val,0.801,28.2,['Unknown%20significance'],1.49,0.0,0.0,-1.6,1.6
OTOGL,12,80252110,NM_001378610.3:c.1194C>A,NP_001365539.2:p.Asp398Glu,0.399,10.67,['Likely%20benign'],1.49,0.0,0.0,-0.2,0.2
OTOGL,12,80252111,NM_001378610.3:c.1195T>C,NP_001365539.2:p.Cys399Arg,0.974,27.7,['Unknown%20significance'],39.68,0.25,0.0,2.3,2.3
OTOGL,12,80252112,NM_001378610.3:c.1196G>A,NP_001365539.2:p.Cys399Tyr,0.968,27.7,['Unknown%20significance'],39.68,0.25,0.0,1.6,1.6
OTOGL,12,80252114,NM_001378610.3:c.1198A>G,NP_001365539.2:p.Ile400Val,0.440,25.0,['Unknown%20significance'],3.03,0.01,0.0,0.0,0.0
OTOGL,12,80252114,NM_001378610.3:c.1198A>T,NP_001365539.2:p.Ile400Phe,0.787,27.3,['Unknown%20significance'],3.03,0.01,0.0,-0.2,0.2
OTOGL,12,80252117,NM_001378610.3:c.1201A>T,NP_001365539.2:p.Ser401Cys,0.803,26.7,['Unknown%20significance'],67.07,0.48,0.0,-0.7,0.7
OTOGL,12,80252118,NM_001378610.3:c.1202G>A,NP_001365539.2:p.Ser401Asn,0.485,23.9,['Unknown%20significance'],67.07,0.48,0.0,0.1,0.1
OTOGL,12,80252118,NM_001378610.3:c.1202G>T,NP_001365539.2:p.Ser401Ile,0.801,27.4,['Unknown%20significance'],67.07,0.48,0.0,-0.2,0.2
OTOGL,12,80252119,NM_001378610.3:c.1203T>G,NP_001365539.2:p.Ser401Arg,0.681,22.8,['Unknown%20significance'],67.07,0.48,0.0,0.1,0.1
OTOGL,12,80252120,NM_001378610.3:c.1204T>C,NP_001365539.2:p.Cys402Arg,0.803,28.3,['Unknown%20significance'],3.23,0.02,0.0,1.0,1.0
OTOGL,12,80252123,NM_001378610.3:c.1207T>G,NP_001365539.2:p.Cys403Gly,0.893,27.8,['Unknown%20significance'],5.35,0.03,0.0,4.3,4.3
OTOGL,12,80252124,NM_001378610.3:c.1208G>A,NP_001365539.2:p.Cys403Tyr,0.963,28.1,['Unknown%20significance'],5.35,0.03,0.0,2.1,2.1
OTOGL,12,80252124,NM_001378610.3:c.1208G>T,NP_001365539.2:p.Cys403Phe,0.965,28.2,['Unknown%20significance'],5.35,0.03,0.0,2.4,2.4
OTOGL,12,80252126,NM_001378610.3:c.1210C>A,NP_001365539.2:p.Pro404Thr,0.627,25.1,['Unknown%20significance'],3.6,0.02,0.0,0.4,0.4
OTOGL,12,80252126,NM_001378610.3:c.1210C>T,NP_001365539.2:p.Pro404Ser,0.622,25.4,['Unknown%20significance'],3.6,0.02,0.0,0.7,0.7
OTOGL,12,80252127,NM_001378610.3:c.1211C>A,NP_001365539.2:p.Pro404Gln,0.666,25.5,['Unknown%20significance'],3.6,0.02,0.0,0.5,0.5
OTOGL,12,80252129,NM_001378610.3:c.1213C>A,NP_001365539.2:p.Pro405Thr,0.437,19.34,['Unknown%20significance'],56.12,0.35,0.0,-0.1,0.1
OTOGL,12,80252129,NM_001378610.3:c.1213C>T,NP_001365539.2:p.Pro405Ser,0.554,21.1,['Unknown%20significance'],56.12,0.35,0.0,-0.0,0.0
OTOGL,12,80252130,NM_001378610.3:c.1214C>A,NP_001365539.2:p.Pro405Gln,0.548,23.6,['Unknown%20significance'],56.12,0.35,0.0,-0.2,0.2
OTOGL,12,80252130,NM_001378610.3:c.1214C>T,NP_001365539.2:p.Pro405Leu,0.669,24.3,['Unknown%20significance'],56.12,0.35,0.0,-0.5,0.5
OTOGL,12,80252132,NM_001378610.3:c.1216A>G,NP_001365539.2:p.Thr406Ala,0.617,23.1,['Unknown%20significance'],35.19,0.22,0.0,0.8,0.8
OTOGL,12,80252133,NM_001378610.3:c.1217C>A,NP_001365539.2:p.Thr406Asn,0.651,23.7,['Unknown%20significance'],35.19,0.22,0.0,0.8,0.8
OTOGL,12,80252133,NM_001378610.3:c.1217C>T,NP_001365539.2:p.Thr406Ile,0.787,24.1,['Unknown%20significance'],35.19,0.22,0.0,0.2,0.2
OTOGL,12,80252135,NM_001378610.3:c.1219T>A,NP_001365539.2:p.Cys407Ser,0.946,26.6,['Unknown%20significance'],22.25,0.14,0.0,3.1,3.1
OTOGL,12,80252135,NM_001378610.3:c.1219T>C,NP_001365539.2:p.Cys407Arg,0.975,28.5,['Unknown%20significance'],22.25,0.14,0.0,3.0,3.0
OTOGL,12,80252136,NM_001378610.3:c.1220G>A,NP_001365539.2:p.Cys407Tyr,0.969,27.3,['Unknown%20significance'],22.25,0.14,0.0,2.2,2.2
OTOGL,12,80252136,NM_001378610.3:c.1220G>T,NP_001365539.2:p.Cys407Phe,0.962,27.3,['Unknown%20significance'],22.25,0.14,0.0,2.4,2.4
OTOGL,12,80252138,NM_001378610.3:c.1222A>T,NP_001365539.2:p.Thr408Ser,0.487,21.6,['Unknown%20significance'],93.91,0.59,0.0,0.1,0.1
OTOGL,12,80252139,NM_001378610.3:c.1223C>A,NP_001365539.2:p.Thr408Lys,0.693,21.2,['Unknown%20significance'],93.91,0.59,0.0,0.3,0.3
OTOGL,12,80252139,NM_001378610.3:c.1223C>T,NP_001365539.2:p.Thr408Ile,0.704,22.5,['Unknown%20significance'],93.91,0.59,0.0,-0.1,0.1
OTOGL,12,80252141,NM_001378610.3:c.1225T>C,NP_001365539.2:p.Phe409Leu,0.613,23.7,['Unknown%20significance'],15.35,0.06,0.0,0.4,0.4
OTOGL,12,80252144,NM_001378610.3:c.1228G>C,NP_001365539.2:p.Glu410Gln,0.335,24.1,['Unknown%20significance'],143.24,0.73,0.0,-0.1,0.1
OTOGL,12,80252145,NM_001378610.3:c.1229A>G,NP_001365539.2:p.Glu410Gly,0.627,24.8,['Unknown%20significance'],143.24,0.73,0.0,0.2,0.2
OTOGL,12,80252148,NM_001378610.3:c.1232A>G,NP_001365539.2:p.Lys411Arg,0.395,20.8,['Likely%20benign'],33.32,0.14,0.0,-0.7,0.7
OTOGL,12,80252149,NM_001378610.3:c.1233G>C,NP_001365539.2:p.Lys411Asn,0.258,16.92,['Likely%20benign'],33.32,0.14,0.0,-0.3,0.3
OTOGL,12,80252153,NM_001378610.3:c.1237T>C,NP_001365539.2:p.Cys413Arg,0.690,28.0,['Unknown%20significance'],105.11,0.68,0.0,0.4,0.4
OTOGL,12,80252154,NM_001378610.3:c.1238G>A,NP_001365539.2:p.Cys413Tyr,0.711,27.6,['Unknown%20significance'],105.11,0.68,0.0,0.1,0.1
OTOGL,12,80252156,NM_001378610.3:c.1240C>A,NP_001365539.2:p.Leu414Ile,0.201,22.4,['Likely%20benign'],26.77,0.13,0.0,-0.1,0.1
OTOGL,12,80252156,NM_001378610.3:c.1240C>G,NP_001365539.2:p.Leu414Val,0.224,22.1,['Unknown%20significance'],26.77,0.13,0.0,0.0,0.0
OTOGL,12,80252159,NM_001378610.3:c.1243G>A,NP_001365539.2:p.Gly415Arg,0.489,26.0,['Unknown%20significance'],15.72,0.16,0.0,-0.9,0.9
OTOGL,12,80252159,NM_001378610.3:c.1243G>T,NP_001365539.2:p.Gly415Trp,0.671,26.7,['Unknown%20significance'],15.72,0.16,0.0,-1.3,1.3
OTOGL,12,80252160,NM_001378610.3:c.1244G>A,NP_001365539.2:p.Gly415Glu,0.587,26.6,['Unknown%20significance'],15.72,0.16,0.0,-0.3,0.3
OTOGL,12,80252163,NM_001378610.3:c.1247G>A,NP_001365539.2:p.Ser416Asn,0.478,22.7,['Unknown%20significance'],24.23,0.17,0.0,0.2,0.2
OTOGL,12,80252163,NM_001378610.3:c.1247G>T,NP_001365539.2:p.Ser416Ile,0.699,24.8,['Unknown%20significance'],24.23,0.17,0.0,-1.0,1.0
OTOGL,12,80252164,NM_001378610.3:c.1248C>A,NP_001365539.2:p.Ser416Arg,0.763,23.9,['Unknown%20significance'],24.23,0.17,0.0,-0.4,0.4
OTOGL,12,80252166,NM_001378610.3:c.1250A>G,NP_001365539.2:p.Asn417Ser,0.237,20.6,['Unknown%20significance'],13.26,0.08,0.0,0.1,0.1
OTOGL,12,80252166,NM_001378610.3:c.1250A>T,NP_001365539.2:p.Asn417Ile,0.538,25.2,['Unknown%20significance'],13.26,0.08,0.0,-0.5,0.5
OTOGL,12,80252168,NM_001378610.3:c.1252C>A,NP_001365539.2:p.Leu418Ile,0.132,23.3,['Unknown%20significance'],1.93,0.01,0.0,0.1,0.1
OTOGL,12,80252171,NM_001378610.3:c.1255C>A,NP_001365539.2:p.His419Asn,0.222,21.1,['Unknown%20significance'],120.54,0.58,0.0,0.3,0.3
OTOGL,12,80252172,NM_001378610.3:c.1256A>C,NP_001365539.2:p.His419Pro,0.457,23.0,['Unknown%20significance'],120.54,0.58,0.0,0.3,0.3
OTOGL,12,80252172,NM_001378610.3:c.1256A>G,NP_001365539.2:p.His419Arg,0.490,15.92,['Unknown%20significance'],120.54,0.58,0.0,0.1,0.1
OTOGL,12,80252173,NM_001378610.3:c.1257T>A,NP_001365539.2:p.His419Gln,0.432,1.622,['Likely%20benign'],120.54,0.58,0.0,0.2,0.2
OTOGL,12,80252174,NM_001378610.3:c.1258T>C,NP_001365539.2:p.Cys420Arg,0.916,28.0,['Unknown%20significance'],1.23,0.0,0.0,3.3,3.3
OTOGL,12,80252175,NM_001378610.3:c.1259G>A,NP_001365539.2:p.Cys420Tyr,0.929,27.7,['Unknown%20significance'],1.23,0.0,0.0,2.2,2.2
OTOGL,12,80252175,NM_001378610.3:c.1259G>T,NP_001365539.2:p.Cys420Phe,0.941,28.1,['Unknown%20significance'],1.23,0.0,0.0,2.6,2.6
OTOGL,12,80252177,NM_001378610.3:c.1261C>A,NP_001365539.2:p.Leu421Ile,0.096,22.9,['Unknown%20significance'],0.0,0.0,0.0,-0.3,0.3
OTOGL,12,80252178,NM_001378610.3:c.1262T>A,NP_001365539.2:p.Leu421His,0.692,27.1,['Unknown%20significance'],0.0,0.0,0.0,1.1,1.1
OTOGL,12,80252178,NM_001378610.3:c.1262T>C,NP_001365539.2:p.Leu421Pro,0.514,28.0,['Unknown%20significance'],0.0,0.0,0.0,2.3,2.3
OTOGL,12,80252180,NM_001378610.3:c.1264G>A,NP_001365539.2:p.Asp422Asn,0.594,29.1,['Unknown%20significance'],3.23,0.02,0.0,-0.0,0.0
OTOGL,12,80252180,NM_001378610.3:c.1264G>T,NP_001365539.2:p.Asp422Tyr,0.771,28.7,['Unknown%20significance'],3.23,0.02,0.0,-1.1,1.1
OTOGL,12,80252182,NM_001378610.3:c.1266T>A,NP_001365539.2:p.Asp422Glu,0.436,23.7,['Unknown%20significance'],3.23,0.02,0.0,-0.1,0.1
OTOGL,12,80252183,NM_001378610.3:c.1267G>A,NP_001365539.2:p.Gly423Arg,0.885,32,['Unknown%20significance'],9.23,0.09,0.0,0.2,0.2
OTOGL,12,80252183,NM_001378610.3:c.1267G>C,NP_001365539.2:p.Gly423Arg,0.887,29.2,['Unknown%20significance'],9.23,0.09,0.0,0.2,0.2
OTOGL,12,80252184,NM_001378610.3:c.1268G>T,NP_001365539.2:p.Gly423Val,0.906,29.7,['Unknown%20significance'],9.23,0.09,0.0,-0.1,0.1
OTOGL,12,80252187,NM_001378610.3:c.1271G>A,NP_001365539.2:p.Cys424Tyr,0.960,28.0,['Unknown%20significance'],17.87,0.11,0.0,3.3,3.3
OTOGL,12,80252187,NM_001378610.3:c.1271G>T,NP_001365539.2:p.Cys424Phe,0.961,28.2,['Unknown%20significance'],17.87,0.11,0.0,3.4,3.4
OTOGL,12,80252190,NM_001378610.3:c.1274A>G,NP_001365539.2:p.Tyr425Cys,0.742,28.7,['Unknown%20significance'],17.36,0.07,0.0,0.3,0.3
OTOGL,12,80252192,NM_001378610.3:c.1276T>A,NP_001365539.2:p.Cys426Ser,0.964,27.0,['Unknown%20significance'],1.19,0.0,0.0,5.2,5.2
OTOGL,12,80252192,NM_001378610.3:c.1276T>C,NP_001365539.2:p.Cys426Arg,0.969,28.7,['Unknown%20significance'],1.19,0.0,0.0,5.0,5.0
OTOGL,12,80252192,NM_001378610.3:c.1276T>G,NP_001365539.2:p.Cys426Gly,0.966,28.1,['Unknown%20significance'],1.19,0.0,0.0,6.2,6.2
OTOGL,12,80252193,NM_001378610.3:c.1277G>A,NP_001365539.2:p.Cys426Tyr,0.934,28.6,['Unknown%20significance'],1.19,0.0,0.0,3.6,3.6
OTOGL,12,80252193,NM_001378610.3:c.1277G>T,NP_001365539.2:p.Cys426Phe,0.950,28.8,['Unknown%20significance'],1.19,0.0,0.0,3.7,3.7
OTOGL,12,80252195,NM_001378610.3:c.1279C>A,NP_001365539.2:p.Pro427Thr,0.541,23.4,['Unknown%20significance'],34.87,0.22,0.0,0.4,0.4
OTOGL,12,80252195,NM_001378610.3:c.1279C>T,NP_001365539.2:p.Pro427Ser,0.479,23.7,['Unknown%20significance'],34.87,0.22,0.0,0.5,0.5
OTOGL,12,80252196,NM_001378610.3:c.1280C>A,NP_001365539.2:p.Pro427Gln,0.648,25.3,['Unknown%20significance'],34.87,0.22,0.0,0.3,0.3
OTOGL,12,80252196,NM_001378610.3:c.1280C>T,NP_001365539.2:p.Pro427Leu,0.659,26.2,['Unknown%20significance'],34.87,0.22,0.0,0.1,0.1
OTOGL,12,80252198,NM_001378610.3:c.1282G>C,NP_001365539.2:p.Asp428His,0.751,29.0,['Unknown%20significance'],135.72,0.84,0.0,-0.1,0.1
OTOGL,12,80252198,NM_001378610.3:c.1282G>T,NP_001365539.2:p.Asp428Tyr,0.728,31,['Unknown%20significance'],135.72,0.84,0.0,-0.2,0.2
OTOGL,12,80252199,NM_001378610.3:c.1283A>G,NP_001365539.2:p.Asp428Gly,0.688,32,['Unknown%20significance'],135.72,0.84,0.0,0.2,0.2
OTOGL,12,80252199,NM_001378610.3:c.1283A>T,NP_001365539.2:p.Asp428Val,0.674,32,['Unknown%20significance'],135.72,0.84,0.0,-0.1,0.1
OTOGL,12,80252200,NM_001378610.3:c.1284T>A,NP_001365539.2:p.Asp428Glu,0.361,22.4,['Unknown%20significance'],135.72,0.84,0.0,0.0,0.0
OTOGL,12,80252201,NM_001378610.3:c.1285G>A,NP_001365539.2:p.Gly429Ser,0.949,34,['Unknown%20significance'],53.23,0.55,0.0,0.4,0.4
OTOGL,12,80252201,NM_001378610.3:c.1285G>T,NP_001365539.2:p.Gly429Cys,0.949,34,['Unknown%20significance'],53.23,0.55,0.0,0.4,0.4
OTOGL,12,80253466,NM_001378610.3:c.1286G>A,NP_001365539.2:p.Gly429Asp,0.944,27.8,['Unknown%20significance'],53.23,0.55,0.0,0.7,0.7
OTOGL,12,80253468,NM_001378610.3:c.1288C>G,NP_001365539.2:p.Leu430Val,0.707,23.0,['Unknown%20significance'],58.03,0.3,0.0,0.3,0.3
OTOGL,12,80253469,NM_001378610.3:c.1289T>G,NP_001365539.2:p.Leu430Arg,0.899,24.6,['Unknown%20significance'],58.03,0.3,0.0,0.9,0.9
OTOGL,12,80253471,NM_001378610.3:c.1291G>A,NP_001365539.2:p.Val431Ile,0.109,3.764,['Unknown%20significance'],7.23,0.04,0.0,0.1,0.1
OTOGL,12,80253474,NM_001378610.3:c.1294A>T,NP_001365539.2:p.Met432Leu,0.292,13.32,['Likely%20benign'],35.09,0.16,0.0,-0.5,0.5
OTOGL,12,80253476,NM_001378610.3:c.1296G>A,NP_001365539.2:p.Met432Ile,0.323,21.7,['Unknown%20significance'],35.09,0.16,0.0,-0.1,0.1
OTOGL,12,80253477,NM_001378610.3:c.1297G>C,NP_001365539.2:p.Asp433His,0.136,22.1,['Unknown%20significance'],30.01,0.18,0.0,-0.6,0.6
OTOGL,12,80253480,NM_001378610.3:c.1300A>T,NP_001365539.2:p.Asn434Tyr,0.855,26.0,['Unknown%20significance'],149.24,0.93,0.0,-0.1,0.1
OTOGL,12,80253484,NM_001378610.3:c.1304G>A,NP_001365539.2:p.Gly435Glu,0.787,24.1,['Unknown%20significance'],50.63,0.53,0.0,0.1,0.1
OTOGL,12,80253487,NM_001378610.3:c.1307C>T,NP_001365539.2:p.Thr436Ile,0.699,23.3,['Unknown%20significance'],86.27,0.54,0.0,-0.3,0.3
OTOGL,12,80253489,NM_001378610.3:c.1309T>C,NP_001365539.2:p.Cys437Arg,0.980,27.3,['Unknown%20significance'],23.38,0.15,0.0,3.4,3.4
OTOGL,12,80253490,NM_001378610.3:c.1310G>A,NP_001365539.2:p.Cys437Tyr,0.986,27.3,['Unknown%20significance'],23.38,0.15,0.0,2.3,2.3
OTOGL,12,80253491,NM_001378610.3:c.1311C>G,NP_001365539.2:p.Cys437Trp,0.941,24.4,['Unknown%20significance'],23.38,0.15,0.0,2.1,2.1
OTOGL,12,80253492,NM_001378610.3:c.1312A>G,NP_001365539.2:p.Ile438Val,0.258,13.71,['Unknown%20significance'],39.84,0.2,0.0,-0.3,0.3
OTOGL,12,80253492,NM_001378610.3:c.1312A>T,NP_001365539.2:p.Ile438Phe,0.762,24.3,['Unknown%20significance'],39.84,0.2,0.0,0.7,0.7
OTOGL,12,80253493,NM_001378610.3:c.1313T>A,NP_001365539.2:p.Ile438Asn,0.876,27.5,['Unknown%20significance'],39.84,0.2,0.0,2.8,2.8
OTOGL,12,80253494,NM_001378610.3:c.1314C>G,NP_001365539.2:p.Ile438Met,0.524,22.8,['Unknown%20significance'],39.84,0.2,0.0,0.9,0.9
OTOGL,12,80253496,NM_001378610.3:c.1316C>A,NP_001365539.2:p.Ser439Tyr,0.693,23.4,['Unknown%20significance'],35.25,0.25,0.0,-1.0,1.0
OTOGL,12,80253496,NM_001378610.3:c.1316C>T,NP_001365539.2:p.Ser439Phe,0.657,25.7,['Unknown%20significance'],35.25,0.25,0.0,-1.0,1.0
OTOGL,12,80253499,NM_001378610.3:c.1319T>C,NP_001365539.2:p.Leu440Ser,0.148,22.4,['Unknown%20significance'],104.27,0.54,0.0,0.6,0.6
OTOGL,12,80253501,NM_001378610.3:c.1321G>A,NP_001365539.2:p.Glu441Lys,0.177,23.1,['Unknown%20significance'],149.12,0.76,0.0,0.1,0.1
OTOGL,12,80253508,NM_001378610.3:c.1328G>A,NP_001365539.2:p.Cys443Tyr,0.989,27.4,['Unknown%20significance'],4.52,0.02,0.0,3.7,3.7
OTOGL,12,80253510,NM_001378610.3:c.1330C>T,NP_001365539.2:p.Pro444Ser,0.636,24.6,['Unknown%20significance'],34.7,0.22,0.0,0.2,0.2
OTOGL,12,80253513,NM_001378610.3:c.1333T>C,NP_001365539.2:p.Cys445Arg,0.866,25.9,['Unknown%20significance'],1.67,0.01,0.0,5.1,5.1
OTOGL,12,80253515,NM_001378610.3:c.1335C>G,NP_001365539.2:p.Cys445Trp,0.756,22.0,['Unknown%20significance'],1.67,0.01,0.0,3.2,3.2
OTOGL,12,80253516,NM_001378610.3:c.1336G>A,NP_001365539.2:p.Gly446Ser,0.085,5.625,['Likely%20benign'],39.64,0.41,0.0,-0.6,0.6
OTOGL,12,80253516,NM_001378610.3:c.1336G>C,NP_001365539.2:p.Gly446Arg,0.076,8.755,['Likely%20benign'],39.64,0.41,0.0,-1.0,1.0
OTOGL,12,80253516,NM_001378610.3:c.1336G>T,NP_001365539.2:p.Gly446Cys,0.098,13.67,['Likely%20benign'],39.64,0.41,0.0,-1.2,1.2
OTOGL,12,80253523,NM_001378610.3:c.1343A>G,NP_001365539.2:p.His448Arg,0.434,22.1,['Unknown%20significance'],57.54,0.28,0.0,0.0,0.0
OTOGL,12,80253526,NM_001378610.3:c.1346G>T,NP_001365539.2:p.Gly449Val,0.890,29.6,['Unknown%20significance'],94.49,0.99,0.0,0.1,0.1
OTOGL,12,80253532,NM_001378610.3:c.1352C>T,NP_001365539.2:p.Ala451Val,0.167,17.66,['Unknown%20significance'],86.52,0.68,0.0,-0.3,0.3
OTOGL,12,80253540,NM_001378610.3:c.1360G>T,NP_001365539.2:p.Val454Phe,0.330,25.8,['Unknown%20significance'],56.13,0.32,0.0,-0.1,0.1
OTOGL,12,80253541,NM_001378610.3:c.1361T>C,NP_001365539.2:p.Val454Ala,0.109,22.1,['Likely%20benign'],56.13,0.32,0.0,0.4,0.4
OTOGL,12,80253552,NM_001378610.3:c.1372A>G,NP_001365539.2:p.Ile458Val,0.120,20.6,['Unknown%20significance'],34.71,0.17,0.0,0.3,0.3
OTOGL,12,80253553,NM_001378610.3:c.1373T>C,NP_001365539.2:p.Ile458Thr,0.415,26.6,['Unknown%20significance'],34.71,0.17,0.0,1.3,1.3
OTOGL,12,80253558,NM_001378610.3:c.1378C>A,NP_001365539.2:p.Gln460Lys,0.378,25.4,['Unknown%20significance'],10.84,0.05,0.0,0.6,0.6
OTOGL,12,80253559,NM_001378610.3:c.1379A>G,NP_001365539.2:p.Gln460Arg,0.504,27.0,['Unknown%20significance'],10.84,0.05,0.0,-0.1,0.1
OTOGL,12,80253564,NM_001378610.3:c.1384T>C,NP_001365539.2:p.Cys462Arg,0.603,28.8,['Unknown%20significance'],22.71,0.14,0.0,2.6,2.6
OTOGL,12,80253565,NM_001378610.3:c.1385G>A,NP_001365539.2:p.Cys462Tyr,0.665,28.0,['Unknown%20significance'],22.71,0.14,0.0,2.0,2.0
OTOGL,12,80253567,NM_001378610.3:c.1387A>G,NP_001365539.2:p.Thr463Ala,0.111,23.7,['Unknown%20significance'],10.01,0.06,0.0,0.4,0.4
OTOGL,12,80253570,NM_001378610.3:c.1390G>A,NP_001365539.2:p.Glu464Lys,0.216,22.6,['Unknown%20significance'],34.23,0.17,0.0,0.1,0.1
OTOGL,12,80253573,NM_001378610.3:c.1393T>C,NP_001365539.2:p.Cys465Arg,0.847,32,['Unknown%20significance'],0.0,0.0,0.0,4.9,4.9
OTOGL,12,80254524,NM_001378610.3:c.1395T>G,NP_001365539.2:p.Cys465Trp,0.745,27.2,['Unknown%20significance'],0.0,0.0,0.0,3.2,3.2
OTOGL,12,80254525,NM_001378610.3:c.1396G>T,NP_001365539.2:p.Val466Leu,0.121,23.4,['Unknown%20significance'],38.63,0.22,0.0,0.4,0.4
OTOGL,12,80254529,NM_001378610.3:c.1400G>A,NP_001365539.2:p.Cys467Tyr,0.839,27.3,['Unknown%20significance'],0.0,0.0,0.0,3.8,3.8
OTOGL,12,80254529,NM_001378610.3:c.1400G>T,NP_001365539.2:p.Cys467Phe,0.826,27.4,['Unknown%20significance'],0.0,0.0,0.0,3.9,3.9
OTOGL,12,80254531,NM_001378610.3:c.1402G>A,NP_001365539.2:p.Val468Ile,0.064,14.62,['Likely%20benign'],96.74,0.56,0.0,0.0,0.0
OTOGL,12,80254531,NM_001378610.3:c.1402G>T,NP_001365539.2:p.Val468Phe,0.278,19.34,['Unknown%20significance'],96.74,0.56,0.0,-0.0,0.0
OTOGL,12,80254534,NM_001378610.3:c.1405G>A,NP_001365539.2:p.Gly469Ser,0.577,27.1,['Unknown%20significance'],24.6,0.25,0.0,-0.4,0.4
OTOGL,12,80254537,NM_001378610.3:c.1408G>A,NP_001365539.2:p.Gly470Arg,0.640,33,['Unknown%20significance'],3.21,0.03,0.0,0.1,0.1
OTOGL,12,80254538,NM_001378610.3:c.1409G>A,NP_001365539.2:p.Gly470Glu,0.523,27.9,['Unknown%20significance'],3.21,0.03,0.0,1.0,1.0
OTOGL,12,80254540,NM_001378610.3:c.1411G>A,NP_001365539.2:p.Val471Ile,0.051,5.237,['Likely%20benign'],78.13,0.45,0.0,-0.0,0.0
OTOGL,12,80254541,NM_001378610.3:c.1412T>C,NP_001365539.2:p.Val471Ala,0.091,21.6,['Unknown%20significance'],78.13,0.45,0.0,0.5,0.5
OTOGL,12,80254543,NM_001378610.3:c.1414T>C,NP_001365539.2:p.Trp472Arg,0.724,30,['Unknown%20significance'],0.0,0.0,0.0,3.4,3.4
OTOGL,12,80254548,NM_001378610.3:c.1419C>A,NP_001365539.2:p.Asn473Lys,0.231,22.8,['Unknown%20significance'],76.66,0.47,0.0,0.3,0.3
OTOGL,12,80254548,NM_001378610.3:c.1419C>G,NP_001365539.2:p.Asn473Lys,0.231,22.7,['Unknown%20significance'],76.66,0.47,0.0,0.3,0.3
OTOGL,12,80254549,NM_001378610.3:c.1420T>C,NP_001365539.2:p.Cys474Arg,0.714,27.7,['Unknown%20significance'],34.2,0.22,0.0,2.9,2.9
OTOGL,12,80254550,NM_001378610.3:c.1421G>A,NP_001365539.2:p.Cys474Tyr,0.729,27.6,['Unknown%20significance'],34.2,0.22,0.0,2.1,2.1
OTOGL,12,80254550,NM_001378610.3:c.1421G>T,NP_001365539.2:p.Cys474Phe,0.751,27.2,['Unknown%20significance'],34.2,0.22,0.0,2.2,2.2
OTOGL,12,80254552,NM_001378610.3:c.1423A>C,NP_001365539.2:p.Thr475Pro,0.584,25.0,['Unknown%20significance'],82.92,0.52,0.0,0.5,0.5
OTOGL,12,80254552,NM_001378610.3:c.1423A>G,NP_001365539.2:p.Thr475Ala,0.388,23.9,['Unknown%20significance'],82.92,0.52,0.0,0.3,0.3
OTOGL,12,80254553,NM_001378610.3:c.1424C>A,NP_001365539.2:p.Thr475Asn,0.367,24.3,['Unknown%20significance'],82.92,0.52,0.0,0.3,0.3
OTOGL,12,80254553,NM_001378610.3:c.1424C>T,NP_001365539.2:p.Thr475Ile,0.495,25.4,['Unknown%20significance'],82.92,0.52,0.0,-0.1,0.1
OTOGL,12,80254555,NM_001378610.3:c.1426G>A,NP_001365539.2:p.Glu476Lys,0.140,23.4,['Unknown%20significance'],112.4,0.57,0.0,0.1,0.1
OTOGL,12,80254556,NM_001378610.3:c.1427A>T,NP_001365539.2:p.Glu476Val,0.478,25.5,['Unknown%20significance'],112.4,0.57,0.0,-0.2,0.2
OTOGL,12,80254559,NM_001378610.3:c.1430A>G,NP_001365539.2:p.Gln477Arg,0.150,22.4,['Unknown%20significance'],53.17,0.26,0.0,-0.2,0.2
OTOGL,12,80254562,NM_001378610.3:c.1433A>G,NP_001365539.2:p.Asp478Gly,0.195,24.3,['Unknown%20significance'],135.52,0.84,0.0,0.1,0.1
OTOGL,12,80254565,NM_001378610.3:c.1436G>A,NP_001365539.2:p.Cys479Tyr,0.792,27.6,['Unknown%20significance'],38.86,0.25,0.0,1.9,1.9
OTOGL,12,80254565,NM_001378610.3:c.1436G>C,NP_001365539.2:p.Cys479Ser,0.919,27.0,['Unknown%20significance'],38.86,0.25,0.0,2.7,2.7
OTOGL,12,80254567,NM_001378610.3:c.1438C>T,NP_001365539.2:p.Pro480Ser,0.328,24.6,['Unknown%20significance'],72.78,0.46,0.0,0.2,0.2
OTOGL,12,80254568,NM_001378610.3:c.1439C>A,NP_001365539.2:p.Pro480Gln,0.590,28.3,['Unknown%20significance'],72.78,0.46,0.0,0.2,0.2
OTOGL,12,80255040,NM_001378610.3:c.1442T>C,NP_001365539.2:p.Val481Ala,0.059,17.97,['Unknown%20significance'],24.44,0.14,0.0,0.7,0.7
OTOGL,12,80255040,NM_001378610.3:c.1442T>G,NP_001365539.2:p.Val481Gly,0.239,22.6,['Unknown%20significance'],24.44,0.14,0.0,1.6,1.6
OTOGL,12,80255042,NM_001378610.3:c.1444C>A,NP_001365539.2:p.Gln482Lys,0.088,23.6,['Unknown%20significance'],39.24,0.19,0.0,0.7,0.7
OTOGL,12,80255042,NM_001378610.3:c.1444C>G,NP_001365539.2:p.Gln482Glu,0.119,16.15,['Unknown%20significance'],39.24,0.19,0.0,0.6,0.6
OTOGL,12,80255043,NM_001378610.3:c.1445A>C,NP_001365539.2:p.Gln482Pro,0.305,23.4,['Unknown%20significance'],39.24,0.19,0.0,0.7,0.7
OTOGL,12,80255043,NM_001378610.3:c.1445A>G,NP_001365539.2:p.Gln482Arg,0.163,23.1,['Unknown%20significance'],39.24,0.19,0.0,-0.1,0.1
OTOGL,12,80255044,NM_001378610.3:c.1446A>T,NP_001365539.2:p.Gln482His,0.127,23.1,['Likely%20benign'],39.24,0.19,0.0,-0.1,0.1
OTOGL,12,80255045,NM_001378610.3:c.1447T>C,NP_001365539.2:p.Cys483Arg,0.944,27.7,['Unknown%20significance'],0.0,0.0,0.0,4.5,4.5
OTOGL,12,80255046,NM_001378610.3:c.1448G>A,NP_001365539.2:p.Cys483Tyr,0.910,27.0,['Unknown%20significance'],0.0,0.0,0.0,2.9,2.9
OTOGL,12,80255046,NM_001378610.3:c.1448G>C,NP_001365539.2:p.Cys483Ser,0.914,26.5,['Unknown%20significance'],0.0,0.0,0.0,4.6,4.6
OTOGL,12,80255046,NM_001378610.3:c.1448G>T,NP_001365539.2:p.Cys483Phe,0.918,28.6,['Unknown%20significance'],0.0,0.0,0.0,2.9,2.9
OTOGL,12,80255048,NM_001378610.3:c.1450T>C,NP_001365539.2:p.Ser484Pro,0.436,26.4,['Unknown%20significance'],1.51,0.01,0.0,0.4,0.4
OTOGL,12,80255049,NM_001378610.3:c.1451C>T,NP_001365539.2:p.Ser484Leu,0.471,26.6,['Unknown%20significance'],1.51,0.01,0.0,-1.3,1.3
OTOGL,12,80255051,NM_001378610.3:c.1453G>A,NP_001365539.2:p.Val485Ile,0.113,21.5,['Unknown%20significance'],0.0,0.0,0.0,0.1,0.1
OTOGL,12,80255051,NM_001378610.3:c.1453G>C,NP_001365539.2:p.Val485Leu,0.326,23.6,['Unknown%20significance'],0.0,0.0,0.0,0.5,0.5
OTOGL,12,80255051,NM_001378610.3:c.1453G>T,NP_001365539.2:p.Val485Phe,0.441,26.1,['Unknown%20significance'],0.0,0.0,0.0,0.5,0.5
OTOGL,12,80255052,NM_001378610.3:c.1454T>A,NP_001365539.2:p.Val485Asp,0.757,28.1,['Unknown%20significance'],0.0,0.0,0.0,3.4,3.4
OTOGL,12,80255054,NM_001378610.3:c.1456G>A,NP_001365539.2:p.Val486Ile,0.059,22.1,['Likely%20benign'],3.0,0.01,0.0,-0.2,0.2
OTOGL,12,80255054,NM_001378610.3:c.1456G>T,NP_001365539.2:p.Val486Leu,0.071,23.8,['Likely%20benign'],3.0,0.01,0.0,-0.2,0.2
OTOGL,12,80255055,NM_001378610.3:c.1457T>C,NP_001365539.2:p.Val486Ala,0.109,24.0,['Unknown%20significance'],3.0,0.01,0.0,0.9,0.9
OTOGL,12,80255057,NM_001378610.3:c.1459G>C,NP_001365539.2:p.Gly487Arg,0.813,29.4,['Unknown%20significance'],5.41,0.05,0.0,0.4,0.4
OTOGL,12,80255057,NM_001378610.3:c.1459G>T,NP_001365539.2:p.Gly487Cys,0.820,31,['Unknown%20significance'],5.41,0.05,0.0,0.9,0.9
OTOGL,12,80255058,NM_001378610.3:c.1460G>A,NP_001365539.2:p.Gly487Asp,0.847,28.3,['Unknown%20significance'],5.41,0.05,0.0,1.4,1.4
OTOGL,12,80255058,NM_001378610.3:c.1460G>T,NP_001365539.2:p.Gly487Val,0.834,28.9,['Unknown%20significance'],5.41,0.05,0.0,0.5,0.5
OTOGL,12,80255060,NM_001378610.3:c.1462G>A,NP_001365539.2:p.Asp488Asn,0.332,24.4,['Unknown%20significance'],1.48,0.0,0.0,0.1,0.1
OTOGL,12,80255060,NM_001378610.3:c.1462G>T,NP_001365539.2:p.Asp488Tyr,0.387,27.0,['Unknown%20significance'],1.48,0.0,0.0,-0.8,0.8
OTOGL,12,80255061,NM_001378610.3:c.1463A>G,NP_001365539.2:p.Asp488Gly,0.309,27.4,['Unknown%20significance'],1.48,0.0,0.0,1.2,1.2
OTOGL,12,80255061,NM_001378610.3:c.1463A>T,NP_001365539.2:p.Asp488Val,0.594,27.6,['Unknown%20significance'],1.48,0.0,0.0,0.0,0.0
OTOGL,12,80255063,NM_001378610.3:c.1465T>C,NP_001365539.2:p.Ser489Pro,0.164,22.8,['Unknown%20significance'],1.68,0.01,0.0,-0.6,0.6
OTOGL,12,80255064,NM_001378610.3:c.1466C>A,NP_001365539.2:p.Ser489Tyr,0.318,25.0,['Unknown%20significance'],1.68,0.01,0.0,-1.4,1.4
OTOGL,12,80255064,NM_001378610.3:c.1466C>G,NP_001365539.2:p.Ser489Cys,0.280,23.8,['Unknown%20significance'],1.68,0.01,0.0,0.1,0.1
OTOGL,12,80255064,NM_001378610.3:c.1466C>T,NP_001365539.2:p.Ser489Phe,0.228,25.5,['Unknown%20significance'],1.68,0.01,0.0,-0.9,0.9
OTOGL,12,80255066,NM_001378610.3:c.1468C>A,NP_001365539.2:p.His490Asn,0.425,24.9,['Unknown%20significance'],4.35,0.02,0.0,1.8,1.8
OTOGL,12,80255066,NM_001378610.3:c.1468C>T,NP_001365539.2:p.His490Tyr,0.521,23.5,['Unknown%20significance'],4.35,0.02,0.0,-0.3,0.3
OTOGL,12,80255067,NM_001378610.3:c.1469A>G,NP_001365539.2:p.His490Arg,0.494,25.2,['Unknown%20significance'],4.35,0.02,0.0,1.1,1.1
OTOGL,12,80255067,NM_001378610.3:c.1469A>T,NP_001365539.2:p.His490Leu,0.482,25.9,['Unknown%20significance'],4.35,0.02,0.0,1.4,1.4
OTOGL,12,80255068,NM_001378610.3:c.1470C>A,NP_001365539.2:p.His490Gln,0.471,23.1,['Unknown%20significance'],4.35,0.02,0.0,1.5,1.5
OTOGL,12,80255071,NM_001378610.3:c.1473T>A,NP_001365539.2:p.Phe491Leu,0.393,19.50,['Likely%20benign'],0.0,0.0,0.0,1.3,1.3
OTOGL,12,80255072,NM_001378610.3:c.1474A>G,NP_001365539.2:p.Thr492Ala,0.307,22.9,['Unknown%20significance'],10.62,0.06,0.0,0.3,0.3
OTOGL,12,80255073,NM_001378610.3:c.1475C>T,NP_001365539.2:p.Thr492Ile,0.323,23.0,['Unknown%20significance'],10.62,0.06,0.0,-1.1,1.1
OTOGL,12,80255075,NM_001378610.3:c.1477A>G,NP_001365539.2:p.Thr493Ala,0.806,27.1,['Unknown%20significance'],0.13,0.0,0.0,1.2,1.2
OTOGL,12,80255075,NM_001378610.3:c.1477A>T,NP_001365539.2:p.Thr493Ser,0.653,23.4,['Unknown%20significance'],0.13,0.0,0.0,1.3,1.3
OTOGL,12,80255076,NM_001378610.3:c.1478C>G,NP_001365539.2:p.Thr493Ser,0.653,23.3,['Unknown%20significance'],0.13,0.0,0.0,1.3,1.3
OTOGL,12,80255078,NM_001378610.3:c.1480T>C,NP_001365539.2:p.Phe494Leu,0.916,27.2,['Unknown%20significance'],6.52,0.02,0.0,2.3,2.3
OTOGL,12,80255078,NM_001378610.3:c.1480T>G,NP_001365539.2:p.Phe494Val,0.920,26.7,['Unknown%20significance'],6.52,0.02,0.0,2.9,2.9
OTOGL,12,80255079,NM_001378610.3:c.1481T>G,NP_001365539.2:p.Phe494Cys,0.935,29.2,['Unknown%20significance'],6.52,0.02,0.0,3.5,3.5
OTOGL,12,80255081,NM_001378610.3:c.1483G>T,NP_001365539.2:p.Asp495Tyr,0.899,29.6,['Unknown%20significance'],21.29,0.13,0.0,0.1,0.1
OTOGL,12,80255082,NM_001378610.3:c.1484A>G,NP_001365539.2:p.Asp495Gly,0.882,28.5,['Unknown%20significance'],21.29,0.13,0.0,1.7,1.7
OTOGL,12,80255084,NM_001378610.3:c.1486G>T,NP_001365539.2:p.Gly496Cys,0.855,31,['Unknown%20significance'],39.71,0.41,0.0,0.6,0.6
OTOGL,12,80255085,NM_001378610.3:c.1487G>A,NP_001365539.2:p.Gly496Asp,0.724,27.5,['Unknown%20significance'],39.71,0.41,0.0,0.7,0.7
OTOGL,12,80255085,NM_001378610.3:c.1487G>T,NP_001365539.2:p.Gly496Val,0.843,27.6,['Unknown%20significance'],39.71,0.41,0.0,0.4,0.4
OTOGL,12,80255088,NM_001378610.3:c.1490G>A,NP_001365539.2:p.Arg497Gln,0.352,23.1,['Unknown%20significance'],47.54,0.17,0.0,0.7,0.7
OTOGL,12,80255088,NM_001378610.3:c.1490G>T,NP_001365539.2:p.Arg497Leu,0.377,22.4,['Unknown%20significance'],47.54,0.17,0.0,0.3,0.3
OTOGL,12,80255090,NM_001378610.3:c.1492C>A,NP_001365539.2:p.His498Asn,0.310,23.1,['Unknown%20significance'],76.69,0.37,0.0,0.4,0.4
OTOGL,12,80255090,NM_001378610.3:c.1492C>G,NP_001365539.2:p.His498Asp,0.236,23.3,['Unknown%20significance'],76.69,0.37,0.0,0.6,0.6
OTOGL,12,80255090,NM_001378610.3:c.1492C>T,NP_001365539.2:p.His498Tyr,0.158,17.24,['Unknown%20significance'],76.69,0.37,0.0,-0.6,0.6
OTOGL,12,80255091,NM_001378610.3:c.1493A>C,NP_001365539.2:p.His498Pro,0.291,23.8,['Unknown%20significance'],76.69,0.37,0.0,0.6,0.6
OTOGL,12,80255091,NM_001378610.3:c.1493A>G,NP_001365539.2:p.His498Arg,0.194,19.46,['Unknown%20significance'],76.69,0.37,0.0,-0.0,0.0
OTOGL,12,80255091,NM_001378610.3:c.1493A>T,NP_001365539.2:p.His498Leu,0.207,20.9,['Unknown%20significance'],76.69,0.37,0.0,-0.2,0.2
OTOGL,12,80255093,NM_001378610.3:c.1495T>C,NP_001365539.2:p.Tyr499His,0.839,27.8,['Unknown%20significance'],11.54,0.04,0.0,2.5,2.5
OTOGL,12,80255094,NM_001378610.3:c.1496A>C,NP_001365539.2:p.Tyr499Ser,0.679,26.1,['Unknown%20significance'],11.54,0.04,0.0,4.3,4.3
OTOGL,12,80255094,NM_001378610.3:c.1496A>G,NP_001365539.2:p.Tyr499Cys,0.743,25.8,['Unknown%20significance'],11.54,0.04,0.0,3.0,3.0
OTOGL,12,80255094,NM_001378610.3:c.1496A>T,NP_001365539.2:p.Tyr499Phe,0.359,21.5,['Unknown%20significance'],11.54,0.04,0.0,-0.1,0.1
OTOGL,12,80255097,NM_001378610.3:c.1499C>A,NP_001365539.2:p.Ser500Tyr,0.429,25.0,['Unknown%20significance'],39.23,0.28,0.0,-0.8,0.8
OTOGL,12,80255097,NM_001378610.3:c.1499C>G,NP_001365539.2:p.Ser500Cys,0.406,25.2,['Unknown%20significance'],39.23,0.28,0.0,-0.0,0.0
OTOGL,12,80255100,NM_001378610.3:c.1502T>G,NP_001365539.2:p.Phe501Cys,0.551,27.7,['Unknown%20significance'],1.98,0.0,0.0,3.7,3.7
OTOGL,12,80255102,NM_001378610.3:c.1504A>T,NP_001365539.2:p.Ile502Phe,0.075,18.56,['Likely%20benign'],55.58,0.28,0.0,-0.2,0.2
OTOGL,12,80255104,NM_001378610.3:c.1506T>G,NP_001365539.2:p.Ile502Met,0.145,17.44,['Likely%20benign'],55.58,0.28,0.0,-0.2,0.2
OTOGL,12,80255105,NM_001378610.3:c.1507G>A,NP_001365539.2:p.Gly503Ser,0.613,33,['Unknown%20significance'],0.0,0.0,0.0,0.6,0.6
OTOGL,12,80255105,NM_001378610.3:c.1507G>T,NP_001365539.2:p.Gly503Cys,0.762,32,['Unknown%20significance'],0.0,0.0,0.0,-0.2,0.2
OTOGL,12,80255106,NM_001378610.3:c.1508G>A,NP_001365539.2:p.Gly503Asp,0.670,26.2,['Unknown%20significance'],0.0,0.0,0.0,1.2,1.2
OTOGL,12,80255106,NM_001378610.3:c.1508G>C,NP_001365539.2:p.Gly503Ala,0.478,22.7,['Unknown%20significance'],0.0,0.0,0.0,0.3,0.3
OTOGL,12,80255106,NM_001378610.3:c.1508G>T,NP_001365539.2:p.Gly503Val,0.602,26.2,['Unknown%20significance'],0.0,0.0,0.0,0.0,0.0
OTOGL,12,80255108,NM_001378610.3:c.1510A>C,NP_001365539.2:p.Met504Leu,0.078,18.41,['Likely%20benign'],53.82,0.24,0.0,0.1,0.1
OTOGL,12,80255108,NM_001378610.3:c.1510A>G,NP_001365539.2:p.Met504Val,0.061,16.87,['Likely%20benign'],53.82,0.24,0.0,0.0,0.0
OTOGL,12,80255109,NM_001378610.3:c.1511T>C,NP_001365539.2:p.Met504Thr,0.108,17.21,['Likely%20benign'],53.82,0.24,0.0,0.2,0.2
OTOGL,12,80255110,NM_001378610.3:c.1512G>A,NP_001365539.2:p.Met504Ile,0.158,18.91,['Likely%20benign'],53.82,0.24,0.0,-0.0,0.0
OTOGL,12,80255110,NM_001378610.3:c.1512G>T,NP_001365539.2:p.Met504Ile,0.158,18.64,['Likely%20benign'],53.82,0.24,0.0,-0.0,0.0
OTOGL,12,80255111,NM_001378610.3:c.1513T>C,NP_001365539.2:p.Cys505Arg,0.696,28.1,['Unknown%20significance'],0.0,0.0,0.0,3.4,3.4
OTOGL,12,80255112,NM_001378610.3:c.1514G>A,NP_001365539.2:p.Cys505Tyr,0.661,28.1,['Unknown%20significance'],0.0,0.0,0.0,2.4,2.4
OTOGL,12,80255112,NM_001378610.3:c.1514G>T,NP_001365539.2:p.Cys505Phe,0.658,28.3,['Unknown%20significance'],0.0,0.0,0.0,2.6,2.6
OTOGL,12,80255114,NM_001378610.3:c.1516C>A,NP_001365539.2:p.Gln506Lys,0.309,23.3,['Unknown%20significance'],2.08,0.01,0.0,0.7,0.7
OTOGL,12,80255114,NM_001378610.3:c.1516C>G,NP_001365539.2:p.Gln506Glu,0.283,24.1,['Unknown%20significance'],2.08,0.01,0.0,0.6,0.6
OTOGL,12,80255115,NM_001378610.3:c.1517A>C,NP_001365539.2:p.Gln506Pro,0.721,26.8,['Unknown%20significance'],2.08,0.01,0.0,0.9,0.9
OTOGL,12,80255115,NM_001378610.3:c.1517A>G,NP_001365539.2:p.Gln506Arg,0.619,26.0,['Unknown%20significance'],2.08,0.01,0.0,-0.2,0.2
OTOGL,12,80255115,NM_001378610.3:c.1517A>T,NP_001365539.2:p.Gln506Leu,0.543,27.3,['Unknown%20significance'],2.08,0.01,0.0,-0.9,0.9
OTOGL,12,80255116,NM_001378610.3:c.1518A>C,NP_001365539.2:p.Gln506His,0.363,22.1,['Unknown%20significance'],2.08,0.01,0.0,-0.2,0.2
OTOGL,12,80255116,NM_001378610.3:c.1518A>T,NP_001365539.2:p.Gln506His,0.358,22.1,['Unknown%20significance'],2.08,0.01,0.0,-0.2,0.2
OTOGL,12,80255117,NM_001378610.3:c.1519T>A,NP_001365539.2:p.Tyr507Asn,0.798,27.8,['Unknown%20significance'],0.0,0.0,0.0,5.1,5.1
OTOGL,12,80255117,NM_001378610.3:c.1519T>C,NP_001365539.2:p.Tyr507His,0.775,27.7,['Unknown%20significance'],0.0,0.0,0.0,3.0,3.0
OTOGL,12,80255118,NM_001378610.3:c.1520A>G,NP_001365539.2:p.Tyr507Cys,0.787,28.5,['Unknown%20significance'],0.0,0.0,0.0,3.1,3.1
OTOGL,12,80255120,NM_001378610.3:c.1522A>C,NP_001365539.2:p.Ile508Leu,0.095,23.1,['Unknown%20significance'],0.0,0.0,0.0,0.4,0.4
OTOGL,12,80255121,NM_001378610.3:c.1523T>A,NP_001365539.2:p.Ile508Asn,0.485,27.8,['Unknown%20significance'],0.0,0.0,0.0,3.7,3.7
OTOGL,12,80255123,NM_001378610.3:c.1525C>A,NP_001365539.2:p.Leu509Ile,0.488,22.6,['Unknown%20significance'],0.0,0.0,0.0,1.0,1.0
OTOGL,12,80255123,NM_001378610.3:c.1525C>T,NP_001365539.2:p.Leu509Phe,0.441,24.1,['Unknown%20significance'],0.0,0.0,0.0,1.0,1.0
OTOGL,12,80255124,NM_001378610.3:c.1526T>C,NP_001365539.2:p.Leu509Pro,0.823,28.8,['Unknown%20significance'],0.0,0.0,0.0,5.0,5.0
OTOGL,12,80255126,NM_001378610.3:c.1528G>A,NP_001365539.2:p.Val510Met,0.241,22.7,['Unknown%20significance'],0.0,0.0,0.0,1.1,1.1
OTOGL,12,80255126,NM_001378610.3:c.1528G>T,NP_001365539.2:p.Val510Leu,0.150,22.0,['Unknown%20significance'],0.0,0.0,0.0,0.4,0.4
OTOGL,12,80255127,NM_001378610.3:c.1529T>A,NP_001365539.2:p.Val510Glu,0.473,26.1,['Unknown%20significance'],0.0,0.0,0.0,3.5,3.5
OTOGL,12,80255127,NM_001378610.3:c.1529T>C,NP_001365539.2:p.Val510Ala,0.070,18.58,['Unknown%20significance'],0.0,0.0,0.0,1.5,1.5
OTOGL,12,80255130,NM_001378610.3:c.1532A>G,NP_001365539.2:p.Lys511Arg,0.247,26.7,['Unknown%20significance'],11.57,0.04,0.0,-1.0,1.0
OTOGL,12,80255131,NM_001378610.3:c.1533A>T,NP_001365539.2:p.Lys511Asn,0.461,26.5,['Unknown%20significance'],11.57,0.04,0.0,0.1,0.1
OTOGL,12,80255132,NM_001378610.3:c.1534G>A,NP_001365539.2:p.Gly512Arg,0.310,26.6,['Unknown%20significance'],0.05,0.0,0.0,-1.1,1.1
OTOGL,12,80255132,NM_001378610.3:c.1534G>C,NP_001365539.2:p.Gly512Arg,0.310,26.3,['Unknown%20significance'],0.05,0.0,0.0,-1.1,1.1
OTOGL,12,80255133,NM_001378610.3:c.1535G>A,NP_001365539.2:p.Gly512Glu,0.241,25.3,['Unknown%20significance'],0.05,0.0,0.0,-0.8,0.8
OTOGL,12,80255133,NM_001378610.3:c.1535G>T,NP_001365539.2:p.Gly512Val,0.280,25.9,['Unknown%20significance'],0.05,0.0,0.0,-1.7,1.7
OTOGL,12,80255135,NM_001378610.3:c.1537A>T,NP_001365539.2:p.Thr513Ser,0.125,21.2,['Unknown%20significance'],48.38,0.3,0.0,0.4,0.4
OTOGL,12,80255136,NM_001378610.3:c.1538C>A,NP_001365539.2:p.Thr513Asn,0.152,24.2,['Unknown%20significance'],48.38,0.3,0.0,0.4,0.4
OTOGL,12,80255136,NM_001378610.3:c.1538C>G,NP_001365539.2:p.Thr513Ser,0.083,20.9,['Unknown%20significance'],48.38,0.3,0.0,0.4,0.4
OTOGL,12,80255136,NM_001378610.3:c.1538C>T,NP_001365539.2:p.Thr513Ile,0.249,23.2,['Unknown%20significance'],48.38,0.3,0.0,-0.3,0.3
OTOGL,12,80255138,NM_001378610.3:c.1540G>A,NP_001365539.2:p.Gly514Arg,0.277,24.4,['Unknown%20significance'],44.02,0.46,0.0,-0.6,0.6
OTOGL,12,80255139,NM_001378610.3:c.1541G>A,NP_001365539.2:p.Gly514Glu,0.282,26.9,['Unknown%20significance'],44.02,0.46,0.0,-0.2,0.2
OTOGL,12,80255139,NM_001378610.3:c.1541G>T,NP_001365539.2:p.Gly514Val,0.325,26.8,['Unknown%20significance'],44.02,0.46,0.0,-0.5,0.5
OTOGL,12,80255141,NM_001378610.3:c.1543A>G,NP_001365539.2:p.Lys515Glu,0.119,23.2,['Unknown%20significance'],205.31,0.86,0.0,-0.1,0.1
OTOGL,12,80255142,NM_001378610.3:c.1544A>G,NP_001365539.2:p.Lys515Arg,0.155,23.2,['Unknown%20significance'],205.31,0.86,0.0,-0.2,0.2
OTOGL,12,80255144,NM_001378610.3:c.1546G>A,NP_001365539.2:p.Asp516Asn,0.197,22.8,['Likely%20benign'],58.45,0.36,0.0,-0.2,0.2
OTOGL,12,80255144,NM_001378610.3:c.1546G>T,NP_001365539.2:p.Asp516Tyr,0.347,27.1,['Unknown%20significance'],58.45,0.36,0.0,-0.8,0.8
OTOGL,12,80255145,NM_001378610.3:c.1547A>G,NP_001365539.2:p.Asp516Gly,0.130,23.7,['Likely%20benign'],58.45,0.36,0.0,0.2,0.2
OTOGL,12,80255145,NM_001378610.3:c.1547A>T,NP_001365539.2:p.Asp516Val,0.260,25.8,['Unknown%20significance'],58.45,0.36,0.0,-0.5,0.5
OTOGL,12,80255147,NM_001378610.3:c.1549A>G,NP_001365539.2:p.Lys517Glu,0.212,22.7,['Unknown%20significance'],113.54,0.47,0.0,-0.0,0.0
OTOGL,12,80255148,NM_001378610.3:c.1550A>G,NP_001365539.2:p.Lys517Arg,0.162,16.67,['Likely%20benign'],113.54,0.47,0.0,-0.5,0.5
OTOGL,12,80255148,NM_001378610.3:c.1550A>T,NP_001365539.2:p.Lys517Ile,0.349,22.5,['Unknown%20significance'],113.54,0.47,0.0,-0.5,0.5
OTOGL,12,80255150,NM_001378610.3:c.1552T>A,NP_001365539.2:p.Phe518Ile,0.498,27.4,['Unknown%20significance'],0.0,0.0,0.0,2.1,2.1
OTOGL,12,80255150,NM_001378610.3:c.1552T>C,NP_001365539.2:p.Phe518Leu,0.462,28.0,['Unknown%20significance'],0.0,0.0,0.0,1.9,1.9
OTOGL,12,80255152,NM_001378610.3:c.1554C>A,NP_001365539.2:p.Phe518Leu,0.351,24.5,['Unknown%20significance'],0.0,0.0,0.0,1.9,1.9
OTOGL,12,80255153,NM_001378610.3:c.1555A>G,NP_001365539.2:p.Thr519Ala,0.244,21.8,['Unknown%20significance'],0.0,0.0,0.0,0.2,0.2
OTOGL,12,80255154,NM_001378610.3:c.1556C>A,NP_001365539.2:p.Thr519Lys,0.556,25.0,['Unknown%20significance'],0.0,0.0,0.0,1.1,1.1
OTOGL,12,80255154,NM_001378610.3:c.1556C>G,NP_001365539.2:p.Thr519Arg,0.496,23.4,['Unknown%20significance'],0.0,0.0,0.0,0.1,0.1
OTOGL,12,80255154,NM_001378610.3:c.1556C>T,NP_001365539.2:p.Thr519Met,0.379,25.6,['Unknown%20significance'],0.0,0.0,0.0,-0.6,0.6
OTOGL,12,80255156,NM_001378610.3:c.1558A>T,NP_001365539.2:p.Ile520Phe,0.240,24.7,['Unknown%20significance'],0.0,0.0,0.0,1.2,1.2
OTOGL,12,80255157,NM_001378610.3:c.1559T>C,NP_001365539.2:p.Ile520Thr,0.603,25.8,['Unknown%20significance'],0.0,0.0,0.0,3.6,3.6
OTOGL,12,80255158,NM_001378610.3:c.1560T>G,NP_001365539.2:p.Ile520Met,0.426,22.5,['Unknown%20significance'],0.0,0.0,0.0,1.9,1.9
OTOGL,12,80255159,NM_001378610.3:c.1561A>G,NP_001365539.2:p.Thr521Ala,0.411,25.1,['Unknown%20significance'],0.0,0.0,0.0,0.2,0.2
OTOGL,12,80255159,NM_001378610.3:c.1561A>T,NP_001365539.2:p.Thr521Ser,0.263,23.4,['Unknown%20significance'],0.0,0.0,0.0,1.0,1.0
OTOGL,12,80255160,NM_001378610.3:c.1562C>A,NP_001365539.2:p.Thr521Asn,0.277,24.5,['Unknown%20significance'],0.0,0.0,0.0,1.0,1.0
OTOGL,12,80255160,NM_001378610.3:c.1562C>T,NP_001365539.2:p.Thr521Ile,0.391,21.8,['Unknown%20significance'],0.0,0.0,0.0,-1.6,1.6
OTOGL,12,80255162,NM_001378610.3:c.1564T>A,NP_001365539.2:p.Leu522Ile,0.062,22.0,['Likely%20benign'],0.0,0.0,0.0,-0.3,0.3
OTOGL,12,80255163,NM_001378610.3:c.1565T>C,NP_001365539.2:p.Leu522Ser,0.453,26.3,['Unknown%20significance'],0.0,0.0,0.0,2.8,2.8
OTOGL,12,80255164,NM_001378610.3:c.1566A>T,NP_001365539.2:p.Leu522Phe,0.171,23.1,['Unknown%20significance'],0.0,0.0,0.0,0.1,0.1
OTOGL,12,80255165,NM_001378610.3:c.1567C>A,NP_001365539.2:p.Gln523Lys,0.386,23.2,['Unknown%20significance'],36.55,0.18,0.0,0.5,0.5
OTOGL,12,80255166,NM_001378610.3:c.1568A>G,NP_001365539.2:p.Gln523Arg,0.478,23.7,['Unknown%20significance'],36.55,0.18,0.0,-0.2,0.2
OTOGL,12,80255166,NM_001378610.3:c.1568A>T,NP_001365539.2:p.Gln523Leu,0.459,24.4,['Unknown%20significance'],36.55,0.18,0.0,-0.1,0.1
OTOGL,12,80255167,NM_001378610.3:c.1569G>T,NP_001365539.2:p.Gln523His,0.370,25.3,['Unknown%20significance'],36.55,0.18,0.0,0.0,0.0
OTOGL,12,80255168,NM_001378610.3:c.1570A>G,NP_001365539.2:p.Lys524Glu,0.253,25.6,['Unknown%20significance'],1.6,0.0,0.0,0.1,0.1
OTOGL,12,80255169,NM_001378610.3:c.1571A>G,NP_001365539.2:p.Lys524Arg,0.191,25.8,['Unknown%20significance'],1.6,0.0,0.0,-1.2,1.2
OTOGL,12,80255170,NM_001378610.3:c.1572A>C,NP_001365539.2:p.Lys524Asn,0.055,16.90,['Unknown%20significance'],1.6,0.0,0.0,-0.7,0.7
OTOGL,12,80255171,NM_001378610.3:c.1573G>A,NP_001365539.2:p.Ala525Thr,0.136,22.3,['Likely%20benign'],30.46,0.23,0.0,-0.3,0.3
OTOGL,12,80255171,NM_001378610.3:c.1573G>C,NP_001365539.2:p.Ala525Pro,0.365,25.6,['Unknown%20significance'],30.46,0.23,0.0,0.3,0.3
OTOGL,12,80255171,NM_001378610.3:c.1573G>T,NP_001365539.2:p.Ala525Ser,0.123,21.9,['Likely%20benign'],30.46,0.23,0.0,0.0,0.0
OTOGL,12,80255172,NM_001378610.3:c.1574C>A,NP_001365539.2:p.Ala525Asp,0.165,23.1,['Unknown%20significance'],30.46,0.23,0.0,0.1,0.1
OTOGL,12,80255172,NM_001378610.3:c.1574C>T,NP_001365539.2:p.Ala525Val,0.114,23.1,['Unknown%20significance'],30.46,0.23,0.0,-0.7,0.7
OTOGL,12,80255174,NM_001378610.3:c.1576C>A,NP_001365539.2:p.Pro526Thr,0.371,20.3,['Likely%20benign'],44.73,0.28,0.0,-0.1,0.1
OTOGL,12,80255174,NM_001378610.3:c.1576C>G,NP_001365539.2:p.Pro526Ala,0.218,19.41,['Likely%20benign'],44.73,0.28,0.0,0.1,0.1
OTOGL,12,80255174,NM_001378610.3:c.1576C>T,NP_001365539.2:p.Pro526Ser,0.316,22.8,['Likely%20benign'],44.73,0.28,0.0,0.1,0.1
OTOGL,12,80255175,NM_001378610.3:c.1577C>A,NP_001365539.2:p.Pro526His,0.282,18.57,['Likely%20benign'],44.73,0.28,0.0,-0.4,0.4
OTOGL,12,80255175,NM_001378610.3:c.1577C>T,NP_001365539.2:p.Pro526Leu,0.257,19.85,['Likely%20benign'],44.73,0.28,0.0,-0.4,0.4
OTOGL,12,80255177,NM_001378610.3:c.1579T>A,NP_001365539.2:p.Cys527Ser,0.440,26.8,['Unknown%20significance'],6.82,0.04,0.0,1.7,1.7
OTOGL,12,80255177,NM_001378610.3:c.1579T>C,NP_001365539.2:p.Cys527Arg,0.670,28.3,['Unknown%20significance'],6.82,0.04,0.0,1.0,1.0
OTOGL,12,80255178,NM_001378610.3:c.1580G>A,NP_001365539.2:p.Cys527Tyr,0.671,28.0,['Unknown%20significance'],6.82,0.04,0.0,0.2,0.2
OTOGL,12,80255178,NM_001378610.3:c.1580G>C,NP_001365539.2:p.Cys527Ser,0.444,27.3,['Unknown%20significance'],6.82,0.04,0.0,1.7,1.7
OTOGL,12,80255178,NM_001378610.3:c.1580G>T,NP_001365539.2:p.Cys527Phe,0.698,28.5,['Unknown%20significance'],6.82,0.04,0.0,0.7,0.7
OTOGL,12,80255180,NM_001378610.3:c.1582G>A,NP_001365539.2:p.Glu528Lys,0.169,24.4,['Unknown%20significance'],171.59,0.87,0.0,0.0,0.0
OTOGL,12,80255181,NM_001378610.3:c.1583A>G,NP_001365539.2:p.Glu528Gly,0.080,21.0,['Unknown%20significance'],171.59,0.87,0.0,-0.0,0.0
OTOGL,12,80255181,NM_001378610.3:c.1583A>T,NP_001365539.2:p.Glu528Val,0.272,24.1,['Unknown%20significance'],171.59,0.87,0.0,-0.1,0.1
OTOGL,12,80255182,NM_001378610.3:c.1584G>T,NP_001365539.2:p.Glu528Asp,0.096,16.09,['Likely%20benign'],171.59,0.87,0.0,-0.0,0.0
OTOGL,12,80255183,NM_001378610.3:c.1585C>A,NP_001365539.2:p.Gln529Lys,0.246,20.7,['Unknown%20significance'],199.72,1.0,0.0,0.1,0.1
OTOGL,12,80255184,NM_001378610.3:c.1586A>G,NP_001365539.2:p.Gln529Arg,0.256,23.3,['Unknown%20significance'],199.72,1.0,0.0,-0.0,0.0
OTOGL,12,80255185,NM_001378610.3:c.1587G>C,NP_001365539.2:p.Gln529His,0.205,25.8,['Unknown%20significance'],199.72,1.0,0.0,-0.0,0.0
OTOGL,12,80255185,NM_001378610.3:c.1587G>T,NP_001365539.2:p.Gln529His,0.193,26.8,['Unknown%20significance'],199.72,1.0,0.0,-0.0,0.0
OTOGL,12,80256338,NM_001378610.3:c.1589A>G,NP_001365539.2:p.Asn530Ser,0.182,23.4,['Unknown%20significance'],35.17,0.22,0.0,0.1,0.1
OTOGL,12,80256340,NM_001378610.3:c.1591C>A,NP_001365539.2:p.Leu531Ile,0.094,17.48,['Unknown%20significance'],156.79,0.81,0.0,-0.0,0.0
OTOGL,12,80256340,NM_001378610.3:c.1591C>T,NP_001365539.2:p.Leu531Phe,0.112,17.01,['Likely%20benign'],156.79,0.81,0.0,-0.0,0.0
OTOGL,12,80256341,NM_001378610.3:c.1592T>G,NP_001365539.2:p.Leu531Arg,0.169,22.9,['Unknown%20significance'],156.79,0.81,0.0,0.0,0.0
OTOGL,12,80256344,NM_001378610.3:c.1595G>C,NP_001365539.2:p.Gly532Ala,0.153,23.0,['Unknown%20significance'],55.05,0.57,0.0,-0.1,0.1
OTOGL,12,80256344,NM_001378610.3:c.1595G>T,NP_001365539.2:p.Gly532Val,0.221,23.9,['Unknown%20significance'],55.05,0.57,0.0,-0.3,0.3
OTOGL,12,80256349,NM_001378610.3:c.1600G>C,NP_001365539.2:p.Val534Leu,0.067,23.0,['Unknown%20significance'],14.66,0.08,0.0,0.2,0.2
OTOGL,12,80256349,NM_001378610.3:c.1600G>T,NP_001365539.2:p.Val534Phe,0.095,23.5,['Unknown%20significance'],14.66,0.08,0.0,0.1,0.1
OTOGL,12,80256353,NM_001378610.3:c.1604G>A,NP_001365539.2:p.Cys535Tyr,0.669,28.0,['Unknown%20significance'],2.34,0.01,0.0,-0.1,0.1
OTOGL,12,80256356,NM_001378610.3:c.1607T>A,NP_001365539.2:p.Leu536His,0.457,28.4,['Unknown%20significance'],0.0,0.0,0.0,1.6,1.6
OTOGL,12,80256358,NM_001378610.3:c.1609C>G,NP_001365539.2:p.Gln537Glu,0.113,20.2,['Unknown%20significance'],36.86,0.18,0.0,0.5,0.5
OTOGL,12,80256359,NM_001378610.3:c.1610A>G,NP_001365539.2:p.Gln537Arg,0.210,23.6,['Unknown%20significance'],36.86,0.18,0.0,-0.3,0.3
OTOGL,12,80256359,NM_001378610.3:c.1610A>T,NP_001365539.2:p.Gln537Leu,0.448,24.4,['Unknown%20significance'],36.86,0.18,0.0,-0.7,0.7
OTOGL,12,80256362,NM_001378610.3:c.1613C>A,NP_001365539.2:p.Ser538Tyr,0.566,25.7,['Unknown%20significance'],18.76,0.13,0.0,-1.3,1.3
OTOGL,12,80256364,NM_001378610.3:c.1615A>G,NP_001365539.2:p.Ile539Val,0.059,8.557,['Likely%20benign'],1.06,0.0,0.0,0.0,0.0
OTOGL,12,80256365,NM_001378610.3:c.1616T>C,NP_001365539.2:p.Ile539Thr,0.511,25.8,['Unknown%20significance'],1.06,0.0,0.0,3.0,3.0
OTOGL,12,80256368,NM_001378610.3:c.1619C>A,NP_001365539.2:p.Thr540Asn,0.263,19.45,['Unknown%20significance'],2.73,0.01,0.0,1.1,1.1
OTOGL,12,80256368,NM_001378610.3:c.1619C>G,NP_001365539.2:p.Thr540Ser,0.140,16.14,['Unknown%20significance'],2.73,0.01,0.0,0.9,0.9
OTOGL,12,80256373,NM_001378610.3:c.1624A>G,NP_001365539.2:p.Ile542Val,0.058,16.50,['Likely%20benign'],0.0,0.0,0.0,0.2,0.2
OTOGL,12,80256373,NM_001378610.3:c.1624A>T,NP_001365539.2:p.Ile542Phe,0.192,23.2,['Unknown%20significance'],0.0,0.0,0.0,0.1,0.1
OTOGL,12,80256380,NM_001378610.3:c.1631A>G,NP_001365539.2:p.Glu544Gly,0.159,24.5,['Unknown%20significance'],94.86,0.48,0.0,0.1,0.1
OTOGL,12,80256382,NM_001378610.3:c.1633G>A,NP_001365539.2:p.Asp545Asn,0.158,29.3,['Unknown%20significance'],28.34,0.17,0.0,-0.3,0.3
OTOGL,12,80256384,NM_001378610.3:c.1635T>A,NP_001365539.2:p.Asp545Glu,0.088,17.26,['Unknown%20significance'],28.34,0.17,0.0,-0.1,0.1
OTOGL,12,80256384,NM_001378610.3:c.1635T>G,NP_001365539.2:p.Asp545Glu,0.088,17.56,['Unknown%20significance'],28.34,0.17,0.0,-0.1,0.1
OTOGL,12,80256385,NM_001378610.3:c.1636G>A,NP_001365539.2:p.Asp546Asn,0.247,32,['Unknown%20significance'],48.22,0.3,0.0,-0.2,0.2
OTOGL,12,80256385,NM_001378610.3:c.1636G>T,NP_001365539.2:p.Asp546Tyr,0.558,31,['Unknown%20significance'],48.22,0.3,0.0,-1.0,1.0
OTOGL,12,80256386,NM_001378610.3:c.1637A>G,NP_001365539.2:p.Asp546Gly,0.442,28.4,['Unknown%20significance'],48.22,0.3,0.0,0.4,0.4
OTOGL,12,80256391,NM_001378610.3:c.1642A>G,NP_001365539.2:p.Asn548Asp,0.135,21.6,['Likely%20benign'],69.73,0.43,0.0,0.3,0.3
OTOGL,12,80256392,NM_001378610.3:c.1643A>C,NP_001365539.2:p.Asn548Thr,0.221,18.96,['Likely%20benign'],69.73,0.43,0.0,-0.1,0.1
OTOGL,12,80256392,NM_001378610.3:c.1643A>G,NP_001365539.2:p.Asn548Ser,0.153,14.88,['Likely%20benign'],69.73,0.43,0.0,0.1,0.1
OTOGL,12,80256394,NM_001378610.3:c.1645A>G,NP_001365539.2:p.Lys549Glu,0.269,24.0,['Unknown%20significance'],54.09,0.22,0.0,-0.0,0.0
OTOGL,12,80256395,NM_001378610.3:c.1646A>G,NP_001365539.2:p.Lys549Arg,0.114,17.98,['Unknown%20significance'],54.09,0.22,0.0,-0.8,0.8
OTOGL,12,80256397,NM_001378610.3:c.1648C>A,NP_001365539.2:p.Gln550Lys,0.381,24.6,['Unknown%20significance'],7.55,0.03,0.0,0.7,0.7
OTOGL,12,80256401,NM_001378610.3:c.1652T>A,NP_001365539.2:p.Val551Glu,0.683,27.6,['Unknown%20significance'],0.03,0.0,0.0,4.3,4.3
OTOGL,12,80256403,NM_001378610.3:c.1654A>G,NP_001365539.2:p.Thr552Ala,0.394,25.4,['Unknown%20significance'],15.34,0.09,0.0,0.1,0.1
OTOGL,12,80256404,NM_001378610.3:c.1655C>T,NP_001365539.2:p.Thr552Ile,0.165,23.0,['Unknown%20significance'],15.34,0.09,0.0,-1.2,1.2
OTOGL,12,80256406,NM_001378610.3:c.1657C>T,NP_001365539.2:p.Leu553Phe,0.386,22.6,['Unknown%20significance'],0.83,0.0,0.0,0.6,0.6
OTOGL,12,80256407,NM_001378610.3:c.1658T>C,NP_001365539.2:p.Leu553Pro,0.727,27.0,['Unknown%20significance'],0.83,0.0,0.0,3.9,3.9
OTOGL,12,80256409,NM_001378610.3:c.1660G>T,NP_001365539.2:p.Gly554Cys,0.082,21.1,['Unknown%20significance'],1.06,0.01,0.0,-0.9,0.9
OTOGL,12,80256410,NM_001378610.3:c.1661G>C,NP_001365539.2:p.Gly554Ala,0.059,18.83,['Likely%20benign'],1.06,0.01,0.0,-0.9,0.9
OTOGL,12,80256412,NM_001378610.3:c.1663A>T,NP_001365539.2:p.Arg555Trp,0.409,18.85,['Unknown%20significance'],53.78,0.19,0.0,-0.4,0.4
OTOGL,12,80256416,NM_001378610.3:c.1667G>A,NP_001365539.2:p.Gly556Glu,0.308,19.96,['Unknown%20significance'],63.19,0.66,0.0,-0.1,0.1
OTOGL,12,80256419,NM_001378610.3:c.1670G>A,NP_001365539.2:p.Gly557Glu,0.570,26.4,['Unknown%20significance'],18.75,0.19,0.0,0.1,0.1
OTOGL,12,80256419,NM_001378610.3:c.1670G>T,NP_001365539.2:p.Gly557Val,0.726,27.1,['Unknown%20significance'],18.75,0.19,0.0,-0.6,0.6
OTOGL,12,80256422,NM_001378610.3:c.1673A>G,NP_001365539.2:p.Gln558Arg,0.205,23.3,['Unknown%20significance'],95.46,0.48,0.0,-0.2,0.2
OTOGL,12,80256425,NM_001378610.3:c.1676T>C,NP_001365539.2:p.Ile559Thr,0.412,23.1,['Unknown%20significance'],43.59,0.22,0.0,1.7,1.7
OTOGL,12,80256427,NM_001378610.3:c.1678C>G,NP_001365539.2:p.Leu560Val,0.069,6.453,['Likely%20benign'],91.41,0.47,0.0,0.1,0.1
OTOGL,12,80256427,NM_001378610.3:c.1678C>T,NP_001365539.2:p.Leu560Phe,0.066,7.068,['Likely%20benign'],91.41,0.47,0.0,0.1,0.1
OTOGL,12,80256431,NM_001378610.3:c.1682C>G,NP_001365539.2:p.Thr561Ser,0.090,15.51,['Likely%20benign'],27.98,0.17,0.0,0.8,0.8
OTOGL,12,80256433,NM_001378610.3:c.1684A>C,NP_001365539.2:p.Ser562Arg,0.205,20.7,['Unknown%20significance'],6.4,0.04,0.0,-0.7,0.7
OTOGL,12,80256433,NM_001378610.3:c.1684A>G,NP_001365539.2:p.Ser562Gly,0.131,19.17,['Likely%20benign'],6.4,0.04,0.0,0.7,0.7
OTOGL,12,80256434,NM_001378610.3:c.1685G>T,NP_001365539.2:p.Ser562Ile,0.155,22.1,['Unknown%20significance'],6.4,0.04,0.0,-1.2,1.2
OTOGL,12,80256435,NM_001378610.3:c.1686T>G,NP_001365539.2:p.Ser562Arg,0.333,14.14,['Unknown%20significance'],6.4,0.04,0.0,-0.7,0.7
OTOGL,12,80256436,NM_001378610.3:c.1687C>A,NP_001365539.2:p.Pro563Thr,0.134,17.55,['Unknown%20significance'],151.65,0.96,0.0,-0.1,0.1
OTOGL,12,80256436,NM_001378610.3:c.1687C>G,NP_001365539.2:p.Pro563Ala,0.170,15.52,['Likely%20benign'],151.65,0.96,0.0,-0.0,0.0
OTOGL,12,80256437,NM_001378610.3:c.1688C>A,NP_001365539.2:p.Pro563His,0.220,19.67,['Unknown%20significance'],151.65,0.96,0.0,-0.1,0.1
OTOGL,12,80256437,NM_001378610.3:c.1688C>G,NP_001365539.2:p.Pro563Arg,0.231,19.93,['Unknown%20significance'],151.65,0.96,0.0,-0.1,0.1
OTOGL,12,80256442,NM_001378610.3:c.1693C>A,NP_001365539.2:p.Gln565Lys,0.088,21.8,['Unknown%20significance'],24.98,0.12,0.0,0.6,0.6
OTOGL,12,80256442,NM_001378610.3:c.1693C>G,NP_001365539.2:p.Gln565Glu,0.087,20.4,['Likely%20benign'],24.98,0.12,0.0,0.6,0.6
OTOGL,12,80256443,NM_001378610.3:c.1694A>C,NP_001365539.2:p.Gln565Pro,0.200,22.7,['Unknown%20significance'],24.98,0.12,0.0,0.7,0.7
OTOGL,12,80256443,NM_001378610.3:c.1694A>G,NP_001365539.2:p.Gln565Arg,0.159,22.5,['Unknown%20significance'],24.98,0.12,0.0,-0.4,0.4
OTOGL,12,80256444,NM_001378610.3:c.1695A>T,NP_001365539.2:p.Gln565His,0.076,14.99,['Likely%20benign'],24.98,0.12,0.0,-0.2,0.2
OTOGL,12,80256445,NM_001378610.3:c.1696G>A,NP_001365539.2:p.Gly566Ser,0.086,22.4,['Unknown%20significance'],50.06,0.52,0.0,-0.4,0.4
OTOGL,12,80256446,NM_001378610.3:c.1697G>A,NP_001365539.2:p.Gly566Asp,0.202,20.2,['Likely%20benign'],50.06,0.52,0.0,-0.1,0.1
OTOGL,12,80256446,NM_001378610.3:c.1697G>T,NP_001365539.2:p.Gly566Val,0.204,20.8,['Unknown%20significance'],50.06,0.52,0.0,-1.5,1.5
OTOGL,12,80256448,NM_001378610.3:c.1699T>G,NP_001365539.2:p.Phe567Val,0.214,18.45,['Unknown%20significance'],90.65,0.39,0.0,0.1,0.1
OTOGL,12,80256452,NM_001378610.3:c.1703A>G,NP_001365539.2:p.Asn568Ser,0.228,11.51,['Likely%20benign'],77.04,0.48,0.0,-0.0,0.0
OTOGL,12,80256453,NM_001378610.3:c.1704C>A,NP_001365539.2:p.Asn568Lys,0.077,14.68,['Likely%20benign'],77.04,0.48,0.0,0.2,0.2
OTOGL,12,80256454,NM_001378610.3:c.1705C>G,NP_001365539.2:p.Leu569Val,0.063,20.3,['Unknown%20significance'],0.0,0.0,0.0,0.1,0.1
OTOGL,12,80256455,NM_001378610.3:c.1706T>C,NP_001365539.2:p.Leu569Pro,0.367,24.8,['Unknown%20significance'],0.0,0.0,0.0,2.3,2.3
OTOGL,12,80256458,NM_001378610.3:c.1709A>G,NP_001365539.2:p.Asn570Ser,0.152,23.1,['Unknown%20significance'],124.66,0.77,0.0,0.0,0.0
OTOGL,12,80256458,NM_001378610.3:c.1709A>T,NP_001365539.2:p.Asn570Ile,0.336,25.7,['Unknown%20significance'],124.66,0.77,0.0,-0.1,0.1
OTOGL,12,80256459,NM_001378610.3:c.1710T>A,NP_001365539.2:p.Asn570Lys,0.141,15.00,['Likely%20benign'],124.66,0.77,0.0,0.1,0.1
OTOGL,12,80256460,NM_001378610.3:c.1711G>T,NP_001365539.2:p.Gly571Cys,0.415,35,['Unknown%20significance'],59.03,0.61,0.0,-0.0,0.0
OTOGL,12,80257825,NM_001378610.3:c.1712G>A,NP_001365539.2:p.Gly571Asp,0.127,22.2,['Unknown%20significance'],59.03,0.61,0.0,0.1,0.1
OTOGL,12,80257825,NM_001378610.3:c.1712G>T,NP_001365539.2:p.Gly571Val,0.467,34,['Unknown%20significance'],59.03,0.61,0.0,-0.3,0.3
OTOGL,12,80257827,NM_001378610.3:c.1714A>G,NP_001365539.2:p.Ile572Val,0.076,10.50,['Unknown%20significance'],58.9,0.3,0.0,0.1,0.1
OTOGL,12,80257828,NM_001378610.3:c.1715T>C,NP_001365539.2:p.Ile572Thr,0.096,18.11,['Unknown%20significance'],58.9,0.3,0.0,0.6,0.6
OTOGL,12,80257830,NM_001378610.3:c.1717G>A,NP_001365539.2:p.Val573Ile,0.064,19.09,['Unknown%20significance'],0.0,0.0,0.0,-0.3,0.3
OTOGL,12,80257830,NM_001378610.3:c.1717G>T,NP_001365539.2:p.Val573Phe,0.104,20.2,['Unknown%20significance'],0.0,0.0,0.0,0.1,0.1
OTOGL,12,80257831,NM_001378610.3:c.1718T>C,NP_001365539.2:p.Val573Ala,0.114,24.2,['Unknown%20significance'],0.0,0.0,0.0,2.3,2.3
OTOGL,12,80257833,NM_001378610.3:c.1720G>A,NP_001365539.2:p.Glu574Lys,0.333,23.6,['Unknown%20significance'],40.36,0.2,0.0,0.0,0.0
OTOGL,12,80257839,NM_001378610.3:c.1726C>A,NP_001365539.2:p.Gln576Lys,0.195,23.1,['Unknown%20significance'],12.84,0.06,0.0,0.7,0.7
OTOGL,12,80257839,NM_001378610.3:c.1726C>G,NP_001365539.2:p.Gln576Glu,0.128,22.5,['Unknown%20significance'],12.84,0.06,0.0,0.5,0.5
OTOGL,12,80257842,NM_001378610.3:c.1729A>G,NP_001365539.2:p.Thr577Ala,0.082,23.4,['Likely%20benign'],47.45,0.3,0.0,0.1,0.1
OTOGL,12,80257843,NM_001378610.3:c.1730C>A,NP_001365539.2:p.Thr577Asn,0.068,19.05,['Likely%20benign'],47.45,0.3,0.0,0.4,0.4
OTOGL,12,80257846,NM_001378610.3:c.1733T>A,NP_001365539.2:p.Leu578Gln,0.390,26.4,['Unknown%20significance'],0.24,0.0,0.0,1.3,1.3
OTOGL,12,80257846,NM_001378610.3:c.1733T>C,NP_001365539.2:p.Leu578Pro,0.419,28.3,['Unknown%20significance'],0.24,0.0,0.0,1.8,1.8
OTOGL,12,80257848,NM_001378610.3:c.1735T>C,NP_001365539.2:p.Ser579Pro,0.532,26.3,['Unknown%20significance'],0.0,0.0,0.0,0.7,0.7
OTOGL,12,80257849,NM_001378610.3:c.1736C>T,NP_001365539.2:p.Ser579Leu,0.530,28.2,['Unknown%20significance'],0.0,0.0,0.0,-0.5,0.5
OTOGL,12,80257851,NM_001378610.3:c.1738T>G,NP_001365539.2:p.Ser580Ala,0.286,24.0,['Unknown%20significance'],21.48,0.15,0.0,-0.1,0.1
OTOGL,12,80257856,NM_001378610.3:c.1743A>T,NP_001365539.2:p.Leu581Phe,0.091,20.4,['Unknown%20significance'],23.9,0.12,0.0,-0.2,0.2
OTOGL,12,80257860,NM_001378610.3:c.1747A>G,NP_001365539.2:p.Ile583Val,0.073,17.18,['Likely%20benign'],1.42,0.0,0.0,0.2,0.2
OTOGL,12,80257861,NM_001378610.3:c.1748T>C,NP_001365539.2:p.Ile583Thr,0.307,22.0,['Likely%20benign'],1.42,0.0,0.0,2.9,2.9
OTOGL,12,80257866,NM_001378610.3:c.1753C>A,NP_001365539.2:p.Leu585Ile,0.112,23.3,['Unknown%20significance'],0.45,0.0,0.0,-0.3,0.3
OTOGL,12,80257872,NM_001378610.3:c.1759A>G,NP_001365539.2:p.Thr587Ala,0.336,22.5,['Unknown%20significance'],12.46,0.07,0.0,0.5,0.5
OTOGL,12,80257873,NM_001378610.3:c.1760C>G,NP_001365539.2:p.Thr587Ser,0.248,24.5,['Unknown%20significance'],12.46,0.07,0.0,0.9,0.9
OTOGL,12,80257873,NM_001378610.3:c.1760C>T,NP_001365539.2:p.Thr587Ile,0.317,26.0,['Unknown%20significance'],12.46,0.07,0.0,-0.7,0.7
OTOGL,12,80257876,NM_001378610.3:c.1763C>A,NP_001365539.2:p.Thr588Lys,0.147,18.36,['Likely%20benign'],117.59,0.74,0.0,0.2,0.2
OTOGL,12,80257876,NM_001378610.3:c.1763C>T,NP_001365539.2:p.Thr588Ile,0.256,19.47,['Unknown%20significance'],117.59,0.74,0.0,-0.1,0.1
OTOGL,12,80257878,NM_001378610.3:c.1765T>C,NP_001365539.2:p.Phe589Leu,0.189,22.7,['Unknown%20significance'],23.29,0.1,0.0,0.6,0.6
OTOGL,12,80257881,NM_001378610.3:c.1768G>A,NP_001365539.2:p.Gly590Ser,0.634,29.1,['Unknown%20significance'],21.87,0.22,0.0,0.5,0.5
OTOGL,12,80257887,NM_001378610.3:c.1774A>C,NP_001365539.2:p.Lys592Gln,0.104,22.4,['Unknown%20significance'],55.95,0.23,0.0,-0.5,0.5
OTOGL,12,80257889,NM_001378610.3:c.1776G>T,NP_001365539.2:p.Lys592Asn,0.184,26.0,['Unknown%20significance'],55.95,0.23,0.0,0.0,0.0
OTOGL,12,80257891,NM_001378610.3:c.1778T>C,NP_001365539.2:p.Ile593Thr,0.550,26.2,['Unknown%20significance'],0.29,0.0,0.0,3.5,3.5
OTOGL,12,80257899,NM_001378610.3:c.1786G>T,NP_001365539.2:p.Ala596Ser,0.046,19.81,['Likely%20benign'],0.03,0.0,0.0,-0.1,0.1
OTOGL,12,80257902,NM_001378610.3:c.1789A>C,NP_001365539.2:p.Ile597Leu,0.040,15.94,['Likely%20benign'],36.9,0.18,0.0,-0.2,0.2
OTOGL,12,80257902,NM_001378610.3:c.1789A>G,NP_001365539.2:p.Ile597Val,0.030,13.89,['Likely%20benign'],36.9,0.18,0.0,0.3,0.3
OTOGL,12,80257905,NM_001378610.3:c.1792G>A,NP_001365539.2:p.Asp598Asn,0.233,23.5,['Unknown%20significance'],52.51,0.32,0.0,-0.2,0.2
OTOGL,12,80257905,NM_001378610.3:c.1792G>T,NP_001365539.2:p.Asp598Tyr,0.483,25.8,['Unknown%20significance'],52.51,0.32,0.0,-0.7,0.7
OTOGL,12,80257906,NM_001378610.3:c.1793A>G,NP_001365539.2:p.Asp598Gly,0.272,23.0,['Unknown%20significance'],52.51,0.32,0.0,0.5,0.5
OTOGL,12,80257908,NM_001378610.3:c.1795G>A,NP_001365539.2:p.Gly599Arg,0.434,28.4,['Unknown%20significance'],0.0,0.0,0.0,-0.9,0.9
OTOGL,12,80257911,NM_001378610.3:c.1798G>A,NP_001365539.2:p.Glu600Lys,0.133,20.0,['Likely%20benign'],3.99,0.02,0.0,0.1,0.1
OTOGL,12,80257912,NM_001378610.3:c.1799A>G,NP_001365539.2:p.Glu600Gly,0.231,21.9,['Likely%20benign'],3.99,0.02,0.0,0.6,0.6
OTOGL,12,80257915,NM_001378610.3:c.1802G>T,NP_001365539.2:p.Arg601Ile,0.698,28.8,['Unknown%20significance'],1.3,0.0,0.0,-0.4,0.4
OTOGL,12,80257917,NM_001378610.3:c.1804A>C,NP_001365539.2:p.Ile602Leu,0.076,14.80,['Likely%20benign'],0.0,0.0,0.0,0.2,0.2
OTOGL,12,80257920,NM_001378610.3:c.1807T>C,NP_001365539.2:p.Tyr603His,0.549,25.0,['Unknown%20significance'],0.0,0.0,0.0,1.7,1.7
OTOGL,12,80257923,NM_001378610.3:c.1810A>G,NP_001365539.2:p.Ile604Val,0.093,18.74,['Unknown%20significance'],0.0,0.0,0.0,0.1,0.1
OTOGL,12,80257927,NM_001378610.3:c.1814A>T,NP_001365539.2:p.Gln605Leu,0.340,25.4,['Unknown%20significance'],18.03,0.09,0.0,-1.1,1.1
OTOGL,12,80257928,NM_001378610.3:c.1815G>T,NP_001365539.2:p.Gln605His,0.329,18.63,['Unknown%20significance'],18.03,0.09,0.0,-0.2,0.2
OTOGL,12,80257930,NM_001378610.3:c.1817T>G,NP_001365539.2:p.Leu606Arg,0.480,26.1,['Unknown%20significance'],0.05,0.0,0.0,2.7,2.7
OTOGL,12,80257936,NM_001378610.3:c.1823G>A,NP_001365539.2:p.Ser608Asn,0.056,19.73,['Unknown%20significance'],22.52,0.16,0.0,0.1,0.1
OTOGL,12,80257937,NM_001378610.3:c.1824C>A,NP_001365539.2:p.Ser608Arg,0.315,6.235,['Likely%20benign'],22.52,0.16,0.0,-0.4,0.4
OTOGL,12,80257938,NM_001378610.3:c.1825G>A,NP_001365539.2:p.Ala609Thr,0.046,8.022,['Unknown%20significance'],75.58,0.59,0.0,-0.2,0.2
OTOGL,12,80257938,NM_001378610.3:c.1825G>T,NP_001365539.2:p.Ala609Ser,0.043,5.611,['Likely%20benign'],75.58,0.59,0.0,-0.0,0.0
OTOGL,12,80257939,NM_001378610.3:c.1826C>T,NP_001365539.2:p.Ala609Val,0.102,15.29,['Likely%20benign'],75.58,0.59,0.0,-0.2,0.2
OTOGL,12,80257941,NM_001378610.3:c.1828T>G,NP_001365539.2:p.Trp610Gly,0.665,29.6,['Unknown%20significance'],1.49,0.0,0.0,4.4,4.4
OTOGL,12,80257947,NM_001378610.3:c.1834A>G,NP_001365539.2:p.Arg612Gly,0.236,22.2,['Unknown%20significance'],203.34,0.75,0.0,0.0,0.0
OTOGL,12,80257948,NM_001378610.3:c.1835G>A,NP_001365539.2:p.Arg612Lys,0.110,22.5,['Unknown%20significance'],203.34,0.75,0.0,0.2,0.2
OTOGL,12,80257948,NM_001378610.3:c.1835G>T,NP_001365539.2:p.Arg612Ile,0.281,26.5,['Unknown%20significance'],203.34,0.75,0.0,-0.0,0.0
OTOGL,12,80257951,NM_001378610.3:c.1838G>A,NP_001365539.2:p.Arg613Lys,0.119,22.7,['Unknown%20significance'],63.55,0.23,0.0,0.8,0.8
OTOGL,12,80257951,NM_001378610.3:c.1838G>C,NP_001365539.2:p.Arg613Thr,0.220,24.0,['Unknown%20significance'],63.55,0.23,0.0,0.5,0.5
OTOGL,12,80257951,NM_001378610.3:c.1838G>T,NP_001365539.2:p.Arg613Ile,0.340,27.8,['Unknown%20significance'],63.55,0.23,0.0,0.1,0.1
OTOGL,12,80257953,NM_001378610.3:c.1840A>G,NP_001365539.2:p.Thr614Ala,0.720,26.3,['Unknown%20significance'],1.06,0.0,0.0,1.1,1.1
OTOGL,12,80257954,NM_001378610.3:c.1841C>T,NP_001365539.2:p.Thr614Ile,0.547,25.1,['Unknown%20significance'],1.06,0.0,0.0,-0.8,0.8
OTOGL,12,80257962,NM_001378610.3:c.1849C>A,NP_001365539.2:p.Leu617Met,0.680,32,['Unknown%20significance'],0.0,0.0,0.0,1.6,1.6
OTOGL,12,80257963,NM_001378610.3:c.1850T>C,NP_001365539.2:p.Leu617Pro,0.934,28.1,['Unknown%20significance'],0.0,0.0,0.0,4.6,4.6
OTOGL,12,80257966,NM_001378610.3:c.1853G>A,NP_001365539.2:p.Cys618Tyr,0.943,28.5,['Unknown%20significance'],0.0,0.0,0.0,2.3,2.3
OTOGL,12,80257966,NM_001378610.3:c.1853G>C,NP_001365539.2:p.Cys618Ser,0.929,26.6,['Unknown%20significance'],0.0,0.0,0.0,4.1,4.1
OTOGL,12,80257967,NM_001378610.3:c.1854T>G,NP_001365539.2:p.Cys618Trp,0.865,26.3,['Unknown%20significance'],0.0,0.0,0.0,2.1,2.1
OTOGL,12,80257969,NM_001378610.3:c.1856G>A,NP_001365539.2:p.Gly619Asp,0.940,26.9,['Unknown%20significance'],0.56,0.0,0.0,1.9,1.9
OTOGL,12,80257969,NM_001378610.3:c.1856G>T,NP_001365539.2:p.Gly619Val,0.938,28.1,['Unknown%20significance'],0.56,0.0,0.0,0.3,0.3
OTOGL,12,80257971,NM_001378610.3:c.1858A>T,NP_001365539.2:p.Thr620Ser,0.356,25.3,['Unknown%20significance'],13.48,0.08,0.0,0.4,0.4
OTOGL,12,80257972,NM_001378610.3:c.1859C>T,NP_001365539.2:p.Thr620Ile,0.433,25.4,['Unknown%20significance'],13.48,0.08,0.0,-0.0,0.0
OTOGL,12,80257975,NM_001378610.3:c.1862T>C,NP_001365539.2:p.Phe621Ser,0.535,27.4,['Unknown%20significance'],5.82,0.02,0.0,3.2,3.2
OTOGL,12,80257976,NM_001378610.3:c.1863T>A,NP_001365539.2:p.Phe621Leu,0.448,22.9,['Unknown%20significance'],5.82,0.02,0.0,1.6,1.6
OTOGL,12,80257978,NM_001378610.3:c.1865A>G,NP_001365539.2:p.Asn622Ser,0.646,25.9,['Unknown%20significance'],27.27,0.17,0.0,0.9,0.9
OTOGL,12,80257980,NM_001378610.3:c.1867G>A,NP_001365539.2:p.Gly623Ser,0.522,29.2,['Unknown%20significance'],10.56,0.11,0.0,0.3,0.3
OTOGL,12,80257981,NM_001378610.3:c.1868G>A,NP_001365539.2:p.Gly623Asp,0.712,24.0,['Unknown%20significance'],10.56,0.11,0.0,0.4,0.4
OTOGL,12,80257984,NM_001378610.3:c.1871A>G,NP_001365539.2:p.Asn624Ser,0.462,26.2,['Unknown%20significance'],6.04,0.03,0.0,0.8,0.8
OTOGL,12,80257985,NM_001378610.3:c.1872C>A,NP_001365539.2:p.Asn624Lys,0.415,23.2,['Unknown%20significance'],6.04,0.03,0.0,0.6,0.6
OTOGL,12,80257986,NM_001378610.3:c.1873A>G,NP_001365539.2:p.Ile625Val,0.077,20.5,['Unknown%20significance'],20.28,0.1,0.0,0.3,0.3
OTOGL,12,80257988,NM_001378610.3:c.1875A>G,NP_001365539.2:p.Ile625Met,0.086,21.9,['Likely%20benign'],20.28,0.1,0.0,-0.3,0.3
OTOGL,12,80257989,NM_001378610.3:c.1876A>T,NP_001365539.2:p.Arg626Trp,0.410,27.7,['Unknown%20significance'],69.96,0.25,0.0,0.2,0.2
OTOGL,12,80257990,NM_001378610.3:c.1877G>A,NP_001365539.2:p.Arg626Lys,0.144,24.0,['Unknown%20significance'],69.96,0.25,0.0,0.7,0.7
OTOGL,12,80257991,NM_001378610.3:c.1878G>C,NP_001365539.2:p.Arg626Ser,0.349,22.4,['Unknown%20significance'],69.96,0.25,0.0,0.9,0.9
OTOGL,12,80257992,NM_001378610.3:c.1879G>C,NP_001365539.2:p.Asp627His,0.810,28.8,['Unknown%20significance'],29.74,0.18,0.0,-0.1,0.1
OTOGL,12,80257993,NM_001378610.3:c.1880A>G,NP_001365539.2:p.Asp627Gly,0.759,32,['Unknown%20significance'],29.74,0.18,0.0,1.2,1.2
OTOGL,12,80257994,NM_001378610.3:c.1881T>A,NP_001365539.2:p.Asp627Glu,0.603,24.4,['Unknown%20significance'],29.74,0.18,0.0,0.5,0.5
OTOGL,12,80257995,NM_001378610.3:c.1882G>A,NP_001365539.2:p.Asp628Asn,0.841,31,['Unknown%20significance'],0.05,0.0,0.0,0.0,0.0
OTOGL,12,80257996,NM_001378610.3:c.1883A>T,NP_001365539.2:p.Asp628Val,0.909,29.0,['Unknown%20significance'],0.05,0.0,0.0,0.4,0.4
OTOGL,12,80257998,NM_001378610.3:c.1885T>C,NP_001365539.2:p.Phe629Leu,0.379,25.4,['Unknown%20significance'],0.0,0.0,0.0,1.2,1.2
OTOGL,12,80258002,NM_001378610.3:c.1889T>A,NP_001365539.2:p.Leu630His,0.466,32,['Unknown%20significance'],38.35,0.19,0.0,0.8,0.8
OTOGL,12,80261971,NM_001378610.3:c.1892C>A,NP_001365539.2:p.Ser631Tyr,0.411,25.9,['Unknown%20significance'],0.85,0.0,0.0,-1.6,1.6
OTOGL,12,80261971,NM_001378610.3:c.1892C>G,NP_001365539.2:p.Ser631Cys,0.420,25.8,['Unknown%20significance'],0.85,0.0,0.0,-0.4,0.4
OTOGL,12,80261971,NM_001378610.3:c.1892C>T,NP_001365539.2:p.Ser631Phe,0.428,26.5,['Unknown%20significance'],0.85,0.0,0.0,-1.5,1.5
OTOGL,12,80261973,NM_001378610.3:c.1894C>T,NP_001365539.2:p.Pro632Ser,0.337,24.5,['Unknown%20significance'],10.46,0.06,0.0,0.6,0.6
OTOGL,12,80261974,NM_001378610.3:c.1895C>T,NP_001365539.2:p.Pro632Leu,0.407,23.7,['Unknown%20significance'],10.46,0.06,0.0,0.0,0.0
OTOGL,12,80261977,NM_001378610.3:c.1898C>T,NP_001365539.2:p.Ser633Leu,0.125,21.3,['Unknown%20significance'],3.56,0.02,0.0,-0.2,0.2
OTOGL,12,80261979,NM_001378610.3:c.1900G>A,NP_001365539.2:p.Gly634Ser,0.677,25.8,['Unknown%20significance'],14.29,0.14,0.0,0.6,0.6
OTOGL,12,80261980,NM_001378610.3:c.1901G>T,NP_001365539.2:p.Gly634Val,0.786,25.5,['Unknown%20significance'],14.29,0.14,0.0,0.3,0.3
OTOGL,12,80261982,NM_001378610.3:c.1903A>G,NP_001365539.2:p.Met635Val,0.249,16.75,['Unknown%20significance'],2.25,0.01,0.0,-0.2,0.2
OTOGL,12,80261983,NM_001378610.3:c.1904T>C,NP_001365539.2:p.Met635Thr,0.552,23.0,['Unknown%20significance'],2.25,0.01,0.0,0.5,0.5
OTOGL,12,80261984,NM_001378610.3:c.1905G>A,NP_001365539.2:p.Met635Ile,0.196,23.4,['Unknown%20significance'],2.25,0.01,0.0,-0.3,0.3
OTOGL,12,80261985,NM_001378610.3:c.1906A>G,NP_001365539.2:p.Ile636Val,0.131,19.54,['Unknown%20significance'],52.71,0.26,0.0,0.1,0.1
OTOGL,12,80261990,NM_001378610.3:c.1911A>C,NP_001365539.2:p.Glu637Asp,0.276,22.8,['Unknown%20significance'],0.34,0.0,0.0,0.4,0.4
OTOGL,12,80261990,NM_001378610.3:c.1911A>T,NP_001365539.2:p.Glu637Asp,0.276,22.8,['Unknown%20significance'],0.34,0.0,0.0,0.4,0.4
OTOGL,12,80261991,NM_001378610.3:c.1912G>A,NP_001365539.2:p.Gly638Ser,0.219,17.20,['Unknown%20significance'],12.7,0.13,0.0,-0.6,0.6
OTOGL,12,80261992,NM_001378610.3:c.1913G>A,NP_001365539.2:p.Gly638Asp,0.205,23.4,['Unknown%20significance'],12.7,0.13,0.0,-0.0,0.0
OTOGL,12,80261992,NM_001378610.3:c.1913G>C,NP_001365539.2:p.Gly638Ala,0.137,21.2,['Unknown%20significance'],12.7,0.13,0.0,-0.9,0.9
OTOGL,12,80261995,NM_001378610.3:c.1916C>T,NP_001365539.2:p.Thr639Ile,0.364,23.3,['Unknown%20significance'],6.16,0.03,0.0,-0.5,0.5
OTOGL,12,80261997,NM_001378610.3:c.1918C>T,NP_001365539.2:p.Pro640Ser,0.220,22.5,['Unknown%20significance'],11.85,0.07,0.0,0.1,0.1
OTOGL,12,80261998,NM_001378610.3:c.1919C>T,NP_001365539.2:p.Pro640Leu,0.279,24.0,['Unknown%20significance'],11.85,0.07,0.0,-1.0,1.0
OTOGL,12,80262000,NM_001378610.3:c.1921C>A,NP_001365539.2:p.Gln641Lys,0.217,23.4,['Unknown%20significance'],5.96,0.03,0.0,0.5,0.5
OTOGL,12,80262000,NM_001378610.3:c.1921C>G,NP_001365539.2:p.Gln641Glu,0.232,21.3,['Unknown%20significance'],5.96,0.03,0.0,0.8,0.8
OTOGL,12,80262003,NM_001378610.3:c.1924C>G,NP_001365539.2:p.Leu642Val,0.138,23.2,['Unknown%20significance'],0.16,0.0,0.0,0.2,0.2
OTOGL,12,80262003,NM_001378610.3:c.1924C>T,NP_001365539.2:p.Leu642Phe,0.228,23.8,['Unknown%20significance'],0.16,0.0,0.0,0.1,0.1
OTOGL,12,80262004,NM_001378610.3:c.1925T>C,NP_001365539.2:p.Leu642Pro,0.479,24.9,['Unknown%20significance'],0.16,0.0,0.0,1.7,1.7
OTOGL,12,80262008,NM_001378610.3:c.1929C>A,NP_001365539.2:p.His643Gln,0.288,1.001,['Unknown%20significance'],0.0,0.0,0.0,1.0,1.0
OTOGL,12,80262008,NM_001378610.3:c.1929C>G,NP_001365539.2:p.His643Gln,0.288,1.160,['Unknown%20significance'],0.0,0.0,0.0,1.0,1.0
OTOGL,12,80262009,NM_001378610.3:c.1930G>A,NP_001365539.2:p.Ala644Thr,0.209,22.4,['Unknown%20significance'],0.0,0.0,0.0,0.3,0.3
OTOGL,12,80262013,NM_001378610.3:c.1934A>G,NP_001365539.2:p.Asn645Ser,0.218,16.84,['Unknown%20significance'],6.13,0.03,0.0,0.3,0.3
OTOGL,12,80262015,NM_001378610.3:c.1936G>A,NP_001365539.2:p.Ala646Thr,0.108,22.9,['Unknown%20significance'],0.13,0.0,0.0,-0.2,0.2
OTOGL,12,80262016,NM_001378610.3:c.1937C>A,NP_001365539.2:p.Ala646Glu,0.373,23.8,['Unknown%20significance'],0.13,0.0,0.0,0.5,0.5
OTOGL,12,80262016,NM_001378610.3:c.1937C>G,NP_001365539.2:p.Ala646Gly,0.172,24.2,['Unknown%20significance'],0.13,0.0,0.0,1.1,1.1
OTOGL,12,80262016,NM_001378610.3:c.1937C>T,NP_001365539.2:p.Ala646Val,0.337,24.0,['Unknown%20significance'],0.13,0.0,0.0,-0.4,0.4
OTOGL,12,80262018,NM_001378610.3:c.1939T>C,NP_001365539.2:p.Trp647Arg,0.791,25.3,['Unknown%20significance'],0.14,0.0,0.0,4.7,4.7
OTOGL,12,80262020,NM_001378610.3:c.1941G>T,NP_001365539.2:p.Trp647Cys,0.722,28.9,['Unknown%20significance'],0.14,0.0,0.0,4.4,4.4
OTOGL,12,80262024,NM_001378610.3:c.1945G>A,NP_001365539.2:p.Val649Ile,0.046,19.11,['Unknown%20significance'],0.0,0.0,0.0,-0.0,0.0
OTOGL,12,80262028,NM_001378610.3:c.1949C>T,NP_001365539.2:p.Ser650Phe,0.298,24.9,['Unknown%20significance'],0.01,0.0,0.0,-0.9,0.9
OTOGL,12,80262030,NM_001378610.3:c.1951T>C,NP_001365539.2:p.Ser651Pro,0.215,17.15,['Unknown%20significance'],33.35,0.24,0.0,0.1,0.1
OTOGL,12,80262030,NM_001378610.3:c.1951T>G,NP_001365539.2:p.Ser651Ala,0.096,15.63,['Unknown%20significance'],33.35,0.24,0.0,-0.0,0.0
OTOGL,12,80262034,NM_001378610.3:c.1955C>T,NP_001365539.2:p.Thr652Ile,0.206,23.3,['Unknown%20significance'],72.54,0.46,0.0,-0.1,0.1
OTOGL,12,80262036,NM_001378610.3:c.1957T>G,NP_001365539.2:p.Cys653Gly,0.692,25.1,['Benign'],38.07,0.24,0.0,2.9,2.9
OTOGL,12,80262037,NM_001378610.3:c.1958G>A,NP_001365539.2:p.Cys653Tyr,0.587,25.4,['Unknown%20significance'],38.07,0.24,0.0,1.4,1.4
OTOGL,12,80262041,NM_001378610.3:c.1962T>A,NP_001365539.2:p.Phe654Leu,0.042,14.75,['Likely%20benign'],107.6,0.46,0.0,0.2,0.2
OTOGL,12,80262042,NM_001378610.3:c.1963G>A,NP_001365539.2:p.Ala655Thr,0.050,19.55,['Likely%20benign'],10.4,0.08,0.0,-0.3,0.3
OTOGL,12,80262043,NM_001378610.3:c.1964C>A,NP_001365539.2:p.Ala655Glu,0.145,17.34,['Unknown%20significance'],10.4,0.08,0.0,0.1,0.1
OTOGL,12,80262043,NM_001378610.3:c.1964C>T,NP_001365539.2:p.Ala655Val,0.049,16.45,['Unknown%20significance'],10.4,0.08,0.0,-0.7,0.7
OTOGL,12,80262045,NM_001378610.3:c.1966C>G,NP_001365539.2:p.Pro656Ala,0.219,19.43,['Unknown%20significance'],25.5,0.16,0.0,0.0,0.0
OTOGL,12,80262045,NM_001378610.3:c.1966C>T,NP_001365539.2:p.Pro656Ser,0.258,22.4,['Unknown%20significance'],25.5,0.16,0.0,0.1,0.1
OTOGL,12,80262049,NM_001378610.3:c.1970T>C,NP_001365539.2:p.Val657Ala,0.101,21.6,['Unknown%20significance'],33.89,0.19,0.0,0.6,0.6
OTOGL,12,80262051,NM_001378610.3:c.1972C>T,NP_001365539.2:p.His658Tyr,0.093,22.7,['Unknown%20significance'],13.06,0.06,0.0,-0.6,0.6
OTOGL,12,80262052,NM_001378610.3:c.1973A>G,NP_001365539.2:p.His658Arg,0.092,18.49,['Unknown%20significance'],13.06,0.06,0.0,-0.1,0.1
OTOGL,12,80262052,NM_001378610.3:c.1973A>T,NP_001365539.2:p.His658Leu,0.163,20.4,['Benign'],13.06,0.06,0.0,-0.1,0.1
OTOGL,12,80262054,NM_001378610.3:c.1975G>A,NP_001365539.2:p.Val659Ile,0.088,15.04,['Benign'],27.89,0.16,0.0,-0.0,0.0
OTOGL,12,80262054,NM_001378610.3:c.1975G>C,NP_001365539.2:p.Val659Leu,0.040,14.55,['Likely%20benign'],27.89,0.16,0.0,0.1,0.1
OTOGL,12,80262057,NM_001378610.3:c.1978C>T,NP_001365539.2:p.Pro660Ser,0.240,20.8,['Unknown%20significance'],51.26,0.32,0.0,0.1,0.1
OTOGL,12,80262058,NM_001378610.3:c.1979C>T,NP_001365539.2:p.Pro660Leu,0.279,24.1,['Unknown%20significance'],51.26,0.32,0.0,-0.1,0.1
OTOGL,12,80262060,NM_001378610.3:c.1981G>A,NP_001365539.2:p.Val661Met,0.113,0.001,['Benign'],63.29,0.36,0.0,-0.0,0.0
OTOGL,12,80262060,NM_001378610.3:c.1981G>T,NP_001365539.2:p.Val661Leu,0.060,0.001,['Likely%20benign'],63.29,0.36,0.0,0.0,0.0
OTOGL,12,80262063,NM_001378610.3:c.1984G>A,NP_001365539.2:p.Val662Met,0.028,15.90,['Unknown%20significance'],72.81,0.42,0.0,-0.0,0.0
OTOGL,12,80262064,NM_001378610.3:c.1985T>C,NP_001365539.2:p.Val662Ala,0.113,22.5,['Unknown%20significance'],72.81,0.42,0.0,0.4,0.4
OTOGL,12,80262066,NM_001378610.3:c.1987G>C,NP_001365539.2:p.Asp663His,0.408,25.1,['Unknown%20significance'],26.82,0.16,0.0,-0.6,0.6
OTOGL,12,80262068,NM_001378610.3:c.1989C>A,NP_001365539.2:p.Asp663Glu,0.205,20.2,['Unknown%20significance'],26.82,0.16,0.0,0.0,0.0
OTOGL,12,80262068,NM_001378610.3:c.1989C>G,NP_001365539.2:p.Asp663Glu,0.205,20.4,['Unknown%20significance'],26.82,0.16,0.0,0.0,0.0
OTOGL,12,80262069,NM_001378610.3:c.1990C>T,NP_001365539.2:p.Pro664Ser,0.226,24.0,['Benign'],6.28,0.03,0.0,0.4,0.4
OTOGL,12,80262070,NM_001378610.3:c.1991C>A,NP_001365539.2:p.Pro664His,0.399,24.4,['Unknown%20significance'],6.28,0.03,0.0,-0.1,0.1
OTOGL,12,80262072,NM_001378610.3:c.1993T>C,NP_001365539.2:p.Cys665Arg,0.776,26.1,['Unknown%20significance'],12.78,0.08,0.0,2.8,2.8
OTOGL,12,80262073,NM_001378610.3:c.1994G>A,NP_001365539.2:p.Cys665Tyr,0.708,26.0,['Unknown%20significance'],12.78,0.08,0.0,1.9,1.9
OTOGL,12,80262075,NM_001378610.3:c.1996A>G,NP_001365539.2:p.Asn666Asp,0.130,18.45,['Unknown%20significance'],48.48,0.3,0.0,0.3,0.3
OTOGL,12,80262078,NM_001378610.3:c.1999A>G,NP_001365539.2:p.Ile667Val,0.085,13.55,['Likely%20benign'],55.24,0.28,0.0,0.1,0.1
OTOGL,12,80262079,NM_001378610.3:c.2000T>A,NP_001365539.2:p.Ile667Asn,0.113,25.6,['Unknown%20significance'],55.24,0.28,0.0,0.7,0.7
OTOGL,12,80262081,NM_001378610.3:c.2002A>C,NP_001365539.2:p.Asn668His,0.181,18.08,['Benign'],19.59,0.12,0.0,-0.3,0.3
OTOGL,12,80262081,NM_001378610.3:c.2002A>T,NP_001365539.2:p.Asn668Tyr,0.289,25.6,['Unknown%20significance'],19.59,0.12,0.0,-0.9,0.9
OTOGL,12,80262082,NM_001378610.3:c.2003A>C,NP_001365539.2:p.Asn668Thr,0.250,25.5,['Unknown%20significance'],19.59,0.12,0.0,-0.1,0.1
OTOGL,12,80262082,NM_001378610.3:c.2003A>G,NP_001365539.2:p.Asn668Ser,0.190,24.7,['Unknown%20significance'],19.59,0.12,0.0,0.2,0.2
OTOGL,12,80262082,NM_001378610.3:c.2003A>T,NP_001365539.2:p.Asn668Ile,0.375,26.2,['Unknown%20significance'],19.59,0.12,0.0,-0.3,0.3
OTOGL,12,80262084,NM_001378610.3:c.2005C>A,NP_001365539.2:p.Gln669Lys,0.187,24.7,['Unknown%20significance'],131.66,0.66,0.0,0.2,0.2
OTOGL,12,80262084,NM_001378610.3:c.2005C>G,NP_001365539.2:p.Gln669Glu,0.085,23.8,['Unknown%20significance'],131.66,0.66,0.0,0.2,0.2
OTOGL,12,80262088,NM_001378610.3:c.2009A>C,NP_001365539.2:p.Gln670Pro,0.346,23.7,['Unknown%20significance'],103.58,0.52,0.0,0.4,0.4
OTOGL,12,80262088,NM_001378610.3:c.2009A>G,NP_001365539.2:p.Gln670Arg,0.204,23.4,['Unknown%20significance'],103.58,0.52,0.0,-0.1,0.1
OTOGL,12,80262090,NM_001378610.3:c.2011A>G,NP_001365539.2:p.Asn671Asp,0.080,23.0,['Unknown%20significance'],16.95,0.1,0.0,0.4,0.4
OTOGL,12,80262092,NM_001378610.3:c.2013C>G,NP_001365539.2:p.Asn671Lys,0.157,18.74,['Unknown%20significance'],16.95,0.1,0.0,0.2,0.2
OTOGL,12,80262093,NM_001378610.3:c.2014A>G,NP_001365539.2:p.Ile672Val,0.070,17.66,['Unknown%20significance'],81.81,0.41,0.0,0.0,0.0
OTOGL,12,80265001,NM_001378610.3:c.2015T>G,NP_001365539.2:p.Ile672Ser,0.101,23.0,['Unknown%20significance'],81.81,0.41,0.0,0.6,0.6
OTOGL,12,80265003,NM_001378610.3:c.2017G>A,NP_001365539.2:p.Gly673Arg,0.173,27.1,['Unknown%20significance'],48.66,0.51,0.0,-0.7,0.7
OTOGL,12,80265006,NM_001378610.3:c.2020T>C,NP_001365539.2:p.Tyr674His,0.357,27.3,['Unknown%20significance'],59.07,0.24,0.0,1.2,1.2
OTOGL,12,80265007,NM_001378610.3:c.2021A>G,NP_001365539.2:p.Tyr674Cys,0.302,26.8,['Unknown%20significance'],59.07,0.24,0.0,1.4,1.4
OTOGL,12,80265010,NM_001378610.3:c.2024C>T,NP_001365539.2:p.Ala675Val,0.370,31,['Unknown%20significance'],2.76,0.02,0.0,-0.4,0.4
OTOGL,12,80265012,NM_001378610.3:c.2026G>T,NP_001365539.2:p.Ala676Ser,0.259,22.3,['Unknown%20significance'],58.46,0.45,0.0,0.1,0.1
OTOGL,12,80265013,NM_001378610.3:c.2027C>A,NP_001365539.2:p.Ala676Glu,0.354,23.2,['Unknown%20significance'],58.46,0.45,0.0,0.1,0.1
OTOGL,12,80265013,NM_001378610.3:c.2027C>G,NP_001365539.2:p.Ala676Gly,0.327,22.3,['Unknown%20significance'],58.46,0.45,0.0,0.6,0.6
OTOGL,12,80265015,NM_001378610.3:c.2029C>G,NP_001365539.2:p.His677Asp,0.403,22.5,['Unknown%20significance'],67.13,0.32,0.0,1.0,1.0
OTOGL,12,80265015,NM_001378610.3:c.2029C>T,NP_001365539.2:p.His677Tyr,0.318,23.2,['Unknown%20significance'],67.13,0.32,0.0,-0.9,0.9
OTOGL,12,80265016,NM_001378610.3:c.2030A>C,NP_001365539.2:p.His677Pro,0.439,25.6,['Unknown%20significance'],67.13,0.32,0.0,0.8,0.8
OTOGL,12,80265016,NM_001378610.3:c.2030A>G,NP_001365539.2:p.His677Arg,0.279,23.3,['Unknown%20significance'],67.13,0.32,0.0,0.1,0.1
OTOGL,12,80265016,NM_001378610.3:c.2030A>T,NP_001365539.2:p.His677Leu,0.415,23.7,['Unknown%20significance'],67.13,0.32,0.0,-0.6,0.6
OTOGL,12,80265017,NM_001378610.3:c.2031C>G,NP_001365539.2:p.His677Gln,0.154,14.75,['Unknown%20significance'],67.13,0.32,0.0,0.2,0.2
OTOGL,12,80265019,NM_001378610.3:c.2033G>A,NP_001365539.2:p.Cys678Tyr,0.970,30,['Unknown%20significance'],0.0,0.0,0.0,2.7,2.7
OTOGL,12,80265021,NM_001378610.3:c.2035G>C,NP_001365539.2:p.Asp679His,0.491,32,['Unknown%20significance'],57.61,0.36,0.0,-0.7,0.7
OTOGL,12,80265023,NM_001378610.3:c.2037T>A,NP_001365539.2:p.Asp679Glu,0.153,15.73,['Unknown%20significance'],57.61,0.36,0.0,-0.1,0.1
OTOGL,12,80265024,NM_001378610.3:c.2038G>A,NP_001365539.2:p.Val680Ile,0.144,17.47,['Unknown%20significance'],8.31,0.04,0.0,-0.3,0.3
OTOGL,12,80265025,NM_001378610.3:c.2039T>C,NP_001365539.2:p.Val680Ala,0.435,23.0,['Unknown%20significance'],8.31,0.04,0.0,2.0,2.0
OTOGL,12,80265027,NM_001378610.3:c.2041A>T,NP_001365539.2:p.Ile681Phe,0.635,26.6,['Unknown%20significance'],0.0,0.0,0.0,0.4,0.4
OTOGL,12,80265028,NM_001378610.3:c.2042T>C,NP_001365539.2:p.Ile681Thr,0.747,26.7,['Unknown%20significance'],0.0,0.0,0.0,2.6,2.6
OTOGL,12,80265030,NM_001378610.3:c.2044C>T,NP_001365539.2:p.His682Tyr,0.254,15.39,['Likely%20benign'],49.4,0.24,0.0,-0.8,0.8
OTOGL,12,80265035,NM_001378610.3:c.2049G>T,NP_001365539.2:p.Gln683His,0.335,20.8,['Unknown%20significance'],107.27,0.54,0.0,-0.1,0.1
OTOGL,12,80265037,NM_001378610.3:c.2051A>C,NP_001365539.2:p.Glu684Ala,0.400,23.5,['Unknown%20significance'],176.11,0.9,0.0,-0.1,0.1
OTOGL,12,80265037,NM_001378610.3:c.2051A>G,NP_001365539.2:p.Glu684Gly,0.294,24.3,['Unknown%20significance'],176.11,0.9,0.0,-0.0,0.0
OTOGL,12,80265042,NM_001378610.3:c.2056T>G,NP_001365539.2:p.Phe686Val,0.869,27.3,['Unknown%20significance'],0.0,0.0,0.0,2.8,2.8
OTOGL,12,80265044,NM_001378610.3:c.2058T>G,NP_001365539.2:p.Phe686Leu,0.797,24.0,['Unknown%20significance'],0.0,0.0,0.0,2.2,2.2
OTOGL,12,80265046,NM_001378610.3:c.2060C>A,NP_001365539.2:p.Ala687Asp,0.488,24.6,['Unknown%20significance'],39.77,0.31,0.0,0.8,0.8
OTOGL,12,80265046,NM_001378610.3:c.2060C>T,NP_001365539.2:p.Ala687Val,0.513,23.6,['Unknown%20significance'],39.77,0.31,0.0,-0.3,0.3
OTOGL,12,80265048,NM_001378610.3:c.2062C>T,NP_001365539.2:p.Pro688Ser,0.302,15.51,['Unknown%20significance'],70.35,0.44,0.0,-0.0,0.0
OTOGL,12,80265049,NM_001378610.3:c.2063C>T,NP_001365539.2:p.Pro688Leu,0.445,23.8,['Unknown%20significance'],70.35,0.44,0.0,-0.6,0.6
OTOGL,12,80265055,NM_001378610.3:c.2069A>G,NP_001365539.2:p.His690Arg,0.727,24.2,['Unknown%20significance'],45.6,0.22,0.0,0.9,0.9
OTOGL,12,80265057,NM_001378610.3:c.2071A>C,NP_001365539.2:p.Ile691Leu,0.195,0.003,['Likely%20benign'],85.92,0.43,0.0,0.0,0.0
OTOGL,12,80265057,NM_001378610.3:c.2071A>G,NP_001365539.2:p.Ile691Val,0.157,0.001,['Likely%20benign'],85.92,0.43,0.0,-0.1,0.1
OTOGL,12,80265059,NM_001378610.3:c.2073C>G,NP_001365539.2:p.Ile691Met,0.100,9.681,['Unknown%20significance'],85.92,0.43,0.0,0.0,0.0
OTOGL,12,80265060,NM_001378610.3:c.2074T>C,NP_001365539.2:p.Tyr692His,0.252,21.3,['Unknown%20significance'],68.92,0.28,0.0,0.8,0.8
OTOGL,12,80265061,NM_001378610.3:c.2075A>G,NP_001365539.2:p.Tyr692Cys,0.428,24.2,['Unknown%20significance'],68.92,0.28,0.0,0.8,0.8
OTOGL,12,80265066,NM_001378610.3:c.2080A>C,NP_001365539.2:p.Ser694Arg,0.570,24.6,['Unknown%20significance'],46.29,0.33,0.0,-0.3,0.3
OTOGL,12,80265067,NM_001378610.3:c.2081G>T,NP_001365539.2:p.Ser694Ile,0.632,24.2,['Unknown%20significance'],46.29,0.33,0.0,-0.5,0.5
OTOGL,12,80265070,NM_001378610.3:c.2084C>G,NP_001365539.2:p.Pro695Arg,0.573,24.3,['Unknown%20significance'],23.74,0.15,0.0,0.6,0.6
OTOGL,12,80265072,NM_001378610.3:c.2086G>A,NP_001365539.2:p.Gly696Arg,0.372,22.1,['Unknown%20significance'],8.6,0.09,0.0,-1.3,1.3
OTOGL,12,80265079,NM_001378610.3:c.2093A>G,NP_001365539.2:p.Tyr698Cys,0.860,25.3,['Unknown%20significance'],7.34,0.03,0.0,3.0,3.0
OTOGL,12,80265082,NM_001378610.3:c.2096A>G,NP_001365539.2:p.Tyr699Cys,0.696,24.3,['Unknown%20significance'],13.62,0.05,0.0,1.9,1.9
OTOGL,12,80265086,NM_001378610.3:c.2100G>T,NP_001365539.2:p.Gln700His,0.483,23.4,['Unknown%20significance'],40.65,0.2,0.0,-0.1,0.1
OTOGL,12,80265090,NM_001378610.3:c.2104T>A,NP_001365539.2:p.Cys702Ser,0.882,24.4,['Unknown%20significance'],0.12,0.0,0.0,5.0,5.0
OTOGL,12,80265090,NM_001378610.3:c.2104T>C,NP_001365539.2:p.Cys702Arg,0.884,25.0,['Unknown%20significance'],0.12,0.0,0.0,4.7,4.7
OTOGL,12,80265093,NM_001378610.3:c.2107C>T,NP_001365539.2:p.Arg703Cys,0.669,24.4,['Unknown%20significance'],48.39,0.17,0.0,-1.1,1.1
OTOGL,12,80265094,NM_001378610.3:c.2108G>A,NP_001365539.2:p.Arg703His,0.527,23.6,['Unknown%20significance'],48.39,0.17,0.0,0.0,0.0
OTOGL,12,80265094,NM_001378610.3:c.2108G>T,NP_001365539.2:p.Arg703Leu,0.519,22.5,['Unknown%20significance'],48.39,0.17,0.0,-0.9,0.9
OTOGL,12,80265099,NM_001378610.3:c.2113G>A,NP_001365539.2:p.Asp705Asn,0.491,25.0,['Unknown%20significance'],2.27,0.01,0.0,0.1,0.1
OTOGL,12,80265100,NM_001378610.3:c.2114A>G,NP_001365539.2:p.Asp705Gly,0.657,25.5,['Unknown%20significance'],2.27,0.01,0.0,1.4,1.4
OTOGL,12,80265101,NM_001378610.3:c.2115T>G,NP_001365539.2:p.Asp705Glu,0.557,19.64,['Unknown%20significance'],2.27,0.01,0.0,0.5,0.5
OTOGL,12,80265102,NM_001378610.3:c.2116G>A,NP_001365539.2:p.Ala706Thr,0.408,19.33,['Unknown%20significance'],0.0,0.0,0.0,-0.2,0.2
OTOGL,12,80265102,NM_001378610.3:c.2116G>T,NP_001365539.2:p.Ala706Ser,0.421,22.8,['Unknown%20significance'],0.0,0.0,0.0,0.5,0.5
OTOGL,12,80265105,NM_001378610.3:c.2119T>C,NP_001365539.2:p.Cys707Arg,0.891,28.0,['Unknown%20significance'],0.0,0.0,0.0,4.2,4.2
OTOGL,12,80265106,NM_001378610.3:c.2120G>C,NP_001365539.2:p.Cys707Ser,0.831,27.0,['Unknown%20significance'],0.0,0.0,0.0,4.6,4.6
OTOGL,12,80265107,NM_001378610.3:c.2121C>G,NP_001365539.2:p.Cys707Trp,0.834,24.9,['Unknown%20significance'],0.0,0.0,0.0,2.7,2.7
OTOGL,12,80265108,NM_001378610.3:c.2122A>C,NP_001365539.2:p.Lys708Gln,0.379,23.7,['Unknown%20significance'],27.17,0.11,0.0,-0.6,0.6
OTOGL,12,80265109,NM_001378610.3:c.2123A>C,NP_001365539.2:p.Lys708Thr,0.480,22.5,['Unknown%20significance'],27.17,0.11,0.0,-0.6,0.6
OTOGL,12,80265111,NM_001378610.3:c.2125T>C,NP_001365539.2:p.Cys709Arg,0.899,28.4,['Unknown%20significance'],26.22,0.16,0.0,1.9,1.9
OTOGL,12,80265112,NM_001378610.3:c.2126G>A,NP_001365539.2:p.Cys709Tyr,0.748,28.4,['Unknown%20significance'],26.22,0.16,0.0,0.9,0.9
OTOGL,12,80265114,NM_001378610.3:c.2128G>C,NP_001365539.2:p.Gly710Arg,0.655,28.9,['Unknown%20significance'],6.95,0.07,0.0,-1.1,1.1
OTOGL,12,80265115,NM_001378610.3:c.2129G>A,NP_001365539.2:p.Gly710Glu,0.562,28.1,['Unknown%20significance'],6.95,0.07,0.0,-0.3,0.3
OTOGL,12,80265118,NM_001378610.3:c.2132G>T,NP_001365539.2:p.Ser711Ile,0.532,26.5,['Unknown%20significance'],47.56,0.34,0.0,-0.5,0.5
OTOGL,12,80265120,NM_001378610.3:c.2134T>G,NP_001365539.2:p.Ser712Ala,0.164,0.097,['Likely%20benign'],55.36,0.4,0.0,0.0,0.0
OTOGL,12,80265121,NM_001378610.3:c.2135C>T,NP_001365539.2:p.Ser712Phe,0.439,18.83,['Unknown%20significance'],55.36,0.4,0.0,-0.5,0.5
OTOGL,12,80265124,NM_001378610.3:c.2138G>A,NP_001365539.2:p.Cys713Tyr,0.804,28.4,['Unknown%20significance'],5.27,0.03,0.0,1.6,1.6
OTOGL,12,80265126,NM_001378610.3:c.2140C>G,NP_001365539.2:p.Leu714Val,0.375,23.6,['Unknown%20significance'],0.0,0.0,0.0,0.6,0.6
OTOGL,12,80265127,NM_001378610.3:c.2141T>C,NP_001365539.2:p.Leu714Pro,0.834,28.9,['Unknown%20significance'],0.0,0.0,0.0,3.7,3.7
OTOGL,12,80265129,NM_001378610.3:c.2143T>C,NP_001365539.2:p.Cys715Arg,0.969,28.3,['Unknown%20significance'],25.97,0.16,0.0,4.3,4.3
OTOGL,12,80265130,NM_001378610.3:c.2144G>T,NP_001365539.2:p.Cys715Phe,0.945,28.3,['Unknown%20significance'],25.97,0.16,0.0,2.8,2.8
OTOGL,12,80265132,NM_001378610.3:c.2146A>G,NP_001365539.2:p.Asn716Asp,0.343,24.2,['Unknown%20significance'],4.17,0.02,0.0,0.6,0.6
OTOGL,12,80265133,NM_001378610.3:c.2147A>G,NP_001365539.2:p.Asn716Ser,0.290,17.53,['Unknown%20significance'],4.17,0.02,0.0,-0.2,0.2
OTOGL,12,80265135,NM_001378610.3:c.2149G>A,NP_001365539.2:p.Ala717Thr,0.345,22.7,['Unknown%20significance'],0.45,0.0,0.0,0.3,0.3
OTOGL,12,80265136,NM_001378610.3:c.2150C>A,NP_001365539.2:p.Ala717Asp,0.574,25.1,['Unknown%20significance'],0.45,0.0,0.0,1.8,1.8
OTOGL,12,80265136,NM_001378610.3:c.2150C>T,NP_001365539.2:p.Ala717Val,0.402,23.4,['Unknown%20significance'],0.45,0.0,0.0,-0.8,0.8
OTOGL,12,80265138,NM_001378610.3:c.2152C>T,NP_001365539.2:p.Leu718Phe,0.692,24.1,['Unknown%20significance'],0.0,0.0,0.0,0.3,0.3
OTOGL,12,80265139,NM_001378610.3:c.2153T>A,NP_001365539.2:p.Leu718His,0.917,26.4,['Unknown%20significance'],0.0,0.0,0.0,3.0,3.0
OTOGL,12,80265142,NM_001378610.3:c.2156C>A,NP_001365539.2:p.Ala719Asp,0.731,24.4,['Unknown%20significance'],1.44,0.01,0.0,1.5,1.5
OTOGL,12,80265144,NM_001378610.3:c.2158C>T,NP_001365539.2:p.His720Tyr,0.613,23.8,['Unknown%20significance'],1.7,0.0,0.0,-0.9,0.9
OTOGL,12,80265145,NM_001378610.3:c.2159A>G,NP_001365539.2:p.His720Arg,0.729,24.1,['Unknown%20significance'],1.7,0.0,0.0,0.1,0.1
OTOGL,12,80265147,NM_001378610.3:c.2161T>G,NP_001365539.2:p.Tyr721Asp,0.909,25.2,['Unknown%20significance'],0.0,0.0,0.0,5.8,5.8
OTOGL,12,80265148,NM_001378610.3:c.2162A>C,NP_001365539.2:p.Tyr721Ser,0.892,25.0,['Unknown%20significance'],0.0,0.0,0.0,5.0,5.0
OTOGL,12,80265148,NM_001378610.3:c.2162A>G,NP_001365539.2:p.Tyr721Cys,0.914,25.3,['Unknown%20significance'],0.0,0.0,0.0,3.4,3.4
OTOGL,12,80265150,NM_001378610.3:c.2164G>A,NP_001365539.2:p.Ala722Thr,0.641,19.74,['Unknown%20significance'],6.02,0.04,0.0,0.6,0.6
OTOGL,12,80265151,NM_001378610.3:c.2165C>A,NP_001365539.2:p.Ala722Asp,0.820,24.0,['Unknown%20significance'],6.02,0.04,0.0,2.0,2.0
OTOGL,12,80265154,NM_001378610.3:c.2168A>C,NP_001365539.2:p.Tyr723Ser,0.582,21.7,['Unknown%20significance'],30.22,0.12,0.0,1.4,1.4
OTOGL,12,80265156,NM_001378610.3:c.2170C>T,NP_001365539.2:p.Leu724Phe,0.338,22.2,['Unknown%20significance'],19.99,0.1,0.0,-0.0,0.0
OTOGL,12,80265157,NM_001378610.3:c.2171T>A,NP_001365539.2:p.Leu724His,0.494,22.9,['Unknown%20significance'],19.99,0.1,0.0,0.8,0.8
OTOGL,12,80265162,NM_001378610.3:c.2176G>A,NP_001365539.2:p.Gly726Ser,0.162,5.678,['Likely%20benign'],30.05,0.31,0.0,-0.7,0.7
OTOGL,12,80265162,NM_001378610.3:c.2176G>T,NP_001365539.2:p.Gly726Cys,0.391,15.46,['Likely%20benign'],30.05,0.31,0.0,-1.2,1.2
OTOGL,12,80265163,NM_001378610.3:c.2177G>A,NP_001365539.2:p.Gly726Asp,0.279,15.15,['Unknown%20significance'],30.05,0.31,0.0,-0.3,0.3
OTOGL,12,80265163,NM_001378610.3:c.2177G>T,NP_001365539.2:p.Gly726Val,0.309,16.01,['Unknown%20significance'],30.05,0.31,0.0,-1.3,1.3
OTOGL,12,80265166,NM_001378610.3:c.2180A>G,NP_001365539.2:p.Gln727Arg,0.389,13.26,['Unknown%20significance'],98.76,0.49,0.0,-0.0,0.0
OTOGL,12,80265169,NM_001378610.3:c.2183A>G,NP_001365539.2:p.His728Arg,0.268,13.07,['Likely%20benign'],57.42,0.27,0.0,-0.0,0.0
OTOGL,12,80265171,NM_001378610.3:c.2185G>A,NP_001365539.2:p.Gly729Ser,0.568,23.0,['Unknown%20significance'],70.46,0.73,0.0,0.3,0.3
OTOGL,12,80265172,NM_001378610.3:c.2186G>A,NP_001365539.2:p.Gly729Asp,0.624,23.6,['Unknown%20significance'],70.46,0.73,0.0,0.4,0.4
OTOGL,12,80265172,NM_001378610.3:c.2186G>C,NP_001365539.2:p.Gly729Ala,0.613,23.5,['Unknown%20significance'],70.46,0.73,0.0,0.2,0.2
OTOGL,12,80265172,NM_001378610.3:c.2186G>T,NP_001365539.2:p.Gly729Val,0.687,23.8,['Unknown%20significance'],70.46,0.73,0.0,0.1,0.1
OTOGL,12,80265174,NM_001378610.3:c.2188G>A,NP_001365539.2:p.Val730Ile,0.195,2.205,['Likely%20benign'],21.22,0.12,0.0,0.1,0.1
OTOGL,12,80265175,NM_001378610.3:c.2189T>C,NP_001365539.2:p.Val730Ala,0.479,21.4,['Unknown%20significance'],21.22,0.12,0.0,1.7,1.7
OTOGL,12,80265178,NM_001378610.3:c.2192C>T,NP_001365539.2:p.Pro731Leu,0.171,5.690,['Likely%20benign'],81.49,0.51,0.0,-0.6,0.6
OTOGL,12,80265180,NM_001378610.3:c.2194A>G,NP_001365539.2:p.Ile732Val,0.227,12.89,['Likely%20benign'],16.14,0.08,0.0,0.2,0.2
OTOGL,12,80265181,NM_001378610.3:c.2195T>C,NP_001365539.2:p.Ile732Thr,0.597,21.1,['Unknown%20significance'],16.14,0.08,0.0,2.0,2.0
OTOGL,12,80265183,NM_001378610.3:c.2197G>A,NP_001365539.2:p.Asp733Asn,0.297,12.69,['Unknown%20significance'],30.63,0.19,0.0,-0.1,0.1
OTOGL,12,80265185,NM_001378610.3:c.2199T>A,NP_001365539.2:p.Asp733Glu,0.365,9.473,['Unknown%20significance'],30.63,0.19,0.0,-0.1,0.1
OTOGL,12,80265186,NM_001378610.3:c.2200T>A,NP_001365539.2:p.Phe734Ile,0.593,21.9,['Unknown%20significance'],3.63,0.01,0.0,1.0,1.0
OTOGL,12,80265186,NM_001378610.3:c.2200T>G,NP_001365539.2:p.Phe734Val,0.547,21.0,['Unknown%20significance'],3.63,0.01,0.0,1.2,1.2
OTOGL,12,80265187,NM_001378610.3:c.2201T>C,NP_001365539.2:p.Phe734Ser,0.639,25.0,['Unknown%20significance'],3.63,0.01,0.0,2.9,2.9
OTOGL,12,80265189,NM_001378610.3:c.2203A>G,NP_001365539.2:p.Arg735Gly,0.725,23.0,['Unknown%20significance'],3.17,0.01,0.0,2.4,2.4
OTOGL,12,80265196,NM_001378610.3:c.2210A>G,NP_001365539.2:p.Gln737Arg,0.339,19.51,['Unknown%20significance'],122.88,0.62,0.0,-0.1,0.1
OTOGL,12,80265197,NM_001378610.3:c.2211G>C,NP_001365539.2:p.Gln737His,0.135,0.462,['Likely%20benign'],122.88,0.62,0.0,-0.1,0.1
OTOGL,12,80265197,NM_001378610.3:c.2211G>T,NP_001365539.2:p.Gln737His,0.135,0.494,['Likely%20benign'],122.88,0.62,0.0,-0.1,0.1
OTOGL,12,80265202,NM_001378610.3:c.2216C>A,NP_001365539.2:p.Ser739Tyr,0.629,24.7,['Unknown%20significance'],100.34,0.72,0.0,-0.3,0.3
OTOGL,12,80265205,NM_001378610.3:c.2219T>C,NP_001365539.2:p.Phe740Ser,0.281,21.9,['Unknown%20significance'],121.59,0.52,0.0,1.4,1.4
OTOGL,12,80265209,NM_001378610.3:c.2223T>G,NP_001365539.2:p.Cys741Trp,0.890,25.3,['Unknown%20significance'],0.27,0.0,0.0,2.3,2.3
OTOGL,12,80266453,NM_001378610.3:c.2227G>A,NP_001365539.2:p.Val743Met,0.011,21.1,['Unknown%20significance'],38.22,0.22,0.0,0.2,0.2
OTOGL,12,80266456,NM_001378610.3:c.2230G>A,NP_001365539.2:p.Val744Met,0.048,22.4,['Unknown%20significance'],148.79,0.86,0.0,0.0,0.0
OTOGL,12,80266459,NM_001378610.3:c.2233T>C,NP_001365539.2:p.Cys745Arg,0.966,29.0,['Unknown%20significance'],40.35,0.26,0.0,3.0,3.0
OTOGL,12,80266460,NM_001378610.3:c.2234G>A,NP_001365539.2:p.Cys745Tyr,0.978,27.9,['Unknown%20significance'],40.35,0.26,0.0,2.1,2.1
OTOGL,12,80266461,NM_001378610.3:c.2235C>G,NP_001365539.2:p.Cys745Trp,0.856,24.1,['Unknown%20significance'],40.35,0.26,0.0,1.9,1.9
OTOGL,12,80266463,NM_001378610.3:c.2237A>T,NP_001365539.2:p.Gln746Leu,0.295,22.4,['Unknown%20significance'],94.51,0.47,0.0,-0.1,0.1
OTOGL,12,80266465,NM_001378610.3:c.2239A>C,NP_001365539.2:p.Lys747Gln,0.286,22.1,['Likely%20benign'],127.08,0.53,0.0,-0.3,0.3
OTOGL,12,80266467,NM_001378610.3:c.2241G>T,NP_001365539.2:p.Lys747Asn,0.198,13.96,['Likely%20benign'],127.08,0.53,0.0,-0.2,0.2
OTOGL,12,80266468,NM_001378610.3:c.2242G>A,NP_001365539.2:p.Gly748Ser,0.266,23.5,['Unknown%20significance'],62.18,0.65,0.0,-0.1,0.1
OTOGL,12,80266469,NM_001378610.3:c.2243G>A,NP_001365539.2:p.Gly748Asp,0.410,24.1,['Unknown%20significance'],62.18,0.65,0.0,-0.0,0.0
OTOGL,12,80266469,NM_001378610.3:c.2243G>T,NP_001365539.2:p.Gly748Val,0.572,24.9,['Unknown%20significance'],62.18,0.65,0.0,-0.2,0.2
OTOGL,12,80266471,NM_001378610.3:c.2245A>G,NP_001365539.2:p.Met749Val,0.792,22.4,['Unknown%20significance'],2.53,0.01,0.0,0.3,0.3
OTOGL,12,80266472,NM_001378610.3:c.2246T>G,NP_001365539.2:p.Met749Arg,0.769,25.2,['Unknown%20significance'],2.53,0.01,0.0,0.7,0.7
OTOGL,12,80266478,NM_001378610.3:c.2252A>G,NP_001365539.2:p.Tyr751Cys,0.952,28.9,['Unknown%20significance'],34.03,0.14,0.0,2.7,2.7
OTOGL,12,80266481,NM_001378610.3:c.2255A>G,NP_001365539.2:p.His752Arg,0.621,21.8,['Unknown%20significance'],73.05,0.35,0.0,0.0,0.0
OTOGL,12,80266483,NM_001378610.3:c.2257C>A,NP_001365539.2:p.His753Asn,0.211,19.83,['Likely%20benign'],93.97,0.45,0.0,0.4,0.4
OTOGL,12,80266483,NM_001378610.3:c.2257C>T,NP_001365539.2:p.His753Tyr,0.290,18.15,['Likely%20benign'],93.97,0.45,0.0,-0.4,0.4
OTOGL,12,80266484,NM_001378610.3:c.2258A>C,NP_001365539.2:p.His753Pro,0.212,9.649,['Likely%20benign'],93.97,0.45,0.0,0.3,0.3
OTOGL,12,80266484,NM_001378610.3:c.2258A>T,NP_001365539.2:p.His753Leu,0.235,12.30,['Likely%20benign'],93.97,0.45,0.0,-0.3,0.3
OTOGL,12,80266486,NM_001378610.3:c.2260T>C,NP_001365539.2:p.Cys754Arg,0.927,27.8,['Unknown%20significance'],80.53,0.52,0.0,1.6,1.6
OTOGL,12,80266486,NM_001378610.3:c.2260T>G,NP_001365539.2:p.Cys754Gly,0.936,27.3,['Unknown%20significance'],80.53,0.52,0.0,2.1,2.1
OTOGL,12,80266488,NM_001378610.3:c.2262T>G,NP_001365539.2:p.Cys754Trp,0.682,17.00,['Unknown%20significance'],80.53,0.52,0.0,1.0,1.0
OTOGL,12,80266489,NM_001378610.3:c.2263T>C,NP_001365539.2:p.Ser755Pro,0.608,17.46,['Likely%20benign'],1.55,0.01,0.0,0.6,0.6
OTOGL,12,80266490,NM_001378610.3:c.2264C>T,NP_001365539.2:p.Ser755Phe,0.409,24.0,['Unknown%20significance'],1.55,0.01,0.0,-1.3,1.3
OTOGL,12,80266492,NM_001378610.3:c.2266T>C,NP_001365539.2:p.Ser756Pro,0.745,23.3,['Unknown%20significance'],13.07,0.09,0.0,0.3,0.3
OTOGL,12,80266493,NM_001378610.3:c.2267C>T,NP_001365539.2:p.Ser756Leu,0.758,25.9,['Unknown%20significance'],13.07,0.09,0.0,-0.5,0.5
OTOGL,12,80266496,NM_001378610.3:c.2270T>C,NP_001365539.2:p.Phe757Ser,0.351,18.84,['Unknown%20significance'],2.5,0.01,0.0,1.1,1.1
OTOGL,12,80266499,NM_001378610.3:c.2273G>C,NP_001365539.2:p.Cys758Ser,0.946,26.5,['Unknown%20significance'],10.76,0.06,0.0,3.3,3.3
OTOGL,12,80266501,NM_001378610.3:c.2275C>A,NP_001365539.2:p.Leu759Ile,0.315,21.0,['Unknown%20significance'],126.06,0.65,0.0,-0.1,0.1
OTOGL,12,80266501,NM_001378610.3:c.2275C>T,NP_001365539.2:p.Leu759Phe,0.349,22.1,['Unknown%20significance'],126.06,0.65,0.0,-0.1,0.1
OTOGL,12,80266502,NM_001378610.3:c.2276T>C,NP_001365539.2:p.Leu759Pro,0.173,9.634,['Likely%20benign'],126.06,0.65,0.0,0.0,0.0
OTOGL,12,80266504,NM_001378610.3:c.2278C>T,NP_001365539.2:p.His760Tyr,0.361,19.73,['Unknown%20significance'],68.77,0.33,0.0,-0.5,0.5
OTOGL,12,80266505,NM_001378610.3:c.2279A>C,NP_001365539.2:p.His760Pro,0.375,13.20,['Likely%20benign'],68.77,0.33,0.0,0.4,0.4
OTOGL,12,80266505,NM_001378610.3:c.2279A>G,NP_001365539.2:p.His760Arg,0.254,0.666,['Likely%20benign'],68.77,0.33,0.0,0.2,0.2
OTOGL,12,80266508,NM_001378610.3:c.2282C>A,NP_001365539.2:p.Ser761Tyr,0.644,23.1,['Likely%20benign'],4.34,0.03,0.0,-1.0,1.0
OTOGL,12,80266513,NM_001378610.3:c.2287A>G,NP_001365539.2:p.Ile763Val,0.154,0.441,['Likely%20benign'],70.74,0.36,0.0,0.0,0.0
OTOGL,12,80266514,NM_001378610.3:c.2288T>G,NP_001365539.2:p.Ile763Ser,0.244,8.676,['Likely%20benign'],70.74,0.36,0.0,0.5,0.5
OTOGL,12,80266517,NM_001378610.3:c.2291C>A,NP_001365539.2:p.Ser764Tyr,0.576,18.15,['Unknown%20significance'],9.35,0.06,0.0,-1.0,1.0
OTOGL,12,80266519,NM_001378610.3:c.2293C>A,NP_001365539.2:p.Leu765Ile,0.212,11.50,['Unknown%20significance'],83.89,0.43,0.0,0.1,0.1
OTOGL,12,80266520,NM_001378610.3:c.2294T>A,NP_001365539.2:p.Leu765His,0.645,23.9,['Unknown%20significance'],83.89,0.43,0.0,0.6,0.6
OTOGL,12,80266520,NM_001378610.3:c.2294T>C,NP_001365539.2:p.Leu765Pro,0.499,23.9,['Unknown%20significance'],83.89,0.43,0.0,0.8,0.8
OTOGL,12,80266520,NM_001378610.3:c.2294T>G,NP_001365539.2:p.Leu765Arg,0.639,23.7,['Unknown%20significance'],83.89,0.43,0.0,0.5,0.5
OTOGL,12,80266522,NM_001378610.3:c.2296T>C,NP_001365539.2:p.Ser766Pro,0.384,17.14,['Unknown%20significance'],47.83,0.34,0.0,0.3,0.3
OTOGL,12,80266522,NM_001378610.3:c.2296T>G,NP_001365539.2:p.Ser766Ala,0.193,9.783,['Likely%20benign'],47.83,0.34,0.0,0.0,0.0
OTOGL,12,80266523,NM_001378610.3:c.2297C>T,NP_001365539.2:p.Ser766Phe,0.603,21.6,['Unknown%20significance'],47.83,0.34,0.0,-0.6,0.6
OTOGL,12,80266526,NM_001378610.3:c.2300C>A,NP_001365539.2:p.Ser767Tyr,0.308,5.444,['Unknown%20significance'],35.59,0.25,0.0,-0.7,0.7
OTOGL,12,80266526,NM_001378610.3:c.2300C>T,NP_001365539.2:p.Ser767Phe,0.275,8.858,['Unknown%20significance'],35.59,0.25,0.0,-0.5,0.5
OTOGL,12,80266528,NM_001378610.3:c.2302C>G,NP_001365539.2:p.Pro768Ala,0.270,8.446,['Likely%20benign'],164.88,1.0,0.0,0.0,0.0
OTOGL,12,80266529,NM_001378610.3:c.2303C>T,NP_001365539.2:p.Pro768Leu,0.248,0.501,['Unknown%20significance'],164.88,1.0,0.0,0.0,0.0
OTOGL,12,80266532,NM_001378610.3:c.2306A>G,NP_001365539.2:p.Glu769Gly,0.288,23.2,['Unknown%20significance'],64.77,0.33,0.0,0.4,0.4
OTOGL,12,80266534,NM_001378610.3:c.2308C>G,NP_001365539.2:p.Gln770Glu,0.325,12.90,['Likely%20benign'],155.45,0.78,0.0,0.2,0.2
OTOGL,12,80266536,NM_001378610.3:c.2310G>T,NP_001365539.2:p.Gln770His,0.211,10.39,['Likely%20benign'],155.45,0.78,0.0,-0.1,0.1
OTOGL,12,80266537,NM_001378610.3:c.2311T>A,NP_001365539.2:p.Cys771Ser,0.940,24.2,['Unknown%20significance'],31.74,0.2,0.0,2.6,2.6
OTOGL,12,80266537,NM_001378610.3:c.2311T>G,NP_001365539.2:p.Cys771Gly,0.956,25.5,['Unknown%20significance'],31.74,0.2,0.0,3.3,3.3
OTOGL,12,80266538,NM_001378610.3:c.2312G>T,NP_001365539.2:p.Cys771Phe,0.935,25.0,['Unknown%20significance'],31.74,0.2,0.0,2.0,2.0
OTOGL,12,80266541,NM_001378610.3:c.2315G>A,NP_001365539.2:p.Ser772Asn,0.095,0.082,['Likely%20benign'],30.5,0.22,0.0,-0.0,0.0
OTOGL,12,80266541,NM_001378610.3:c.2315G>T,NP_001365539.2:p.Ser772Ile,0.241,4.162,['Likely%20benign'],30.5,0.22,0.0,-0.5,0.5
OTOGL,12,80266546,NM_001378610.3:c.2320G>C,NP_001365539.2:p.Asp774His,0.598,27.6,['Unknown%20significance'],18.01,0.11,0.0,-1.1,1.1
OTOGL,12,80266547,NM_001378610.3:c.2321A>G,NP_001365539.2:p.Asp774Gly,0.689,24.3,['Unknown%20significance'],18.01,0.11,0.0,0.4,0.4
OTOGL,12,80266549,NM_001378610.3:c.2323T>A,NP_001365539.2:p.Cys775Ser,0.940,24.0,['Unknown%20significance'],68.09,0.44,0.0,1.6,1.6
OTOGL,12,80266551,NM_001378610.3:c.2325T>G,NP_001365539.2:p.Cys775Trp,0.925,24.1,['Unknown%20significance'],68.09,0.44,0.0,0.9,0.9
OTOGL,12,80266552,NM_001378610.3:c.2326G>A,NP_001365539.2:p.Ala776Thr,0.461,26.6,['Unknown%20significance'],7.58,0.05,0.0,-0.5,0.5
OTOGL,12,80266553,NM_001378610.3:c.2327C>A,NP_001365539.2:p.Ala776Asp,0.712,25.6,['Unknown%20significance'],7.58,0.05,0.0,0.9,0.9
OTOGL,12,80266553,NM_001378610.3:c.2327C>T,NP_001365539.2:p.Ala776Val,0.395,19.59,['Unknown%20significance'],7.58,0.05,0.0,-1.7,1.7
OTOGL,12,80266558,NM_001378610.3:c.2332G>A,NP_001365539.2:p.Gly778Ser,0.648,28.5,['Unknown%20significance'],0.0,0.0,0.0,0.6,0.6
OTOGL,12,80266558,NM_001378610.3:c.2332G>C,NP_001365539.2:p.Gly778Arg,0.741,29.5,['Unknown%20significance'],0.0,0.0,0.0,0.2,0.2
OTOGL,12,80266559,NM_001378610.3:c.2333G>A,NP_001365539.2:p.Gly778Asp,0.666,28.7,['Unknown%20significance'],0.0,0.0,0.0,1.4,1.4
OTOGL,12,80266559,NM_001378610.3:c.2333G>C,NP_001365539.2:p.Gly778Ala,0.654,27.2,['Unknown%20significance'],0.0,0.0,0.0,0.4,0.4
OTOGL,12,80266564,NM_001378610.3:c.2338A>G,NP_001365539.2:p.Asn780Asp,0.445,24.0,['Unknown%20significance'],11.25,0.07,0.0,0.5,0.5
OTOGL,12,80266567,NM_001378610.3:c.2341T>C,NP_001365539.2:p.Cys781Arg,0.947,30,['Unknown%20significance'],6.07,0.03,0.0,4.9,4.9
OTOGL,12,80266568,NM_001378610.3:c.2342G>A,NP_001365539.2:p.Cys781Tyr,0.958,27.8,['Unknown%20significance'],6.07,0.03,0.0,3.6,3.6
OTOGL,12,80266570,NM_001378610.3:c.2344C>T,NP_001365539.2:p.Pro782Ser,0.690,24.9,['Unknown%20significance'],41.81,0.26,0.0,0.6,0.6
OTOGL,12,80266571,NM_001378610.3:c.2345C>T,NP_001365539.2:p.Pro782Leu,0.752,25.8,['Unknown%20significance'],41.81,0.26,0.0,0.2,0.2
OTOGL,12,80266573,NM_001378610.3:c.2347G>C,NP_001365539.2:p.Glu783Gln,0.356,22.3,['Unknown%20significance'],196.32,1.0,0.0,-0.0,0.0
OTOGL,12,80266575,NM_001378610.3:c.2349A>C,NP_001365539.2:p.Glu783Asp,0.189,14.34,['Likely%20benign'],196.32,1.0,0.0,-0.0,0.0
OTOGL,12,80266575,NM_001378610.3:c.2349A>T,NP_001365539.2:p.Glu783Asp,0.189,13.96,['Likely%20benign'],196.32,1.0,0.0,-0.0,0.0
OTOGL,12,80266576,NM_001378610.3:c.2350G>A,NP_001365539.2:p.Gly784Ser,0.910,26.3,['Unknown%20significance'],46.22,0.48,0.0,0.5,0.5
OTOGL,12,80266580,NM_001378610.3:c.2354A>C,NP_001365539.2:p.Lys785Thr,0.379,17.72,['Unknown%20significance'],84.59,0.35,0.0,-0.6,0.6
OTOGL,12,80266580,NM_001378610.3:c.2354A>G,NP_001365539.2:p.Lys785Arg,0.494,23.1,['Unknown%20significance'],84.59,0.35,0.0,-0.7,0.7
OTOGL,12,80266582,NM_001378610.3:c.2356T>C,NP_001365539.2:p.Phe786Leu,0.436,24.3,['Unknown%20significance'],25.32,0.11,0.0,0.4,0.4
OTOGL,12,80266583,NM_001378610.3:c.2357T>C,NP_001365539.2:p.Phe786Ser,0.716,24.2,['Unknown%20significance'],25.32,0.11,0.0,2.8,2.8
OTOGL,12,80266586,NM_001378610.3:c.2360A>G,NP_001365539.2:p.Tyr787Cys,0.799,26.2,['Unknown%20significance'],18.93,0.07,0.0,1.2,1.2
OTOGL,12,80266586,NM_001378610.3:c.2360A>T,NP_001365539.2:p.Tyr787Phe,0.250,20.5,['Likely%20benign'],18.93,0.07,0.0,-0.1,0.1
OTOGL,12,80266594,NM_001378610.3:c.2368A>C,NP_001365539.2:p.Thr790Pro,0.474,22.1,['Unknown%20significance'],82.18,0.52,0.0,0.5,0.5
OTOGL,12,80266594,NM_001378610.3:c.2368A>G,NP_001365539.2:p.Thr790Ala,0.239,19.44,['Likely%20benign'],82.18,0.52,0.0,0.4,0.4
OTOGL,12,80266595,NM_001378610.3:c.2369C>A,NP_001365539.2:p.Thr790Asn,0.275,17.76,['Unknown%20significance'],82.18,0.52,0.0,0.1,0.1
OTOGL,12,80266595,NM_001378610.3:c.2369C>G,NP_001365539.2:p.Thr790Ser,0.262,15.81,['Likely%20benign'],82.18,0.52,0.0,0.1,0.1
OTOGL,12,80266597,NM_001378610.3:c.2371C>G,NP_001365539.2:p.Leu791Val,0.054,15.42,['Likely%20benign'],71.71,0.37,0.0,0.1,0.1
OTOGL,12,80266597,NM_001378610.3:c.2371C>T,NP_001365539.2:p.Leu791Phe,0.058,22.5,['Unknown%20significance'],71.71,0.37,0.0,-0.2,0.2
OTOGL,12,80266598,NM_001378610.3:c.2372T>C,NP_001365539.2:p.Leu791Pro,0.198,24.4,['Unknown%20significance'],71.71,0.37,0.0,0.4,0.4
OTOGL,12,80266602,NM_001378610.3:c.2376C>A,NP_001365539.2:p.Asn792Lys,0.058,19.62,['Likely%20benign'],46.75,0.29,0.0,0.5,0.5
OTOGL,12,80266603,NM_001378610.3:c.2377T>A,NP_001365539.2:p.Phe793Ile,0.427,22.6,['Unknown%20significance'],94.56,0.41,0.0,0.0,0.0
OTOGL,12,80266607,NM_001378610.3:c.2381G>T,NP_001365539.2:p.Cys794Phe,0.953,25.2,['Unknown%20significance'],2.76,0.01,0.0,3.1,3.1
OTOGL,12,80266609,NM_001378610.3:c.2383G>A,NP_001365539.2:p.Val795Ile,0.603,23.9,['Unknown%20significance'],8.13,0.04,0.0,0.5,0.5
OTOGL,12,80266610,NM_001378610.3:c.2384T>A,NP_001365539.2:p.Val795Glu,0.956,24.3,['Unknown%20significance'],8.13,0.04,0.0,4.1,4.1
OTOGL,12,80266610,NM_001378610.3:c.2384T>C,NP_001365539.2:p.Val795Ala,0.903,25.9,['Unknown%20significance'],8.13,0.04,0.0,2.9,2.9
OTOGL,12,80266612,NM_001378610.3:c.2386C>A,NP_001365539.2:p.Pro796Thr,0.646,19.99,['Unknown%20significance'],29.1,0.18,0.0,0.5,0.5
OTOGL,12,80266612,NM_001378610.3:c.2386C>G,NP_001365539.2:p.Pro796Ala,0.637,20.5,['Unknown%20significance'],29.1,0.18,0.0,0.4,0.4
OTOGL,12,80266612,NM_001378610.3:c.2386C>T,NP_001365539.2:p.Pro796Ser,0.510,19.81,['Unknown%20significance'],29.1,0.18,0.0,0.8,0.8
OTOGL,12,80266613,NM_001378610.3:c.2387C>A,NP_001365539.2:p.Pro796His,0.617,21.4,['Unknown%20significance'],29.1,0.18,0.0,0.4,0.4
OTOGL,12,80266615,NM_001378610.3:c.2389A>G,NP_001365539.2:p.Ile797Val,0.236,17.36,['Unknown%20significance'],121.62,0.62,0.0,0.0,0.0
OTOGL,12,80266616,NM_001378610.3:c.2390T>A,NP_001365539.2:p.Ile797Lys,0.614,23.0,['Unknown%20significance'],121.62,0.62,0.0,0.6,0.6
OTOGL,12,80266616,NM_001378610.3:c.2390T>C,NP_001365539.2:p.Ile797Thr,0.601,23.8,['Unknown%20significance'],121.62,0.62,0.0,0.4,0.4
OTOGL,12,80266616,NM_001378610.3:c.2390T>G,NP_001365539.2:p.Ile797Arg,0.567,22.6,['Unknown%20significance'],121.62,0.62,0.0,0.3,0.3
OTOGL,12,80267253,NM_001378610.3:c.2391A>G,NP_001365539.2:p.Ile797Met,0.320,14.22,['Unknown%20significance'],121.62,0.62,0.0,0.1,0.1
OTOGL,12,80267254,NM_001378610.3:c.2392T>C,NP_001365539.2:p.Phe798Leu,0.337,22.2,['Likely%20benign'],176.65,0.76,0.0,0.1,0.1
OTOGL,12,80267255,NM_001378610.3:c.2393T>C,NP_001365539.2:p.Phe798Ser,0.199,13.09,['Likely%20benign'],176.65,0.76,0.0,0.1,0.1
OTOGL,12,80267256,NM_001378610.3:c.2394C>A,NP_001365539.2:p.Phe798Leu,0.212,15.99,['Likely%20benign'],176.65,0.76,0.0,0.1,0.1
OTOGL,12,80267257,NM_001378610.3:c.2395C>A,NP_001365539.2:p.His799Asn,0.300,20.7,['Likely%20benign'],129.69,0.63,0.0,0.2,0.2
OTOGL,12,80267257,NM_001378610.3:c.2395C>T,NP_001365539.2:p.His799Tyr,0.387,21.7,['Unknown%20significance'],129.69,0.63,0.0,-0.2,0.2
OTOGL,12,80267258,NM_001378610.3:c.2396A>G,NP_001365539.2:p.His799Arg,0.277,17.89,['Unknown%20significance'],129.69,0.63,0.0,0.0,0.0
OTOGL,12,80267258,NM_001378610.3:c.2396A>T,NP_001365539.2:p.His799Leu,0.482,22.5,['Likely%20benign'],129.69,0.63,0.0,0.1,0.1
OTOGL,12,80267259,NM_001378610.3:c.2397C>A,NP_001365539.2:p.His799Gln,0.251,10.98,['Likely%20benign'],129.69,0.63,0.0,0.0,0.0
OTOGL,12,80267260,NM_001378610.3:c.2398T>C,NP_001365539.2:p.Cys800Arg,0.930,26.8,['Unknown%20significance'],34.84,0.22,0.0,3.7,3.7
OTOGL,12,80267261,NM_001378610.3:c.2399G>A,NP_001365539.2:p.Cys800Tyr,0.946,28.5,['Unknown%20significance'],34.84,0.22,0.0,2.7,2.7
OTOGL,12,80267261,NM_001378610.3:c.2399G>T,NP_001365539.2:p.Cys800Phe,0.949,29.2,['Unknown%20significance'],34.84,0.22,0.0,2.8,2.8
OTOGL,12,80267263,NM_001378610.3:c.2401C>A,NP_001365539.2:p.Arg801Ser,0.154,16.88,['Likely%20benign'],138.01,0.51,0.0,0.0,0.0
OTOGL,12,80267263,NM_001378610.3:c.2401C>T,NP_001365539.2:p.Arg801Cys,0.140,24.2,['Unknown%20significance'],138.01,0.51,0.0,-0.9,0.9
OTOGL,12,80267264,NM_001378610.3:c.2402G>A,NP_001365539.2:p.Arg801His,0.029,22.3,['Likely%20benign'],138.01,0.51,0.0,-0.2,0.2
OTOGL,12,80267264,NM_001378610.3:c.2402G>C,NP_001365539.2:p.Arg801Pro,0.149,22.6,['Unknown%20significance'],138.01,0.51,0.0,-0.1,0.1
OTOGL,12,80267264,NM_001378610.3:c.2402G>T,NP_001365539.2:p.Arg801Leu,0.145,23.7,['Unknown%20significance'],138.01,0.51,0.0,-0.2,0.2
OTOGL,12,80267266,NM_001378610.3:c.2404T>C,NP_001365539.2:p.Cys802Arg,0.567,27.5,['Unknown%20significance'],142.16,0.92,0.0,0.7,0.7
OTOGL,12,80267267,NM_001378610.3:c.2405G>T,NP_001365539.2:p.Cys802Phe,0.550,29.6,['Unknown%20significance'],142.16,0.92,0.0,0.5,0.5
OTOGL,12,80267269,NM_001378610.3:c.2407C>A,NP_001365539.2:p.His803Asn,0.089,24.6,['Unknown%20significance'],21.93,0.1,0.0,0.7,0.7
OTOGL,12,80267269,NM_001378610.3:c.2407C>T,NP_001365539.2:p.His803Tyr,0.066,18.60,['Unknown%20significance'],21.93,0.1,0.0,-1.0,1.0
OTOGL,12,80267270,NM_001378610.3:c.2408A>G,NP_001365539.2:p.His803Arg,0.080,23.1,['Unknown%20significance'],21.93,0.1,0.0,0.2,0.2
OTOGL,12,80267270,NM_001378610.3:c.2408A>T,NP_001365539.2:p.His803Leu,0.146,23.6,['Unknown%20significance'],21.93,0.1,0.0,-0.2,0.2
OTOGL,12,80267272,NM_001378610.3:c.2410T>C,NP_001365539.2:p.Tyr804His,0.072,23.4,['Unknown%20significance'],184.96,0.77,0.0,0.2,0.2
OTOGL,12,80267273,NM_001378610.3:c.2411A>G,NP_001365539.2:p.Tyr804Cys,0.247,24.6,['Unknown%20significance'],184.96,0.77,0.0,0.3,0.3
OTOGL,12,80267273,NM_001378610.3:c.2411A>T,NP_001365539.2:p.Tyr804Phe,0.048,15.88,['Unknown%20significance'],184.96,0.77,0.0,0.1,0.1
OTOGL,12,80267275,NM_001378610.3:c.2413A>G,NP_001365539.2:p.Arg805Gly,0.170,23.7,['Unknown%20significance'],213.23,0.79,0.0,0.4,0.4
OTOGL,12,80267275,NM_001378610.3:c.2413A>T,NP_001365539.2:p.Arg805Trp,0.194,27.3,['Unknown%20significance'],213.23,0.79,0.0,-0.0,0.0
OTOGL,12,80267276,NM_001378610.3:c.2414G>A,NP_001365539.2:p.Arg805Lys,0.053,17.83,['Unknown%20significance'],213.23,0.79,0.0,0.3,0.3
OTOGL,12,80267276,NM_001378610.3:c.2414G>C,NP_001365539.2:p.Arg805Thr,0.092,21.3,['Unknown%20significance'],213.23,0.79,0.0,0.1,0.1
OTOGL,12,80267276,NM_001378610.3:c.2414G>T,NP_001365539.2:p.Arg805Met,0.086,20.5,['Unknown%20significance'],213.23,0.79,0.0,0.1,0.1
OTOGL,12,80267277,NM_001378610.3:c.2415G>T,NP_001365539.2:p.Arg805Ser,0.214,19.00,['Unknown%20significance'],213.23,0.79,0.0,0.2,0.2
OTOGL,12,80267278,NM_001378610.3:c.2416G>A,NP_001365539.2:p.Gly806Ser,0.485,26.5,['Unknown%20significance'],47.46,0.49,0.0,0.3,0.3
OTOGL,12,80267278,NM_001378610.3:c.2416G>C,NP_001365539.2:p.Gly806Arg,0.543,26.8,['Unknown%20significance'],47.46,0.49,0.0,0.1,0.1
OTOGL,12,80267278,NM_001378610.3:c.2416G>T,NP_001365539.2:p.Gly806Cys,0.555,28.1,['Unknown%20significance'],47.46,0.49,0.0,0.5,0.5
OTOGL,12,80267279,NM_001378610.3:c.2417G>A,NP_001365539.2:p.Gly806Asp,0.424,25.6,['Unknown%20significance'],47.46,0.49,0.0,0.3,0.3
OTOGL,12,80267279,NM_001378610.3:c.2417G>T,NP_001365539.2:p.Gly806Val,0.514,28.5,['Unknown%20significance'],47.46,0.49,0.0,0.3,0.3
OTOGL,12,80267281,NM_001378610.3:c.2419A>G,NP_001365539.2:p.Ser807Gly,0.035,21.2,['Likely%20benign'],69.86,0.5,0.0,0.4,0.4
OTOGL,12,80267282,NM_001378610.3:c.2420G>A,NP_001365539.2:p.Ser807Asn,0.013,17.79,['Unknown%20significance'],69.86,0.5,0.0,-0.1,0.1
OTOGL,12,80267282,NM_001378610.3:c.2420G>C,NP_001365539.2:p.Ser807Thr,0.009,17.20,['Unknown%20significance'],69.86,0.5,0.0,-0.2,0.2
OTOGL,12,80267282,NM_001378610.3:c.2420G>T,NP_001365539.2:p.Ser807Ile,0.115,21.4,['Unknown%20significance'],69.86,0.5,0.0,-0.4,0.4
OTOGL,12,80267283,NM_001378610.3:c.2421T>A,NP_001365539.2:p.Ser807Arg,0.027,9.600,['Likely%20benign'],69.86,0.5,0.0,-0.5,0.5
OTOGL,12,80267284,NM_001378610.3:c.2422G>A,NP_001365539.2:p.Val808Ile,0.026,3.854,['Likely%20benign'],142.47,0.82,0.0,-0.0,0.0
OTOGL,12,80267284,NM_001378610.3:c.2422G>T,NP_001365539.2:p.Val808Phe,0.074,8.639,['Likely%20benign'],142.47,0.82,0.0,-0.1,0.1
OTOGL,12,80267285,NM_001378610.3:c.2423T>C,NP_001365539.2:p.Val808Ala,0.116,15.99,['Likely%20benign'],142.47,0.82,0.0,0.2,0.2
OTOGL,12,80267287,NM_001378610.3:c.2425T>A,NP_001365539.2:p.Tyr809Asn,0.254,26.3,['Unknown%20significance'],172.36,0.71,0.0,0.8,0.8
OTOGL,12,80267287,NM_001378610.3:c.2425T>C,NP_001365539.2:p.Tyr809His,0.188,23.9,['Unknown%20significance'],172.36,0.71,0.0,0.4,0.4
OTOGL,12,80267288,NM_001378610.3:c.2426A>T,NP_001365539.2:p.Tyr809Phe,0.092,22.1,['Likely%20benign'],172.36,0.71,0.0,0.1,0.1
OTOGL,12,80267290,NM_001378610.3:c.2428C>A,NP_001365539.2:p.Gln810Lys,0.124,23.6,['Unknown%20significance'],177.07,0.89,0.0,0.1,0.1
OTOGL,12,80267291,NM_001378610.3:c.2429A>C,NP_001365539.2:p.Gln810Pro,0.199,20.9,['Unknown%20significance'],177.07,0.89,0.0,0.0,0.0
OTOGL,12,80267291,NM_001378610.3:c.2429A>G,NP_001365539.2:p.Gln810Arg,0.172,23.8,['Unknown%20significance'],177.07,0.89,0.0,-0.1,0.1
OTOGL,12,80267293,NM_001378610.3:c.2431C>A,NP_001365539.2:p.Pro811Thr,0.229,24.9,['Unknown%20significance'],71.83,0.45,0.0,0.2,0.2
OTOGL,12,80267293,NM_001378610.3:c.2431C>T,NP_001365539.2:p.Pro811Ser,0.139,24.9,['Unknown%20significance'],71.83,0.45,0.0,0.3,0.3
OTOGL,12,80267294,NM_001378610.3:c.2432C>A,NP_001365539.2:p.Pro811His,0.298,25.3,['Unknown%20significance'],71.83,0.45,0.0,0.1,0.1
OTOGL,12,80267294,NM_001378610.3:c.2432C>T,NP_001365539.2:p.Pro811Leu,0.306,25.8,['Unknown%20significance'],71.83,0.45,0.0,-0.0,0.0
OTOGL,12,80267296,NM_001378610.3:c.2434G>A,NP_001365539.2:p.Gly812Arg,0.406,32,['Unknown%20significance'],38.9,0.4,0.0,0.2,0.2
OTOGL,12,80267297,NM_001378610.3:c.2435G>A,NP_001365539.2:p.Gly812Glu,0.269,26.1,['Unknown%20significance'],38.9,0.4,0.0,0.8,0.8
OTOGL,12,80267297,NM_001378610.3:c.2435G>C,NP_001365539.2:p.Gly812Ala,0.268,26.0,['Unknown%20significance'],38.9,0.4,0.0,0.4,0.4
OTOGL,12,80267297,NM_001378610.3:c.2435G>T,NP_001365539.2:p.Gly812Val,0.531,32,['Unknown%20significance'],38.9,0.4,0.0,0.3,0.3
OTOGL,12,80267299,NM_001378610.3:c.2437G>A,NP_001365539.2:p.Glu813Lys,0.236,28.8,['Unknown%20significance'],114.15,0.58,0.0,0.1,0.1
OTOGL,12,80267300,NM_001378610.3:c.2438A>G,NP_001365539.2:p.Glu813Gly,0.310,31,['Unknown%20significance'],114.15,0.58,0.0,0.4,0.4
OTOGL,12,80267301,NM_001378610.3:c.2439G>T,NP_001365539.2:p.Glu813Asp,0.103,17.92,['Likely%20benign'],114.15,0.58,0.0,0.1,0.1
OTOGL,12,80267302,NM_001378610.3:c.2440C>A,NP_001365539.2:p.Leu814Ile,0.037,18.07,['Likely%20benign'],131.55,0.68,0.0,-0.1,0.1
OTOGL,12,80267302,NM_001378610.3:c.2440C>G,NP_001365539.2:p.Leu814Val,0.058,16.18,['Likely%20benign'],131.55,0.68,0.0,-0.1,0.1
OTOGL,12,80267302,NM_001378610.3:c.2440C>T,NP_001365539.2:p.Leu814Phe,0.059,23.3,['Unknown%20significance'],131.55,0.68,0.0,-0.0,0.0
OTOGL,12,80267303,NM_001378610.3:c.2441T>A,NP_001365539.2:p.Leu814His,0.195,24.6,['Unknown%20significance'],131.55,0.68,0.0,0.2,0.2
OTOGL,12,80267303,NM_001378610.3:c.2441T>C,NP_001365539.2:p.Leu814Pro,0.165,24.9,['Unknown%20significance'],131.55,0.68,0.0,0.4,0.4
OTOGL,12,80267303,NM_001378610.3:c.2441T>G,NP_001365539.2:p.Leu814Arg,0.091,23.0,['Unknown%20significance'],131.55,0.68,0.0,0.1,0.1
OTOGL,12,80267305,NM_001378610.3:c.2443A>G,NP_001365539.2:p.Ile815Val,0.050,17.05,['Likely%20benign'],40.75,0.2,0.0,0.2,0.2
OTOGL,12,80267306,NM_001378610.3:c.2444T>A,NP_001365539.2:p.Ile815Asn,0.113,24.2,['Unknown%20significance'],40.75,0.2,0.0,1.9,1.9
OTOGL,12,80267306,NM_001378610.3:c.2444T>C,NP_001365539.2:p.Ile815Thr,0.122,22.4,['Likely%20benign'],40.75,0.2,0.0,1.2,1.2
OTOGL,12,80267308,NM_001378610.3:c.2446C>A,NP_001365539.2:p.Pro816Thr,0.068,20.6,['Unknown%20significance'],121.16,0.77,0.0,-0.2,0.2
OTOGL,12,80267308,NM_001378610.3:c.2446C>T,NP_001365539.2:p.Pro816Ser,0.045,21.1,['Unknown%20significance'],121.16,0.77,0.0,-0.0,0.0
OTOGL,12,80267309,NM_001378610.3:c.2447C>A,NP_001365539.2:p.Pro816His,0.124,23.7,['Unknown%20significance'],121.16,0.77,0.0,-0.2,0.2
OTOGL,12,80267309,NM_001378610.3:c.2447C>T,NP_001365539.2:p.Pro816Leu,0.101,18.45,['Unknown%20significance'],121.16,0.77,0.0,-0.4,0.4
OTOGL,12,80267311,NM_001378610.3:c.2449A>G,NP_001365539.2:p.Thr817Ala,0.063,23.3,['Unknown%20significance'],43.14,0.27,0.0,0.3,0.3
OTOGL,12,80267311,NM_001378610.3:c.2449A>T,NP_001365539.2:p.Thr817Ser,0.035,20.8,['Likely%20benign'],43.14,0.27,0.0,0.3,0.3
OTOGL,12,80267312,NM_001378610.3:c.2450C>A,NP_001365539.2:p.Thr817Lys,0.131,23.2,['Unknown%20significance'],43.14,0.27,0.0,0.5,0.5
OTOGL,12,80267312,NM_001378610.3:c.2450C>T,NP_001365539.2:p.Thr817Ile,0.047,23.0,['Unknown%20significance'],43.14,0.27,0.0,-0.4,0.4
OTOGL,12,80267314,NM_001378610.3:c.2452C>A,NP_001365539.2:p.Pro818Thr,0.080,20.5,['Unknown%20significance'],178.41,1.0,0.0,-0.0,0.0
OTOGL,12,80267314,NM_001378610.3:c.2452C>T,NP_001365539.2:p.Pro818Ser,0.118,17.00,['Unknown%20significance'],178.41,1.0,0.0,-0.0,0.0
OTOGL,12,80267315,NM_001378610.3:c.2453C>A,NP_001365539.2:p.Pro818His,0.179,23.0,['Unknown%20significance'],178.41,1.0,0.0,-0.1,0.1
OTOGL,12,80267315,NM_001378610.3:c.2453C>T,NP_001365539.2:p.Pro818Leu,0.134,23.2,['Unknown%20significance'],178.41,1.0,0.0,-0.0,0.0
OTOGL,12,80267317,NM_001378610.3:c.2455T>C,NP_001365539.2:p.Ser819Pro,0.101,21.5,['Unknown%20significance'],68.94,0.49,0.0,0.3,0.3
OTOGL,12,80267318,NM_001378610.3:c.2456C>G,NP_001365539.2:p.Ser819Trp,0.149,23.9,['Unknown%20significance'],68.94,0.49,0.0,-0.4,0.4
OTOGL,12,80267318,NM_001378610.3:c.2456C>T,NP_001365539.2:p.Ser819Leu,0.021,17.49,['Unknown%20significance'],68.94,0.49,0.0,-0.1,0.1
OTOGL,12,80267320,NM_001378610.3:c.2458G>A,NP_001365539.2:p.Gly820Ser,0.189,27.1,['Unknown%20significance'],28.82,0.3,0.0,-0.6,0.6
OTOGL,12,80267321,NM_001378610.3:c.2459G>A,NP_001365539.2:p.Gly820Asp,0.268,24.3,['Unknown%20significance'],28.82,0.3,0.0,-0.4,0.4
OTOGL,12,80267324,NM_001378610.3:c.2462T>C,NP_001365539.2:p.Leu821Ser,0.075,22.3,['Unknown%20significance'],129.66,0.67,0.0,0.3,0.3
OTOGL,12,80267325,NM_001378610.3:c.2463A>T,NP_001365539.2:p.Leu821Phe,0.039,22.1,['Unknown%20significance'],129.66,0.67,0.0,-0.1,0.1
OTOGL,12,80267326,NM_001378610.3:c.2464T>A,NP_001365539.2:p.Cys822Ser,0.660,29.8,['Unknown%20significance'],0.97,0.0,0.0,4.9,4.9
OTOGL,12,80267326,NM_001378610.3:c.2464T>C,NP_001365539.2:p.Cys822Arg,0.621,32,['Unknown%20significance'],0.97,0.0,0.0,4.8,4.8
OTOGL,12,80267327,NM_001378610.3:c.2465G>A,NP_001365539.2:p.Cys822Tyr,0.632,35,['Unknown%20significance'],0.97,0.0,0.0,3.3,3.3
OTOGL,12,80267327,NM_001378610.3:c.2465G>T,NP_001365539.2:p.Cys822Phe,0.676,35,['Unknown%20significance'],0.97,0.0,0.0,3.4,3.4
OTOGL,12,80270102,NM_001378610.3:c.2466C>G,NP_001365539.2:p.Cys822Trp,0.458,24.1,['Unknown%20significance'],0.97,0.0,0.0,3.1,3.1
OTOGL,12,80270103,NM_001378610.3:c.2467C>A,NP_001365539.2:p.Gln823Lys,0.198,23.4,['Unknown%20significance'],84.9,0.42,0.0,0.5,0.5
OTOGL,12,80270104,NM_001378610.3:c.2468A>C,NP_001365539.2:p.Gln823Pro,0.255,24.5,['Unknown%20significance'],84.9,0.42,0.0,0.4,0.4
OTOGL,12,80270104,NM_001378610.3:c.2468A>T,NP_001365539.2:p.Gln823Leu,0.240,20.5,['Unknown%20significance'],84.9,0.42,0.0,-0.6,0.6
OTOGL,12,80270106,NM_001378610.3:c.2470T>C,NP_001365539.2:p.Cys824Arg,0.703,28.6,['Unknown%20significance'],10.98,0.07,0.0,4.3,4.3
OTOGL,12,80270112,NM_001378610.3:c.2476A>G,NP_001365539.2:p.Asn826Asp,0.051,21.6,['Unknown%20significance'],159.9,1.0,0.0,0.0,0.0
OTOGL,12,80270113,NM_001378610.3:c.2477A>G,NP_001365539.2:p.Asn826Ser,0.092,24.8,['Unknown%20significance'],159.9,1.0,0.0,0.0,0.0
OTOGL,12,80270114,NM_001378610.3:c.2478T>A,NP_001365539.2:p.Asn826Lys,0.086,23.9,['Unknown%20significance'],159.9,1.0,0.0,0.1,0.1
OTOGL,12,80270118,NM_001378610.3:c.2482A>G,NP_001365539.2:p.Thr828Ala,0.087,23.2,['Unknown%20significance'],101.74,0.64,0.0,0.2,0.2
OTOGL,12,80270119,NM_001378610.3:c.2483C>A,NP_001365539.2:p.Thr828Asn,0.155,23.8,['Unknown%20significance'],101.74,0.64,0.0,0.2,0.2
OTOGL,12,80270119,NM_001378610.3:c.2483C>G,NP_001365539.2:p.Thr828Ser,0.115,22.6,['Unknown%20significance'],101.74,0.64,0.0,0.2,0.2
OTOGL,12,80270121,NM_001378610.3:c.2485G>A,NP_001365539.2:p.Val829Met,0.031,19.09,['Unknown%20significance'],72.42,0.42,0.0,0.2,0.2
OTOGL,12,80270124,NM_001378610.3:c.2488A>G,NP_001365539.2:p.Lys830Glu,0.033,12.29,['Likely%20benign'],160.06,0.67,0.0,-0.1,0.1
OTOGL,12,80270128,NM_001378610.3:c.2492G>A,NP_001365539.2:p.Cys831Tyr,0.661,28.2,['Unknown%20significance'],67.41,0.43,0.0,1.5,1.5
OTOGL,12,80270128,NM_001378610.3:c.2492G>T,NP_001365539.2:p.Cys831Phe,0.668,29.0,['Unknown%20significance'],67.41,0.43,0.0,1.6,1.6
OTOGL,12,80270131,NM_001378610.3:c.2495A>G,NP_001365539.2:p.Asp832Gly,0.052,23.2,['Likely%20benign'],98.63,0.61,0.0,0.2,0.2
OTOGL,12,80270132,NM_001378610.3:c.2496T>A,NP_001365539.2:p.Asp832Glu,0.037,18.97,['Likely%20benign'],98.63,0.61,0.0,-0.1,0.1
OTOGL,12,80270133,NM_001378610.3:c.2497G>C,NP_001365539.2:p.Glu833Gln,0.088,23.2,['Unknown%20significance'],119.65,0.61,0.0,-0.2,0.2
OTOGL,12,80270135,NM_001378610.3:c.2499A>T,NP_001365539.2:p.Glu833Asp,0.096,18.82,['Unknown%20significance'],119.65,0.61,0.0,0.0,0.0
OTOGL,12,80270137,NM_001378610.3:c.2501T>C,NP_001365539.2:p.Leu834Ser,0.085,14.42,['Likely%20benign'],196.25,1.0,0.0,0.0,0.0
OTOGL,12,80270139,NM_001378610.3:c.2503G>A,NP_001365539.2:p.Ala835Thr,0.028,21.7,['Likely%20benign'],101.86,0.8,0.0,-0.1,0.1
OTOGL,12,80270139,NM_001378610.3:c.2503G>C,NP_001365539.2:p.Ala835Pro,0.124,22.9,['Likely%20benign'],101.86,0.8,0.0,0.0,0.0
OTOGL,12,80270140,NM_001378610.3:c.2504C>A,NP_001365539.2:p.Ala835Glu,0.086,21.6,['Unknown%20significance'],101.86,0.8,0.0,0.1,0.1
OTOGL,12,80270142,NM_001378610.3:c.2506A>G,NP_001365539.2:p.Thr836Ala,0.099,19.81,['Unknown%20significance'],130.56,0.82,0.0,0.1,0.1
OTOGL,12,80270142,NM_001378610.3:c.2506A>T,NP_001365539.2:p.Thr836Ser,0.084,18.16,['Likely%20benign'],130.56,0.82,0.0,0.1,0.1
OTOGL,12,80270143,NM_001378610.3:c.2507C>T,NP_001365539.2:p.Thr836Met,0.122,25.5,['Unknown%20significance'],130.56,0.82,0.0,-0.0,0.0
OTOGL,12,80270149,NM_001378610.3:c.2513C>T,NP_001365539.2:p.Ser838Phe,0.095,26.3,['Unknown%20significance'],115.21,0.83,0.0,-0.1,0.1
OTOGL,12,80270151,NM_001378610.3:c.2515G>A,NP_001365539.2:p.Ala839Thr,0.026,12.82,['Likely%20benign'],71.26,0.56,0.0,-0.2,0.2
OTOGL,12,80270152,NM_001378610.3:c.2516C>A,NP_001365539.2:p.Ala839Asp,0.067,22.4,['Likely%20benign'],71.26,0.56,0.0,0.2,0.2
OTOGL,12,80271648,NM_001378610.3:c.2519T>C,NP_001365539.2:p.Val840Ala,0.035,20.2,['Likely%20benign'],160.13,0.93,0.0,0.1,0.1
OTOGL,12,80271648,NM_001378610.3:c.2519T>G,NP_001365539.2:p.Val840Gly,0.113,22.3,['Unknown%20significance'],160.13,0.93,0.0,0.2,0.2
OTOGL,12,80271650,NM_001378610.3:c.2521C>A,NP_001365539.2:p.His841Asn,0.123,22.2,['Unknown%20significance'],104.18,0.5,0.0,0.3,0.3
OTOGL,12,80271651,NM_001378610.3:c.2522A>G,NP_001365539.2:p.His841Arg,0.044,6.666,['Likely%20benign'],104.18,0.5,0.0,0.1,0.1
OTOGL,12,80271653,NM_001378610.3:c.2524A>G,NP_001365539.2:p.Ile842Val,0.033,9.373,['Likely%20benign'],177.5,0.9,0.0,-0.0,0.0
OTOGL,12,80271654,NM_001378610.3:c.2525T>A,NP_001365539.2:p.Ile842Asn,0.051,7.207,['Likely%20benign'],177.5,0.9,0.0,0.2,0.2
OTOGL,12,80271656,NM_001378610.3:c.2527T>C,NP_001365539.2:p.Cys843Arg,0.858,27.6,['Unknown%20significance'],50.53,0.32,0.0,2.5,2.5
OTOGL,12,80271657,NM_001378610.3:c.2528G>A,NP_001365539.2:p.Cys843Tyr,0.866,27.0,['Unknown%20significance'],50.53,0.32,0.0,1.7,1.7
OTOGL,12,80271660,NM_001378610.3:c.2531C>G,NP_001365539.2:p.Pro844Arg,0.361,25.5,['Unknown%20significance'],75.74,0.48,0.0,0.0,0.0
OTOGL,12,80271665,NM_001378610.3:c.2536G>A,NP_001365539.2:p.Gly846Arg,0.566,28.5,['Unknown%20significance'],23.43,0.24,0.0,-0.5,0.5
OTOGL,12,80271665,NM_001378610.3:c.2536G>C,NP_001365539.2:p.Gly846Arg,0.594,28.2,['Unknown%20significance'],23.43,0.24,0.0,-0.5,0.5
OTOGL,12,80271673,NM_001378610.3:c.2544G>T,NP_001365539.2:p.Glu848Asp,0.091,15.04,['Likely%20benign'],66.54,0.34,0.0,0.1,0.1
OTOGL,12,80271675,NM_001378610.3:c.2546A>G,NP_001365539.2:p.Tyr849Cys,0.237,26.1,['Unknown%20significance'],69.34,0.28,0.0,1.4,1.4
OTOGL,12,80271675,NM_001378610.3:c.2546A>T,NP_001365539.2:p.Tyr849Phe,0.059,19.98,['Unknown%20significance'],69.34,0.28,0.0,0.3,0.3
OTOGL,12,80271677,NM_001378610.3:c.2548T>C,NP_001365539.2:p.Phe850Leu,0.056,22.2,['Unknown%20significance'],0.2,0.0,0.0,0.6,0.6
OTOGL,12,80271680,NM_001378610.3:c.2551G>A,NP_001365539.2:p.Asp851Asn,0.060,19.28,['Unknown%20significance'],6.12,0.03,0.0,-0.2,0.2
OTOGL,12,80271680,NM_001378610.3:c.2551G>T,NP_001365539.2:p.Asp851Tyr,0.200,26.0,['Unknown%20significance'],6.12,0.03,0.0,-1.0,1.0
OTOGL,12,80271681,NM_001378610.3:c.2552A>G,NP_001365539.2:p.Asp851Gly,0.096,24.2,['Unknown%20significance'],6.12,0.03,0.0,0.8,0.8
OTOGL,12,80271686,NM_001378610.3:c.2557A>G,NP_001365539.2:p.Arg853Gly,0.111,22.0,['Unknown%20significance'],190.94,0.7,0.0,0.3,0.3
OTOGL,12,80271686,NM_001378610.3:c.2557A>T,NP_001365539.2:p.Arg853Trp,0.242,25.8,['Unknown%20significance'],190.94,0.7,0.0,-0.1,0.1
OTOGL,12,80271688,NM_001378610.3:c.2559G>T,NP_001365539.2:p.Arg853Ser,0.066,12.67,['Likely%20benign'],190.94,0.7,0.0,0.1,0.1
OTOGL,12,80271689,NM_001378610.3:c.2560T>C,NP_001365539.2:p.Phe854Leu,0.047,20.6,['Likely%20pathogenic'],170.59,0.74,0.0,0.1,0.1
OTOGL,12,80271692,NM_001378610.3:c.2563C>T,NP_001365539.2:p.Pro855Ser,0.104,22.1,['Unknown%20significance'],80.59,0.51,0.0,-0.0,0.0
OTOGL,12,80271693,NM_001378610.3:c.2564C>T,NP_001365539.2:p.Pro855Leu,0.155,22.6,['Unknown%20significance'],80.59,0.51,0.0,-0.3,0.3
OTOGL,12,80271697,NM_001378610.3:c.2568C>G,NP_001365539.2:p.Asp856Glu,0.053,12.69,['Likely%20benign'],42.89,0.26,0.0,-0.0,0.0
OTOGL,12,80271698,NM_001378610.3:c.2569C>G,NP_001365539.2:p.Pro857Ala,0.137,17.85,['Unknown%20significance'],144.22,0.91,0.0,0.0,0.0
OTOGL,12,80271698,NM_001378610.3:c.2569C>T,NP_001365539.2:p.Pro857Ser,0.142,22.5,['Unknown%20significance'],144.22,0.91,0.0,0.0,0.0
OTOGL,12,80271699,NM_001378610.3:c.2570C>A,NP_001365539.2:p.Pro857His,0.185,24.5,['Unknown%20significance'],144.22,0.91,0.0,-0.0,0.0
OTOGL,12,80271699,NM_001378610.3:c.2570C>G,NP_001365539.2:p.Pro857Arg,0.198,23.0,['Unknown%20significance'],144.22,0.91,0.0,-0.0,0.0
OTOGL,12,80271699,NM_001378610.3:c.2570C>T,NP_001365539.2:p.Pro857Leu,0.165,23.1,['Unknown%20significance'],144.22,0.91,0.0,-0.0,0.0
OTOGL,12,80271704,NM_001378610.3:c.2575T>G,NP_001365539.2:p.Leu859Val,0.065,22.8,['Unknown%20significance'],6.29,0.03,0.0,0.5,0.5
OTOGL,12,80271705,NM_001378610.3:c.2576T>C,NP_001365539.2:p.Leu859Ser,0.151,25.5,['Unknown%20significance'],6.29,0.03,0.0,2.0,2.0
OTOGL,12,80271708,NM_001378610.3:c.2579C>G,NP_001365539.2:p.Pro860Arg,0.123,25.5,['Unknown%20significance'],27.03,0.17,0.0,-0.6,0.6
OTOGL,12,80271710,NM_001378610.3:c.2581G>C,NP_001365539.2:p.Ala861Pro,0.100,24.1,['Unknown%20significance'],75.56,0.59,0.0,0.2,0.2
OTOGL,12,80271713,NM_001378610.3:c.2584G>C,NP_001365539.2:p.Gly862Arg,0.104,24.1,['Unknown%20significance'],5.72,0.06,0.0,-1.2,1.2
OTOGL,12,80271714,NM_001378610.3:c.2585G>A,NP_001365539.2:p.Gly862Asp,0.145,25.0,['Unknown%20significance'],5.72,0.06,0.0,-0.2,0.2
OTOGL,12,80271716,NM_001378610.3:c.2587G>C,NP_001365539.2:p.Gly863Arg,0.318,27.7,['Unknown%20significance'],0.0,0.0,0.0,-0.2,0.2
OTOGL,12,80271717,NM_001378610.3:c.2588G>T,NP_001365539.2:p.Gly863Val,0.421,27.4,['Unknown%20significance'],0.0,0.0,0.0,-0.4,0.4
OTOGL,12,80271719,NM_001378610.3:c.2590G>A,NP_001365539.2:p.Val864Ile,0.021,13.54,['Likely%20benign'],28.7,0.16,0.0,-0.0,0.0
OTOGL,12,80271720,NM_001378610.3:c.2591T>G,NP_001365539.2:p.Val864Gly,0.217,24.5,['Unknown%20significance'],28.7,0.16,0.0,2.3,2.3
OTOGL,12,80271722,NM_001378610.3:c.2593A>C,NP_001365539.2:p.Asn865His,0.097,25.5,['Unknown%20significance'],6.42,0.04,0.0,-0.4,0.4
OTOGL,12,80271729,NM_001378610.3:c.2600A>G,NP_001365539.2:p.Glu867Gly,0.133,23.0,['Unknown%20significance'],2.22,0.01,0.0,0.9,0.9
OTOGL,12,80271730,NM_001378610.3:c.2601G>T,NP_001365539.2:p.Glu867Asp,0.083,23.8,['Unknown%20significance'],2.22,0.01,0.0,0.3,0.3
OTOGL,12,80271731,NM_001378610.3:c.2602A>G,NP_001365539.2:p.Thr868Ala,0.055,21.2,['Unknown%20significance'],33.34,0.21,0.0,0.1,0.1
OTOGL,12,80271731,NM_001378610.3:c.2602A>T,NP_001365539.2:p.Thr868Ser,0.026,20.4,['Unknown%20significance'],33.34,0.21,0.0,0.3,0.3
OTOGL,12,80271734,NM_001378610.3:c.2605A>G,NP_001365539.2:p.Thr869Ala,0.223,25.0,['Unknown%20significance'],1.62,0.01,0.0,0.9,0.9
OTOGL,12,80271740,NM_001378610.3:c.2611G>A,NP_001365539.2:p.Ala871Thr,0.064,22.3,['Unknown%20significance'],15.8,0.12,0.0,-0.1,0.1
OTOGL,12,80271741,NM_001378610.3:c.2612C>A,NP_001365539.2:p.Ala871Glu,0.100,17.26,['Unknown%20significance'],15.8,0.12,0.0,0.1,0.1
OTOGL,12,80271741,NM_001378610.3:c.2612C>G,NP_001365539.2:p.Ala871Gly,0.080,23.3,['Unknown%20significance'],15.8,0.12,0.0,0.8,0.8
OTOGL,12,80271741,NM_001378610.3:c.2612C>T,NP_001365539.2:p.Ala871Val,0.075,21.9,['Unknown%20significance'],15.8,0.12,0.0,-0.5,0.5
OTOGL,12,80271743,NM_001378610.3:c.2614A>T,NP_001365539.2:p.Asn872Tyr,0.567,27.5,['Unknown%20significance'],0.32,0.0,0.0,-1.3,1.3
OTOGL,12,80271744,NM_001378610.3:c.2615A>C,NP_001365539.2:p.Asn872Thr,0.094,25.8,['Unknown%20significance'],0.32,0.0,0.0,-0.1,0.1
OTOGL,12,80271746,NM_001378610.3:c.2617C>A,NP_001365539.2:p.Leu873Ile,0.100,18.12,['Unknown%20significance'],56.67,0.29,0.0,0.2,0.2
OTOGL,12,80271749,NM_001378610.3:c.2620G>A,NP_001365539.2:p.Ala874Thr,0.180,26.5,['Unknown%20significance'],15.88,0.12,0.0,-0.2,0.2
OTOGL,12,80271749,NM_001378610.3:c.2620G>C,NP_001365539.2:p.Ala874Pro,0.157,26.8,['Unknown%20significance'],15.88,0.12,0.0,0.4,0.4
OTOGL,12,80271750,NM_001378610.3:c.2621C>A,NP_001365539.2:p.Ala874Asp,0.153,25.8,['Unknown%20significance'],15.88,0.12,0.0,0.2,0.2
OTOGL,12,80271752,NM_001378610.3:c.2623A>G,NP_001365539.2:p.Met875Val,0.062,24.4,['Unknown%20significance'],5.47,0.02,0.0,0.2,0.2
OTOGL,12,80271753,NM_001378610.3:c.2624T>A,NP_001365539.2:p.Met875Lys,0.329,26.3,['Unknown%20significance'],5.47,0.02,0.0,1.9,1.9
OTOGL,12,80271754,NM_001378610.3:c.2625G>T,NP_001365539.2:p.Met875Ile,0.104,23.9,['Unknown%20significance'],5.47,0.02,0.0,-0.0,0.0
OTOGL,12,80271756,NM_001378610.3:c.2627A>C,NP_001365539.2:p.Asn876Thr,0.246,26.4,['Unknown%20significance'],111.72,0.69,0.0,-0.1,0.1
OTOGL,12,80271758,NM_001378610.3:c.2629T>C,NP_001365539.2:p.Phe877Leu,0.099,20.6,['Unknown%20significance'],3.47,0.01,0.0,0.3,0.3
OTOGL,12,80271762,NM_001378610.3:c.2633C>G,NP_001365539.2:p.Thr878Ser,0.097,18.39,['Unknown%20significance'],58.59,0.37,0.0,0.3,0.3
OTOGL,12,80271762,NM_001378610.3:c.2633C>T,NP_001365539.2:p.Thr878Ile,0.120,24.7,['Unknown%20significance'],58.59,0.37,0.0,-0.3,0.3
OTOGL,12,80271765,NM_001378610.3:c.2636G>A,NP_001365539.2:p.Cys879Tyr,0.594,26.8,['Unknown%20significance'],1.78,0.01,0.0,1.9,1.9
OTOGL,12,80271770,NM_001378610.3:c.2641C>A,NP_001365539.2:p.Pro881Thr,0.165,23.1,['Unknown%20significance'],87.88,0.55,0.0,-0.0,0.0
OTOGL,12,80271771,NM_001378610.3:c.2642C>T,NP_001365539.2:p.Pro881Leu,0.194,24.9,['Unknown%20significance'],87.88,0.55,0.0,-0.1,0.1
OTOGL,12,80271773,NM_001378610.3:c.2644T>A,NP_001365539.2:p.Ser882Thr,0.037,19.15,['Unknown%20significance'],94.39,0.68,0.0,-0.1,0.1
OTOGL,12,80271774,NM_001378610.3:c.2645C>T,NP_001365539.2:p.Ser882Phe,0.121,18.92,['Unknown%20significance'],94.39,0.68,0.0,-0.1,0.1
OTOGL,12,80271777,NM_001378610.3:c.2648C>T,NP_001365539.2:p.Ser883Leu,0.125,21.8,['Unknown%20significance'],7.84,0.05,0.0,-0.6,0.6
OTOGL,12,80271780,NM_001378610.3:c.2651C>T,NP_001365539.2:p.Pro884Leu,0.272,24.7,['Unknown%20significance'],102.22,0.64,0.0,-0.2,0.2
OTOGL,12,80271783,NM_001378610.3:c.2654G>A,NP_001365539.2:p.Cys885Tyr,0.620,27.5,['Unknown%20significance'],54.37,0.35,0.0,1.6,1.6
OTOGL,12,80271783,NM_001378610.3:c.2654G>C,NP_001365539.2:p.Cys885Ser,0.599,26.6,['Unknown%20significance'],54.37,0.35,0.0,2.4,2.4
OTOGL,12,80271785,NM_001378610.3:c.2656A>G,NP_001365539.2:p.Ile886Val,0.100,15.47,['Likely%20benign'],105.06,0.53,0.0,-0.1,0.1
OTOGL,12,80271786,NM_001378610.3:c.2657T>A,NP_001365539.2:p.Ile886Lys,0.126,23.4,['Unknown%20significance'],105.06,0.53,0.0,1.0,1.0
OTOGL,12,80271791,NM_001378610.3:c.2662G>A,NP_001365539.2:p.Gly888Ser,0.447,31,['Unknown%20significance'],11.63,0.12,0.0,0.4,0.4
OTOGL,12,80271791,NM_001378610.3:c.2662G>T,NP_001365539.2:p.Gly888Cys,0.593,32,['Unknown%20significance'],11.63,0.12,0.0,-0.3,0.3
OTOGL,12,80271792,NM_001378610.3:c.2663G>A,NP_001365539.2:p.Gly888Asp,0.591,29.2,['Unknown%20significance'],11.63,0.12,0.0,1.0,1.0
OTOGL,12,80271795,NM_001378610.3:c.2666G>A,NP_001365539.2:p.Cys889Tyr,0.952,29.8,['Unknown%20significance'],27.6,0.17,0.0,2.6,2.6
OTOGL,12,80271797,NM_001378610.3:c.2668G>A,NP_001365539.2:p.Val890Ile,0.081,19.95,['Likely%20benign'],0.0,0.0,0.0,0.1,0.1
OTOGL,12,80271797,NM_001378610.3:c.2668G>T,NP_001365539.2:p.Val890Phe,0.161,25.1,['Unknown%20significance'],0.0,0.0,0.0,-0.1,0.1
OTOGL,12,80271804,NM_001378610.3:c.2675C>A,NP_001365539.2:p.Ala892Asp,0.104,23.3,['Unknown%20significance'],18.25,0.14,0.0,0.4,0.4
OTOGL,12,80271804,NM_001378610.3:c.2675C>T,NP_001365539.2:p.Ala892Val,0.078,23.3,['Unknown%20significance'],18.25,0.14,0.0,-0.6,0.6
OTOGL,12,80271806,NM_001378610.3:c.2677C>G,NP_001365539.2:p.Pro893Ala,0.060,14.36,['Likely%20benign'],89.52,0.56,0.0,0.1,0.1
OTOGL,12,80271807,NM_001378610.3:c.2678C>T,NP_001365539.2:p.Pro893Leu,0.181,23.3,['Unknown%20significance'],89.52,0.56,0.0,-0.2,0.2
OTOGL,12,80271810,NM_001378610.3:c.2681G>A,NP_001365539.2:p.Gly894Glu,0.526,34,['Unknown%20significance'],62.44,0.65,0.0,0.5,0.5
OTOGL,12,80278169,NM_001378610.3:c.2683A>G,NP_001365539.2:p.Met895Val,0.135,22.6,['Unknown%20significance'],39.32,0.18,0.0,0.2,0.2
OTOGL,12,80278170,NM_001378610.3:c.2684T>A,NP_001365539.2:p.Met895Lys,0.421,25.1,['Unknown%20significance'],39.32,0.18,0.0,1.7,1.7
OTOGL,12,80278170,NM_001378610.3:c.2684T>C,NP_001365539.2:p.Met895Thr,0.199,23.4,['Unknown%20significance'],39.32,0.18,0.0,1.0,1.0
OTOGL,12,80278171,NM_001378610.3:c.2685G>A,NP_001365539.2:p.Met895Ile,0.194,25.2,['Unknown%20significance'],39.32,0.18,0.0,-0.0,0.0
OTOGL,12,80278172,NM_001378610.3:c.2686G>A,NP_001365539.2:p.Ala896Thr,0.119,27.0,['Unknown%20significance'],0.24,0.0,0.0,-0.2,0.2
OTOGL,12,80278172,NM_001378610.3:c.2686G>T,NP_001365539.2:p.Ala896Ser,0.131,24.4,['Unknown%20significance'],0.24,0.0,0.0,0.6,0.6
OTOGL,12,80278173,NM_001378610.3:c.2687C>T,NP_001365539.2:p.Ala896Val,0.114,22.6,['Unknown%20significance'],0.24,0.0,0.0,-2.0,2.0
OTOGL,12,80278176,NM_001378610.3:c.2690A>G,NP_001365539.2:p.Glu897Gly,0.170,23.9,['Unknown%20significance'],10.41,0.05,0.0,0.4,0.4
OTOGL,12,80278177,NM_001378610.3:c.2691G>T,NP_001365539.2:p.Glu897Asp,0.059,21.5,['Unknown%20significance'],10.41,0.05,0.0,0.2,0.2
OTOGL,12,80278178,NM_001378610.3:c.2692C>T,NP_001365539.2:p.His898Tyr,0.181,23.1,['Unknown%20significance'],5.35,0.02,0.0,-0.7,0.7
OTOGL,12,80278180,NM_001378610.3:c.2694C>A,NP_001365539.2:p.His898Gln,0.234,23.8,['Unknown%20significance'],5.35,0.02,0.0,0.5,0.5
OTOGL,12,80278181,NM_001378610.3:c.2695A>G,NP_001365539.2:p.Arg899Gly,0.026,18.98,['Likely%20benign'],120.85,0.44,0.0,0.6,0.6
OTOGL,12,80278184,NM_001378610.3:c.2698G>A,NP_001365539.2:p.Gly900Arg,0.251,26.9,['Unknown%20significance'],59.34,0.62,0.0,-0.1,0.1
OTOGL,12,80278187,NM_001378610.3:c.2701A>C,NP_001365539.2:p.Lys901Gln,0.097,22.5,['Unknown%20significance'],104.37,0.44,0.0,-0.3,0.3
OTOGL,12,80278191,NM_001378610.3:c.2705G>T,NP_001365539.2:p.Cys902Phe,0.827,26.9,['Unknown%20significance'],18.57,0.12,0.0,2.4,2.4
OTOGL,12,80278196,NM_001378610.3:c.2710G>A,NP_001365539.2:p.Val904Ile,0.012,16.19,['Likely%20benign'],90.5,0.52,0.0,0.0,0.0
OTOGL,12,80278199,NM_001378610.3:c.2713C>T,NP_001365539.2:p.Pro905Ser,0.241,26.6,['Unknown%20significance'],33.6,0.21,0.0,0.3,0.3
OTOGL,12,80278204,NM_001378610.3:c.2718A>C,NP_001365539.2:p.Glu906Asp,0.048,14.71,['Likely%20benign'],105.7,0.54,0.0,0.0,0.0
OTOGL,12,80278207,NM_001378610.3:c.2721C>G,NP_001365539.2:p.Ser907Arg,0.153,21.8,['Unknown%20significance'],63.61,0.46,0.0,-0.3,0.3
OTOGL,12,80278209,NM_001378610.3:c.2723G>A,NP_001365539.2:p.Cys908Tyr,0.951,29.0,['Unknown%20significance'],0.0,0.0,0.0,3.7,3.7
OTOGL,12,80278214,NM_001378610.3:c.2728T>C,NP_001365539.2:p.Cys910Arg,0.654,27.7,['Unknown%20significance'],3.15,0.02,0.0,5.0,5.0
OTOGL,12,80278215,NM_001378610.3:c.2729G>A,NP_001365539.2:p.Cys910Tyr,0.712,28.3,['Unknown%20significance'],3.15,0.02,0.0,3.5,3.5
OTOGL,12,80278217,NM_001378610.3:c.2731A>C,NP_001365539.2:p.Ile911Leu,0.041,15.88,['Likely%20benign'],13.55,0.06,0.0,0.1,0.1
OTOGL,12,80278217,NM_001378610.3:c.2731A>G,NP_001365539.2:p.Ile911Val,0.048,15.83,['Likely%20benign'],13.55,0.06,0.0,-0.0,0.0
OTOGL,12,80278218,NM_001378610.3:c.2732T>C,NP_001365539.2:p.Ile911Thr,0.078,17.86,['Likely%20benign'],13.55,0.06,0.0,0.8,0.8
OTOGL,12,80278220,NM_001378610.3:c.2734T>C,NP_001365539.2:p.Trp912Arg,0.449,29.4,['Unknown%20significance'],21.16,0.08,0.0,1.3,1.3
OTOGL,12,80278224,NM_001378610.3:c.2738A>G,NP_001365539.2:p.Lys913Arg,0.093,26.0,['Unknown%20significance'],21.58,0.09,0.0,-1.0,1.0
OTOGL,12,80278226,NM_001378610.3:c.2740G>T,NP_001365539.2:p.Asp914Tyr,0.299,28.5,['Unknown%20significance'],19.54,0.12,0.0,-0.9,0.9
OTOGL,12,80278227,NM_001378610.3:c.2741A>G,NP_001365539.2:p.Asp914Gly,0.127,22.4,['Unknown%20significance'],19.54,0.12,0.0,-0.1,0.1
OTOGL,12,80278227,NM_001378610.3:c.2741A>T,NP_001365539.2:p.Asp914Val,0.268,27.6,['Unknown%20significance'],19.54,0.12,0.0,-0.1,0.1
OTOGL,12,80278229,NM_001378610.3:c.2743T>A,NP_001365539.2:p.Trp915Arg,0.071,23.2,['Likely%20benign'],154.79,0.59,0.0,0.0,0.0
OTOGL,12,80278230,NM_001378610.3:c.2744G>C,NP_001365539.2:p.Trp915Ser,0.108,23.3,['Unknown%20significance'],154.79,0.59,0.0,0.5,0.5
OTOGL,12,80278230,NM_001378610.3:c.2744G>T,NP_001365539.2:p.Trp915Leu,0.104,22.8,['Likely%20benign'],154.79,0.59,0.0,0.2,0.2
OTOGL,12,80278231,NM_001378610.3:c.2745G>C,NP_001365539.2:p.Trp915Cys,0.144,27.1,['Unknown%20significance'],154.79,0.59,0.0,0.4,0.4
OTOGL,12,80278232,NM_001378610.3:c.2746G>A,NP_001365539.2:p.Glu916Lys,0.346,28.4,['Unknown%20significance'],46.95,0.24,0.0,0.1,0.1
OTOGL,12,80278233,NM_001378610.3:c.2747A>G,NP_001365539.2:p.Glu916Gly,0.577,32,['Unknown%20significance'],46.95,0.24,0.0,0.7,0.7
OTOGL,12,80278236,NM_001378610.3:c.2750A>C,NP_001365539.2:p.Tyr917Ser,0.321,25.5,['Unknown%20significance'],44.01,0.18,0.0,3.3,3.3
OTOGL,12,80278236,NM_001378610.3:c.2750A>G,NP_001365539.2:p.Tyr917Cys,0.310,26.1,['Unknown%20significance'],44.01,0.18,0.0,2.4,2.4
OTOGL,12,80278238,NM_001378610.3:c.2752C>T,NP_001365539.2:p.Leu918Phe,0.073,12.61,['Likely%20benign'],22.45,0.11,0.0,-0.1,0.1
OTOGL,12,80278241,NM_001378610.3:c.2755T>C,NP_001365539.2:p.Ser919Pro,0.080,17.14,['Unknown%20significance'],34.14,0.24,0.0,-0.6,0.6
OTOGL,12,80278244,NM_001378610.3:c.2758G>A,NP_001365539.2:p.Gly920Arg,0.519,27.6,['Unknown%20significance'],56.44,0.59,0.0,0.2,0.2
OTOGL,12,80278245,NM_001378610.3:c.2759G>A,NP_001365539.2:p.Gly920Glu,0.529,26.7,['Unknown%20significance'],56.44,0.59,0.0,0.6,0.6
OTOGL,12,80278247,NM_001378610.3:c.2761G>A,NP_001365539.2:p.Glu921Lys,0.351,28.4,['Unknown%20significance'],54.66,0.27,0.0,0.2,0.2
OTOGL,12,80278248,NM_001378610.3:c.2762A>G,NP_001365539.2:p.Glu921Gly,0.425,27.4,['Unknown%20significance'],54.66,0.27,0.0,0.7,0.7
OTOGL,12,80278250,NM_001378610.3:c.2764G>C,NP_001365539.2:p.Val922Leu,0.126,21.8,['Unknown%20significance'],86.66,0.5,0.0,0.1,0.1
OTOGL,12,80278251,NM_001378610.3:c.2765T>C,NP_001365539.2:p.Val922Ala,0.099,19.26,['Unknown%20significance'],86.66,0.5,0.0,0.5,0.5
OTOGL,12,80278253,NM_001378610.3:c.2767A>C,NP_001365539.2:p.Ile923Leu,0.095,23.2,['Unknown%20significance'],12.48,0.06,0.0,0.7,0.7
OTOGL,12,80278253,NM_001378610.3:c.2767A>G,NP_001365539.2:p.Ile923Val,0.129,15.75,['Unknown%20significance'],12.48,0.06,0.0,0.4,0.4
OTOGL,12,80278254,NM_001378610.3:c.2768T>G,NP_001365539.2:p.Ile923Ser,0.415,27.6,['Unknown%20significance'],12.48,0.06,0.0,2.6,2.6
OTOGL,12,80278256,NM_001378610.3:c.2770G>A,NP_001365539.2:p.Ala924Thr,0.041,16.73,['Likely%20benign'],85.73,0.67,0.0,-0.1,0.1
OTOGL,12,80278256,NM_001378610.3:c.2770G>C,NP_001365539.2:p.Ala924Pro,0.110,20.1,['Unknown%20significance'],85.73,0.67,0.0,0.1,0.1
OTOGL,12,80278257,NM_001378610.3:c.2771C>A,NP_001365539.2:p.Ala924Asp,0.096,21.7,['Likely%20benign'],85.73,0.67,0.0,0.2,0.2
OTOGL,12,80278257,NM_001378610.3:c.2771C>G,NP_001365539.2:p.Ala924Gly,0.075,22.4,['Unknown%20significance'],85.73,0.67,0.0,0.3,0.3
OTOGL,12,80278260,NM_001378610.3:c.2774C>A,NP_001365539.2:p.Thr925Lys,0.201,26.6,['Unknown%20significance'],46.17,0.29,0.0,0.6,0.6
OTOGL,12,80278260,NM_001378610.3:c.2774C>T,NP_001365539.2:p.Thr925Ile,0.177,27.2,['Unknown%20significance'],46.17,0.29,0.0,-0.4,0.4
OTOGL,12,80278262,NM_001378610.3:c.2776C>G,NP_001365539.2:p.Pro926Ala,0.166,24.0,['Unknown%20significance'],141.31,0.89,0.0,0.0,0.0
OTOGL,12,80278262,NM_001378610.3:c.2776C>T,NP_001365539.2:p.Pro926Ser,0.225,20.4,['Unknown%20significance'],141.31,0.89,0.0,-0.0,0.0
OTOGL,12,80278263,NM_001378610.3:c.2777C>A,NP_001365539.2:p.Pro926Gln,0.181,25.6,['Unknown%20significance'],141.31,0.89,0.0,-0.1,0.1
OTOGL,12,80278263,NM_001378610.3:c.2777C>T,NP_001365539.2:p.Pro926Leu,0.227,26.2,['Unknown%20significance'],141.31,0.89,0.0,-0.1,0.1
OTOGL,12,80278265,NM_001378610.3:c.2779T>C,NP_001365539.2:p.Cys927Arg,0.678,28.3,['Unknown%20significance'],26.82,0.17,0.0,2.6,2.6
OTOGL,12,80278266,NM_001378610.3:c.2780G>T,NP_001365539.2:p.Cys927Phe,0.618,28.2,['Unknown%20significance'],26.82,0.17,0.0,2.2,2.2
OTOGL,12,80278268,NM_001378610.3:c.2782T>A,NP_001365539.2:p.Tyr928Asn,0.379,24.5,['Unknown%20significance'],33.97,0.14,0.0,0.9,0.9
OTOGL,12,80278268,NM_001378610.3:c.2782T>C,NP_001365539.2:p.Tyr928His,0.189,23.3,['Unknown%20significance'],33.97,0.14,0.0,0.5,0.5
OTOGL,12,80278269,NM_001378610.3:c.2783A>G,NP_001365539.2:p.Tyr928Cys,0.527,28.6,['Unknown%20significance'],33.97,0.14,0.0,0.1,0.1
OTOGL,12,80278271,NM_001378610.3:c.2785A>G,NP_001365539.2:p.Thr929Ala,0.104,23.1,['Unknown%20significance'],42.01,0.26,0.0,0.5,0.5
OTOGL,12,80278272,NM_001378610.3:c.2786C>A,NP_001365539.2:p.Thr929Asn,0.077,22.7,['Unknown%20significance'],42.01,0.26,0.0,0.4,0.4
OTOGL,12,80278272,NM_001378610.3:c.2786C>T,NP_001365539.2:p.Thr929Ile,0.159,24.5,['Unknown%20significance'],42.01,0.26,0.0,-0.4,0.4
OTOGL,12,80278274,NM_001378610.3:c.2788T>C,NP_001365539.2:p.Cys930Arg,0.682,32,['Unknown%20significance'],0.0,0.0,0.0,4.8,4.8
OTOGL,12,80279028,NM_001378610.3:c.2790C>G,NP_001365539.2:p.Cys930Trp,0.588,24.1,['Unknown%20significance'],0.0,0.0,0.0,3.2,3.2
OTOGL,12,80279029,NM_001378610.3:c.2791G>A,NP_001365539.2:p.Val931Ile,0.038,20.5,['Unknown%20significance'],36.99,0.21,0.0,0.1,0.1
OTOGL,12,80279029,NM_001378610.3:c.2791G>C,NP_001365539.2:p.Val931Leu,0.259,23.7,['Unknown%20significance'],36.99,0.21,0.0,0.4,0.4
OTOGL,12,80279030,NM_001378610.3:c.2792T>G,NP_001365539.2:p.Val931Gly,0.263,26.5,['Unknown%20significance'],36.99,0.21,0.0,2.1,2.1
OTOGL,12,80279032,NM_001378610.3:c.2794T>C,NP_001365539.2:p.Cys932Arg,0.778,28.2,['Unknown%20significance'],0.0,0.0,0.0,4.7,4.7
OTOGL,12,80279033,NM_001378610.3:c.2795G>T,NP_001365539.2:p.Cys932Phe,0.722,28.7,['Unknown%20significance'],0.0,0.0,0.0,3.2,3.2
OTOGL,12,80279035,NM_001378610.3:c.2797C>G,NP_001365539.2:p.Arg933Gly,0.158,26.0,['Unknown%20significance'],157.52,0.58,0.0,0.8,0.8
OTOGL,12,80279036,NM_001378610.3:c.2798G>A,NP_001365539.2:p.Arg933Gln,0.141,22.8,['Unknown%20significance'],157.52,0.58,0.0,0.1,0.1
OTOGL,12,80279039,NM_001378610.3:c.2801G>A,NP_001365539.2:p.Arg934Gln,0.199,25.8,['Unknown%20significance'],147.1,0.54,0.0,0.1,0.1
OTOGL,12,80279039,NM_001378610.3:c.2801G>T,NP_001365539.2:p.Arg934Leu,0.326,33,['Unknown%20significance'],147.1,0.54,0.0,0.1,0.1
OTOGL,12,80279041,NM_001378610.3:c.2803G>A,NP_001365539.2:p.Gly935Arg,0.398,27.8,['Unknown%20significance'],0.68,0.0,0.0,0.0,0.0
OTOGL,12,80279042,NM_001378610.3:c.2804G>A,NP_001365539.2:p.Gly935Glu,0.644,31,['Unknown%20significance'],0.68,0.0,0.0,1.0,1.0
OTOGL,12,80279042,NM_001378610.3:c.2804G>T,NP_001365539.2:p.Gly935Val,0.621,32,['Unknown%20significance'],0.68,0.0,0.0,0.2,0.2
OTOGL,12,80279044,NM_001378610.3:c.2806A>G,NP_001365539.2:p.Met936Val,0.087,17.07,['Likely%20benign'],74.46,0.34,0.0,0.1,0.1
OTOGL,12,80279045,NM_001378610.3:c.2807T>A,NP_001365539.2:p.Met936Lys,0.132,22.6,['Unknown%20significance'],74.46,0.34,0.0,0.8,0.8
OTOGL,12,80279045,NM_001378610.3:c.2807T>C,NP_001365539.2:p.Met936Thr,0.091,21.3,['Likely%20benign'],74.46,0.34,0.0,0.5,0.5
OTOGL,12,80279045,NM_001378610.3:c.2807T>G,NP_001365539.2:p.Met936Arg,0.154,22.8,['Unknown%20significance'],74.46,0.34,0.0,0.1,0.1
OTOGL,12,80279046,NM_001378610.3:c.2808G>C,NP_001365539.2:p.Met936Ile,0.059,18.59,['Likely%20benign'],74.46,0.34,0.0,0.0,0.0
OTOGL,12,80279046,NM_001378610.3:c.2808G>T,NP_001365539.2:p.Met936Ile,0.059,18.92,['Likely%20benign'],74.46,0.34,0.0,0.0,0.0
OTOGL,12,80279049,NM_001378610.3:c.2811C>A,NP_001365539.2:p.Phe937Leu,0.278,26.1,['Unknown%20significance'],7.92,0.03,0.0,0.9,0.9
OTOGL,12,80279050,NM_001378610.3:c.2812A>G,NP_001365539.2:p.Asn938Asp,0.215,26.5,['Unknown%20significance'],82.24,0.51,0.0,0.2,0.2
OTOGL,12,80279051,NM_001378610.3:c.2813A>G,NP_001365539.2:p.Asn938Ser,0.086,22.1,['Unknown%20significance'],82.24,0.51,0.0,0.0,0.0
OTOGL,12,80279054,NM_001378610.3:c.2816G>T,NP_001365539.2:p.Cys939Phe,0.700,29.9,['Unknown%20significance'],34.19,0.22,0.0,2.3,2.3
OTOGL,12,80279056,NM_001378610.3:c.2818A>G,NP_001365539.2:p.Thr940Ala,0.268,24.3,['Unknown%20significance'],81.79,0.51,0.0,0.3,0.3
OTOGL,12,80279057,NM_001378610.3:c.2819C>A,NP_001365539.2:p.Thr940Lys,0.218,25.2,['Unknown%20significance'],81.79,0.51,0.0,0.5,0.5
OTOGL,12,80279057,NM_001378610.3:c.2819C>T,NP_001365539.2:p.Thr940Ile,0.230,25.0,['Unknown%20significance'],81.79,0.51,0.0,-0.1,0.1
OTOGL,12,80279062,NM_001378610.3:c.2824T>C,NP_001365539.2:p.Tyr942His,0.049,18.90,['Unknown%20significance'],94.34,0.39,0.0,0.5,0.5
OTOGL,12,80279065,NM_001378610.3:c.2827C>A,NP_001365539.2:p.Pro943Thr,0.288,25.2,['Unknown%20significance'],99.74,0.63,0.0,-0.0,0.0
OTOGL,12,80279065,NM_001378610.3:c.2827C>G,NP_001365539.2:p.Pro943Ala,0.217,24.7,['Unknown%20significance'],99.74,0.63,0.0,0.1,0.1
OTOGL,12,80279065,NM_001378610.3:c.2827C>T,NP_001365539.2:p.Pro943Ser,0.319,25.8,['Unknown%20significance'],99.74,0.63,0.0,0.1,0.1
OTOGL,12,80279066,NM_001378610.3:c.2828C>T,NP_001365539.2:p.Pro943Leu,0.323,28.5,['Unknown%20significance'],99.74,0.63,0.0,-0.1,0.1
OTOGL,12,80279068,NM_001378610.3:c.2830T>C,NP_001365539.2:p.Cys944Arg,0.626,28.9,['Unknown%20significance'],18.96,0.12,0.0,2.4,2.4
OTOGL,12,80279072,NM_001378610.3:c.2834C>T,NP_001365539.2:p.Pro945Leu,0.362,27.9,['Unknown%20significance'],35.64,0.22,0.0,-0.3,0.3
OTOGL,12,80279074,NM_001378610.3:c.2836G>T,NP_001365539.2:p.Ala946Ser,0.092,20.2,['Unknown%20significance'],3.03,0.02,0.0,0.6,0.6
OTOGL,12,80279075,NM_001378610.3:c.2837C>A,NP_001365539.2:p.Ala946Glu,0.295,24.9,['Unknown%20significance'],3.03,0.02,0.0,1.4,1.4
OTOGL,12,80279075,NM_001378610.3:c.2837C>G,NP_001365539.2:p.Ala946Gly,0.120,23.6,['Unknown%20significance'],3.03,0.02,0.0,0.9,0.9
OTOGL,12,80279077,NM_001378610.3:c.2839G>T,NP_001365539.2:p.Val947Leu,0.214,17.18,['Unknown%20significance'],23.26,0.13,0.0,0.2,0.2
OTOGL,12,80279078,NM_001378610.3:c.2840T>G,NP_001365539.2:p.Val947Gly,0.399,31,['Unknown%20significance'],23.26,0.13,0.0,2.7,2.7
OTOGL,12,80279084,NM_001378610.3:c.2846C>G,NP_001365539.2:p.Thr949Arg,0.516,24.8,['Unknown%20significance'],0.0,0.0,0.0,0.4,0.4
OTOGL,12,80279086,NM_001378610.3:c.2848A>G,NP_001365539.2:p.Ile950Val,0.075,1.211,['Likely%20benign'],0.0,0.0,0.0,-0.1,0.1
OTOGL,12,80279087,NM_001378610.3:c.2849T>C,NP_001365539.2:p.Ile950Thr,0.174,19.81,['Unknown%20significance'],0.0,0.0,0.0,2.1,2.1
OTOGL,12,80279089,NM_001378610.3:c.2851T>C,NP_001365539.2:p.Tyr951His,0.643,26.9,['Unknown%20significance'],0.0,0.0,0.0,1.7,1.7
OTOGL,12,80279092,NM_001378610.3:c.2854G>A,NP_001365539.2:p.Gly952Arg,0.622,26.8,['Unknown%20significance'],0.0,0.0,0.0,0.3,0.3
OTOGL,12,80279092,NM_001378610.3:c.2854G>C,NP_001365539.2:p.Gly952Arg,0.651,26.3,['Unknown%20significance'],0.0,0.0,0.0,0.3,0.3
OTOGL,12,80279095,NM_001378610.3:c.2857G>A,NP_001365539.2:p.Asp953Asn,0.472,27.5,['Unknown%20significance'],0.07,0.0,0.0,0.2,0.2
OTOGL,12,80279095,NM_001378610.3:c.2857G>C,NP_001365539.2:p.Asp953His,0.742,27.0,['Unknown%20significance'],0.07,0.0,0.0,-0.1,0.1
OTOGL,12,80279095,NM_001378610.3:c.2857G>T,NP_001365539.2:p.Asp953Tyr,0.780,28.2,['Unknown%20significance'],0.07,0.0,0.0,-0.7,0.7
OTOGL,12,80279097,NM_001378610.3:c.2859C>A,NP_001365539.2:p.Asp953Glu,0.417,22.9,['Unknown%20significance'],0.07,0.0,0.0,0.6,0.6
OTOGL,12,80279099,NM_001378610.3:c.2861G>A,NP_001365539.2:p.Arg954Gln,0.398,29.4,['Unknown%20significance'],4.39,0.01,0.0,0.7,0.7
OTOGL,12,80279099,NM_001378610.3:c.2861G>T,NP_001365539.2:p.Arg954Leu,0.564,29.0,['Unknown%20significance'],4.39,0.01,0.0,0.3,0.3
OTOGL,12,80279101,NM_001378610.3:c.2863C>T,NP_001365539.2:p.His955Tyr,0.739,25.2,['Unknown%20significance'],0.0,0.0,0.0,-0.4,0.4
OTOGL,12,80279102,NM_001378610.3:c.2864A>G,NP_001365539.2:p.His955Arg,0.743,25.2,['Unknown%20significance'],0.0,0.0,0.0,1.2,1.2
OTOGL,12,80279107,NM_001378610.3:c.2869T>C,NP_001365539.2:p.Tyr957His,0.063,16.95,['Likely%20benign'],22.92,0.09,0.0,1.2,1.2
OTOGL,12,80279108,NM_001378610.3:c.2870A>G,NP_001365539.2:p.Tyr957Cys,0.239,26.8,['Unknown%20significance'],22.92,0.09,0.0,1.1,1.1
OTOGL,12,80279111,NM_001378610.3:c.2873C>A,NP_001365539.2:p.Ser958Tyr,0.496,25.9,['Unknown%20significance'],0.01,0.0,0.0,-1.3,1.3
OTOGL,12,80279116,NM_001378610.3:c.2878G>A,NP_001365539.2:p.Asp960Asn,0.857,32,['Unknown%20significance'],0.0,0.0,0.0,0.4,0.4
OTOGL,12,80279116,NM_001378610.3:c.2878G>C,NP_001365539.2:p.Asp960His,0.943,29.3,['Unknown%20significance'],0.0,0.0,0.0,0.7,0.7
OTOGL,12,80279119,NM_001378610.3:c.2881G>A,NP_001365539.2:p.Gly961Arg,0.811,33,['Unknown%20significance'],14.25,0.14,0.0,-0.1,0.1
OTOGL,12,80279120,NM_001378610.3:c.2882G>T,NP_001365539.2:p.Gly961Val,0.826,31,['Unknown%20significance'],14.25,0.14,0.0,0.4,0.4
OTOGL,12,80279122,NM_001378610.3:c.2884C>G,NP_001365539.2:p.Leu962Val,0.293,19.57,['Unknown%20significance'],22.9,0.11,0.0,0.3,0.3
OTOGL,12,80279123,NM_001378610.3:c.2885T>C,NP_001365539.2:p.Leu962Pro,0.669,29.2,['Unknown%20significance'],22.9,0.11,0.0,1.4,1.4
OTOGL,12,80279123,NM_001378610.3:c.2885T>G,NP_001365539.2:p.Leu962Arg,0.492,28.2,['Unknown%20significance'],22.9,0.11,0.0,-0.3,0.3
OTOGL,12,80279125,NM_001378610.3:c.2887G>A,NP_001365539.2:p.Glu963Lys,0.313,26.2,['Unknown%20significance'],42.98,0.22,0.0,0.1,0.1
OTOGL,12,80279125,NM_001378610.3:c.2887G>C,NP_001365539.2:p.Glu963Gln,0.221,24.8,['Unknown%20significance'],42.98,0.22,0.0,-0.4,0.4
OTOGL,12,80279126,NM_001378610.3:c.2888A>C,NP_001365539.2:p.Glu963Ala,0.340,25.0,['Unknown%20significance'],42.98,0.22,0.0,-0.0,0.0
OTOGL,12,80279129,NM_001378610.3:c.2891A>G,NP_001365539.2:p.Tyr964Cys,0.793,27.8,['Unknown%20significance'],17.42,0.07,0.0,3.0,3.0
OTOGL,12,80279129,NM_001378610.3:c.2891A>T,NP_001365539.2:p.Tyr964Phe,0.467,20.4,['Unknown%20significance'],17.42,0.07,0.0,0.1,0.1
OTOGL,12,80279133,NM_001378610.3:c.2895C>G,NP_001365539.2:p.Asp965Glu,0.457,23.0,['Unknown%20significance'],32.44,0.2,0.0,0.0,0.0
OTOGL,12,80279135,NM_001378610.3:c.2897A>C,NP_001365539.2:p.Tyr966Ser,0.419,25.3,['Unknown%20significance'],6.87,0.02,0.0,3.6,3.6
OTOGL,12,80279135,NM_001378610.3:c.2897A>G,NP_001365539.2:p.Tyr966Cys,0.468,25.6,['Unknown%20significance'],6.87,0.02,0.0,2.7,2.7
OTOGL,12,80279137,NM_001378610.3:c.2899A>T,NP_001365539.2:p.Ile967Phe,0.058,19.02,['Unknown%20significance'],19.08,0.09,0.0,-0.2,0.2
OTOGL,12,80279141,NM_001378610.3:c.2903G>A,NP_001365539.2:p.Ser968Asn,0.287,25.8,['Unknown%20significance'],2.84,0.02,0.0,-0.0,0.0
OTOGL,12,80279144,NM_001378610.3:c.2906A>G,NP_001365539.2:p.Asp969Gly,0.545,24.6,['Unknown%20significance'],21.82,0.13,0.0,0.8,0.8
OTOGL,12,80279146,NM_001378610.3:c.2908T>A,NP_001365539.2:p.Cys970Ser,0.708,29.8,['Unknown%20significance'],8.33,0.05,0.0,3.5,3.5
OTOGL,12,80279146,NM_001378610.3:c.2908T>C,NP_001365539.2:p.Cys970Arg,0.762,29.0,['Unknown%20significance'],8.33,0.05,0.0,3.0,3.0
OTOGL,12,80279147,NM_001378610.3:c.2909G>A,NP_001365539.2:p.Cys970Tyr,0.726,29.0,['Unknown%20significance'],8.33,0.05,0.0,2.1,2.1
OTOGL,12,80279147,NM_001378610.3:c.2909G>T,NP_001365539.2:p.Cys970Phe,0.724,29.0,['Unknown%20significance'],8.33,0.05,0.0,2.4,2.4
OTOGL,12,80279150,NM_001378610.3:c.2912A>G,NP_001365539.2:p.Gln971Arg,0.362,26.4,['Unknown%20significance'],8.11,0.04,0.0,-0.2,0.2
OTOGL,12,80279152,NM_001378610.3:c.2914G>A,NP_001365539.2:p.Val972Met,0.238,26.8,['Unknown%20significance'],4.42,0.02,0.0,0.5,0.5
OTOGL,12,80279152,NM_001378610.3:c.2914G>T,NP_001365539.2:p.Val972Leu,0.182,24.0,['Unknown%20significance'],4.42,0.02,0.0,-0.1,0.1
OTOGL,12,80279160,NM_001378610.3:c.2922G>C,NP_001365539.2:p.Leu974Phe,0.453,24.3,['Unknown%20significance'],0.01,0.0,0.0,1.1,1.1
OTOGL,12,80279164,NM_001378610.3:c.2926A>C,NP_001365539.2:p.Lys976Gln,0.334,29.0,['Unknown%20significance'],23.62,0.09,0.0,-0.6,0.6
OTOGL,12,80279166,NM_001378610.3:c.2928G>C,NP_001365539.2:p.Lys976Asn,0.390,35,['Unknown%20significance'],23.62,0.09,0.0,0.1,0.1
OTOGL,12,80296827,NM_001378610.3:c.2929A>G,NP_001365539.2:p.Ser977Gly,0.101,22.4,['Unknown%20significance'],9.52,0.06,0.0,0.8,0.8
OTOGL,12,80296828,NM_001378610.3:c.2930G>A,NP_001365539.2:p.Ser977Asn,0.212,25.4,['Unknown%20significance'],9.52,0.06,0.0,-0.1,0.1
OTOGL,12,80296828,NM_001378610.3:c.2930G>T,NP_001365539.2:p.Ser977Ile,0.428,24.5,['Unknown%20significance'],9.52,0.06,0.0,-0.9,0.9
OTOGL,12,80296830,NM_001378610.3:c.2932G>A,NP_001365539.2:p.Ala978Thr,0.071,10.40,['Likely%20benign'],92.59,0.72,0.0,-0.2,0.2
OTOGL,12,80296831,NM_001378610.3:c.2933C>A,NP_001365539.2:p.Ala978Glu,0.118,20.4,['Likely%20benign'],92.59,0.72,0.0,0.0,0.0
OTOGL,12,80296831,NM_001378610.3:c.2933C>T,NP_001365539.2:p.Ala978Val,0.141,22.1,['Unknown%20significance'],92.59,0.72,0.0,-0.2,0.2
OTOGL,12,80296833,NM_001378610.3:c.2935G>A,NP_001365539.2:p.Asp979Asn,0.103,23.4,['Unknown%20significance'],45.12,0.28,0.0,-0.3,0.3
OTOGL,12,80296834,NM_001378610.3:c.2936A>G,NP_001365539.2:p.Asp979Gly,0.272,23.3,['Unknown%20significance'],45.12,0.28,0.0,0.4,0.4
OTOGL,12,80296836,NM_001378610.3:c.2938G>A,NP_001365539.2:p.Asp980Asn,0.100,23.6,['Likely%20benign'],150.47,0.94,0.0,-0.1,0.1
OTOGL,12,80296836,NM_001378610.3:c.2938G>T,NP_001365539.2:p.Asp980Tyr,0.326,25.4,['Unknown%20significance'],150.47,0.94,0.0,-0.2,0.2
OTOGL,12,80296837,NM_001378610.3:c.2939A>G,NP_001365539.2:p.Asp980Gly,0.180,23.1,['Unknown%20significance'],150.47,0.94,0.0,0.1,0.1
OTOGL,12,80296842,NM_001378610.3:c.2944G>T,NP_001365539.2:p.Asp982Tyr,0.241,27.9,['Unknown%20significance'],72.39,0.45,0.0,-1.0,1.0
OTOGL,12,80296843,NM_001378610.3:c.2945A>C,NP_001365539.2:p.Asp982Ala,0.085,22.2,['Unknown%20significance'],72.39,0.45,0.0,-0.2,0.2
OTOGL,12,80296845,NM_001378610.3:c.2947A>G,NP_001365539.2:p.Ile983Val,0.041,14.96,['Unknown%20significance'],0.0,0.0,0.0,0.4,0.4
OTOGL,12,80296846,NM_001378610.3:c.2948T>A,NP_001365539.2:p.Ile983Lys,0.522,24.5,['Unknown%20significance'],0.0,0.0,0.0,3.2,3.2
OTOGL,12,80296846,NM_001378610.3:c.2948T>C,NP_001365539.2:p.Ile983Thr,0.339,24.3,['Unknown%20significance'],0.0,0.0,0.0,1.9,1.9
OTOGL,12,80296847,NM_001378610.3:c.2949A>G,NP_001365539.2:p.Ile983Met,0.113,17.76,['Unknown%20significance'],0.0,0.0,0.0,0.6,0.6
OTOGL,12,80296848,NM_001378610.3:c.2950T>A,NP_001365539.2:p.Ser984Thr,0.238,22.9,['Unknown%20significance'],0.0,0.0,0.0,-0.8,0.8
OTOGL,12,80296849,NM_001378610.3:c.2951C>A,NP_001365539.2:p.Ser984Tyr,0.431,25.5,['Unknown%20significance'],0.0,0.0,0.0,-1.8,1.8
OTOGL,12,80296849,NM_001378610.3:c.2951C>G,NP_001365539.2:p.Ser984Cys,0.450,25.5,['Unknown%20significance'],0.0,0.0,0.0,-0.6,0.6
OTOGL,12,80296849,NM_001378610.3:c.2951C>T,NP_001365539.2:p.Ser984Phe,0.405,26.4,['Unknown%20significance'],0.0,0.0,0.0,-1.8,1.8
OTOGL,12,80296851,NM_001378610.3:c.2953G>A,NP_001365539.2:p.Val985Ile,0.119,13.55,['Likely%20benign'],0.0,0.0,0.0,0.0,0.0
OTOGL,12,80296855,NM_001378610.3:c.2957T>C,NP_001365539.2:p.Ile986Thr,0.407,22.5,['Unknown%20significance'],2.17,0.01,0.0,2.0,2.0
OTOGL,12,80296857,NM_001378610.3:c.2959G>A,NP_001365539.2:p.Ala987Thr,0.072,20.3,['Unknown%20significance'],0.84,0.0,0.0,0.1,0.1
OTOGL,12,80296857,NM_001378610.3:c.2959G>T,NP_001365539.2:p.Ala987Ser,0.072,19.55,['Likely%20benign'],0.84,0.0,0.0,1.1,1.1
OTOGL,12,80296858,NM_001378610.3:c.2960C>A,NP_001365539.2:p.Ala987Asp,0.476,24.5,['Unknown%20significance'],0.84,0.0,0.0,1.9,1.9
OTOGL,12,80296858,NM_001378610.3:c.2960C>T,NP_001365539.2:p.Ala987Val,0.067,18.81,['Likely%20benign'],0.84,0.0,0.0,-1.6,1.6
OTOGL,12,80296860,NM_001378610.3:c.2962C>A,NP_001365539.2:p.Gln988Lys,0.288,23.0,['Unknown%20significance'],8.44,0.04,0.0,0.6,0.6
OTOGL,12,80296864,NM_001378610.3:c.2966A>T,NP_001365539.2:p.Asn989Ile,0.623,26.9,['Unknown%20significance'],8.35,0.05,0.0,-0.4,0.4
OTOGL,12,80296865,NM_001378610.3:c.2967C>A,NP_001365539.2:p.Asn989Lys,0.420,22.8,['Unknown%20significance'],8.35,0.05,0.0,0.7,0.7
OTOGL,12,80296866,NM_001378610.3:c.2968A>C,NP_001365539.2:p.Lys990Gln,0.197,22.7,['Unknown%20significance'],56.99,0.24,0.0,-0.6,0.6
OTOGL,12,80296866,NM_001378610.3:c.2968A>G,NP_001365539.2:p.Lys990Glu,0.260,22.6,['Unknown%20significance'],56.99,0.24,0.0,-0.3,0.3
OTOGL,12,80296867,NM_001378610.3:c.2969A>C,NP_001365539.2:p.Lys990Thr,0.246,22.3,['Unknown%20significance'],56.99,0.24,0.0,-0.5,0.5
OTOGL,12,80296867,NM_001378610.3:c.2969A>G,NP_001365539.2:p.Lys990Arg,0.114,21.1,['Unknown%20significance'],56.99,0.24,0.0,-0.8,0.8
OTOGL,12,80296868,NM_001378610.3:c.2970G>T,NP_001365539.2:p.Lys990Asn,0.177,23.4,['Unknown%20significance'],56.99,0.24,0.0,-0.3,0.3
OTOGL,12,80296869,NM_001378610.3:c.2971A>C,NP_001365539.2:p.Lys991Gln,0.173,25.7,['Unknown%20significance'],53.92,0.22,0.0,-0.5,0.5
OTOGL,12,80296869,NM_001378610.3:c.2971A>G,NP_001365539.2:p.Lys991Glu,0.269,25.8,['Unknown%20significance'],53.92,0.22,0.0,-0.0,0.0
OTOGL,12,80296871,NM_001378610.3:c.2973A>C,NP_001365539.2:p.Lys991Asn,0.172,17.46,['Likely%20benign'],53.92,0.22,0.0,-0.3,0.3
OTOGL,12,80296872,NM_001378610.3:c.2974T>C,NP_001365539.2:p.Cys992Arg,0.582,26.9,['Unknown%20significance'],44.24,0.28,0.0,0.8,0.8
OTOGL,12,80296873,NM_001378610.3:c.2975G>A,NP_001365539.2:p.Cys992Tyr,0.719,27.5,['Unknown%20significance'],44.24,0.28,0.0,0.3,0.3
OTOGL,12,80296873,NM_001378610.3:c.2975G>T,NP_001365539.2:p.Cys992Phe,0.711,27.5,['Unknown%20significance'],44.24,0.28,0.0,0.5,0.5
OTOGL,12,80296875,NM_001378610.3:c.2977T>C,NP_001365539.2:p.Phe993Leu,0.340,26.8,['Unknown%20significance'],140.37,0.61,0.0,0.2,0.2
OTOGL,12,80296878,NM_001378610.3:c.2980G>A,NP_001365539.2:p.Asp994Asn,0.227,24.0,['Unknown%20significance'],171.94,1.0,0.0,-0.0,0.0
OTOGL,12,80296878,NM_001378610.3:c.2980G>T,NP_001365539.2:p.Asp994Tyr,0.580,27.3,['Unknown%20significance'],171.94,1.0,0.0,-0.1,0.1
OTOGL,12,80296879,NM_001378610.3:c.2981A>G,NP_001365539.2:p.Asp994Gly,0.420,22.9,['Unknown%20significance'],171.94,1.0,0.0,0.0,0.0
OTOGL,12,80296880,NM_001378610.3:c.2982C>G,NP_001365539.2:p.Asp994Glu,0.178,17.59,['Likely%20benign'],171.94,1.0,0.0,0.0,0.0
OTOGL,12,80296882,NM_001378610.3:c.2984A>G,NP_001365539.2:p.Asn995Ser,0.154,17.45,['Unknown%20significance'],78.47,0.49,0.0,-0.0,0.0
OTOGL,12,80296883,NM_001378610.3:c.2985C>A,NP_001365539.2:p.Asn995Lys,0.315,18.03,['Unknown%20significance'],78.47,0.49,0.0,0.2,0.2
OTOGL,12,80296884,NM_001378610.3:c.2986G>A,NP_001365539.2:p.Asp996Asn,0.240,23.6,['Unknown%20significance'],81.56,0.5,0.0,-0.2,0.2
OTOGL,12,80296884,NM_001378610.3:c.2986G>T,NP_001365539.2:p.Asp996Tyr,0.443,25.7,['Unknown%20significance'],81.56,0.5,0.0,-0.7,0.7
OTOGL,12,80296885,NM_001378610.3:c.2987A>G,NP_001365539.2:p.Asp996Gly,0.225,17.55,['Unknown%20significance'],81.56,0.5,0.0,0.1,0.1
OTOGL,12,80296889,NM_001378610.3:c.2991T>G,NP_001365539.2:p.Ile997Met,0.221,25.4,['Unknown%20significance'],0.11,0.0,0.0,0.4,0.4
OTOGL,12,80296890,NM_001378610.3:c.2992G>A,NP_001365539.2:p.Val998Ile,0.124,17.63,['Unknown%20significance'],0.77,0.0,0.0,0.0,0.0
OTOGL,12,80296891,NM_001378610.3:c.2993T>C,NP_001365539.2:p.Val998Ala,0.252,24.0,['Unknown%20significance'],0.77,0.0,0.0,0.9,0.9
OTOGL,12,80296893,NM_001378610.3:c.2995T>A,NP_001365539.2:p.Cys999Ser,0.698,27.6,['Unknown%20significance'],17.03,0.11,0.0,1.7,1.7
OTOGL,12,80296893,NM_001378610.3:c.2995T>G,NP_001365539.2:p.Cys999Gly,0.698,27.4,['Unknown%20significance'],17.03,0.11,0.0,2.4,2.4
OTOGL,12,80296894,NM_001378610.3:c.2996G>A,NP_001365539.2:p.Cys999Tyr,0.757,27.3,['Unknown%20significance'],17.03,0.11,0.0,0.1,0.1
OTOGL,12,80296894,NM_001378610.3:c.2996G>T,NP_001365539.2:p.Cys999Phe,0.771,28.0,['Unknown%20significance'],17.03,0.11,0.0,0.2,0.2
OTOGL,12,80296897,NM_001378610.3:c.2999C>A,NP_001365539.2:p.Ser1000Tyr,0.370,25.2,['Unknown%20significance'],0.03,0.0,0.0,-1.7,1.7
OTOGL,12,80296897,NM_001378610.3:c.2999C>T,NP_001365539.2:p.Ser1000Phe,0.402,25.6,['Unknown%20significance'],0.03,0.0,0.0,-1.6,1.6
OTOGL,12,80296900,NM_001378610.3:c.3002A>G,NP_001365539.2:p.Lys1001Arg,0.281,26.3,['Unknown%20significance'],3.03,0.01,0.0,-1.2,1.2
OTOGL,12,80296901,NM_001378610.3:c.3003A>C,NP_001365539.2:p.Lys1001Asn,0.380,28.4,['Unknown%20significance'],3.03,0.01,0.0,0.2,0.2
OTOGL,12,80296902,NM_001378610.3:c.3004A>C,NP_001365539.2:p.Ser1002Arg,0.269,22.4,['Unknown%20significance'],1.75,0.01,0.0,-0.4,0.4
OTOGL,12,80296902,NM_001378610.3:c.3004A>G,NP_001365539.2:p.Ser1002Gly,0.398,22.2,['Unknown%20significance'],1.75,0.01,0.0,0.9,0.9
OTOGL,12,80296903,NM_001378610.3:c.3005G>A,NP_001365539.2:p.Ser1002Asn,0.107,18.58,['Likely%20benign'],1.75,0.01,0.0,0.2,0.2
OTOGL,12,80296904,NM_001378610.3:c.3006T>A,NP_001365539.2:p.Ser1002Arg,0.221,17.15,['Unknown%20significance'],1.75,0.01,0.0,-0.4,0.4
OTOGL,12,80296904,NM_001378610.3:c.3006T>G,NP_001365539.2:p.Ser1002Arg,0.221,18.10,['Unknown%20significance'],1.75,0.01,0.0,-0.4,0.4
OTOGL,12,80296905,NM_001378610.3:c.3007G>A,NP_001365539.2:p.Val1003Ile,0.092,16.53,['Likely%20benign'],0.13,0.0,0.0,0.0,0.0
OTOGL,12,80296905,NM_001378610.3:c.3007G>T,NP_001365539.2:p.Val1003Phe,0.478,25.3,['Unknown%20significance'],0.13,0.0,0.0,1.0,1.0
OTOGL,12,80296906,NM_001378610.3:c.3008T>G,NP_001365539.2:p.Val1003Gly,0.662,26.9,['Unknown%20significance'],0.13,0.0,0.0,4.9,4.9
OTOGL,12,80296909,NM_001378610.3:c.3011T>C,NP_001365539.2:p.Leu1004Ser,0.083,22.5,['Unknown%20significance'],1.11,0.0,0.0,2.2,2.2
OTOGL,12,80296910,NM_001378610.3:c.3012G>T,NP_001365539.2:p.Leu1004Phe,0.077,18.18,['Likely%20benign'],1.11,0.0,0.0,0.0,0.0
OTOGL,12,80296911,NM_001378610.3:c.3013A>G,NP_001365539.2:p.Ile1005Val,0.101,23.1,['Unknown%20significance'],0.0,0.0,0.0,0.3,0.3
OTOGL,12,80296912,NM_001378610.3:c.3014T>C,NP_001365539.2:p.Ile1005Thr,0.668,26.4,['Unknown%20significance'],0.0,0.0,0.0,3.2,3.2
OTOGL,12,80296914,NM_001378610.3:c.3016T>G,NP_001365539.2:p.Ser1006Ala,0.124,19.52,['Likely%20benign'],2.65,0.01,0.0,-0.5,0.5
OTOGL,12,80296917,NM_001378610.3:c.3019G>A,NP_001365539.2:p.Val1007Ile,0.068,16.23,['Likely%20benign'],5.43,0.03,0.0,-0.1,0.1
OTOGL,12,80296917,NM_001378610.3:c.3019G>C,NP_001365539.2:p.Val1007Leu,0.123,21.2,['Likely%20benign'],5.43,0.03,0.0,-0.1,0.1
OTOGL,12,80296917,NM_001378610.3:c.3019G>T,NP_001365539.2:p.Val1007Phe,0.277,23.5,['Unknown%20significance'],5.43,0.03,0.0,0.2,0.2
OTOGL,12,80296918,NM_001378610.3:c.3020T>C,NP_001365539.2:p.Val1007Ala,0.313,23.7,['Likely%20benign'],5.43,0.03,0.0,1.8,1.8
OTOGL,12,80296920,NM_001378610.3:c.3022G>A,NP_001365539.2:p.Gly1008Arg,0.675,32,['Unknown%20significance'],39.73,0.41,0.0,-0.5,0.5
OTOGL,12,80296920,NM_001378610.3:c.3022G>T,NP_001365539.2:p.Gly1008Trp,0.778,29.2,['Unknown%20significance'],39.73,0.41,0.0,-0.9,0.9
OTOGL,12,80296921,NM_001378610.3:c.3023G>C,NP_001365539.2:p.Gly1008Ala,0.541,26.2,['Unknown%20significance'],39.73,0.41,0.0,-0.2,0.2
OTOGL,12,80296921,NM_001378610.3:c.3023G>T,NP_001365539.2:p.Gly1008Val,0.749,26.6,['Unknown%20significance'],39.73,0.41,0.0,-0.5,0.5
OTOGL,12,80296923,NM_001378610.3:c.3025G>A,NP_001365539.2:p.Asp1009Asn,0.082,17.09,['Unknown%20significance'],154.62,0.96,0.0,-0.1,0.1
OTOGL,12,80296923,NM_001378610.3:c.3025G>C,NP_001365539.2:p.Asp1009His,0.366,22.9,['Unknown%20significance'],154.62,0.96,0.0,-0.1,0.1
OTOGL,12,80296923,NM_001378610.3:c.3025G>T,NP_001365539.2:p.Asp1009Tyr,0.439,24.5,['Unknown%20significance'],154.62,0.96,0.0,-0.2,0.2
OTOGL,12,80296924,NM_001378610.3:c.3026A>G,NP_001365539.2:p.Asp1009Gly,0.114,22.1,['Unknown%20significance'],154.62,0.96,0.0,-0.0,0.0
OTOGL,12,80296925,NM_001378610.3:c.3027C>A,NP_001365539.2:p.Asp1009Glu,0.076,15.40,['Likely%20benign'],154.62,0.96,0.0,0.0,0.0
OTOGL,12,80296926,NM_001378610.3:c.3028A>G,NP_001365539.2:p.Thr1010Ala,0.106,23.3,['Unknown%20significance'],14.38,0.09,0.0,0.4,0.4
OTOGL,12,80296926,NM_001378610.3:c.3028A>T,NP_001365539.2:p.Thr1010Ser,0.076,17.41,['Unknown%20significance'],14.38,0.09,0.0,0.7,0.7
OTOGL,12,80296927,NM_001378610.3:c.3029C>A,NP_001365539.2:p.Thr1010Asn,0.139,22.9,['Unknown%20significance'],14.38,0.09,0.0,0.6,0.6
OTOGL,12,80296927,NM_001378610.3:c.3029C>T,NP_001365539.2:p.Thr1010Ile,0.199,23.1,['Unknown%20significance'],14.38,0.09,0.0,-0.8,0.8
OTOGL,12,80296929,NM_001378610.3:c.3031G>A,NP_001365539.2:p.Glu1011Lys,0.141,23.1,['Unknown%20significance'],54.93,0.28,0.0,0.0,0.0
OTOGL,12,80296930,NM_001378610.3:c.3032A>G,NP_001365539.2:p.Glu1011Gly,0.338,23.1,['Unknown%20significance'],54.93,0.28,0.0,0.6,0.6
OTOGL,12,80296931,NM_001378610.3:c.3033A>T,NP_001365539.2:p.Glu1011Asp,0.027,15.88,['Unknown%20significance'],54.93,0.28,0.0,0.3,0.3
OTOGL,12,80296936,NM_001378610.3:c.3038A>G,NP_001365539.2:p.Tyr1013Cys,0.225,27.1,['Unknown%20significance'],42.12,0.17,0.0,1.2,1.2
OTOGL,12,80296936,NM_001378610.3:c.3038A>T,NP_001365539.2:p.Tyr1013Phe,0.082,22.2,['Unknown%20significance'],42.12,0.17,0.0,0.0,0.0
OTOGL,12,80296938,NM_001378610.3:c.3040C>A,NP_001365539.2:p.Leu1014Met,0.068,21.5,['Unknown%20significance'],9.37,0.04,0.0,1.0,1.0
OTOGL,12,80296938,NM_001378610.3:c.3040C>G,NP_001365539.2:p.Leu1014Val,0.063,20.5,['Unknown%20significance'],9.37,0.04,0.0,0.6,0.6
OTOGL,12,80296939,NM_001378610.3:c.3041T>C,NP_001365539.2:p.Leu1014Pro,0.570,24.7,['Unknown%20significance'],9.37,0.04,0.0,3.4,3.4
OTOGL,12,80296939,NM_001378610.3:c.3041T>G,NP_001365539.2:p.Leu1014Arg,0.614,27.5,['Unknown%20significance'],9.37,0.04,0.0,2.6,2.6
OTOGL,12,80296942,NM_001378610.3:c.3044A>G,NP_001365539.2:p.Asn1015Ser,0.088,21.4,['Likely%20benign'],8.34,0.05,0.0,0.1,0.1
OTOGL,12,80296943,NM_001378610.3:c.3045T>G,NP_001365539.2:p.Asn1015Lys,0.177,22.8,['Unknown%20significance'],8.34,0.05,0.0,0.3,0.3
OTOGL,12,80296944,NM_001378610.3:c.3046G>T,NP_001365539.2:p.Asp1016Tyr,0.457,30,['Unknown%20significance'],45.08,0.28,0.0,-1.1,1.1
OTOGL,12,80296945,NM_001378610.3:c.3047A>C,NP_001365539.2:p.Asp1016Ala,0.379,24.9,['Unknown%20significance'],45.08,0.28,0.0,-0.3,0.3
OTOGL,12,80296945,NM_001378610.3:c.3047A>T,NP_001365539.2:p.Asp1016Val,0.399,28.6,['Unknown%20significance'],45.08,0.28,0.0,-0.7,0.7
OTOGL,12,80296947,NM_001378610.3:c.3049A>G,NP_001365539.2:p.Thr1017Ala,0.086,4.681,['Likely%20benign'],53.04,0.33,0.0,0.3,0.3
OTOGL,12,80296947,NM_001378610.3:c.3049A>T,NP_001365539.2:p.Thr1017Ser,0.046,2.449,['Likely%20benign'],53.04,0.33,0.0,0.2,0.2
OTOGL,12,80296948,NM_001378610.3:c.3050C>A,NP_001365539.2:p.Thr1017Asn,0.091,12.81,['Likely%20benign'],53.04,0.33,0.0,0.1,0.1
OTOGL,12,80296948,NM_001378610.3:c.3050C>T,NP_001365539.2:p.Thr1017Ile,0.071,19.10,['Likely%20benign'],53.04,0.33,0.0,0.0,0.0
OTOGL,12,80296950,NM_001378610.3:c.3052C>A,NP_001365539.2:p.Pro1018Thr,0.093,17.41,['Likely%20benign'],150.54,0.95,0.0,-0.1,0.1
OTOGL,12,80296950,NM_001378610.3:c.3052C>G,NP_001365539.2:p.Pro1018Ala,0.085,19.25,['Unknown%20significance'],150.54,0.95,0.0,-0.0,0.0
OTOGL,12,80296950,NM_001378610.3:c.3052C>T,NP_001365539.2:p.Pro1018Ser,0.076,16.04,['Likely%20benign'],150.54,0.95,0.0,-0.0,0.0
OTOGL,12,80296951,NM_001378610.3:c.3053C>A,NP_001365539.2:p.Pro1018His,0.200,23.6,['Unknown%20significance'],150.54,0.95,0.0,-0.1,0.1
OTOGL,12,80296953,NM_001378610.3:c.3055T>C,NP_001365539.2:p.Tyr1019His,0.047,21.0,['Unknown%20significance'],108.8,0.45,0.0,0.5,0.5
OTOGL,12,80296954,NM_001378610.3:c.3056A>G,NP_001365539.2:p.Tyr1019Cys,0.185,26.5,['Unknown%20significance'],108.8,0.45,0.0,0.8,0.8
OTOGL,12,80296956,NM_001378610.3:c.3058A>G,NP_001365539.2:p.Lys1020Glu,0.164,22.7,['Unknown%20significance'],193.83,0.81,0.0,-0.0,0.0
OTOGL,12,80296957,NM_001378610.3:c.3059A>C,NP_001365539.2:p.Lys1020Thr,0.174,23.1,['Unknown%20significance'],193.83,0.81,0.0,-0.1,0.1
OTOGL,12,80296957,NM_001378610.3:c.3059A>G,NP_001365539.2:p.Lys1020Arg,0.103,22.9,['Unknown%20significance'],193.83,0.81,0.0,-0.1,0.1
OTOGL,12,80296959,NM_001378610.3:c.3061C>A,NP_001365539.2:p.Gln1021Lys,0.074,15.08,['Likely%20benign'],89.53,0.45,0.0,0.3,0.3
OTOGL,12,80296959,NM_001378610.3:c.3061C>G,NP_001365539.2:p.Gln1021Glu,0.086,15.34,['Likely%20benign'],89.53,0.45,0.0,0.2,0.2
OTOGL,12,80296960,NM_001378610.3:c.3062A>C,NP_001365539.2:p.Gln1021Pro,0.207,22.3,['Unknown%20significance'],89.53,0.45,0.0,0.1,0.1
OTOGL,12,80296960,NM_001378610.3:c.3062A>G,NP_001365539.2:p.Gln1021Arg,0.169,27.6,['Unknown%20significance'],89.53,0.45,0.0,-0.1,0.1
OTOGL,12,80296961,NM_001378610.3:c.3063G>C,NP_001365539.2:p.Gln1021His,0.218,34,['Unknown%20significance'],89.53,0.45,0.0,-0.0,0.0
OTOGL,12,80296961,NM_001378610.3:c.3063G>T,NP_001365539.2:p.Gln1021His,0.218,35,['Unknown%20significance'],89.53,0.45,0.0,-0.0,0.0
OTOGL,12,80302634,NM_001378610.3:c.3064A>G,NP_001365539.2:p.Lys1022Glu,0.090,19.13,['Unknown%20significance'],235.72,0.99,0.0,-0.0,0.0
OTOGL,12,80302635,NM_001378610.3:c.3065A>G,NP_001365539.2:p.Lys1022Arg,0.034,16.42,['Likely%20benign'],235.72,0.99,0.0,-0.1,0.1
OTOGL,12,80302637,NM_001378610.3:c.3067C>A,NP_001365539.2:p.Gln1023Lys,0.132,12.95,['Likely%20benign'],55.4,0.28,0.0,0.4,0.4
OTOGL,12,80302638,NM_001378610.3:c.3068A>G,NP_001365539.2:p.Gln1023Arg,0.053,0.339,['Likely%20benign'],55.4,0.28,0.0,-0.2,0.2
OTOGL,12,80302639,NM_001378610.3:c.3069A>T,NP_001365539.2:p.Gln1023His,0.047,8.696,['Likely%20benign'],55.4,0.28,0.0,-0.1,0.1
OTOGL,12,80302640,NM_001378610.3:c.3070T>C,NP_001365539.2:p.Ser1024Pro,0.258,20.9,['Unknown%20significance'],44.8,0.32,0.0,0.2,0.2
OTOGL,12,80302641,NM_001378610.3:c.3071C>T,NP_001365539.2:p.Ser1024Leu,0.236,17.82,['Unknown%20significance'],44.8,0.32,0.0,-0.9,0.9
OTOGL,12,80302643,NM_001378610.3:c.3073G>A,NP_001365539.2:p.Gly1025Ser,0.105,15.20,['Likely%20benign'],0.62,0.0,0.0,-0.5,0.5
OTOGL,12,80302643,NM_001378610.3:c.3073G>T,NP_001365539.2:p.Gly1025Cys,0.233,22.8,['Likely%20benign'],0.62,0.0,0.0,-0.6,0.6
OTOGL,12,80302644,NM_001378610.3:c.3074G>A,NP_001365539.2:p.Gly1025Asp,0.069,21.3,['Likely%20benign'],0.62,0.0,0.0,0.0,0.0
OTOGL,12,80302644,NM_001378610.3:c.3074G>C,NP_001365539.2:p.Gly1025Ala,0.023,20.2,['Likely%20benign'],0.62,0.0,0.0,-0.8,0.8
OTOGL,12,80302644,NM_001378610.3:c.3074G>T,NP_001365539.2:p.Gly1025Val,0.094,17.78,['Likely%20benign'],0.62,0.0,0.0,-1.4,1.4
OTOGL,12,80302646,NM_001378610.3:c.3076T>A,NP_001365539.2:p.Phe1026Ile,0.183,23.3,['Likely%20benign'],0.12,0.0,0.0,0.1,0.1
OTOGL,12,80302646,NM_001378610.3:c.3076T>C,NP_001365539.2:p.Phe1026Leu,0.079,22.1,['Likely%20benign'],0.12,0.0,0.0,0.1,0.1
OTOGL,12,80302646,NM_001378610.3:c.3076T>G,NP_001365539.2:p.Phe1026Val,0.094,21.5,['Likely%20benign'],0.12,0.0,0.0,0.3,0.3
OTOGL,12,80302647,NM_001378610.3:c.3077T>C,NP_001365539.2:p.Phe1026Ser,0.191,23.0,['Likely%20benign'],0.12,0.0,0.0,2.5,2.5
OTOGL,12,80302649,NM_001378610.3:c.3079T>C,NP_001365539.2:p.Phe1027Leu,0.023,19.63,['Likely%20benign'],42.88,0.18,0.0,0.1,0.1
OTOGL,12,80302650,NM_001378610.3:c.3080T>C,NP_001365539.2:p.Phe1027Ser,0.204,22.9,['Likely%20benign'],42.88,0.18,0.0,1.7,1.7
OTOGL,12,80302652,NM_001378610.3:c.3082C>A,NP_001365539.2:p.Leu1028Met,0.039,19.87,['Unknown%20significance'],18.81,0.09,0.0,0.4,0.4
OTOGL,12,80302652,NM_001378610.3:c.3082C>G,NP_001365539.2:p.Leu1028Val,0.127,16.97,['Likely%20benign'],18.81,0.09,0.0,0.2,0.2
OTOGL,12,80302653,NM_001378610.3:c.3083T>C,NP_001365539.2:p.Leu1028Pro,0.264,22.7,['Unknown%20significance'],18.81,0.09,0.0,2.1,2.1
OTOGL,12,80302655,NM_001378610.3:c.3085G>A,NP_001365539.2:p.Glu1029Lys,0.301,23.1,['Unknown%20significance'],62.52,0.32,0.0,0.1,0.1
OTOGL,12,80302656,NM_001378610.3:c.3086A>G,NP_001365539.2:p.Glu1029Gly,0.348,23.1,['Unknown%20significance'],62.52,0.32,0.0,0.4,0.4
OTOGL,12,80302658,NM_001378610.3:c.3088A>G,NP_001365539.2:p.Asn1030Asp,0.056,16.33,['Likely%20benign'],86.61,0.54,0.0,0.2,0.2
OTOGL,12,80302659,NM_001378610.3:c.3089A>T,NP_001365539.2:p.Asn1030Ile,0.232,18.10,['Likely%20benign'],86.61,0.54,0.0,-0.4,0.4
OTOGL,12,80302660,NM_001378610.3:c.3090C>A,NP_001365539.2:p.Asn1030Lys,0.106,8.290,['Likely%20benign'],86.61,0.54,0.0,0.2,0.2
OTOGL,12,80302661,NM_001378610.3:c.3091A>C,NP_001365539.2:p.Lys1031Gln,0.049,19.43,['Unknown%20significance'],124.51,0.52,0.0,-0.3,0.3
OTOGL,12,80302662,NM_001378610.3:c.3092A>C,NP_001365539.2:p.Lys1031Thr,0.119,21.0,['Likely%20benign'],124.51,0.52,0.0,-0.3,0.3
OTOGL,12,80302662,NM_001378610.3:c.3092A>G,NP_001365539.2:p.Lys1031Arg,0.047,20.3,['Likely%20benign'],124.51,0.52,0.0,-0.5,0.5
OTOGL,12,80302662,NM_001378610.3:c.3092A>T,NP_001365539.2:p.Lys1031Ile,0.275,23.3,['Likely%20benign'],124.51,0.52,0.0,-0.5,0.5
OTOGL,12,80302663,NM_001378610.3:c.3093A>T,NP_001365539.2:p.Lys1031Asn,0.054,3.003,['Likely%20benign'],124.51,0.52,0.0,-0.2,0.2
OTOGL,12,80302664,NM_001378610.3:c.3094T>C,NP_001365539.2:p.Ser1032Pro,0.042,13.76,['Likely%20benign'],112.03,0.81,0.0,0.1,0.1
OTOGL,12,80302665,NM_001378610.3:c.3095C>A,NP_001365539.2:p.Ser1032Tyr,0.044,15.58,['Likely%20benign'],112.03,0.81,0.0,-0.3,0.3
OTOGL,12,80302665,NM_001378610.3:c.3095C>G,NP_001365539.2:p.Ser1032Cys,0.106,22.8,['Unknown%20significance'],112.03,0.81,0.0,0.0,0.0
OTOGL,12,80302667,NM_001378610.3:c.3097A>G,NP_001365539.2:p.Thr1033Ala,0.117,13.43,['Likely%20benign'],29.68,0.18,0.0,0.2,0.2
OTOGL,12,80302667,NM_001378610.3:c.3097A>T,NP_001365539.2:p.Thr1033Ser,0.099,12.48,['Likely%20benign'],29.68,0.18,0.0,0.4,0.4
OTOGL,12,80302668,NM_001378610.3:c.3098C>A,NP_001365539.2:p.Thr1033Asn,0.046,8.651,['Likely%20benign'],29.68,0.18,0.0,0.3,0.3
OTOGL,12,80302668,NM_001378610.3:c.3098C>T,NP_001365539.2:p.Thr1033Ile,0.068,10.96,['Likely%20benign'],29.68,0.18,0.0,-0.4,0.4
OTOGL,12,80302670,NM_001378610.3:c.3100T>A,NP_001365539.2:p.Tyr1034Asn,0.370,22.4,['Unknown%20significance'],10.18,0.04,0.0,2.7,2.7
OTOGL,12,80302670,NM_001378610.3:c.3100T>C,NP_001365539.2:p.Tyr1034His,0.298,19.40,['Unknown%20significance'],10.18,0.04,0.0,1.9,1.9
OTOGL,12,80302671,NM_001378610.3:c.3101A>C,NP_001365539.2:p.Tyr1034Ser,0.421,24.2,['Unknown%20significance'],10.18,0.04,0.0,2.6,2.6
OTOGL,12,80302671,NM_001378610.3:c.3101A>G,NP_001365539.2:p.Tyr1034Cys,0.470,26.5,['Unknown%20significance'],10.18,0.04,0.0,1.7,1.7
OTOGL,12,80302671,NM_001378610.3:c.3101A>T,NP_001365539.2:p.Tyr1034Phe,0.159,20.9,['Unknown%20significance'],10.18,0.04,0.0,-0.1,0.1
OTOGL,12,80302673,NM_001378610.3:c.3103C>A,NP_001365539.2:p.Gln1035Lys,0.139,22.2,['Unknown%20significance'],22.41,0.11,0.0,0.6,0.6
OTOGL,12,80302674,NM_001378610.3:c.3104A>C,NP_001365539.2:p.Gln1035Pro,0.421,25.9,['Unknown%20significance'],22.41,0.11,0.0,0.8,0.8
OTOGL,12,80302674,NM_001378610.3:c.3104A>G,NP_001365539.2:p.Gln1035Arg,0.194,23.5,['Unknown%20significance'],22.41,0.11,0.0,-0.4,0.4
OTOGL,12,80302675,NM_001378610.3:c.3105G>T,NP_001365539.2:p.Gln1035His,0.189,16.65,['Unknown%20significance'],22.41,0.11,0.0,-0.2,0.2
OTOGL,12,80302676,NM_001378610.3:c.3106C>A,NP_001365539.2:p.Leu1036Ile,0.077,15.53,['Unknown%20significance'],26.99,0.13,0.0,-0.4,0.4
OTOGL,12,80302676,NM_001378610.3:c.3106C>T,NP_001365539.2:p.Leu1036Phe,0.253,22.2,['Unknown%20significance'],26.99,0.13,0.0,0.1,0.1
OTOGL,12,80302677,NM_001378610.3:c.3107T>C,NP_001365539.2:p.Leu1036Pro,0.441,26.9,['Unknown%20significance'],26.99,0.13,0.0,2.5,2.5
OTOGL,12,80302679,NM_001378610.3:c.3109T>C,NP_001365539.2:p.Trp1037Arg,0.469,23.7,['Unknown%20significance'],1.73,0.0,0.0,1.5,1.5
OTOGL,12,80302680,NM_001378610.3:c.3110G>T,NP_001365539.2:p.Trp1037Leu,0.409,27.5,['Unknown%20significance'],1.73,0.0,0.0,0.4,0.4
OTOGL,12,80302681,NM_001378610.3:c.3111G>T,NP_001365539.2:p.Trp1037Cys,0.581,33,['Unknown%20significance'],1.73,0.0,0.0,1.7,1.7
OTOGL,12,80302682,NM_001378610.3:c.3112A>G,NP_001365539.2:p.Lys1038Glu,0.212,24.8,['Unknown%20significance'],29.32,0.12,0.0,-0.0,0.0
OTOGL,12,80302683,NM_001378610.3:c.3113A>G,NP_001365539.2:p.Lys1038Arg,0.139,22.8,['Unknown%20significance'],29.32,0.12,0.0,-0.9,0.9
OTOGL,12,80302683,NM_001378610.3:c.3113A>T,NP_001365539.2:p.Lys1038Met,0.276,23.6,['Unknown%20significance'],29.32,0.12,0.0,-1.2,1.2
OTOGL,12,80302684,NM_001378610.3:c.3114G>T,NP_001365539.2:p.Lys1038Asn,0.171,22.1,['Unknown%20significance'],29.32,0.12,0.0,-0.1,0.1
OTOGL,12,80302685,NM_001378610.3:c.3115G>A,NP_001365539.2:p.Ala1039Thr,0.360,26.3,['Unknown%20significance'],0.0,0.0,0.0,-0.3,0.3
OTOGL,12,80302685,NM_001378610.3:c.3115G>T,NP_001365539.2:p.Ala1039Ser,0.138,25.3,['Unknown%20significance'],0.0,0.0,0.0,0.2,0.2
OTOGL,12,80302686,NM_001378610.3:c.3116C>A,NP_001365539.2:p.Ala1039Asp,0.444,25.6,['Unknown%20significance'],0.0,0.0,0.0,0.8,0.8
OTOGL,12,80302686,NM_001378610.3:c.3116C>T,NP_001365539.2:p.Ala1039Val,0.290,25.9,['Unknown%20significance'],0.0,0.0,0.0,-0.9,0.9
OTOGL,12,80302688,NM_001378610.3:c.3118G>A,NP_001365539.2:p.Gly1040Ser,0.732,28.6,['Unknown%20significance'],0.08,0.0,0.0,0.2,0.2
OTOGL,12,80302688,NM_001378610.3:c.3118G>T,NP_001365539.2:p.Gly1040Cys,0.797,28.9,['Unknown%20significance'],0.08,0.0,0.0,-0.1,0.1
OTOGL,12,80302689,NM_001378610.3:c.3119G>A,NP_001365539.2:p.Gly1040Asp,0.787,26.5,['Unknown%20significance'],0.08,0.0,0.0,0.7,0.7
OTOGL,12,80302689,NM_001378610.3:c.3119G>T,NP_001365539.2:p.Gly1040Val,0.686,26.5,['Unknown%20significance'],0.08,0.0,0.0,-0.4,0.4
OTOGL,12,80302691,NM_001378610.3:c.3121T>C,NP_001365539.2:p.Tyr1041His,0.101,8.547,['Likely%20benign'],50.4,0.21,0.0,0.9,0.9
OTOGL,12,80302692,NM_001378610.3:c.3122A>C,NP_001365539.2:p.Tyr1041Ser,0.300,20.7,['Likely%20benign'],50.4,0.21,0.0,1.5,1.5
OTOGL,12,80302692,NM_001378610.3:c.3122A>G,NP_001365539.2:p.Tyr1041Cys,0.341,23.2,['Unknown%20significance'],50.4,0.21,0.0,0.9,0.9
OTOGL,12,80302692,NM_001378610.3:c.3122A>T,NP_001365539.2:p.Tyr1041Phe,0.066,9.170,['Likely%20benign'],50.4,0.21,0.0,0.0,0.0
OTOGL,12,80302694,NM_001378610.3:c.3124T>C,NP_001365539.2:p.Tyr1042His,0.524,25.1,['Unknown%20significance'],3.64,0.01,0.0,1.9,1.9
OTOGL,12,80302695,NM_001378610.3:c.3125A>C,NP_001365539.2:p.Tyr1042Ser,0.684,25.7,['Unknown%20significance'],3.64,0.01,0.0,3.1,3.1
OTOGL,12,80302695,NM_001378610.3:c.3125A>G,NP_001365539.2:p.Tyr1042Cys,0.572,23.9,['Benign'],3.64,0.01,0.0,2.4,2.4
OTOGL,12,80302697,NM_001378610.3:c.3127A>G,NP_001365539.2:p.Ile1043Val,0.120,20.8,['Likely%20benign'],15.68,0.07,0.0,0.3,0.3
OTOGL,12,80302698,NM_001378610.3:c.3128T>A,NP_001365539.2:p.Ile1043Lys,0.177,17.89,['Unknown%20significance'],15.68,0.07,0.0,3.6,3.6
OTOGL,12,80302698,NM_001378610.3:c.3128T>C,NP_001365539.2:p.Ile1043Thr,0.094,8.341,['Likely%20benign'],15.68,0.07,0.0,2.3,2.3
OTOGL,12,80302700,NM_001378610.3:c.3130G>A,NP_001365539.2:p.Val1044Ile,0.136,19.35,['Unknown%20significance'],0.0,0.0,0.0,-0.2,0.2
OTOGL,12,80302700,NM_001378610.3:c.3130G>C,NP_001365539.2:p.Val1044Leu,0.197,19.09,['Unknown%20significance'],0.0,0.0,0.0,0.3,0.3
OTOGL,12,80302700,NM_001378610.3:c.3130G>T,NP_001365539.2:p.Val1044Leu,0.197,19.15,['Unknown%20significance'],0.0,0.0,0.0,0.3,0.3
OTOGL,12,80302701,NM_001378610.3:c.3131T>A,NP_001365539.2:p.Val1044Glu,0.594,24.5,['Unknown%20significance'],0.0,0.0,0.0,3.6,3.6
OTOGL,12,80302701,NM_001378610.3:c.3131T>C,NP_001365539.2:p.Val1044Ala,0.329,20.5,['Unknown%20significance'],0.0,0.0,0.0,2.3,2.3
OTOGL,12,80302701,NM_001378610.3:c.3131T>G,NP_001365539.2:p.Val1044Gly,0.517,22.9,['Unknown%20significance'],0.0,0.0,0.0,4.4,4.4
OTOGL,12,80302703,NM_001378610.3:c.3133G>A,NP_001365539.2:p.Val1045Ile,0.072,11.42,['Likely%20benign'],0.0,0.0,0.0,-0.1,0.1
OTOGL,12,80302703,NM_001378610.3:c.3133G>T,NP_001365539.2:p.Val1045Leu,0.110,17.46,['Unknown%20significance'],0.0,0.0,0.0,0.2,0.2
OTOGL,12,80302704,NM_001378610.3:c.3134T>C,NP_001365539.2:p.Val1045Ala,0.409,25.2,['Unknown%20significance'],0.0,0.0,0.0,2.9,2.9
OTOGL,12,80302706,NM_001378610.3:c.3136T>C,NP_001365539.2:p.Tyr1046His,0.081,17.39,['Likely%20benign'],25.92,0.1,0.0,1.1,1.1
OTOGL,12,80302707,NM_001378610.3:c.3137A>G,NP_001365539.2:p.Tyr1046Cys,0.444,26.8,['Unknown%20significance'],25.92,0.1,0.0,1.4,1.4
OTOGL,12,80302709,NM_001378610.3:c.3139T>C,NP_001365539.2:p.Phe1047Leu,0.292,23.6,['Unknown%20significance'],0.0,0.0,0.0,0.1,0.1
OTOGL,12,80302710,NM_001378610.3:c.3140T>A,NP_001365539.2:p.Phe1047Tyr,0.349,26.5,['Unknown%20significance'],0.0,0.0,0.0,0.1,0.1
OTOGL,12,80302710,NM_001378610.3:c.3140T>C,NP_001365539.2:p.Phe1047Ser,0.522,28.6,['Unknown%20significance'],0.0,0.0,0.0,2.5,2.5
OTOGL,12,80302712,NM_001378610.3:c.3142C>A,NP_001365539.2:p.Pro1048Thr,0.300,24.5,['Unknown%20significance'],62.5,0.39,0.0,-0.4,0.4
OTOGL,12,80302713,NM_001378610.3:c.3143C>A,NP_001365539.2:p.Pro1048Gln,0.402,25.4,['Unknown%20significance'],62.5,0.39,0.0,-0.1,0.1
OTOGL,12,80302713,NM_001378610.3:c.3143C>T,NP_001365539.2:p.Pro1048Leu,0.308,26.8,['Unknown%20significance'],62.5,0.39,0.0,-0.7,0.7
OTOGL,12,80302715,NM_001378610.3:c.3145G>A,NP_001365539.2:p.Glu1049Lys,0.173,22.9,['Unknown%20significance'],125.26,0.64,0.0,0.1,0.1
OTOGL,12,80302716,NM_001378610.3:c.3146A>G,NP_001365539.2:p.Glu1049Gly,0.209,22.7,['Unknown%20significance'],125.26,0.64,0.0,0.1,0.1
OTOGL,12,80302716,NM_001378610.3:c.3146A>T,NP_001365539.2:p.Glu1049Val,0.266,23.6,['Unknown%20significance'],125.26,0.64,0.0,-0.2,0.2
OTOGL,12,80302717,NM_001378610.3:c.3147G>T,NP_001365539.2:p.Glu1049Asp,0.027,14.05,['Unknown%20significance'],125.26,0.64,0.0,-0.0,0.0
OTOGL,12,80302718,NM_001378610.3:c.3148A>G,NP_001365539.2:p.Lys1050Glu,0.195,12.30,['Likely%20benign'],35.92,0.15,0.0,0.1,0.1
OTOGL,12,80302719,NM_001378610.3:c.3149A>G,NP_001365539.2:p.Lys1050Arg,0.064,23.0,['Likely%20benign'],35.92,0.15,0.0,-1.0,1.0
OTOGL,12,80302720,NM_001378610.3:c.3150A>T,NP_001365539.2:p.Lys1050Asn,0.119,22.2,['Likely%20benign'],35.92,0.15,0.0,-0.2,0.2
OTOGL,12,80302721,NM_001378610.3:c.3151G>A,NP_001365539.2:p.Asp1051Asn,0.207,25.0,['Unknown%20significance'],67.16,0.41,0.0,-0.3,0.3
OTOGL,12,80302721,NM_001378610.3:c.3151G>T,NP_001365539.2:p.Asp1051Tyr,0.536,28.6,['Unknown%20significance'],67.16,0.41,0.0,-1.1,1.1
OTOGL,12,80302722,NM_001378610.3:c.3152A>G,NP_001365539.2:p.Asp1051Gly,0.382,24.3,['Unknown%20significance'],67.16,0.41,0.0,-0.4,0.4
OTOGL,12,80302724,NM_001378610.3:c.3154A>C,NP_001365539.2:p.Ile1052Leu,0.101,20.4,['Likely%20benign'],0.0,0.0,0.0,-0.3,0.3
OTOGL,12,80302725,NM_001378610.3:c.3155T>C,NP_001365539.2:p.Ile1052Thr,0.661,25.5,['Unknown%20significance'],0.0,0.0,0.0,2.7,2.7
OTOGL,12,80302727,NM_001378610.3:c.3157A>G,NP_001365539.2:p.Thr1053Ala,0.478,25.7,['Unknown%20significance'],2.42,0.01,0.0,0.2,0.2
OTOGL,12,80302728,NM_001378610.3:c.3158C>A,NP_001365539.2:p.Thr1053Asn,0.429,24.0,['Unknown%20significance'],2.42,0.01,0.0,1.0,1.0
OTOGL,12,80302730,NM_001378610.3:c.3160A>C,NP_001365539.2:p.Ile1054Leu,0.068,15.45,['Unknown%20significance'],0.0,0.0,0.0,0.5,0.5
OTOGL,12,80302730,NM_001378610.3:c.3160A>G,NP_001365539.2:p.Ile1054Val,0.066,13.25,['Unknown%20significance'],0.0,0.0,0.0,-0.0,0.0
OTOGL,12,80302730,NM_001378610.3:c.3160A>T,NP_001365539.2:p.Ile1054Phe,0.262,23.1,['Unknown%20significance'],0.0,0.0,0.0,1.0,1.0
OTOGL,12,80302733,NM_001378610.3:c.3163C>A,NP_001365539.2:p.Leu1055Ile,0.117,25.2,['Unknown%20significance'],0.0,0.0,0.0,0.1,0.1
OTOGL,12,80302734,NM_001378610.3:c.3164T>C,NP_001365539.2:p.Leu1055Pro,0.686,28.3,['Unknown%20significance'],0.0,0.0,0.0,2.6,2.6
OTOGL,12,80302736,NM_001378610.3:c.3166T>A,NP_001365539.2:p.Trp1056Arg,0.668,32,['Unknown%20significance'],6.74,0.02,0.0,3.1,3.1
OTOGL,12,80302737,NM_001378610.3:c.3167G>C,NP_001365539.2:p.Trp1056Ser,0.693,29.7,['Unknown%20significance'],6.74,0.02,0.0,4.3,4.3
OTOGL,12,80302737,NM_001378610.3:c.3167G>T,NP_001365539.2:p.Trp1056Leu,0.552,28.9,['Unknown%20significance'],6.74,0.02,0.0,1.3,1.3
OTOGL,12,80302738,NM_001378610.3:c.3168G>T,NP_001365539.2:p.Trp1056Cys,0.694,31,['Unknown%20significance'],6.74,0.02,0.0,2.9,2.9
OTOGL,12,80302739,NM_001378610.3:c.3169G>A,NP_001365539.2:p.Asp1057Asn,0.487,28.0,['Unknown%20significance'],9.23,0.05,0.0,0.1,0.1
OTOGL,12,80302739,NM_001378610.3:c.3169G>C,NP_001365539.2:p.Asp1057His,0.709,27.3,['Unknown%20significance'],9.23,0.05,0.0,0.0,0.0
OTOGL,12,80302739,NM_001378610.3:c.3169G>T,NP_001365539.2:p.Asp1057Tyr,0.720,28.8,['Unknown%20significance'],9.23,0.05,0.0,-0.6,0.6
OTOGL,12,80302740,NM_001378610.3:c.3170A>G,NP_001365539.2:p.Asp1057Gly,0.760,31,['Unknown%20significance'],9.23,0.05,0.0,1.3,1.3
OTOGL,12,80302740,NM_001378610.3:c.3170A>T,NP_001365539.2:p.Asp1057Val,0.777,31,['Unknown%20significance'],9.23,0.05,0.0,-0.1,0.1
OTOGL,12,80302742,NM_001378610.3:c.3172A>G,NP_001365539.2:p.Arg1058Gly,0.091,22.4,['Unknown%20significance'],81.25,0.3,0.0,0.7,0.7
OTOGL,12,80302743,NM_001378610.3:c.3173G>A,NP_001365539.2:p.Arg1058Lys,0.060,7.161,['Likely%20benign'],81.25,0.3,0.0,0.6,0.6
OTOGL,12,80302743,NM_001378610.3:c.3173G>C,NP_001365539.2:p.Arg1058Thr,0.086,15.36,['Likely%20benign'],81.25,0.3,0.0,0.4,0.4
OTOGL,12,80302743,NM_001378610.3:c.3173G>T,NP_001365539.2:p.Arg1058Met,0.111,16.34,['Likely%20benign'],81.25,0.3,0.0,-0.1,0.1
OTOGL,12,80302744,NM_001378610.3:c.3174G>C,NP_001365539.2:p.Arg1058Ser,0.096,22.0,['Likely%20benign'],81.25,0.3,0.0,0.6,0.6
OTOGL,12,80302744,NM_001378610.3:c.3174G>T,NP_001365539.2:p.Arg1058Ser,0.096,22.6,['Likely%20benign'],81.25,0.3,0.0,0.6,0.6
OTOGL,12,80302745,NM_001378610.3:c.3175A>G,NP_001365539.2:p.Lys1059Glu,0.391,32,['Unknown%20significance'],48.63,0.2,0.0,-0.0,0.0
OTOGL,12,80302746,NM_001378610.3:c.3176A>G,NP_001365539.2:p.Lys1059Arg,0.177,23.2,['Unknown%20significance'],48.63,0.2,0.0,-0.9,0.9
OTOGL,12,80302747,NM_001378610.3:c.3177G>T,NP_001365539.2:p.Lys1059Asn,0.131,25.6,['Unknown%20significance'],48.63,0.2,0.0,-0.3,0.3
OTOGL,12,80302748,NM_001378610.3:c.3178A>G,NP_001365539.2:p.Thr1060Ala,0.523,27.8,['Unknown%20significance'],3.25,0.02,0.0,0.4,0.4
OTOGL,12,80302748,NM_001378610.3:c.3178A>T,NP_001365539.2:p.Thr1060Ser,0.320,25.7,['Unknown%20significance'],3.25,0.02,0.0,0.7,0.7
OTOGL,12,80302749,NM_001378610.3:c.3179C>A,NP_001365539.2:p.Thr1060Lys,0.588,26.0,['Unknown%20significance'],3.25,0.02,0.0,1.1,1.1
OTOGL,12,80302749,NM_001378610.3:c.3179C>G,NP_001365539.2:p.Thr1060Arg,0.565,25.5,['Unknown%20significance'],3.25,0.02,0.0,0.0,0.0
OTOGL,12,80302749,NM_001378610.3:c.3179C>T,NP_001365539.2:p.Thr1060Ile,0.527,26.3,['Unknown%20significance'],3.25,0.02,0.0,-0.8,0.8
OTOGL,12,80302751,NM_001378610.3:c.3181A>G,NP_001365539.2:p.Thr1061Ala,0.417,23.7,['Unknown%20significance'],1.5,0.0,0.0,0.2,0.2
OTOGL,12,80302751,NM_001378610.3:c.3181A>T,NP_001365539.2:p.Thr1061Ser,0.155,23.2,['Unknown%20significance'],1.5,0.0,0.0,0.6,0.6
OTOGL,12,80302752,NM_001378610.3:c.3182C>A,NP_001365539.2:p.Thr1061Asn,0.154,24.4,['Unknown%20significance'],1.5,0.0,0.0,0.6,0.6
OTOGL,12,80302752,NM_001378610.3:c.3182C>G,NP_001365539.2:p.Thr1061Ser,0.105,22.9,['Unknown%20significance'],1.5,0.0,0.0,0.6,0.6
OTOGL,12,80302754,NM_001378610.3:c.3184A>C,NP_001365539.2:p.Ile1062Leu,0.127,23.4,['Unknown%20significance'],0.0,0.0,0.0,0.2,0.2
OTOGL,12,80302754,NM_001378610.3:c.3184A>G,NP_001365539.2:p.Ile1062Val,0.108,15.91,['Unknown%20significance'],0.0,0.0,0.0,0.0,0.0
OTOGL,12,80302754,NM_001378610.3:c.3184A>T,NP_001365539.2:p.Ile1062Phe,0.273,25.3,['Unknown%20significance'],0.0,0.0,0.0,0.6,0.6
OTOGL,12,80302755,NM_001378610.3:c.3185T>A,NP_001365539.2:p.Ile1062Asn,0.572,27.7,['Unknown%20significance'],0.0,0.0,0.0,4.1,4.1
OTOGL,12,80302755,NM_001378610.3:c.3185T>C,NP_001365539.2:p.Ile1062Thr,0.480,25.8,['Unknown%20significance'],0.0,0.0,0.0,2.8,2.8
OTOGL,12,80302755,NM_001378610.3:c.3185T>G,NP_001365539.2:p.Ile1062Ser,0.582,28.5,['Unknown%20significance'],0.0,0.0,0.0,4.0,4.0
OTOGL,12,80302757,NM_001378610.3:c.3187C>A,NP_001365539.2:p.His1063Asn,0.378,25.1,['Unknown%20significance'],0.0,0.0,0.0,1.0,1.0
OTOGL,12,80302757,NM_001378610.3:c.3187C>G,NP_001365539.2:p.His1063Asp,0.478,25.3,['Unknown%20significance'],0.0,0.0,0.0,1.6,1.6
OTOGL,12,80302757,NM_001378610.3:c.3187C>T,NP_001365539.2:p.His1063Tyr,0.381,24.8,['Unknown%20significance'],0.0,0.0,0.0,-1.7,1.7
OTOGL,12,80302758,NM_001378610.3:c.3188A>G,NP_001365539.2:p.His1063Arg,0.561,25.3,['Unknown%20significance'],0.0,0.0,0.0,0.2,0.2
OTOGL,12,80302758,NM_001378610.3:c.3188A>T,NP_001365539.2:p.His1063Leu,0.578,26.4,['Unknown%20significance'],0.0,0.0,0.0,-1.3,1.3
OTOGL,12,80302760,NM_001378610.3:c.3190A>G,NP_001365539.2:p.Ile1064Val,0.110,16.76,['Unknown%20significance'],0.0,0.0,0.0,0.2,0.2
OTOGL,12,80302761,NM_001378610.3:c.3191T>A,NP_001365539.2:p.Ile1064Asn,0.614,28.1,['Unknown%20significance'],0.0,0.0,0.0,5.5,5.5
OTOGL,12,80302761,NM_001378610.3:c.3191T>C,NP_001365539.2:p.Ile1064Thr,0.513,26.2,['Unknown%20significance'],0.0,0.0,0.0,3.9,3.9
OTOGL,12,80302762,NM_001378610.3:c.3192C>G,NP_001365539.2:p.Ile1064Met,0.327,23.8,['Unknown%20significance'],0.0,0.0,0.0,2.0,2.0
OTOGL,12,80302763,NM_001378610.3:c.3193A>G,NP_001365539.2:p.Lys1065Glu,0.169,22.7,['Unknown%20significance'],59.46,0.25,0.0,0.1,0.1
OTOGL,12,80302764,NM_001378610.3:c.3194A>G,NP_001365539.2:p.Lys1065Arg,0.084,22.7,['Unknown%20significance'],59.46,0.25,0.0,-0.8,0.8
OTOGL,12,80302765,NM_001378610.3:c.3195A>T,NP_001365539.2:p.Lys1065Asn,0.113,23.7,['Unknown%20significance'],59.46,0.25,0.0,-0.0,0.0
OTOGL,12,80302766,NM_001378610.3:c.3196G>A,NP_001365539.2:p.Val1066Ile,0.073,20.9,['Unknown%20significance'],0.0,0.0,0.0,0.0,0.0
OTOGL,12,80302766,NM_001378610.3:c.3196G>T,NP_001365539.2:p.Val1066Phe,0.384,23.4,['Unknown%20significance'],0.0,0.0,0.0,0.5,0.5
OTOGL,12,80302767,NM_001378610.3:c.3197T>A,NP_001365539.2:p.Val1066Asp,0.501,25.7,['Unknown%20significance'],0.0,0.0,0.0,4.2,4.2
OTOGL,12,80302767,NM_001378610.3:c.3197T>C,NP_001365539.2:p.Val1066Ala,0.064,19.51,['Likely%20benign'],0.0,0.0,0.0,2.4,2.4
OTOGL,12,80302769,NM_001378610.3:c.3199G>A,NP_001365539.2:p.Gly1067Arg,0.572,32,['Unknown%20significance'],0.62,0.0,0.0,-1.3,1.3
OTOGL,12,80302769,NM_001378610.3:c.3199G>T,NP_001365539.2:p.Gly1067Trp,0.609,31,['Unknown%20significance'],0.62,0.0,0.0,-2.0,2.0
OTOGL,12,80302770,NM_001378610.3:c.3200G>A,NP_001365539.2:p.Gly1067Glu,0.543,27.4,['Unknown%20significance'],0.62,0.0,0.0,-0.6,0.6
OTOGL,12,80302770,NM_001378610.3:c.3200G>T,NP_001365539.2:p.Gly1067Val,0.631,27.3,['Unknown%20significance'],0.62,0.0,0.0,-1.7,1.7
OTOGL,12,80302772,NM_001378610.3:c.3202C>A,NP_001365539.2:p.Pro1068Thr,0.232,24.3,['Unknown%20significance'],55.44,0.35,0.0,0.0,0.0
OTOGL,12,80302772,NM_001378610.3:c.3202C>T,NP_001365539.2:p.Pro1068Ser,0.297,23.6,['Unknown%20significance'],55.44,0.35,0.0,0.2,0.2
OTOGL,12,80302773,NM_001378610.3:c.3203C>A,NP_001365539.2:p.Pro1068Gln,0.266,25.3,['Unknown%20significance'],55.44,0.35,0.0,0.1,0.1
OTOGL,12,80302773,NM_001378610.3:c.3203C>T,NP_001365539.2:p.Pro1068Leu,0.332,25.9,['Unknown%20significance'],55.44,0.35,0.0,-0.3,0.3
OTOGL,12,80302775,NM_001378610.3:c.3205C>A,NP_001365539.2:p.Gln1069Lys,0.054,22.1,['Unknown%20significance'],96.35,0.48,0.0,0.4,0.4
OTOGL,12,80302776,NM_001378610.3:c.3206A>G,NP_001365539.2:p.Gln1069Arg,0.049,16.23,['Likely%20benign'],96.35,0.48,0.0,-0.2,0.2
OTOGL,12,80302776,NM_001378610.3:c.3206A>T,NP_001365539.2:p.Gln1069Leu,0.286,22.3,['Unknown%20significance'],96.35,0.48,0.0,-0.1,0.1
OTOGL,12,80302777,NM_001378610.3:c.3207G>T,NP_001365539.2:p.Gln1069His,0.042,22.3,['Likely%20benign'],96.35,0.48,0.0,-0.1,0.1
OTOGL,12,80302778,NM_001378610.3:c.3208T>A,NP_001365539.2:p.Trp1070Arg,0.688,28.8,['Unknown%20significance'],6.2,0.02,0.0,2.3,2.3
OTOGL,12,80302778,NM_001378610.3:c.3208T>C,NP_001365539.2:p.Trp1070Arg,0.674,29.1,['Unknown%20significance'],6.2,0.02,0.0,2.3,2.3
OTOGL,12,80302779,NM_001378610.3:c.3209G>T,NP_001365539.2:p.Trp1070Leu,0.549,29.7,['Unknown%20significance'],6.2,0.02,0.0,1.1,1.1
OTOGL,12,80302780,NM_001378610.3:c.3210G>T,NP_001365539.2:p.Trp1070Cys,0.687,32,['Unknown%20significance'],6.2,0.02,0.0,2.7,2.7
OTOGL,12,80302781,NM_001378610.3:c.3211A>G,NP_001365539.2:p.Lys1071Glu,0.230,32,['Unknown%20significance'],87.07,0.36,0.0,-0.0,0.0
OTOGL,12,80302782,NM_001378610.3:c.3212A>G,NP_001365539.2:p.Lys1071Arg,0.103,29.5,['Unknown%20significance'],87.07,0.36,0.0,-0.6,0.6
OTOGL,12,80302782,NM_001378610.3:c.3212A>T,NP_001365539.2:p.Lys1071Met,0.350,33,['Unknown%20significance'],87.07,0.36,0.0,-0.6,0.6
OTOGL,12,80302783,NM_001378610.3:c.3213G>C,NP_001365539.2:p.Lys1071Asn,0.201,35,['Unknown%20significance'],87.07,0.36,0.0,-0.1,0.1
OTOGL,12,80302783,NM_001378610.3:c.3213G>T,NP_001365539.2:p.Lys1071Asn,0.207,35,['Unknown%20significance'],87.07,0.36,0.0,-0.1,0.1
OTOGL,12,80305576,NM_001378610.3:c.3214A>G,NP_001365539.2:p.Asn1072Asp,0.134,22.6,['Unknown%20significance'],112.9,0.7,0.0,0.2,0.2
OTOGL,12,80305577,NM_001378610.3:c.3215A>G,NP_001365539.2:p.Asn1072Ser,0.077,16.93,['Likely%20benign'],112.9,0.7,0.0,0.1,0.1
OTOGL,12,80305578,NM_001378610.3:c.3216C>A,NP_001365539.2:p.Asn1072Lys,0.168,22.3,['Unknown%20significance'],112.9,0.7,0.0,0.3,0.3
OTOGL,12,80305578,NM_001378610.3:c.3216C>G,NP_001365539.2:p.Asn1072Lys,0.185,23.0,['Unknown%20significance'],112.9,0.7,0.0,0.3,0.3
OTOGL,12,80305580,NM_001378610.3:c.3218A>G,NP_001365539.2:p.Lys1073Arg,0.056,20.9,['Likely%20benign'],81.77,0.34,0.0,-0.7,0.7
OTOGL,12,80305581,NM_001378610.3:c.3219G>T,NP_001365539.2:p.Lys1073Asn,0.148,20.5,['Unknown%20significance'],81.77,0.34,0.0,-0.2,0.2
OTOGL,12,80305582,NM_001378610.3:c.3220C>A,NP_001365539.2:p.Leu1074Ile,0.140,15.15,['Unknown%20significance'],1.81,0.0,0.0,0.1,0.1
OTOGL,12,80305582,NM_001378610.3:c.3220C>G,NP_001365539.2:p.Leu1074Val,0.128,15.07,['Unknown%20significance'],1.81,0.0,0.0,-0.0,0.0
OTOGL,12,80305583,NM_001378610.3:c.3221T>C,NP_001365539.2:p.Leu1074Pro,0.592,24.8,['Unknown%20significance'],1.81,0.0,0.0,2.5,2.5
OTOGL,12,80305585,NM_001378610.3:c.3223T>A,NP_001365539.2:p.Ser1075Thr,0.105,1.087,['Likely%20benign'],20.25,0.14,0.0,-0.4,0.4
OTOGL,12,80305585,NM_001378610.3:c.3223T>C,NP_001365539.2:p.Ser1075Pro,0.353,17.89,['Likely%20benign'],20.25,0.14,0.0,0.3,0.3
OTOGL,12,80305586,NM_001378610.3:c.3224C>T,NP_001365539.2:p.Ser1075Leu,0.184,14.39,['Likely%20benign'],20.25,0.14,0.0,-1.2,1.2
OTOGL,12,80305588,NM_001378610.3:c.3226G>A,NP_001365539.2:p.Gly1076Arg,0.954,25.9,['Unknown%20significance'],0.42,0.0,0.0,0.9,0.9
OTOGL,12,80305588,NM_001378610.3:c.3226G>C,NP_001365539.2:p.Gly1076Arg,0.954,25.8,['Unknown%20significance'],0.42,0.0,0.0,0.9,0.9
OTOGL,12,80305594,NM_001378610.3:c.3232T>C,NP_001365539.2:p.Cys1078Arg,0.933,27.9,['Unknown%20significance'],0.0,0.0,0.0,3.7,3.7
OTOGL,12,80305595,NM_001378610.3:c.3233G>A,NP_001365539.2:p.Cys1078Tyr,0.923,27.8,['Unknown%20significance'],0.0,0.0,0.0,2.3,2.3
OTOGL,12,80305595,NM_001378610.3:c.3233G>T,NP_001365539.2:p.Cys1078Phe,0.930,28.3,['Unknown%20significance'],0.0,0.0,0.0,2.1,2.1
OTOGL,12,80305597,NM_001378610.3:c.3235G>A,NP_001365539.2:p.Gly1079Arg,0.895,31,['Unknown%20significance'],0.4,0.0,0.0,0.9,0.9
OTOGL,12,80305602,NM_001378610.3:c.3240C>G,NP_001365539.2:p.Asn1080Lys,0.438,23.4,['Unknown%20significance'],16.52,0.1,0.0,0.9,0.9
OTOGL,12,80305603,NM_001378610.3:c.3241T>G,NP_001365539.2:p.Phe1081Val,0.740,27.4,['Unknown%20significance'],0.0,0.0,0.0,2.4,2.4
OTOGL,12,80305606,NM_001378610.3:c.3244G>C,NP_001365539.2:p.Asp1082His,0.803,28.2,['Unknown%20significance'],31.73,0.19,0.0,-0.2,0.2
OTOGL,12,80305606,NM_001378610.3:c.3244G>T,NP_001365539.2:p.Asp1082Tyr,0.774,29.4,['Unknown%20significance'],31.73,0.19,0.0,-0.3,0.3
OTOGL,12,80305607,NM_001378610.3:c.3245A>G,NP_001365539.2:p.Asp1082Gly,0.773,27.9,['Unknown%20significance'],31.73,0.19,0.0,1.1,1.1
OTOGL,12,80305608,NM_001378610.3:c.3246C>A,NP_001365539.2:p.Asp1082Glu,0.633,23.2,['Unknown%20significance'],31.73,0.19,0.0,0.6,0.6
OTOGL,12,80305612,NM_001378610.3:c.3250T>C,NP_001365539.2:p.Cys1084Arg,0.208,22.8,['Unknown%20significance'],34.35,0.22,0.0,-1.4,1.4
OTOGL,12,80305613,NM_001378610.3:c.3251G>A,NP_001365539.2:p.Cys1084Tyr,0.105,21.6,['Unknown%20significance'],34.35,0.22,0.0,-1.4,1.4
OTOGL,12,80305615,NM_001378610.3:c.3253A>C,NP_001365539.2:p.Thr1085Pro,0.282,26.6,['Unknown%20significance'],0.94,0.0,0.0,0.6,0.6
OTOGL,12,80305616,NM_001378610.3:c.3254C>T,NP_001365539.2:p.Thr1085Ile,0.380,25.8,['Unknown%20significance'],0.94,0.0,0.0,0.2,0.2
OTOGL,12,80305618,NM_001378610.3:c.3256T>C,NP_001365539.2:p.Ser1086Pro,0.232,24.6,['Unknown%20significance'],33.78,0.24,0.0,0.6,0.6
OTOGL,12,80305618,NM_001378610.3:c.3256T>G,NP_001365539.2:p.Ser1086Ala,0.139,21.3,['Unknown%20significance'],33.78,0.24,0.0,0.3,0.3
OTOGL,12,80305619,NM_001378610.3:c.3257C>T,NP_001365539.2:p.Ser1086Leu,0.129,23.9,['Unknown%20significance'],33.78,0.24,0.0,0.0,0.0
OTOGL,12,80305621,NM_001378610.3:c.3259A>T,NP_001365539.2:p.Asn1087Tyr,0.711,27.0,['Unknown%20significance'],31.61,0.19,0.0,-0.2,0.2
OTOGL,12,80305624,NM_001378610.3:c.3262G>A,NP_001365539.2:p.Asp1088Asn,0.719,29.5,['Unknown%20significance'],0.06,0.0,0.0,0.2,0.2
OTOGL,12,80305624,NM_001378610.3:c.3262G>T,NP_001365539.2:p.Asp1088Tyr,0.836,29.2,['Unknown%20significance'],0.06,0.0,0.0,-0.6,0.6
OTOGL,12,80305625,NM_001378610.3:c.3263A>G,NP_001365539.2:p.Asp1088Gly,0.915,28.6,['Unknown%20significance'],0.06,0.0,0.0,1.9,1.9
OTOGL,12,80305629,NM_001378610.3:c.3267G>A,NP_001365539.2:p.Met1089Ile,0.200,24.1,['Unknown%20significance'],13.93,0.06,0.0,-0.2,0.2
OTOGL,12,80305631,NM_001378610.3:c.3269C>A,NP_001365539.2:p.Thr1090Asn,0.241,24.3,['Unknown%20significance'],22.15,0.14,0.0,0.6,0.6
OTOGL,12,80305634,NM_001378610.3:c.3272C>T,NP_001365539.2:p.Thr1091Ile,0.543,25.8,['Unknown%20significance'],2.47,0.01,0.0,-0.6,0.6
OTOGL,12,80305637,NM_001378610.3:c.3275C>A,NP_001365539.2:p.Ser1092Tyr,0.446,26.1,['Unknown%20significance'],33.4,0.24,0.0,-0.7,0.7
OTOGL,12,80305637,NM_001378610.3:c.3275C>G,NP_001365539.2:p.Ser1092Cys,0.440,25.9,['Unknown%20significance'],33.4,0.24,0.0,0.2,0.2
OTOGL,12,80305639,NM_001378610.3:c.3277A>C,NP_001365539.2:p.Asn1093His,0.324,25.2,['Unknown%20significance'],8.52,0.05,0.0,-0.0,0.0
OTOGL,12,80305640,NM_001378610.3:c.3278A>G,NP_001365539.2:p.Asn1093Ser,0.198,21.3,['Unknown%20significance'],8.52,0.05,0.0,0.2,0.2
OTOGL,12,80305642,NM_001378610.3:c.3280A>G,NP_001365539.2:p.Asn1094Asp,0.438,23.7,['Unknown%20significance'],64.92,0.4,0.0,0.3,0.3
OTOGL,12,80305643,NM_001378610.3:c.3281A>C,NP_001365539.2:p.Asn1094Thr,0.470,23.1,['Unknown%20significance'],64.92,0.4,0.0,-0.1,0.1
OTOGL,12,80305646,NM_001378610.3:c.3284T>C,NP_001365539.2:p.Leu1095Ser,0.267,23.8,['Unknown%20significance'],0.0,0.0,0.0,1.4,1.4
OTOGL,12,80305648,NM_001378610.3:c.3286G>A,NP_001365539.2:p.Glu1096Lys,0.522,29.5,['Unknown%20significance'],28.06,0.14,0.0,-0.1,0.1
OTOGL,12,80305649,NM_001378610.3:c.3287A>G,NP_001365539.2:p.Glu1096Gly,0.386,28.5,['Unknown%20significance'],28.06,0.14,0.0,0.7,0.7
OTOGL,12,80305651,NM_001378610.3:c.3289G>C,NP_001365539.2:p.Val1097Leu,0.160,18.95,['Unknown%20significance'],0.08,0.0,0.0,0.1,0.1
OTOGL,12,80305651,NM_001378610.3:c.3289G>T,NP_001365539.2:p.Val1097Leu,0.155,19.19,['Unknown%20significance'],0.08,0.0,0.0,0.1,0.1
OTOGL,12,80305652,NM_001378610.3:c.3290T>C,NP_001365539.2:p.Val1097Ala,0.199,25.6,['Unknown%20significance'],0.08,0.0,0.0,0.9,0.9
OTOGL,12,80305652,NM_001378610.3:c.3290T>G,NP_001365539.2:p.Val1097Gly,0.392,26.6,['Unknown%20significance'],0.08,0.0,0.0,2.5,2.5
OTOGL,12,80305658,NM_001378610.3:c.3296A>G,NP_001365539.2:p.Asn1099Ser,0.140,22.9,['Unknown%20significance'],19.92,0.12,0.0,0.1,0.1
OTOGL,12,80305659,NM_001378610.3:c.3297T>G,NP_001365539.2:p.Asn1099Lys,0.219,23.3,['Unknown%20significance'],19.92,0.12,0.0,0.5,0.5
OTOGL,12,80305660,NM_001378610.3:c.3298G>C,NP_001365539.2:p.Ala1100Pro,0.088,19.28,['Unknown%20significance'],15.09,0.11,0.0,0.3,0.3
OTOGL,12,80305661,NM_001378610.3:c.3299C>A,NP_001365539.2:p.Ala1100Asp,0.307,25.2,['Unknown%20significance'],15.09,0.11,0.0,0.9,0.9
OTOGL,12,80305661,NM_001378610.3:c.3299C>G,NP_001365539.2:p.Ala1100Gly,0.173,24.8,['Unknown%20significance'],15.09,0.11,0.0,1.1,1.1
OTOGL,12,80305661,NM_001378610.3:c.3299C>T,NP_001365539.2:p.Ala1100Val,0.225,23.5,['Unknown%20significance'],15.09,0.11,0.0,-0.8,0.8
OTOGL,12,80305663,NM_001378610.3:c.3301C>G,NP_001365539.2:p.Arg1101Gly,0.175,23.6,['Unknown%20significance'],115.63,0.42,0.0,1.0,1.0
OTOGL,12,80305663,NM_001378610.3:c.3301C>T,NP_001365539.2:p.Arg1101Trp,0.144,24.4,['Unknown%20significance'],115.63,0.42,0.0,-0.4,0.4
OTOGL,12,80305664,NM_001378610.3:c.3302G>A,NP_001365539.2:p.Arg1101Gln,0.110,19.04,['Likely%20benign'],115.63,0.42,0.0,0.2,0.2
OTOGL,12,80305664,NM_001378610.3:c.3302G>C,NP_001365539.2:p.Arg1101Pro,0.164,23.5,['Likely%20benign'],115.63,0.42,0.0,0.6,0.6
OTOGL,12,80305664,NM_001378610.3:c.3302G>T,NP_001365539.2:p.Arg1101Leu,0.180,23.3,['Likely%20benign'],115.63,0.42,0.0,-0.3,0.3
OTOGL,12,80305666,NM_001378610.3:c.3304G>A,NP_001365539.2:p.Val1102Ile,0.144,19.48,['Unknown%20significance'],17.93,0.1,0.0,-0.1,0.1
OTOGL,12,80305666,NM_001378610.3:c.3304G>T,NP_001365539.2:p.Val1102Leu,0.129,20.5,['Unknown%20significance'],17.93,0.1,0.0,-0.1,0.1
OTOGL,12,80305667,NM_001378610.3:c.3305T>C,NP_001365539.2:p.Val1102Ala,0.165,21.0,['Unknown%20significance'],17.93,0.1,0.0,0.7,0.7
OTOGL,12,80305670,NM_001378610.3:c.3308T>A,NP_001365539.2:p.Phe1103Tyr,0.506,26.8,['Unknown%20significance'],0.42,0.0,0.0,0.9,0.9
OTOGL,12,80305670,NM_001378610.3:c.3308T>C,NP_001365539.2:p.Phe1103Ser,0.821,29.1,['Unknown%20significance'],0.42,0.0,0.0,4.8,4.8
OTOGL,12,80305672,NM_001378610.3:c.3310G>A,NP_001365539.2:p.Gly1104Arg,0.704,32,['Unknown%20significance'],0.0,0.0,0.0,-0.3,0.3
OTOGL,12,80305673,NM_001378610.3:c.3311G>A,NP_001365539.2:p.Gly1104Glu,0.751,27.0,['Unknown%20significance'],0.0,0.0,0.0,0.8,0.8
OTOGL,12,80305673,NM_001378610.3:c.3311G>T,NP_001365539.2:p.Gly1104Val,0.595,31,['Unknown%20significance'],0.0,0.0,0.0,-1.0,1.0
OTOGL,12,80305675,NM_001378610.3:c.3313G>A,NP_001365539.2:p.Asp1105Asn,0.208,20.9,['Unknown%20significance'],67.02,0.41,0.0,-0.2,0.2
OTOGL,12,80305675,NM_001378610.3:c.3313G>C,NP_001365539.2:p.Asp1105His,0.353,25.6,['Unknown%20significance'],67.02,0.41,0.0,-0.5,0.5
OTOGL,12,80305675,NM_001378610.3:c.3313G>T,NP_001365539.2:p.Asp1105Tyr,0.332,23.8,['Unknown%20significance'],67.02,0.41,0.0,-0.8,0.8
OTOGL,12,80305677,NM_001378610.3:c.3315T>G,NP_001365539.2:p.Asp1105Glu,0.092,17.56,['Likely%20benign'],67.02,0.41,0.0,0.0,0.0
OTOGL,12,80305678,NM_001378610.3:c.3316A>C,NP_001365539.2:p.Ser1106Arg,0.664,27.3,['Unknown%20significance'],27.57,0.19,0.0,-0.1,0.1
OTOGL,12,80305678,NM_001378610.3:c.3316A>G,NP_001365539.2:p.Ser1106Gly,0.469,26.7,['Unknown%20significance'],27.57,0.19,0.0,1.1,1.1
OTOGL,12,80305679,NM_001378610.3:c.3317G>A,NP_001365539.2:p.Ser1106Asn,0.325,26.0,['Unknown%20significance'],27.57,0.19,0.0,0.4,0.4
OTOGL,12,80305679,NM_001378610.3:c.3317G>T,NP_001365539.2:p.Ser1106Ile,0.576,27.2,['Unknown%20significance'],27.57,0.19,0.0,-0.1,0.1
OTOGL,12,80305680,NM_001378610.3:c.3318T>A,NP_001365539.2:p.Ser1106Arg,0.486,23.0,['Unknown%20significance'],27.57,0.19,0.0,-0.1,0.1
OTOGL,12,80305682,NM_001378610.3:c.3320G>T,NP_001365539.2:p.Trp1107Leu,0.681,29.6,['Unknown%20significance'],11.59,0.04,0.0,3.7,3.7
OTOGL,12,80305683,NM_001378610.3:c.3321G>C,NP_001365539.2:p.Trp1107Cys,0.705,31,['Unknown%20significance'],11.59,0.04,0.0,4.6,4.6
OTOGL,12,80305684,NM_001378610.3:c.3322G>A,NP_001365539.2:p.Ala1108Thr,0.074,21.4,['Unknown%20significance'],13.91,0.1,0.0,-0.0,0.0
OTOGL,12,80305684,NM_001378610.3:c.3322G>T,NP_001365539.2:p.Ala1108Ser,0.078,21.7,['Unknown%20significance'],13.91,0.1,0.0,0.3,0.3
OTOGL,12,80305685,NM_001378610.3:c.3323C>A,NP_001365539.2:p.Ala1108Glu,0.261,24.6,['Unknown%20significance'],13.91,0.1,0.0,0.3,0.3
OTOGL,12,80305685,NM_001378610.3:c.3323C>G,NP_001365539.2:p.Ala1108Gly,0.198,22.3,['Unknown%20significance'],13.91,0.1,0.0,1.0,1.0
OTOGL,12,80305685,NM_001378610.3:c.3323C>T,NP_001365539.2:p.Ala1108Val,0.156,22.5,['Unknown%20significance'],13.91,0.1,0.0,-0.7,0.7
OTOGL,12,80305688,NM_001378610.3:c.3326T>C,NP_001365539.2:p.Leu1109Ser,0.181,25.0,['Unknown%20significance'],10.86,0.05,0.0,1.7,1.7
OTOGL,12,80305689,NM_001378610.3:c.3327A>C,NP_001365539.2:p.Leu1109Phe,0.084,22.8,['Unknown%20significance'],10.86,0.05,0.0,0.0,0.0
OTOGL,12,80305690,NM_001378610.3:c.3328G>A,NP_001365539.2:p.Gly1110Arg,0.423,24.9,['Unknown%20significance'],21.84,0.22,0.0,-0.6,0.6
OTOGL,12,80305691,NM_001378610.3:c.3329G>A,NP_001365539.2:p.Gly1110Glu,0.449,24.5,['Unknown%20significance'],21.84,0.22,0.0,-0.3,0.3
OTOGL,12,80305691,NM_001378610.3:c.3329G>T,NP_001365539.2:p.Gly1110Val,0.473,23.8,['Unknown%20significance'],21.84,0.22,0.0,-0.9,0.9
OTOGL,12,80305693,NM_001378610.3:c.3331C>A,NP_001365539.2:p.Gln1111Lys,0.173,24.3,['Unknown%20significance'],101.75,0.51,0.0,0.4,0.4
OTOGL,12,80305694,NM_001378610.3:c.3332A>C,NP_001365539.2:p.Gln1111Pro,0.250,26.6,['Unknown%20significance'],101.75,0.51,0.0,0.3,0.3
OTOGL,12,80305694,NM_001378610.3:c.3332A>G,NP_001365539.2:p.Gln1111Arg,0.167,24.4,['Unknown%20significance'],101.75,0.51,0.0,-0.1,0.1
OTOGL,12,80305695,NM_001378610.3:c.3333G>T,NP_001365539.2:p.Gln1111His,0.152,32,['Benign'],101.75,0.51,0.0,-0.1,0.1
OTOGL,12,80310611,NM_001378610.3:c.3334T>C,NP_001365539.2:p.Cys1112Arg,0.787,32,['Unknown%20significance'],28.29,0.18,0.0,2.1,2.1
OTOGL,12,80310611,NM_001378610.3:c.3334T>G,NP_001365539.2:p.Cys1112Gly,0.784,31,['Unknown%20significance'],28.29,0.18,0.0,3.2,3.2
OTOGL,12,80310615,NM_001378610.3:c.3338A>C,NP_001365539.2:p.Glu1113Ala,0.080,20.3,['Unknown%20significance'],198.79,1.0,0.0,-0.0,0.0
OTOGL,12,80310615,NM_001378610.3:c.3338A>T,NP_001365539.2:p.Glu1113Val,0.064,23.3,['Unknown%20significance'],198.79,1.0,0.0,-0.1,0.1
OTOGL,12,80310617,NM_001378610.3:c.3340A>G,NP_001365539.2:p.Ser1114Gly,0.077,22.6,['Unknown%20significance'],27.27,0.19,0.0,0.7,0.7
OTOGL,12,80310619,NM_001378610.3:c.3342T>A,NP_001365539.2:p.Ser1114Arg,0.078,18.26,['Unknown%20significance'],27.27,0.19,0.0,-0.2,0.2
OTOGL,12,80310620,NM_001378610.3:c.3343C>A,NP_001365539.2:p.Pro1115Thr,0.060,11.06,['Likely%20benign'],24.98,0.15,0.0,-0.4,0.4
OTOGL,12,80310621,NM_001378610.3:c.3344C>A,NP_001365539.2:p.Pro1115Gln,0.108,21.9,['Likely%20benign'],24.98,0.15,0.0,-0.3,0.3
OTOGL,12,80310623,NM_001378610.3:c.3346G>A,NP_001365539.2:p.Asp1116Asn,0.039,8.515,['Likely%20benign'],102.66,0.64,0.0,-0.2,0.2
OTOGL,12,80310623,NM_001378610.3:c.3346G>C,NP_001365539.2:p.Asp1116His,0.058,5.431,['Likely%20benign'],102.66,0.64,0.0,-0.4,0.4
OTOGL,12,80310626,NM_001378610.3:c.3349G>A,NP_001365539.2:p.Glu1117Lys,0.143,25.9,['Unknown%20significance'],55.42,0.28,0.0,0.1,0.1
OTOGL,12,80310629,NM_001378610.3:c.3352A>G,NP_001365539.2:p.Thr1118Ala,0.091,5.348,['Likely%20benign'],108.26,0.68,0.0,0.2,0.2
OTOGL,12,80310630,NM_001378610.3:c.3353C>T,NP_001365539.2:p.Thr1118Ile,0.078,9.624,['Likely%20benign'],108.26,0.68,0.0,-0.1,0.1
OTOGL,12,80310633,NM_001378610.3:c.3356T>C,NP_001365539.2:p.Ile1119Thr,0.031,19.54,['Unknown%20significance'],105.92,0.53,0.0,0.2,0.2
OTOGL,12,80310635,NM_001378610.3:c.3358A>C,NP_001365539.2:p.Lys1120Gln,0.042,22.5,['Unknown%20significance'],27.96,0.11,0.0,-0.7,0.7
OTOGL,12,80310635,NM_001378610.3:c.3358A>G,NP_001365539.2:p.Lys1120Glu,0.060,22.6,['Unknown%20significance'],27.96,0.11,0.0,-0.2,0.2
OTOGL,12,80310638,NM_001378610.3:c.3361C>A,NP_001365539.2:p.Pro1121Thr,0.205,20.9,['Unknown%20significance'],6.84,0.04,0.0,0.4,0.4
OTOGL,12,80310638,NM_001378610.3:c.3361C>G,NP_001365539.2:p.Pro1121Ala,0.236,22.7,['Unknown%20significance'],6.84,0.04,0.0,0.7,0.7
OTOGL,12,80310638,NM_001378610.3:c.3361C>T,NP_001365539.2:p.Pro1121Ser,0.238,24.4,['Unknown%20significance'],6.84,0.04,0.0,0.8,0.8
OTOGL,12,80310639,NM_001378610.3:c.3362C>A,NP_001365539.2:p.Pro1121His,0.285,25.5,['Unknown%20significance'],6.84,0.04,0.0,0.2,0.2
OTOGL,12,80310642,NM_001378610.3:c.3365G>C,NP_001365539.2:p.Cys1122Ser,0.695,26.9,['Unknown%20significance'],9.1,0.05,0.0,3.3,3.3
OTOGL,12,80310644,NM_001378610.3:c.3367G>A,NP_001365539.2:p.Glu1123Lys,0.393,26.7,['Unknown%20significance'],19.09,0.09,0.0,0.1,0.1
OTOGL,12,80310647,NM_001378610.3:c.3370G>A,NP_001365539.2:p.Ala1124Thr,0.110,25.8,['Unknown%20significance'],61.06,0.48,0.0,-0.1,0.1
OTOGL,12,80310648,NM_001378610.3:c.3371C>A,NP_001365539.2:p.Ala1124Glu,0.120,21.8,['Unknown%20significance'],61.06,0.48,0.0,0.2,0.2
OTOGL,12,80310652,NM_001378610.3:c.3375T>G,NP_001365539.2:p.His1125Gln,0.060,19.42,['Unknown%20significance'],80.03,0.38,0.0,0.3,0.3
OTOGL,12,80310653,NM_001378610.3:c.3376C>A,NP_001365539.2:p.Gln1126Lys,0.146,23.9,['Unknown%20significance'],116.97,0.59,0.0,0.3,0.3
OTOGL,12,80310654,NM_001378610.3:c.3377A>G,NP_001365539.2:p.Gln1126Arg,0.079,23.8,['Unknown%20significance'],116.97,0.59,0.0,-0.1,0.1
OTOGL,12,80310659,NM_001378610.3:c.3382A>C,NP_001365539.2:p.Lys1128Gln,0.101,25.6,['Unknown%20significance'],44.96,0.18,0.0,-0.4,0.4
OTOGL,12,80310659,NM_001378610.3:c.3382A>G,NP_001365539.2:p.Lys1128Glu,0.149,25.7,['Unknown%20significance'],44.96,0.18,0.0,0.2,0.2
OTOGL,12,80310660,NM_001378610.3:c.3383A>G,NP_001365539.2:p.Lys1128Arg,0.177,19.07,['Unknown%20significance'],44.96,0.18,0.0,-0.8,0.8
OTOGL,12,80310661,NM_001378610.3:c.3384A>T,NP_001365539.2:p.Lys1128Asn,0.085,23.9,['Unknown%20significance'],44.96,0.18,0.0,-0.1,0.1
OTOGL,12,80310662,NM_001378610.3:c.3385T>C,NP_001365539.2:p.Phe1129Leu,0.178,26.3,['Unknown%20significance'],40.28,0.17,0.0,0.1,0.1
OTOGL,12,80310663,NM_001378610.3:c.3386T>G,NP_001365539.2:p.Phe1129Cys,0.157,27.3,['Unknown%20significance'],40.28,0.17,0.0,0.5,0.5
OTOGL,12,80310665,NM_001378610.3:c.3388C>G,NP_001365539.2:p.Pro1130Ala,0.280,24.0,['Unknown%20significance'],92.81,0.59,0.0,-0.1,0.1
OTOGL,12,80310666,NM_001378610.3:c.3389C>G,NP_001365539.2:p.Pro1130Arg,0.422,25.4,['Unknown%20significance'],92.81,0.59,0.0,-0.3,0.3
OTOGL,12,80310666,NM_001378610.3:c.3389C>T,NP_001365539.2:p.Pro1130Leu,0.436,25.6,['Unknown%20significance'],92.81,0.59,0.0,-0.4,0.4
OTOGL,12,80310669,NM_001378610.3:c.3392A>G,NP_001365539.2:p.Tyr1131Cys,0.738,27.7,['Unknown%20significance'],87.76,0.36,0.0,1.3,1.3
OTOGL,12,80310671,NM_001378610.3:c.3394G>A,NP_001365539.2:p.Ala1132Thr,0.676,28.0,['Unknown%20significance'],0.0,0.0,0.0,0.5,0.5
OTOGL,12,80310672,NM_001378610.3:c.3395C>T,NP_001365539.2:p.Ala1132Val,0.653,25.9,['Unknown%20significance'],0.0,0.0,0.0,-0.3,0.3
OTOGL,12,80310674,NM_001378610.3:c.3397A>C,NP_001365539.2:p.Lys1133Gln,0.506,26.8,['Unknown%20significance'],112.02,0.47,0.0,-0.4,0.4
OTOGL,12,80310674,NM_001378610.3:c.3397A>G,NP_001365539.2:p.Lys1133Glu,0.457,27.3,['Unknown%20significance'],112.02,0.47,0.0,-0.1,0.1
OTOGL,12,80310675,NM_001378610.3:c.3398A>G,NP_001365539.2:p.Lys1133Arg,0.358,26.2,['Unknown%20significance'],112.02,0.47,0.0,-0.5,0.5
OTOGL,12,80310680,NM_001378610.3:c.3403G>A,NP_001365539.2:p.Glu1135Lys,0.497,24.9,['Unknown%20significance'],15.07,0.07,0.0,0.1,0.1
OTOGL,12,80310683,NM_001378610.3:c.3406T>C,NP_001365539.2:p.Cys1136Arg,0.892,28.1,['Unknown%20significance'],1.62,0.01,0.0,4.3,4.3
OTOGL,12,80310690,NM_001378610.3:c.3413T>G,NP_001365539.2:p.Ile1138Ser,0.662,28.0,['Unknown%20significance'],15.97,0.08,0.0,3.1,3.1
OTOGL,12,80310693,NM_001378610.3:c.3416T>C,NP_001365539.2:p.Leu1139Ser,0.910,27.8,['Unknown%20significance'],0.0,0.0,0.0,4.0,4.0
OTOGL,12,80310694,NM_001378610.3:c.3417G>T,NP_001365539.2:p.Leu1139Phe,0.744,22.6,['Unknown%20significance'],0.0,0.0,0.0,0.7,0.7
OTOGL,12,80310696,NM_001378610.3:c.3419A>G,NP_001365539.2:p.Tyr1140Cys,0.676,27.4,['Unknown%20significance'],48.92,0.2,0.0,0.9,0.9
OTOGL,12,80310698,NM_001378610.3:c.3421A>G,NP_001365539.2:p.Ser1141Gly,0.667,27.0,['Unknown%20significance'],45.93,0.33,0.0,0.6,0.6
OTOGL,12,80310699,NM_001378610.3:c.3422G>C,NP_001365539.2:p.Ser1141Thr,0.593,25.4,['Unknown%20significance'],45.93,0.33,0.0,-0.2,0.2
OTOGL,12,80310700,NM_001378610.3:c.3423T>A,NP_001365539.2:p.Ser1141Arg,0.569,15.63,['Unknown%20significance'],45.93,0.33,0.0,-0.2,0.2
OTOGL,12,80310701,NM_001378610.3:c.3424G>A,NP_001365539.2:p.Asp1142Asn,0.482,32,['Unknown%20significance'],79.48,0.49,0.0,-0.2,0.2
OTOGL,12,80310704,NM_001378610.3:c.3427A>G,NP_001365539.2:p.Ile1143Val,0.099,7.022,['Likely%20benign'],80.06,0.4,0.0,0.1,0.1
OTOGL,12,80310705,NM_001378610.3:c.3428T>A,NP_001365539.2:p.Ile1143Asn,0.567,25.3,['Unknown%20significance'],80.06,0.4,0.0,1.2,1.2
OTOGL,12,80310705,NM_001378610.3:c.3428T>C,NP_001365539.2:p.Ile1143Thr,0.272,23.2,['Unknown%20significance'],80.06,0.4,0.0,0.7,0.7
OTOGL,12,80310705,NM_001378610.3:c.3428T>G,NP_001365539.2:p.Ile1143Ser,0.432,24.0,['Unknown%20significance'],80.06,0.4,0.0,1.0,1.0
OTOGL,12,80310707,NM_001378610.3:c.3430T>A,NP_001365539.2:p.Phe1144Ile,0.904,27.1,['Unknown%20significance'],0.0,0.0,0.0,2.3,2.3
OTOGL,12,80310710,NM_001378610.3:c.3433G>A,NP_001365539.2:p.Ala1145Thr,0.556,25.6,['Unknown%20significance'],7.22,0.05,0.0,0.3,0.3
OTOGL,12,80310710,NM_001378610.3:c.3433G>C,NP_001365539.2:p.Ala1145Pro,0.651,25.5,['Unknown%20significance'],7.22,0.05,0.0,0.9,0.9
OTOGL,12,80310711,NM_001378610.3:c.3434C>G,NP_001365539.2:p.Ala1145Gly,0.525,26.4,['Unknown%20significance'],7.22,0.05,0.0,1.5,1.5
OTOGL,12,80310711,NM_001378610.3:c.3434C>T,NP_001365539.2:p.Ala1145Val,0.639,31,['Unknown%20significance'],7.22,0.05,0.0,-0.5,0.5
OTOGL,12,80310713,NM_001378610.3:c.3436T>A,NP_001365539.2:p.Ser1146Thr,0.195,18.03,['Likely%20benign'],50.11,0.36,0.0,-0.1,0.1
OTOGL,12,80310714,NM_001378610.3:c.3437C>A,NP_001365539.2:p.Ser1146Tyr,0.302,27.2,['Unknown%20significance'],50.11,0.36,0.0,-0.7,0.7
OTOGL,12,80310717,NM_001378610.3:c.3440G>A,NP_001365539.2:p.Cys1147Tyr,0.890,28.8,['Unknown%20significance'],0.0,0.0,0.0,2.8,2.8
OTOGL,12,80310717,NM_001378610.3:c.3440G>T,NP_001365539.2:p.Cys1147Phe,0.892,29.6,['Unknown%20significance'],0.0,0.0,0.0,3.1,3.1
OTOGL,12,80310719,NM_001378610.3:c.3442C>A,NP_001365539.2:p.Arg1148Ser,0.479,29.7,['Unknown%20significance'],19.03,0.07,0.0,0.9,0.9
OTOGL,12,80310719,NM_001378610.3:c.3442C>T,NP_001365539.2:p.Arg1148Cys,0.581,32,['Unknown%20significance'],19.03,0.07,0.0,-0.2,0.2
OTOGL,12,80310720,NM_001378610.3:c.3443G>A,NP_001365539.2:p.Arg1148His,0.129,18.21,['Unknown%20significance'],19.03,0.07,0.0,-1.2,1.2
OTOGL,12,80310720,NM_001378610.3:c.3443G>T,NP_001365539.2:p.Arg1148Leu,0.560,25.2,['Unknown%20significance'],19.03,0.07,0.0,-0.5,0.5
OTOGL,12,80310723,NM_001378610.3:c.3446A>G,NP_001365539.2:p.Asn1149Ser,0.331,23.3,['Unknown%20significance'],7.62,0.04,0.0,-0.2,0.2
OTOGL,12,80310726,NM_001378610.3:c.3449T>A,NP_001365539.2:p.Val1150Glu,0.778,32,['Unknown%20significance'],3.58,0.02,0.0,1.8,1.8
OTOGL,12,80310726,NM_001378610.3:c.3449T>C,NP_001365539.2:p.Val1150Ala,0.652,32,['Unknown%20significance'],3.58,0.02,0.0,1.3,1.3
OTOGL,12,80313476,NM_001378610.3:c.3451A>G,NP_001365539.2:p.Ile1151Val,0.264,17.06,['Unknown%20significance'],40.02,0.2,0.0,-0.3,0.3
OTOGL,12,80313477,NM_001378610.3:c.3452T>C,NP_001365539.2:p.Ile1151Thr,0.744,28.6,['Unknown%20significance'],40.02,0.2,0.0,1.7,1.7
OTOGL,12,80313480,NM_001378610.3:c.3455A>G,NP_001365539.2:p.Asp1152Gly,0.919,28.2,['Unknown%20significance'],26.98,0.16,0.0,0.7,0.7
OTOGL,12,80313482,NM_001378610.3:c.3457G>A,NP_001365539.2:p.Val1153Ile,0.341,26.4,['Unknown%20significance'],1.47,0.0,0.0,-0.1,0.1
OTOGL,12,80313482,NM_001378610.3:c.3457G>T,NP_001365539.2:p.Val1153Phe,0.711,27.9,['Unknown%20significance'],1.47,0.0,0.0,-0.0,0.0
OTOGL,12,80313485,NM_001378610.3:c.3460A>G,NP_001365539.2:p.Thr1154Ala,0.468,22.8,['Unknown%20significance'],42.36,0.26,0.0,0.2,0.2
OTOGL,12,80313485,NM_001378610.3:c.3460A>T,NP_001365539.2:p.Thr1154Ser,0.499,23.6,['Unknown%20significance'],42.36,0.26,0.0,0.3,0.3
OTOGL,12,80313486,NM_001378610.3:c.3461C>A,NP_001365539.2:p.Thr1154Asn,0.532,23.6,['Unknown%20significance'],42.36,0.26,0.0,0.2,0.2
OTOGL,12,80313486,NM_001378610.3:c.3461C>T,NP_001365539.2:p.Thr1154Ile,0.665,26.8,['Unknown%20significance'],42.36,0.26,0.0,-0.1,0.1
OTOGL,12,80313488,NM_001378610.3:c.3463T>G,NP_001365539.2:p.Ser1155Ala,0.310,22.9,['Unknown%20significance'],29.83,0.21,0.0,-0.3,0.3
OTOGL,12,80313489,NM_001378610.3:c.3464C>A,NP_001365539.2:p.Ser1155Tyr,0.262,25.2,['Unknown%20significance'],29.83,0.21,0.0,-1.1,1.1
OTOGL,12,80313493,NM_001378610.3:c.3468T>G,NP_001365539.2:p.Phe1156Leu,0.872,27.8,['Unknown%20significance'],3.75,0.01,0.0,1.8,1.8
OTOGL,12,80313494,NM_001378610.3:c.3469G>A,NP_001365539.2:p.Ala1157Thr,0.274,24.6,['Unknown%20significance'],1.85,0.01,0.0,-0.3,0.3
OTOGL,12,80313495,NM_001378610.3:c.3470C>A,NP_001365539.2:p.Ala1157Asp,0.382,26.0,['Unknown%20significance'],1.85,0.01,0.0,1.0,1.0
OTOGL,12,80313495,NM_001378610.3:c.3470C>T,NP_001365539.2:p.Ala1157Val,0.188,22.5,['Likely%20benign'],1.85,0.01,0.0,-1.5,1.5
OTOGL,12,80313501,NM_001378610.3:c.3476A>G,NP_001365539.2:p.Asn1159Ser,0.561,25.7,['Unknown%20significance'],0.0,0.0,0.0,0.1,0.1
OTOGL,12,80313501,NM_001378610.3:c.3476A>T,NP_001365539.2:p.Asn1159Ile,0.680,27.5,['Unknown%20significance'],0.0,0.0,0.0,-1.3,1.3
OTOGL,12,80313504,NM_001378610.3:c.3479G>A,NP_001365539.2:p.Cys1160Tyr,0.932,27.4,['Unknown%20significance'],0.0,0.0,0.0,3.1,3.1
OTOGL,12,80313504,NM_001378610.3:c.3479G>T,NP_001365539.2:p.Cys1160Phe,0.926,27.6,['Unknown%20significance'],0.0,0.0,0.0,3.1,3.1
OTOGL,12,80313507,NM_001378610.3:c.3482A>C,NP_001365539.2:p.His1161Pro,0.625,25.6,['Unknown%20significance'],30.32,0.14,0.0,1.0,1.0
OTOGL,12,80313509,NM_001378610.3:c.3484G>A,NP_001365539.2:p.Glu1162Lys,0.220,24.9,['Unknown%20significance'],0.36,0.0,0.0,-0.3,0.3
OTOGL,12,80313513,NM_001378610.3:c.3488A>G,NP_001365539.2:p.Asp1163Gly,0.885,29.2,['Unknown%20significance'],0.0,0.0,0.0,1.4,1.4
OTOGL,12,80313514,NM_001378610.3:c.3489T>A,NP_001365539.2:p.Asp1163Glu,0.620,17.74,['Unknown%20significance'],0.0,0.0,0.0,0.5,0.5
OTOGL,12,80313516,NM_001378610.3:c.3491C>A,NP_001365539.2:p.Thr1164Lys,0.792,24.9,['Unknown%20significance'],0.91,0.0,0.0,1.0,1.0
OTOGL,12,80313518,NM_001378610.3:c.3493T>C,NP_001365539.2:p.Cys1165Arg,0.871,27.5,['Unknown%20significance'],0.0,0.0,0.0,4.7,4.7
OTOGL,12,80313519,NM_001378610.3:c.3494G>A,NP_001365539.2:p.Cys1165Tyr,0.845,27.8,['Unknown%20significance'],0.0,0.0,0.0,3.4,3.4
OTOGL,12,80313522,NM_001378610.3:c.3497A>G,NP_001365539.2:p.Asn1166Ser,0.416,21.9,['Unknown%20significance'],7.58,0.04,0.0,-0.0,0.0
OTOGL,12,80313525,NM_001378610.3:c.3500G>A,NP_001365539.2:p.Cys1167Tyr,0.836,27.9,['Unknown%20significance'],2.75,0.01,0.0,2.2,2.2
OTOGL,12,80313527,NM_001378610.3:c.3502A>C,NP_001365539.2:p.Asn1168His,0.570,23.5,['Unknown%20significance'],83.77,0.52,0.0,-0.1,0.1
OTOGL,12,80313528,NM_001378610.3:c.3503A>G,NP_001365539.2:p.Asn1168Ser,0.418,23.2,['Unknown%20significance'],83.77,0.52,0.0,0.1,0.1
OTOGL,12,80313529,NM_001378610.3:c.3504T>A,NP_001365539.2:p.Asn1168Lys,0.494,23.5,['Unknown%20significance'],83.77,0.52,0.0,0.3,0.3
OTOGL,12,80313530,NM_001378610.3:c.3505C>A,NP_001365539.2:p.Leu1169Ile,0.340,24.4,['Unknown%20significance'],51.37,0.26,0.0,0.0,0.0
OTOGL,12,80313530,NM_001378610.3:c.3505C>T,NP_001365539.2:p.Leu1169Phe,0.365,24.7,['Unknown%20significance'],51.37,0.26,0.0,-0.1,0.1
OTOGL,12,80313533,NM_001378610.3:c.3508G>A,NP_001365539.2:p.Gly1170Ser,0.663,29.3,['Unknown%20significance'],106.11,1.0,0.0,-0.0,0.0
OTOGL,12,80313537,NM_001378610.3:c.3512G>T,NP_001365539.2:p.Gly1171Val,0.358,26.4,['Unknown%20significance'],62.59,0.65,0.0,0.1,0.1
OTOGL,12,80313539,NM_001378610.3:c.3514G>A,NP_001365539.2:p.Asp1172Asn,0.283,29.8,['Unknown%20significance'],107.43,0.67,0.0,-0.0,0.0
OTOGL,12,80313541,NM_001378610.3:c.3516C>G,NP_001365539.2:p.Asp1172Glu,0.285,15.97,['Unknown%20significance'],107.43,0.67,0.0,0.1,0.1
OTOGL,12,80313542,NM_001378610.3:c.3517T>C,NP_001365539.2:p.Cys1173Arg,0.849,28.5,['Unknown%20significance'],9.22,0.05,0.0,1.4,1.4
OTOGL,12,80313542,NM_001378610.3:c.3517T>G,NP_001365539.2:p.Cys1173Gly,0.807,32,['Unknown%20significance'],9.22,0.05,0.0,2.9,2.9
OTOGL,12,80313543,NM_001378610.3:c.3518G>A,NP_001365539.2:p.Cys1173Tyr,0.701,28.1,['Unknown%20significance'],9.22,0.05,0.0,0.7,0.7
OTOGL,12,80313549,NM_001378610.3:c.3524G>A,NP_001365539.2:p.Cys1175Tyr,0.843,32,['Unknown%20significance'],3.44,0.02,0.0,2.1,2.1
OTOGL,12,80313551,NM_001378610.3:c.3526T>A,NP_001365539.2:p.Leu1176Met,0.500,18.43,['Likely%20benign'],3.71,0.01,0.0,0.9,0.9
OTOGL,12,80313555,NM_001378610.3:c.3530G>A,NP_001365539.2:p.Cys1177Tyr,0.934,27.9,['Unknown%20significance'],27.96,0.18,0.0,2.7,2.7
OTOGL,12,80313557,NM_001378610.3:c.3532A>G,NP_001365539.2:p.Thr1178Ala,0.529,23.5,['Unknown%20significance'],7.85,0.04,0.0,-0.1,0.1
OTOGL,12,80313558,NM_001378610.3:c.3533C>G,NP_001365539.2:p.Thr1178Ser,0.403,23.1,['Unknown%20significance'],7.85,0.04,0.0,0.5,0.5
OTOGL,12,80313558,NM_001378610.3:c.3533C>T,NP_001365539.2:p.Thr1178Ile,0.742,25.4,['Unknown%20significance'],7.85,0.04,0.0,-1.0,1.0
OTOGL,12,80313560,NM_001378610.3:c.3535A>G,NP_001365539.2:p.Ser1179Gly,0.618,23.1,['Unknown%20significance'],0.0,0.0,0.0,1.1,1.1
OTOGL,12,80313560,NM_001378610.3:c.3535A>T,NP_001365539.2:p.Ser1179Cys,0.713,24.9,['Unknown%20significance'],0.0,0.0,0.0,-1.7,1.7
OTOGL,12,80313561,NM_001378610.3:c.3536G>C,NP_001365539.2:p.Ser1179Thr,0.250,16.20,['Unknown%20significance'],0.0,0.0,0.0,-0.4,0.4
OTOGL,12,80313563,NM_001378610.3:c.3538A>G,NP_001365539.2:p.Ile1180Val,0.186,5.052,['Likely%20benign'],0.0,0.0,0.0,0.3,0.3
OTOGL,12,80313564,NM_001378610.3:c.3539T>C,NP_001365539.2:p.Ile1180Thr,0.708,24.5,['Unknown%20significance'],0.0,0.0,0.0,2.7,2.7
OTOGL,12,80313566,NM_001378610.3:c.3541G>A,NP_001365539.2:p.Ala1181Thr,0.632,26.4,['Unknown%20significance'],3.18,0.02,0.0,0.5,0.5
OTOGL,12,80313566,NM_001378610.3:c.3541G>C,NP_001365539.2:p.Ala1181Pro,0.812,26.4,['Unknown%20significance'],3.18,0.02,0.0,1.1,1.1
OTOGL,12,80313566,NM_001378610.3:c.3541G>T,NP_001365539.2:p.Ala1181Ser,0.350,22.9,['Unknown%20significance'],3.18,0.02,0.0,0.8,0.8
OTOGL,12,80313567,NM_001378610.3:c.3542C>G,NP_001365539.2:p.Ala1181Gly,0.666,25.4,['Unknown%20significance'],3.18,0.02,0.0,1.6,1.6
OTOGL,12,80313567,NM_001378610.3:c.3542C>T,NP_001365539.2:p.Ala1181Val,0.742,26.0,['Unknown%20significance'],3.18,0.02,0.0,-0.5,0.5
OTOGL,12,80313569,NM_001378610.3:c.3544G>A,NP_001365539.2:p.Ala1182Thr,0.658,26.3,['Unknown%20significance'],0.0,0.0,0.0,0.7,0.7
OTOGL,12,80313570,NM_001378610.3:c.3545C>A,NP_001365539.2:p.Ala1182Glu,0.754,24.3,['Unknown%20significance'],0.0,0.0,0.0,1.7,1.7
OTOGL,12,80313573,NM_001378610.3:c.3548A>T,NP_001365539.2:p.Tyr1183Phe,0.786,25.6,['Unknown%20significance'],0.0,0.0,0.0,1.0,1.0
OTOGL,12,80313575,NM_001378610.3:c.3550G>A,NP_001365539.2:p.Ala1184Thr,0.829,26.9,['Unknown%20significance'],0.79,0.0,0.0,0.7,0.7
OTOGL,12,80313579,NM_001378610.3:c.3554A>G,NP_001365539.2:p.Tyr1185Cys,0.671,28.1,['Unknown%20significance'],0.08,0.0,0.0,0.7,0.7
OTOGL,12,80313579,NM_001378610.3:c.3554A>T,NP_001365539.2:p.Tyr1185Phe,0.588,24.0,['Unknown%20significance'],0.08,0.0,0.0,0.2,0.2
OTOGL,12,80313582,NM_001378610.3:c.3557A>G,NP_001365539.2:p.Lys1186Arg,0.365,19.19,['Unknown%20significance'],25.56,0.1,0.0,-0.7,0.7
OTOGL,12,80313585,NM_001378610.3:c.3560G>A,NP_001365539.2:p.Cys1187Tyr,0.951,27.7,['Unknown%20significance'],0.25,0.0,0.0,3.2,3.2
OTOGL,12,80313585,NM_001378610.3:c.3560G>T,NP_001365539.2:p.Cys1187Phe,0.936,28.2,['Unknown%20significance'],0.25,0.0,0.0,3.4,3.4
OTOGL,12,80313588,NM_001378610.3:c.3563G>T,NP_001365539.2:p.Cys1188Phe,0.782,28.0,['Unknown%20significance'],0.28,0.0,0.0,0.4,0.4
OTOGL,12,80313591,NM_001378610.3:c.3566A>G,NP_001365539.2:p.Gln1189Arg,0.788,25.7,['Unknown%20significance'],64.21,0.32,0.0,0.0,0.0
OTOGL,12,80313593,NM_001378610.3:c.3568G>A,NP_001365539.2:p.Glu1190Lys,0.301,22.9,['Unknown%20significance'],64.7,0.33,0.0,-0.0,0.0
OTOGL,12,80313597,NM_001378610.3:c.3572G>T,NP_001365539.2:p.Gly1191Val,0.898,26.8,['Unknown%20significance'],65.57,0.68,0.0,0.1,0.1
OTOGL,12,80313599,NM_001378610.3:c.3574A>C,NP_001365539.2:p.Ile1192Leu,0.179,15.77,['Likely%20benign'],41.34,0.21,0.0,0.6,0.6
OTOGL,12,80313600,NM_001378610.3:c.3575T>A,NP_001365539.2:p.Ile1192Lys,0.514,22.4,['Unknown%20significance'],41.34,0.21,0.0,2.6,2.6
OTOGL,12,80313600,NM_001378610.3:c.3575T>C,NP_001365539.2:p.Ile1192Thr,0.428,22.2,['Unknown%20significance'],41.34,0.21,0.0,1.6,1.6
OTOGL,12,80313601,NM_001378610.3:c.3576A>G,NP_001365539.2:p.Ile1192Met,0.253,0.608,['Likely%20benign'],41.34,0.21,0.0,0.8,0.8
OTOGL,12,80313602,NM_001378610.3:c.3577T>G,NP_001365539.2:p.Ser1193Ala,0.128,0.665,['Likely%20benign'],79.66,0.57,0.0,-0.2,0.2
OTOGL,12,80313603,NM_001378610.3:c.3578C>T,NP_001365539.2:p.Ser1193Leu,0.300,19.13,['Unknown%20significance'],79.66,0.57,0.0,-0.6,0.6
OTOGL,12,80313605,NM_001378610.3:c.3580A>G,NP_001365539.2:p.Ile1194Val,0.134,0.388,['Likely%20benign'],10.15,0.05,0.0,0.2,0.2
OTOGL,12,80313608,NM_001378610.3:c.3583C>A,NP_001365539.2:p.His1195Asn,0.298,16.85,['Unknown%20significance'],126.0,0.61,0.0,0.2,0.2
OTOGL,12,80313608,NM_001378610.3:c.3583C>T,NP_001365539.2:p.His1195Tyr,0.449,23.0,['Unknown%20significance'],126.0,0.61,0.0,-0.3,0.3
OTOGL,12,80313609,NM_001378610.3:c.3584A>G,NP_001365539.2:p.His1195Arg,0.217,16.10,['Unknown%20significance'],126.0,0.61,0.0,0.0,0.0
OTOGL,12,80313609,NM_001378610.3:c.3584A>T,NP_001365539.2:p.His1195Leu,0.548,17.89,['Unknown%20significance'],126.0,0.61,0.0,-0.2,0.2
OTOGL,12,80313613,NM_001378610.3:c.3588G>C,NP_001365539.2:p.Trp1196Cys,0.908,29.2,['Unknown%20significance'],0.04,0.0,0.0,4.5,4.5
OTOGL,12,80313613,NM_001378610.3:c.3588G>T,NP_001365539.2:p.Trp1196Cys,0.904,31,['Unknown%20significance'],0.04,0.0,0.0,4.5,4.5
OTOGL,12,80313615,NM_001378610.3:c.3590G>C,NP_001365539.2:p.Arg1197Thr,0.839,25.7,['Unknown%20significance'],18.59,0.06,0.0,1.6,1.6
OTOGL,12,80313617,NM_001378610.3:c.3592T>A,NP_001365539.2:p.Ser1198Thr,0.145,12.69,['Unknown%20significance'],56.2,0.4,0.0,-0.2,0.2
OTOGL,12,80313618,NM_001378610.3:c.3593C>T,NP_001365539.2:p.Ser1198Leu,0.593,24.1,['Unknown%20significance'],56.2,0.4,0.0,-0.2,0.2
OTOGL,12,80313620,NM_001378610.3:c.3595T>A,NP_001365539.2:p.Ser1199Thr,0.291,9.527,['Likely%20benign'],116.19,0.84,0.0,-0.1,0.1
OTOGL,12,80313620,NM_001378610.3:c.3595T>C,NP_001365539.2:p.Ser1199Pro,0.290,1.899,['Likely%20benign'],116.19,0.84,0.0,-0.0,0.0
OTOGL,12,80313621,NM_001378610.3:c.3596C>G,NP_001365539.2:p.Ser1199Cys,0.392,22.7,['Unknown%20significance'],116.19,0.84,0.0,0.1,0.1
OTOGL,12,80313626,NM_001378610.3:c.3601G>A,NP_001365539.2:p.Val1201Ile,0.126,1.096,['Likely%20benign'],31.57,0.18,0.0,-0.1,0.1
OTOGL,12,80313626,NM_001378610.3:c.3601G>C,NP_001365539.2:p.Val1201Leu,0.144,0.089,['Likely%20benign'],31.57,0.18,0.0,-0.1,0.1
OTOGL,12,80313629,NM_001378610.3:c.3604T>C,NP_001365539.2:p.Cys1202Arg,0.960,25.3,['Unknown%20significance'],8.13,0.05,0.0,3.8,3.8
OTOGL,12,80313629,NM_001378610.3:c.3604T>G,NP_001365539.2:p.Cys1202Gly,0.960,25.2,['Unknown%20significance'],8.13,0.05,0.0,4.7,4.7
OTOGL,12,80313630,NM_001378610.3:c.3605G>A,NP_001365539.2:p.Cys1202Tyr,0.975,29.1,['Unknown%20significance'],8.13,0.05,0.0,2.6,2.6
OTOGL,12,80313632,NM_001378610.3:c.3607T>C,NP_001365539.2:p.Ser1203Pro,0.135,10.60,['Likely%20benign'],76.72,0.55,0.0,-0.5,0.5
OTOGL,12,80314305,NM_001378610.3:c.3608C>T,NP_001365539.2:p.Ser1203Leu,0.455,30,['Unknown%20significance'],76.72,0.55,0.0,-0.4,0.4
OTOGL,12,80314307,NM_001378610.3:c.3610C>A,NP_001365539.2:p.Leu1204Ile,0.044,22.5,['Likely%20benign'],48.4,0.25,0.0,0.0,0.0
OTOGL,12,80314307,NM_001378610.3:c.3610C>G,NP_001365539.2:p.Leu1204Val,0.034,23.3,['Likely%20benign'],48.4,0.25,0.0,0.1,0.1
OTOGL,12,80314307,NM_001378610.3:c.3610C>T,NP_001365539.2:p.Leu1204Phe,0.055,21.5,['Likely%20benign'],48.4,0.25,0.0,0.0,0.0
OTOGL,12,80314308,NM_001378610.3:c.3611T>A,NP_001365539.2:p.Leu1204His,0.060,22.5,['Unknown%20significance'],48.4,0.25,0.0,1.1,1.1
OTOGL,12,80314308,NM_001378610.3:c.3611T>C,NP_001365539.2:p.Leu1204Pro,0.196,24.3,['Unknown%20significance'],48.4,0.25,0.0,1.7,1.7
OTOGL,12,80314308,NM_001378610.3:c.3611T>G,NP_001365539.2:p.Leu1204Arg,0.131,22.6,['Unknown%20significance'],48.4,0.25,0.0,1.4,1.4
OTOGL,12,80314310,NM_001378610.3:c.3613G>A,NP_001365539.2:p.Asp1205Asn,0.309,27.1,['Unknown%20significance'],84.03,0.52,0.0,-0.3,0.3
OTOGL,12,80314310,NM_001378610.3:c.3613G>C,NP_001365539.2:p.Asp1205His,0.396,27.1,['Unknown%20significance'],84.03,0.52,0.0,-0.6,0.6
OTOGL,12,80314310,NM_001378610.3:c.3613G>T,NP_001365539.2:p.Asp1205Tyr,0.426,26.5,['Unknown%20significance'],84.03,0.52,0.0,-1.0,1.0
OTOGL,12,80314311,NM_001378610.3:c.3614A>G,NP_001365539.2:p.Asp1205Gly,0.472,29.8,['Unknown%20significance'],84.03,0.52,0.0,0.1,0.1
OTOGL,12,80314311,NM_001378610.3:c.3614A>T,NP_001365539.2:p.Asp1205Val,0.493,29.8,['Unknown%20significance'],84.03,0.52,0.0,-0.8,0.8
OTOGL,12,80314312,NM_001378610.3:c.3615T>A,NP_001365539.2:p.Asp1205Glu,0.176,23.0,['Unknown%20significance'],84.03,0.52,0.0,-0.1,0.1
OTOGL,12,80314313,NM_001378610.3:c.3616T>A,NP_001365539.2:p.Cys1206Ser,0.739,32,['Unknown%20significance'],31.05,0.2,0.0,3.4,3.4
OTOGL,12,80314313,NM_001378610.3:c.3616T>C,NP_001365539.2:p.Cys1206Arg,0.717,28.7,['Unknown%20significance'],31.05,0.2,0.0,3.2,3.2
OTOGL,12,80314314,NM_001378610.3:c.3617G>A,NP_001365539.2:p.Cys1206Tyr,0.750,32,['Unknown%20significance'],31.05,0.2,0.0,2.1,2.1
OTOGL,12,80314314,NM_001378610.3:c.3617G>T,NP_001365539.2:p.Cys1206Phe,0.768,32,['Unknown%20significance'],31.05,0.2,0.0,2.2,2.2
OTOGL,12,80314316,NM_001378610.3:c.3619G>A,NP_001365539.2:p.Glu1207Lys,0.234,32,['Unknown%20significance'],76.48,0.39,0.0,0.2,0.2
OTOGL,12,80314316,NM_001378610.3:c.3619G>C,NP_001365539.2:p.Glu1207Gln,0.228,31,['Unknown%20significance'],76.48,0.39,0.0,-0.3,0.3
OTOGL,12,80314317,NM_001378610.3:c.3620A>G,NP_001365539.2:p.Glu1207Gly,0.330,28.7,['Unknown%20significance'],76.48,0.39,0.0,0.6,0.6
OTOGL,12,80314318,NM_001378610.3:c.3621A>C,NP_001365539.2:p.Glu1207Asp,0.052,17.16,['Unknown%20significance'],76.48,0.39,0.0,-0.1,0.1
OTOGL,12,80314318,NM_001378610.3:c.3621A>T,NP_001365539.2:p.Glu1207Asp,0.052,19.41,['Unknown%20significance'],76.48,0.39,0.0,-0.1,0.1
OTOGL,12,80314319,NM_001378610.3:c.3622T>A,NP_001365539.2:p.Tyr1208Asn,0.242,24.4,['Unknown%20significance'],154.29,0.64,0.0,0.7,0.7
OTOGL,12,80314319,NM_001378610.3:c.3622T>C,NP_001365539.2:p.Tyr1208His,0.185,24.2,['Unknown%20significance'],154.29,0.64,0.0,0.4,0.4
OTOGL,12,80314320,NM_001378610.3:c.3623A>G,NP_001365539.2:p.Tyr1208Cys,0.254,25.5,['Unknown%20significance'],154.29,0.64,0.0,0.4,0.4
OTOGL,12,80314320,NM_001378610.3:c.3623A>T,NP_001365539.2:p.Tyr1208Phe,0.072,19.19,['Unknown%20significance'],154.29,0.64,0.0,0.1,0.1
OTOGL,12,80314322,NM_001378610.3:c.3625T>C,NP_001365539.2:p.Tyr1209His,0.190,24.3,['Unknown%20significance'],33.29,0.13,0.0,1.0,1.0
OTOGL,12,80314323,NM_001378610.3:c.3626A>G,NP_001365539.2:p.Tyr1209Cys,0.269,24.4,['Unknown%20significance'],33.29,0.13,0.0,1.6,1.6
OTOGL,12,80314323,NM_001378610.3:c.3626A>T,NP_001365539.2:p.Tyr1209Phe,0.062,15.06,['Unknown%20significance'],33.29,0.13,0.0,0.6,0.6
OTOGL,12,80314325,NM_001378610.3:c.3628A>G,NP_001365539.2:p.Asn1210Asp,0.313,26.5,['Unknown%20significance'],6.19,0.03,0.0,0.7,0.7
OTOGL,12,80314325,NM_001378610.3:c.3628A>T,NP_001365539.2:p.Asn1210Tyr,0.508,29.1,['Unknown%20significance'],6.19,0.03,0.0,-0.9,0.9
OTOGL,12,80314326,NM_001378610.3:c.3629A>G,NP_001365539.2:p.Asn1210Ser,0.326,25.9,['Unknown%20significance'],6.19,0.03,0.0,0.4,0.4
OTOGL,12,80314327,NM_001378610.3:c.3630T>A,NP_001365539.2:p.Asn1210Lys,0.141,25.1,['Unknown%20significance'],6.19,0.03,0.0,0.7,0.7
OTOGL,12,80314328,NM_001378610.3:c.3631G>A,NP_001365539.2:p.Glu1211Lys,0.078,23.2,['Likely%20benign'],92.72,0.47,0.0,-0.0,0.0
OTOGL,12,80314329,NM_001378610.3:c.3632A>G,NP_001365539.2:p.Glu1211Gly,0.183,26.5,['Unknown%20significance'],92.72,0.47,0.0,0.4,0.4
OTOGL,12,80314329,NM_001378610.3:c.3632A>T,NP_001365539.2:p.Glu1211Val,0.147,35,['Unknown%20significance'],92.72,0.47,0.0,-0.4,0.4
OTOGL,12,80314330,NM_001378610.3:c.3633A>C,NP_001365539.2:p.Glu1211Asp,0.110,26.8,['Unknown%20significance'],92.72,0.47,0.0,0.1,0.1
OTOGL,12,80314330,NM_001378610.3:c.3633A>T,NP_001365539.2:p.Glu1211Asp,0.132,31,['Unknown%20significance'],92.72,0.47,0.0,0.1,0.1
OTOGL,12,80314331,NM_001378610.3:c.3634G>A,NP_001365539.2:p.Gly1212Arg,0.236,40,['Unknown%20significance'],23.17,0.24,0.0,-1.0,1.0
OTOGL,12,80318546,NM_001378610.3:c.3635G>A,NP_001365539.2:p.Gly1212Glu,0.086,23.7,['Unknown%20significance'],23.17,0.24,0.0,-0.5,0.5
OTOGL,12,80318546,NM_001378610.3:c.3635G>T,NP_001365539.2:p.Gly1212Val,0.130,32,['Unknown%20significance'],23.17,0.24,0.0,-1.1,1.1
OTOGL,12,80318548,NM_001378610.3:c.3637C>A,NP_001365539.2:p.Leu1213Ile,0.063,22.3,['Unknown%20significance'],0.03,0.0,0.0,0.2,0.2
OTOGL,12,80318548,NM_001378610.3:c.3637C>G,NP_001365539.2:p.Leu1213Val,0.072,22.4,['Unknown%20significance'],0.03,0.0,0.0,0.4,0.4
OTOGL,12,80318548,NM_001378610.3:c.3637C>T,NP_001365539.2:p.Leu1213Phe,0.128,22.6,['Unknown%20significance'],0.03,0.0,0.0,0.2,0.2
OTOGL,12,80318549,NM_001378610.3:c.3638T>C,NP_001365539.2:p.Leu1213Pro,0.338,27.8,['Unknown%20significance'],0.03,0.0,0.0,2.2,2.2
OTOGL,12,80318549,NM_001378610.3:c.3638T>G,NP_001365539.2:p.Leu1213Arg,0.324,27.2,['Unknown%20significance'],0.03,0.0,0.0,1.0,1.0
OTOGL,12,80318551,NM_001378610.3:c.3640G>A,NP_001365539.2:p.Gly1214Arg,0.451,32,['Unknown%20significance'],11.96,0.12,0.0,-0.9,0.9
OTOGL,12,80318552,NM_001378610.3:c.3641G>A,NP_001365539.2:p.Gly1214Glu,0.364,26.5,['Unknown%20significance'],11.96,0.12,0.0,-0.1,0.1
OTOGL,12,80318552,NM_001378610.3:c.3641G>T,NP_001365539.2:p.Gly1214Val,0.454,28.2,['Unknown%20significance'],11.96,0.12,0.0,-1.1,1.1
OTOGL,12,80318554,NM_001378610.3:c.3643G>A,NP_001365539.2:p.Glu1215Lys,0.147,20.2,['Unknown%20significance'],109.14,0.55,0.0,0.0,0.0
OTOGL,12,80318555,NM_001378610.3:c.3644A>G,NP_001365539.2:p.Glu1215Gly,0.238,24.8,['Unknown%20significance'],109.14,0.55,0.0,0.3,0.3
OTOGL,12,80318557,NM_001378610.3:c.3646G>A,NP_001365539.2:p.Gly1216Arg,0.432,29.8,['Unknown%20significance'],17.92,0.18,0.0,-0.5,0.5
OTOGL,12,80318557,NM_001378610.3:c.3646G>C,NP_001365539.2:p.Gly1216Arg,0.447,28.7,['Unknown%20significance'],17.92,0.18,0.0,-0.5,0.5
OTOGL,12,80318558,NM_001378610.3:c.3647G>C,NP_001365539.2:p.Gly1216Ala,0.386,26.5,['Unknown%20significance'],17.92,0.18,0.0,-0.3,0.3
OTOGL,12,80318558,NM_001378610.3:c.3647G>T,NP_001365539.2:p.Gly1216Val,0.480,24.7,['Unknown%20significance'],17.92,0.18,0.0,-0.7,0.7
OTOGL,12,80318560,NM_001378610.3:c.3649C>A,NP_001365539.2:p.Pro1217Thr,0.333,25.1,['Unknown%20significance'],12.17,0.07,0.0,0.3,0.3
OTOGL,12,80318560,NM_001378610.3:c.3649C>G,NP_001365539.2:p.Pro1217Ala,0.297,25.0,['Unknown%20significance'],12.17,0.07,0.0,0.5,0.5
OTOGL,12,80318560,NM_001378610.3:c.3649C>T,NP_001365539.2:p.Pro1217Ser,0.279,25.6,['Unknown%20significance'],12.17,0.07,0.0,0.7,0.7
OTOGL,12,80318561,NM_001378610.3:c.3650C>A,NP_001365539.2:p.Pro1217Gln,0.316,25.7,['Unknown%20significance'],12.17,0.07,0.0,0.4,0.4
OTOGL,12,80318561,NM_001378610.3:c.3650C>T,NP_001365539.2:p.Pro1217Leu,0.368,26.6,['Unknown%20significance'],12.17,0.07,0.0,-0.3,0.3
OTOGL,12,80318563,NM_001378610.3:c.3652T>C,NP_001365539.2:p.Tyr1218His,0.316,24.5,['Unknown%20significance'],31.79,0.13,0.0,1.6,1.6
OTOGL,12,80318564,NM_001378610.3:c.3653A>C,NP_001365539.2:p.Tyr1218Ser,0.272,25.7,['Unknown%20significance'],31.79,0.13,0.0,2.7,2.7
OTOGL,12,80318564,NM_001378610.3:c.3653A>G,NP_001365539.2:p.Tyr1218Cys,0.229,26.5,['Unknown%20significance'],31.79,0.13,0.0,1.6,1.6
OTOGL,12,80318566,NM_001378610.3:c.3655A>G,NP_001365539.2:p.Met1219Val,0.067,18.27,['Likely%20benign'],18.15,0.08,0.0,-0.0,0.0
OTOGL,12,80318567,NM_001378610.3:c.3656T>C,NP_001365539.2:p.Met1219Thr,0.086,20.8,['Likely%20benign'],18.15,0.08,0.0,0.6,0.6
OTOGL,12,80318568,NM_001378610.3:c.3657G>A,NP_001365539.2:p.Met1219Ile,0.087,20.1,['Likely%20benign'],18.15,0.08,0.0,-0.1,0.1
OTOGL,12,80318568,NM_001378610.3:c.3657G>T,NP_001365539.2:p.Met1219Ile,0.087,19.53,['Likely%20benign'],18.15,0.08,0.0,-0.1,0.1
OTOGL,12,80318569,NM_001378610.3:c.3658C>A,NP_001365539.2:p.Leu1220Met,0.254,23.4,['Unknown%20significance'],0.0,0.0,0.0,0.8,0.8
OTOGL,12,80318570,NM_001378610.3:c.3659T>C,NP_001365539.2:p.Leu1220Pro,0.479,28.3,['Unknown%20significance'],0.0,0.0,0.0,2.8,2.8
OTOGL,12,80318572,NM_001378610.3:c.3661G>A,NP_001365539.2:p.Ala1221Thr,0.075,23.7,['Unknown%20significance'],0.61,0.0,0.0,-0.2,0.2
OTOGL,12,80318572,NM_001378610.3:c.3661G>T,NP_001365539.2:p.Ala1221Ser,0.080,21.2,['Likely%20benign'],0.61,0.0,0.0,0.5,0.5
OTOGL,12,80318573,NM_001378610.3:c.3662C>A,NP_001365539.2:p.Ala1221Glu,0.221,23.1,['Unknown%20significance'],0.61,0.0,0.0,0.8,0.8
OTOGL,12,80318573,NM_001378610.3:c.3662C>G,NP_001365539.2:p.Ala1221Gly,0.123,23.4,['Unknown%20significance'],0.61,0.0,0.0,1.5,1.5
OTOGL,12,80318573,NM_001378610.3:c.3662C>T,NP_001365539.2:p.Ala1221Val,0.052,19.69,['Likely%20benign'],0.61,0.0,0.0,-1.2,1.2
OTOGL,12,80318575,NM_001378610.3:c.3664A>G,NP_001365539.2:p.Ser1222Gly,0.245,23.6,['Unknown%20significance'],0.52,0.0,0.0,0.9,0.9
OTOGL,12,80318575,NM_001378610.3:c.3664A>T,NP_001365539.2:p.Ser1222Cys,0.297,25.9,['Unknown%20significance'],0.52,0.0,0.0,-0.7,0.7
OTOGL,12,80318576,NM_001378610.3:c.3665G>A,NP_001365539.2:p.Ser1222Asn,0.151,22.6,['Unknown%20significance'],0.52,0.0,0.0,0.2,0.2
OTOGL,12,80318576,NM_001378610.3:c.3665G>T,NP_001365539.2:p.Ser1222Ile,0.193,23.1,['Unknown%20significance'],0.52,0.0,0.0,-0.9,0.9
OTOGL,12,80318577,NM_001378610.3:c.3666C>A,NP_001365539.2:p.Ser1222Arg,0.283,23.2,['Unknown%20significance'],0.52,0.0,0.0,-0.3,0.3
OTOGL,12,80318578,NM_001378610.3:c.3667T>C,NP_001365539.2:p.Tyr1223His,0.133,26.2,['Unknown%20significance'],66.09,0.27,0.0,1.0,1.0
OTOGL,12,80318579,NM_001378610.3:c.3668A>G,NP_001365539.2:p.Tyr1223Cys,0.136,23.8,['Likely%20benign'],66.09,0.27,0.0,0.7,0.7
OTOGL,12,80318579,NM_001378610.3:c.3668A>T,NP_001365539.2:p.Tyr1223Phe,0.120,22.0,['Likely%20benign'],66.09,0.27,0.0,0.2,0.2
OTOGL,12,80318581,NM_001378610.3:c.3670G>A,NP_001365539.2:p.Gly1224Arg,0.274,22.9,['Unknown%20significance'],70.69,0.74,0.0,-0.3,0.3
OTOGL,12,80318581,NM_001378610.3:c.3670G>T,NP_001365539.2:p.Gly1224Trp,0.336,25.7,['Unknown%20significance'],70.69,0.74,0.0,-0.4,0.4
OTOGL,12,80318582,NM_001378610.3:c.3671G>A,NP_001365539.2:p.Gly1224Glu,0.231,19.56,['Unknown%20significance'],70.69,0.74,0.0,-0.1,0.1
OTOGL,12,80318582,NM_001378610.3:c.3671G>T,NP_001365539.2:p.Gly1224Val,0.169,20.3,['Unknown%20significance'],70.69,0.74,0.0,-0.4,0.4
OTOGL,12,80318584,NM_001378610.3:c.3673C>A,NP_001365539.2:p.Gln1225Lys,0.077,14.74,['Likely%20benign'],77.68,0.39,0.0,0.4,0.4
OTOGL,12,80318585,NM_001378610.3:c.3674A>C,NP_001365539.2:p.Gln1225Pro,0.066,18.10,['Likely%20benign'],77.68,0.39,0.0,0.2,0.2
OTOGL,12,80318585,NM_001378610.3:c.3674A>G,NP_001365539.2:p.Gln1225Arg,0.068,16.91,['Unknown%20significance'],77.68,0.39,0.0,-0.1,0.1
OTOGL,12,80318586,NM_001378610.3:c.3675G>C,NP_001365539.2:p.Gln1225His,0.032,13.92,['Unknown%20significance'],77.68,0.39,0.0,-0.1,0.1
OTOGL,12,80318586,NM_001378610.3:c.3675G>T,NP_001365539.2:p.Gln1225His,0.032,14.86,['Likely%20benign'],77.68,0.39,0.0,-0.1,0.1
OTOGL,12,80318587,NM_001378610.3:c.3676A>G,NP_001365539.2:p.Ser1226Gly,0.104,21.0,['Likely%20benign'],77.74,0.56,0.0,0.4,0.4
OTOGL,12,80318588,NM_001378610.3:c.3677G>A,NP_001365539.2:p.Ser1226Asn,0.072,10.60,['Likely%20benign'],77.74,0.56,0.0,0.0,0.0
OTOGL,12,80318588,NM_001378610.3:c.3677G>C,NP_001365539.2:p.Ser1226Thr,0.149,13.12,['Likely%20benign'],77.74,0.56,0.0,-0.2,0.2
OTOGL,12,80318588,NM_001378610.3:c.3677G>T,NP_001365539.2:p.Ser1226Ile,0.140,15.66,['Likely%20benign'],77.74,0.56,0.0,-0.3,0.3
OTOGL,12,80318589,NM_001378610.3:c.3678T>A,NP_001365539.2:p.Ser1226Arg,0.048,20.8,['Likely%20benign'],77.74,0.56,0.0,-0.3,0.3
OTOGL,12,80318590,NM_001378610.3:c.3679G>A,NP_001365539.2:p.Gly1227Ser,0.185,23.3,['Unknown%20significance'],37.41,0.39,0.0,-0.2,0.2
OTOGL,12,80318590,NM_001378610.3:c.3679G>T,NP_001365539.2:p.Gly1227Cys,0.227,27.7,['Unknown%20significance'],37.41,0.39,0.0,-0.5,0.5
OTOGL,12,80318591,NM_001378610.3:c.3680G>A,NP_001365539.2:p.Gly1227Asp,0.090,16.92,['Likely%20benign'],37.41,0.39,0.0,0.1,0.1
OTOGL,12,80318591,NM_001378610.3:c.3680G>C,NP_001365539.2:p.Gly1227Ala,0.114,19.94,['Likely%20benign'],37.41,0.39,0.0,-0.3,0.3
OTOGL,12,80318591,NM_001378610.3:c.3680G>T,NP_001365539.2:p.Gly1227Val,0.152,23.1,['Unknown%20significance'],37.41,0.39,0.0,-0.6,0.6
OTOGL,12,80318593,NM_001378610.3:c.3682C>A,NP_001365539.2:p.Leu1228Ile,0.049,17.39,['Likely%20benign'],31.64,0.16,0.0,-0.0,0.0
OTOGL,12,80318593,NM_001378610.3:c.3682C>G,NP_001365539.2:p.Leu1228Val,0.052,16.55,['Likely%20benign'],31.64,0.16,0.0,0.1,0.1
OTOGL,12,80318593,NM_001378610.3:c.3682C>T,NP_001365539.2:p.Leu1228Phe,0.046,16.82,['Likely%20benign'],31.64,0.16,0.0,-0.1,0.1
OTOGL,12,80318594,NM_001378610.3:c.3683T>A,NP_001365539.2:p.Leu1228His,0.073,23.4,['Unknown%20significance'],31.64,0.16,0.0,0.9,0.9
OTOGL,12,80318594,NM_001378610.3:c.3683T>C,NP_001365539.2:p.Leu1228Pro,0.147,23.9,['Unknown%20significance'],31.64,0.16,0.0,1.7,1.7
OTOGL,12,80318594,NM_001378610.3:c.3683T>G,NP_001365539.2:p.Leu1228Arg,0.142,22.5,['Unknown%20significance'],31.64,0.16,0.0,0.7,0.7
OTOGL,12,80318596,NM_001378610.3:c.3685G>T,NP_001365539.2:p.Val1229Phe,0.144,9.931,['Likely%20benign'],1.0,0.0,0.0,0.2,0.2
OTOGL,12,80318597,NM_001378610.3:c.3686T>C,NP_001365539.2:p.Val1229Ala,0.097,22.8,['Unknown%20significance'],1.0,0.0,0.0,1.8,1.8
OTOGL,12,80318599,NM_001378610.3:c.3688C>A,NP_001365539.2:p.Leu1230Met,0.029,14.67,['Likely%20benign'],0.0,0.0,0.0,0.9,0.9
OTOGL,12,80318599,NM_001378610.3:c.3688C>G,NP_001365539.2:p.Leu1230Val,0.037,12.77,['Likely%20benign'],0.0,0.0,0.0,0.3,0.3
OTOGL,12,80318600,NM_001378610.3:c.3689T>C,NP_001365539.2:p.Leu1230Pro,0.258,27.3,['Unknown%20significance'],0.0,0.0,0.0,3.3,3.3
OTOGL,12,80318602,NM_001378610.3:c.3691G>A,NP_001365539.2:p.Gly1231Arg,0.372,27.5,['Unknown%20significance'],0.08,0.0,0.0,-1.0,1.0
OTOGL,12,80318602,NM_001378610.3:c.3691G>T,NP_001365539.2:p.Gly1231Trp,0.465,29.2,['Unknown%20significance'],0.08,0.0,0.0,-1.9,1.9
OTOGL,12,80318603,NM_001378610.3:c.3692G>A,NP_001365539.2:p.Gly1231Glu,0.261,25.4,['Unknown%20significance'],0.08,0.0,0.0,-0.1,0.1
OTOGL,12,80318603,NM_001378610.3:c.3692G>T,NP_001365539.2:p.Gly1231Val,0.260,25.2,['Unknown%20significance'],0.08,0.0,0.0,-1.8,1.8
OTOGL,12,80318605,NM_001378610.3:c.3694G>A,NP_001365539.2:p.Ala1232Thr,0.108,25.1,['Unknown%20significance'],0.0,0.0,0.0,-0.0,0.0
OTOGL,12,80318605,NM_001378610.3:c.3694G>C,NP_001365539.2:p.Ala1232Pro,0.183,25.6,['Unknown%20significance'],0.0,0.0,0.0,0.9,0.9
OTOGL,12,80318605,NM_001378610.3:c.3694G>T,NP_001365539.2:p.Ala1232Ser,0.134,24.5,['Likely%20benign'],0.0,0.0,0.0,0.6,0.6
OTOGL,12,80318606,NM_001378610.3:c.3695C>A,NP_001365539.2:p.Ala1232Asp,0.125,23.4,['Unknown%20significance'],0.0,0.0,0.0,1.2,1.2
OTOGL,12,80318606,NM_001378610.3:c.3695C>G,NP_001365539.2:p.Ala1232Gly,0.103,22.1,['Unknown%20significance'],0.0,0.0,0.0,1.4,1.4
OTOGL,12,80318606,NM_001378610.3:c.3695C>T,NP_001365539.2:p.Ala1232Val,0.095,16.17,['Likely%20benign'],0.0,0.0,0.0,-1.0,1.0
OTOGL,12,80318608,NM_001378610.3:c.3697A>G,NP_001365539.2:p.Asn1233Asp,0.091,25.6,['Unknown%20significance'],29.6,0.18,0.0,0.4,0.4
OTOGL,12,80318609,NM_001378610.3:c.3698A>G,NP_001365539.2:p.Asn1233Ser,0.138,23.8,['Unknown%20significance'],29.6,0.18,0.0,0.3,0.3
OTOGL,12,80318609,NM_001378610.3:c.3698A>T,NP_001365539.2:p.Asn1233Ile,0.235,27.2,['Unknown%20significance'],29.6,0.18,0.0,-0.3,0.3
OTOGL,12,80318610,NM_001378610.3:c.3699T>A,NP_001365539.2:p.Asn1233Lys,0.058,19.96,['Unknown%20significance'],29.6,0.18,0.0,0.5,0.5
OTOGL,12,80318611,NM_001378610.3:c.3700A>G,NP_001365539.2:p.Met1234Val,0.036,7.412,['Likely%20benign'],56.31,0.26,0.0,0.0,0.0
OTOGL,12,80318612,NM_001378610.3:c.3701T>A,NP_001365539.2:p.Met1234Lys,0.138,22.3,['Unknown%20significance'],56.31,0.26,0.0,1.2,1.2
OTOGL,12,80318612,NM_001378610.3:c.3701T>C,NP_001365539.2:p.Met1234Thr,0.112,22.0,['Unknown%20significance'],56.31,0.26,0.0,0.5,0.5
OTOGL,12,80318613,NM_001378610.3:c.3702G>A,NP_001365539.2:p.Met1234Ile,0.074,13.99,['Benign'],56.31,0.26,0.0,-0.1,0.1
OTOGL,12,80318613,NM_001378610.3:c.3702G>C,NP_001365539.2:p.Met1234Ile,0.074,13.05,['Likely%20benign'],56.31,0.26,0.0,-0.1,0.1
OTOGL,12,80318613,NM_001378610.3:c.3702G>T,NP_001365539.2:p.Met1234Ile,0.082,13.40,['Likely%20benign'],56.31,0.26,0.0,-0.1,0.1
OTOGL,12,80318614,NM_001378610.3:c.3703A>C,NP_001365539.2:p.Thr1235Pro,0.217,25.8,['Unknown%20significance'],148.02,0.94,0.0,0.1,0.1
OTOGL,12,80318614,NM_001378610.3:c.3703A>G,NP_001365539.2:p.Thr1235Ala,0.106,21.9,['Unknown%20significance'],148.02,0.94,0.0,0.1,0.1
OTOGL,12,80318615,NM_001378610.3:c.3704C>A,NP_001365539.2:p.Thr1235Asn,0.078,15.94,['Unknown%20significance'],148.02,0.94,0.0,0.1,0.1
OTOGL,12,80318615,NM_001378610.3:c.3704C>G,NP_001365539.2:p.Thr1235Ser,0.047,12.59,['Likely%20benign'],148.02,0.94,0.0,0.1,0.1
OTOGL,12,80318615,NM_001378610.3:c.3704C>T,NP_001365539.2:p.Thr1235Ile,0.090,20.5,['Unknown%20significance'],148.02,0.94,0.0,0.0,0.0
OTOGL,12,80318617,NM_001378610.3:c.3706A>G,NP_001365539.2:p.Ser1236Gly,0.195,22.2,['Unknown%20significance'],78.2,0.56,0.0,0.4,0.4
OTOGL,12,80318617,NM_001378610.3:c.3706A>T,NP_001365539.2:p.Ser1236Cys,0.392,26.9,['Unknown%20significance'],78.2,0.56,0.0,-0.1,0.1
OTOGL,12,80318618,NM_001378610.3:c.3707G>A,NP_001365539.2:p.Ser1236Asn,0.109,21.8,['Unknown%20significance'],78.2,0.56,0.0,0.1,0.1
OTOGL,12,80318618,NM_001378610.3:c.3707G>T,NP_001365539.2:p.Ser1236Ile,0.318,25.7,['Unknown%20significance'],78.2,0.56,0.0,-0.1,0.1
OTOGL,12,80318619,NM_001378610.3:c.3708C>A,NP_001365539.2:p.Ser1236Arg,0.244,23.1,['Unknown%20significance'],78.2,0.56,0.0,-0.0,0.0
OTOGL,12,80318619,NM_001378610.3:c.3708C>G,NP_001365539.2:p.Ser1236Arg,0.264,23.1,['Unknown%20significance'],78.2,0.56,0.0,-0.0,0.0
OTOGL,12,80318620,NM_001378610.3:c.3709A>G,NP_001365539.2:p.Arg1237Gly,0.024,15.47,['Likely%20benign'],91.62,0.34,0.0,0.8,0.8
OTOGL,12,80318621,NM_001378610.3:c.3710G>A,NP_001365539.2:p.Arg1237Lys,0.074,22.2,['Likely%20benign'],91.62,0.34,0.0,0.7,0.7
OTOGL,12,80318621,NM_001378610.3:c.3710G>T,NP_001365539.2:p.Arg1237Ile,0.147,24.0,['Unknown%20significance'],91.62,0.34,0.0,-0.2,0.2
OTOGL,12,80318622,NM_001378610.3:c.3711A>T,NP_001365539.2:p.Arg1237Ser,0.061,19.14,['Likely%20benign'],91.62,0.34,0.0,0.5,0.5
OTOGL,12,80318623,NM_001378610.3:c.3712A>G,NP_001365539.2:p.Ser1238Gly,0.085,20.5,['Likely%20benign'],50.02,0.36,0.0,0.6,0.6
OTOGL,12,80318623,NM_001378610.3:c.3712A>T,NP_001365539.2:p.Ser1238Cys,0.161,22.8,['Unknown%20significance'],50.02,0.36,0.0,-0.4,0.4
OTOGL,12,80318624,NM_001378610.3:c.3713G>T,NP_001365539.2:p.Ser1238Ile,0.054,16.17,['Unknown%20significance'],50.02,0.36,0.0,-0.6,0.6
OTOGL,12,80318625,NM_001378610.3:c.3714C>A,NP_001365539.2:p.Ser1238Arg,0.093,14.62,['Likely%20benign'],50.02,0.36,0.0,-0.3,0.3
OTOGL,12,80318625,NM_001378610.3:c.3714C>G,NP_001365539.2:p.Ser1238Arg,0.093,15.52,['Likely%20benign'],50.02,0.36,0.0,-0.3,0.3
OTOGL,12,80318626,NM_001378610.3:c.3715G>A,NP_001365539.2:p.Val1239Ile,0.045,8.984,['Likely%20benign'],1.4,0.0,0.0,-0.1,0.1
OTOGL,12,80318626,NM_001378610.3:c.3715G>C,NP_001365539.2:p.Val1239Leu,0.058,13.73,['Likely%20benign'],1.4,0.0,0.0,0.2,0.2
OTOGL,12,80318626,NM_001378610.3:c.3715G>T,NP_001365539.2:p.Val1239Phe,0.070,18.05,['Likely%20benign'],1.4,0.0,0.0,0.1,0.1
OTOGL,12,80318627,NM_001378610.3:c.3716T>C,NP_001365539.2:p.Val1239Ala,0.216,23.9,['Unknown%20significance'],1.4,0.0,0.0,1.7,1.7
OTOGL,12,80318627,NM_001378610.3:c.3716T>G,NP_001365539.2:p.Val1239Gly,0.395,26.3,['Unknown%20significance'],1.4,0.0,0.0,3.1,3.1
OTOGL,12,80318629,NM_001378610.3:c.3718T>C,NP_001365539.2:p.Phe1240Leu,0.103,24.0,['Unknown%20significance'],62.93,0.27,0.0,0.8,0.8
OTOGL,12,80318629,NM_001378610.3:c.3718T>G,NP_001365539.2:p.Phe1240Val,0.148,23.9,['Unknown%20significance'],62.93,0.27,0.0,0.8,0.8
OTOGL,12,80318630,NM_001378610.3:c.3719T>C,NP_001365539.2:p.Phe1240Ser,0.201,28.8,['Unknown%20significance'],62.93,0.27,0.0,2.4,2.4
OTOGL,12,80318631,NM_001378610.3:c.3720C>A,NP_001365539.2:p.Phe1240Leu,0.115,23.4,['Unknown%20significance'],62.93,0.27,0.0,0.8,0.8
OTOGL,12,80318632,NM_001378610.3:c.3721T>A,NP_001365539.2:p.Cys1241Ser,0.092,20.3,['Likely%20benign'],4.31,0.02,0.0,1.2,1.2
OTOGL,12,80318632,NM_001378610.3:c.3721T>C,NP_001365539.2:p.Cys1241Arg,0.084,23.4,['Unknown%20significance'],4.31,0.02,0.0,0.8,0.8
OTOGL,12,80318633,NM_001378610.3:c.3722G>A,NP_001365539.2:p.Cys1241Tyr,0.070,22.2,['Likely%20benign'],4.31,0.02,0.0,-0.3,0.3
OTOGL,12,80318633,NM_001378610.3:c.3722G>T,NP_001365539.2:p.Cys1241Phe,0.064,22.3,['Likely%20benign'],4.31,0.02,0.0,-0.3,0.3
OTOGL,12,80318634,NM_001378610.3:c.3723T>G,NP_001365539.2:p.Cys1241Trp,0.094,23.6,['Unknown%20significance'],4.31,0.02,0.0,-0.3,0.3
OTOGL,12,80318635,NM_001378610.3:c.3724T>G,NP_001365539.2:p.Leu1242Val,0.080,14.61,['Likely%20benign'],0.6,0.0,0.0,0.4,0.4
OTOGL,12,80318636,NM_001378610.3:c.3725T>C,NP_001365539.2:p.Leu1242Ser,0.092,23.1,['Unknown%20significance'],0.6,0.0,0.0,2.4,2.4
OTOGL,12,80318637,NM_001378610.3:c.3726G>C,NP_001365539.2:p.Leu1242Phe,0.080,20.9,['Unknown%20significance'],0.6,0.0,0.0,-0.1,0.1
OTOGL,12,80318637,NM_001378610.3:c.3726G>T,NP_001365539.2:p.Leu1242Phe,0.108,20.9,['Unknown%20significance'],0.6,0.0,0.0,-0.1,0.1
OTOGL,12,80318638,NM_001378610.3:c.3727C>A,NP_001365539.2:p.Pro1243Thr,0.064,16.63,['Unknown%20significance'],82.95,0.52,0.0,-0.2,0.2
OTOGL,12,80318638,NM_001378610.3:c.3727C>G,NP_001365539.2:p.Pro1243Ala,0.070,16.33,['Unknown%20significance'],82.95,0.52,0.0,-0.1,0.1
OTOGL,12,80318638,NM_001378610.3:c.3727C>T,NP_001365539.2:p.Pro1243Ser,0.052,17.07,['Likely%20benign'],82.95,0.52,0.0,-0.1,0.1
OTOGL,12,80318639,NM_001378610.3:c.3728C>A,NP_001365539.2:p.Pro1243Gln,0.113,15.62,['Likely%20benign'],82.95,0.52,0.0,-0.2,0.2
OTOGL,12,80318639,NM_001378610.3:c.3728C>G,NP_001365539.2:p.Pro1243Arg,0.024,11.28,['Likely%20benign'],82.95,0.52,0.0,-0.4,0.4
OTOGL,12,80318639,NM_001378610.3:c.3728C>T,NP_001365539.2:p.Pro1243Leu,0.060,16.71,['Likely%20benign'],82.95,0.52,0.0,-0.3,0.3
OTOGL,12,80318641,NM_001378610.3:c.3730A>G,NP_001365539.2:p.Arg1244Gly,0.261,22.9,['Unknown%20significance'],107.08,0.39,0.0,0.8,0.8
OTOGL,12,80318642,NM_001378610.3:c.3731G>A,NP_001365539.2:p.Arg1244Lys,0.075,20.7,['Unknown%20significance'],107.08,0.39,0.0,0.6,0.6
OTOGL,12,80318642,NM_001378610.3:c.3731G>T,NP_001365539.2:p.Arg1244Ile,0.207,23.4,['Unknown%20significance'],107.08,0.39,0.0,-0.1,0.1
OTOGL,12,80318643,NM_001378610.3:c.3732A>T,NP_001365539.2:p.Arg1244Ser,0.184,20.9,['Unknown%20significance'],107.08,0.39,0.0,0.5,0.5
OTOGL,12,80318644,NM_001378610.3:c.3733A>G,NP_001365539.2:p.Ser1245Gly,0.081,19.93,['Likely%20benign'],118.3,0.85,0.0,0.2,0.2
OTOGL,12,80318644,NM_001378610.3:c.3733A>T,NP_001365539.2:p.Ser1245Cys,0.091,24.3,['Unknown%20significance'],118.3,0.85,0.0,-0.1,0.1
OTOGL,12,80318645,NM_001378610.3:c.3734G>A,NP_001365539.2:p.Ser1245Asn,0.088,16.85,['Likely%20benign'],118.3,0.85,0.0,0.0,0.0
OTOGL,12,80318645,NM_001378610.3:c.3734G>T,NP_001365539.2:p.Ser1245Ile,0.052,18.66,['Likely%20benign'],118.3,0.85,0.0,-0.1,0.1
OTOGL,12,80318646,NM_001378610.3:c.3735C>A,NP_001365539.2:p.Ser1245Arg,0.058,13.18,['Likely%20benign'],118.3,0.85,0.0,-0.1,0.1
OTOGL,12,80318647,NM_001378610.3:c.3736A>G,NP_001365539.2:p.Ser1246Gly,0.037,7.748,['Likely%20benign'],35.65,0.25,0.0,0.8,0.8
OTOGL,12,80318647,NM_001378610.3:c.3736A>T,NP_001365539.2:p.Ser1246Cys,0.046,15.40,['Likely%20benign'],35.65,0.25,0.0,-0.3,0.3
OTOGL,12,80318648,NM_001378610.3:c.3737G>A,NP_001365539.2:p.Ser1246Asn,0.093,12.16,['Likely%20benign'],35.65,0.25,0.0,-0.0,0.0
OTOGL,12,80318648,NM_001378610.3:c.3737G>T,NP_001365539.2:p.Ser1246Ile,0.076,15.16,['Likely%20benign'],35.65,0.25,0.0,-0.4,0.4
OTOGL,12,80318649,NM_001378610.3:c.3738T>A,NP_001365539.2:p.Ser1246Arg,0.073,4.879,['Likely%20benign'],35.65,0.25,0.0,-0.3,0.3
OTOGL,12,80318649,NM_001378610.3:c.3738T>G,NP_001365539.2:p.Ser1246Arg,0.073,6.137,['Likely%20benign'],35.65,0.25,0.0,-0.3,0.3
OTOGL,12,80318650,NM_001378610.3:c.3739G>A,NP_001365539.2:p.Val1247Ile,0.019,0.314,['Likely%20benign'],105.01,0.61,0.0,0.0,0.0
OTOGL,12,80318650,NM_001378610.3:c.3739G>C,NP_001365539.2:p.Val1247Leu,0.035,0.717,['Likely%20benign'],105.01,0.61,0.0,0.1,0.1
OTOGL,12,80318650,NM_001378610.3:c.3739G>T,NP_001365539.2:p.Val1247Phe,0.073,1.584,['Likely%20benign'],105.01,0.61,0.0,0.0,0.0
OTOGL,12,80318651,NM_001378610.3:c.3740T>A,NP_001365539.2:p.Val1247Asp,0.052,9.676,['Likely%20benign'],105.01,0.61,0.0,0.6,0.6
OTOGL,12,80318651,NM_001378610.3:c.3740T>C,NP_001365539.2:p.Val1247Ala,0.034,4.442,['Likely%20benign'],105.01,0.61,0.0,0.3,0.3
OTOGL,12,80318653,NM_001378610.3:c.3742C>A,NP_001365539.2:p.His1248Asn,0.068,15.76,['Likely%20benign'],114.24,0.55,0.0,0.2,0.2
OTOGL,12,80318653,NM_001378610.3:c.3742C>G,NP_001365539.2:p.His1248Asp,0.039,16.43,['Unknown%20significance'],114.24,0.55,0.0,0.4,0.4
OTOGL,12,80318653,NM_001378610.3:c.3742C>T,NP_001365539.2:p.His1248Tyr,0.103,12.05,['Likely%20benign'],114.24,0.55,0.0,-0.3,0.3
OTOGL,12,80318654,NM_001378610.3:c.3743A>G,NP_001365539.2:p.His1248Arg,0.064,11.54,['Likely%20benign'],114.24,0.55,0.0,0.0,0.0
OTOGL,12,80318656,NM_001378610.3:c.3745A>G,NP_001365539.2:p.Thr1249Ala,0.067,12.62,['Likely%20benign'],149.07,0.94,0.0,0.0,0.0
OTOGL,12,80318656,NM_001378610.3:c.3745A>T,NP_001365539.2:p.Thr1249Ser,0.058,9.939,['Likely%20benign'],149.07,0.94,0.0,0.0,0.0
OTOGL,12,80318657,NM_001378610.3:c.3746C>A,NP_001365539.2:p.Thr1249Asn,0.048,12.74,['Likely%20benign'],149.07,0.94,0.0,0.0,0.0
OTOGL,12,80318657,NM_001378610.3:c.3746C>G,NP_001365539.2:p.Thr1249Ser,0.032,9.784,['Likely%20benign'],149.07,0.94,0.0,0.0,0.0
OTOGL,12,80318657,NM_001378610.3:c.3746C>T,NP_001365539.2:p.Thr1249Ile,0.053,14.09,['Likely%20benign'],149.07,0.94,0.0,-0.1,0.1
OTOGL,12,80318659,NM_001378610.3:c.3748A>G,NP_001365539.2:p.Ser1250Gly,0.079,5.651,['Likely%20benign'],57.92,0.42,0.0,0.4,0.4
OTOGL,12,80318659,NM_001378610.3:c.3748A>T,NP_001365539.2:p.Ser1250Cys,0.133,17.87,['Unknown%20significance'],57.92,0.42,0.0,-0.4,0.4
OTOGL,12,80318660,NM_001378610.3:c.3749G>A,NP_001365539.2:p.Ser1250Asn,0.032,3.160,['Likely%20benign'],57.92,0.42,0.0,0.0,0.0
OTOGL,12,80318660,NM_001378610.3:c.3749G>C,NP_001365539.2:p.Ser1250Thr,0.042,5.992,['Likely%20benign'],57.92,0.42,0.0,-0.2,0.2
OTOGL,12,80318660,NM_001378610.3:c.3749G>T,NP_001365539.2:p.Ser1250Ile,0.058,9.554,['Likely%20benign'],57.92,0.42,0.0,-0.4,0.4
OTOGL,12,80318661,NM_001378610.3:c.3750T>G,NP_001365539.2:p.Ser1250Arg,0.081,12.49,['Unknown%20significance'],57.92,0.42,0.0,-0.2,0.2
OTOGL,12,80318662,NM_001378610.3:c.3751T>A,NP_001365539.2:p.Leu1251Ile,0.043,10.71,['Likely%20benign'],16.04,0.08,0.0,-0.1,0.1
OTOGL,12,80318663,NM_001378610.3:c.3752T>C,NP_001365539.2:p.Leu1251Ser,0.113,20.4,['Unknown%20significance'],16.04,0.08,0.0,1.5,1.5
OTOGL,12,80318664,NM_001378610.3:c.3753A>T,NP_001365539.2:p.Leu1251Phe,0.079,5.907,['Likely%20benign'],16.04,0.08,0.0,-0.1,0.1
OTOGL,12,80318665,NM_001378610.3:c.3754T>A,NP_001365539.2:p.Phe1252Ile,0.056,15.42,['Likely%20benign'],10.68,0.04,0.0,0.2,0.2
OTOGL,12,80318665,NM_001378610.3:c.3754T>C,NP_001365539.2:p.Phe1252Leu,0.047,15.56,['Likely%20benign'],10.68,0.04,0.0,-0.0,0.0
OTOGL,12,80318666,NM_001378610.3:c.3755T>A,NP_001365539.2:p.Phe1252Tyr,0.040,17.86,['Likely%20benign'],10.68,0.04,0.0,0.0,0.0
OTOGL,12,80318666,NM_001378610.3:c.3755T>C,NP_001365539.2:p.Phe1252Ser,0.092,22.0,['Unknown%20significance'],10.68,0.04,0.0,2.3,2.3
OTOGL,12,80318667,NM_001378610.3:c.3756T>A,NP_001365539.2:p.Phe1252Leu,0.059,16.71,['Unknown%20significance'],10.68,0.04,0.0,-0.0,0.0
OTOGL,12,80318668,NM_001378610.3:c.3757T>C,NP_001365539.2:p.Phe1253Leu,0.186,22.8,['Unknown%20significance'],7.14,0.03,0.0,0.4,0.4
OTOGL,12,80318669,NM_001378610.3:c.3758T>A,NP_001365539.2:p.Phe1253Tyr,0.147,22.5,['Unknown%20significance'],7.14,0.03,0.0,0.1,0.1
OTOGL,12,80318669,NM_001378610.3:c.3758T>C,NP_001365539.2:p.Phe1253Ser,0.473,24.2,['Unknown%20significance'],7.14,0.03,0.0,2.3,2.3
OTOGL,12,80318671,NM_001378610.3:c.3760T>C,NP_001365539.2:p.Tyr1254His,0.040,16.44,['Likely%20benign'],80.15,0.33,0.0,0.6,0.6
OTOGL,12,80318672,NM_001378610.3:c.3761A>G,NP_001365539.2:p.Tyr1254Cys,0.083,14.60,['Likely%20benign'],80.15,0.33,0.0,0.5,0.5
OTOGL,12,80318674,NM_001378610.3:c.3763T>C,NP_001365539.2:p.Phe1255Leu,0.461,26.9,['Unknown%20significance'],0.37,0.0,0.0,1.5,1.5
OTOGL,12,80318675,NM_001378610.3:c.3764T>A,NP_001365539.2:p.Phe1255Tyr,0.347,26.5,['Unknown%20significance'],0.37,0.0,0.0,0.7,0.7
OTOGL,12,80318675,NM_001378610.3:c.3764T>C,NP_001365539.2:p.Phe1255Ser,0.581,28.6,['Unknown%20significance'],0.37,0.0,0.0,3.9,3.9
OTOGL,12,80318677,NM_001378610.3:c.3766A>C,NP_001365539.2:p.Met1256Leu,0.177,21.7,['Unknown%20significance'],0.0,0.0,0.0,0.0,0.0
OTOGL,12,80318677,NM_001378610.3:c.3766A>G,NP_001365539.2:p.Met1256Val,0.324,23.0,['Unknown%20significance'],0.0,0.0,0.0,-0.0,0.0
OTOGL,12,80318677,NM_001378610.3:c.3766A>T,NP_001365539.2:p.Met1256Leu,0.177,22.0,['Unknown%20significance'],0.0,0.0,0.0,0.0,0.0
OTOGL,12,80318678,NM_001378610.3:c.3767T>A,NP_001365539.2:p.Met1256Lys,0.467,26.3,['Unknown%20significance'],0.0,0.0,0.0,2.6,2.6
OTOGL,12,80318678,NM_001378610.3:c.3767T>C,NP_001365539.2:p.Met1256Thr,0.393,25.1,['Unknown%20significance'],0.0,0.0,0.0,1.4,1.4
OTOGL,12,80318679,NM_001378610.3:c.3768G>A,NP_001365539.2:p.Met1256Ile,0.224,24.3,['Unknown%20significance'],0.0,0.0,0.0,-0.1,0.1
OTOGL,12,80318679,NM_001378610.3:c.3768G>C,NP_001365539.2:p.Met1256Ile,0.224,23.7,['Unknown%20significance'],0.0,0.0,0.0,-0.1,0.1
OTOGL,12,80318679,NM_001378610.3:c.3768G>T,NP_001365539.2:p.Met1256Ile,0.223,24.2,['Unknown%20significance'],0.0,0.0,0.0,-0.1,0.1
OTOGL,12,80318680,NM_001378610.3:c.3769A>G,NP_001365539.2:p.Ile1257Val,0.096,19.03,['Unknown%20significance'],6.45,0.03,0.0,0.2,0.2
OTOGL,12,80318680,NM_001378610.3:c.3769A>T,NP_001365539.2:p.Ile1257Phe,0.138,25.3,['Unknown%20significance'],6.45,0.03,0.0,0.3,0.3
OTOGL,12,80318681,NM_001378610.3:c.3770T>C,NP_001365539.2:p.Ile1257Thr,0.232,25.9,['Unknown%20significance'],6.45,0.03,0.0,1.9,1.9
OTOGL,12,80318682,NM_001378610.3:c.3771C>G,NP_001365539.2:p.Ile1257Met,0.114,14.75,['Likely%20benign'],6.45,0.03,0.0,0.7,0.7
OTOGL,12,80318683,NM_001378610.3:c.3772A>C,NP_001365539.2:p.Thr1258Pro,0.392,27.0,['Unknown%20significance'],2.12,0.01,0.0,1.0,1.0
OTOGL,12,80318683,NM_001378610.3:c.3772A>G,NP_001365539.2:p.Thr1258Ala,0.354,25.7,['Unknown%20significance'],2.12,0.01,0.0,0.5,0.5
OTOGL,12,80318683,NM_001378610.3:c.3772A>T,NP_001365539.2:p.Thr1258Ser,0.260,25.4,['Unknown%20significance'],2.12,0.01,0.0,0.9,0.9
OTOGL,12,80318684,NM_001378610.3:c.3773C>A,NP_001365539.2:p.Thr1258Asn,0.341,24.8,['Unknown%20significance'],2.12,0.01,0.0,1.1,1.1
OTOGL,12,80318684,NM_001378610.3:c.3773C>G,NP_001365539.2:p.Thr1258Ser,0.274,25.0,['Unknown%20significance'],2.12,0.01,0.0,0.9,0.9
OTOGL,12,80318684,NM_001378610.3:c.3773C>T,NP_001365539.2:p.Thr1258Ile,0.381,25.5,['Unknown%20significance'],2.12,0.01,0.0,-0.8,0.8
OTOGL,12,80318686,NM_001378610.3:c.3775C>A,NP_001365539.2:p.Pro1259Thr,0.202,23.9,['Unknown%20significance'],43.07,0.27,0.0,0.0,0.0
OTOGL,12,80318686,NM_001378610.3:c.3775C>G,NP_001365539.2:p.Pro1259Ala,0.140,18.22,['Unknown%20significance'],43.07,0.27,0.0,0.1,0.1
OTOGL,12,80318686,NM_001378610.3:c.3775C>T,NP_001365539.2:p.Pro1259Ser,0.185,19.91,['Unknown%20significance'],43.07,0.27,0.0,0.3,0.3
OTOGL,12,80318687,NM_001378610.3:c.3776C>A,NP_001365539.2:p.Pro1259Gln,0.276,24.9,['Unknown%20significance'],43.07,0.27,0.0,0.1,0.1
OTOGL,12,80318687,NM_001378610.3:c.3776C>G,NP_001365539.2:p.Pro1259Arg,0.296,25.0,['Unknown%20significance'],43.07,0.27,0.0,-0.1,0.1
OTOGL,12,80318687,NM_001378610.3:c.3776C>T,NP_001365539.2:p.Pro1259Leu,0.247,27.0,['Unknown%20significance'],43.07,0.27,0.0,-0.4,0.4
OTOGL,12,80318689,NM_001378610.3:c.3778G>A,NP_001365539.2:p.Gly1260Ser,0.477,27.5,['Unknown%20significance'],0.58,0.0,0.0,0.2,0.2
OTOGL,12,80318689,NM_001378610.3:c.3778G>C,NP_001365539.2:p.Gly1260Arg,0.514,27.8,['Unknown%20significance'],0.58,0.0,0.0,-0.2,0.2
OTOGL,12,80318689,NM_001378610.3:c.3778G>T,NP_001365539.2:p.Gly1260Cys,0.499,29.0,['Unknown%20significance'],0.58,0.0,0.0,-0.2,0.2
OTOGL,12,80318690,NM_001378610.3:c.3779G>A,NP_001365539.2:p.Gly1260Asp,0.552,26.6,['Unknown%20significance'],0.58,0.0,0.0,0.9,0.9
OTOGL,12,80318690,NM_001378610.3:c.3779G>T,NP_001365539.2:p.Gly1260Val,0.546,26.7,['Unknown%20significance'],0.58,0.0,0.0,-0.5,0.5
OTOGL,12,80318692,NM_001378610.3:c.3781C>A,NP_001365539.2:p.Leu1261Ile,0.192,24.6,['Unknown%20significance'],30.98,0.16,0.0,0.4,0.4
OTOGL,12,80318692,NM_001378610.3:c.3781C>T,NP_001365539.2:p.Leu1261Phe,0.362,25.1,['Unknown%20significance'],30.98,0.16,0.0,0.4,0.4
OTOGL,12,80318693,NM_001378610.3:c.3782T>A,NP_001365539.2:p.Leu1261His,0.532,27.1,['Unknown%20significance'],30.98,0.16,0.0,1.3,1.3
OTOGL,12,80318693,NM_001378610.3:c.3782T>C,NP_001365539.2:p.Leu1261Pro,0.579,28.4,['Unknown%20significance'],30.98,0.16,0.0,2.1,2.1
OTOGL,12,80318693,NM_001378610.3:c.3782T>G,NP_001365539.2:p.Leu1261Arg,0.644,27.6,['Unknown%20significance'],30.98,0.16,0.0,1.2,1.2
OTOGL,12,80318695,NM_001378610.3:c.3784T>A,NP_001365539.2:p.Phe1262Ile,0.117,23.6,['Unknown%20significance'],44.16,0.19,0.0,0.6,0.6
OTOGL,12,80318695,NM_001378610.3:c.3784T>C,NP_001365539.2:p.Phe1262Leu,0.151,23.6,['Unknown%20significance'],44.16,0.19,0.0,0.7,0.7
OTOGL,12,80318695,NM_001378610.3:c.3784T>G,NP_001365539.2:p.Phe1262Val,0.103,23.4,['Unknown%20significance'],44.16,0.19,0.0,0.7,0.7
OTOGL,12,80318696,NM_001378610.3:c.3785T>A,NP_001365539.2:p.Phe1262Tyr,0.105,19.77,['Unknown%20significance'],44.16,0.19,0.0,-0.3,0.3
OTOGL,12,80318696,NM_001378610.3:c.3785T>C,NP_001365539.2:p.Phe1262Ser,0.183,23.4,['Unknown%20significance'],44.16,0.19,0.0,1.6,1.6
OTOGL,12,80318697,NM_001378610.3:c.3786C>A,NP_001365539.2:p.Phe1262Leu,0.227,21.3,['Unknown%20significance'],44.16,0.19,0.0,0.7,0.7
OTOGL,12,80318697,NM_001378610.3:c.3786C>G,NP_001365539.2:p.Phe1262Leu,0.168,20.4,['Unknown%20significance'],44.16,0.19,0.0,0.7,0.7
OTOGL,12,80318698,NM_001378610.3:c.3787A>G,NP_001365539.2:p.Lys1263Glu,0.260,27.3,['Unknown%20significance'],160.21,0.67,0.0,0.0,0.0
OTOGL,12,80318699,NM_001378610.3:c.3788A>G,NP_001365539.2:p.Lys1263Arg,0.061,21.4,['Unknown%20significance'],160.21,0.67,0.0,-0.3,0.3
OTOGL,12,80318699,NM_001378610.3:c.3788A>T,NP_001365539.2:p.Lys1263Ile,0.214,26.1,['Unknown%20significance'],160.21,0.67,0.0,-0.4,0.4
OTOGL,12,80318700,NM_001378610.3:c.3789A>T,NP_001365539.2:p.Lys1263Asn,0.162,25.5,['Unknown%20significance'],160.21,0.67,0.0,-0.0,0.0
OTOGL,12,80318701,NM_001378610.3:c.3790G>A,NP_001365539.2:p.Glu1264Lys,0.124,22.7,['Unknown%20significance'],46.28,0.23,0.0,0.3,0.3
OTOGL,12,80318702,NM_001378610.3:c.3791A>G,NP_001365539.2:p.Glu1264Gly,0.164,23.1,['Unknown%20significance'],46.28,0.23,0.0,0.6,0.6
OTOGL,12,80318703,NM_001378610.3:c.3792G>T,NP_001365539.2:p.Glu1264Asp,0.132,9.474,['Likely%20benign'],46.28,0.23,0.0,-0.0,0.0
OTOGL,12,80318704,NM_001378610.3:c.3793A>G,NP_001365539.2:p.Lys1265Glu,0.166,23.9,['Unknown%20significance'],246.98,1.0,0.0,-0.0,0.0
OTOGL,12,80318705,NM_001378610.3:c.3794A>G,NP_001365539.2:p.Lys1265Arg,0.112,22.7,['Unknown%20significance'],246.98,1.0,0.0,-0.1,0.1
OTOGL,12,80318705,NM_001378610.3:c.3794A>T,NP_001365539.2:p.Lys1265Met,0.284,26.8,['Unknown%20significance'],246.98,1.0,0.0,-0.1,0.1
OTOGL,12,80318706,NM_001378610.3:c.3795G>C,NP_001365539.2:p.Lys1265Asn,0.127,24.1,['Unknown%20significance'],246.98,1.0,0.0,-0.0,0.0
OTOGL,12,80318706,NM_001378610.3:c.3795G>T,NP_001365539.2:p.Lys1265Asn,0.125,24.1,['Unknown%20significance'],246.98,1.0,0.0,-0.0,0.0
OTOGL,12,80318707,NM_001378610.3:c.3796G>A,NP_001365539.2:p.Val1266Ile,0.054,12.56,['Likely%20benign'],151.74,0.88,0.0,-0.0,0.0
OTOGL,12,80318707,NM_001378610.3:c.3796G>C,NP_001365539.2:p.Val1266Leu,0.042,16.42,['Likely%20benign'],151.74,0.88,0.0,0.0,0.0
OTOGL,12,80318707,NM_001378610.3:c.3796G>T,NP_001365539.2:p.Val1266Leu,0.042,16.30,['Likely%20benign'],151.74,0.88,0.0,0.0,0.0
OTOGL,12,80318708,NM_001378610.3:c.3797T>C,NP_001365539.2:p.Val1266Ala,0.041,13.31,['Likely%20benign'],151.74,0.88,0.0,0.1,0.1
OTOGL,12,80318710,NM_001378610.3:c.3799T>A,NP_001365539.2:p.Ser1267Thr,0.056,21.0,['Likely%20benign'],46.32,0.33,0.0,-0.2,0.2
OTOGL,12,80318710,NM_001378610.3:c.3799T>C,NP_001365539.2:p.Ser1267Pro,0.048,22.3,['Likely%20benign'],46.32,0.33,0.0,0.4,0.4
OTOGL,12,80318713,NM_001378610.3:c.3802T>C,NP_001365539.2:p.Ser1268Pro,0.124,28.2,['Unknown%20significance'],122.97,0.89,0.0,0.1,0.1
OTOGL,12,80318713,NM_001378610.3:c.3802T>G,NP_001365539.2:p.Ser1268Ala,0.116,22.4,['Unknown%20significance'],122.97,0.89,0.0,0.0,0.0
OTOGL,12,80320425,NM_001378610.3:c.3806T>C,NP_001365539.2:p.Leu1269Ser,0.079,6.306,['Likely%20benign'],64.97,0.33,0.0,0.8,0.8
OTOGL,12,80320427,NM_001378610.3:c.3808G>A,NP_001365539.2:p.Ala1270Thr,0.053,10.16,['Unknown%20significance'],71.33,0.56,0.0,-0.1,0.1
OTOGL,12,80320428,NM_001378610.3:c.3809C>A,NP_001365539.2:p.Ala1270Glu,0.101,13.54,['Unknown%20significance'],71.33,0.56,0.0,0.4,0.4
OTOGL,12,80320428,NM_001378610.3:c.3809C>G,NP_001365539.2:p.Ala1270Gly,0.055,13.45,['Unknown%20significance'],71.33,0.56,0.0,0.5,0.5
OTOGL,12,80320430,NM_001378610.3:c.3811C>A,NP_001365539.2:p.Leu1271Ile,0.032,15.97,['Unknown%20significance'],22.75,0.11,0.0,0.1,0.1
OTOGL,12,80320433,NM_001378610.3:c.3814G>A,NP_001365539.2:p.Val1272Ile,0.053,15.90,['Likely%20benign'],10.59,0.06,0.0,0.2,0.2
OTOGL,12,80320434,NM_001378610.3:c.3815T>A,NP_001365539.2:p.Val1272Asp,0.499,25.7,['Unknown%20significance'],10.59,0.06,0.0,3.5,3.5
OTOGL,12,80320440,NM_001378610.3:c.3821T>G,NP_001365539.2:p.Leu1274Trp,0.371,26.5,['Unknown%20significance'],0.0,0.0,0.0,0.4,0.4
OTOGL,12,80320445,NM_001378610.3:c.3826T>C,NP_001365539.2:p.Ser1276Pro,0.311,28.0,['Unknown%20significance'],0.05,0.0,0.0,0.3,0.3
OTOGL,12,80320446,NM_001378610.3:c.3827C>T,NP_001365539.2:p.Ser1276Phe,0.246,26.1,['Unknown%20significance'],0.05,0.0,0.0,-1.2,1.2
OTOGL,12,80320448,NM_001378610.3:c.3829G>A,NP_001365539.2:p.Ala1277Thr,0.445,28.4,['Unknown%20significance'],4.55,0.03,0.0,-0.2,0.2
OTOGL,12,80320449,NM_001378610.3:c.3830C>G,NP_001365539.2:p.Ala1277Gly,0.371,26.4,['Unknown%20significance'],4.55,0.03,0.0,1.2,1.2
OTOGL,12,80320451,NM_001378610.3:c.3832G>A,NP_001365539.2:p.Glu1278Lys,0.504,30,['Unknown%20significance'],31.4,0.16,0.0,0.3,0.3
OTOGL,12,80320452,NM_001378610.3:c.3833A>G,NP_001365539.2:p.Glu1278Gly,0.507,28.4,['Unknown%20significance'],31.4,0.16,0.0,0.7,0.7
OTOGL,12,80320453,NM_001378610.3:c.3834A>C,NP_001365539.2:p.Glu1278Asp,0.247,20.5,['Unknown%20significance'],31.4,0.16,0.0,0.1,0.1
OTOGL,12,80320458,NM_001378610.3:c.3839C>A,NP_001365539.2:p.Pro1280Gln,0.322,26.0,['Unknown%20significance'],0.0,0.0,0.0,0.6,0.6
OTOGL,12,80320460,NM_001378610.3:c.3841A>G,NP_001365539.2:p.Asn1281Asp,0.366,26.8,['Unknown%20significance'],0.0,0.0,0.0,0.6,0.6
OTOGL,12,80320461,NM_001378610.3:c.3842A>G,NP_001365539.2:p.Asn1281Ser,0.386,25.5,['Unknown%20significance'],0.0,0.0,0.0,0.4,0.4
OTOGL,12,80320463,NM_001378610.3:c.3844T>C,NP_001365539.2:p.Tyr1282His,0.507,28.2,['Unknown%20significance'],2.97,0.01,0.0,1.2,1.2
OTOGL,12,80320464,NM_001378610.3:c.3845A>G,NP_001365539.2:p.Tyr1282Cys,0.689,28.7,['Unknown%20significance'],2.97,0.01,0.0,1.6,1.6
OTOGL,12,80320466,NM_001378610.3:c.3847T>A,NP_001365539.2:p.Phe1283Ile,0.488,27.7,['Unknown%20significance'],2.73,0.01,0.0,0.6,0.6
OTOGL,12,80320466,NM_001378610.3:c.3847T>C,NP_001365539.2:p.Phe1283Leu,0.503,27.2,['Unknown%20significance'],2.73,0.01,0.0,0.9,0.9
OTOGL,12,80320468,NM_001378610.3:c.3849T>A,NP_001365539.2:p.Phe1283Leu,0.298,23.8,['Unknown%20significance'],2.73,0.01,0.0,0.9,0.9
OTOGL,12,80320468,NM_001378610.3:c.3849T>G,NP_001365539.2:p.Phe1283Leu,0.301,23.8,['Unknown%20significance'],2.73,0.01,0.0,0.9,0.9
OTOGL,12,80320469,NM_001378610.3:c.3850C>T,NP_001365539.2:p.Leu1284Phe,0.233,23.3,['Unknown%20significance'],0.0,0.0,0.0,0.1,0.1
OTOGL,12,80320470,NM_001378610.3:c.3851T>C,NP_001365539.2:p.Leu1284Pro,0.633,28.7,['Unknown%20significance'],0.0,0.0,0.0,3.3,3.3
OTOGL,12,80320473,NM_001378610.3:c.3854A>G,NP_001365539.2:p.Tyr1285Cys,0.074,18.16,['Likely%20benign'],28.71,0.11,0.0,1.0,1.0
OTOGL,12,80320475,NM_001378610.3:c.3856G>A,NP_001365539.2:p.Val1286Ile,0.082,21.7,['Unknown%20significance'],0.24,0.0,0.0,-0.1,0.1
OTOGL,12,80320475,NM_001378610.3:c.3856G>T,NP_001365539.2:p.Val1286Phe,0.252,25.7,['Unknown%20significance'],0.24,0.0,0.0,0.0,0.0
OTOGL,12,80320479,NM_001378610.3:c.3860A>G,NP_001365539.2:p.His1287Arg,0.120,12.16,['Unknown%20significance'],67.03,0.32,0.0,-0.1,0.1
OTOGL,12,80320482,NM_001378610.3:c.3863A>G,NP_001365539.2:p.Asp1288Gly,0.057,17.15,['Likely%20benign'],100.9,0.63,0.0,0.3,0.3
OTOGL,12,80320484,NM_001378610.3:c.3865A>C,NP_001365539.2:p.Asn1289His,0.092,18.94,['Likely%20benign'],114.77,0.71,0.0,-0.0,0.0
OTOGL,12,80320484,NM_001378610.3:c.3865A>G,NP_001365539.2:p.Asn1289Asp,0.101,10.25,['Likely%20benign'],114.77,0.71,0.0,0.2,0.2
OTOGL,12,80320485,NM_001378610.3:c.3866A>G,NP_001365539.2:p.Asn1289Ser,0.207,14.84,['Likely%20benign'],114.77,0.71,0.0,0.1,0.1
OTOGL,12,80320487,NM_001378610.3:c.3868G>A,NP_001365539.2:p.Asp1290Asn,0.087,14.61,['Likely%20benign'],33.31,0.2,0.0,-0.5,0.5
OTOGL,12,80320487,NM_001378610.3:c.3868G>T,NP_001365539.2:p.Asp1290Tyr,0.176,21.4,['Unknown%20significance'],33.31,0.2,0.0,-1.3,1.3
OTOGL,12,80320488,NM_001378610.3:c.3869A>G,NP_001365539.2:p.Asp1290Gly,0.071,16.17,['Likely%20benign'],33.31,0.2,0.0,-0.3,0.3
OTOGL,12,80320490,NM_001378610.3:c.3871A>T,NP_001365539.2:p.Thr1291Ser,0.093,7.687,['Likely%20benign'],66.47,0.42,0.0,0.4,0.4
OTOGL,12,80320493,NM_001378610.3:c.3874C>T,NP_001365539.2:p.Leu1292Phe,0.096,20.7,['Unknown%20significance'],0.47,0.0,0.0,0.2,0.2
OTOGL,12,80320494,NM_001378610.3:c.3875T>C,NP_001365539.2:p.Leu1292Pro,0.272,26.3,['Unknown%20significance'],0.47,0.0,0.0,3.1,3.1
OTOGL,12,80320496,NM_001378610.3:c.3877A>G,NP_001365539.2:p.Ser1293Gly,0.113,16.25,['Likely%20benign'],10.5,0.07,0.0,0.9,0.9
OTOGL,12,80320496,NM_001378610.3:c.3877A>T,NP_001365539.2:p.Ser1293Cys,0.108,18.72,['Unknown%20significance'],10.5,0.07,0.0,-1.1,1.1
OTOGL,12,80320497,NM_001378610.3:c.3878G>A,NP_001365539.2:p.Ser1293Asn,0.052,16.35,['Likely%20benign'],10.5,0.07,0.0,0.2,0.2
OTOGL,12,80320502,NM_001378610.3:c.3883G>A,NP_001365539.2:p.Glu1295Lys,0.043,7.700,['Likely%20benign'],30.14,0.15,0.0,0.3,0.3
OTOGL,12,80320504,NM_001378610.3:c.3885G>C,NP_001365539.2:p.Glu1295Asp,0.045,13.52,['Likely%20benign'],30.14,0.15,0.0,0.3,0.3
OTOGL,12,80320505,NM_001378610.3:c.3886C>A,NP_001365539.2:p.Leu1296Met,0.090,22.6,['Unknown%20significance'],45.94,0.23,0.0,-0.1,0.1
OTOGL,12,80320506,NM_001378610.3:c.3887T>C,NP_001365539.2:p.Leu1296Pro,0.136,24.8,['Unknown%20significance'],45.94,0.23,0.0,1.0,1.0
OTOGL,12,80320506,NM_001378610.3:c.3887T>G,NP_001365539.2:p.Leu1296Arg,0.043,21.7,['Unknown%20significance'],45.94,0.23,0.0,0.0,0.0
OTOGL,12,80320508,NM_001378610.3:c.3889T>A,NP_001365539.2:p.Trp1297Arg,0.593,28.2,['Benign'],38.93,0.14,0.0,1.7,1.7
OTOGL,12,80320508,NM_001378610.3:c.3889T>C,NP_001365539.2:p.Trp1297Arg,0.590,28.9,['Unknown%20significance'],38.93,0.14,0.0,1.7,1.7
OTOGL,12,80320511,NM_001378610.3:c.3892G>A,NP_001365539.2:p.Glu1298Lys,0.130,14.13,['Unknown%20significance'],80.69,0.41,0.0,0.2,0.2
OTOGL,12,80320512,NM_001378610.3:c.3893A>G,NP_001365539.2:p.Glu1298Gly,0.102,23.4,['Likely%20benign'],80.69,0.41,0.0,0.6,0.6
OTOGL,12,80320512,NM_001378610.3:c.3893A>T,NP_001365539.2:p.Glu1298Val,0.100,23.0,['Likely%20benign'],80.69,0.41,0.0,-0.3,0.3
OTOGL,12,80320514,NM_001378610.3:c.3895G>A,NP_001365539.2:p.Ala1299Thr,0.169,22.3,['Unknown%20significance'],85.19,0.67,0.0,-0.1,0.1
OTOGL,12,80320515,NM_001378610.3:c.3896C>T,NP_001365539.2:p.Ala1299Val,0.075,14.61,['Unknown%20significance'],85.19,0.67,0.0,-0.2,0.2
OTOGL,12,80320519,NM_001378610.3:c.3900T>A,NP_001365539.2:p.Asn1300Lys,0.064,17.43,['Likely%20benign'],71.53,0.44,0.0,0.2,0.2
OTOGL,12,80320520,NM_001378610.3:c.3901T>C,NP_001365539.2:p.Ser1301Pro,0.036,19.17,['Likely%20benign'],76.64,0.55,0.0,0.2,0.2
OTOGL,12,80320523,NM_001378610.3:c.3904G>A,NP_001365539.2:p.Ala1302Thr,0.071,22.4,['Likely%20benign'],61.61,0.48,0.0,-0.2,0.2
OTOGL,12,80320523,NM_001378610.3:c.3904G>C,NP_001365539.2:p.Ala1302Pro,0.149,22.7,['Unknown%20significance'],61.61,0.48,0.0,0.3,0.3
OTOGL,12,80320524,NM_001378610.3:c.3905C>T,NP_001365539.2:p.Ala1302Val,0.116,18.53,['Likely%20benign'],61.61,0.48,0.0,-0.6,0.6
OTOGL,12,80320527,NM_001378610.3:c.3908T>C,NP_001365539.2:p.Phe1303Ser,0.635,29.5,['Unknown%20significance'],2.4,0.01,0.0,3.4,3.4
OTOGL,12,80320530,NM_001378610.3:c.3911A>G,NP_001365539.2:p.His1304Arg,0.043,11.42,['Likely%20benign'],36.35,0.17,0.0,-0.0,0.0
OTOGL,12,80320530,NM_001378610.3:c.3911A>T,NP_001365539.2:p.His1304Leu,0.108,15.93,['Unknown%20significance'],36.35,0.17,0.0,-0.3,0.3
OTOGL,12,80320532,NM_001378610.3:c.3913C>G,NP_001365539.2:p.Arg1305Gly,0.066,19.06,['Unknown%20significance'],114.32,0.42,0.0,0.9,0.9
OTOGL,12,80320532,NM_001378610.3:c.3913C>T,NP_001365539.2:p.Arg1305Trp,0.086,23.3,['Unknown%20significance'],114.32,0.42,0.0,-0.3,0.3
OTOGL,12,80320533,NM_001378610.3:c.3914G>A,NP_001365539.2:p.Arg1305Gln,0.044,4.559,['Unknown%20significance'],114.32,0.42,0.0,0.2,0.2
OTOGL,12,80320533,NM_001378610.3:c.3914G>C,NP_001365539.2:p.Arg1305Pro,0.148,16.45,['Likely%20benign'],114.32,0.42,0.0,0.4,0.4
OTOGL,12,80320533,NM_001378610.3:c.3914G>T,NP_001365539.2:p.Arg1305Leu,0.047,12.19,['Likely%20benign'],114.32,0.42,0.0,-0.3,0.3
OTOGL,12,80320536,NM_001378610.3:c.3917G>A,NP_001365539.2:p.Arg1306Lys,0.019,20.1,['Likely%20benign'],55.82,0.2,0.0,0.8,0.8
OTOGL,12,80320536,NM_001378610.3:c.3917G>C,NP_001365539.2:p.Arg1306Thr,0.062,22.7,['Unknown%20significance'],55.82,0.2,0.0,0.3,0.3
OTOGL,12,80320538,NM_001378610.3:c.3919G>A,NP_001365539.2:p.Ala1307Thr,0.325,26.3,['Unknown%20significance'],0.0,0.0,0.0,0.1,0.1
OTOGL,12,80320538,NM_001378610.3:c.3919G>C,NP_001365539.2:p.Ala1307Pro,0.424,28.1,['Unknown%20significance'],0.0,0.0,0.0,1.0,1.0
OTOGL,12,80320539,NM_001378610.3:c.3920C>T,NP_001365539.2:p.Ala1307Val,0.472,25.9,['Unknown%20significance'],0.0,0.0,0.0,-1.2,1.2
OTOGL,12,80320541,NM_001378610.3:c.3922A>G,NP_001365539.2:p.Thr1308Ala,0.365,25.8,['Unknown%20significance'],0.0,0.0,0.0,0.6,0.6
OTOGL,12,80320542,NM_001378610.3:c.3923C>T,NP_001365539.2:p.Thr1308Ile,0.413,25.4,['Unknown%20significance'],0.0,0.0,0.0,-1.0,1.0
OTOGL,12,80320544,NM_001378610.3:c.3925T>A,NP_001365539.2:p.Phe1309Ile,0.463,27.1,['Unknown%20significance'],0.0,0.0,0.0,0.6,0.6
OTOGL,12,80320548,NM_001378610.3:c.3929T>C,NP_001365539.2:p.Phe1310Ser,0.252,23.0,['Unknown%20significance'],4.29,0.01,0.0,2.2,2.2
OTOGL,12,80320550,NM_001378610.3:c.3931C>T,NP_001365539.2:p.His1311Tyr,0.244,16.70,['Unknown%20significance'],41.82,0.2,0.0,-1.1,1.1
OTOGL,12,80320551,NM_001378610.3:c.3932A>T,NP_001365539.2:p.His1311Leu,0.216,18.81,['Unknown%20significance'],41.82,0.2,0.0,-0.7,0.7
OTOGL,12,80320553,NM_001378610.3:c.3934C>T,NP_001365539.2:p.His1312Tyr,0.365,24.7,['Benign'],26.28,0.12,0.0,-0.9,0.9
OTOGL,12,80320554,NM_001378610.3:c.3935A>C,NP_001365539.2:p.His1312Pro,0.641,26.4,['Unknown%20significance'],26.28,0.12,0.0,1.6,1.6
OTOGL,12,80320554,NM_001378610.3:c.3935A>G,NP_001365539.2:p.His1312Arg,0.421,25.1,['Unknown%20significance'],26.28,0.12,0.0,0.5,0.5
OTOGL,12,80320554,NM_001378610.3:c.3935A>T,NP_001365539.2:p.His1312Leu,0.586,26.0,['Unknown%20significance'],26.28,0.12,0.0,0.2,0.2
OTOGL,12,80320559,NM_001378610.3:c.3940G>A,NP_001365539.2:p.Gly1314Ser,0.188,15.39,['Unknown%20significance'],35.36,0.37,0.0,0.0,0.0
OTOGL,12,80320559,NM_001378610.3:c.3940G>C,NP_001365539.2:p.Gly1314Arg,0.229,22.9,['Unknown%20significance'],35.36,0.37,0.0,-0.2,0.2
OTOGL,12,80320562,NM_001378610.3:c.3943C>G,NP_001365539.2:p.Leu1315Val,0.202,22.8,['Unknown%20significance'],83.92,0.43,0.0,0.0,0.0
OTOGL,12,80320562,NM_001378610.3:c.3943C>T,NP_001365539.2:p.Leu1315Phe,0.222,23.5,['Unknown%20significance'],83.92,0.43,0.0,0.1,0.1
OTOGL,12,80320563,NM_001378610.3:c.3944T>C,NP_001365539.2:p.Leu1315Pro,0.479,25.2,['Unknown%20significance'],83.92,0.43,0.0,0.9,0.9
OTOGL,12,80320569,NM_001378610.3:c.3950T>C,NP_001365539.2:p.Ile1317Thr,0.134,22.7,['Unknown%20significance'],24.16,0.12,0.0,1.3,1.3
OTOGL,12,80320571,NM_001378610.3:c.3952C>T,NP_001365539.2:p.Pro1318Ser,0.196,18.22,['Unknown%20significance'],130.23,0.82,0.0,0.1,0.1
OTOGL,12,80320572,NM_001378610.3:c.3953C>T,NP_001365539.2:p.Pro1318Leu,0.204,25.3,['Unknown%20significance'],130.23,0.82,0.0,-0.1,0.1
OTOGL,12,80320580,NM_001378610.3:c.3961A>G,NP_001365539.2:p.Ser1321Gly,0.095,23.8,['Unknown%20significance'],0.38,0.0,0.0,1.2,1.2
OTOGL,12,80320581,NM_001378610.3:c.3962G>A,NP_001365539.2:p.Ser1321Asn,0.104,21.8,['Unknown%20significance'],0.38,0.0,0.0,0.0,0.0
OTOGL,12,80320581,NM_001378610.3:c.3962G>C,NP_001365539.2:p.Ser1321Thr,0.124,20.7,['Unknown%20significance'],0.38,0.0,0.0,-0.4,0.4
OTOGL,12,80320583,NM_001378610.3:c.3964G>A,NP_001365539.2:p.Ala1322Thr,0.111,22.3,['Unknown%20significance'],0.0,0.0,0.0,-0.0,0.0
OTOGL,12,80320595,NM_001378610.3:c.3976T>C,NP_001365539.2:p.Tyr1326His,0.034,15.78,['Likely%20benign'],13.31,0.05,0.0,1.5,1.5
OTOGL,12,80320596,NM_001378610.3:c.3977A>G,NP_001365539.2:p.Tyr1326Cys,0.125,23.6,['Unknown%20significance'],13.31,0.05,0.0,1.5,1.5
OTOGL,12,80320598,NM_001378610.3:c.3979A>G,NP_001365539.2:p.Ser1327Gly,0.092,22.4,['Unknown%20significance'],39.86,0.28,0.0,0.5,0.5
OTOGL,12,80320599,NM_001378610.3:c.3980G>T,NP_001365539.2:p.Ser1327Ile,0.207,23.3,['Unknown%20significance'],39.86,0.28,0.0,-0.6,0.6
OTOGL,12,80320600,NM_001378610.3:c.3981C>A,NP_001365539.2:p.Ser1327Arg,0.178,23.1,['Unknown%20significance'],39.86,0.28,0.0,-0.3,0.3
OTOGL,12,80320602,NM_001378610.3:c.3983A>G,NP_001365539.2:p.Lys1328Arg,0.144,23.8,['Unknown%20significance'],65.61,0.27,0.0,-0.8,0.8
OTOGL,12,80320605,NM_001378610.3:c.3986A>G,NP_001365539.2:p.Lys1329Arg,0.062,22.0,['Unknown%20significance'],129.3,0.54,0.0,-0.5,0.5
OTOGL,12,80320608,NM_001378610.3:c.3989G>A,NP_001365539.2:p.Gly1330Asp,0.608,27.6,['Unknown%20significance'],23.92,0.25,0.0,0.5,0.5
OTOGL,12,80320608,NM_001378610.3:c.3989G>C,NP_001365539.2:p.Gly1330Ala,0.395,26.6,['Benign'],23.92,0.25,0.0,0.1,0.1
OTOGL,12,80320608,NM_001378610.3:c.3989G>T,NP_001365539.2:p.Gly1330Val,0.651,28.1,['Unknown%20significance'],23.92,0.25,0.0,-0.1,0.1
OTOGL,12,80320610,NM_001378610.3:c.3991T>G,NP_001365539.2:p.Phe1331Val,0.079,22.4,['Likely%20benign'],44.18,0.19,0.0,0.7,0.7
OTOGL,12,80320614,NM_001378610.3:c.3995T>G,NP_001365539.2:p.Phe1332Cys,0.644,28.9,['Unknown%20significance'],10.25,0.04,0.0,1.4,1.4
OTOGL,12,80320617,NM_001378610.3:c.3998T>C,NP_001365539.2:p.Ile1333Thr,0.333,25.9,['Unknown%20significance'],0.0,0.0,0.0,2.3,2.3
OTOGL,12,80320618,NM_001378610.3:c.3999C>G,NP_001365539.2:p.Ile1333Met,0.163,22.7,['Unknown%20significance'],0.0,0.0,0.0,0.9,0.9
OTOGL,12,80320620,NM_001378610.3:c.4001T>C,NP_001365539.2:p.Ile1334Thr,0.039,5.261,['Likely%20benign'],12.35,0.06,0.0,1.6,1.6
OTOGL,12,80320621,NM_001378610.3:c.4002A>G,NP_001365539.2:p.Ile1334Met,0.023,13.70,['Likely%20benign'],12.35,0.06,0.0,0.7,0.7
OTOGL,12,80320622,NM_001378610.3:c.4003T>A,NP_001365539.2:p.Phe1335Ile,0.037,11.78,['Likely%20benign'],0.28,0.0,0.0,0.1,0.1
OTOGL,12,80320622,NM_001378610.3:c.4003T>G,NP_001365539.2:p.Phe1335Val,0.054,12.20,['Likely%20benign'],0.28,0.0,0.0,0.3,0.3
OTOGL,12,80320632,NM_001378610.3:c.4013C>G,NP_001365539.2:p.Ser1338Cys,0.036,16.91,['Unknown%20significance'],85.69,0.62,0.0,0.1,0.1
OTOGL,12,80320632,NM_001378610.3:c.4013C>T,NP_001365539.2:p.Ser1338Phe,0.035,14.61,['Likely%20benign'],85.69,0.62,0.0,-0.2,0.2
OTOGL,12,80320643,NM_001378610.3:c.4024G>A,NP_001365539.2:p.Ala1342Thr,0.118,24.0,['Unknown%20significance'],0.91,0.0,0.0,-0.1,0.1
OTOGL,12,80320643,NM_001378610.3:c.4024G>T,NP_001365539.2:p.Ala1342Ser,0.126,23.6,['Unknown%20significance'],0.91,0.0,0.0,0.7,0.7
OTOGL,12,80320644,NM_001378610.3:c.4025C>T,NP_001365539.2:p.Ala1342Val,0.029,18.05,['Likely%20benign'],0.91,0.0,0.0,-1.5,1.5
OTOGL,12,80320646,NM_001378610.3:c.4027T>C,NP_001365539.2:p.Ser1343Pro,0.079,21.3,['Unknown%20significance'],32.98,0.23,0.0,0.1,0.1
OTOGL,12,80320647,NM_001378610.3:c.4028C>T,NP_001365539.2:p.Ser1343Leu,0.178,20.4,['Likely%20benign'],32.98,0.23,0.0,-1.0,1.0
OTOGL,12,80320652,NM_001378610.3:c.4033T>C,NP_001365539.2:p.Tyr1345His,0.451,26.8,['Unknown%20significance'],100.59,0.41,0.0,0.8,0.8
OTOGL,12,80320655,NM_001378610.3:c.4036G>A,NP_001365539.2:p.Asp1346Asn,0.132,23.4,['Unknown%20significance'],76.53,0.47,0.0,-0.1,0.1
OTOGL,12,80320657,NM_001378610.3:c.4038T>A,NP_001365539.2:p.Asp1346Glu,0.054,17.58,['Unknown%20significance'],76.53,0.47,0.0,-0.0,0.0
OTOGL,12,80320658,NM_001378610.3:c.4039G>A,NP_001365539.2:p.Asp1347Asn,0.029,22.4,['Unknown%20significance'],100.95,0.63,0.0,-0.2,0.2
OTOGL,12,80320659,NM_001378610.3:c.4040A>C,NP_001365539.2:p.Asp1347Ala,0.066,23.5,['Unknown%20significance'],100.95,0.63,0.0,-0.1,0.1
OTOGL,12,80320659,NM_001378610.3:c.4040A>G,NP_001365539.2:p.Asp1347Gly,0.059,22.6,['Likely%20benign'],100.95,0.63,0.0,0.2,0.2
OTOGL,12,80320662,NM_001378610.3:c.4043C>T,NP_001365539.2:p.Ser1348Phe,0.303,26.7,['Unknown%20significance'],51.88,0.37,0.0,-0.1,0.1
OTOGL,12,80320674,NM_001378610.3:c.4055A>T,NP_001365539.2:p.Lys1352Ile,0.271,25.4,['Unknown%20significance'],31.58,0.13,0.0,-1.1,1.1
OTOGL,12,80320676,NM_001378610.3:c.4057C>T,NP_001365539.2:p.His1353Tyr,0.062,14.49,['Likely%20benign'],88.21,0.42,0.0,-0.5,0.5
OTOGL,12,80320677,NM_001378610.3:c.4058A>G,NP_001365539.2:p.His1353Arg,0.038,12.40,['Likely%20benign'],88.21,0.42,0.0,-0.1,0.1
OTOGL,12,80320677,NM_001378610.3:c.4058A>T,NP_001365539.2:p.His1353Leu,0.038,13.12,['Likely%20benign'],88.21,0.42,0.0,-0.5,0.5
OTOGL,12,80320679,NM_001378610.3:c.4060T>G,NP_001365539.2:p.Ser1354Ala,0.066,14.18,['Likely%20benign'],10.88,0.07,0.0,-0.3,0.3
OTOGL,12,80320682,NM_001378610.3:c.4063A>G,NP_001365539.2:p.Ser1355Gly,0.217,28.0,['Unknown%20significance'],0.0,0.0,0.0,1.0,1.0
OTOGL,12,80320683,NM_001378610.3:c.4064G>A,NP_001365539.2:p.Ser1355Asn,0.173,27.7,['Unknown%20significance'],0.0,0.0,0.0,0.3,0.3
OTOGL,12,80320685,NM_001378610.3:c.4066A>G,NP_001365539.2:p.Ser1356Gly,0.156,24.0,['Unknown%20significance'],0.0,0.0,0.0,1.0,1.0
OTOGL,12,80320686,NM_001378610.3:c.4067G>A,NP_001365539.2:p.Ser1356Asn,0.167,26.6,['Unknown%20significance'],0.0,0.0,0.0,0.1,0.1
OTOGL,12,80320686,NM_001378610.3:c.4067G>T,NP_001365539.2:p.Ser1356Ile,0.179,24.6,['Unknown%20significance'],0.0,0.0,0.0,-1.8,1.8
OTOGL,12,80320687,NM_001378610.3:c.4068C>A,NP_001365539.2:p.Ser1356Arg,0.191,24.5,['Unknown%20significance'],0.0,0.0,0.0,-0.6,0.6
OTOGL,12,80320687,NM_001378610.3:c.4068C>G,NP_001365539.2:p.Ser1356Arg,0.191,26.0,['Unknown%20significance'],0.0,0.0,0.0,-0.6,0.6
OTOGL,12,80320688,NM_001378610.3:c.4069T>C,NP_001365539.2:p.Phe1357Leu,0.224,25.4,['Unknown%20significance'],0.0,0.0,0.0,1.0,1.0
OTOGL,12,80320689,NM_001378610.3:c.4070T>C,NP_001365539.2:p.Phe1357Ser,0.499,31,['Unknown%20significance'],0.0,0.0,0.0,3.6,3.6
OTOGL,12,80320689,NM_001378610.3:c.4070T>G,NP_001365539.2:p.Phe1357Cys,0.582,29.8,['Unknown%20significance'],0.0,0.0,0.0,1.8,1.8
OTOGL,12,80320690,NM_001378610.3:c.4071C>A,NP_001365539.2:p.Phe1357Leu,0.214,26.2,['Unknown%20significance'],0.0,0.0,0.0,1.0,1.0
OTOGL,12,80320691,NM_001378610.3:c.4072A>G,NP_001365539.2:p.Ser1358Gly,0.052,22.1,['Unknown%20significance'],29.2,0.21,0.0,0.8,0.8
OTOGL,12,80320692,NM_001378610.3:c.4073G>A,NP_001365539.2:p.Ser1358Asn,0.052,19.51,['Unknown%20significance'],29.2,0.21,0.0,0.0,0.0
OTOGL,12,80320692,NM_001378610.3:c.4073G>T,NP_001365539.2:p.Ser1358Ile,0.077,21.2,['Likely%20benign'],29.2,0.21,0.0,-0.7,0.7
OTOGL,12,80320693,NM_001378610.3:c.4074C>A,NP_001365539.2:p.Ser1358Arg,0.112,12.89,['Likely%20benign'],29.2,0.21,0.0,-0.4,0.4
OTOGL,12,80320694,NM_001378610.3:c.4075A>G,NP_001365539.2:p.Ile1359Val,0.091,17.85,['Likely%20benign'],48.25,0.24,0.0,0.2,0.2
OTOGL,12,80320694,NM_001378610.3:c.4075A>T,NP_001365539.2:p.Ile1359Leu,0.043,15.64,['Likely%20benign'],48.25,0.24,0.0,-0.0,0.0
OTOGL,12,80320698,NM_001378610.3:c.4079A>T,NP_001365539.2:p.Glu1360Val,0.192,31,['Unknown%20significance'],46.65,0.23,0.0,-0.9,0.9
OTOGL,12,80320699,NM_001378610.3:c.4080A>C,NP_001365539.2:p.Glu1360Asp,0.130,29.9,['Unknown%20significance'],46.65,0.23,0.0,0.2,0.2
OTOGL,12,80320700,NM_001378610.3:c.4081G>A,NP_001365539.2:p.Glu1361Lys,0.121,36,['Unknown%20significance'],124.19,0.63,0.0,0.1,0.1
OTOGL,12,80323723,NM_001378610.3:c.4082A>G,NP_001365539.2:p.Glu1361Gly,0.241,22.5,['Unknown%20significance'],124.19,0.63,0.0,0.1,0.1
OTOGL,12,80323726,NM_001378610.3:c.4085T>A,NP_001365539.2:p.Ile1362Asn,0.045,18.98,['Unknown%20significance'],42.59,0.21,0.0,1.2,1.2
OTOGL,12,80323727,NM_001378610.3:c.4086C>G,NP_001365539.2:p.Ile1362Met,0.018,15.85,['Unknown%20significance'],42.59,0.21,0.0,0.2,0.2
OTOGL,12,80323729,NM_001378610.3:c.4088A>T,NP_001365539.2:p.Gln1363Leu,0.094,22.8,['Likely%20benign'],167.77,0.84,0.0,-0.1,0.1
OTOGL,12,80323730,NM_001378610.3:c.4089G>T,NP_001365539.2:p.Gln1363His,0.027,16.40,['Unknown%20significance'],167.77,0.84,0.0,-0.0,0.0
OTOGL,12,80323732,NM_001378610.3:c.4091C>T,NP_001365539.2:p.Ala1364Val,0.064,21.0,['Unknown%20significance'],44.14,0.34,0.0,-0.4,0.4
OTOGL,12,80323734,NM_001378610.3:c.4093G>A,NP_001365539.2:p.Ala1365Thr,0.026,18.62,['Unknown%20significance'],104.38,0.82,0.0,-0.1,0.1
OTOGL,12,80323737,NM_001378610.3:c.4096G>T,NP_001365539.2:p.Val1366Leu,0.069,19.46,['Unknown%20significance'],99.79,0.58,0.0,0.1,0.1
OTOGL,12,80323740,NM_001378610.3:c.4099C>A,NP_001365539.2:p.Pro1367Thr,0.182,22.7,['Unknown%20significance'],31.7,0.2,0.0,-0.1,0.1
OTOGL,12,80323740,NM_001378610.3:c.4099C>T,NP_001365539.2:p.Pro1367Ser,0.198,21.7,['Unknown%20significance'],31.7,0.2,0.0,0.2,0.2
OTOGL,12,80323741,NM_001378610.3:c.4100C>T,NP_001365539.2:p.Pro1367Leu,0.260,24.1,['Unknown%20significance'],31.7,0.2,0.0,-0.4,0.4
OTOGL,12,80323747,NM_001378610.3:c.4106G>T,NP_001365539.2:p.Arg1369Met,0.344,27.2,['Unknown%20significance'],76.7,0.28,0.0,-0.0,0.0
OTOGL,12,80323750,NM_001378610.3:c.4109A>G,NP_001365539.2:p.Lys1370Arg,0.077,10.33,['Likely%20benign'],120.75,0.51,0.0,-0.4,0.4
OTOGL,12,80323753,NM_001378610.3:c.4112T>C,NP_001365539.2:p.Met1371Thr,0.210,20.4,['Unknown%20significance'],42.82,0.19,0.0,0.7,0.7
OTOGL,12,80323754,NM_001378610.3:c.4113G>C,NP_001365539.2:p.Met1371Ile,0.227,21.8,['Unknown%20significance'],42.82,0.19,0.0,0.1,0.1
OTOGL,12,80323758,NM_001378610.3:c.4117G>A,NP_001365539.2:p.Glu1373Lys,0.470,30,['Unknown%20significance'],37.15,0.19,0.0,0.2,0.2
OTOGL,12,80323759,NM_001378610.3:c.4118A>G,NP_001365539.2:p.Glu1373Gly,0.560,27.5,['Unknown%20significance'],37.15,0.19,0.0,0.7,0.7
OTOGL,12,80323765,NM_001378610.3:c.4124G>A,NP_001365539.2:p.Arg1375Lys,0.100,13.84,['Likely%20benign'],95.41,0.35,0.0,0.6,0.6
OTOGL,12,80323765,NM_001378610.3:c.4124G>T,NP_001365539.2:p.Arg1375Ile,0.302,22.5,['Unknown%20significance'],95.41,0.35,0.0,-0.1,0.1
OTOGL,12,80323767,NM_001378610.3:c.4126T>A,NP_001365539.2:p.Tyr1376Asn,0.614,26.3,['Unknown%20significance'],16.68,0.06,0.0,3.6,3.6
OTOGL,12,80323767,NM_001378610.3:c.4126T>C,NP_001365539.2:p.Tyr1376His,0.522,26.0,['Unknown%20significance'],16.68,0.06,0.0,2.0,2.0
OTOGL,12,80323767,NM_001378610.3:c.4126T>G,NP_001365539.2:p.Tyr1376Asp,0.658,26.4,['Unknown%20significance'],16.68,0.06,0.0,4.2,4.2
OTOGL,12,80323772,NM_001378610.3:c.4131A>C,NP_001365539.2:p.Glu1377Asp,0.051,15.31,['Unknown%20significance'],49.4,0.25,0.0,0.1,0.1
OTOGL,12,80323773,NM_001378610.3:c.4132C>A,NP_001365539.2:p.Pro1378Thr,0.183,20.2,['Unknown%20significance'],2.79,0.01,0.0,-0.3,0.3
OTOGL,12,80323774,NM_001378610.3:c.4133C>G,NP_001365539.2:p.Pro1378Arg,0.185,24.5,['Unknown%20significance'],2.79,0.01,0.0,-0.4,0.4
OTOGL,12,80323777,NM_001378610.3:c.4136G>A,NP_001365539.2:p.Cys1379Tyr,0.560,25.7,['Unknown%20significance'],19.07,0.12,0.0,2.1,2.1
OTOGL,12,80323779,NM_001378610.3:c.4138G>A,NP_001365539.2:p.Ala1380Thr,0.081,18.90,['Unknown%20significance'],30.78,0.24,0.0,0.1,0.1
OTOGL,12,80323780,NM_001378610.3:c.4139C>T,NP_001365539.2:p.Ala1380Val,0.188,22.1,['Unknown%20significance'],30.78,0.24,0.0,-0.4,0.4
OTOGL,12,80323783,NM_001378610.3:c.4142C>A,NP_001365539.2:p.Thr1381Lys,0.156,20.7,['Likely%20benign'],69.0,0.43,0.0,0.6,0.6
OTOGL,12,80323785,NM_001378610.3:c.4144C>A,NP_001365539.2:p.Pro1382Thr,0.328,23.7,['Unknown%20significance'],0.81,0.0,0.0,-0.1,0.1
OTOGL,12,80323786,NM_001378610.3:c.4145C>G,NP_001365539.2:p.Pro1382Arg,0.569,24.6,['Unknown%20significance'],0.81,0.0,0.0,-0.0,0.0
OTOGL,12,80323786,NM_001378610.3:c.4145C>T,NP_001365539.2:p.Pro1382Leu,0.420,24.9,['Unknown%20significance'],0.81,0.0,0.0,-0.6,0.6
OTOGL,12,80323788,NM_001378610.3:c.4147T>C,NP_001365539.2:p.Cys1383Arg,0.703,26.2,['Unknown%20significance'],39.53,0.25,0.0,2.6,2.6
OTOGL,12,80323789,NM_001378610.3:c.4148G>C,NP_001365539.2:p.Cys1383Ser,0.641,25.7,['Unknown%20significance'],39.53,0.25,0.0,2.6,2.6
OTOGL,12,80323798,NM_001378610.3:c.4157C>T,NP_001365539.2:p.Thr1386Ile,0.366,24.0,['Unknown%20significance'],0.0,0.0,0.0,0.0,0.0
OTOGL,12,80323800,NM_001378610.3:c.4159T>C,NP_001365539.2:p.Cys1387Arg,0.863,25.7,['Unknown%20significance'],20.73,0.13,0.0,3.7,3.7
OTOGL,12,80323800,NM_001378610.3:c.4159T>G,NP_001365539.2:p.Cys1387Gly,0.869,31,['Unknown%20significance'],20.73,0.13,0.0,4.7,4.7
OTOGL,12,80323806,NM_001378610.3:c.4165G>A,NP_001365539.2:p.Asp1389Asn,0.346,28.0,['Unknown%20significance'],18.8,0.11,0.0,-0.5,0.5
OTOGL,12,80323808,NM_001378610.3:c.4167C>A,NP_001365539.2:p.Asp1389Glu,0.198,22.8,['Unknown%20significance'],18.8,0.11,0.0,0.1,0.1
OTOGL,12,80323809,NM_001378610.3:c.4168C>T,NP_001365539.2:p.Pro1390Ser,0.414,22.9,['Unknown%20significance'],70.32,0.44,0.0,0.3,0.3
OTOGL,12,80323815,NM_001378610.3:c.4174G>A,NP_001365539.2:p.Ala1392Thr,0.209,24.5,['Unknown%20significance'],6.27,0.04,0.0,-0.0,0.0
OTOGL,12,80323816,NM_001378610.3:c.4175C>T,NP_001365539.2:p.Ala1392Val,0.114,24.4,['Unknown%20significance'],6.27,0.04,0.0,-0.6,0.6
OTOGL,12,80323819,NM_001378610.3:c.4178T>C,NP_001365539.2:p.Leu1393Pro,0.179,15.98,['Unknown%20significance'],112.56,0.58,0.0,0.4,0.4
OTOGL,12,80323819,NM_001378610.3:c.4178T>G,NP_001365539.2:p.Leu1393Arg,0.077,13.88,['Likely%20benign'],112.56,0.58,0.0,0.1,0.1
OTOGL,12,80323821,NM_001378610.3:c.4180G>A,NP_001365539.2:p.Ala1394Thr,0.071,20.3,['Likely%20benign'],42.8,0.33,0.0,-0.2,0.2
OTOGL,12,80323822,NM_001378610.3:c.4181C>A,NP_001365539.2:p.Ala1394Glu,0.206,16.61,['Unknown%20significance'],42.8,0.33,0.0,0.3,0.3
OTOGL,12,80323822,NM_001378610.3:c.4181C>T,NP_001365539.2:p.Ala1394Val,0.114,20.2,['Unknown%20significance'],42.8,0.33,0.0,-0.5,0.5
OTOGL,12,80323824,NM_001378610.3:c.4183T>C,NP_001365539.2:p.Cys1395Arg,0.574,26.6,['Unknown%20significance'],0.7,0.0,0.0,2.2,2.2
OTOGL,12,80323825,NM_001378610.3:c.4184G>A,NP_001365539.2:p.Cys1395Tyr,0.522,26.7,['Unknown%20significance'],0.7,0.0,0.0,1.1,1.1
OTOGL,12,80323827,NM_001378610.3:c.4186A>G,NP_001365539.2:p.Lys1396Glu,0.067,17.81,['Likely%20benign'],141.73,0.59,0.0,-0.0,0.0
OTOGL,12,80323828,NM_001378610.3:c.4187A>C,NP_001365539.2:p.Lys1396Thr,0.050,14.75,['Likely%20benign'],141.73,0.59,0.0,-0.4,0.4
OTOGL,12,80323830,NM_001378610.3:c.4189T>C,NP_001365539.2:p.Phe1397Leu,0.215,22.2,['Unknown%20significance'],56.38,0.24,0.0,0.2,0.2
OTOGL,12,80323833,NM_001378610.3:c.4192C>A,NP_001365539.2:p.Leu1398Ile,0.110,23.6,['Unknown%20significance'],0.63,0.0,0.0,0.0,0.0
OTOGL,12,80323834,NM_001378610.3:c.4193T>A,NP_001365539.2:p.Leu1398His,0.566,26.9,['Unknown%20significance'],0.63,0.0,0.0,1.0,1.0
OTOGL,12,80323836,NM_001378610.3:c.4195C>A,NP_001365539.2:p.Pro1399Thr,0.259,24.8,['Unknown%20significance'],4.42,0.02,0.0,-0.2,0.2
OTOGL,12,80323836,NM_001378610.3:c.4195C>T,NP_001365539.2:p.Pro1399Ser,0.244,25.0,['Unknown%20significance'],4.42,0.02,0.0,0.3,0.3
OTOGL,12,80323837,NM_001378610.3:c.4196C>T,NP_001365539.2:p.Pro1399Leu,0.302,25.8,['Unknown%20significance'],4.42,0.02,0.0,-0.9,0.9
OTOGL,12,80323840,NM_001378610.3:c.4199C>A,NP_001365539.2:p.Pro1400Gln,0.172,24.4,['Unknown%20significance'],40.49,0.25,0.0,-0.2,0.2
OTOGL,12,80323840,NM_001378610.3:c.4199C>T,NP_001365539.2:p.Pro1400Leu,0.129,23.4,['Unknown%20significance'],40.49,0.25,0.0,-1.1,1.1
OTOGL,12,80328666,NM_001378610.3:c.4201G>C,NP_001365539.2:p.Val1401Leu,0.161,23.5,['Unknown%20significance'],0.0,0.0,0.0,0.3,0.3
OTOGL,12,80328669,NM_001378610.3:c.4204G>A,NP_001365539.2:p.Glu1402Lys,0.475,32,['Unknown%20significance'],5.74,0.02,0.0,0.4,0.4
OTOGL,12,80328672,NM_001378610.3:c.4207G>A,NP_001365539.2:p.Gly1403Arg,0.653,32,['Unknown%20significance'],0.0,0.0,0.0,0.5,0.5
OTOGL,12,80328676,NM_001378610.3:c.4211G>T,NP_001365539.2:p.Cys1404Phe,0.956,28.4,['Unknown%20significance'],1.08,0.0,0.0,2.9,2.9
OTOGL,12,80328681,NM_001378610.3:c.4216C>A,NP_001365539.2:p.Pro1406Thr,0.442,25.2,['Unknown%20significance'],12.37,0.07,0.0,0.7,0.7
OTOGL,12,80328681,NM_001378610.3:c.4216C>T,NP_001365539.2:p.Pro1406Ser,0.352,25.6,['Unknown%20significance'],12.37,0.07,0.0,0.9,0.9
OTOGL,12,80328682,NM_001378610.3:c.4217C>A,NP_001365539.2:p.Pro1406His,0.472,26.1,['Unknown%20significance'],12.37,0.07,0.0,0.6,0.6
OTOGL,12,80328682,NM_001378610.3:c.4217C>T,NP_001365539.2:p.Pro1406Leu,0.434,26.6,['Unknown%20significance'],12.37,0.07,0.0,-0.1,0.1
OTOGL,12,80328684,NM_001378610.3:c.4219T>C,NP_001365539.2:p.Tyr1407His,0.048,21.1,['Unknown%20significance'],108.05,0.45,0.0,0.6,0.6
OTOGL,12,80328685,NM_001378610.3:c.4220A>C,NP_001365539.2:p.Tyr1407Ser,0.205,22.9,['Unknown%20significance'],108.05,0.45,0.0,1.1,1.1
OTOGL,12,80328688,NM_001378610.3:c.4223G>A,NP_001365539.2:p.Cys1408Tyr,0.814,28.8,['Unknown%20significance'],32.3,0.2,0.0,2.1,2.1
OTOGL,12,80328690,NM_001378610.3:c.4225C>T,NP_001365539.2:p.Pro1409Ser,0.443,25.3,['Unknown%20significance'],22.3,0.14,0.0,0.8,0.8
OTOGL,12,80328693,NM_001378610.3:c.4228A>G,NP_001365539.2:p.Lys1410Glu,0.144,22.3,['Unknown%20significance'],244.21,1.0,0.0,-0.0,0.0
OTOGL,12,80328695,NM_001378610.3:c.4230A>T,NP_001365539.2:p.Lys1410Asn,0.062,13.45,['Unknown%20significance'],244.21,1.0,0.0,-0.0,0.0
OTOGL,12,80328696,NM_001378610.3:c.4231A>T,NP_001365539.2:p.Asn1411Tyr,0.192,14.42,['Unknown%20significance'],98.34,0.61,0.0,-0.4,0.4
OTOGL,12,80328697,NM_001378610.3:c.4232A>G,NP_001365539.2:p.Asn1411Ser,0.129,15.10,['Likely%20benign'],98.34,0.61,0.0,0.0,0.0
OTOGL,12,80328699,NM_001378610.3:c.4234A>G,NP_001365539.2:p.Met1412Val,0.460,25.1,['Unknown%20significance'],0.88,0.0,0.0,0.1,0.1
OTOGL,12,80328700,NM_001378610.3:c.4235T>G,NP_001365539.2:p.Met1412Arg,0.571,24.6,['Unknown%20significance'],0.88,0.0,0.0,1.1,1.1
OTOGL,12,80328701,NM_001378610.3:c.4236G>A,NP_001365539.2:p.Met1412Ile,0.402,31,['Unknown%20significance'],0.88,0.0,0.0,-0.2,0.2
OTOGL,12,80328702,NM_001378610.3:c.4237A>T,NP_001365539.2:p.Ile1413Phe,0.098,25.9,['Unknown%20significance'],4.54,0.02,0.0,0.2,0.2
OTOGL,12,80328703,NM_001378610.3:c.4238T>A,NP_001365539.2:p.Ile1413Asn,0.502,28.0,['Unknown%20significance'],4.54,0.02,0.0,3.0,3.0
OTOGL,12,80328703,NM_001378610.3:c.4238T>C,NP_001365539.2:p.Ile1413Thr,0.344,27.2,['Unknown%20significance'],4.54,0.02,0.0,2.2,2.2
OTOGL,12,80328705,NM_001378610.3:c.4240C>T,NP_001365539.2:p.Leu1414Phe,0.116,23.1,['Unknown%20significance'],0.04,0.0,0.0,-0.0,0.0
OTOGL,12,80328706,NM_001378610.3:c.4241T>A,NP_001365539.2:p.Leu1414His,0.520,27.8,['Unknown%20significance'],0.04,0.0,0.0,2.0,2.0
OTOGL,12,80328708,NM_001378610.3:c.4243G>A,NP_001365539.2:p.Asp1415Asn,0.366,32,['Unknown%20significance'],0.0,0.0,0.0,-0.4,0.4
OTOGL,12,80328710,NM_001378610.3:c.4245T>G,NP_001365539.2:p.Asp1415Glu,0.348,24.2,['Unknown%20significance'],0.0,0.0,0.0,0.3,0.3
OTOGL,12,80328711,NM_001378610.3:c.4246G>A,NP_001365539.2:p.Glu1416Lys,0.563,33,['Unknown%20significance'],0.0,0.0,0.0,0.0,0.0
OTOGL,12,80328712,NM_001378610.3:c.4247A>G,NP_001365539.2:p.Glu1416Gly,0.551,32,['Unknown%20significance'],0.0,0.0,0.0,0.2,0.2
OTOGL,12,80328714,NM_001378610.3:c.4249G>A,NP_001365539.2:p.Val1417Ile,0.020,15.25,['Likely%20benign'],30.54,0.17,0.0,-0.2,0.2
OTOGL,12,80328718,NM_001378610.3:c.4253C>A,NP_001365539.2:p.Thr1418Asn,0.311,24.9,['Unknown%20significance'],25.3,0.16,0.0,0.3,0.3
OTOGL,12,80328718,NM_001378610.3:c.4253C>T,NP_001365539.2:p.Thr1418Ile,0.377,25.4,['Unknown%20significance'],25.3,0.16,0.0,0.0,0.0
OTOGL,12,80328720,NM_001378610.3:c.4255C>T,NP_001365539.2:p.Leu1419Phe,0.103,18.46,['Likely%20benign'],27.75,0.14,0.0,-0.3,0.3
OTOGL,12,80328721,NM_001378610.3:c.4256T>C,NP_001365539.2:p.Leu1419Pro,0.225,26.6,['Unknown%20significance'],27.75,0.14,0.0,1.1,1.1
OTOGL,12,80328721,NM_001378610.3:c.4256T>G,NP_001365539.2:p.Leu1419Arg,0.060,22.5,['Unknown%20significance'],27.75,0.14,0.0,0.2,0.2
OTOGL,12,80328725,NM_001378610.3:c.4260G>T,NP_001365539.2:p.Lys1420Asn,0.103,24.6,['Unknown%20significance'],7.85,0.03,0.0,-0.1,0.1
OTOGL,12,80328727,NM_001378610.3:c.4262G>A,NP_001365539.2:p.Cys1421Tyr,0.915,29.8,['Unknown%20significance'],0.6,0.0,0.0,3.0,3.0
OTOGL,12,80328733,NM_001378610.3:c.4268A>T,NP_001365539.2:p.Tyr1423Phe,0.124,23.6,['Unknown%20significance'],38.79,0.16,0.0,0.1,0.1
OTOGL,12,80328735,NM_001378610.3:c.4270C>A,NP_001365539.2:p.Pro1424Thr,0.161,22.0,['Unknown%20significance'],87.8,0.55,0.0,-0.1,0.1
OTOGL,12,80328735,NM_001378610.3:c.4270C>T,NP_001365539.2:p.Pro1424Ser,0.145,23.7,['Unknown%20significance'],87.8,0.55,0.0,0.2,0.2
OTOGL,12,80328736,NM_001378610.3:c.4271C>A,NP_001365539.2:p.Pro1424Gln,0.178,23.2,['Unknown%20significance'],87.8,0.55,0.0,0.0,0.0
OTOGL,12,80328738,NM_001378610.3:c.4273C>G,NP_001365539.2:p.Arg1425Gly,0.185,23.2,['Likely%20benign'],154.74,0.57,0.0,0.5,0.5
OTOGL,12,80328739,NM_001378610.3:c.4274G>A,NP_001365539.2:p.Arg1425Gln,0.036,22.2,['Unknown%20significance'],154.74,0.57,0.0,0.0,0.0
OTOGL,12,80328739,NM_001378610.3:c.4274G>T,NP_001365539.2:p.Arg1425Leu,0.122,23.2,['Likely%20benign'],154.74,0.57,0.0,-0.0,0.0
OTOGL,12,80328741,NM_001378610.3:c.4276G>A,NP_001365539.2:p.Asp1426Asn,0.358,28.7,['Unknown%20significance'],1.46,0.0,0.0,-0.4,0.4
OTOGL,12,80328741,NM_001378610.3:c.4276G>C,NP_001365539.2:p.Asp1426His,0.592,28.8,['Unknown%20significance'],1.46,0.0,0.0,-0.9,0.9
OTOGL,12,80328743,NM_001378610.3:c.4278C>A,NP_001365539.2:p.Asp1426Glu,0.201,25.7,['Unknown%20significance'],1.46,0.0,0.0,-0.0,0.0
OTOGL,12,80328744,NM_001378610.3:c.4279T>C,NP_001365539.2:p.Cys1427Arg,0.949,32,['Unknown%20significance'],26.71,0.17,0.0,3.5,3.5
OTOGL,12,80329051,NM_001378610.3:c.4280G>A,NP_001365539.2:p.Cys1427Tyr,0.832,25.0,['Unknown%20significance'],26.71,0.17,0.0,2.6,2.6
OTOGL,12,80329051,NM_001378610.3:c.4280G>T,NP_001365539.2:p.Cys1427Phe,0.831,31,['Unknown%20significance'],26.71,0.17,0.0,2.8,2.8
OTOGL,12,80329053,NM_001378610.3:c.4282A>G,NP_001365539.2:p.Ile1428Val,0.014,14.72,['Likely%20benign'],11.67,0.05,0.0,0.0,0.0
OTOGL,12,80329056,NM_001378610.3:c.4285C>A,NP_001365539.2:p.Pro1429Thr,0.192,17.42,['Unknown%20significance'],106.54,0.67,0.0,-0.2,0.2
OTOGL,12,80329056,NM_001378610.3:c.4285C>T,NP_001365539.2:p.Pro1429Ser,0.148,18.17,['Likely%20benign'],106.54,0.67,0.0,-0.1,0.1
OTOGL,12,80329057,NM_001378610.3:c.4286C>A,NP_001365539.2:p.Pro1429His,0.164,22.7,['Unknown%20significance'],106.54,0.67,0.0,-0.2,0.2
OTOGL,12,80329057,NM_001378610.3:c.4286C>G,NP_001365539.2:p.Pro1429Arg,0.165,19.19,['Unknown%20significance'],106.54,0.67,0.0,-0.0,0.0
OTOGL,12,80329059,NM_001378610.3:c.4288G>A,NP_001365539.2:p.Val1430Met,0.037,17.36,['Likely%20benign'],16.98,0.09,0.0,0.1,0.1
OTOGL,12,80329063,NM_001378610.3:c.4292T>C,NP_001365539.2:p.Ile1431Thr,0.066,7.365,['Likely%20benign'],151.24,0.77,0.0,0.1,0.1
OTOGL,12,80329065,NM_001378610.3:c.4294C>A,NP_001365539.2:p.Pro1432Thr,0.062,13.90,['Likely%20benign'],110.0,0.69,0.0,-0.2,0.2
OTOGL,12,80329065,NM_001378610.3:c.4294C>G,NP_001365539.2:p.Pro1432Ala,0.047,12.77,['Likely%20benign'],110.0,0.69,0.0,-0.0,0.0
OTOGL,12,80329065,NM_001378610.3:c.4294C>T,NP_001365539.2:p.Pro1432Ser,0.035,14.55,['Likely%20benign'],110.0,0.69,0.0,-0.1,0.1
OTOGL,12,80329066,NM_001378610.3:c.4295C>A,NP_001365539.2:p.Pro1432His,0.094,23.8,['Unknown%20significance'],110.0,0.69,0.0,-0.3,0.3
OTOGL,12,80329066,NM_001378610.3:c.4295C>T,NP_001365539.2:p.Pro1432Leu,0.152,22.5,['Likely%20benign'],110.0,0.69,0.0,-0.2,0.2
OTOGL,12,80329068,NM_001378610.3:c.4297A>G,NP_001365539.2:p.Thr1433Ala,0.096,17.00,['Likely%20benign'],152.38,0.96,0.0,0.0,0.0
OTOGL,12,80329069,NM_001378610.3:c.4298C>A,NP_001365539.2:p.Thr1433Lys,0.213,20.8,['Unknown%20significance'],152.38,0.96,0.0,0.1,0.1
OTOGL,12,80329069,NM_001378610.3:c.4298C>T,NP_001365539.2:p.Thr1433Ile,0.123,22.2,['Unknown%20significance'],152.38,0.96,0.0,0.0,0.0
OTOGL,12,80329071,NM_001378610.3:c.4300G>A,NP_001365539.2:p.Glu1434Lys,0.125,22.6,['Unknown%20significance'],169.46,0.86,0.0,-0.0,0.0
OTOGL,12,80329071,NM_001378610.3:c.4300G>C,NP_001365539.2:p.Glu1434Gln,0.027,21.2,['Unknown%20significance'],169.46,0.86,0.0,-0.1,0.1
OTOGL,12,80329074,NM_001378610.3:c.4303C>A,NP_001365539.2:p.Pro1435Thr,0.079,15.87,['Unknown%20significance'],104.0,0.66,0.0,-0.1,0.1
OTOGL,12,80329074,NM_001378610.3:c.4303C>T,NP_001365539.2:p.Pro1435Ser,0.040,16.16,['Unknown%20significance'],104.0,0.66,0.0,-0.0,0.0
OTOGL,12,80329075,NM_001378610.3:c.4304C>A,NP_001365539.2:p.Pro1435Gln,0.103,22.4,['Unknown%20significance'],104.0,0.66,0.0,-0.1,0.1
OTOGL,12,80329075,NM_001378610.3:c.4304C>G,NP_001365539.2:p.Pro1435Arg,0.163,21.0,['Unknown%20significance'],104.0,0.66,0.0,-0.2,0.2
OTOGL,12,80329075,NM_001378610.3:c.4304C>T,NP_001365539.2:p.Pro1435Leu,0.128,22.8,['Unknown%20significance'],104.0,0.66,0.0,-0.3,0.3
OTOGL,12,80329078,NM_001378610.3:c.4307C>A,NP_001365539.2:p.Thr1436Lys,0.072,11.61,['Likely%20benign'],164.2,1.0,0.0,0.1,0.1
OTOGL,12,80329078,NM_001378610.3:c.4307C>T,NP_001365539.2:p.Thr1436Ile,0.018,11.49,['Likely%20benign'],164.2,1.0,0.0,-0.1,0.1
OTOGL,12,80329080,NM_001378610.3:c.4309T>G,NP_001365539.2:p.Leu1437Val,0.008,6.824,['Likely%20benign'],155.87,0.8,0.0,0.0,0.0
OTOGL,12,80329081,NM_001378610.3:c.4310T>C,NP_001365539.2:p.Leu1437Ser,0.057,15.31,['Likely%20benign'],155.87,0.8,0.0,0.3,0.3
OTOGL,12,80329083,NM_001378610.3:c.4312A>G,NP_001365539.2:p.Met1438Val,0.008,0.580,['Likely%20benign'],197.85,0.91,0.0,-0.0,0.0
OTOGL,12,80329085,NM_001378610.3:c.4314G>T,NP_001365539.2:p.Met1438Ile,0.007,0.014,['Likely%20benign'],197.85,0.91,0.0,-0.0,0.0
OTOGL,12,80329086,NM_001378610.3:c.4315C>A,NP_001365539.2:p.Pro1439Thr,0.021,1.116,['Likely%20benign'],141.81,0.9,0.0,-0.0,0.0
OTOGL,12,80329086,NM_001378610.3:c.4315C>T,NP_001365539.2:p.Pro1439Ser,0.024,1.436,['Likely%20benign'],141.81,0.9,0.0,0.0,0.0
OTOGL,12,80329087,NM_001378610.3:c.4316C>A,NP_001365539.2:p.Pro1439Gln,0.052,12.70,['Unknown%20significance'],141.81,0.9,0.0,0.0,0.0
OTOGL,12,80329089,NM_001378610.3:c.4318C>A,NP_001365539.2:p.Pro1440Thr,0.047,10.84,['Likely%20benign'],132.18,0.84,0.0,-0.1,0.1
OTOGL,12,80329089,NM_001378610.3:c.4318C>T,NP_001365539.2:p.Pro1440Ser,0.067,11.79,['Likely%20benign'],132.18,0.84,0.0,0.0,0.0
OTOGL,12,80329090,NM_001378610.3:c.4319C>A,NP_001365539.2:p.Pro1440Gln,0.102,20.3,['Unknown%20significance'],132.18,0.84,0.0,0.0,0.0
OTOGL,12,80329090,NM_001378610.3:c.4319C>T,NP_001365539.2:p.Pro1440Leu,0.128,19.76,['Likely%20benign'],132.18,0.84,0.0,-0.1,0.1
OTOGL,12,80329092,NM_001378610.3:c.4321G>A,NP_001365539.2:p.Ala1441Thr,0.022,11.63,['Likely%20benign'],113.61,0.89,0.0,-0.0,0.0
OTOGL,12,80329092,NM_001378610.3:c.4321G>T,NP_001365539.2:p.Ala1441Ser,0.023,7.847,['Likely%20benign'],113.61,0.89,0.0,0.0,0.0
OTOGL,12,80329093,NM_001378610.3:c.4322C>A,NP_001365539.2:p.Ala1441Asp,0.031,11.36,['Likely%20benign'],113.61,0.89,0.0,0.1,0.1
OTOGL,12,80329093,NM_001378610.3:c.4322C>T,NP_001365539.2:p.Ala1441Val,0.036,12.98,['Unknown%20significance'],113.61,0.89,0.0,-0.1,0.1
OTOGL,12,80329097,NM_001378610.3:c.4326G>T,NP_001365539.2:p.Lys1442Asn,0.030,16.58,['Likely%20benign'],218.55,0.92,0.0,-0.0,0.0
OTOGL,12,80329098,NM_001378610.3:c.4327C>A,NP_001365539.2:p.Pro1443Thr,0.009,1.771,['Unknown%20significance'],131.22,0.83,0.0,-0.0,0.0
OTOGL,12,80329099,NM_001378610.3:c.4328C>A,NP_001365539.2:p.Pro1443Gln,0.049,6.584,['Likely%20benign'],131.22,0.83,0.0,0.1,0.1
OTOGL,12,80329101,NM_001378610.3:c.4330A>C,NP_001365539.2:p.Thr1444Pro,0.020,7.073,['Likely%20benign'],122.11,0.77,0.0,0.2,0.2
OTOGL,12,80329102,NM_001378610.3:c.4331C>A,NP_001365539.2:p.Thr1444Asn,0.027,5.834,['Likely%20benign'],122.11,0.77,0.0,0.1,0.1
OTOGL,12,80329102,NM_001378610.3:c.4331C>T,NP_001365539.2:p.Thr1444Ile,0.019,7.104,['Likely%20benign'],122.11,0.77,0.0,-0.0,0.0
OTOGL,12,80329104,NM_001378610.3:c.4333G>A,NP_001365539.2:p.Val1445Met,0.060,4.358,['Likely%20benign'],115.32,0.67,0.0,0.0,0.0
OTOGL,12,80329105,NM_001378610.3:c.4334T>C,NP_001365539.2:p.Val1445Ala,0.007,7.029,['Likely%20benign'],115.32,0.67,0.0,0.3,0.3
OTOGL,12,80329107,NM_001378610.3:c.4336C>A,NP_001365539.2:p.Pro1446Thr,0.089,2.558,['Likely%20benign'],108.91,0.69,0.0,-0.3,0.3
OTOGL,12,80329107,NM_001378610.3:c.4336C>G,NP_001365539.2:p.Pro1446Ala,0.084,2.028,['Likely%20benign'],108.91,0.69,0.0,-0.1,0.1
OTOGL,12,80329107,NM_001378610.3:c.4336C>T,NP_001365539.2:p.Pro1446Ser,0.095,3.563,['Likely%20benign'],108.91,0.69,0.0,-0.1,0.1
OTOGL,12,80329108,NM_001378610.3:c.4337C>A,NP_001365539.2:p.Pro1446His,0.079,19.77,['Likely%20benign'],108.91,0.69,0.0,-0.2,0.2
OTOGL,12,80329110,NM_001378610.3:c.4339A>G,NP_001365539.2:p.Met1447Val,0.015,0.291,['Likely%20benign'],155.15,0.71,0.0,-0.0,0.0
OTOGL,12,80329111,NM_001378610.3:c.4340T>C,NP_001365539.2:p.Met1447Thr,0.014,0.032,['Likely%20benign'],155.15,0.71,0.0,0.1,0.1
OTOGL,12,80329112,NM_001378610.3:c.4341G>A,NP_001365539.2:p.Met1447Ile,0.040,8.861,['Likely%20benign'],155.15,0.71,0.0,-0.0,0.0
OTOGL,12,80329114,NM_001378610.3:c.4343T>C,NP_001365539.2:p.Phe1448Ser,0.095,10.47,['Likely%20benign'],172.2,0.74,0.0,0.3,0.3
OTOGL,12,80329117,NM_001378610.3:c.4346C>A,NP_001365539.2:p.Thr1449Lys,0.054,4.591,['Likely%20benign'],113.6,0.72,0.0,0.3,0.3
OTOGL,12,80329119,NM_001378610.3:c.4348G>A,NP_001365539.2:p.Val1450Ile,0.096,25.3,['Likely%20benign'],107.7,0.62,0.0,0.0,0.0
OTOGL,12,80329119,NM_001378610.3:c.4348G>T,NP_001365539.2:p.Val1450Phe,0.047,28.4,['Unknown%20significance'],107.7,0.62,0.0,0.0,0.0
OTOGL,12,80333005,NM_001378610.3:c.4349T>C,NP_001365539.2:p.Val1450Ala,0.019,5.940,['Likely%20benign'],107.7,0.62,0.0,0.4,0.4
OTOGL,12,80333007,NM_001378610.3:c.4351T>C,NP_001365539.2:p.Trp1451Arg,0.038,6.310,['Likely%20benign'],253.28,0.96,0.0,0.1,0.1
OTOGL,12,80333008,NM_001378610.3:c.4352G>T,NP_001365539.2:p.Trp1451Leu,0.039,1.550,['Likely%20benign'],253.28,0.96,0.0,0.1,0.1
OTOGL,12,80333009,NM_001378610.3:c.4353G>T,NP_001365539.2:p.Trp1451Cys,0.028,16.48,['Likely%20benign'],253.28,0.96,0.0,0.1,0.1
OTOGL,12,80333010,NM_001378610.3:c.4354G>A,NP_001365539.2:p.Glu1452Lys,0.082,17.65,['Unknown%20significance'],144.3,0.73,0.0,0.1,0.1
OTOGL,12,80333013,NM_001378610.3:c.4357A>T,NP_001365539.2:p.Met1453Leu,0.060,5.922,['Likely%20benign'],198.72,0.91,0.0,0.0,0.0
OTOGL,12,80333014,NM_001378610.3:c.4358T>A,NP_001365539.2:p.Met1453Lys,0.054,10.28,['Likely%20benign'],198.72,0.91,0.0,0.1,0.1
OTOGL,12,80333015,NM_001378610.3:c.4359G>T,NP_001365539.2:p.Met1453Ile,0.047,13.36,['Likely%20benign'],198.72,0.91,0.0,0.0,0.0
OTOGL,12,80333020,NM_001378610.3:c.4364C>A,NP_001365539.2:p.Thr1455Asn,0.066,17.03,['Unknown%20significance'],126.29,0.8,0.0,0.2,0.2
OTOGL,12,80333020,NM_001378610.3:c.4364C>T,NP_001365539.2:p.Thr1455Ile,0.063,18.17,['Unknown%20significance'],126.29,0.8,0.0,-0.0,0.0
OTOGL,12,80333022,NM_001378610.3:c.4366C>A,NP_001365539.2:p.Pro1456Thr,0.054,18.86,['Unknown%20significance'],117.72,0.74,0.0,-0.1,0.1
OTOGL,12,80333022,NM_001378610.3:c.4366C>G,NP_001365539.2:p.Pro1456Ala,0.071,21.2,['Unknown%20significance'],117.72,0.74,0.0,-0.0,0.0
OTOGL,12,80333023,NM_001378610.3:c.4367C>A,NP_001365539.2:p.Pro1456Gln,0.118,22.5,['Unknown%20significance'],117.72,0.74,0.0,-0.1,0.1
OTOGL,12,80333023,NM_001378610.3:c.4367C>T,NP_001365539.2:p.Pro1456Leu,0.157,23.2,['Unknown%20significance'],117.72,0.74,0.0,-0.3,0.3
OTOGL,12,80333025,NM_001378610.3:c.4369T>C,NP_001365539.2:p.Ser1457Pro,0.034,15.91,['Likely%20benign'],117.51,0.85,0.0,0.0,0.0
OTOGL,12,80333026,NM_001378610.3:c.4370C>T,NP_001365539.2:p.Ser1457Leu,0.060,23.7,['Unknown%20significance'],117.51,0.85,0.0,-0.1,0.1
OTOGL,12,80333028,NM_001378610.3:c.4372G>T,NP_001365539.2:p.Asp1458Tyr,0.066,23.6,['Unknown%20significance'],117.42,0.73,0.0,-0.4,0.4
OTOGL,12,80333030,NM_001378610.3:c.4374C>A,NP_001365539.2:p.Asp1458Glu,0.002,0.011,['Likely%20benign'],117.42,0.73,0.0,-0.0,0.0
OTOGL,12,80333031,NM_001378610.3:c.4375A>G,NP_001365539.2:p.Ile1459Val,0.007,0.055,['Likely%20benign'],188.85,0.96,0.0,0.0,0.0
OTOGL,12,80333031,NM_001378610.3:c.4375A>T,NP_001365539.2:p.Ile1459Phe,0.006,0.244,['Likely%20benign'],188.85,0.96,0.0,-0.0,0.0
OTOGL,12,80333032,NM_001378610.3:c.4376T>C,NP_001365539.2:p.Ile1459Thr,0.081,14.01,['Likely%20benign'],188.85,0.96,0.0,0.0,0.0
OTOGL,12,80333034,NM_001378610.3:c.4378A>C,NP_001365539.2:p.Thr1460Pro,0.056,15.25,['Likely%20benign'],101.05,0.64,0.0,0.4,0.4
OTOGL,12,80333035,NM_001378610.3:c.4379C>A,NP_001365539.2:p.Thr1460Asn,0.037,13.71,['Unknown%20significance'],101.05,0.64,0.0,0.2,0.2
OTOGL,12,80333035,NM_001378610.3:c.4379C>G,NP_001365539.2:p.Thr1460Ser,0.020,13.34,['Likely%20benign'],101.05,0.64,0.0,0.1,0.1
OTOGL,12,80333035,NM_001378610.3:c.4379C>T,NP_001365539.2:p.Thr1460Ile,0.060,15.67,['Likely%20benign'],101.05,0.64,0.0,0.0,0.0
OTOGL,12,80333038,NM_001378610.3:c.4382T>C,NP_001365539.2:p.Val1461Ala,0.084,10.97,['Likely%20benign'],121.28,0.7,0.0,0.3,0.3
OTOGL,12,80333040,NM_001378610.3:c.4384T>A,NP_001365539.2:p.Phe1462Ile,0.083,9.678,['Likely%20benign'],198.87,0.86,0.0,0.1,0.1
OTOGL,12,80333043,NM_001378610.3:c.4387G>A,NP_001365539.2:p.Asp1463Asn,0.101,22.4,['Unknown%20significance'],116.4,0.72,0.0,-0.1,0.1
OTOGL,12,80333043,NM_001378610.3:c.4387G>C,NP_001365539.2:p.Asp1463His,0.086,23.2,['Unknown%20significance'],116.4,0.72,0.0,-0.2,0.2
OTOGL,12,80333043,NM_001378610.3:c.4387G>T,NP_001365539.2:p.Asp1463Tyr,0.139,25.7,['Unknown%20significance'],116.4,0.72,0.0,-0.4,0.4
OTOGL,12,80333046,NM_001378610.3:c.4390A>G,NP_001365539.2:p.Met1464Val,0.092,10.11,['Likely%20benign'],159.96,0.73,0.0,0.1,0.1
OTOGL,12,80333047,NM_001378610.3:c.4391T>C,NP_001365539.2:p.Met1464Thr,0.050,10.80,['Likely%20benign'],159.96,0.73,0.0,0.2,0.2
OTOGL,12,80333047,NM_001378610.3:c.4391T>G,NP_001365539.2:p.Met1464Arg,0.217,15.25,['Likely%20benign'],159.96,0.73,0.0,0.3,0.3
OTOGL,12,80333048,NM_001378610.3:c.4392G>A,NP_001365539.2:p.Met1464Ile,0.095,17.02,['Likely%20benign'],159.96,0.73,0.0,0.0,0.0
OTOGL,12,80333049,NM_001378610.3:c.4393C>A,NP_001365539.2:p.Leu1465Ile,0.004,6.502,['Likely%20benign'],207.62,1.0,0.0,-0.0,0.0
OTOGL,12,80333050,NM_001378610.3:c.4394T>C,NP_001365539.2:p.Leu1465Pro,0.143,22.9,['Unknown%20significance'],207.62,1.0,0.0,0.1,0.1
OTOGL,12,80333053,NM_001378610.3:c.4397C>A,NP_001365539.2:p.Thr1466Lys,0.111,19.79,['Unknown%20significance'],96.98,0.61,0.0,0.4,0.4
OTOGL,12,80333053,NM_001378610.3:c.4397C>T,NP_001365539.2:p.Thr1466Ile,0.010,18.59,['Likely%20benign'],96.98,0.61,0.0,-0.0,0.0
OTOGL,12,80333055,NM_001378610.3:c.4399C>A,NP_001365539.2:p.Pro1467Thr,0.044,9.372,['Likely%20benign'],133.92,0.85,0.0,-0.2,0.2
OTOGL,12,80333055,NM_001378610.3:c.4399C>G,NP_001365539.2:p.Pro1467Ala,0.071,8.725,['Likely%20benign'],133.92,0.85,0.0,-0.0,0.0
OTOGL,12,80333055,NM_001378610.3:c.4399C>T,NP_001365539.2:p.Pro1467Ser,0.042,10.17,['Likely%20benign'],133.92,0.85,0.0,-0.1,0.1
OTOGL,12,80333056,NM_001378610.3:c.4400C>A,NP_001365539.2:p.Pro1467Gln,0.117,22.9,['Unknown%20significance'],133.92,0.85,0.0,-0.1,0.1
OTOGL,12,80333058,NM_001378610.3:c.4402A>G,NP_001365539.2:p.Thr1468Ala,0.151,20.8,['Unknown%20significance'],151.12,0.96,0.0,0.0,0.0
OTOGL,12,80333058,NM_001378610.3:c.4402A>T,NP_001365539.2:p.Thr1468Ser,0.130,18.32,['Likely%20benign'],151.12,0.96,0.0,0.0,0.0
OTOGL,12,80333059,NM_001378610.3:c.4403C>A,NP_001365539.2:p.Thr1468Asn,0.082,23.6,['Unknown%20significance'],151.12,0.96,0.0,0.0,0.0
OTOGL,12,80333059,NM_001378610.3:c.4403C>G,NP_001365539.2:p.Thr1468Ser,0.149,20.7,['Likely%20benign'],151.12,0.96,0.0,0.0,0.0
OTOGL,12,80333059,NM_001378610.3:c.4403C>T,NP_001365539.2:p.Thr1468Ile,0.164,22.7,['Likely%20benign'],151.12,0.96,0.0,0.0,0.0
OTOGL,12,80333061,NM_001378610.3:c.4405A>G,NP_001365539.2:p.Thr1469Ala,0.020,0.981,['Likely%20benign'],141.74,0.9,0.0,0.0,0.0
OTOGL,12,80333062,NM_001378610.3:c.4406C>T,NP_001365539.2:p.Thr1469Ile,0.074,23.3,['Unknown%20significance'],141.74,0.9,0.0,-0.0,0.0
OTOGL,12,80333064,NM_001378610.3:c.4408G>C,NP_001365539.2:p.Gly1470Arg,0.143,23.0,['Unknown%20significance'],50.79,0.53,0.0,-0.4,0.4
OTOGL,12,80333064,NM_001378610.3:c.4408G>T,NP_001365539.2:p.Gly1470Cys,0.173,27.5,['Unknown%20significance'],50.79,0.53,0.0,-0.3,0.3
OTOGL,12,80333065,NM_001378610.3:c.4409G>A,NP_001365539.2:p.Gly1470Asp,0.149,22.5,['Unknown%20significance'],50.79,0.53,0.0,-0.1,0.1
OTOGL,12,80333065,NM_001378610.3:c.4409G>C,NP_001365539.2:p.Gly1470Ala,0.115,21.1,['Likely%20benign'],50.79,0.53,0.0,-0.2,0.2
OTOGL,12,80333070,NM_001378610.3:c.4414G>A,NP_001365539.2:p.Glu1472Lys,0.077,23.4,['Likely%20benign'],175.76,0.9,0.0,0.0,0.0
OTOGL,12,80333070,NM_001378610.3:c.4414G>C,NP_001365539.2:p.Glu1472Gln,0.061,23.1,['Likely%20benign'],175.76,0.9,0.0,-0.1,0.1
OTOGL,12,80333071,NM_001378610.3:c.4415A>G,NP_001365539.2:p.Glu1472Gly,0.036,25.0,['Unknown%20significance'],175.76,0.9,0.0,0.1,0.1
OTOGL,12,80333073,NM_001378610.3:c.4417T>A,NP_001365539.2:p.Cys1473Ser,0.339,22.6,['Likely%20benign'],70.44,0.45,0.0,1.4,1.4
OTOGL,12,80333074,NM_001378610.3:c.4418G>A,NP_001365539.2:p.Cys1473Tyr,0.382,24.0,['Unknown%20significance'],70.44,0.45,0.0,0.9,0.9
OTOGL,12,80333074,NM_001378610.3:c.4418G>T,NP_001365539.2:p.Cys1473Phe,0.336,24.0,['Unknown%20significance'],70.44,0.45,0.0,1.0,1.0
OTOGL,12,80333076,NM_001378610.3:c.4420G>A,NP_001365539.2:p.Glu1474Lys,0.134,23.1,['Likely%20benign'],129.65,0.66,0.0,0.1,0.1
OTOGL,12,80333077,NM_001378610.3:c.4421A>G,NP_001365539.2:p.Glu1474Gly,0.090,29.6,['Unknown%20significance'],129.65,0.66,0.0,0.2,0.2
OTOGL,12,80333077,NM_001378610.3:c.4421A>T,NP_001365539.2:p.Glu1474Val,0.114,29.6,['Unknown%20significance'],129.65,0.66,0.0,-0.5,0.5
OTOGL,12,80333078,NM_001378610.3:c.4422G>C,NP_001365539.2:p.Glu1474Asp,0.080,32,['Likely%20benign'],129.65,0.66,0.0,0.1,0.1
OTOGL,12,80333078,NM_001378610.3:c.4422G>T,NP_001365539.2:p.Glu1474Asp,0.080,32,['Likely%20benign'],129.65,0.66,0.0,0.1,0.1
OTOGL,12,80335963,NM_001378610.3:c.4423C>A,NP_001365539.2:p.Pro1475Thr,0.201,26.3,['Unknown%20significance'],136.46,0.86,0.0,0.1,0.1
OTOGL,12,80335964,NM_001378610.3:c.4424C>A,NP_001365539.2:p.Pro1475His,0.237,28.9,['Unknown%20significance'],136.46,0.86,0.0,0.1,0.1
OTOGL,12,80335966,NM_001378610.3:c.4426C>A,NP_001365539.2:p.Gln1476Lys,0.042,13.46,['Likely%20benign'],95.69,0.48,0.0,0.3,0.3
OTOGL,12,80335967,NM_001378610.3:c.4427A>C,NP_001365539.2:p.Gln1476Pro,0.063,12.03,['Likely%20benign'],95.69,0.48,0.0,-0.1,0.1
OTOGL,12,80335967,NM_001378610.3:c.4427A>G,NP_001365539.2:p.Gln1476Arg,0.077,9.627,['Likely%20benign'],95.69,0.48,0.0,-0.2,0.2
OTOGL,12,80335968,NM_001378610.3:c.4428G>T,NP_001365539.2:p.Gln1476His,0.027,17.39,['Likely%20benign'],95.69,0.48,0.0,-0.1,0.1
OTOGL,12,80335974,NM_001378610.3:c.4434T>G,NP_001365539.2:p.Phe1478Leu,0.058,20.5,['Likely%20benign'],89.54,0.38,0.0,0.2,0.2
OTOGL,12,80335975,NM_001378610.3:c.4435G>A,NP_001365539.2:p.Asp1479Asn,0.195,25.9,['Unknown%20significance'],108.77,0.67,0.0,-0.2,0.2
OTOGL,12,80335975,NM_001378610.3:c.4435G>C,NP_001365539.2:p.Asp1479His,0.177,24.4,['Unknown%20significance'],108.77,0.67,0.0,-0.3,0.3
OTOGL,12,80335975,NM_001378610.3:c.4435G>T,NP_001365539.2:p.Asp1479Tyr,0.179,26.2,['Unknown%20significance'],108.77,0.67,0.0,-0.7,0.7
OTOGL,12,80335976,NM_001378610.3:c.4436A>T,NP_001365539.2:p.Asp1479Val,0.171,28.0,['Unknown%20significance'],108.77,0.67,0.0,-0.5,0.5
OTOGL,12,80335978,NM_001378610.3:c.4438C>A,NP_001365539.2:p.Pro1480Thr,0.101,21.6,['Unknown%20significance'],78.84,0.5,0.0,-0.3,0.3
OTOGL,12,80335978,NM_001378610.3:c.4438C>G,NP_001365539.2:p.Pro1480Ala,0.126,19.60,['Unknown%20significance'],78.84,0.5,0.0,-0.2,0.2
OTOGL,12,80335978,NM_001378610.3:c.4438C>T,NP_001365539.2:p.Pro1480Ser,0.086,22.9,['Unknown%20significance'],78.84,0.5,0.0,-0.0,0.0
OTOGL,12,80335979,NM_001378610.3:c.4439C>A,NP_001365539.2:p.Pro1480His,0.128,22.5,['Unknown%20significance'],78.84,0.5,0.0,-0.3,0.3
OTOGL,12,80335981,NM_001378610.3:c.4441G>A,NP_001365539.2:p.Val1481Ile,0.029,21.9,['Likely%20benign'],96.76,0.56,0.0,-0.1,0.1
OTOGL,12,80335984,NM_001378610.3:c.4444T>C,NP_001365539.2:p.Tyr1482His,0.066,23.8,['Unknown%20significance'],161.85,0.67,0.0,0.3,0.3
OTOGL,12,80335985,NM_001378610.3:c.4445A>G,NP_001365539.2:p.Tyr1482Cys,0.184,24.5,['Unknown%20significance'],161.85,0.67,0.0,0.1,0.1
OTOGL,12,80335985,NM_001378610.3:c.4445A>T,NP_001365539.2:p.Tyr1482Phe,0.101,22.6,['Unknown%20significance'],161.85,0.67,0.0,0.0,0.0
OTOGL,12,80335987,NM_001378610.3:c.4447G>T,NP_001365539.2:p.Asp1483Tyr,0.109,23.3,['Unknown%20significance'],148.56,0.92,0.0,-0.1,0.1
OTOGL,12,80335990,NM_001378610.3:c.4450T>A,NP_001365539.2:p.Cys1484Ser,0.542,26.8,['Unknown%20significance'],23.64,0.15,0.0,3.4,3.4
OTOGL,12,80335991,NM_001378610.3:c.4451G>A,NP_001365539.2:p.Cys1484Tyr,0.627,27.2,['Unknown%20significance'],23.64,0.15,0.0,2.3,2.3
OTOGL,12,80335991,NM_001378610.3:c.4451G>T,NP_001365539.2:p.Cys1484Phe,0.645,29.2,['Unknown%20significance'],23.64,0.15,0.0,2.6,2.6
OTOGL,12,80335995,NM_001378610.3:c.4455C>A,NP_001365539.2:p.Ser1485Arg,0.178,23.0,['Unknown%20significance'],5.15,0.03,0.0,-0.5,0.5
OTOGL,12,80335996,NM_001378610.3:c.4456C>A,NP_001365539.2:p.Gln1486Lys,0.145,21.7,['Likely%20benign'],87.41,0.44,0.0,0.5,0.5
OTOGL,12,80336000,NM_001378610.3:c.4460A>G,NP_001365539.2:p.Tyr1487Cys,0.210,27.6,['Unknown%20significance'],51.53,0.21,0.0,-0.6,0.6
OTOGL,12,80336002,NM_001378610.3:c.4462A>G,NP_001365539.2:p.Ile1488Val,0.077,17.68,['Likely%20benign'],36.91,0.18,0.0,-0.0,0.0
OTOGL,12,80336003,NM_001378610.3:c.4463T>C,NP_001365539.2:p.Ile1488Thr,0.203,23.9,['Unknown%20significance'],36.91,0.18,0.0,0.6,0.6
OTOGL,12,80336011,NM_001378610.3:c.4471A>G,NP_001365539.2:p.Asn1491Asp,0.119,17.97,['Likely%20benign'],113.1,0.7,0.0,0.1,0.1
OTOGL,12,80336014,NM_001378610.3:c.4474A>G,NP_001365539.2:p.Met1492Val,0.066,22.9,['Likely%20benign'],81.88,0.37,0.0,0.1,0.1
OTOGL,12,80336015,NM_001378610.3:c.4475T>C,NP_001365539.2:p.Met1492Thr,0.043,19.42,['Likely%20benign'],81.88,0.37,0.0,0.2,0.2
OTOGL,12,80336017,NM_001378610.3:c.4477G>A,NP_001365539.2:p.Glu1493Lys,0.148,24.9,['Unknown%20significance'],87.61,0.44,0.0,0.0,0.0
OTOGL,12,80336018,NM_001378610.3:c.4478A>G,NP_001365539.2:p.Glu1493Gly,0.143,22.9,['Likely%20benign'],87.61,0.44,0.0,0.4,0.4
OTOGL,12,80336020,NM_001378610.3:c.4480T>A,NP_001365539.2:p.Trp1494Arg,0.249,27.5,['Unknown%20significance'],87.12,0.33,0.0,1.4,1.4
OTOGL,12,80336024,NM_001378610.3:c.4484A>G,NP_001365539.2:p.Gln1495Arg,0.052,22.4,['Likely%20benign'],61.76,0.31,0.0,-0.2,0.2
OTOGL,12,80336029,NM_001378610.3:c.4489T>A,NP_001365539.2:p.Tyr1497Asn,0.085,24.4,['Unknown%20significance'],65.25,0.27,0.0,1.4,1.4
OTOGL,12,80336029,NM_001378610.3:c.4489T>C,NP_001365539.2:p.Tyr1497His,0.084,22.1,['Likely%20benign'],65.25,0.27,0.0,0.9,0.9
OTOGL,12,80336029,NM_001378610.3:c.4489T>G,NP_001365539.2:p.Tyr1497Asp,0.180,24.5,['Unknown%20significance'],65.25,0.27,0.0,1.8,1.8
OTOGL,12,80336033,NM_001378610.3:c.4493A>G,NP_001365539.2:p.Asn1498Ser,0.283,25.5,['Unknown%20significance'],37.82,0.23,0.0,0.1,0.1
OTOGL,12,80336034,NM_001378610.3:c.4494C>G,NP_001365539.2:p.Asn1498Lys,0.184,22.9,['Unknown%20significance'],37.82,0.23,0.0,0.5,0.5
OTOGL,12,80336036,NM_001378610.3:c.4496G>T,NP_001365539.2:p.Trp1499Leu,0.037,23.2,['Likely%20benign'],108.03,0.41,0.0,0.3,0.3
OTOGL,12,80336037,NM_001378610.3:c.4497G>C,NP_001365539.2:p.Trp1499Cys,0.113,28.0,['Unknown%20significance'],108.03,0.41,0.0,-0.0,0.0
OTOGL,12,80336037,NM_001378610.3:c.4497G>T,NP_001365539.2:p.Trp1499Cys,0.127,31,['Unknown%20significance'],108.03,0.41,0.0,-0.0,0.0
OTOGL,12,80336041,NM_001378610.3:c.4501C>T,NP_001365539.2:p.Leu1501Phe,0.080,25.1,['Unknown%20significance'],143.71,0.74,0.0,-0.0,0.0
OTOGL,12,80336042,NM_001378610.3:c.4502T>C,NP_001365539.2:p.Leu1501Pro,0.174,24.2,['Unknown%20significance'],143.71,0.74,0.0,0.4,0.4
OTOGL,12,80336045,NM_001378610.3:c.4505A>G,NP_001365539.2:p.Asn1502Ser,0.140,21.9,['Likely%20benign'],74.76,0.46,0.0,0.1,0.1
OTOGL,12,80336048,NM_001378610.3:c.4508G>A,NP_001365539.2:p.Cys1503Tyr,0.557,27.2,['Unknown%20significance'],17.51,0.11,0.0,2.5,2.5
OTOGL,12,80336050,NM_001378610.3:c.4510C>G,NP_001365539.2:p.Pro1504Ala,0.147,23.4,['Unknown%20significance'],125.56,0.79,0.0,0.1,0.1
OTOGL,12,80336051,NM_001378610.3:c.4511C>T,NP_001365539.2:p.Pro1504Leu,0.135,19.19,['Likely%20benign'],125.56,0.79,0.0,-0.0,0.0
OTOGL,12,80336055,NM_001378610.3:c.4515G>T,NP_001365539.2:p.Lys1505Asn,0.047,16.41,['Unknown%20significance'],129.98,0.54,0.0,-0.1,0.1
OTOGL,12,80336057,NM_001378610.3:c.4517A>C,NP_001365539.2:p.Asp1506Ala,0.022,4.467,['Likely%20benign'],121.77,0.76,0.0,-0.1,0.1
OTOGL,12,80336059,NM_001378610.3:c.4519G>A,NP_001365539.2:p.Val1507Met,0.042,0.432,['Likely%20benign'],55.69,0.32,0.0,0.2,0.2
OTOGL,12,80336063,NM_001378610.3:c.4523A>G,NP_001365539.2:p.Glu1508Gly,0.037,17.22,['Likely%20benign'],157.4,0.8,0.0,0.1,0.1
OTOGL,12,80336064,NM_001378610.3:c.4524A>C,NP_001365539.2:p.Glu1508Asp,0.020,13.88,['Likely%20benign'],157.4,0.8,0.0,0.1,0.1
OTOGL,12,80336068,NM_001378610.3:c.4528C>A,NP_001365539.2:p.Pro1510Thr,0.230,23.1,['Unknown%20significance'],50.27,0.31,0.0,0.3,0.3
OTOGL,12,80336068,NM_001378610.3:c.4528C>T,NP_001365539.2:p.Pro1510Ser,0.166,23.3,['Unknown%20significance'],50.27,0.31,0.0,0.6,0.6
OTOGL,12,80336071,NM_001378610.3:c.4531G>T,NP_001365539.2:p.Asp1511Tyr,0.119,26.6,['Unknown%20significance'],143.74,0.89,0.0,-0.3,0.3
OTOGL,12,80336072,NM_001378610.3:c.4532A>G,NP_001365539.2:p.Asp1511Gly,0.224,23.2,['Unknown%20significance'],143.74,0.89,0.0,0.0,0.0
OTOGL,12,80336073,NM_001378610.3:c.4533C>G,NP_001365539.2:p.Asp1511Glu,0.035,20.5,['Unknown%20significance'],143.74,0.89,0.0,-0.0,0.0
OTOGL,12,80336075,NM_001378610.3:c.4535G>C,NP_001365539.2:p.Cys1512Ser,0.632,27.1,['Unknown%20significance'],3.1,0.02,0.0,3.8,3.8
OTOGL,12,80336078,NM_001378610.3:c.4538G>T,NP_001365539.2:p.Gly1513Val,0.195,26.5,['Unknown%20significance'],18.79,0.19,0.0,-0.8,0.8
OTOGL,12,80336080,NM_001378610.3:c.4540T>C,NP_001365539.2:p.Phe1514Leu,0.106,21.9,['Likely%20benign'],2.42,0.01,0.0,0.2,0.2
OTOGL,12,80336083,NM_001378610.3:c.4543C>G,NP_001365539.2:p.Arg1515Gly,0.168,23.8,['Unknown%20significance'],11.68,0.04,0.0,1.5,1.5
OTOGL,12,80336084,NM_001378610.3:c.4544G>A,NP_001365539.2:p.Arg1515Gln,0.058,24.3,['Unknown%20significance'],11.68,0.04,0.0,0.5,0.5
OTOGL,12,80336084,NM_001378610.3:c.4544G>T,NP_001365539.2:p.Arg1515Leu,0.102,21.6,['Likely%20benign'],11.68,0.04,0.0,-0.4,0.4
OTOGL,12,80336090,NM_001378610.3:c.4550G>A,NP_001365539.2:p.Arg1517Lys,0.068,23.7,['Unknown%20significance'],117.2,0.43,0.0,0.6,0.6
OTOGL,12,80336095,NM_001378610.3:c.4555G>A,NP_001365539.2:p.Val1519Ile,0.077,19.15,['Likely%20benign'],42.08,0.24,0.0,0.1,0.1
OTOGL,12,80336099,NM_001378610.3:c.4559A>G,NP_001365539.2:p.Gln1520Arg,0.143,23.3,['Likely%20benign'],58.12,0.29,0.0,-0.3,0.3
OTOGL,12,80336099,NM_001378610.3:c.4559A>T,NP_001365539.2:p.Gln1520Leu,0.108,23.2,['Unknown%20significance'],58.12,0.29,0.0,-0.7,0.7
OTOGL,12,80336102,NM_001378610.3:c.4562T>C,NP_001365539.2:p.Val1521Ala,0.096,25.9,['Unknown%20significance'],75.3,0.43,0.0,0.9,0.9
OTOGL,12,80336105,NM_001378610.3:c.4565A>C,NP_001365539.2:p.Asn1522Thr,0.262,26.5,['Unknown%20significance'],36.24,0.22,0.0,0.2,0.2
OTOGL,12,80336106,NM_001378610.3:c.4566C>G,NP_001365539.2:p.Asn1522Lys,0.104,23.5,['Unknown%20significance'],36.24,0.22,0.0,0.5,0.5
OTOGL,12,80336107,NM_001378610.3:c.4567A>G,NP_001365539.2:p.Ser1523Gly,0.074,18.55,['Likely%20benign'],130.48,0.94,0.0,0.0,0.0
OTOGL,12,80336108,NM_001378610.3:c.4568G>A,NP_001365539.2:p.Ser1523Asn,0.014,9.109,['Unknown%20significance'],130.48,0.94,0.0,-0.0,0.0
OTOGL,12,80336109,NM_001378610.3:c.4569T>G,NP_001365539.2:p.Ser1523Arg,0.035,0.548,['Likely%20benign'],130.48,0.94,0.0,-0.1,0.1
OTOGL,12,80336113,NM_001378610.3:c.4573A>G,NP_001365539.2:p.Ile1525Val,0.022,17.00,['Likely%20benign'],144.21,0.73,0.0,0.0,0.0
OTOGL,12,80336119,NM_001378610.3:c.4579T>C,NP_001365539.2:p.Cys1527Arg,0.615,28.4,['Unknown%20significance'],21.03,0.13,0.0,3.6,3.6
OTOGL,12,80336122,NM_001378610.3:c.4582C>T,NP_001365539.2:p.Pro1528Ser,0.243,25.7,['Unknown%20significance'],17.76,0.11,0.0,-0.0,0.0
OTOGL,12,80336123,NM_001378610.3:c.4583C>G,NP_001365539.2:p.Pro1528Arg,0.322,29.8,['Unknown%20significance'],17.76,0.11,0.0,-0.4,0.4
OTOGL,12,80336125,NM_001378610.3:c.4585G>A,NP_001365539.2:p.Glu1529Lys,0.143,23.9,['Likely%20benign'],18.8,0.09,0.0,0.1,0.1
OTOGL,12,80336126,NM_001378610.3:c.4586A>T,NP_001365539.2:p.Glu1529Val,0.132,24.8,['Unknown%20significance'],18.8,0.09,0.0,-0.8,0.8
OTOGL,12,80336128,NM_001378610.3:c.4588T>A,NP_001365539.2:p.Trp1530Arg,0.295,29.3,['Unknown%20significance'],65.83,0.25,0.0,1.4,1.4
OTOGL,12,80336128,NM_001378610.3:c.4588T>C,NP_001365539.2:p.Trp1530Arg,0.295,29.8,['Unknown%20significance'],65.83,0.25,0.0,1.4,1.4
OTOGL,12,80336131,NM_001378610.3:c.4591G>C,NP_001365539.2:p.Glu1531Gln,0.113,22.6,['Unknown%20significance'],76.76,0.39,0.0,-0.3,0.3
OTOGL,12,80336133,NM_001378610.3:c.4593A>C,NP_001365539.2:p.Glu1531Asp,0.104,23.0,['Likely%20benign'],76.76,0.39,0.0,0.1,0.1
OTOGL,12,80336134,NM_001378610.3:c.4594T>A,NP_001365539.2:p.Cys1532Ser,0.558,27.3,['Unknown%20significance'],25.46,0.16,0.0,3.2,3.2
OTOGL,12,80336135,NM_001378610.3:c.4595G>T,NP_001365539.2:p.Cys1532Phe,0.611,28.6,['Unknown%20significance'],25.46,0.16,0.0,2.3,2.3
OTOGL,12,80336138,NM_001378610.3:c.4598C>T,NP_001365539.2:p.Pro1533Leu,0.214,32,['Unknown%20significance'],6.68,0.04,0.0,-0.7,0.7
OTOGL,12,80336413,NM_001378610.3:c.4601G>A,NP_001365539.2:p.Cys1534Tyr,0.553,32,['Unknown%20significance'],35.46,0.22,0.0,1.4,1.4
OTOGL,12,80336415,NM_001378610.3:c.4603C>T,NP_001365539.2:p.Arg1535Trp,0.175,26.6,['Unknown%20significance'],18.48,0.06,0.0,-1.1,1.1
OTOGL,12,80336416,NM_001378610.3:c.4604G>A,NP_001365539.2:p.Arg1535Gln,0.103,22.8,['Likely%20benign'],18.48,0.06,0.0,0.2,0.2
OTOGL,12,80336416,NM_001378610.3:c.4604G>T,NP_001365539.2:p.Arg1535Leu,0.172,25.8,['Unknown%20significance'],18.48,0.06,0.0,-1.1,1.1
OTOGL,12,80336418,NM_001378610.3:c.4606T>A,NP_001365539.2:p.Cys1536Ser,0.882,26.0,['Unknown%20significance'],0.1,0.0,0.0,4.8,4.8
OTOGL,12,80336418,NM_001378610.3:c.4606T>G,NP_001365539.2:p.Cys1536Gly,0.856,27.6,['Unknown%20significance'],0.1,0.0,0.0,5.9,5.9
OTOGL,12,80336419,NM_001378610.3:c.4607G>A,NP_001365539.2:p.Cys1536Tyr,0.817,27.1,['Unknown%20significance'],0.1,0.0,0.0,3.1,3.1
OTOGL,12,80336420,NM_001378610.3:c.4608T>G,NP_001365539.2:p.Cys1536Trp,0.824,25.4,['Unknown%20significance'],0.1,0.0,0.0,2.9,2.9
OTOGL,12,80336421,NM_001378610.3:c.4609T>C,NP_001365539.2:p.Ser1537Pro,0.337,27.1,['Unknown%20significance'],0.0,0.0,0.0,0.4,0.4
OTOGL,12,80336422,NM_001378610.3:c.4610C>A,NP_001365539.2:p.Ser1537Tyr,0.255,24.4,['Unknown%20significance'],0.0,0.0,0.0,-1.5,1.5
OTOGL,12,80336422,NM_001378610.3:c.4610C>G,NP_001365539.2:p.Ser1537Cys,0.295,24.4,['Unknown%20significance'],0.0,0.0,0.0,-1.1,1.1
OTOGL,12,80336424,NM_001378610.3:c.4612A>G,NP_001365539.2:p.Met1538Val,0.079,13.62,['Likely%20benign'],0.02,0.0,0.0,-1.0,1.0
OTOGL,12,80336425,NM_001378610.3:c.4613T>C,NP_001365539.2:p.Met1538Thr,0.212,23.6,['Unknown%20significance'],0.02,0.0,0.0,1.3,1.3
OTOGL,12,80336426,NM_001378610.3:c.4614G>A,NP_001365539.2:p.Met1538Ile,0.123,14.41,['Likely%20benign'],0.02,0.0,0.0,-1.0,1.0
OTOGL,12,80336430,NM_001378610.3:c.4618T>C,NP_001365539.2:p.Ser1540Pro,0.164,22.9,['Unknown%20significance'],2.71,0.01,0.0,0.5,0.5
OTOGL,12,80336433,NM_001378610.3:c.4621G>A,NP_001365539.2:p.Glu1541Lys,0.367,29.1,['Unknown%20significance'],0.53,0.0,0.0,0.6,0.6
OTOGL,12,80336437,NM_001378610.3:c.4625T>C,NP_001365539.2:p.Leu1542Pro,0.451,28.7,['Unknown%20significance'],0.0,0.0,0.0,0.2,0.2
OTOGL,12,80336442,NM_001378610.3:c.4630A>G,NP_001365539.2:p.Ile1544Val,0.116,16.98,['Likely%20benign'],0.0,0.0,0.0,0.4,0.4
OTOGL,12,80336446,NM_001378610.3:c.4634T>C,NP_001365539.2:p.Ile1545Thr,0.248,23.9,['Unknown%20significance'],0.0,0.0,0.0,2.1,2.1
OTOGL,12,80336446,NM_001378610.3:c.4634T>G,NP_001365539.2:p.Ile1545Ser,0.295,27.7,['Unknown%20significance'],0.0,0.0,0.0,3.0,3.0
OTOGL,12,80336448,NM_001378610.3:c.4636A>G,NP_001365539.2:p.Thr1546Ala,0.841,25.7,['Unknown%20significance'],0.0,0.0,0.0,1.2,1.2
OTOGL,12,80336452,NM_001378610.3:c.4640T>C,NP_001365539.2:p.Phe1547Ser,0.877,28.2,['Unknown%20significance'],0.0,0.0,0.0,5.2,5.2
OTOGL,12,80336455,NM_001378610.3:c.4643A>G,NP_001365539.2:p.Asp1548Gly,0.827,26.2,['Unknown%20significance'],7.54,0.04,0.0,1.9,1.9
OTOGL,12,80336457,NM_001378610.3:c.4645G>A,NP_001365539.2:p.Gly1549Arg,0.695,28.6,['Unknown%20significance'],23.22,0.24,0.0,0.1,0.1
OTOGL,12,80336462,NM_001378610.3:c.4650C>A,NP_001365539.2:p.Asn1550Lys,0.151,17.28,['Likely%20benign'],11.7,0.07,0.0,-0.1,0.1
OTOGL,12,80336463,NM_001378610.3:c.4651A>C,NP_001365539.2:p.Asn1551His,0.104,22.0,['Likely%20benign'],9.52,0.05,0.0,-0.6,0.6
OTOGL,12,80336464,NM_001378610.3:c.4652A>G,NP_001365539.2:p.Asn1551Ser,0.067,14.20,['Likely%20benign'],9.52,0.05,0.0,0.1,0.1
OTOGL,12,80336465,NM_001378610.3:c.4653C>A,NP_001365539.2:p.Asn1551Lys,0.233,15.54,['Likely%20benign'],9.52,0.05,0.0,0.2,0.2
OTOGL,12,80336466,NM_001378610.3:c.4654G>A,NP_001365539.2:p.Ala1552Thr,0.074,23.4,['Unknown%20significance'],0.0,0.0,0.0,-0.3,0.3
OTOGL,12,80336466,NM_001378610.3:c.4654G>T,NP_001365539.2:p.Ala1552Ser,0.094,24.2,['Unknown%20significance'],0.0,0.0,0.0,0.4,0.4
OTOGL,12,80336467,NM_001378610.3:c.4655C>T,NP_001365539.2:p.Ala1552Val,0.102,17.63,['Likely%20benign'],0.0,0.0,0.0,-1.5,1.5
OTOGL,12,80336470,NM_001378610.3:c.4658C>A,NP_001365539.2:p.Ala1553Glu,0.448,24.6,['Unknown%20significance'],0.0,0.0,0.0,0.4,0.4
OTOGL,12,80336473,NM_001378610.3:c.4661T>C,NP_001365539.2:p.Leu1554Ser,0.546,26.2,['Unknown%20significance'],0.0,0.0,0.0,3.0,3.0
OTOGL,12,80336475,NM_001378610.3:c.4663T>A,NP_001365539.2:p.Tyr1555Asn,0.228,25.7,['Unknown%20significance'],8.24,0.03,0.0,1.5,1.5
OTOGL,12,80336475,NM_001378610.3:c.4663T>C,NP_001365539.2:p.Tyr1555His,0.251,25.8,['Unknown%20significance'],8.24,0.03,0.0,0.8,0.8
OTOGL,12,80336476,NM_001378610.3:c.4664A>C,NP_001365539.2:p.Tyr1555Ser,0.138,20.8,['Likely%20benign'],8.24,0.03,0.0,1.8,1.8
OTOGL,12,80336476,NM_001378610.3:c.4664A>G,NP_001365539.2:p.Tyr1555Cys,0.224,21.2,['Likely%20benign'],8.24,0.03,0.0,1.4,1.4
OTOGL,12,80336479,NM_001378610.3:c.4667G>A,NP_001365539.2:p.Ser1556Asn,0.126,21.1,['Likely%20benign'],0.0,0.0,0.0,-0.1,0.1
OTOGL,12,80336479,NM_001378610.3:c.4667G>T,NP_001365539.2:p.Ser1556Ile,0.287,25.6,['Unknown%20significance'],0.0,0.0,0.0,-0.7,0.7
OTOGL,12,80336481,NM_001378610.3:c.4669A>T,NP_001365539.2:p.Met1557Leu,0.080,19.21,['Likely%20benign'],22.9,0.1,0.0,0.1,0.1
OTOGL,12,80336484,NM_001378610.3:c.4672G>C,NP_001365539.2:p.Ala1558Pro,0.358,27.8,['Unknown%20significance'],6.39,0.05,0.0,0.7,0.7
OTOGL,12,80336485,NM_001378610.3:c.4673C>T,NP_001365539.2:p.Ala1558Val,0.342,26.3,['Unknown%20significance'],6.39,0.05,0.0,-0.7,0.7
OTOGL,12,80336487,NM_001378610.3:c.4675T>A,NP_001365539.2:p.Ser1559Thr,0.200,22.3,['Unknown%20significance'],4.77,0.03,0.0,-0.7,0.7
OTOGL,12,80336487,NM_001378610.3:c.4675T>C,NP_001365539.2:p.Ser1559Pro,0.219,27.4,['Unknown%20significance'],4.77,0.03,0.0,0.3,0.3
OTOGL,12,80336490,NM_001378610.3:c.4678T>A,NP_001365539.2:p.Tyr1560Asn,0.734,28.1,['Unknown%20significance'],0.0,0.0,0.0,5.0,5.0
OTOGL,12,80336491,NM_001378610.3:c.4679A>G,NP_001365539.2:p.Tyr1560Cys,0.645,27.8,['Unknown%20significance'],0.0,0.0,0.0,3.1,3.1
OTOGL,12,80336494,NM_001378610.3:c.4682T>C,NP_001365539.2:p.Ile1561Thr,0.296,26.1,['Unknown%20significance'],10.38,0.05,0.0,2.2,2.2
OTOGL,12,80336497,NM_001378610.3:c.4685T>C,NP_001365539.2:p.Leu1562Ser,0.758,28.0,['Unknown%20significance'],0.05,0.0,0.0,5.1,5.1
OTOGL,12,80336498,NM_001378610.3:c.4686A>C,NP_001365539.2:p.Leu1562Phe,0.469,24.9,['Unknown%20significance'],0.05,0.0,0.0,1.2,1.2
OTOGL,12,80336503,NM_001378610.3:c.4691G>A,NP_001365539.2:p.Arg1564Lys,0.065,20.9,['Likely%20benign'],86.12,0.31,0.0,0.8,0.8
OTOGL,12,80336503,NM_001378610.3:c.4691G>T,NP_001365539.2:p.Arg1564Ile,0.349,26.4,['Unknown%20significance'],86.12,0.31,0.0,-0.1,0.1
OTOGL,12,80336508,NM_001378610.3:c.4696C>A,NP_001365539.2:p.Pro1566Thr,0.302,23.8,['Unknown%20significance'],93.75,0.59,0.0,-0.2,0.2
OTOGL,12,80336508,NM_001378610.3:c.4696C>G,NP_001365539.2:p.Pro1566Ala,0.326,24.7,['Unknown%20significance'],93.75,0.59,0.0,0.1,0.1
OTOGL,12,80336508,NM_001378610.3:c.4696C>T,NP_001365539.2:p.Pro1566Ser,0.323,23.8,['Unknown%20significance'],93.75,0.59,0.0,0.0,0.0
OTOGL,12,80336509,NM_001378610.3:c.4697C>G,NP_001365539.2:p.Pro1566Arg,0.434,24.2,['Unknown%20significance'],93.75,0.59,0.0,-0.2,0.2
OTOGL,12,80336509,NM_001378610.3:c.4697C>T,NP_001365539.2:p.Pro1566Leu,0.367,26.9,['Unknown%20significance'],93.75,0.59,0.0,-0.3,0.3
OTOGL,12,80336511,NM_001378610.3:c.4699G>T,NP_001365539.2:p.Gly1567Cys,0.239,26.8,['Unknown%20significance'],52.65,0.55,0.0,-0.3,0.3
OTOGL,12,80336512,NM_001378610.3:c.4700G>A,NP_001365539.2:p.Gly1567Asp,0.160,18.95,['Likely%20benign'],52.65,0.55,0.0,-0.2,0.2
OTOGL,12,80336512,NM_001378610.3:c.4700G>T,NP_001365539.2:p.Gly1567Val,0.292,22.8,['Unknown%20significance'],52.65,0.55,0.0,-0.5,0.5
OTOGL,12,80336517,NM_001378610.3:c.4705A>G,NP_001365539.2:p.Ile1569Val,0.042,14.84,['Likely%20benign'],51.98,0.26,0.0,0.1,0.1
OTOGL,12,80336518,NM_001378610.3:c.4706T>C,NP_001365539.2:p.Ile1569Thr,0.071,19.43,['Likely%20benign'],51.98,0.26,0.0,0.5,0.5
OTOGL,12,80336520,NM_001378610.3:c.4708A>G,NP_001365539.2:p.Ile1570Val,0.031,15.28,['Likely%20benign'],0.0,0.0,0.0,0.3,0.3
OTOGL,12,80336522,NM_001378610.3:c.4710A>G,NP_001365539.2:p.Ile1570Met,0.220,23.1,['Unknown%20significance'],0.0,0.0,0.0,1.3,1.3
OTOGL,12,80336524,NM_001378610.3:c.4712T>C,NP_001365539.2:p.Val1571Ala,0.118,23.9,['Unknown%20significance'],13.26,0.07,0.0,1.4,1.4
OTOGL,12,80336526,NM_001378610.3:c.4714G>C,NP_001365539.2:p.Ala1572Pro,0.295,27.2,['Unknown%20significance'],0.0,0.0,0.0,1.2,1.2
OTOGL,12,80336526,NM_001378610.3:c.4714G>T,NP_001365539.2:p.Ala1572Ser,0.202,24.3,['Unknown%20significance'],0.0,0.0,0.0,1.2,1.2
OTOGL,12,80336529,NM_001378610.3:c.4717C>T,NP_001365539.2:p.His1573Tyr,0.273,25.3,['Unknown%20significance'],46.0,0.22,0.0,-0.9,0.9
OTOGL,12,80336530,NM_001378610.3:c.4718A>G,NP_001365539.2:p.His1573Arg,0.345,24.6,['Unknown%20significance'],46.0,0.22,0.0,-0.0,0.0
OTOGL,12,80336530,NM_001378610.3:c.4718A>T,NP_001365539.2:p.His1573Leu,0.271,23.9,['Unknown%20significance'],46.0,0.22,0.0,-0.7,0.7
OTOGL,12,80336532,NM_001378610.3:c.4720A>G,NP_001365539.2:p.Ile1574Val,0.081,11.59,['Likely%20benign'],2.19,0.01,0.0,0.1,0.1
OTOGL,12,80336533,NM_001378610.3:c.4721T>C,NP_001365539.2:p.Ile1574Thr,0.383,23.7,['Unknown%20significance'],2.19,0.01,0.0,1.5,1.5
OTOGL,12,80336534,NM_001378610.3:c.4722C>G,NP_001365539.2:p.Ile1574Met,0.178,16.88,['Unknown%20significance'],2.19,0.01,0.0,0.6,0.6
OTOGL,12,80336535,NM_001378610.3:c.4723G>A,NP_001365539.2:p.Glu1575Lys,0.223,24.5,['Unknown%20significance'],49.62,0.25,0.0,0.2,0.2
OTOGL,12,80336538,NM_001378610.3:c.4726A>C,NP_001365539.2:p.Lys1576Gln,0.182,24.0,['Unknown%20significance'],125.36,0.52,0.0,-0.2,0.2
OTOGL,12,80336539,NM_001378610.3:c.4727A>G,NP_001365539.2:p.Lys1576Arg,0.191,22.1,['Unknown%20significance'],125.36,0.52,0.0,-0.4,0.4
OTOGL,12,80336539,NM_001378610.3:c.4727A>T,NP_001365539.2:p.Lys1576Ile,0.317,26.3,['Unknown%20significance'],125.36,0.52,0.0,-0.5,0.5
OTOGL,12,80336541,NM_001378610.3:c.4729T>C,NP_001365539.2:p.Cys1577Arg,0.619,28.7,['Unknown%20significance'],12.86,0.08,0.0,1.0,1.0
OTOGL,12,80336542,NM_001378610.3:c.4730G>A,NP_001365539.2:p.Cys1577Tyr,0.505,29.5,['Unknown%20significance'],12.86,0.08,0.0,0.2,0.2
OTOGL,12,80336542,NM_001378610.3:c.4730G>T,NP_001365539.2:p.Cys1577Phe,0.536,29.4,['Unknown%20significance'],12.86,0.08,0.0,0.5,0.5
OTOGL,12,80336545,NM_001378610.3:c.4733C>T,NP_001365539.2:p.Ser1578Phe,0.246,25.4,['Unknown%20significance'],52.98,0.38,0.0,-0.3,0.3
OTOGL,12,80336548,NM_001378610.3:c.4736T>C,NP_001365539.2:p.Met1579Thr,0.141,7.769,['Likely%20benign'],135.59,0.62,0.0,0.1,0.1
OTOGL,12,80336549,NM_001378610.3:c.4737G>C,NP_001365539.2:p.Met1579Ile,0.039,19.18,['Likely%20benign'],135.59,0.62,0.0,0.0,0.0
OTOGL,12,80336551,NM_001378610.3:c.4739A>T,NP_001365539.2:p.Asn1580Ile,0.283,27.4,['Unknown%20significance'],153.49,0.96,0.0,0.0,0.0
OTOGL,12,80336552,NM_001378610.3:c.4740T>A,NP_001365539.2:p.Asn1580Lys,0.212,23.0,['Unknown%20significance'],153.49,0.96,0.0,0.0,0.0
OTOGL,12,80336554,NM_001378610.3:c.4742A>T,NP_001365539.2:p.Gln1581Leu,0.263,31,['Unknown%20significance'],126.47,0.63,0.0,-0.0,0.0
OTOGL,12,80336797,NM_001378610.3:c.4744A>T,NP_001365539.2:p.Asn1582Tyr,0.113,22.3,['Likely%20benign'],143.38,0.89,0.0,-0.1,0.1
OTOGL,12,80336798,NM_001378610.3:c.4745A>G,NP_001365539.2:p.Asn1582Ser,0.150,20.1,['Likely%20benign'],143.38,0.89,0.0,0.0,0.0
OTOGL,12,80336798,NM_001378610.3:c.4745A>T,NP_001365539.2:p.Asn1582Ile,0.149,22.6,['Likely%20benign'],143.38,0.89,0.0,-0.0,0.0
OTOGL,12,80336799,NM_001378610.3:c.4746T>A,NP_001365539.2:p.Asn1582Lys,0.073,21.3,['Unknown%20significance'],143.38,0.89,0.0,0.1,0.1
OTOGL,12,80336800,NM_001378610.3:c.4747G>A,NP_001365539.2:p.Gly1583Arg,0.157,32,['Likely%20benign'],75.44,0.79,0.0,-0.2,0.2
OTOGL,12,80336801,NM_001378610.3:c.4748G>A,NP_001365539.2:p.Gly1583Glu,0.116,20.3,['Likely%20benign'],75.44,0.79,0.0,-0.1,0.1
OTOGL,12,80336801,NM_001378610.3:c.4748G>C,NP_001365539.2:p.Gly1583Ala,0.112,21.9,['Likely%20benign'],75.44,0.79,0.0,-0.1,0.1
OTOGL,12,80336804,NM_001378610.3:c.4751A>G,NP_001365539.2:p.Asn1584Ser,0.076,18.26,['Likely%20benign'],157.77,0.98,0.0,-0.0,0.0
OTOGL,12,80336804,NM_001378610.3:c.4751A>T,NP_001365539.2:p.Asn1584Ile,0.241,23.2,['Likely%20benign'],157.77,0.98,0.0,-0.1,0.1
OTOGL,12,80336805,NM_001378610.3:c.4752C>A,NP_001365539.2:p.Asn1584Lys,0.087,14.73,['Likely%20benign'],157.77,0.98,0.0,0.0,0.0
OTOGL,12,80336806,NM_001378610.3:c.4753T>C,NP_001365539.2:p.Ser1585Pro,0.170,21.8,['Unknown%20significance'],92.63,0.67,0.0,0.2,0.2
OTOGL,12,80336807,NM_001378610.3:c.4754C>A,NP_001365539.2:p.Ser1585Tyr,0.188,18.80,['Unknown%20significance'],92.63,0.67,0.0,-0.4,0.4
OTOGL,12,80336807,NM_001378610.3:c.4754C>T,NP_001365539.2:p.Ser1585Phe,0.191,19.93,['Unknown%20significance'],92.63,0.67,0.0,-0.3,0.3
OTOGL,12,80336816,NM_001378610.3:c.4763A>G,NP_001365539.2:p.Lys1588Arg,0.031,22.9,['Likely%20benign'],238.19,1.0,0.0,-0.1,0.1
OTOGL,12,80336817,NM_001378610.3:c.4764G>T,NP_001365539.2:p.Lys1588Asn,0.039,18.90,['Likely%20benign'],238.19,1.0,0.0,-0.0,0.0
OTOGL,12,80336818,NM_001378610.3:c.4765C>A,NP_001365539.2:p.Leu1589Ile,0.008,15.28,['Likely%20benign'],181.45,0.94,0.0,-0.0,0.0
OTOGL,12,80336819,NM_001378610.3:c.4766T>G,NP_001365539.2:p.Leu1589Arg,0.138,22.6,['Likely%20benign'],181.45,0.94,0.0,0.1,0.1
OTOGL,12,80336912,NM_001378610.3:c.4768G>A,NP_001365539.2:p.Ala1590Thr,0.033,21.9,['Likely%20benign'],77.38,0.6,0.0,-0.1,0.1
OTOGL,12,80336912,NM_001378610.3:c.4768G>C,NP_001365539.2:p.Ala1590Pro,0.041,23.0,['Unknown%20significance'],77.38,0.6,0.0,0.2,0.2
OTOGL,12,80336912,NM_001378610.3:c.4768G>T,NP_001365539.2:p.Ala1590Ser,0.033,21.9,['Likely%20benign'],77.38,0.6,0.0,0.2,0.2
OTOGL,12,80336913,NM_001378610.3:c.4769C>A,NP_001365539.2:p.Ala1590Asp,0.090,21.2,['Unknown%20significance'],77.38,0.6,0.0,0.4,0.4
OTOGL,12,80336913,NM_001378610.3:c.4769C>G,NP_001365539.2:p.Ala1590Gly,0.069,21.6,['Likely%20benign'],77.38,0.6,0.0,0.5,0.5
OTOGL,12,80336913,NM_001378610.3:c.4769C>T,NP_001365539.2:p.Ala1590Val,0.054,14.23,['Likely%20benign'],77.38,0.6,0.0,-0.6,0.6
OTOGL,12,80336915,NM_001378610.3:c.4771C>T,NP_001365539.2:p.Pro1591Ser,0.052,11.55,['Likely%20benign'],95.8,0.6,0.0,0.2,0.2
OTOGL,12,80336916,NM_001378610.3:c.4772C>T,NP_001365539.2:p.Pro1591Leu,0.068,20.8,['Likely%20benign'],95.8,0.6,0.0,-0.2,0.2
OTOGL,12,80336918,NM_001378610.3:c.4774T>C,NP_001365539.2:p.Ser1592Pro,0.061,18.49,['Likely%20benign'],58.45,0.42,0.0,0.2,0.2
OTOGL,12,80336919,NM_001378610.3:c.4775C>A,NP_001365539.2:p.Ser1592Tyr,0.027,16.90,['Likely%20benign'],58.45,0.42,0.0,-0.9,0.9
OTOGL,12,80336919,NM_001378610.3:c.4775C>T,NP_001365539.2:p.Ser1592Phe,0.044,19.54,['Unknown%20significance'],58.45,0.42,0.0,-0.7,0.7
OTOGL,12,80336921,NM_001378610.3:c.4777G>A,NP_001365539.2:p.Gly1593Arg,0.235,30,['Unknown%20significance'],0.75,0.0,0.0,-0.3,0.3
OTOGL,12,80336922,NM_001378610.3:c.4778G>A,NP_001365539.2:p.Gly1593Glu,0.116,22.7,['Likely%20benign'],0.75,0.0,0.0,0.3,0.3
OTOGL,12,80336922,NM_001378610.3:c.4778G>T,NP_001365539.2:p.Gly1593Val,0.138,24.1,['Unknown%20significance'],0.75,0.0,0.0,-0.6,0.6
OTOGL,12,80336925,NM_001378610.3:c.4781G>A,NP_001365539.2:p.Arg1594Lys,0.053,23.2,['Likely%20benign'],38.24,0.14,0.0,0.9,0.9
OTOGL,12,80336925,NM_001378610.3:c.4781G>C,NP_001365539.2:p.Arg1594Thr,0.094,23.5,['Likely%20benign'],38.24,0.14,0.0,0.2,0.2
OTOGL,12,80336925,NM_001378610.3:c.4781G>T,NP_001365539.2:p.Arg1594Ile,0.092,31,['Unknown%20significance'],38.24,0.14,0.0,-0.1,0.1
OTOGL,12,80336928,NM_001378610.3:c.4784T>C,NP_001365539.2:p.Ile1595Thr,0.044,19.93,['Likely%20benign'],60.07,0.3,0.0,0.2,0.2
OTOGL,12,80336930,NM_001378610.3:c.4786T>A,NP_001365539.2:p.Ser1596Thr,0.083,13.33,['Likely%20benign'],3.58,0.02,0.0,-0.3,0.3
OTOGL,12,80336930,NM_001378610.3:c.4786T>C,NP_001365539.2:p.Ser1596Pro,0.094,16.37,['Unknown%20significance'],3.58,0.02,0.0,0.5,0.5
OTOGL,12,80336931,NM_001378610.3:c.4787C>A,NP_001365539.2:p.Ser1596Tyr,0.066,23.4,['Likely%20benign'],3.58,0.02,0.0,-0.9,0.9
OTOGL,12,80336931,NM_001378610.3:c.4787C>G,NP_001365539.2:p.Ser1596Cys,0.129,25.8,['Unknown%20significance'],3.58,0.02,0.0,-0.2,0.2
OTOGL,12,80336933,NM_001378610.3:c.4789G>A,NP_001365539.2:p.Gly1597Arg,0.199,25.2,['Unknown%20significance'],11.85,0.12,0.0,-1.0,1.0
OTOGL,12,80336934,NM_001378610.3:c.4790G>T,NP_001365539.2:p.Gly1597Val,0.183,24.3,['Unknown%20significance'],11.85,0.12,0.0,-2.2,2.2
OTOGL,12,80336936,NM_001378610.3:c.4792C>A,NP_001365539.2:p.Leu1598Ile,0.101,25.1,['Unknown%20significance'],0.05,0.0,0.0,-0.2,0.2
OTOGL,12,80336936,NM_001378610.3:c.4792C>T,NP_001365539.2:p.Leu1598Phe,0.125,23.7,['Unknown%20significance'],0.05,0.0,0.0,-0.2,0.2
OTOGL,12,80336937,NM_001378610.3:c.4793T>C,NP_001365539.2:p.Leu1598Pro,0.407,29.3,['Unknown%20significance'],0.05,0.0,0.0,2.1,2.1
OTOGL,12,80336937,NM_001378610.3:c.4793T>G,NP_001365539.2:p.Leu1598Arg,0.400,28.9,['Unknown%20significance'],0.05,0.0,0.0,1.1,1.1
OTOGL,12,80336939,NM_001378610.3:c.4795T>A,NP_001365539.2:p.Cys1599Ser,0.638,28.4,['Unknown%20significance'],1.76,0.01,0.0,2.4,2.4
OTOGL,12,80336939,NM_001378610.3:c.4795T>C,NP_001365539.2:p.Cys1599Arg,0.666,29.3,['Unknown%20significance'],1.76,0.01,0.0,2.0,2.0
OTOGL,12,80336940,NM_001378610.3:c.4796G>A,NP_001365539.2:p.Cys1599Tyr,0.651,28.3,['Unknown%20significance'],1.76,0.01,0.0,0.4,0.4
OTOGL,12,80336940,NM_001378610.3:c.4796G>T,NP_001365539.2:p.Cys1599Phe,0.581,29.0,['Unknown%20significance'],1.76,0.01,0.0,0.5,0.5
OTOGL,12,80336946,NM_001378610.3:c.4802A>G,NP_001365539.2:p.Lys1601Arg,0.074,22.9,['Unknown%20significance'],43.56,0.18,0.0,-0.8,0.8
OTOGL,12,80336946,NM_001378610.3:c.4802A>T,NP_001365539.2:p.Lys1601Met,0.230,24.2,['Unknown%20significance'],43.56,0.18,0.0,-1.0,1.0
OTOGL,12,80336947,NM_001378610.3:c.4803G>T,NP_001365539.2:p.Lys1601Asn,0.203,23.6,['Likely%20benign'],43.56,0.18,0.0,0.0,0.0
OTOGL,12,80336948,NM_001378610.3:c.4804A>G,NP_001365539.2:p.Lys1602Glu,0.200,22.0,['Unknown%20significance'],82.13,0.34,0.0,-0.3,0.3
OTOGL,12,80336949,NM_001378610.3:c.4805A>G,NP_001365539.2:p.Lys1602Arg,0.109,22.5,['Likely%20benign'],82.13,0.34,0.0,-0.7,0.7
OTOGL,12,80336950,NM_001378610.3:c.4806G>T,NP_001365539.2:p.Lys1602Asn,0.230,23.6,['Likely%20benign'],82.13,0.34,0.0,-0.2,0.2
OTOGL,12,80336951,NM_001378610.3:c.4807T>A,NP_001365539.2:p.Leu1603Ile,0.176,23.4,['Likely%20benign'],0.0,0.0,0.0,-0.4,0.4
OTOGL,12,80336952,NM_001378610.3:c.4808T>C,NP_001365539.2:p.Leu1603Ser,0.571,27.7,['Unknown%20significance'],0.0,0.0,0.0,4.2,4.2
OTOGL,12,80336954,NM_001378610.3:c.4810A>T,NP_001365539.2:p.Asn1604Tyr,0.306,25.4,['Unknown%20significance'],5.4,0.03,0.0,-2.0,2.0
OTOGL,12,80336956,NM_001378610.3:c.4812T>A,NP_001365539.2:p.Asn1604Lys,0.103,23.4,['Unknown%20significance'],5.4,0.03,0.0,0.1,0.1
OTOGL,12,80336957,NM_001378610.3:c.4813G>A,NP_001365539.2:p.Val1605Met,0.184,16.79,['Likely%20benign'],0.0,0.0,0.0,1.2,1.2
OTOGL,12,80336957,NM_001378610.3:c.4813G>T,NP_001365539.2:p.Val1605Leu,0.176,13.05,['Likely%20benign'],0.0,0.0,0.0,0.3,0.3
OTOGL,12,80336958,NM_001378610.3:c.4814T>A,NP_001365539.2:p.Val1605Glu,0.491,25.9,['Unknown%20significance'],0.0,0.0,0.0,4.3,4.3
OTOGL,12,80336958,NM_001378610.3:c.4814T>C,NP_001365539.2:p.Val1605Ala,0.383,23.6,['Unknown%20significance'],0.0,0.0,0.0,2.8,2.8
OTOGL,12,80336960,NM_001378610.3:c.4816A>G,NP_001365539.2:p.Thr1606Ala,0.271,24.4,['Unknown%20significance'],42.09,0.26,0.0,0.2,0.2
OTOGL,12,80336960,NM_001378610.3:c.4816A>T,NP_001365539.2:p.Thr1606Ser,0.283,23.7,['Unknown%20significance'],42.09,0.26,0.0,0.5,0.5
OTOGL,12,80336961,NM_001378610.3:c.4817C>A,NP_001365539.2:p.Thr1606Lys,0.385,25.0,['Unknown%20significance'],42.09,0.26,0.0,0.6,0.6
OTOGL,12,80336961,NM_001378610.3:c.4817C>T,NP_001365539.2:p.Thr1606Ile,0.412,25.3,['Unknown%20significance'],42.09,0.26,0.0,-0.8,0.8
OTOGL,12,80336963,NM_001378610.3:c.4819A>G,NP_001365539.2:p.Thr1607Ala,0.251,19.56,['Unknown%20significance'],4.98,0.03,0.0,0.3,0.3
OTOGL,12,80336964,NM_001378610.3:c.4820C>T,NP_001365539.2:p.Thr1607Ile,0.354,17.02,['Likely%20benign'],4.98,0.03,0.0,-1.7,1.7
OTOGL,12,80336966,NM_001378610.3:c.4822C>A,NP_001365539.2:p.Pro1608Thr,0.109,0.341,['Likely%20benign'],103.07,0.65,0.0,-0.2,0.2
OTOGL,12,80336966,NM_001378610.3:c.4822C>T,NP_001365539.2:p.Pro1608Ser,0.106,0.286,['Likely%20benign'],103.07,0.65,0.0,-0.1,0.1
OTOGL,12,80336967,NM_001378610.3:c.4823C>A,NP_001365539.2:p.Pro1608His,0.121,14.89,['Likely%20benign'],103.07,0.65,0.0,-0.4,0.4
OTOGL,12,80336967,NM_001378610.3:c.4823C>G,NP_001365539.2:p.Pro1608Arg,0.137,12.61,['Likely%20benign'],103.07,0.65,0.0,-0.4,0.4
OTOGL,12,80336967,NM_001378610.3:c.4823C>T,NP_001365539.2:p.Pro1608Leu,0.127,14.61,['Unknown%20significance'],103.07,0.65,0.0,-0.4,0.4
OTOGL,12,80336969,NM_001378610.3:c.4825A>G,NP_001365539.2:p.Ile1609Val,0.074,0.170,['Likely%20benign'],83.58,0.42,0.0,0.0,0.0
OTOGL,12,80336969,NM_001378610.3:c.4825A>T,NP_001365539.2:p.Ile1609Leu,0.066,0.728,['Likely%20benign'],83.58,0.42,0.0,0.0,0.0
OTOGL,12,80336970,NM_001378610.3:c.4826T>A,NP_001365539.2:p.Ile1609Lys,0.120,5.096,['Likely%20benign'],83.58,0.42,0.0,0.4,0.4
OTOGL,12,80336971,NM_001378610.3:c.4827A>G,NP_001365539.2:p.Ile1609Met,0.044,7.437,['Likely%20benign'],83.58,0.42,0.0,-0.1,0.1
OTOGL,12,80336972,NM_001378610.3:c.4828C>A,NP_001365539.2:p.His1610Asn,0.115,5.791,['Likely%20benign'],32.94,0.16,0.0,0.7,0.7
OTOGL,12,80336972,NM_001378610.3:c.4828C>T,NP_001365539.2:p.His1610Tyr,0.037,7.560,['Likely%20benign'],32.94,0.16,0.0,-1.1,1.1
OTOGL,12,80336973,NM_001378610.3:c.4829A>C,NP_001365539.2:p.His1610Pro,0.362,22.5,['Unknown%20significance'],32.94,0.16,0.0,1.1,1.1
OTOGL,12,80336973,NM_001378610.3:c.4829A>G,NP_001365539.2:p.His1610Arg,0.291,17.45,['Unknown%20significance'],32.94,0.16,0.0,0.0,0.0
OTOGL,12,80336973,NM_001378610.3:c.4829A>T,NP_001365539.2:p.His1610Leu,0.314,19.22,['Unknown%20significance'],32.94,0.16,0.0,-0.6,0.6
OTOGL,12,80336975,NM_001378610.3:c.4831A>G,NP_001365539.2:p.Lys1611Glu,0.083,20.7,['Likely%20benign'],125.06,0.52,0.0,-0.0,0.0
OTOGL,12,80336976,NM_001378610.3:c.4832A>G,NP_001365539.2:p.Lys1611Arg,0.085,21.0,['Likely%20benign'],125.06,0.52,0.0,-0.5,0.5
OTOGL,12,80336977,NM_001378610.3:c.4833A>T,NP_001365539.2:p.Lys1611Asn,0.104,22.4,['Unknown%20significance'],125.06,0.52,0.0,-0.1,0.1
OTOGL,12,80336978,NM_001378610.3:c.4834A>G,NP_001365539.2:p.Ile1612Val,0.119,8.735,['Likely%20benign'],0.0,0.0,0.0,0.4,0.4
OTOGL,12,80336981,NM_001378610.3:c.4837A>G,NP_001365539.2:p.Ile1613Val,0.080,15.67,['Likely%20benign'],42.07,0.21,0.0,0.1,0.1
OTOGL,12,80336982,NM_001378610.3:c.4838T>C,NP_001365539.2:p.Ile1613Thr,0.110,20.1,['Unknown%20significance'],42.07,0.21,0.0,1.2,1.2
OTOGL,12,80336984,NM_001378610.3:c.4840G>A,NP_001365539.2:p.Val1614Ile,0.042,12.66,['Likely%20benign'],0.03,0.0,0.0,-0.5,0.5
OTOGL,12,80336985,NM_001378610.3:c.4841T>C,NP_001365539.2:p.Val1614Ala,0.328,24.1,['Unknown%20significance'],0.03,0.0,0.0,2.2,2.2
OTOGL,12,80336987,NM_001378610.3:c.4843A>C,NP_001365539.2:p.Asn1615His,0.190,23.9,['Unknown%20significance'],20.94,0.13,0.0,-0.5,0.5
OTOGL,12,80336987,NM_001378610.3:c.4843A>G,NP_001365539.2:p.Asn1615Asp,0.143,18.89,['Likely%20benign'],20.94,0.13,0.0,0.3,0.3
OTOGL,12,80336988,NM_001378610.3:c.4844A>G,NP_001365539.2:p.Asn1615Ser,0.250,21.3,['Likely%20benign'],20.94,0.13,0.0,0.1,0.1
OTOGL,12,80336988,NM_001378610.3:c.4844A>T,NP_001365539.2:p.Asn1615Ile,0.306,23.9,['Likely%20benign'],20.94,0.13,0.0,-1.2,1.2
OTOGL,12,80336990,NM_001378610.3:c.4846C>G,NP_001365539.2:p.Arg1616Gly,0.383,26.1,['Unknown%20significance'],8.28,0.03,0.0,2.0,2.0
OTOGL,12,80336990,NM_001378610.3:c.4846C>T,NP_001365539.2:p.Arg1616Trp,0.393,27.7,['Unknown%20significance'],8.28,0.03,0.0,-0.5,0.5
OTOGL,12,80336991,NM_001378610.3:c.4847G>A,NP_001365539.2:p.Arg1616Gln,0.272,29.5,['Unknown%20significance'],8.28,0.03,0.0,0.5,0.5
OTOGL,12,80336994,NM_001378610.3:c.4850T>C,NP_001365539.2:p.Leu1617Ser,0.134,18.23,['Likely%20benign'],72.61,0.37,0.0,0.3,0.3
OTOGL,12,80336994,NM_001378610.3:c.4850T>G,NP_001365539.2:p.Leu1617Trp,0.210,23.5,['Likely%20benign'],72.61,0.37,0.0,-0.2,0.2
OTOGL,12,80336995,NM_001378610.3:c.4851G>C,NP_001365539.2:p.Leu1617Phe,0.060,15.16,['Likely%20benign'],72.61,0.37,0.0,-0.1,0.1
OTOGL,12,80336996,NM_001378610.3:c.4852G>A,NP_001365539.2:p.Ala1618Thr,0.026,16.91,['Likely%20benign'],69.15,0.54,0.0,-0.2,0.2
OTOGL,12,80336996,NM_001378610.3:c.4852G>T,NP_001365539.2:p.Ala1618Ser,0.044,13.45,['Likely%20benign'],69.15,0.54,0.0,-0.1,0.1
OTOGL,12,80336997,NM_001378610.3:c.4853C>A,NP_001365539.2:p.Ala1618Glu,0.063,11.63,['Likely%20benign'],69.15,0.54,0.0,-0.2,0.2
OTOGL,12,80336997,NM_001378610.3:c.4853C>T,NP_001365539.2:p.Ala1618Val,0.057,17.51,['Likely%20benign'],69.15,0.54,0.0,-0.2,0.2
OTOGL,12,80336999,NM_001378610.3:c.4855A>G,NP_001365539.2:p.Arg1619Gly,0.466,28.3,['Unknown%20significance'],24.12,0.08,0.0,1.7,1.7
OTOGL,12,80337000,NM_001378610.3:c.4856G>A,NP_001365539.2:p.Arg1619Lys,0.597,28.0,['Unknown%20significance'],24.12,0.08,0.0,1.1,1.1
OTOGL,12,80339076,NM_001378610.3:c.4862T>A,NP_001365539.2:p.Val1621Glu,0.660,26.9,['Unknown%20significance'],0.0,0.0,0.0,4.2,4.2
OTOGL,12,80339080,NM_001378610.3:c.4866A>C,NP_001365539.2:p.Glu1622Asp,0.028,11.47,['Likely%20benign'],30.97,0.15,0.0,0.5,0.5
OTOGL,12,80339081,NM_001378610.3:c.4867G>C,NP_001365539.2:p.Val1623Leu,0.267,23.5,['Unknown%20significance'],3.44,0.02,0.0,0.5,0.5
OTOGL,12,80339081,NM_001378610.3:c.4867G>T,NP_001365539.2:p.Val1623Leu,0.267,23.6,['Unknown%20significance'],3.44,0.02,0.0,0.5,0.5
OTOGL,12,80339084,NM_001378610.3:c.4870G>T,NP_001365539.2:p.Asp1624Tyr,0.335,23.2,['Unknown%20significance'],65.76,0.41,0.0,-0.5,0.5
OTOGL,12,80339086,NM_001378610.3:c.4872T>A,NP_001365539.2:p.Asp1624Glu,0.242,22.8,['Unknown%20significance'],65.76,0.41,0.0,0.1,0.1
OTOGL,12,80339087,NM_001378610.3:c.4873T>A,NP_001365539.2:p.Ser1625Thr,0.170,22.1,['Unknown%20significance'],94.42,0.68,0.0,-0.1,0.1
OTOGL,12,80339091,NM_001378610.3:c.4877T>C,NP_001365539.2:p.Ile1626Thr,0.052,13.70,['Likely%20benign'],138.06,0.7,0.0,0.3,0.3
OTOGL,12,80339091,NM_001378610.3:c.4877T>G,NP_001365539.2:p.Ile1626Ser,0.098,15.45,['Likely%20benign'],138.06,0.7,0.0,0.5,0.5
OTOGL,12,80339092,NM_001378610.3:c.4878T>G,NP_001365539.2:p.Ile1626Met,0.030,4.965,['Likely%20benign'],138.06,0.7,0.0,0.1,0.1
OTOGL,12,80339094,NM_001378610.3:c.4880T>C,NP_001365539.2:p.Val1627Ala,0.054,11.30,['Likely%20benign'],94.93,0.55,0.0,0.4,0.4
OTOGL,12,80339096,NM_001378610.3:c.4882G>A,NP_001365539.2:p.Val1628Met,0.140,22.1,['Unknown%20significance'],11.53,0.06,0.0,0.8,0.8
OTOGL,12,80339099,NM_001378610.3:c.4885C>A,NP_001365539.2:p.Pro1629Thr,0.101,17.33,['Likely%20benign'],103.94,0.66,0.0,-0.3,0.3
OTOGL,12,80339100,NM_001378610.3:c.4886C>T,NP_001365539.2:p.Pro1629Leu,0.202,19.79,['Likely%20benign'],103.94,0.66,0.0,-0.5,0.5
OTOGL,12,80339104,NM_001378610.3:c.4890G>T,NP_001365539.2:p.Leu1630Phe,0.533,20.8,['Unknown%20significance'],0.6,0.0,0.0,0.6,0.6
OTOGL,12,80339105,NM_001378610.3:c.4891C>A,NP_001365539.2:p.Pro1631Thr,0.463,23.4,['Unknown%20significance'],91.32,0.58,0.0,0.4,0.4
OTOGL,12,80339106,NM_001378610.3:c.4892C>G,NP_001365539.2:p.Pro1631Arg,0.657,23.8,['Unknown%20significance'],91.32,0.58,0.0,0.4,0.4
OTOGL,12,80339106,NM_001378610.3:c.4892C>T,NP_001365539.2:p.Pro1631Leu,0.512,25.7,['Unknown%20significance'],91.32,0.58,0.0,0.2,0.2
OTOGL,12,80339108,NM_001378610.3:c.4894T>C,NP_001365539.2:p.Phe1632Leu,0.171,25.0,['Unknown%20significance'],47.03,0.2,0.0,0.5,0.5
OTOGL,12,80339111,NM_001378610.3:c.4897T>C,NP_001365539.2:p.Ser1633Pro,0.289,23.2,['Unknown%20significance'],85.21,0.61,0.0,0.1,0.1
OTOGL,12,80339115,NM_001378610.3:c.4901G>A,NP_001365539.2:p.Ser1634Asn,0.085,8.723,['Likely%20benign'],34.16,0.24,0.0,-0.1,0.1
OTOGL,12,80339116,NM_001378610.3:c.4902T>A,NP_001365539.2:p.Ser1634Arg,0.046,15.45,['Likely%20benign'],34.16,0.24,0.0,-0.6,0.6
OTOGL,12,80339117,NM_001378610.3:c.4903C>G,NP_001365539.2:p.Gln1635Glu,0.033,13.24,['Likely%20benign'],164.76,0.83,0.0,0.1,0.1
OTOGL,12,80339120,NM_001378610.3:c.4906G>A,NP_001365539.2:p.Glu1636Lys,0.091,23.3,['Likely%20benign'],130.96,0.67,0.0,0.0,0.0
OTOGL,12,80339123,NM_001378610.3:c.4909C>G,NP_001365539.2:p.Leu1637Val,0.111,15.93,['Likely%20benign'],0.07,0.0,0.0,0.2,0.2
OTOGL,12,80339129,NM_001378610.3:c.4915A>G,NP_001365539.2:p.Ile1639Val,0.068,11.85,['Likely%20benign'],0.0,0.0,0.0,0.4,0.4
OTOGL,12,80339130,NM_001378610.3:c.4916T>C,NP_001365539.2:p.Ile1639Thr,0.553,25.9,['Unknown%20significance'],0.0,0.0,0.0,3.1,3.1
OTOGL,12,80339131,NM_001378610.3:c.4917A>G,NP_001365539.2:p.Ile1639Met,0.536,23.5,['Unknown%20significance'],0.0,0.0,0.0,1.6,1.6
OTOGL,12,80339132,NM_001378610.3:c.4918G>A,NP_001365539.2:p.Glu1640Lys,0.278,23.8,['Unknown%20significance'],77.72,0.39,0.0,0.1,0.1
OTOGL,12,80339133,NM_001378610.3:c.4919A>G,NP_001365539.2:p.Glu1640Gly,0.467,27.0,['Unknown%20significance'],77.72,0.39,0.0,0.5,0.5
OTOGL,12,80339136,NM_001378610.3:c.4922A>G,NP_001365539.2:p.Asp1641Gly,0.593,29.1,['Unknown%20significance'],8.28,0.05,0.0,0.6,0.6
OTOGL,12,80339136,NM_001378610.3:c.4922A>T,NP_001365539.2:p.Asp1641Val,0.573,27.9,['Unknown%20significance'],8.28,0.05,0.0,-1.7,1.7
OTOGL,12,80339139,NM_001378610.3:c.4925C>T,NP_001365539.2:p.Ser1642Phe,0.260,26.2,['Unknown%20significance'],19.91,0.14,0.0,-0.7,0.7
OTOGL,12,80339144,NM_001378610.3:c.4930T>C,NP_001365539.2:p.Ser1644Pro,0.262,13.64,['Likely%20benign'],1.86,0.01,0.0,0.3,0.3
OTOGL,12,80339147,NM_001378610.3:c.4933A>C,NP_001365539.2:p.Met1645Leu,0.262,19.96,['Unknown%20significance'],0.0,0.0,0.0,-0.2,0.2
OTOGL,12,80339147,NM_001378610.3:c.4933A>G,NP_001365539.2:p.Met1645Val,0.335,18.38,['Unknown%20significance'],0.0,0.0,0.0,0.0,0.0
OTOGL,12,80339148,NM_001378610.3:c.4934T>A,NP_001365539.2:p.Met1645Lys,0.584,24.3,['Unknown%20significance'],0.0,0.0,0.0,2.0,2.0
OTOGL,12,80339148,NM_001378610.3:c.4934T>C,NP_001365539.2:p.Met1645Thr,0.483,23.7,['Unknown%20significance'],0.0,0.0,0.0,1.0,1.0
OTOGL,12,80339151,NM_001378610.3:c.4937A>C,NP_001365539.2:p.Tyr1646Ser,0.724,27.4,['Unknown%20significance'],0.0,0.0,0.0,3.5,3.5
OTOGL,12,80339151,NM_001378610.3:c.4937A>T,NP_001365539.2:p.Tyr1646Phe,0.445,24.1,['Unknown%20significance'],0.0,0.0,0.0,-0.4,0.4
OTOGL,12,80339154,NM_001378610.3:c.4940T>C,NP_001365539.2:p.Val1647Ala,0.286,22.7,['Unknown%20significance'],18.31,0.1,0.0,2.0,2.0
OTOGL,12,80339156,NM_001378610.3:c.4942A>G,NP_001365539.2:p.Ile1648Val,0.059,17.60,['Likely%20benign'],0.0,0.0,0.0,0.3,0.3
OTOGL,12,80339157,NM_001378610.3:c.4943T>C,NP_001365539.2:p.Ile1648Thr,0.389,24.1,['Unknown%20significance'],0.0,0.0,0.0,3.5,3.5
OTOGL,12,80339160,NM_001378610.3:c.4946C>T,NP_001365539.2:p.Thr1649Ile,0.173,22.8,['Likely%20benign'],39.47,0.25,0.0,-0.8,0.8
OTOGL,12,80339162,NM_001378610.3:c.4948A>G,NP_001365539.2:p.Thr1650Ala,0.328,24.7,['Unknown%20significance'],0.11,0.0,0.0,0.5,0.5
OTOGL,12,80339165,NM_001378610.3:c.4951C>G,NP_001365539.2:p.Pro1651Ala,0.289,24.6,['Unknown%20significance'],13.28,0.08,0.0,0.1,0.1
OTOGL,12,80339169,NM_001378610.3:c.4955C>A,NP_001365539.2:p.Ala1652Asp,0.227,25.0,['Unknown%20significance'],13.27,0.1,0.0,0.8,0.8
OTOGL,12,80339169,NM_001378610.3:c.4955C>G,NP_001365539.2:p.Ala1652Gly,0.098,22.0,['Likely%20benign'],13.27,0.1,0.0,1.1,1.1
OTOGL,12,80339169,NM_001378610.3:c.4955C>T,NP_001365539.2:p.Ala1652Val,0.252,24.0,['Unknown%20significance'],13.27,0.1,0.0,-0.9,0.9
OTOGL,12,80339172,NM_001378610.3:c.4958G>A,NP_001365539.2:p.Gly1653Glu,0.413,27.4,['Unknown%20significance'],0.0,0.0,0.0,1.2,1.2
OTOGL,12,80339175,NM_001378610.3:c.4961T>G,NP_001365539.2:p.Leu1654Arg,0.458,27.8,['Unknown%20significance'],0.0,0.0,0.0,2.9,2.9
OTOGL,12,80339177,NM_001378610.3:c.4963A>G,NP_001365539.2:p.Ile1655Val,0.063,13.64,['Likely%20benign'],30.24,0.15,0.0,0.1,0.1
OTOGL,12,80339178,NM_001378610.3:c.4964T>A,NP_001365539.2:p.Ile1655Asn,0.165,21.3,['Likely%20benign'],30.24,0.15,0.0,2.1,2.1
OTOGL,12,80339180,NM_001378610.3:c.4966A>G,NP_001365539.2:p.Ile1656Val,0.063,12.60,['Likely%20benign'],0.0,0.0,0.0,0.0,0.0
OTOGL,12,80339181,NM_001378610.3:c.4967T>C,NP_001365539.2:p.Ile1656Thr,0.460,23.5,['Unknown%20significance'],0.0,0.0,0.0,3.5,3.5
OTOGL,12,80339185,NM_001378610.3:c.4971G>T,NP_001365539.2:p.Lys1657Asn,0.231,25.9,['Unknown%20significance'],28.32,0.11,0.0,0.0,0.0
OTOGL,12,80339186,NM_001378610.3:c.4972T>C,NP_001365539.2:p.Trp1658Arg,0.485,29.5,['Unknown%20significance'],0.0,0.0,0.0,3.3,3.3
OTOGL,12,80339187,NM_001378610.3:c.4973G>T,NP_001365539.2:p.Trp1658Leu,0.475,32,['Unknown%20significance'],0.0,0.0,0.0,1.3,1.3
OTOGL,12,80339188,NM_001378610.3:c.4974G>T,NP_001365539.2:p.Trp1658Cys,0.545,32,['Unknown%20significance'],0.0,0.0,0.0,2.9,2.9
OTOGL,12,80339190,NM_001378610.3:c.4976C>G,NP_001365539.2:p.Ser1659Cys,0.203,21.8,['Unknown%20significance'],0.29,0.0,0.0,-0.0,0.0
OTOGL,12,80339190,NM_001378610.3:c.4976C>T,NP_001365539.2:p.Ser1659Phe,0.101,20.4,['Unknown%20significance'],0.29,0.0,0.0,-1.3,1.3
OTOGL,12,80339192,NM_001378610.3:c.4978C>T,NP_001365539.2:p.His1660Tyr,0.375,26.3,['Unknown%20significance'],7.39,0.03,0.0,-0.9,0.9
OTOGL,12,80339193,NM_001378610.3:c.4979A>G,NP_001365539.2:p.His1660Arg,0.460,24.3,['Unknown%20significance'],7.39,0.03,0.0,-0.2,0.2
OTOGL,12,80339195,NM_001378610.3:c.4981C>T,NP_001365539.2:p.Leu1661Phe,0.223,25.5,['Likely%20benign'],36.58,0.18,0.0,-0.1,0.1
OTOGL,12,80339196,NM_001378610.3:c.4982T>C,NP_001365539.2:p.Leu1661Pro,0.227,25.1,['Unknown%20significance'],36.58,0.18,0.0,1.0,1.0
OTOGL,12,80339204,NM_001378610.3:c.4990A>G,NP_001365539.2:p.Ile1664Val,0.077,18.64,['Likely%20benign'],2.78,0.01,0.0,0.2,0.2
OTOGL,12,80339207,NM_001378610.3:c.4993A>G,NP_001365539.2:p.Ile1665Val,0.109,1.254,['Likely%20benign'],0.09,0.0,0.0,0.4,0.4
OTOGL,12,80339208,NM_001378610.3:c.4994T>C,NP_001365539.2:p.Ile1665Thr,0.236,23.2,['Unknown%20significance'],0.09,0.0,0.0,2.5,2.5
OTOGL,12,80339210,NM_001378610.3:c.4996G>C,NP_001365539.2:p.Asp1666His,0.246,27.4,['Unknown%20significance'],1.26,0.0,0.0,-1.4,1.4
OTOGL,12,80339213,NM_001378610.3:c.4999A>G,NP_001365539.2:p.Ile1667Val,0.149,19.38,['Likely%20benign'],0.01,0.0,0.0,0.3,0.3
OTOGL,12,80339217,NM_001378610.3:c.5003A>G,NP_001365539.2:p.His1668Arg,0.227,23.8,['Unknown%20significance'],36.02,0.17,0.0,-0.0,0.0
OTOGL,12,80339220,NM_001378610.3:c.5006T>A,NP_001365539.2:p.Phe1669Tyr,0.152,19.51,['Likely%20benign'],8.06,0.03,0.0,0.2,0.2
OTOGL,12,80339220,NM_001378610.3:c.5006T>C,NP_001365539.2:p.Phe1669Ser,0.300,24.9,['Unknown%20significance'],8.06,0.03,0.0,2.9,2.9
OTOGL,12,80339222,NM_001378610.3:c.5008G>T,NP_001365539.2:p.Gly1670Cys,0.377,23.3,['Likely%20benign'],6.38,0.06,0.0,-0.7,0.7
OTOGL,12,80339223,NM_001378610.3:c.5009G>A,NP_001365539.2:p.Gly1670Asp,0.165,20.9,['Likely%20benign'],6.38,0.06,0.0,-0.2,0.2
OTOGL,12,80339223,NM_001378610.3:c.5009G>C,NP_001365539.2:p.Gly1670Ala,0.145,22.2,['Unknown%20significance'],6.38,0.06,0.0,-0.9,0.9
OTOGL,12,80339226,NM_001378610.3:c.5012T>C,NP_001365539.2:p.Phe1671Ser,0.188,0.633,['Likely%20benign'],191.91,0.83,0.0,0.2,0.2
OTOGL,12,80339226,NM_001378610.3:c.5012T>G,NP_001365539.2:p.Phe1671Cys,0.186,11.49,['Likely%20benign'],191.91,0.83,0.0,0.1,0.1
OTOGL,12,80339227,NM_001378610.3:c.5013C>G,NP_001365539.2:p.Phe1671Leu,0.124,10.58,['Likely%20benign'],191.91,0.83,0.0,-0.0,0.0
OTOGL,12,80339229,NM_001378610.3:c.5015G>A,NP_001365539.2:p.Arg1672Gln,0.201,3.612,['Unknown%20significance'],262.65,0.97,0.0,0.0,0.0
OTOGL,12,80339229,NM_001378610.3:c.5015G>T,NP_001365539.2:p.Arg1672Leu,0.257,6.282,['Likely%20benign'],262.65,0.97,0.0,-0.0,0.0
OTOGL,12,80339236,NM_001378610.3:c.5022C>G,NP_001365539.2:p.Asn1674Lys,0.270,18.05,['Likely%20benign'],138.67,0.86,0.0,0.1,0.1
OTOGL,12,80339237,NM_001378610.3:c.5023T>A,NP_001365539.2:p.Leu1675Met,0.077,18.63,['Likely%20benign'],43.89,0.22,0.0,0.1,0.1
OTOGL,12,80339238,NM_001378610.3:c.5024T>C,NP_001365539.2:p.Leu1675Ser,0.108,21.3,['Likely%20benign'],43.89,0.22,0.0,1.3,1.3
OTOGL,12,80339239,NM_001378610.3:c.5025G>C,NP_001365539.2:p.Leu1675Phe,0.106,21.1,['Likely%20benign'],43.89,0.22,0.0,-0.7,0.7
OTOGL,12,80339240,NM_001378610.3:c.5026T>A,NP_001365539.2:p.Ser1676Thr,0.192,20.7,['Likely%20benign'],32.34,0.23,0.0,-0.3,0.3
OTOGL,12,80339240,NM_001378610.3:c.5026T>C,NP_001365539.2:p.Ser1676Pro,0.308,22.8,['Unknown%20significance'],32.34,0.23,0.0,0.2,0.2
OTOGL,12,80339241,NM_001378610.3:c.5027C>T,NP_001365539.2:p.Ser1676Leu,0.223,23.5,['Unknown%20significance'],32.34,0.23,0.0,-0.6,0.6
OTOGL,12,80339243,NM_001378610.3:c.5029T>A,NP_001365539.2:p.Ser1677Thr,0.096,19.62,['Likely%20benign'],68.53,0.49,0.0,-0.1,0.1
OTOGL,12,80339243,NM_001378610.3:c.5029T>C,NP_001365539.2:p.Ser1677Pro,0.201,23.8,['Likely%20benign'],68.53,0.49,0.0,0.2,0.2
OTOGL,12,80339244,NM_001378610.3:c.5030C>G,NP_001365539.2:p.Ser1677Cys,0.237,24.3,['Unknown%20significance'],68.53,0.49,0.0,0.1,0.1
OTOGL,12,80339244,NM_001378610.3:c.5030C>T,NP_001365539.2:p.Ser1677Phe,0.283,23.0,['Unknown%20significance'],68.53,0.49,0.0,-0.4,0.4
OTOGL,12,80339247,NM_001378610.3:c.5033A>G,NP_001365539.2:p.Tyr1678Cys,0.149,10.12,['Likely%20benign'],115.29,0.48,0.0,0.7,0.7
OTOGL,12,80339250,NM_001378610.3:c.5036C>A,NP_001365539.2:p.Thr1679Lys,0.276,25.0,['Unknown%20significance'],0.04,0.0,0.0,1.6,1.6
OTOGL,12,80339252,NM_001378610.3:c.5038G>A,NP_001365539.2:p.Glu1680Lys,0.186,22.9,['Likely%20benign'],66.72,0.34,0.0,0.2,0.2
OTOGL,12,80339258,NM_001378610.3:c.5044C>T,NP_001365539.2:p.Leu1682Phe,0.637,23.0,['Unknown%20significance'],0.0,0.0,0.0,1.2,1.2
OTOGL,12,80339259,NM_001378610.3:c.5045T>A,NP_001365539.2:p.Leu1682His,0.843,25.9,['Unknown%20significance'],0.0,0.0,0.0,3.4,3.4
OTOGL,12,80339261,NM_001378610.3:c.5047T>A,NP_001365539.2:p.Cys1683Ser,0.892,24.9,['Unknown%20significance'],0.0,0.0,0.0,3.9,3.9
OTOGL,12,80339261,NM_001378610.3:c.5047T>C,NP_001365539.2:p.Cys1683Arg,0.860,25.7,['Unknown%20significance'],0.0,0.0,0.0,3.4,3.4
OTOGL,12,80339262,NM_001378610.3:c.5048G>A,NP_001365539.2:p.Cys1683Tyr,0.903,29.0,['Unknown%20significance'],0.0,0.0,0.0,2.1,2.1
OTOGL,12,80339264,NM_001378610.3:c.5050G>A,NP_001365539.2:p.Gly1684Arg,0.884,34,['Pathogenic'],0.0,0.0,0.0,0.9,0.9
OTOGL,12,80341950,NM_001378610.3:c.5053A>C,NP_001365539.2:p.Ile1685Leu,0.092,16.80,['Likely%20benign'],17.07,0.08,0.0,0.1,0.1
OTOGL,12,80341950,NM_001378610.3:c.5053A>G,NP_001365539.2:p.Ile1685Val,0.065,13.99,['Likely%20benign'],17.07,0.08,0.0,0.1,0.1
OTOGL,12,80341952,NM_001378610.3:c.5055T>G,NP_001365539.2:p.Ile1685Met,0.092,21.7,['Unknown%20significance'],17.07,0.08,0.0,-0.2,0.2
OTOGL,12,80341953,NM_001378610.3:c.5056T>C,NP_001365539.2:p.Cys1686Arg,0.481,27.4,['Unknown%20significance'],6.79,0.04,0.0,0.1,0.1
OTOGL,12,80341953,NM_001378610.3:c.5056T>G,NP_001365539.2:p.Cys1686Gly,0.476,26.9,['Unknown%20significance'],6.79,0.04,0.0,2.1,2.1
OTOGL,12,80341954,NM_001378610.3:c.5057G>A,NP_001365539.2:p.Cys1686Tyr,0.474,24.8,['Unknown%20significance'],6.79,0.04,0.0,-1.4,1.4
OTOGL,12,80341954,NM_001378610.3:c.5057G>C,NP_001365539.2:p.Cys1686Ser,0.526,26.4,['Unknown%20significance'],6.79,0.04,0.0,1.2,1.2
OTOGL,12,80341954,NM_001378610.3:c.5057G>T,NP_001365539.2:p.Cys1686Phe,0.488,24.6,['Unknown%20significance'],6.79,0.04,0.0,-1.1,1.1
OTOGL,12,80341957,NM_001378610.3:c.5060A>G,NP_001365539.2:p.Asn1687Ser,0.244,25.8,['Benign'],61.74,0.38,0.0,0.6,0.6
OTOGL,12,80341958,NM_001378610.3:c.5061T>A,NP_001365539.2:p.Asn1687Lys,0.251,24.1,['Unknown%20significance'],61.74,0.38,0.0,0.7,0.7
OTOGL,12,80341959,NM_001378610.3:c.5062G>A,NP_001365539.2:p.Glu1688Lys,0.180,24.2,['Unknown%20significance'],95.23,0.48,0.0,-0.1,0.1
OTOGL,12,80341959,NM_001378610.3:c.5062G>C,NP_001365539.2:p.Glu1688Gln,0.093,23.4,['Unknown%20significance'],95.23,0.48,0.0,-0.3,0.3
OTOGL,12,80341961,NM_001378610.3:c.5064A>T,NP_001365539.2:p.Glu1688Asp,0.084,5.549,['Likely%20benign'],95.23,0.48,0.0,-0.1,0.1
OTOGL,12,80341962,NM_001378610.3:c.5065G>T,NP_001365539.2:p.Asp1689Tyr,0.340,25.0,['Unknown%20significance'],48.63,0.3,0.0,-0.4,0.4
OTOGL,12,80341965,NM_001378610.3:c.5068C>A,NP_001365539.2:p.Pro1690Thr,0.301,23.2,['Unknown%20significance'],76.38,0.48,0.0,-0.3,0.3
OTOGL,12,80341965,NM_001378610.3:c.5068C>T,NP_001365539.2:p.Pro1690Ser,0.342,23.7,['Unknown%20significance'],76.38,0.48,0.0,-0.1,0.1
OTOGL,12,80341966,NM_001378610.3:c.5069C>A,NP_001365539.2:p.Pro1690Gln,0.267,24.2,['Unknown%20significance'],76.38,0.48,0.0,-0.3,0.3
OTOGL,12,80341966,NM_001378610.3:c.5069C>T,NP_001365539.2:p.Pro1690Leu,0.291,23.4,['Benign'],76.38,0.48,0.0,0.0,0.0
OTOGL,12,80341968,NM_001378610.3:c.5071G>T,NP_001365539.2:p.Asp1691Tyr,0.297,24.6,['Unknown%20significance'],109.52,0.68,0.0,-0.4,0.4
OTOGL,12,80341969,NM_001378610.3:c.5072A>C,NP_001365539.2:p.Asp1691Ala,0.124,20.1,['Likely%20benign'],109.52,0.68,0.0,0.0,0.0
OTOGL,12,80341969,NM_001378610.3:c.5072A>T,NP_001365539.2:p.Asp1691Val,0.266,22.2,['Unknown%20significance'],109.52,0.68,0.0,-0.0,0.0
OTOGL,12,80341970,NM_001378610.3:c.5073T>G,NP_001365539.2:p.Asp1691Glu,0.106,11.49,['Likely%20benign'],109.52,0.68,0.0,-0.0,0.0
OTOGL,12,80341972,NM_001378610.3:c.5075A>G,NP_001365539.2:p.Asp1692Gly,0.652,27.4,['Unknown%20significance'],24.24,0.15,0.0,1.2,1.2
OTOGL,12,80341973,NM_001378610.3:c.5076T>G,NP_001365539.2:p.Asp1692Glu,0.389,23.8,['Unknown%20significance'],24.24,0.15,0.0,0.5,0.5
OTOGL,12,80341974,NM_001378610.3:c.5077G>A,NP_001365539.2:p.Asp1693Asn,0.739,28.5,['Unknown%20significance'],0.0,0.0,0.0,0.0,0.0
OTOGL,12,80341974,NM_001378610.3:c.5077G>T,NP_001365539.2:p.Asp1693Tyr,0.861,27.9,['Unknown%20significance'],0.0,0.0,0.0,-1.0,1.0
OTOGL,12,80341975,NM_001378610.3:c.5078A>C,NP_001365539.2:p.Asp1693Ala,0.816,27.9,['Unknown%20significance'],0.0,0.0,0.0,1.1,1.1
OTOGL,12,80341975,NM_001378610.3:c.5078A>G,NP_001365539.2:p.Asp1693Gly,0.827,27.8,['Unknown%20significance'],0.0,0.0,0.0,1.8,1.8
OTOGL,12,80341977,NM_001378610.3:c.5080C>A,NP_001365539.2:p.Leu1694Ile,0.321,19.28,['Unknown%20significance'],2.36,0.01,0.0,0.3,0.3
OTOGL,12,80341980,NM_001378610.3:c.5083A>T,NP_001365539.2:p.Arg1695Trp,0.418,27.2,['Unknown%20significance'],99.66,0.36,0.0,-0.3,0.3
OTOGL,12,80341981,NM_001378610.3:c.5084G>A,NP_001365539.2:p.Arg1695Lys,0.076,14.27,['Likely%20benign'],99.66,0.36,0.0,0.7,0.7
OTOGL,12,80341981,NM_001378610.3:c.5084G>C,NP_001365539.2:p.Arg1695Thr,0.132,18.42,['Likely%20benign'],99.66,0.36,0.0,0.3,0.3
OTOGL,12,80341981,NM_001378610.3:c.5084G>T,NP_001365539.2:p.Arg1695Met,0.180,22.9,['Likely%20benign'],99.66,0.36,0.0,-0.3,0.3
OTOGL,12,80341982,NM_001378610.3:c.5085G>T,NP_001365539.2:p.Arg1695Ser,0.218,21.4,['Unknown%20significance'],99.66,0.36,0.0,0.8,0.8
OTOGL,12,80341984,NM_001378610.3:c.5087T>A,NP_001365539.2:p.Met1696Lys,0.408,23.4,['Unknown%20significance'],19.37,0.08,0.0,2.0,2.0
OTOGL,12,80341985,NM_001378610.3:c.5088G>A,NP_001365539.2:p.Met1696Ile,0.241,23.5,['Unknown%20significance'],19.37,0.08,0.0,-0.0,0.0
OTOGL,12,80341986,NM_001378610.3:c.5089C>A,NP_001365539.2:p.Gln1697Lys,0.178,20.7,['Unknown%20significance'],82.13,0.41,0.0,0.3,0.3
OTOGL,12,80341991,NM_001378610.3:c.5094T>A,NP_001365539.2:p.Asn1698Lys,0.267,23.8,['Unknown%20significance'],126.27,0.79,0.0,0.3,0.3
OTOGL,12,80341991,NM_001378610.3:c.5094T>G,NP_001365539.2:p.Asn1698Lys,0.335,24.0,['Unknown%20significance'],126.27,0.79,0.0,0.3,0.3
OTOGL,12,80341991,NM_001378610.3:c.5094_5095inv,NP_001365539.2:p.Gly1699Ser,,,['Unknown%20significance'],31.68,0.33,0.0,0.5,0.5
OTOGL,12,80341992,NM_001378610.3:c.5095G>A,NP_001365539.2:p.Gly1699Ser,0.427,23.7,['Likely%20benign'],31.68,0.33,0.0,0.5,0.5
OTOGL,12,80341992,NM_001378610.3:c.5095G>T,NP_001365539.2:p.Gly1699Cys,0.487,26.8,['Unknown%20significance'],31.68,0.33,0.0,0.8,0.8
OTOGL,12,80341993,NM_001378610.3:c.5096G>A,NP_001365539.2:p.Gly1699Asp,0.465,25.4,['Unknown%20significance'],31.68,0.33,0.0,0.8,0.8
OTOGL,12,80341993,NM_001378610.3:c.5096G>T,NP_001365539.2:p.Gly1699Val,0.520,25.3,['Unknown%20significance'],31.68,0.33,0.0,0.5,0.5
OTOGL,12,80341996,NM_001378610.3:c.5099C>T,NP_001365539.2:p.Thr1700Ile,0.347,25.2,['Unknown%20significance'],87.14,0.55,0.0,-0.2,0.2
OTOGL,12,80342001,NM_001378610.3:c.5104A>G,NP_001365539.2:p.Ile1702Val,0.095,18.22,['Likely%20benign'],12.45,0.06,0.0,-0.0,0.0
OTOGL,12,80342001,NM_001378610.3:c.5104A>T,NP_001365539.2:p.Ile1702Phe,0.153,25.9,['Unknown%20significance'],12.45,0.06,0.0,0.3,0.3
OTOGL,12,80342004,NM_001378610.3:c.5107A>G,NP_001365539.2:p.Thr1703Ala,0.114,17.99,['Likely%20benign'],120.42,0.76,0.0,0.0,0.0
OTOGL,12,80342005,NM_001378610.3:c.5108C>A,NP_001365539.2:p.Thr1703Lys,0.164,16.17,['Likely%20benign'],120.42,0.76,0.0,0.2,0.2
OTOGL,12,80342005,NM_001378610.3:c.5108C>T,NP_001365539.2:p.Thr1703Ile,0.156,19.63,['Unknown%20significance'],120.42,0.76,0.0,-0.0,0.0
OTOGL,12,80342008,NM_001378610.3:c.5111A>G,NP_001365539.2:p.Asn1704Ser,0.078,19.93,['Likely%20benign'],67.08,0.41,0.0,-0.0,0.0
OTOGL,12,80342010,NM_001378610.3:c.5113A>G,NP_001365539.2:p.Met1705Val,0.070,17.49,['Likely%20benign'],103.44,0.47,0.0,-0.1,0.1
OTOGL,12,80342011,NM_001378610.3:c.5114T>C,NP_001365539.2:p.Met1705Thr,0.067,19.53,['Likely%20benign'],103.44,0.47,0.0,0.1,0.1
OTOGL,12,80342011,NM_001378610.3:c.5114T>G,NP_001365539.2:p.Met1705Arg,0.166,22.3,['Unknown%20significance'],103.44,0.47,0.0,0.1,0.1
OTOGL,12,80342013,NM_001378610.3:c.5116G>A,NP_001365539.2:p.Glu1706Lys,0.213,28.5,['Unknown%20significance'],125.17,0.64,0.0,0.0,0.0
OTOGL,12,80342014,NM_001378610.3:c.5117A>G,NP_001365539.2:p.Glu1706Gly,0.188,23.2,['Likely%20benign'],125.17,0.64,0.0,0.2,0.2
OTOGL,12,80342016,NM_001378610.3:c.5119G>A,NP_001365539.2:p.Asp1707Asn,0.183,22.3,['Unknown%20significance'],55.82,0.34,0.0,-0.2,0.2
OTOGL,12,80342016,NM_001378610.3:c.5119G>C,NP_001365539.2:p.Asp1707His,0.209,23.2,['Unknown%20significance'],55.82,0.34,0.0,-0.4,0.4
OTOGL,12,80342016,NM_001378610.3:c.5119G>T,NP_001365539.2:p.Asp1707Tyr,0.220,25.2,['Unknown%20significance'],55.82,0.34,0.0,-0.8,0.8
OTOGL,12,80342020,NM_001378610.3:c.5123T>C,NP_001365539.2:p.Ile1708Thr,0.208,22.0,['Unknown%20significance'],3.35,0.01,0.0,1.2,1.2
OTOGL,12,80342022,NM_001378610.3:c.5125G>A,NP_001365539.2:p.Gly1709Arg,0.091,22.4,['Unknown%20significance'],4.74,0.04,0.0,-1.3,1.3
OTOGL,12,80342023,NM_001378610.3:c.5126G>A,NP_001365539.2:p.Gly1709Glu,0.072,12.11,['Likely%20benign'],4.74,0.04,0.0,-0.3,0.3
OTOGL,12,80342023,NM_001378610.3:c.5126G>T,NP_001365539.2:p.Gly1709Val,0.099,16.26,['Likely%20benign'],4.74,0.04,0.0,-1.6,1.6
OTOGL,12,80342031,NM_001378610.3:c.5134A>G,NP_001365539.2:p.Ile1712Val,0.177,23.3,['Unknown%20significance'],0.27,0.0,0.0,0.1,0.1
OTOGL,12,80342031,NM_001378610.3:c.5134A>T,NP_001365539.2:p.Ile1712Phe,0.107,25.9,['Unknown%20significance'],0.27,0.0,0.0,-0.2,0.2
OTOGL,12,80342032,NM_001378610.3:c.5135T>A,NP_001365539.2:p.Ile1712Asn,0.277,27.5,['Unknown%20significance'],0.27,0.0,0.0,1.7,1.7
OTOGL,12,80342033,NM_001378610.3:c.5136T>G,NP_001365539.2:p.Ile1712Met,0.177,18.47,['Unknown%20significance'],0.27,0.0,0.0,0.4,0.4
OTOGL,12,80342036,NM_001378610.3:c.5139G>C,NP_001365539.2:p.Glu1713Asp,0.050,12.99,['Likely%20benign'],35.34,0.18,0.0,0.0,0.0
OTOGL,12,80342038,NM_001378610.3:c.5141G>A,NP_001365539.2:p.Ser1714Asn,0.135,25.3,['Unknown%20significance'],31.9,0.23,0.0,0.3,0.3
OTOGL,12,80342039,NM_001378610.3:c.5142C>A,NP_001365539.2:p.Ser1714Arg,0.279,24.3,['Unknown%20significance'],31.9,0.23,0.0,-0.0,0.0
OTOGL,12,80342040,NM_001378610.3:c.5143T>C,NP_001365539.2:p.Trp1715Arg,0.456,28.5,['Unknown%20significance'],5.46,0.02,0.0,5.1,5.1
OTOGL,12,80342041,NM_001378610.3:c.5144G>T,NP_001365539.2:p.Trp1715Leu,0.447,28.7,['Unknown%20significance'],5.46,0.02,0.0,3.8,3.8
OTOGL,12,80342046,NM_001378610.3:c.5149A>G,NP_001365539.2:p.Ile1717Val,0.037,12.74,['Likely%20benign'],89.86,0.45,0.0,-0.1,0.1
OTOGL,12,80342047,NM_001378610.3:c.5150T>C,NP_001365539.2:p.Ile1717Thr,0.171,23.0,['Unknown%20significance'],89.86,0.45,0.0,0.7,0.7
OTOGL,12,80342049,NM_001378610.3:c.5152G>C,NP_001365539.2:p.Glu1718Gln,0.118,23.9,['Unknown%20significance'],120.7,0.61,0.0,-0.1,0.1
OTOGL,12,80342050,NM_001378610.3:c.5153A>G,NP_001365539.2:p.Glu1718Gly,0.155,25.0,['Unknown%20significance'],120.7,0.61,0.0,0.3,0.3
OTOGL,12,80342051,NM_001378610.3:c.5154G>T,NP_001365539.2:p.Glu1718Asp,0.022,17.39,['Likely%20benign'],120.7,0.61,0.0,0.1,0.1
OTOGL,12,80342055,NM_001378610.3:c.5158T>A,NP_001365539.2:p.Ser1720Thr,0.012,15.83,['Likely%20benign'],72.99,0.52,0.0,-0.1,0.1
OTOGL,12,80342061,NM_001378610.3:c.5164G>A,NP_001365539.2:p.Glu1722Lys,0.134,15.95,['Likely%20benign'],69.55,0.35,0.0,0.0,0.0
OTOGL,12,80342064,NM_001378610.3:c.5167G>A,NP_001365539.2:p.Val1723Ile,0.121,21.5,['Unknown%20significance'],38.51,0.22,0.0,0.0,0.0
OTOGL,12,80342067,NM_001378610.3:c.5170A>G,NP_001365539.2:p.Thr1724Ala,0.096,18.69,['Likely%20benign'],138.58,0.88,0.0,0.1,0.1
OTOGL,12,80342068,NM_001378610.3:c.5171C>A,NP_001365539.2:p.Thr1724Lys,0.255,19.70,['Unknown%20significance'],138.58,0.88,0.0,0.1,0.1
OTOGL,12,80342068,NM_001378610.3:c.5171C>T,NP_001365539.2:p.Thr1724Ile,0.068,18.48,['Unknown%20significance'],138.58,0.88,0.0,-0.0,0.0
OTOGL,12,80342070,NM_001378610.3:c.5173A>G,NP_001365539.2:p.Met1725Val,0.052,16.10,['Likely%20benign'],97.9,0.45,0.0,-0.0,0.0
OTOGL,12,80342070,NM_001378610.3:c.5173A>T,NP_001365539.2:p.Met1725Leu,0.070,16.84,['Unknown%20significance'],97.9,0.45,0.0,0.0,0.0
OTOGL,12,80342078,NM_001378610.3:c.5181A>C,NP_001365539.2:p.Arg1727Ser,0.197,23.2,['Unknown%20significance'],66.89,0.24,0.0,0.5,0.5
OTOGL,12,80342078,NM_001378610.3:c.5181A>T,NP_001365539.2:p.Arg1727Ser,0.197,23.1,['Unknown%20significance'],66.89,0.24,0.0,0.5,0.5
OTOGL,12,80342079,NM_001378610.3:c.5182C>A,NP_001365539.2:p.Pro1728Thr,0.155,23.0,['Unknown%20significance'],121.69,0.77,0.0,-0.0,0.0
OTOGL,12,80342080,NM_001378610.3:c.5183C>G,NP_001365539.2:p.Pro1728Arg,0.118,22.3,['Likely%20benign'],121.69,0.77,0.0,-0.0,0.0
OTOGL,12,80342080,NM_001378610.3:c.5183C>T,NP_001365539.2:p.Pro1728Leu,0.101,22.2,['Unknown%20significance'],121.69,0.77,0.0,-0.1,0.1
OTOGL,12,80342082,NM_001378610.3:c.5185G>C,NP_001365539.2:p.Val1729Leu,0.051,14.67,['Likely%20benign'],30.51,0.17,0.0,0.0,0.0
OTOGL,12,80342083,NM_001378610.3:c.5186T>C,NP_001365539.2:p.Val1729Ala,0.061,15.28,['Likely%20benign'],30.51,0.17,0.0,0.5,0.5
OTOGL,12,80342085,NM_001378610.3:c.5188A>G,NP_001365539.2:p.Arg1730Gly,0.068,24.0,['Unknown%20significance'],45.02,0.16,0.0,1.2,1.2
OTOGL,12,80342088,NM_001378610.3:c.5191A>C,NP_001365539.2:p.Asn1731His,0.096,24.8,['Unknown%20significance'],44.85,0.28,0.0,-0.4,0.4
OTOGL,12,80342091,NM_001378610.3:c.5194T>C,NP_001365539.2:p.Cys1732Arg,0.539,27.3,['Unknown%20significance'],30.1,0.19,0.0,1.7,1.7
OTOGL,12,80342092,NM_001378610.3:c.5195G>T,NP_001365539.2:p.Cys1732Phe,0.521,27.0,['Unknown%20significance'],30.1,0.19,0.0,1.2,1.2
OTOGL,12,80342094,NM_001378610.3:c.5197A>G,NP_001365539.2:p.Thr1733Ala,0.138,23.2,['Unknown%20significance'],148.07,0.94,0.0,0.1,0.1
OTOGL,12,80342095,NM_001378610.3:c.5198C>A,NP_001365539.2:p.Thr1733Asn,0.140,17.94,['Unknown%20significance'],148.07,0.94,0.0,0.1,0.1
OTOGL,12,80342095,NM_001378610.3:c.5198C>T,NP_001365539.2:p.Thr1733Ile,0.179,22.6,['Unknown%20significance'],148.07,0.94,0.0,-0.0,0.0
OTOGL,12,80342097,NM_001378610.3:c.5200G>A,NP_001365539.2:p.Glu1734Lys,0.218,22.1,['Likely%20benign'],151.23,0.77,0.0,0.1,0.1
OTOGL,12,80342098,NM_001378610.3:c.5201A>G,NP_001365539.2:p.Glu1734Gly,0.201,23.3,['Unknown%20significance'],151.23,0.77,0.0,0.2,0.2
OTOGL,12,80342099,NM_001378610.3:c.5202G>T,NP_001365539.2:p.Glu1734Asp,0.113,16.77,['Likely%20benign'],151.23,0.77,0.0,0.1,0.1
OTOGL,12,80342100,NM_001378610.3:c.5203C>A,NP_001365539.2:p.His1735Asn,0.017,9.949,['Likely%20benign'],73.22,0.35,0.0,0.3,0.3
OTOGL,12,80342101,NM_001378610.3:c.5204A>G,NP_001365539.2:p.His1735Arg,0.053,17.03,['Likely%20benign'],73.22,0.35,0.0,-0.0,0.0
OTOGL,12,80342103,NM_001378610.3:c.5206G>T,NP_001365539.2:p.Asp1736Tyr,0.264,23.6,['Unknown%20significance'],113.89,0.71,0.0,-0.4,0.4
OTOGL,12,80342105,NM_001378610.3:c.5208T>G,NP_001365539.2:p.Asp1736Glu,0.123,7.100,['Likely%20benign'],113.89,0.71,0.0,-0.0,0.0
OTOGL,12,80342106,NM_001378610.3:c.5209T>G,NP_001365539.2:p.Cys1737Gly,0.650,26.6,['Unknown%20significance'],2.3,0.01,0.0,3.8,3.8
OTOGL,12,80342107,NM_001378610.3:c.5210G>A,NP_001365539.2:p.Cys1737Tyr,0.596,26.5,['Unknown%20significance'],2.3,0.01,0.0,1.4,1.4
OTOGL,12,80342107,NM_001378610.3:c.5210G>T,NP_001365539.2:p.Cys1737Phe,0.622,26.8,['Unknown%20significance'],2.3,0.01,0.0,1.7,1.7
OTOGL,12,80342109,NM_001378610.3:c.5212A>G,NP_001365539.2:p.Ser1738Gly,0.307,22.4,['Unknown%20significance'],55.68,0.4,0.0,0.7,0.7
OTOGL,12,80342110,NM_001378610.3:c.5213G>A,NP_001365539.2:p.Ser1738Asn,0.312,22.5,['Likely%20benign'],55.68,0.4,0.0,0.1,0.1
OTOGL,12,80342110,NM_001378610.3:c.5213G>T,NP_001365539.2:p.Ser1738Ile,0.600,23.8,['Likely%20benign'],55.68,0.4,0.0,-0.4,0.4
OTOGL,12,80342111,NM_001378610.3:c.5214C>A,NP_001365539.2:p.Ser1738Arg,0.360,14.77,['Likely%20benign'],55.68,0.4,0.0,-0.0,0.0
OTOGL,12,80342112,NM_001378610.3:c.5215C>A,NP_001365539.2:p.Gln1739Lys,0.237,7.192,['Likely%20benign'],91.66,0.46,0.0,0.5,0.5
OTOGL,12,80342113,NM_001378610.3:c.5216A>C,NP_001365539.2:p.Gln1739Pro,0.263,8.375,['Likely%20benign'],91.66,0.46,0.0,0.2,0.2
OTOGL,12,80342114,NM_001378610.3:c.5217G>T,NP_001365539.2:p.Gln1739His,0.139,0.543,['Likely%20benign'],91.66,0.46,0.0,-0.2,0.2
OTOGL,12,80342115,NM_001378610.3:c.5218T>G,NP_001365539.2:p.Cys1740Gly,0.842,26.1,['Unknown%20significance'],0.02,0.0,0.0,4.6,4.6
OTOGL,12,80342116,NM_001378610.3:c.5219G>A,NP_001365539.2:p.Cys1740Tyr,0.903,25.9,['Unknown%20significance'],0.02,0.0,0.0,2.1,2.1
OTOGL,12,80342116,NM_001378610.3:c.5219G>T,NP_001365539.2:p.Cys1740Phe,0.912,26.1,['Unknown%20significance'],0.02,0.0,0.0,2.1,2.1
OTOGL,12,80342118,NM_001378610.3:c.5221A>G,NP_001365539.2:p.Ile1741Val,0.131,15.13,['Likely%20benign'],51.52,0.26,0.0,0.1,0.1
OTOGL,12,80342119,NM_001378610.3:c.5222T>A,NP_001365539.2:p.Ile1741Asn,0.606,22.6,['Unknown%20significance'],51.52,0.26,0.0,1.3,1.3
OTOGL,12,80342119,NM_001378610.3:c.5222T>C,NP_001365539.2:p.Ile1741Thr,0.596,21.5,['Likely%20benign'],51.52,0.26,0.0,0.9,0.9
OTOGL,12,80342120,NM_001378610.3:c.5223T>G,NP_001365539.2:p.Ile1741Met,0.254,13.95,['Likely%20benign'],51.52,0.26,0.0,0.2,0.2
OTOGL,12,80342121,NM_001378610.3:c.5224G>C,NP_001365539.2:p.Asp1742His,0.290,23.4,['Unknown%20significance'],93.78,0.58,0.0,-0.4,0.4
OTOGL,12,80342121,NM_001378610.3:c.5224G>T,NP_001365539.2:p.Asp1742Tyr,0.512,23.9,['Unknown%20significance'],93.78,0.58,0.0,-0.8,0.8
OTOGL,12,80342124,NM_001378610.3:c.5227T>A,NP_001365539.2:p.Leu1743Ile,0.394,20.5,['Benign'],5.91,0.03,0.0,-0.1,0.1
OTOGL,12,80342128,NM_001378610.3:c.5231T>C,NP_001365539.2:p.Leu1744Ser,0.755,26.8,['Unknown%20significance'],0.0,0.0,0.0,3.5,3.5
OTOGL,12,80342129,NM_001378610.3:c.5232A>T,NP_001365539.2:p.Leu1744Phe,0.602,23.1,['Likely%20benign'],0.0,0.0,0.0,0.3,0.3
OTOGL,12,80342131,NM_001378610.3:c.5234A>G,NP_001365539.2:p.Asn1745Ser,0.252,15.98,['Unknown%20significance'],67.71,0.42,0.0,0.0,0.0
OTOGL,12,80342133,NM_001378610.3:c.5236A>G,NP_001365539.2:p.Arg1746Gly,0.525,17.76,['Likely%20benign'],116.02,0.43,0.0,0.8,0.8
OTOGL,12,80342134,NM_001378610.3:c.5237G>C,NP_001365539.2:p.Arg1746Thr,0.280,16.15,['Unknown%20significance'],116.02,0.43,0.0,0.0,0.0
OTOGL,12,80342134,NM_001378610.3:c.5237G>T,NP_001365539.2:p.Arg1746Ile,0.585,23.8,['Unknown%20significance'],116.02,0.43,0.0,-0.3,0.3
OTOGL,12,80342137,NM_001378610.3:c.5240G>C,NP_001365539.2:p.Arg1747Thr,0.164,12.53,['Likely%20benign'],245.78,0.91,0.0,0.0,0.0
OTOGL,12,80342137,NM_001378610.3:c.5240G>T,NP_001365539.2:p.Arg1747Ile,0.343,19.17,['Likely%20benign'],245.78,0.91,0.0,-0.0,0.0
OTOGL,12,80342139,NM_001378610.3:c.5242A>T,NP_001365539.2:p.Ile1748Phe,0.170,18.65,['Likely%20benign'],52.44,0.26,0.0,0.2,0.2
OTOGL,12,80342142,NM_001378610.3:c.5245T>C,NP_001365539.2:p.Phe1749Leu,0.863,27.7,['Unknown%20significance'],0.0,0.0,0.0,2.2,2.2
OTOGL,12,80342144,NM_001378610.3:c.5247C>A,NP_001365539.2:p.Phe1749Leu,0.732,24.0,['Unknown%20significance'],0.0,0.0,0.0,2.2,2.2
OTOGL,12,80342148,NM_001378610.3:c.5251C>A,NP_001365539.2:p.Pro1751Thr,0.431,24.9,['Unknown%20significance'],76.8,0.48,0.0,-0.1,0.1
OTOGL,12,80342149,NM_001378610.3:c.5252C>A,NP_001365539.2:p.Pro1751Gln,0.359,24.6,['Unknown%20significance'],76.8,0.48,0.0,-0.1,0.1
OTOGL,12,80342149,NM_001378610.3:c.5252C>T,NP_001365539.2:p.Pro1751Leu,0.398,23.4,['Unknown%20significance'],76.8,0.48,0.0,-0.6,0.6
OTOGL,12,80342151,NM_001378610.3:c.5254T>C,NP_001365539.2:p.Cys1752Arg,0.926,28.8,['Pathogenic'],0.0,0.0,0.0,4.6,4.6
OTOGL,12,80342152,NM_001378610.3:c.5255G>T,NP_001365539.2:p.Cys1752Phe,0.894,28.8,['Unknown%20significance'],0.0,0.0,0.0,3.1,3.1
OTOGL,12,80342154,NM_001378610.3:c.5257C>A,NP_001365539.2:p.His1753Asn,0.801,25.5,['Unknown%20significance'],63.16,0.3,0.0,1.3,1.3
OTOGL,12,80342155,NM_001378610.3:c.5258A>T,NP_001365539.2:p.His1753Leu,0.799,25.5,['Unknown%20significance'],63.16,0.3,0.0,0.7,0.7
OTOGL,12,80342157,NM_001378610.3:c.5260G>A,NP_001365539.2:p.Asp1754Asn,0.136,17.96,['Likely%20benign'],143.58,0.89,0.0,-0.1,0.1
OTOGL,12,80342157,NM_001378610.3:c.5260G>T,NP_001365539.2:p.Asp1754Tyr,0.545,22.3,['Likely%20benign'],143.58,0.89,0.0,-0.2,0.2
OTOGL,12,80342158,NM_001378610.3:c.5261A>G,NP_001365539.2:p.Asp1754Gly,0.385,22.9,['Likely%20benign'],143.58,0.89,0.0,0.0,0.0
OTOGL,12,80342158,NM_001378610.3:c.5261A>T,NP_001365539.2:p.Asp1754Val,0.441,22.3,['Unknown%20significance'],143.58,0.89,0.0,-0.2,0.2
OTOGL,12,80342160,NM_001378610.3:c.5263A>G,NP_001365539.2:p.Lys1755Glu,0.368,21.3,['Unknown%20significance'],104.98,0.44,0.0,-0.1,0.1
OTOGL,12,80342161,NM_001378610.3:c.5264A>T,NP_001365539.2:p.Lys1755Ile,0.543,26.1,['Likely%20benign'],104.98,0.44,0.0,-0.9,0.9
OTOGL,12,80352298,NM_001378610.3:c.5269T>A,NP_001365539.2:p.Ser1757Thr,0.374,23.1,['Likely%20benign'],38.9,0.28,0.0,-0.3,0.3
OTOGL,12,80352299,NM_001378610.3:c.5270C>T,NP_001365539.2:p.Ser1757Leu,0.573,23.7,['Unknown%20significance'],38.9,0.28,0.0,-0.7,0.7
OTOGL,12,80352302,NM_001378610.3:c.5273C>A,NP_001365539.2:p.Pro1758Gln,0.788,25.8,['Unknown%20significance'],4.3,0.02,0.0,1.5,1.5
OTOGL,12,80352302,NM_001378610.3:c.5273C>T,NP_001365539.2:p.Pro1758Leu,0.763,26.1,['Unknown%20significance'],4.3,0.02,0.0,0.5,0.5
OTOGL,12,80352305,NM_001378610.3:c.5276A>C,NP_001365539.2:p.Glu1759Ala,0.290,19.87,['Likely%20benign'],90.68,0.46,0.0,-0.1,0.1
OTOGL,12,80352307,NM_001378610.3:c.5278G>T,NP_001365539.2:p.Asp1760Tyr,0.559,22.6,['Likely%20benign'],49.43,0.3,0.0,-1.2,1.2
OTOGL,12,80352308,NM_001378610.3:c.5279A>G,NP_001365539.2:p.Asp1760Gly,0.401,22.5,['Likely%20benign'],49.43,0.3,0.0,0.3,0.3
OTOGL,12,80352308,NM_001378610.3:c.5279A>T,NP_001365539.2:p.Asp1760Val,0.467,22.7,['Unknown%20significance'],49.43,0.3,0.0,-0.9,0.9
OTOGL,12,80352309,NM_001378610.3:c.5280C>G,NP_001365539.2:p.Asp1760Glu,0.142,11.78,['Likely%20benign'],49.43,0.3,0.0,-0.1,0.1
OTOGL,12,80352310,NM_001378610.3:c.5281T>A,NP_001365539.2:p.Phe1761Ile,0.825,28.8,['Unknown%20significance'],0.0,0.0,0.0,2.0,2.0
OTOGL,12,80352310,NM_001378610.3:c.5281T>C,NP_001365539.2:p.Phe1761Leu,0.836,29.4,['Unknown%20significance'],0.0,0.0,0.0,2.0,2.0
OTOGL,12,80352314,NM_001378610.3:c.5285G>T,NP_001365539.2:p.Cys1762Phe,0.861,26.0,['Unknown%20significance'],0.0,0.0,0.0,-1.5,1.5
OTOGL,12,80352317,NM_001378610.3:c.5288A>C,NP_001365539.2:p.Glu1763Ala,0.550,26.5,['Unknown%20significance'],57.36,0.29,0.0,-0.1,0.1
OTOGL,12,80352319,NM_001378610.3:c.5290A>C,NP_001365539.2:p.Lys1764Gln,0.328,24.0,['Unknown%20significance'],98.0,0.41,0.0,-0.4,0.4
OTOGL,12,80352319,NM_001378610.3:c.5290A>G,NP_001365539.2:p.Lys1764Glu,0.443,24.5,['Unknown%20significance'],98.0,0.41,0.0,0.1,0.1
OTOGL,12,80352321,NM_001378610.3:c.5292G>T,NP_001365539.2:p.Lys1764Asn,0.451,23.1,['Likely%20benign'],98.0,0.41,0.0,-0.2,0.2
OTOGL,12,80352323,NM_001378610.3:c.5294T>C,NP_001365539.2:p.Met1765Thr,0.745,25.3,['Unknown%20significance'],0.0,0.0,0.0,0.9,0.9
OTOGL,12,80352323,NM_001378610.3:c.5294T>G,NP_001365539.2:p.Met1765Arg,0.838,27.0,['Unknown%20significance'],0.0,0.0,0.0,0.9,0.9
OTOGL,12,80352324,NM_001378610.3:c.5295G>A,NP_001365539.2:p.Met1765Ile,0.330,18.06,['Likely%20benign'],0.0,0.0,0.0,-0.3,0.3
OTOGL,12,80352325,NM_001378610.3:c.5296T>C,NP_001365539.2:p.Trp1766Arg,0.813,25.5,['Unknown%20significance'],0.12,0.0,0.0,1.8,1.8
OTOGL,12,80352326,NM_001378610.3:c.5297G>C,NP_001365539.2:p.Trp1766Ser,0.783,32,['Unknown%20significance'],0.12,0.0,0.0,2.2,2.2
OTOGL,12,80352327,NM_001378610.3:c.5298G>C,NP_001365539.2:p.Trp1766Cys,0.803,32,['Unknown%20significance'],0.12,0.0,0.0,-1.9,1.9
OTOGL,12,80352328,NM_001378610.3:c.5299A>G,NP_001365539.2:p.Ile1767Val,0.096,19.52,['Likely%20benign'],0.79,0.0,0.0,-0.0,0.0
OTOGL,12,80352329,NM_001378610.3:c.5300T>A,NP_001365539.2:p.Ile1767Asn,0.528,26.9,['Unknown%20significance'],0.79,0.0,0.0,2.2,2.2
OTOGL,12,80352332,NM_001378610.3:c.5303A>G,NP_001365539.2:p.Asn1768Ser,0.518,22.0,['Unknown%20significance'],18.5,0.11,0.0,0.2,0.2
OTOGL,12,80352337,NM_001378610.3:c.5308A>G,NP_001365539.2:p.Thr1770Ala,0.332,23.4,['Unknown%20significance'],5.87,0.03,0.0,0.3,0.3
OTOGL,12,80352338,NM_001378610.3:c.5309C>T,NP_001365539.2:p.Thr1770Ile,0.449,23.5,['Unknown%20significance'],5.87,0.03,0.0,-0.5,0.5
OTOGL,12,80352341,NM_001378610.3:c.5312A>G,NP_001365539.2:p.Tyr1771Cys,0.513,26.2,['Unknown%20significance'],1.05,0.0,0.0,-0.8,0.8
OTOGL,12,80352348,NM_001378610.3:c.5319G>T,NP_001365539.2:p.Trp1773Cys,0.452,26.3,['Unknown%20significance'],83.25,0.31,0.0,-0.3,0.3
OTOGL,12,80352350,NM_001378610.3:c.5321A>G,NP_001365539.2:p.Asn1774Ser,0.298,19.98,['Likely%20benign'],53.13,0.33,0.0,0.1,0.1
OTOGL,12,80352352,NM_001378610.3:c.5323T>A,NP_001365539.2:p.Tyr1775Asn,0.393,22.9,['Unknown%20significance'],60.84,0.25,0.0,1.2,1.2
OTOGL,12,80352356,NM_001378610.3:c.5327A>G,NP_001365539.2:p.Glu1776Gly,0.613,25.8,['Unknown%20significance'],42.92,0.21,0.0,0.5,0.5
OTOGL,12,80352361,NM_001378610.3:c.5332G>A,NP_001365539.2:p.Asp1778Asn,0.465,25.9,['Unknown%20significance'],0.13,0.0,0.0,-0.6,0.6
OTOGL,12,80352361,NM_001378610.3:c.5332G>C,NP_001365539.2:p.Asp1778His,0.692,29.0,['Unknown%20significance'],0.13,0.0,0.0,-1.3,1.3
OTOGL,12,80352361,NM_001378610.3:c.5332G>T,NP_001365539.2:p.Asp1778Tyr,0.734,30,['Unknown%20significance'],0.13,0.0,0.0,-2.4,2.4
OTOGL,12,80352362,NM_001378610.3:c.5333A>G,NP_001365539.2:p.Asp1778Gly,0.634,25.1,['Unknown%20significance'],0.13,0.0,0.0,0.5,0.5
OTOGL,12,80352365,NM_001378610.3:c.5336C>T,NP_001365539.2:p.Ala1779Val,0.486,23.6,['Unknown%20significance'],0.02,0.0,0.0,-0.8,0.8
OTOGL,12,80352367,NM_001378610.3:c.5338C>T,NP_001365539.2:p.Leu1780Phe,0.361,22.6,['Likely%20benign'],0.01,0.0,0.0,0.7,0.7
OTOGL,12,80352373,NM_001378610.3:c.5344G>T,NP_001365539.2:p.Ala1782Ser,0.578,26.3,['Unknown%20significance'],0.0,0.0,0.0,1.4,1.4
OTOGL,12,80352377,NM_001378610.3:c.5348A>G,NP_001365539.2:p.Tyr1783Cys,0.859,28.5,['Unknown%20significance'],0.0,0.0,0.0,3.6,3.6
OTOGL,12,80352379,NM_001378610.3:c.5350G>A,NP_001365539.2:p.Val1784Met,0.642,27.2,['Unknown%20significance'],0.88,0.0,0.0,0.8,0.8
OTOGL,12,80352382,NM_001378610.3:c.5353G>A,NP_001365539.2:p.Ala1785Thr,0.482,23.0,['Unknown%20significance'],3.05,0.02,0.0,0.3,0.3
OTOGL,12,80352382,NM_001378610.3:c.5353G>T,NP_001365539.2:p.Ala1785Ser,0.467,20.7,['Unknown%20significance'],3.05,0.02,0.0,0.6,0.6
OTOGL,12,80352383,NM_001378610.3:c.5354C>T,NP_001365539.2:p.Ala1785Val,0.603,25.4,['Unknown%20significance'],3.05,0.02,0.0,-0.8,0.8
OTOGL,12,80352388,NM_001378610.3:c.5359T>C,NP_001365539.2:p.Cys1787Arg,0.898,29.0,['Unknown%20significance'],0.0,0.0,0.0,4.7,4.7
OTOGL,12,80352388,NM_001378610.3:c.5359T>G,NP_001365539.2:p.Cys1787Gly,0.899,28.6,['Unknown%20significance'],0.0,0.0,0.0,5.9,5.9
OTOGL,12,80352392,NM_001378610.3:c.5363A>G,NP_001365539.2:p.Asn1788Ser,0.470,18.43,['Likely%20benign'],1.69,0.01,0.0,-0.0,0.0
OTOGL,12,80352392,NM_001378610.3:c.5363A>T,NP_001365539.2:p.Asn1788Ile,0.551,24.4,['Unknown%20significance'],1.69,0.01,0.0,-1.2,1.2
OTOGL,12,80352393,NM_001378610.3:c.5364C>A,NP_001365539.2:p.Asn1788Lys,0.546,22.9,['Unknown%20significance'],1.69,0.01,0.0,0.2,0.2
OTOGL,12,80352394,NM_001378610.3:c.5365A>G,NP_001365539.2:p.Lys1789Glu,0.549,23.5,['Unknown%20significance'],3.37,0.01,0.0,-0.2,0.2
OTOGL,12,80352395,NM_001378610.3:c.5366A>C,NP_001365539.2:p.Lys1789Thr,0.457,20.9,['Unknown%20significance'],3.37,0.01,0.0,-0.7,0.7
OTOGL,12,80352396,NM_001378610.3:c.5367G>C,NP_001365539.2:p.Lys1789Asn,0.470,15.22,['Likely%20benign'],3.37,0.01,0.0,-0.4,0.4
OTOGL,12,80352397,NM_001378610.3:c.5368T>G,NP_001365539.2:p.Phe1790Val,0.442,25.4,['Unknown%20significance'],8.2,0.03,0.0,0.2,0.2
OTOGL,12,80352398,NM_001378610.3:c.5369T>C,NP_001365539.2:p.Phe1790Ser,0.591,26.7,['Unknown%20significance'],8.2,0.03,0.0,1.5,1.5
OTOGL,12,80352399,NM_001378610.3:c.5370T>G,NP_001365539.2:p.Phe1790Leu,0.581,22.7,['Likely%20benign'],8.2,0.03,0.0,0.2,0.2
OTOGL,12,80352400,NM_001378610.3:c.5371G>T,NP_001365539.2:p.Asp1791Tyr,0.532,26.1,['Unknown%20significance'],28.63,0.17,0.0,-1.4,1.4
OTOGL,12,80352402,NM_001378610.3:c.5373T>A,NP_001365539.2:p.Asp1791Glu,0.284,19.39,['Likely%20benign'],28.63,0.17,0.0,0.1,0.1
OTOGL,12,80352403,NM_001378610.3:c.5374A>G,NP_001365539.2:p.Ile1792Val,0.202,8.192,['Likely%20benign'],45.97,0.23,0.0,-0.1,0.1
OTOGL,12,80352404,NM_001378610.3:c.5375T>G,NP_001365539.2:p.Ile1792Ser,0.693,23.9,['Unknown%20significance'],45.97,0.23,0.0,2.5,2.5
OTOGL,12,80352406,NM_001378610.3:c.5377T>G,NP_001365539.2:p.Cys1793Gly,0.864,27.0,['Unknown%20significance'],89.23,0.57,0.0,1.5,1.5
OTOGL,12,80352412,NM_001378610.3:c.5383C>A,NP_001365539.2:p.Gln1795Lys,0.159,17.39,['Likely%20benign'],100.32,0.5,0.0,0.4,0.4
OTOGL,12,80352413,NM_001378610.3:c.5384A>G,NP_001365539.2:p.Gln1795Arg,0.181,17.55,['Likely%20benign'],100.32,0.5,0.0,-0.1,0.1
OTOGL,12,80352419,NM_001378610.3:c.5390G>A,NP_001365539.2:p.Arg1797Lys,0.728,27.5,['Unknown%20significance'],7.14,0.02,0.0,1.3,1.3
OTOGL,12,80352419,NM_001378610.3:c.5390G>T,NP_001365539.2:p.Arg1797Ile,0.808,29.1,['Unknown%20significance'],7.14,0.02,0.0,1.3,1.3
OTOGL,12,80352420,NM_001378610.3:c.5391A>C,NP_001365539.2:p.Arg1797Ser,0.743,22.3,['Likely%20benign'],7.14,0.02,0.0,2.1,2.1
OTOGL,12,80352421,NM_001378610.3:c.5392A>G,NP_001365539.2:p.Thr1798Ala,0.457,22.2,['Unknown%20significance'],56.49,0.35,0.0,0.4,0.4
OTOGL,12,80352422,NM_001378610.3:c.5393C>A,NP_001365539.2:p.Thr1798Lys,0.384,22.6,['Likely%20benign'],56.49,0.35,0.0,0.6,0.6
OTOGL,12,80352424,NM_001378610.3:c.5395C>A,NP_001365539.2:p.Pro1799Thr,0.529,16.15,['Unknown%20significance'],137.27,0.87,0.0,0.0,0.0
OTOGL,12,80352424,NM_001378610.3:c.5395C>G,NP_001365539.2:p.Pro1799Ala,0.477,15.84,['Unknown%20significance'],137.27,0.87,0.0,0.1,0.1
OTOGL,12,80352424,NM_001378610.3:c.5395C>T,NP_001365539.2:p.Pro1799Ser,0.400,13.96,['Likely%20benign'],137.27,0.87,0.0,0.1,0.1
OTOGL,12,80352425,NM_001378610.3:c.5396C>A,NP_001365539.2:p.Pro1799His,0.359,17.02,['Likely%20benign'],137.27,0.87,0.0,-0.0,0.0
OTOGL,12,80352425,NM_001378610.3:c.5396C>T,NP_001365539.2:p.Pro1799Leu,0.586,18.91,['Unknown%20significance'],137.27,0.87,0.0,0.0,0.0
OTOGL,12,80352427,NM_001378610.3:c.5398G>A,NP_001365539.2:p.Asp1800Asn,0.432,22.9,['Unknown%20significance'],155.17,0.96,0.0,-0.0,0.0
OTOGL,12,80352427,NM_001378610.3:c.5398G>T,NP_001365539.2:p.Asp1800Tyr,0.585,26.9,['Unknown%20significance'],155.17,0.96,0.0,-0.1,0.1
OTOGL,12,80352428,NM_001378610.3:c.5399A>G,NP_001365539.2:p.Asp1800Gly,0.631,24.0,['Unknown%20significance'],155.17,0.96,0.0,0.1,0.1
OTOGL,12,80352428,NM_001378610.3:c.5399A>T,NP_001365539.2:p.Asp1800Val,0.671,26.7,['Unknown%20significance'],155.17,0.96,0.0,-0.1,0.1
OTOGL,12,80352431,NM_001378610.3:c.5402A>C,NP_001365539.2:p.Tyr1801Ser,0.663,25.6,['Unknown%20significance'],64.71,0.26,0.0,1.8,1.8
OTOGL,12,80352431,NM_001378610.3:c.5402A>G,NP_001365539.2:p.Tyr1801Cys,0.681,26.0,['Unknown%20significance'],64.71,0.26,0.0,0.8,0.8
OTOGL,12,80352434,NM_001378610.3:c.5405G>A,NP_001365539.2:p.Cys1802Tyr,0.944,32,['Unknown%20significance'],5.81,0.03,0.0,2.7,2.7
OTOGL,12,80352436,NM_001378610.3:c.5407T>C,NP_001365539.2:p.Ser1803Pro,0.181,3.518,['Likely%20benign'],29.84,0.21,0.0,-0.9,0.9
OTOGL,12,80353325,NM_001378610.3:c.5408C>A,NP_001365539.2:p.Ser1803Tyr,0.480,24.8,['Unknown%20significance'],29.84,0.21,0.0,-1.0,1.0
OTOGL,12,80353325,NM_001378610.3:c.5408C>T,NP_001365539.2:p.Ser1803Phe,0.541,26.0,['Unknown%20significance'],29.84,0.21,0.0,-1.0,1.0
OTOGL,12,80353327,NM_001378610.3:c.5410C>A,NP_001365539.2:p.Leu1804Met,0.400,23.2,['Unknown%20significance'],37.1,0.19,0.0,0.2,0.2
OTOGL,12,80353328,NM_001378610.3:c.5411T>C,NP_001365539.2:p.Leu1804Pro,0.873,29.6,['Unknown%20significance'],37.1,0.19,0.0,1.8,1.8
OTOGL,12,80353330,NM_001378610.3:c.5413A>G,NP_001365539.2:p.Ser1805Gly,0.334,19.46,['Likely%20benign'],104.58,0.75,0.0,0.3,0.3
OTOGL,12,80353330,NM_001378610.3:c.5413A>T,NP_001365539.2:p.Ser1805Cys,0.494,23.2,['Unknown%20significance'],104.58,0.75,0.0,-0.4,0.4
OTOGL,12,80353331,NM_001378610.3:c.5414G>A,NP_001365539.2:p.Ser1805Asn,0.264,7.169,['Likely%20benign'],104.58,0.75,0.0,0.0,0.0
OTOGL,12,80353331,NM_001378610.3:c.5414G>T,NP_001365539.2:p.Ser1805Ile,0.333,11.35,['Likely%20benign'],104.58,0.75,0.0,-0.3,0.3
OTOGL,12,80353333,NM_001378610.3:c.5416T>C,NP_001365539.2:p.Cys1806Arg,0.946,29.8,['Unknown%20significance'],59.11,0.38,0.0,2.5,2.5
OTOGL,12,80353334,NM_001378610.3:c.5417G>A,NP_001365539.2:p.Cys1806Tyr,0.954,29.5,['Unknown%20significance'],59.11,0.38,0.0,1.8,1.8
OTOGL,12,80353334,NM_001378610.3:c.5417G>C,NP_001365539.2:p.Cys1806Ser,0.935,28.8,['Unknown%20significance'],59.11,0.38,0.0,2.5,2.5
OTOGL,12,80353334,NM_001378610.3:c.5417G>T,NP_001365539.2:p.Cys1806Phe,0.954,29.7,['Unknown%20significance'],59.11,0.38,0.0,1.8,1.8
OTOGL,12,80353336,NM_001378610.3:c.5419C>A,NP_001365539.2:p.Pro1807Thr,0.769,25.9,['Unknown%20significance'],68.4,0.43,0.0,0.7,0.7
OTOGL,12,80353336,NM_001378610.3:c.5419C>T,NP_001365539.2:p.Pro1807Ser,0.704,23.9,['Unknown%20significance'],68.4,0.43,0.0,0.8,0.8
OTOGL,12,80353337,NM_001378610.3:c.5420C>A,NP_001365539.2:p.Pro1807Gln,0.749,26.2,['Unknown%20significance'],68.4,0.43,0.0,0.7,0.7
OTOGL,12,80353337,NM_001378610.3:c.5420C>G,NP_001365539.2:p.Pro1807Arg,0.811,26.4,['Unknown%20significance'],68.4,0.43,0.0,0.7,0.7
OTOGL,12,80353337,NM_001378610.3:c.5420C>T,NP_001365539.2:p.Pro1807Leu,0.736,28.1,['Unknown%20significance'],68.4,0.43,0.0,0.6,0.6
OTOGL,12,80353340,NM_001378610.3:c.5423A>G,NP_001365539.2:p.Glu1808Gly,0.499,23.1,['Likely%20benign'],185.06,0.94,0.0,0.1,0.1
OTOGL,12,80353340,NM_001378610.3:c.5423A>T,NP_001365539.2:p.Glu1808Val,0.651,23.1,['Unknown%20significance'],185.06,0.94,0.0,-0.1,0.1
OTOGL,12,80353341,NM_001378610.3:c.5424G>T,NP_001365539.2:p.Glu1808Asp,0.136,12.81,['Likely%20benign'],185.06,0.94,0.0,0.0,0.0
OTOGL,12,80353342,NM_001378610.3:c.5425G>A,NP_001365539.2:p.Gly1809Arg,0.737,28.9,['Unknown%20significance'],8.83,0.09,0.0,-0.7,0.7
OTOGL,12,80353342,NM_001378610.3:c.5425G>T,NP_001365539.2:p.Gly1809Trp,0.795,31,['Unknown%20significance'],8.83,0.09,0.0,-1.1,1.1
OTOGL,12,80353343,NM_001378610.3:c.5426G>A,NP_001365539.2:p.Gly1809Glu,0.612,22.9,['Unknown%20significance'],8.83,0.09,0.0,0.0,0.0
OTOGL,12,80353343,NM_001378610.3:c.5426G>T,NP_001365539.2:p.Gly1809Val,0.742,26.2,['Unknown%20significance'],8.83,0.09,0.0,-0.5,0.5
OTOGL,12,80353345,NM_001378610.3:c.5428A>G,NP_001365539.2:p.Lys1810Glu,0.396,24.8,['Unknown%20significance'],7.49,0.03,0.0,0.3,0.3
OTOGL,12,80353346,NM_001378610.3:c.5429A>G,NP_001365539.2:p.Lys1810Arg,0.254,23.1,['Unknown%20significance'],7.49,0.03,0.0,-0.9,0.9
OTOGL,12,80353346,NM_001378610.3:c.5429A>T,NP_001365539.2:p.Lys1810Met,0.514,22.6,['Likely%20benign'],7.49,0.03,0.0,-1.3,1.3
OTOGL,12,80353347,NM_001378610.3:c.5430G>T,NP_001365539.2:p.Lys1810Asn,0.466,22.9,['Unknown%20significance'],7.49,0.03,0.0,-0.1,0.1
OTOGL,12,80353350,NM_001378610.3:c.5433A>C,NP_001365539.2:p.Glu1811Asp,0.288,15.05,['Likely%20benign'],48.72,0.24,0.0,0.1,0.1
OTOGL,12,80353351,NM_001378610.3:c.5434T>C,NP_001365539.2:p.Tyr1812His,0.883,29.2,['Unknown%20significance'],49.47,0.2,0.0,1.8,1.8
OTOGL,12,80353352,NM_001378610.3:c.5435A>G,NP_001365539.2:p.Tyr1812Cys,0.904,29.9,['Unknown%20significance'],49.47,0.2,0.0,2.6,2.6
OTOGL,12,80353354,NM_001378610.3:c.5437C>A,NP_001365539.2:p.Gln1813Lys,0.574,22.3,['Likely%20benign'],69.48,0.35,0.0,0.5,0.5
OTOGL,12,80353355,NM_001378610.3:c.5438A>C,NP_001365539.2:p.Gln1813Pro,0.756,26.8,['Unknown%20significance'],69.48,0.35,0.0,0.6,0.6
OTOGL,12,80353355,NM_001378610.3:c.5438A>G,NP_001365539.2:p.Gln1813Arg,0.571,23.8,['Unknown%20significance'],69.48,0.35,0.0,-0.1,0.1
OTOGL,12,80353355,NM_001378610.3:c.5438A>T,NP_001365539.2:p.Gln1813Leu,0.671,24.7,['Unknown%20significance'],69.48,0.35,0.0,-0.1,0.1
OTOGL,12,80353357,NM_001378610.3:c.5440C>A,NP_001365539.2:p.Pro1814Thr,0.437,23.4,['Unknown%20significance'],31.02,0.19,0.0,0.1,0.1
OTOGL,12,80353358,NM_001378610.3:c.5441C>A,NP_001365539.2:p.Pro1814His,0.564,26.5,['Unknown%20significance'],31.02,0.19,0.0,-0.1,0.1
OTOGL,12,80353358,NM_001378610.3:c.5441C>T,NP_001365539.2:p.Pro1814Leu,0.608,27.0,['Unknown%20significance'],31.02,0.19,0.0,-0.6,0.6
OTOGL,12,80353360,NM_001378610.3:c.5443T>A,NP_001365539.2:p.Cys1815Ser,0.917,27.5,['Unknown%20significance'],14.59,0.09,0.0,3.5,3.5
OTOGL,12,80353360,NM_001378610.3:c.5443T>C,NP_001365539.2:p.Cys1815Arg,0.920,29.2,['Unknown%20significance'],14.59,0.09,0.0,3.3,3.3
OTOGL,12,80353361,NM_001378610.3:c.5444G>A,NP_001365539.2:p.Cys1815Tyr,0.950,28.8,['Unknown%20significance'],14.59,0.09,0.0,2.2,2.2
OTOGL,12,80353361,NM_001378610.3:c.5444G>C,NP_001365539.2:p.Cys1815Ser,0.933,27.8,['Unknown%20significance'],14.59,0.09,0.0,3.5,3.5
OTOGL,12,80353361,NM_001378610.3:c.5444G>T,NP_001365539.2:p.Cys1815Phe,0.943,29.3,['Unknown%20significance'],14.59,0.09,0.0,2.5,2.5
OTOGL,12,80353363,NM_001378610.3:c.5446G>A,NP_001365539.2:p.Val1816Met,0.507,25.6,['Unknown%20significance'],21.33,0.12,0.0,0.0,0.0
OTOGL,12,80353364,NM_001378610.3:c.5447T>C,NP_001365539.2:p.Val1816Ala,0.588,24.1,['Unknown%20significance'],21.33,0.12,0.0,0.7,0.7
OTOGL,12,80353366,NM_001378610.3:c.5449C>G,NP_001365539.2:p.Arg1817Gly,0.294,10.18,['Likely%20benign'],132.77,0.49,0.0,0.6,0.6
OTOGL,12,80353367,NM_001378610.3:c.5450G>A,NP_001365539.2:p.Arg1817Gln,0.121,14.35,['Likely%20benign'],132.77,0.49,0.0,-0.0,0.0
OTOGL,12,80353367,NM_001378610.3:c.5450G>T,NP_001365539.2:p.Arg1817Leu,0.254,16.22,['Likely%20benign'],132.77,0.49,0.0,-0.3,0.3
OTOGL,12,80353369,NM_001378610.3:c.5452C>A,NP_001365539.2:p.Pro1818Thr,0.253,12.86,['Likely%20benign'],0.13,0.0,0.0,-0.4,0.4
OTOGL,12,80353369,NM_001378610.3:c.5452C>T,NP_001365539.2:p.Pro1818Ser,0.357,15.92,['Likely%20benign'],0.13,0.0,0.0,-0.0,0.0
OTOGL,12,80353370,NM_001378610.3:c.5453C>A,NP_001365539.2:p.Pro1818His,0.574,25.4,['Unknown%20significance'],0.13,0.0,0.0,-0.3,0.3
OTOGL,12,80353370,NM_001378610.3:c.5453C>T,NP_001365539.2:p.Pro1818Leu,0.473,23.7,['Unknown%20significance'],0.13,0.0,0.0,-0.9,0.9
OTOGL,12,80353372,NM_001378610.3:c.5455T>A,NP_001365539.2:p.Cys1819Ser,0.904,27.4,['Unknown%20significance'],20.41,0.13,0.0,3.1,3.1
OTOGL,12,80353372,NM_001378610.3:c.5455T>C,NP_001365539.2:p.Cys1819Arg,0.907,24.8,['Unknown%20significance'],20.41,0.13,0.0,3.0,3.0
OTOGL,12,80353373,NM_001378610.3:c.5456G>A,NP_001365539.2:p.Cys1819Tyr,0.918,28.6,['Unknown%20significance'],20.41,0.13,0.0,1.9,1.9
OTOGL,12,80353374,NM_001378610.3:c.5457T>G,NP_001365539.2:p.Cys1819Trp,0.892,29.6,['Unknown%20significance'],20.41,0.13,0.0,1.7,1.7
OTOGL,12,80353375,NM_001378610.3:c.5458G>A,NP_001365539.2:p.Glu1820Lys,0.367,25.2,['Likely%20benign'],68.57,0.35,0.0,0.2,0.2
OTOGL,12,80353378,NM_001378610.3:c.5461G>A,NP_001365539.2:p.Ala1821Thr,0.319,24.3,['Unknown%20significance'],6.46,0.05,0.0,-0.1,0.1
OTOGL,12,80353379,NM_001378610.3:c.5462C>A,NP_001365539.2:p.Ala1821Glu,0.487,25.2,['Unknown%20significance'],6.46,0.05,0.0,0.3,0.3
OTOGL,12,80353379,NM_001378610.3:c.5462C>G,NP_001365539.2:p.Ala1821Gly,0.416,23.5,['Unknown%20significance'],6.46,0.05,0.0,0.9,0.9
OTOGL,12,80353381,NM_001378610.3:c.5464A>G,NP_001365539.2:p.Arg1822Gly,0.538,22.1,['Unknown%20significance'],86.49,0.32,0.0,1.3,1.3
OTOGL,12,80353382,NM_001378610.3:c.5465G>T,NP_001365539.2:p.Arg1822Ile,0.613,24.5,['Unknown%20significance'],86.49,0.32,0.0,-0.3,0.3
OTOGL,12,80353384,NM_001378610.3:c.5467A>C,NP_001365539.2:p.Thr1823Pro,0.814,26.6,['Unknown%20significance'],1.26,0.0,0.0,1.7,1.7
OTOGL,12,80353384,NM_001378610.3:c.5467A>G,NP_001365539.2:p.Thr1823Ala,0.669,25.9,['Unknown%20significance'],1.26,0.0,0.0,1.1,1.1
OTOGL,12,80353387,NM_001378610.3:c.5470T>C,NP_001365539.2:p.Cys1824Arg,0.932,29.3,['Unknown%20significance'],26.07,0.16,0.0,3.1,3.1
OTOGL,12,80353388,NM_001378610.3:c.5471G>T,NP_001365539.2:p.Cys1824Phe,0.932,29.0,['Unknown%20significance'],26.07,0.16,0.0,2.3,2.3
OTOGL,12,80353390,NM_001378610.3:c.5473C>A,NP_001365539.2:p.Leu1825Met,0.426,23.0,['Unknown%20significance'],78.2,0.4,0.0,-0.1,0.1
OTOGL,12,80353391,NM_001378610.3:c.5474T>C,NP_001365539.2:p.Leu1825Pro,0.480,24.1,['Unknown%20significance'],78.2,0.4,0.0,0.5,0.5
OTOGL,12,80353395,NM_001378610.3:c.5478C>A,NP_001365539.2:p.Asn1826Lys,0.589,23.0,['Unknown%20significance'],35.24,0.22,0.0,0.7,0.7
OTOGL,12,80353399,NM_001378610.3:c.5482T>C,NP_001365539.2:p.Trp1828Arg,0.588,24.9,['Unknown%20significance'],203.41,0.77,0.0,0.1,0.1
OTOGL,12,80353400,NM_001378610.3:c.5483G>T,NP_001365539.2:p.Trp1828Leu,0.517,24.5,['Unknown%20significance'],203.41,0.77,0.0,0.1,0.1
OTOGL,12,80353401,NM_001378610.3:c.5484G>T,NP_001365539.2:p.Trp1828Cys,0.541,25.4,['Unknown%20significance'],203.41,0.77,0.0,0.3,0.3
OTOGL,12,80353404,NM_001378610.3:c.5487C>A,NP_001365539.2:p.Phe1829Leu,0.221,16.57,['Likely%20benign'],168.85,0.73,0.0,0.1,0.1
OTOGL,12,80353406,NM_001378610.3:c.5489A>G,NP_001365539.2:p.Tyr1830Cys,0.610,25.0,['Unknown%20significance'],110.2,0.45,0.0,0.7,0.7
OTOGL,12,80353408,NM_001378610.3:c.5491G>A,NP_001365539.2:p.Gly1831Arg,0.460,23.8,['Unknown%20significance'],61.08,0.64,0.0,-0.4,0.4
OTOGL,12,80353409,NM_001378610.3:c.5492G>A,NP_001365539.2:p.Gly1831Glu,0.263,16.78,['Likely%20benign'],61.08,0.64,0.0,-0.1,0.1
OTOGL,12,80353409,NM_001378610.3:c.5492G>T,NP_001365539.2:p.Gly1831Val,0.433,23.3,['Unknown%20significance'],61.08,0.64,0.0,-0.4,0.4
OTOGL,12,80353411,NM_001378610.3:c.5494C>A,NP_001365539.2:p.His1832Asn,0.171,14.56,['Unknown%20significance'],219.9,1.0,0.0,0.0,0.0
OTOGL,12,80353411,NM_001378610.3:c.5494C>G,NP_001365539.2:p.His1832Asp,0.087,12.92,['Likely%20benign'],219.9,1.0,0.0,0.1,0.1
OTOGL,12,80353412,NM_001378610.3:c.5495A>C,NP_001365539.2:p.His1832Pro,0.310,16.47,['Unknown%20significance'],219.9,1.0,0.0,0.0,0.0
OTOGL,12,80353414,NM_001378610.3:c.5497A>G,NP_001365539.2:p.Thr1833Ala,0.106,6.617,['Unknown%20significance'],51.15,0.32,0.0,0.2,0.2
OTOGL,12,80353418,NM_001378610.3:c.5501C>A,NP_001365539.2:p.Ser1834Tyr,0.339,18.89,['Unknown%20significance'],101.2,0.73,0.0,-0.2,0.2
OTOGL,12,80353418,NM_001378610.3:c.5501C>G,NP_001365539.2:p.Ser1834Cys,0.343,15.86,['Likely%20benign'],101.2,0.73,0.0,-0.1,0.1
OTOGL,12,80353418,NM_001378610.3:c.5501C>T,NP_001365539.2:p.Ser1834Phe,0.366,16.32,['Unknown%20significance'],101.2,0.73,0.0,-0.1,0.1
OTOGL,12,80353421,NM_001378610.3:c.5504G>A,NP_001365539.2:p.Cys1835Tyr,0.778,23.3,['Unknown%20significance'],6.61,0.04,0.0,1.0,1.0
OTOGL,12,80353423,NM_001378610.3:c.5506T>A,NP_001365539.2:p.Leu1836Met,0.264,0.261,['Likely%20benign'],101.6,0.52,0.0,-0.0,0.0
OTOGL,12,80353424,NM_001378610.3:c.5507T>C,NP_001365539.2:p.Leu1836Ser,0.167,5.738,['Likely%20benign'],101.6,0.52,0.0,0.4,0.4
OTOGL,12,80353425,NM_001378610.3:c.5508G>T,NP_001365539.2:p.Leu1836Phe,0.223,13.53,['Likely%20benign'],101.6,0.52,0.0,-0.1,0.1
OTOGL,12,80353429,NM_001378610.3:c.5512C>A,NP_001365539.2:p.Leu1838Ile,0.156,7.569,['Likely%20benign'],15.84,0.08,0.0,0.0,0.0
OTOGL,12,80353429,NM_001378610.3:c.5512C>G,NP_001365539.2:p.Leu1838Val,0.071,14.83,['Benign'],15.84,0.08,0.0,0.2,0.2
OTOGL,12,80353430,NM_001378610.3:c.5513T>A,NP_001365539.2:p.Leu1838Gln,0.410,26.2,['Unknown%20significance'],15.84,0.08,0.0,1.3,1.3
OTOGL,12,80353430,NM_001378610.3:c.5513T>C,NP_001365539.2:p.Leu1838Pro,0.359,26.8,['Unknown%20significance'],15.84,0.08,0.0,1.5,1.5
OTOGL,12,80353433,NM_001378610.3:c.5516G>A,NP_001365539.2:p.Arg1839Lys,0.413,24.2,['Unknown%20significance'],3.91,0.01,0.0,1.1,1.1
OTOGL,12,80353433,NM_001378610.3:c.5516G>C,NP_001365539.2:p.Arg1839Thr,0.546,23.1,['Unknown%20significance'],3.91,0.01,0.0,0.3,0.3
OTOGL,12,80353435,NM_001378610.3:c.5518G>A,NP_001365539.2:p.Glu1840Lys,0.874,31,['Unknown%20significance'],4.84,0.02,0.0,0.6,0.6
OTOGL,12,80353435,NM_001378610.3:c.5518G>C,NP_001365539.2:p.Glu1840Gln,0.762,27.9,['Unknown%20significance'],4.84,0.02,0.0,-0.5,0.5
OTOGL,12,80353438,NM_001378610.3:c.5521G>A,NP_001365539.2:p.Asp1841Asn,0.507,25.4,['Unknown%20significance'],0.28,0.0,0.0,-0.6,0.6
OTOGL,12,80353438,NM_001378610.3:c.5521G>T,NP_001365539.2:p.Asp1841Tyr,0.727,29.9,['Unknown%20significance'],0.28,0.0,0.0,-1.6,1.6
OTOGL,12,80353439,NM_001378610.3:c.5522A>G,NP_001365539.2:p.Asp1841Gly,0.221,22.0,['Unknown%20significance'],0.28,0.0,0.0,-1.3,1.3
OTOGL,12,80353441,NM_001378610.3:c.5524T>A,NP_001365539.2:p.Cys1842Ser,0.980,27.5,['Unknown%20significance'],0.0,0.0,0.0,5.2,5.2
OTOGL,12,80353442,NM_001378610.3:c.5525G>A,NP_001365539.2:p.Cys1842Tyr,0.977,28.7,['Unknown%20significance'],0.0,0.0,0.0,3.8,3.8
OTOGL,12,80353442,NM_001378610.3:c.5525G>C,NP_001365539.2:p.Cys1842Ser,0.969,27.8,['Unknown%20significance'],0.0,0.0,0.0,5.2,5.2
OTOGL,12,80353444,NM_001378610.3:c.5527G>A,NP_001365539.2:p.Val1843Met,0.330,28.0,['Unknown%20significance'],17.2,0.1,0.0,0.1,0.1
OTOGL,12,80353444,NM_001378610.3:c.5527G>T,NP_001365539.2:p.Val1843Leu,0.258,26.4,['Unknown%20significance'],17.2,0.1,0.0,0.2,0.2
OTOGL,12,80353445,NM_001378610.3:c.5528T>C,NP_001365539.2:p.Val1843Ala,0.320,24.6,['Unknown%20significance'],17.2,0.1,0.0,1.3,1.3
OTOGL,12,80353447,NM_001378610.3:c.5530T>C,NP_001365539.2:p.Cys1844Arg,0.950,28.9,['Unknown%20significance'],10.72,0.06,0.0,4.4,4.4
OTOGL,12,80353447,NM_001378610.3:c.5530T>G,NP_001365539.2:p.Cys1844Gly,0.953,28.8,['Unknown%20significance'],10.72,0.06,0.0,5.5,5.5
OTOGL,12,80353448,NM_001378610.3:c.5531G>A,NP_001365539.2:p.Cys1844Tyr,0.961,28.1,['Unknown%20significance'],10.72,0.06,0.0,3.2,3.2
OTOGL,12,80353448,NM_001378610.3:c.5531G>T,NP_001365539.2:p.Cys1844Phe,0.947,28.5,['Unknown%20significance'],10.72,0.06,0.0,3.3,3.3
OTOGL,12,80353450,NM_001378610.3:c.5533A>G,NP_001365539.2:p.Lys1845Glu,0.141,18.60,['Likely%20benign'],114.58,0.48,0.0,0.0,0.0
OTOGL,12,80353451,NM_001378610.3:c.5534A>G,NP_001365539.2:p.Lys1845Arg,0.061,18.60,['Likely%20benign'],114.58,0.48,0.0,-0.4,0.4
OTOGL,12,80353454,NM_001378610.3:c.5537T>A,NP_001365539.2:p.Val1846Asp,0.125,13.45,['Likely%20benign'],164.13,0.95,0.0,0.0,0.0
OTOGL,12,80353454,NM_001378610.3:c.5537T>C,NP_001365539.2:p.Val1846Ala,0.024,11.63,['Likely%20benign'],164.13,0.95,0.0,0.0,0.0
OTOGL,12,80353456,NM_001378610.3:c.5539G>A,NP_001365539.2:p.Gly1847Arg,0.646,30,['Unknown%20significance'],42.78,0.44,0.0,0.1,0.1
OTOGL,12,80353457,NM_001378610.3:c.5540G>A,NP_001365539.2:p.Gly1847Glu,0.724,28.0,['Unknown%20significance'],42.78,0.44,0.0,0.6,0.6
OTOGL,12,80353457,NM_001378610.3:c.5540G>T,NP_001365539.2:p.Gly1847Val,0.711,28.8,['Unknown%20significance'],42.78,0.44,0.0,0.2,0.2
OTOGL,12,80353460,NM_001378610.3:c.5543C>A,NP_001365539.2:p.Thr1848Asn,0.585,22.9,['Unknown%20significance'],13.58,0.08,0.0,0.7,0.7
OTOGL,12,80353460,NM_001378610.3:c.5543C>G,NP_001365539.2:p.Thr1848Ser,0.593,22.5,['Unknown%20significance'],13.58,0.08,0.0,0.7,0.7
OTOGL,12,80353460,NM_001378610.3:c.5543C>T,NP_001365539.2:p.Thr1848Ile,0.686,24.3,['Unknown%20significance'],13.58,0.08,0.0,-0.9,0.9
OTOGL,12,80353462,NM_001378610.3:c.5545A>G,NP_001365539.2:p.Ile1849Val,0.085,10.42,['Benign'],0.0,0.0,0.0,0.0,0.0
OTOGL,12,80353462,NM_001378610.3:c.5545A>T,NP_001365539.2:p.Ile1849Phe,0.546,22.5,['Unknown%20significance'],0.0,0.0,0.0,0.3,0.3
OTOGL,12,80353463,NM_001378610.3:c.5546T>C,NP_001365539.2:p.Ile1849Thr,0.526,24.2,['Unknown%20significance'],0.0,0.0,0.0,2.2,2.2
OTOGL,12,80353465,NM_001378610.3:c.5548C>A,NP_001365539.2:p.Leu1850Ile,0.263,25.9,['Unknown%20significance'],1.74,0.0,0.0,0.6,0.6
OTOGL,12,80353465,NM_001378610.3:c.5548C>G,NP_001365539.2:p.Leu1850Val,0.257,25.5,['Unknown%20significance'],1.74,0.0,0.0,1.1,1.1
OTOGL,12,80353466,NM_001378610.3:c.5549T>G,NP_001365539.2:p.Leu1850Arg,0.642,28.2,['Unknown%20significance'],1.74,0.0,0.0,2.0,2.0
OTOGL,12,80353468,NM_001378610.3:c.5551C>A,NP_001365539.2:p.His1851Asn,0.538,24.7,['Unknown%20significance'],1.99,0.0,0.0,1.1,1.1
OTOGL,12,80353468,NM_001378610.3:c.5551C>T,NP_001365539.2:p.His1851Tyr,0.660,23.2,['Unknown%20significance'],1.99,0.0,0.0,-1.6,1.6
OTOGL,12,80353469,NM_001378610.3:c.5552A>G,NP_001365539.2:p.His1851Arg,0.770,25.3,['Unknown%20significance'],1.99,0.0,0.0,0.4,0.4
OTOGL,12,80353469,NM_001378610.3:c.5552A>T,NP_001365539.2:p.His1851Leu,0.783,26.2,['Unknown%20significance'],1.99,0.0,0.0,-0.6,0.6
OTOGL,12,80353470,NM_001378610.3:c.5553C>A,NP_001365539.2:p.His1851Gln,0.577,20.5,['Unknown%20significance'],1.99,0.0,0.0,1.0,1.0
OTOGL,12,80353471,NM_001378610.3:c.5554A>G,NP_001365539.2:p.Arg1852Gly,0.738,24.9,['Unknown%20significance'],61.63,0.22,0.0,1.2,1.2
OTOGL,12,80353471,NM_001378610.3:c.5554A>T,NP_001365539.2:p.Arg1852Trp,0.814,26.4,['Unknown%20significance'],61.63,0.22,0.0,-0.1,0.1
OTOGL,12,80353472,NM_001378610.3:c.5555G>A,NP_001365539.2:p.Arg1852Lys,0.584,23.3,['Unknown%20significance'],61.63,0.22,0.0,0.7,0.7
OTOGL,12,80353472,NM_001378610.3:c.5555G>T,NP_001365539.2:p.Arg1852Met,0.770,26.1,['Unknown%20significance'],61.63,0.22,0.0,0.2,0.2
OTOGL,12,80353473,NM_001378610.3:c.5556G>T,NP_001365539.2:p.Arg1852Ser,0.542,23.7,['Unknown%20significance'],61.63,0.22,0.0,0.6,0.6
OTOGL,12,80353474,NM_001378610.3:c.5557C>A,NP_001365539.2:p.Pro1853Thr,0.227,15.27,['Unknown%20significance'],6.04,0.03,0.0,-0.6,0.6
OTOGL,12,80353474,NM_001378610.3:c.5557C>T,NP_001365539.2:p.Pro1853Ser,0.259,18.61,['Likely%20benign'],6.04,0.03,0.0,-0.2,0.2
OTOGL,12,80353475,NM_001378610.3:c.5558C>A,NP_001365539.2:p.Pro1853Gln,0.396,23.7,['Unknown%20significance'],6.04,0.03,0.0,-0.6,0.6
OTOGL,12,80353475,NM_001378610.3:c.5558C>G,NP_001365539.2:p.Pro1853Arg,0.381,22.9,['Unknown%20significance'],6.04,0.03,0.0,-1.1,1.1
OTOGL,12,80353475,NM_001378610.3:c.5558C>T,NP_001365539.2:p.Pro1853Leu,0.443,22.6,['Unknown%20significance'],6.04,0.03,0.0,-0.7,0.7
OTOGL,12,80353477,NM_001378610.3:c.5560C>A,NP_001365539.2:p.His1854Asn,0.203,17.80,['Likely%20benign'],35.96,0.17,0.0,0.3,0.3
OTOGL,12,80353477,NM_001378610.3:c.5560C>T,NP_001365539.2:p.His1854Tyr,0.470,15.10,['Likely%20benign'],35.96,0.17,0.0,-0.4,0.4
OTOGL,12,80353478,NM_001378610.3:c.5561A>G,NP_001365539.2:p.His1854Arg,0.441,20.8,['Unknown%20significance'],35.96,0.17,0.0,-0.2,0.2
OTOGL,12,80353481,NM_001378610.3:c.5564C>T,NP_001365539.2:p.Ser1855Leu,0.564,23.8,['Likely%20benign'],26.22,0.19,0.0,-0.2,0.2
OTOGL,12,80353483,NM_001378610.3:c.5566G>A,NP_001365539.2:p.Ala1856Thr,0.025,5.906,['Likely%20benign'],58.22,0.45,0.0,-0.2,0.2
OTOGL,12,80353483,NM_001378610.3:c.5566G>T,NP_001365539.2:p.Ala1856Ser,0.036,4.521,['Likely%20benign'],58.22,0.45,0.0,-0.1,0.1
OTOGL,12,80353484,NM_001378610.3:c.5567C>A,NP_001365539.2:p.Ala1856Asp,0.101,13.31,['Likely%20benign'],58.22,0.45,0.0,-0.0,0.0
OTOGL,12,80353484,NM_001378610.3:c.5567C>G,NP_001365539.2:p.Ala1856Gly,0.082,14.86,['Likely%20benign'],58.22,0.45,0.0,0.2,0.2
OTOGL,12,80353484,NM_001378610.3:c.5567C>T,NP_001365539.2:p.Ala1856Val,0.078,15.23,['Likely%20benign'],58.22,0.45,0.0,-0.3,0.3
OTOGL,12,80353486,NM_001378610.3:c.5569C>A,NP_001365539.2:p.Gln1857Lys,0.191,15.33,['Likely%20benign'],87.43,0.44,0.0,0.4,0.4
OTOGL,12,80353487,NM_001378610.3:c.5570A>G,NP_001365539.2:p.Gln1857Arg,0.151,6.946,['Likely%20benign'],87.43,0.44,0.0,-0.1,0.1
OTOGL,12,80353487,NM_001378610.3:c.5570A>T,NP_001365539.2:p.Gln1857Leu,0.179,3.120,['Likely%20benign'],87.43,0.44,0.0,-0.7,0.7
OTOGL,12,80353488,NM_001378610.3:c.5571G>C,NP_001365539.2:p.Gln1857His,0.107,18.18,['Likely%20benign'],87.43,0.44,0.0,-0.1,0.1
OTOGL,12,80353488,NM_001378610.3:c.5571G>T,NP_001365539.2:p.Gln1857His,0.107,18.44,['Likely%20benign'],87.43,0.44,0.0,-0.1,0.1
OTOGL,12,80353489,NM_001378610.3:c.5572T>C,NP_001365539.2:p.Cys1858Arg,0.914,28.4,['Unknown%20significance'],10.33,0.06,0.0,4.0,4.0
OTOGL,12,80353490,NM_001378610.3:c.5573G>A,NP_001365539.2:p.Cys1858Tyr,0.945,27.2,['Unknown%20significance'],10.33,0.06,0.0,2.6,2.6
OTOGL,12,80353490,NM_001378610.3:c.5573G>C,NP_001365539.2:p.Cys1858Ser,0.928,26.4,['Unknown%20significance'],10.33,0.06,0.0,4.1,4.1
OTOGL,12,80353490,NM_001378610.3:c.5573G>T,NP_001365539.2:p.Cys1858Phe,0.951,27.5,['Unknown%20significance'],10.33,0.06,0.0,2.8,2.8
OTOGL,12,80353492,NM_001378610.3:c.5575A>C,NP_001365539.2:p.Ile1859Leu,0.179,23.8,['Unknown%20significance'],9.09,0.04,0.0,0.9,0.9
OTOGL,12,80353492,NM_001378610.3:c.5575A>G,NP_001365539.2:p.Ile1859Val,0.043,20.4,['Likely%20benign'],9.09,0.04,0.0,-0.6,0.6
OTOGL,12,80353492,NM_001378610.3:c.5575A>T,NP_001365539.2:p.Ile1859Phe,0.192,26.5,['Unknown%20significance'],9.09,0.04,0.0,0.8,0.8
OTOGL,12,80353493,NM_001378610.3:c.5576T>C,NP_001365539.2:p.Ile1859Thr,0.524,26.9,['Unknown%20significance'],9.09,0.04,0.0,2.3,2.3
OTOGL,12,80353495,NM_001378610.3:c.5578C>A,NP_001365539.2:p.Pro1860Thr,0.178,22.1,['Likely%20benign'],65.45,0.41,0.0,0.3,0.3
OTOGL,12,80353495,NM_001378610.3:c.5578C>G,NP_001365539.2:p.Pro1860Ala,0.317,23.3,['Likely%20benign'],65.45,0.41,0.0,0.3,0.3
OTOGL,12,80353495,NM_001378610.3:c.5578C>T,NP_001365539.2:p.Pro1860Ser,0.248,22.9,['Likely%20benign'],65.45,0.41,0.0,0.5,0.5
OTOGL,12,80353496,NM_001378610.3:c.5579C>A,NP_001365539.2:p.Pro1860Gln,0.280,20.3,['Likely%20benign'],65.45,0.41,0.0,0.4,0.4
OTOGL,12,80353496,NM_001378610.3:c.5579C>T,NP_001365539.2:p.Pro1860Leu,0.254,23.4,['Unknown%20significance'],65.45,0.41,0.0,-0.1,0.1
OTOGL,12,80353498,NM_001378610.3:c.5581G>A,NP_001365539.2:p.Glu1861Lys,0.376,29.7,['Unknown%20significance'],40.51,0.2,0.0,-0.0,0.0
OTOGL,12,80353498,NM_001378610.3:c.5581G>C,NP_001365539.2:p.Glu1861Gln,0.186,27.1,['Unknown%20significance'],40.51,0.2,0.0,-0.5,0.5
OTOGL,12,80353499,NM_001378610.3:c.5582A>G,NP_001365539.2:p.Glu1861Gly,0.442,32,['Unknown%20significance'],40.51,0.2,0.0,0.6,0.6
OTOGL,12,80353499,NM_001378610.3:c.5582A>T,NP_001365539.2:p.Glu1861Val,0.349,29.8,['Unknown%20significance'],40.51,0.2,0.0,-1.1,1.1
OTOGL,12,80353500,NM_001378610.3:c.5583G>T,NP_001365539.2:p.Glu1861Asp,0.215,24.2,['Unknown%20significance'],40.51,0.2,0.0,0.3,0.3
OTOGL,12,80353501,NM_001378610.3:c.5584A>G,NP_001365539.2:p.Lys1862Glu,0.235,2.248,['Likely%20benign'],236.24,0.99,0.0,-0.0,0.0
OTOGL,12,80353504,NM_001378610.3:c.5587G>C,NP_001365539.2:p.Glu1863Gln,0.073,18.45,['Likely%20benign'],65.98,0.33,0.0,-0.4,0.4
OTOGL,12,80353505,NM_001378610.3:c.5588A>T,NP_001365539.2:p.Glu1863Val,0.288,24.0,['Unknown%20significance'],65.98,0.33,0.0,-0.5,0.5
OTOGL,12,80353506,NM_001378610.3:c.5589G>T,NP_001365539.2:p.Glu1863Asp,0.215,22.9,['Likely%20benign'],65.98,0.33,0.0,0.1,0.1
OTOGL,12,80353507,NM_001378610.3:c.5590T>C,NP_001365539.2:p.Cys1864Arg,0.962,29.6,['Unknown%20significance'],27.8,0.17,0.0,3.7,3.7
OTOGL,12,80353507,NM_001378610.3:c.5590T>G,NP_001365539.2:p.Cys1864Gly,0.960,32,['Unknown%20significance'],27.8,0.17,0.0,4.7,4.7
OTOGL,12,80353508,NM_001378610.3:c.5591G>A,NP_001365539.2:p.Cys1864Tyr,0.972,33,['Unknown%20significance'],27.8,0.17,0.0,2.7,2.7
OTOGL,12,80353508,NM_001378610.3:c.5591G>T,NP_001365539.2:p.Cys1864Phe,0.964,33,['Unknown%20significance'],27.8,0.17,0.0,2.8,2.8
OTOGL,12,80353510,NM_001378610.3:c.5593G>A,NP_001365539.2:p.Ala1865Thr,0.307,32,['Unknown%20significance'],28.6,0.22,0.0,0.1,0.1
OTOGL,12,80353510,NM_001378610.3:c.5593G>T,NP_001365539.2:p.Ala1865Ser,0.333,31,['Unknown%20significance'],28.6,0.22,0.0,0.2,0.2
OTOGL,12,80355736,NM_001378610.3:c.5594C>G,NP_001365539.2:p.Ala1865Gly,0.245,20.1,['Likely%20benign'],28.6,0.22,0.0,0.2,0.2
OTOGL,12,80355738,NM_001378610.3:c.5596T>C,NP_001365539.2:p.Cys1866Arg,0.873,27.5,['Unknown%20significance'],16.16,0.1,0.0,4.3,4.3
OTOGL,12,80355741,NM_001378610.3:c.5599A>G,NP_001365539.2:p.Thr1867Ala,0.316,25.2,['Unknown%20significance'],48.59,0.3,0.0,0.4,0.4
OTOGL,12,80355742,NM_001378610.3:c.5600C>T,NP_001365539.2:p.Thr1867Ile,0.279,22.9,['Unknown%20significance'],48.59,0.3,0.0,-0.7,0.7
OTOGL,12,80355744,NM_001378610.3:c.5602G>A,NP_001365539.2:p.Asp1868Asn,0.279,29.3,['Unknown%20significance'],10.36,0.06,0.0,-0.4,0.4
OTOGL,12,80355744,NM_001378610.3:c.5602G>C,NP_001365539.2:p.Asp1868His,0.547,28.1,['Unknown%20significance'],10.36,0.06,0.0,-0.9,0.9
OTOGL,12,80355745,NM_001378610.3:c.5603A>G,NP_001365539.2:p.Asp1868Gly,0.392,28.3,['Unknown%20significance'],10.36,0.06,0.0,0.4,0.4
OTOGL,12,80355746,NM_001378610.3:c.5604T>A,NP_001365539.2:p.Asp1868Glu,0.242,22.0,['Likely%20benign'],10.36,0.06,0.0,0.1,0.1
OTOGL,12,80355748,NM_001378610.3:c.5606G>A,NP_001365539.2:p.Ser1869Asn,0.066,16.70,['Likely%20benign'],71.44,0.51,0.0,-0.1,0.1
OTOGL,12,80355748,NM_001378610.3:c.5606G>T,NP_001365539.2:p.Ser1869Ile,0.124,22.6,['Likely%20benign'],71.44,0.51,0.0,-0.2,0.2
OTOGL,12,80355753,NM_001378610.3:c.5611G>A,NP_001365539.2:p.Asp1871Asn,0.127,25.0,['Unknown%20significance'],67.48,0.42,0.0,-0.3,0.3
OTOGL,12,80355756,NM_001378610.3:c.5614C>A,NP_001365539.2:p.Gln1872Lys,0.045,13.11,['Likely%20benign'],78.6,0.39,0.0,0.3,0.3
OTOGL,12,80355756,NM_001378610.3:c.5614C>G,NP_001365539.2:p.Gln1872Glu,0.086,11.00,['Likely%20benign'],78.6,0.39,0.0,0.3,0.3
OTOGL,12,80355757,NM_001378610.3:c.5615A>G,NP_001365539.2:p.Gln1872Arg,0.049,9.589,['Likely%20benign'],78.6,0.39,0.0,-0.4,0.4
OTOGL,12,80355758,NM_001378610.3:c.5616A>C,NP_001365539.2:p.Gln1872His,0.042,0.004,['Likely%20benign'],78.6,0.39,0.0,-0.2,0.2
OTOGL,12,80355759,NM_001378610.3:c.5617C>A,NP_001365539.2:p.Pro1873Thr,0.306,23.2,['Likely%20benign'],12.71,0.08,0.0,-0.1,0.1
OTOGL,12,80355759,NM_001378610.3:c.5617C>T,NP_001365539.2:p.Pro1873Ser,0.302,23.4,['Unknown%20significance'],12.71,0.08,0.0,0.5,0.5
OTOGL,12,80355760,NM_001378610.3:c.5618C>A,NP_001365539.2:p.Pro1873His,0.390,24.1,['Unknown%20significance'],12.71,0.08,0.0,-0.5,0.5
OTOGL,12,80355760,NM_001378610.3:c.5618C>T,NP_001365539.2:p.Pro1873Leu,0.414,24.4,['Unknown%20significance'],12.71,0.08,0.0,-0.7,0.7
OTOGL,12,80355762,NM_001378610.3:c.5620C>A,NP_001365539.2:p.Arg1874Ser,0.156,22.5,['Unknown%20significance'],49.07,0.18,0.0,1.2,1.2
OTOGL,12,80355762,NM_001378610.3:c.5620C>T,NP_001365539.2:p.Arg1874Cys,0.167,24.7,['Unknown%20significance'],49.07,0.18,0.0,0.4,0.4
OTOGL,12,80355763,NM_001378610.3:c.5621G>A,NP_001365539.2:p.Arg1874His,0.018,9.215,['Likely%20benign'],49.07,0.18,0.0,-0.3,0.3
OTOGL,12,80355763,NM_001378610.3:c.5621G>T,NP_001365539.2:p.Arg1874Leu,0.153,19.79,['Likely%20benign'],49.07,0.18,0.0,-0.2,0.2
OTOGL,12,80355765,NM_001378610.3:c.5623A>G,NP_001365539.2:p.Thr1875Ala,0.013,5.979,['Likely%20benign'],55.03,0.34,0.0,0.1,0.1
OTOGL,12,80355766,NM_001378610.3:c.5624C>T,NP_001365539.2:p.Thr1875Ile,0.056,20.6,['Likely%20benign'],55.03,0.34,0.0,-0.3,0.3
OTOGL,12,80355768,NM_001378610.3:c.5626G>A,NP_001365539.2:p.Ala1876Thr,0.109,17.83,['Likely%20benign'],36.01,0.28,0.0,-0.2,0.2
OTOGL,12,80355768,NM_001378610.3:c.5626G>C,NP_001365539.2:p.Ala1876Pro,0.060,18.08,['Likely%20benign'],36.01,0.28,0.0,-0.1,0.1
OTOGL,12,80355768,NM_001378610.3:c.5626G>T,NP_001365539.2:p.Ala1876Ser,0.066,16.41,['Likely%20benign'],36.01,0.28,0.0,0.0,0.0
OTOGL,12,80355769,NM_001378610.3:c.5627C>T,NP_001365539.2:p.Ala1876Val,0.173,18.95,['Unknown%20significance'],36.01,0.28,0.0,-0.5,0.5
OTOGL,12,80355774,NM_001378610.3:c.5632G>A,NP_001365539.2:p.Glu1878Lys,0.398,27.3,['Unknown%20significance'],60.21,0.3,0.0,0.3,0.3
OTOGL,12,80355775,NM_001378610.3:c.5633A>G,NP_001365539.2:p.Glu1878Gly,0.407,32,['Unknown%20significance'],60.21,0.3,0.0,0.9,0.9
OTOGL,12,80355781,NM_001378610.3:c.5639G>T,NP_001365539.2:p.Trp1880Leu,0.460,29.2,['Unknown%20significance'],19.22,0.07,0.0,2.1,2.1
OTOGL,12,80355785,NM_001378610.3:c.5643T>G,NP_001365539.2:p.Asn1881Lys,0.090,16.06,['Likely%20benign'],36.81,0.23,0.0,0.1,0.1
OTOGL,12,80355786,NM_001378610.3:c.5644G>A,NP_001365539.2:p.Gly1882Arg,0.353,27.9,['Unknown%20significance'],1.75,0.01,0.0,-1.4,1.4
OTOGL,12,80355786,NM_001378610.3:c.5644G>T,NP_001365539.2:p.Gly1882Trp,0.292,29.0,['Unknown%20significance'],1.75,0.01,0.0,-1.8,1.8
OTOGL,12,80355787,NM_001378610.3:c.5645G>A,NP_001365539.2:p.Gly1882Glu,0.351,23.3,['Unknown%20significance'],1.75,0.01,0.0,-0.4,0.4
OTOGL,12,80355787,NM_001378610.3:c.5645G>C,NP_001365539.2:p.Gly1882Ala,0.231,20.7,['Unknown%20significance'],1.75,0.01,0.0,-0.9,0.9
OTOGL,12,80355787,NM_001378610.3:c.5645G>T,NP_001365539.2:p.Gly1882Val,0.354,24.9,['Unknown%20significance'],1.75,0.01,0.0,-1.6,1.6
OTOGL,12,80355789,NM_001378610.3:c.5647G>A,NP_001365539.2:p.Gly1883Ser,0.062,16.65,['Likely%20benign'],14.44,0.15,0.0,-0.5,0.5
OTOGL,12,80355789,NM_001378610.3:c.5647G>C,NP_001365539.2:p.Gly1883Arg,0.101,24.7,['Likely%20benign'],14.44,0.15,0.0,-0.8,0.8
OTOGL,12,80355790,NM_001378610.3:c.5648G>A,NP_001365539.2:p.Gly1883Asp,0.120,24.9,['Unknown%20significance'],14.44,0.15,0.0,-0.4,0.4
OTOGL,12,80355792,NM_001378610.3:c.5650A>G,NP_001365539.2:p.Ile1884Val,0.054,3.162,['Likely%20benign'],160.84,0.81,0.0,0.0,0.0
OTOGL,12,80355793,NM_001378610.3:c.5651T>C,NP_001365539.2:p.Ile1884Thr,0.076,17.24,['Likely%20benign'],160.84,0.81,0.0,-0.0,0.0
OTOGL,12,80355796,NM_001378610.3:c.5654A>G,NP_001365539.2:p.Asp1885Gly,0.081,22.7,['Likely%20benign'],158.07,0.98,0.0,0.1,0.1
OTOGL,12,80355798,NM_001378610.3:c.5656G>C,NP_001365539.2:p.Glu1886Gln,0.047,24.9,['Unknown%20significance'],134.1,0.68,0.0,-0.2,0.2
OTOGL,12,80355800,NM_001378610.3:c.5658A>C,NP_001365539.2:p.Glu1886Asp,0.015,14.06,['Likely%20benign'],134.1,0.68,0.0,-0.1,0.1
OTOGL,12,80355803,NM_001378610.3:c.5661C>G,NP_001365539.2:p.Cys1887Trp,0.472,10.23,['Unknown%20significance'],12.54,0.08,0.0,2.1,2.1
OTOGL,12,80355804,NM_001378610.3:c.5662A>G,NP_001365539.2:p.Thr1888Ala,0.049,13.62,['Likely%20benign'],37.79,0.24,0.0,0.3,0.3
OTOGL,12,80355805,NM_001378610.3:c.5663C>G,NP_001365539.2:p.Thr1888Ser,0.077,18.72,['Unknown%20significance'],37.79,0.24,0.0,0.4,0.4
OTOGL,12,80355808,NM_001378610.3:c.5666T>G,NP_001365539.2:p.Leu1889Arg,0.210,24.2,['Unknown%20significance'],22.63,0.11,0.0,1.2,1.2
OTOGL,12,80355810,NM_001378610.3:c.5668T>C,NP_001365539.2:p.Tyr1890His,0.189,20.9,['Unknown%20significance'],65.26,0.27,0.0,0.9,0.9
OTOGL,12,80355814,NM_001378610.3:c.5672A>G,NP_001365539.2:p.Lys1891Arg,0.058,21.6,['Likely%20benign'],71.29,0.3,0.0,-0.7,0.7
OTOGL,12,80355815,NM_001378610.3:c.5673A>T,NP_001365539.2:p.Lys1891Asn,0.083,14.79,['Unknown%20significance'],71.29,0.3,0.0,-0.2,0.2
OTOGL,12,80355816,NM_001378610.3:c.5674T>A,NP_001365539.2:p.Cys1892Ser,0.559,25.2,['Unknown%20significance'],0.0,0.0,0.0,5.2,5.2
OTOGL,12,80355817,NM_001378610.3:c.5675G>A,NP_001365539.2:p.Cys1892Tyr,0.556,25.7,['Unknown%20significance'],0.0,0.0,0.0,3.4,3.4
OTOGL,12,80355818,NM_001378610.3:c.5676T>G,NP_001365539.2:p.Cys1892Trp,0.382,23.1,['Unknown%20significance'],0.0,0.0,0.0,3.2,3.2
OTOGL,12,80355822,NM_001378610.3:c.5680G>A,NP_001365539.2:p.Glu1894Lys,0.184,23.0,['Unknown%20significance'],179.01,0.91,0.0,0.0,0.0
OTOGL,12,80355822,NM_001378610.3:c.5680G>C,NP_001365539.2:p.Glu1894Gln,0.168,24.8,['Unknown%20significance'],179.01,0.91,0.0,-0.1,0.1
OTOGL,12,80355826,NM_001378610.3:c.5684A>G,NP_001365539.2:p.Asn1895Ser,0.196,19.64,['Unknown%20significance'],123.11,0.77,0.0,0.1,0.1
OTOGL,12,80355827,NM_001378610.3:c.5685T>A,NP_001365539.2:p.Asn1895Lys,0.098,23.6,['Likely%20benign'],123.11,0.77,0.0,0.2,0.2
OTOGL,12,80355831,NM_001378610.3:c.5689A>G,NP_001365539.2:p.Ser1897Gly,0.104,23.2,['Unknown%20significance'],61.61,0.44,0.0,0.6,0.6
OTOGL,12,80355832,NM_001378610.3:c.5690G>A,NP_001365539.2:p.Ser1897Asn,0.052,18.19,['Likely%20benign'],61.61,0.44,0.0,0.0,0.0
OTOGL,12,80355834,NM_001378610.3:c.5692A>G,NP_001365539.2:p.Ile1898Val,0.031,10.83,['Unknown%20significance'],45.92,0.23,0.0,0.2,0.2
OTOGL,12,80355835,NM_001378610.3:c.5693T>C,NP_001365539.2:p.Ile1898Thr,0.234,24.2,['Unknown%20significance'],45.92,0.23,0.0,1.4,1.4
OTOGL,12,80355837,NM_001378610.3:c.5695A>G,NP_001365539.2:p.Ile1899Val,0.085,12.83,['Likely%20benign'],75.91,0.38,0.0,0.1,0.1
OTOGL,12,80355838,NM_001378610.3:c.5696T>C,NP_001365539.2:p.Ile1899Thr,0.252,24.2,['Unknown%20significance'],75.91,0.38,0.0,0.9,0.9
OTOGL,12,80355840,NM_001378610.3:c.5698C>A,NP_001365539.2:p.Pro1900Thr,0.202,19.00,['Likely%20benign'],94.81,0.6,0.0,-0.3,0.3
OTOGL,12,80355840,NM_001378610.3:c.5698C>G,NP_001365539.2:p.Pro1900Ala,0.130,13.27,['Likely%20benign'],94.81,0.6,0.0,-0.2,0.2
OTOGL,12,80355840,NM_001378610.3:c.5698C>T,NP_001365539.2:p.Pro1900Ser,0.177,20.5,['Likely%20benign'],94.81,0.6,0.0,-0.1,0.1
OTOGL,12,80355841,NM_001378610.3:c.5699C>G,NP_001365539.2:p.Pro1900Arg,0.201,22.3,['Unknown%20significance'],94.81,0.6,0.0,-0.2,0.2
OTOGL,12,80355841,NM_001378610.3:c.5699C>T,NP_001365539.2:p.Pro1900Leu,0.214,22.7,['Unknown%20significance'],94.81,0.6,0.0,-0.5,0.5
OTOGL,12,80355843,NM_001378610.3:c.5701A>G,NP_001365539.2:p.Ile1901Val,0.013,2.700,['Unknown%20significance'],56.52,0.28,0.0,-0.0,0.0
OTOGL,12,80355844,NM_001378610.3:c.5702T>C,NP_001365539.2:p.Ile1901Thr,0.132,20.6,['Unknown%20significance'],56.52,0.28,0.0,0.6,0.6
OTOGL,12,80355847,NM_001378610.3:c.5705A>C,NP_001365539.2:p.Glu1902Ala,0.252,24.6,['Unknown%20significance'],178.92,0.91,0.0,-0.0,0.0
OTOGL,12,80355847,NM_001378610.3:c.5705A>G,NP_001365539.2:p.Glu1902Gly,0.263,26.6,['Unknown%20significance'],178.92,0.91,0.0,0.1,0.1
OTOGL,12,80355850,NM_001378610.3:c.5708C>T,NP_001365539.2:p.Pro1903Leu,0.211,20.2,['Unknown%20significance'],32.19,0.2,0.0,-0.7,0.7
OTOGL,12,80355852,NM_001378610.3:c.5710G>A,NP_001365539.2:p.Asp1904Asn,0.102,17.89,['Likely%20benign'],145.09,0.9,0.0,-0.1,0.1
OTOGL,12,80355854,NM_001378610.3:c.5712C>A,NP_001365539.2:p.Asp1904Glu,0.075,0.502,['Likely%20benign'],145.09,0.9,0.0,-0.0,0.0
OTOGL,12,80355854,NM_001378610.3:c.5712C>G,NP_001365539.2:p.Asp1904Glu,0.088,0.584,['Likely%20benign'],145.09,0.9,0.0,-0.0,0.0
OTOGL,12,80355855,NM_001378610.3:c.5713T>G,NP_001365539.2:p.Cys1905Gly,0.500,24.9,['Unknown%20significance'],61.27,0.39,0.0,3.3,3.3
OTOGL,12,80355856,NM_001378610.3:c.5714G>A,NP_001365539.2:p.Cys1905Tyr,0.538,24.8,['Unknown%20significance'],61.27,0.39,0.0,2.0,2.0
OTOGL,12,80355859,NM_001378610.3:c.5717A>G,NP_001365539.2:p.Asp1906Gly,0.062,14.57,['Likely%20benign'],90.7,0.56,0.0,0.2,0.2
OTOGL,12,80355866,NM_001378610.3:c.5724G>T,NP_001365539.2:p.Glu1908Asp,0.031,5.490,['Likely%20benign'],67.64,0.34,0.0,0.2,0.2
OTOGL,12,80355867,NM_001378610.3:c.5725C>A,NP_001365539.2:p.Pro1909Thr,0.191,14.11,['Unknown%20significance'],139.75,0.88,0.0,-0.0,0.0
OTOGL,12,80355867,NM_001378610.3:c.5725C>T,NP_001365539.2:p.Pro1909Ser,0.194,13.69,['Unknown%20significance'],139.75,0.88,0.0,0.1,0.1
OTOGL,12,80355870,NM_001378610.3:c.5728A>G,NP_001365539.2:p.Thr1910Ala,0.012,2.229,['Likely%20benign'],105.4,0.66,0.0,0.1,0.1
OTOGL,12,80355870,NM_001378610.3:c.5728A>T,NP_001365539.2:p.Thr1910Ser,0.024,0.272,['Unknown%20significance'],105.4,0.66,0.0,0.2,0.2
OTOGL,12,80355871,NM_001378610.3:c.5729C>G,NP_001365539.2:p.Thr1910Arg,0.050,1.724,['Likely%20benign'],105.4,0.66,0.0,0.0,0.0
OTOGL,12,80355871,NM_001378610.3:c.5729C>T,NP_001365539.2:p.Thr1910Met,0.047,8.280,['Unknown%20significance'],105.4,0.66,0.0,-0.1,0.1
OTOGL,12,80355876,NM_001378610.3:c.5734G>A,NP_001365539.2:p.Val1912Ile,0.006,0.001,['Likely%20benign'],133.78,0.77,0.0,0.0,0.0
OTOGL,12,80355879,NM_001378610.3:c.5737T>G,NP_001365539.2:p.Cys1913Gly,0.564,25.4,['Unknown%20significance'],44.92,0.29,0.0,3.3,3.3
OTOGL,12,80355886,NM_001378610.3:c.5744G>A,NP_001365539.2:p.Arg1915Gln,0.290,24.6,['Unknown%20significance'],151.02,0.56,0.0,0.2,0.2
OTOGL,12,80355888,NM_001378610.3:c.5746G>A,NP_001365539.2:p.Glu1916Lys,0.178,24.1,['Likely%20benign'],113.56,0.58,0.0,0.0,0.0
OTOGL,12,80355896,NM_001378610.3:c.5754A>C,NP_001365539.2:p.Glu1918Asp,0.193,23.8,['Unknown%20significance'],18.25,0.09,0.0,0.3,0.3
OTOGL,12,80355897,NM_001378610.3:c.5755G>A,NP_001365539.2:p.Val1919Ile,0.042,15.95,['Likely%20benign'],57.43,0.33,0.0,0.1,0.1
OTOGL,12,80355900,NM_001378610.3:c.5758G>T,NP_001365539.2:p.Val1920Phe,0.030,23.5,['Unknown%20significance'],61.08,0.35,0.0,0.2,0.2
OTOGL,12,80355901,NM_001378610.3:c.5759T>A,NP_001365539.2:p.Val1920Asp,0.219,25.2,['Unknown%20significance'],61.08,0.35,0.0,2.1,2.1
OTOGL,12,80355903,NM_001378610.3:c.5761A>C,NP_001365539.2:p.Met1921Leu,0.021,3.101,['Likely%20benign'],75.27,0.34,0.0,-0.3,0.3
OTOGL,12,80355903,NM_001378610.3:c.5761A>G,NP_001365539.2:p.Met1921Val,0.043,7.097,['Unknown%20significance'],75.27,0.34,0.0,-0.5,0.5
OTOGL,12,80355904,NM_001378610.3:c.5762T>C,NP_001365539.2:p.Met1921Thr,0.118,20.7,['Unknown%20significance'],75.27,0.34,0.0,0.8,0.8
OTOGL,12,80355905,NM_001378610.3:c.5763G>C,NP_001365539.2:p.Met1921Ile,0.009,11.61,['Likely%20benign'],75.27,0.34,0.0,-0.5,0.5
OTOGL,12,80355906,NM_001378610.3:c.5764G>A,NP_001365539.2:p.Gly1922Ser,0.037,11.34,['Likely%20benign'],69.88,0.73,0.0,-0.1,0.1
OTOGL,12,80355906,NM_001378610.3:c.5764G>C,NP_001365539.2:p.Gly1922Arg,0.093,12.36,['Likely%20benign'],69.88,0.73,0.0,-0.2,0.2
OTOGL,12,80355907,NM_001378610.3:c.5765G>A,NP_001365539.2:p.Gly1922Asp,0.108,12.90,['Likely%20benign'],69.88,0.73,0.0,-0.0,0.0
OTOGL,12,80355907,NM_001378610.3:c.5765G>C,NP_001365539.2:p.Gly1922Ala,0.065,9.387,['Likely%20benign'],69.88,0.73,0.0,-0.2,0.2
OTOGL,12,80355909,NM_001378610.3:c.5767A>G,NP_001365539.2:p.Ile1923Val,0.024,3.752,['Likely%20benign'],96.93,0.49,0.0,-0.0,0.0
OTOGL,12,80355909,NM_001378610.3:c.5767A>T,NP_001365539.2:p.Ile1923Phe,0.070,13.37,['Likely%20benign'],96.93,0.49,0.0,0.1,0.1
OTOGL,12,80355910,NM_001378610.3:c.5768T>A,NP_001365539.2:p.Ile1923Asn,0.098,22.3,['Unknown%20significance'],96.93,0.49,0.0,0.9,0.9
OTOGL,12,80355910,NM_001378610.3:c.5768T>C,NP_001365539.2:p.Ile1923Thr,0.096,20.4,['Likely%20benign'],96.93,0.49,0.0,0.5,0.5
OTOGL,12,80355912,NM_001378610.3:c.5770A>G,NP_001365539.2:p.Ile1924Val,0.034,0.201,['Likely%20benign'],79.72,0.4,0.0,0.1,0.1
OTOGL,12,80355912,NM_001378610.3:c.5770A>T,NP_001365539.2:p.Ile1924Phe,0.044,11.93,['Likely%20benign'],79.72,0.4,0.0,0.0,0.0
OTOGL,12,80355913,NM_001378610.3:c.5771T>C,NP_001365539.2:p.Ile1924Thr,0.054,1.691,['Likely%20benign'],79.72,0.4,0.0,0.3,0.3
OTOGL,12,80355915,NM_001378610.3:c.5773G>A,NP_001365539.2:p.Asp1925Asn,0.090,24.3,['Unknown%20significance'],60.06,0.37,0.0,-0.3,0.3
OTOGL,12,80355916,NM_001378610.3:c.5774A>G,NP_001365539.2:p.Asp1925Gly,0.250,24.3,['Unknown%20significance'],60.06,0.37,0.0,0.3,0.3
OTOGL,12,80355922,NM_001378610.3:c.5780G>C,NP_001365539.2:p.Trp1927Ser,0.085,17.36,['Likely%20benign'],253.38,0.96,0.0,0.1,0.1
OTOGL,12,80355922,NM_001378610.3:c.5780G>T,NP_001365539.2:p.Trp1927Leu,0.074,19.15,['Likely%20benign'],253.38,0.96,0.0,0.1,0.1
OTOGL,12,80355923,NM_001378610.3:c.5781G>C,NP_001365539.2:p.Trp1927Cys,0.065,24.0,['Unknown%20significance'],253.38,0.96,0.0,0.1,0.1
OTOGL,12,80355924,NM_001378610.3:c.5782A>T,NP_001365539.2:p.Thr1928Ser,0.018,17.16,['Likely%20benign'],82.13,0.52,0.0,0.1,0.1
OTOGL,12,80355925,NM_001378610.3:c.5783C>A,NP_001365539.2:p.Thr1928Asn,0.054,19.10,['Unknown%20significance'],82.13,0.52,0.0,0.1,0.1
OTOGL,12,80355925,NM_001378610.3:c.5783C>T,NP_001365539.2:p.Thr1928Ile,0.075,22.6,['Unknown%20significance'],82.13,0.52,0.0,-0.1,0.1
OTOGL,12,80355927,NM_001378610.3:c.5785T>C,NP_001365539.2:p.Cys1929Arg,0.720,28.7,['Unknown%20significance'],1.23,0.0,0.0,4.4,4.4
OTOGL,12,80355928,NM_001378610.3:c.5786G>A,NP_001365539.2:p.Cys1929Tyr,0.716,27.7,['Unknown%20significance'],1.23,0.0,0.0,3.2,3.2
OTOGL,12,80355929,NM_001378610.3:c.5787C>G,NP_001365539.2:p.Cys1929Trp,0.593,24.4,['Unknown%20significance'],1.23,0.0,0.0,3.0,3.0
OTOGL,12,80355930,NM_001378610.3:c.5788T>C,NP_001365539.2:p.Cys1930Arg,0.664,29.1,['Unknown%20significance'],12.93,0.08,0.0,4.2,4.2
OTOGL,12,80355931,NM_001378610.3:c.5789G>A,NP_001365539.2:p.Cys1930Tyr,0.669,28.3,['Unknown%20significance'],12.93,0.08,0.0,3.0,3.0
OTOGL,12,80355931,NM_001378610.3:c.5789G>C,NP_001365539.2:p.Cys1930Ser,0.523,27.5,['Unknown%20significance'],12.93,0.08,0.0,4.3,4.3
OTOGL,12,80355937,NM_001378610.3:c.5795A>C,NP_001365539.2:p.Lys1932Thr,0.121,23.1,['Likely%20benign'],94.22,0.39,0.0,-0.4,0.4
OTOGL,12,80355939,NM_001378610.3:c.5797G>A,NP_001365539.2:p.Glu1933Lys,0.139,13.08,['Likely%20benign'],59.8,0.3,0.0,0.1,0.1
OTOGL,12,80355942,NM_001378610.3:c.5800G>T,NP_001365539.2:p.Val1934Phe,0.109,20.6,['Unknown%20significance'],63.75,0.37,0.0,0.3,0.3
OTOGL,12,80355945,NM_001378610.3:c.5803T>G,NP_001365539.2:p.Cys1935Gly,0.631,27.2,['Unknown%20significance'],39.95,0.25,0.0,4.6,4.6
OTOGL,12,80355946,NM_001378610.3:c.5804G>A,NP_001365539.2:p.Cys1935Tyr,0.593,32,['Unknown%20significance'],39.95,0.25,0.0,2.6,2.6
OTOGL,12,80355948,NM_001378610.3:c.5806G>A,NP_001365539.2:p.Gly1936Arg,0.109,26.1,['Unknown%20significance'],15.27,0.16,0.0,-1.3,1.3
OTOGL,12,80356416,NM_001378610.3:c.5807G>A,NP_001365539.2:p.Gly1936Glu,0.147,23.0,['Unknown%20significance'],15.27,0.16,0.0,-0.6,0.6
OTOGL,12,80356416,NM_001378610.3:c.5807G>T,NP_001365539.2:p.Gly1936Val,0.126,29.9,['Unknown%20significance'],15.27,0.16,0.0,-2.4,2.4
OTOGL,12,80356418,NM_001378610.3:c.5809T>A,NP_001365539.2:p.Cys1937Ser,0.553,24.4,['Unknown%20significance'],61.72,0.39,0.0,2.1,2.1
OTOGL,12,80356419,NM_001378610.3:c.5810G>A,NP_001365539.2:p.Cys1937Tyr,0.523,28.3,['Unknown%20significance'],61.72,0.39,0.0,1.4,1.4
OTOGL,12,80356420,NM_001378610.3:c.5811T>G,NP_001365539.2:p.Cys1937Trp,0.360,27.1,['Unknown%20significance'],61.72,0.39,0.0,1.3,1.3
OTOGL,12,80356421,NM_001378610.3:c.5812G>T,NP_001365539.2:p.Asp1938Tyr,0.192,28.3,['Unknown%20significance'],41.72,0.26,0.0,-0.8,0.8
OTOGL,12,80356422,NM_001378610.3:c.5813A>G,NP_001365539.2:p.Asp1938Gly,0.187,25.0,['Unknown%20significance'],41.72,0.26,0.0,0.5,0.5
OTOGL,12,80356425,NM_001378610.3:c.5816C>G,NP_001365539.2:p.Thr1939Arg,0.076,14.87,['Unknown%20significance'],102.64,0.65,0.0,0.0,0.0
OTOGL,12,80356425,NM_001378610.3:c.5816C>T,NP_001365539.2:p.Thr1939Met,0.053,14.39,['Unknown%20significance'],102.64,0.65,0.0,-0.1,0.1
OTOGL,12,80356427,NM_001378610.3:c.5818A>T,NP_001365539.2:p.Thr1940Ser,0.052,17.20,['Unknown%20significance'],131.5,0.83,0.0,0.1,0.1
OTOGL,12,80356432,NM_001378610.3:c.5823G>C,NP_001365539.2:p.Leu1941Phe,0.104,23.3,['Unknown%20significance'],78.7,0.4,0.0,0.1,0.1
OTOGL,12,80356432,NM_001378610.3:c.5823G>T,NP_001365539.2:p.Leu1941Phe,0.152,23.4,['Unknown%20significance'],78.7,0.4,0.0,0.1,0.1
OTOGL,12,80356434,NM_001378610.3:c.5825G>A,NP_001365539.2:p.Cys1942Tyr,0.535,29.2,['Unknown%20significance'],22.54,0.14,0.0,2.1,2.1
OTOGL,12,80356434,NM_001378610.3:c.5825G>T,NP_001365539.2:p.Cys1942Phe,0.552,29.9,['Unknown%20significance'],22.54,0.14,0.0,2.2,2.2
OTOGL,12,80356436,NM_001378610.3:c.5827G>A,NP_001365539.2:p.Glu1943Lys,0.150,24.4,['Unknown%20significance'],186.66,0.95,0.0,0.0,0.0
OTOGL,12,80356440,NM_001378610.3:c.5831C>G,NP_001365539.2:p.Thr1944Ser,0.014,1.298,['Likely%20benign'],66.11,0.42,0.0,0.2,0.2
OTOGL,12,80356442,NM_001378610.3:c.5833A>G,NP_001365539.2:p.Ser1945Gly,0.019,5.162,['Likely%20benign'],105.67,0.76,0.0,0.2,0.2
OTOGL,12,80356442,NM_001378610.3:c.5833A>T,NP_001365539.2:p.Ser1945Cys,0.020,6.749,['Likely%20benign'],105.67,0.76,0.0,-0.0,0.0
OTOGL,12,80356443,NM_001378610.3:c.5834G>A,NP_001365539.2:p.Ser1945Asn,0.013,7.918,['Likely%20benign'],105.67,0.76,0.0,0.0,0.0
OTOGL,12,80356443,NM_001378610.3:c.5834G>C,NP_001365539.2:p.Ser1945Thr,0.012,6.209,['Likely%20benign'],105.67,0.76,0.0,-0.2,0.2
OTOGL,12,80356445,NM_001378610.3:c.5836A>G,NP_001365539.2:p.Ile1946Val,0.048,9.984,['Unknown%20significance'],127.69,0.65,0.0,0.0,0.0
OTOGL,12,80356445,NM_001378610.3:c.5836A>T,NP_001365539.2:p.Ile1946Phe,0.144,18.96,['Unknown%20significance'],127.69,0.65,0.0,0.1,0.1
OTOGL,12,80356446,NM_001378610.3:c.5837T>A,NP_001365539.2:p.Ile1946Asn,0.146,23.8,['Unknown%20significance'],127.69,0.65,0.0,0.6,0.6
OTOGL,12,80356451,NM_001378610.3:c.5842A>G,NP_001365539.2:p.Thr1948Ala,0.030,6.803,['Likely%20benign'],151.4,0.96,0.0,0.0,0.0
OTOGL,12,80356452,NM_001378610.3:c.5843C>A,NP_001365539.2:p.Thr1948Lys,0.060,9.315,['Unknown%20significance'],151.4,0.96,0.0,0.1,0.1
OTOGL,12,80356452,NM_001378610.3:c.5843C>T,NP_001365539.2:p.Thr1948Ile,0.011,10.42,['Unknown%20significance'],151.4,0.96,0.0,-0.1,0.1
OTOGL,12,80356454,NM_001378610.3:c.5845T>A,NP_001365539.2:p.Cys1949Ser,0.867,23.3,['Unknown%20significance'],43.01,0.27,0.0,3.0,3.0
OTOGL,12,80356454,NM_001378610.3:c.5845T>C,NP_001365539.2:p.Cys1949Arg,0.888,25.9,['Unknown%20significance'],43.01,0.27,0.0,2.8,2.8
OTOGL,12,80356455,NM_001378610.3:c.5846G>A,NP_001365539.2:p.Cys1949Tyr,0.833,26.2,['Unknown%20significance'],43.01,0.27,0.0,2.0,2.0
OTOGL,12,80356458,NM_001378610.3:c.5849C>G,NP_001365539.2:p.Thr1950Arg,0.031,11.99,['Unknown%20significance'],50.59,0.32,0.0,-0.2,0.2
OTOGL,12,80356464,NM_001378610.3:c.5855G>A,NP_001365539.2:p.Ser1952Asn,0.077,19.42,['Likely%20benign'],1.02,0.0,0.0,-0.1,0.1
OTOGL,12,80356466,NM_001378610.3:c.5857C>A,NP_001365539.2:p.Gln1953Lys,0.057,22.5,['Unknown%20significance'],34.1,0.17,0.0,0.6,0.6
OTOGL,12,80356468,NM_001378610.3:c.5859A>T,NP_001365539.2:p.Gln1953His,0.053,20.8,['Unknown%20significance'],34.1,0.17,0.0,-0.2,0.2
OTOGL,12,80356473,NM_001378610.3:c.5864T>C,NP_001365539.2:p.Leu1955Ser,0.286,26.0,['Unknown%20significance'],58.78,0.3,0.0,1.7,1.7
OTOGL,12,80356475,NM_001378610.3:c.5866A>G,NP_001365539.2:p.Ile1956Val,0.055,0.687,['Likely%20benign'],79.86,0.4,0.0,-0.0,0.0
OTOGL,12,80356476,NM_001378610.3:c.5867T>G,NP_001365539.2:p.Ile1956Ser,0.114,19.64,['Likely%20benign'],79.86,0.4,0.0,1.3,1.3
OTOGL,12,80356477,NM_001378610.3:c.5868T>G,NP_001365539.2:p.Ile1956Met,0.017,1.253,['Likely%20benign'],79.86,0.4,0.0,0.4,0.4
OTOGL,12,80356478,NM_001378610.3:c.5869G>A,NP_001365539.2:p.Val1957Ile,0.016,1.808,['Likely%20benign'],83.59,0.48,0.0,-0.1,0.1
OTOGL,12,80356478,NM_001378610.3:c.5869G>C,NP_001365539.2:p.Val1957Leu,0.048,6.979,['Likely%20benign'],83.59,0.48,0.0,-0.2,0.2
OTOGL,12,80356481,NM_001378610.3:c.5872G>A,NP_001365539.2:p.Gly1958Ser,0.210,25.2,['Unknown%20significance'],29.5,0.3,0.0,-0.5,0.5
OTOGL,12,80356482,NM_001378610.3:c.5873G>A,NP_001365539.2:p.Gly1958Asp,0.117,23.1,['Unknown%20significance'],29.5,0.3,0.0,-0.2,0.2
OTOGL,12,80356486,NM_001378610.3:c.5877C>G,NP_001365539.2:p.His1959Gln,0.122,8.518,['Likely%20benign'],137.84,0.67,0.0,0.2,0.2
OTOGL,12,80356487,NM_001378610.3:c.5878A>C,NP_001365539.2:p.Ser1960Arg,0.143,21.2,['Unknown%20significance'],27.17,0.19,0.0,-0.4,0.4
OTOGL,12,80356487,NM_001378610.3:c.5878A>G,NP_001365539.2:p.Ser1960Gly,0.149,23.3,['Unknown%20significance'],27.17,0.19,0.0,0.6,0.6
OTOGL,12,80356488,NM_001378610.3:c.5879G>C,NP_001365539.2:p.Ser1960Thr,0.061,22.4,['Unknown%20significance'],27.17,0.19,0.0,-0.3,0.3
OTOGL,12,80356489,NM_001378610.3:c.5880T>A,NP_001365539.2:p.Ser1960Arg,0.038,6.654,['Likely%20benign'],27.17,0.19,0.0,-0.4,0.4
OTOGL,12,80356491,NM_001378610.3:c.5882C>T,NP_001365539.2:p.Pro1961Leu,0.116,13.97,['Unknown%20significance'],151.4,0.96,0.0,0.0,0.0
OTOGL,12,80356493,NM_001378610.3:c.5884C>A,NP_001365539.2:p.Leu1962Ile,0.026,7.933,['Likely%20benign'],175.41,0.9,0.0,0.0,0.0
OTOGL,12,80356493,NM_001378610.3:c.5884C>G,NP_001365539.2:p.Leu1962Val,0.023,4.180,['Unknown%20significance'],175.41,0.9,0.0,0.0,0.0
OTOGL,12,80356493,NM_001378610.3:c.5884C>T,NP_001365539.2:p.Leu1962Phe,0.045,8.736,['Likely%20benign'],175.41,0.9,0.0,-0.0,0.0
OTOGL,12,80356494,NM_001378610.3:c.5885T>C,NP_001365539.2:p.Leu1962Pro,0.088,24.5,['Unknown%20significance'],175.41,0.9,0.0,0.1,0.1
OTOGL,12,80356502,NM_001378610.3:c.5893T>G,NP_001365539.2:p.Cys1965Gly,0.636,29.6,['Unknown%20significance'],17.02,0.11,0.0,5.4,5.4
OTOGL,12,80356503,NM_001378610.3:c.5894G>C,NP_001365539.2:p.Cys1965Ser,0.517,29.9,['Unknown%20significance'],17.02,0.11,0.0,4.3,4.3
OTOGL,12,80356505,NM_001378610.3:c.5896C>T,NP_001365539.2:p.Pro1966Ser,0.325,27.4,['Unknown%20significance'],15.14,0.09,0.0,1.1,1.1
OTOGL,12,80356506,NM_001378610.3:c.5897C>T,NP_001365539.2:p.Pro1966Leu,0.441,27.2,['Unknown%20significance'],15.14,0.09,0.0,0.2,0.2
OTOGL,12,80356516,NM_001378610.3:c.5907A>C,NP_001365539.2:p.Lys1969Asn,0.036,14.41,['Unknown%20significance'],141.93,0.59,0.0,-0.1,0.1
OTOGL,12,80356517,NM_001378610.3:c.5908T>C,NP_001365539.2:p.Cys1970Arg,0.510,29.4,['Unknown%20significance'],47.67,0.3,0.0,3.4,3.4
OTOGL,12,80356518,NM_001378610.3:c.5909G>A,NP_001365539.2:p.Cys1970Tyr,0.473,32,['Unknown%20significance'],47.67,0.3,0.0,2.5,2.5
OTOGL,12,80356520,NM_001378610.3:c.5911G>A,NP_001365539.2:p.Glu1971Lys,0.281,36,['Unknown%20significance'],74.99,0.38,0.0,0.1,0.1
OTOGL,12,80356808,NM_001378610.3:c.5913A>T,NP_001365539.2:p.Glu1971Asp,0.078,19.63,['Unknown%20significance'],74.99,0.38,0.0,0.2,0.2
OTOGL,12,80356810,NM_001378610.3:c.5915G>A,NP_001365539.2:p.Cys1972Tyr,0.588,25.7,['Unknown%20significance'],83.93,0.54,0.0,1.6,1.6
OTOGL,12,80356812,NM_001378610.3:c.5917G>A,NP_001365539.2:p.Asp1973Asn,0.184,24.3,['Unknown%20significance'],38.18,0.23,0.0,-0.2,0.2
OTOGL,12,80356812,NM_001378610.3:c.5917G>T,NP_001365539.2:p.Asp1973Tyr,0.379,27.2,['Unknown%20significance'],38.18,0.23,0.0,-0.9,0.9
OTOGL,12,80356813,NM_001378610.3:c.5918A>C,NP_001365539.2:p.Asp1973Ala,0.375,28.4,['Unknown%20significance'],38.18,0.23,0.0,-0.0,0.0
OTOGL,12,80356813,NM_001378610.3:c.5918A>G,NP_001365539.2:p.Asp1973Gly,0.351,28.2,['Unknown%20significance'],38.18,0.23,0.0,0.6,0.6
OTOGL,12,80356814,NM_001378610.3:c.5919C>A,NP_001365539.2:p.Asp1973Glu,0.145,23.7,['Unknown%20significance'],38.18,0.23,0.0,-0.1,0.1
OTOGL,12,80356815,NM_001378610.3:c.5920C>A,NP_001365539.2:p.Pro1974Thr,0.059,15.73,['Likely%20benign'],110.39,0.7,0.0,0.2,0.2
OTOGL,12,80356815,NM_001378610.3:c.5920C>T,NP_001365539.2:p.Pro1974Ser,0.065,19.91,['Unknown%20significance'],110.39,0.7,0.0,0.3,0.3
OTOGL,12,80356816,NM_001378610.3:c.5921C>A,NP_001365539.2:p.Pro1974Gln,0.102,15.81,['Unknown%20significance'],110.39,0.7,0.0,0.2,0.2
OTOGL,12,80356816,NM_001378610.3:c.5921C>T,NP_001365539.2:p.Pro1974Leu,0.098,16.55,['Unknown%20significance'],110.39,0.7,0.0,0.1,0.1
OTOGL,12,80356821,NM_001378610.3:c.5926A>G,NP_001365539.2:p.Lys1976Glu,0.047,17.73,['Unknown%20significance'],108.71,0.45,0.0,-0.1,0.1
OTOGL,12,80356823,NM_001378610.3:c.5928A>T,NP_001365539.2:p.Lys1976Asn,0.015,20.3,['Unknown%20significance'],108.71,0.45,0.0,-0.2,0.2
OTOGL,12,80356825,NM_001378610.3:c.5930G>A,NP_001365539.2:p.Cys1977Tyr,0.616,29.4,['Unknown%20significance'],42.6,0.27,0.0,2.3,2.3
OTOGL,12,80356825,NM_001378610.3:c.5930G>T,NP_001365539.2:p.Cys1977Phe,0.618,29.6,['Unknown%20significance'],42.6,0.27,0.0,2.5,2.5
OTOGL,12,80356827,NM_001378610.3:c.5932C>A,NP_001365539.2:p.Pro1978Thr,0.094,22.4,['Likely%20benign'],95.27,0.6,0.0,0.1,0.1
OTOGL,12,80356827,NM_001378610.3:c.5932C>T,NP_001365539.2:p.Pro1978Ser,0.075,20.4,['Likely%20benign'],95.27,0.6,0.0,0.2,0.2
OTOGL,12,80356828,NM_001378610.3:c.5933C>G,NP_001365539.2:p.Pro1978Arg,0.082,24.8,['Unknown%20significance'],95.27,0.6,0.0,0.1,0.1
OTOGL,12,80356828,NM_001378610.3:c.5933C>T,NP_001365539.2:p.Pro1978Leu,0.078,23.4,['Unknown%20significance'],95.27,0.6,0.0,-0.1,0.1
OTOGL,12,80356830,NM_001378610.3:c.5935A>C,NP_001365539.2:p.Ser1979Arg,0.077,6.438,['Likely%20benign'],137.42,0.99,0.0,-0.0,0.0
OTOGL,12,80356831,NM_001378610.3:c.5936G>A,NP_001365539.2:p.Ser1979Asn,0.043,0.360,['Likely%20benign'],137.42,0.99,0.0,0.0,0.0
OTOGL,12,80356834,NM_001378610.3:c.5939T>C,NP_001365539.2:p.Ile1980Thr,0.096,21.0,['Unknown%20significance'],83.3,0.42,0.0,0.5,0.5
OTOGL,12,80356834,NM_001378610.3:c.5939T>G,NP_001365539.2:p.Ile1980Ser,0.088,22.0,['Unknown%20significance'],83.3,0.42,0.0,0.8,0.8
OTOGL,12,80356836,NM_001378610.3:c.5941T>C,NP_001365539.2:p.Ser1981Pro,0.060,20.4,['Likely%20benign'],110.82,0.8,0.0,-0.1,0.1
OTOGL,12,80356837,NM_001378610.3:c.5942C>T,NP_001365539.2:p.Ser1981Leu,0.036,22.5,['Unknown%20significance'],110.82,0.8,0.0,-0.2,0.2
OTOGL,12,80356839,NM_001378610.3:c.5944A>G,NP_001365539.2:p.Thr1982Ala,0.036,15.08,['Likely%20benign'],105.17,0.66,0.0,0.1,0.1
OTOGL,12,80356840,NM_001378610.3:c.5945C>T,NP_001365539.2:p.Thr1982Ile,0.027,12.29,['Likely%20benign'],105.17,0.66,0.0,-0.2,0.2
OTOGL,12,80356842,NM_001378610.3:c.5947C>A,NP_001365539.2:p.Pro1983Thr,0.175,22.6,['Unknown%20significance'],58.46,0.37,0.0,0.3,0.3
OTOGL,12,80356842,NM_001378610.3:c.5947C>T,NP_001365539.2:p.Pro1983Ser,0.175,22.7,['Unknown%20significance'],58.46,0.37,0.0,0.6,0.6
OTOGL,12,80356843,NM_001378610.3:c.5948C>T,NP_001365539.2:p.Pro1983Leu,0.197,22.4,['Unknown%20significance'],58.46,0.37,0.0,-0.1,0.1
OTOGL,12,80356846,NM_001378610.3:c.5951A>G,NP_001365539.2:p.Glu1984Gly,0.085,19.90,['Likely%20benign'],186.37,0.95,0.0,0.1,0.1
OTOGL,12,80356848,NM_001378610.3:c.5953T>C,NP_001365539.2:p.Cys1985Arg,0.554,28.2,['Unknown%20significance'],53.5,0.34,0.0,2.2,2.2
OTOGL,12,80356849,NM_001378610.3:c.5954G>A,NP_001365539.2:p.Cys1985Tyr,0.604,27.8,['Unknown%20significance'],53.5,0.34,0.0,1.6,1.6
OTOGL,12,80356851,NM_001378610.3:c.5956A>G,NP_001365539.2:p.Arg1986Gly,0.158,25.8,['Unknown%20significance'],111.37,0.41,0.0,1.2,1.2
OTOGL,12,80356852,NM_001378610.3:c.5957G>A,NP_001365539.2:p.Arg1986Lys,0.195,23.9,['Benign'],111.37,0.41,0.0,0.5,0.5
OTOGL,12,80356852,NM_001378610.3:c.5957G>C,NP_001365539.2:p.Arg1986Thr,0.133,22.8,['Unknown%20significance'],111.37,0.41,0.0,0.4,0.4
OTOGL,12,80356852,NM_001378610.3:c.5957G>T,NP_001365539.2:p.Arg1986Ile,0.165,23.3,['Unknown%20significance'],111.37,0.41,0.0,0.2,0.2
OTOGL,12,80356857,NM_001378610.3:c.5962G>C,NP_001365539.2:p.Asp1988His,0.508,28.2,['Unknown%20significance'],15.47,0.09,0.0,-0.6,0.6
OTOGL,12,80356857,NM_001378610.3:c.5962G>T,NP_001365539.2:p.Asp1988Tyr,0.594,31,['Unknown%20significance'],15.47,0.09,0.0,-1.1,1.1
OTOGL,12,80356858,NM_001378610.3:c.5963A>G,NP_001365539.2:p.Asp1988Gly,0.314,23.9,['Unknown%20significance'],15.47,0.09,0.0,0.1,0.1
OTOGL,12,80356860,NM_001378610.3:c.5965C>A,NP_001365539.2:p.Gln1989Lys,0.220,25.2,['Unknown%20significance'],39.06,0.19,0.0,0.3,0.3
OTOGL,12,80356863,NM_001378610.3:c.5968T>C,NP_001365539.2:p.Phe1990Leu,0.130,24.7,['Unknown%20significance'],120.82,0.52,0.0,0.4,0.4
OTOGL,12,80356864,NM_001378610.3:c.5969T>G,NP_001365539.2:p.Phe1990Cys,0.284,28.9,['Unknown%20significance'],120.82,0.52,0.0,0.5,0.5
OTOGL,12,80356865,NM_001378610.3:c.5970C>A,NP_001365539.2:p.Phe1990Leu,0.179,21.4,['Unknown%20significance'],120.82,0.52,0.0,0.4,0.4
OTOGL,12,80356866,NM_001378610.3:c.5971A>G,NP_001365539.2:p.Met1991Val,0.056,11.29,['Likely%20benign'],73.57,0.33,0.0,-0.2,0.2
OTOGL,12,80356867,NM_001378610.3:c.5972T>C,NP_001365539.2:p.Met1991Thr,0.032,22.7,['Unknown%20significance'],73.57,0.33,0.0,0.8,0.8
OTOGL,12,80356868,NM_001378610.3:c.5973G>A,NP_001365539.2:p.Met1991Ile,0.016,18.69,['Unknown%20significance'],73.57,0.33,0.0,-0.3,0.3
OTOGL,12,80356869,NM_001378610.3:c.5974A>G,NP_001365539.2:p.Ile1992Val,0.104,12.88,['Likely%20benign'],77.43,0.39,0.0,0.0,0.0
OTOGL,12,80356872,NM_001378610.3:c.5977C>A,NP_001365539.2:p.Gln1993Lys,0.056,18.62,['Unknown%20significance'],176.1,0.89,0.0,0.1,0.1
OTOGL,12,80356872,NM_001378610.3:c.5977C>G,NP_001365539.2:p.Gln1993Glu,0.066,12.16,['Likely%20benign'],176.1,0.89,0.0,0.1,0.1
OTOGL,12,80356873,NM_001378610.3:c.5978A>G,NP_001365539.2:p.Gln1993Arg,0.092,22.8,['Unknown%20significance'],176.1,0.89,0.0,-0.0,0.0
OTOGL,12,80356874,NM_001378610.3:c.5979A>C,NP_001365539.2:p.Gln1993His,0.047,18.36,['Unknown%20significance'],176.1,0.89,0.0,-0.0,0.0
OTOGL,12,80356875,NM_001378610.3:c.5980G>A,NP_001365539.2:p.Val1994Ile,0.080,22.7,['Likely%20benign'],61.89,0.36,0.0,0.0,0.0
OTOGL,12,80356878,NM_001378610.3:c.5983C>G,NP_001365539.2:p.Arg1995Gly,0.130,24.0,['Unknown%20significance'],165.09,0.61,0.0,0.7,0.7
OTOGL,12,80356879,NM_001378610.3:c.5984G>A,NP_001365539.2:p.Arg1995Gln,0.066,22.2,['Benign'],165.09,0.61,0.0,0.3,0.3
OTOGL,12,80356879,NM_001378610.3:c.5984G>C,NP_001365539.2:p.Arg1995Pro,0.150,23.7,['Likely%20benign'],165.09,0.61,0.0,0.5,0.5
OTOGL,12,80356881,NM_001378610.3:c.5986C>A,NP_001365539.2:p.Gln1996Lys,0.028,13.83,['Likely%20benign'],63.55,0.32,0.0,0.4,0.4
OTOGL,12,80356881,NM_001378610.3:c.5986C>G,NP_001365539.2:p.Gln1996Glu,0.050,11.49,['Likely%20benign'],63.55,0.32,0.0,0.3,0.3
OTOGL,12,80356884,NM_001378610.3:c.5989G>A,NP_001365539.2:p.Glu1997Lys,0.180,23.2,['Unknown%20significance'],207.31,1.0,0.0,0.0,0.0
OTOGL,12,80356884,NM_001378610.3:c.5989G>C,NP_001365539.2:p.Glu1997Gln,0.143,22.5,['Likely%20benign'],207.31,1.0,0.0,-0.0,0.0
OTOGL,12,80356885,NM_001378610.3:c.5990A>T,NP_001365539.2:p.Glu1997Val,0.208,26.3,['Likely%20benign'],207.31,1.0,0.0,0.0,0.0
OTOGL,12,80356886,NM_001378610.3:c.5991A>C,NP_001365539.2:p.Glu1997Asp,0.100,16.93,['Likely%20benign'],207.31,1.0,0.0,-0.0,0.0
OTOGL,12,80356887,NM_001378610.3:c.5992G>A,NP_001365539.2:p.Glu1998Lys,0.053,22.7,['Likely%20benign'],58.6,0.3,0.0,-0.2,0.2
OTOGL,12,80356889,NM_001378610.3:c.5994A>T,NP_001365539.2:p.Glu1998Asp,0.028,13.37,['Likely%20benign'],58.6,0.3,0.0,-0.1,0.1
OTOGL,12,80356890,NM_001378610.3:c.5995C>A,NP_001365539.2:p.Pro1999Thr,0.047,15.45,['Unknown%20significance'],58.1,0.36,0.0,-0.3,0.3
OTOGL,12,80356891,NM_001378610.3:c.5996C>A,NP_001365539.2:p.Pro1999His,0.174,24.7,['Unknown%20significance'],58.1,0.36,0.0,-0.3,0.3
OTOGL,12,80356891,NM_001378610.3:c.5996C>G,NP_001365539.2:p.Pro1999Arg,0.152,21.5,['Unknown%20significance'],58.1,0.36,0.0,-0.3,0.3
OTOGL,12,80356891,NM_001378610.3:c.5996C>T,NP_001365539.2:p.Pro1999Leu,0.132,23.3,['Unknown%20significance'],58.1,0.36,0.0,-0.3,0.3
OTOGL,12,80356893,NM_001378610.3:c.5998T>A,NP_001365539.2:p.Cys2000Ser,0.579,27.6,['Unknown%20significance'],26.61,0.17,0.0,3.5,3.5
OTOGL,12,80356894,NM_001378610.3:c.5999G>A,NP_001365539.2:p.Cys2000Tyr,0.646,28.0,['Likely%20benign'],26.61,0.17,0.0,2.8,2.8
OTOGL,12,80356894,NM_001378610.3:c.5999G>T,NP_001365539.2:p.Cys2000Phe,0.659,28.6,['Unknown%20significance'],26.61,0.17,0.0,2.8,2.8
OTOGL,12,80356897,NM_001378610.3:c.6002G>A,NP_001365539.2:p.Cys2001Tyr,0.726,29.4,['Unknown%20significance'],10.93,0.07,0.0,3.0,3.0
OTOGL,12,80356897,NM_001378610.3:c.6002G>T,NP_001365539.2:p.Cys2001Phe,0.600,29.6,['Unknown%20significance'],10.93,0.07,0.0,3.1,3.1
OTOGL,12,80356899,NM_001378610.3:c.6004T>G,NP_001365539.2:p.Phe2002Val,0.105,23.3,['Unknown%20significance'],121.95,0.53,0.0,0.3,0.3
OTOGL,12,80356900,NM_001378610.3:c.6005T>C,NP_001365539.2:p.Phe2002Ser,0.153,25.3,['Unknown%20significance'],121.95,0.53,0.0,1.0,1.0
OTOGL,12,80356902,NM_001378610.3:c.6007T>C,NP_001365539.2:p.Ser2003Pro,0.101,22.4,['Unknown%20significance'],21.58,0.15,0.0,0.3,0.3
OTOGL,12,80356903,NM_001378610.3:c.6008C>A,NP_001365539.2:p.Ser2003Tyr,0.060,17.79,['Likely%20benign'],21.58,0.15,0.0,-1.0,1.0
OTOGL,12,80356905,NM_001378610.3:c.6010C>A,NP_001365539.2:p.Pro2004Thr,0.048,22.6,['Likely%20benign'],24.06,0.15,0.0,-0.6,0.6
OTOGL,12,80356905,NM_001378610.3:c.6010C>T,NP_001365539.2:p.Pro2004Ser,0.023,19.60,['Likely%20benign'],24.06,0.15,0.0,-0.1,0.1
OTOGL,12,80356906,NM_001378610.3:c.6011C>A,NP_001365539.2:p.Pro2004His,0.039,19.43,['Likely%20benign'],24.06,0.15,0.0,-1.1,1.1
OTOGL,12,80356906,NM_001378610.3:c.6011C>T,NP_001365539.2:p.Pro2004Leu,0.080,23.1,['Unknown%20significance'],24.06,0.15,0.0,-1.6,1.6
OTOGL,12,80356908,NM_001378610.3:c.6013T>C,NP_001365539.2:p.Phe2005Leu,0.034,0.038,['Likely%20benign'],128.85,0.56,0.0,-0.1,0.1
OTOGL,12,80356911,NM_001378610.3:c.6016T>G,NP_001365539.2:p.Cys2006Gly,0.653,25.6,['Unknown%20significance'],22.69,0.14,0.0,5.2,5.2
OTOGL,12,80356912,NM_001378610.3:c.6017G>T,NP_001365539.2:p.Cys2006Phe,0.553,31,['Unknown%20significance'],22.69,0.14,0.0,2.9,2.9
OTOGL,12,80356913,NM_001378610.3:c.6018T>G,NP_001365539.2:p.Cys2006Trp,0.513,24.6,['Unknown%20significance'],22.69,0.14,0.0,2.7,2.7
OTOGL,12,80356914,NM_001378610.3:c.6019G>A,NP_001365539.2:p.Val2007Ile,0.086,18.90,['Unknown%20significance'],40.1,0.23,0.0,0.2,0.2
OTOGL,12,80358251,NM_001378610.3:c.6023G>A,NP_001365539.2:p.Cys2008Tyr,0.461,24.5,['Unknown%20significance'],88.68,0.57,0.0,1.5,1.5
OTOGL,12,80358251,NM_001378610.3:c.6023G>C,NP_001365539.2:p.Cys2008Ser,0.415,26.5,['Unknown%20significance'],88.68,0.57,0.0,2.0,2.0
OTOGL,12,80358253,NM_001378610.3:c.6025G>A,NP_001365539.2:p.Glu2009Lys,0.013,22.1,['Likely%20benign'],67.98,0.34,0.0,0.1,0.1
OTOGL,12,80358256,NM_001378610.3:c.6028T>A,NP_001365539.2:p.Ser2010Thr,0.055,1.049,['Likely%20benign'],103.98,0.75,0.0,-0.1,0.1
OTOGL,12,80358257,NM_001378610.3:c.6029C>A,NP_001365539.2:p.Ser2010Tyr,0.097,23.3,['Unknown%20significance'],103.98,0.75,0.0,-0.3,0.3
OTOGL,12,80358259,NM_001378610.3:c.6031T>C,NP_001365539.2:p.Cys2011Arg,0.402,28.3,['Unknown%20significance'],74.79,0.48,0.0,1.8,1.8
OTOGL,12,80358260,NM_001378610.3:c.6032G>A,NP_001365539.2:p.Cys2011Tyr,0.457,28.0,['Unknown%20significance'],74.79,0.48,0.0,1.3,1.3
OTOGL,12,80358262,NM_001378610.3:c.6034A>C,NP_001365539.2:p.Thr2012Pro,0.078,21.0,['Likely%20benign'],101.15,0.64,0.0,0.3,0.3
OTOGL,12,80358262,NM_001378610.3:c.6034A>T,NP_001365539.2:p.Thr2012Ser,0.032,15.56,['Likely%20benign'],101.15,0.64,0.0,0.2,0.2
OTOGL,12,80358263,NM_001378610.3:c.6035C>T,NP_001365539.2:p.Thr2012Ile,0.007,14.76,['Likely%20benign'],101.15,0.64,0.0,-0.3,0.3
OTOGL,12,80358265,NM_001378610.3:c.6037A>C,NP_001365539.2:p.Lys2013Gln,0.007,18.52,['Likely%20benign'],115.6,0.48,0.0,-0.3,0.3
OTOGL,12,80358265,NM_001378610.3:c.6037A>G,NP_001365539.2:p.Lys2013Glu,0.042,10.92,['Likely%20benign'],115.6,0.48,0.0,-0.1,0.1
OTOGL,12,80358268,NM_001378610.3:c.6040C>A,NP_001365539.2:p.Pro2014Thr,0.125,21.0,['Unknown%20significance'],133.89,0.85,0.0,-0.0,0.0
OTOGL,12,80358268,NM_001378610.3:c.6040C>T,NP_001365539.2:p.Pro2014Ser,0.112,17.35,['Unknown%20significance'],133.89,0.85,0.0,0.1,0.1
OTOGL,12,80358269,NM_001378610.3:c.6041C>A,NP_001365539.2:p.Pro2014His,0.232,22.5,['Unknown%20significance'],133.89,0.85,0.0,0.0,0.0
OTOGL,12,80358272,NM_001378610.3:c.6044T>C,NP_001365539.2:p.Val2015Ala,0.047,16.33,['Likely%20benign'],82.21,0.47,0.0,0.6,0.6
OTOGL,12,80358274,NM_001378610.3:c.6046C>A,NP_001365539.2:p.Pro2016Thr,0.236,21.9,['Unknown%20significance'],58.34,0.37,0.0,0.3,0.3
OTOGL,12,80358277,NM_001378610.3:c.6049C>G,NP_001365539.2:p.Leu2017Val,0.014,1.098,['Likely%20benign'],176.44,0.91,0.0,-0.0,0.0
OTOGL,12,80358278,NM_001378610.3:c.6050T>C,NP_001365539.2:p.Leu2017Pro,0.095,10.50,['Likely%20benign'],176.44,0.91,0.0,0.2,0.2
OTOGL,12,80358283,NM_001378610.3:c.6055C>A,NP_001365539.2:p.His2019Asn,0.015,0.518,['Benign'],147.27,0.71,0.0,0.2,0.2
OTOGL,12,80358284,NM_001378610.3:c.6056A>C,NP_001365539.2:p.His2019Pro,0.039,14.94,['Likely%20benign'],147.27,0.71,0.0,0.2,0.2
OTOGL,12,80358285,NM_001378610.3:c.6057T>A,NP_001365539.2:p.His2019Gln,0.016,1.974,['Likely%20benign'],147.27,0.71,0.0,0.0,0.0
OTOGL,12,80358285,NM_001378610.3:c.6057T>G,NP_001365539.2:p.His2019Gln,0.016,3.363,['Likely%20benign'],147.27,0.71,0.0,0.0,0.0
OTOGL,12,80358286,NM_001378610.3:c.6058G>A,NP_001365539.2:p.Asp2020Asn,0.078,23.2,['Unknown%20significance'],92.89,0.58,0.0,-0.1,0.1
OTOGL,12,80358286,NM_001378610.3:c.6058G>C,NP_001365539.2:p.Asp2020His,0.063,22.9,['Likely%20benign'],92.89,0.58,0.0,-0.3,0.3
OTOGL,12,80358287,NM_001378610.3:c.6059A>G,NP_001365539.2:p.Asp2020Gly,0.075,23.3,['Likely%20benign'],92.89,0.58,0.0,0.3,0.3
OTOGL,12,80358287,NM_001378610.3:c.6059A>T,NP_001365539.2:p.Asp2020Val,0.174,23.2,['Unknown%20significance'],92.89,0.58,0.0,-0.3,0.3
OTOGL,12,80358288,NM_001378610.3:c.6060T>A,NP_001365539.2:p.Asp2020Glu,0.066,0.490,['Likely%20benign'],92.89,0.58,0.0,0.0,0.0
OTOGL,12,80358289,NM_001378610.3:c.6061G>A,NP_001365539.2:p.Gly2021Arg,0.465,26.5,['Unknown%20significance'],0.0,0.0,0.0,0.3,0.3
OTOGL,12,80358289,NM_001378610.3:c.6061G>C,NP_001365539.2:p.Gly2021Arg,0.467,24.7,['Unknown%20significance'],0.0,0.0,0.0,0.3,0.3
OTOGL,12,80358297,NM_001378610.3:c.6069T>G,NP_001365539.2:p.Phe2023Leu,0.063,17.07,['Likely%20benign'],87.29,0.37,0.0,0.3,0.3
OTOGL,12,80358299,NM_001378610.3:c.6071T>C,NP_001365539.2:p.Leu2024Pro,0.440,26.0,['Unknown%20significance'],75.83,0.39,0.0,1.4,1.4
OTOGL,12,80358299,NM_001378610.3:c.6071T>G,NP_001365539.2:p.Leu2024Arg,0.325,25.7,['Unknown%20significance'],75.83,0.39,0.0,0.9,0.9
OTOGL,12,80358301,NM_001378610.3:c.6073A>C,NP_001365539.2:p.Thr2025Pro,0.210,23.8,['Unknown%20significance'],40.41,0.25,0.0,0.7,0.7
OTOGL,12,80358302,NM_001378610.3:c.6074C>A,NP_001365539.2:p.Thr2025Lys,0.579,23.0,['Unknown%20significance'],40.41,0.25,0.0,0.8,0.8
OTOGL,12,80358302,NM_001378610.3:c.6074C>T,NP_001365539.2:p.Thr2025Ile,0.224,23.2,['Unknown%20significance'],40.41,0.25,0.0,-1.0,1.0
OTOGL,12,80358304,NM_001378610.3:c.6076G>A,NP_001365539.2:p.Val2026Ile,0.107,22.6,['Unknown%20significance'],33.55,0.19,0.0,0.0,0.0
OTOGL,12,80358304,NM_001378610.3:c.6076G>C,NP_001365539.2:p.Val2026Leu,0.116,22.6,['Unknown%20significance'],33.55,0.19,0.0,0.3,0.3
OTOGL,12,80358305,NM_001378610.3:c.6077T>C,NP_001365539.2:p.Val2026Ala,0.218,24.9,['Unknown%20significance'],33.55,0.19,0.0,1.2,1.2
OTOGL,12,80358307,NM_001378610.3:c.6079G>A,NP_001365539.2:p.Asp2027Asn,0.079,17.79,['Likely%20benign'],38.98,0.24,0.0,-0.2,0.2
OTOGL,12,80358308,NM_001378610.3:c.6080A>G,NP_001365539.2:p.Asp2027Gly,0.177,23.9,['Unknown%20significance'],38.98,0.24,0.0,0.5,0.5
OTOGL,12,80358308,NM_001378610.3:c.6080A>T,NP_001365539.2:p.Asp2027Val,0.339,23.7,['Unknown%20significance'],38.98,0.24,0.0,-0.9,0.9
OTOGL,12,80358309,NM_001378610.3:c.6081T>A,NP_001365539.2:p.Asp2027Glu,0.087,21.2,['Unknown%20significance'],38.98,0.24,0.0,-0.1,0.1
OTOGL,12,80358310,NM_001378610.3:c.6082C>A,NP_001365539.2:p.Leu2028Ile,0.021,18.43,['Likely%20benign'],170.47,0.88,0.0,-0.0,0.0
OTOGL,12,80358313,NM_001378610.3:c.6085A>G,NP_001365539.2:p.Asn2029Asp,0.120,22.4,['Unknown%20significance'],126.58,0.79,0.0,0.2,0.2
OTOGL,12,80358314,NM_001378610.3:c.6086A>G,NP_001365539.2:p.Asn2029Ser,0.156,22.6,['Unknown%20significance'],126.58,0.79,0.0,0.1,0.1
OTOGL,12,80358316,NM_001378610.3:c.6088A>G,NP_001365539.2:p.Ser2030Gly,0.046,22.4,['Unknown%20significance'],3.28,0.02,0.0,0.9,0.9
OTOGL,12,80358317,NM_001378610.3:c.6089G>A,NP_001365539.2:p.Ser2030Asn,0.042,17.52,['Likely%20benign'],3.28,0.02,0.0,0.1,0.1
OTOGL,12,80358318,NM_001378610.3:c.6090C>A,NP_001365539.2:p.Ser2030Arg,0.036,14.49,['Likely%20benign'],3.28,0.02,0.0,-0.6,0.6
OTOGL,12,80358319,NM_001378610.3:c.6091A>G,NP_001365539.2:p.Thr2031Ala,0.194,22.5,['Unknown%20significance'],61.08,0.38,0.0,0.5,0.5
OTOGL,12,80358320,NM_001378610.3:c.6092C>A,NP_001365539.2:p.Thr2031Lys,0.231,22.7,['Unknown%20significance'],61.08,0.38,0.0,0.5,0.5
OTOGL,12,80358322,NM_001378610.3:c.6094C>T,NP_001365539.2:p.His2032Tyr,0.045,16.73,['Unknown%20significance'],124.66,0.6,0.0,-0.1,0.1
OTOGL,12,80358323,NM_001378610.3:c.6095A>G,NP_001365539.2:p.His2032Arg,0.052,18.84,['Unknown%20significance'],124.66,0.6,0.0,0.1,0.1
OTOGL,12,80358323,NM_001378610.3:c.6095A>T,NP_001365539.2:p.His2032Leu,0.120,20.3,['Unknown%20significance'],124.66,0.6,0.0,0.2,0.2
OTOGL,12,80358327,NM_001378610.3:c.6099C>G,NP_001365539.2:p.Phe2033Leu,0.065,14.40,['Likely%20benign'],119.55,0.52,0.0,0.2,0.2
OTOGL,12,80358329,NM_001378610.3:c.6101G>T,NP_001365539.2:p.Cys2034Phe,0.487,28.0,['Unknown%20significance'],22.45,0.14,0.0,3.5,3.5
OTOGL,12,80358332,NM_001378610.3:c.6104G>T,NP_001365539.2:p.Cys2035Phe,0.515,29.2,['Unknown%20significance'],23.32,0.15,0.0,2.8,2.8
OTOGL,12,80358335,NM_001378610.3:c.6107C>A,NP_001365539.2:p.Pro2036His,0.342,26.0,['Unknown%20significance'],12.54,0.07,0.0,0.6,0.6
OTOGL,12,80358337,NM_001378610.3:c.6109C>A,NP_001365539.2:p.Gln2037Lys,0.036,20.5,['Likely%20benign'],97.4,0.49,0.0,0.4,0.4
OTOGL,12,80358338,NM_001378610.3:c.6110A>G,NP_001365539.2:p.Gln2037Arg,0.074,15.79,['Unknown%20significance'],97.4,0.49,0.0,-0.1,0.1
OTOGL,12,80358338,NM_001378610.3:c.6110A>T,NP_001365539.2:p.Gln2037Leu,0.075,16.01,['Likely%20benign'],97.4,0.49,0.0,-0.2,0.2
OTOGL,12,80358339,NM_001378610.3:c.6111G>T,NP_001365539.2:p.Gln2037His,0.047,16.23,['Likely%20benign'],97.4,0.49,0.0,-0.1,0.1
OTOGL,12,80358341,NM_001378610.3:c.6113A>G,NP_001365539.2:p.Tyr2038Cys,0.363,28.3,['Unknown%20significance'],60.49,0.25,0.0,1.2,1.2
OTOGL,12,80358346,NM_001378610.3:c.6118T>A,NP_001365539.2:p.Cys2040Ser,0.595,24.2,['Unknown%20significance'],40.84,0.26,0.0,3.2,3.2
OTOGL,12,80358346,NM_001378610.3:c.6118T>C,NP_001365539.2:p.Cys2040Arg,0.698,24.4,['Unknown%20significance'],40.84,0.26,0.0,3.2,3.2
OTOGL,12,80358347,NM_001378610.3:c.6119G>A,NP_001365539.2:p.Cys2040Tyr,0.620,32,['Unknown%20significance'],40.84,0.26,0.0,2.1,2.1
OTOGL,12,80358349,NM_001378610.3:c.6121G>A,NP_001365539.2:p.Val2041Ile,0.124,32,['Unknown%20significance'],62.28,0.36,0.0,0.2,0.2
OTOGL,12,80358671,NM_001378610.3:c.6122T>C,NP_001365539.2:p.Val2041Ala,0.137,23.9,['Unknown%20significance'],62.28,0.36,0.0,1.1,1.1
OTOGL,12,80358674,NM_001378610.3:c.6125G>A,NP_001365539.2:p.Cys2042Tyr,0.537,25.4,['Unknown%20significance'],86.53,0.55,0.0,1.7,1.7
OTOGL,12,80358675,NM_001378610.3:c.6126T>G,NP_001365539.2:p.Cys2042Trp,0.556,23.5,['Unknown%20significance'],86.53,0.55,0.0,1.6,1.6
OTOGL,12,80358677,NM_001378610.3:c.6128A>G,NP_001365539.2:p.Glu2043Gly,0.169,23.5,['Unknown%20significance'],55.93,0.28,0.0,0.6,0.6
OTOGL,12,80358679,NM_001378610.3:c.6130C>A,NP_001365539.2:p.Pro2044Thr,0.031,15.37,['Unknown%20significance'],84.67,0.53,0.0,-0.1,0.1
OTOGL,12,80358684,NM_001378610.3:c.6135C>A,NP_001365539.2:p.Asn2045Lys,0.036,10.93,['Unknown%20significance'],137.26,0.85,0.0,0.1,0.1
OTOGL,12,80358684,NM_001378610.3:c.6135C>G,NP_001365539.2:p.Asn2045Lys,0.036,10.78,['Likely%20benign'],137.26,0.85,0.0,0.1,0.1
OTOGL,12,80358685,NM_001378610.3:c.6136C>T,NP_001365539.2:p.Leu2046Phe,0.110,21.5,['Unknown%20significance'],111.19,0.57,0.0,0.0,0.0
OTOGL,12,80358686,NM_001378610.3:c.6137T>C,NP_001365539.2:p.Leu2046Pro,0.183,27.1,['Unknown%20significance'],111.19,0.57,0.0,0.8,0.8
OTOGL,12,80358686,NM_001378610.3:c.6137T>G,NP_001365539.2:p.Leu2046Arg,0.100,23.7,['Unknown%20significance'],111.19,0.57,0.0,0.3,0.3
OTOGL,12,80358688,NM_001378610.3:c.6139T>C,NP_001365539.2:p.Cys2047Arg,0.530,27.5,['Unknown%20significance'],18.48,0.11,0.0,3.6,3.6
OTOGL,12,80358688,NM_001378610.3:c.6139T>G,NP_001365539.2:p.Cys2047Gly,0.510,26.6,['Unknown%20significance'],18.48,0.11,0.0,4.6,4.6
OTOGL,12,80358689,NM_001378610.3:c.6140G>A,NP_001365539.2:p.Cys2047Tyr,0.291,26.1,['Unknown%20significance'],18.48,0.11,0.0,2.6,2.6
OTOGL,12,80358691,NM_001378610.3:c.6142C>T,NP_001365539.2:p.Pro2048Ser,0.038,17.65,['Unknown%20significance'],77.42,0.49,0.0,0.4,0.4
OTOGL,12,80358692,NM_001378610.3:c.6143C>T,NP_001365539.2:p.Pro2048Leu,0.072,22.7,['Unknown%20significance'],77.42,0.49,0.0,0.1,0.1
OTOGL,12,80358694,NM_001378610.3:c.6145A>G,NP_001365539.2:p.Met2049Val,0.043,0.086,['Likely%20benign'],177.76,0.82,0.0,-0.0,0.0
OTOGL,12,80358696,NM_001378610.3:c.6147G>A,NP_001365539.2:p.Met2049Ile,0.012,6.317,['Likely%20benign'],177.76,0.82,0.0,0.0,0.0
OTOGL,12,80358701,NM_001378610.3:c.6152T>C,NP_001365539.2:p.Leu2051Ser,0.020,8.937,['Likely%20benign'],197.02,1.0,0.0,0.1,0.1
OTOGL,12,80358703,NM_001378610.3:c.6154C>T,NP_001365539.2:p.Leu2052Phe,0.045,11.81,['Likely%20benign'],100.61,0.52,0.0,-0.0,0.0
OTOGL,12,80358706,NM_001378610.3:c.6157A>C,NP_001365539.2:p.Asn2053His,0.045,5.809,['Likely%20benign'],144.89,0.9,0.0,-0.1,0.1
OTOGL,12,80358706,NM_001378610.3:c.6157A>G,NP_001365539.2:p.Asn2053Asp,0.061,6.219,['Likely%20benign'],144.89,0.9,0.0,0.1,0.1
OTOGL,12,80358706,NM_001378610.3:c.6157A>T,NP_001365539.2:p.Asn2053Tyr,0.034,14.06,['Likely%20benign'],144.89,0.9,0.0,-0.2,0.2
OTOGL,12,80358707,NM_001378610.3:c.6158A>G,NP_001365539.2:p.Asn2053Ser,0.039,0.667,['Likely%20benign'],144.89,0.9,0.0,-0.0,0.0
OTOGL,12,80358709,NM_001378610.3:c.6160T>C,NP_001365539.2:p.Cys2054Arg,0.689,26.5,['Unknown%20significance'],42.06,0.27,0.0,2.8,2.8
OTOGL,12,80358710,NM_001378610.3:c.6161G>A,NP_001365539.2:p.Cys2054Tyr,0.483,25.8,['Unknown%20significance'],42.06,0.27,0.0,1.9,1.9
OTOGL,12,80358710,NM_001378610.3:c.6161G>T,NP_001365539.2:p.Cys2054Phe,0.509,26.1,['Unknown%20significance'],42.06,0.27,0.0,2.1,2.1
OTOGL,12,80358713,NM_001378610.3:c.6164C>A,NP_001365539.2:p.Ala2055Glu,0.101,18.94,['Likely%20benign'],37.05,0.29,0.0,0.3,0.3
OTOGL,12,80358719,NM_001378610.3:c.6170A>G,NP_001365539.2:p.Asp2057Gly,0.100,22.7,['Unknown%20significance'],0.0,0.0,0.0,-0.6,0.6
OTOGL,12,80358720,NM_001378610.3:c.6171T>A,NP_001365539.2:p.Asp2057Glu,0.167,21.9,['Unknown%20significance'],0.0,0.0,0.0,0.1,0.1
OTOGL,12,80358721,NM_001378610.3:c.6172A>G,NP_001365539.2:p.Met2058Val,0.069,22.3,['Unknown%20significance'],39.86,0.18,0.0,0.2,0.2
OTOGL,12,80358722,NM_001378610.3:c.6173T>C,NP_001365539.2:p.Met2058Thr,0.049,12.99,['Unknown%20significance'],39.86,0.18,0.0,0.9,0.9
OTOGL,12,80358724,NM_001378610.3:c.6175A>G,NP_001365539.2:p.Asn2059Asp,0.054,10.36,['Likely%20benign'],64.39,0.4,0.0,0.3,0.3
OTOGL,12,80358727,NM_001378610.3:c.6178C>A,NP_001365539.2:p.Leu2060Ile,0.090,23.7,['Unknown%20significance'],56.91,0.29,0.0,0.1,0.1
OTOGL,12,80358727,NM_001378610.3:c.6178C>G,NP_001365539.2:p.Leu2060Val,0.044,19.51,['Unknown%20significance'],56.91,0.29,0.0,0.2,0.2
OTOGL,12,80358731,NM_001378610.3:c.6182T>C,NP_001365539.2:p.Val2061Ala,0.097,23.2,['Unknown%20significance'],50.44,0.29,0.0,1.2,1.2
OTOGL,12,80358733,NM_001378610.3:c.6184A>G,NP_001365539.2:p.Lys2062Glu,0.133,18.82,['Unknown%20significance'],107.85,0.45,0.0,-0.1,0.1
OTOGL,12,80358734,NM_001378610.3:c.6185A>G,NP_001365539.2:p.Lys2062Arg,0.098,23.2,['Unknown%20significance'],107.85,0.45,0.0,-0.5,0.5
OTOGL,12,80358735,NM_001378610.3:c.6186A>C,NP_001365539.2:p.Lys2062Asn,0.086,24.6,['Unknown%20significance'],107.85,0.45,0.0,-0.1,0.1
OTOGL,12,80358735,NM_001378610.3:c.6186A>T,NP_001365539.2:p.Lys2062Asn,0.095,24.6,['Unknown%20significance'],107.85,0.45,0.0,-0.1,0.1
OTOGL,12,80358740,NM_001378610.3:c.6191A>G,NP_001365539.2:p.Asn2064Ser,0.025,17.78,['Likely%20benign'],131.06,0.82,0.0,-0.0,0.0
OTOGL,12,80358741,NM_001378610.3:c.6192T>A,NP_001365539.2:p.Asn2064Lys,0.023,16.33,['Likely%20benign'],131.06,0.82,0.0,0.0,0.0
OTOGL,12,80358742,NM_001378610.3:c.6193G>A,NP_001365539.2:p.Val2065Ile,0.050,17.81,['Likely%20benign'],50.91,0.29,0.0,-0.0,0.0
OTOGL,12,80358742,NM_001378610.3:c.6193G>C,NP_001365539.2:p.Val2065Leu,0.037,17.80,['Likely%20benign'],50.91,0.29,0.0,0.1,0.1
OTOGL,12,80358746,NM_001378610.3:c.6197C>G,NP_001365539.2:p.Ser2066Cys,0.049,24.5,['Unknown%20significance'],131.02,0.95,0.0,0.1,0.1
OTOGL,12,80358751,NM_001378610.3:c.6202C>A,NP_001365539.2:p.Gln2068Lys,0.055,22.8,['Unknown%20significance'],98.25,0.49,0.0,0.4,0.4
OTOGL,12,80358752,NM_001378610.3:c.6203A>G,NP_001365539.2:p.Gln2068Arg,0.062,18.86,['Likely%20benign'],98.25,0.49,0.0,-0.0,0.0
OTOGL,12,80358755,NM_001378610.3:c.6206G>A,NP_001365539.2:p.Cys2069Tyr,0.562,26.3,['Unknown%20significance'],54.72,0.35,0.0,2.5,2.5
OTOGL,12,80358757,NM_001378610.3:c.6208T>C,NP_001365539.2:p.Cys2070Arg,0.669,29.6,['Unknown%20significance'],44.77,0.28,0.0,3.4,3.4
OTOGL,12,80358758,NM_001378610.3:c.6209G>A,NP_001365539.2:p.Cys2070Tyr,0.624,28.1,['Unknown%20significance'],44.77,0.28,0.0,2.6,2.6
OTOGL,12,80358760,NM_001378610.3:c.6211C>T,NP_001365539.2:p.Pro2071Ser,0.222,24.9,['Unknown%20significance'],11.7,0.07,0.0,1.0,1.0
OTOGL,12,80358761,NM_001378610.3:c.6212C>A,NP_001365539.2:p.Pro2071Gln,0.212,25.1,['Unknown%20significance'],11.7,0.07,0.0,0.8,0.8
OTOGL,12,80358763,NM_001378610.3:c.6214A>G,NP_001365539.2:p.Thr2072Ala,0.043,15.84,['Likely%20benign'],53.9,0.34,0.0,0.3,0.3
OTOGL,12,80358764,NM_001378610.3:c.6215C>G,NP_001365539.2:p.Thr2072Arg,0.073,9.410,['Likely%20benign'],53.9,0.34,0.0,-0.0,0.0
OTOGL,12,80358764,NM_001378610.3:c.6215C>T,NP_001365539.2:p.Thr2072Ile,0.052,9.553,['Likely%20benign'],53.9,0.34,0.0,-0.5,0.5
OTOGL,12,80358766,NM_001378610.3:c.6217T>A,NP_001365539.2:p.Trp2073Arg,0.145,23.8,['Unknown%20significance'],47.16,0.17,0.0,1.6,1.6
OTOGL,12,80358766,NM_001378610.3:c.6217T>C,NP_001365539.2:p.Trp2073Arg,0.145,23.8,['Unknown%20significance'],47.16,0.17,0.0,1.6,1.6
OTOGL,12,80358768,NM_001378610.3:c.6219G>T,NP_001365539.2:p.Trp2073Cys,0.166,24.9,['Unknown%20significance'],47.16,0.17,0.0,1.2,1.2
OTOGL,12,80358773,NM_001378610.3:c.6224G>A,NP_001365539.2:p.Cys2075Tyr,0.512,28.9,['Unknown%20significance'],59.8,0.38,0.0,2.2,2.2
OTOGL,12,80358862,NM_001378610.3:c.6229T>C,NP_001365539.2:p.Cys2077Arg,0.346,27.6,['Unknown%20significance'],92.35,0.59,0.0,1.8,1.8
OTOGL,12,80358862,NM_001378610.3:c.6229T>G,NP_001365539.2:p.Cys2077Gly,0.337,28.6,['Unknown%20significance'],92.35,0.59,0.0,2.2,2.2
OTOGL,12,80358863,NM_001378610.3:c.6230G>A,NP_001365539.2:p.Cys2077Tyr,0.317,27.1,['Unknown%20significance'],92.35,0.59,0.0,1.4,1.4
OTOGL,12,80358865,NM_001378610.3:c.6232A>C,NP_001365539.2:p.Asn2078His,0.037,24.3,['Likely%20benign'],39.33,0.24,0.0,-0.3,0.3
OTOGL,12,80358865,NM_001378610.3:c.6232A>G,NP_001365539.2:p.Asn2078Asp,0.052,18.56,['Likely%20benign'],39.33,0.24,0.0,0.5,0.5
OTOGL,12,80358866,NM_001378610.3:c.6233A>G,NP_001365539.2:p.Asn2078Ser,0.022,11.30,['Likely%20benign'],39.33,0.24,0.0,0.0,0.0
OTOGL,12,80358867,NM_001378610.3:c.6234C>A,NP_001365539.2:p.Asn2078Lys,0.059,19.24,['Unknown%20significance'],39.33,0.24,0.0,0.2,0.2
OTOGL,12,80358868,NM_001378610.3:c.6235T>C,NP_001365539.2:p.Cys2079Arg,0.340,27.8,['Unknown%20significance'],81.78,0.52,0.0,1.4,1.4
OTOGL,12,80358869,NM_001378610.3:c.6236G>A,NP_001365539.2:p.Cys2079Tyr,0.419,29.8,['Unknown%20significance'],81.78,0.52,0.0,0.8,0.8
OTOGL,12,80358869,NM_001378610.3:c.6236G>T,NP_001365539.2:p.Cys2079Phe,0.438,32,['Unknown%20significance'],81.78,0.52,0.0,0.9,0.9
OTOGL,12,80358871,NM_001378610.3:c.6238G>A,NP_001365539.2:p.Glu2080Lys,0.118,33,['Unknown%20significance'],145.34,0.74,0.0,0.1,0.1
OTOGL,12,80358871,NM_001378610.3:c.6238G>C,NP_001365539.2:p.Glu2080Gln,0.178,26.1,['Unknown%20significance'],145.34,0.74,0.0,-0.1,0.1
OTOGL,12,80358872,NM_001378610.3:c.6239A>G,NP_001365539.2:p.Glu2080Gly,0.046,22.9,['Unknown%20significance'],145.34,0.74,0.0,0.2,0.2
OTOGL,12,80358872,NM_001378610.3:c.6239A>T,NP_001365539.2:p.Glu2080Val,0.145,32,['Unknown%20significance'],145.34,0.74,0.0,-0.2,0.2
OTOGL,12,80358875,NM_001378610.3:c.6242A>G,NP_001365539.2:p.Asn2081Ser,0.048,18.67,['Unknown%20significance'],59.55,0.37,0.0,0.1,0.1
OTOGL,12,80358875,NM_001378610.3:c.6242A>T,NP_001365539.2:p.Asn2081Ile,0.104,23.4,['Unknown%20significance'],59.55,0.37,0.0,-0.6,0.6
OTOGL,12,80358876,NM_001378610.3:c.6243C>A,NP_001365539.2:p.Asn2081Lys,0.051,12.41,['Likely%20benign'],59.55,0.37,0.0,0.3,0.3
OTOGL,12,80358877,NM_001378610.3:c.6244C>A,NP_001365539.2:p.Leu2082Ile,0.076,14.50,['Likely%20benign'],18.29,0.09,0.0,-0.2,0.2
OTOGL,12,80358878,NM_001378610.3:c.6245T>A,NP_001365539.2:p.Leu2082His,0.168,25.2,['Unknown%20significance'],18.29,0.09,0.0,0.4,0.4
OTOGL,12,80358878,NM_001378610.3:c.6245T>C,NP_001365539.2:p.Leu2082Pro,0.121,25.7,['Unknown%20significance'],18.29,0.09,0.0,1.3,1.3
OTOGL,12,80358880,NM_001378610.3:c.6247A>C,NP_001365539.2:p.Ile2083Leu,0.012,13.62,['Likely%20benign'],146.64,0.74,0.0,0.0,0.0
OTOGL,12,80358880,NM_001378610.3:c.6247A>G,NP_001365539.2:p.Ile2083Val,0.026,6.191,['Benign'],146.64,0.74,0.0,0.0,0.0
OTOGL,12,80358880,NM_001378610.3:c.6247A>T,NP_001365539.2:p.Ile2083Phe,0.010,19.97,['Likely%20benign'],146.64,0.74,0.0,0.0,0.0
OTOGL,12,80358881,NM_001378610.3:c.6248T>C,NP_001365539.2:p.Ile2083Thr,0.069,17.96,['Unknown%20significance'],146.64,0.74,0.0,0.0,0.0
OTOGL,12,80358881,NM_001378610.3:c.6248T>G,NP_001365539.2:p.Ile2083Ser,0.068,21.8,['Likely%20benign'],146.64,0.74,0.0,0.2,0.2
OTOGL,12,80358884,NM_001378610.3:c.6251T>A,NP_001365539.2:p.Met2084Lys,0.089,9.596,['Likely%20benign'],106.7,0.49,0.0,0.8,0.8
OTOGL,12,80358884,NM_001378610.3:c.6251T>C,NP_001365539.2:p.Met2084Thr,0.061,10.17,['Likely%20benign'],106.7,0.49,0.0,0.3,0.3
OTOGL,12,80358885,NM_001378610.3:c.6252G>A,NP_001365539.2:p.Met2084Ile,0.020,6.718,['Likely%20benign'],106.7,0.49,0.0,-0.1,0.1
OTOGL,12,80358885,NM_001378610.3:c.6252G>C,NP_001365539.2:p.Met2084Ile,0.020,6.127,['Likely%20benign'],106.7,0.49,0.0,-0.1,0.1
OTOGL,12,80358885,NM_001378610.3:c.6252G>T,NP_001365539.2:p.Met2084Ile,0.022,5.666,['Likely%20benign'],106.7,0.49,0.0,-0.1,0.1
OTOGL,12,80358886,NM_001378610.3:c.6253C>A,NP_001365539.2:p.Pro2085Thr,0.173,21.4,['Unknown%20significance'],54.45,0.34,0.0,0.3,0.3
OTOGL,12,80358886,NM_001378610.3:c.6253C>T,NP_001365539.2:p.Pro2085Ser,0.183,22.2,['Unknown%20significance'],54.45,0.34,0.0,0.5,0.5
OTOGL,12,80358887,NM_001378610.3:c.6254C>A,NP_001365539.2:p.Pro2085Gln,0.184,24.6,['Unknown%20significance'],54.45,0.34,0.0,0.4,0.4
OTOGL,12,80358887,NM_001378610.3:c.6254C>T,NP_001365539.2:p.Pro2085Leu,0.126,24.6,['Unknown%20significance'],54.45,0.34,0.0,-0.1,0.1
OTOGL,12,80358889,NM_001378610.3:c.6256A>C,NP_001365539.2:p.Thr2086Pro,0.080,15.74,['Likely%20benign'],147.91,0.94,0.0,0.1,0.1
OTOGL,12,80358889,NM_001378610.3:c.6256A>G,NP_001365539.2:p.Thr2086Ala,0.018,9.797,['Likely%20benign'],147.91,0.94,0.0,0.1,0.1
OTOGL,12,80358890,NM_001378610.3:c.6257C>A,NP_001365539.2:p.Thr2086Asn,0.033,15.92,['Unknown%20significance'],147.91,0.94,0.0,0.1,0.1
OTOGL,12,80358890,NM_001378610.3:c.6257C>T,NP_001365539.2:p.Thr2086Ile,0.052,17.90,['Likely%20benign'],147.91,0.94,0.0,-0.1,0.1
OTOGL,12,80358892,NM_001378610.3:c.6259T>C,NP_001365539.2:p.Cys2087Arg,0.604,27.1,['Unknown%20significance'],49.03,0.31,0.0,1.8,1.8
OTOGL,12,80358892,NM_001378610.3:c.6259T>G,NP_001365539.2:p.Cys2087Gly,0.604,26.5,['Unknown%20significance'],49.03,0.31,0.0,2.5,2.5
OTOGL,12,80358893,NM_001378610.3:c.6260G>A,NP_001365539.2:p.Cys2087Tyr,0.649,26.3,['Unknown%20significance'],49.03,0.31,0.0,0.8,0.8
OTOGL,12,80358893,NM_001378610.3:c.6260G>T,NP_001365539.2:p.Cys2087Phe,0.612,26.6,['Unknown%20significance'],49.03,0.31,0.0,1.0,1.0
OTOGL,12,80358895,NM_001378610.3:c.6262G>A,NP_001365539.2:p.Glu2088Lys,0.081,17.14,['Likely%20benign'],101.89,0.52,0.0,-0.0,0.0
OTOGL,12,80358896,NM_001378610.3:c.6263A>G,NP_001365539.2:p.Glu2088Gly,0.092,22.7,['Likely%20benign'],101.89,0.52,0.0,0.3,0.3
OTOGL,12,80358898,NM_001378610.3:c.6265G>C,NP_001365539.2:p.Val2089Leu,0.027,13.69,['Likely%20benign'],48.18,0.28,0.0,-0.2,0.2
OTOGL,12,80358898,NM_001378610.3:c.6265G>T,NP_001365539.2:p.Val2089Leu,0.027,14.28,['Likely%20benign'],48.18,0.28,0.0,-0.2,0.2
OTOGL,12,80358899,NM_001378610.3:c.6266T>C,NP_001365539.2:p.Val2089Ala,0.135,24.8,['Unknown%20significance'],48.18,0.28,0.0,1.0,1.0
OTOGL,12,80366574,NM_001378610.3:c.6268G>A,NP_001365539.2:p.Gly2090Arg,0.414,33,['Unknown%20significance'],10.15,0.1,0.0,-0.3,0.3
OTOGL,12,80366575,NM_001378610.3:c.6269G>A,NP_001365539.2:p.Gly2090Glu,0.418,32,['Unknown%20significance'],10.15,0.1,0.0,0.8,0.8
OTOGL,12,80366575,NM_001378610.3:c.6269G>T,NP_001365539.2:p.Gly2090Val,0.369,32,['Unknown%20significance'],10.15,0.1,0.0,-0.4,0.4
OTOGL,12,80366577,NM_001378610.3:c.6271G>A,NP_001365539.2:p.Glu2091Lys,0.286,29.8,['Unknown%20significance'],23.64,0.12,0.0,0.1,0.1
OTOGL,12,80366578,NM_001378610.3:c.6272A>G,NP_001365539.2:p.Glu2091Gly,0.326,27.4,['Unknown%20significance'],23.64,0.12,0.0,0.6,0.6
OTOGL,12,80366579,NM_001378610.3:c.6273A>T,NP_001365539.2:p.Glu2091Asp,0.212,25.2,['Unknown%20significance'],23.64,0.12,0.0,0.3,0.3
OTOGL,12,80366580,NM_001378610.3:c.6274T>A,NP_001365539.2:p.Phe2092Ile,0.067,21.3,['Unknown%20significance'],107.66,0.46,0.0,0.0,0.0
OTOGL,12,80366580,NM_001378610.3:c.6274T>C,NP_001365539.2:p.Phe2092Leu,0.118,20.7,['Unknown%20significance'],107.66,0.46,0.0,0.1,0.1
OTOGL,12,80366581,NM_001378610.3:c.6275T>C,NP_001365539.2:p.Phe2092Ser,0.066,22.4,['Unknown%20significance'],107.66,0.46,0.0,0.9,0.9
OTOGL,12,80366581,NM_001378610.3:c.6275T>G,NP_001365539.2:p.Phe2092Cys,0.144,23.8,['Unknown%20significance'],107.66,0.46,0.0,0.4,0.4
OTOGL,12,80366582,NM_001378610.3:c.6276T>A,NP_001365539.2:p.Phe2092Leu,0.064,19.74,['Unknown%20significance'],107.66,0.46,0.0,0.1,0.1
OTOGL,12,80366583,NM_001378610.3:c.6277A>G,NP_001365539.2:p.Thr2093Ala,0.020,1.161,['Likely%20benign'],55.2,0.35,0.0,0.1,0.1
OTOGL,12,80366583,NM_001378610.3:c.6277A>T,NP_001365539.2:p.Thr2093Ser,0.029,0.531,['Likely%20benign'],55.2,0.35,0.0,0.4,0.4
OTOGL,12,80366584,NM_001378610.3:c.6278C>A,NP_001365539.2:p.Thr2093Asn,0.078,11.91,['Likely%20benign'],55.2,0.35,0.0,0.5,0.5
OTOGL,12,80366584,NM_001378610.3:c.6278C>T,NP_001365539.2:p.Thr2093Ile,0.052,13.70,['Likely%20benign'],55.2,0.35,0.0,-0.6,0.6
OTOGL,12,80366586,NM_001378610.3:c.6280G>A,NP_001365539.2:p.Ala2094Thr,0.039,3.642,['Likely%20benign'],25.73,0.2,0.0,-0.2,0.2
OTOGL,12,80366586,NM_001378610.3:c.6280G>C,NP_001365539.2:p.Ala2094Pro,0.038,5.988,['Likely%20benign'],25.73,0.2,0.0,0.5,0.5
OTOGL,12,80366586,NM_001378610.3:c.6280G>T,NP_001365539.2:p.Ala2094Ser,0.042,2.335,['Likely%20benign'],25.73,0.2,0.0,0.3,0.3
OTOGL,12,80366587,NM_001378610.3:c.6281C>A,NP_001365539.2:p.Ala2094Glu,0.054,16.62,['Likely%20benign'],25.73,0.2,0.0,0.4,0.4
OTOGL,12,80366587,NM_001378610.3:c.6281C>T,NP_001365539.2:p.Ala2094Val,0.037,20.2,['Likely%20benign'],25.73,0.2,0.0,-0.7,0.7
OTOGL,12,80366589,NM_001378610.3:c.6283A>G,NP_001365539.2:p.Ile2095Val,0.026,5.482,['Likely%20benign'],72.64,0.37,0.0,0.2,0.2
OTOGL,12,80366589,NM_001378610.3:c.6283A>T,NP_001365539.2:p.Ile2095Leu,0.064,5.630,['Likely%20benign'],72.64,0.37,0.0,0.2,0.2
OTOGL,12,80366590,NM_001378610.3:c.6284T>C,NP_001365539.2:p.Ile2095Thr,0.063,23.1,['Unknown%20significance'],72.64,0.37,0.0,0.9,0.9
OTOGL,12,80366591,NM_001378610.3:c.6285A>G,NP_001365539.2:p.Ile2095Met,0.062,23.9,['Unknown%20significance'],72.64,0.37,0.0,0.3,0.3
OTOGL,12,80366592,NM_001378610.3:c.6286G>A,NP_001365539.2:p.Asp2096Asn,0.056,28.5,['Unknown%20significance'],26.15,0.16,0.0,0.0,0.0
OTOGL,12,80366592,NM_001378610.3:c.6286G>T,NP_001365539.2:p.Asp2096Tyr,0.339,27.7,['Unknown%20significance'],26.15,0.16,0.0,-0.5,0.5
OTOGL,12,80366593,NM_001378610.3:c.6287A>G,NP_001365539.2:p.Asp2096Gly,0.247,28.0,['Unknown%20significance'],26.15,0.16,0.0,0.9,0.9
OTOGL,12,80366593,NM_001378610.3:c.6287A>T,NP_001365539.2:p.Asp2096Val,0.341,28.2,['Unknown%20significance'],26.15,0.16,0.0,-0.2,0.2
OTOGL,12,80366594,NM_001378610.3:c.6288C>A,NP_001365539.2:p.Asp2096Glu,0.120,18.99,['Likely%20benign'],26.15,0.16,0.0,0.2,0.2
OTOGL,12,80366595,NM_001378610.3:c.6289C>A,NP_001365539.2:p.His2097Asn,0.033,14.16,['Likely%20benign'],184.32,0.89,0.0,0.1,0.1
OTOGL,12,80366595,NM_001378610.3:c.6289C>T,NP_001365539.2:p.His2097Tyr,0.056,15.27,['Likely%20benign'],184.32,0.89,0.0,-0.1,0.1
OTOGL,12,80366596,NM_001378610.3:c.6290A>G,NP_001365539.2:p.His2097Arg,0.008,0.024,['Unknown%20significance'],184.32,0.89,0.0,-0.0,0.0
OTOGL,12,80366596,NM_001378610.3:c.6290A>T,NP_001365539.2:p.His2097Leu,0.017,0.121,['Likely%20benign'],184.32,0.89,0.0,-0.0,0.0
OTOGL,12,80366598,NM_001378610.3:c.6292A>G,NP_001365539.2:p.Asn2098Asp,0.041,14.60,['Likely%20benign'],146.52,0.91,0.0,0.1,0.1
OTOGL,12,80366599,NM_001378610.3:c.6293A>G,NP_001365539.2:p.Asn2098Ser,0.034,6.871,['Likely%20benign'],146.52,0.91,0.0,0.0,0.0
OTOGL,12,80366599,NM_001378610.3:c.6293A>T,NP_001365539.2:p.Asn2098Ile,0.041,14.86,['Unknown%20significance'],146.52,0.91,0.0,0.0,0.0
OTOGL,12,80366600,NM_001378610.3:c.6294C>A,NP_001365539.2:p.Asn2098Lys,0.011,15.37,['Likely%20benign'],146.52,0.91,0.0,0.1,0.1
OTOGL,12,80366601,NM_001378610.3:c.6295T>C,NP_001365539.2:p.Phe2099Leu,0.114,23.7,['Unknown%20significance'],46.21,0.2,0.0,0.3,0.3
OTOGL,12,80366602,NM_001378610.3:c.6296T>C,NP_001365539.2:p.Phe2099Ser,0.089,23.1,['Unknown%20significance'],46.21,0.2,0.0,0.8,0.8
OTOGL,12,80366603,NM_001378610.3:c.6297C>A,NP_001365539.2:p.Phe2099Leu,0.157,23.7,['Likely%20benign'],46.21,0.2,0.0,0.3,0.3
OTOGL,12,80366604,NM_001378610.3:c.6298C>A,NP_001365539.2:p.Gln2100Lys,0.056,20.5,['Likely%20benign'],185.88,0.94,0.0,0.1,0.1
OTOGL,12,80366604,NM_001378610.3:c.6298C>G,NP_001365539.2:p.Gln2100Glu,0.083,18.06,['Likely%20benign'],185.88,0.94,0.0,0.1,0.1
OTOGL,12,80366605,NM_001378610.3:c.6299A>G,NP_001365539.2:p.Gln2100Arg,0.073,22.0,['Likely%20benign'],185.88,0.94,0.0,-0.1,0.1
OTOGL,12,80366605,NM_001378610.3:c.6299A>T,NP_001365539.2:p.Gln2100Leu,0.072,21.4,['Likely%20benign'],185.88,0.94,0.0,-0.0,0.0
OTOGL,12,80366606,NM_001378610.3:c.6300G>C,NP_001365539.2:p.Gln2100His,0.148,21.7,['Likely%20benign'],185.88,0.94,0.0,-0.0,0.0
OTOGL,12,80366606,NM_001378610.3:c.6300G>T,NP_001365539.2:p.Gln2100His,0.149,23.0,['Likely%20benign'],185.88,0.94,0.0,-0.0,0.0
OTOGL,12,80366607,NM_001378610.3:c.6301A>G,NP_001365539.2:p.Ser2101Gly,0.046,23.2,['Unknown%20significance'],32.44,0.23,0.0,0.8,0.8
OTOGL,12,80366608,NM_001378610.3:c.6302G>A,NP_001365539.2:p.Ser2101Asn,0.097,16.67,['Likely%20benign'],32.44,0.23,0.0,-0.2,0.2
OTOGL,12,80366608,NM_001378610.3:c.6302G>T,NP_001365539.2:p.Ser2101Ile,0.091,25.2,['Unknown%20significance'],32.44,0.23,0.0,-0.2,0.2
OTOGL,12,80366610,NM_001378610.3:c.6304G>A,NP_001365539.2:p.Asp2102Asn,0.032,22.9,['Likely%20benign'],91.34,0.57,0.0,-0.1,0.1
OTOGL,12,80366610,NM_001378610.3:c.6304G>C,NP_001365539.2:p.Asp2102His,0.067,22.8,['Unknown%20significance'],91.34,0.57,0.0,-0.2,0.2
OTOGL,12,80366610,NM_001378610.3:c.6304G>T,NP_001365539.2:p.Asp2102Tyr,0.093,26.7,['Unknown%20significance'],91.34,0.57,0.0,-0.4,0.4
OTOGL,12,80366611,NM_001378610.3:c.6305A>G,NP_001365539.2:p.Asp2102Gly,0.034,20.8,['Likely%20benign'],91.34,0.57,0.0,0.5,0.5
OTOGL,12,80366612,NM_001378610.3:c.6306T>A,NP_001365539.2:p.Asp2102Glu,0.050,8.296,['Likely%20benign'],91.34,0.57,0.0,0.1,0.1
OTOGL,12,80366613,NM_001378610.3:c.6307T>A,NP_001365539.2:p.Cys2103Ser,0.322,28.9,['Unknown%20significance'],48.42,0.31,0.0,3.0,3.0
OTOGL,12,80366613,NM_001378610.3:c.6307T>C,NP_001365539.2:p.Cys2103Arg,0.530,29.3,['Unknown%20significance'],48.42,0.31,0.0,3.0,3.0
OTOGL,12,80366614,NM_001378610.3:c.6308G>A,NP_001365539.2:p.Cys2103Tyr,0.501,27.3,['Unknown%20significance'],48.42,0.31,0.0,2.3,2.3
OTOGL,12,80366614,NM_001378610.3:c.6308G>C,NP_001365539.2:p.Cys2103Ser,0.384,26.6,['Unknown%20significance'],48.42,0.31,0.0,3.0,3.0
OTOGL,12,80366614,NM_001378610.3:c.6308G>T,NP_001365539.2:p.Cys2103Phe,0.442,27.3,['Unknown%20significance'],48.42,0.31,0.0,2.4,2.4
OTOGL,12,80366616,NM_001378610.3:c.6310G>A,NP_001365539.2:p.Gly2104Arg,0.350,33,['Unknown%20significance'],78.54,0.82,0.0,0.0,0.0
OTOGL,12,80366617,NM_001378610.3:c.6311G>A,NP_001365539.2:p.Gly2104Glu,0.364,29.6,['Unknown%20significance'],78.54,0.82,0.0,0.1,0.1
OTOGL,12,80366617,NM_001378610.3:c.6311G>C,NP_001365539.2:p.Gly2104Ala,0.333,26.2,['Unknown%20significance'],78.54,0.82,0.0,-0.0,0.0
OTOGL,12,80366617,NM_001378610.3:c.6311G>T,NP_001365539.2:p.Gly2104Val,0.348,32,['Unknown%20significance'],78.54,0.82,0.0,-0.1,0.1
OTOGL,12,80366619,NM_001378610.3:c.6313T>A,NP_001365539.2:p.Cys2105Ser,0.630,28.1,['Unknown%20significance'],39.55,0.25,0.0,3.2,3.2
OTOGL,12,80366619,NM_001378610.3:c.6313T>C,NP_001365539.2:p.Cys2105Arg,0.697,31,['Unknown%20significance'],39.55,0.25,0.0,3.3,3.3
OTOGL,12,80366620,NM_001378610.3:c.6314G>A,NP_001365539.2:p.Cys2105Tyr,0.585,29.4,['Unknown%20significance'],39.55,0.25,0.0,2.5,2.5
OTOGL,12,80366620,NM_001378610.3:c.6314G>C,NP_001365539.2:p.Cys2105Ser,0.556,27.5,['Unknown%20significance'],39.55,0.25,0.0,3.2,3.2
OTOGL,12,80366620,NM_001378610.3:c.6314G>T,NP_001365539.2:p.Cys2105Phe,0.533,29.0,['Unknown%20significance'],39.55,0.25,0.0,2.5,2.5
OTOGL,12,80366621,NM_001378610.3:c.6315C>G,NP_001365539.2:p.Cys2105Trp,0.510,24.7,['Unknown%20significance'],39.55,0.25,0.0,2.2,2.2
OTOGL,12,80366622,NM_001378610.3:c.6316A>C,NP_001365539.2:p.Ile2106Leu,0.044,16.40,['Likely%20benign'],120.02,0.61,0.0,0.1,0.1
OTOGL,12,80366622,NM_001378610.3:c.6316A>G,NP_001365539.2:p.Ile2106Val,0.030,8.276,['Likely%20benign'],120.02,0.61,0.0,-0.0,0.0
OTOGL,12,80366622,NM_001378610.3:c.6316A>T,NP_001365539.2:p.Ile2106Leu,0.044,16.37,['Likely%20benign'],120.02,0.61,0.0,0.1,0.1
OTOGL,12,80366623,NM_001378610.3:c.6317T>A,NP_001365539.2:p.Ile2106Lys,0.084,20.6,['Likely%20benign'],120.02,0.61,0.0,0.8,0.8
OTOGL,12,80366623,NM_001378610.3:c.6317T>C,NP_001365539.2:p.Ile2106Thr,0.080,19.31,['Likely%20benign'],120.02,0.61,0.0,0.3,0.3
OTOGL,12,80366624,NM_001378610.3:c.6318A>G,NP_001365539.2:p.Ile2106Met,0.045,17.37,['Likely%20benign'],120.02,0.61,0.0,0.1,0.1
OTOGL,12,80366625,NM_001378610.3:c.6319C>A,NP_001365539.2:p.Gln2107Lys,0.055,15.35,['Likely%20benign'],12.61,0.06,0.0,0.9,0.9
OTOGL,12,80366625,NM_001378610.3:c.6319C>G,NP_001365539.2:p.Gln2107Glu,0.025,22.0,['Unknown%20significance'],12.61,0.06,0.0,0.6,0.6
OTOGL,12,80366626,NM_001378610.3:c.6320A>C,NP_001365539.2:p.Gln2107Pro,0.064,22.7,['Unknown%20significance'],12.61,0.06,0.0,0.8,0.8
OTOGL,12,80366626,NM_001378610.3:c.6320A>G,NP_001365539.2:p.Gln2107Arg,0.030,18.21,['Likely%20benign'],12.61,0.06,0.0,-0.0,0.0
OTOGL,12,80366626,NM_001378610.3:c.6320A>T,NP_001365539.2:p.Gln2107Leu,0.053,23.0,['Likely%20benign'],12.61,0.06,0.0,-0.4,0.4
OTOGL,12,80366627,NM_001378610.3:c.6321G>C,NP_001365539.2:p.Gln2107His,0.021,19.96,['Unknown%20significance'],12.61,0.06,0.0,-0.2,0.2
OTOGL,12,80366627,NM_001378610.3:c.6321G>T,NP_001365539.2:p.Gln2107His,0.021,21.1,['Unknown%20significance'],12.61,0.06,0.0,-0.2,0.2
OTOGL,12,80366628,NM_001378610.3:c.6322T>A,NP_001365539.2:p.Tyr2108Asn,0.330,27.8,['Unknown%20significance'],72.11,0.3,0.0,1.6,1.6
OTOGL,12,80366628,NM_001378610.3:c.6322T>C,NP_001365539.2:p.Tyr2108His,0.175,23.3,['Unknown%20significance'],72.11,0.3,0.0,0.9,0.9
OTOGL,12,80366629,NM_001378610.3:c.6323A>G,NP_001365539.2:p.Tyr2108Cys,0.362,29.4,['Unknown%20significance'],72.11,0.3,0.0,0.4,0.4
OTOGL,12,80366629,NM_001378610.3:c.6323A>T,NP_001365539.2:p.Tyr2108Phe,0.326,26.8,['Unknown%20significance'],72.11,0.3,0.0,0.3,0.3
OTOGL,12,80366631,NM_001378610.3:c.6325C>A,NP_001365539.2:p.Leu2109Ile,0.034,15.13,['Likely%20benign'],58.09,0.3,0.0,-0.1,0.1
OTOGL,12,80366631,NM_001378610.3:c.6325C>T,NP_001365539.2:p.Leu2109Phe,0.042,16.21,['Likely%20benign'],58.09,0.3,0.0,-0.2,0.2
OTOGL,12,80366632,NM_001378610.3:c.6326T>A,NP_001365539.2:p.Leu2109His,0.057,23.4,['Likely%20benign'],58.09,0.3,0.0,0.3,0.3
OTOGL,12,80366632,NM_001378610.3:c.6326T>C,NP_001365539.2:p.Leu2109Pro,0.123,23.3,['Unknown%20significance'],58.09,0.3,0.0,1.2,1.2
OTOGL,12,80366634,NM_001378610.3:c.6328T>A,NP_001365539.2:p.Cys2110Ser,0.426,26.4,['Unknown%20significance'],43.6,0.28,0.0,3.0,3.0
OTOGL,12,80366634,NM_001378610.3:c.6328T>C,NP_001365539.2:p.Cys2110Arg,0.576,27.9,['Unknown%20significance'],43.6,0.28,0.0,2.9,2.9
OTOGL,12,80366634,NM_001378610.3:c.6328T>G,NP_001365539.2:p.Cys2110Gly,0.507,28.1,['Unknown%20significance'],43.6,0.28,0.0,3.7,3.7
OTOGL,12,80366635,NM_001378610.3:c.6329G>A,NP_001365539.2:p.Cys2110Tyr,0.550,32,['Unknown%20significance'],43.6,0.28,0.0,2.0,2.0
OTOGL,12,80366635,NM_001378610.3:c.6329G>T,NP_001365539.2:p.Cys2110Phe,0.500,33,['Unknown%20significance'],43.6,0.28,0.0,2.1,2.1
OTOGL,12,80366637,NM_001378610.3:c.6331G>A,NP_001365539.2:p.Glu2111Lys,0.135,34,['Unknown%20significance'],77.83,0.39,0.0,0.2,0.2
OTOGL,12,80367561,NM_001378610.3:c.6332A>G,NP_001365539.2:p.Glu2111Gly,0.149,25.5,['Unknown%20significance'],77.83,0.39,0.0,0.6,0.6
OTOGL,12,80367562,NM_001378610.3:c.6333A>C,NP_001365539.2:p.Glu2111Asp,0.178,19.72,['Unknown%20significance'],77.83,0.39,0.0,0.2,0.2
OTOGL,12,80367563,NM_001378610.3:c.6334A>C,NP_001365539.2:p.Lys2112Gln,0.314,31,['Unknown%20significance'],98.83,0.41,0.0,-0.4,0.4
OTOGL,12,80367563,NM_001378610.3:c.6334A>G,NP_001365539.2:p.Lys2112Glu,0.203,32,['Unknown%20significance'],98.83,0.41,0.0,-0.1,0.1
OTOGL,12,80367564,NM_001378610.3:c.6335A>G,NP_001365539.2:p.Lys2112Arg,0.210,25.3,['Unknown%20significance'],98.83,0.41,0.0,-0.6,0.6
OTOGL,12,80367564,NM_001378610.3:c.6335A>T,NP_001365539.2:p.Lys2112Met,0.295,27.9,['Unknown%20significance'],98.83,0.41,0.0,-0.7,0.7
OTOGL,12,80367565,NM_001378610.3:c.6336G>T,NP_001365539.2:p.Lys2112Asn,0.151,24.2,['Unknown%20significance'],98.83,0.41,0.0,-0.2,0.2
OTOGL,12,80367566,NM_001378610.3:c.6337G>A,NP_001365539.2:p.Asp2113Asn,0.135,24.8,['Unknown%20significance'],69.54,0.43,0.0,-0.2,0.2
OTOGL,12,80367566,NM_001378610.3:c.6337G>C,NP_001365539.2:p.Asp2113His,0.185,28.0,['Unknown%20significance'],69.54,0.43,0.0,-0.4,0.4
OTOGL,12,80367566,NM_001378610.3:c.6337G>T,NP_001365539.2:p.Asp2113Tyr,0.199,29.2,['Unknown%20significance'],69.54,0.43,0.0,-0.9,0.9
OTOGL,12,80367567,NM_001378610.3:c.6338A>G,NP_001365539.2:p.Asp2113Gly,0.175,23.5,['Unknown%20significance'],69.54,0.43,0.0,0.3,0.3
OTOGL,12,80367567,NM_001378610.3:c.6338A>T,NP_001365539.2:p.Asp2113Val,0.191,28.0,['Unknown%20significance'],69.54,0.43,0.0,-0.6,0.6
OTOGL,12,80367569,NM_001378610.3:c.6340G>A,NP_001365539.2:p.Asp2114Asn,0.031,21.8,['Unknown%20significance'],90.28,0.56,0.0,-0.2,0.2
OTOGL,12,80367569,NM_001378610.3:c.6340G>T,NP_001365539.2:p.Asp2114Tyr,0.111,25.4,['Unknown%20significance'],90.28,0.56,0.0,-0.8,0.8
OTOGL,12,80367570,NM_001378610.3:c.6341A>C,NP_001365539.2:p.Asp2114Ala,0.089,22.8,['Unknown%20significance'],90.28,0.56,0.0,-0.2,0.2
OTOGL,12,80367570,NM_001378610.3:c.6341A>G,NP_001365539.2:p.Asp2114Gly,0.092,23.4,['Unknown%20significance'],90.28,0.56,0.0,0.1,0.1
OTOGL,12,80367570,NM_001378610.3:c.6341A>T,NP_001365539.2:p.Asp2114Val,0.157,23.6,['Unknown%20significance'],90.28,0.56,0.0,-0.6,0.6
OTOGL,12,80367571,NM_001378610.3:c.6342T>A,NP_001365539.2:p.Asp2114Glu,0.025,17.69,['Unknown%20significance'],90.28,0.56,0.0,-0.1,0.1
OTOGL,12,80367572,NM_001378610.3:c.6343G>A,NP_001365539.2:p.Val2115Met,0.258,26.9,['Unknown%20significance'],8.68,0.05,0.0,1.3,1.3
OTOGL,12,80367572,NM_001378610.3:c.6343G>T,NP_001365539.2:p.Val2115Leu,0.179,25.5,['Unknown%20significance'],8.68,0.05,0.0,1.0,1.0
OTOGL,12,80367573,NM_001378610.3:c.6344T>G,NP_001365539.2:p.Val2115Gly,0.431,29.7,['Unknown%20significance'],8.68,0.05,0.0,3.9,3.9
OTOGL,12,80367576,NM_001378610.3:c.6347G>A,NP_001365539.2:p.Cys2116Tyr,0.719,29.1,['Unknown%20significance'],0.0,0.0,0.0,2.9,2.9
OTOGL,12,80367576,NM_001378610.3:c.6347G>T,NP_001365539.2:p.Cys2116Phe,0.737,29.6,['Unknown%20significance'],0.0,0.0,0.0,2.8,2.8
OTOGL,12,80367578,NM_001378610.3:c.6349G>A,NP_001365539.2:p.Val2117Ile,0.011,18.35,['Likely%20benign'],15.94,0.09,0.0,0.4,0.4
OTOGL,12,80367578,NM_001378610.3:c.6349G>T,NP_001365539.2:p.Val2117Leu,0.024,15.53,['Likely%20benign'],15.94,0.09,0.0,0.7,0.7
OTOGL,12,80367581,NM_001378610.3:c.6352T>C,NP_001365539.2:p.Phe2118Leu,0.245,22.6,['Unknown%20significance'],12.96,0.05,0.0,0.8,0.8
OTOGL,12,80367582,NM_001378610.3:c.6353T>C,NP_001365539.2:p.Phe2118Ser,0.332,23.9,['Unknown%20significance'],12.96,0.05,0.0,2.4,2.4
OTOGL,12,80367583,NM_001378610.3:c.6354T>G,NP_001365539.2:p.Phe2118Leu,0.284,17.30,['Unknown%20significance'],12.96,0.05,0.0,0.8,0.8
OTOGL,12,80367584,NM_001378610.3:c.6355C>A,NP_001365539.2:p.Gln2119Lys,0.301,25.3,['Unknown%20significance'],140.77,0.71,0.0,0.2,0.2
OTOGL,12,80367585,NM_001378610.3:c.6356A>G,NP_001365539.2:p.Gln2119Arg,0.239,23.7,['Unknown%20significance'],140.77,0.71,0.0,-0.1,0.1
OTOGL,12,80367585,NM_001378610.3:c.6356A>T,NP_001365539.2:p.Gln2119Leu,0.304,28.8,['Unknown%20significance'],140.77,0.71,0.0,-0.1,0.1
OTOGL,12,80367586,NM_001378610.3:c.6357A>T,NP_001365539.2:p.Gln2119His,0.235,24.8,['Unknown%20significance'],140.77,0.71,0.0,-0.1,0.1
OTOGL,12,80367587,NM_001378610.3:c.6358G>A,NP_001365539.2:p.Glu2120Lys,0.125,23.9,['Unknown%20significance'],131.62,0.67,0.0,0.1,0.1
OTOGL,12,80367588,NM_001378610.3:c.6359A>G,NP_001365539.2:p.Glu2120Gly,0.064,21.9,['Unknown%20significance'],131.62,0.67,0.0,0.0,0.0
OTOGL,12,80367588,NM_001378610.3:c.6359A>T,NP_001365539.2:p.Glu2120Val,0.072,23.9,['Unknown%20significance'],131.62,0.67,0.0,-0.2,0.2
OTOGL,12,80367590,NM_001378610.3:c.6361G>A,NP_001365539.2:p.Val2121Ile,0.049,16.05,['Unknown%20significance'],117.66,0.68,0.0,0.0,0.0
OTOGL,12,80367590,NM_001378610.3:c.6361G>T,NP_001365539.2:p.Val2121Leu,0.060,16.34,['Unknown%20significance'],117.66,0.68,0.0,0.1,0.1
OTOGL,12,80367591,NM_001378610.3:c.6362T>C,NP_001365539.2:p.Val2121Ala,0.115,16.53,['Unknown%20significance'],117.66,0.68,0.0,0.4,0.4
OTOGL,12,80367594,NM_001378610.3:c.6365C>T,NP_001365539.2:p.Ser2122Leu,0.055,23.8,['Unknown%20significance'],31.39,0.22,0.0,-0.9,0.9
OTOGL,12,80367596,NM_001378610.3:c.6367G>A,NP_001365539.2:p.Val2123Ile,0.054,22.9,['Unknown%20significance'],66.74,0.38,0.0,0.0,0.0
OTOGL,12,80367596,NM_001378610.3:c.6367G>T,NP_001365539.2:p.Val2123Leu,0.074,21.5,['Unknown%20significance'],66.74,0.38,0.0,0.1,0.1
OTOGL,12,80367597,NM_001378610.3:c.6368T>A,NP_001365539.2:p.Val2123Glu,0.418,27.0,['Unknown%20significance'],66.74,0.38,0.0,1.2,1.2
OTOGL,12,80367597,NM_001378610.3:c.6368T>C,NP_001365539.2:p.Val2123Ala,0.215,24.0,['Unknown%20significance'],66.74,0.38,0.0,0.9,0.9
OTOGL,12,80367600,NM_001378610.3:c.6371T>C,NP_001365539.2:p.Leu2124Ser,0.547,27.3,['Unknown%20significance'],1.93,0.01,0.0,2.4,2.4
OTOGL,12,80367601,NM_001378610.3:c.6372G>T,NP_001365539.2:p.Leu2124Phe,0.266,24.5,['Unknown%20significance'],1.93,0.01,0.0,-0.8,0.8
OTOGL,12,80367602,NM_001378610.3:c.6373A>C,NP_001365539.2:p.Asn2125His,0.049,19.90,['Unknown%20significance'],85.24,0.53,0.0,-0.4,0.4
OTOGL,12,80367602,NM_001378610.3:c.6373A>G,NP_001365539.2:p.Asn2125Asp,0.093,21.9,['Likely%20benign'],85.24,0.53,0.0,0.3,0.3
OTOGL,12,80367603,NM_001378610.3:c.6374A>T,NP_001365539.2:p.Asn2125Ile,0.106,23.0,['Unknown%20significance'],85.24,0.53,0.0,-0.4,0.4
OTOGL,12,80367604,NM_001378610.3:c.6375T>A,NP_001365539.2:p.Asn2125Lys,0.034,15.48,['Likely%20benign'],85.24,0.53,0.0,0.0,0.0
OTOGL,12,80367605,NM_001378610.3:c.6376C>A,NP_001365539.2:p.Pro2126Thr,0.257,24.7,['Unknown%20significance'],65.17,0.41,0.0,0.6,0.6
OTOGL,12,80367605,NM_001378610.3:c.6376C>T,NP_001365539.2:p.Pro2126Ser,0.256,25.0,['Unknown%20significance'],65.17,0.41,0.0,0.7,0.7
OTOGL,12,80367606,NM_001378610.3:c.6377C>A,NP_001365539.2:p.Pro2126His,0.273,22.6,['Unknown%20significance'],65.17,0.41,0.0,0.4,0.4
OTOGL,12,80367606,NM_001378610.3:c.6377C>T,NP_001365539.2:p.Pro2126Leu,0.180,22.9,['Unknown%20significance'],65.17,0.41,0.0,0.4,0.4
OTOGL,12,80367608,NM_001378610.3:c.6379G>A,NP_001365539.2:p.Gly2127Arg,0.202,28.1,['Unknown%20significance'],66.78,0.7,0.0,0.3,0.3
OTOGL,12,80367609,NM_001378610.3:c.6380G>A,NP_001365539.2:p.Gly2127Glu,0.430,27.0,['Unknown%20significance'],66.78,0.7,0.0,0.5,0.5
OTOGL,12,80367609,NM_001378610.3:c.6380G>C,NP_001365539.2:p.Gly2127Ala,0.356,26.3,['Unknown%20significance'],66.78,0.7,0.0,0.3,0.3
OTOGL,12,80367609,NM_001378610.3:c.6380G>T,NP_001365539.2:p.Gly2127Val,0.414,27.5,['Unknown%20significance'],66.78,0.7,0.0,0.3,0.3
OTOGL,12,80367611,NM_001378610.3:c.6382C>A,NP_001365539.2:p.Gln2128Lys,0.102,22.8,['Unknown%20significance'],54.95,0.27,0.0,0.5,0.5
OTOGL,12,80367611,NM_001378610.3:c.6382C>G,NP_001365539.2:p.Gln2128Glu,0.054,22.1,['Unknown%20significance'],54.95,0.27,0.0,0.4,0.4
OTOGL,12,80367612,NM_001378610.3:c.6383A>C,NP_001365539.2:p.Gln2128Pro,0.229,21.1,['Unknown%20significance'],54.95,0.27,0.0,0.6,0.6
OTOGL,12,80367612,NM_001378610.3:c.6383A>G,NP_001365539.2:p.Gln2128Arg,0.185,23.0,['Unknown%20significance'],54.95,0.27,0.0,-0.2,0.2
OTOGL,12,80367613,NM_001378610.3:c.6384A>T,NP_001365539.2:p.Gln2128His,0.160,22.4,['Unknown%20significance'],54.95,0.27,0.0,-0.1,0.1
OTOGL,12,80367614,NM_001378610.3:c.6385T>C,NP_001365539.2:p.Ser2129Pro,0.257,24.2,['Unknown%20significance'],44.5,0.32,0.0,0.1,0.1
OTOGL,12,80367615,NM_001378610.3:c.6386C>A,NP_001365539.2:p.Ser2129Tyr,0.285,24.7,['Unknown%20significance'],44.5,0.32,0.0,-0.8,0.8
OTOGL,12,80367615,NM_001378610.3:c.6386C>G,NP_001365539.2:p.Ser2129Cys,0.252,25.0,['Unknown%20significance'],44.5,0.32,0.0,-0.3,0.3
OTOGL,12,80367617,NM_001378610.3:c.6388A>G,NP_001365539.2:p.Met2130Val,0.022,8.927,['Likely%20benign'],18.81,0.08,0.0,-0.3,0.3
OTOGL,12,80367618,NM_001378610.3:c.6389T>A,NP_001365539.2:p.Met2130Lys,0.172,23.7,['Unknown%20significance'],18.81,0.08,0.0,1.8,1.8
OTOGL,12,80367618,NM_001378610.3:c.6389T>C,NP_001365539.2:p.Met2130Thr,0.126,23.3,['Unknown%20significance'],18.81,0.08,0.0,1.0,1.0
OTOGL,12,80367619,NM_001378610.3:c.6390G>A,NP_001365539.2:p.Met2130Ile,0.012,15.73,['Likely%20benign'],18.81,0.08,0.0,-0.4,0.4
OTOGL,12,80367619,NM_001378610.3:c.6390G>T,NP_001365539.2:p.Met2130Ile,0.012,15.52,['Likely%20benign'],18.81,0.08,0.0,-0.4,0.4
OTOGL,12,80367620,NM_001378610.3:c.6391A>G,NP_001365539.2:p.Ile2131Val,0.112,17.24,['Unknown%20significance'],4.84,0.02,0.0,0.1,0.1
OTOGL,12,80367621,NM_001378610.3:c.6392T>C,NP_001365539.2:p.Ile2131Thr,0.047,21.9,['Likely%20benign'],4.84,0.02,0.0,1.2,1.2
OTOGL,12,80367623,NM_001378610.3:c.6394A>G,NP_001365539.2:p.Lys2132Glu,0.078,19.54,['Unknown%20significance'],62.03,0.26,0.0,-0.1,0.1
OTOGL,12,80367624,NM_001378610.3:c.6395A>G,NP_001365539.2:p.Lys2132Arg,0.032,23.4,['Unknown%20significance'],62.03,0.26,0.0,-0.6,0.6
OTOGL,12,80367625,NM_001378610.3:c.6396G>T,NP_001365539.2:p.Lys2132Asn,0.069,23.5,['Unknown%20significance'],62.03,0.26,0.0,-0.1,0.1
OTOGL,12,80367626,NM_001378610.3:c.6397T>C,NP_001365539.2:p.Tyr2133His,0.166,19.08,['Unknown%20significance'],67.91,0.28,0.0,1.0,1.0
OTOGL,12,80367629,NM_001378610.3:c.6400T>A,NP_001365539.2:p.Leu2134Met,0.066,22.5,['Unknown%20significance'],110.72,0.57,0.0,0.1,0.1
OTOGL,12,80367630,NM_001378610.3:c.6401T>C,NP_001365539.2:p.Leu2134Ser,0.110,16.65,['Likely%20benign'],110.72,0.57,0.0,0.5,0.5
OTOGL,12,80367631,NM_001378610.3:c.6402G>C,NP_001365539.2:p.Leu2134Phe,0.020,14.32,['Likely%20benign'],110.72,0.57,0.0,-0.1,0.1
OTOGL,12,80367631,NM_001378610.3:c.6402G>T,NP_001365539.2:p.Leu2134Phe,0.026,14.65,['Benign'],110.72,0.57,0.0,-0.1,0.1
OTOGL,12,80367632,NM_001378610.3:c.6403G>A,NP_001365539.2:p.Glu2135Lys,0.137,22.0,['Unknown%20significance'],119.86,0.61,0.0,0.0,0.0
OTOGL,12,80367632,NM_001378610.3:c.6403G>C,NP_001365539.2:p.Glu2135Gln,0.142,21.2,['Unknown%20significance'],119.86,0.61,0.0,-0.2,0.2
OTOGL,12,80367633,NM_001378610.3:c.6404A>G,NP_001365539.2:p.Glu2135Gly,0.263,23.1,['Unknown%20significance'],119.86,0.61,0.0,0.3,0.3
OTOGL,12,80367633,NM_001378610.3:c.6404A>T,NP_001365539.2:p.Glu2135Val,0.341,24.6,['Unknown%20significance'],119.86,0.61,0.0,-0.1,0.1
OTOGL,12,80367635,NM_001378610.3:c.6406G>C,NP_001365539.2:p.Glu2136Gln,0.088,22.4,['Unknown%20significance'],130.44,0.66,0.0,-0.2,0.2
OTOGL,12,80367636,NM_001378610.3:c.6407A>G,NP_001365539.2:p.Glu2136Gly,0.047,15.32,['Likely%20benign'],130.44,0.66,0.0,0.1,0.1
OTOGL,12,80367638,NM_001378610.3:c.6409G>A,NP_001365539.2:p.Asp2137Asn,0.052,22.4,['Unknown%20significance'],51.22,0.32,0.0,-0.2,0.2
OTOGL,12,80367638,NM_001378610.3:c.6409G>T,NP_001365539.2:p.Asp2137Tyr,0.157,25.4,['Unknown%20significance'],51.22,0.32,0.0,-0.6,0.6
OTOGL,12,80367639,NM_001378610.3:c.6410A>C,NP_001365539.2:p.Asp2137Ala,0.091,23.4,['Unknown%20significance'],51.22,0.32,0.0,0.2,0.2
OTOGL,12,80367639,NM_001378610.3:c.6410A>G,NP_001365539.2:p.Asp2137Gly,0.088,17.51,['Unknown%20significance'],51.22,0.32,0.0,0.6,0.6
OTOGL,12,80367640,NM_001378610.3:c.6411C>A,NP_001365539.2:p.Asp2137Glu,0.052,11.69,['Likely%20benign'],51.22,0.32,0.0,0.2,0.2
OTOGL,12,80367640,NM_001378610.3:c.6411C>G,NP_001365539.2:p.Asp2137Glu,0.051,12.37,['Likely%20benign'],51.22,0.32,0.0,0.2,0.2
OTOGL,12,80367644,NM_001378610.3:c.6415T>A,NP_001365539.2:p.Cys2139Ser,0.669,26.4,['Unknown%20significance'],0.0,0.0,0.0,4.8,4.8
OTOGL,12,80367645,NM_001378610.3:c.6416G>A,NP_001365539.2:p.Cys2139Tyr,0.709,26.6,['Unknown%20significance'],0.0,0.0,0.0,3.2,3.2
OTOGL,12,80367645,NM_001378610.3:c.6416G>T,NP_001365539.2:p.Cys2139Phe,0.651,27.1,['Unknown%20significance'],0.0,0.0,0.0,3.5,3.5
OTOGL,12,80367648,NM_001378610.3:c.6419A>G,NP_001365539.2:p.Tyr2140Cys,0.380,25.9,['Unknown%20significance'],38.58,0.16,0.0,0.1,0.1
OTOGL,12,80367648,NM_001378610.3:c.6419A>T,NP_001365539.2:p.Tyr2140Phe,0.229,24.5,['Unknown%20significance'],38.58,0.16,0.0,0.2,0.2
OTOGL,12,80367650,NM_001378610.3:c.6421G>A,NP_001365539.2:p.Ala2141Thr,0.031,9.384,['Benign'],10.79,0.08,0.0,-0.4,0.4
OTOGL,12,80367650,NM_001378610.3:c.6421G>T,NP_001365539.2:p.Ala2141Ser,0.011,13.35,['Likely%20benign'],10.79,0.08,0.0,0.1,0.1
OTOGL,12,80367651,NM_001378610.3:c.6422C>A,NP_001365539.2:p.Ala2141Asp,0.045,18.73,['Likely%20benign'],10.79,0.08,0.0,0.6,0.6
OTOGL,12,80367651,NM_001378610.3:c.6422C>G,NP_001365539.2:p.Ala2141Gly,0.045,18.45,['Likely%20benign'],10.79,0.08,0.0,1.1,1.1
OTOGL,12,80367653,NM_001378610.3:c.6424A>G,NP_001365539.2:p.Ile2142Val,0.030,2.411,['Unknown%20significance'],0.0,0.0,0.0,0.0,0.0
OTOGL,12,80367653,NM_001378610.3:c.6424A>T,NP_001365539.2:p.Ile2142Leu,0.063,7.596,['Likely%20benign'],0.0,0.0,0.0,0.2,0.2
OTOGL,12,80367654,NM_001378610.3:c.6425T>A,NP_001365539.2:p.Ile2142Lys,0.121,18.35,['Unknown%20significance'],0.0,0.0,0.0,2.7,2.7
OTOGL,12,80367654,NM_001378610.3:c.6425T>C,NP_001365539.2:p.Ile2142Thr,0.058,13.96,['Likely%20benign'],0.0,0.0,0.0,1.3,1.3
OTOGL,12,80367655,NM_001378610.3:c.6426A>G,NP_001365539.2:p.Ile2142Met,0.042,13.88,['Unknown%20significance'],0.0,0.0,0.0,0.6,0.6
OTOGL,12,80367656,NM_001378610.3:c.6427G>A,NP_001365539.2:p.Glu2143Lys,0.039,22.5,['Unknown%20significance'],52.83,0.27,0.0,0.1,0.1
OTOGL,12,80367657,NM_001378610.3:c.6428A>C,NP_001365539.2:p.Glu2143Ala,0.124,22.9,['Unknown%20significance'],52.83,0.27,0.0,-0.4,0.4
OTOGL,12,80367657,NM_001378610.3:c.6428A>T,NP_001365539.2:p.Glu2143Val,0.181,24.8,['Unknown%20significance'],52.83,0.27,0.0,-1.5,1.5
OTOGL,12,80367658,NM_001378610.3:c.6429G>C,NP_001365539.2:p.Glu2143Asp,0.040,15.12,['Likely%20benign'],52.83,0.27,0.0,0.2,0.2
OTOGL,12,80367658,NM_001378610.3:c.6429G>T,NP_001365539.2:p.Glu2143Asp,0.040,15.10,['Likely%20benign'],52.83,0.27,0.0,0.2,0.2
OTOGL,12,80367659,NM_001378610.3:c.6430T>A,NP_001365539.2:p.Cys2144Ser,0.771,26.4,['Unknown%20significance'],0.0,0.0,0.0,5.2,5.2
OTOGL,12,80367659,NM_001378610.3:c.6430T>C,NP_001365539.2:p.Cys2144Arg,0.790,27.7,['Unknown%20significance'],0.0,0.0,0.0,5.1,5.1
OTOGL,12,80367660,NM_001378610.3:c.6431G>A,NP_001365539.2:p.Cys2144Tyr,0.765,27.1,['Unknown%20significance'],0.0,0.0,0.0,3.6,3.6
OTOGL,12,80367660,NM_001378610.3:c.6431G>C,NP_001365539.2:p.Cys2144Ser,0.776,26.6,['Unknown%20significance'],0.0,0.0,0.0,5.2,5.2
OTOGL,12,80367660,NM_001378610.3:c.6431G>T,NP_001365539.2:p.Cys2144Phe,0.764,27.4,['Unknown%20significance'],0.0,0.0,0.0,3.7,3.7
OTOGL,12,80367662,NM_001378610.3:c.6433C>A,NP_001365539.2:p.Leu2145Met,0.123,22.8,['Unknown%20significance'],50.55,0.26,0.0,0.1,0.1
OTOGL,12,80367662,NM_001378610.3:c.6433C>G,NP_001365539.2:p.Leu2145Val,0.081,22.3,['Unknown%20significance'],50.55,0.26,0.0,-0.1,0.1
OTOGL,12,80367663,NM_001378610.3:c.6434T>A,NP_001365539.2:p.Leu2145Gln,0.167,23.0,['Unknown%20significance'],50.55,0.26,0.0,0.6,0.6
OTOGL,12,80367663,NM_001378610.3:c.6434T>C,NP_001365539.2:p.Leu2145Pro,0.216,24.8,['Unknown%20significance'],50.55,0.26,0.0,1.1,1.1
OTOGL,12,80367665,NM_001378610.3:c.6436G>A,NP_001365539.2:p.Glu2146Lys,0.060,22.3,['Unknown%20significance'],158.34,0.81,0.0,0.1,0.1
OTOGL,12,80367665,NM_001378610.3:c.6436G>C,NP_001365539.2:p.Glu2146Gln,0.047,16.99,['Likely%20benign'],158.34,0.81,0.0,-0.1,0.1
OTOGL,12,80367666,NM_001378610.3:c.6437A>G,NP_001365539.2:p.Glu2146Gly,0.080,23.0,['Unknown%20significance'],158.34,0.81,0.0,0.2,0.2
OTOGL,12,80367667,NM_001378610.3:c.6438A>T,NP_001365539.2:p.Glu2146Asp,0.012,13.16,['Likely%20benign'],158.34,0.81,0.0,0.0,0.0
OTOGL,12,80367668,NM_001378610.3:c.6439G>A,NP_001365539.2:p.Glu2147Lys,0.163,22.3,['Unknown%20significance'],117.59,0.6,0.0,0.0,0.0
OTOGL,12,80367669,NM_001378610.3:c.6440A>G,NP_001365539.2:p.Glu2147Gly,0.145,20.6,['Unknown%20significance'],117.59,0.6,0.0,0.3,0.3
OTOGL,12,80367669,NM_001378610.3:c.6440A>T,NP_001365539.2:p.Glu2147Val,0.100,19.55,['Unknown%20significance'],117.59,0.6,0.0,-0.2,0.2
OTOGL,12,80367671,NM_001378610.3:c.6442A>C,NP_001365539.2:p.Lys2148Gln,0.144,24.4,['Unknown%20significance'],93.41,0.39,0.0,-0.2,0.2
OTOGL,12,80367671,NM_001378610.3:c.6442A>G,NP_001365539.2:p.Lys2148Glu,0.226,24.8,['Unknown%20significance'],93.41,0.39,0.0,0.2,0.2
OTOGL,12,80367672,NM_001378610.3:c.6443A>C,NP_001365539.2:p.Lys2148Thr,0.161,24.0,['Unknown%20significance'],93.41,0.39,0.0,-0.2,0.2
OTOGL,12,80367673,NM_001378610.3:c.6444A>T,NP_001365539.2:p.Lys2148Asn,0.210,23.9,['Unknown%20significance'],93.41,0.39,0.0,-0.0,0.0
OTOGL,12,80367674,NM_001378610.3:c.6445G>A,NP_001365539.2:p.Asp2149Asn,0.090,23.5,['Unknown%20significance'],50.31,0.31,0.0,0.0,0.0
OTOGL,12,80367674,NM_001378610.3:c.6445G>T,NP_001365539.2:p.Asp2149Tyr,0.373,25.5,['Unknown%20significance'],50.31,0.31,0.0,-0.4,0.4
OTOGL,12,80367677,NM_001378610.3:c.6448A>G,NP_001365539.2:p.Asn2150Asp,0.028,22.9,['Unknown%20significance'],160.64,1.0,0.0,0.0,0.0
OTOGL,12,80367678,NM_001378610.3:c.6449A>G,NP_001365539.2:p.Asn2150Ser,0.058,19.98,['Likely%20benign'],160.64,1.0,0.0,-0.0,0.0
OTOGL,12,80367679,NM_001378610.3:c.6450C>A,NP_001365539.2:p.Asn2150Lys,0.022,15.94,['Unknown%20significance'],160.64,1.0,0.0,0.0,0.0
OTOGL,12,80367679,NM_001378610.3:c.6450C>G,NP_001365539.2:p.Asn2150Lys,0.022,16.13,['Unknown%20significance'],160.64,1.0,0.0,0.0,0.0
OTOGL,12,80367680,NM_001378610.3:c.6451C>A,NP_001365539.2:p.His2151Asn,0.041,3.048,['Likely%20benign'],200.17,0.97,0.0,0.0,0.0
OTOGL,12,80367680,NM_001378610.3:c.6451C>G,NP_001365539.2:p.His2151Asp,0.048,4.375,['Likely%20benign'],200.17,0.97,0.0,0.1,0.1
OTOGL,12,80367680,NM_001378610.3:c.6451C>T,NP_001365539.2:p.His2151Tyr,0.064,1.038,['Likely%20benign'],200.17,0.97,0.0,-0.0,0.0
OTOGL,12,80367681,NM_001378610.3:c.6452A>G,NP_001365539.2:p.His2151Arg,0.027,7.340,['Likely%20benign'],200.17,0.97,0.0,-0.0,0.0
OTOGL,12,80367682,NM_001378610.3:c.6453T>A,NP_001365539.2:p.His2151Gln,0.017,1.610,['Likely%20benign'],200.17,0.97,0.0,0.0,0.0
OTOGL,12,80367683,NM_001378610.3:c.6454A>G,NP_001365539.2:p.Thr2152Ala,0.263,23.4,['Unknown%20significance'],64.17,0.4,0.0,0.6,0.6
OTOGL,12,80367683,NM_001378610.3:c.6454A>T,NP_001365539.2:p.Thr2152Ser,0.105,20.8,['Unknown%20significance'],64.17,0.4,0.0,0.5,0.5
OTOGL,12,80367684,NM_001378610.3:c.6455C>A,NP_001365539.2:p.Thr2152Lys,0.185,23.8,['Unknown%20significance'],64.17,0.4,0.0,0.9,0.9
OTOGL,12,80367684,NM_001378610.3:c.6455C>T,NP_001365539.2:p.Thr2152Met,0.188,22.5,['Unknown%20significance'],64.17,0.4,0.0,0.2,0.2
OTOGL,12,80367686,NM_001378610.3:c.6457G>A,NP_001365539.2:p.Gly2153Ser,0.179,23.6,['Unknown%20significance'],25.89,0.27,0.0,-0.1,0.1
OTOGL,12,80367686,NM_001378610.3:c.6457G>T,NP_001365539.2:p.Gly2153Cys,0.323,26.3,['Unknown%20significance'],25.89,0.27,0.0,-0.0,0.0
OTOGL,12,80367687,NM_001378610.3:c.6458G>A,NP_001365539.2:p.Gly2153Asp,0.122,21.4,['Unknown%20significance'],25.89,0.27,0.0,0.1,0.1
OTOGL,12,80367687,NM_001378610.3:c.6458G>C,NP_001365539.2:p.Gly2153Ala,0.165,24.1,['Unknown%20significance'],25.89,0.27,0.0,-0.2,0.2
OTOGL,12,80367687,NM_001378610.3:c.6458G>T,NP_001365539.2:p.Gly2153Val,0.299,24.5,['Unknown%20significance'],25.89,0.27,0.0,-0.4,0.4
OTOGL,12,80367689,NM_001378610.3:c.6460T>C,NP_001365539.2:p.Phe2154Leu,0.180,24.1,['Unknown%20significance'],16.27,0.07,0.0,0.1,0.1
OTOGL,12,80367689,NM_001378610.3:c.6460T>G,NP_001365539.2:p.Phe2154Val,0.213,23.9,['Unknown%20significance'],16.27,0.07,0.0,0.7,0.7
OTOGL,12,80367690,NM_001378610.3:c.6461T>C,NP_001365539.2:p.Phe2154Ser,0.181,25.2,['Unknown%20significance'],16.27,0.07,0.0,2.3,2.3
OTOGL,12,80367690,NM_001378610.3:c.6461T>G,NP_001365539.2:p.Phe2154Cys,0.198,25.2,['Unknown%20significance'],16.27,0.07,0.0,1.3,1.3
OTOGL,12,80367691,NM_001378610.3:c.6462T>A,NP_001365539.2:p.Phe2154Leu,0.070,22.4,['Unknown%20significance'],16.27,0.07,0.0,0.1,0.1
OTOGL,12,80367692,NM_001378610.3:c.6463C>A,NP_001365539.2:p.His2155Asn,0.079,18.58,['Unknown%20significance'],18.19,0.08,0.0,0.7,0.7
OTOGL,12,80367692,NM_001378610.3:c.6463C>T,NP_001365539.2:p.His2155Tyr,0.039,14.98,['Unknown%20significance'],18.19,0.08,0.0,-1.2,1.2
OTOGL,12,80367693,NM_001378610.3:c.6464A>G,NP_001365539.2:p.His2155Arg,0.086,22.2,['Unknown%20significance'],18.19,0.08,0.0,0.2,0.2
OTOGL,12,80367693,NM_001378610.3:c.6464A>T,NP_001365539.2:p.His2155Leu,0.117,22.6,['Unknown%20significance'],18.19,0.08,0.0,-0.6,0.6
OTOGL,12,80367694,NM_001378610.3:c.6465C>A,NP_001365539.2:p.His2155Gln,0.057,17.93,['Unknown%20significance'],18.19,0.08,0.0,0.7,0.7
OTOGL,12,80367694,NM_001378610.3:c.6465C>G,NP_001365539.2:p.His2155Gln,0.054,18.04,['Unknown%20significance'],18.19,0.08,0.0,0.7,0.7
OTOGL,12,80367695,NM_001378610.3:c.6466A>C,NP_001365539.2:p.Thr2156Pro,0.153,17.86,['Unknown%20significance'],36.57,0.23,0.0,0.9,0.9
OTOGL,12,80367695,NM_001378610.3:c.6466A>G,NP_001365539.2:p.Thr2156Ala,0.070,14.21,['Likely%20benign'],36.57,0.23,0.0,0.2,0.2
OTOGL,12,80367695,NM_001378610.3:c.6466A>T,NP_001365539.2:p.Thr2156Ser,0.081,14.50,['Likely%20benign'],36.57,0.23,0.0,0.7,0.7
OTOGL,12,80367696,NM_001378610.3:c.6467C>A,NP_001365539.2:p.Thr2156Asn,0.081,19.33,['Likely%20benign'],36.57,0.23,0.0,0.7,0.7
OTOGL,12,80367696,NM_001378610.3:c.6467C>G,NP_001365539.2:p.Thr2156Ser,0.044,14.62,['Likely%20benign'],36.57,0.23,0.0,0.7,0.7
OTOGL,12,80367696,NM_001378610.3:c.6467C>T,NP_001365539.2:p.Thr2156Ile,0.063,15.88,['Likely%20benign'],36.57,0.23,0.0,-1.1,1.1
OTOGL,12,80367698,NM_001378610.3:c.6469C>A,NP_001365539.2:p.Leu2157Met,0.040,8.485,['Likely%20benign'],50.86,0.26,0.0,0.2,0.2
OTOGL,12,80367698,NM_001378610.3:c.6469C>G,NP_001365539.2:p.Leu2157Val,0.034,9.879,['Likely%20benign'],50.86,0.26,0.0,-0.4,0.4
OTOGL,12,80367699,NM_001378610.3:c.6470T>A,NP_001365539.2:p.Leu2157Gln,0.339,25.6,['Unknown%20significance'],50.86,0.26,0.0,1.5,1.5
OTOGL,12,80367699,NM_001378610.3:c.6470T>C,NP_001365539.2:p.Leu2157Pro,0.404,26.1,['Unknown%20significance'],50.86,0.26,0.0,1.7,1.7
OTOGL,12,80367701,NM_001378610.3:c.6472A>G,NP_001365539.2:p.Asn2158Asp,0.090,21.0,['Unknown%20significance'],45.71,0.28,0.0,0.3,0.3
OTOGL,12,80367702,NM_001378610.3:c.6473A>G,NP_001365539.2:p.Asn2158Ser,0.076,18.60,['Unknown%20significance'],45.71,0.28,0.0,-0.1,0.1
OTOGL,12,80367702,NM_001378610.3:c.6473A>T,NP_001365539.2:p.Asn2158Ile,0.145,23.3,['Unknown%20significance'],45.71,0.28,0.0,-0.9,0.9
OTOGL,12,80367703,NM_001378610.3:c.6474T>A,NP_001365539.2:p.Asn2158Lys,0.030,19.67,['Unknown%20significance'],45.71,0.28,0.0,0.2,0.2
OTOGL,12,80367703,NM_001378610.3:c.6474T>G,NP_001365539.2:p.Asn2158Lys,0.054,19.84,['Unknown%20significance'],45.71,0.28,0.0,0.2,0.2
OTOGL,12,80367704,NM_001378610.3:c.6475T>C,NP_001365539.2:p.Phe2159Leu,0.031,17.81,['Unknown%20significance'],115.3,0.5,0.0,-0.0,0.0
OTOGL,12,80367705,NM_001378610.3:c.6476T>C,NP_001365539.2:p.Phe2159Ser,0.163,24.2,['Unknown%20significance'],115.3,0.5,0.0,0.6,0.6
OTOGL,12,80367705,NM_001378610.3:c.6476T>G,NP_001365539.2:p.Phe2159Cys,0.106,24.2,['Unknown%20significance'],115.3,0.5,0.0,-1.1,1.1
OTOGL,12,80367706,NM_001378610.3:c.6477T>A,NP_001365539.2:p.Phe2159Leu,0.022,14.75,['Likely%20benign'],115.3,0.5,0.0,-0.0,0.0
OTOGL,12,80367707,NM_001378610.3:c.6478A>G,NP_001365539.2:p.Thr2160Ala,0.059,21.4,['Unknown%20significance'],70.67,0.44,0.0,0.3,0.3
OTOGL,12,80367707,NM_001378610.3:c.6478A>T,NP_001365539.2:p.Thr2160Ser,0.045,15.07,['Unknown%20significance'],70.67,0.44,0.0,0.3,0.3
OTOGL,12,80367708,NM_001378610.3:c.6479C>A,NP_001365539.2:p.Thr2160Lys,0.136,21.9,['Unknown%20significance'],70.67,0.44,0.0,0.6,0.6
OTOGL,12,80367708,NM_001378610.3:c.6479C>G,NP_001365539.2:p.Thr2160Arg,0.150,23.2,['Unknown%20significance'],70.67,0.44,0.0,0.1,0.1
OTOGL,12,80367708,NM_001378610.3:c.6479C>T,NP_001365539.2:p.Thr2160Ile,0.105,20.5,['Unknown%20significance'],70.67,0.44,0.0,-0.3,0.3
OTOGL,12,80367710,NM_001378610.3:c.6481C>A,NP_001365539.2:p.Leu2161Met,0.027,0.290,['Likely%20benign'],142.53,0.73,0.0,0.0,0.0
OTOGL,12,80367710,NM_001378610.3:c.6481C>G,NP_001365539.2:p.Leu2161Val,0.024,0.162,['Likely%20benign'],142.53,0.73,0.0,-0.0,0.0
OTOGL,12,80367711,NM_001378610.3:c.6482T>A,NP_001365539.2:p.Leu2161Gln,0.055,23.7,['Unknown%20significance'],142.53,0.73,0.0,0.1,0.1
OTOGL,12,80367711,NM_001378610.3:c.6482T>C,NP_001365539.2:p.Leu2161Pro,0.074,21.9,['Unknown%20significance'],142.53,0.73,0.0,0.2,0.2
OTOGL,12,80367713,NM_001378610.3:c.6484G>A,NP_001365539.2:p.Val2162Met,0.037,19.62,['Unknown%20significance'],42.33,0.24,0.0,0.4,0.4
OTOGL,12,80367713,NM_001378610.3:c.6484G>T,NP_001365539.2:p.Val2162Leu,0.012,21.8,['Likely%20benign'],42.33,0.24,0.0,0.4,0.4
OTOGL,12,80367714,NM_001378610.3:c.6485T>A,NP_001365539.2:p.Val2162Glu,0.059,24.2,['Unknown%20significance'],42.33,0.24,0.0,1.8,1.8
OTOGL,12,80367714,NM_001378610.3:c.6485T>C,NP_001365539.2:p.Val2162Ala,0.033,22.6,['Unknown%20significance'],42.33,0.24,0.0,1.4,1.4
OTOGL,12,80367716,NM_001378610.3:c.6487A>G,NP_001365539.2:p.Asn2163Asp,0.267,23.2,['Unknown%20significance'],94.4,0.59,0.0,0.3,0.3
OTOGL,12,80367716,NM_001378610.3:c.6487A>T,NP_001365539.2:p.Asn2163Tyr,0.425,27.8,['Unknown%20significance'],94.4,0.59,0.0,-0.5,0.5
OTOGL,12,80367717,NM_001378610.3:c.6488A>C,NP_001365539.2:p.Asn2163Thr,0.344,24.2,['Unknown%20significance'],94.4,0.59,0.0,-0.2,0.2
OTOGL,12,80367717,NM_001378610.3:c.6488A>G,NP_001365539.2:p.Asn2163Ser,0.224,32,['Unknown%20significance'],94.4,0.59,0.0,0.0,0.0
OTOGL,12,80367717,NM_001378610.3:c.6488A>T,NP_001365539.2:p.Asn2163Ile,0.439,26.6,['Unknown%20significance'],94.4,0.59,0.0,-0.5,0.5
OTOGL,12,80367718,NM_001378610.3:c.6489T>A,NP_001365539.2:p.Asn2163Lys,0.219,17.70,['Unknown%20significance'],94.4,0.59,0.0,0.2,0.2
OTOGL,12,80367719,NM_001378610.3:c.6490T>A,NP_001365539.2:p.Cys2164Ser,0.656,27.0,['Unknown%20significance'],0.8,0.0,0.0,5.1,5.1
OTOGL,12,80367719,NM_001378610.3:c.6490T>C,NP_001365539.2:p.Cys2164Arg,0.752,26.2,['Unknown%20significance'],0.8,0.0,0.0,4.9,4.9
OTOGL,12,80367719,NM_001378610.3:c.6490T>G,NP_001365539.2:p.Cys2164Gly,0.731,25.8,['Unknown%20significance'],0.8,0.0,0.0,6.0,6.0
OTOGL,12,80367720,NM_001378610.3:c.6491G>A,NP_001365539.2:p.Cys2164Tyr,0.722,27.8,['Unknown%20significance'],0.8,0.0,0.0,3.6,3.6
OTOGL,12,80367720,NM_001378610.3:c.6491G>C,NP_001365539.2:p.Cys2164Ser,0.722,26.0,['Unknown%20significance'],0.8,0.0,0.0,5.1,5.1
OTOGL,12,80367720,NM_001378610.3:c.6491G>T,NP_001365539.2:p.Cys2164Phe,0.716,28.4,['Unknown%20significance'],0.8,0.0,0.0,3.9,3.9
OTOGL,12,80367722,NM_001378610.3:c.6493T>A,NP_001365539.2:p.Ser2165Thr,0.226,23.6,['Unknown%20significance'],69.13,0.5,0.0,-0.1,0.1
OTOGL,12,80367722,NM_001378610.3:c.6493T>C,NP_001365539.2:p.Ser2165Pro,0.425,26.3,['Unknown%20significance'],69.13,0.5,0.0,0.2,0.2
OTOGL,12,80367723,NM_001378610.3:c.6494C>T,NP_001365539.2:p.Ser2165Leu,0.493,29.9,['Unknown%20significance'],69.13,0.5,0.0,-0.0,0.0
OTOGL,12,80367725,NM_001378610.3:c.6496A>G,NP_001365539.2:p.Lys2166Glu,0.063,22.3,['Likely%20benign'],125.56,0.53,0.0,-0.0,0.0
OTOGL,12,80367729,NM_001378610.3:c.6500A>G,NP_001365539.2:p.Lys2167Arg,0.040,18.87,['Likely%20benign'],227.98,0.96,0.0,-0.1,0.1
OTOGL,12,80367729,NM_001378610.3:c.6500A>T,NP_001365539.2:p.Lys2167Ile,0.091,23.3,['Unknown%20significance'],227.98,0.96,0.0,-0.1,0.1
OTOGL,12,80367731,NM_001378610.3:c.6502T>C,NP_001365539.2:p.Cys2168Arg,0.745,26.6,['Unknown%20significance'],45.73,0.29,0.0,2.5,2.5
OTOGL,12,80367732,NM_001378610.3:c.6503G>A,NP_001365539.2:p.Cys2168Tyr,0.734,28.3,['Unknown%20significance'],45.73,0.29,0.0,1.8,1.8
OTOGL,12,80367732,NM_001378610.3:c.6503G>T,NP_001365539.2:p.Cys2168Phe,0.741,29.0,['Unknown%20significance'],45.73,0.29,0.0,2.0,2.0
OTOGL,12,80367734,NM_001378610.3:c.6505G>A,NP_001365539.2:p.Asp2169Asn,0.098,26.4,['Unknown%20significance'],75.22,0.47,0.0,-0.1,0.1
OTOGL,12,80367734,NM_001378610.3:c.6505G>C,NP_001365539.2:p.Asp2169His,0.218,24.8,['Unknown%20significance'],75.22,0.47,0.0,-0.3,0.3
OTOGL,12,80367734,NM_001378610.3:c.6505G>T,NP_001365539.2:p.Asp2169Tyr,0.340,29.6,['Unknown%20significance'],75.22,0.47,0.0,-0.5,0.5
OTOGL,12,80367735,NM_001378610.3:c.6506A>G,NP_001365539.2:p.Asp2169Gly,0.103,22.7,['Unknown%20significance'],75.22,0.47,0.0,0.4,0.4
OTOGL,12,80367736,NM_001378610.3:c.6507T>A,NP_001365539.2:p.Asp2169Glu,0.019,7.481,['Likely%20benign'],75.22,0.47,0.0,-0.0,0.0
OTOGL,12,80367737,NM_001378610.3:c.6508G>A,NP_001365539.2:p.Val2170Ile,0.061,9.753,['Likely%20benign'],157.81,0.91,0.0,0.0,0.0
OTOGL,12,80367738,NM_001378610.3:c.6509T>A,NP_001365539.2:p.Val2170Asp,0.114,19.95,['Likely%20benign'],157.81,0.91,0.0,0.1,0.1
OTOGL,12,80368205,NM_001378610.3:c.6511C>A,NP_001365539.2:p.His2171Asn,0.022,16.11,['Unknown%20significance'],17.26,0.08,0.0,0.4,0.4
OTOGL,12,80368205,NM_001378610.3:c.6511C>T,NP_001365539.2:p.His2171Tyr,0.065,25.6,['Unknown%20significance'],17.26,0.08,0.0,-0.7,0.7
OTOGL,12,80368206,NM_001378610.3:c.6512A>G,NP_001365539.2:p.His2171Arg,0.152,27.3,['Unknown%20significance'],17.26,0.08,0.0,0.0,0.0
OTOGL,12,80368206,NM_001378610.3:c.6512A>T,NP_001365539.2:p.His2171Leu,0.246,29.4,['Unknown%20significance'],17.26,0.08,0.0,-0.0,0.0
OTOGL,12,80368207,NM_001378610.3:c.6513C>A,NP_001365539.2:p.His2171Gln,0.147,23.9,['Unknown%20significance'],17.26,0.08,0.0,0.5,0.5
OTOGL,12,80368207,NM_001378610.3:c.6513C>G,NP_001365539.2:p.His2171Gln,0.120,24.5,['Unknown%20significance'],17.26,0.08,0.0,0.5,0.5
OTOGL,12,80368208,NM_001378610.3:c.6514C>A,NP_001365539.2:p.Gln2172Lys,0.340,25.9,['Unknown%20significance'],31.66,0.16,0.0,0.4,0.4
OTOGL,12,80368209,NM_001378610.3:c.6515A>G,NP_001365539.2:p.Gln2172Arg,0.528,26.9,['Unknown%20significance'],31.66,0.16,0.0,-0.4,0.4
OTOGL,12,80368209,NM_001378610.3:c.6515A>T,NP_001365539.2:p.Gln2172Leu,0.625,29.2,['Unknown%20significance'],31.66,0.16,0.0,-0.9,0.9
OTOGL,12,80368210,NM_001378610.3:c.6516G>T,NP_001365539.2:p.Gln2172His,0.414,25.2,['Unknown%20significance'],31.66,0.16,0.0,-0.7,0.7
OTOGL,12,80368211,NM_001378610.3:c.6517G>A,NP_001365539.2:p.Val2173Ile,0.030,12.08,['Unknown%20significance'],87.33,0.5,0.0,-0.0,0.0
OTOGL,12,80368211,NM_001378610.3:c.6517G>T,NP_001365539.2:p.Val2173Leu,0.033,16.69,['Unknown%20significance'],87.33,0.5,0.0,0.1,0.1
OTOGL,12,80368215,NM_001378610.3:c.6521A>G,NP_001365539.2:p.Tyr2174Cys,0.690,28.7,['Unknown%20significance'],30.85,0.12,0.0,1.4,1.4
OTOGL,12,80368217,NM_001378610.3:c.6523A>G,NP_001365539.2:p.Thr2175Ala,0.065,8.462,['Likely%20benign'],42.37,0.26,0.0,0.3,0.3
OTOGL,12,80368217,NM_001378610.3:c.6523A>T,NP_001365539.2:p.Thr2175Ser,0.076,9.060,['Likely%20benign'],42.37,0.26,0.0,0.5,0.5
OTOGL,12,80368218,NM_001378610.3:c.6524C>A,NP_001365539.2:p.Thr2175Asn,0.088,8.681,['Likely%20benign'],42.37,0.26,0.0,0.4,0.4
OTOGL,12,80368220,NM_001378610.3:c.6526C>A,NP_001365539.2:p.Pro2176Thr,0.174,23.4,['Unknown%20significance'],60.56,0.38,0.0,0.0,0.0
OTOGL,12,80368220,NM_001378610.3:c.6526C>T,NP_001365539.2:p.Pro2176Ser,0.201,22.3,['Unknown%20significance'],60.56,0.38,0.0,0.3,0.3
OTOGL,12,80368221,NM_001378610.3:c.6527C>A,NP_001365539.2:p.Pro2176Gln,0.310,26.2,['Unknown%20significance'],60.56,0.38,0.0,0.0,0.0
OTOGL,12,80368223,NM_001378610.3:c.6529T>C,NP_001365539.2:p.Ser2177Pro,0.016,15.02,['Unknown%20significance'],17.34,0.12,0.0,-0.0,0.0
OTOGL,12,80368224,NM_001378610.3:c.6530C>G,NP_001365539.2:p.Ser2177Cys,0.190,25.7,['Unknown%20significance'],17.34,0.12,0.0,-0.2,0.2
OTOGL,12,80368224,NM_001378610.3:c.6530C>T,NP_001365539.2:p.Ser2177Phe,0.210,23.9,['Unknown%20significance'],17.34,0.12,0.0,-0.7,0.7
OTOGL,12,80368226,NM_001378610.3:c.6532C>A,NP_001365539.2:p.Pro2178Thr,0.044,8.452,['Likely%20benign'],152.73,0.97,0.0,-0.0,0.0
OTOGL,12,80368226,NM_001378610.3:c.6532C>G,NP_001365539.2:p.Pro2178Ala,0.051,8.484,['Likely%20benign'],152.73,0.97,0.0,0.0,0.0
OTOGL,12,80368226,NM_001378610.3:c.6532C>T,NP_001365539.2:p.Pro2178Ser,0.029,8.179,['Likely%20benign'],152.73,0.97,0.0,-0.0,0.0
OTOGL,12,80368227,NM_001378610.3:c.6533C>A,NP_001365539.2:p.Pro2178Gln,0.047,12.33,['Likely%20benign'],152.73,0.97,0.0,-0.0,0.0
OTOGL,12,80368227,NM_001378610.3:c.6533C>T,NP_001365539.2:p.Pro2178Leu,0.045,16.29,['Likely%20benign'],152.73,0.97,0.0,-0.0,0.0
OTOGL,12,80368229,NM_001378610.3:c.6535A>G,NP_001365539.2:p.Ser2179Gly,0.133,24.1,['Unknown%20significance'],63.64,0.46,0.0,0.3,0.3
OTOGL,12,80368232,NM_001378610.3:c.6538G>A,NP_001365539.2:p.Asp2180Asn,0.091,24.9,['Unknown%20significance'],42.79,0.26,0.0,-0.2,0.2
OTOGL,12,80368233,NM_001378610.3:c.6539A>T,NP_001365539.2:p.Asp2180Val,0.116,23.9,['Unknown%20significance'],42.79,0.26,0.0,-0.3,0.3
OTOGL,12,80368236,NM_001378610.3:c.6542A>G,NP_001365539.2:p.Tyr2181Cys,0.128,24.0,['Unknown%20significance'],62.47,0.26,0.0,0.4,0.4
OTOGL,12,80368238,NM_001378610.3:c.6544G>T,NP_001365539.2:p.Gly2182Cys,0.072,23.2,['Likely%20benign'],21.68,0.22,0.0,-2.1,2.1
OTOGL,12,80368239,NM_001378610.3:c.6545G>A,NP_001365539.2:p.Gly2182Asp,0.111,19.87,['Likely%20benign'],21.68,0.22,0.0,-0.8,0.8
OTOGL,12,80368241,NM_001378610.3:c.6547T>G,NP_001365539.2:p.Cys2183Gly,0.845,28.0,['Unknown%20significance'],57.76,0.37,0.0,4.0,4.0
OTOGL,12,80368242,NM_001378610.3:c.6548G>T,NP_001365539.2:p.Cys2183Phe,0.807,31,['Unknown%20significance'],57.76,0.37,0.0,2.5,2.5
OTOGL,12,80368244,NM_001378610.3:c.6550T>G,NP_001365539.2:p.Cys2184Gly,0.661,27.7,['Unknown%20significance'],60.57,0.39,0.0,3.5,3.5
OTOGL,12,80368245,NM_001378610.3:c.6551G>A,NP_001365539.2:p.Cys2184Tyr,0.653,29.9,['Unknown%20significance'],60.57,0.39,0.0,2.2,2.2
OTOGL,12,80368245,NM_001378610.3:c.6551G>T,NP_001365539.2:p.Cys2184Phe,0.682,31,['Unknown%20significance'],60.57,0.39,0.0,2.3,2.3
OTOGL,12,80368247,NM_001378610.3:c.6553G>A,NP_001365539.2:p.Gly2185Ser,0.676,32,['Unknown%20significance'],3.36,0.03,0.0,0.2,0.2
OTOGL,12,80368247,NM_001378610.3:c.6553G>T,NP_001365539.2:p.Gly2185Cys,0.606,31,['Unknown%20significance'],3.36,0.03,0.0,-2.3,2.3
OTOGL,12,80368248,NM_001378610.3:c.6554G>A,NP_001365539.2:p.Gly2185Asp,0.636,28.0,['Unknown%20significance'],3.36,0.03,0.0,0.8,0.8
OTOGL,12,80368250,NM_001378610.3:c.6556A>G,NP_001365539.2:p.Thr2186Ala,0.049,21.3,['Unknown%20significance'],92.5,0.58,0.0,0.2,0.2
OTOGL,12,80368251,NM_001378610.3:c.6557C>A,NP_001365539.2:p.Thr2186Asn,0.040,18.74,['Unknown%20significance'],92.5,0.58,0.0,0.2,0.2
OTOGL,12,80368251,NM_001378610.3:c.6557C>T,NP_001365539.2:p.Thr2186Ile,0.054,15.81,['Unknown%20significance'],92.5,0.58,0.0,-0.3,0.3
OTOGL,12,80368253,NM_001378610.3:c.6559T>C,NP_001365539.2:p.Cys2187Arg,0.654,28.5,['Unknown%20significance'],21.99,0.14,0.0,3.7,3.7
OTOGL,12,80368254,NM_001378610.3:c.6560G>A,NP_001365539.2:p.Cys2187Tyr,0.760,29.7,['Unknown%20significance'],21.99,0.14,0.0,2.5,2.5
OTOGL,12,80368254,NM_001378610.3:c.6560G>T,NP_001365539.2:p.Cys2187Phe,0.754,29.6,['Unknown%20significance'],21.99,0.14,0.0,2.8,2.8
OTOGL,12,80368256,NM_001378610.3:c.6562A>C,NP_001365539.2:p.Lys2188Gln,0.078,22.5,['Unknown%20significance'],81.1,0.34,0.0,-0.5,0.5
OTOGL,12,80368257,NM_001378610.3:c.6563A>G,NP_001365539.2:p.Lys2188Arg,0.065,16.46,['Unknown%20significance'],81.1,0.34,0.0,-0.6,0.6
OTOGL,12,80368257,NM_001378610.3:c.6563A>T,NP_001365539.2:p.Lys2188Ile,0.124,22.3,['Unknown%20significance'],81.1,0.34,0.0,-1.3,1.3
OTOGL,12,80368259,NM_001378610.3:c.6565A>G,NP_001365539.2:p.Asn2189Asp,0.269,25.8,['Unknown%20significance'],41.12,0.25,0.0,0.3,0.3
OTOGL,12,80368261,NM_001378610.3:c.6567T>A,NP_001365539.2:p.Asn2189Lys,0.073,23.4,['Unknown%20significance'],41.12,0.25,0.0,0.3,0.3
OTOGL,12,80368262,NM_001378610.3:c.6568G>A,NP_001365539.2:p.Val2190Ile,0.071,7.834,['Likely%20benign'],77.27,0.44,0.0,0.1,0.1
OTOGL,12,80368262,NM_001378610.3:c.6568G>T,NP_001365539.2:p.Val2190Leu,0.022,9.914,['Likely%20benign'],77.27,0.44,0.0,0.2,0.2
OTOGL,12,80368265,NM_001378610.3:c.6571T>A,NP_001365539.2:p.Ser2191Thr,0.205,24.8,['Unknown%20significance'],17.07,0.12,0.0,-0.2,0.2
OTOGL,12,80368266,NM_001378610.3:c.6572C>A,NP_001365539.2:p.Ser2191Tyr,0.517,26.1,['Unknown%20significance'],17.07,0.12,0.0,-1.2,1.2
OTOGL,12,80368266,NM_001378610.3:c.6572C>T,NP_001365539.2:p.Ser2191Phe,0.551,26.8,['Unknown%20significance'],17.07,0.12,0.0,-1.1,1.1
OTOGL,12,80368268,NM_001378610.3:c.6574T>A,NP_001365539.2:p.Cys2192Ser,0.735,26.7,['Unknown%20significance'],1.85,0.01,0.0,4.8,4.8
OTOGL,12,80368268,NM_001378610.3:c.6574T>C,NP_001365539.2:p.Cys2192Arg,0.749,28.9,['Unknown%20significance'],1.85,0.01,0.0,4.7,4.7
OTOGL,12,80368269,NM_001378610.3:c.6575G>A,NP_001365539.2:p.Cys2192Tyr,0.719,30,['Unknown%20significance'],1.85,0.01,0.0,3.1,3.1
OTOGL,12,80368269,NM_001378610.3:c.6575G>T,NP_001365539.2:p.Cys2192Phe,0.719,31,['Unknown%20significance'],1.85,0.01,0.0,2.9,2.9
OTOGL,12,80368270,NM_001378610.3:c.6576C>G,NP_001365539.2:p.Cys2192Trp,0.590,23.6,['Unknown%20significance'],1.85,0.01,0.0,2.8,2.8
OTOGL,12,80368272,NM_001378610.3:c.6578A>T,NP_001365539.2:p.Lys2193Ile,0.122,22.3,['Unknown%20significance'],83.87,0.35,0.0,-1.7,1.7
OTOGL,12,80368274,NM_001378610.3:c.6580T>A,NP_001365539.2:p.Phe2194Ile,0.170,27.0,['Unknown%20significance'],14.23,0.06,0.0,0.3,0.3
OTOGL,12,80368277,NM_001378610.3:c.6583C>A,NP_001365539.2:p.His2195Asn,0.039,11.77,['Likely%20benign'],144.25,0.7,0.0,0.1,0.1
OTOGL,12,80368278,NM_001378610.3:c.6584A>G,NP_001365539.2:p.His2195Arg,0.043,10.53,['Likely%20benign'],144.25,0.7,0.0,-0.0,0.0
OTOGL,12,80368279,NM_001378610.3:c.6585C>A,NP_001365539.2:p.His2195Gln,0.044,0.085,['Likely%20benign'],144.25,0.7,0.0,0.1,0.1
OTOGL,12,80368280,NM_001378610.3:c.6586A>G,NP_001365539.2:p.Met2196Val,0.038,14.74,['Likely%20benign'],40.61,0.18,0.0,0.3,0.3
OTOGL,12,80368280,NM_001378610.3:c.6586A>T,NP_001365539.2:p.Met2196Leu,0.042,15.79,['Likely%20benign'],40.61,0.18,0.0,0.1,0.1
OTOGL,12,80368281,NM_001378610.3:c.6587T>C,NP_001365539.2:p.Met2196Thr,0.031,18.65,['Likely%20benign'],40.61,0.18,0.0,0.4,0.4
OTOGL,12,80368282,NM_001378610.3:c.6588G>A,NP_001365539.2:p.Met2196Ile,0.059,23.3,['Likely%20benign'],40.61,0.18,0.0,0.1,0.1
OTOGL,12,80368282,NM_001378610.3:c.6588G>T,NP_001365539.2:p.Met2196Ile,0.057,22.5,['Likely%20benign'],40.61,0.18,0.0,0.1,0.1
OTOGL,12,80368283,NM_001378610.3:c.6589G>A,NP_001365539.2:p.Glu2197Lys,0.068,23.6,['Unknown%20significance'],159.82,0.81,0.0,-0.0,0.0
OTOGL,12,80368284,NM_001378610.3:c.6590A>G,NP_001365539.2:p.Glu2197Gly,0.064,22.8,['Unknown%20significance'],159.82,0.81,0.0,0.2,0.2
OTOGL,12,80368286,NM_001378610.3:c.6592A>G,NP_001365539.2:p.Asn2198Asp,0.308,26.8,['Unknown%20significance'],114.17,0.71,0.0,0.1,0.1
OTOGL,12,80368287,NM_001378610.3:c.6593A>G,NP_001365539.2:p.Asn2198Ser,0.363,26.2,['Unknown%20significance'],114.17,0.71,0.0,0.2,0.2
OTOGL,12,80368288,NM_001378610.3:c.6594T>G,NP_001365539.2:p.Asn2198Lys,0.235,25.1,['Unknown%20significance'],114.17,0.71,0.0,0.3,0.3
OTOGL,12,80368289,NM_001378610.3:c.6595G>A,NP_001365539.2:p.Gly2199Arg,0.196,32,['Unknown%20significance'],76.02,0.79,0.0,-0.1,0.1
OTOGL,12,80368290,NM_001378610.3:c.6596G>A,NP_001365539.2:p.Gly2199Glu,0.222,31,['Unknown%20significance'],76.02,0.79,0.0,0.1,0.1
OTOGL,12,80368290,NM_001378610.3:c.6596G>T,NP_001365539.2:p.Gly2199Val,0.342,32,['Unknown%20significance'],76.02,0.79,0.0,-0.0,0.0
OTOGL,12,80368292,NM_001378610.3:c.6598A>G,NP_001365539.2:p.Thr2200Ala,0.105,22.5,['Unknown%20significance'],96.34,0.61,0.0,0.4,0.4
OTOGL,12,80368293,NM_001378610.3:c.6599C>A,NP_001365539.2:p.Thr2200Lys,0.196,28.4,['Unknown%20significance'],96.34,0.61,0.0,0.5,0.5
OTOGL,12,80368293,NM_001378610.3:c.6599C>T,NP_001365539.2:p.Thr2200Ile,0.227,28.1,['Unknown%20significance'],96.34,0.61,0.0,0.0,0.0
OTOGL,12,80368298,NM_001378610.3:c.6604G>A,NP_001365539.2:p.Val2202Ile,0.049,15.77,['Likely%20benign'],65.84,0.38,0.0,-0.1,0.1
OTOGL,12,80368301,NM_001378610.3:c.6607G>A,NP_001365539.2:p.Val2203Ile,0.016,9.757,['Likely%20benign'],69.04,0.4,0.0,-0.2,0.2
OTOGL,12,80368304,NM_001378610.3:c.6610T>A,NP_001365539.2:p.Tyr2204Asn,0.242,24.5,['Unknown%20significance'],43.69,0.18,0.0,2.6,2.6
OTOGL,12,80368304,NM_001378610.3:c.6610T>G,NP_001365539.2:p.Tyr2204Asp,0.326,24.9,['Unknown%20significance'],43.69,0.18,0.0,3.1,3.1
OTOGL,12,80368305,NM_001378610.3:c.6611A>T,NP_001365539.2:p.Tyr2204Phe,0.045,17.29,['Unknown%20significance'],43.69,0.18,0.0,0.1,0.1
OTOGL,12,80368307,NM_001378610.3:c.6613G>A,NP_001365539.2:p.Ala2205Thr,0.051,18.91,['Likely%20benign'],67.57,0.53,0.0,-0.1,0.1
OTOGL,12,80368307,NM_001378610.3:c.6613G>C,NP_001365539.2:p.Ala2205Pro,0.038,20.4,['Unknown%20significance'],67.57,0.53,0.0,0.2,0.2
OTOGL,12,80368307,NM_001378610.3:c.6613G>T,NP_001365539.2:p.Ala2205Ser,0.092,18.84,['Unknown%20significance'],67.57,0.53,0.0,0.1,0.1
OTOGL,12,80368308,NM_001378610.3:c.6614C>A,NP_001365539.2:p.Ala2205Glu,0.073,8.704,['Likely%20benign'],67.57,0.53,0.0,0.1,0.1
OTOGL,12,80368308,NM_001378610.3:c.6614C>T,NP_001365539.2:p.Ala2205Val,0.063,15.42,['Unknown%20significance'],67.57,0.53,0.0,-0.3,0.3
OTOGL,12,80370570,NM_001378610.3:c.6616G>A,NP_001365539.2:p.Val2206Ile,0.078,24.8,['Unknown%20significance'],75.16,0.43,0.0,-0.0,0.0
OTOGL,12,80370570,NM_001378610.3:c.6616G>T,NP_001365539.2:p.Val2206Leu,0.084,26.2,['Unknown%20significance'],75.16,0.43,0.0,0.1,0.1
OTOGL,12,80370571,NM_001378610.3:c.6617T>C,NP_001365539.2:p.Val2206Ala,0.011,15.35,['Likely%20benign'],75.16,0.43,0.0,0.5,0.5
OTOGL,12,80370571,NM_001378610.3:c.6617T>G,NP_001365539.2:p.Val2206Gly,0.050,19.62,['Unknown%20significance'],75.16,0.43,0.0,1.1,1.1
OTOGL,12,80370573,NM_001378610.3:c.6619G>A,NP_001365539.2:p.Gly2207Arg,0.496,24.0,['Unknown%20significance'],52.59,0.55,0.0,0.2,0.2
OTOGL,12,80370573,NM_001378610.3:c.6619G>T,NP_001365539.2:p.Gly2207Trp,0.503,27.6,['Unknown%20significance'],52.59,0.55,0.0,0.1,0.1
OTOGL,12,80370574,NM_001378610.3:c.6620G>A,NP_001365539.2:p.Gly2207Glu,0.556,25.8,['Unknown%20significance'],52.59,0.55,0.0,0.6,0.6
OTOGL,12,80370574,NM_001378610.3:c.6620G>T,NP_001365539.2:p.Gly2207Val,0.572,25.6,['Unknown%20significance'],52.59,0.55,0.0,0.5,0.5
OTOGL,12,80370576,NM_001378610.3:c.6622A>G,NP_001365539.2:p.Ser2208Gly,0.152,23.7,['Unknown%20significance'],44.53,0.32,0.0,0.7,0.7
OTOGL,12,80370576,NM_001378610.3:c.6622A>T,NP_001365539.2:p.Ser2208Cys,0.274,25.7,['Unknown%20significance'],44.53,0.32,0.0,-0.0,0.0
OTOGL,12,80370577,NM_001378610.3:c.6623G>A,NP_001365539.2:p.Ser2208Asn,0.071,15.14,['Unknown%20significance'],44.53,0.32,0.0,-0.1,0.1
OTOGL,12,80370579,NM_001378610.3:c.6625A>G,NP_001365539.2:p.Thr2209Ala,0.054,17.01,['Unknown%20significance'],78.75,0.5,0.0,0.4,0.4
OTOGL,12,80370580,NM_001378610.3:c.6626C>A,NP_001365539.2:p.Thr2209Asn,0.089,18.29,['Likely%20benign'],78.75,0.5,0.0,0.4,0.4
OTOGL,12,80370580,NM_001378610.3:c.6626C>T,NP_001365539.2:p.Thr2209Ile,0.077,15.15,['Likely%20benign'],78.75,0.5,0.0,0.0,0.0
OTOGL,12,80370582,NM_001378610.3:c.6628T>C,NP_001365539.2:p.Trp2210Arg,0.711,27.8,['Unknown%20significance'],19.22,0.07,0.0,3.5,3.5
OTOGL,12,80370582,NM_001378610.3:c.6628T>G,NP_001365539.2:p.Trp2210Gly,0.738,28.9,['Unknown%20significance'],19.22,0.07,0.0,5.2,5.2
OTOGL,12,80370583,NM_001378610.3:c.6629G>T,NP_001365539.2:p.Trp2210Leu,0.523,28.8,['Unknown%20significance'],19.22,0.07,0.0,3.0,3.0
OTOGL,12,80370585,NM_001378610.3:c.6631C>A,NP_001365539.2:p.His2211Asn,0.026,10.76,['Likely%20benign'],74.04,0.36,0.0,0.3,0.3
OTOGL,12,80370585,NM_001378610.3:c.6631C>T,NP_001365539.2:p.His2211Tyr,0.077,16.65,['Likely%20benign'],74.04,0.36,0.0,-0.4,0.4
OTOGL,12,80370587,NM_001378610.3:c.6633C>A,NP_001365539.2:p.His2211Gln,0.018,15.40,['Likely%20benign'],74.04,0.36,0.0,0.2,0.2
OTOGL,12,80370588,NM_001378610.3:c.6634T>C,NP_001365539.2:p.Tyr2212His,0.024,18.76,['Likely%20benign'],50.87,0.21,0.0,0.5,0.5
OTOGL,12,80370588,NM_001378610.3:c.6634T>G,NP_001365539.2:p.Tyr2212Asp,0.066,22.4,['Unknown%20significance'],50.87,0.21,0.0,0.9,0.9
OTOGL,12,80370589,NM_001378610.3:c.6635A>G,NP_001365539.2:p.Tyr2212Cys,0.059,25.0,['Likely%20benign'],50.87,0.21,0.0,0.4,0.4
OTOGL,12,80370591,NM_001378610.3:c.6637A>G,NP_001365539.2:p.Asn2213Asp,0.184,23.5,['Unknown%20significance'],90.82,0.56,0.0,0.3,0.3
OTOGL,12,80370592,NM_001378610.3:c.6638A>G,NP_001365539.2:p.Asn2213Ser,0.230,24.7,['Unknown%20significance'],90.82,0.56,0.0,0.2,0.2
OTOGL,12,80370594,NM_001378610.3:c.6640T>C,NP_001365539.2:p.Cys2214Arg,0.906,27.0,['Unknown%20significance'],57.84,0.37,0.0,2.5,2.5
OTOGL,12,80370595,NM_001378610.3:c.6641G>A,NP_001365539.2:p.Cys2214Tyr,0.890,27.2,['Unknown%20significance'],57.84,0.37,0.0,1.9,1.9
OTOGL,12,80370596,NM_001378610.3:c.6642C>G,NP_001365539.2:p.Cys2214Trp,0.725,23.5,['Unknown%20significance'],57.84,0.37,0.0,1.8,1.8
OTOGL,12,80370598,NM_001378610.3:c.6644C>A,NP_001365539.2:p.Thr2215Asn,0.078,23.2,['Unknown%20significance'],14.57,0.09,0.0,0.7,0.7
OTOGL,12,80370598,NM_001378610.3:c.6644C>T,NP_001365539.2:p.Thr2215Ile,0.062,16.56,['Likely%20benign'],14.57,0.09,0.0,-0.6,0.6
OTOGL,12,80370600,NM_001378610.3:c.6646A>G,NP_001365539.2:p.Thr2216Ala,0.026,22.7,['Unknown%20significance'],1.32,0.0,0.0,0.5,0.5
OTOGL,12,80370600,NM_001378610.3:c.6646A>T,NP_001365539.2:p.Thr2216Ser,0.035,22.3,['Likely%20benign'],1.32,0.0,0.0,0.6,0.6
OTOGL,12,80370601,NM_001378610.3:c.6647C>A,NP_001365539.2:p.Thr2216Lys,0.066,20.1,['Likely%20benign'],1.32,0.0,0.0,0.9,0.9
OTOGL,12,80370601,NM_001378610.3:c.6647C>G,NP_001365539.2:p.Thr2216Arg,0.080,15.70,['Likely%20benign'],1.32,0.0,0.0,0.0,0.0
OTOGL,12,80370601,NM_001378610.3:c.6647C>T,NP_001365539.2:p.Thr2216Ile,0.033,23.1,['Likely%20benign'],1.32,0.0,0.0,-0.9,0.9
OTOGL,12,80370603,NM_001378610.3:c.6649T>C,NP_001365539.2:p.Tyr2217His,0.190,23.9,['Unknown%20significance'],37.8,0.15,0.0,1.5,1.5
OTOGL,12,80370604,NM_001378610.3:c.6650A>G,NP_001365539.2:p.Tyr2217Cys,0.240,25.7,['Unknown%20significance'],37.8,0.15,0.0,0.8,0.8
OTOGL,12,80370607,NM_001378610.3:c.6653A>G,NP_001365539.2:p.Glu2218Gly,0.131,24.4,['Unknown%20significance'],56.5,0.28,0.0,0.6,0.6
OTOGL,12,80370609,NM_001378610.3:c.6655T>A,NP_001365539.2:p.Cys2219Ser,0.863,26.3,['Unknown%20significance'],0.0,0.0,0.0,5.0,5.0
OTOGL,12,80370609,NM_001378610.3:c.6655T>C,NP_001365539.2:p.Cys2219Arg,0.862,28.1,['Unknown%20significance'],0.0,0.0,0.0,4.6,4.6
OTOGL,12,80370610,NM_001378610.3:c.6656G>A,NP_001365539.2:p.Cys2219Tyr,0.915,26.9,['Unknown%20significance'],0.0,0.0,0.0,3.1,3.1
OTOGL,12,80370612,NM_001378610.3:c.6658G>A,NP_001365539.2:p.Val2220Ile,0.042,13.56,['Likely%20benign'],37.7,0.21,0.0,0.1,0.1
OTOGL,12,80370615,NM_001378610.3:c.6661A>G,NP_001365539.2:p.Lys2221Glu,0.112,21.6,['Likely%20benign'],100.66,0.42,0.0,0.1,0.1
OTOGL,12,80370616,NM_001378610.3:c.6662A>C,NP_001365539.2:p.Lys2221Thr,0.102,20.4,['Unknown%20significance'],100.66,0.42,0.0,-0.2,0.2
OTOGL,12,80370616,NM_001378610.3:c.6662A>G,NP_001365539.2:p.Lys2221Arg,0.079,19.83,['Unknown%20significance'],100.66,0.42,0.0,-0.5,0.5
OTOGL,12,80370616,NM_001378610.3:c.6662A>T,NP_001365539.2:p.Lys2221Ile,0.098,22.1,['Unknown%20significance'],100.66,0.42,0.0,-0.6,0.6
OTOGL,12,80370618,NM_001378610.3:c.6664A>G,NP_001365539.2:p.Thr2222Ala,0.393,25.4,['Unknown%20significance'],16.12,0.1,0.0,0.5,0.5
OTOGL,12,80370618,NM_001378610.3:c.6664A>T,NP_001365539.2:p.Thr2222Ser,0.387,24.4,['Unknown%20significance'],16.12,0.1,0.0,0.4,0.4
OTOGL,12,80370619,NM_001378610.3:c.6665C>A,NP_001365539.2:p.Thr2222Asn,0.363,24.6,['Unknown%20significance'],16.12,0.1,0.0,0.4,0.4
OTOGL,12,80370619,NM_001378610.3:c.6665C>T,NP_001365539.2:p.Thr2222Ile,0.414,24.7,['Unknown%20significance'],16.12,0.1,0.0,-0.3,0.3
OTOGL,12,80370621,NM_001378610.3:c.6667G>A,NP_001365539.2:p.Asp2223Asn,0.038,22.0,['Likely%20benign'],59.79,0.37,0.0,-0.2,0.2
OTOGL,12,80370623,NM_001378610.3:c.6669T>G,NP_001365539.2:p.Asp2223Glu,0.019,0.027,['Likely%20benign'],59.79,0.37,0.0,-0.0,0.0
OTOGL,12,80370624,NM_001378610.3:c.6670G>A,NP_001365539.2:p.Glu2224Lys,0.044,23.1,['Unknown%20significance'],104.21,0.53,0.0,-0.0,0.0
OTOGL,12,80370625,NM_001378610.3:c.6671A>C,NP_001365539.2:p.Glu2224Ala,0.026,19.87,['Likely%20benign'],104.21,0.53,0.0,-0.1,0.1
OTOGL,12,80370625,NM_001378610.3:c.6671A>G,NP_001365539.2:p.Glu2224Gly,0.032,22.1,['Likely%20benign'],104.21,0.53,0.0,0.1,0.1
OTOGL,12,80370627,NM_001378610.3:c.6673G>A,NP_001365539.2:p.Gly2225Arg,0.592,28.1,['Unknown%20significance'],0.74,0.0,0.0,-1.4,1.4
OTOGL,12,80370628,NM_001378610.3:c.6674G>A,NP_001365539.2:p.Gly2225Glu,0.519,22.9,['Unknown%20significance'],0.74,0.0,0.0,-0.4,0.4
OTOGL,12,80370628,NM_001378610.3:c.6674G>T,NP_001365539.2:p.Gly2225Val,0.492,23.3,['Unknown%20significance'],0.74,0.0,0.0,-1.5,1.5
OTOGL,12,80370630,NM_001378610.3:c.6676G>A,NP_001365539.2:p.Ala2226Thr,0.051,15.33,['Likely%20benign'],0.0,0.0,0.0,0.1,0.1
OTOGL,12,80370630,NM_001378610.3:c.6676G>T,NP_001365539.2:p.Ala2226Ser,0.092,14.68,['Likely%20benign'],0.0,0.0,0.0,0.9,0.9
OTOGL,12,80370631,NM_001378610.3:c.6677C>A,NP_001365539.2:p.Ala2226Glu,0.176,23.4,['Unknown%20significance'],0.0,0.0,0.0,1.3,1.3
OTOGL,12,80370631,NM_001378610.3:c.6677C>T,NP_001365539.2:p.Ala2226Val,0.083,19.49,['Unknown%20significance'],0.0,0.0,0.0,-1.2,1.2
OTOGL,12,80370633,NM_001378610.3:c.6679A>G,NP_001365539.2:p.Ile2227Val,0.024,8.574,['Likely%20benign'],52.15,0.26,0.0,0.1,0.1
OTOGL,12,80370634,NM_001378610.3:c.6680T>C,NP_001365539.2:p.Ile2227Thr,0.087,19.11,['Likely%20benign'],52.15,0.26,0.0,1.5,1.5
OTOGL,12,80370634,NM_001378610.3:c.6680T>G,NP_001365539.2:p.Ile2227Arg,0.165,22.8,['Unknown%20significance'],52.15,0.26,0.0,1.7,1.7
OTOGL,12,80370635,NM_001378610.3:c.6681A>G,NP_001365539.2:p.Ile2227Met,0.060,18.49,['Likely%20benign'],52.15,0.26,0.0,0.6,0.6
OTOGL,12,80370636,NM_001378610.3:c.6682A>G,NP_001365539.2:p.Ile2228Val,0.034,18.43,['Unknown%20significance'],62.93,0.32,0.0,0.0,0.0
OTOGL,12,80370639,NM_001378610.3:c.6685C>A,NP_001365539.2:p.Leu2229Met,0.056,22.5,['Unknown%20significance'],73.28,0.38,0.0,0.2,0.2
OTOGL,12,80370640,NM_001378610.3:c.6686T>C,NP_001365539.2:p.Leu2229Pro,0.327,28.8,['Unknown%20significance'],73.28,0.38,0.0,1.2,1.2
OTOGL,12,80370643,NM_001378610.3:c.6689A>T,NP_001365539.2:p.Asn2230Ile,0.057,21.5,['Unknown%20significance'],82.03,0.51,0.0,-0.7,0.7
OTOGL,12,80370645,NM_001378610.3:c.6691T>A,NP_001365539.2:p.Tyr2231Asn,0.142,24.5,['Unknown%20significance'],80.44,0.33,0.0,1.0,1.0
OTOGL,12,80370645,NM_001378610.3:c.6691T>C,NP_001365539.2:p.Tyr2231His,0.108,25.2,['Unknown%20significance'],80.44,0.33,0.0,0.7,0.7
OTOGL,12,80370648,NM_001378610.3:c.6694A>G,NP_001365539.2:p.Thr2232Ala,0.045,20.3,['Unknown%20significance'],55.04,0.34,0.0,0.2,0.2
OTOGL,12,80370649,NM_001378610.3:c.6695C>T,NP_001365539.2:p.Thr2232Ile,0.051,22.0,['Likely%20benign'],55.04,0.34,0.0,-0.3,0.3
OTOGL,12,80370651,NM_001378610.3:c.6697A>G,NP_001365539.2:p.Met2233Val,0.034,12.75,['Likely%20benign'],22.12,0.1,0.0,-0.4,0.4
OTOGL,12,80370653,NM_001378610.3:c.6699G>C,NP_001365539.2:p.Met2233Ile,0.027,15.29,['Likely%20benign'],22.12,0.1,0.0,-0.5,0.5
OTOGL,12,80370654,NM_001378610.3:c.6700G>A,NP_001365539.2:p.Val2234Ile,0.036,20.5,['Unknown%20significance'],69.71,0.4,0.0,0.1,0.1
OTOGL,12,80370654,NM_001378610.3:c.6700G>T,NP_001365539.2:p.Val2234Phe,0.176,23.3,['Unknown%20significance'],69.71,0.4,0.0,0.2,0.2
OTOGL,12,80370658,NM_001378610.3:c.6704G>A,NP_001365539.2:p.Cys2235Tyr,0.744,28.1,['Unknown%20significance'],71.23,0.46,0.0,1.8,1.8
OTOGL,12,80370660,NM_001378610.3:c.6706C>A,NP_001365539.2:p.Pro2236Thr,0.542,27.2,['Unknown%20significance'],45.08,0.28,0.0,1.0,1.0
OTOGL,12,80370660,NM_001378610.3:c.6706C>T,NP_001365539.2:p.Pro2236Ser,0.363,26.0,['Unknown%20significance'],45.08,0.28,0.0,1.2,1.2
OTOGL,12,80370661,NM_001378610.3:c.6707C>T,NP_001365539.2:p.Pro2236Leu,0.585,27.5,['Unknown%20significance'],45.08,0.28,0.0,0.5,0.5
OTOGL,12,80370663,NM_001378610.3:c.6709C>A,NP_001365539.2:p.Pro2237Thr,0.251,24.8,['Unknown%20significance'],166.95,1.0,0.0,0.0,0.0
OTOGL,12,80370663,NM_001378610.3:c.6709C>G,NP_001365539.2:p.Pro2237Ala,0.244,24.5,['Unknown%20significance'],166.95,1.0,0.0,0.0,0.0
OTOGL,12,80370663,NM_001378610.3:c.6709C>T,NP_001365539.2:p.Pro2237Ser,0.165,25.2,['Unknown%20significance'],166.95,1.0,0.0,0.1,0.1
OTOGL,12,80370664,NM_001378610.3:c.6710C>G,NP_001365539.2:p.Pro2237Arg,0.256,25.6,['Unknown%20significance'],166.95,1.0,0.0,0.0,0.0
OTOGL,12,80370664,NM_001378610.3:c.6710C>T,NP_001365539.2:p.Pro2237Leu,0.280,26.6,['Unknown%20significance'],166.95,1.0,0.0,0.0,0.0
OTOGL,12,80370666,NM_001378610.3:c.6712T>C,NP_001365539.2:p.Phe2238Leu,0.294,24.8,['Unknown%20significance'],49.97,0.21,0.0,0.6,0.6
OTOGL,12,80370667,NM_001378610.3:c.6713T>C,NP_001365539.2:p.Phe2238Ser,0.618,31,['Unknown%20significance'],49.97,0.21,0.0,2.3,2.3
OTOGL,12,80370669,NM_001378610.3:c.6715A>G,NP_001365539.2:p.Asn2239Asp,0.321,27.4,['Unknown%20significance'],86.23,0.53,0.0,0.3,0.3
OTOGL,12,80370669,NM_001378610.3:c.6715A>T,NP_001365539.2:p.Asn2239Tyr,0.558,28.3,['Unknown%20significance'],86.23,0.53,0.0,-0.3,0.3
OTOGL,12,80370670,NM_001378610.3:c.6716A>G,NP_001365539.2:p.Asn2239Ser,0.314,27.2,['Unknown%20significance'],86.23,0.53,0.0,0.2,0.2
OTOGL,12,80370672,NM_001378610.3:c.6718G>A,NP_001365539.2:p.Glu2240Lys,0.216,32,['Unknown%20significance'],65.37,0.33,0.0,-0.1,0.1
OTOGL,12,80370673,NM_001378610.3:c.6719A>C,NP_001365539.2:p.Glu2240Ala,0.269,29.1,['Unknown%20significance'],65.37,0.33,0.0,-0.2,0.2
OTOGL,12,80370673,NM_001378610.3:c.6719A>G,NP_001365539.2:p.Glu2240Gly,0.286,32,['Unknown%20significance'],65.37,0.33,0.0,0.5,0.5
OTOGL,12,80370674,NM_001378610.3:c.6720G>T,NP_001365539.2:p.Glu2240Asp,0.027,20.7,['Likely%20benign'],65.37,0.33,0.0,0.2,0.2
OTOGL,12,80370675,NM_001378610.3:c.6721A>C,NP_001365539.2:p.Thr2241Pro,0.298,27.4,['Unknown%20significance'],93.0,0.59,0.0,0.3,0.3
OTOGL,12,80370679,NM_001378610.3:c.6725A>G,NP_001365539.2:p.Glu2242Gly,0.448,31,['Unknown%20significance'],87.33,0.44,0.0,0.5,0.5
OTOGL,12,80370680,NM_001378610.3:c.6726A>C,NP_001365539.2:p.Glu2242Asp,0.119,22.8,['Unknown%20significance'],87.33,0.44,0.0,-0.0,0.0
OTOGL,12,80370681,NM_001378610.3:c.6727T>A,NP_001365539.2:p.Cys2243Ser,0.739,28.2,['Unknown%20significance'],0.0,0.0,0.0,3.8,3.8
OTOGL,12,80370682,NM_001378610.3:c.6728G>A,NP_001365539.2:p.Cys2243Tyr,0.724,29.4,['Unknown%20significance'],0.0,0.0,0.0,2.0,2.0
OTOGL,12,80370684,NM_001378610.3:c.6730A>C,NP_001365539.2:p.Lys2244Gln,0.032,24.0,['Unknown%20significance'],153.69,0.64,0.0,-0.2,0.2
OTOGL,12,80370684,NM_001378610.3:c.6730A>G,NP_001365539.2:p.Lys2244Glu,0.059,23.0,['Unknown%20significance'],153.69,0.64,0.0,0.1,0.1
OTOGL,12,80370687,NM_001378610.3:c.6733A>G,NP_001365539.2:p.Met2245Val,0.027,22.4,['Likely%20benign'],166.06,0.76,0.0,0.0,0.0
OTOGL,12,80370688,NM_001378610.3:c.6734T>C,NP_001365539.2:p.Met2245Thr,0.064,24.0,['Likely%20benign'],166.06,0.76,0.0,0.1,0.1
OTOGL,12,80370689,NM_001378610.3:c.6735G>A,NP_001365539.2:p.Met2245Ile,0.077,35,['Unknown%20significance'],166.06,0.76,0.0,0.0,0.0
OTOGL,12,80372019,NM_001378610.3:c.6736A>G,NP_001365539.2:p.Asn2246Asp,0.189,31,['Unknown%20significance'],47.85,0.29,0.0,0.3,0.3
OTOGL,12,80372020,NM_001378610.3:c.6737A>G,NP_001365539.2:p.Asn2246Ser,0.161,25.6,['Benign'],47.85,0.29,0.0,0.2,0.2
OTOGL,12,80372020,NM_001378610.3:c.6737A>T,NP_001365539.2:p.Asn2246Ile,0.166,24.2,['Unknown%20significance'],47.85,0.29,0.0,-0.4,0.4
OTOGL,12,80372022,NM_001378610.3:c.6739G>A,NP_001365539.2:p.Glu2247Lys,0.123,32,['Unknown%20significance'],84.26,0.43,0.0,-0.1,0.1
OTOGL,12,80372023,NM_001378610.3:c.6740A>G,NP_001365539.2:p.Glu2247Gly,0.120,22.3,['Unknown%20significance'],84.26,0.43,0.0,-0.0,0.0
OTOGL,12,80372023,NM_001378610.3:c.6740A>T,NP_001365539.2:p.Glu2247Val,0.144,33,['Unknown%20significance'],84.26,0.43,0.0,-0.4,0.4
OTOGL,12,80372024,NM_001378610.3:c.6741A>T,NP_001365539.2:p.Glu2247Asp,0.039,25.6,['Unknown%20significance'],84.26,0.43,0.0,-0.0,0.0
OTOGL,12,80372025,NM_001378610.3:c.6742G>A,NP_001365539.2:p.Gly2248Arg,0.515,31,['Unknown%20significance'],9.07,0.09,0.0,-0.2,0.2
OTOGL,12,80372025,NM_001378610.3:c.6742G>T,NP_001365539.2:p.Gly2248Trp,0.560,32,['Unknown%20significance'],9.07,0.09,0.0,-0.7,0.7
OTOGL,12,80372026,NM_001378610.3:c.6743G>A,NP_001365539.2:p.Gly2248Glu,0.546,29.2,['Unknown%20significance'],9.07,0.09,0.0,0.7,0.7
OTOGL,12,80372026,NM_001378610.3:c.6743G>T,NP_001365539.2:p.Gly2248Val,0.592,28.7,['Unknown%20significance'],9.07,0.09,0.0,-0.2,0.2
OTOGL,12,80372028,NM_001378610.3:c.6745A>G,NP_001365539.2:p.Ile2249Val,0.008,8.233,['Likely%20benign'],83.72,0.42,0.0,0.0,0.0
OTOGL,12,80372028,NM_001378610.3:c.6745A>T,NP_001365539.2:p.Ile2249Phe,0.073,13.74,['Likely%20benign'],83.72,0.42,0.0,0.0,0.0
OTOGL,12,80372029,NM_001378610.3:c.6746T>C,NP_001365539.2:p.Ile2249Thr,0.034,17.87,['Likely%20benign'],83.72,0.42,0.0,0.2,0.2
OTOGL,12,80372031,NM_001378610.3:c.6748G>A,NP_001365539.2:p.Val2250Met,0.205,25.3,['Unknown%20significance'],40.25,0.23,0.0,0.4,0.4
OTOGL,12,80372031,NM_001378610.3:c.6748G>C,NP_001365539.2:p.Val2250Leu,0.101,23.2,['Unknown%20significance'],40.25,0.23,0.0,0.2,0.2
OTOGL,12,80372031,NM_001378610.3:c.6748G>T,NP_001365539.2:p.Val2250Leu,0.102,23.3,['Unknown%20significance'],40.25,0.23,0.0,0.2,0.2
OTOGL,12,80372032,NM_001378610.3:c.6749T>A,NP_001365539.2:p.Val2250Glu,0.451,29.8,['Unknown%20significance'],40.25,0.23,0.0,1.8,1.8
OTOGL,12,80372032,NM_001378610.3:c.6749T>C,NP_001365539.2:p.Val2250Ala,0.215,24.7,['Unknown%20significance'],40.25,0.23,0.0,1.2,1.2
OTOGL,12,80372034,NM_001378610.3:c.6751A>G,NP_001365539.2:p.Lys2251Glu,0.079,22.6,['Likely%20benign'],118.88,0.5,0.0,-0.1,0.1
OTOGL,12,80372035,NM_001378610.3:c.6752A>G,NP_001365539.2:p.Lys2251Arg,0.027,23.6,['Unknown%20significance'],118.88,0.5,0.0,-0.4,0.4
OTOGL,12,80372036,NM_001378610.3:c.6753G>T,NP_001365539.2:p.Lys2251Asn,0.028,22.7,['Likely%20benign'],118.88,0.5,0.0,-0.1,0.1
OTOGL,12,80372037,NM_001378610.3:c.6754C>A,NP_001365539.2:p.Leu2252Ile,0.062,17.67,['Likely%20benign'],79.89,0.41,0.0,-0.0,0.0
OTOGL,12,80372037,NM_001378610.3:c.6754C>T,NP_001365539.2:p.Leu2252Phe,0.083,21.2,['Likely%20benign'],79.89,0.41,0.0,-0.0,0.0
OTOGL,12,80372038,NM_001378610.3:c.6755T>C,NP_001365539.2:p.Leu2252Pro,0.187,23.5,['Unknown%20significance'],79.89,0.41,0.0,1.1,1.1
OTOGL,12,80372040,NM_001378610.3:c.6757T>C,NP_001365539.2:p.Tyr2253His,0.179,27.7,['Unknown%20significance'],106.57,0.44,0.0,0.6,0.6
OTOGL,12,80372041,NM_001378610.3:c.6758A>T,NP_001365539.2:p.Tyr2253Phe,0.056,21.4,['Unknown%20significance'],106.57,0.44,0.0,0.2,0.2
OTOGL,12,80372043,NM_001378610.3:c.6760A>G,NP_001365539.2:p.Asn2254Asp,0.139,23.6,['Unknown%20significance'],49.56,0.31,0.0,0.2,0.2
OTOGL,12,80372044,NM_001378610.3:c.6761A>G,NP_001365539.2:p.Asn2254Ser,0.182,23.8,['Unknown%20significance'],49.56,0.31,0.0,0.0,0.0
OTOGL,12,80372046,NM_001378610.3:c.6763G>A,NP_001365539.2:p.Glu2255Lys,0.139,28.4,['Unknown%20significance'],145.8,0.74,0.0,0.0,0.0
OTOGL,12,80372047,NM_001378610.3:c.6764A>C,NP_001365539.2:p.Glu2255Ala,0.243,32,['Unknown%20significance'],145.8,0.74,0.0,0.0,0.0
OTOGL,12,80372047,NM_001378610.3:c.6764A>G,NP_001365539.2:p.Glu2255Gly,0.192,29.7,['Unknown%20significance'],145.8,0.74,0.0,0.1,0.1
OTOGL,12,80372048,NM_001378610.3:c.6765A>T,NP_001365539.2:p.Glu2255Asp,0.026,21.0,['Likely%20benign'],145.8,0.74,0.0,-0.1,0.1
OTOGL,12,80372049,NM_001378610.3:c.6766G>A,NP_001365539.2:p.Gly2256Ser,0.377,31,['Unknown%20significance'],45.81,0.48,0.0,0.1,0.1
OTOGL,12,80372049,NM_001378610.3:c.6766G>T,NP_001365539.2:p.Gly2256Cys,0.476,32,['Unknown%20significance'],45.81,0.48,0.0,-0.7,0.7
OTOGL,12,80372050,NM_001378610.3:c.6767G>C,NP_001365539.2:p.Gly2256Ala,0.350,26.5,['Unknown%20significance'],45.81,0.48,0.0,0.2,0.2
OTOGL,12,80372050,NM_001378610.3:c.6767G>T,NP_001365539.2:p.Gly2256Val,0.498,28.7,['Unknown%20significance'],45.81,0.48,0.0,-0.1,0.1
OTOGL,12,80372052,NM_001378610.3:c.6769T>C,NP_001365539.2:p.Cys2257Arg,0.692,29.8,['Unknown%20significance'],10.37,0.06,0.0,4.8,4.8
OTOGL,12,80372053,NM_001378610.3:c.6770G>A,NP_001365539.2:p.Cys2257Tyr,0.679,31,['Unknown%20significance'],10.37,0.06,0.0,3.6,3.6
OTOGL,12,80372053,NM_001378610.3:c.6770G>T,NP_001365539.2:p.Cys2257Phe,0.621,32,['Unknown%20significance'],10.37,0.06,0.0,3.7,3.7
OTOGL,12,80372055,NM_001378610.3:c.6772T>C,NP_001365539.2:p.Cys2258Arg,0.749,29.8,['Unknown%20significance'],2.85,0.01,0.0,5.3,5.3
OTOGL,12,80372056,NM_001378610.3:c.6773G>A,NP_001365539.2:p.Cys2258Tyr,0.742,29.7,['Unknown%20significance'],2.85,0.01,0.0,3.7,3.7
OTOGL,12,80372056,NM_001378610.3:c.6773G>C,NP_001365539.2:p.Cys2258Ser,0.733,28.2,['Unknown%20significance'],2.85,0.01,0.0,5.2,5.2
OTOGL,12,80372056,NM_001378610.3:c.6773G>T,NP_001365539.2:p.Cys2258Phe,0.735,29.4,['Unknown%20significance'],2.85,0.01,0.0,3.8,3.8
OTOGL,12,80372057,NM_001378610.3:c.6774C>G,NP_001365539.2:p.Cys2258Trp,0.691,25.5,['Unknown%20significance'],2.85,0.01,0.0,3.4,3.4
OTOGL,12,80372058,NM_001378610.3:c.6775A>C,NP_001365539.2:p.Lys2259Gln,0.217,27.4,['Unknown%20significance'],84.87,0.35,0.0,-0.6,0.6
OTOGL,12,80372058,NM_001378610.3:c.6775A>G,NP_001365539.2:p.Lys2259Glu,0.223,27.9,['Unknown%20significance'],84.87,0.35,0.0,0.0,0.0
OTOGL,12,80372059,NM_001378610.3:c.6776A>G,NP_001365539.2:p.Lys2259Arg,0.096,22.2,['Unknown%20significance'],84.87,0.35,0.0,-0.5,0.5
OTOGL,12,80372060,NM_001378610.3:c.6777G>T,NP_001365539.2:p.Lys2259Asn,0.145,25.8,['Unknown%20significance'],84.87,0.35,0.0,-0.2,0.2
OTOGL,12,80372061,NM_001378610.3:c.6778A>G,NP_001365539.2:p.Ile2260Val,0.130,29.3,['Unknown%20significance'],52.24,0.26,0.0,0.0,0.0
OTOGL,12,80372061,NM_001378610.3:c.6778A>T,NP_001365539.2:p.Ile2260Phe,0.241,29.7,['Unknown%20significance'],52.24,0.26,0.0,-0.0,0.0
OTOGL,12,80372062,NM_001378610.3:c.6779T>C,NP_001365539.2:p.Ile2260Thr,0.090,19.52,['Unknown%20significance'],52.24,0.26,0.0,0.8,0.8
OTOGL,12,80372063,NM_001378610.3:c.6780C>G,NP_001365539.2:p.Ile2260Met,0.102,24.3,['Unknown%20significance'],52.24,0.26,0.0,0.4,0.4
OTOGL,12,80372064,NM_001378610.3:c.6781T>C,NP_001365539.2:p.Cys2261Arg,0.681,33,['Unknown%20significance'],37.44,0.24,0.0,2.9,2.9
OTOGL,12,80377123,NM_001378610.3:c.6782G>A,NP_001365539.2:p.Cys2261Tyr,0.541,33,['Unknown%20significance'],37.44,0.24,0.0,2.0,2.0
OTOGL,12,80377125,NM_001378610.3:c.6784A>G,NP_001365539.2:p.Lys2262Glu,0.227,27.5,['Unknown%20significance'],120.75,0.51,0.0,0.0,0.0
OTOGL,12,80377129,NM_001378610.3:c.6788G>A,NP_001365539.2:p.Arg2263Gln,0.024,23.8,['Unknown%20significance'],133.02,0.49,0.0,0.0,0.0
OTOGL,12,80377129,NM_001378610.3:c.6788G>T,NP_001365539.2:p.Arg2263Leu,0.072,24.6,['Unknown%20significance'],133.02,0.49,0.0,-0.0,0.0
OTOGL,12,80377134,NM_001378610.3:c.6793G>A,NP_001365539.2:p.Glu2265Lys,0.147,33,['Unknown%20significance'],104.01,0.53,0.0,0.1,0.1
OTOGL,12,80377135,NM_001378610.3:c.6794A>G,NP_001365539.2:p.Glu2265Gly,0.091,22.5,['Unknown%20significance'],104.01,0.53,0.0,0.3,0.3
OTOGL,12,80377139,NM_001378610.3:c.6798A>T,NP_001365539.2:p.Arg2266Ser,0.099,26.9,['Unknown%20significance'],113.11,0.41,0.0,0.4,0.4
OTOGL,12,80377140,NM_001378610.3:c.6799A>C,NP_001365539.2:p.Ile2267Leu,0.011,17.90,['Likely%20benign'],147.05,0.74,0.0,0.0,0.0
OTOGL,12,80377140,NM_001378610.3:c.6799A>G,NP_001365539.2:p.Ile2267Val,0.017,13.68,['Likely%20benign'],147.05,0.74,0.0,0.0,0.0
OTOGL,12,80377141,NM_001378610.3:c.6800T>C,NP_001365539.2:p.Ile2267Thr,0.104,21.5,['Likely%20benign'],147.05,0.74,0.0,0.0,0.0
OTOGL,12,80377143,NM_001378610.3:c.6802T>C,NP_001365539.2:p.Cys2268Arg,0.769,29.6,['Unknown%20significance'],21.7,0.14,0.0,4.1,4.1
OTOGL,12,80377144,NM_001378610.3:c.6803G>A,NP_001365539.2:p.Cys2268Tyr,0.787,29.1,['Unknown%20significance'],21.7,0.14,0.0,2.8,2.8
OTOGL,12,80377146,NM_001378610.3:c.6805C>G,NP_001365539.2:p.Gln2269Glu,0.118,24.4,['Unknown%20significance'],67.16,0.33,0.0,0.4,0.4
OTOGL,12,80377147,NM_001378610.3:c.6806A>G,NP_001365539.2:p.Gln2269Arg,0.174,27.0,['Unknown%20significance'],67.16,0.33,0.0,-0.1,0.1
OTOGL,12,80377150,NM_001378610.3:c.6809A>G,NP_001365539.2:p.Lys2270Arg,0.023,18.48,['Likely%20benign'],94.78,0.4,0.0,-0.5,0.5
OTOGL,12,80377153,NM_001378610.3:c.6812T>C,NP_001365539.2:p.Val2271Ala,0.055,22.8,['Unknown%20significance'],43.71,0.25,0.0,1.1,1.1
OTOGL,12,80377158,NM_001378610.3:c.6817A>G,NP_001365539.2:p.Ile2273Val,0.057,18.25,['Unknown%20significance'],91.35,0.46,0.0,0.0,0.0
OTOGL,12,80377159,NM_001378610.3:c.6818T>C,NP_001365539.2:p.Ile2273Thr,0.225,26.8,['Unknown%20significance'],91.35,0.46,0.0,0.6,0.6
OTOGL,12,80377161,NM_001378610.3:c.6820A>G,NP_001365539.2:p.Lys2274Glu,0.106,24.1,['Unknown%20significance'],165.67,0.69,0.0,-0.0,0.0
OTOGL,12,80377162,NM_001378610.3:c.6821A>G,NP_001365539.2:p.Lys2274Arg,0.043,17.59,['Unknown%20significance'],165.67,0.69,0.0,-0.3,0.3
OTOGL,12,80377165,NM_001378610.3:c.6824C>T,NP_001365539.2:p.Ser2275Leu,0.075,23.6,['Unknown%20significance'],65.63,0.47,0.0,-0.8,0.8
OTOGL,12,80377167,NM_001378610.3:c.6826G>A,NP_001365539.2:p.Val2276Ile,0.075,0.224,['Unknown%20significance'],60.85,0.35,0.0,-0.1,0.1
OTOGL,12,80377167,NM_001378610.3:c.6826G>T,NP_001365539.2:p.Val2276Phe,0.142,6.818,['Likely%20benign'],60.85,0.35,0.0,-0.1,0.1
OTOGL,12,80377170,NM_001378610.3:c.6829A>G,NP_001365539.2:p.Ile2277Val,0.203,23.3,['Unknown%20significance'],21.03,0.1,0.0,0.7,0.7
OTOGL,12,80377171,NM_001378610.3:c.6830T>G,NP_001365539.2:p.Ile2277Arg,0.367,27.3,['Unknown%20significance'],21.03,0.1,0.0,2.8,2.8
OTOGL,12,80377172,NM_001378610.3:c.6831A>G,NP_001365539.2:p.Ile2277Met,0.249,24.4,['Unknown%20significance'],21.03,0.1,0.0,1.4,1.4
OTOGL,12,80377173,NM_001378610.3:c.6832A>G,NP_001365539.2:p.Arg2278Gly,0.155,28.1,['Unknown%20significance'],156.32,0.58,0.0,0.7,0.7
OTOGL,12,80377176,NM_001378610.3:c.6835A>C,NP_001365539.2:p.Lys2279Gln,0.373,26.6,['Unknown%20significance'],128.59,0.54,0.0,-0.3,0.3
OTOGL,12,80377176,NM_001378610.3:c.6835A>G,NP_001365539.2:p.Lys2279Glu,0.334,28.5,['Unknown%20significance'],128.59,0.54,0.0,-0.0,0.0
OTOGL,12,80377182,NM_001378610.3:c.6841G>A,NP_001365539.2:p.Asp2281Asn,0.384,29.5,['Unknown%20significance'],88.1,0.55,0.0,-0.1,0.1
OTOGL,12,80377182,NM_001378610.3:c.6841G>C,NP_001365539.2:p.Asp2281His,0.607,28.2,['Unknown%20significance'],88.1,0.55,0.0,-0.2,0.2
OTOGL,12,80377183,NM_001378610.3:c.6842A>G,NP_001365539.2:p.Asp2281Gly,0.454,32,['Unknown%20significance'],88.1,0.55,0.0,0.1,0.1
OTOGL,12,80377186,NM_001378610.3:c.6845G>A,NP_001365539.2:p.Cys2282Tyr,0.613,29.3,['Unknown%20significance'],21.55,0.13,0.0,2.3,2.3
OTOGL,12,80377188,NM_001378610.3:c.6847A>G,NP_001365539.2:p.Met2283Val,0.016,5.286,['Likely%20benign'],57.93,0.26,0.0,-0.2,0.2
OTOGL,12,80377189,NM_001378610.3:c.6848T>G,NP_001365539.2:p.Met2283Arg,0.060,14.97,['Likely%20benign'],57.93,0.26,0.0,0.1,0.1
OTOGL,12,80377190,NM_001378610.3:c.6849G>A,NP_001365539.2:p.Met2283Ile,0.035,8.777,['Likely%20benign'],57.93,0.26,0.0,-0.2,0.2
OTOGL,12,80377192,NM_001378610.3:c.6851G>A,NP_001365539.2:p.Ser2284Asn,0.263,25.7,['Unknown%20significance'],1.0,0.0,0.0,0.2,0.2
OTOGL,12,80377193,NM_001378610.3:c.6852C>A,NP_001365539.2:p.Ser2284Arg,0.348,23.9,['Unknown%20significance'],1.0,0.0,0.0,-0.0,0.0
OTOGL,12,80377194,NM_001378610.3:c.6853C>A,NP_001365539.2:p.Gln2285Lys,0.089,22.1,['Unknown%20significance'],146.87,0.74,0.0,0.2,0.2
OTOGL,12,80377195,NM_001378610.3:c.6854A>C,NP_001365539.2:p.Gln2285Pro,0.119,20.7,['Unknown%20significance'],146.87,0.74,0.0,0.2,0.2
OTOGL,12,80377199,NM_001378610.3:c.6858C>A,NP_001365539.2:p.Ser2286Arg,0.052,10.70,['Likely%20benign'],75.42,0.54,0.0,-0.3,0.3
OTOGL,12,80377199,NM_001378610.3:c.6858C>G,NP_001365539.2:p.Ser2286Arg,0.052,11.19,['Likely%20benign'],75.42,0.54,0.0,-0.3,0.3
OTOGL,12,80377200,NM_001378610.3:c.6859C>A,NP_001365539.2:p.Pro2287Thr,0.082,19.64,['Unknown%20significance'],81.68,0.51,0.0,0.3,0.3
OTOGL,12,80377200,NM_001378610.3:c.6859C>T,NP_001365539.2:p.Pro2287Ser,0.067,15.97,['Benign'],81.68,0.51,0.0,0.5,0.5
OTOGL,12,80377201,NM_001378610.3:c.6860C>A,NP_001365539.2:p.Pro2287His,0.192,22.5,['Unknown%20significance'],81.68,0.51,0.0,0.3,0.3
OTOGL,12,80377201,NM_001378610.3:c.6860C>T,NP_001365539.2:p.Pro2287Leu,0.187,22.5,['Unknown%20significance'],81.68,0.51,0.0,0.1,0.1
OTOGL,12,80377848,NM_001378610.3:c.6862A>G,NP_001365539.2:p.Ile2288Val,0.019,3.482,['Likely%20benign'],31.8,0.16,0.0,-0.2,0.2
OTOGL,12,80377849,NM_001378610.3:c.6863T>A,NP_001365539.2:p.Ile2288Lys,0.255,27.7,['Unknown%20significance'],31.8,0.16,0.0,3.1,3.1
OTOGL,12,80377850,NM_001378610.3:c.6864A>G,NP_001365539.2:p.Ile2288Met,0.037,15.26,['Unknown%20significance'],31.8,0.16,0.0,1.0,1.0
OTOGL,12,80377851,NM_001378610.3:c.6865A>T,NP_001365539.2:p.Asn2289Tyr,0.188,26.0,['Unknown%20significance'],81.85,0.51,0.0,-0.6,0.6
OTOGL,12,80377852,NM_001378610.3:c.6866A>G,NP_001365539.2:p.Asn2289Ser,0.052,17.23,['Likely%20benign'],81.85,0.51,0.0,0.1,0.1
OTOGL,12,80377853,NM_001378610.3:c.6867T>A,NP_001365539.2:p.Asn2289Lys,0.218,21.7,['Unknown%20significance'],81.85,0.51,0.0,0.2,0.2
OTOGL,12,80377855,NM_001378610.3:c.6869T>C,NP_001365539.2:p.Val2290Ala,0.270,26.9,['Unknown%20significance'],20.38,0.11,0.0,1.9,1.9
OTOGL,12,80377857,NM_001378610.3:c.6871G>A,NP_001365539.2:p.Ala2291Thr,0.111,23.8,['Unknown%20significance'],8.58,0.06,0.0,-0.4,0.4
OTOGL,12,80377858,NM_001378610.3:c.6872C>G,NP_001365539.2:p.Ala2291Gly,0.121,25.5,['Unknown%20significance'],8.58,0.06,0.0,1.3,1.3
OTOGL,12,80377860,NM_001378610.3:c.6874T>A,NP_001365539.2:p.Ser2292Thr,0.235,26.2,['Unknown%20significance'],33.85,0.24,0.0,-0.3,0.3
OTOGL,12,80377860,NM_001378610.3:c.6874T>C,NP_001365539.2:p.Ser2292Pro,0.384,29.5,['Unknown%20significance'],33.85,0.24,0.0,0.3,0.3
OTOGL,12,80377861,NM_001378610.3:c.6875C>A,NP_001365539.2:p.Ser2292Tyr,0.409,26.6,['Unknown%20significance'],33.85,0.24,0.0,-1.7,1.7
OTOGL,12,80377864,NM_001378610.3:c.6878G>C,NP_001365539.2:p.Cys2293Ser,0.758,29.6,['Unknown%20significance'],45.71,0.29,0.0,2.8,2.8
OTOGL,12,80377869,NM_001378610.3:c.6883G>A,NP_001365539.2:p.Gly2295Ser,0.728,28.8,['Unknown%20significance'],19.55,0.2,0.0,0.8,0.8
OTOGL,12,80377870,NM_001378610.3:c.6884G>A,NP_001365539.2:p.Gly2295Asp,0.789,28.6,['Unknown%20significance'],19.55,0.2,0.0,1.3,1.3
OTOGL,12,80377876,NM_001378610.3:c.6890G>A,NP_001365539.2:p.Cys2297Tyr,0.740,29.1,['Unknown%20significance'],24.06,0.15,0.0,2.9,2.9
OTOGL,12,80377877,NM_001378610.3:c.6891C>G,NP_001365539.2:p.Cys2297Trp,0.460,23.9,['Unknown%20significance'],24.06,0.15,0.0,2.8,2.8
OTOGL,12,80377878,NM_001378610.3:c.6892C>A,NP_001365539.2:p.Pro2298Thr,0.425,25.3,['Unknown%20significance'],88.5,0.56,0.0,0.0,0.0
OTOGL,12,80377878,NM_001378610.3:c.6892C>T,NP_001365539.2:p.Pro2298Ser,0.337,25.5,['Unknown%20significance'],88.5,0.56,0.0,0.1,0.1
OTOGL,12,80377885,NM_001378610.3:c.6899C>T,NP_001365539.2:p.Ala2300Val,0.432,26.7,['Unknown%20significance'],58.05,0.45,0.0,-0.3,0.3
OTOGL,12,80377887,NM_001378610.3:c.6901A>G,NP_001365539.2:p.Thr2301Ala,0.390,27.3,['Unknown%20significance'],80.1,0.5,0.0,0.1,0.1
OTOGL,12,80377890,NM_001378610.3:c.6904A>G,NP_001365539.2:p.Ile2302Val,0.302,25.7,['Unknown%20significance'],110.16,0.56,0.0,0.2,0.2
OTOGL,12,80377891,NM_001378610.3:c.6905T>A,NP_001365539.2:p.Ile2302Lys,0.595,27.7,['Unknown%20significance'],110.16,0.56,0.0,1.0,1.0
OTOGL,12,80377891,NM_001378610.3:c.6905T>C,NP_001365539.2:p.Ile2302Thr,0.584,27.6,['Unknown%20significance'],110.16,0.56,0.0,0.7,0.7
OTOGL,12,80377892,NM_001378610.3:c.6906A>G,NP_001365539.2:p.Ile2302Met,0.314,24.2,['Unknown%20significance'],110.16,0.56,0.0,-0.0,0.0
OTOGL,12,80377894,NM_001378610.3:c.6908A>G,NP_001365539.2:p.Tyr2303Cys,0.275,26.5,['Unknown%20significance'],111.51,0.46,0.0,1.9,1.9
OTOGL,12,80377897,NM_001378610.3:c.6911A>G,NP_001365539.2:p.Asn2304Ser,0.346,24.0,['Unknown%20significance'],40.6,0.25,0.0,-0.0,0.0
OTOGL,12,80377897,NM_001378610.3:c.6911A>T,NP_001365539.2:p.Asn2304Ile,0.553,28.7,['Unknown%20significance'],40.6,0.25,0.0,-0.3,0.3
OTOGL,12,80377899,NM_001378610.3:c.6913A>G,NP_001365539.2:p.Ile2305Val,0.030,21.3,['Likely%20benign'],158.16,0.8,0.0,0.0,0.0
OTOGL,12,80377902,NM_001378610.3:c.6916A>G,NP_001365539.2:p.Asn2306Asp,0.341,28.3,['Unknown%20significance'],148.87,0.93,0.0,0.0,0.0
OTOGL,12,80377903,NM_001378610.3:c.6917A>G,NP_001365539.2:p.Asn2306Ser,0.371,25.9,['Unknown%20significance'],148.87,0.93,0.0,0.0,0.0
OTOGL,12,80377905,NM_001378610.3:c.6919A>G,NP_001365539.2:p.Ile2307Val,0.037,15.11,['Likely%20benign'],106.02,0.54,0.0,0.1,0.1
OTOGL,12,80377906,NM_001378610.3:c.6920T>C,NP_001365539.2:p.Ile2307Thr,0.257,24.2,['Unknown%20significance'],106.02,0.54,0.0,0.3,0.3
OTOGL,12,80377908,NM_001378610.3:c.6922G>A,NP_001365539.2:p.Glu2308Lys,0.078,24.7,['Unknown%20significance'],139.11,0.71,0.0,0.0,0.0
OTOGL,12,80377909,NM_001378610.3:c.6923A>T,NP_001365539.2:p.Glu2308Val,0.209,29.1,['Unknown%20significance'],139.11,0.71,0.0,-0.3,0.3
OTOGL,12,80377912,NM_001378610.3:c.6926G>A,NP_001365539.2:p.Ser2309Asn,0.036,23.5,['Unknown%20significance'],60.82,0.44,0.0,0.1,0.1
OTOGL,12,80377912,NM_001378610.3:c.6926G>T,NP_001365539.2:p.Ser2309Ile,0.218,26.8,['Unknown%20significance'],60.82,0.44,0.0,-0.5,0.5
OTOGL,12,80377913,NM_001378610.3:c.6927T>G,NP_001365539.2:p.Ser2309Arg,0.258,23.9,['Unknown%20significance'],60.82,0.44,0.0,-0.2,0.2
OTOGL,12,80377914,NM_001378610.3:c.6928C>A,NP_001365539.2:p.His2310Asn,0.308,25.1,['Unknown%20significance'],135.79,0.66,0.0,0.4,0.4
OTOGL,12,80377914,NM_001378610.3:c.6928C>T,NP_001365539.2:p.His2310Tyr,0.345,22.5,['Unknown%20significance'],135.79,0.66,0.0,-0.4,0.4
OTOGL,12,80377915,NM_001378610.3:c.6929A>G,NP_001365539.2:p.His2310Arg,0.495,23.8,['Unknown%20significance'],135.79,0.66,0.0,0.1,0.1
OTOGL,12,80377923,NM_001378610.3:c.6937T>C,NP_001365539.2:p.Phe2313Leu,0.461,29.4,['Unknown%20significance'],76.79,0.33,0.0,0.4,0.4
OTOGL,12,80377926,NM_001378610.3:c.6940T>A,NP_001365539.2:p.Cys2314Ser,0.767,27.6,['Unknown%20significance'],47.75,0.3,0.0,3.3,3.3
OTOGL,12,80377929,NM_001378610.3:c.6943A>G,NP_001365539.2:p.Lys2315Glu,0.537,28.9,['Unknown%20significance'],63.6,0.26,0.0,-0.1,0.1
OTOGL,12,80377930,NM_001378610.3:c.6944A>G,NP_001365539.2:p.Lys2315Arg,0.302,27.5,['Unknown%20significance'],63.6,0.26,0.0,-0.5,0.5
OTOGL,12,80377932,NM_001378610.3:c.6946T>C,NP_001365539.2:p.Cys2316Arg,0.810,29.3,['Unknown%20significance'],63.86,0.41,0.0,4.2,4.2
OTOGL,12,80377933,NM_001378610.3:c.6947G>A,NP_001365539.2:p.Cys2316Tyr,0.700,27.8,['Unknown%20significance'],63.86,0.41,0.0,3.2,3.2
OTOGL,12,80377935,NM_001378610.3:c.6949T>A,NP_001365539.2:p.Cys2317Ser,0.784,27.8,['Unknown%20significance'],33.92,0.21,0.0,4.6,4.6
OTOGL,12,80377935,NM_001378610.3:c.6949T>C,NP_001365539.2:p.Cys2317Arg,0.768,29.4,['Unknown%20significance'],33.92,0.21,0.0,4.7,4.7
OTOGL,12,80377938,NM_001378610.3:c.6952C>A,NP_001365539.2:p.Arg2318Ser,0.288,25.8,['Unknown%20significance'],121.2,0.44,0.0,0.5,0.5
OTOGL,12,80377938,NM_001378610.3:c.6952C>T,NP_001365539.2:p.Arg2318Cys,0.354,28.1,['Unknown%20significance'],121.2,0.44,0.0,-0.6,0.6
OTOGL,12,80377939,NM_001378610.3:c.6953G>A,NP_001365539.2:p.Arg2318His,0.453,30,['Unknown%20significance'],121.2,0.44,0.0,0.0,0.0
OTOGL,12,80377943,NM_001378610.3:c.6957A>T,NP_001365539.2:p.Glu2319Asp,0.345,23.3,['Unknown%20significance'],57.4,0.29,0.0,0.2,0.2
OTOGL,12,80377945,NM_001378610.3:c.6959A>G,NP_001365539.2:p.Asn2320Ser,0.038,17.92,['Unknown%20significance'],75.62,0.47,0.0,0.0,0.0
OTOGL,12,80377950,NM_001378610.3:c.6964G>A,NP_001365539.2:p.Val2322Ile,0.059,22.4,['Likely%20benign'],57.32,0.33,0.0,-0.1,0.1
OTOGL,12,80377953,NM_001378610.3:c.6967C>G,NP_001365539.2:p.Arg2323Gly,0.128,23.9,['Unknown%20significance'],159.27,0.59,0.0,0.7,0.7
OTOGL,12,80377954,NM_001378610.3:c.6968G>A,NP_001365539.2:p.Arg2323Gln,0.079,17.19,['Unknown%20significance'],159.27,0.59,0.0,0.1,0.1
OTOGL,12,80377956,NM_001378610.3:c.6970A>G,NP_001365539.2:p.Asn2324Asp,0.200,24.2,['Unknown%20significance'],102.75,0.64,0.0,0.1,0.1
OTOGL,12,80377957,NM_001378610.3:c.6971A>G,NP_001365539.2:p.Asn2324Ser,0.128,23.4,['Unknown%20significance'],102.75,0.64,0.0,0.1,0.1
OTOGL,12,80377962,NM_001378610.3:c.6976T>C,NP_001365539.2:p.Ser2326Pro,0.090,21.3,['Unknown%20significance'],83.49,0.6,0.0,0.1,0.1
OTOGL,12,80377963,NM_001378610.3:c.6977C>A,NP_001365539.2:p.Ser2326Tyr,0.057,23.0,['Unknown%20significance'],83.49,0.6,0.0,-0.4,0.4
OTOGL,12,80377963,NM_001378610.3:c.6977C>G,NP_001365539.2:p.Ser2326Cys,0.080,24.2,['Unknown%20significance'],83.49,0.6,0.0,0.1,0.1
OTOGL,12,80377963,NM_001378610.3:c.6977C>T,NP_001365539.2:p.Ser2326Phe,0.059,23.3,['Unknown%20significance'],83.49,0.6,0.0,-0.3,0.3
OTOGL,12,80377965,NM_001378610.3:c.6979G>A,NP_001365539.2:p.Val2327Met,0.311,25.1,['Unknown%20significance'],0.0,0.0,0.0,2.0,2.0
OTOGL,12,80377965,NM_001378610.3:c.6979G>C,NP_001365539.2:p.Val2327Leu,0.239,23.1,['Unknown%20significance'],0.0,0.0,0.0,1.4,1.4
OTOGL,12,80377969,NM_001378610.3:c.6983C>A,NP_001365539.2:p.Pro2328His,0.198,23.3,['Unknown%20significance'],60.17,0.38,0.0,-0.3,0.3
OTOGL,12,80377972,NM_001378610.3:c.6986T>A,NP_001365539.2:p.Leu2329Gln,0.731,27.6,['Unknown%20significance'],1.02,0.0,0.0,4.0,4.0
OTOGL,12,80377974,NM_001378610.3:c.6988T>G,NP_001365539.2:p.Tyr2330Asp,0.141,24.5,['Unknown%20significance'],85.43,0.35,0.0,1.7,1.7
OTOGL,12,80377975,NM_001378610.3:c.6989A>T,NP_001365539.2:p.Tyr2330Phe,0.034,16.45,['Likely%20benign'],85.43,0.35,0.0,0.0,0.0
OTOGL,12,80377977,NM_001378610.3:c.6991T>C,NP_001365539.2:p.Cys2331Arg,0.816,29.9,['Unknown%20significance'],6.5,0.04,0.0,4.2,4.2
OTOGL,12,80377978,NM_001378610.3:c.6992G>A,NP_001365539.2:p.Cys2331Tyr,0.783,29.3,['Unknown%20significance'],6.5,0.04,0.0,3.1,3.1
OTOGL,12,80377978,NM_001378610.3:c.6992G>C,NP_001365539.2:p.Cys2331Ser,0.785,28.6,['Unknown%20significance'],6.5,0.04,0.0,4.4,4.4
OTOGL,12,80377984,NM_001378610.3:c.6998G>A,NP_001365539.2:p.Gly2333Glu,0.283,28.6,['Unknown%20significance'],64.23,0.67,0.0,-0.2,0.2
OTOGL,12,80377989,NM_001378610.3:c.7003G>A,NP_001365539.2:p.Gly2335Ser,0.070,23.1,['Unknown%20significance'],37.91,0.39,0.0,0.3,0.3
OTOGL,12,80377990,NM_001378610.3:c.7004G>A,NP_001365539.2:p.Gly2335Asp,0.324,22.6,['Unknown%20significance'],37.91,0.39,0.0,0.7,0.7
OTOGL,12,80377990,NM_001378610.3:c.7004G>T,NP_001365539.2:p.Gly2335Val,0.335,25.3,['Unknown%20significance'],37.91,0.39,0.0,0.6,0.6
OTOGL,12,80377995,NM_001378610.3:c.7009G>A,NP_001365539.2:p.Glu2337Lys,0.113,23.4,['Unknown%20significance'],121.28,0.62,0.0,0.1,0.1
OTOGL,12,80377998,NM_001378610.3:c.7012A>G,NP_001365539.2:p.Ile2338Val,0.033,8.512,['Likely%20benign'],91.97,0.46,0.0,0.1,0.1
OTOGL,12,80378001,NM_001378610.3:c.7015A>G,NP_001365539.2:p.Met2339Val,0.040,10.42,['Likely%20benign'],125.24,0.57,0.0,-0.0,0.0
OTOGL,12,80378002,NM_001378610.3:c.7016T>A,NP_001365539.2:p.Met2339Lys,0.045,18.76,['Unknown%20significance'],125.24,0.57,0.0,0.6,0.6
OTOGL,12,80378002,NM_001378610.3:c.7016T>C,NP_001365539.2:p.Met2339Thr,0.038,17.94,['Unknown%20significance'],125.24,0.57,0.0,0.2,0.2
OTOGL,12,80378003,NM_001378610.3:c.7017G>A,NP_001365539.2:p.Met2339Ile,0.065,18.57,['Unknown%20significance'],125.24,0.57,0.0,-0.1,0.1
OTOGL,12,80378005,NM_001378610.3:c.7019A>G,NP_001365539.2:p.Tyr2340Cys,0.294,27.3,['Unknown%20significance'],67.12,0.27,0.0,2.1,2.1
OTOGL,12,80378007,NM_001378610.3:c.7021A>C,NP_001365539.2:p.Thr2341Pro,0.123,23.0,['Unknown%20significance'],79.13,0.5,0.0,0.5,0.5
OTOGL,12,80378007,NM_001378610.3:c.7021A>G,NP_001365539.2:p.Thr2341Ala,0.118,18.75,['Unknown%20significance'],79.13,0.5,0.0,0.3,0.3
OTOGL,12,80378008,NM_001378610.3:c.7022C>A,NP_001365539.2:p.Thr2341Asn,0.072,20.4,['Likely%20benign'],79.13,0.5,0.0,0.3,0.3
OTOGL,12,80378008,NM_001378610.3:c.7022C>T,NP_001365539.2:p.Thr2341Ile,0.070,16.52,['Likely%20benign'],79.13,0.5,0.0,-0.0,0.0
OTOGL,12,80378010,NM_001378610.3:c.7024C>A,NP_001365539.2:p.Leu2342Ile,0.060,15.49,['Likely%20benign'],29.31,0.15,0.0,-0.2,0.2
OTOGL,12,80378010,NM_001378610.3:c.7024C>G,NP_001365539.2:p.Leu2342Val,0.057,17.22,['Unknown%20significance'],29.31,0.15,0.0,0.1,0.1
OTOGL,12,80378011,NM_001378610.3:c.7025T>A,NP_001365539.2:p.Leu2342His,0.119,25.9,['Unknown%20significance'],29.31,0.15,0.0,0.4,0.4
OTOGL,12,80378011,NM_001378610.3:c.7025T>C,NP_001365539.2:p.Leu2342Pro,0.209,26.2,['Unknown%20significance'],29.31,0.15,0.0,1.9,1.9
OTOGL,12,80378013,NM_001378610.3:c.7027C>A,NP_001365539.2:p.Gln2343Lys,0.263,22.9,['Unknown%20significance'],125.78,0.63,0.0,0.2,0.2
OTOGL,12,80378013,NM_001378610.3:c.7027C>G,NP_001365539.2:p.Gln2343Glu,0.221,22.5,['Unknown%20significance'],125.78,0.63,0.0,0.2,0.2
OTOGL,12,80378014,NM_001378610.3:c.7028A>G,NP_001365539.2:p.Gln2343Arg,0.449,23.8,['Unknown%20significance'],125.78,0.63,0.0,-0.1,0.1
OTOGL,12,80378015,NM_001378610.3:c.7029G>T,NP_001365539.2:p.Gln2343His,0.282,24.0,['Unknown%20significance'],125.78,0.63,0.0,-0.1,0.1
OTOGL,12,80378016,NM_001378610.3:c.7030G>A,NP_001365539.2:p.Glu2344Lys,0.524,29.4,['Unknown%20significance'],8.91,0.04,0.0,0.2,0.2
OTOGL,12,80378018,NM_001378610.3:c.7032A>C,NP_001365539.2:p.Glu2344Asp,0.261,22.8,['Unknown%20significance'],8.91,0.04,0.0,0.5,0.5
OTOGL,12,80378019,NM_001378610.3:c.7033C>A,NP_001365539.2:p.Pro2345Thr,0.502,24.6,['Unknown%20significance'],10.51,0.06,0.0,-0.3,0.3
OTOGL,12,80378020,NM_001378610.3:c.7034C>A,NP_001365539.2:p.Pro2345His,0.428,24.8,['Unknown%20significance'],10.51,0.06,0.0,-0.1,0.1
OTOGL,12,80378022,NM_001378610.3:c.7036A>G,NP_001365539.2:p.Ile2346Val,0.070,6.577,['Likely%20benign'],97.9,0.49,0.0,0.0,0.0
OTOGL,12,80378022,NM_001378610.3:c.7036A>T,NP_001365539.2:p.Ile2346Leu,0.068,9.124,['Likely%20benign'],97.9,0.49,0.0,0.1,0.1
OTOGL,12,80378023,NM_001378610.3:c.7037T>A,NP_001365539.2:p.Ile2346Lys,0.072,18.27,['Unknown%20significance'],97.9,0.49,0.0,0.7,0.7
OTOGL,12,80378023,NM_001378610.3:c.7037T>C,NP_001365539.2:p.Ile2346Thr,0.031,8.516,['Likely%20benign'],97.9,0.49,0.0,0.3,0.3
OTOGL,12,80378023,NM_001378610.3:c.7037T>G,NP_001365539.2:p.Ile2346Arg,0.086,19.10,['Unknown%20significance'],97.9,0.49,0.0,0.3,0.3
OTOGL,12,80378024,NM_001378610.3:c.7038A>G,NP_001365539.2:p.Ile2346Met,0.036,3.678,['Likely%20benign'],97.9,0.49,0.0,0.1,0.1
OTOGL,12,80378025,NM_001378610.3:c.7039G>T,NP_001365539.2:p.Asp2347Tyr,0.539,25.9,['Unknown%20significance'],70.05,0.43,0.0,-0.8,0.8
OTOGL,12,80378026,NM_001378610.3:c.7040A>G,NP_001365539.2:p.Asp2347Gly,0.413,23.4,['Unknown%20significance'],70.05,0.43,0.0,0.4,0.4
OTOGL,12,80378027,NM_001378610.3:c.7041C>A,NP_001365539.2:p.Asp2347Glu,0.149,16.46,['Unknown%20significance'],70.05,0.43,0.0,-0.2,0.2
OTOGL,12,80378028,NM_001378610.3:c.7042T>C,NP_001365539.2:p.Cys2348Arg,0.888,25.8,['Unknown%20significance'],9.08,0.05,0.0,5.3,5.3
OTOGL,12,80378029,NM_001378610.3:c.7043G>A,NP_001365539.2:p.Cys2348Tyr,0.786,25.5,['Unknown%20significance'],9.08,0.05,0.0,4.1,4.1
OTOGL,12,80378029,NM_001378610.3:c.7043G>T,NP_001365539.2:p.Cys2348Phe,0.786,25.6,['Unknown%20significance'],9.08,0.05,0.0,4.2,4.2
OTOGL,12,80378031,NM_001378610.3:c.7045A>G,NP_001365539.2:p.Thr2349Ala,0.061,22.4,['Unknown%20significance'],53.52,0.34,0.0,0.0,0.0
OTOGL,12,80378032,NM_001378610.3:c.7046C>A,NP_001365539.2:p.Thr2349Lys,0.124,23.9,['Unknown%20significance'],53.52,0.34,0.0,0.5,0.5
OTOGL,12,80378032,NM_001378610.3:c.7046C>T,NP_001365539.2:p.Thr2349Met,0.127,23.9,['Unknown%20significance'],53.52,0.34,0.0,-0.3,0.3
OTOGL,12,80378035,NM_001378610.3:c.7049G>A,NP_001365539.2:p.Cys2350Tyr,0.791,25.5,['Unknown%20significance'],43.76,0.28,0.0,3.1,3.1
OTOGL,12,80378035,NM_001378610.3:c.7049G>T,NP_001365539.2:p.Cys2350Phe,0.789,25.7,['Unknown%20significance'],43.76,0.28,0.0,3.0,3.0
OTOGL,12,80378037,NM_001378610.3:c.7051C>A,NP_001365539.2:p.Gln2351Lys,0.406,24.2,['Unknown%20significance'],53.8,0.27,0.0,0.6,0.6
OTOGL,12,80378038,NM_001378610.3:c.7052A>C,NP_001365539.2:p.Gln2351Pro,0.541,26.1,['Unknown%20significance'],53.8,0.27,0.0,0.8,0.8
OTOGL,12,80378038,NM_001378610.3:c.7052A>G,NP_001365539.2:p.Gln2351Arg,0.501,25.3,['Unknown%20significance'],53.8,0.27,0.0,0.0,0.0
OTOGL,12,80378038,NM_001378610.3:c.7052A>T,NP_001365539.2:p.Gln2351Leu,0.384,26.3,['Unknown%20significance'],53.8,0.27,0.0,-0.1,0.1
OTOGL,12,80378039,NM_001378610.3:c.7053G>C,NP_001365539.2:p.Gln2351His,0.285,22.3,['Unknown%20significance'],53.8,0.27,0.0,-0.1,0.1
OTOGL,12,80378039,NM_001378610.3:c.7053G>T,NP_001365539.2:p.Gln2351His,0.285,22.3,['Unknown%20significance'],53.8,0.27,0.0,-0.1,0.1
OTOGL,12,80378040,NM_001378610.3:c.7054T>A,NP_001365539.2:p.Trp2352Arg,0.303,28.0,['Unknown%20significance'],137.31,0.52,0.0,1.9,1.9
OTOGL,12,80378040,NM_001378610.3:c.7054T>G,NP_001365539.2:p.Trp2352Gly,0.477,29.5,['Unknown%20significance'],137.31,0.52,0.0,2.2,2.2
OTOGL,12,80378041,NM_001378610.3:c.7055G>T,NP_001365539.2:p.Trp2352Leu,0.425,24.8,['Unknown%20significance'],137.31,0.52,0.0,1.5,1.5
OTOGL,12,80378042,NM_001378610.3:c.7056G>T,NP_001365539.2:p.Trp2352Cys,0.547,29.6,['Unknown%20significance'],137.31,0.52,0.0,1.1,1.1
OTOGL,12,80378043,NM_001378610.3:c.7057A>T,NP_001365539.2:p.Asn2353Tyr,0.161,24.5,['Unknown%20significance'],138.2,0.86,0.0,0.0,0.0
OTOGL,12,80378044,NM_001378610.3:c.7058A>G,NP_001365539.2:p.Asn2353Ser,0.019,12.99,['Likely%20benign'],138.2,0.86,0.0,0.0,0.0