Gene,Chrom,Position,DNA_change,Protein_Change,Revel,CADDPhred,Classification,Surface Area,Normalized SA,Confidence Score,ddG,|ddG|
MYO6,6,75817551,NM_001368136.1:c.4G>A,NP_001355065.1:p.Glu2Lys,0.496,23.5,['Unknown%20significance'],66.76,0.34,0.0,0.4,0.4
MYO6,6,75817553,NM_001368136.1:c.6G>C,NP_001355065.1:p.Glu2Asp,0.242,14.56,['Unknown%20significance'],66.76,0.34,0.0,-0.1,0.1
MYO6,6,75817554,NM_001368136.1:c.7G>T,NP_001355065.1:p.Asp3Tyr,0.638,29.7,['Unknown%20significance'],148.09,0.92,0.0,-0.2,0.2
MYO6,6,75817555,NM_001368136.1:c.8A>G,NP_001355065.1:p.Asp3Gly,0.562,26.0,['Unknown%20significance'],148.09,0.92,0.0,0.1,0.1
MYO6,6,75817555,NM_001368136.1:c.8A>T,NP_001355065.1:p.Asp3Val,0.570,29.4,['Unknown%20significance'],148.09,0.92,0.0,-0.1,0.1
MYO6,6,75817557,NM_001368136.1:c.10G>A,NP_001355065.1:p.Gly4Arg,0.815,31,['Unknown%20significance'],44.64,0.46,0.0,-0.1,0.1
MYO6,6,75817560,NM_001368136.1:c.13A>C,NP_001355065.1:p.Lys5Gln,0.440,24.0,['Unknown%20significance'],65.04,0.27,0.0,-0.5,0.5
MYO6,6,75817560,NM_001368136.1:c.13A>G,NP_001355065.1:p.Lys5Glu,0.506,27.6,['Unknown%20significance'],65.04,0.27,0.0,-0.2,0.2
MYO6,6,75817562,NM_001368136.1:c.15G>C,NP_001355065.1:p.Lys5Asn,0.358,25.4,['Unknown%20significance'],65.04,0.27,0.0,-0.3,0.3
MYO6,6,75817562,NM_001368136.1:c.15G>T,NP_001355065.1:p.Lys5Asn,0.358,25.3,['Unknown%20significance'],65.04,0.27,0.0,-0.3,0.3
MYO6,6,75817566,NM_001368136.1:c.19G>A,NP_001355065.1:p.Val7Ile,0.633,24.3,['Unknown%20significance'],6.2,0.03,0.0,0.5,0.5
MYO6,6,75817567,NM_001368136.1:c.20T>C,NP_001355065.1:p.Val7Ala,0.924,27.1,['Unknown%20significance'],6.2,0.03,0.0,3.0,3.0
MYO6,6,75817570,NM_001368136.1:c.23G>C,NP_001355065.1:p.Trp8Ser,0.902,31,['Unknown%20significance'],14.82,0.05,0.0,6.2,6.2
MYO6,6,75817573,NM_001368136.1:c.26C>G,NP_001355065.1:p.Ala9Gly,0.724,26.4,['Unknown%20significance'],0.0,0.0,0.0,1.9,1.9
MYO6,6,75817573,NM_001368136.1:c.26C>T,NP_001355065.1:p.Ala9Val,0.497,23.6,['Unknown%20significance'],0.0,0.0,0.0,-2.5,2.5
MYO6,6,75817576,NM_001368136.1:c.29C>T,NP_001355065.1:p.Pro10Leu,0.815,26.8,['Unknown%20significance'],40.11,0.25,0.0,-0.5,0.5
MYO6,6,75817578,NM_001368136.1:c.31C>T,NP_001355065.1:p.His11Tyr,0.774,25.2,['Unknown%20significance'],40.23,0.19,0.0,-0.5,0.5
MYO6,6,75817579,NM_001368136.1:c.32A>C,NP_001355065.1:p.His11Pro,0.909,26.9,['Unknown%20significance'],40.23,0.19,0.0,0.9,0.9
MYO6,6,75817579,NM_001368136.1:c.32A>G,NP_001355065.1:p.His11Arg,0.867,25.6,['Unknown%20significance'],40.23,0.19,0.0,0.1,0.1
MYO6,6,75817582,NM_001368136.1:c.35C>A,NP_001355065.1:p.Pro12His,0.760,25.8,['Unknown%20significance'],134.35,0.85,0.0,-0.0,0.0
MYO6,6,75817584,NM_001368136.1:c.37A>G,NP_001355065.1:p.Thr13Ala,0.320,17.12,['Unknown%20significance'],101.1,0.64,0.0,0.3,0.3
MYO6,6,75817584,NM_001368136.1:c.37A>T,NP_001355065.1:p.Thr13Ser,0.258,17.15,['Unknown%20significance'],101.1,0.64,0.0,0.1,0.1
MYO6,6,75817587,NM_001368136.1:c.40G>C,NP_001355065.1:p.Asp14His,0.421,23.3,['Unknown%20significance'],31.1,0.19,0.0,-0.6,0.6
MYO6,6,75817588,NM_001368136.1:c.41A>C,NP_001355065.1:p.Asp14Ala,0.501,24.4,['Unknown%20significance'],31.1,0.19,0.0,-0.1,0.1
MYO6,6,75817588,NM_001368136.1:c.41A>G,NP_001355065.1:p.Asp14Gly,0.550,24.8,['Unknown%20significance'],31.1,0.19,0.0,0.6,0.6
MYO6,6,75817589,NM_001368136.1:c.42T>A,NP_001355065.1:p.Asp14Glu,0.311,16.06,['Unknown%20significance'],31.1,0.19,0.0,-0.2,0.2
MYO6,6,75817590,NM_001368136.1:c.43G>A,NP_001355065.1:p.Gly15Arg,0.870,32,['Unknown%20significance'],5.75,0.06,0.0,-0.8,0.8
MYO6,6,75817593,NM_001368136.1:c.46T>A,NP_001355065.1:p.Phe16Ile,0.917,27.7,['Unknown%20significance'],3.13,0.01,0.0,1.6,1.6
MYO6,6,75817597,NM_001368136.1:c.50A>G,NP_001355065.1:p.Gln17Arg,0.598,23.5,['Unknown%20significance'],17.5,0.08,0.0,-0.5,0.5
MYO6,6,75817598,NM_001368136.1:c.51G>T,NP_001355065.1:p.Gln17His,0.715,22.9,['Unknown%20significance'],17.5,0.08,0.0,-0.1,0.1
MYO6,6,75817599,NM_001368136.1:c.52A>G,NP_001355065.1:p.Met18Val,0.277,23.4,['Unknown%20significance'],34.1,0.15,0.0,-0.1,0.1
MYO6,6,75817602,NM_001368136.1:c.55G>T,NP_001355065.1:p.Gly19Cys,0.927,25.7,['Unknown%20significance'],0.0,0.0,0.0,-0.6,0.6
MYO6,6,75817603,NM_001368136.1:c.56G>A,NP_001355065.1:p.Gly19Asp,0.925,26.9,['Unknown%20significance'],0.0,0.0,0.0,1.2,1.2
MYO6,6,75817603,NM_001368136.1:c.56G>T,NP_001355065.1:p.Gly19Val,0.929,26.7,['Unknown%20significance'],0.0,0.0,0.0,-1.5,1.5
MYO6,6,75817606,NM_001368136.1:c.59A>G,NP_001355065.1:p.Asn20Ser,0.298,15.68,['Likely%20benign'],47.9,0.29,0.0,-0.0,0.0
MYO6,6,75817608,NM_001368136.1:c.61A>G,NP_001355065.1:p.Ile21Val,0.448,22.1,['Unknown%20significance'],16.72,0.08,0.0,0.2,0.2
MYO6,6,75817608,NM_001368136.1:c.61A>T,NP_001355065.1:p.Ile21Phe,0.848,24.0,['Unknown%20significance'],16.72,0.08,0.0,1.0,1.0
MYO6,6,75817611,NM_001368136.1:c.64G>A,NP_001355065.1:p.Val22Met,0.593,24.3,['Unknown%20significance'],77.79,0.45,0.0,0.3,0.3
MYO6,6,75817612,NM_001368136.1:c.65T>C,NP_001355065.1:p.Val22Ala,0.510,22.9,['Unknown%20significance'],77.79,0.45,0.0,0.9,0.9
MYO6,6,75817615,NM_001368136.1:c.68A>G,NP_001355065.1:p.Asp23Gly,0.835,31,['Unknown%20significance'],9.74,0.06,0.0,0.6,0.6
MYO6,6,75817618,NM_001368136.1:c.71T>C,NP_001355065.1:p.Ile24Thr,0.742,26.9,['Unknown%20significance'],0.19,0.0,0.0,1.2,1.2
MYO6,6,75817623,NM_001368136.1:c.76C>T,NP_001355065.1:p.Pro26Ser,0.221,13.84,['Unknown%20significance'],38.29,0.24,0.0,-0.3,0.3
MYO6,6,75817624,NM_001368136.1:c.77C>T,NP_001355065.1:p.Pro26Leu,0.381,22.6,['Unknown%20significance'],38.29,0.24,0.0,-0.6,0.6
MYO6,6,75817626,NM_001368136.1:c.79G>A,NP_001355065.1:p.Asp27Asn,0.455,25.1,['Unknown%20significance'],75.96,0.47,0.0,-0.1,0.1
MYO6,6,75817627,NM_001368136.1:c.80A>G,NP_001355065.1:p.Asp27Gly,0.731,24.2,['Pathogenic'],75.96,0.47,0.0,0.3,0.3
MYO6,6,75817630,NM_001368136.1:c.83G>A,NP_001355065.1:p.Ser28Asn,0.342,16.63,['Unknown%20significance'],21.59,0.15,0.0,-0.1,0.1
MYO6,6,75817632,NM_001368136.1:c.85T>A,NP_001355065.1:p.Leu29Ile,0.470,21.8,['Unknown%20significance'],0.0,0.0,0.0,-0.2,0.2
MYO6,6,75817635,NM_001368136.1:c.88A>G,NP_001355065.1:p.Thr30Ala,0.546,23.7,['Unknown%20significance'],15.52,0.09,0.0,0.3,0.3
MYO6,6,75817638,NM_001368136.1:c.91A>G,NP_001355065.1:p.Ile31Val,0.269,21.6,['Unknown%20significance'],0.0,0.0,0.0,-0.2,0.2
MYO6,6,75817639,NM_001368136.1:c.92T>C,NP_001355065.1:p.Ile31Thr,0.798,26.4,['Likely%20benign'],0.0,0.0,0.0,2.9,2.9
MYO6,6,75817641,NM_001368136.1:c.94G>A,NP_001355065.1:p.Glu32Lys,0.500,25.7,['Unknown%20significance'],41.87,0.21,0.0,0.0,0.0
MYO6,6,75817641,NM_001368136.1:c.94G>C,NP_001355065.1:p.Glu32Gln,0.355,23.7,['Unknown%20significance'],41.87,0.21,0.0,-0.5,0.5
MYO6,6,75817644,NM_001368136.1:c.97C>T,NP_001355065.1:p.Pro33Ser,0.226,20.8,['Unknown%20significance'],0.04,0.0,0.0,-0.1,0.1
MYO6,6,75817645,NM_001368136.1:c.98C>G,NP_001355065.1:p.Pro33Arg,0.421,25.8,['Unknown%20significance'],0.04,0.0,0.0,-1.1,1.1
MYO6,6,75817645,NM_001368136.1:c.98C>T,NP_001355065.1:p.Pro33Leu,0.325,23.8,['Unknown%20significance'],0.04,0.0,0.0,-2.4,2.4
MYO6,6,75817650,NM_001368136.1:c.103A>G,NP_001355065.1:p.Asn35Asp,0.127,17.03,['Unknown%20significance'],117.62,0.73,0.0,0.1,0.1
MYO6,6,75817650,NM_001368136.1:c.103A>T,NP_001355065.1:p.Asn35Tyr,0.251,23.5,['Unknown%20significance'],117.62,0.73,0.0,-0.2,0.2
MYO6,6,75817651,NM_001368136.1:c.104A>T,NP_001355065.1:p.Asn35Ile,0.129,22.9,['Unknown%20significance'],117.62,0.73,0.0,-0.0,0.0
MYO6,6,75817652,NM_001368136.1:c.105T>G,NP_001355065.1:p.Asn35Lys,0.159,15.48,['Unknown%20significance'],117.62,0.73,0.0,0.2,0.2
MYO6,6,75817657,NM_001368136.1:c.110A>G,NP_001355065.1:p.Lys37Arg,0.097,21.4,['Unknown%20significance'],185.12,0.78,0.0,-0.2,0.2
MYO6,6,75817663,NM_001368136.1:c.116A>G,NP_001355065.1:p.Lys39Arg,0.372,29.9,['Unknown%20significance'],163.72,0.69,0.0,-0.3,0.3
MYO6,6,75822782,NM_001368136.1:c.118A>G,NP_001355065.1:p.Thr40Ala,0.176,22.7,['Unknown%20significance'],74.97,0.47,0.0,0.3,0.3
MYO6,6,75822791,NM_001368136.1:c.127G>T,NP_001355065.1:p.Ala43Ser,0.426,26.4,['Unknown%20significance'],9.87,0.07,0.0,0.6,0.6
MYO6,6,75822792,NM_001368136.1:c.128C>A,NP_001355065.1:p.Ala43Asp,0.556,26.3,['Unknown%20significance'],9.87,0.07,0.0,1.2,1.2
MYO6,6,75822797,NM_001368136.1:c.133A>G,NP_001355065.1:p.Ile45Val,0.053,19.61,['Unknown%20significance'],7.5,0.03,0.0,0.2,0.2
MYO6,6,75822803,NM_001368136.1:c.139C>A,NP_001355065.1:p.Gln47Lys,0.436,23.6,['Unknown%20significance'],61.68,0.31,0.0,0.4,0.4
MYO6,6,75822804,NM_001368136.1:c.140A>G,NP_001355065.1:p.Gln47Arg,0.407,23.4,['Unknown%20significance'],61.68,0.31,0.0,-0.3,0.3
MYO6,6,75822806,NM_001368136.1:c.142G>C,NP_001355065.1:p.Val48Leu,0.359,24.4,['Unknown%20significance'],0.0,0.0,0.0,0.2,0.2
MYO6,6,75822812,NM_001368136.1:c.148C>G,NP_001355065.1:p.Pro50Ala,0.431,20.4,['Unknown%20significance'],11.86,0.07,0.0,0.5,0.5
MYO6,6,75822816,NM_001368136.1:c.152C>A,NP_001355065.1:p.Ala51Glu,0.577,25.6,['Unknown%20significance'],0.55,0.0,0.0,0.7,0.7
MYO6,6,75822816,NM_001368136.1:c.152C>T,NP_001355065.1:p.Ala51Val,0.453,28.5,['Unknown%20significance'],0.55,0.0,0.0,-0.8,0.8
MYO6,6,75822819,NM_001368136.1:c.155A>G,NP_001355065.1:p.Glu52Gly,0.567,27.5,['Unknown%20significance'],2.28,0.01,0.0,0.7,0.7
MYO6,6,75822823,NM_001368136.1:c.159G>C,NP_001355065.1:p.Glu53Asp,0.104,15.98,['Unknown%20significance'],75.91,0.38,0.0,0.1,0.1
MYO6,6,75822824,NM_001368136.1:c.160G>A,NP_001355065.1:p.Asp54Asn,0.306,25.1,['Unknown%20significance'],72.85,0.45,0.0,-0.1,0.1
MYO6,6,75822824,NM_001368136.1:c.160G>T,NP_001355065.1:p.Asp54Tyr,0.512,25.9,['Unknown%20significance'],72.85,0.45,0.0,-0.5,0.5
MYO6,6,75822826,NM_001368136.1:c.162C>G,NP_001355065.1:p.Asp54Glu,0.154,17.12,['Unknown%20significance'],72.85,0.45,0.0,0.0,0.0
MYO6,6,75822827,NM_001368136.1:c.163A>G,NP_001355065.1:p.Ser55Gly,0.128,22.2,['Unknown%20significance'],49.8,0.36,0.0,0.5,0.5
MYO6,6,75822827,NM_001368136.1:c.163A>T,NP_001355065.1:p.Ser55Cys,0.275,23.0,['Unknown%20significance'],49.8,0.36,0.0,0.0,0.0
MYO6,6,75822828,NM_001368136.1:c.164G>A,NP_001355065.1:p.Ser55Asn,0.082,17.58,['Unknown%20significance'],49.8,0.36,0.0,-0.0,0.0
MYO6,6,75822829,NM_001368136.1:c.165T>A,NP_001355065.1:p.Ser55Arg,0.116,15.45,['Unknown%20significance'],49.8,0.36,0.0,-0.6,0.6
MYO6,6,75822830,NM_001368136.1:c.166A>G,NP_001355065.1:p.Lys56Glu,0.107,21.8,['Unknown%20significance'],200.69,0.84,0.0,-0.0,0.0
MYO6,6,75822833,NM_001368136.1:c.169A>G,NP_001355065.1:p.Lys57Glu,0.479,28.7,['Unknown%20significance'],96.64,0.4,0.0,-0.2,0.2
MYO6,6,75822836,NM_001368136.1:c.172G>A,NP_001355065.1:p.Asp58Asn,0.250,23.3,['Unknown%20significance'],19.55,0.12,0.0,-0.4,0.4
MYO6,6,75822836,NM_001368136.1:c.172G>T,NP_001355065.1:p.Asp58Tyr,0.411,27.2,['Unknown%20significance'],19.55,0.12,0.0,-1.4,1.4
MYO6,6,75822837,NM_001368136.1:c.173A>G,NP_001355065.1:p.Asp58Gly,0.365,26.2,['Unknown%20significance'],19.55,0.12,0.0,-0.2,0.2
MYO6,6,75822838,NM_001368136.1:c.174T>A,NP_001355065.1:p.Asp58Glu,0.136,22.4,['Unknown%20significance'],19.55,0.12,0.0,-0.1,0.1
MYO6,6,75822839,NM_001368136.1:c.175G>A,NP_001355065.1:p.Val59Met,0.596,27.8,['Unknown%20significance'],19.52,0.11,0.0,0.4,0.4
MYO6,6,75822842,NM_001368136.1:c.178G>C,NP_001355065.1:p.Glu60Gln,0.545,29.0,['Pathogenic'],68.15,0.34,0.0,-0.2,0.2
MYO6,6,75822846,NM_001368136.1:c.182A>G,NP_001355065.1:p.Asp61Gly,0.957,33,['Unknown%20significance'],4.16,0.02,0.0,1.5,1.5
MYO6,6,75822848,NM_001368136.1:c.184A>C,NP_001355065.1:p.Asn62His,0.697,26.5,['Unknown%20significance'],0.0,0.0,0.0,-1.1,1.1
MYO6,6,75822848,NM_001368136.1:c.184A>T,NP_001355065.1:p.Asn62Tyr,0.778,27.6,['Unknown%20significance'],0.0,0.0,0.0,-2.9,2.9
MYO6,6,75822849,NM_001368136.1:c.185A>C,NP_001355065.1:p.Asn62Thr,0.675,32,['Unknown%20significance'],0.0,0.0,0.0,-0.9,0.9
MYO6,6,75822849,NM_001368136.1:c.185A>G,NP_001355065.1:p.Asn62Ser,0.655,31,['Unknown%20significance'],0.0,0.0,0.0,0.1,0.1
MYO6,6,75822849,NM_001368136.1:c.185A>T,NP_001355065.1:p.Asn62Ile,0.619,32,['Unknown%20significance'],0.0,0.0,0.0,-3.3,3.3
MYO6,6,75822850,NM_001368136.1:c.186C>A,NP_001355065.1:p.Asn62Lys,0.623,23.3,['Unknown%20significance'],0.0,0.0,0.0,-0.2,0.2
MYO6,6,75828541,NM_001368136.1:c.189T>G,NP_001355065.1:p.Cys63Trp,0.737,29.5,['Unknown%20significance'],0.01,0.0,0.0,-0.5,0.5
MYO6,6,75828543,NM_001368136.1:c.191C>T,NP_001355065.1:p.Ser64Leu,0.697,27.4,['Unknown%20significance'],61.59,0.44,0.0,-0.8,0.8
MYO6,6,75828545,NM_001368136.1:c.193C>A,NP_001355065.1:p.Leu65Ile,0.760,22.7,['Unknown%20significance'],0.49,0.0,0.0,1.1,1.1
MYO6,6,75828545,NM_001368136.1:c.193C>G,NP_001355065.1:p.Leu65Val,0.864,22.7,['Unknown%20significance'],0.49,0.0,0.0,1.6,1.6
MYO6,6,75828546,NM_001368136.1:c.194T>A,NP_001355065.1:p.Leu65Gln,0.961,27.5,['Unknown%20significance'],0.49,0.0,0.0,3.6,3.6
MYO6,6,75828546,NM_001368136.1:c.194T>C,NP_001355065.1:p.Leu65Pro,0.962,28.4,['Unknown%20significance'],0.49,0.0,0.0,4.4,4.4
MYO6,6,75828548,NM_001368136.1:c.196A>G,NP_001355065.1:p.Met66Val,0.701,23.4,['Unknown%20significance'],23.07,0.1,0.0,0.0,0.0
MYO6,6,75828549,NM_001368136.1:c.197T>C,NP_001355065.1:p.Met66Thr,0.725,25.7,['Unknown%20significance'],23.07,0.1,0.0,0.5,0.5
MYO6,6,75828550,NM_001368136.1:c.198G>A,NP_001355065.1:p.Met66Ile,0.696,26.8,['Unknown%20significance'],23.07,0.1,0.0,-0.1,0.1
MYO6,6,75828551,NM_001368136.1:c.199T>C,NP_001355065.1:p.Tyr67His,0.668,25.0,['Unknown%20significance'],5.62,0.02,0.0,1.4,1.4
MYO6,6,75828552,NM_001368136.1:c.200A>G,NP_001355065.1:p.Tyr67Cys,0.771,29.1,['Unknown%20significance'],5.62,0.02,0.0,2.3,2.3
MYO6,6,75828560,NM_001368136.1:c.208G>A,NP_001355065.1:p.Glu70Lys,0.952,32,['Unknown%20significance'],17.7,0.09,0.0,0.6,0.6
MYO6,6,75828563,NM_001368136.1:c.211G>A,NP_001355065.1:p.Ala71Thr,0.770,29.5,['Unknown%20significance'],0.0,0.0,0.0,0.2,0.2
MYO6,6,75828564,NM_001368136.1:c.212C>A,NP_001355065.1:p.Ala71Asp,0.780,25.8,['Unknown%20significance'],0.0,0.0,0.0,1.2,1.2
MYO6,6,75828564,NM_001368136.1:c.212C>T,NP_001355065.1:p.Ala71Val,0.773,26.3,['Unknown%20significance'],0.0,0.0,0.0,-0.3,0.3
MYO6,6,75828566,NM_001368136.1:c.214A>G,NP_001355065.1:p.Thr72Ala,0.816,25.9,['Unknown%20significance'],0.0,0.0,0.0,-0.2,0.2
MYO6,6,75828567,NM_001368136.1:c.215C>A,NP_001355065.1:p.Thr72Lys,0.912,25.6,['Unknown%20significance'],0.0,0.0,0.0,0.9,0.9
MYO6,6,75828567,NM_001368136.1:c.215C>G,NP_001355065.1:p.Thr72Arg,0.921,25.2,['Unknown%20significance'],0.0,0.0,0.0,-0.1,0.1
MYO6,6,75828567,NM_001368136.1:c.215C>T,NP_001355065.1:p.Thr72Ile,0.918,25.2,['Unknown%20significance'],0.0,0.0,0.0,-1.0,1.0
MYO6,6,75828569,NM_001368136.1:c.217C>A,NP_001355065.1:p.Leu73Met,0.633,24.1,['Unknown%20significance'],0.0,0.0,0.0,1.1,1.1
MYO6,6,75828569,NM_001368136.1:c.217C>G,NP_001355065.1:p.Leu73Val,0.378,23.7,['Unknown%20significance'],0.0,0.0,0.0,-0.4,0.4
MYO6,6,75828570,NM_001368136.1:c.218T>A,NP_001355065.1:p.Leu73Gln,0.910,27.7,['Unknown%20significance'],0.0,0.0,0.0,3.6,3.6
MYO6,6,75828572,NM_001368136.1:c.220C>A,NP_001355065.1:p.Leu74Ile,0.684,24.7,['Unknown%20significance'],2.98,0.01,0.0,0.9,0.9
MYO6,6,75828573,NM_001368136.1:c.221T>C,NP_001355065.1:p.Leu74Pro,0.949,29.6,['Unknown%20significance'],2.98,0.01,0.0,4.5,4.5
MYO6,6,75828576,NM_001368136.1:c.224A>C,NP_001355065.1:p.His75Pro,0.856,26.1,['Unknown%20significance'],26.75,0.13,0.0,1.3,1.3
MYO6,6,75828576,NM_001368136.1:c.224A>G,NP_001355065.1:p.His75Arg,0.706,23.3,['Unknown%20significance'],26.75,0.13,0.0,0.4,0.4
MYO6,6,75828578,NM_001368136.1:c.226A>G,NP_001355065.1:p.Asn76Asp,0.905,26.4,['Unknown%20significance'],0.55,0.0,0.0,0.8,0.8
MYO6,6,75828579,NM_001368136.1:c.227A>G,NP_001355065.1:p.Asn76Ser,0.902,25.3,['Unknown%20significance'],0.55,0.0,0.0,0.5,0.5
MYO6,6,75828582,NM_001368136.1:c.230T>C,NP_001355065.1:p.Ile77Thr,0.861,25.7,['Unknown%20significance'],0.0,0.0,0.0,2.6,2.6
MYO6,6,75828584,NM_001368136.1:c.232A>G,NP_001355065.1:p.Lys78Glu,0.416,23.5,['Unknown%20significance'],73.55,0.31,0.0,-0.2,0.2
MYO6,6,75828587,NM_001368136.1:c.235G>A,NP_001355065.1:p.Val79Ile,0.435,23.7,['Unknown%20significance'],14.49,0.08,0.0,-0.2,0.2
MYO6,6,75828588,NM_001368136.1:c.236T>C,NP_001355065.1:p.Val79Ala,0.606,24.2,['Unknown%20significance'],14.49,0.08,0.0,1.0,1.0
MYO6,6,75828591,NM_001368136.1:c.239G>A,NP_001355065.1:p.Arg80Gln,0.938,32,['Unknown%20significance'],4.12,0.01,0.0,1.1,1.1
MYO6,6,75828593,NM_001368136.1:c.241T>C,NP_001355065.1:p.Tyr81His,0.950,27.8,['Unknown%20significance'],0.24,0.0,0.0,2.9,2.9
MYO6,6,75828594,NM_001368136.1:c.242A>G,NP_001355065.1:p.Tyr81Cys,0.958,29.8,['Unknown%20significance'],0.24,0.0,0.0,4.1,4.1
MYO6,6,75828596,NM_001368136.1:c.244A>C,NP_001355065.1:p.Ser82Arg,0.495,22.4,['Unknown%20significance'],75.13,0.54,0.0,-0.3,0.3
MYO6,6,75828596,NM_001368136.1:c.244A>G,NP_001355065.1:p.Ser82Gly,0.262,22.2,['Unknown%20significance'],75.13,0.54,0.0,0.3,0.3
MYO6,6,75828597,NM_001368136.1:c.245G>T,NP_001355065.1:p.Ser82Ile,0.559,22.1,['Unknown%20significance'],75.13,0.54,0.0,-0.3,0.3
MYO6,6,75828598,NM_001368136.1:c.246T>G,NP_001355065.1:p.Ser82Arg,0.419,22.1,['Unknown%20significance'],75.13,0.54,0.0,-0.3,0.3
MYO6,6,75828599,NM_001368136.1:c.247A>G,NP_001355065.1:p.Lys83Glu,0.720,27.9,['Unknown%20significance'],97.81,0.41,0.0,-0.1,0.1
MYO6,6,75828600,NM_001368136.1:c.248A>G,NP_001355065.1:p.Lys83Arg,0.443,24.9,['Unknown%20significance'],97.81,0.41,0.0,-0.6,0.6
MYO6,6,75828602,NM_001368136.1:c.250G>C,NP_001355065.1:p.Asp84His,0.757,29.3,['Unknown%20significance'],51.88,0.32,0.0,-0.2,0.2
MYO6,6,75828603,NM_001368136.1:c.251A>G,NP_001355065.1:p.Asp84Gly,0.746,25.1,['Unknown%20significance'],51.88,0.32,0.0,0.5,0.5
MYO6,6,75828604,NM_001368136.1:c.252C>A,NP_001355065.1:p.Asp84Glu,0.433,24.1,['Unknown%20significance'],51.88,0.32,0.0,0.0,0.0
MYO6,6,75828605,NM_001368136.1:c.253A>G,NP_001355065.1:p.Arg85Gly,0.305,24.2,['Unknown%20significance'],129.77,0.48,0.0,1.0,1.0
MYO6,6,75828606,NM_001368136.1:c.254G>A,NP_001355065.1:p.Arg85Lys,0.174,21.2,['Unknown%20significance'],129.77,0.48,0.0,0.6,0.6
MYO6,6,75828606,NM_001368136.1:c.254G>T,NP_001355065.1:p.Arg85Ile,0.324,25.2,['Unknown%20significance'],129.77,0.48,0.0,-0.4,0.4
MYO6,6,75828607,NM_001368136.1:c.255A>T,NP_001355065.1:p.Arg85Ser,0.202,23.1,['Unknown%20significance'],129.77,0.48,0.0,0.6,0.6
MYO6,6,75828609,NM_001368136.1:c.257T>C,NP_001355065.1:p.Ile86Thr,0.945,26.8,['Unknown%20significance'],0.37,0.0,0.0,3.2,3.2
MYO6,6,75828610,NM_001368136.1:c.258T>G,NP_001355065.1:p.Ile86Met,0.836,25.7,['Unknown%20significance'],0.37,0.0,0.0,1.8,1.8
MYO6,6,75828611,NM_001368136.1:c.259T>C,NP_001355065.1:p.Tyr87His,0.959,32,['Unknown%20significance'],4.96,0.02,0.0,2.6,2.6
MYO6,6,75828612,NM_001368136.1:c.260A>T,NP_001355065.1:p.Tyr87Phe,0.896,32,['Unknown%20significance'],4.96,0.02,0.0,0.6,0.6
MYO6,6,75830420,NM_001368136.1:c.266A>G,NP_001355065.1:p.Tyr89Cys,0.683,25.9,['Unknown%20significance'],0.29,0.0,0.0,3.4,3.4
MYO6,6,75830423,NM_001368136.1:c.269T>C,NP_001355065.1:p.Val90Ala,0.876,26.5,['Unknown%20significance'],0.0,0.0,0.0,1.8,1.8
MYO6,6,75830425,NM_001368136.1:c.271G>A,NP_001355065.1:p.Ala91Thr,0.844,28.5,['Unknown%20significance'],0.0,0.0,0.0,0.5,0.5
MYO6,6,75830429,NM_001368136.1:c.275A>G,NP_001355065.1:p.Asn92Ser,0.589,25.1,['Unknown%20significance'],19.15,0.11,0.0,-0.1,0.1
MYO6,6,75830432,NM_001368136.1:c.278T>A,NP_001355065.1:p.Ile93Asn,0.903,28.3,['Unknown%20significance'],0.0,0.0,0.0,4.9,4.9
MYO6,6,75830434,NM_001368136.1:c.280C>A,NP_001355065.1:p.Leu94Met,0.799,23.7,['Unknown%20significance'],0.0,0.0,0.0,1.9,1.9
MYO6,6,75830438,NM_001368136.1:c.284T>C,NP_001355065.1:p.Ile95Thr,0.957,26.0,['Unknown%20significance'],0.0,0.0,0.0,4.5,4.5
MYO6,6,75830440,NM_001368136.1:c.286G>A,NP_001355065.1:p.Ala96Thr,0.827,27.7,['Unknown%20significance'],0.0,0.0,0.0,1.1,1.1
MYO6,6,75830440,NM_001368136.1:c.286G>T,NP_001355065.1:p.Ala96Ser,0.707,24.2,['Unknown%20significance'],0.0,0.0,0.0,1.8,1.8
MYO6,6,75830441,NM_001368136.1:c.287C>T,NP_001355065.1:p.Ala96Val,0.844,26.8,['Unknown%20significance'],0.0,0.0,0.0,-0.8,0.8
MYO6,6,75830446,NM_001368136.1:c.292A>G,NP_001355065.1:p.Asn98Asp,0.948,26.3,['Unknown%20significance'],13.5,0.08,0.0,0.9,0.9
MYO6,6,75830450,NM_001368136.1:c.296C>T,NP_001355065.1:p.Pro99Leu,0.908,26.4,['Unknown%20significance'],15.4,0.09,0.0,1.0,1.0
MYO6,6,75830457,NM_001368136.1:c.303T>G,NP_001355065.1:p.Phe101Leu,0.281,22.1,['Unknown%20significance'],49.91,0.21,0.0,0.1,0.1
MYO6,6,75830458,NM_001368136.1:c.304G>T,NP_001355065.1:p.Asp102Tyr,0.574,28.9,['Unknown%20significance'],80.66,0.5,0.0,-0.6,0.6
MYO6,6,75830461,NM_001368136.1:c.307A>G,NP_001355065.1:p.Ile103Val,0.310,19.22,['Unknown%20significance'],10.37,0.05,0.0,0.4,0.4
MYO6,6,75830461,NM_001368136.1:c.307A>T,NP_001355065.1:p.Ile103Leu,0.273,21.0,['Unknown%20significance'],10.37,0.05,0.0,-0.3,0.3
MYO6,6,75830464,NM_001368136.1:c.310C>T,NP_001355065.1:p.Pro104Ser,0.564,22.3,['Unknown%20significance'],106.67,0.67,0.0,0.4,0.4
MYO6,6,75830467,NM_001368136.1:c.313A>G,NP_001355065.1:p.Lys105Glu,0.546,24.4,['Unknown%20significance'],203.82,0.86,0.0,-0.0,0.0
MYO6,6,75830472,NM_001368136.1:c.318A>G,NP_001355065.1:p.Ile106Met,0.440,22.2,['Unknown%20significance'],47.25,0.24,0.0,0.6,0.6
MYO6,6,75830473,NM_001368136.1:c.319T>C,NP_001355065.1:p.Tyr107His,0.948,27.9,['Unknown%20significance'],21.26,0.08,0.0,2.2,2.2
MYO6,6,75830479,NM_001368136.1:c.325T>C,NP_001355065.1:p.Ser109Pro,0.267,22.2,['Unknown%20significance'],53.32,0.38,0.0,-0.1,0.1
MYO6,6,75830479,NM_001368136.1:c.325T>G,NP_001355065.1:p.Ser109Ala,0.228,20.9,['Unknown%20significance'],53.32,0.38,0.0,-0.1,0.1
MYO6,6,75830480,NM_001368136.1:c.326C>T,NP_001355065.1:p.Ser109Leu,0.372,22.9,['Unknown%20significance'],53.32,0.38,0.0,-0.4,0.4
MYO6,6,75830482,NM_001368136.1:c.328G>A,NP_001355065.1:p.Glu110Lys,0.361,23.5,['Unknown%20significance'],133.29,0.68,0.0,0.1,0.1
MYO6,6,75830484,NM_001368136.1:c.330A>T,NP_001355065.1:p.Glu110Asp,0.187,15.17,['Likely%20benign'],133.29,0.68,0.0,0.1,0.1
MYO6,6,75830485,NM_001368136.1:c.331G>A,NP_001355065.1:p.Ala111Thr,0.109,5.178,['Likely%20benign'],8.76,0.06,0.0,-0.5,0.5
MYO6,6,75830486,NM_001368136.1:c.332C>T,NP_001355065.1:p.Ala111Val,0.129,22.3,['Unknown%20significance'],8.76,0.06,0.0,-1.5,1.5
MYO6,6,75830488,NM_001368136.1:c.334A>G,NP_001355065.1:p.Ile112Val,0.177,23.3,['Unknown%20significance'],0.0,0.0,0.0,0.5,0.5
MYO6,6,75830490,NM_001368136.1:c.336A>G,NP_001355065.1:p.Ile112Met,0.558,23.3,['Unknown%20significance'],0.0,0.0,0.0,0.7,0.7
MYO6,6,75830500,NM_001368136.1:c.346C>G,NP_001355065.1:p.Gln116Glu,0.421,22.7,['Unknown%20significance'],56.93,0.28,0.0,0.4,0.4
MYO6,6,75830501,NM_001368136.1:c.347A>G,NP_001355065.1:p.Gln116Arg,0.277,19.43,['Unknown%20significance'],56.93,0.28,0.0,-0.3,0.3
MYO6,6,75830501,NM_001368136.1:c.347A>T,NP_001355065.1:p.Gln116Leu,0.499,23.9,['Unknown%20significance'],56.93,0.28,0.0,-0.2,0.2
MYO6,6,75830506,NM_001368136.1:c.352A>G,NP_001355065.1:p.Lys118Glu,0.528,23.5,['Unknown%20significance'],98.91,0.41,0.0,-0.2,0.2
MYO6,6,75830507,NM_001368136.1:c.353A>G,NP_001355065.1:p.Lys118Arg,0.289,20.3,['Unknown%20significance'],98.91,0.41,0.0,-0.7,0.7
MYO6,6,75830509,NM_001368136.1:c.355T>C,NP_001355065.1:p.Ser119Pro,0.809,27.4,['Unknown%20significance'],7.22,0.05,0.0,0.3,0.3
MYO6,6,75830510,NM_001368136.1:c.356C>G,NP_001355065.1:p.Ser119Cys,0.688,25.4,['Unknown%20significance'],7.22,0.05,0.0,0.3,0.3
MYO6,6,75830512,NM_001368136.1:c.358C>G,NP_001355065.1:p.Leu120Val,0.580,24.4,['Unknown%20significance'],0.01,0.0,0.0,0.5,0.5
MYO6,6,75830512,NM_001368136.1:c.358C>T,NP_001355065.1:p.Leu120Phe,0.482,25.0,['Unknown%20significance'],0.01,0.0,0.0,0.1,0.1
MYO6,6,75830513,NM_001368136.1:c.359T>C,NP_001355065.1:p.Leu120Pro,0.895,28.0,['Unknown%20significance'],0.01,0.0,0.0,2.1,2.1
MYO6,6,75830516,NM_001368136.1:c.362G>C,NP_001355065.1:p.Gly121Ala,0.742,26.1,['Unknown%20significance'],32.25,0.33,0.0,-0.1,0.1
MYO6,6,75830518,NM_001368136.1:c.364A>G,NP_001355065.1:p.Thr122Ala,0.445,22.3,['Unknown%20significance'],82.57,0.52,0.0,0.2,0.2
MYO6,6,75830519,NM_001368136.1:c.365C>G,NP_001355065.1:p.Thr122Arg,0.600,23.1,['Unknown%20significance'],82.57,0.52,0.0,-0.1,0.1
MYO6,6,75830522,NM_001368136.1:c.368G>A,NP_001355065.1:p.Arg123Lys,0.227,20.1,['Unknown%20significance'],80.98,0.3,0.0,0.8,0.8
MYO6,6,75830524,NM_001368136.1:c.370C>A,NP_001355065.1:p.Pro124Thr,0.722,22.8,['Unknown%20significance'],60.25,0.38,0.0,0.6,0.6
MYO6,6,75830524,NM_001368136.1:c.370C>T,NP_001355065.1:p.Pro124Ser,0.429,22.8,['Unknown%20significance'],60.25,0.38,0.0,0.7,0.7
MYO6,6,75830527,NM_001368136.1:c.373C>T,NP_001355065.1:p.Pro125Ser,0.915,25.5,['Unknown%20significance'],5.11,0.03,0.0,2.3,2.3
MYO6,6,75830528,NM_001368136.1:c.374C>A,NP_001355065.1:p.Pro125His,0.871,25.9,['Unknown%20significance'],5.11,0.03,0.0,1.6,1.6
MYO6,6,75830531,NM_001368136.1:c.377A>C,NP_001355065.1:p.His126Pro,0.966,26.5,['Unknown%20significance'],1.55,0.0,0.0,3.0,3.0
MYO6,6,75830534,NM_001368136.1:c.380T>C,NP_001355065.1:p.Val127Ala,0.882,24.9,['Unknown%20significance'],0.0,0.0,0.0,2.8,2.8
MYO6,6,75830540,NM_001368136.1:c.386C>T,NP_001355065.1:p.Ala129Val,0.857,26.5,['Unknown%20significance'],0.0,0.0,0.0,-0.3,0.3
MYO6,6,75830542,NM_001368136.1:c.388A>G,NP_001355065.1:p.Ile130Val,0.360,22.5,['Unknown%20significance'],0.17,0.0,0.0,0.6,0.6
MYO6,6,75830543,NM_001368136.1:c.389T>C,NP_001355065.1:p.Ile130Thr,0.920,28.9,['Unknown%20significance'],0.17,0.0,0.0,3.3,3.3
MYO6,6,75830545,NM_001368136.1:c.391G>C,NP_001355065.1:p.Ala131Pro,0.926,33,['Unknown%20significance'],0.0,0.0,0.0,1.9,1.9
MYO6,6,75832842,NM_001368136.1:c.392C>A,NP_001355065.1:p.Ala131Asp,0.966,32,['Unknown%20significance'],0.0,0.0,0.0,2.8,2.8
MYO6,6,75832842,NM_001368136.1:c.392C>G,NP_001355065.1:p.Ala131Gly,0.880,31,['Unknown%20significance'],0.0,0.0,0.0,2.3,2.3
MYO6,6,75832842,NM_001368136.1:c.392C>T,NP_001355065.1:p.Ala131Val,0.919,32,['Unknown%20significance'],0.0,0.0,0.0,-0.4,0.4
MYO6,6,75832844,NM_001368136.1:c.394G>A,NP_001355065.1:p.Asp132Asn,0.804,32,['Unknown%20significance'],0.0,0.0,0.0,0.0,0.0
MYO6,6,75832844,NM_001368136.1:c.394G>T,NP_001355065.1:p.Asp132Tyr,0.929,31,['Unknown%20significance'],0.0,0.0,0.0,-1.5,1.5
MYO6,6,75832845,NM_001368136.1:c.395A>T,NP_001355065.1:p.Asp132Val,0.945,28.7,['Unknown%20significance'],0.0,0.0,0.0,-1.0,1.0
MYO6,6,75832850,NM_001368136.1:c.400G>A,NP_001355065.1:p.Ala134Thr,0.634,23.1,['Unknown%20significance'],0.1,0.0,0.0,0.8,0.8
MYO6,6,75832851,NM_001368136.1:c.401C>A,NP_001355065.1:p.Ala134Asp,0.901,23.8,['Unknown%20significance'],0.1,0.0,0.0,2.1,2.1
MYO6,6,75832851,NM_001368136.1:c.401C>T,NP_001355065.1:p.Ala134Val,0.865,23.8,['Unknown%20significance'],0.1,0.0,0.0,0.0,0.0
MYO6,6,75832856,NM_001368136.1:c.406C>G,NP_001355065.1:p.Arg136Gly,0.883,25.0,['Unknown%20significance'],23.16,0.08,0.0,2.0,2.0
MYO6,6,75832857,NM_001368136.1:c.407G>A,NP_001355065.1:p.Arg136Gln,0.728,32,['Unknown%20significance'],23.16,0.08,0.0,0.4,0.4
MYO6,6,75832860,NM_001368136.1:c.410A>T,NP_001355065.1:p.Asp137Val,0.926,29.3,['Unknown%20significance'],16.67,0.1,0.0,-0.7,0.7
MYO6,6,75832862,NM_001368136.1:c.412A>G,NP_001355065.1:p.Met138Val,0.906,25.0,['Unknown%20significance'],0.0,0.0,0.0,1.2,1.2
MYO6,6,75832863,NM_001368136.1:c.413T>G,NP_001355065.1:p.Met138Arg,0.930,27.1,['Unknown%20significance'],0.0,0.0,0.0,2.4,2.4
MYO6,6,75832864,NM_001368136.1:c.414G>T,NP_001355065.1:p.Met138Ile,0.906,28.2,['Unknown%20significance'],0.0,0.0,0.0,0.6,0.6
MYO6,6,75832868,NM_001368136.1:c.418G>A,NP_001355065.1:p.Val140Met,0.491,27.1,['Unknown%20significance'],18.84,0.1,0.0,-0.2,0.2
MYO6,6,75832868,NM_001368136.1:c.418G>C,NP_001355065.1:p.Val140Leu,0.513,24.3,['Unknown%20significance'],18.84,0.1,0.0,-0.2,0.2
MYO6,6,75832868,NM_001368136.1:c.418G>T,NP_001355065.1:p.Val140Leu,0.513,24.3,['Unknown%20significance'],18.84,0.1,0.0,-0.2,0.2
MYO6,6,75832869,NM_001368136.1:c.419T>C,NP_001355065.1:p.Val140Ala,0.512,24.4,['Unknown%20significance'],18.84,0.1,0.0,0.5,0.5
MYO6,6,75832869,NM_001368136.1:c.419T>G,NP_001355065.1:p.Val140Gly,0.711,28.4,['Unknown%20significance'],18.84,0.1,0.0,1.2,1.2
MYO6,6,75832871,NM_001368136.1:c.421C>T,NP_001355065.1:p.Leu141Phe,0.316,23.1,['Unknown%20significance'],76.28,0.39,0.0,-0.2,0.2
MYO6,6,75832872,NM_001368136.1:c.422T>C,NP_001355065.1:p.Leu141Pro,0.741,25.2,['Unknown%20significance'],76.28,0.39,0.0,0.6,0.6
MYO6,6,75832874,NM_001368136.1:c.424A>G,NP_001355065.1:p.Lys142Glu,0.499,27.1,['Unknown%20significance'],121.5,0.51,0.0,-0.0,0.0
MYO6,6,75832875,NM_001368136.1:c.425A>G,NP_001355065.1:p.Lys142Arg,0.301,23.7,['Unknown%20significance'],121.5,0.51,0.0,-0.5,0.5
MYO6,6,75832876,NM_001368136.1:c.426G>C,NP_001355065.1:p.Lys142Asn,0.350,23.8,['Unknown%20significance'],121.5,0.51,0.0,-0.1,0.1
MYO6,6,75832877,NM_001368136.1:c.427A>G,NP_001355065.1:p.Met143Val,0.448,21.3,['Unknown%20significance'],75.55,0.34,0.0,0.3,0.3
MYO6,6,75832877,NM_001368136.1:c.427A>T,NP_001355065.1:p.Met143Leu,0.388,19.39,['Unknown%20significance'],75.55,0.34,0.0,0.2,0.2
MYO6,6,75832879,NM_001368136.1:c.429G>A,NP_001355065.1:p.Met143Ile,0.405,22.6,['Unknown%20significance'],75.55,0.34,0.0,0.2,0.2
MYO6,6,75832880,NM_001368136.1:c.430A>G,NP_001355065.1:p.Ser144Gly,0.850,27.5,['Unknown%20significance'],12.73,0.09,0.0,0.9,0.9
MYO6,6,75832880,NM_001368136.1:c.430A>T,NP_001355065.1:p.Ser144Cys,0.892,27.4,['Unknown%20significance'],12.73,0.09,0.0,0.3,0.3
MYO6,6,75832881,NM_001368136.1:c.431G>A,NP_001355065.1:p.Ser144Asn,0.432,26.1,['Unknown%20significance'],12.73,0.09,0.0,-0.5,0.5
MYO6,6,75832887,NM_001368136.1:c.437C>T,NP_001355065.1:p.Ser146Phe,0.922,26.9,['Unknown%20significance'],0.0,0.0,0.0,-1.1,1.1
MYO6,6,75832889,NM_001368136.1:c.439A>G,NP_001355065.1:p.Ile147Val,0.254,13.92,['Unknown%20significance'],0.0,0.0,0.0,1.0,1.0
MYO6,6,75832889,NM_001368136.1:c.439A>T,NP_001355065.1:p.Ile147Phe,0.790,20.8,['Unknown%20significance'],0.0,0.0,0.0,1.8,1.8
MYO6,6,75832890,NM_001368136.1:c.440T>A,NP_001355065.1:p.Ile147Asn,0.905,27.4,['Unknown%20significance'],0.0,0.0,0.0,6.2,6.2
MYO6,6,75832892,NM_001368136.1:c.442A>G,NP_001355065.1:p.Ile148Val,0.530,23.6,['Unknown%20significance'],0.0,0.0,0.0,0.6,0.6
MYO6,6,75832913,NM_001368136.1:c.463G>T,NP_001355065.1:p.Ala155Ser,0.673,26.5,['Unknown%20significance'],0.0,0.0,0.0,0.4,0.4
MYO6,6,75832916,NM_001368136.1:c.466G>A,NP_001355065.1:p.Gly156Ser,0.910,28.2,['Unknown%20significance'],11.45,0.12,0.0,0.9,0.9
MYO6,6,75832917,NM_001368136.1:c.467G>A,NP_001355065.1:p.Gly156Asp,0.928,27.3,['Unknown%20significance'],11.45,0.12,0.0,1.1,1.1
MYO6,6,75832920,NM_001368136.1:c.470A>G,NP_001355065.1:p.Lys157Arg,0.926,26.6,['Unknown%20significance'],2.79,0.01,0.0,-1.2,1.2
MYO6,6,75832923,NM_001368136.1:c.473C>G,NP_001355065.1:p.Thr158Arg,0.918,25.3,['Pathogenic'],2.92,0.01,0.0,1.0,1.0
MYO6,6,75832925,NM_001368136.1:c.475G>A,NP_001355065.1:p.Glu159Lys,0.913,31,['Benign'],21.18,0.1,0.0,1.1,1.1
MYO6,6,75832937,NM_001368136.1:c.487T>C,NP_001355065.1:p.Phe163Leu,0.599,28.9,['Unknown%20significance'],38.84,0.16,0.0,0.2,0.2
MYO6,6,75832939,NM_001368136.1:c.489T>G,NP_001355065.1:p.Phe163Leu,0.479,25.4,['Unknown%20significance'],38.84,0.16,0.0,0.2,0.2
MYO6,6,75832940,NM_001368136.1:c.490G>A,NP_001355065.1:p.Val164Ile,0.367,23.0,['Unknown%20significance'],0.0,0.0,0.0,-0.5,0.5
MYO6,6,75832940,NM_001368136.1:c.490G>T,NP_001355065.1:p.Val164Phe,0.908,26.7,['Unknown%20significance'],0.0,0.0,0.0,0.4,0.4
MYO6,6,75832943,NM_001368136.1:c.493C>A,NP_001355065.1:p.Leu165Ile,0.442,22.9,['Unknown%20significance'],0.0,0.0,0.0,0.1,0.1
MYO6,6,75832944,NM_001368136.1:c.494T>G,NP_001355065.1:p.Leu165Arg,0.948,28.5,['Unknown%20significance'],0.0,0.0,0.0,3.6,3.6
MYO6,6,75835903,NM_001368136.1:c.500A>G,NP_001355065.1:p.Tyr167Cys,0.971,28.4,['Unknown%20significance'],0.0,0.0,0.0,3.5,3.5
MYO6,6,75835905,NM_001368136.1:c.502C>A,NP_001355065.1:p.Leu168Met,0.695,23.1,['Unknown%20significance'],0.0,0.0,0.0,1.9,1.9
MYO6,6,75835906,NM_001368136.1:c.503T>C,NP_001355065.1:p.Leu168Pro,0.893,28.7,['Unknown%20significance'],0.0,0.0,0.0,5.1,5.1
MYO6,6,75835909,NM_001368136.1:c.506C>A,NP_001355065.1:p.Thr169Asn,0.851,23.4,['Unknown%20significance'],1.0,0.0,0.0,1.3,1.3
MYO6,6,75835909,NM_001368136.1:c.506C>T,NP_001355065.1:p.Thr169Ile,0.851,22.7,['Unknown%20significance'],1.0,0.0,0.0,-1.8,1.8
MYO6,6,75835911,NM_001368136.1:c.508G>A,NP_001355065.1:p.Glu170Lys,0.509,26.0,['Unknown%20significance'],75.02,0.38,0.0,0.1,0.1
MYO6,6,75835912,NM_001368136.1:c.509A>C,NP_001355065.1:p.Glu170Ala,0.389,23.9,['Unknown%20significance'],75.02,0.38,0.0,-0.7,0.7
MYO6,6,75835912,NM_001368136.1:c.509A>G,NP_001355065.1:p.Glu170Gly,0.492,24.3,['Unknown%20significance'],75.02,0.38,0.0,0.3,0.3
MYO6,6,75835912,NM_001368136.1:c.509A>T,NP_001355065.1:p.Glu170Val,0.519,25.1,['Unknown%20significance'],75.02,0.38,0.0,-1.3,1.3
MYO6,6,75835915,NM_001368136.1:c.512C>A,NP_001355065.1:p.Ser171Tyr,0.727,25.9,['Unknown%20significance'],16.7,0.12,0.0,-1.5,1.5
MYO6,6,75835915,NM_001368136.1:c.512C>T,NP_001355065.1:p.Ser171Phe,0.758,26.9,['Unknown%20significance'],16.7,0.12,0.0,-1.6,1.6
MYO6,6,75835917,NM_001368136.1:c.514T>C,NP_001355065.1:p.Tyr172His,0.550,25.1,['Unknown%20significance'],38.16,0.15,0.0,1.1,1.1
MYO6,6,75835917,NM_001368136.1:c.514T>G,NP_001355065.1:p.Tyr172Asp,0.814,28.5,['Unknown%20significance'],38.16,0.15,0.0,2.1,2.1
MYO6,6,75835918,NM_001368136.1:c.515A>G,NP_001355065.1:p.Tyr172Cys,0.794,25.4,['Unknown%20significance'],38.16,0.15,0.0,1.0,1.0
MYO6,6,75835923,NM_001368136.1:c.520A>G,NP_001355065.1:p.Thr174Ala,0.295,18.77,['Unknown%20significance'],64.47,0.4,0.0,0.3,0.3
MYO6,6,75835923,NM_001368136.1:c.520A>T,NP_001355065.1:p.Thr174Ser,0.274,15.55,['Unknown%20significance'],64.47,0.4,0.0,0.1,0.1
MYO6,6,75835924,NM_001368136.1:c.521C>A,NP_001355065.1:p.Thr174Lys,0.282,22.8,['Unknown%20significance'],64.47,0.4,0.0,0.4,0.4
MYO6,6,75835926,NM_001368136.1:c.523G>A,NP_001355065.1:p.Gly175Ser,0.531,25.0,['Unknown%20significance'],90.45,0.94,0.0,-0.1,0.1
MYO6,6,75835926,NM_001368136.1:c.523G>C,NP_001355065.1:p.Gly175Arg,0.775,28.0,['Unknown%20significance'],90.45,0.94,0.0,-0.2,0.2
MYO6,6,75835929,NM_001368136.1:c.526C>A,NP_001355065.1:p.Gln176Lys,0.468,26.8,['Unknown%20significance'],123.36,0.62,0.0,0.2,0.2
MYO6,6,75835932,NM_001368136.1:c.529G>T,NP_001355065.1:p.Asp177Tyr,0.731,32,['Unknown%20significance'],69.17,0.43,0.0,-1.0,1.0
MYO6,6,75835933,NM_001368136.1:c.530A>T,NP_001355065.1:p.Asp177Val,0.715,25.6,['Unknown%20significance'],69.17,0.43,0.0,-0.7,0.7
MYO6,6,75835934,NM_001368136.1:c.531T>A,NP_001355065.1:p.Asp177Glu,0.406,19.96,['Unknown%20significance'],69.17,0.43,0.0,-0.1,0.1
MYO6,6,75835935,NM_001368136.1:c.532A>G,NP_001355065.1:p.Ile178Val,0.467,23.3,['Unknown%20significance'],33.13,0.16,0.0,0.5,0.5
MYO6,6,75835938,NM_001368136.1:c.535G>A,NP_001355065.1:p.Asp179Asn,0.629,32,['Unknown%20significance'],5.35,0.03,0.0,-0.1,0.1
MYO6,6,75835938,NM_001368136.1:c.535G>T,NP_001355065.1:p.Asp179Tyr,0.886,32,['Likely%20pathogenic'],5.35,0.03,0.0,-1.6,1.6
MYO6,6,75835939,NM_001368136.1:c.536A>G,NP_001355065.1:p.Asp179Gly,0.864,29.9,['Unknown%20significance'],5.35,0.03,0.0,0.9,0.9
MYO6,6,75835940,NM_001368136.1:c.537T>A,NP_001355065.1:p.Asp179Glu,0.433,21.8,['Unknown%20significance'],5.35,0.03,0.0,-0.5,0.5
MYO6,6,75835940,NM_001368136.1:c.537T>G,NP_001355065.1:p.Asp179Glu,0.433,21.9,['Unknown%20significance'],5.35,0.03,0.0,-0.5,0.5
MYO6,6,75835942,NM_001368136.1:c.539A>C,NP_001355065.1:p.Asp180Ala,0.300,24.5,['Unknown%20significance'],73.95,0.46,0.0,-0.2,0.2
MYO6,6,75835943,NM_001368136.1:c.540C>A,NP_001355065.1:p.Asp180Glu,0.135,2.627,['Likely%20benign'],73.95,0.46,0.0,-0.2,0.2
MYO6,6,75835944,NM_001368136.1:c.541A>G,NP_001355065.1:p.Arg181Gly,0.887,23.5,['Unknown%20significance'],67.84,0.25,0.0,1.9,1.9
MYO6,6,75835945,NM_001368136.1:c.542G>A,NP_001355065.1:p.Arg181Lys,0.451,23.3,['Unknown%20significance'],67.84,0.25,0.0,0.7,0.7
MYO6,6,75835950,NM_001368136.1:c.547G>T,NP_001355065.1:p.Val183Phe,0.866,28.7,['Unknown%20significance'],27.78,0.16,0.0,-0.0,0.0
MYO6,6,75835951,NM_001368136.1:c.548T>A,NP_001355065.1:p.Val183Asp,0.968,28.6,['Unknown%20significance'],27.78,0.16,0.0,2.2,2.2
MYO6,6,75835954,NM_001368136.1:c.551A>G,NP_001355065.1:p.Glu184Gly,0.845,32,['Unknown%20significance'],36.28,0.18,0.0,0.7,0.7
MYO6,6,75840587,NM_001368136.1:c.556A>G,NP_001355065.1:p.Asn186Asp,0.931,25.8,['Unknown%20significance'],0.55,0.0,0.0,1.0,1.0
MYO6,6,75840589,NM_001368136.1:c.558C>A,NP_001355065.1:p.Asn186Lys,0.732,16.80,['Unknown%20significance'],0.55,0.0,0.0,0.9,0.9
MYO6,6,75840590,NM_001368136.1:c.559C>G,NP_001355065.1:p.Pro187Ala,0.910,24.2,['Unknown%20significance'],28.26,0.17,0.0,0.6,0.6
MYO6,6,75840591,NM_001368136.1:c.560C>T,NP_001355065.1:p.Pro187Leu,0.895,25.6,['Unknown%20significance'],28.26,0.17,0.0,-0.1,0.1
MYO6,6,75840593,NM_001368136.1:c.562C>A,NP_001355065.1:p.Leu188Ile,0.280,22.6,['Unknown%20significance'],0.0,0.0,0.0,-0.5,0.5
MYO6,6,75840602,NM_001368136.1:c.571G>C,NP_001355065.1:p.Ala191Pro,0.909,32,['Unknown%20significance'],0.0,0.0,0.0,1.8,1.8
MYO6,6,75840605,NM_001368136.1:c.574T>C,NP_001355065.1:p.Phe192Leu,0.966,28.8,['Unknown%20significance'],0.0,0.0,0.0,2.0,2.0
MYO6,6,75840606,NM_001368136.1:c.575T>C,NP_001355065.1:p.Phe192Ser,0.938,29.9,['Unknown%20significance'],0.0,0.0,0.0,5.8,5.8
MYO6,6,75840612,NM_001368136.1:c.581A>G,NP_001355065.1:p.Asn194Ser,0.903,25.5,['Unknown%20significance'],0.0,0.0,0.0,0.9,0.9
MYO6,6,75840615,NM_001368136.1:c.584C>A,NP_001355065.1:p.Ala195Glu,0.931,25.9,['Pathogenic'],0.0,0.0,0.0,0.8,0.8
MYO6,6,75840615,NM_001368136.1:c.584C>G,NP_001355065.1:p.Ala195Gly,0.951,26.5,['Unknown%20significance'],0.0,0.0,0.0,1.6,1.6
MYO6,6,75840615,NM_001368136.1:c.584C>T,NP_001355065.1:p.Ala195Val,0.913,26.3,['Unknown%20significance'],0.0,0.0,0.0,0.6,0.6
MYO6,6,75840618,NM_001368136.1:c.587A>T,NP_001355065.1:p.Lys196Met,0.893,29.4,['Unknown%20significance'],24.85,0.1,0.0,-0.6,0.6
MYO6,6,75840619,NM_001368136.1:c.588G>C,NP_001355065.1:p.Lys196Asn,0.709,25.1,['Unknown%20significance'],24.85,0.1,0.0,0.1,0.1
MYO6,6,75840620,NM_001368136.1:c.589A>G,NP_001355065.1:p.Thr197Ala,0.946,26.5,['Unknown%20significance'],0.3,0.0,0.0,1.8,1.8
MYO6,6,75840621,NM_001368136.1:c.590C>T,NP_001355065.1:p.Thr197Ile,0.957,25.6,['Pathogenic'],0.3,0.0,0.0,0.5,0.5
MYO6,6,75840623,NM_001368136.1:c.592G>A,NP_001355065.1:p.Val198Ile,0.310,22.5,['Unknown%20significance'],20.74,0.12,0.0,0.0,0.0
MYO6,6,75840626,NM_001368136.1:c.595C>A,NP_001355065.1:p.Arg199Ser,0.907,27.1,['Unknown%20significance'],3.56,0.01,0.0,2.0,2.0
MYO6,6,75840626,NM_001368136.1:c.595C>T,NP_001355065.1:p.Arg199Cys,0.893,29.1,['Unknown%20significance'],3.56,0.01,0.0,1.7,1.7
MYO6,6,75840627,NM_001368136.1:c.596G>A,NP_001355065.1:p.Arg199His,0.932,31,['Unknown%20significance'],3.56,0.01,0.0,0.8,0.8
MYO6,6,75840627,NM_001368136.1:c.596G>T,NP_001355065.1:p.Arg199Leu,0.947,29.3,['Unknown%20significance'],3.56,0.01,0.0,0.8,0.8
MYO6,6,75840630,NM_001368136.1:c.599A>G,NP_001355065.1:p.Asn200Ser,0.907,25.3,['Pathogenic'],9.98,0.06,0.0,1.1,1.1
MYO6,6,75840633,NM_001368136.1:c.602A>G,NP_001355065.1:p.Asn201Ser,0.844,25.3,['Unknown%20significance'],13.27,0.08,0.0,0.9,0.9
MYO6,6,75840634,NM_001368136.1:c.603T>A,NP_001355065.1:p.Asn201Lys,0.792,23.6,['Unknown%20significance'],13.27,0.08,0.0,1.2,1.2
MYO6,6,75840635,NM_001368136.1:c.604A>G,NP_001355065.1:p.Asn202Asp,0.875,26.8,['Unknown%20significance'],11.74,0.07,0.0,0.7,0.7
MYO6,6,75840636,NM_001368136.1:c.605A>G,NP_001355065.1:p.Asn202Ser,0.848,25.5,['Unknown%20significance'],11.74,0.07,0.0,1.0,1.0
MYO6,6,75840639,NM_001368136.1:c.608G>A,NP_001355065.1:p.Ser203Asn,0.839,26.6,['Pathogenic'],0.0,0.0,0.0,0.3,0.3
MYO6,6,75840642,NM_001368136.1:c.611G>T,NP_001355065.1:p.Ser204Ile,0.921,28.6,['Unknown%20significance'],2.0,0.01,0.0,0.6,0.6
MYO6,6,75840645,NM_001368136.1:c.614G>A,NP_001355065.1:p.Arg205Gln,0.912,32,['Pathogenic'],0.32,0.0,0.0,1.5,1.5
MYO6,6,75840648,NM_001368136.1:c.617T>C,NP_001355065.1:p.Phe206Ser,0.939,30,['Unknown%20significance'],0.73,0.0,0.0,4.9,4.9
MYO6,6,75840653,NM_001368136.1:c.622A>G,NP_001355065.1:p.Lys208Glu,0.909,27.9,['Pathogenic'],0.0,0.0,0.0,0.8,0.8
MYO6,6,75840657,NM_001368136.1:c.626T>C,NP_001355065.1:p.Phe209Ser,0.948,30,['Unknown%20significance'],0.0,0.0,0.0,4.9,4.9
MYO6,6,75840659,NM_001368136.1:c.628G>A,NP_001355065.1:p.Val210Ile,0.443,23.8,['Unknown%20significance'],0.35,0.0,0.0,-0.9,0.9
MYO6,6,75840665,NM_001368136.1:c.634A>G,NP_001355065.1:p.Ile212Val,0.341,23.3,['Unknown%20significance'],0.0,0.0,0.0,1.0,1.0
MYO6,6,75840668,NM_001368136.1:c.637C>T,NP_001355065.1:p.His213Tyr,0.897,26.3,['Unknown%20significance'],18.18,0.08,0.0,-1.0,1.0
MYO6,6,75840669,NM_001368136.1:c.638A>G,NP_001355065.1:p.His213Arg,0.944,26.3,['Unknown%20significance'],18.18,0.08,0.0,0.2,0.2
MYO6,6,75840675,NM_001368136.1:c.644A>G,NP_001355065.1:p.Asn215Ser,0.268,24.2,['Unknown%20significance'],37.11,0.23,0.0,0.3,0.3
MYO6,6,75840678,NM_001368136.1:c.647A>T,NP_001355065.1:p.Glu216Val,0.734,23.4,['Unknown%20significance'],139.14,0.71,0.0,-0.1,0.1
MYO6,6,75840681,NM_001368136.1:c.650A>G,NP_001355065.1:p.Lys217Arg,0.504,31,['Unknown%20significance'],186.68,0.78,0.0,-0.3,0.3
MYO6,6,75841215,NM_001368136.1:c.653G>A,NP_001355065.1:p.Ser218Asn,0.130,16.56,['Likely%20benign'],1.21,0.0,0.0,-0.0,0.0
MYO6,6,75841216,NM_001368136.1:c.654C>G,NP_001355065.1:p.Ser218Arg,0.265,15.26,['Unknown%20significance'],1.21,0.0,0.0,-0.4,0.4
MYO6,6,75841223,NM_001368136.1:c.661G>A,NP_001355065.1:p.Val221Ile,0.457,26.3,['Unknown%20significance'],42.09,0.24,0.0,-0.1,0.1
MYO6,6,75841223,NM_001368136.1:c.661G>T,NP_001355065.1:p.Val221Phe,0.906,28.9,['Unknown%20significance'],42.09,0.24,0.0,0.3,0.3
MYO6,6,75841229,NM_001368136.1:c.667G>A,NP_001355065.1:p.Gly223Arg,0.923,29.8,['Pathogenic'],0.0,0.0,0.0,-0.8,0.8
MYO6,6,75841232,NM_001368136.1:c.670T>G,NP_001355065.1:p.Phe224Val,0.815,28.5,['Unknown%20significance'],96.09,0.41,0.0,0.2,0.2
MYO6,6,75841239,NM_001368136.1:c.677C>T,NP_001355065.1:p.Ser226Leu,0.866,27.7,['Unknown%20significance'],18.64,0.13,0.0,-0.9,0.9
MYO6,6,75841241,NM_001368136.1:c.679C>T,NP_001355065.1:p.His227Tyr,0.790,25.0,['Unknown%20significance'],36.32,0.17,0.0,-1.0,1.0
MYO6,6,75841242,NM_001368136.1:c.680A>G,NP_001355065.1:p.His227Arg,0.894,25.3,['Unknown%20significance'],36.32,0.17,0.0,0.1,0.1
MYO6,6,75841243,NM_001368136.1:c.681T>G,NP_001355065.1:p.His227Gln,0.680,24.2,['Unknown%20significance'],36.32,0.17,0.0,0.4,0.4
MYO6,6,75841245,NM_001368136.1:c.683A>G,NP_001355065.1:p.Tyr228Cys,0.960,28.3,['Unknown%20significance'],12.68,0.05,0.0,3.2,3.2
MYO6,6,75841247,NM_001368136.1:c.685C>T,NP_001355065.1:p.Leu229Phe,0.861,26.0,['Unknown%20significance'],19.39,0.1,0.0,1.0,1.0
MYO6,6,75841250,NM_001368136.1:c.688C>A,NP_001355065.1:p.Leu230Ile,0.872,24.8,['Unknown%20significance'],2.75,0.01,0.0,1.5,1.5
MYO6,6,75841253,NM_001368136.1:c.691G>A,NP_001355065.1:p.Glu231Lys,0.935,29.2,['Unknown%20significance'],0.39,0.0,0.0,1.3,1.3
MYO6,6,75841257,NM_001368136.1:c.695A>C,NP_001355065.1:p.Lys232Thr,0.932,24.7,['Unknown%20significance'],25.22,0.1,0.0,0.3,0.3
MYO6,6,75841263,NM_001368136.1:c.701G>T,NP_001355065.1:p.Arg234Met,0.962,29.1,['Unknown%20significance'],6.73,0.02,0.0,0.6,0.6
MYO6,6,75841265,NM_001368136.1:c.703A>T,NP_001355065.1:p.Ile235Phe,0.898,27.9,['Unknown%20significance'],0.0,0.0,0.0,0.8,0.8
MYO6,6,75841266,NM_001368136.1:c.704T>A,NP_001355065.1:p.Ile235Asn,0.904,28.5,['Unknown%20significance'],0.0,0.0,0.0,3.6,3.6
MYO6,6,75841266,NM_001368136.1:c.704T>C,NP_001355065.1:p.Ile235Thr,0.905,26.9,['Unknown%20significance'],0.0,0.0,0.0,2.3,2.3
MYO6,6,75841275,NM_001368136.1:c.713A>G,NP_001355065.1:p.Gln238Arg,0.853,26.4,['Unknown%20significance'],10.01,0.05,0.0,-0.0,0.0
MYO6,6,75841277,NM_001368136.1:c.715G>A,NP_001355065.1:p.Gly239Ser,0.344,19.85,['Unknown%20significance'],36.1,0.37,0.0,-0.6,0.6
MYO6,6,75841278,NM_001368136.1:c.716G>A,NP_001355065.1:p.Gly239Asp,0.439,24.3,['Unknown%20significance'],36.1,0.37,0.0,-0.4,0.4
MYO6,6,75841278,NM_001368136.1:c.716G>C,NP_001355065.1:p.Gly239Ala,0.386,22.4,['Unknown%20significance'],36.1,0.37,0.0,-0.6,0.6
MYO6,6,75841281,NM_001368136.1:c.719A>G,NP_001355065.1:p.Lys240Arg,0.184,21.5,['Unknown%20significance'],210.82,0.89,0.0,-0.1,0.1
MYO6,6,75841283,NM_001368136.1:c.721G>A,NP_001355065.1:p.Glu241Lys,0.395,23.3,['Unknown%20significance'],99.19,0.5,0.0,0.1,0.1
MYO6,6,75841283,NM_001368136.1:c.721G>C,NP_001355065.1:p.Glu241Gln,0.223,23.0,['Unknown%20significance'],99.19,0.5,0.0,-0.1,0.1
MYO6,6,75841284,NM_001368136.1:c.722A>T,NP_001355065.1:p.Glu241Val,0.601,23.5,['Unknown%20significance'],99.19,0.5,0.0,-0.0,0.0
MYO6,6,75841290,NM_001368136.1:c.728G>T,NP_001355065.1:p.Arg243Ile,0.960,32,['Unknown%20significance'],0.0,0.0,0.0,1.5,1.5
MYO6,6,75841296,NM_001368136.1:c.734A>G,NP_001355065.1:p.Tyr245Cys,0.928,29.1,['Pathogenic'],0.0,0.0,0.0,3.9,3.9
MYO6,6,75841296,NM_001368136.1:c.734A>T,NP_001355065.1:p.Tyr245Phe,0.659,26.9,['Unknown%20significance'],0.0,0.0,0.0,0.2,0.2
MYO6,6,75841298,NM_001368136.1:c.736C>T,NP_001355065.1:p.His246Tyr,0.939,25.7,['Unknown%20significance'],0.0,0.0,0.0,-0.5,0.5
MYO6,6,75841299,NM_001368136.1:c.737A>G,NP_001355065.1:p.His246Arg,0.930,25.8,['Pathogenic'],0.0,0.0,0.0,1.5,1.5
MYO6,6,75841301,NM_001368136.1:c.739A>G,NP_001355065.1:p.Ile247Val,0.477,23.2,['Unknown%20significance'],0.0,0.0,0.0,0.9,0.9
MYO6,6,75841302,NM_001368136.1:c.740T>C,NP_001355065.1:p.Ile247Thr,0.949,26.9,['Unknown%20significance'],0.0,0.0,0.0,3.7,3.7
MYO6,6,75841303,NM_001368136.1:c.741C>G,NP_001355065.1:p.Ile247Met,0.772,22.9,['Unknown%20significance'],0.0,0.0,0.0,1.8,1.8
MYO6,6,75841311,NM_001368136.1:c.749G>A,NP_001355065.1:p.Arg250Lys,0.768,24.8,['Unknown%20significance'],3.08,0.01,0.0,1.1,1.1
MYO6,6,75841314,NM_001368136.1:c.752T>C,NP_001355065.1:p.Leu251Ser,0.968,29.0,['Unknown%20significance'],0.0,0.0,0.0,5.4,5.4
MYO6,6,75841315,NM_001368136.1:c.753G>C,NP_001355065.1:p.Leu251Phe,0.747,22.5,['Unknown%20significance'],0.0,0.0,0.0,1.1,1.1
MYO6,6,75841317,NM_001368136.1:c.755G>A,NP_001355065.1:p.Cys252Tyr,0.936,27.9,['Unknown%20significance'],0.0,0.0,0.0,-0.6,0.6
MYO6,6,75841320,NM_001368136.1:c.758C>T,NP_001355065.1:p.Ala253Val,0.894,26.3,['Unknown%20significance'],0.18,0.0,0.0,-0.4,0.4
MYO6,6,75841322,NM_001368136.1:c.760G>C,NP_001355065.1:p.Gly254Arg,0.907,29.0,['Unknown%20significance'],13.19,0.13,0.0,0.3,0.3
MYO6,6,75841329,NM_001368136.1:c.767C>T,NP_001355065.1:p.Ser256Phe,0.621,26.2,['Unknown%20significance'],69.91,0.5,0.0,-0.1,0.1
MYO6,6,75841335,NM_001368136.1:c.773A>G,NP_001355065.1:p.Asp258Gly,0.560,24.1,['Unknown%20significance'],81.45,0.5,0.0,0.4,0.4
MYO6,6,75841336,NM_001368136.1:c.774T>G,NP_001355065.1:p.Asp258Glu,0.318,15.55,['Unknown%20significance'],81.45,0.5,0.0,-0.1,0.1
MYO6,6,75841337,NM_001368136.1:c.775A>G,NP_001355065.1:p.Ile259Val,0.260,19.56,['Unknown%20significance'],16.9,0.08,0.0,0.3,0.3
MYO6,6,75841337,NM_001368136.1:c.775A>T,NP_001355065.1:p.Ile259Phe,0.633,23.2,['Unknown%20significance'],16.9,0.08,0.0,-0.1,0.1
MYO6,6,75841338,NM_001368136.1:c.776T>C,NP_001355065.1:p.Ile259Thr,0.438,23.0,['Unknown%20significance'],16.9,0.08,0.0,0.9,0.9
MYO6,6,75841341,NM_001368136.1:c.779G>C,NP_001355065.1:p.Arg260Thr,0.835,27.1,['Unknown%20significance'],43.54,0.16,0.0,1.0,1.0
MYO6,6,75841347,NM_001368136.1:c.785A>G,NP_001355065.1:p.Lys262Arg,0.237,21.8,['Unknown%20significance'],125.08,0.52,0.0,-0.5,0.5
MYO6,6,75841359,NM_001368136.1:c.797G>A,NP_001355065.1:p.Ser266Asn,0.286,21.5,['Unknown%20significance'],37.29,0.27,0.0,-0.1,0.1
MYO6,6,75841360,NM_001368136.1:c.798T>A,NP_001355065.1:p.Ser266Arg,0.321,15.79,['Unknown%20significance'],37.29,0.27,0.0,-0.5,0.5
MYO6,6,75841360,NM_001368136.1:c.798T>G,NP_001355065.1:p.Ser266Arg,0.320,15.60,['Unknown%20significance'],37.29,0.27,0.0,-0.5,0.5
MYO6,6,75841367,NM_001368136.1:c.805G>T,NP_001355065.1:p.Asp269Tyr,0.674,31,['Unknown%20significance'],47.29,0.29,0.0,-0.9,0.9
MYO6,6,75841368,NM_001368136.1:c.806A>G,NP_001355065.1:p.Asp269Gly,0.754,33,['Unknown%20significance'],47.29,0.29,0.0,0.5,0.5
MYO6,6,75841370,NM_001368136.1:c.808A>G,NP_001355065.1:p.Asn270Asp,0.224,17.77,['Likely%20benign'],85.55,0.53,0.0,0.1,0.1
MYO6,6,75841372,NM_001368136.1:c.810T>A,NP_001355065.1:p.Asn270Lys,0.293,18.01,['Unknown%20significance'],85.55,0.53,0.0,0.3,0.3
MYO6,6,75841376,NM_001368136.1:c.814C>T,NP_001355065.1:p.Arg272Trp,0.863,33,['Unknown%20significance'],78.82,0.29,0.0,-0.6,0.6
MYO6,6,75841377,NM_001368136.1:c.815G>A,NP_001355065.1:p.Arg272Gln,0.775,28.1,['Unknown%20significance'],78.82,0.29,0.0,0.4,0.4
MYO6,6,75841377,NM_001368136.1:c.815G>T,NP_001355065.1:p.Arg272Leu,0.910,33,['Unknown%20significance'],78.82,0.29,0.0,-0.4,0.4
MYO6,6,75844897,NM_001368136.1:c.817T>C,NP_001355065.1:p.Tyr273His,0.963,31,['Unknown%20significance'],0.0,0.0,0.0,2.6,2.6
MYO6,6,75844898,NM_001368136.1:c.818A>G,NP_001355065.1:p.Tyr273Cys,0.973,32,['Unknown%20significance'],0.0,0.0,0.0,3.3,3.3
MYO6,6,75844901,NM_001368136.1:c.821T>C,NP_001355065.1:p.Leu274Ser,0.932,26.3,['Unknown%20significance'],0.0,0.0,0.0,3.9,3.9
MYO6,6,75844905,NM_001368136.1:c.825C>A,NP_001355065.1:p.Asn275Lys,0.333,16.31,['Unknown%20significance'],77.13,0.48,0.0,0.3,0.3
MYO6,6,75844907,NM_001368136.1:c.827G>A,NP_001355065.1:p.Arg276Gln,0.574,27.3,['Unknown%20significance'],90.77,0.33,0.0,0.1,0.1
MYO6,6,75844909,NM_001368136.1:c.829G>C,NP_001355065.1:p.Gly277Arg,0.889,29.4,['Unknown%20significance'],4.44,0.04,0.0,-0.4,0.4
MYO6,6,75844910,NM_001368136.1:c.830G>A,NP_001355065.1:p.Gly277Asp,0.882,28.5,['Unknown%20significance'],4.44,0.04,0.0,0.4,0.4
MYO6,6,75844912,NM_001368136.1:c.832T>A,NP_001355065.1:p.Cys278Ser,0.828,28.6,['Unknown%20significance'],4.41,0.02,0.0,0.8,0.8
MYO6,6,75844913,NM_001368136.1:c.833G>A,NP_001355065.1:p.Cys278Tyr,0.887,29.8,['Unknown%20significance'],4.41,0.02,0.0,-0.7,0.7
MYO6,6,75844915,NM_001368136.1:c.835A>T,NP_001355065.1:p.Thr279Ser,0.606,26.4,['Unknown%20significance'],5.56,0.03,0.0,0.7,0.7
MYO6,6,75844918,NM_001368136.1:c.838A>G,NP_001355065.1:p.Arg280Gly,0.591,22.4,['Unknown%20significance'],59.12,0.21,0.0,1.4,1.4
MYO6,6,75844919,NM_001368136.1:c.839G>A,NP_001355065.1:p.Arg280Lys,0.366,22.6,['Unknown%20significance'],59.12,0.21,0.0,0.9,0.9
MYO6,6,75844930,NM_001368136.1:c.850A>G,NP_001355065.1:p.Asn284Asp,0.334,22.3,['Unknown%20significance'],70.17,0.43,0.0,0.3,0.3
MYO6,6,75844933,NM_001368136.1:c.853A>G,NP_001355065.1:p.Lys285Glu,0.666,24.5,['Unknown%20significance'],193.55,0.81,0.0,0.0,0.0
MYO6,6,75844934,NM_001368136.1:c.854A>G,NP_001355065.1:p.Lys285Arg,0.467,23.7,['Unknown%20significance'],193.55,0.81,0.0,-0.2,0.2
MYO6,6,75844938,NM_001368136.1:c.858A>C,NP_001355065.1:p.Glu286Asp,0.223,19.97,['Unknown%20significance'],123.89,0.63,0.0,0.0,0.0
MYO6,6,75844945,NM_001368136.1:c.865A>G,NP_001355065.1:p.Lys289Glu,0.419,23.0,['Unknown%20significance'],191.17,0.8,0.0,0.0,0.0
MYO6,6,75844946,NM_001368136.1:c.866A>G,NP_001355065.1:p.Lys289Arg,0.209,21.0,['Unknown%20significance'],191.17,0.8,0.0,-0.2,0.2
MYO6,6,75844948,NM_001368136.1:c.868C>A,NP_001355065.1:p.Gln290Lys,0.370,17.74,['Unknown%20significance'],96.1,0.48,0.0,0.4,0.4
MYO6,6,75844949,NM_001368136.1:c.869A>T,NP_001355065.1:p.Gln290Leu,0.243,22.8,['Unknown%20significance'],96.1,0.48,0.0,-0.1,0.1
MYO6,6,75844955,NM_001368136.1:c.875T>C,NP_001355065.1:p.Leu292Ser,0.322,18.16,['Likely%20benign'],97.5,0.5,0.0,0.6,0.6
MYO6,6,75844957,NM_001368136.1:c.877C>G,NP_001355065.1:p.Gln293Glu,0.481,22.9,['Unknown%20significance'],131.5,0.66,0.0,0.2,0.2
MYO6,6,75844958,NM_001368136.1:c.878A>G,NP_001355065.1:p.Gln293Arg,0.655,24.4,['Unknown%20significance'],131.5,0.66,0.0,-0.1,0.1
MYO6,6,75844960,NM_001368136.1:c.880A>G,NP_001355065.1:p.Asn294Asp,0.263,22.8,['Unknown%20significance'],70.52,0.44,0.0,0.1,0.1
MYO6,6,75844963,NM_001368136.1:c.883C>T,NP_001355065.1:p.Arg295Cys,0.746,30,['Unknown%20significance'],3.47,0.01,0.0,1.0,1.0
MYO6,6,75844964,NM_001368136.1:c.884G>A,NP_001355065.1:p.Arg295His,0.618,32,['Unknown%20significance'],3.47,0.01,0.0,0.4,0.4
MYO6,6,75844966,NM_001368136.1:c.886A>G,NP_001355065.1:p.Lys296Glu,0.698,28.1,['Unknown%20significance'],17.03,0.07,0.0,-0.1,0.1
MYO6,6,75844967,NM_001368136.1:c.887A>G,NP_001355065.1:p.Lys296Arg,0.548,23.2,['Likely%20benign'],17.03,0.07,0.0,-1.0,1.0
MYO6,6,75844969,NM_001368136.1:c.889A>G,NP_001355065.1:p.Ser297Gly,0.582,23.0,['Unknown%20significance'],0.0,0.0,0.0,1.1,1.1
MYO6,6,75844970,NM_001368136.1:c.890G>A,NP_001355065.1:p.Ser297Asn,0.553,22.8,['Unknown%20significance'],0.0,0.0,0.0,0.1,0.1
MYO6,6,75844973,NM_001368136.1:c.893C>G,NP_001355065.1:p.Pro298Arg,0.615,23.5,['Unknown%20significance'],103.47,0.65,0.0,-0.2,0.2
MYO6,6,75844973,NM_001368136.1:c.893C>T,NP_001355065.1:p.Pro298Leu,0.557,23.3,['Unknown%20significance'],103.47,0.65,0.0,-0.1,0.1
MYO6,6,75844976,NM_001368136.1:c.896A>G,NP_001355065.1:p.Glu299Gly,0.759,34,['Unknown%20significance'],68.42,0.35,0.0,0.6,0.6
MYO6,6,75844977,NM_001368136.1:c.897G>T,NP_001355065.1:p.Glu299Asp,0.448,35,['Likely%20pathogenic'],68.42,0.35,0.0,0.1,0.1
MYO6,6,75848352,NM_001368136.1:c.899A>G,NP_001355065.1:p.Tyr300Cys,0.353,20.3,['Unknown%20significance'],0.98,0.0,0.0,2.4,2.4
MYO6,6,75848354,NM_001368136.1:c.901C>G,NP_001355065.1:p.Leu301Val,0.193,9.175,['Likely%20benign'],102.07,0.52,0.0,0.2,0.2
MYO6,6,75848355,NM_001368136.1:c.902T>C,NP_001355065.1:p.Leu301Pro,0.601,23.7,['Unknown%20significance'],102.07,0.52,0.0,0.8,0.8
MYO6,6,75848360,NM_001368136.1:c.907G>T,NP_001355065.1:p.Ala303Ser,0.177,17.79,['Unknown%20significance'],63.92,0.5,0.0,-0.0,0.0
MYO6,6,75848361,NM_001368136.1:c.908C>T,NP_001355065.1:p.Ala303Val,0.156,20.8,['Unknown%20significance'],63.92,0.5,0.0,-0.3,0.3
MYO6,6,75848369,NM_001368136.1:c.916A>G,NP_001355065.1:p.Met306Val,0.054,16.53,['Unknown%20significance'],9.7,0.04,0.0,-0.1,0.1
MYO6,6,75848370,NM_001368136.1:c.917T>C,NP_001355065.1:p.Met306Thr,0.210,23.8,['Unknown%20significance'],9.7,0.04,0.0,0.9,0.9
MYO6,6,75848371,NM_001368136.1:c.918G>A,NP_001355065.1:p.Met306Ile,0.070,23.2,['Unknown%20significance'],9.7,0.04,0.0,-0.3,0.3
MYO6,6,75848372,NM_001368136.1:c.919A>G,NP_001355065.1:p.Lys307Glu,0.433,24.5,['Unknown%20significance'],140.71,0.59,0.0,0.1,0.1
MYO6,6,75848375,NM_001368136.1:c.922G>C,NP_001355065.1:p.Asp308His,0.872,28.6,['Unknown%20significance'],31.56,0.19,0.0,-0.5,0.5
MYO6,6,75848376,NM_001368136.1:c.923A>T,NP_001355065.1:p.Asp308Val,0.767,28.1,['Unknown%20significance'],31.56,0.19,0.0,-1.6,1.6
MYO6,6,75848378,NM_001368136.1:c.925C>T,NP_001355065.1:p.Pro309Ser,0.680,23.8,['Unknown%20significance'],81.86,0.52,0.0,0.1,0.1
MYO6,6,75848379,NM_001368136.1:c.926C>G,NP_001355065.1:p.Pro309Arg,0.823,25.8,['Unknown%20significance'],81.86,0.52,0.0,-0.1,0.1
MYO6,6,75848388,NM_001368136.1:c.935A>G,NP_001355065.1:p.Asp312Gly,0.957,28.7,['Unknown%20significance'],11.74,0.07,0.0,1.3,1.3
MYO6,6,75848390,NM_001368136.1:c.937G>A,NP_001355065.1:p.Asp313Asn,0.809,29.5,['Unknown%20significance'],0.0,0.0,0.0,0.4,0.4
MYO6,6,75848390,NM_001368136.1:c.937G>T,NP_001355065.1:p.Asp313Tyr,0.967,29.2,['Unknown%20significance'],0.0,0.0,0.0,-0.6,0.6
MYO6,6,75848392,NM_001368136.1:c.939C>A,NP_001355065.1:p.Asp313Glu,0.905,23.8,['Unknown%20significance'],0.0,0.0,0.0,0.5,0.5
MYO6,6,75848394,NM_001368136.1:c.941A>G,NP_001355065.1:p.His314Arg,0.368,21.2,['Unknown%20significance'],25.43,0.12,0.0,-0.5,0.5
MYO6,6,75848397,NM_001368136.1:c.944G>A,NP_001355065.1:p.Gly315Asp,0.330,23.7,['Unknown%20significance'],8.79,0.09,0.0,-0.5,0.5
MYO6,6,75848397,NM_001368136.1:c.944G>T,NP_001355065.1:p.Gly315Val,0.414,24.3,['Unknown%20significance'],8.79,0.09,0.0,-1.0,1.0
MYO6,6,75848400,NM_001368136.1:c.947A>G,NP_001355065.1:p.Asp316Gly,0.778,25.1,['Unknown%20significance'],9.13,0.05,0.0,1.0,1.0
MYO6,6,75848404,NM_001368136.1:c.951T>G,NP_001355065.1:p.Phe317Leu,0.601,23.7,['Unknown%20significance'],12.13,0.05,0.0,1.6,1.6
MYO6,6,75848406,NM_001368136.1:c.953T>C,NP_001355065.1:p.Ile318Thr,0.234,20.3,['Unknown%20significance'],101.87,0.51,0.0,0.3,0.3
MYO6,6,75848412,NM_001368136.1:c.959T>A,NP_001355065.1:p.Met320Lys,0.906,23.9,['Unknown%20significance'],0.0,0.0,0.0,2.4,2.4
MYO6,6,75848413,NM_001368136.1:c.960G>A,NP_001355065.1:p.Met320Ile,0.313,22.3,['Unknown%20significance'],0.0,0.0,0.0,-0.7,0.7
MYO6,6,75848415,NM_001368136.1:c.962G>T,NP_001355065.1:p.Cys321Phe,0.619,23.8,['Unknown%20significance'],17.05,0.11,0.0,-0.9,0.9
MYO6,6,75848417,NM_001368136.1:c.964A>G,NP_001355065.1:p.Thr322Ala,0.202,20.2,['Unknown%20significance'],64.97,0.41,0.0,-0.0,0.0
MYO6,6,75848418,NM_001368136.1:c.965C>A,NP_001355065.1:p.Thr322Lys,0.333,15.77,['Unknown%20significance'],64.97,0.41,0.0,0.4,0.4
MYO6,6,75848418,NM_001368136.1:c.965C>T,NP_001355065.1:p.Thr322Met,0.386,20.9,['Unknown%20significance'],64.97,0.41,0.0,-0.4,0.4
MYO6,6,75848421,NM_001368136.1:c.968C>T,NP_001355065.1:p.Ala323Val,0.942,26.4,['Unknown%20significance'],0.35,0.0,0.0,0.1,0.1
MYO6,6,75848423,NM_001368136.1:c.970A>G,NP_001355065.1:p.Met324Val,0.821,24.7,['Unknown%20significance'],0.22,0.0,0.0,0.4,0.4
MYO6,6,75848439,NM_001368136.1:c.986T>G,NP_001355065.1:p.Leu329Trp,0.955,29.0,['Unknown%20significance'],1.98,0.01,0.0,0.3,0.3
MYO6,6,75848442,NM_001368136.1:c.989A>G,NP_001355065.1:p.Asp330Gly,0.306,17.37,['Likely%20benign'],75.17,0.46,0.0,0.3,0.3
MYO6,6,75848446,NM_001368136.1:c.993T>A,NP_001355065.1:p.Asp331Glu,0.454,18.41,['Unknown%20significance'],84.65,0.52,0.0,-0.1,0.1
MYO6,6,75848449,NM_001368136.1:c.996A>T,NP_001355065.1:p.Glu332Asp,0.061,16.27,['Unknown%20significance'],131.34,0.67,0.0,0.0,0.0
MYO6,6,75848451,NM_001368136.1:c.998A>C,NP_001355065.1:p.Glu333Ala,0.828,27.9,['Unknown%20significance'],30.33,0.15,0.0,0.4,0.4
MYO6,6,75848456,NM_001368136.1:c.1003C>T,NP_001355065.1:p.Leu335Phe,0.483,23.6,['Unknown%20significance'],46.17,0.23,0.0,-0.0,0.0
MYO6,6,75848460,NM_001368136.1:c.1007A>T,NP_001355065.1:p.Asp336Val,0.876,24.9,['Unknown%20significance'],7.03,0.04,0.0,-1.5,1.5
MYO6,6,75848462,NM_001368136.1:c.1009C>G,NP_001355065.1:p.Leu337Val,0.532,22.6,['Unknown%20significance'],0.3,0.0,0.0,0.1,0.1
MYO6,6,75848462,NM_001368136.1:c.1009C>T,NP_001355065.1:p.Leu337Phe,0.758,24.4,['Unknown%20significance'],0.3,0.0,0.0,0.5,0.5
MYO6,6,75848467,NM_001368136.1:c.1014C>G,NP_001355065.1:p.Phe338Leu,0.715,23.0,['Unknown%20significance'],0.0,0.0,0.0,1.2,1.2
MYO6,6,75848468,NM_001368136.1:c.1015C>T,NP_001355065.1:p.Arg339Trp,0.852,27.4,['Pathogenic'],45.43,0.16,0.0,-0.8,0.8
MYO6,6,75848469,NM_001368136.1:c.1016G>A,NP_001355065.1:p.Arg339Gln,0.742,28.3,['Unknown%20significance'],45.43,0.16,0.0,0.4,0.4
MYO6,6,75848469,NM_001368136.1:c.1016G>T,NP_001355065.1:p.Arg339Leu,0.927,25.8,['Unknown%20significance'],45.43,0.16,0.0,-1.3,1.3
MYO6,6,75848478,NM_001368136.1:c.1025C>T,NP_001355065.1:p.Ala342Val,0.905,23.8,['Unknown%20significance'],0.0,0.0,0.0,-0.7,0.7
MYO6,6,75848481,NM_001368136.1:c.1028G>A,NP_001355065.1:p.Gly343Asp,0.849,26.8,['Unknown%20significance'],0.0,0.0,0.0,1.2,1.2
MYO6,6,75848483,NM_001368136.1:c.1030G>A,NP_001355065.1:p.Val344Ile,0.241,23.9,['Unknown%20significance'],0.0,0.0,0.0,-0.6,0.6
MYO6,6,75848486,NM_001368136.1:c.1033C>G,NP_001355065.1:p.Leu345Val,0.921,22.2,['Unknown%20significance'],0.0,0.0,0.0,1.7,1.7
MYO6,6,75848492,NM_001368136.1:c.1039C>T,NP_001355065.1:p.Leu347Phe,0.869,25.7,['Unknown%20significance'],0.0,0.0,0.0,1.0,1.0
MYO6,6,75848496,NM_001368136.1:c.1043G>A,NP_001355065.1:p.Gly348Glu,0.977,27.7,['Unknown%20significance'],0.0,0.0,0.0,1.7,1.7
MYO6,6,75848498,NM_001368136.1:c.1045A>C,NP_001355065.1:p.Asn349His,0.906,25.8,['Unknown%20significance'],33.12,0.2,0.0,-0.0,0.0
MYO6,6,75848502,NM_001368136.1:c.1049T>A,NP_001355065.1:p.Ile350Asn,0.940,27.4,['Unknown%20significance'],0.0,0.0,0.0,4.0,4.0
MYO6,6,75848502,NM_001368136.1:c.1049T>C,NP_001355065.1:p.Ile350Thr,0.925,24.0,['Unknown%20significance'],0.0,0.0,0.0,2.9,2.9
MYO6,6,75848510,NM_001368136.1:c.1057G>C,NP_001355065.1:p.Glu353Gln,0.622,26.4,['Unknown%20significance'],75.79,0.38,0.0,-0.4,0.4
MYO6,6,75848511,NM_001368136.1:c.1058A>T,NP_001355065.1:p.Glu353Val,0.813,28.1,['Unknown%20significance'],75.79,0.38,0.0,-0.8,0.8
MYO6,6,75848513,NM_001368136.1:c.1060G>A,NP_001355065.1:p.Glu354Lys,0.562,25.2,['Unknown%20significance'],144.43,0.73,0.0,0.0,0.0
MYO6,6,75848517,NM_001368136.1:c.1064C>T,NP_001355065.1:p.Ala355Val,0.377,22.4,['Unknown%20significance'],39.52,0.31,0.0,-0.3,0.3
MYO6,6,75848519,NM_001368136.1:c.1066G>A,NP_001355065.1:p.Gly356Ser,0.507,24.7,['Unknown%20significance'],83.8,0.87,0.0,-0.1,0.1
MYO6,6,75848520,NM_001368136.1:c.1067G>A,NP_001355065.1:p.Gly356Asp,0.512,24.0,['Unknown%20significance'],83.8,0.87,0.0,-0.1,0.1
MYO6,6,75848526,NM_001368136.1:c.1073C>T,NP_001355065.1:p.Thr358Ile,0.542,23.5,['Unknown%20significance'],181.77,1.0,0.0,0.0,0.0
MYO6,6,75848528,NM_001368136.1:c.1075T>G,NP_001355065.1:p.Ser359Ala,0.459,24.0,['Unknown%20significance'],95.27,0.69,0.0,0.1,0.1
MYO6,6,75848529,NM_001368136.1:c.1076C>T,NP_001355065.1:p.Ser359Leu,0.688,33,['Unknown%20significance'],95.27,0.69,0.0,0.0,0.0
MYO6,6,75855139,NM_001368136.1:c.1079G>A,NP_001355065.1:p.Gly360Asp,0.535,33,['Unknown%20significance'],31.51,0.33,0.0,-0.3,0.3
MYO6,6,75855150,NM_001368136.1:c.1090C>A,NP_001355065.1:p.Leu364Met,0.216,24.3,['Unknown%20significance'],19.61,0.1,0.0,0.4,0.4
MYO6,6,75855155,NM_001368136.1:c.1095G>C,NP_001355065.1:p.Lys365Asn,0.362,23.0,['Unknown%20significance'],78.25,0.33,0.0,-0.1,0.1
MYO6,6,75855157,NM_001368136.1:c.1097A>G,NP_001355065.1:p.Asn366Ser,0.100,18.35,['Unknown%20significance'],153.28,0.95,0.0,-0.0,0.0
MYO6,6,75855163,NM_001368136.1:c.1103C>G,NP_001355065.1:p.Ser368Cys,0.342,23.3,['Unknown%20significance'],0.8,0.0,0.0,0.1,0.1
MYO6,6,75855165,NM_001368136.1:c.1105G>A,NP_001355065.1:p.Ala369Thr,0.204,9.306,['Likely%20benign'],59.23,0.46,0.0,-0.3,0.3
MYO6,6,75855166,NM_001368136.1:c.1106C>T,NP_001355065.1:p.Ala369Val,0.182,19.04,['Unknown%20significance'],59.23,0.46,0.0,-0.3,0.3
MYO6,6,75855169,NM_001368136.1:c.1109A>G,NP_001355065.1:p.Gln370Arg,0.245,19.64,['Unknown%20significance'],111.51,0.56,0.0,-0.1,0.1
MYO6,6,75855175,NM_001368136.1:c.1115T>C,NP_001355065.1:p.Leu372Ser,0.936,28.3,['Unknown%20significance'],8.4,0.04,0.0,3.2,3.2
MYO6,6,75855180,NM_001368136.1:c.1120T>C,NP_001355065.1:p.Tyr374His,0.282,19.98,['Benign'],50.99,0.21,0.0,1.1,1.1
MYO6,6,75855183,NM_001368136.1:c.1123T>G,NP_001355065.1:p.Cys375Gly,0.897,27.8,['Unknown%20significance'],0.0,0.0,0.0,2.0,2.0
MYO6,6,75855184,NM_001368136.1:c.1124G>A,NP_001355065.1:p.Cys375Tyr,0.803,27.8,['Unknown%20significance'],0.0,0.0,0.0,-1.1,1.1
MYO6,6,75855189,NM_001368136.1:c.1129G>C,NP_001355065.1:p.Glu377Gln,0.398,22.4,['Unknown%20significance'],98.89,0.5,0.0,-0.4,0.4
MYO6,6,75855190,NM_001368136.1:c.1130A>T,NP_001355065.1:p.Glu377Val,0.476,23.2,['Unknown%20significance'],98.89,0.5,0.0,-1.2,1.2
MYO6,6,75855193,NM_001368136.1:c.1133T>C,NP_001355065.1:p.Leu378Ser,0.962,28.0,['Unknown%20significance'],4.12,0.02,0.0,4.5,4.5
MYO6,6,75855199,NM_001368136.1:c.1139G>A,NP_001355065.1:p.Gly380Asp,0.905,27.8,['Unknown%20significance'],7.37,0.07,0.0,1.3,1.3
MYO6,6,75855199,NM_001368136.1:c.1139G>C,NP_001355065.1:p.Gly380Ala,0.788,26.5,['Unknown%20significance'],7.37,0.07,0.0,-0.3,0.3
MYO6,6,75855199,NM_001368136.1:c.1139G>T,NP_001355065.1:p.Gly380Val,0.938,27.0,['Unknown%20significance'],7.37,0.07,0.0,-0.8,0.8
MYO6,6,75855204,NM_001368136.1:c.1144G>A,NP_001355065.1:p.Asp382Asn,0.481,24.5,['Unknown%20significance'],39.17,0.24,0.0,-0.2,0.2
MYO6,6,75855204,NM_001368136.1:c.1144G>C,NP_001355065.1:p.Asp382His,0.861,26.8,['Unknown%20significance'],39.17,0.24,0.0,-0.3,0.3
MYO6,6,75855208,NM_001368136.1:c.1148A>G,NP_001355065.1:p.Gln383Arg,0.244,21.2,['Unknown%20significance'],78.57,0.39,0.0,-0.3,0.3
MYO6,6,75855211,NM_001368136.1:c.1151A>G,NP_001355065.1:p.Asp384Gly,0.261,23.2,['Unknown%20significance'],84.28,0.52,0.0,0.3,0.3
MYO6,6,75855213,NM_001368136.1:c.1153G>T,NP_001355065.1:p.Asp385Tyr,0.935,28.8,['Unknown%20significance'],83.66,0.52,0.0,-0.8,0.8
MYO6,6,75855214,NM_001368136.1:c.1154A>G,NP_001355065.1:p.Asp385Gly,0.881,28.9,['Unknown%20significance'],83.66,0.52,0.0,0.3,0.3
MYO6,6,75855215,NM_001368136.1:c.1155T>A,NP_001355065.1:p.Asp385Glu,0.495,18.35,['Unknown%20significance'],83.66,0.52,0.0,-0.1,0.1
MYO6,6,75855216,NM_001368136.1:c.1156C>T,NP_001355065.1:p.Leu386Phe,0.789,25.6,['Unknown%20significance'],0.0,0.0,0.0,0.8,0.8
MYO6,6,75855219,NM_001368136.1:c.1159C>G,NP_001355065.1:p.Arg387Gly,0.597,23.4,['Unknown%20significance'],93.62,0.34,0.0,1.2,1.2
MYO6,6,75855220,NM_001368136.1:c.1160G>A,NP_001355065.1:p.Arg387Gln,0.288,23.5,['Unknown%20significance'],93.62,0.34,0.0,0.2,0.2
MYO6,6,75855223,NM_001368136.1:c.1163T>C,NP_001355065.1:p.Val388Ala,0.336,18.95,['Unknown%20significance'],32.82,0.19,0.0,0.8,0.8
MYO6,6,75855225,NM_001368136.1:c.1165A>T,NP_001355065.1:p.Ser389Cys,0.812,24.8,['Unknown%20significance'],9.96,0.07,0.0,-0.6,0.6
MYO6,6,75855228,NM_001368136.1:c.1168T>A,NP_001355065.1:p.Leu390Met,0.774,25.4,['Unknown%20significance'],0.0,0.0,0.0,1.9,1.9
MYO6,6,75855230,NM_001368136.1:c.1170G>T,NP_001355065.1:p.Leu390Phe,0.807,22.9,['Unknown%20significance'],0.0,0.0,0.0,1.1,1.1
MYO6,6,75855234,NM_001368136.1:c.1174A>G,NP_001355065.1:p.Thr392Ala,0.261,21.3,['Unknown%20significance'],19.44,0.12,0.0,0.3,0.3
MYO6,6,75855238,NM_001368136.1:c.1178G>A,NP_001355065.1:p.Arg393Lys,0.746,25.1,['Unknown%20significance'],82.8,0.3,0.0,0.8,0.8
MYO6,6,75855238,NM_001368136.1:c.1178G>T,NP_001355065.1:p.Arg393Ile,0.950,32,['Likely%20pathogenic'],82.8,0.3,0.0,-0.1,0.1
MYO6,6,75855240,NM_001368136.1:c.1180G>A,NP_001355065.1:p.Val394Ile,0.317,21.7,['Unknown%20significance'],36.1,0.21,0.0,-0.0,0.0
MYO6,6,75855244,NM_001368136.1:c.1184T>C,NP_001355065.1:p.Met395Thr,0.886,25.6,['Unknown%20significance'],54.62,0.25,0.0,0.8,0.8
MYO6,6,75855244,NM_001368136.1:c.1184T>G,NP_001355065.1:p.Met395Arg,0.919,26.5,['Unknown%20significance'],54.62,0.25,0.0,0.9,0.9
MYO6,6,75855245,NM_001368136.1:c.1185G>A,NP_001355065.1:p.Met395Ile,0.678,26.0,['Unknown%20significance'],54.62,0.25,0.0,-0.5,0.5
MYO6,6,75855247,NM_001368136.1:c.1187T>C,NP_001355065.1:p.Leu396Pro,0.737,25.0,['Unknown%20significance'],71.79,0.37,0.0,1.1,1.1
MYO6,6,75855247,NM_001368136.1:c.1187T>G,NP_001355065.1:p.Leu396Arg,0.624,24.4,['Unknown%20significance'],71.79,0.37,0.0,0.5,0.5
MYO6,6,75855252,NM_001368136.1:c.1192A>G,NP_001355065.1:p.Thr398Ala,0.265,22.4,['Unknown%20significance'],45.97,0.29,0.0,0.3,0.3
MYO6,6,75855253,NM_001368136.1:c.1193C>T,NP_001355065.1:p.Thr398Ile,0.636,28.1,['Unknown%20significance'],45.97,0.29,0.0,-0.2,0.2
MYO6,6,75855258,NM_001368136.1:c.1198G>C,NP_001355065.1:p.Gly400Arg,0.875,29.0,['Unknown%20significance'],76.73,0.8,0.0,-0.2,0.2
MYO6,6,75855259,NM_001368136.1:c.1199G>A,NP_001355065.1:p.Gly400Glu,0.898,27.6,['Unknown%20significance'],76.73,0.8,0.0,-0.0,0.0
MYO6,6,75855262,NM_001368136.1:c.1202G>A,NP_001355065.1:p.Gly401Asp,0.886,28.1,['Unknown%20significance'],39.11,0.41,0.0,-0.0,0.0
MYO6,6,75855262,NM_001368136.1:c.1202G>C,NP_001355065.1:p.Gly401Ala,0.843,24.8,['Unknown%20significance'],39.11,0.41,0.0,-0.2,0.2
MYO6,6,75855268,NM_001368136.1:c.1208A>C,NP_001355065.1:p.Lys403Thr,0.726,25.4,['Unknown%20significance'],223.94,0.94,0.0,0.0,0.0
MYO6,6,75855271,NM_001368136.1:c.1211G>T,NP_001355065.1:p.Gly404Val,0.902,31,['Unknown%20significance'],17.02,0.17,0.0,-0.2,0.2
MYO6,6,75855273,NM_001368136.1:c.1213A>G,NP_001355065.1:p.Thr405Ala,0.560,26.5,['Unknown%20significance'],92.61,0.58,0.0,0.2,0.2
MYO6,6,75855276,NM_001368136.1:c.1216G>A,NP_001355065.1:p.Val406Ile,0.268,22.5,['Unknown%20significance'],90.6,0.52,0.0,0.0,0.0
MYO6,6,75855276,NM_001368136.1:c.1216G>C,NP_001355065.1:p.Val406Leu,0.349,22.5,['Unknown%20significance'],90.6,0.52,0.0,0.1,0.1
MYO6,6,75855280,NM_001368136.1:c.1220T>C,NP_001355065.1:p.Ile407Thr,0.956,27.2,['Unknown%20significance'],89.98,0.45,0.0,1.1,1.1
MYO6,6,75855281,NM_001368136.1:c.1221A>G,NP_001355065.1:p.Ile407Met,0.780,24.2,['Unknown%20significance'],89.98,0.45,0.0,0.6,0.6
MYO6,6,75855283,NM_001368136.1:c.1223A>G,NP_001355065.1:p.Lys408Arg,0.466,24.2,['Unknown%20significance'],121.9,0.51,0.0,-0.4,0.4
MYO6,6,75857098,NM_001368136.1:c.1225G>A,NP_001355065.1:p.Val409Ile,0.546,24.6,['Unknown%20significance'],57.44,0.33,0.0,0.0,0.0
MYO6,6,75857101,NM_001368136.1:c.1228C>A,NP_001355065.1:p.Pro410Thr,0.661,23.1,['Unknown%20significance'],51.67,0.32,0.0,0.1,0.1
MYO6,6,75857102,NM_001368136.1:c.1229C>G,NP_001355065.1:p.Pro410Arg,0.844,23.5,['Unknown%20significance'],51.67,0.32,0.0,-0.0,0.0
MYO6,6,75857107,NM_001368136.1:c.1234A>G,NP_001355065.1:p.Lys412Glu,0.445,23.9,['Unknown%20significance'],156.44,0.66,0.0,-0.0,0.0
MYO6,6,75857110,NM_001368136.1:c.1237G>T,NP_001355065.1:p.Val413Leu,0.353,23.9,['Unknown%20significance'],37.14,0.21,0.0,0.1,0.1
MYO6,6,75857111,NM_001368136.1:c.1238T>A,NP_001355065.1:p.Val413Glu,0.662,24.7,['Unknown%20significance'],37.14,0.21,0.0,1.5,1.5
MYO6,6,75857111,NM_001368136.1:c.1238T>C,NP_001355065.1:p.Val413Ala,0.420,23.9,['Unknown%20significance'],37.14,0.21,0.0,0.9,0.9
MYO6,6,75857115,NM_001368136.1:c.1242G>C,NP_001355065.1:p.Glu414Asp,0.291,15.26,['Unknown%20significance'],137.3,0.7,0.0,0.1,0.1
MYO6,6,75857116,NM_001368136.1:c.1243C>A,NP_001355065.1:p.Gln415Lys,0.812,24.7,['Unknown%20significance'],78.17,0.39,0.0,0.6,0.6
MYO6,6,75857119,NM_001368136.1:c.1246G>A,NP_001355065.1:p.Ala416Thr,0.908,25.7,['Unknown%20significance'],0.0,0.0,0.0,0.8,0.8
MYO6,6,75857123,NM_001368136.1:c.1250A>G,NP_001355065.1:p.Asn417Ser,0.392,16.19,['Unknown%20significance'],37.34,0.23,0.0,0.0,0.0
MYO6,6,75857126,NM_001368136.1:c.1253A>G,NP_001355065.1:p.Asn418Ser,0.269,13.75,['Unknown%20significance'],49.0,0.3,0.0,0.1,0.1
MYO6,6,75857129,NM_001368136.1:c.1256C>G,NP_001355065.1:p.Ala419Gly,0.661,22.8,['Unknown%20significance'],12.12,0.09,0.0,1.2,1.2
MYO6,6,75857131,NM_001368136.1:c.1258C>T,NP_001355065.1:p.Arg420Cys,0.736,25.4,['Unknown%20significance'],4.37,0.01,0.0,1.2,1.2
MYO6,6,75857132,NM_001368136.1:c.1259G>A,NP_001355065.1:p.Arg420His,0.755,25.8,['Unknown%20significance'],4.37,0.01,0.0,0.8,0.8
MYO6,6,75857136,NM_001368136.1:c.1263T>A,NP_001355065.1:p.Asp421Glu,0.771,16.56,['Unknown%20significance'],20.4,0.12,0.0,0.3,0.3
MYO6,6,75857137,NM_001368136.1:c.1264G>A,NP_001355065.1:p.Ala422Thr,0.847,25.2,['Unknown%20significance'],26.69,0.2,0.0,0.6,0.6
MYO6,6,75857138,NM_001368136.1:c.1265C>T,NP_001355065.1:p.Ala422Val,0.872,24.2,['Unknown%20significance'],26.69,0.2,0.0,-0.1,0.1
MYO6,6,75857141,NM_001368136.1:c.1268T>C,NP_001355065.1:p.Leu423Pro,0.954,25.5,['Unknown%20significance'],0.0,0.0,0.0,5.0,5.0
MYO6,6,75857144,NM_001368136.1:c.1271C>G,NP_001355065.1:p.Ala424Gly,0.792,24.4,['Unknown%20significance'],0.0,0.0,0.0,2.4,2.4
MYO6,6,75857149,NM_001368136.1:c.1276A>T,NP_001355065.1:p.Thr426Ser,0.169,19.76,['Unknown%20significance'],9.53,0.06,0.0,0.5,0.5
MYO6,6,75857153,NM_001368136.1:c.1280T>C,NP_001355065.1:p.Val427Ala,0.745,23.6,['Unknown%20significance'],0.0,0.0,0.0,2.7,2.7
MYO6,6,75857156,NM_001368136.1:c.1283A>G,NP_001355065.1:p.Tyr428Cys,0.869,26.9,['Unknown%20significance'],0.0,0.0,0.0,4.2,4.2
MYO6,6,75857158,NM_001368136.1:c.1285A>G,NP_001355065.1:p.Ser429Gly,0.819,25.6,['Unknown%20significance'],3.29,0.02,0.0,0.6,0.6
MYO6,6,75857162,NM_001368136.1:c.1289A>G,NP_001355065.1:p.His430Arg,0.394,17.89,['Unknown%20significance'],24.64,0.11,0.0,-0.4,0.4
MYO6,6,75857164,NM_001368136.1:c.1291C>A,NP_001355065.1:p.Leu431Ile,0.824,25.4,['Unknown%20significance'],0.0,0.0,0.0,0.9,0.9
MYO6,6,75857164,NM_001368136.1:c.1291C>G,NP_001355065.1:p.Leu431Val,0.855,25.0,['Unknown%20significance'],0.0,0.0,0.0,1.5,1.5
MYO6,6,75857164,NM_001368136.1:c.1291C>T,NP_001355065.1:p.Leu431Phe,0.875,26.0,['Unknown%20significance'],0.0,0.0,0.0,1.2,1.2
MYO6,6,75857168,NM_001368136.1:c.1295T>C,NP_001355065.1:p.Phe432Ser,0.929,30,['Unknown%20significance'],0.05,0.0,0.0,6.2,6.2
MYO6,6,75857170,NM_001368136.1:c.1297G>C,NP_001355065.1:p.Asp433His,0.955,28.3,['Unknown%20significance'],37.74,0.23,0.0,-0.7,0.7
MYO6,6,75857172,NM_001368136.1:c.1299T>G,NP_001355065.1:p.Asp433Glu,0.729,23.5,['Unknown%20significance'],37.74,0.23,0.0,-0.2,0.2
MYO6,6,75857173,NM_001368136.1:c.1300C>G,NP_001355065.1:p.His434Asp,0.900,24.2,['Unknown%20significance'],29.05,0.14,0.0,1.8,1.8
MYO6,6,75857174,NM_001368136.1:c.1301A>G,NP_001355065.1:p.His434Arg,0.844,24.0,['Unknown%20significance'],29.05,0.14,0.0,0.0,0.0
MYO6,6,75857175,NM_001368136.1:c.1302T>A,NP_001355065.1:p.His434Gln,0.674,16.01,['Unknown%20significance'],29.05,0.14,0.0,0.4,0.4
MYO6,6,75857176,NM_001368136.1:c.1303G>C,NP_001355065.1:p.Val435Leu,0.641,24.3,['Unknown%20significance'],0.0,0.0,0.0,-0.7,0.7
MYO6,6,75857179,NM_001368136.1:c.1306G>A,NP_001355065.1:p.Val436Ile,0.693,26.1,['Unknown%20significance'],0.49,0.0,0.0,0.4,0.4
MYO6,6,75857183,NM_001368136.1:c.1310A>G,NP_001355065.1:p.Asn437Ser,0.278,20.3,['Unknown%20significance'],72.73,0.45,0.0,-0.0,0.0
MYO6,6,75857184,NM_001368136.1:c.1311C>G,NP_001355065.1:p.Asn437Lys,0.210,13.78,['Likely%20benign'],72.73,0.45,0.0,0.1,0.1
MYO6,6,75857188,NM_001368136.1:c.1315G>A,NP_001355065.1:p.Val439Ile,0.100,17.26,['Unknown%20significance'],0.0,0.0,0.0,-0.9,0.9
MYO6,6,75857195,NM_001368136.1:c.1322A>C,NP_001355065.1:p.Gln441Pro,0.859,26.5,['Pathogenic'],129.72,0.65,0.0,0.4,0.4
MYO6,6,75857196,NM_001368136.1:c.1323G>T,NP_001355065.1:p.Gln441His,0.632,23.7,['Unknown%20significance'],129.72,0.65,0.0,0.0,0.0
MYO6,6,75857197,NM_001368136.1:c.1324T>G,NP_001355065.1:p.Cys442Gly,0.876,28.3,['Unknown%20significance'],3.35,0.02,0.0,1.4,1.4
MYO6,6,75857198,NM_001368136.1:c.1325G>A,NP_001355065.1:p.Cys442Tyr,0.959,28.4,['Pathogenic'],3.35,0.02,0.0,-0.9,0.9
MYO6,6,75857210,NM_001368136.1:c.1337A>C,NP_001355065.1:p.Glu446Ala,0.195,23.0,['Unknown%20significance'],201.26,1.0,0.0,0.0,0.0
MYO6,6,75857213,NM_001368136.1:c.1340C>T,NP_001355065.1:p.Thr447Ile,0.218,23.3,['Unknown%20significance'],124.58,0.79,0.0,-0.0,0.0
MYO6,6,75857218,NM_001368136.1:c.1345T>C,NP_001355065.1:p.Ser449Pro,0.501,23.1,['Unknown%20significance'],54.06,0.39,0.0,0.3,0.3
MYO6,6,75857219,NM_001368136.1:c.1346C>A,NP_001355065.1:p.Ser449Tyr,0.365,21.2,['Unknown%20significance'],54.06,0.39,0.0,-0.8,0.8
MYO6,6,75857222,NM_001368136.1:c.1349A>G,NP_001355065.1:p.Tyr450Cys,0.256,21.5,['Unknown%20significance'],28.39,0.11,0.0,1.3,1.3
MYO6,6,75857222,NM_001368136.1:c.1349A>T,NP_001355065.1:p.Tyr450Phe,0.160,16.88,['Likely%20benign'],28.39,0.11,0.0,0.2,0.2
MYO6,6,75857227,NM_001368136.1:c.1354A>G,NP_001355065.1:p.Ile452Val,0.513,22.1,['Unknown%20significance'],0.0,0.0,0.0,1.3,1.3
MYO6,6,75857228,NM_001368136.1:c.1355T>C,NP_001355065.1:p.Ile452Thr,0.943,27.0,['Unknown%20significance'],0.0,0.0,0.0,4.1,4.1
MYO6,6,75857243,NM_001368136.1:c.1370T>C,NP_001355065.1:p.Ile457Thr,0.968,27.8,['Unknown%20significance'],0.08,0.0,0.0,3.2,3.2
MYO6,6,75857243,NM_001368136.1:c.1370T>G,NP_001355065.1:p.Ile457Ser,0.954,30,['Unknown%20significance'],0.08,0.0,0.0,4.5,4.5
MYO6,6,75857245,NM_001368136.1:c.1372G>A,NP_001355065.1:p.Ala458Thr,0.758,29.9,['Unknown%20significance'],1.3,0.01,0.0,-0.1,0.1
MYO6,6,75857249,NM_001368136.1:c.1376G>A,NP_001355065.1:p.Gly459Asp,0.946,28.3,['Unknown%20significance'],0.04,0.0,0.0,1.7,1.7
MYO6,6,75857249,NM_001368136.1:c.1376G>C,NP_001355065.1:p.Gly459Ala,0.949,27.2,['Unknown%20significance'],0.04,0.0,0.0,0.6,0.6
MYO6,6,75858903,NM_001368136.1:c.1383G>C,NP_001355065.1:p.Glu461Asp,0.837,24.1,['Likely%20pathogenic'],0.28,0.0,0.0,0.4,0.4
MYO6,6,75858905,NM_001368136.1:c.1385A>G,NP_001355065.1:p.Tyr462Cys,0.797,28.9,['Unknown%20significance'],0.04,0.0,0.0,1.6,1.6
MYO6,6,75858910,NM_001368136.1:c.1390G>A,NP_001355065.1:p.Glu464Lys,0.389,26.3,['Unknown%20significance'],31.65,0.16,0.0,0.2,0.2
MYO6,6,75858912,NM_001368136.1:c.1392G>T,NP_001355065.1:p.Glu464Asp,0.383,22.8,['Unknown%20significance'],31.65,0.16,0.0,0.2,0.2
MYO6,6,75858913,NM_001368136.1:c.1393C>A,NP_001355065.1:p.His465Asn,0.331,22.0,['Unknown%20significance'],122.36,0.59,0.0,0.3,0.3
MYO6,6,75858913,NM_001368136.1:c.1393C>T,NP_001355065.1:p.His465Tyr,0.415,20.2,['Unknown%20significance'],122.36,0.59,0.0,-0.4,0.4
MYO6,6,75858914,NM_001368136.1:c.1394A>G,NP_001355065.1:p.His465Arg,0.375,20.7,['Unknown%20significance'],122.36,0.59,0.0,-0.1,0.1
MYO6,6,75858917,NM_001368136.1:c.1397A>T,NP_001355065.1:p.Asn466Ile,0.910,28.5,['Unknown%20significance'],0.93,0.0,0.0,0.2,0.2
MYO6,6,75858918,NM_001368136.1:c.1398C>A,NP_001355065.1:p.Asn466Lys,0.839,24.4,['Unknown%20significance'],0.93,0.0,0.0,1.0,1.0
MYO6,6,75858918,NM_001368136.1:c.1398C>G,NP_001355065.1:p.Asn466Lys,0.840,24.5,['Unknown%20significance'],0.93,0.0,0.0,1.0,1.0
MYO6,6,75858919,NM_001368136.1:c.1399A>G,NP_001355065.1:p.Ser467Gly,0.808,24.3,['Unknown%20significance'],26.42,0.19,0.0,0.9,0.9
MYO6,6,75858920,NM_001368136.1:c.1400G>T,NP_001355065.1:p.Ser467Ile,0.866,28.3,['Unknown%20significance'],26.42,0.19,0.0,-0.0,0.0
MYO6,6,75858924,NM_001368136.1:c.1404T>G,NP_001355065.1:p.Phe468Leu,0.763,23.7,['Unknown%20significance'],1.13,0.0,0.0,1.9,1.9
MYO6,6,75858925,NM_001368136.1:c.1405G>A,NP_001355065.1:p.Glu469Lys,0.838,26.3,['Unknown%20significance'],5.65,0.02,0.0,0.4,0.4
MYO6,6,75858926,NM_001368136.1:c.1406A>G,NP_001355065.1:p.Glu469Gly,0.894,27.6,['Unknown%20significance'],5.65,0.02,0.0,1.6,1.6
MYO6,6,75858928,NM_001368136.1:c.1408C>A,NP_001355065.1:p.Gln470Lys,0.902,23.4,['Unknown%20significance'],12.85,0.06,0.0,0.7,0.7
MYO6,6,75858931,NM_001368136.1:c.1411T>C,NP_001355065.1:p.Phe471Leu,0.486,28.6,['Unknown%20significance'],0.0,0.0,0.0,-0.1,0.1
MYO6,6,75858935,NM_001368136.1:c.1415G>C,NP_001355065.1:p.Cys472Ser,0.784,27.3,['Pathogenic'],0.53,0.0,0.0,4.0,4.0
MYO6,6,75858935,NM_001368136.1:c.1415G>T,NP_001355065.1:p.Cys472Phe,0.796,28.5,['Unknown%20significance'],0.53,0.0,0.0,1.7,1.7
MYO6,6,75858937,NM_001368136.1:c.1417A>G,NP_001355065.1:p.Ile473Val,0.722,25.2,['Unknown%20significance'],1.95,0.0,0.0,1.2,1.2
MYO6,6,75858942,NM_001368136.1:c.1422C>A,NP_001355065.1:p.Asn474Lys,0.621,25.3,['Unknown%20significance'],0.0,0.0,0.0,1.1,1.1
MYO6,6,75858944,NM_001368136.1:c.1424A>G,NP_001355065.1:p.Tyr475Cys,0.843,28.9,['Unknown%20significance'],0.0,0.0,0.0,3.3,3.3
MYO6,6,75858946,NM_001368136.1:c.1426T>C,NP_001355065.1:p.Cys476Arg,0.814,28.6,['Unknown%20significance'],1.21,0.0,0.0,0.4,0.4
MYO6,6,75858949,NM_001368136.1:c.1429A>G,NP_001355065.1:p.Asn477Asp,0.842,24.3,['Unknown%20significance'],1.51,0.0,0.0,0.8,0.8
MYO6,6,75858958,NM_001368136.1:c.1438C>T,NP_001355065.1:p.Leu480Phe,0.735,26.4,['Unknown%20significance'],0.12,0.0,0.0,1.3,1.3
MYO6,6,75858962,NM_001368136.1:c.1442A>C,NP_001355065.1:p.Gln481Pro,0.879,27.8,['Unknown%20significance'],5.04,0.02,0.0,1.7,1.7
MYO6,6,75858965,NM_001368136.1:c.1445A>G,NP_001355065.1:p.Gln482Arg,0.916,26.4,['Unknown%20significance'],18.34,0.09,0.0,0.0,0.0
MYO6,6,75858965,NM_001368136.1:c.1445A>T,NP_001355065.1:p.Gln482Leu,0.910,28.6,['Unknown%20significance'],18.34,0.09,0.0,-0.5,0.5
MYO6,6,75858967,NM_001368136.1:c.1447T>A,NP_001355065.1:p.Phe483Ile,0.691,27.8,['Unknown%20significance'],0.0,0.0,0.0,1.3,1.3
MYO6,6,75858967,NM_001368136.1:c.1447T>C,NP_001355065.1:p.Phe483Leu,0.666,28.5,['Unknown%20significance'],0.0,0.0,0.0,0.9,0.9
MYO6,6,75858969,NM_001368136.1:c.1449T>G,NP_001355065.1:p.Phe483Leu,0.602,25.4,['Unknown%20significance'],0.0,0.0,0.0,0.9,0.9
MYO6,6,75858970,NM_001368136.1:c.1450T>C,NP_001355065.1:p.Phe484Leu,0.937,28.2,['Unknown%20significance'],0.0,0.0,0.0,2.1,2.1
MYO6,6,75858971,NM_001368136.1:c.1451T>G,NP_001355065.1:p.Phe484Cys,0.945,28.9,['Unknown%20significance'],0.0,0.0,0.0,4.1,4.1
MYO6,6,75858974,NM_001368136.1:c.1454A>G,NP_001355065.1:p.Asn485Ser,0.743,24.0,['Unknown%20significance'],5.13,0.03,0.0,0.7,0.7
MYO6,6,75858975,NM_001368136.1:c.1455T>A,NP_001355065.1:p.Asn485Lys,0.602,21.2,['Pathogenic'],5.13,0.03,0.0,0.9,0.9
MYO6,6,75858976,NM_001368136.1:c.1456G>A,NP_001355065.1:p.Glu486Lys,0.288,24.2,['Unknown%20significance'],30.35,0.15,0.0,0.2,0.2
MYO6,6,75858977,NM_001368136.1:c.1457A>G,NP_001355065.1:p.Glu486Gly,0.701,29.5,['Unknown%20significance'],30.35,0.15,0.0,1.1,1.1
MYO6,6,75858981,NM_001368136.1:c.1461G>T,NP_001355065.1:p.Arg487Ser,0.655,23.8,['Unknown%20significance'],50.15,0.18,0.0,1.1,1.1
MYO6,6,75858982,NM_001368136.1:c.1462A>G,NP_001355065.1:p.Ile488Val,0.446,24.9,['Unknown%20significance'],11.11,0.05,0.0,0.1,0.1
MYO6,6,75858982,NM_001368136.1:c.1462A>T,NP_001355065.1:p.Ile488Phe,0.915,29.9,['Unknown%20significance'],11.11,0.05,0.0,0.7,0.7
MYO6,6,75858985,NM_001368136.1:c.1465C>A,NP_001355065.1:p.Leu489Met,0.735,25.8,['Unknown%20significance'],0.87,0.0,0.0,0.8,0.8
MYO6,6,75858985,NM_001368136.1:c.1465C>G,NP_001355065.1:p.Leu489Val,0.762,25.3,['Pathogenic'],0.87,0.0,0.0,0.9,0.9
MYO6,6,75858986,NM_001368136.1:c.1466T>C,NP_001355065.1:p.Leu489Pro,0.973,29.6,['Unknown%20significance'],0.87,0.0,0.0,3.4,3.4
MYO6,6,75858988,NM_001368136.1:c.1468A>G,NP_001355065.1:p.Lys490Glu,0.879,28.3,['Unknown%20significance'],128.82,0.54,0.0,0.4,0.4
MYO6,6,75858991,NM_001368136.1:c.1471G>C,NP_001355065.1:p.Glu491Gln,0.372,28.1,['Unknown%20significance'],65.44,0.33,0.0,-0.5,0.5
MYO6,6,75858992,NM_001368136.1:c.1472A>G,NP_001355065.1:p.Glu491Gly,0.633,34,['Unknown%20significance'],65.44,0.33,0.0,0.5,0.5
MYO6,6,75858993,NM_001368136.1:c.1473G>T,NP_001355065.1:p.Glu491Asp,0.368,35,['Unknown%20significance'],65.44,0.33,0.0,0.2,0.2
MYO6,6,75861023,NM_001368136.1:c.1474G>A,NP_001355065.1:p.Glu492Lys,0.911,33,['Unknown%20significance'],5.67,0.02,0.0,0.5,0.5
MYO6,6,75861026,NM_001368136.1:c.1477C>A,NP_001355065.1:p.Gln493Lys,0.719,25.1,['Unknown%20significance'],15.44,0.07,0.0,0.2,0.2
MYO6,6,75861026,NM_001368136.1:c.1477C>G,NP_001355065.1:p.Gln493Glu,0.644,24.5,['Unknown%20significance'],15.44,0.07,0.0,1.0,1.0
MYO6,6,75861031,NM_001368136.1:c.1482A>T,NP_001355065.1:p.Glu494Asp,0.615,21.8,['Unknown%20significance'],82.35,0.42,0.0,0.1,0.1
MYO6,6,75861032,NM_001368136.1:c.1483C>G,NP_001355065.1:p.Leu495Val,0.642,24.5,['Unknown%20significance'],31.79,0.16,0.0,0.3,0.3
MYO6,6,75861033,NM_001368136.1:c.1484T>C,NP_001355065.1:p.Leu495Pro,0.907,29.8,['Unknown%20significance'],31.79,0.16,0.0,1.1,1.1
MYO6,6,75861033,NM_001368136.1:c.1484T>G,NP_001355065.1:p.Leu495Arg,0.900,28.6,['Unknown%20significance'],31.79,0.16,0.0,-0.1,0.1
MYO6,6,75861038,NM_001368136.1:c.1489C>A,NP_001355065.1:p.Gln497Lys,0.583,23.6,['Unknown%20significance'],156.3,0.79,0.0,-0.0,0.0
MYO6,6,75861038,NM_001368136.1:c.1489C>G,NP_001355065.1:p.Gln497Glu,0.471,22.2,['Unknown%20significance'],156.3,0.79,0.0,0.1,0.1
MYO6,6,75861039,NM_001368136.1:c.1490A>G,NP_001355065.1:p.Gln497Arg,0.587,26.8,['Unknown%20significance'],156.3,0.79,0.0,-0.2,0.2
MYO6,6,75861040,NM_001368136.1:c.1491A>T,NP_001355065.1:p.Gln497His,0.626,22.9,['Unknown%20significance'],156.3,0.79,0.0,-0.1,0.1
MYO6,6,75861041,NM_001368136.1:c.1492A>G,NP_001355065.1:p.Lys498Glu,0.300,24.2,['Unknown%20significance'],178.38,0.75,0.0,0.2,0.2
MYO6,6,75861042,NM_001368136.1:c.1493A>G,NP_001355065.1:p.Lys498Arg,0.047,21.0,['Unknown%20significance'],178.38,0.75,0.0,-0.2,0.2
MYO6,6,75861044,NM_001368136.1:c.1495G>A,NP_001355065.1:p.Glu499Lys,0.895,32,['Unknown%20significance'],2.0,0.01,0.0,0.9,0.9
MYO6,6,75861048,NM_001368136.1:c.1499G>A,NP_001355065.1:p.Gly500Asp,0.557,26.9,['Unknown%20significance'],56.32,0.59,0.0,0.2,0.2
MYO6,6,75861048,NM_001368136.1:c.1499G>T,NP_001355065.1:p.Gly500Val,0.659,26.8,['Unknown%20significance'],56.32,0.59,0.0,0.1,0.1
MYO6,6,75861053,NM_001368136.1:c.1504G>A,NP_001355065.1:p.Gly502Ser,0.438,25.2,['Unknown%20significance'],73.11,0.76,0.0,-0.2,0.2
MYO6,6,75861054,NM_001368136.1:c.1505G>A,NP_001355065.1:p.Gly502Asp,0.464,25.0,['Unknown%20significance'],73.11,0.76,0.0,-0.2,0.2
MYO6,6,75861059,NM_001368136.1:c.1510A>G,NP_001355065.1:p.Asn504Asp,0.439,23.9,['Unknown%20significance'],128.41,0.8,0.0,0.1,0.1
MYO6,6,75861060,NM_001368136.1:c.1511A>G,NP_001355065.1:p.Asn504Ser,0.505,23.6,['Unknown%20significance'],128.41,0.8,0.0,-0.0,0.0
MYO6,6,75861061,NM_001368136.1:c.1512T>A,NP_001355065.1:p.Asn504Lys,0.468,22.0,['Unknown%20significance'],128.41,0.8,0.0,0.0,0.0
MYO6,6,75861065,NM_001368136.1:c.1516G>T,NP_001355065.1:p.Val506Leu,0.596,27.7,['Unknown%20significance'],24.95,0.14,0.0,0.3,0.3
MYO6,6,75861066,NM_001368136.1:c.1517T>C,NP_001355065.1:p.Val506Ala,0.809,27.2,['Unknown%20significance'],24.95,0.14,0.0,1.9,1.9
MYO6,6,75861069,NM_001368136.1:c.1520A>C,NP_001355065.1:p.His507Pro,0.366,22.3,['Unknown%20significance'],123.28,0.6,0.0,0.3,0.3
MYO6,6,75861069,NM_001368136.1:c.1520A>G,NP_001355065.1:p.His507Arg,0.101,19.46,['Unknown%20significance'],123.28,0.6,0.0,-0.0,0.0
MYO6,6,75861074,NM_001368136.1:c.1525G>A,NP_001355065.1:p.Val509Met,0.332,28.2,['Unknown%20significance'],28.76,0.16,0.0,-0.2,0.2
MYO6,6,75861074,NM_001368136.1:c.1525G>T,NP_001355065.1:p.Val509Leu,0.336,24.6,['Unknown%20significance'],28.76,0.16,0.0,-0.1,0.1
MYO6,6,75861081,NM_001368136.1:c.1532A>G,NP_001355065.1:p.Asn511Ser,0.701,26.8,['Unknown%20significance'],0.67,0.0,0.0,0.9,0.9
MYO6,6,75861086,NM_001368136.1:c.1537G>C,NP_001355065.1:p.Asp513His,0.692,29.0,['Unknown%20significance'],59.32,0.37,0.0,-0.4,0.4
MYO6,6,75861089,NM_001368136.1:c.1540T>C,NP_001355065.1:p.Cys514Arg,0.797,29.2,['Unknown%20significance'],0.0,0.0,0.0,1.7,1.7
MYO6,6,75861092,NM_001368136.1:c.1543A>G,NP_001355065.1:p.Ile515Val,0.388,26.7,['Unknown%20significance'],0.0,0.0,0.0,0.9,0.9
MYO6,6,75861093,NM_001368136.1:c.1544T>C,NP_001355065.1:p.Ile515Thr,0.773,32,['Unknown%20significance'],0.0,0.0,0.0,2.6,2.6
MYO6,6,75861094,NM_001368136.1:c.1545A>G,NP_001355065.1:p.Ile515Met,0.755,25.0,['Unknown%20significance'],0.0,0.0,0.0,1.1,1.1
MYO6,6,75862597,NM_001368136.1:c.1548T>G,NP_001355065.1:p.Asp516Glu,0.730,23.1,['Unknown%20significance'],62.59,0.39,0.0,0.0,0.0
MYO6,6,75862599,NM_001368136.1:c.1550T>C,NP_001355065.1:p.Leu517Ser,0.898,28.8,['Unknown%20significance'],0.07,0.0,0.0,4.7,4.7
MYO6,6,75862601,NM_001368136.1:c.1552A>G,NP_001355065.1:p.Ile518Val,0.238,18.24,['Unknown%20significance'],0.0,0.0,0.0,1.2,1.2
MYO6,6,75862602,NM_001368136.1:c.1553T>C,NP_001355065.1:p.Ile518Thr,0.843,24.1,['Unknown%20significance'],0.0,0.0,0.0,3.4,3.4
MYO6,6,75862612,NM_001368136.1:c.1563A>C,NP_001355065.1:p.Lys521Asn,0.566,24.5,['Unknown%20significance'],202.99,0.85,0.0,0.0,0.0
MYO6,6,75862614,NM_001368136.1:c.1565T>C,NP_001355065.1:p.Leu522Ser,0.204,22.6,['Unknown%20significance'],127.63,0.66,0.0,0.2,0.2
MYO6,6,75862616,NM_001368136.1:c.1567G>A,NP_001355065.1:p.Val523Met,0.178,22.4,['Unknown%20significance'],71.44,0.41,0.0,-0.1,0.1
MYO6,6,75862617,NM_001368136.1:c.1568T>G,NP_001355065.1:p.Val523Gly,0.333,22.4,['Unknown%20significance'],71.44,0.41,0.0,1.5,1.5
MYO6,6,75862620,NM_001368136.1:c.1571G>A,NP_001355065.1:p.Gly524Glu,0.956,28.0,['Unknown%20significance'],0.0,0.0,0.0,1.6,1.6
MYO6,6,75862624,NM_001368136.1:c.1575A>G,NP_001355065.1:p.Ile525Met,0.614,22.2,['Unknown%20significance'],0.0,0.0,0.0,2.1,2.1
MYO6,6,75862631,NM_001368136.1:c.1582A>G,NP_001355065.1:p.Ile528Val,0.283,22.4,['Unknown%20significance'],0.63,0.0,0.0,0.8,0.8
MYO6,6,75862632,NM_001368136.1:c.1583T>G,NP_001355065.1:p.Ile528Ser,0.920,29.5,['Unknown%20significance'],0.63,0.0,0.0,4.0,4.0
MYO6,6,75862638,NM_001368136.1:c.1589A>T,NP_001355065.1:p.Asp530Val,0.977,29.9,['Unknown%20significance'],6.8,0.04,0.0,-0.3,0.3
MYO6,6,75862641,NM_001368136.1:c.1592A>T,NP_001355065.1:p.Glu531Val,0.917,32,['Unknown%20significance'],48.99,0.25,0.0,-0.2,0.2
MYO6,6,75862646,NM_001368136.1:c.1597A>G,NP_001355065.1:p.Asn533Asp,0.451,24.1,['Unknown%20significance'],23.56,0.14,0.0,0.6,0.6
MYO6,6,75862646,NM_001368136.1:c.1597A>T,NP_001355065.1:p.Asn533Tyr,0.777,26.6,['Unknown%20significance'],23.56,0.14,0.0,-1.3,1.3
MYO6,6,75862647,NM_001368136.1:c.1598A>G,NP_001355065.1:p.Asn533Ser,0.254,16.72,['Unknown%20significance'],23.56,0.14,0.0,-0.3,0.3
MYO6,6,75862649,NM_001368136.1:c.1600C>A,NP_001355065.1:p.Arg534Ser,0.565,27.6,['Unknown%20significance'],193.97,0.71,0.0,0.3,0.3
MYO6,6,75862649,NM_001368136.1:c.1600C>G,NP_001355065.1:p.Arg534Gly,0.681,26.8,['Unknown%20significance'],193.97,0.71,0.0,0.6,0.6
MYO6,6,75862649,NM_001368136.1:c.1600C>T,NP_001355065.1:p.Arg534Cys,0.696,29.8,['Unknown%20significance'],193.97,0.71,0.0,0.2,0.2
MYO6,6,75862650,NM_001368136.1:c.1601G>A,NP_001355065.1:p.Arg534His,0.564,31,['Unknown%20significance'],193.97,0.71,0.0,0.1,0.1
MYO6,6,75862650,NM_001368136.1:c.1601G>T,NP_001355065.1:p.Arg534Leu,0.629,31,['Unknown%20significance'],193.97,0.71,0.0,-0.0,0.0
MYO6,6,75862652,NM_001368136.1:c.1603C>T,NP_001355065.1:p.Leu535Phe,0.491,25.9,['Unknown%20significance'],70.69,0.36,0.0,-0.3,0.3
MYO6,6,75862653,NM_001368136.1:c.1604T>C,NP_001355065.1:p.Leu535Pro,0.914,29.8,['Unknown%20significance'],70.69,0.36,0.0,1.4,1.4
MYO6,6,75862656,NM_001368136.1:c.1607C>G,NP_001355065.1:p.Pro536Arg,0.785,26.0,['Unknown%20significance'],156.78,0.99,0.0,0.2,0.2
MYO6,6,75862656,NM_001368136.1:c.1607C>T,NP_001355065.1:p.Pro536Leu,0.730,26.5,['Unknown%20significance'],156.78,0.99,0.0,0.1,0.1
MYO6,6,75862661,NM_001368136.1:c.1612C>G,NP_001355065.1:p.Pro538Ala,0.366,19.58,['Unknown%20significance'],58.47,0.37,0.0,-0.4,0.4
MYO6,6,75862664,NM_001368136.1:c.1615A>G,NP_001355065.1:p.Ser539Gly,0.532,24.1,['Unknown%20significance'],51.15,0.37,0.0,0.8,0.8
MYO6,6,75862665,NM_001368136.1:c.1616G>A,NP_001355065.1:p.Ser539Asn,0.129,22.0,['Unknown%20significance'],51.15,0.37,0.0,0.1,0.1
MYO6,6,75862665,NM_001368136.1:c.1616G>C,NP_001355065.1:p.Ser539Thr,0.087,21.3,['Unknown%20significance'],51.15,0.37,0.0,-0.4,0.4
MYO6,6,75862671,NM_001368136.1:c.1622A>G,NP_001355065.1:p.Gln541Arg,0.692,22.6,['Unknown%20significance'],73.65,0.37,0.0,-0.3,0.3
MYO6,6,75862672,NM_001368136.1:c.1623A>T,NP_001355065.1:p.Gln541His,0.577,19.21,['Likely%20benign'],73.65,0.37,0.0,-0.1,0.1
MYO6,6,75862673,NM_001368136.1:c.1624C>T,NP_001355065.1:p.His542Tyr,0.662,23.6,['Unknown%20significance'],117.16,0.57,0.0,-0.4,0.4
MYO6,6,75862675,NM_001368136.1:c.1626C>G,NP_001355065.1:p.His542Gln,0.651,22.7,['Unknown%20significance'],117.16,0.57,0.0,0.1,0.1
MYO6,6,75862676,NM_001368136.1:c.1627T>C,NP_001355065.1:p.Phe543Leu,0.881,28.1,['Unknown%20significance'],0.0,0.0,0.0,1.0,1.0
MYO6,6,75862677,NM_001368136.1:c.1628T>G,NP_001355065.1:p.Phe543Cys,0.953,29.1,['Unknown%20significance'],0.0,0.0,0.0,3.6,3.6
MYO6,6,75862680,NM_001368136.1:c.1631C>T,NP_001355065.1:p.Thr544Ile,0.691,25.9,['Unknown%20significance'],0.0,0.0,0.0,-1.4,1.4
MYO6,6,75862686,NM_001368136.1:c.1637C>T,NP_001355065.1:p.Ala546Val,0.088,11.12,['Likely%20benign'],14.38,0.11,0.0,-0.7,0.7
MYO6,6,75862691,NM_001368136.1:c.1642C>T,NP_001355065.1:p.His548Tyr,0.502,25.4,['Unknown%20significance'],28.1,0.13,0.0,-1.4,1.4
MYO6,6,75862694,NM_001368136.1:c.1645C>G,NP_001355065.1:p.Gln549Glu,0.148,17.00,['Unknown%20significance'],122.6,0.62,0.0,0.2,0.2
MYO6,6,75862695,NM_001368136.1:c.1646A>G,NP_001355065.1:p.Gln549Arg,0.096,19.19,['Unknown%20significance'],122.6,0.62,0.0,-0.0,0.0
MYO6,6,75862697,NM_001368136.1:c.1648A>C,NP_001355065.1:p.Lys550Gln,0.377,22.8,['Unknown%20significance'],77.22,0.32,0.0,-0.6,0.6
MYO6,6,75862698,NM_001368136.1:c.1649A>G,NP_001355065.1:p.Lys550Arg,0.338,22.8,['Unknown%20significance'],77.22,0.32,0.0,-0.8,0.8
MYO6,6,75862702,NM_001368136.1:c.1653C>A,NP_001355065.1:p.His551Gln,0.536,19.80,['Unknown%20significance'],17.98,0.08,0.0,0.8,0.8
MYO6,6,75862704,NM_001368136.1:c.1655A>G,NP_001355065.1:p.Lys552Arg,0.410,22.3,['Unknown%20significance'],190.0,0.8,0.0,-0.2,0.2
MYO6,6,75862706,NM_001368136.1:c.1657G>A,NP_001355065.1:p.Asp553Asn,0.098,18.92,['Unknown%20significance'],159.18,0.99,0.0,-0.0,0.0
MYO6,6,75862706,NM_001368136.1:c.1657G>T,NP_001355065.1:p.Asp553Tyr,0.434,27.3,['Unknown%20significance'],159.18,0.99,0.0,-0.1,0.1
MYO6,6,75862707,NM_001368136.1:c.1658A>G,NP_001355065.1:p.Asp553Gly,0.170,22.8,['Unknown%20significance'],159.18,0.99,0.0,0.0,0.0
MYO6,6,75862707,NM_001368136.1:c.1658A>T,NP_001355065.1:p.Asp553Val,0.357,23.9,['Unknown%20significance'],159.18,0.99,0.0,-0.0,0.0
MYO6,6,75862708,NM_001368136.1:c.1659T>A,NP_001355065.1:p.Asp553Glu,0.061,11.42,['Likely%20benign'],159.18,0.99,0.0,-0.0,0.0
MYO6,6,75862709,NM_001368136.1:c.1660C>A,NP_001355065.1:p.His554Asn,0.426,22.5,['Unknown%20significance'],55.98,0.27,0.0,0.6,0.6
MYO6,6,75862709,NM_001368136.1:c.1660C>T,NP_001355065.1:p.His554Tyr,0.785,23.3,['Unknown%20significance'],55.98,0.27,0.0,-0.4,0.4
MYO6,6,75862712,NM_001368136.1:c.1663T>C,NP_001355065.1:p.Phe555Leu,0.620,28.2,['Unknown%20significance'],74.16,0.32,0.0,0.3,0.3
MYO6,6,75862716,NM_001368136.1:c.1667G>A,NP_001355065.1:p.Arg556Gln,0.717,30,['Unknown%20significance'],4.93,0.01,0.0,0.4,0.4
MYO6,6,75862716,NM_001368136.1:c.1667G>C,NP_001355065.1:p.Arg556Pro,0.806,31,['Unknown%20significance'],4.93,0.01,0.0,1.5,1.5
MYO6,6,75862716,NM_001368136.1:c.1667G>T,NP_001355065.1:p.Arg556Leu,0.683,29.9,['Unknown%20significance'],4.93,0.01,0.0,-0.5,0.5
MYO6,6,75862718,NM_001368136.1:c.1669C>A,NP_001355065.1:p.Leu557Ile,0.284,23.2,['Unknown%20significance'],7.55,0.03,0.0,0.2,0.2
MYO6,6,75866527,NM_001368136.1:c.1676T>A,NP_001355065.1:p.Ile559Asn,0.655,32,['Unknown%20significance'],30.52,0.15,0.0,1.1,1.1
MYO6,6,75866529,NM_001368136.1:c.1678C>T,NP_001355065.1:p.Pro560Ser,0.463,25.5,['Unknown%20significance'],0.0,0.0,0.0,1.0,1.0
MYO6,6,75866532,NM_001368136.1:c.1681A>G,NP_001355065.1:p.Arg561Gly,0.500,23.8,['Unknown%20significance'],147.93,0.54,0.0,0.9,0.9
MYO6,6,75866537,NM_001368136.1:c.1686A>C,NP_001355065.1:p.Lys562Asn,0.534,23.4,['Unknown%20significance'],137.34,0.58,0.0,-0.2,0.2
MYO6,6,75866538,NM_001368136.1:c.1687T>C,NP_001355065.1:p.Ser563Pro,0.823,29.5,['Unknown%20significance'],6.82,0.04,0.0,0.4,0.4
MYO6,6,75866542,NM_001368136.1:c.1691A>G,NP_001355065.1:p.Lys564Arg,0.400,25.0,['Unknown%20significance'],48.16,0.2,0.0,-0.7,0.7
MYO6,6,75866543,NM_001368136.1:c.1692G>C,NP_001355065.1:p.Lys564Asn,0.582,25.9,['Unknown%20significance'],48.16,0.2,0.0,-0.1,0.1
MYO6,6,75866547,NM_001368136.1:c.1696G>C,NP_001355065.1:p.Ala566Pro,0.379,21.9,['Unknown%20significance'],37.84,0.29,0.0,0.3,0.3
MYO6,6,75866548,NM_001368136.1:c.1697C>A,NP_001355065.1:p.Ala566Glu,0.424,20.3,['Unknown%20significance'],37.84,0.29,0.0,-0.1,0.1
MYO6,6,75866550,NM_001368136.1:c.1699G>A,NP_001355065.1:p.Val567Ile,0.248,1.837,['Likely%20benign'],42.15,0.24,0.0,-0.0,0.0
MYO6,6,75866553,NM_001368136.1:c.1702C>G,NP_001355065.1:p.His568Asp,0.632,24.5,['Unknown%20significance'],2.67,0.01,0.0,1.4,1.4
MYO6,6,75866554,NM_001368136.1:c.1703A>G,NP_001355065.1:p.His568Arg,0.688,24.3,['Unknown%20significance'],2.67,0.01,0.0,0.4,0.4
MYO6,6,75866556,NM_001368136.1:c.1705A>G,NP_001355065.1:p.Arg569Gly,0.747,25.6,['Unknown%20significance'],68.26,0.25,0.0,1.5,1.5
MYO6,6,75866560,NM_001368136.1:c.1709A>C,NP_001355065.1:p.Asn570Thr,0.420,23.2,['Unknown%20significance'],132.97,0.83,0.0,-0.0,0.0
MYO6,6,75866562,NM_001368136.1:c.1711A>G,NP_001355065.1:p.Ile571Val,0.199,7.595,['Likely%20benign'],19.4,0.09,0.0,0.3,0.3
MYO6,6,75866563,NM_001368136.1:c.1712T>A,NP_001355065.1:p.Ile571Asn,0.567,24.9,['Unknown%20significance'],19.4,0.09,0.0,1.0,1.0
MYO6,6,75866568,NM_001368136.1:c.1717G>A,NP_001355065.1:p.Asp573Asn,0.573,26.5,['Unknown%20significance'],37.66,0.23,0.0,-0.2,0.2
MYO6,6,75866570,NM_001368136.1:c.1719C>A,NP_001355065.1:p.Asp573Glu,0.713,22.7,['Unknown%20significance'],37.66,0.23,0.0,-0.1,0.1
MYO6,6,75866571,NM_001368136.1:c.1720G>A,NP_001355065.1:p.Asp574Asn,0.475,24.8,['Unknown%20significance'],27.9,0.17,0.0,-0.1,0.1
MYO6,6,75866571,NM_001368136.1:c.1720G>C,NP_001355065.1:p.Asp574His,0.816,26.5,['Unknown%20significance'],27.9,0.17,0.0,-0.4,0.4
MYO6,6,75866571,NM_001368136.1:c.1720G>T,NP_001355065.1:p.Asp574Tyr,0.885,27.1,['Unknown%20significance'],27.9,0.17,0.0,-0.9,0.9
MYO6,6,75866572,NM_001368136.1:c.1721A>C,NP_001355065.1:p.Asp574Ala,0.834,25.7,['Unknown%20significance'],27.9,0.17,0.0,0.2,0.2
MYO6,6,75866574,NM_001368136.1:c.1723G>A,NP_001355065.1:p.Glu575Lys,0.777,29.2,['Unknown%20significance'],53.19,0.27,0.0,-0.0,0.0
MYO6,6,75866574,NM_001368136.1:c.1723G>C,NP_001355065.1:p.Glu575Gln,0.656,26.7,['Unknown%20significance'],53.19,0.27,0.0,-0.5,0.5
MYO6,6,75866578,NM_001368136.1:c.1727G>A,NP_001355065.1:p.Gly576Asp,0.726,27.2,['Unknown%20significance'],0.0,0.0,0.0,-0.3,0.3
MYO6,6,75866580,NM_001368136.1:c.1729T>A,NP_001355065.1:p.Phe577Ile,0.926,27.8,['Unknown%20significance'],0.0,0.0,0.0,2.4,2.4
MYO6,6,75866583,NM_001368136.1:c.1732A>G,NP_001355065.1:p.Ile578Val,0.185,20.3,['Unknown%20significance'],5.49,0.02,0.0,0.2,0.2
MYO6,6,75866584,NM_001368136.1:c.1733T>A,NP_001355065.1:p.Ile578Asn,0.742,28.4,['Unknown%20significance'],5.49,0.02,0.0,2.7,2.7
MYO6,6,75866586,NM_001368136.1:c.1735A>T,NP_001355065.1:p.Ile579Phe,0.694,23.0,['Unknown%20significance'],0.0,0.0,0.0,1.2,1.2
MYO6,6,75866588,NM_001368136.1:c.1737C>G,NP_001355065.1:p.Ile579Met,0.671,18.43,['Unknown%20significance'],0.0,0.0,0.0,1.8,1.8
MYO6,6,75866590,NM_001368136.1:c.1739G>C,NP_001355065.1:p.Arg580Thr,0.722,27.7,['Unknown%20significance'],26.6,0.09,0.0,0.6,0.6
MYO6,6,75866591,NM_001368136.1:c.1740G>C,NP_001355065.1:p.Arg580Ser,0.614,24.6,['Unknown%20significance'],26.6,0.09,0.0,1.1,1.1
MYO6,6,75866592,NM_001368136.1:c.1741C>T,NP_001355065.1:p.His581Tyr,0.914,33,['Unknown%20significance'],0.0,0.0,0.0,-0.6,0.6
MYO6,6,75866598,NM_001368136.1:c.1747G>A,NP_001355065.1:p.Ala583Thr,0.898,28.1,['Unknown%20significance'],0.55,0.0,0.0,0.9,0.9
MYO6,6,75866599,NM_001368136.1:c.1748C>T,NP_001355065.1:p.Ala583Val,0.842,26.5,['Unknown%20significance'],0.55,0.0,0.0,0.3,0.3
MYO6,6,75866604,NM_001368136.1:c.1753G>T,NP_001355065.1:p.Ala585Ser,0.464,25.5,['Unknown%20significance'],9.8,0.07,0.0,0.3,0.3
MYO6,6,75866605,NM_001368136.1:c.1754C>G,NP_001355065.1:p.Ala585Gly,0.594,26.9,['Unknown%20significance'],9.8,0.07,0.0,1.3,1.3
MYO6,6,75866607,NM_001368136.1:c.1756G>A,NP_001355065.1:p.Val586Met,0.862,28.7,['Unknown%20significance'],1.78,0.01,0.0,1.7,1.7
MYO6,6,75866607,NM_001368136.1:c.1756G>C,NP_001355065.1:p.Val586Leu,0.877,27.2,['Unknown%20significance'],1.78,0.01,0.0,1.4,1.4
MYO6,6,75866607,NM_001368136.1:c.1756G>T,NP_001355065.1:p.Val586Leu,0.877,27.4,['Unknown%20significance'],1.78,0.01,0.0,1.4,1.4
MYO6,6,75866610,NM_001368136.1:c.1759T>G,NP_001355065.1:p.Cys587Gly,0.718,29.8,['Unknown%20significance'],0.74,0.0,0.0,1.5,1.5
MYO6,6,75866611,NM_001368136.1:c.1760G>A,NP_001355065.1:p.Cys587Tyr,0.717,28.7,['Unknown%20significance'],0.74,0.0,0.0,-1.0,1.0
MYO6,6,75866620,NM_001368136.1:c.1769C>A,NP_001355065.1:p.Thr590Lys,0.893,29.0,['Unknown%20significance'],0.0,0.0,0.0,1.0,1.0
MYO6,6,75866933,NM_001368136.1:c.1772C>T,NP_001355065.1:p.Thr591Ile,0.292,18.74,['Unknown%20significance'],82.19,0.52,0.0,-0.1,0.1
MYO6,6,75866936,NM_001368136.1:c.1775A>G,NP_001355065.1:p.Gln592Arg,0.271,21.8,['Unknown%20significance'],79.12,0.4,0.0,-0.3,0.3
MYO6,6,75866937,NM_001368136.1:c.1776G>C,NP_001355065.1:p.Gln592His,0.368,17.04,['Unknown%20significance'],79.12,0.4,0.0,-0.2,0.2
MYO6,6,75866938,NM_001368136.1:c.1777T>C,NP_001355065.1:p.Phe593Leu,0.946,28.5,['Unknown%20significance'],0.0,0.0,0.0,1.8,1.8
MYO6,6,75866939,NM_001368136.1:c.1778T>G,NP_001355065.1:p.Phe593Cys,0.934,29.4,['Unknown%20significance'],0.0,0.0,0.0,3.7,3.7
MYO6,6,75866940,NM_001368136.1:c.1779T>A,NP_001355065.1:p.Phe593Leu,0.894,25.8,['Unknown%20significance'],0.0,0.0,0.0,1.8,1.8
MYO6,6,75866941,NM_001368136.1:c.1780G>A,NP_001355065.1:p.Val594Met,0.602,27.3,['Unknown%20significance'],12.6,0.07,0.0,-0.2,0.2
MYO6,6,75866942,NM_001368136.1:c.1781T>C,NP_001355065.1:p.Val594Ala,0.797,27.1,['Unknown%20significance'],12.6,0.07,0.0,1.7,1.7
MYO6,6,75866946,NM_001368136.1:c.1785G>T,NP_001355065.1:p.Glu595Asp,0.392,23.5,['Unknown%20significance'],59.09,0.3,0.0,0.2,0.2
MYO6,6,75866953,NM_001368136.1:c.1792A>G,NP_001355065.1:p.Asn598Asp,0.769,24.6,['Unknown%20significance'],46.61,0.29,0.0,0.4,0.4
MYO6,6,75866954,NM_001368136.1:c.1793A>C,NP_001355065.1:p.Asn598Thr,0.747,25.8,['Unknown%20significance'],46.61,0.29,0.0,0.1,0.1
MYO6,6,75866954,NM_001368136.1:c.1793A>G,NP_001355065.1:p.Asn598Ser,0.642,25.1,['Unknown%20significance'],46.61,0.29,0.0,0.4,0.4
MYO6,6,75866957,NM_001368136.1:c.1796A>G,NP_001355065.1:p.Asp599Gly,0.945,28.3,['Unknown%20significance'],17.11,0.1,0.0,1.6,1.6
MYO6,6,75866960,NM_001368136.1:c.1799C>T,NP_001355065.1:p.Ala600Val,0.623,26.0,['Unknown%20significance'],13.17,0.1,0.0,-0.5,0.5
MYO6,6,75866962,NM_001368136.1:c.1801T>G,NP_001355065.1:p.Leu601Val,0.707,23.7,['Unknown%20significance'],3.48,0.01,0.0,0.8,0.8
MYO6,6,75866966,NM_001368136.1:c.1805A>G,NP_001355065.1:p.His602Arg,0.823,25.3,['Unknown%20significance'],30.77,0.14,0.0,0.1,0.1
MYO6,6,75866968,NM_001368136.1:c.1807A>C,NP_001355065.1:p.Met603Leu,0.203,19.71,['Unknown%20significance'],60.18,0.27,0.0,-0.1,0.1
MYO6,6,75866968,NM_001368136.1:c.1807A>G,NP_001355065.1:p.Met603Val,0.264,18.89,['Unknown%20significance'],60.18,0.27,0.0,-0.1,0.1
MYO6,6,75866969,NM_001368136.1:c.1808T>A,NP_001355065.1:p.Met603Lys,0.326,22.3,['Unknown%20significance'],60.18,0.27,0.0,0.9,0.9
MYO6,6,75866969,NM_001368136.1:c.1808T>C,NP_001355065.1:p.Met603Thr,0.286,19.23,['Unknown%20significance'],60.18,0.27,0.0,0.5,0.5
MYO6,6,75866971,NM_001368136.1:c.1810T>A,NP_001355065.1:p.Ser604Thr,0.532,26.0,['Unknown%20significance'],9.78,0.07,0.0,-0.4,0.4
MYO6,6,75866981,NM_001368136.1:c.1820C>G,NP_001355065.1:p.Ser607Cys,0.294,21.7,['Unknown%20significance'],43.39,0.31,0.0,-0.4,0.4
MYO6,6,75866986,NM_001368136.1:c.1825A>G,NP_001355065.1:p.Ile609Val,0.065,21.1,['Unknown%20significance'],0.0,0.0,0.0,0.5,0.5
MYO6,6,75866987,NM_001368136.1:c.1826T>C,NP_001355065.1:p.Ile609Thr,0.768,26.2,['Unknown%20significance'],0.0,0.0,0.0,3.0,3.0
MYO6,6,75866988,NM_001368136.1:c.1827A>G,NP_001355065.1:p.Ile609Met,0.218,20.7,['Unknown%20significance'],0.0,0.0,0.0,1.0,1.0
MYO6,6,75866989,NM_001368136.1:c.1828T>C,NP_001355065.1:p.Cys610Arg,0.419,23.4,['Unknown%20significance'],13.47,0.08,0.0,-0.4,0.4
MYO6,6,75866990,NM_001368136.1:c.1829G>A,NP_001355065.1:p.Cys610Tyr,0.541,24.1,['Unknown%20significance'],13.47,0.08,0.0,-1.0,1.0
MYO6,6,75866992,NM_001368136.1:c.1831G>C,NP_001355065.1:p.Glu611Gln,0.267,24.5,['Unknown%20significance'],143.93,0.73,0.0,-0.1,0.1
MYO6,6,75866993,NM_001368136.1:c.1832A>G,NP_001355065.1:p.Glu611Gly,0.665,28.5,['Unknown%20significance'],143.93,0.73,0.0,0.2,0.2
MYO6,6,75866994,NM_001368136.1:c.1833A>C,NP_001355065.1:p.Glu611Asp,0.160,22.0,['Unknown%20significance'],143.93,0.73,0.0,0.1,0.1
MYO6,6,75866996,NM_001368136.1:c.1835C>A,NP_001355065.1:p.Ser612Tyr,0.935,26.1,['Unknown%20significance'],2.33,0.01,0.0,-0.6,0.6
MYO6,6,75866996,NM_001368136.1:c.1835C>G,NP_001355065.1:p.Ser612Cys,0.904,24.5,['Unknown%20significance'],2.33,0.01,0.0,0.1,0.1
MYO6,6,75866998,NM_001368136.1:c.1837A>G,NP_001355065.1:p.Arg613Gly,0.289,23.7,['Unknown%20significance'],187.5,0.69,0.0,0.5,0.5
MYO6,6,75866999,NM_001368136.1:c.1838G>A,NP_001355065.1:p.Arg613Lys,0.103,16.98,['Unknown%20significance'],187.5,0.69,0.0,0.3,0.3
MYO6,6,75867001,NM_001368136.1:c.1840G>A,NP_001355065.1:p.Asp614Asn,0.441,24.0,['Unknown%20significance'],24.34,0.15,0.0,-0.4,0.4
MYO6,6,75867010,NM_001368136.1:c.1849A>G,NP_001355065.1:p.Ile617Val,0.237,10.49,['Unknown%20significance'],0.0,0.0,0.0,0.3,0.3
MYO6,6,75867010,NM_001368136.1:c.1849A>T,NP_001355065.1:p.Ile617Leu,0.283,13.57,['Unknown%20significance'],0.0,0.0,0.0,0.1,0.1
MYO6,6,75867012,NM_001368136.1:c.1851A>G,NP_001355065.1:p.Ile617Met,0.562,21.4,['Unknown%20significance'],0.0,0.0,0.0,1.2,1.2
MYO6,6,75867013,NM_001368136.1:c.1852C>G,NP_001355065.1:p.Arg618Gly,0.377,20.4,['Unknown%20significance'],73.18,0.27,0.0,1.4,1.4
MYO6,6,75867013,NM_001368136.1:c.1852C>T,NP_001355065.1:p.Arg618Trp,0.648,25.2,['Unknown%20significance'],73.18,0.27,0.0,-0.7,0.7
MYO6,6,75867014,NM_001368136.1:c.1853G>A,NP_001355065.1:p.Arg618Gln,0.305,23.1,['Unknown%20significance'],73.18,0.27,0.0,0.4,0.4
MYO6,6,75867016,NM_001368136.1:c.1855G>A,NP_001355065.1:p.Glu619Lys,0.284,22.4,['Unknown%20significance'],65.8,0.33,0.0,0.2,0.2
MYO6,6,75867017,NM_001368136.1:c.1856A>G,NP_001355065.1:p.Glu619Gly,0.255,22.5,['Unknown%20significance'],65.8,0.33,0.0,0.4,0.4
MYO6,6,75867017,NM_001368136.1:c.1856A>T,NP_001355065.1:p.Glu619Val,0.418,23.0,['Unknown%20significance'],65.8,0.33,0.0,-1.1,1.1
MYO6,6,75867019,NM_001368136.1:c.1858T>G,NP_001355065.1:p.Leu620Val,0.715,24.2,['Unknown%20significance'],0.46,0.0,0.0,1.2,1.2
MYO6,6,75867022,NM_001368136.1:c.1861T>C,NP_001355065.1:p.Phe621Leu,0.949,28.4,['Unknown%20significance'],0.91,0.0,0.0,1.6,1.6
MYO6,6,75867025,NM_001368136.1:c.1864G>C,NP_001355065.1:p.Glu622Gln,0.342,22.4,['Unknown%20significance'],72.94,0.37,0.0,-0.4,0.4
MYO6,6,75867026,NM_001368136.1:c.1865A>G,NP_001355065.1:p.Glu622Gly,0.603,23.4,['Unknown%20significance'],72.94,0.37,0.0,0.4,0.4
MYO6,6,75867026,NM_001368136.1:c.1865A>T,NP_001355065.1:p.Glu622Val,0.642,23.4,['Unknown%20significance'],72.94,0.37,0.0,-0.8,0.8
MYO6,6,75867027,NM_001368136.1:c.1866A>C,NP_001355065.1:p.Glu622Asp,0.437,16.28,['Unknown%20significance'],72.94,0.37,0.0,0.2,0.2
MYO6,6,75867028,NM_001368136.1:c.1867T>G,NP_001355065.1:p.Ser623Ala,0.236,19.78,['Unknown%20significance'],54.75,0.39,0.0,-0.1,0.1
MYO6,6,75867032,NM_001368136.1:c.1871C>T,NP_001355065.1:p.Ser624Phe,0.430,25.3,['Unknown%20significance'],23.83,0.17,0.0,-0.9,0.9
MYO6,6,75867035,NM_001368136.1:c.1874C>A,NP_001355065.1:p.Thr625Lys,0.517,22.9,['Unknown%20significance'],46.25,0.29,0.0,0.5,0.5
MYO6,6,75867037,NM_001368136.1:c.1876A>G,NP_001355065.1:p.Asn626Asp,0.384,22.5,['Unknown%20significance'],91.66,0.57,0.0,0.2,0.2
MYO6,6,75867038,NM_001368136.1:c.1877A>G,NP_001355065.1:p.Asn626Ser,0.335,19.23,['Unknown%20significance'],91.66,0.57,0.0,-0.0,0.0
MYO6,6,75867038,NM_001368136.1:c.1877A>T,NP_001355065.1:p.Asn626Ile,0.392,23.5,['Unknown%20significance'],91.66,0.57,0.0,-0.3,0.3
MYO6,6,75867039,NM_001368136.1:c.1878T>A,NP_001355065.1:p.Asn626Lys,0.307,18.02,['Unknown%20significance'],91.66,0.57,0.0,0.1,0.1
MYO6,6,75867041,NM_001368136.1:c.1880A>G,NP_001355065.1:p.Asn627Ser,0.161,19.30,['Unknown%20significance'],140.98,0.88,0.0,-0.0,0.0
MYO6,6,75867043,NM_001368136.1:c.1882A>G,NP_001355065.1:p.Asn628Asp,0.204,21.4,['Unknown%20significance'],50.74,0.31,0.0,0.2,0.2
MYO6,6,75867046,NM_001368136.1:c.1885A>G,NP_001355065.1:p.Lys629Glu,0.359,22.9,['Unknown%20significance'],183.15,0.77,0.0,-0.1,0.1
MYO6,6,75867047,NM_001368136.1:c.1886A>G,NP_001355065.1:p.Lys629Arg,0.076,20.4,['Unknown%20significance'],183.15,0.77,0.0,-0.3,0.3
MYO6,6,75867052,NM_001368136.1:c.1891A>G,NP_001355065.1:p.Thr631Ala,0.143,19.55,['Unknown%20significance'],86.87,0.55,0.0,0.2,0.2
MYO6,6,75867053,NM_001368136.1:c.1892C>G,NP_001355065.1:p.Thr631Ser,0.157,15.95,['Likely%20benign'],86.87,0.55,0.0,0.1,0.1
MYO6,6,75867064,NM_001368136.1:c.1903G>A,NP_001355065.1:p.Ala635Thr,0.303,22.6,['Unknown%20significance'],30.95,0.24,0.0,-0.3,0.3
MYO6,6,75867065,NM_001368136.1:c.1904C>G,NP_001355065.1:p.Ala635Gly,0.337,21.5,['Unknown%20significance'],30.95,0.24,0.0,0.5,0.5
MYO6,6,75867067,NM_001368136.1:c.1906G>A,NP_001355065.1:p.Gly636Arg,0.687,28.0,['Unknown%20significance'],26.18,0.27,0.0,-0.5,0.5
MYO6,6,75867067,NM_001368136.1:c.1906G>C,NP_001355065.1:p.Gly636Arg,0.687,27.7,['Unknown%20significance'],26.18,0.27,0.0,-0.5,0.5
MYO6,6,75867071,NM_001368136.1:c.1910A>T,NP_001355065.1:p.Lys637Ile,0.821,28.7,['Unknown%20significance'],133.8,0.56,0.0,-0.3,0.3
MYO6,6,75867073,NM_001368136.1:c.1912C>T,NP_001355065.1:p.Leu638Phe,0.626,26.4,['Unknown%20significance'],76.31,0.39,0.0,0.0,0.0
MYO6,6,75867076,NM_001368136.1:c.1915A>C,NP_001355065.1:p.Ser639Arg,0.651,23.4,['Unknown%20significance'],16.36,0.11,0.0,-0.5,0.5
MYO6,6,75867078,NM_001368136.1:c.1917C>G,NP_001355065.1:p.Ser639Arg,0.577,22.6,['Unknown%20significance'],16.36,0.11,0.0,-0.5,0.5
MYO6,6,75867079,NM_001368136.1:c.1918T>C,NP_001355065.1:p.Phe640Leu,0.626,24.8,['Unknown%20significance'],73.8,0.32,0.0,0.5,0.5
MYO6,6,75867082,NM_001368136.1:c.1921A>G,NP_001355065.1:p.Ile641Val,0.316,21.6,['Unknown%20significance'],56.21,0.28,0.0,0.1,0.1
MYO6,6,75867083,NM_001368136.1:c.1922T>C,NP_001355065.1:p.Ile641Thr,0.693,24.3,['Unknown%20significance'],56.21,0.28,0.0,0.5,0.5
MYO6,6,75867086,NM_001368136.1:c.1925G>A,NP_001355065.1:p.Ser642Asn,0.831,26.7,['Unknown%20significance'],15.21,0.11,0.0,0.3,0.3
MYO6,6,75867087,NM_001368136.1:c.1926C>A,NP_001355065.1:p.Ser642Arg,0.849,21.8,['Pathogenic'],15.21,0.11,0.0,0.1,0.1
MYO6,6,75867088,NM_001368136.1:c.1927G>A,NP_001355065.1:p.Val643Met,0.791,28.1,['Unknown%20significance'],6.98,0.04,0.0,1.0,1.0
MYO6,6,75867089,NM_001368136.1:c.1928T>C,NP_001355065.1:p.Val643Ala,0.888,26.8,['Unknown%20significance'],6.98,0.04,0.0,2.2,2.2
MYO6,6,75867092,NM_001368136.1:c.1931G>C,NP_001355065.1:p.Gly644Ala,0.873,26.8,['Unknown%20significance'],0.0,0.0,0.0,-0.7,0.7
MYO6,6,75867095,NM_001368136.1:c.1934A>G,NP_001355065.1:p.Asn645Ser,0.299,22.9,['Unknown%20significance'],42.86,0.26,0.0,-0.2,0.2
MYO6,6,75867096,NM_001368136.1:c.1935C>A,NP_001355065.1:p.Asn645Lys,0.426,23.0,['Unknown%20significance'],42.86,0.26,0.0,0.3,0.3
MYO6,6,75867099,NM_001368136.1:c.1938G>C,NP_001355065.1:p.Lys646Asn,0.710,22.0,['Unknown%20significance'],89.73,0.37,0.0,-0.1,0.1
MYO6,6,75867100,NM_001368136.1:c.1939T>C,NP_001355065.1:p.Phe647Leu,0.934,28.1,['Unknown%20significance'],0.03,0.0,0.0,1.9,1.9
MYO6,6,75867100,NM_001368136.1:c.1939T>G,NP_001355065.1:p.Phe647Val,0.934,28.5,['Unknown%20significance'],0.03,0.0,0.0,2.5,2.5
MYO6,6,75867102,NM_001368136.1:c.1941T>G,NP_001355065.1:p.Phe647Leu,0.778,23.3,['Unknown%20significance'],0.03,0.0,0.0,1.9,1.9
MYO6,6,75867104,NM_001368136.1:c.1943A>G,NP_001355065.1:p.Lys648Arg,0.390,28.5,['Unknown%20significance'],30.2,0.12,0.0,-1.0,1.0
MYO6,6,75870647,NM_001368136.1:c.1945A>G,NP_001355065.1:p.Thr649Ala,0.384,29.1,['Unknown%20significance'],79.33,0.5,0.0,0.1,0.1
MYO6,6,75870648,NM_001368136.1:c.1946C>G,NP_001355065.1:p.Thr649Arg,0.508,29.2,['Unknown%20significance'],79.33,0.5,0.0,-0.0,0.0
MYO6,6,75870650,NM_001368136.1:c.1948C>G,NP_001355065.1:p.Gln650Glu,0.689,25.9,['Unknown%20significance'],51.39,0.25,0.0,0.3,0.3
MYO6,6,75870658,NM_001368136.1:c.1956T>A,NP_001355065.1:p.Asn652Lys,0.522,23.4,['Unknown%20significance'],39.5,0.24,0.0,0.3,0.3
MYO6,6,75870662,NM_001368136.1:c.1960C>A,NP_001355065.1:p.Leu654Ile,0.776,27.7,['Unknown%20significance'],1.27,0.0,0.0,1.3,1.3
MYO6,6,75870663,NM_001368136.1:c.1961T>C,NP_001355065.1:p.Leu654Pro,0.911,31,['Unknown%20significance'],1.27,0.0,0.0,4.7,4.7
MYO6,6,75870665,NM_001368136.1:c.1963C>A,NP_001355065.1:p.Leu655Met,0.496,23.5,['Unknown%20significance'],0.0,0.0,0.0,-0.0,0.0
MYO6,6,75870666,NM_001368136.1:c.1964T>G,NP_001355065.1:p.Leu655Arg,0.905,29.9,['Unknown%20significance'],0.0,0.0,0.0,2.3,2.3
MYO6,6,75870668,NM_001368136.1:c.1966G>C,NP_001355065.1:p.Asp656His,0.396,26.9,['Unknown%20significance'],77.31,0.48,0.0,-0.5,0.5
MYO6,6,75870669,NM_001368136.1:c.1967A>G,NP_001355065.1:p.Asp656Gly,0.410,29.6,['Unknown%20significance'],77.31,0.48,0.0,0.2,0.2
MYO6,6,75870671,NM_001368136.1:c.1969A>G,NP_001355065.1:p.Lys657Glu,0.883,28.8,['Unknown%20significance'],71.79,0.3,0.0,0.0,0.0
MYO6,6,75870678,NM_001368136.1:c.1976G>A,NP_001355065.1:p.Arg659Gln,0.481,24.7,['Unknown%20significance'],84.7,0.31,0.0,0.2,0.2
MYO6,6,75870678,NM_001368136.1:c.1976G>T,NP_001355065.1:p.Arg659Leu,0.647,31,['Unknown%20significance'],84.7,0.31,0.0,-0.1,0.1
MYO6,6,75870684,NM_001368136.1:c.1982C>T,NP_001355065.1:p.Thr661Ile,0.746,32,['Unknown%20significance'],4.13,0.02,0.0,0.4,0.4
MYO6,6,75873207,NM_001368136.1:c.1984G>A,NP_001355065.1:p.Gly662Arg,0.692,32,['Unknown%20significance'],12.38,0.12,0.0,-1.3,1.3
MYO6,6,75873208,NM_001368136.1:c.1985G>A,NP_001355065.1:p.Gly662Glu,0.608,32,['Unknown%20significance'],12.38,0.12,0.0,-0.9,0.9
MYO6,6,75873210,NM_001368136.1:c.1987G>A,NP_001355065.1:p.Ala663Thr,0.370,17.07,['Unknown%20significance'],21.77,0.17,0.0,-0.1,0.1
MYO6,6,75873211,NM_001368136.1:c.1988C>G,NP_001355065.1:p.Ala663Gly,0.573,23.1,['Unknown%20significance'],21.77,0.17,0.0,1.1,1.1
MYO6,6,75873211,NM_001368136.1:c.1988C>T,NP_001355065.1:p.Ala663Val,0.550,23.6,['Unknown%20significance'],21.77,0.17,0.0,-0.7,0.7
MYO6,6,75873213,NM_001368136.1:c.1990A>T,NP_001355065.1:p.Ser664Cys,0.790,27.1,['Unknown%20significance'],4.44,0.03,0.0,-0.6,0.6
MYO6,6,75873214,NM_001368136.1:c.1991G>A,NP_001355065.1:p.Ser664Asn,0.274,23.3,['Unknown%20significance'],4.44,0.03,0.0,-0.2,0.2
MYO6,6,75873214,NM_001368136.1:c.1991G>T,NP_001355065.1:p.Ser664Ile,0.790,27.8,['Unknown%20significance'],4.44,0.03,0.0,-1.6,1.6
MYO6,6,75873217,NM_001368136.1:c.1994T>G,NP_001355065.1:p.Phe665Cys,0.943,28.8,['Unknown%20significance'],0.0,0.0,0.0,4.0,4.0
MYO6,6,75873222,NM_001368136.1:c.1999C>T,NP_001355065.1:p.Arg667Cys,0.921,32,['Unknown%20significance'],0.35,0.0,0.0,-0.4,0.4
MYO6,6,75873223,NM_001368136.1:c.2000G>A,NP_001355065.1:p.Arg667His,0.920,32,['Unknown%20significance'],0.35,0.0,0.0,0.3,0.3
MYO6,6,75873228,NM_001368136.1:c.2005A>G,NP_001355065.1:p.Ile669Val,0.440,20.6,['Unknown%20significance'],0.2,0.0,0.0,1.0,1.0
MYO6,6,75873232,NM_001368136.1:c.2009A>G,NP_001355065.1:p.Lys670Arg,0.917,27.2,['Unknown%20significance'],0.96,0.0,0.0,-1.1,1.1
MYO6,6,75873233,NM_001368136.1:c.2010A>C,NP_001355065.1:p.Lys670Asn,0.785,24.0,['Unknown%20significance'],0.96,0.0,0.0,0.2,0.2
MYO6,6,75873234,NM_001368136.1:c.2011C>A,NP_001355065.1:p.Pro671Thr,0.901,23.4,['Unknown%20significance'],0.0,0.0,0.0,1.5,1.5
MYO6,6,75873237,NM_001368136.1:c.2014A>G,NP_001355065.1:p.Asn672Asp,0.924,27.3,['Unknown%20significance'],0.22,0.0,0.0,0.8,0.8
MYO6,6,75873243,NM_001368136.1:c.2020A>G,NP_001355065.1:p.Lys674Glu,0.707,25.4,['Unknown%20significance'],160.71,0.67,0.0,-0.2,0.2
MYO6,6,75873246,NM_001368136.1:c.2023A>T,NP_001355065.1:p.Met675Leu,0.698,24.2,['Unknown%20significance'],40.43,0.18,0.0,0.3,0.3
MYO6,6,75873252,NM_001368136.1:c.2029A>G,NP_001355065.1:p.Ser677Gly,0.134,20.5,['Unknown%20significance'],49.94,0.36,0.0,0.5,0.5
MYO6,6,75873253,NM_001368136.1:c.2030G>A,NP_001355065.1:p.Ser677Asn,0.296,19.12,['Unknown%20significance'],49.94,0.36,0.0,0.1,0.1
MYO6,6,75873253,NM_001368136.1:c.2030G>T,NP_001355065.1:p.Ser677Ile,0.652,23.8,['Unknown%20significance'],49.94,0.36,0.0,-0.4,0.4
MYO6,6,75873254,NM_001368136.1:c.2031C>A,NP_001355065.1:p.Ser677Arg,0.431,15.54,['Unknown%20significance'],49.94,0.36,0.0,-0.1,0.1
MYO6,6,75873257,NM_001368136.1:c.2034C>G,NP_001355065.1:p.His678Gln,0.608,21.6,['Unknown%20significance'],106.9,0.52,0.0,0.2,0.2
MYO6,6,75873259,NM_001368136.1:c.2036A>G,NP_001355065.1:p.His679Arg,0.261,21.3,['Unknown%20significance'],72.6,0.35,0.0,-0.2,0.2
MYO6,6,75873260,NM_001368136.1:c.2037C>G,NP_001355065.1:p.His679Gln,0.216,17.67,['Unknown%20significance'],72.6,0.35,0.0,0.2,0.2
MYO6,6,75873261,NM_001368136.1:c.2038T>C,NP_001355065.1:p.Phe680Leu,0.855,28.1,['Unknown%20significance'],14.59,0.06,0.0,1.4,1.4
MYO6,6,75873262,NM_001368136.1:c.2039T>C,NP_001355065.1:p.Phe680Ser,0.934,30,['Unknown%20significance'],14.59,0.06,0.0,3.9,3.9
MYO6,6,75873263,NM_001368136.1:c.2040T>G,NP_001355065.1:p.Phe680Leu,0.627,23.0,['Unknown%20significance'],14.59,0.06,0.0,1.4,1.4
MYO6,6,75873265,NM_001368136.1:c.2042A>G,NP_001355065.1:p.Glu681Gly,0.953,29.0,['Unknown%20significance'],16.99,0.08,0.0,1.2,1.2
MYO6,6,75873268,NM_001368136.1:c.2045G>A,NP_001355065.1:p.Gly682Asp,0.812,27.7,['Unknown%20significance'],0.0,0.0,0.0,-0.1,0.1
MYO6,6,75873268,NM_001368136.1:c.2045G>T,NP_001355065.1:p.Gly682Val,0.874,27.6,['Unknown%20significance'],0.0,0.0,0.0,-1.9,1.9
MYO6,6,75873273,NM_001368136.1:c.2050C>G,NP_001355065.1:p.Gln684Glu,0.594,22.4,['Unknown%20significance'],10.98,0.05,0.0,0.6,0.6
MYO6,6,75873275,NM_001368136.1:c.2052A>C,NP_001355065.1:p.Gln684His,0.616,10.26,['Unknown%20significance'],10.98,0.05,0.0,-0.2,0.2
MYO6,6,75873283,NM_001368136.1:c.2060C>G,NP_001355065.1:p.Ser687Cys,0.732,26.9,['Unknown%20significance'],0.04,0.0,0.0,-0.6,0.6
MYO6,6,75873283,NM_001368136.1:c.2060C>T,NP_001355065.1:p.Ser687Phe,0.780,27.9,['Unknown%20significance'],0.04,0.0,0.0,-1.9,1.9
MYO6,6,75873286,NM_001368136.1:c.2063A>T,NP_001355065.1:p.Gln688Leu,0.951,28.8,['Unknown%20significance'],2.14,0.01,0.0,-0.2,0.2
MYO6,6,75873292,NM_001368136.1:c.2069A>C,NP_001355065.1:p.Gln690Pro,0.940,27.3,['Unknown%20significance'],26.18,0.13,0.0,1.0,1.0
MYO6,6,75873292,NM_001368136.1:c.2069A>G,NP_001355065.1:p.Gln690Arg,0.676,24.5,['Unknown%20significance'],26.18,0.13,0.0,-0.6,0.6
MYO6,6,75873297,NM_001368136.1:c.2074T>C,NP_001355065.1:p.Ser692Pro,0.798,28.4,['Unknown%20significance'],2.16,0.01,0.0,0.3,0.3
MYO6,6,75873298,NM_001368136.1:c.2075C>T,NP_001355065.1:p.Ser692Leu,0.616,34,['Unknown%20significance'],2.16,0.01,0.0,-1.8,1.8
MYO6,6,75873300,NM_001368136.1:c.2077G>A,NP_001355065.1:p.Gly693Arg,0.974,36,['Unknown%20significance'],4.26,0.04,0.0,0.5,0.5
MYO6,6,75879822,NM_001368136.1:c.2080A>T,NP_001355065.1:p.Met694Leu,0.473,26.3,['Unknown%20significance'],0.0,0.0,0.0,-0.8,0.8
MYO6,6,75879825,NM_001368136.1:c.2083G>A,NP_001355065.1:p.Val695Met,0.619,29.3,['Unknown%20significance'],18.34,0.1,0.0,-0.0,0.0
MYO6,6,75879825,NM_001368136.1:c.2083G>T,NP_001355065.1:p.Val695Leu,0.610,25.1,['Unknown%20significance'],18.34,0.1,0.0,-1.0,1.0
MYO6,6,75879831,NM_001368136.1:c.2089G>A,NP_001355065.1:p.Val697Ile,0.527,26.4,['Unknown%20significance'],0.0,0.0,0.0,-0.1,0.1
MYO6,6,75879840,NM_001368136.1:c.2098T>A,NP_001355065.1:p.Leu700Met,0.753,23.0,['Unknown%20significance'],0.0,0.0,0.0,0.7,0.7
MYO6,6,75879843,NM_001368136.1:c.2101A>G,NP_001355065.1:p.Met701Val,0.674,23.3,['Unknown%20significance'],1.34,0.0,0.0,0.1,0.1
MYO6,6,75879843,NM_001368136.1:c.2101A>T,NP_001355065.1:p.Met701Leu,0.497,25.3,['Unknown%20significance'],1.34,0.0,0.0,-0.2,0.2
MYO6,6,75879844,NM_001368136.1:c.2102T>G,NP_001355065.1:p.Met701Arg,0.522,23.9,['Unknown%20significance'],1.34,0.0,0.0,0.4,0.4
MYO6,6,75879845,NM_001368136.1:c.2103G>A,NP_001355065.1:p.Met701Ile,0.564,24.1,['Unknown%20significance'],1.34,0.0,0.0,-0.2,0.2
MYO6,6,75879847,NM_001368136.1:c.2105A>T,NP_001355065.1:p.Gln702Leu,0.694,26.5,['Unknown%20significance'],43.0,0.21,0.0,-0.4,0.4
MYO6,6,75879849,NM_001368136.1:c.2107G>A,NP_001355065.1:p.Gly703Ser,0.515,24.8,['Unknown%20significance'],23.41,0.24,0.0,-0.5,0.5
MYO6,6,75879849,NM_001368136.1:c.2107G>C,NP_001355065.1:p.Gly703Arg,0.609,25.0,['Unknown%20significance'],23.41,0.24,0.0,-0.8,0.8
MYO6,6,75879850,NM_001368136.1:c.2108G>A,NP_001355065.1:p.Gly703Asp,0.618,24.3,['Unknown%20significance'],23.41,0.24,0.0,-0.4,0.4
MYO6,6,75879852,NM_001368136.1:c.2110G>C,NP_001355065.1:p.Gly704Arg,0.913,27.0,['Unknown%20significance'],0.0,0.0,0.0,0.8,0.8
MYO6,6,75879853,NM_001368136.1:c.2111G>A,NP_001355065.1:p.Gly704Asp,0.917,27.0,['Pathogenic'],0.0,0.0,0.0,1.4,1.4
MYO6,6,75879859,NM_001368136.1:c.2117C>T,NP_001355065.1:p.Pro706Leu,0.892,25.3,['Unknown%20significance'],15.19,0.09,0.0,0.5,0.5
MYO6,6,75879865,NM_001368136.1:c.2123G>A,NP_001355065.1:p.Arg708Gln,0.909,28.4,['Unknown%20significance'],65.28,0.24,0.0,0.8,0.8
MYO6,6,75879868,NM_001368136.1:c.2126C>A,NP_001355065.1:p.Ala709Asp,0.654,25.5,['Unknown%20significance'],5.0,0.03,0.0,0.9,0.9
MYO6,6,75879868,NM_001368136.1:c.2126C>T,NP_001355065.1:p.Ala709Val,0.360,23.7,['Unknown%20significance'],5.0,0.03,0.0,-1.7,1.7
MYO6,6,75879871,NM_001368136.1:c.2129C>T,NP_001355065.1:p.Ser710Leu,0.232,23.7,['Unknown%20significance'],20.64,0.14,0.0,-0.9,0.9
MYO6,6,75879875,NM_001368136.1:c.2133T>G,NP_001355065.1:p.Phe711Leu,0.874,23.8,['Unknown%20significance'],10.37,0.04,0.0,1.5,1.5
MYO6,6,75879876,NM_001368136.1:c.2134C>T,NP_001355065.1:p.His712Tyr,0.635,23.6,['Unknown%20significance'],121.3,0.59,0.0,-0.2,0.2
MYO6,6,75879877,NM_001368136.1:c.2135A>G,NP_001355065.1:p.His712Arg,0.659,23.2,['Unknown%20significance'],121.3,0.59,0.0,-0.1,0.1
MYO6,6,75879882,NM_001368136.1:c.2140C>T,NP_001355065.1:p.Leu714Phe,0.416,25.3,['Unknown%20significance'],0.0,0.0,0.0,-2.0,2.0
MYO6,6,75879885,NM_001368136.1:c.2143T>G,NP_001355065.1:p.Tyr715Asp,0.839,28.4,['Unknown%20significance'],23.12,0.09,0.0,2.9,2.9
MYO6,6,75879886,NM_001368136.1:c.2144A>G,NP_001355065.1:p.Tyr715Cys,0.733,28.8,['Unknown%20significance'],23.12,0.09,0.0,1.8,1.8
MYO6,6,75879891,NM_001368136.1:c.2149A>G,NP_001355065.1:p.Met717Val,0.734,23.2,['Unknown%20significance'],47.27,0.21,0.0,0.2,0.2
MYO6,6,75879893,NM_001368136.1:c.2151G>T,NP_001355065.1:p.Met717Ile,0.569,23.6,['Unknown%20significance'],47.27,0.21,0.0,-0.1,0.1
MYO6,6,75879894,NM_001368136.1:c.2152T>C,NP_001355065.1:p.Tyr718His,0.948,28.1,['Unknown%20significance'],0.0,0.0,0.0,3.0,3.0
MYO6,6,75879895,NM_001368136.1:c.2153A>G,NP_001355065.1:p.Tyr718Cys,0.953,29.0,['Unknown%20significance'],0.0,0.0,0.0,4.1,4.1
MYO6,6,75879898,NM_001368136.1:c.2156A>C,NP_001355065.1:p.Lys719Thr,0.752,24.3,['Unknown%20significance'],117.38,0.49,0.0,-0.2,0.2
MYO6,6,75879898,NM_001368136.1:c.2156A>G,NP_001355065.1:p.Lys719Arg,0.558,23.0,['Unknown%20significance'],117.38,0.49,0.0,-0.5,0.5
MYO6,6,75879901,NM_001368136.1:c.2159A>G,NP_001355065.1:p.Lys720Arg,0.247,22.3,['Unknown%20significance'],183.84,0.77,0.0,-0.2,0.2
MYO6,6,75879901,NM_001368136.1:c.2159A>T,NP_001355065.1:p.Lys720Met,0.516,23.4,['Unknown%20significance'],183.84,0.77,0.0,-0.6,0.6
MYO6,6,75879902,NM_001368136.1:c.2160G>C,NP_001355065.1:p.Lys720Asn,0.261,18.26,['Unknown%20significance'],183.84,0.77,0.0,-0.1,0.1
MYO6,6,75879903,NM_001368136.1:c.2161T>A,NP_001355065.1:p.Tyr721Asn,0.931,25.3,['Unknown%20significance'],52.74,0.21,0.0,2.1,2.1
MYO6,6,75879903,NM_001368136.1:c.2161T>C,NP_001355065.1:p.Tyr721His,0.877,25.0,['Unknown%20significance'],52.74,0.21,0.0,1.4,1.4
MYO6,6,75879904,NM_001368136.1:c.2162A>G,NP_001355065.1:p.Tyr721Cys,0.857,26.5,['Unknown%20significance'],52.74,0.21,0.0,1.1,1.1
MYO6,6,75879906,NM_001368136.1:c.2164A>G,NP_001355065.1:p.Met722Val,0.200,22.6,['Unknown%20significance'],20.74,0.09,0.0,-0.2,0.2
MYO6,6,75879906,NM_001368136.1:c.2164A>T,NP_001355065.1:p.Met722Leu,0.113,16.26,['Likely%20benign'],20.74,0.09,0.0,-0.6,0.6
MYO6,6,75879907,NM_001368136.1:c.2165T>C,NP_001355065.1:p.Met722Thr,0.427,23.6,['Unknown%20significance'],20.74,0.09,0.0,1.2,1.2
MYO6,6,75879908,NM_001368136.1:c.2166G>A,NP_001355065.1:p.Met722Ile,0.214,23.9,['Unknown%20significance'],20.74,0.09,0.0,-0.3,0.3
MYO6,6,75879909,NM_001368136.1:c.2167C>A,NP_001355065.1:p.Pro723Thr,0.802,25.1,['Unknown%20significance'],79.02,0.5,0.0,0.2,0.2
MYO6,6,75879910,NM_001368136.1:c.2168C>T,NP_001355065.1:p.Pro723Leu,0.825,27.8,['Unknown%20significance'],79.02,0.5,0.0,-0.3,0.3
MYO6,6,75879912,NM_001368136.1:c.2170G>C,NP_001355065.1:p.Asp724His,0.228,22.7,['Likely%20benign'],113.07,0.7,0.0,-0.3,0.3
MYO6,6,75879913,NM_001368136.1:c.2171A>G,NP_001355065.1:p.Asp724Gly,0.150,24.3,['Likely%20benign'],113.07,0.7,0.0,0.1,0.1
MYO6,6,75879915,NM_001368136.1:c.2173A>G,NP_001355065.1:p.Lys725Glu,0.592,24.3,['Unknown%20significance'],160.92,0.67,0.0,-0.1,0.1
MYO6,6,75879918,NM_001368136.1:c.2176C>T,NP_001355065.1:p.Leu726Phe,0.604,24.7,['Unknown%20significance'],3.91,0.02,0.0,0.0,0.0
MYO6,6,75879922,NM_001368136.1:c.2180C>G,NP_001355065.1:p.Ala727Gly,0.166,23.5,['Unknown%20significance'],28.36,0.22,0.0,0.8,0.8
MYO6,6,75879925,NM_001368136.1:c.2183G>A,NP_001355065.1:p.Arg728Lys,0.502,24.6,['Unknown%20significance'],221.92,0.82,0.0,0.2,0.2
MYO6,6,75879926,NM_001368136.1:c.2184A>T,NP_001355065.1:p.Arg728Ser,0.620,22.8,['Unknown%20significance'],221.92,0.82,0.0,0.2,0.2
MYO6,6,75879927,NM_001368136.1:c.2185T>G,NP_001355065.1:p.Leu729Val,0.463,22.1,['Unknown%20significance'],11.15,0.05,0.0,0.3,0.3
MYO6,6,75879931,NM_001368136.1:c.2189A>G,NP_001355065.1:p.Asp730Gly,0.791,25.7,['Unknown%20significance'],86.32,0.53,0.0,0.6,0.6
MYO6,6,75879931,NM_001368136.1:c.2189A>T,NP_001355065.1:p.Asp730Val,0.872,28.7,['Unknown%20significance'],86.32,0.53,0.0,0.1,0.1
MYO6,6,75879933,NM_001368136.1:c.2191C>G,NP_001355065.1:p.Pro731Ala,0.415,25.1,['Unknown%20significance'],23.08,0.14,0.0,0.0,0.0
MYO6,6,75879933,NM_001368136.1:c.2191C>T,NP_001355065.1:p.Pro731Ser,0.609,24.2,['Unknown%20significance'],23.08,0.14,0.0,0.1,0.1
MYO6,6,75879934,NM_001368136.1:c.2192C>T,NP_001355065.1:p.Pro731Leu,0.609,28.2,['Unknown%20significance'],23.08,0.14,0.0,-0.6,0.6
MYO6,6,75879936,NM_001368136.1:c.2194A>G,NP_001355065.1:p.Arg732Gly,0.838,25.7,['Unknown%20significance'],109.57,0.4,0.0,1.4,1.4
MYO6,6,75879945,NM_001368136.1:c.2203T>A,NP_001355065.1:p.Cys735Ser,0.721,24.7,['Unknown%20significance'],0.0,0.0,0.0,2.1,2.1
MYO6,6,75879946,NM_001368136.1:c.2204G>A,NP_001355065.1:p.Cys735Tyr,0.849,27.0,['Unknown%20significance'],0.0,0.0,0.0,0.3,0.3
MYO6,6,75879947,NM_001368136.1:c.2205T>G,NP_001355065.1:p.Cys735Trp,0.757,24.8,['Unknown%20significance'],0.0,0.0,0.0,0.4,0.4
MYO6,6,75879948,NM_001368136.1:c.2206A>G,NP_001355065.1:p.Lys736Glu,0.526,27.5,['Unknown%20significance'],89.71,0.37,0.0,-0.1,0.1
MYO6,6,75879949,NM_001368136.1:c.2207A>T,NP_001355065.1:p.Lys736Met,0.848,34,['Unknown%20significance'],89.71,0.37,0.0,-0.9,0.9
MYO6,6,75880052,NM_001368136.1:c.2218A>G,NP_001355065.1:p.Lys740Glu,0.441,28.0,['Unknown%20significance'],58.96,0.24,0.0,-0.1,0.1
MYO6,6,75880053,NM_001368136.1:c.2219A>C,NP_001355065.1:p.Lys740Thr,0.640,27.9,['Unknown%20significance'],58.96,0.24,0.0,-0.4,0.4
MYO6,6,75880055,NM_001368136.1:c.2221G>A,NP_001355065.1:p.Ala741Thr,0.742,29.3,['Unknown%20significance'],21.23,0.16,0.0,0.1,0.1
MYO6,6,75880055,NM_001368136.1:c.2221G>T,NP_001355065.1:p.Ala741Ser,0.532,24.8,['Unknown%20significance'],21.23,0.16,0.0,0.4,0.4
MYO6,6,75880061,NM_001368136.1:c.2227G>A,NP_001355065.1:p.Gly743Ser,0.710,29.2,['Unknown%20significance'],67.68,0.7,0.0,-0.1,0.1
MYO6,6,75880072,NM_001368136.1:c.2238A>T,NP_001355065.1:p.Glu746Asp,0.103,18.17,['Likely%20benign'],117.75,0.6,0.0,0.1,0.1
MYO6,6,75880076,NM_001368136.1:c.2242G>A,NP_001355065.1:p.Asp748Asn,0.450,31,['Unknown%20significance'],17.83,0.11,0.0,-0.1,0.1
MYO6,6,75880079,NM_001368136.1:c.2245T>G,NP_001355065.1:p.Tyr749Asp,0.910,28.4,['Unknown%20significance'],2.27,0.0,0.0,4.8,4.8
MYO6,6,75880080,NM_001368136.1:c.2246A>C,NP_001355065.1:p.Tyr749Ser,0.890,27.2,['Unknown%20significance'],2.27,0.0,0.0,4.4,4.4
MYO6,6,75880080,NM_001368136.1:c.2246A>G,NP_001355065.1:p.Tyr749Cys,0.858,27.8,['Unknown%20significance'],2.27,0.0,0.0,3.2,3.2
MYO6,6,75880083,NM_001368136.1:c.2249A>C,NP_001355065.1:p.Lys750Thr,0.902,27.0,['Unknown%20significance'],93.98,0.39,0.0,-0.1,0.1
MYO6,6,75880087,NM_001368136.1:c.2253T>G,NP_001355065.1:p.Phe751Leu,0.759,25.4,['Unknown%20significance'],31.35,0.13,0.0,0.1,0.1
MYO6,6,75880088,NM_001368136.1:c.2254G>A,NP_001355065.1:p.Gly752Arg,0.967,29.5,['Unknown%20significance'],0.75,0.0,0.0,0.9,0.9
MYO6,6,75880089,NM_001368136.1:c.2255G>T,NP_001355065.1:p.Gly752Val,0.976,26.5,['Unknown%20significance'],0.75,0.0,0.0,0.4,0.4
MYO6,6,75880097,NM_001368136.1:c.2263A>G,NP_001355065.1:p.Lys755Glu,0.858,24.1,['Unknown%20significance'],72.23,0.3,0.0,0.1,0.1
MYO6,6,75880100,NM_001368136.1:c.2266G>A,NP_001355065.1:p.Val756Ile,0.470,24.4,['Unknown%20significance'],0.0,0.0,0.0,-0.0,0.0
MYO6,6,75880101,NM_001368136.1:c.2267T>A,NP_001355065.1:p.Val756Glu,0.964,29.1,['Unknown%20significance'],0.0,0.0,0.0,4.4,4.4
MYO6,6,75880103,NM_001368136.1:c.2269T>G,NP_001355065.1:p.Phe757Val,0.952,29.5,['Unknown%20significance'],0.0,0.0,0.0,3.1,3.1
MYO6,6,75880108,NM_001368136.1:c.2274T>G,NP_001355065.1:p.Phe758Leu,0.440,26.0,['Unknown%20significance'],0.0,0.0,0.0,0.5,0.5
MYO6,6,75880109,NM_001368136.1:c.2275A>G,NP_001355065.1:p.Arg759Gly,0.868,26.5,['Unknown%20significance'],52.24,0.19,0.0,2.3,2.3
MYO6,6,75880113,NM_001368136.1:c.2279C>A,NP_001355065.1:p.Pro760His,0.528,26.8,['Unknown%20significance'],9.97,0.06,0.0,-0.6,0.6
MYO6,6,75880115,NM_001368136.1:c.2281G>A,NP_001355065.1:p.Gly761Ser,0.695,29.6,['Unknown%20significance'],26.53,0.27,0.0,0.3,0.3
MYO6,6,75880116,NM_001368136.1:c.2282G>A,NP_001355065.1:p.Gly761Asp,0.739,27.0,['Unknown%20significance'],26.53,0.27,0.0,0.5,0.5
MYO6,6,75880118,NM_001368136.1:c.2284A>G,NP_001355065.1:p.Lys762Glu,0.755,31,['Unknown%20significance'],56.01,0.23,0.0,0.0,0.0
MYO6,6,75881695,NM_001368136.1:c.2293G>A,NP_001355065.1:p.Glu765Lys,0.836,32,['Unknown%20significance'],30.53,0.15,0.0,-0.3,0.3
MYO6,6,75881697,NM_001368136.1:c.2295A>C,NP_001355065.1:p.Glu765Asp,0.603,24.5,['Unknown%20significance'],30.53,0.15,0.0,0.4,0.4
MYO6,6,75881701,NM_001368136.1:c.2299G>T,NP_001355065.1:p.Asp767Tyr,0.833,32,['Unknown%20significance'],8.8,0.05,0.0,-1.0,1.0
MYO6,6,75881702,NM_001368136.1:c.2300A>G,NP_001355065.1:p.Asp767Gly,0.867,31,['Unknown%20significance'],8.8,0.05,0.0,1.4,1.4
MYO6,6,75881704,NM_001368136.1:c.2302C>A,NP_001355065.1:p.Gln768Lys,0.322,24.1,['Unknown%20significance'],82.21,0.41,0.0,0.3,0.3
MYO6,6,75881705,NM_001368136.1:c.2303A>G,NP_001355065.1:p.Gln768Arg,0.313,24.6,['Unknown%20significance'],82.21,0.41,0.0,-0.3,0.3
MYO6,6,75881709,NM_001368136.1:c.2307C>G,NP_001355065.1:p.Ile769Met,0.379,21.1,['Unknown%20significance'],0.0,0.0,0.0,0.8,0.8
MYO6,6,75881710,NM_001368136.1:c.2308A>G,NP_001355065.1:p.Met770Val,0.759,25.2,['Unknown%20significance'],5.38,0.02,0.0,0.3,0.3
MYO6,6,75881711,NM_001368136.1:c.2309T>C,NP_001355065.1:p.Met770Thr,0.780,26.1,['Unknown%20significance'],5.38,0.02,0.0,1.0,1.0
MYO6,6,75881712,NM_001368136.1:c.2310G>A,NP_001355065.1:p.Met770Ile,0.704,29.8,['Unknown%20significance'],5.38,0.02,0.0,-0.1,0.1
MYO6,6,75881716,NM_001368136.1:c.2314T>G,NP_001355065.1:p.Ser772Ala,0.332,24.7,['Unknown%20significance'],44.35,0.32,0.0,0.0,0.0
MYO6,6,75881717,NM_001368136.1:c.2315C>T,NP_001355065.1:p.Ser772Phe,0.625,27.0,['Unknown%20significance'],44.35,0.32,0.0,-0.4,0.4
MYO6,6,75881722,NM_001368136.1:c.2320C>A,NP_001355065.1:p.Pro774Thr,0.638,25.0,['Unknown%20significance'],71.51,0.45,0.0,-0.3,0.3
MYO6,6,75881725,NM_001368136.1:c.2323G>A,NP_001355065.1:p.Asp775Asn,0.305,27.9,['Unknown%20significance'],127.79,0.79,0.0,-0.0,0.0
MYO6,6,75881725,NM_001368136.1:c.2323G>C,NP_001355065.1:p.Asp775His,0.460,26.5,['Unknown%20significance'],127.79,0.79,0.0,-0.2,0.2
MYO6,6,75881726,NM_001368136.1:c.2324A>C,NP_001355065.1:p.Asp775Ala,0.550,27.8,['Unknown%20significance'],127.79,0.79,0.0,-0.0,0.0
MYO6,6,75881726,NM_001368136.1:c.2324A>G,NP_001355065.1:p.Asp775Gly,0.609,28.0,['Unknown%20significance'],127.79,0.79,0.0,0.2,0.2
MYO6,6,75881726,NM_001368136.1:c.2324A>T,NP_001355065.1:p.Asp775Val,0.742,28.4,['Unknown%20significance'],127.79,0.79,0.0,-0.2,0.2
MYO6,6,75881728,NM_001368136.1:c.2326C>T,NP_001355065.1:p.His776Tyr,0.616,25.2,['Unknown%20significance'],39.52,0.19,0.0,-0.7,0.7
MYO6,6,75881731,NM_001368136.1:c.2329T>G,NP_001355065.1:p.Leu777Val,0.583,24.0,['Unknown%20significance'],2.18,0.01,0.0,0.7,0.7
MYO6,6,75881742,NM_001368136.1:c.2340G>C,NP_001355065.1:p.Leu780Phe,0.545,25.0,['Unknown%20significance'],0.6,0.0,0.0,0.5,0.5
MYO6,6,75881744,NM_001368136.1:c.2342T>A,NP_001355065.1:p.Val781Asp,0.860,27.7,['Unknown%20significance'],2.84,0.01,0.0,3.3,3.3
MYO6,6,75881744,NM_001368136.1:c.2342T>G,NP_001355065.1:p.Val781Gly,0.833,28.2,['Unknown%20significance'],2.84,0.01,0.0,3.8,3.8
MYO6,6,75881747,NM_001368136.1:c.2345A>C,NP_001355065.1:p.Lys782Thr,0.418,22.7,['Unknown%20significance'],172.81,0.73,0.0,-0.2,0.2
MYO6,6,75881747,NM_001368136.1:c.2345A>G,NP_001355065.1:p.Lys782Arg,0.126,22.6,['Unknown%20significance'],172.81,0.73,0.0,-0.2,0.2
MYO6,6,75881750,NM_001368136.1:c.2348G>T,NP_001355065.1:p.Arg783Ile,0.435,23.5,['Unknown%20significance'],106.72,0.39,0.0,-0.5,0.5
MYO6,6,75881755,NM_001368136.1:c.2353A>T,NP_001355065.1:p.Asn785Tyr,0.701,27.2,['Unknown%20significance'],63.84,0.39,0.0,-0.9,0.9
MYO6,6,75881756,NM_001368136.1:c.2354A>G,NP_001355065.1:p.Asn785Ser,0.275,23.2,['Unknown%20significance'],63.84,0.39,0.0,0.0,0.0
MYO6,6,75881758,NM_001368136.1:c.2356C>T,NP_001355065.1:p.His786Tyr,0.143,22.2,['Unknown%20significance'],133.06,0.64,0.0,-0.3,0.3
MYO6,6,75881759,NM_001368136.1:c.2357A>G,NP_001355065.1:p.His786Arg,0.152,19.22,['Unknown%20significance'],133.06,0.64,0.0,-0.0,0.0
MYO6,6,75881761,NM_001368136.1:c.2359T>C,NP_001355065.1:p.Trp787Arg,0.669,27.8,['Unknown%20significance'],71.17,0.27,0.0,2.0,2.0
MYO6,6,75881761,NM_001368136.1:c.2359T>G,NP_001355065.1:p.Trp787Gly,0.637,24.9,['Unknown%20significance'],71.17,0.27,0.0,3.0,3.0
MYO6,6,75881767,NM_001368136.1:c.2365A>G,NP_001355065.1:p.Thr789Ala,0.093,13.46,['Likely%20benign'],94.38,0.59,0.0,-0.1,0.1
MYO6,6,75881768,NM_001368136.1:c.2366C>T,NP_001355065.1:p.Thr789Ile,0.151,13.23,['Unknown%20significance'],94.38,0.59,0.0,-0.5,0.5
MYO6,6,75881770,NM_001368136.1:c.2368T>A,NP_001355065.1:p.Cys790Ser,0.326,19.07,['Unknown%20significance'],40.68,0.26,0.0,0.1,0.1
MYO6,6,75881770,NM_001368136.1:c.2368T>C,NP_001355065.1:p.Cys790Arg,0.235,21.2,['Unknown%20significance'],40.68,0.26,0.0,-0.7,0.7
MYO6,6,75881773,NM_001368136.1:c.2371A>G,NP_001355065.1:p.Ser791Gly,0.547,26.1,['Unknown%20significance'],28.49,0.2,0.0,0.5,0.5
MYO6,6,75881776,NM_001368136.1:c.2374C>A,NP_001355065.1:p.Arg792Ser,0.752,28.9,['Unknown%20significance'],117.23,0.43,0.0,0.6,0.6
MYO6,6,75881776,NM_001368136.1:c.2374C>G,NP_001355065.1:p.Arg792Gly,0.847,27.8,['Unknown%20significance'],117.23,0.43,0.0,1.0,1.0
MYO6,6,75881776,NM_001368136.1:c.2374C>T,NP_001355065.1:p.Arg792Cys,0.809,31,['Unknown%20significance'],117.23,0.43,0.0,0.7,0.7
MYO6,6,75881777,NM_001368136.1:c.2375G>A,NP_001355065.1:p.Arg792His,0.706,32,['Unknown%20significance'],117.23,0.43,0.0,0.2,0.2
MYO6,6,75881777,NM_001368136.1:c.2375G>T,NP_001355065.1:p.Arg792Leu,0.825,32,['Unknown%20significance'],117.23,0.43,0.0,-0.1,0.1
MYO6,6,75881779,NM_001368136.1:c.2377T>C,NP_001355065.1:p.Trp793Arg,0.873,29.9,['Unknown%20significance'],195.03,0.74,0.0,0.7,0.7
MYO6,6,75881780,NM_001368136.1:c.2378G>C,NP_001355065.1:p.Trp793Ser,0.787,32,['Unknown%20significance'],195.03,0.74,0.0,0.9,0.9
MYO6,6,75881782,NM_001368136.1:c.2380A>C,NP_001355065.1:p.Lys794Gln,0.426,29.7,['Unknown%20significance'],134.27,0.56,0.0,-0.4,0.4
MYO6,6,75881783,NM_001368136.1:c.2381A>G,NP_001355065.1:p.Lys794Arg,0.202,22.6,['Unknown%20significance'],134.27,0.56,0.0,-0.5,0.5
MYO6,6,75881785,NM_001368136.1:c.2383A>G,NP_001355065.1:p.Lys795Glu,0.641,29.0,['Unknown%20significance'],164.29,0.69,0.0,-0.1,0.1
MYO6,6,75881786,NM_001368136.1:c.2384A>G,NP_001355065.1:p.Lys795Arg,0.341,25.0,['Unknown%20significance'],164.29,0.69,0.0,-0.3,0.3
MYO6,6,75881788,NM_001368136.1:c.2386G>A,NP_001355065.1:p.Val796Ile,0.174,23.5,['Unknown%20significance'],92.82,0.53,0.0,-0.1,0.1
MYO6,6,75881788,NM_001368136.1:c.2386G>T,NP_001355065.1:p.Val796Phe,0.343,25.1,['Unknown%20significance'],92.82,0.53,0.0,-0.0,0.0
MYO6,6,75881791,NM_001368136.1:c.2389C>A,NP_001355065.1:p.Gln797Lys,0.400,25.9,['Unknown%20significance'],75.24,0.38,0.0,0.6,0.6
MYO6,6,75881796,NM_001368136.1:c.2394G>T,NP_001355065.1:p.Trp798Cys,0.826,32,['Unknown%20significance'],133.93,0.51,0.0,0.9,0.9
MYO6,6,75881800,NM_001368136.1:c.2398T>C,NP_001355065.1:p.Ser800Pro,0.694,24.2,['Unknown%20significance'],63.47,0.46,0.0,0.1,0.1
MYO6,6,75881801,NM_001368136.1:c.2399C>T,NP_001355065.1:p.Ser800Leu,0.503,25.6,['Unknown%20significance'],63.47,0.46,0.0,-0.9,0.9
MYO6,6,75881807,NM_001368136.1:c.2405C>T,NP_001355065.1:p.Ser802Leu,0.683,24.5,['Unknown%20significance'],59.79,0.43,0.0,-1.0,1.0
MYO6,6,75881810,NM_001368136.1:c.2408T>A,NP_001355065.1:p.Val803Asp,0.925,28.8,['Unknown%20significance'],97.86,0.56,0.0,1.1,1.1
MYO6,6,75881810,NM_001368136.1:c.2408T>C,NP_001355065.1:p.Val803Ala,0.753,24.9,['Unknown%20significance'],97.86,0.56,0.0,0.7,0.7
MYO6,6,75881812,NM_001368136.1:c.2410A>G,NP_001355065.1:p.Ile804Val,0.498,25.3,['Unknown%20significance'],96.2,0.49,0.0,0.2,0.2
MYO6,6,75881815,NM_001368136.1:c.2413A>G,NP_001355065.1:p.Lys805Glu,0.903,27.7,['Unknown%20significance'],137.28,0.57,0.0,-0.1,0.1
MYO6,6,75881816,NM_001368136.1:c.2414A>T,NP_001355065.1:p.Lys805Ile,0.884,33,['Unknown%20significance'],137.28,0.57,0.0,-0.6,0.6
MYO6,6,75886005,NM_001368136.1:c.2418G>T,NP_001355065.1:p.Leu806Phe,0.738,29.8,['Unknown%20significance'],105.82,0.54,0.0,0.0,0.0
MYO6,6,75886006,NM_001368136.1:c.2419A>C,NP_001355065.1:p.Lys807Gln,0.480,22.9,['Unknown%20significance'],133.32,0.56,0.0,-0.4,0.4
MYO6,6,75886006,NM_001368136.1:c.2419A>G,NP_001355065.1:p.Lys807Glu,0.528,24.2,['Unknown%20significance'],133.32,0.56,0.0,-0.3,0.3
MYO6,6,75886007,NM_001368136.1:c.2420A>G,NP_001355065.1:p.Lys807Arg,0.256,21.8,['Unknown%20significance'],133.32,0.56,0.0,-0.5,0.5
MYO6,6,75886010,NM_001368136.1:c.2423A>G,NP_001355065.1:p.Asn808Ser,0.613,25.8,['Unknown%20significance'],82.82,0.51,0.0,0.1,0.1
MYO6,6,75886011,NM_001368136.1:c.2424C>A,NP_001355065.1:p.Asn808Lys,0.571,23.4,['Unknown%20significance'],82.82,0.51,0.0,0.1,0.1
MYO6,6,75886015,NM_001368136.1:c.2428A>G,NP_001355065.1:p.Ile810Val,0.493,23.5,['Unknown%20significance'],107.92,0.55,0.0,0.2,0.2
MYO6,6,75886017,NM_001368136.1:c.2430A>G,NP_001355065.1:p.Ile810Met,0.291,21.4,['Unknown%20significance'],107.92,0.55,0.0,0.2,0.2
MYO6,6,75886022,NM_001368136.1:c.2435A>G,NP_001355065.1:p.Tyr812Cys,0.729,31,['Unknown%20significance'],172.78,0.72,0.0,0.6,0.6
MYO6,6,75886025,NM_001368136.1:c.2438G>A,NP_001355065.1:p.Arg813Gln,0.746,32,['Unknown%20significance'],161.75,0.6,0.0,0.2,0.2
MYO6,6,75886025,NM_001368136.1:c.2438G>C,NP_001355065.1:p.Arg813Pro,0.850,31,['Unknown%20significance'],161.75,0.6,0.0,0.6,0.6
MYO6,6,75886027,NM_001368136.1:c.2440G>T,NP_001355065.1:p.Ala814Ser,0.208,22.2,['Unknown%20significance'],50.05,0.39,0.0,0.1,0.1
MYO6,6,75886028,NM_001368136.1:c.2441C>A,NP_001355065.1:p.Ala814Asp,0.516,23.6,['Unknown%20significance'],50.05,0.39,0.0,0.2,0.2
MYO6,6,75886028,NM_001368136.1:c.2441C>T,NP_001355065.1:p.Ala814Val,0.395,22.3,['Unknown%20significance'],50.05,0.39,0.0,-0.4,0.4
MYO6,6,75886034,NM_001368136.1:c.2447C>T,NP_001355065.1:p.Ala816Val,0.638,24.3,['Unknown%20significance'],26.89,0.21,0.0,-0.3,0.3
MYO6,6,75886036,NM_001368136.1:c.2449T>A,NP_001355065.1:p.Cys817Ser,0.490,24.7,['Unknown%20significance'],57.92,0.37,0.0,0.6,0.6
MYO6,6,75886036,NM_001368136.1:c.2449T>C,NP_001355065.1:p.Cys817Arg,0.618,26.0,['Unknown%20significance'],57.92,0.37,0.0,0.5,0.5
MYO6,6,75886036,NM_001368136.1:c.2449T>G,NP_001355065.1:p.Cys817Gly,0.641,25.2,['Unknown%20significance'],57.92,0.37,0.0,1.2,1.2
MYO6,6,75886037,NM_001368136.1:c.2450G>A,NP_001355065.1:p.Cys817Tyr,0.434,24.8,['Unknown%20significance'],57.92,0.37,0.0,-0.5,0.5
MYO6,6,75886039,NM_001368136.1:c.2452A>G,NP_001355065.1:p.Ile818Val,0.031,16.50,['Unknown%20significance'],131.63,0.67,0.0,0.1,0.1
MYO6,6,75886042,NM_001368136.1:c.2455A>G,NP_001355065.1:p.Lys819Glu,0.218,19.78,['Unknown%20significance'],176.13,0.74,0.0,0.0,0.0
MYO6,6,75886043,NM_001368136.1:c.2456A>C,NP_001355065.1:p.Lys819Thr,0.112,19.40,['Unknown%20significance'],176.13,0.74,0.0,-0.3,0.3
MYO6,6,75886044,NM_001368136.1:c.2457A>C,NP_001355065.1:p.Lys819Asn,0.153,21.6,['Unknown%20significance'],176.13,0.74,0.0,-0.0,0.0
MYO6,6,75886045,NM_001368136.1:c.2458A>C,NP_001355065.1:p.Met820Leu,0.180,22.3,['Unknown%20significance'],110.47,0.51,0.0,-0.3,0.3
MYO6,6,75886047,NM_001368136.1:c.2460G>A,NP_001355065.1:p.Met820Ile,0.065,19.10,['Unknown%20significance'],110.47,0.51,0.0,-0.7,0.7
MYO6,6,75886049,NM_001368136.1:c.2462A>G,NP_001355065.1:p.Gln821Arg,0.932,26.7,['Unknown%20significance'],83.21,0.42,0.0,0.3,0.3
MYO6,6,75886051,NM_001368136.1:c.2464A>G,NP_001355065.1:p.Lys822Glu,0.666,28.1,['Unknown%20significance'],154.62,0.65,0.0,0.1,0.1
MYO6,6,75886052,NM_001368136.1:c.2465A>T,NP_001355065.1:p.Lys822Ile,0.773,31,['Unknown%20significance'],154.62,0.65,0.0,-0.4,0.4
MYO6,6,75886053,NM_001368136.1:c.2466A>T,NP_001355065.1:p.Lys822Asn,0.452,26.3,['Unknown%20significance'],154.62,0.65,0.0,0.0,0.0
MYO6,6,75886054,NM_001368136.1:c.2467A>G,NP_001355065.1:p.Thr823Ala,0.320,22.6,['Unknown%20significance'],82.13,0.52,0.0,0.2,0.2
MYO6,6,75886057,NM_001368136.1:c.2470A>C,NP_001355065.1:p.Ile824Leu,0.210,14.52,['Likely%20benign'],96.18,0.49,0.0,0.2,0.2
MYO6,6,75886058,NM_001368136.1:c.2471T>C,NP_001355065.1:p.Ile824Thr,0.304,22.8,['Unknown%20significance'],96.18,0.49,0.0,0.8,0.8
MYO6,6,75886059,NM_001368136.1:c.2472T>G,NP_001355065.1:p.Ile824Met,0.217,19.83,['Unknown%20significance'],96.18,0.49,0.0,0.4,0.4
MYO6,6,75886061,NM_001368136.1:c.2474G>A,NP_001355065.1:p.Arg825Gln,0.802,32,['Unknown%20significance'],185.06,0.68,0.0,0.3,0.3
MYO6,6,75886063,NM_001368136.1:c.2476A>T,NP_001355065.1:p.Met826Leu,0.467,23.9,['Unknown%20significance'],90.27,0.41,0.0,-0.1,0.1
MYO6,6,75886065,NM_001368136.1:c.2478G>A,NP_001355065.1:p.Met826Ile,0.573,24.4,['Unknown%20significance'],90.27,0.41,0.0,-0.0,0.0
MYO6,6,75886069,NM_001368136.1:c.2482C>A,NP_001355065.1:p.Leu828Ile,0.297,23.5,['Unknown%20significance'],94.35,0.48,0.0,0.2,0.2
MYO6,6,75886069,NM_001368136.1:c.2482C>T,NP_001355065.1:p.Leu828Phe,0.543,25.6,['Unknown%20significance'],94.35,0.48,0.0,0.3,0.3
MYO6,6,75886074,NM_001368136.1:c.2487C>G,NP_001355065.1:p.Cys829Trp,0.549,25.9,['Unknown%20significance'],68.78,0.44,0.0,-0.6,0.6
MYO6,6,75886075,NM_001368136.1:c.2488A>C,NP_001355065.1:p.Lys830Gln,0.344,23.1,['Unknown%20significance'],119.35,0.5,0.0,-0.4,0.4
MYO6,6,75886075,NM_001368136.1:c.2488A>G,NP_001355065.1:p.Lys830Glu,0.401,24.6,['Unknown%20significance'],119.35,0.5,0.0,-0.2,0.2
MYO6,6,75886076,NM_001368136.1:c.2489A>G,NP_001355065.1:p.Lys830Arg,0.075,20.2,['Unknown%20significance'],119.35,0.5,0.0,-0.6,0.6
MYO6,6,75886080,NM_001368136.1:c.2493G>C,NP_001355065.1:p.Arg831Ser,0.434,23.6,['Unknown%20significance'],159.21,0.59,0.0,0.5,0.5
MYO6,6,75886082,NM_001368136.1:c.2495G>A,NP_001355065.1:p.Arg832Lys,0.141,20.9,['Unknown%20significance'],181.4,0.67,0.0,0.4,0.4
MYO6,6,75886084,NM_001368136.1:c.2497C>A,NP_001355065.1:p.His833Asn,0.565,25.6,['Unknown%20significance'],46.61,0.22,0.0,0.8,0.8
MYO6,6,75886084,NM_001368136.1:c.2497C>G,NP_001355065.1:p.His833Asp,0.697,26.2,['Unknown%20significance'],46.61,0.22,0.0,0.9,0.9
MYO6,6,75886084,NM_001368136.1:c.2497C>T,NP_001355065.1:p.His833Tyr,0.484,23.7,['Unknown%20significance'],46.61,0.22,0.0,-1.6,1.6
MYO6,6,75886086,NM_001368136.1:c.2499C>A,NP_001355065.1:p.His833Gln,0.530,23.7,['Unknown%20significance'],46.61,0.22,0.0,0.4,0.4
MYO6,6,75886086,NM_001368136.1:c.2499C>G,NP_001355065.1:p.His833Gln,0.530,23.8,['Unknown%20significance'],46.61,0.22,0.0,0.4,0.4
MYO6,6,75886090,NM_001368136.1:c.2503C>A,NP_001355065.1:p.Pro835Thr,0.650,25.2,['Unknown%20significance'],22.48,0.14,0.0,-0.1,0.1
MYO6,6,75886090,NM_001368136.1:c.2503C>T,NP_001355065.1:p.Pro835Ser,0.675,25.7,['Unknown%20significance'],22.48,0.14,0.0,0.3,0.3
MYO6,6,75886091,NM_001368136.1:c.2504C>A,NP_001355065.1:p.Pro835His,0.761,25.9,['Unknown%20significance'],22.48,0.14,0.0,-0.3,0.3
MYO6,6,75886091,NM_001368136.1:c.2504C>T,NP_001355065.1:p.Pro835Leu,0.732,26.5,['Unknown%20significance'],22.48,0.14,0.0,-1.0,1.0
MYO6,6,75886093,NM_001368136.1:c.2506C>A,NP_001355065.1:p.Arg836Ser,0.888,33,['Unknown%20significance'],43.83,0.16,0.0,1.1,1.1
MYO6,6,75886093,NM_001368136.1:c.2506C>G,NP_001355065.1:p.Arg836Gly,0.905,33,['Unknown%20significance'],43.83,0.16,0.0,1.7,1.7
MYO6,6,75886093,NM_001368136.1:c.2506C>T,NP_001355065.1:p.Arg836Cys,0.836,33,['Unknown%20significance'],43.83,0.16,0.0,0.7,0.7
MYO6,6,75886094,NM_001368136.1:c.2507G>A,NP_001355065.1:p.Arg836His,0.812,36,['Pathogenic'],43.83,0.16,0.0,0.4,0.4
MYO6,6,75886094,NM_001368136.1:c.2507G>C,NP_001355065.1:p.Arg836Pro,0.900,36,['Unknown%20significance'],43.83,0.16,0.0,1.2,1.2
MYO6,6,75886845,NM_001368136.1:c.2509A>G,NP_001355065.1:p.Ile837Val,0.430,23.5,['Unknown%20significance'],78.7,0.4,0.0,0.2,0.2
MYO6,6,75886846,NM_001368136.1:c.2510T>C,NP_001355065.1:p.Ile837Thr,0.772,25.3,['Unknown%20significance'],78.7,0.4,0.0,1.0,1.0
MYO6,6,75886849,NM_001368136.1:c.2513A>G,NP_001355065.1:p.Asp838Gly,0.559,22.7,['Unknown%20significance'],38.66,0.24,0.0,0.3,0.3
MYO6,6,75886849,NM_001368136.1:c.2513A>T,NP_001355065.1:p.Asp838Val,0.752,24.0,['Unknown%20significance'],38.66,0.24,0.0,-1.1,1.1
MYO6,6,75886851,NM_001368136.1:c.2515G>A,NP_001355065.1:p.Gly839Ser,0.735,24.7,['Unknown%20significance'],0.0,0.0,0.0,-0.5,0.5
MYO6,6,75886851,NM_001368136.1:c.2515G>C,NP_001355065.1:p.Gly839Arg,0.876,24.8,['Unknown%20significance'],0.0,0.0,0.0,-1.0,1.0
MYO6,6,75886852,NM_001368136.1:c.2516G>A,NP_001355065.1:p.Gly839Asp,0.888,23.8,['Unknown%20significance'],0.0,0.0,0.0,-0.0,0.0
MYO6,6,75886852,NM_001368136.1:c.2516G>T,NP_001355065.1:p.Gly839Val,0.870,23.5,['Unknown%20significance'],0.0,0.0,0.0,-2.4,2.4
MYO6,6,75886854,NM_001368136.1:c.2518C>G,NP_001355065.1:p.Leu840Val,0.306,15.68,['Unknown%20significance'],45.18,0.23,0.0,0.4,0.4
MYO6,6,75886857,NM_001368136.1:c.2521G>A,NP_001355065.1:p.Val841Ile,0.248,18.64,['Unknown%20significance'],107.98,0.62,0.0,-0.1,0.1
MYO6,6,75886857,NM_001368136.1:c.2521G>C,NP_001355065.1:p.Val841Leu,0.234,18.53,['Unknown%20significance'],107.98,0.62,0.0,-0.1,0.1
MYO6,6,75886857,NM_001368136.1:c.2521G>T,NP_001355065.1:p.Val841Phe,0.522,21.7,['Unknown%20significance'],107.98,0.62,0.0,0.1,0.1
MYO6,6,75886861,NM_001368136.1:c.2525A>T,NP_001355065.1:p.Lys842Met,0.821,26.6,['Unknown%20significance'],61.29,0.25,0.0,-0.9,0.9
MYO6,6,75886863,NM_001368136.1:c.2527G>A,NP_001355065.1:p.Val843Met,0.538,26.8,['Unknown%20significance'],0.0,0.0,0.0,0.9,0.9
MYO6,6,75886863,NM_001368136.1:c.2527G>T,NP_001355065.1:p.Val843Leu,0.333,22.7,['Unknown%20significance'],0.0,0.0,0.0,0.1,0.1
MYO6,6,75886867,NM_001368136.1:c.2531G>A,NP_001355065.1:p.Gly844Asp,0.257,19.66,['Unknown%20significance'],9.21,0.09,0.0,-0.3,0.3
MYO6,6,75886870,NM_001368136.1:c.2534C>T,NP_001355065.1:p.Thr845Ile,0.481,22.8,['Benign'],46.31,0.29,0.0,-0.6,0.6
MYO6,6,75886875,NM_001368136.1:c.2539A>C,NP_001355065.1:p.Lys847Gln,0.478,23.8,['Unknown%20significance'],75.44,0.31,0.0,-0.5,0.5
MYO6,6,75886881,NM_001368136.1:c.2545C>G,NP_001355065.1:p.Arg849Gly,0.481,21.3,['Unknown%20significance'],25.88,0.09,0.0,1.8,1.8
MYO6,6,75886882,NM_001368136.1:c.2546G>A,NP_001355065.1:p.Arg849Gln,0.397,21.4,['Unknown%20significance'],25.88,0.09,0.0,0.3,0.3
MYO6,6,75886882,NM_001368136.1:c.2546G>T,NP_001355065.1:p.Arg849Leu,0.443,23.0,['Unknown%20significance'],25.88,0.09,0.0,0.1,0.1
MYO6,6,75886884,NM_001368136.1:c.2548C>G,NP_001355065.1:p.Leu850Val,0.321,20.3,['Unknown%20significance'],3.79,0.01,0.0,0.8,0.8
MYO6,6,75886887,NM_001368136.1:c.2551G>A,NP_001355065.1:p.Asp851Asn,0.329,21.2,['Unknown%20significance'],75.71,0.47,0.0,-0.1,0.1
MYO6,6,75886888,NM_001368136.1:c.2552A>C,NP_001355065.1:p.Asp851Ala,0.433,18.36,['Unknown%20significance'],75.71,0.47,0.0,-0.2,0.2
MYO6,6,75886888,NM_001368136.1:c.2552A>T,NP_001355065.1:p.Asp851Val,0.576,20.9,['Unknown%20significance'],75.71,0.47,0.0,-0.5,0.5
MYO6,6,75886889,NM_001368136.1:c.2553T>A,NP_001355065.1:p.Asp851Glu,0.181,12.89,['Unknown%20significance'],75.71,0.47,0.0,-0.2,0.2
MYO6,6,75886893,NM_001368136.1:c.2557T>C,NP_001355065.1:p.Phe853Leu,0.313,19.71,['Unknown%20significance'],3.82,0.01,0.0,-0.4,0.4
MYO6,6,75886896,NM_001368136.1:c.2560A>G,NP_001355065.1:p.Asn854Asp,0.416,21.5,['Unknown%20significance'],80.49,0.5,0.0,0.2,0.2
MYO6,6,75886897,NM_001368136.1:c.2561A>G,NP_001355065.1:p.Asn854Ser,0.321,16.98,['Unknown%20significance'],80.49,0.5,0.0,0.1,0.1
MYO6,6,75886898,NM_001368136.1:c.2562T>A,NP_001355065.1:p.Asn854Lys,0.356,7.156,['Unknown%20significance'],80.49,0.5,0.0,0.0,0.0
MYO6,6,75886901,NM_001368136.1:c.2565G>T,NP_001355065.1:p.Glu855Asp,0.508,15.70,['Unknown%20significance'],72.65,0.37,0.0,0.3,0.3
MYO6,6,75886902,NM_001368136.1:c.2566G>T,NP_001355065.1:p.Val856Leu,0.435,23.4,['Unknown%20significance'],0.0,0.0,0.0,-0.1,0.1
MYO6,6,75886908,NM_001368136.1:c.2572A>C,NP_001355065.1:p.Ser858Arg,0.274,20.8,['Unknown%20significance'],70.12,0.5,0.0,-0.4,0.4
MYO6,6,75886908,NM_001368136.1:c.2572A>G,NP_001355065.1:p.Ser858Gly,0.206,19.55,['Unknown%20significance'],70.12,0.5,0.0,0.4,0.4
MYO6,6,75886911,NM_001368136.1:c.2575G>T,NP_001355065.1:p.Val859Leu,0.340,20.3,['Unknown%20significance'],46.32,0.26,0.0,-0.1,0.1
MYO6,6,75886912,NM_001368136.1:c.2576T>C,NP_001355065.1:p.Val859Ala,0.237,15.84,['Likely%20benign'],46.32,0.26,0.0,0.6,0.6
MYO6,6,75886914,NM_001368136.1:c.2578T>G,NP_001355065.1:p.Leu860Val,0.619,9.595,['Unknown%20significance'],9.47,0.04,0.0,1.0,1.0
MYO6,6,75886920,NM_001368136.1:c.2584G>C,NP_001355065.1:p.Asp862His,0.468,26.9,['Unknown%20significance'],129.94,0.81,0.0,-0.1,0.1
MYO6,6,75886921,NM_001368136.1:c.2585A>G,NP_001355065.1:p.Asp862Gly,0.314,23.3,['Unknown%20significance'],129.94,0.81,0.0,0.2,0.2
MYO6,6,75886923,NM_001368136.1:c.2587G>A,NP_001355065.1:p.Gly863Arg,0.658,25.8,['Unknown%20significance'],30.07,0.31,0.0,-1.0,1.0
MYO6,6,75886929,NM_001368136.1:c.2593C>A,NP_001355065.1:p.Pro865Thr,0.120,14.33,['Unknown%20significance'],127.41,0.8,0.0,-0.2,0.2
MYO6,6,75886930,NM_001368136.1:c.2594C>T,NP_001355065.1:p.Pro865Leu,0.156,15.05,['Unknown%20significance'],127.41,0.8,0.0,-0.2,0.2
MYO6,6,75886932,NM_001368136.1:c.2596G>A,NP_001355065.1:p.Glu866Lys,0.438,19.56,['Unknown%20significance'],89.05,0.45,0.0,-0.1,0.1
MYO6,6,75886935,NM_001368136.1:c.2599A>G,NP_001355065.1:p.Met867Val,0.174,1.592,['Likely%20benign'],0.0,0.0,0.0,0.1,0.1
MYO6,6,75886939,NM_001368136.1:c.2603A>G,NP_001355065.1:p.Asn868Ser,0.288,11.47,['Likely%20benign'],77.49,0.48,0.0,0.1,0.1
MYO6,6,75886945,NM_001368136.1:c.2609A>T,NP_001355065.1:p.Gln870Leu,0.520,18.88,['Unknown%20significance'],54.92,0.27,0.0,-0.1,0.1
MYO6,6,75886946,NM_001368136.1:c.2610G>C,NP_001355065.1:p.Gln870His,0.231,15.61,['Unknown%20significance'],54.92,0.27,0.0,0.1,0.1
MYO6,6,75886948,NM_001368136.1:c.2612T>C,NP_001355065.1:p.Ile871Thr,0.356,22.8,['Unknown%20significance'],6.09,0.03,0.0,1.6,1.6
MYO6,6,75886948,NM_001368136.1:c.2612T>G,NP_001355065.1:p.Ile871Ser,0.415,22.1,['Unknown%20significance'],6.09,0.03,0.0,2.4,2.4
MYO6,6,75886952,NM_001368136.1:c.2616G>T,NP_001355065.1:p.Lys872Asn,0.192,12.43,['Unknown%20significance'],148.44,0.62,0.0,0.0,0.0
MYO6,6,75886953,NM_001368136.1:c.2617A>G,NP_001355065.1:p.Asn873Asp,0.201,2.458,['Likely%20benign'],77.28,0.48,0.0,0.0,0.0
MYO6,6,75886954,NM_001368136.1:c.2618A>C,NP_001355065.1:p.Asn873Thr,0.181,17.08,['Unknown%20significance'],77.28,0.48,0.0,-0.1,0.1
MYO6,6,75886962,NM_001368136.1:c.2626A>G,NP_001355065.1:p.Ile876Val,0.084,9.956,['Likely%20benign'],103.59,0.52,0.0,0.1,0.1
MYO6,6,75886968,NM_001368136.1:c.2632A>G,NP_001355065.1:p.Ile878Val,0.139,19.12,['Unknown%20significance'],0.0,0.0,0.0,0.6,0.6
MYO6,6,75886969,NM_001368136.1:c.2633T>A,NP_001355065.1:p.Ile878Asn,0.561,26.0,['Unknown%20significance'],0.0,0.0,0.0,2.7,2.7
MYO6,6,75886969,NM_001368136.1:c.2633T>C,NP_001355065.1:p.Ile878Thr,0.362,22.5,['Unknown%20significance'],0.0,0.0,0.0,1.8,1.8
MYO6,6,75886970,NM_001368136.1:c.2634T>G,NP_001355065.1:p.Ile878Met,0.200,22.1,['Unknown%20significance'],0.0,0.0,0.0,0.7,0.7
MYO6,6,75886971,NM_001368136.1:c.2635G>A,NP_001355065.1:p.Asp879Asn,0.215,24.7,['Benign'],51.74,0.32,0.0,-0.0,0.0
MYO6,6,75886971,NM_001368136.1:c.2635G>T,NP_001355065.1:p.Asp879Tyr,0.511,27.7,['Unknown%20significance'],51.74,0.32,0.0,-0.8,0.8
MYO6,6,75886974,NM_001368136.1:c.2638A>G,NP_001355065.1:p.Thr880Ala,0.079,12.20,['Likely%20benign'],89.89,0.57,0.0,0.1,0.1
MYO6,6,75886975,NM_001368136.1:c.2639C>A,NP_001355065.1:p.Thr880Asn,0.122,18.58,['Unknown%20significance'],89.89,0.57,0.0,0.2,0.2
MYO6,6,75886979,NM_001368136.1:c.2643G>C,NP_001355065.1:p.Leu881Phe,0.250,16.90,['Unknown%20significance'],4.08,0.02,0.0,0.7,0.7
MYO6,6,75886979,NM_001368136.1:c.2643G>T,NP_001355065.1:p.Leu881Phe,0.250,17.53,['Unknown%20significance'],4.08,0.02,0.0,0.7,0.7
MYO6,6,75886980,NM_001368136.1:c.2644A>G,NP_001355065.1:p.Met882Val,0.111,17.57,['Unknown%20significance'],32.08,0.14,0.0,-0.2,0.2
MYO6,6,75886982,NM_001368136.1:c.2646G>A,NP_001355065.1:p.Met882Ile,0.090,19.34,['Unknown%20significance'],32.08,0.14,0.0,-0.4,0.4
MYO6,6,75886983,NM_001368136.1:c.2647G>A,NP_001355065.1:p.Ala883Thr,0.172,19.10,['Likely%20benign'],57.58,0.45,0.0,-0.0,0.0
MYO6,6,75886983,NM_001368136.1:c.2647G>T,NP_001355065.1:p.Ala883Ser,0.140,17.58,['Likely%20benign'],57.58,0.45,0.0,0.2,0.2
MYO6,6,75886986,NM_001368136.1:c.2650A>C,NP_001355065.1:p.Lys884Gln,0.608,23.0,['Unknown%20significance'],82.58,0.34,0.0,-0.5,0.5
MYO6,6,75886989,NM_001368136.1:c.2653A>G,NP_001355065.1:p.Ile885Val,0.218,21.9,['Unknown%20significance'],0.0,0.0,0.0,0.6,0.6
MYO6,6,75886993,NM_001368136.1:c.2657A>C,NP_001355065.1:p.Lys886Thr,0.743,32,['Unknown%20significance'],143.88,0.6,0.0,-0.1,0.1
MYO6,6,75890057,NM_001368136.1:c.2659T>A,NP_001355065.1:p.Ser887Thr,0.144,8.031,['Unknown%20significance'],98.44,0.71,0.0,-0.1,0.1
MYO6,6,75890057,NM_001368136.1:c.2659T>C,NP_001355065.1:p.Ser887Pro,0.176,16.27,['Unknown%20significance'],98.44,0.71,0.0,0.1,0.1
MYO6,6,75890060,NM_001368136.1:c.2662A>G,NP_001355065.1:p.Thr888Ala,0.186,18.84,['Unknown%20significance'],84.12,0.53,0.0,0.2,0.2
MYO6,6,75890063,NM_001368136.1:c.2665A>G,NP_001355065.1:p.Met889Val,0.028,8.004,['Unknown%20significance'],90.04,0.41,0.0,-0.0,0.0
MYO6,6,75890063,NM_001368136.1:c.2665A>T,NP_001355065.1:p.Met889Leu,0.057,11.88,['Likely%20benign'],90.04,0.41,0.0,-0.0,0.0
MYO6,6,75890065,NM_001368136.1:c.2667G>C,NP_001355065.1:p.Met889Ile,0.097,17.14,['Likely%20benign'],90.04,0.41,0.0,-0.1,0.1
MYO6,6,75890066,NM_001368136.1:c.2668A>C,NP_001355065.1:p.Met890Leu,0.190,18.32,['Unknown%20significance'],4.25,0.01,0.0,-0.3,0.3
MYO6,6,75890066,NM_001368136.1:c.2668A>G,NP_001355065.1:p.Met890Val,0.176,18.60,['Unknown%20significance'],4.25,0.01,0.0,0.1,0.1
MYO6,6,75890070,NM_001368136.1:c.2672C>T,NP_001355065.1:p.Thr891Met,0.191,23.9,['Unknown%20significance'],91.96,0.58,0.0,-0.1,0.1
MYO6,6,75890073,NM_001368136.1:c.2675A>G,NP_001355065.1:p.Gln892Arg,0.154,14.37,['Likely%20benign'],116.65,0.58,0.0,-0.2,0.2
MYO6,6,75890075,NM_001368136.1:c.2677G>A,NP_001355065.1:p.Glu893Lys,0.074,17.32,['Unknown%20significance'],153.99,0.78,0.0,0.0,0.0
MYO6,6,75890079,NM_001368136.1:c.2681A>G,NP_001355065.1:p.Gln894Arg,0.130,19.80,['Unknown%20significance'],85.92,0.43,0.0,-0.1,0.1
MYO6,6,75890081,NM_001368136.1:c.2683A>G,NP_001355065.1:p.Ile895Val,0.236,22.5,['Unknown%20significance'],1.2,0.0,0.0,0.5,0.5
MYO6,6,75890082,NM_001368136.1:c.2684T>C,NP_001355065.1:p.Ile895Thr,0.445,24.5,['Unknown%20significance'],1.2,0.0,0.0,1.6,1.6
MYO6,6,75890084,NM_001368136.1:c.2686C>A,NP_001355065.1:p.Gln896Lys,0.106,17.98,['Unknown%20significance'],46.86,0.23,0.0,0.5,0.5
MYO6,6,75890085,NM_001368136.1:c.2687A>G,NP_001355065.1:p.Gln896Arg,0.147,22.3,['Likely%20benign'],46.86,0.23,0.0,-0.1,0.1
MYO6,6,75890087,NM_001368136.1:c.2689A>G,NP_001355065.1:p.Lys897Glu,0.091,19.38,['Likely%20benign'],177.48,0.74,0.0,0.0,0.0
MYO6,6,75890091,NM_001368136.1:c.2693A>G,NP_001355065.1:p.Glu898Gly,0.309,24.5,['Unknown%20significance'],51.83,0.26,0.0,1.0,1.0
MYO6,6,75890093,NM_001368136.1:c.2695T>C,NP_001355065.1:p.Tyr899His,0.228,24.8,['Unknown%20significance'],1.73,0.0,0.0,1.5,1.5
MYO6,6,75890093,NM_001368136.1:c.2695T>G,NP_001355065.1:p.Tyr899Asp,0.525,27.4,['Unknown%20significance'],1.73,0.0,0.0,3.2,3.2
MYO6,6,75890094,NM_001368136.1:c.2696A>G,NP_001355065.1:p.Tyr899Cys,0.467,28.1,['Unknown%20significance'],1.73,0.0,0.0,2.5,2.5
MYO6,6,75890096,NM_001368136.1:c.2698G>A,NP_001355065.1:p.Asp900Asn,0.042,21.2,['Unknown%20significance'],65.09,0.4,0.0,-0.1,0.1
MYO6,6,75890097,NM_001368136.1:c.2699A>T,NP_001355065.1:p.Asp900Val,0.120,22.9,['Unknown%20significance'],65.09,0.4,0.0,-0.4,0.4
MYO6,6,75890098,NM_001368136.1:c.2700T>G,NP_001355065.1:p.Asp900Glu,0.034,9.965,['Unknown%20significance'],65.09,0.4,0.0,-0.1,0.1
MYO6,6,75890100,NM_001368136.1:c.2702C>T,NP_001355065.1:p.Ala901Val,0.050,21.1,['Unknown%20significance'],60.22,0.47,0.0,-0.2,0.2
MYO6,6,75890105,NM_001368136.1:c.2707G>A,NP_001355065.1:p.Val903Ile,0.096,21.7,['Unknown%20significance'],26.18,0.15,0.0,-0.0,0.0
MYO6,6,75890105,NM_001368136.1:c.2707G>C,NP_001355065.1:p.Val903Leu,0.080,21.2,['Unknown%20significance'],26.18,0.15,0.0,0.1,0.1
MYO6,6,75890108,NM_001368136.1:c.2710A>G,NP_001355065.1:p.Lys904Glu,0.093,20.7,['Unknown%20significance'],155.23,0.65,0.0,-0.0,0.0
MYO6,6,75890111,NM_001368136.1:c.2713A>G,NP_001355065.1:p.Ser905Gly,0.047,22.2,['Unknown%20significance'],47.86,0.34,0.0,0.6,0.6
MYO6,6,75890112,NM_001368136.1:c.2714G>T,NP_001355065.1:p.Ser905Ile,0.123,22.9,['Unknown%20significance'],47.86,0.34,0.0,-0.6,0.6
MYO6,6,75890114,NM_001368136.1:c.2716T>C,NP_001355065.1:p.Ser906Pro,0.207,22.7,['Unknown%20significance'],2.05,0.01,0.0,0.4,0.4
MYO6,6,75890115,NM_001368136.1:c.2717C>T,NP_001355065.1:p.Ser906Leu,0.190,21.5,['Unknown%20significance'],2.05,0.01,0.0,-1.9,1.9
MYO6,6,75890121,NM_001368136.1:c.2723A>T,NP_001355065.1:p.Glu908Val,0.063,19.05,['Unknown%20significance'],104.8,0.53,0.0,-0.3,0.3
MYO6,6,75890124,NM_001368136.1:c.2726T>A,NP_001355065.1:p.Leu909His,0.327,24.4,['Unknown%20significance'],6.99,0.03,0.0,1.6,1.6
MYO6,6,75890129,NM_001368136.1:c.2731A>G,NP_001355065.1:p.Ser911Gly,0.068,22.5,['Unknown%20significance'],46.76,0.33,0.0,0.5,0.5
MYO6,6,75890132,NM_001368136.1:c.2734G>A,NP_001355065.1:p.Ala912Thr,0.030,21.7,['Unknown%20significance'],26.31,0.2,0.0,-0.0,0.0
MYO6,6,75890135,NM_001368136.1:c.2737T>A,NP_001355065.1:p.Leu913Ile,0.055,9.849,['Likely%20benign'],0.0,0.0,0.0,0.5,0.5
MYO6,6,75890137,NM_001368136.1:c.2739A>C,NP_001355065.1:p.Leu913Phe,0.175,14.87,['Unknown%20significance'],0.0,0.0,0.0,0.7,0.7
MYO6,6,75890138,NM_001368136.1:c.2740C>A,NP_001355065.1:p.Gln914Lys,0.150,20.8,['Unknown%20significance'],51.92,0.26,0.0,0.5,0.5
MYO6,6,75890138,NM_001368136.1:c.2740C>G,NP_001355065.1:p.Gln914Glu,0.122,21.7,['Unknown%20significance'],51.92,0.26,0.0,0.3,0.3
MYO6,6,75890139,NM_001368136.1:c.2741A>C,NP_001355065.1:p.Gln914Pro,0.184,24.2,['Unknown%20significance'],51.92,0.26,0.0,0.9,0.9
MYO6,6,75890141,NM_001368136.1:c.2743A>G,NP_001355065.1:p.Lys915Glu,0.109,23.1,['Unknown%20significance'],160.54,0.67,0.0,-0.1,0.1
MYO6,6,75890142,NM_001368136.1:c.2744A>G,NP_001355065.1:p.Lys915Arg,0.063,21.4,['Unknown%20significance'],160.54,0.67,0.0,-0.3,0.3
MYO6,6,75890145,NM_001368136.1:c.2747A>C,NP_001355065.1:p.Lys916Thr,0.141,24.2,['Unknown%20significance'],71.69,0.3,0.0,-0.2,0.2
MYO6,6,75890145,NM_001368136.1:c.2747A>G,NP_001355065.1:p.Lys916Arg,0.039,22.7,['Unknown%20significance'],71.69,0.3,0.0,-0.7,0.7
MYO6,6,75890150,NM_001368136.1:c.2752C>A,NP_001355065.1:p.Gln918Lys,0.100,15.25,['Unknown%20significance'],140.12,0.7,0.0,0.2,0.2
MYO6,6,75890150,NM_001368136.1:c.2752C>G,NP_001355065.1:p.Gln918Glu,0.063,16.55,['Unknown%20significance'],140.12,0.7,0.0,0.1,0.1
MYO6,6,75890151,NM_001368136.1:c.2753A>G,NP_001355065.1:p.Gln918Arg,0.047,22.5,['Unknown%20significance'],140.12,0.7,0.0,-0.1,0.1
MYO6,6,75890154,NM_001368136.1:c.2756A>G,NP_001355065.1:p.Gln919Arg,0.067,22.7,['Unknown%20significance'],168.01,0.84,0.0,-0.1,0.1
MYO6,6,75890154,NM_001368136.1:c.2756A>T,NP_001355065.1:p.Gln919Leu,0.082,23.1,['Unknown%20significance'],168.01,0.84,0.0,0.0,0.0
MYO6,6,75890159,NM_001368136.1:c.2761G>C,NP_001355065.1:p.Glu921Gln,0.192,23.3,['Unknown%20significance'],179.36,0.91,0.0,-0.0,0.0
MYO6,6,75890160,NM_001368136.1:c.2762A>G,NP_001355065.1:p.Glu921Gly,0.205,25.7,['Unknown%20significance'],179.36,0.91,0.0,0.2,0.2
MYO6,6,75890162,NM_001368136.1:c.2764G>A,NP_001355065.1:p.Glu922Lys,0.308,31,['Unknown%20significance'],94.95,0.48,0.0,0.0,0.0
MYO6,6,75890165,NM_001368136.1:c.2767G>C,NP_001355065.1:p.Ala923Pro,0.096,23.0,['Unknown%20significance'],65.37,0.51,0.0,0.2,0.2
MYO6,6,75890166,NM_001368136.1:c.2768C>A,NP_001355065.1:p.Ala923Glu,0.158,18.81,['Unknown%20significance'],65.37,0.51,0.0,-0.1,0.1
MYO6,6,75890168,NM_001368136.1:c.2770G>A,NP_001355065.1:p.Glu924Lys,0.319,30,['Unknown%20significance'],108.6,0.55,0.0,0.3,0.3
MYO6,6,75890169,NM_001368136.1:c.2771A>G,NP_001355065.1:p.Glu924Gly,0.320,29.8,['Unknown%20significance'],108.6,0.55,0.0,0.7,0.7
MYO6,6,75890170,NM_001368136.1:c.2772A>C,NP_001355065.1:p.Glu924Asp,0.138,23.1,['Unknown%20significance'],108.6,0.55,0.0,0.2,0.2
MYO6,6,75890171,NM_001368136.1:c.2773A>G,NP_001355065.1:p.Arg925Gly,0.251,25.3,['Unknown%20significance'],88.12,0.32,0.0,1.8,1.8
MYO6,6,75890173,NM_001368136.1:c.2775G>C,NP_001355065.1:p.Arg925Ser,0.269,24.2,['Unknown%20significance'],88.12,0.32,0.0,1.2,1.2
MYO6,6,75890173,NM_001368136.1:c.2775G>T,NP_001355065.1:p.Arg925Ser,0.268,24.2,['Unknown%20significance'],88.12,0.32,0.0,1.2,1.2
MYO6,6,75890174,NM_001368136.1:c.2776C>A,NP_001355065.1:p.Leu926Met,0.185,24.0,['Unknown%20significance'],14.95,0.07,0.0,0.4,0.4
MYO6,6,75890175,NM_001368136.1:c.2777T>A,NP_001355065.1:p.Leu926Gln,0.769,28.8,['Likely%20pathogenic'],14.95,0.07,0.0,1.1,1.1
MYO6,6,75890177,NM_001368136.1:c.2779A>G,NP_001355065.1:p.Arg927Gly,0.068,23.7,['Unknown%20significance'],156.39,0.58,0.0,1.1,1.1
MYO6,6,75890178,NM_001368136.1:c.2780G>A,NP_001355065.1:p.Arg927Lys,0.048,21.3,['Likely%20benign'],156.39,0.58,0.0,0.5,0.5
MYO6,6,75890180,NM_001368136.1:c.2782C>A,NP_001355065.1:p.Arg928Ser,0.051,23.4,['Unknown%20significance'],127.48,0.47,0.0,0.7,0.7
MYO6,6,75890180,NM_001368136.1:c.2782C>T,NP_001355065.1:p.Arg928Cys,0.091,24.7,['Pathogenic'],127.48,0.47,0.0,0.8,0.8
MYO6,6,75890181,NM_001368136.1:c.2783G>A,NP_001355065.1:p.Arg928His,0.041,23.3,['Unknown%20significance'],127.48,0.47,0.0,0.3,0.3
MYO6,6,75890181,NM_001368136.1:c.2783G>C,NP_001355065.1:p.Arg928Pro,0.076,23.6,['Unknown%20significance'],127.48,0.47,0.0,0.9,0.9
MYO6,6,75890185,NM_001368136.1:c.2787T>G,NP_001355065.1:p.Ile929Met,0.387,21.0,['Unknown%20significance'],0.84,0.0,0.0,0.4,0.4
MYO6,6,75890187,NM_001368136.1:c.2789A>C,NP_001355065.1:p.Gln930Pro,0.323,24.2,['Unknown%20significance'],122.61,0.62,0.0,0.5,0.5
MYO6,6,75890193,NM_001368136.1:c.2795A>C,NP_001355065.1:p.Glu932Ala,0.217,25.0,['Unknown%20significance'],64.79,0.33,0.0,0.3,0.3
MYO6,6,75890193,NM_001368136.1:c.2795A>G,NP_001355065.1:p.Glu932Gly,0.312,29.0,['Unknown%20significance'],64.79,0.33,0.0,0.9,0.9
MYO6,6,75890196,NM_001368136.1:c.2798T>A,NP_001355065.1:p.Met933Lys,0.319,24.5,['Unknown%20significance'],58.46,0.26,0.0,0.7,0.7
MYO6,6,75890196,NM_001368136.1:c.2798T>C,NP_001355065.1:p.Met933Thr,0.284,25.6,['Unknown%20significance'],58.46,0.26,0.0,0.6,0.6
MYO6,6,75890196,NM_001368136.1:c.2798T>G,NP_001355065.1:p.Met933Arg,0.285,24.9,['Unknown%20significance'],58.46,0.26,0.0,0.0,0.0
MYO6,6,75890202,NM_001368136.1:c.2804A>G,NP_001355065.1:p.Lys935Arg,0.044,15.56,['Unknown%20significance'],158.86,0.67,0.0,-0.3,0.3
MYO6,6,75890204,NM_001368136.1:c.2806G>A,NP_001355065.1:p.Glu936Lys,0.301,24.9,['Unknown%20significance'],50.72,0.25,0.0,0.7,0.7
MYO6,6,75890205,NM_001368136.1:c.2807A>G,NP_001355065.1:p.Glu936Gly,0.386,27.7,['Unknown%20significance'],50.72,0.25,0.0,1.5,1.5
MYO6,6,75890207,NM_001368136.1:c.2809A>G,NP_001355065.1:p.Arg937Gly,0.205,25.1,['Unknown%20significance'],167.08,0.62,0.0,1.0,1.0
MYO6,6,75890208,NM_001368136.1:c.2810G>T,NP_001355065.1:p.Arg937Ile,0.377,27.1,['Unknown%20significance'],167.08,0.62,0.0,0.4,0.4
MYO6,6,75890209,NM_001368136.1:c.2811A>C,NP_001355065.1:p.Arg937Ser,0.267,22.9,['Unknown%20significance'],167.08,0.62,0.0,0.7,0.7
MYO6,6,75890211,NM_001368136.1:c.2813A>G,NP_001355065.1:p.Lys938Arg,0.071,21.6,['Unknown%20significance'],106.39,0.44,0.0,-0.7,0.7
MYO6,6,75890212,NM_001368136.1:c.2814A>C,NP_001355065.1:p.Lys938Asn,0.143,21.7,['Unknown%20significance'],106.39,0.44,0.0,0.1,0.1
MYO6,6,75890214,NM_001368136.1:c.2816G>A,NP_001355065.1:p.Arg939Lys,0.208,22.8,['Unknown%20significance'],194.57,0.72,0.0,0.4,0.4
MYO6,6,75890215,NM_001368136.1:c.2817A>T,NP_001355065.1:p.Arg939Ser,0.237,18.49,['Unknown%20significance'],194.57,0.72,0.0,0.6,0.6
MYO6,6,75890216,NM_001368136.1:c.2818C>A,NP_001355065.1:p.Arg940Ser,0.154,23.2,['Unknown%20significance'],133.56,0.49,0.0,0.8,0.8
MYO6,6,75890216,NM_001368136.1:c.2818C>T,NP_001355065.1:p.Arg940Cys,0.188,24.8,['Unknown%20significance'],133.56,0.49,0.0,1.0,1.0
MYO6,6,75890217,NM_001368136.1:c.2819G>A,NP_001355065.1:p.Arg940His,0.121,24.0,['Unknown%20significance'],133.56,0.49,0.0,0.4,0.4
MYO6,6,75890217,NM_001368136.1:c.2819G>T,NP_001355065.1:p.Arg940Leu,0.163,24.0,['Unknown%20significance'],133.56,0.49,0.0,0.4,0.4
MYO6,6,75890220,NM_001368136.1:c.2822A>T,NP_001355065.1:p.Glu941Val,0.399,32,['Unknown%20significance'],66.82,0.34,0.0,0.4,0.4
MYO6,6,75890221,NM_001368136.1:c.2823A>C,NP_001355065.1:p.Glu941Asp,0.242,23.0,['Unknown%20significance'],66.82,0.34,0.0,0.3,0.3
MYO6,6,75890223,NM_001368136.1:c.2825A>G,NP_001355065.1:p.Glu942Gly,0.135,22.9,['Unknown%20significance'],100.78,0.51,0.0,0.8,0.8
MYO6,6,75890224,NM_001368136.1:c.2826A>C,NP_001355065.1:p.Glu942Asp,0.102,9.684,['Likely%20benign'],100.78,0.51,0.0,0.2,0.2
MYO6,6,75890225,NM_001368136.1:c.2827G>A,NP_001355065.1:p.Asp943Asn,0.171,24.2,['Unknown%20significance'],61.35,0.38,0.0,0.0,0.0
MYO6,6,75890226,NM_001368136.1:c.2828A>G,NP_001355065.1:p.Asp943Gly,0.203,22.8,['Unknown%20significance'],61.35,0.38,0.0,0.8,0.8
MYO6,6,75890227,NM_001368136.1:c.2829C>A,NP_001355065.1:p.Asp943Glu,0.065,0.128,['Likely%20benign'],61.35,0.38,0.0,-0.2,0.2
MYO6,6,75890227,NM_001368136.1:c.2829C>G,NP_001355065.1:p.Asp943Glu,0.065,0.180,['Likely%20benign'],61.35,0.38,0.0,-0.2,0.2
MYO6,6,75890228,NM_001368136.1:c.2830G>A,NP_001355065.1:p.Glu944Lys,0.309,24.0,['Unknown%20significance'],64.89,0.33,0.0,0.4,0.4
MYO6,6,75890229,NM_001368136.1:c.2831A>G,NP_001355065.1:p.Glu944Gly,0.316,23.3,['Unknown%20significance'],64.89,0.33,0.0,1.3,1.3
MYO6,6,75890234,NM_001368136.1:c.2836C>A,NP_001355065.1:p.Arg946Ser,0.123,22.5,['Unknown%20significance'],171.04,0.63,0.0,0.7,0.7
MYO6,6,75890234,NM_001368136.1:c.2836C>T,NP_001355065.1:p.Arg946Cys,0.159,23.6,['Unknown%20significance'],171.04,0.63,0.0,1.0,1.0
MYO6,6,75890235,NM_001368136.1:c.2837G>A,NP_001355065.1:p.Arg946His,0.183,22.3,['Unknown%20significance'],171.04,0.63,0.0,0.4,0.4
MYO6,6,75890238,NM_001368136.1:c.2840G>A,NP_001355065.1:p.Arg947Gln,0.119,22.8,['Unknown%20significance'],184.04,0.68,0.0,0.3,0.3
MYO6,6,75890238,NM_001368136.1:c.2840G>C,NP_001355065.1:p.Arg947Pro,0.241,26.5,['Unknown%20significance'],184.04,0.68,0.0,0.7,0.7
MYO6,6,75890238,NM_001368136.1:c.2840G>T,NP_001355065.1:p.Arg947Leu,0.182,23.2,['Unknown%20significance'],184.04,0.68,0.0,0.1,0.1
MYO6,6,75890241,NM_001368136.1:c.2843G>T,NP_001355065.1:p.Arg948Ile,0.128,23.2,['Unknown%20significance'],152.6,0.56,0.0,0.4,0.4
MYO6,6,75890247,NM_001368136.1:c.2849A>G,NP_001355065.1:p.Glu950Gly,0.232,27.9,['Unknown%20significance'],88.29,0.45,0.0,0.9,0.9
MYO6,6,75890249,NM_001368136.1:c.2851G>C,NP_001355065.1:p.Glu951Gln,0.237,24.6,['Unknown%20significance'],120.28,0.61,0.0,-0.1,0.1
MYO6,6,75890252,NM_001368136.1:c.2854G>A,NP_001355065.1:p.Glu952Lys,0.244,23.4,['Unknown%20significance'],75.77,0.38,0.0,0.1,0.1
MYO6,6,75890253,NM_001368136.1:c.2855A>G,NP_001355065.1:p.Glu952Gly,0.202,25.2,['Unknown%20significance'],75.77,0.38,0.0,1.0,1.0
MYO6,6,75890254,NM_001368136.1:c.2856G>C,NP_001355065.1:p.Glu952Asp,0.057,14.50,['Likely%20benign'],75.77,0.38,0.0,0.2,0.2
MYO6,6,75890255,NM_001368136.1:c.2857G>A,NP_001355065.1:p.Glu953Lys,0.214,23.1,['Unknown%20significance'],40.92,0.2,0.0,0.3,0.3
MYO6,6,75890257,NM_001368136.1:c.2859A>C,NP_001355065.1:p.Glu953Asp,0.055,17.02,['Likely%20benign'],40.92,0.2,0.0,0.2,0.2
MYO6,6,75890258,NM_001368136.1:c.2860A>G,NP_001355065.1:p.Arg954Gly,0.236,25.4,['Unknown%20significance'],180.2,0.66,0.0,0.8,0.8
MYO6,6,75890261,NM_001368136.1:c.2863C>T,NP_001355065.1:p.Arg955Trp,0.318,28.9,['Unknown%20significance'],120.11,0.44,0.0,0.2,0.2
MYO6,6,75890262,NM_001368136.1:c.2864G>A,NP_001355065.1:p.Arg955Gln,0.193,26.0,['Unknown%20significance'],120.11,0.44,0.0,0.4,0.4
MYO6,6,75890264,NM_001368136.1:c.2866A>G,NP_001355065.1:p.Met956Val,0.104,27.4,['Unknown%20significance'],75.75,0.34,0.0,0.2,0.2
MYO6,6,75891229,NM_001368136.1:c.2869A>C,NP_001355065.1:p.Lys957Gln,0.107,23.7,['Unknown%20significance'],105.77,0.44,0.0,-0.2,0.2
MYO6,6,75891229,NM_001368136.1:c.2869A>G,NP_001355065.1:p.Lys957Glu,0.088,24.3,['Unknown%20significance'],105.77,0.44,0.0,0.1,0.1
MYO6,6,75891232,NM_001368136.1:c.2872C>G,NP_001355065.1:p.Leu958Val,0.038,22.0,['Unknown%20significance'],97.37,0.5,0.0,0.2,0.2
MYO6,6,75891233,NM_001368136.1:c.2873T>G,NP_001355065.1:p.Leu958Arg,0.076,22.7,['Unknown%20significance'],97.37,0.5,0.0,0.0,0.0
MYO6,6,75891236,NM_001368136.1:c.2876A>G,NP_001355065.1:p.Glu959Gly,0.185,25.3,['Unknown%20significance'],90.14,0.46,0.0,1.0,1.0
MYO6,6,75891237,NM_001368136.1:c.2877G>T,NP_001355065.1:p.Glu959Asp,0.133,18.98,['Unknown%20significance'],90.14,0.46,0.0,0.2,0.2
MYO6,6,75891239,NM_001368136.1:c.2879T>G,NP_001355065.1:p.Met960Arg,0.132,23.7,['Unknown%20significance'],67.38,0.31,0.0,-0.2,0.2
MYO6,6,75891241,NM_001368136.1:c.2881G>A,NP_001355065.1:p.Glu961Lys,0.206,29.5,['Unknown%20significance'],80.0,0.4,0.0,0.3,0.3
MYO6,6,75891245,NM_001368136.1:c.2885C>A,NP_001355065.1:p.Ala962Glu,0.073,17.57,['Likely%20benign'],53.78,0.42,0.0,-0.2,0.2
MYO6,6,75891245,NM_001368136.1:c.2885C>G,NP_001355065.1:p.Ala962Gly,0.053,19.86,['Likely%20benign'],53.78,0.42,0.0,0.5,0.5
MYO6,6,75891245,NM_001368136.1:c.2885C>T,NP_001355065.1:p.Ala962Val,0.047,20.9,['Likely%20benign'],53.78,0.42,0.0,-0.3,0.3
MYO6,6,75891247,NM_001368136.1:c.2887A>G,NP_001355065.1:p.Lys963Glu,0.168,25.4,['Unknown%20significance'],138.32,0.58,0.0,-0.1,0.1
MYO6,6,75891248,NM_001368136.1:c.2888A>G,NP_001355065.1:p.Lys963Arg,0.084,23.6,['Unknown%20significance'],138.32,0.58,0.0,-0.5,0.5
MYO6,6,75891251,NM_001368136.1:c.2891G>T,NP_001355065.1:p.Arg964Ile,0.214,24.8,['Unknown%20significance'],51.98,0.19,0.0,0.6,0.6
MYO6,6,75891254,NM_001368136.1:c.2894A>G,NP_001355065.1:p.Lys965Arg,0.081,22.8,['Unknown%20significance'],114.36,0.48,0.0,-0.6,0.6
MYO6,6,75891256,NM_001368136.1:c.2896C>G,NP_001355065.1:p.Gln966Glu,0.053,18.80,['Unknown%20significance'],121.41,0.61,0.0,0.1,0.1
MYO6,6,75891262,NM_001368136.1:c.2902G>A,NP_001355065.1:p.Glu968Lys,0.161,24.0,['Unknown%20significance'],54.98,0.28,0.0,0.1,0.1
MYO6,6,75891266,NM_001368136.1:c.2906A>G,NP_001355065.1:p.Glu969Gly,0.249,30,['Unknown%20significance'],109.48,0.56,0.0,0.6,0.6
MYO6,6,75891268,NM_001368136.1:c.2908G>C,NP_001355065.1:p.Glu970Gln,0.063,22.9,['Unknown%20significance'],74.67,0.38,0.0,-0.1,0.1
MYO6,6,75891271,NM_001368136.1:c.2911A>G,NP_001355065.1:p.Arg971Gly,0.121,27.5,['Unknown%20significance'],63.63,0.23,0.0,2.0,2.0
MYO6,6,75891279,NM_001368136.1:c.2919A>C,NP_001355065.1:p.Lys973Asn,0.041,23.2,['Unknown%20significance'],167.93,0.7,0.0,0.1,0.1
MYO6,6,75891280,NM_001368136.1:c.2920A>G,NP_001355065.1:p.Arg974Gly,0.237,24.9,['Unknown%20significance'],132.62,0.49,0.0,1.4,1.4
MYO6,6,75891286,NM_001368136.1:c.2926G>T,NP_001355065.1:p.Asp976Tyr,0.180,28.0,['Unknown%20significance'],77.71,0.48,0.0,-0.5,0.5
MYO6,6,75891287,NM_001368136.1:c.2927A>G,NP_001355065.1:p.Asp976Gly,0.071,25.5,['Unknown%20significance'],77.71,0.48,0.0,0.7,0.7
MYO6,6,75891288,NM_001368136.1:c.2928T>A,NP_001355065.1:p.Asp976Glu,0.042,12.44,['Likely%20benign'],77.71,0.48,0.0,-0.2,0.2
MYO6,6,75891292,NM_001368136.1:c.2932G>A,NP_001355065.1:p.Glu978Lys,0.133,25.1,['Unknown%20significance'],43.88,0.22,0.0,0.4,0.4
MYO6,6,75891297,NM_001368136.1:c.2937A>C,NP_001355065.1:p.Lys979Asn,0.030,18.02,['Unknown%20significance'],169.25,0.71,0.0,0.1,0.1
MYO6,6,75891298,NM_001368136.1:c.2938C>A,NP_001355065.1:p.Arg980Ser,0.047,20.9,['Unknown%20significance'],217.66,0.8,0.0,0.3,0.3
MYO6,6,75891298,NM_001368136.1:c.2938C>T,NP_001355065.1:p.Arg980Cys,0.105,25.8,['Unknown%20significance'],217.66,0.8,0.0,0.5,0.5
MYO6,6,75891299,NM_001368136.1:c.2939G>A,NP_001355065.1:p.Arg980His,0.054,24.1,['Unknown%20significance'],217.66,0.8,0.0,0.2,0.2
MYO6,6,75891299,NM_001368136.1:c.2939G>T,NP_001355065.1:p.Arg980Leu,0.036,22.6,['Likely%20benign'],217.66,0.8,0.0,0.2,0.2
MYO6,6,75891302,NM_001368136.1:c.2942T>A,NP_001355065.1:p.Ile981Asn,0.045,23.2,['Unknown%20significance'],103.42,0.52,0.0,0.3,0.3
MYO6,6,75891304,NM_001368136.1:c.2944C>A,NP_001355065.1:p.Gln982Lys,0.144,23.2,['Unknown%20significance'],40.65,0.2,0.0,0.5,0.5
MYO6,6,75891305,NM_001368136.1:c.2945A>C,NP_001355065.1:p.Gln982Pro,0.153,25.6,['Unknown%20significance'],40.65,0.2,0.0,1.0,1.0
MYO6,6,75891306,NM_001368136.1:c.2946A>C,NP_001355065.1:p.Gln982His,0.135,22.7,['Unknown%20significance'],40.65,0.2,0.0,0.0,0.0
MYO6,6,75892530,NM_001368136.1:c.2947G>A,NP_001355065.1:p.Ala983Thr,0.086,26.7,['Unknown%20significance'],61.08,0.48,0.0,-0.2,0.2
MYO6,6,75892531,NM_001368136.1:c.2948C>G,NP_001355065.1:p.Ala983Gly,0.029,22.9,['Unknown%20significance'],61.08,0.48,0.0,0.5,0.5
MYO6,6,75892533,NM_001368136.1:c.2950G>A,NP_001355065.1:p.Glu984Lys,0.229,26.3,['Unknown%20significance'],105.73,0.54,0.0,0.2,0.2
MYO6,6,75892535,NM_001368136.1:c.2952A>C,NP_001355065.1:p.Glu984Asp,0.177,22.6,['Likely%20benign'],105.73,0.54,0.0,0.2,0.2
MYO6,6,75892536,NM_001368136.1:c.2953G>A,NP_001355065.1:p.Val985Met,0.057,23.4,['Unknown%20significance'],25.88,0.15,0.0,-0.1,0.1
MYO6,6,75892537,NM_001368136.1:c.2954T>A,NP_001355065.1:p.Val985Glu,0.162,25.3,['Unknown%20significance'],25.88,0.15,0.0,0.7,0.7
MYO6,6,75892537,NM_001368136.1:c.2954T>G,NP_001355065.1:p.Val985Gly,0.191,26.1,['Unknown%20significance'],25.88,0.15,0.0,1.6,1.6
MYO6,6,75892539,NM_001368136.1:c.2956G>A,NP_001355065.1:p.Glu986Lys,0.176,25.9,['Unknown%20significance'],68.94,0.35,0.0,0.2,0.2
MYO6,6,75892540,NM_001368136.1:c.2957A>G,NP_001355065.1:p.Glu986Gly,0.333,29.5,['Unknown%20significance'],68.94,0.35,0.0,1.0,1.0
MYO6,6,75892542,NM_001368136.1:c.2959G>A,NP_001355065.1:p.Ala987Thr,0.065,21.2,['Likely%20benign'],55.23,0.43,0.0,-0.1,0.1
MYO6,6,75892545,NM_001368136.1:c.2962C>G,NP_001355065.1:p.Gln988Glu,0.140,22.9,['Unknown%20significance'],76.25,0.38,0.0,0.2,0.2
MYO6,6,75892546,NM_001368136.1:c.2963A>C,NP_001355065.1:p.Gln988Pro,0.377,26.3,['Unknown%20significance'],76.25,0.38,0.0,0.7,0.7
MYO6,6,75892552,NM_001368136.1:c.2969C>A,NP_001355065.1:p.Ala990Asp,0.109,21.7,['Unknown%20significance'],65.31,0.51,0.0,-0.0,0.0
MYO6,6,75892555,NM_001368136.1:c.2972G>A,NP_001355065.1:p.Arg991Gln,0.045,12.65,['Likely%20benign'],202.55,0.75,0.0,0.1,0.1
MYO6,6,75892555,NM_001368136.1:c.2972G>C,NP_001355065.1:p.Arg991Pro,0.102,18.92,['Likely%20benign'],202.55,0.75,0.0,0.4,0.4
MYO6,6,75892555,NM_001368136.1:c.2972G>T,NP_001355065.1:p.Arg991Leu,0.046,12.29,['Unknown%20significance'],202.55,0.75,0.0,0.2,0.2
MYO6,6,75892557,NM_001368136.1:c.2974C>G,NP_001355065.1:p.Gln992Glu,0.140,13.85,['Unknown%20significance'],122.72,0.62,0.0,0.1,0.1
MYO6,6,75892558,NM_001368136.1:c.2975A>G,NP_001355065.1:p.Gln992Arg,0.141,22.8,['Unknown%20significance'],122.72,0.62,0.0,-0.1,0.1
MYO6,6,75892559,NM_001368136.1:c.2976G>C,NP_001355065.1:p.Gln992His,0.132,24.0,['Unknown%20significance'],122.72,0.62,0.0,0.1,0.1
MYO6,6,75892559,NM_001368136.1:c.2976G>T,NP_001355065.1:p.Gln992His,0.131,24.1,['Unknown%20significance'],122.72,0.62,0.0,0.1,0.1
MYO6,6,75892560,NM_001368136.1:c.2977A>G,NP_001355065.1:p.Lys993Glu,0.133,17.60,['Unknown%20significance'],146.24,0.61,0.0,0.1,0.1
MYO6,6,75892561,NM_001368136.1:c.2978A>G,NP_001355065.1:p.Lys993Arg,0.151,15.56,['Likely%20benign'],146.24,0.61,0.0,-0.4,0.4
MYO6,6,75892562,NM_001368136.1:c.2979G>T,NP_001355065.1:p.Lys993Asn,0.068,19.50,['Unknown%20significance'],146.24,0.61,0.0,0.1,0.1
MYO6,6,75892579,NM_001368136.1:c.2996A>G,NP_001355065.1:p.Gln999Arg,0.121,14.12,['Unknown%20significance'],69.02,0.34,0.0,-0.3,0.3
MYO6,6,75892582,NM_001368136.1:c.2999A>C,NP_001355065.1:p.Gln1000Pro,0.133,23.9,['Unknown%20significance'],72.29,0.36,0.0,0.8,0.8
MYO6,6,75892583,NM_001368136.1:c.3000A>T,NP_001355065.1:p.Gln1000His,0.223,21.8,['Unknown%20significance'],72.29,0.36,0.0,0.0,0.0
MYO6,6,75892587,NM_001368136.1:c.3004G>A,NP_001355065.1:p.Val1002Ile,0.094,21.4,['Unknown%20significance'],51.79,0.3,0.0,-0.0,0.0
MYO6,6,75892587,NM_001368136.1:c.3004G>T,NP_001355065.1:p.Val1002Phe,0.101,24.4,['Unknown%20significance'],51.79,0.3,0.0,0.0,0.0
MYO6,6,75892588,NM_001368136.1:c.3005T>A,NP_001355065.1:p.Val1002Asp,0.182,25.1,['Unknown%20significance'],51.79,0.3,0.0,0.7,0.7
MYO6,6,75892588,NM_001368136.1:c.3005T>C,NP_001355065.1:p.Val1002Ala,0.204,24.0,['Unknown%20significance'],51.79,0.3,0.0,0.6,0.6
MYO6,6,75892590,NM_001368136.1:c.3007C>G,NP_001355065.1:p.Leu1003Val,0.103,23.0,['Unknown%20significance'],104.27,0.54,0.0,0.1,0.1
MYO6,6,75892591,NM_001368136.1:c.3008T>C,NP_001355065.1:p.Leu1003Pro,0.237,29.1,['Unknown%20significance'],104.27,0.54,0.0,0.6,0.6
MYO6,6,75892593,NM_001368136.1:c.3010G>C,NP_001355065.1:p.Glu1004Gln,0.235,28.1,['Unknown%20significance'],38.25,0.19,0.0,-0.1,0.1
MYO6,6,75892594,NM_001368136.1:c.3011A>G,NP_001355065.1:p.Glu1004Gly,0.280,29.9,['Unknown%20significance'],38.25,0.19,0.0,1.3,1.3
MYO6,6,75892596,NM_001368136.1:c.3013C>G,NP_001355065.1:p.Gln1005Glu,0.194,25.0,['Unknown%20significance'],0.34,0.0,0.0,0.4,0.4
MYO6,6,75892597,NM_001368136.1:c.3014A>G,NP_001355065.1:p.Gln1005Arg,0.341,27.3,['Unknown%20significance'],0.34,0.0,0.0,-0.5,0.5
MYO6,6,75892597,NM_001368136.1:c.3014A>T,NP_001355065.1:p.Gln1005Leu,0.406,28.2,['Unknown%20significance'],0.34,0.0,0.0,-0.1,0.1
MYO6,6,75892599,NM_001368136.1:c.3016G>C,NP_001355065.1:p.Glu1006Gln,0.305,27.5,['Unknown%20significance'],51.88,0.26,0.0,0.0,0.0
MYO6,6,75892600,NM_001368136.1:c.3017A>T,NP_001355065.1:p.Glu1006Val,0.427,31,['Unknown%20significance'],51.88,0.26,0.0,0.4,0.4
MYO6,6,75892602,NM_001368136.1:c.3019C>T,NP_001355065.1:p.Arg1007Cys,0.167,27.1,['Unknown%20significance'],70.81,0.26,0.0,1.7,1.7
MYO6,6,75892603,NM_001368136.1:c.3020G>A,NP_001355065.1:p.Arg1007His,0.357,31,['Unknown%20significance'],70.81,0.26,0.0,0.7,0.7
MYO6,6,75892603,NM_001368136.1:c.3020G>C,NP_001355065.1:p.Arg1007Pro,0.446,32,['Unknown%20significance'],70.81,0.26,0.0,1.7,1.7
MYO6,6,75892611,NM_001368136.1:c.3028C>G,NP_001355065.1:p.Arg1010Gly,0.110,24.3,['Unknown%20significance'],79.87,0.29,0.0,1.8,1.8
MYO6,6,75892611,NM_001368136.1:c.3028C>T,NP_001355065.1:p.Arg1010Trp,0.167,25.3,['Unknown%20significance'],79.87,0.29,0.0,0.1,0.1
MYO6,6,75892612,NM_001368136.1:c.3029G>A,NP_001355065.1:p.Arg1010Gln,0.080,25.6,['Unknown%20significance'],79.87,0.29,0.0,0.6,0.6
MYO6,6,75892612,NM_001368136.1:c.3029G>T,NP_001355065.1:p.Arg1010Leu,0.097,25.4,['Unknown%20significance'],79.87,0.29,0.0,0.5,0.5
MYO6,6,75892617,NM_001368136.1:c.3034C>G,NP_001355065.1:p.Leu1012Val,0.195,23.9,['Unknown%20significance'],0.0,0.0,0.0,0.8,0.8
MYO6,6,75892618,NM_001368136.1:c.3035T>C,NP_001355065.1:p.Leu1012Pro,0.500,29.9,['Unknown%20significance'],0.0,0.0,0.0,2.9,2.9
MYO6,6,75892618,NM_001368136.1:c.3035T>G,NP_001355065.1:p.Leu1012Arg,0.434,31,['Unknown%20significance'],0.0,0.0,0.0,1.3,1.3
MYO6,6,75892620,NM_001368136.1:c.3037G>T,NP_001355065.1:p.Ala1013Ser,0.305,24.9,['Unknown%20significance'],5.58,0.04,0.0,0.4,0.4
MYO6,6,75892621,NM_001368136.1:c.3038C>T,NP_001355065.1:p.Ala1013Val,0.382,26.7,['Unknown%20significance'],5.58,0.04,0.0,-0.3,0.3
MYO6,6,75892626,NM_001368136.1:c.3043A>G,NP_001355065.1:p.Arg1015Gly,0.376,23.0,['Unknown%20significance'],0.01,0.0,0.0,2.9,2.9
MYO6,6,75892627,NM_001368136.1:c.3044G>A,NP_001355065.1:p.Arg1015Lys,0.286,28.0,['Unknown%20significance'],0.01,0.0,0.0,1.2,1.2
MYO6,6,75892627,NM_001368136.1:c.3044G>T,NP_001355065.1:p.Arg1015Met,0.551,29.5,['Unknown%20significance'],0.01,0.0,0.0,0.5,0.5
MYO6,6,75892632,NM_001368136.1:c.3049G>C,NP_001355065.1:p.Ala1017Pro,0.333,29.5,['Unknown%20significance'],34.69,0.27,0.0,0.8,0.8
MYO6,6,75892632,NM_001368136.1:c.3049G>T,NP_001355065.1:p.Ala1017Ser,0.171,25.0,['Unknown%20significance'],34.69,0.27,0.0,0.5,0.5
MYO6,6,75892633,NM_001368136.1:c.3050C>A,NP_001355065.1:p.Ala1017Asp,0.174,25.5,['Unknown%20significance'],34.69,0.27,0.0,0.8,0.8
MYO6,6,75892635,NM_001368136.1:c.3052C>G,NP_001355065.1:p.Gln1018Glu,0.066,20.8,['Unknown%20significance'],112.63,0.56,0.0,0.3,0.3
MYO6,6,75892636,NM_001368136.1:c.3053A>G,NP_001355065.1:p.Gln1018Arg,0.063,20.3,['Unknown%20significance'],112.63,0.56,0.0,-0.2,0.2
MYO6,6,75892639,NM_001368136.1:c.3056G>A,NP_001355065.1:p.Ser1019Asn,0.062,21.9,['Unknown%20significance'],71.42,0.51,0.0,-0.0,0.0
MYO6,6,75892640,NM_001368136.1:c.3057T>G,NP_001355065.1:p.Ser1019Arg,0.181,17.67,['Unknown%20significance'],71.42,0.51,0.0,-0.5,0.5
MYO6,6,75892641,NM_001368136.1:c.3058G>A,NP_001355065.1:p.Glu1020Lys,0.208,26.0,['Unknown%20significance'],39.88,0.2,0.0,0.2,0.2
MYO6,6,75892644,NM_001368136.1:c.3061G>T,NP_001355065.1:p.Ala1021Ser,0.069,20.1,['Likely%20benign'],10.52,0.08,0.0,0.1,0.1
MYO6,6,75892645,NM_001368136.1:c.3062C>G,NP_001355065.1:p.Ala1021Gly,0.099,22.2,['Unknown%20significance'],10.52,0.08,0.0,1.0,1.0
MYO6,6,75892647,NM_001368136.1:c.3064G>A,NP_001355065.1:p.Glu1022Lys,0.295,25.3,['Unknown%20significance'],148.58,0.76,0.0,0.1,0.1
MYO6,6,75892648,NM_001368136.1:c.3065A>T,NP_001355065.1:p.Glu1022Val,0.313,25.7,['Unknown%20significance'],148.58,0.76,0.0,-0.0,0.0
MYO6,6,75892649,NM_001368136.1:c.3066G>C,NP_001355065.1:p.Glu1022Asp,0.112,22.8,['Unknown%20significance'],148.58,0.76,0.0,0.1,0.1
MYO6,6,75892650,NM_001368136.1:c.3067C>A,NP_001355065.1:p.Leu1023Ile,0.183,23.7,['Unknown%20significance'],52.03,0.26,0.0,0.1,0.1
MYO6,6,75892650,NM_001368136.1:c.3067C>T,NP_001355065.1:p.Leu1023Phe,0.212,24.0,['Unknown%20significance'],52.03,0.26,0.0,0.1,0.1
MYO6,6,75892651,NM_001368136.1:c.3068T>A,NP_001355065.1:p.Leu1023His,0.334,25.5,['Unknown%20significance'],52.03,0.26,0.0,0.3,0.3
MYO6,6,75892651,NM_001368136.1:c.3068T>C,NP_001355065.1:p.Leu1023Pro,0.389,26.5,['Unknown%20significance'],52.03,0.26,0.0,1.0,1.0
MYO6,6,75892653,NM_001368136.1:c.3070A>C,NP_001355065.1:p.Ile1024Leu,0.281,25.0,['Unknown%20significance'],28.22,0.14,0.0,0.1,0.1
MYO6,6,75892656,NM_001368136.1:c.3073A>C,NP_001355065.1:p.Ser1025Arg,0.082,21.8,['Likely%20benign'],75.85,0.55,0.0,-0.4,0.4
MYO6,6,75892656,NM_001368136.1:c.3073A>G,NP_001355065.1:p.Ser1025Gly,0.064,23.2,['Unknown%20significance'],75.85,0.55,0.0,0.5,0.5
MYO6,6,75892657,NM_001368136.1:c.3074G>A,NP_001355065.1:p.Ser1025Asn,0.027,16.02,['Likely%20benign'],75.85,0.55,0.0,-0.0,0.0
MYO6,6,75892658,NM_001368136.1:c.3075T>G,NP_001355065.1:p.Ser1025Arg,0.032,4.397,['Likely%20benign'],75.85,0.55,0.0,-0.4,0.4
MYO6,6,75892659,NM_001368136.1:c.3076G>A,NP_001355065.1:p.Asp1026Asn,0.178,31,['Unknown%20significance'],88.01,0.55,0.0,-0.1,0.1
MYO6,6,75892659,NM_001368136.1:c.3076G>C,NP_001355065.1:p.Asp1026His,0.255,29.4,['Unknown%20significance'],88.01,0.55,0.0,-0.3,0.3
MYO6,6,75892661,NM_001368136.1:c.3078T>A,NP_001355065.1:p.Asp1026Glu,0.134,0.821,['Likely%20benign'],88.01,0.55,0.0,-0.1,0.1
MYO6,6,75892666,NM_001368136.1:c.3083C>T,NP_001355065.1:p.Ala1028Val,0.043,20.4,['Likely%20benign'],46.61,0.36,0.0,-0.3,0.3
MYO6,6,75892669,NM_001368136.1:c.3086A>G,NP_001355065.1:p.Gln1029Arg,0.072,23.0,['Unknown%20significance'],15.42,0.07,0.0,-0.4,0.4
MYO6,6,75892669,NM_001368136.1:c.3086A>T,NP_001355065.1:p.Gln1029Leu,0.082,23.7,['Unknown%20significance'],15.42,0.07,0.0,0.0,0.0
MYO6,6,75892671,NM_001368136.1:c.3088G>C,NP_001355065.1:p.Ala1030Pro,0.014,19.89,['Likely%20benign'],58.72,0.46,0.0,0.1,0.1
MYO6,6,75892671,NM_001368136.1:c.3088G>T,NP_001355065.1:p.Ala1030Ser,0.016,16.28,['Likely%20benign'],58.72,0.46,0.0,0.0,0.0
MYO6,6,75892672,NM_001368136.1:c.3089C>T,NP_001355065.1:p.Ala1030Val,0.013,13.68,['Likely%20benign'],58.72,0.46,0.0,-0.4,0.4
MYO6,6,75892674,NM_001368136.1:c.3091G>A,NP_001355065.1:p.Asp1031Asn,0.191,25.7,['Unknown%20significance'],92.54,0.57,0.0,-0.1,0.1
MYO6,6,75892674,NM_001368136.1:c.3091G>C,NP_001355065.1:p.Asp1031His,0.222,29.0,['Unknown%20significance'],92.54,0.57,0.0,-0.3,0.3
MYO6,6,75892674,NM_001368136.1:c.3091G>T,NP_001355065.1:p.Asp1031Tyr,0.340,29.3,['Unknown%20significance'],92.54,0.57,0.0,-0.6,0.6
MYO6,6,75892676,NM_001368136.1:c.3093C>A,NP_001355065.1:p.Asp1031Glu,0.068,17.27,['Unknown%20significance'],92.54,0.57,0.0,-0.1,0.1
MYO6,6,75892677,NM_001368136.1:c.3094C>G,NP_001355065.1:p.Leu1032Val,0.046,9.106,['Likely%20benign'],82.29,0.42,0.0,0.1,0.1
MYO6,6,75892680,NM_001368136.1:c.3097G>A,NP_001355065.1:p.Ala1033Thr,0.088,16.90,['Unknown%20significance'],73.46,0.57,0.0,-0.1,0.1
MYO6,6,75892681,NM_001368136.1:c.3098C>A,NP_001355065.1:p.Ala1033Glu,0.072,13.05,['Unknown%20significance'],73.46,0.57,0.0,0.1,0.1
MYO6,6,75892681,NM_001368136.1:c.3098C>T,NP_001355065.1:p.Ala1033Val,0.055,15.26,['Unknown%20significance'],73.46,0.57,0.0,-0.2,0.2
MYO6,6,75892684,NM_001368136.1:c.3101T>C,NP_001355065.1:p.Leu1034Pro,0.388,24.4,['Unknown%20significance'],142.22,0.73,0.0,0.5,0.5
MYO6,6,75892686,NM_001368136.1:c.3103C>G,NP_001355065.1:p.Arg1035Gly,0.124,23.6,['Unknown%20significance'],235.66,0.87,0.0,0.2,0.2
MYO6,6,75892686,NM_001368136.1:c.3103C>T,NP_001355065.1:p.Arg1035Trp,0.209,25.6,['Unknown%20significance'],235.66,0.87,0.0,-0.1,0.1
MYO6,6,75892687,NM_001368136.1:c.3104G>A,NP_001355065.1:p.Arg1035Gln,0.212,24.4,['Unknown%20significance'],235.66,0.87,0.0,0.0,0.0
MYO6,6,75892689,NM_001368136.1:c.3106A>G,NP_001355065.1:p.Arg1036Gly,0.279,33,['Unknown%20significance'],147.45,0.54,0.0,0.7,0.7
MYO6,6,75892690,NM_001368136.1:c.3107G>A,NP_001355065.1:p.Arg1036Lys,0.147,33,['Unknown%20significance'],147.45,0.54,0.0,0.4,0.4
MYO6,6,75907606,NM_001368136.1:c.3109G>A,NP_001355065.1:p.Gly1037Ser,0.222,24.1,['Unknown%20significance'],35.22,0.36,0.0,-0.4,0.4
MYO6,6,75907607,NM_001368136.1:c.3110G>A,NP_001355065.1:p.Gly1037Asp,0.239,27.9,['Unknown%20significance'],35.22,0.36,0.0,-0.3,0.3
MYO6,6,75907607,NM_001368136.1:c.3110G>T,NP_001355065.1:p.Gly1037Val,0.315,27.1,['Unknown%20significance'],35.22,0.36,0.0,-0.9,0.9
MYO6,6,75907610,NM_001368136.1:c.3113C>A,NP_001355065.1:p.Pro1038His,0.120,26.4,['Unknown%20significance'],136.31,0.86,0.0,0.0,0.0
MYO6,6,75907610,NM_001368136.1:c.3113C>G,NP_001355065.1:p.Pro1038Arg,0.135,24.1,['Unknown%20significance'],136.31,0.86,0.0,-0.0,0.0
MYO6,6,75907613,NM_001368136.1:c.3116C>G,NP_001355065.1:p.Ala1039Gly,0.134,23.7,['Unknown%20significance'],77.9,0.61,0.0,0.4,0.4
MYO6,6,75907615,NM_001368136.1:c.3118G>C,NP_001355065.1:p.Val1040Leu,0.201,24.8,['Unknown%20significance'],54.85,0.31,0.0,-0.1,0.1
MYO6,6,75907616,NM_001368136.1:c.3119T>G,NP_001355065.1:p.Val1040Gly,0.415,28.5,['Unknown%20significance'],54.85,0.31,0.0,1.6,1.6
MYO6,6,75907618,NM_001368136.1:c.3121C>G,NP_001355065.1:p.Leu1041Val,0.127,20.5,['Unknown%20significance'],100.99,0.52,0.0,0.2,0.2
MYO6,6,75907619,NM_001368136.1:c.3122T>A,NP_001355065.1:p.Leu1041Gln,0.113,19.24,['Likely%20benign'],100.99,0.52,0.0,0.6,0.6
MYO6,6,75907619,NM_001368136.1:c.3122T>C,NP_001355065.1:p.Leu1041Pro,0.135,23.8,['Unknown%20significance'],100.99,0.52,0.0,0.8,0.8
MYO6,6,75907625,NM_001368136.1:c.3128C>T,NP_001355065.1:p.Thr1043Ile,0.108,23.4,['Unknown%20significance'],94.84,0.6,0.0,-0.3,0.3
MYO6,6,75907627,NM_001368136.1:c.3130A>G,NP_001355065.1:p.Lys1044Glu,0.299,24.6,['Unknown%20significance'],151.16,0.63,0.0,-0.0,0.0
MYO6,6,75907628,NM_001368136.1:c.3131A>C,NP_001355065.1:p.Lys1044Thr,0.322,26.8,['Unknown%20significance'],151.16,0.63,0.0,-0.2,0.2
MYO6,6,75907628,NM_001368136.1:c.3131A>G,NP_001355065.1:p.Lys1044Arg,0.277,24.3,['Unknown%20significance'],151.16,0.63,0.0,-0.3,0.3
MYO6,6,75907633,NM_001368136.1:c.3136G>A,NP_001355065.1:p.Ala1046Thr,0.144,24.6,['Unknown%20significance'],103.88,0.81,0.0,-0.1,0.1
MYO6,6,75907634,NM_001368136.1:c.3137C>G,NP_001355065.1:p.Ala1046Gly,0.143,24.7,['Unknown%20significance'],103.88,0.81,0.0,0.2,0.2
MYO6,6,75907636,NM_001368136.1:c.3139G>A,NP_001355065.1:p.Ala1047Thr,0.180,25.2,['Unknown%20significance'],64.48,0.5,0.0,-0.1,0.1
MYO6,6,75907636,NM_001368136.1:c.3139G>T,NP_001355065.1:p.Ala1047Ser,0.194,24.1,['Unknown%20significance'],64.48,0.5,0.0,0.0,0.0
MYO6,6,75907640,NM_001368136.1:c.3143G>A,NP_001355065.1:p.Gly1048Asp,0.099,23.7,['Unknown%20significance'],72.76,0.76,0.0,-0.0,0.0
MYO6,6,75907640,NM_001368136.1:c.3143G>T,NP_001355065.1:p.Gly1048Val,0.129,24.0,['Unknown%20significance'],72.76,0.76,0.0,-0.2,0.2
MYO6,6,75907642,NM_001368136.1:c.3145A>G,NP_001355065.1:p.Thr1049Ala,0.041,13.52,['Likely%20benign'],153.55,0.97,0.0,0.1,0.1
MYO6,6,75907643,NM_001368136.1:c.3146C>G,NP_001355065.1:p.Thr1049Ser,0.118,17.69,['Likely%20benign'],153.55,0.97,0.0,0.0,0.0
MYO6,6,75907649,NM_001368136.1:c.3152A>C,NP_001355065.1:p.Lys1051Thr,0.756,27.3,['Unknown%20significance'],146.16,0.61,0.0,0.0,0.0
MYO6,6,75907649,NM_001368136.1:c.3152A>T,NP_001355065.1:p.Lys1051Ile,0.800,29.4,['Unknown%20significance'],146.16,0.61,0.0,-0.0,0.0
MYO6,6,75907654,NM_001368136.1:c.3157G>C,NP_001355065.1:p.Asp1053His,0.577,28.4,['Unknown%20significance'],77.11,0.48,0.0,0.1,0.1
MYO6,6,75907654,NM_001368136.1:c.3157G>T,NP_001355065.1:p.Asp1053Tyr,0.603,31,['Unknown%20significance'],77.11,0.48,0.0,-0.1,0.1
MYO6,6,75907656,NM_001368136.1:c.3159T>A,NP_001355065.1:p.Asp1053Glu,0.123,21.9,['Unknown%20significance'],77.11,0.48,0.0,0.1,0.1
MYO6,6,75907657,NM_001368136.1:c.3160C>A,NP_001355065.1:p.Leu1054Ile,0.625,25.3,['Unknown%20significance'],2.06,0.01,0.0,0.6,0.6
MYO6,6,75907660,NM_001368136.1:c.3163A>T,NP_001355065.1:p.Ser1055Cys,0.730,27.3,['Unknown%20significance'],64.51,0.46,0.0,0.2,0.2
MYO6,6,75907661,NM_001368136.1:c.3164G>A,NP_001355065.1:p.Ser1055Asn,0.431,26.3,['Unknown%20significance'],64.51,0.46,0.0,0.2,0.2
MYO6,6,75907661,NM_001368136.1:c.3164G>C,NP_001355065.1:p.Ser1055Thr,0.293,23.8,['Unknown%20significance'],64.51,0.46,0.0,-0.1,0.1
MYO6,6,75907663,NM_001368136.1:c.3166A>G,NP_001355065.1:p.Lys1056Glu,0.745,27.6,['Unknown%20significance'],213.71,0.9,0.0,-0.0,0.0
MYO6,6,75907664,NM_001368136.1:c.3167A>C,NP_001355065.1:p.Lys1056Thr,0.744,25.3,['Unknown%20significance'],213.71,0.9,0.0,-0.1,0.1
MYO6,6,75907664,NM_001368136.1:c.3167A>G,NP_001355065.1:p.Lys1056Arg,0.565,25.3,['Unknown%20significance'],213.71,0.9,0.0,-0.2,0.2
MYO6,6,75907672,NM_001368136.1:c.3175T>A,NP_001355065.1:p.Tyr1059Asn,0.816,28.0,['Unknown%20significance'],29.2,0.12,0.0,2.9,2.9
MYO6,6,75907673,NM_001368136.1:c.3176A>G,NP_001355065.1:p.Tyr1059Cys,0.779,28.6,['Unknown%20significance'],29.2,0.12,0.0,2.8,2.8
MYO6,6,75907676,NM_001368136.1:c.3179C>T,NP_001355065.1:p.Ala1060Val,0.418,25.3,['Unknown%20significance'],31.84,0.25,0.0,-0.2,0.2
MYO6,6,75907679,NM_001368136.1:c.3182A>C,NP_001355065.1:p.Glu1061Ala,0.696,27.7,['Unknown%20significance'],72.44,0.37,0.0,0.2,0.2
MYO6,6,75907684,NM_001368136.1:c.3187C>T,NP_001355065.1:p.Arg1063Cys,0.761,32,['Unknown%20significance'],73.97,0.27,0.0,1.1,1.1
MYO6,6,75907685,NM_001368136.1:c.3188G>A,NP_001355065.1:p.Arg1063His,0.806,31,['Unknown%20significance'],73.97,0.27,0.0,0.5,0.5
MYO6,6,75907693,NM_001368136.1:c.3196A>G,NP_001355065.1:p.Ile1066Val,0.440,25.8,['Unknown%20significance'],0.0,0.0,0.0,1.3,1.3
MYO6,6,75907693,NM_001368136.1:c.3196A>T,NP_001355065.1:p.Ile1066Phe,0.792,27.9,['Unknown%20significance'],0.0,0.0,0.0,1.5,1.5
MYO6,6,75907697,NM_001368136.1:c.3200A>G,NP_001355065.1:p.Asn1067Ser,0.676,26.0,['Unknown%20significance'],43.2,0.27,0.0,0.2,0.2
MYO6,6,75907698,NM_001368136.1:c.3201T>A,NP_001355065.1:p.Asn1067Lys,0.668,20.3,['Unknown%20significance'],43.2,0.27,0.0,0.5,0.5
MYO6,6,75907703,NM_001368136.1:c.3206C>A,NP_001355065.1:p.Ser1069Tyr,0.771,27.1,['Unknown%20significance'],17.73,0.12,0.0,-0.5,0.5
MYO6,6,75907703,NM_001368136.1:c.3206C>T,NP_001355065.1:p.Ser1069Phe,0.784,28.7,['Unknown%20significance'],17.73,0.12,0.0,-0.2,0.2
MYO6,6,75907706,NM_001368136.1:c.3209G>A,NP_001355065.1:p.Cys1070Tyr,0.798,32,['Unknown%20significance'],153.3,0.99,0.0,0.0,0.0
MYO6,6,75907706,NM_001368136.1:c.3209G>T,NP_001355065.1:p.Cys1070Phe,0.820,33,['Unknown%20significance'],153.3,0.99,0.0,0.1,0.1
MYO6,6,75908496,NM_001368136.1:c.3212A>G,NP_001355065.1:p.Asp1071Gly,0.731,28.0,['Unknown%20significance'],58.75,0.36,0.0,0.9,0.9
MYO6,6,75908496,NM_001368136.1:c.3212A>T,NP_001355065.1:p.Asp1071Val,0.730,32,['Unknown%20significance'],58.75,0.36,0.0,-0.1,0.1
MYO6,6,75908498,NM_001368136.1:c.3214A>G,NP_001355065.1:p.Ile1072Val,0.453,23.4,['Unknown%20significance'],105.31,0.53,0.0,0.2,0.2
MYO6,6,75908498,NM_001368136.1:c.3214A>T,NP_001355065.1:p.Ile1072Phe,0.732,26.2,['Unknown%20significance'],105.31,0.53,0.0,0.3,0.3
MYO6,6,75908499,NM_001368136.1:c.3215T>C,NP_001355065.1:p.Ile1072Thr,0.707,26.0,['Unknown%20significance'],105.31,0.53,0.0,0.7,0.7
MYO6,6,75908502,NM_001368136.1:c.3218A>T,NP_001355065.1:p.Glu1073Val,0.684,32,['Unknown%20significance'],73.77,0.37,0.0,-0.4,0.4
MYO6,6,75908504,NM_001368136.1:c.3220C>A,NP_001355065.1:p.Leu1074Ile,0.460,24.6,['Unknown%20significance'],26.96,0.13,0.0,0.6,0.6
MYO6,6,75908504,NM_001368136.1:c.3220C>T,NP_001355065.1:p.Leu1074Phe,0.552,25.2,['Unknown%20significance'],26.96,0.13,0.0,0.5,0.5
MYO6,6,75908507,NM_001368136.1:c.3223C>G,NP_001355065.1:p.Leu1075Val,0.644,23.8,['Unknown%20significance'],9.86,0.05,0.0,0.7,0.7
MYO6,6,75908511,NM_001368136.1:c.3227C>A,NP_001355065.1:p.Ala1076Glu,0.298,20.9,['Unknown%20significance'],6.1,0.04,0.0,0.3,0.3
MYO6,6,75908511,NM_001368136.1:c.3227C>G,NP_001355065.1:p.Ala1076Gly,0.180,23.0,['Unknown%20significance'],6.1,0.04,0.0,1.3,1.3
MYO6,6,75908511,NM_001368136.1:c.3227C>T,NP_001355065.1:p.Ala1076Val,0.191,23.9,['Unknown%20significance'],6.1,0.04,0.0,-0.8,0.8
MYO6,6,75908513,NM_001368136.1:c.3229G>C,NP_001355065.1:p.Ala1077Pro,0.604,28.6,['Unknown%20significance'],12.58,0.09,0.0,1.2,1.2
MYO6,6,75908514,NM_001368136.1:c.3230C>G,NP_001355065.1:p.Ala1077Gly,0.518,27.7,['Unknown%20significance'],12.58,0.09,0.0,1.6,1.6
MYO6,6,75908516,NM_001368136.1:c.3232T>G,NP_001355065.1:p.Cys1078Gly,0.878,27.2,['Unknown%20significance'],0.0,0.0,0.0,2.8,2.8
MYO6,6,75908517,NM_001368136.1:c.3233G>T,NP_001355065.1:p.Cys1078Phe,0.808,27.6,['Unknown%20significance'],0.0,0.0,0.0,0.7,0.7
MYO6,6,75908522,NM_001368136.1:c.3238G>A,NP_001355065.1:p.Glu1080Lys,0.658,31,['Unknown%20significance'],59.39,0.3,0.0,0.4,0.4
MYO6,6,75908523,NM_001368136.1:c.3239A>C,NP_001355065.1:p.Glu1080Ala,0.729,29.0,['Unknown%20significance'],59.39,0.3,0.0,0.3,0.3
MYO6,6,75908532,NM_001368136.1:c.3248A>G,NP_001355065.1:p.His1083Arg,0.536,24.0,['Unknown%20significance'],5.26,0.02,0.0,0.8,0.8
MYO6,6,75908540,NM_001368136.1:c.3256C>G,NP_001355065.1:p.Leu1086Val,0.568,24.8,['Unknown%20significance'],0.0,0.0,0.0,1.9,1.9
MYO6,6,75908541,NM_001368136.1:c.3257T>C,NP_001355065.1:p.Leu1086Pro,0.847,28.2,['Unknown%20significance'],0.0,0.0,0.0,4.1,4.1
MYO6,6,75908543,NM_001368136.1:c.3259A>G,NP_001355065.1:p.Lys1087Glu,0.688,27.1,['Unknown%20significance'],57.92,0.24,0.0,-0.1,0.1
MYO6,6,75908544,NM_001368136.1:c.3260A>C,NP_001355065.1:p.Lys1087Thr,0.688,26.8,['Unknown%20significance'],57.92,0.24,0.0,-0.1,0.1
MYO6,6,75908546,NM_001368136.1:c.3262G>A,NP_001355065.1:p.Val1088Met,0.596,27.0,['Unknown%20significance'],52.86,0.3,0.0,0.5,0.5
MYO6,6,75908547,NM_001368136.1:c.3263T>C,NP_001355065.1:p.Val1088Ala,0.619,24.4,['Unknown%20significance'],52.86,0.3,0.0,1.2,1.2
MYO6,6,75908550,NM_001368136.1:c.3266A>G,NP_001355065.1:p.Tyr1089Cys,0.809,28.0,['Pathogenic'],5.22,0.02,0.0,3.8,3.8
MYO6,6,75908553,NM_001368136.1:c.3269A>G,NP_001355065.1:p.His1090Arg,0.706,25.4,['Unknown%20significance'],17.11,0.08,0.0,0.5,0.5
MYO6,6,75908553,NM_001368136.1:c.3269A>T,NP_001355065.1:p.His1090Leu,0.651,26.6,['Unknown%20significance'],17.11,0.08,0.0,0.3,0.3
MYO6,6,75908555,NM_001368136.1:c.3271G>A,NP_001355065.1:p.Ala1091Thr,0.406,27.4,['Unknown%20significance'],63.25,0.49,0.0,0.4,0.4
MYO6,6,75908559,NM_001368136.1:c.3275G>T,NP_001355065.1:p.Trp1092Leu,0.588,31,['Unknown%20significance'],14.36,0.05,0.0,3.3,3.3
MYO6,6,75908562,NM_001368136.1:c.3278A>C,NP_001355065.1:p.Lys1093Thr,0.684,27.0,['Unknown%20significance'],54.34,0.22,0.0,-0.0,0.0
MYO6,6,75908565,NM_001368136.1:c.3281C>T,NP_001355065.1:p.Ser1094Phe,0.528,26.8,['Unknown%20significance'],84.06,0.6,0.0,-0.2,0.2
MYO6,6,75908567,NM_001368136.1:c.3283A>C,NP_001355065.1:p.Lys1095Gln,0.595,26.5,['Unknown%20significance'],169.23,0.71,0.0,-0.2,0.2
MYO6,6,75908569,NM_001368136.1:c.3285G>C,NP_001355065.1:p.Lys1095Asn,0.614,27.4,['Unknown%20significance'],169.23,0.71,0.0,-0.1,0.1
MYO6,6,75908574,NM_001368136.1:c.3290A>G,NP_001355065.1:p.Lys1097Arg,0.306,23.8,['Unknown%20significance'],67.7,0.28,0.0,-0.8,0.8
MYO6,6,75908576,NM_001368136.1:c.3292A>C,NP_001355065.1:p.Lys1098Gln,0.387,25.2,['Unknown%20significance'],27.7,0.11,0.0,-0.6,0.6
MYO6,6,75908578,NM_001368136.1:c.3294G>T,NP_001355065.1:p.Lys1098Asn,0.396,24.6,['Unknown%20significance'],27.7,0.11,0.0,-0.4,0.4
MYO6,6,75908582,NM_001368136.1:c.3298A>G,NP_001355065.1:p.Asn1100Asp,0.283,23.7,['Unknown%20significance'],118.63,0.74,0.0,0.1,0.1
MYO6,6,75908583,NM_001368136.1:c.3299A>G,NP_001355065.1:p.Asn1100Ser,0.315,23.3,['Unknown%20significance'],118.63,0.74,0.0,0.1,0.1
MYO6,6,75908585,NM_001368136.1:c.3301A>G,NP_001355065.1:p.Thr1101Ala,0.182,18.15,['Unknown%20significance'],60.81,0.38,0.0,0.4,0.4
MYO6,6,75908592,NM_001368136.1:c.3308C>A,NP_001355065.1:p.Thr1103Lys,0.329,22.7,['Unknown%20significance'],60.77,0.38,0.0,0.2,0.2
MYO6,6,75908594,NM_001368136.1:c.3310G>A,NP_001355065.1:p.Glu1104Lys,0.548,25.3,['Unknown%20significance'],155.11,0.79,0.0,0.1,0.1
MYO6,6,75908594,NM_001368136.1:c.3310G>C,NP_001355065.1:p.Glu1104Gln,0.446,24.1,['Unknown%20significance'],155.11,0.79,0.0,-0.0,0.0
MYO6,6,75908595,NM_001368136.1:c.3311A>G,NP_001355065.1:p.Glu1104Gly,0.577,26.1,['Unknown%20significance'],155.11,0.79,0.0,0.1,0.1
MYO6,6,75908598,NM_001368136.1:c.3314A>G,NP_001355065.1:p.Gln1105Arg,0.334,24.1,['Unknown%20significance'],24.14,0.12,0.0,-0.2,0.2
MYO6,6,75908599,NM_001368136.1:c.3315A>C,NP_001355065.1:p.Gln1105His,0.393,22.8,['Unknown%20significance'],24.14,0.12,0.0,-0.0,0.0
MYO6,6,75908600,NM_001368136.1:c.3316C>T,NP_001355065.1:p.Arg1106Cys,0.623,29.6,['Unknown%20significance'],67.43,0.25,0.0,1.3,1.3
MYO6,6,75908601,NM_001368136.1:c.3317G>A,NP_001355065.1:p.Arg1106His,0.758,31,['Unknown%20significance'],67.43,0.25,0.0,0.6,0.6
MYO6,6,75908606,NM_001368136.1:c.3322C>T,NP_001355065.1:p.Pro1108Ser,0.528,25.5,['Pathogenic'],3.99,0.02,0.0,2.3,2.3
MYO6,6,75908607,NM_001368136.1:c.3323C>T,NP_001355065.1:p.Pro1108Leu,0.620,27.5,['Unknown%20significance'],3.99,0.02,0.0,1.1,1.1
MYO6,6,75908609,NM_001368136.1:c.3325A>G,NP_001355065.1:p.Lys1109Glu,0.300,24.9,['Unknown%20significance'],118.46,0.5,0.0,0.1,0.1
MYO6,6,75908610,NM_001368136.1:c.3326A>C,NP_001355065.1:p.Lys1109Thr,0.329,25.1,['Unknown%20significance'],118.46,0.5,0.0,-0.3,0.3
MYO6,6,75908610,NM_001368136.1:c.3326A>G,NP_001355065.1:p.Lys1109Arg,0.279,29.0,['Unknown%20significance'],118.46,0.5,0.0,-0.6,0.6
MYO6,6,75908613,NM_001368136.1:c.3329C>T,NP_001355065.1:p.Ser1110Phe,0.631,27.7,['Unknown%20significance'],60.25,0.43,0.0,-0.4,0.4
MYO6,6,75908615,NM_001368136.1:c.3331G>T,NP_001355065.1:p.Val1111Phe,0.511,27.3,['Unknown%20significance'],0.0,0.0,0.0,1.0,1.0
MYO6,6,75908619,NM_001368136.1:c.3335C>G,NP_001355065.1:p.Thr1112Ser,0.379,24.0,['Unknown%20significance'],37.51,0.23,0.0,0.7,0.7
MYO6,6,75908619,NM_001368136.1:c.3335C>T,NP_001355065.1:p.Thr1112Ile,0.488,23.8,['Unknown%20significance'],37.51,0.23,0.0,-0.9,0.9
MYO6,6,75908622,NM_001368136.1:c.3338A>G,NP_001355065.1:p.Asp1113Gly,0.518,26.5,['Unknown%20significance'],34.27,0.21,0.0,0.8,0.8
MYO6,6,75908624,NM_001368136.1:c.3340T>C,NP_001355065.1:p.Tyr1114His,0.449,24.8,['Unknown%20significance'],47.02,0.19,0.0,0.9,0.9
MYO6,6,75908625,NM_001368136.1:c.3341A>G,NP_001355065.1:p.Tyr1114Cys,0.514,32,['Unknown%20significance'],47.02,0.19,0.0,1.6,1.6
MYO6,6,75908625,NM_001368136.1:c.3341A>T,NP_001355065.1:p.Tyr1114Phe,0.379,27.0,['Unknown%20significance'],47.02,0.19,0.0,0.6,0.6
MYO6,6,75914063,NM_001368136.1:c.3344C>T,NP_001355065.1:p.Ala1115Val,0.455,25.3,['Unknown%20significance'],19.08,0.15,0.0,0.0,0.0
MYO6,6,75914069,NM_001368136.1:c.3350A>G,NP_001355065.1:p.Gln1117Arg,0.401,23.9,['Unknown%20significance'],140.33,0.7,0.0,-0.1,0.1
MYO6,6,75914071,NM_001368136.1:c.3352A>G,NP_001355065.1:p.Asn1118Asp,0.447,25.1,['Unknown%20significance'],34.39,0.21,0.0,0.2,0.2
MYO6,6,75914072,NM_001368136.1:c.3353A>C,NP_001355065.1:p.Asn1118Thr,0.385,24.7,['Unknown%20significance'],34.39,0.21,0.0,-0.5,0.5
MYO6,6,75914072,NM_001368136.1:c.3353A>G,NP_001355065.1:p.Asn1118Ser,0.390,23.9,['Unknown%20significance'],34.39,0.21,0.0,-0.1,0.1
MYO6,6,75914072,NM_001368136.1:c.3353A>T,NP_001355065.1:p.Asn1118Ile,0.540,25.4,['Unknown%20significance'],34.39,0.21,0.0,-0.8,0.8
MYO6,6,75914074,NM_001368136.1:c.3355C>A,NP_001355065.1:p.Pro1119Thr,0.439,23.0,['Unknown%20significance'],38.35,0.24,0.0,0.1,0.1
MYO6,6,75914075,NM_001368136.1:c.3356C>G,NP_001355065.1:p.Pro1119Arg,0.395,24.3,['Unknown%20significance'],38.35,0.24,0.0,0.0,0.0
MYO6,6,75914078,NM_001368136.1:c.3359C>G,NP_001355065.1:p.Ala1120Gly,0.282,21.4,['Likely%20benign'],44.03,0.34,0.0,0.5,0.5
MYO6,6,75914080,NM_001368136.1:c.3361G>A,NP_001355065.1:p.Ala1121Thr,0.071,15.89,['Likely%20benign'],44.28,0.34,0.0,-0.1,0.1
MYO6,6,75914080,NM_001368136.1:c.3361G>C,NP_001355065.1:p.Ala1121Pro,0.131,13.43,['Likely%20benign'],44.28,0.34,0.0,0.1,0.1
MYO6,6,75914083,NM_001368136.1:c.3364C>A,NP_001355065.1:p.Gln1122Lys,0.411,22.6,['Unknown%20significance'],197.92,1.0,0.0,0.1,0.1
MYO6,6,75914084,NM_001368136.1:c.3365A>G,NP_001355065.1:p.Gln1122Arg,0.431,23.3,['Unknown%20significance'],197.92,1.0,0.0,-0.0,0.0
MYO6,6,75914087,NM_001368136.1:c.3368T>G,NP_001355065.1:p.Ile1123Ser,0.189,23.4,['Unknown%20significance'],70.92,0.36,0.0,1.0,1.0
MYO6,6,75914089,NM_001368136.1:c.3370C>T,NP_001355065.1:p.Pro1124Ser,0.286,23.1,['Unknown%20significance'],80.64,0.51,0.0,0.1,0.1
MYO6,6,75914095,NM_001368136.1:c.3376A>G,NP_001355065.1:p.Arg1126Gly,0.728,23.8,['Unknown%20significance'],108.47,0.4,0.0,0.7,0.7
MYO6,6,75914096,NM_001368136.1:c.3377G>C,NP_001355065.1:p.Arg1126Thr,0.523,24.4,['Unknown%20significance'],108.47,0.4,0.0,0.2,0.2
MYO6,6,75914098,NM_001368136.1:c.3379C>G,NP_001355065.1:p.Gln1127Glu,0.463,23.4,['Unknown%20significance'],112.28,0.56,0.0,0.3,0.3
MYO6,6,75914100,NM_001368136.1:c.3381G>C,NP_001355065.1:p.Gln1127His,0.502,22.1,['Unknown%20significance'],112.28,0.56,0.0,-0.1,0.1
MYO6,6,75914101,NM_001368136.1:c.3382C>T,NP_001355065.1:p.Arg1128Trp,0.338,29.7,['Unknown%20significance'],92.6,0.34,0.0,-0.4,0.4
MYO6,6,75914102,NM_001368136.1:c.3383G>A,NP_001355065.1:p.Arg1128Gln,0.305,20.3,['Likely%20benign'],92.6,0.34,0.0,0.1,0.1
MYO6,6,75914102,NM_001368136.1:c.3383G>T,NP_001355065.1:p.Arg1128Leu,0.332,24.2,['Likely%20benign'],92.6,0.34,0.0,-0.0,0.0
MYO6,6,75914107,NM_001368136.1:c.3388A>G,NP_001355065.1:p.Ile1130Val,0.201,15.71,['Unknown%20significance'],127.83,0.65,0.0,0.0,0.0
MYO6,6,75914109,NM_001368136.1:c.3390T>G,NP_001355065.1:p.Ile1130Met,0.213,13.31,['Likely%20benign'],127.83,0.65,0.0,0.1,0.1
MYO6,6,75914113,NM_001368136.1:c.3394A>G,NP_001355065.1:p.Met1132Val,0.308,14.78,['Unknown%20significance'],27.59,0.12,0.0,0.2,0.2
MYO6,6,75914114,NM_001368136.1:c.3395T>G,NP_001355065.1:p.Met1132Arg,0.343,21.6,['Unknown%20significance'],27.59,0.12,0.0,0.3,0.3
MYO6,6,75914118,NM_001368136.1:c.3399C>A,NP_001355065.1:p.Asn1133Lys,0.338,22.0,['Unknown%20significance'],134.54,0.84,0.0,0.1,0.1
MYO6,6,75914120,NM_001368136.1:c.3401G>A,NP_001355065.1:p.Arg1134Gln,0.428,26.1,['Unknown%20significance'],125.24,0.46,0.0,0.2,0.2
MYO6,6,75914120,NM_001368136.1:c.3401G>T,NP_001355065.1:p.Arg1134Leu,0.647,26.1,['Unknown%20significance'],125.24,0.46,0.0,0.2,0.2
MYO6,6,75914122,NM_001368136.1:c.3403C>A,NP_001355065.1:p.Gln1135Lys,0.490,23.1,['Unknown%20significance'],74.27,0.37,0.0,0.5,0.5
MYO6,6,75914123,NM_001368136.1:c.3404A>C,NP_001355065.1:p.Gln1135Pro,0.472,24.0,['Unknown%20significance'],74.27,0.37,0.0,0.5,0.5
MYO6,6,75914126,NM_001368136.1:c.3407A>C,NP_001355065.1:p.Gln1136Pro,0.817,27.5,['Unknown%20significance'],43.19,0.21,0.0,1.1,1.1
MYO6,6,75914128,NM_001368136.1:c.3409C>A,NP_001355065.1:p.Arg1137Ser,0.818,27.0,['Unknown%20significance'],41.1,0.15,0.0,1.9,1.9
MYO6,6,75914128,NM_001368136.1:c.3409C>T,NP_001355065.1:p.Arg1137Cys,0.806,31,['Unknown%20significance'],41.1,0.15,0.0,1.7,1.7
MYO6,6,75914129,NM_001368136.1:c.3410G>A,NP_001355065.1:p.Arg1137His,0.813,31,['Unknown%20significance'],41.1,0.15,0.0,0.7,0.7
MYO6,6,75914129,NM_001368136.1:c.3410G>T,NP_001355065.1:p.Arg1137Leu,0.845,31,['Unknown%20significance'],41.1,0.15,0.0,0.4,0.4
MYO6,6,75914132,NM_001368136.1:c.3413T>G,NP_001355065.1:p.Phe1138Cys,0.725,26.9,['Unknown%20significance'],4.28,0.01,0.0,3.4,3.4
MYO6,6,75914136,NM_001368136.1:c.3417C>G,NP_001355065.1:p.Phe1139Leu,0.848,24.3,['Unknown%20significance'],0.0,0.0,0.0,2.4,2.4
MYO6,6,75914137,NM_001368136.1:c.3418C>G,NP_001355065.1:p.Arg1140Gly,0.696,27.3,['Unknown%20significance'],84.96,0.31,0.0,1.8,1.8
MYO6,6,75914137,NM_001368136.1:c.3418C>T,NP_001355065.1:p.Arg1140Cys,0.684,29.7,['Unknown%20significance'],84.96,0.31,0.0,1.0,1.0
MYO6,6,75914138,NM_001368136.1:c.3419G>A,NP_001355065.1:p.Arg1140His,0.764,30,['Pathogenic'],84.96,0.31,0.0,0.6,0.6
MYO6,6,75914140,NM_001368136.1:c.3421A>G,NP_001355065.1:p.Ile1141Val,0.411,23.4,['Unknown%20significance'],10.1,0.05,0.0,0.7,0.7
MYO6,6,75914141,NM_001368136.1:c.3422T>C,NP_001355065.1:p.Ile1141Thr,0.911,27.0,['Unknown%20significance'],10.1,0.05,0.0,3.3,3.3
MYO6,6,75914143,NM_001368136.1:c.3424C>T,NP_001355065.1:p.Pro1142Ser,0.602,24.0,['Unknown%20significance'],72.26,0.45,0.0,1.1,1.1
MYO6,6,75914147,NM_001368136.1:c.3428T>C,NP_001355065.1:p.Phe1143Ser,0.949,30,['Unknown%20significance'],2.13,0.0,0.0,5.1,5.1
MYO6,6,75914148,NM_001368136.1:c.3429C>A,NP_001355065.1:p.Phe1143Leu,0.764,25.2,['Unknown%20significance'],2.13,0.0,0.0,2.2,2.2
MYO6,6,75914149,NM_001368136.1:c.3430A>C,NP_001355065.1:p.Ile1144Leu,0.592,24.5,['Pathogenic'],43.95,0.22,0.0,0.4,0.4
MYO6,6,75914149,NM_001368136.1:c.3430A>G,NP_001355065.1:p.Ile1144Val,0.462,23.1,['Unknown%20significance'],43.95,0.22,0.0,0.1,0.1
MYO6,6,75914149,NM_001368136.1:c.3430A>T,NP_001355065.1:p.Ile1144Phe,0.694,27.1,['Unknown%20significance'],43.95,0.22,0.0,0.3,0.3
MYO6,6,75914150,NM_001368136.1:c.3431T>C,NP_001355065.1:p.Ile1144Thr,0.706,24.7,['Unknown%20significance'],43.95,0.22,0.0,0.7,0.7
MYO6,6,75914152,NM_001368136.1:c.3433C>T,NP_001355065.1:p.Arg1145Cys,0.715,28.8,['Unknown%20significance'],41.66,0.15,0.0,1.1,1.1
MYO6,6,75914153,NM_001368136.1:c.3434G>A,NP_001355065.1:p.Arg1145His,0.725,29.7,['Unknown%20significance'],41.66,0.15,0.0,0.4,0.4
MYO6,6,75914153,NM_001368136.1:c.3434G>T,NP_001355065.1:p.Arg1145Leu,0.884,29.3,['Unknown%20significance'],41.66,0.15,0.0,0.3,0.3
MYO6,6,75914156,NM_001368136.1:c.3437C>T,NP_001355065.1:p.Pro1146Leu,0.799,26.1,['Unknown%20significance'],13.96,0.08,0.0,0.7,0.7
MYO6,6,75914158,NM_001368136.1:c.3439G>A,NP_001355065.1:p.Ala1147Thr,0.252,24.0,['Unknown%20significance'],41.08,0.32,0.0,0.0,0.0
MYO6,6,75914158,NM_001368136.1:c.3439G>T,NP_001355065.1:p.Ala1147Ser,0.325,19.68,['Unknown%20significance'],41.08,0.32,0.0,0.1,0.1
MYO6,6,75914161,NM_001368136.1:c.3442G>A,NP_001355065.1:p.Asp1148Asn,0.419,25.4,['Unknown%20significance'],1.95,0.01,0.0,0.1,0.1
MYO6,6,75914161,NM_001368136.1:c.3442G>T,NP_001355065.1:p.Asp1148Tyr,0.703,28.8,['Unknown%20significance'],1.95,0.01,0.0,-0.6,0.6
MYO6,6,75914162,NM_001368136.1:c.3443A>G,NP_001355065.1:p.Asp1148Gly,0.640,25.3,['Unknown%20significance'],1.95,0.01,0.0,1.3,1.3
MYO6,6,75914162,NM_001368136.1:c.3443A>T,NP_001355065.1:p.Asp1148Val,0.765,28.0,['Unknown%20significance'],1.95,0.01,0.0,0.3,0.3
MYO6,6,75914163,NM_001368136.1:c.3444C>A,NP_001355065.1:p.Asp1148Glu,0.371,22.7,['Unknown%20significance'],1.95,0.01,0.0,0.2,0.2
MYO6,6,75914165,NM_001368136.1:c.3446A>C,NP_001355065.1:p.Gln1149Pro,0.709,24.8,['Unknown%20significance'],32.72,0.16,0.0,0.8,0.8
MYO6,6,75914165,NM_001368136.1:c.3446A>G,NP_001355065.1:p.Gln1149Arg,0.662,24.6,['Unknown%20significance'],32.72,0.16,0.0,-0.2,0.2
MYO6,6,75914165,NM_001368136.1:c.3446A>T,NP_001355065.1:p.Gln1149Leu,0.637,27.7,['Unknown%20significance'],32.72,0.16,0.0,-0.2,0.2
MYO6,6,75914167,NM_001368136.1:c.3448T>C,NP_001355065.1:p.Tyr1150His,0.481,24.5,['Unknown%20significance'],217.3,0.9,0.0,0.2,0.2
MYO6,6,75914170,NM_001368136.1:c.3451A>C,NP_001355065.1:p.Lys1151Gln,0.429,24.9,['Unknown%20significance'],94.68,0.39,0.0,-0.2,0.2
MYO6,6,75914170,NM_001368136.1:c.3451A>G,NP_001355065.1:p.Lys1151Glu,0.629,25.4,['Unknown%20significance'],94.68,0.39,0.0,0.3,0.3
MYO6,6,75914171,NM_001368136.1:c.3452A>G,NP_001355065.1:p.Lys1151Arg,0.467,24.3,['Unknown%20significance'],94.68,0.39,0.0,-0.6,0.6
MYO6,6,75914175,NM_001368136.1:c.3456C>A,NP_001355065.1:p.Asp1152Glu,0.477,20.1,['Unknown%20significance'],82.57,0.51,0.0,0.1,0.1
MYO6,6,75914177,NM_001368136.1:c.3458C>G,NP_001355065.1:p.Pro1153Arg,0.560,25.4,['Unknown%20significance'],112.07,0.71,0.0,-0.2,0.2
MYO6,6,75914179,NM_001368136.1:c.3460C>A,NP_001355065.1:p.Gln1154Lys,0.432,22.8,['Unknown%20significance'],147.31,0.74,0.0,0.2,0.2
MYO6,6,75914180,NM_001368136.1:c.3461A>C,NP_001355065.1:p.Gln1154Pro,0.574,24.3,['Unknown%20significance'],147.31,0.74,0.0,0.3,0.3
MYO6,6,75914180,NM_001368136.1:c.3461A>G,NP_001355065.1:p.Gln1154Arg,0.517,23.6,['Unknown%20significance'],147.31,0.74,0.0,-0.0,0.0
MYO6,6,75914182,NM_001368136.1:c.3463A>C,NP_001355065.1:p.Ser1155Arg,0.284,23.9,['Unknown%20significance'],66.47,0.48,0.0,-0.1,0.1
MYO6,6,75914186,NM_001368136.1:c.3467A>G,NP_001355065.1:p.Lys1156Arg,0.364,23.9,['Benign'],51.56,0.21,0.0,-0.7,0.7
MYO6,6,75914188,NM_001368136.1:c.3469A>C,NP_001355065.1:p.Lys1157Gln,0.643,25.0,['Unknown%20significance'],95.18,0.4,0.0,-0.4,0.4
MYO6,6,75914188,NM_001368136.1:c.3469A>G,NP_001355065.1:p.Lys1157Glu,0.789,25.0,['Unknown%20significance'],95.18,0.4,0.0,-0.0,0.0
MYO6,6,75914189,NM_001368136.1:c.3470A>C,NP_001355065.1:p.Lys1157Thr,0.852,26.8,['Unknown%20significance'],95.18,0.4,0.0,-0.1,0.1
MYO6,6,75914189,NM_001368136.1:c.3470A>G,NP_001355065.1:p.Lys1157Arg,0.652,24.6,['Unknown%20significance'],95.18,0.4,0.0,-0.7,0.7
MYO6,6,75914189,NM_001368136.1:c.3470A>T,NP_001355065.1:p.Lys1157Ile,0.824,28.5,['Unknown%20significance'],95.18,0.4,0.0,0.0,0.0
MYO6,6,75914194,NM_001368136.1:c.3475G>A,NP_001355065.1:p.Gly1159Ser,0.728,28.7,['Unknown%20significance'],0.34,0.0,0.0,1.2,1.2
MYO6,6,75914195,NM_001368136.1:c.3476G>T,NP_001355065.1:p.Gly1159Val,0.889,28.2,['Unknown%20significance'],0.34,0.0,0.0,0.5,0.5
MYO6,6,75914197,NM_001368136.1:c.3478T>A,NP_001355065.1:p.Trp1160Arg,0.924,31,['Unknown%20significance'],94.72,0.36,0.0,2.0,2.0
MYO6,6,75914200,NM_001368136.1:c.3481T>C,NP_001355065.1:p.Trp1161Arg,0.920,29.9,['Unknown%20significance'],0.0,0.0,0.0,6.0,6.0
MYO6,6,75914201,NM_001368136.1:c.3482G>C,NP_001355065.1:p.Trp1161Ser,0.874,31,['Unknown%20significance'],0.0,0.0,0.0,7.3,7.3
MYO6,6,75914203,NM_001368136.1:c.3484T>C,NP_001355065.1:p.Tyr1162His,0.902,28.3,['Unknown%20significance'],3.4,0.01,0.0,2.7,2.7
MYO6,6,75914204,NM_001368136.1:c.3485A>G,NP_001355065.1:p.Tyr1162Cys,0.877,27.9,['Unknown%20significance'],3.4,0.01,0.0,4.2,4.2
MYO6,6,75914209,NM_001368136.1:c.3490C>G,NP_001355065.1:p.His1164Asp,0.914,25.6,['Unknown%20significance'],0.0,0.0,0.0,3.5,3.5
MYO6,6,75914212,NM_001368136.1:c.3493T>G,NP_001355065.1:p.Phe1165Val,0.928,27.4,['Unknown%20significance'],0.0,0.0,0.0,3.5,3.5
MYO6,6,75914221,NM_001368136.1:c.3502C>G,NP_001355065.1:p.Pro1168Ala,0.417,22.7,['Unknown%20significance'],7.6,0.04,0.0,-0.1,0.1
MYO6,6,75914221,NM_001368136.1:c.3502C>T,NP_001355065.1:p.Pro1168Ser,0.453,23.0,['Unknown%20significance'],7.6,0.04,0.0,0.1,0.1
MYO6,6,75914222,NM_001368136.1:c.3503C>T,NP_001355065.1:p.Pro1168Leu,0.645,23.5,['Unknown%20significance'],7.6,0.04,0.0,-1.1,1.1
MYO6,6,75914224,NM_001368136.1:c.3505T>C,NP_001355065.1:p.Trp1169Arg,0.899,28.3,['Unknown%20significance'],13.48,0.05,0.0,3.8,3.8
MYO6,6,75914226,NM_001368136.1:c.3507G>T,NP_001355065.1:p.Trp1169Cys,0.879,32,['Unknown%20significance'],13.48,0.05,0.0,3.9,3.9
MYO6,6,75914230,NM_001368136.1:c.3511G>T,NP_001355065.1:p.Ala1171Ser,0.677,26.0,['Unknown%20significance'],1.77,0.01,0.0,1.4,1.4
MYO6,6,75914231,NM_001368136.1:c.3512C>T,NP_001355065.1:p.Ala1171Val,0.748,24.0,['Unknown%20significance'],1.77,0.01,0.0,-0.3,0.3
MYO6,6,75914233,NM_001368136.1:c.3514C>T,NP_001355065.1:p.Arg1172Trp,0.863,24.6,['Likely%20benign'],2.64,0.0,0.0,-0.4,0.4
MYO6,6,75914234,NM_001368136.1:c.3515G>A,NP_001355065.1:p.Arg1172Gln,0.876,29.0,['Unknown%20significance'],2.64,0.0,0.0,0.7,0.7
MYO6,6,75914239,NM_001368136.1:c.3520A>G,NP_001355065.1:p.Met1174Val,0.817,25.0,['Unknown%20significance'],0.0,0.0,0.0,0.7,0.7
MYO6,6,75914245,NM_001368136.1:c.3526C>G,NP_001355065.1:p.Leu1176Val,0.519,23.2,['Unknown%20significance'],38.11,0.19,0.0,0.8,0.8
MYO6,6,75914249,NM_001368136.1:c.3530A>G,NP_001355065.1:p.His1177Arg,0.859,23.7,['Unknown%20significance'],12.63,0.06,0.0,0.9,0.9
MYO6,6,75914249,NM_001368136.1:c.3530A>T,NP_001355065.1:p.His1177Leu,0.853,26.0,['Unknown%20significance'],12.63,0.06,0.0,1.6,1.6
MYO6,6,75914251,NM_001368136.1:c.3532C>T,NP_001355065.1:p.Pro1178Ser,0.662,23.7,['Unknown%20significance'],97.41,0.61,0.0,0.7,0.7
MYO6,6,75914254,NM_001368136.1:c.3535G>A,NP_001355065.1:p.Asp1179Asn,0.466,25.4,['Unknown%20significance'],100.96,0.63,0.0,0.1,0.1
MYO6,6,75914256,NM_001368136.1:c.3537C>A,NP_001355065.1:p.Asp1179Glu,0.546,22.6,['Unknown%20significance'],100.96,0.63,0.0,0.1,0.1
MYO6,6,75914256,NM_001368136.1:c.3537C>G,NP_001355065.1:p.Asp1179Glu,0.546,22.7,['Unknown%20significance'],100.96,0.63,0.0,0.1,0.1
MYO6,6,75914260,NM_001368136.1:c.3541C>T,NP_001355065.1:p.Pro1181Ser,0.191,22.5,['Unknown%20significance'],113.38,0.72,0.0,0.1,0.1
MYO6,6,75914261,NM_001368136.1:c.3542C>T,NP_001355065.1:p.Pro1181Leu,0.388,23.4,['Unknown%20significance'],113.38,0.72,0.0,0.0,0.0
MYO6,6,75914263,NM_001368136.1:c.3544C>G,NP_001355065.1:p.Pro1182Ala,0.630,23.4,['Unknown%20significance'],59.04,0.37,0.0,0.7,0.7
MYO6,6,75914263,NM_001368136.1:c.3544C>T,NP_001355065.1:p.Pro1182Ser,0.722,25.5,['Unknown%20significance'],59.04,0.37,0.0,1.1,1.1
MYO6,6,75914264,NM_001368136.1:c.3545C>T,NP_001355065.1:p.Pro1182Leu,0.738,27.1,['Unknown%20significance'],59.04,0.37,0.0,0.4,0.4
MYO6,6,75914266,NM_001368136.1:c.3547A>G,NP_001355065.1:p.Ile1183Val,0.321,22.9,['Unknown%20significance'],61.61,0.31,0.0,0.1,0.1
MYO6,6,75914267,NM_001368136.1:c.3548T>C,NP_001355065.1:p.Ile1183Thr,0.735,27.9,['Unknown%20significance'],61.61,0.31,0.0,1.7,1.7
MYO6,6,75914269,NM_001368136.1:c.3550C>G,NP_001355065.1:p.Leu1184Val,0.351,23.1,['Unknown%20significance'],18.92,0.09,0.0,1.5,1.5
MYO6,6,75914270,NM_001368136.1:c.3551T>A,NP_001355065.1:p.Leu1184Gln,0.846,29.4,['Unknown%20significance'],18.92,0.09,0.0,4.0,4.0
MYO6,6,75914270,NM_001368136.1:c.3551T>C,NP_001355065.1:p.Leu1184Pro,0.883,31,['Unknown%20significance'],18.92,0.09,0.0,4.3,4.3
MYO6,6,75914272,NM_001368136.1:c.3553C>T,NP_001355065.1:p.Leu1185Phe,0.699,26.6,['Unknown%20significance'],2.09,0.01,0.0,1.6,1.6
MYO6,6,75914278,NM_001368136.1:c.3559G>A,NP_001355065.1:p.Ala1187Thr,0.784,29.2,['Unknown%20significance'],4.92,0.03,0.0,1.2,1.2
MYO6,6,75914281,NM_001368136.1:c.3562G>T,NP_001355065.1:p.Gly1188Cys,0.886,35,['Unknown%20significance'],6.54,0.06,0.0,1.5,1.5
MYO6,6,75914815,NM_001368136.1:c.3565A>G,NP_001355065.1:p.Lys1189Glu,0.723,23.9,['Unknown%20significance'],58.66,0.24,0.0,1.0,1.0
MYO6,6,75914818,NM_001368136.1:c.3568G>A,NP_001355065.1:p.Asp1190Asn,0.638,27.3,['Unknown%20significance'],12.39,0.07,0.0,0.4,0.4
MYO6,6,75914820,NM_001368136.1:c.3570C>G,NP_001355065.1:p.Asp1190Glu,0.704,21.1,['Unknown%20significance'],12.39,0.07,0.0,0.6,0.6
MYO6,6,75914821,NM_001368136.1:c.3571G>A,NP_001355065.1:p.Asp1191Asn,0.615,28.4,['Benign*'],5.68,0.03,0.0,0.5,0.5
MYO6,6,75914822,NM_001368136.1:c.3572A>G,NP_001355065.1:p.Asp1191Gly,0.934,28.4,['Unknown%20significance'],5.68,0.03,0.0,1.8,1.8
MYO6,6,75914824,NM_001368136.1:c.3574A>G,NP_001355065.1:p.Met1192Val,0.853,25.4,['Unknown%20significance'],24.82,0.11,0.0,1.2,1.2
MYO6,6,75914825,NM_001368136.1:c.3575T>G,NP_001355065.1:p.Met1192Arg,0.933,28.6,['Unknown%20significance'],24.82,0.11,0.0,1.3,1.3
MYO6,6,75914827,NM_001368136.1:c.3577G>A,NP_001355065.1:p.Glu1193Lys,0.618,26.3,['Unknown%20significance'],99.44,0.5,0.0,0.0,0.0
MYO6,6,75914831,NM_001368136.1:c.3581T>A,NP_001355065.1:p.Met1194Lys,0.934,28.5,['Unknown%20significance'],2.22,0.01,0.0,3.8,3.8
MYO6,6,75914831,NM_001368136.1:c.3581T>C,NP_001355065.1:p.Met1194Thr,0.932,26.9,['Unknown%20significance'],2.22,0.01,0.0,3.3,3.3
MYO6,6,75914832,NM_001368136.1:c.3582G>A,NP_001355065.1:p.Met1194Ile,0.630,25.3,['Unknown%20significance'],2.22,0.01,0.0,1.2,1.2
MYO6,6,75914833,NM_001368136.1:c.3583T>C,NP_001355065.1:p.Cys1195Arg,0.933,29.3,['Unknown%20significance'],2.88,0.01,0.0,3.7,3.7
MYO6,6,75914835,NM_001368136.1:c.3585T>G,NP_001355065.1:p.Cys1195Trp,0.808,25.2,['Unknown%20significance'],2.88,0.01,0.0,2.2,2.2
MYO6,6,75914840,NM_001368136.1:c.3590T>A,NP_001355065.1:p.Leu1197Gln,0.913,28.7,['Unknown%20significance'],17.09,0.08,0.0,3.5,3.5
MYO6,6,75914840,NM_001368136.1:c.3590T>C,NP_001355065.1:p.Leu1197Pro,0.934,29.5,['Unknown%20significance'],17.09,0.08,0.0,4.1,4.1
MYO6,6,75914852,NM_001368136.1:c.3602A>G,NP_001355065.1:p.Glu1201Gly,0.767,28.3,['Unknown%20significance'],19.83,0.1,0.0,1.3,1.3
MYO6,6,75914854,NM_001368136.1:c.3604A>G,NP_001355065.1:p.Thr1202Ala,0.812,26.9,['Unknown%20significance'],0.0,0.0,0.0,1.7,1.7
MYO6,6,75914855,NM_001368136.1:c.3605C>T,NP_001355065.1:p.Thr1202Ile,0.723,25.8,['Unknown%20significance'],0.0,0.0,0.0,0.2,0.2
MYO6,6,75914857,NM_001368136.1:c.3607G>A,NP_001355065.1:p.Gly1203Ser,0.655,29.1,['Unknown%20significance'],0.2,0.0,0.0,0.9,0.9
MYO6,6,75914858,NM_001368136.1:c.3608G>T,NP_001355065.1:p.Gly1203Val,0.760,27.9,['Unknown%20significance'],0.2,0.0,0.0,0.4,0.4
MYO6,6,75914863,NM_001368136.1:c.3613A>C,NP_001355065.1:p.Thr1205Pro,0.632,26.2,['Unknown%20significance'],46.57,0.29,0.0,1.1,1.1
MYO6,6,75914866,NM_001368136.1:c.3616C>G,NP_001355065.1:p.Arg1206Gly,0.741,26.1,['Unknown%20significance'],62.76,0.23,0.0,1.5,1.5
MYO6,6,75914866,NM_001368136.1:c.3616C>T,NP_001355065.1:p.Arg1206Trp,0.743,28.2,['Unknown%20significance'],62.76,0.23,0.0,-0.0,0.0
MYO6,6,75914867,NM_001368136.1:c.3617G>A,NP_001355065.1:p.Arg1206Gln,0.709,31,['Unknown%20significance'],62.76,0.23,0.0,0.4,0.4
MYO6,6,75914869,NM_001368136.1:c.3619A>G,NP_001355065.1:p.Lys1207Glu,0.847,28.2,['Unknown%20significance'],47.13,0.19,0.0,-0.3,0.3
MYO6,6,75914870,NM_001368136.1:c.3620A>C,NP_001355065.1:p.Lys1207Thr,0.822,27.3,['Unknown%20significance'],47.13,0.19,0.0,-0.1,0.1
MYO6,6,75914872,NM_001368136.1:c.3622C>T,NP_001355065.1:p.Arg1208Cys,0.593,27.7,['Unknown%20significance'],232.48,0.86,0.0,0.4,0.4
MYO6,6,75914873,NM_001368136.1:c.3623G>A,NP_001355065.1:p.Arg1208His,0.590,29.6,['Unknown%20significance'],232.48,0.86,0.0,0.1,0.1
MYO6,6,75914873,NM_001368136.1:c.3623G>T,NP_001355065.1:p.Arg1208Leu,0.670,29.4,['Unknown%20significance'],232.48,0.86,0.0,0.2,0.2
MYO6,6,75914875,NM_001368136.1:c.3625G>A,NP_001355065.1:p.Gly1209Ser,0.768,27.8,['Unknown%20significance'],65.36,0.68,0.0,0.3,0.3
MYO6,6,75914881,NM_001368136.1:c.3631G>A,NP_001355065.1:p.Glu1211Lys,0.809,28.0,['Unknown%20significance'],57.66,0.29,0.0,0.5,0.5
MYO6,6,75914882,NM_001368136.1:c.3632A>G,NP_001355065.1:p.Glu1211Gly,0.890,27.5,['Unknown%20significance'],57.66,0.29,0.0,1.2,1.2
MYO6,6,75914888,NM_001368136.1:c.3638T>C,NP_001355065.1:p.Leu1213Ser,0.879,23.8,['Unknown%20significance'],16.52,0.08,0.0,2.9,2.9
MYO6,6,75914889,NM_001368136.1:c.3639G>C,NP_001355065.1:p.Leu1213Phe,0.633,24.1,['Unknown%20significance'],16.52,0.08,0.0,1.1,1.1
MYO6,6,75914890,NM_001368136.1:c.3640C>T,NP_001355065.1:p.Pro1214Ser,0.514,22.5,['Unknown%20significance'],79.25,0.5,0.0,0.1,0.1
MYO6,6,75914891,NM_001368136.1:c.3641C>A,NP_001355065.1:p.Pro1214Gln,0.556,23.0,['Unknown%20significance'],79.25,0.5,0.0,-0.2,0.2
MYO6,6,75914896,NM_001368136.1:c.3646C>G,NP_001355065.1:p.Gln1216Glu,0.429,17.71,['Unknown%20significance'],81.27,0.41,0.0,0.4,0.4
MYO6,6,75914897,NM_001368136.1:c.3647A>C,NP_001355065.1:p.Gln1216Pro,0.748,24.7,['Unknown%20significance'],81.27,0.41,0.0,0.8,0.8
MYO6,6,75914897,NM_001368136.1:c.3647A>G,NP_001355065.1:p.Gln1216Arg,0.616,24.5,['Unknown%20significance'],81.27,0.41,0.0,-0.2,0.2
MYO6,6,75914900,NM_001368136.1:c.3650T>A,NP_001355065.1:p.Phe1217Tyr,0.759,24.8,['Unknown%20significance'],0.0,0.0,0.0,1.0,1.0
MYO6,6,75914900,NM_001368136.1:c.3650T>C,NP_001355065.1:p.Phe1217Ser,0.895,25.9,['Unknown%20significance'],0.0,0.0,0.0,5.4,5.4
MYO6,6,75914909,NM_001368136.1:c.3659T>A,NP_001355065.1:p.Ile1220Asn,0.522,24.5,['Unknown%20significance'],29.76,0.15,0.0,2.0,2.0
MYO6,6,75914909,NM_001368136.1:c.3659T>C,NP_001355065.1:p.Ile1220Thr,0.571,23.5,['Unknown%20significance'],29.76,0.15,0.0,1.4,1.4
MYO6,6,75914910,NM_001368136.1:c.3660C>G,NP_001355065.1:p.Ile1220Met,0.308,19.37,['Unknown%20significance'],29.76,0.15,0.0,0.4,0.4
MYO6,6,75914913,NM_001368136.1:c.3663G>C,NP_001355065.1:p.Trp1221Cys,0.895,29.5,['Unknown%20significance'],0.14,0.0,0.0,5.7,5.7
MYO6,6,75914915,NM_001368136.1:c.3665A>G,NP_001355065.1:p.Glu1222Gly,0.755,25.1,['Unknown%20significance'],109.37,0.56,0.0,0.5,0.5
MYO6,6,75914917,NM_001368136.1:c.3667C>T,NP_001355065.1:p.Arg1223Cys,0.644,27.4,['Unknown%20significance'],207.63,0.77,0.0,0.4,0.4
MYO6,6,75914918,NM_001368136.1:c.3668G>A,NP_001355065.1:p.Arg1223His,0.527,25.3,['Unknown%20significance'],207.63,0.77,0.0,0.0,0.0
MYO6,6,75914918,NM_001368136.1:c.3668G>T,NP_001355065.1:p.Arg1223Leu,0.751,28.8,['Unknown%20significance'],207.63,0.77,0.0,0.2,0.2
MYO6,6,75914920,NM_001368136.1:c.3670T>C,NP_001355065.1:p.Cys1224Arg,0.663,24.5,['Unknown%20significance'],24.12,0.15,0.0,-0.1,0.1
MYO6,6,75914924,NM_001368136.1:c.3674G>C,NP_001355065.1:p.Gly1225Ala,0.650,25.5,['Unknown%20significance'],41.79,0.43,0.0,0.5,0.5
MYO6,6,75914927,NM_001368136.1:c.3677G>T,NP_001355065.1:p.Gly1226Val,0.890,26.4,['Unknown%20significance'],0.0,0.0,0.0,0.7,0.7
MYO6,6,75914930,NM_001368136.1:c.3680T>C,NP_001355065.1:p.Ile1227Thr,0.380,20.6,['Unknown%20significance'],67.64,0.34,0.0,0.5,0.5
MYO6,6,75914933,NM_001368136.1:c.3683A>G,NP_001355065.1:p.Gln1228Arg,0.460,23.3,['Unknown%20significance'],112.31,0.56,0.0,-0.1,0.1
MYO6,6,75914934,NM_001368136.1:c.3684G>T,NP_001355065.1:p.Gln1228His,0.364,23.1,['Unknown%20significance'],112.31,0.56,0.0,-0.0,0.0
MYO6,6,75914942,NM_001368136.1:c.3692A>C,NP_001355065.1:p.Gln1231Pro,0.506,23.2,['Unknown%20significance'],37.94,0.19,0.0,0.5,0.5
MYO6,6,75914945,NM_001368136.1:c.3695A>G,NP_001355065.1:p.Asn1232Ser,0.193,0.022,['Unknown%20significance'],72.22,0.45,0.0,-0.0,0.0
MYO6,6,75914946,NM_001368136.1:c.3696T>G,NP_001355065.1:p.Asn1232Lys,0.194,0.008,['Likely%20benign'],72.22,0.45,0.0,0.3,0.3
MYO6,6,75914948,NM_001368136.1:c.3698C>A,NP_001355065.1:p.Ala1233Glu,0.607,24.1,['Unknown%20significance'],0.0,0.0,0.0,1.0,1.0
MYO6,6,75914948,NM_001368136.1:c.3698C>G,NP_001355065.1:p.Ala1233Gly,0.486,24.2,['Unknown%20significance'],0.0,0.0,0.0,1.5,1.5
MYO6,6,75914948,NM_001368136.1:c.3698C>T,NP_001355065.1:p.Ala1233Val,0.540,24.3,['Unknown%20significance'],0.0,0.0,0.0,-0.2,0.2
MYO6,6,75914951,NM_001368136.1:c.3701T>C,NP_001355065.1:p.Ile1234Thr,0.580,24.5,['Unknown%20significance'],17.62,0.08,0.0,1.7,1.7
MYO6,6,75914955,NM_001368136.1:c.3705G>C,NP_001355065.1:p.Glu1235Asp,0.382,23.6,['Unknown%20significance'],118.42,0.6,0.0,0.2,0.2
MYO6,6,75914957,NM_001368136.1:c.3707G>A,NP_001355065.1:p.Ser1236Asn,0.424,22.0,['Unknown%20significance'],67.94,0.49,0.0,-0.1,0.1
MYO6,6,75914958,NM_001368136.1:c.3708C>A,NP_001355065.1:p.Ser1236Arg,0.569,24.7,['Unknown%20significance'],67.94,0.49,0.0,-0.2,0.2
MYO6,6,75914962,NM_001368136.1:c.3712C>G,NP_001355065.1:p.Gln1238Glu,0.531,24.3,['Unknown%20significance'],84.86,0.42,0.0,0.1,0.1
MYO6,6,75914965,NM_001368136.1:c.3715G>T,NP_001355065.1:p.Ala1239Ser,0.486,26.0,['Unknown%20significance'],6.22,0.04,0.0,1.0,1.0
MYO6,6,75914966,NM_001368136.1:c.3716C>T,NP_001355065.1:p.Ala1239Val,0.619,25.3,['Unknown%20significance'],6.22,0.04,0.0,0.2,0.2
MYO6,6,75914968,NM_001368136.1:c.3718C>T,NP_001355065.1:p.Arg1240Trp,0.728,23.8,['Pathogenic'],2.8,0.01,0.0,0.1,0.1
MYO6,6,75914969,NM_001368136.1:c.3719G>A,NP_001355065.1:p.Arg1240Gln,0.566,28.3,['Unknown%20significance'],2.8,0.01,0.0,0.6,0.6
MYO6,6,75914969,NM_001368136.1:c.3719G>C,NP_001355065.1:p.Arg1240Pro,0.619,28.5,['Unknown%20significance'],2.8,0.01,0.0,2.1,2.1
MYO6,6,75914971,NM_001368136.1:c.3721C>G,NP_001355065.1:p.Pro1241Ala,0.575,24.3,['Unknown%20significance'],59.35,0.37,0.0,1.1,1.1
MYO6,6,75914971,NM_001368136.1:c.3721C>T,NP_001355065.1:p.Pro1241Ser,0.587,24.9,['Unknown%20significance'],59.35,0.37,0.0,1.2,1.2
MYO6,6,75914972,NM_001368136.1:c.3722C>T,NP_001355065.1:p.Pro1241Leu,0.806,25.7,['Unknown%20significance'],59.35,0.37,0.0,0.8,0.8
MYO6,6,75914974,NM_001368136.1:c.3724A>C,NP_001355065.1:p.Thr1242Pro,0.687,26.6,['Unknown%20significance'],7.27,0.04,0.0,1.7,1.7
MYO6,6,75914974,NM_001368136.1:c.3724A>G,NP_001355065.1:p.Thr1242Ala,0.607,25.7,['Unknown%20significance'],7.27,0.04,0.0,1.2,1.2
MYO6,6,75914975,NM_001368136.1:c.3725C>G,NP_001355065.1:p.Thr1242Ser,0.476,23.2,['Unknown%20significance'],7.27,0.04,0.0,0.9,0.9
MYO6,6,75914975,NM_001368136.1:c.3725C>T,NP_001355065.1:p.Thr1242Ile,0.601,24.9,['Unknown%20significance'],7.27,0.04,0.0,0.5,0.5
MYO6,6,75914977,NM_001368136.1:c.3727T>C,NP_001355065.1:p.Tyr1243His,0.539,24.9,['Unknown%20significance'],114.86,0.47,0.0,1.2,1.2
MYO6,6,75914978,NM_001368136.1:c.3728A>G,NP_001355065.1:p.Tyr1243Cys,0.649,25.3,['Benign'],114.86,0.47,0.0,2.1,2.1
MYO6,6,75914978,NM_001368136.1:c.3728A>T,NP_001355065.1:p.Tyr1243Phe,0.518,24.3,['Unknown%20significance'],114.86,0.47,0.0,0.7,0.7
MYO6,6,75914983,NM_001368136.1:c.3733A>C,NP_001355065.1:p.Thr1245Pro,0.732,25.4,['Unknown%20significance'],4.38,0.02,0.0,2.0,2.0
MYO6,6,75914983,NM_001368136.1:c.3733A>G,NP_001355065.1:p.Thr1245Ala,0.622,24.9,['Unknown%20significance'],4.38,0.02,0.0,1.2,1.2
MYO6,6,75914984,NM_001368136.1:c.3734C>T,NP_001355065.1:p.Thr1245Ile,0.553,24.5,['Unknown%20significance'],4.38,0.02,0.0,-0.5,0.5
MYO6,6,75914986,NM_001368136.1:c.3736G>A,NP_001355065.1:p.Ala1246Thr,0.508,26.7,['Unknown%20significance'],58.31,0.45,0.0,1.0,1.0
MYO6,6,75914987,NM_001368136.1:c.3737C>T,NP_001355065.1:p.Ala1246Val,0.511,25.4,['Unknown%20significance'],58.31,0.45,0.0,0.2,0.2
MYO6,6,75914989,NM_001368136.1:c.3739A>G,NP_001355065.1:p.Met1247Val,0.567,24.6,['Unknown%20significance'],83.06,0.38,0.0,0.7,0.7
MYO6,6,75914991,NM_001368136.1:c.3741G>A,NP_001355065.1:p.Met1247Ile,0.566,25.8,['Unknown%20significance'],83.06,0.38,0.0,0.5,0.5
MYO6,6,75914992,NM_001368136.1:c.3742C>A,NP_001355065.1:p.Leu1248Met,0.510,24.3,['Unknown%20significance'],7.1,0.03,0.0,1.6,1.6
MYO6,6,75914993,NM_001368136.1:c.3743T>C,NP_001355065.1:p.Leu1248Pro,0.699,27.1,['Unknown%20significance'],7.1,0.03,0.0,4.4,4.4
MYO6,6,75914998,NM_001368136.1:c.3748A>G,NP_001355065.1:p.Ser1250Gly,0.362,23.5,['Likely%20benign'],72.69,0.52,0.0,0.5,0.5
MYO6,6,75914998,NM_001368136.1:c.3748A>T,NP_001355065.1:p.Ser1250Cys,0.418,23.8,['Likely%20benign'],72.69,0.52,0.0,-0.0,0.0
MYO6,6,75914999,NM_001368136.1:c.3749G>A,NP_001355065.1:p.Ser1250Asn,0.268,0.785,['Likely%20benign'],72.69,0.52,0.0,0.1,0.1
MYO6,6,75914999,NM_001368136.1:c.3749G>T,NP_001355065.1:p.Ser1250Ile,0.371,17.30,['Unknown%20significance'],72.69,0.52,0.0,-0.5,0.5
MYO6,6,75915000,NM_001368136.1:c.3750T>A,NP_001355065.1:p.Ser1250Arg,0.316,4.768,['Likely%20benign'],72.69,0.52,0.0,0.1,0.1
MYO6,6,75915000,NM_001368136.1:c.3750T>G,NP_001355065.1:p.Ser1250Arg,0.281,4.961,['Likely%20benign'],72.69,0.52,0.0,0.1,0.1
MYO6,6,75915001,NM_001368136.1:c.3751C>G,NP_001355065.1:p.Leu1251Val,0.317,23.0,['Unknown%20significance'],128.54,0.66,0.0,0.4,0.4
MYO6,6,75915002,NM_001368136.1:c.3752T>C,NP_001355065.1:p.Leu1251Pro,0.536,25.1,['Unknown%20significance'],128.54,0.66,0.0,1.0,1.0