Gene,Chrom,Position,DNA_change,Protein_Change,Revel,CADDPhred,Classification,Surface Area,Normalized SA,Confidence Score,ddG,|ddG|
NOP14,4,2938834,NM_001291978.2:c.2571A>T,NP_001278907.1:p.Lys857Asn,0.028,17.74,['Unknown%20significance'],247.95,1.0,0.0,-0.0,0.0
NOP14,4,2938834,NM_001291978.2:c.2571A>C,NP_001278907.1:p.Lys857Asn,0.028,17.80,['Unknown%20significance'],247.95,1.0,0.0,-0.0,0.0
NOP14,4,2938835,NM_001291978.2:c.2570A>C,NP_001278907.1:p.Lys857Thr,0.026,20.5,['Unknown%20significance'],247.95,1.0,0.0,-0.0,0.0
NOP14,4,2938836,NM_001291978.2:c.2569A>C,NP_001278907.1:p.Lys857Gln,0.068,22.6,['Unknown%20significance'],247.95,1.0,0.0,-0.0,0.0
NOP14,4,2938839,NM_001291978.2:c.2566A>C,NP_001278907.1:p.Lys856Gln,0.109,22.8,['Unknown%20significance'],188.8,0.79,0.0,-0.2,0.2
NOP14,4,2938840,NM_001291978.2:c.2565C>A,NP_001278907.1:p.Phe855Leu,0.040,19.80,['Unknown%20significance'],164.63,0.71,0.0,0.1,0.1
NOP14,4,2938841,NM_001291978.2:c.2564T>C,NP_001278907.1:p.Phe855Ser,0.020,20.3,['Unknown%20significance'],164.63,0.71,0.0,0.3,0.3
NOP14,4,2938843,NM_001291978.2:c.2562G>C,NP_001278907.1:p.Lys854Asn,0.298,24.8,['Unknown%20significance'],149.03,0.62,0.0,-0.1,0.1
NOP14,4,2938845,NM_001291978.2:c.2560A>C,NP_001278907.1:p.Lys854Gln,0.377,27.2,['Unknown%20significance'],149.03,0.62,0.0,-0.3,0.3
NOP14,4,2938847,NM_001291978.2:c.2558A>G,NP_001278907.1:p.Lys853Arg,0.026,13.95,['Unknown%20significance'],118.68,0.5,0.0,-0.5,0.5
NOP14,4,2938849,NM_001291978.2:c.2556G>T,NP_001278907.1:p.Arg852Ser,0.210,26.4,['Unknown%20significance'],156.91,0.58,0.0,0.7,0.7
NOP14,4,2938850,NM_001291978.2:c.2555G>C,NP_001278907.1:p.Arg852Thr,0.285,24.1,['Unknown%20significance'],156.91,0.58,0.0,0.6,0.6
NOP14,4,2938850,NM_001291978.2:c.2555G>A,NP_001278907.1:p.Arg852Lys,0.062,19.14,['Unknown%20significance'],156.91,0.58,0.0,0.5,0.5
NOP14,4,2938853,NM_001291978.2:c.2552A>G,NP_001278907.1:p.Lys851Arg,0.144,25.1,['Unknown%20significance'],88.78,0.37,0.0,-0.6,0.6
NOP14,4,2938857,NM_001291978.2:c.2548C>A,NP_001278907.1:p.Leu850Met,0.058,22.7,['Unknown%20significance'],105.74,0.54,0.0,0.2,0.2
NOP14,4,2938859,NM_001291978.2:c.2546C>T,NP_001278907.1:p.Ala849Val,0.231,28.3,['Unknown%20significance'],39.5,0.31,0.0,-0.1,0.1
NOP14,4,2938859,NM_001291978.2:c.2546C>G,NP_001278907.1:p.Ala849Gly,0.224,29.4,['Unknown%20significance'],39.5,0.31,0.0,0.7,0.7
NOP14,4,2938860,NM_001291978.2:c.2545G>C,NP_001278907.1:p.Ala849Pro,0.220,26.7,['Unknown%20significance'],39.5,0.31,0.0,0.5,0.5
NOP14,4,2938860,NM_001291978.2:c.2545G>A,NP_001278907.1:p.Ala849Thr,0.182,26.6,['Unknown%20significance'],39.5,0.31,0.0,0.0,0.0
NOP14,4,2938862,NM_001291978.2:c.2543A>C,NP_001278907.1:p.Lys848Thr,0.323,25.7,['Unknown%20significance'],93.96,0.39,0.0,0.2,0.2
NOP14,4,2938864,NM_001291978.2:c.2541G>C,NP_001278907.1:p.Trp847Cys,0.512,29.6,['Unknown%20significance'],145.87,0.55,0.0,1.1,1.1
NOP14,4,2938866,NM_001291978.2:c.2539T>G,NP_001278907.1:p.Trp847Gly,0.709,32,['Unknown%20significance'],145.87,0.55,0.0,1.3,1.3
NOP14,4,2938866,NM_001291978.2:c.2539T>C,NP_001278907.1:p.Trp847Arg,0.706,29.6,['Unknown%20significance'],145.87,0.55,0.0,0.6,0.6
NOP14,4,2938869,NM_001291978.2:c.2536G>C,NP_001278907.1:p.Glu846Gln,0.263,26.0,['Unknown%20significance'],107.11,0.54,0.0,-0.1,0.1
NOP14,4,2938869,NM_001291978.2:c.2536G>A,NP_001278907.1:p.Glu846Lys,0.304,28.0,['Unknown%20significance'],107.11,0.54,0.0,0.2,0.2
NOP14,4,2938872,NM_001291978.2:c.2533G>A,NP_001278907.1:p.Gly845Ser,0.450,24.5,['Unknown%20significance'],35.45,0.37,0.0,-0.0,0.0
NOP14,4,2938875,NM_001291978.2:c.2530G>A,NP_001278907.1:p.Glu844Lys,0.415,28.1,['Unknown%20significance'],83.39,0.42,0.0,0.0,0.0
NOP14,4,2938877,NM_001291978.2:c.2528A>G,NP_001278907.1:p.Gln843Arg,0.552,27.2,['Unknown%20significance'],122.73,0.62,0.0,-0.1,0.1
NOP14,4,2938878,NM_001291978.2:c.2527C>G,NP_001278907.1:p.Gln843Glu,0.492,25.8,['Unknown%20significance'],122.73,0.62,0.0,0.3,0.3
NOP14,4,2938880,NM_001291978.2:c.2525C>T,NP_001278907.1:p.Thr842Ile,0.293,23.5,['Unknown%20significance'],89.73,0.57,0.0,0.1,0.1
NOP14,4,2938881,NM_001291978.2:c.2524A>G,NP_001278907.1:p.Thr842Ala,0.083,23.3,['Unknown%20significance'],89.73,0.57,0.0,0.3,0.3
NOP14,4,2938884,NM_001291978.2:c.2521G>T,NP_001278907.1:p.Ala841Ser,0.233,23.6,['Unknown%20significance'],63.92,0.5,0.0,-0.0,0.0
NOP14,4,2938886,NM_001291978.2:c.2519T>C,NP_001278907.1:p.Leu840Pro,0.601,29.6,['Unknown%20significance'],130.59,0.67,0.0,1.1,1.1
NOP14,4,2938887,NM_001291978.2:c.2518C>G,NP_001278907.1:p.Leu840Val,0.287,24.6,['Unknown%20significance'],130.59,0.67,0.0,0.3,0.3
NOP14,4,2938887,NM_001291978.2:c.2518C>A,NP_001278907.1:p.Leu840Met,0.398,25.1,['Unknown%20significance'],130.59,0.67,0.0,0.3,0.3
NOP14,4,2938888,NM_001291978.2:c.2517C>G,NP_001278907.1:p.Ser839Arg,0.423,24.1,['Unknown%20significance'],52.88,0.38,0.0,-0.4,0.4
NOP14,4,2938889,NM_001291978.2:c.2516G>C,NP_001278907.1:p.Ser839Thr,0.277,24.1,['Unknown%20significance'],52.88,0.38,0.0,-0.4,0.4
NOP14,4,2938889,NM_001291978.2:c.2516G>A,NP_001278907.1:p.Ser839Asn,0.290,24.0,['Unknown%20significance'],52.88,0.38,0.0,0.1,0.1
NOP14,4,2938890,NM_001291978.2:c.2515A>G,NP_001278907.1:p.Ser839Gly,0.326,26.1,['Unknown%20significance'],52.88,0.38,0.0,0.6,0.6
NOP14,4,2938891,NM_001291978.2:c.2514C>A,NP_001278907.1:p.Asn838Lys,0.091,23.0,['Unknown%20significance'],81.69,0.51,0.0,0.1,0.1
NOP14,4,2938896,NM_001291978.2:c.2509T>C,NP_001278907.1:p.Phe837Leu,0.038,18.73,['Unknown%20significance'],141.35,0.61,0.0,0.0,0.0
NOP14,4,2938899,NM_001291978.2:c.2506C>G,NP_001278907.1:p.Leu836Val,0.400,27.9,['Unknown%20significance'],126.96,0.65,0.0,0.1,0.1
NOP14,4,2938903,NM_001291978.2:c.2502G>C,NP_001278907.1:p.Lys834Asn,0.306,21.8,['Unknown%20significance'],150.58,0.63,0.0,-0.1,0.1
NOP14,4,2938908,NM_001291978.2:c.2497G>A,NP_001278907.1:p.Val833Ile,0.330,23.9,['Unknown%20significance'],72.49,0.42,0.0,-0.1,0.1
NOP14,4,2938913,NM_001291978.2:c.2492G>T,NP_001278907.1:p.Arg831Leu,0.335,23.5,['Unknown%20significance'],170.13,0.63,0.0,0.2,0.2
NOP14,4,2938913,NM_001291978.2:c.2492G>A,NP_001278907.1:p.Arg831Gln,0.163,19.35,['Unknown%20significance'],170.13,0.63,0.0,-0.0,0.0
NOP14,4,2938914,NM_001291978.2:c.2491C>T,NP_001278907.1:p.Arg831Trp,0.274,26.7,['Unknown%20significance'],170.13,0.63,0.0,-0.1,0.1
NOP14,4,2938914,NM_001291978.2:c.2491C>G,NP_001278907.1:p.Arg831Gly,0.299,26.3,['Unknown%20significance'],170.13,0.63,0.0,0.6,0.6
NOP14,4,2938915,NM_001291978.2:c.2490G>C,NP_001278907.1:p.Lys830Asn,0.290,21.9,['Unknown%20significance'],170.41,0.71,0.0,-0.1,0.1
NOP14,4,2938918,NM_001291978.2:c.2487A>C,NP_001278907.1:p.Arg829Ser,0.488,22.5,['Unknown%20significance'],152.93,0.56,0.0,0.7,0.7
NOP14,4,2938919,NM_001291978.2:c.2486G>C,NP_001278907.1:p.Arg829Thr,0.502,24.8,['Unknown%20significance'],152.93,0.56,0.0,0.5,0.5
NOP14,4,2938923,NM_001291978.2:c.2482G>A,NP_001278907.1:p.Glu828Lys,0.426,25.4,['Unknown%20significance'],85.68,0.43,0.0,0.4,0.4
NOP14,4,2938925,NM_001291978.2:c.2480C>T,NP_001278907.1:p.Ala827Val,0.227,25.3,['Unknown%20significance'],29.34,0.23,0.0,-0.1,0.1
NOP14,4,2938925,NM_001291978.2:c.2480C>A,NP_001278907.1:p.Ala827Glu,0.222,24.0,['Unknown%20significance'],29.34,0.23,0.0,-0.4,0.4
NOP14,4,2938926,NM_001291978.2:c.2479G>T,NP_001278907.1:p.Ala827Ser,0.076,16.64,['Unknown%20significance'],29.34,0.23,0.0,0.0,0.0
NOP14,4,2938927,NM_001291978.2:c.2478T>A,NP_001278907.1:p.Asp826Glu,0.504,21.7,['Unknown%20significance'],52.83,0.33,0.0,0.2,0.2
NOP14,4,2939188,NM_001291978.2:c.2474G>A,NP_001278907.1:p.Arg825Gln,0.245,34,['Unknown%20significance'],83.34,0.3,0.0,0.5,0.5
NOP14,4,2939189,NM_001291978.2:c.2473C>T,NP_001278907.1:p.Arg825Trp,0.412,24.8,['Unknown%20significance'],83.34,0.3,0.0,0.2,0.2
NOP14,4,2939190,NM_001291978.2:c.2472A>C,NP_001278907.1:p.Glu824Asp,0.168,8.867,['Unknown%20significance'],111.35,0.57,0.0,0.2,0.2
NOP14,4,2939191,NM_001291978.2:c.2471A>G,NP_001278907.1:p.Glu824Gly,0.107,24.1,['Unknown%20significance'],111.35,0.57,0.0,0.8,0.8
NOP14,4,2939191,NM_001291978.2:c.2471A>C,NP_001278907.1:p.Glu824Ala,0.082,23.8,['Unknown%20significance'],111.35,0.57,0.0,0.4,0.4
NOP14,4,2939193,NM_001291978.2:c.2469G>A,NP_001278907.1:p.Met823Ile,0.093,17.58,['Unknown%20significance'],131.5,0.6,0.0,0.1,0.1
NOP14,4,2939194,NM_001291978.2:c.2468T>C,NP_001278907.1:p.Met823Thr,0.063,16.37,['Benign'],131.5,0.6,0.0,0.3,0.3
NOP14,4,2939195,NM_001291978.2:c.2467A>G,NP_001278907.1:p.Met823Val,0.098,7.423,['Unknown%20significance'],131.5,0.6,0.0,0.2,0.2
NOP14,4,2939197,NM_001291978.2:c.2465T>C,NP_001278907.1:p.Ile822Thr,0.076,11.92,['Likely%20benign'],75.4,0.38,0.0,0.2,0.2
NOP14,4,2939199,NM_001291978.2:c.2463A>T,NP_001278907.1:p.Glu821Asp,0.231,23.2,['Unknown%20significance'],42.2,0.21,0.0,0.4,0.4
NOP14,4,2939204,NM_001291978.2:c.2458T>C,NP_001278907.1:p.Ser820Pro,0.250,23.2,['Likely%20benign'],51.17,0.37,0.0,0.3,0.3
NOP14,4,2939207,NM_001291978.2:c.2455C>T,NP_001278907.1:p.Leu819Phe,0.340,26.0,['Unknown%20significance'],125.52,0.65,0.0,0.2,0.2
NOP14,4,2939207,NM_001291978.2:c.2455C>G,NP_001278907.1:p.Leu819Val,0.324,25.2,['Unknown%20significance'],125.52,0.65,0.0,0.3,0.3
NOP14,4,2939209,NM_001291978.2:c.2453A>G,NP_001278907.1:p.Gln818Arg,0.069,20.7,['Unknown%20significance'],42.37,0.21,0.0,-0.3,0.3
NOP14,4,2939210,NM_001291978.2:c.2452C>G,NP_001278907.1:p.Gln818Glu,0.153,22.9,['Unknown%20significance'],42.37,0.21,0.0,0.3,0.3
NOP14,4,2939214,NM_001291978.2:c.2448G>T,NP_001278907.1:p.Arg816Ser,0.469,24.7,['Unknown%20significance'],176.36,0.65,0.0,0.4,0.4
NOP14,4,2939215,NM_001291978.2:c.2447G>C,NP_001278907.1:p.Arg816Thr,0.303,24.6,['Unknown%20significance'],176.36,0.65,0.0,0.3,0.3
NOP14,4,2939218,NM_001291978.2:c.2444C>T,NP_001278907.1:p.Ala815Val,0.543,33,['Unknown%20significance'],63.01,0.49,0.0,0.0,0.0
NOP14,4,2939218,NM_001291978.2:c.2444C>G,NP_001278907.1:p.Ala815Gly,0.479,27.1,['Unknown%20significance'],63.01,0.49,0.0,1.0,1.0
NOP14,4,2939218,NM_001291978.2:c.2444C>A,NP_001278907.1:p.Ala815Glu,0.590,25.9,['Unknown%20significance'],63.01,0.49,0.0,0.8,0.8
NOP14,4,2939219,NM_001291978.2:c.2443G>A,NP_001278907.1:p.Ala815Thr,0.379,25.2,['Unknown%20significance'],63.01,0.49,0.0,0.5,0.5
NOP14,4,2939223,NM_001291978.2:c.2439C>G,NP_001278907.1:p.Phe813Leu,0.663,26.8,['Unknown%20significance'],6.2,0.02,0.0,2.2,2.2
NOP14,4,2939226,NM_001291978.2:c.2436G>T,NP_001278907.1:p.Gln812His,0.262,25.1,['Unknown%20significance'],107.82,0.54,0.0,-0.1,0.1
NOP14,4,2939227,NM_001291978.2:c.2435A>G,NP_001278907.1:p.Gln812Arg,0.079,22.6,['Unknown%20significance'],107.82,0.54,0.0,-0.2,0.2
NOP14,4,2939229,NM_001291978.2:c.2433T>G,NP_001278907.1:p.Asn811Lys,0.200,22.9,['Unknown%20significance'],94.21,0.58,0.0,0.3,0.3
NOP14,4,2939230,NM_001291978.2:c.2432A>G,NP_001278907.1:p.Asn811Ser,0.061,16.18,['Unknown%20significance'],94.21,0.58,0.0,0.1,0.1
NOP14,4,2939236,NM_001291978.2:c.2426A>T,NP_001278907.1:p.Lys809Met,0.387,24.7,['Unknown%20significance'],98.31,0.41,0.0,-0.0,0.0
NOP14,4,2939237,NM_001291978.2:c.2425A>G,NP_001278907.1:p.Lys809Glu,0.317,26.1,['Unknown%20significance'],98.31,0.41,0.0,-0.0,0.0
NOP14,4,2939239,NM_001291978.2:c.2423G>T,NP_001278907.1:p.Arg808Leu,0.505,27.5,['Unknown%20significance'],154.06,0.57,0.0,0.7,0.7
NOP14,4,2939239,NM_001291978.2:c.2423G>A,NP_001278907.1:p.Arg808His,0.506,28.1,['Unknown%20significance'],154.06,0.57,0.0,0.5,0.5
NOP14,4,2939240,NM_001291978.2:c.2422C>T,NP_001278907.1:p.Arg808Cys,0.545,31,['Unknown%20significance'],154.06,0.57,0.0,1.2,1.2
NOP14,4,2939241,NM_001291978.2:c.2421C>G,NP_001278907.1:p.Ile807Met,0.417,24.5,['Unknown%20significance'],103.09,0.52,0.0,0.4,0.4
NOP14,4,2939248,NM_001291978.2:c.2414G>T,NP_001278907.1:p.Arg805Leu,0.356,27.1,['Unknown%20significance'],157.67,0.58,0.0,0.2,0.2
NOP14,4,2939248,NM_001291978.2:c.2414G>A,NP_001278907.1:p.Arg805Gln,0.381,26.6,['Unknown%20significance'],157.67,0.58,0.0,0.5,0.5
NOP14,4,2939249,NM_001291978.2:c.2413C>G,NP_001278907.1:p.Arg805Gly,0.470,25.4,['Unknown%20significance'],157.67,0.58,0.0,1.2,1.2
NOP14,4,2939252,NM_001291978.2:c.2410G>A,NP_001278907.1:p.Val804Ile,0.068,17.66,['Unknown%20significance'],41.83,0.24,0.0,-0.3,0.3
NOP14,4,2939255,NM_001291978.2:c.2407G>A,NP_001278907.1:p.Ala803Thr,0.369,25.8,['Unknown%20significance'],51.57,0.4,0.0,0.4,0.4
NOP14,4,2939261,NM_001291978.2:c.2401A>G,NP_001278907.1:p.Lys801Glu,0.542,28.8,['Unknown%20significance'],141.08,0.59,0.0,0.1,0.1
NOP14,4,2939263,NM_001291978.2:c.2399T>C,NP_001278907.1:p.Phe800Ser,0.353,31,['Unknown%20significance'],136.91,0.59,0.0,0.5,0.5
NOP14,4,2939263,NM_001291978.2:c.2399T>A,NP_001278907.1:p.Phe800Tyr,0.263,25.2,['Unknown%20significance'],136.91,0.59,0.0,-0.3,0.3
NOP14,4,2939266,NM_001291978.2:c.2396A>T,NP_001278907.1:p.Glu799Val,0.722,31,['Unknown%20significance'],86.07,0.44,0.0,1.2,1.2
NOP14,4,2939269,NM_001291978.2:c.2393G>T,NP_001278907.1:p.Arg798Leu,0.276,27.0,['Unknown%20significance'],151.4,0.56,0.0,0.5,0.5
NOP14,4,2939269,NM_001291978.2:c.2393G>A,NP_001278907.1:p.Arg798His,0.254,27.3,['Unknown%20significance'],151.4,0.56,0.0,0.4,0.4
NOP14,4,2939270,NM_001291978.2:c.2392C>T,NP_001278907.1:p.Arg798Cys,0.369,32,['Unknown%20significance'],151.4,0.56,0.0,1.0,1.0
NOP14,4,2939272,NM_001291978.2:c.2390A>G,NP_001278907.1:p.Lys797Arg,0.250,16.58,['Likely%20benign'],130.12,0.54,0.0,-0.4,0.4
NOP14,4,2939273,NM_001291978.2:c.2389A>C,NP_001278907.1:p.Lys797Gln,0.456,24.4,['Unknown%20significance'],130.12,0.54,0.0,-0.1,0.1
NOP14,4,2939274,NM_001291978.2:c.2388C>G,NP_001278907.1:p.His796Gln,0.306,25.0,['Unknown%20significance'],139.24,0.67,0.0,0.1,0.1
NOP14,4,2939274,NM_001291978.2:c.2388C>A,NP_001278907.1:p.His796Gln,0.306,25.0,['Unknown%20significance'],139.24,0.67,0.0,0.1,0.1
NOP14,4,2939278,NM_001291978.2:c.2384A>G,NP_001278907.1:p.Lys795Arg,0.207,25.1,['Unknown%20significance'],114.33,0.48,0.0,-0.6,0.6
NOP14,4,2939280,NM_001291978.2:c.2382C>G,NP_001278907.1:p.His794Gln,0.228,24.0,['Unknown%20significance'],114.36,0.55,0.0,0.1,0.1
NOP14,4,2939281,NM_001291978.2:c.2381A>G,NP_001278907.1:p.His794Arg,0.325,26.4,['Unknown%20significance'],114.36,0.55,0.0,0.1,0.1
NOP14,4,2939281,NM_001291978.2:c.2381A>C,NP_001278907.1:p.His794Pro,0.459,27.7,['Unknown%20significance'],114.36,0.55,0.0,0.5,0.5
NOP14,4,2939284,NM_001291978.2:c.2378T>C,NP_001278907.1:p.Ile793Thr,0.183,26.8,['Unknown%20significance'],72.76,0.37,0.0,0.5,0.5
NOP14,4,2939289,NM_001291978.2:c.2373G>T,NP_001278907.1:p.Arg791Ser,0.231,24.0,['Unknown%20significance'],92.1,0.34,0.0,0.9,0.9
NOP14,4,2939290,NM_001291978.2:c.2372G>C,NP_001278907.1:p.Arg791Thr,0.224,31,['Unknown%20significance'],92.1,0.34,0.0,0.7,0.7
NOP14,4,2939290,NM_001291978.2:c.2372G>A,NP_001278907.1:p.Arg791Lys,0.114,24.9,['Likely%20benign'],92.1,0.34,0.0,0.7,0.7
NOP14,4,2939292,NM_001291978.2:c.2370G>C,NP_001278907.1:p.Lys790Asn,0.105,21.2,['Likely%20benign'],120.47,0.5,0.0,-0.1,0.1
NOP14,4,2939294,NM_001291978.2:c.2368A>G,NP_001278907.1:p.Lys790Glu,0.043,14.89,['Likely%20benign'],120.47,0.5,0.0,-0.2,0.2
NOP14,4,2939300,NM_001291978.2:c.2362G>C,NP_001278907.1:p.Glu788Gln,0.278,24.9,['Unknown%20significance'],107.82,0.55,0.0,0.1,0.1
NOP14,4,2939300,NM_001291978.2:c.2362G>A,NP_001278907.1:p.Glu788Lys,0.370,25.9,['Unknown%20significance'],107.82,0.55,0.0,0.7,0.7
NOP14,4,2939301,NM_001291978.2:c.2361G>T,NP_001278907.1:p.Gln787His,0.163,23.0,['Unknown%20significance'],61.29,0.3,0.0,-0.1,0.1
NOP14,4,2939301,NM_001291978.2:c.2361G>C,NP_001278907.1:p.Gln787His,0.163,23.0,['Unknown%20significance'],61.29,0.3,0.0,-0.1,0.1
NOP14,4,2939306,NM_001291978.2:c.2356G>A,NP_001278907.1:p.Glu786Lys,0.217,23.4,['Unknown%20significance'],64.71,0.33,0.0,-0.3,0.3
NOP14,4,2939309,NM_001291978.2:c.2353G>A,NP_001278907.1:p.Glu785Lys,0.111,17.77,['Unknown%20significance'],155.63,0.79,0.0,0.2,0.2
NOP14,4,2939314,NM_001291978.2:c.2348G>T,NP_001278907.1:p.Ser783Ile,0.112,2.933,['Unknown%20significance'],74.94,0.54,0.0,0.2,0.2
NOP14,4,2939318,NM_001291978.2:c.2344A>T,NP_001278907.1:p.Ser782Cys,0.034,9.997,['Benign'],23.03,0.16,0.0,0.4,0.4
NOP14,4,2939320,NM_001291978.2:c.2342G>A,NP_001278907.1:p.Gly781Asp,0.190,23.8,['Unknown%20significance'],57.86,0.6,0.0,-0.5,0.5
NOP14,4,2939323,NM_001291978.2:c.2339A>G,NP_001278907.1:p.Gln780Arg,0.061,18.34,['Unknown%20significance'],82.85,0.41,0.0,-0.2,0.2
NOP14,4,2939324,NM_001291978.2:c.2338C>G,NP_001278907.1:p.Gln780Glu,0.165,23.9,['Unknown%20significance'],82.85,0.41,0.0,0.1,0.1
NOP14,4,2939326,NM_001291978.2:c.2336A>T,NP_001278907.1:p.Lys779Ile,0.336,24.8,['Unknown%20significance'],212.97,0.89,0.0,0.0,0.0
NOP14,4,2939330,NM_001291978.2:c.2332A>G,NP_001278907.1:p.Arg778Gly,0.249,21.6,['Unknown%20significance'],125.65,0.46,0.0,1.2,1.2
NOP14,4,2939332,NM_001291978.2:c.2330G>A,NP_001278907.1:p.Gly777Glu,0.299,25.4,['Unknown%20significance'],99.6,1.0,0.0,-0.0,0.0
NOP14,4,2939333,NM_001291978.2:c.2329G>C,NP_001278907.1:p.Gly777Arg,0.285,23.3,['Unknown%20significance'],99.6,1.0,0.0,-0.1,0.1
NOP14,4,2939333,NM_001291978.2:c.2329G>A,NP_001278907.1:p.Gly777Arg,0.285,24.6,['Unknown%20significance'],99.6,1.0,0.0,-0.1,0.1
NOP14,4,2939334,NM_001291978.2:c.2328T>G,NP_001278907.1:p.Phe776Leu,0.270,21.4,['Unknown%20significance'],197.67,0.86,0.0,0.1,0.1
NOP14,4,2939335,NM_001291978.2:c.2327T>C,NP_001278907.1:p.Phe776Ser,0.239,22.9,['Unknown%20significance'],197.67,0.86,0.0,0.2,0.2
NOP14,4,2939336,NM_001291978.2:c.2326T>A,NP_001278907.1:p.Phe776Ile,0.247,23.4,['Unknown%20significance'],197.67,0.86,0.0,0.1,0.1
NOP14,4,2939337,NM_001291978.2:c.2325G>C,NP_001278907.1:p.Glu775Asp,0.058,14.63,['Unknown%20significance'],54.56,0.27,0.0,-0.1,0.1
NOP14,4,2939338,NM_001291978.2:c.2324A>G,NP_001278907.1:p.Glu775Gly,0.284,24.8,['Unknown%20significance'],54.56,0.27,0.0,0.8,0.8
NOP14,4,2939339,NM_001291978.2:c.2323G>C,NP_001278907.1:p.Glu775Gln,0.200,23.7,['Likely%20benign'],54.56,0.27,0.0,-0.1,0.1
NOP14,4,2939339,NM_001291978.2:c.2323G>A,NP_001278907.1:p.Glu775Lys,0.208,24.3,['Unknown%20significance'],54.56,0.27,0.0,0.4,0.4
NOP14,4,2939341,NM_001291978.2:c.2321T>C,NP_001278907.1:p.Leu774Pro,0.590,25.2,['Unknown%20significance'],104.06,0.53,0.0,0.8,0.8
NOP14,4,2939342,NM_001291978.2:c.2320C>G,NP_001278907.1:p.Leu774Val,0.180,24.8,['Unknown%20significance'],104.06,0.53,0.0,0.2,0.2
NOP14,4,2939527,NM_001291978.2:c.2318T>G,NP_001278907.1:p.Val773Gly,0.428,32,['Unknown%20significance'],125.95,0.73,0.0,0.5,0.5
NOP14,4,2939527,NM_001291978.2:c.2318T>C,NP_001278907.1:p.Val773Ala,0.308,32,['Unknown%20significance'],125.95,0.73,0.0,0.3,0.3
NOP14,4,2939528,NM_001291978.2:c.2317G>C,NP_001278907.1:p.Val773Leu,0.287,25.8,['Unknown%20significance'],125.95,0.73,0.0,0.1,0.1
NOP14,4,2939528,NM_001291978.2:c.2317G>A,NP_001278907.1:p.Val773Ile,0.206,25.2,['Unknown%20significance'],125.95,0.73,0.0,0.0,0.0
NOP14,4,2939530,NM_001291978.2:c.2315A>C,NP_001278907.1:p.Lys772Thr,0.100,21.7,['Unknown%20significance'],235.99,0.99,0.0,-0.0,0.0
NOP14,4,2939531,NM_001291978.2:c.2314A>G,NP_001278907.1:p.Lys772Glu,0.065,20.2,['Unknown%20significance'],235.99,0.99,0.0,-0.0,0.0
NOP14,4,2939533,NM_001291978.2:c.2312T>C,NP_001278907.1:p.Val771Ala,0.343,25.0,['Unknown%20significance'],44.05,0.25,0.0,0.5,0.5
NOP14,4,2939537,NM_001291978.2:c.2308C>A,NP_001278907.1:p.Leu770Met,0.155,27.1,['Unknown%20significance'],167.06,0.86,0.0,0.0,0.0
NOP14,4,2939539,NM_001291978.2:c.2306G>C,NP_001278907.1:p.Arg769Pro,0.247,32,['Unknown%20significance'],188.77,0.7,0.0,0.7,0.7
NOP14,4,2939539,NM_001291978.2:c.2306G>A,NP_001278907.1:p.Arg769Gln,0.092,23.7,['Benign'],188.77,0.7,0.0,0.3,0.3
NOP14,4,2939540,NM_001291978.2:c.2305C>T,NP_001278907.1:p.Arg769Trp,0.218,29.6,['Unknown%20significance'],188.77,0.7,0.0,0.2,0.2
NOP14,4,2939542,NM_001291978.2:c.2303C>T,NP_001278907.1:p.Pro768Leu,0.889,28.8,['Unknown%20significance'],97.84,0.62,0.0,0.7,0.7
NOP14,4,2939542,NM_001291978.2:c.2303C>A,NP_001278907.1:p.Pro768His,0.886,28.1,['Unknown%20significance'],97.84,0.62,0.0,1.0,1.0
NOP14,4,2939543,NM_001291978.2:c.2302C>A,NP_001278907.1:p.Pro768Thr,0.891,26.1,['Unknown%20significance'],97.84,0.62,0.0,0.9,0.9
NOP14,4,2939545,NM_001291978.2:c.2300C>T,NP_001278907.1:p.Thr767Ile,0.365,26.5,['Unknown%20significance'],140.01,0.88,0.0,-0.1,0.1
NOP14,4,2939549,NM_001291978.2:c.2296T>C,NP_001278907.1:p.Phe766Leu,0.059,23.0,['Unknown%20significance'],185.34,0.8,0.0,0.1,0.1
NOP14,4,2939552,NM_001291978.2:c.2293C>T,NP_001278907.1:p.Leu765Phe,0.231,23.5,['Unknown%20significance'],186.14,0.96,0.0,0.1,0.1
NOP14,4,2939552,NM_001291978.2:c.2293C>G,NP_001278907.1:p.Leu765Val,0.188,23.6,['Unknown%20significance'],186.14,0.96,0.0,0.0,0.0
NOP14,4,2939552,NM_001291978.2:c.2293C>A,NP_001278907.1:p.Leu765Ile,0.170,24.3,['Unknown%20significance'],186.14,0.96,0.0,0.0,0.0
NOP14,4,2939553,NM_001291978.2:c.2292G>C,NP_001278907.1:p.Lys764Asn,0.201,24.0,['Unknown%20significance'],175.9,0.74,0.0,0.1,0.1
NOP14,4,2939555,NM_001291978.2:c.2290A>C,NP_001278907.1:p.Lys764Gln,0.303,27.4,['Unknown%20significance'],175.9,0.74,0.0,-0.1,0.1
NOP14,4,2939557,NM_001291978.2:c.2288T>C,NP_001278907.1:p.Leu763Pro,0.415,27.0,['Unknown%20significance'],174.54,0.9,0.0,0.4,0.4
NOP14,4,2939560,NM_001291978.2:c.2285C>A,NP_001278907.1:p.Pro762Gln,0.518,27.5,['Unknown%20significance'],118.15,0.75,0.0,0.2,0.2
NOP14,4,2939561,NM_001291978.2:c.2284C>T,NP_001278907.1:p.Pro762Ser,0.433,24.3,['Unknown%20significance'],118.15,0.75,0.0,0.3,0.3
NOP14,4,2939564,NM_001291978.2:c.2281G>A,NP_001278907.1:p.Val761Ile,0.056,15.02,['Unknown%20significance'],151.81,0.88,0.0,-0.0,0.0
NOP14,4,2939566,NM_001291978.2:c.2279C>G,NP_001278907.1:p.Pro760Arg,0.571,28.4,['Unknown%20significance'],140.07,0.89,0.0,0.3,0.3
NOP14,4,2939567,NM_001291978.2:c.2278C>T,NP_001278907.1:p.Pro760Ser,0.448,27.5,['Unknown%20significance'],140.07,0.89,0.0,0.3,0.3
NOP14,4,2939567,NM_001291978.2:c.2278C>G,NP_001278907.1:p.Pro760Ala,0.411,25.2,['Unknown%20significance'],140.07,0.89,0.0,0.3,0.3
NOP14,4,2939568,NM_001291978.2:c.2277G>C,NP_001278907.1:p.Lys759Asn,0.321,24.9,['Unknown%20significance'],215.94,0.91,0.0,-0.0,0.0
NOP14,4,2939570,NM_001291978.2:c.2275A>G,NP_001278907.1:p.Lys759Glu,0.294,26.9,['Unknown%20significance'],215.94,0.91,0.0,-0.1,0.1
NOP14,4,2939571,NM_001291978.2:c.2274C>G,NP_001278907.1:p.Ser758Arg,0.057,22.5,['Unknown%20significance'],117.61,0.85,0.0,-0.1,0.1
NOP14,4,2939572,NM_001291978.2:c.2273G>C,NP_001278907.1:p.Ser758Thr,0.052,19.28,['Unknown%20significance'],117.61,0.85,0.0,-0.0,0.0
NOP14,4,2939574,NM_001291978.2:c.2271G>C,NP_001278907.1:p.Lys757Asn,0.215,25.6,['Unknown%20significance'],234.79,0.99,0.0,-0.1,0.1
NOP14,4,2939577,NM_001291978.2:c.2268G>C,NP_001278907.1:p.Glu756Asp,0.227,23.2,['Unknown%20significance'],189.53,0.97,0.0,0.0,0.0
NOP14,4,2939579,NM_001291978.2:c.2266G>C,NP_001278907.1:p.Glu756Gln,0.284,23.8,['Unknown%20significance'],189.53,0.97,0.0,-0.0,0.0
NOP14,4,2939584,NM_001291978.2:c.2261C>T,NP_001278907.1:p.Thr754Ile,0.164,16.95,['Likely%20benign'],114.28,0.72,0.0,-0.3,0.3
NOP14,4,2939587,NM_001291978.2:c.2258T>C,NP_001278907.1:p.Leu753Pro,0.681,27.2,['Unknown%20significance'],203.8,1.0,0.0,0.3,0.3
NOP14,4,2939588,NM_001291978.2:c.2257C>G,NP_001278907.1:p.Leu753Val,0.369,23.9,['Unknown%20significance'],203.8,1.0,0.0,0.1,0.1
NOP14,4,2939590,NM_001291978.2:c.2255C>T,NP_001278907.1:p.Pro752Leu,0.295,22.5,['Benign'],128.44,0.81,0.0,0.3,0.3
NOP14,4,2939593,NM_001291978.2:c.2252G>T,NP_001278907.1:p.Arg751Leu,0.035,13.30,['Likely%20benign'],192.11,0.71,0.0,0.0,0.0
NOP14,4,2939593,NM_001291978.2:c.2252G>A,NP_001278907.1:p.Arg751Gln,0.014,10.56,['Likely%20benign'],192.11,0.71,0.0,0.1,0.1
NOP14,4,2939594,NM_001291978.2:c.2251C>T,NP_001278907.1:p.Arg751Trp,0.239,24.1,['Unknown%20significance'],192.11,0.71,0.0,-0.1,0.1
NOP14,4,2939594,NM_001291978.2:c.2251C>G,NP_001278907.1:p.Arg751Gly,0.236,18.59,['Likely%20benign'],192.11,0.71,0.0,0.5,0.5
NOP14,4,2939595,NM_001291978.2:c.2250C>G,NP_001278907.1:p.Cys750Trp,0.055,8.338,['Likely%20benign'],148.76,0.96,0.0,-0.1,0.1
NOP14,4,2939596,NM_001291978.2:c.2249G>T,NP_001278907.1:p.Cys750Phe,0.047,0.007,['Likely%20benign'],148.76,0.96,0.0,-0.1,0.1
NOP14,4,2939599,NM_001291978.2:c.2246T>C,NP_001278907.1:p.Leu749Pro,0.025,12.66,['Likely%20benign'],139.94,0.72,0.0,0.2,0.2
NOP14,4,2939600,NM_001291978.2:c.2245C>T,NP_001278907.1:p.Leu749Phe,0.047,12.46,['Unknown%20significance'],139.94,0.72,0.0,0.0,0.0
NOP14,4,2939600,NM_001291978.2:c.2245C>G,NP_001278907.1:p.Leu749Val,0.047,12.90,['Likely%20benign'],139.94,0.72,0.0,0.0,0.0
NOP14,4,2939601,NM_001291978.2:c.2244G>T,NP_001278907.1:p.Gln748His,0.025,11.16,['Likely%20benign'],46.57,0.23,0.0,-0.0,0.0
NOP14,4,2939603,NM_001291978.2:c.2242C>G,NP_001278907.1:p.Gln748Glu,0.046,9.221,['Likely%20benign'],46.57,0.23,0.0,0.2,0.2
NOP14,4,2939607,NM_001291978.2:c.2238G>C,NP_001278907.1:p.Gln746His,0.086,14.34,['Likely%20benign'],54.68,0.27,0.0,-0.0,0.0
NOP14,4,2939608,NM_001291978.2:c.2237A>G,NP_001278907.1:p.Gln746Arg,0.036,15.12,['Likely%20benign'],54.68,0.27,0.0,-0.1,0.1
NOP14,4,2939609,NM_001291978.2:c.2236C>G,NP_001278907.1:p.Gln746Glu,0.082,15.39,['Unknown%20significance'],54.68,0.27,0.0,0.3,0.3
NOP14,4,2939611,NM_001291978.2:c.2234G>A,NP_001278907.1:p.Ser745Asn,0.080,0.002,['Likely%20benign'],78.9,0.57,0.0,0.0,0.0
NOP14,4,2939612,NM_001291978.2:c.2233A>G,NP_001278907.1:p.Ser745Gly,0.028,1.602,['Likely%20benign'],78.9,0.57,0.0,0.4,0.4
NOP14,4,2939614,NM_001291978.2:c.2231A>G,NP_001278907.1:p.Glu744Gly,0.025,7.646,['Likely%20benign'],91.83,0.47,0.0,0.5,0.5
NOP14,4,2939616,NM_001291978.2:c.2229G>A,NP_001278907.1:p.Met743Ile,0.119,9.088,['Likely%20benign'],4.86,0.02,0.0,-1.0,1.0
NOP14,4,2939617,NM_001291978.2:c.2228T>C,NP_001278907.1:p.Met743Thr,0.041,16.62,['Unknown%20significance'],4.86,0.02,0.0,1.5,1.5
NOP14,4,2939617,NM_001291978.2:c.2228T>A,NP_001278907.1:p.Met743Lys,0.064,18.31,['Unknown%20significance'],4.86,0.02,0.0,2.8,2.8
NOP14,4,2939619,NM_001291978.2:c.2226A>T,NP_001278907.1:p.Glu742Asp,0.084,0.024,['Likely%20benign'],37.39,0.19,0.0,0.4,0.4
NOP14,4,2939619,NM_001291978.2:c.2226A>C,NP_001278907.1:p.Glu742Asp,0.084,0.022,['Likely%20benign'],37.39,0.19,0.0,0.4,0.4
NOP14,4,2939621,NM_001291978.2:c.2224G>C,NP_001278907.1:p.Glu742Gln,0.045,11.80,['Likely%20benign'],37.39,0.19,0.0,-0.5,0.5
NOP14,4,2939621,NM_001291978.2:c.2224G>A,NP_001278907.1:p.Glu742Lys,0.046,12.83,['Unknown%20significance'],37.39,0.19,0.0,0.1,0.1
NOP14,4,2939623,NM_001291978.2:c.2222C>A,NP_001278907.1:p.Thr741Asn,0.048,1.167,['Likely%20benign'],91.22,0.57,0.0,0.3,0.3
NOP14,4,2939626,NM_001291978.2:c.2219T>C,NP_001278907.1:p.Leu740Pro,0.399,25.1,['Unknown%20significance'],13.06,0.06,0.0,2.5,2.5
NOP14,4,2939627,NM_001291978.2:c.2218C>G,NP_001278907.1:p.Leu740Val,0.115,18.92,['Unknown%20significance'],13.06,0.06,0.0,0.3,0.3
NOP14,4,2939629,NM_001291978.2:c.2216C>T,NP_001278907.1:p.Thr739Ile,0.057,0.044,['Likely%20benign'],0.0,0.0,0.0,-2.1,2.1
NOP14,4,2939630,NM_001291978.2:c.2215A>G,NP_001278907.1:p.Thr739Ala,0.030,0.029,['Likely%20benign'],0.0,0.0,0.0,0.4,0.4
NOP14,4,2939630,NM_001291978.2:c.2215A>C,NP_001278907.1:p.Thr739Pro,0.093,0.478,['Likely%20benign'],0.0,0.0,0.0,1.4,1.4
NOP14,4,2939632,NM_001291978.2:c.2213G>A,NP_001278907.1:p.Ser738Asn,0.122,11.19,['Likely%20benign'],32.4,0.23,0.0,-0.0,0.0
NOP14,4,2939633,NM_001291978.2:c.2212A>G,NP_001278907.1:p.Ser738Gly,0.032,9.219,['Likely%20benign'],32.4,0.23,0.0,0.7,0.7
NOP14,4,2939635,NM_001291978.2:c.2210A>G,NP_001278907.1:p.Gln737Arg,0.083,0.002,['Likely%20benign'],83.34,0.42,0.0,-0.1,0.1
NOP14,4,2939641,NM_001291978.2:c.2204T>C,NP_001278907.1:p.Leu735Pro,0.351,25.1,['Unknown%20significance'],24.24,0.12,0.0,2.1,2.1
NOP14,4,2939642,NM_001291978.2:c.2203C>G,NP_001278907.1:p.Leu735Val,0.193,23.2,['Unknown%20significance'],24.24,0.12,0.0,0.4,0.4
NOP14,4,2939643,NM_001291978.2:c.2202G>C,NP_001278907.1:p.Glu734Asp,0.063,15.11,['Unknown%20significance'],87.62,0.44,0.0,0.2,0.2
NOP14,4,2939645,NM_001291978.2:c.2200G>A,NP_001278907.1:p.Glu734Lys,0.268,26.9,['Unknown%20significance'],87.62,0.44,0.0,0.2,0.2
NOP14,4,2941582,NM_001291978.2:c.2199G>T,NP_001278907.1:p.Gln733His,0.194,34,['Unknown%20significance'],47.11,0.23,0.0,0.0,0.0
NOP14,4,2941583,NM_001291978.2:c.2198A>G,NP_001278907.1:p.Gln733Arg,0.199,25.9,['Unknown%20significance'],47.11,0.23,0.0,-0.3,0.3
NOP14,4,2941583,NM_001291978.2:c.2198A>C,NP_001278907.1:p.Gln733Pro,0.382,31,['Unknown%20significance'],47.11,0.23,0.0,0.9,0.9
NOP14,4,2941586,NM_001291978.2:c.2195T>C,NP_001278907.1:p.Leu732Pro,0.422,25.5,['Unknown%20significance'],0.0,0.0,0.0,3.6,3.6
NOP14,4,2941587,NM_001291978.2:c.2194C>T,NP_001278907.1:p.Leu732Phe,0.247,22.2,['Unknown%20significance'],0.0,0.0,0.0,0.7,0.7
NOP14,4,2941587,NM_001291978.2:c.2194C>A,NP_001278907.1:p.Leu732Ile,0.148,20.9,['Unknown%20significance'],0.0,0.0,0.0,0.3,0.3
NOP14,4,2941589,NM_001291978.2:c.2192A>C,NP_001278907.1:p.Glu731Ala,0.021,14.60,['Likely%20benign'],65.91,0.33,0.0,-0.3,0.3
NOP14,4,2941592,NM_001291978.2:c.2189A>G,NP_001278907.1:p.Gln730Arg,0.018,0.002,['Likely%20benign'],142.63,0.72,0.0,-0.1,0.1
NOP14,4,2941595,NM_001291978.2:c.2186C>T,NP_001278907.1:p.Pro729Leu,0.317,25.4,['Unknown%20significance'],37.47,0.23,0.0,0.4,0.4
NOP14,4,2941596,NM_001291978.2:c.2185C>T,NP_001278907.1:p.Pro729Ser,0.240,24.2,['Unknown%20significance'],37.47,0.23,0.0,1.1,1.1
NOP14,4,2941596,NM_001291978.2:c.2185C>G,NP_001278907.1:p.Pro729Ala,0.263,22.8,['Unknown%20significance'],37.47,0.23,0.0,0.9,0.9
NOP14,4,2941597,NM_001291978.2:c.2184C>A,NP_001278907.1:p.His728Gln,0.107,18.28,['Unknown%20significance'],12.22,0.05,0.0,0.6,0.6
NOP14,4,2941598,NM_001291978.2:c.2183A>C,NP_001278907.1:p.His728Pro,0.125,20.6,['Unknown%20significance'],12.22,0.05,0.0,1.3,1.3
NOP14,4,2941601,NM_001291978.2:c.2180G>C,NP_001278907.1:p.Ser727Thr,0.081,12.05,['Likely%20benign'],56.65,0.41,0.0,-0.3,0.3
NOP14,4,2941602,NM_001291978.2:c.2179A>G,NP_001278907.1:p.Ser727Gly,0.051,3.064,['Likely%20benign'],56.65,0.41,0.0,0.5,0.5
NOP14,4,2941604,NM_001291978.2:c.2177G>A,NP_001278907.1:p.Cys726Tyr,0.065,15.58,['Unknown%20significance'],10.53,0.06,0.0,-1.1,1.1
NOP14,4,2941605,NM_001291978.2:c.2176T>C,NP_001278907.1:p.Cys726Arg,0.079,0.104,['Likely%20benign'],10.53,0.06,0.0,-0.4,0.4
NOP14,4,2941606,NM_001291978.2:c.2175C>G,NP_001278907.1:p.Asp725Glu,0.015,2.785,['Likely%20benign'],35.65,0.22,0.0,-0.3,0.3
NOP14,4,2941607,NM_001291978.2:c.2174A>G,NP_001278907.1:p.Asp725Gly,0.078,3.237,['Likely%20benign'],35.65,0.22,0.0,0.4,0.4
NOP14,4,2941608,NM_001291978.2:c.2173G>A,NP_001278907.1:p.Asp725Asn,0.070,7.068,['Likely%20benign'],35.65,0.22,0.0,-0.3,0.3
NOP14,4,2941610,NM_001291978.2:c.2171C>T,NP_001278907.1:p.Ala724Val,0.022,9.236,['Likely%20benign'],98.35,0.77,0.0,-0.2,0.2
NOP14,4,2941610,NM_001291978.2:c.2171C>A,NP_001278907.1:p.Ala724Glu,0.026,7.400,['Unknown%20significance'],98.35,0.77,0.0,0.1,0.1
NOP14,4,2941613,NM_001291978.2:c.2168T>G,NP_001278907.1:p.Leu723Arg,0.111,18.71,['Likely%20benign'],38.22,0.19,0.0,1.6,1.6
NOP14,4,2941614,NM_001291978.2:c.2167C>A,NP_001278907.1:p.Leu723Met,0.099,16.22,['Likely%20benign'],38.22,0.19,0.0,0.6,0.6
NOP14,4,2941615,NM_001291978.2:c.2166C>G,NP_001278907.1:p.His722Gln,0.226,19.35,['Unknown%20significance'],0.23,0.0,0.0,0.4,0.4
NOP14,4,2941616,NM_001291978.2:c.2165A>T,NP_001278907.1:p.His722Leu,0.255,23.4,['Unknown%20significance'],0.23,0.0,0.0,-1.8,1.8
NOP14,4,2941616,NM_001291978.2:c.2165A>C,NP_001278907.1:p.His722Pro,0.209,23.7,['Unknown%20significance'],0.23,0.0,0.0,1.3,1.3
NOP14,4,2941618,NM_001291978.2:c.2163T>G,NP_001278907.1:p.Asp721Glu,0.041,1.086,['Likely%20benign'],45.12,0.28,0.0,-0.4,0.4
NOP14,4,2941622,NM_001291978.2:c.2159C>T,NP_001278907.1:p.Thr720Met,0.028,0.692,['Likely%20benign'],62.65,0.39,0.0,-0.5,0.5
NOP14,4,2941622,NM_001291978.2:c.2159C>A,NP_001278907.1:p.Thr720Lys,0.025,0.273,['Likely%20benign'],62.65,0.39,0.0,0.5,0.5
NOP14,4,2941623,NM_001291978.2:c.2158A>C,NP_001278907.1:p.Thr720Pro,0.118,2.852,['Likely%20benign'],62.65,0.39,0.0,0.5,0.5
NOP14,4,2941626,NM_001291978.2:c.2155C>T,NP_001278907.1:p.Leu719Phe,0.365,23.8,['Unknown%20significance'],0.0,0.0,0.0,1.2,1.2
NOP14,4,2941629,NM_001291978.2:c.2152C>G,NP_001278907.1:p.Leu718Val,0.196,20.9,['Unknown%20significance'],0.83,0.0,0.0,0.8,0.8
NOP14,4,2941631,NM_001291978.2:c.2150C>T,NP_001278907.1:p.Ala717Val,0.036,9.863,['Likely%20benign'],57.09,0.44,0.0,-0.6,0.6
NOP14,4,2941631,NM_001291978.2:c.2150C>A,NP_001278907.1:p.Ala717Asp,0.046,12.10,['Unknown%20significance'],57.09,0.44,0.0,1.0,1.0
NOP14,4,2941632,NM_001291978.2:c.2149G>A,NP_001278907.1:p.Ala717Thr,0.078,7.664,['Likely%20benign'],57.09,0.44,0.0,0.2,0.2
NOP14,4,2941634,NM_001291978.2:c.2147A>T,NP_001278907.1:p.Gln716Leu,0.023,1.412,['Likely%20benign'],64.58,0.32,0.0,-1.5,1.5
NOP14,4,2941634,NM_001291978.2:c.2147A>G,NP_001278907.1:p.Gln716Arg,0.027,0.054,['Benign'],64.58,0.32,0.0,-0.2,0.2
NOP14,4,2941634,NM_001291978.2:c.2147A>C,NP_001278907.1:p.Gln716Pro,0.064,1.432,['Likely%20benign'],64.58,0.32,0.0,0.5,0.5
NOP14,4,2941640,NM_001291978.2:c.2141C>T,NP_001278907.1:p.Pro714Leu,0.444,24.9,['Unknown%20significance'],35.67,0.22,0.0,0.1,0.1
NOP14,4,2941641,NM_001291978.2:c.2140C>T,NP_001278907.1:p.Pro714Ser,0.426,24.5,['Unknown%20significance'],35.67,0.22,0.0,1.4,1.4
NOP14,4,2941643,NM_001291978.2:c.2138G>A,NP_001278907.1:p.Gly713Glu,0.042,0.301,['Likely%20benign'],25.39,0.26,0.0,-0.5,0.5
NOP14,4,2941645,NM_001291978.2:c.2136G>C,NP_001278907.1:p.Met712Ile,0.054,0.308,['Likely%20benign'],1.58,0.0,0.0,-0.9,0.9
NOP14,4,2941645,NM_001291978.2:c.2136G>A,NP_001278907.1:p.Met712Ile,0.054,0.736,['Likely%20benign'],1.58,0.0,0.0,-0.9,0.9
NOP14,4,2941646,NM_001291978.2:c.2135T>C,NP_001278907.1:p.Met712Thr,0.146,0.016,['Likely%20benign'],1.58,0.0,0.0,1.5,1.5
NOP14,4,2941647,NM_001291978.2:c.2134A>G,NP_001278907.1:p.Met712Val,0.046,0.001,['Likely%20benign'],1.58,0.0,0.0,-0.5,0.5
NOP14,4,2941647,NM_001291978.2:c.2134A>C,NP_001278907.1:p.Met712Leu,0.025,0.001,['Likely%20benign'],1.58,0.0,0.0,-0.9,0.9
NOP14,4,2941648,NM_001291978.2:c.2133C>G,NP_001278907.1:p.Ile711Met,0.113,19.35,['Likely%20benign'],18.77,0.09,0.0,1.2,1.2
NOP14,4,2941649,NM_001291978.2:c.2132T>G,NP_001278907.1:p.Ile711Ser,0.316,24.3,['Unknown%20significance'],18.77,0.09,0.0,3.6,3.6
NOP14,4,2941649,NM_001291978.2:c.2132T>C,NP_001278907.1:p.Ile711Thr,0.278,22.6,['Unknown%20significance'],18.77,0.09,0.0,2.6,2.6
NOP14,4,2941650,NM_001291978.2:c.2131A>G,NP_001278907.1:p.Ile711Val,0.121,9.158,['Likely%20benign'],18.77,0.09,0.0,0.7,0.7
NOP14,4,2941650,NM_001291978.2:c.2131A>C,NP_001278907.1:p.Ile711Leu,0.075,13.18,['Likely%20benign'],18.77,0.09,0.0,0.5,0.5
NOP14,4,2941652,NM_001291978.2:c.2129C>T,NP_001278907.1:p.Ala710Val,0.044,11.91,['Likely%20benign'],89.26,0.7,0.0,-0.2,0.2
NOP14,4,2941652,NM_001291978.2:c.2129C>G,NP_001278907.1:p.Ala710Gly,0.031,11.79,['Likely%20benign'],89.26,0.7,0.0,0.4,0.4
NOP14,4,2941652,NM_001291978.2:c.2129C>A,NP_001278907.1:p.Ala710Asp,0.072,8.865,['Likely%20benign'],89.26,0.7,0.0,0.3,0.3
NOP14,4,2941653,NM_001291978.2:c.2128G>T,NP_001278907.1:p.Ala710Ser,0.036,5.247,['Unknown%20significance'],89.26,0.7,0.0,0.2,0.2
NOP14,4,2941653,NM_001291978.2:c.2128G>A,NP_001278907.1:p.Ala710Thr,0.044,8.161,['Unknown%20significance'],89.26,0.7,0.0,0.0,0.0
NOP14,4,2941656,NM_001291978.2:c.2125C>T,NP_001278907.1:p.His709Tyr,0.044,15.16,['Likely%20benign'],104.85,0.51,0.0,-0.5,0.5
NOP14,4,2941664,NM_001291978.2:c.2117C>T,NP_001278907.1:p.Pro706Leu,0.380,25.0,['Unknown%20significance'],93.64,0.59,0.0,-0.1,0.1
NOP14,4,2941665,NM_001291978.2:c.2116C>T,NP_001278907.1:p.Pro706Ser,0.256,22.8,['Unknown%20significance'],93.64,0.59,0.0,0.1,0.1
NOP14,4,2941667,NM_001291978.2:c.2114T>G,NP_001278907.1:p.Leu705Arg,0.414,24.7,['Unknown%20significance'],43.35,0.22,0.0,1.0,1.0
NOP14,4,2941670,NM_001291978.2:c.2111C>A,NP_001278907.1:p.Ser704Tyr,0.065,13.09,['Unknown%20significance'],103.4,0.74,0.0,-0.3,0.3
NOP14,4,2941671,NM_001291978.2:c.2110T>A,NP_001278907.1:p.Ser704Thr,0.046,0.001,['Likely%20benign'],103.4,0.74,0.0,-0.1,0.1
NOP14,4,2941674,NM_001291978.2:c.2107G>T,NP_001278907.1:p.Gly703Trp,0.173,11.69,['Likely%20benign'],5.33,0.05,0.0,-1.9,1.9
NOP14,4,2941674,NM_001291978.2:c.2107G>A,NP_001278907.1:p.Gly703Arg,0.029,0.408,['Likely%20benign'],5.33,0.05,0.0,-1.4,1.4
NOP14,4,2941676,NM_001291978.2:c.2105A>T,NP_001278907.1:p.Tyr702Phe,0.344,22.9,['Unknown%20significance'],0.0,0.0,0.0,0.7,0.7
NOP14,4,2941676,NM_001291978.2:c.2105A>G,NP_001278907.1:p.Tyr702Cys,0.572,24.8,['Unknown%20significance'],0.0,0.0,0.0,3.4,3.4
NOP14,4,2941678,NM_001291978.2:c.2103G>A,NP_001278907.1:p.Met701Ile,0.026,10.07,['Likely%20benign'],14.93,0.06,0.0,-0.3,0.3
NOP14,4,2941679,NM_001291978.2:c.2102T>G,NP_001278907.1:p.Met701Arg,0.172,19.23,['Unknown%20significance'],14.93,0.06,0.0,1.3,1.3
NOP14,4,2941679,NM_001291978.2:c.2102T>C,NP_001278907.1:p.Met701Thr,0.049,15.88,['Unknown%20significance'],14.93,0.06,0.0,1.4,1.4
NOP14,4,2941679,NM_001291978.2:c.2102T>A,NP_001278907.1:p.Met701Lys,0.151,17.28,['Unknown%20significance'],14.93,0.06,0.0,2.3,2.3
NOP14,4,2941680,NM_001291978.2:c.2101A>G,NP_001278907.1:p.Met701Val,0.052,0.382,['Likely%20benign'],14.93,0.06,0.0,0.1,0.1
NOP14,4,2941683,NM_001291978.2:c.2098C>T,NP_001278907.1:p.Leu700Phe,0.064,13.79,['Likely%20benign'],111.18,0.57,0.0,0.0,0.0
NOP14,4,2941685,NM_001291978.2:c.2096T>C,NP_001278907.1:p.Val699Ala,0.039,8.850,['Likely%20benign'],0.0,0.0,0.0,1.6,1.6
NOP14,4,2941686,NM_001291978.2:c.2095G>T,NP_001278907.1:p.Val699Leu,0.066,5.419,['Likely%20benign'],0.0,0.0,0.0,0.2,0.2
NOP14,4,2941686,NM_001291978.2:c.2095G>A,NP_001278907.1:p.Val699Met,0.095,14.05,['Likely%20benign'],0.0,0.0,0.0,0.9,0.9
NOP14,4,2941688,NM_001291978.2:c.2093G>A,NP_001278907.1:p.Cys698Tyr,0.232,20.6,['Unknown%20significance'],0.0,0.0,0.0,-1.6,1.6
NOP14,4,2941689,NM_001291978.2:c.2092T>C,NP_001278907.1:p.Cys698Arg,0.246,24.0,['Unknown%20significance'],0.0,0.0,0.0,0.8,0.8
NOP14,4,2941691,NM_001291978.2:c.2090G>A,NP_001278907.1:p.Arg697His,0.061,7.544,['Likely%20benign'],117.9,0.43,0.0,0.1,0.1
NOP14,4,2941692,NM_001291978.2:c.2089C>T,NP_001278907.1:p.Arg697Cys,0.213,24.8,['Benign'],117.9,0.43,0.0,0.1,0.1
NOP14,4,2941697,NM_001291978.2:c.2084T>C,NP_001278907.1:p.Leu695Pro,0.317,24.3,['Unknown%20significance'],0.0,0.0,0.0,4.5,4.5
NOP14,4,2941704,NM_001291978.2:c.2077G>T,NP_001278907.1:p.Ala693Ser,0.026,0.156,['Likely%20benign'],32.13,0.25,0.0,0.5,0.5
NOP14,4,2941706,NM_001291978.2:c.2075T>C,NP_001278907.1:p.Leu692Pro,0.402,24.3,['Unknown%20significance'],0.0,0.0,0.0,4.6,4.6
NOP14,4,2941707,NM_001291978.2:c.2074C>A,NP_001278907.1:p.Leu692Met,0.226,21.4,['Unknown%20significance'],0.0,0.0,0.0,1.5,1.5
NOP14,4,2941709,NM_001291978.2:c.2072G>C,NP_001278907.1:p.Gly691Ala,0.096,7.639,['Likely%20benign'],0.09,0.0,0.0,-1.9,1.9
NOP14,4,2941709,NM_001291978.2:c.2072G>A,NP_001278907.1:p.Gly691Asp,0.194,15.95,['Unknown%20significance'],0.09,0.0,0.0,0.3,0.3
NOP14,4,2941710,NM_001291978.2:c.2071G>A,NP_001278907.1:p.Gly691Ser,0.079,11.42,['Likely%20benign'],0.09,0.0,0.0,-0.8,0.8
NOP14,4,2941713,NM_001291978.2:c.2068G>T,NP_001278907.1:p.Val690Leu,0.075,7.697,['Likely%20benign'],18.76,0.1,0.0,0.1,0.1
NOP14,4,2941713,NM_001291978.2:c.2068G>A,NP_001278907.1:p.Val690Met,0.066,11.75,['Likely%20benign'],18.76,0.1,0.0,0.6,0.6
NOP14,4,2941715,NM_001291978.2:c.2066C>T,NP_001278907.1:p.Ala689Val,0.153,22.5,['Unknown%20significance'],0.94,0.0,0.0,-1.3,1.3
NOP14,4,2941721,NM_001291978.2:c.2060G>C,NP_001278907.1:p.Cys687Ser,0.200,24.4,['Unknown%20significance'],0.0,0.0,0.0,2.2,2.2
NOP14,4,2941721,NM_001291978.2:c.2060G>A,NP_001278907.1:p.Cys687Tyr,0.370,24.8,['Unknown%20significance'],0.0,0.0,0.0,-0.6,0.6
NOP14,4,2941724,NM_001291978.2:c.2057C>G,NP_001278907.1:p.Ser686Cys,0.252,24.8,['Unknown%20significance'],2.37,0.01,0.0,-0.5,0.5
NOP14,4,2941724,NM_001291978.2:c.2057C>A,NP_001278907.1:p.Ser686Tyr,0.371,24.7,['Unknown%20significance'],2.37,0.01,0.0,-1.5,1.5
NOP14,4,2941728,NM_001291978.2:c.2053C>G,NP_001278907.1:p.Leu685Val,0.301,22.8,['Unknown%20significance'],0.0,0.0,0.0,0.2,0.2
NOP14,4,2941728,NM_001291978.2:c.2053C>A,NP_001278907.1:p.Leu685Met,0.284,24.3,['Unknown%20significance'],0.0,0.0,0.0,0.9,0.9
NOP14,4,2942192,NM_001291978.2:c.2051G>T,NP_001278907.1:p.Arg684Leu,0.390,34,['Unknown%20significance'],51.67,0.19,0.0,-0.1,0.1
NOP14,4,2942192,NM_001291978.2:c.2051G>A,NP_001278907.1:p.Arg684Gln,0.359,34,['Unknown%20significance'],51.67,0.19,0.0,0.7,0.7
NOP14,4,2942196,NM_001291978.2:c.2047A>T,NP_001278907.1:p.Ile683Phe,0.028,1.285,['Likely%20benign'],14.52,0.07,0.0,-0.8,0.8
NOP14,4,2942198,NM_001291978.2:c.2045A>G,NP_001278907.1:p.His682Arg,0.337,24.4,['Unknown%20significance'],59.87,0.29,0.0,0.0,0.0
NOP14,4,2942199,NM_001291978.2:c.2044C>G,NP_001278907.1:p.His682Asp,0.325,23.8,['Unknown%20significance'],59.87,0.29,0.0,0.6,0.6
NOP14,4,2942199,NM_001291978.2:c.2044C>A,NP_001278907.1:p.His682Asn,0.201,23.2,['Unknown%20significance'],59.87,0.29,0.0,0.4,0.4
NOP14,4,2942201,NM_001291978.2:c.2042A>G,NP_001278907.1:p.Asn681Ser,0.098,19.09,['Unknown%20significance'],0.06,0.0,0.0,0.3,0.3
NOP14,4,2942201,NM_001291978.2:c.2042A>C,NP_001278907.1:p.Asn681Thr,0.099,24.0,['Unknown%20significance'],0.06,0.0,0.0,-0.1,0.1
NOP14,4,2942205,NM_001291978.2:c.2038G>T,NP_001278907.1:p.Ala680Ser,0.051,15.17,['Likely%20benign'],8.36,0.06,0.0,-0.2,0.2
NOP14,4,2942205,NM_001291978.2:c.2038G>A,NP_001278907.1:p.Ala680Thr,0.045,15.70,['Likely%20benign'],8.36,0.06,0.0,-0.6,0.6
NOP14,4,2942207,NM_001291978.2:c.2036A>G,NP_001278907.1:p.Glu679Gly,0.365,27.1,['Unknown%20significance'],88.78,0.45,0.0,0.4,0.4
NOP14,4,2942207,NM_001291978.2:c.2036A>C,NP_001278907.1:p.Glu679Ala,0.284,25.3,['Unknown%20significance'],88.78,0.45,0.0,0.0,0.0
NOP14,4,2942208,NM_001291978.2:c.2035G>C,NP_001278907.1:p.Glu679Gln,0.254,22.8,['Unknown%20significance'],88.78,0.45,0.0,-0.3,0.3
NOP14,4,2942208,NM_001291978.2:c.2035G>A,NP_001278907.1:p.Glu679Lys,0.334,23.3,['Unknown%20significance'],88.78,0.45,0.0,-0.0,0.0
NOP14,4,2942213,NM_001291978.2:c.2030C>T,NP_001278907.1:p.Ser677Leu,0.023,11.43,['Likely%20benign'],83.92,0.6,0.0,-0.3,0.3
NOP14,4,2942214,NM_001291978.2:c.2029T>C,NP_001278907.1:p.Ser677Pro,0.033,3.275,['Likely%20benign'],83.92,0.6,0.0,0.2,0.2
NOP14,4,2942216,NM_001291978.2:c.2027C>T,NP_001278907.1:p.Thr676Ile,0.161,18.39,['Unknown%20significance'],89.67,0.56,0.0,-0.0,0.0
NOP14,4,2942217,NM_001291978.2:c.2026A>T,NP_001278907.1:p.Thr676Ser,0.078,6.505,['Unknown%20significance'],89.67,0.56,0.0,0.2,0.2
NOP14,4,2942217,NM_001291978.2:c.2026A>G,NP_001278907.1:p.Thr676Ala,0.087,13.26,['Unknown%20significance'],89.67,0.56,0.0,0.3,0.3
NOP14,4,2942226,NM_001291978.2:c.2017A>T,NP_001278907.1:p.Arg673Trp,0.072,20.8,['Unknown%20significance'],238.87,0.88,0.0,-0.0,0.0
NOP14,4,2942228,NM_001291978.2:c.2015T>C,NP_001278907.1:p.Leu672Pro,0.112,0.731,['Likely%20benign'],45.1,0.23,0.0,0.9,0.9
NOP14,4,2942231,NM_001291978.2:c.2012G>C,NP_001278907.1:p.Arg671Thr,0.144,5.049,['Likely%20benign'],216.77,0.8,0.0,0.0,0.0
NOP14,4,2942234,NM_001291978.2:c.2009G>C,NP_001278907.1:p.Ser670Thr,0.019,0.205,['Likely%20benign'],0.83,0.0,0.0,-0.7,0.7
NOP14,4,2942234,NM_001291978.2:c.2009G>A,NP_001278907.1:p.Ser670Asn,0.028,0.204,['Likely%20benign'],0.83,0.0,0.0,0.1,0.1
NOP14,4,2942237,NM_001291978.2:c.2006C>T,NP_001278907.1:p.Ala669Val,0.069,23.4,['Likely%20benign'],0.0,0.0,0.0,-1.6,1.6
NOP14,4,2942237,NM_001291978.2:c.2006C>A,NP_001278907.1:p.Ala669Glu,0.173,23.5,['Unknown%20significance'],0.0,0.0,0.0,1.0,1.0
NOP14,4,2942238,NM_001291978.2:c.2005G>C,NP_001278907.1:p.Ala669Pro,0.125,23.7,['Unknown%20significance'],0.0,0.0,0.0,0.9,0.9
NOP14,4,2942239,NM_001291978.2:c.2004G>C,NP_001278907.1:p.Trp668Cys,0.192,22.8,['Likely%20benign'],57.12,0.21,0.0,1.2,1.2
NOP14,4,2942243,NM_001291978.2:c.2000G>T,NP_001278907.1:p.Arg667Leu,0.048,1.209,['Likely%20benign'],83.36,0.3,0.0,-0.4,0.4
NOP14,4,2942243,NM_001291978.2:c.2000G>C,NP_001278907.1:p.Arg667Pro,0.084,3.989,['Likely%20benign'],83.36,0.3,0.0,0.9,0.9
NOP14,4,2942243,NM_001291978.2:c.2000G>A,NP_001278907.1:p.Arg667His,0.079,1.572,['Likely%20benign'],83.36,0.3,0.0,0.0,0.0
NOP14,4,2942244,NM_001291978.2:c.1999C>T,NP_001278907.1:p.Arg667Cys,0.078,20.5,['Likely%20benign'],83.36,0.3,0.0,0.3,0.3
NOP14,4,2942244,NM_001291978.2:c.1999C>G,NP_001278907.1:p.Arg667Gly,0.048,10.94,['Likely%20benign'],83.36,0.3,0.0,1.2,1.2
NOP14,4,2942247,NM_001291978.2:c.1996C>T,NP_001278907.1:p.Leu666Phe,0.256,23.9,['Unknown%20significance'],30.62,0.15,0.0,0.5,0.5
NOP14,4,2942249,NM_001291978.2:c.1994C>T,NP_001278907.1:p.Ser665Phe,0.254,25.6,['Unknown%20significance'],48.84,0.35,0.0,-0.8,0.8
NOP14,4,2942250,NM_001291978.2:c.1993T>C,NP_001278907.1:p.Ser665Pro,0.099,7.819,['Likely%20benign'],48.84,0.35,0.0,-0.2,0.2
NOP14,4,2942252,NM_001291978.2:c.1991T>G,NP_001278907.1:p.Leu664Arg,0.554,25.7,['Unknown%20significance'],29.36,0.15,0.0,1.9,1.9
NOP14,4,2942252,NM_001291978.2:c.1991T>C,NP_001278907.1:p.Leu664Pro,0.578,26.2,['Unknown%20significance'],29.36,0.15,0.0,2.6,2.6
NOP14,4,2942253,NM_001291978.2:c.1990C>G,NP_001278907.1:p.Leu664Val,0.184,22.7,['Unknown%20significance'],29.36,0.15,0.0,0.8,0.8
NOP14,4,2942253,NM_001291978.2:c.1990C>A,NP_001278907.1:p.Leu664Ile,0.260,23.1,['Unknown%20significance'],29.36,0.15,0.0,0.5,0.5
NOP14,4,2942254,NM_001291978.2:c.1989C>G,NP_001278907.1:p.Ser663Arg,0.027,15.32,['Likely%20benign'],108.41,0.78,0.0,-0.2,0.2
NOP14,4,2942254,NM_001291978.2:c.1989C>A,NP_001278907.1:p.Ser663Arg,0.027,14.85,['Likely%20benign'],108.41,0.78,0.0,-0.2,0.2
NOP14,4,2942255,NM_001291978.2:c.1988G>C,NP_001278907.1:p.Ser663Thr,0.034,13.32,['Likely%20benign'],108.41,0.78,0.0,-0.1,0.1
NOP14,4,2942258,NM_001291978.2:c.1985G>C,NP_001278907.1:p.Ser662Thr,0.063,5.203,['Likely%20benign'],71.24,0.51,0.0,-0.2,0.2
NOP14,4,2942259,NM_001291978.2:c.1984A>G,NP_001278907.1:p.Ser662Gly,0.025,9.832,['Likely%20benign'],71.24,0.51,0.0,0.4,0.4
NOP14,4,2942260,NM_001291978.2:c.1983G>C,NP_001278907.1:p.Gln661His,0.065,11.17,['Likely%20benign'],75.2,0.38,0.0,-0.1,0.1
NOP14,4,2942266,NM_001291978.2:c.1977G>T,NP_001278907.1:p.Trp659Cys,0.370,25.3,['Unknown%20significance'],6.09,0.02,0.0,2.0,2.0
NOP14,4,2942270,NM_001291978.2:c.1973C>T,NP_001278907.1:p.Thr658Met,0.192,24.4,['Unknown%20significance'],101.58,0.64,0.0,-0.1,0.1
NOP14,4,2942274,NM_001291978.2:c.1969G>C,NP_001278907.1:p.Ala657Pro,0.146,17.88,['Likely%20benign'],85.96,0.67,0.0,0.1,0.1
NOP14,4,2942276,NM_001291978.2:c.1967T>C,NP_001278907.1:p.Val656Ala,0.047,0.005,['Likely%20benign'],6.89,0.04,0.0,0.9,0.9
NOP14,4,2942277,NM_001291978.2:c.1966G>A,NP_001278907.1:p.Val656Met,0.042,1.477,['Likely%20benign'],6.89,0.04,0.0,0.0,0.0
NOP14,4,2942280,NM_001291978.2:c.1963G>C,NP_001278907.1:p.Asp655His,0.240,23.6,['Unknown%20significance'],12.43,0.07,0.0,-0.8,0.8
NOP14,4,2942280,NM_001291978.2:c.1963G>A,NP_001278907.1:p.Asp655Asn,0.189,22.5,['Unknown%20significance'],12.43,0.07,0.0,-0.4,0.4
NOP14,4,2942282,NM_001291978.2:c.1961A>G,NP_001278907.1:p.Glu654Gly,0.060,15.40,['Likely%20benign'],155.95,0.79,0.0,0.2,0.2
NOP14,4,2942283,NM_001291978.2:c.1960G>A,NP_001278907.1:p.Glu654Lys,0.049,16.38,['Unknown%20significance'],155.95,0.79,0.0,0.1,0.1
NOP14,4,2942285,NM_001291978.2:c.1958G>T,NP_001278907.1:p.Arg653Ile,0.062,0.354,['Likely%20benign'],183.0,0.67,0.0,0.1,0.1
NOP14,4,2942285,NM_001291978.2:c.1958G>C,NP_001278907.1:p.Arg653Thr,0.037,0.068,['Likely%20benign'],183.0,0.67,0.0,0.1,0.1
NOP14,4,2942286,NM_001291978.2:c.1957A>G,NP_001278907.1:p.Arg653Gly,0.013,7.527,['Likely%20benign'],183.0,0.67,0.0,0.5,0.5
NOP14,4,2942288,NM_001291978.2:c.1955C>T,NP_001278907.1:p.Ala652Val,0.041,13.13,['Likely%20benign'],46.19,0.36,0.0,-0.3,0.3
NOP14,4,2942289,NM_001291978.2:c.1954G>T,NP_001278907.1:p.Ala652Ser,0.145,8.167,['Likely%20benign'],46.19,0.36,0.0,-0.1,0.1
NOP14,4,2942289,NM_001291978.2:c.1954G>C,NP_001278907.1:p.Ala652Pro,0.097,14.46,['Likely%20benign'],46.19,0.36,0.0,0.2,0.2
NOP14,4,2942289,NM_001291978.2:c.1954G>A,NP_001278907.1:p.Ala652Thr,0.154,8.982,['Likely%20benign'],46.19,0.36,0.0,-0.3,0.3
NOP14,4,2942291,NM_001291978.2:c.1952C>G,NP_001278907.1:p.Ser651Cys,0.157,22.1,['Unknown%20significance'],100.75,0.73,0.0,0.0,0.0
NOP14,4,2942292,NM_001291978.2:c.1951T>A,NP_001278907.1:p.Ser651Thr,0.152,18.45,['Unknown%20significance'],100.75,0.73,0.0,-0.1,0.1
NOP14,4,2942294,NM_001291978.2:c.1949T>C,NP_001278907.1:p.Val650Ala,0.310,24.1,['Unknown%20significance'],13.33,0.07,0.0,1.6,1.6
NOP14,4,2942295,NM_001291978.2:c.1948G>C,NP_001278907.1:p.Val650Leu,0.160,14.52,['Unknown%20significance'],13.33,0.07,0.0,0.0,0.0
NOP14,4,2942295,NM_001291978.2:c.1948G>A,NP_001278907.1:p.Val650Met,0.268,23.0,['Unknown%20significance'],13.33,0.07,0.0,0.4,0.4
NOP14,4,2942298,NM_001291978.2:c.1945G>T,NP_001278907.1:p.Val649Leu,0.069,0.001,['Likely%20benign'],42.29,0.24,0.0,-0.2,0.2
NOP14,4,2942298,NM_001291978.2:c.1945G>A,NP_001278907.1:p.Val649Met,0.143,0.240,['Likely%20benign'],42.29,0.24,0.0,0.3,0.3
NOP14,4,2942301,NM_001291978.2:c.1942C>T,NP_001278907.1:p.Leu648Phe,0.345,24.4,['Unknown%20significance'],0.0,0.0,0.0,1.1,1.1
NOP14,4,2942303,NM_001291978.2:c.1940T>A,NP_001278907.1:p.Leu647Gln,0.575,24.9,['Unknown%20significance'],25.23,0.13,0.0,2.5,2.5
NOP14,4,2942304,NM_001291978.2:c.1939C>A,NP_001278907.1:p.Leu647Met,0.314,5.164,['Unknown%20significance'],25.23,0.13,0.0,0.8,0.8
NOP14,4,2942305,NM_001291978.2:c.1938A>C,NP_001278907.1:p.Glu646Asp,0.087,0.281,['Likely%20benign'],70.55,0.36,0.0,0.2,0.2
NOP14,4,2942307,NM_001291978.2:c.1936G>A,NP_001278907.1:p.Glu646Lys,0.212,19.15,['Unknown%20significance'],70.55,0.36,0.0,0.1,0.1
NOP14,4,2942309,NM_001291978.2:c.1934C>T,NP_001278907.1:p.Ser645Leu,0.092,20.9,['Likely%20benign'],6.05,0.04,0.0,-0.9,0.9
NOP14,4,2942310,NM_001291978.2:c.1933T>G,NP_001278907.1:p.Ser645Ala,0.135,16.97,['Likely%20benign'],6.05,0.04,0.0,-0.1,0.1
NOP14,4,2942319,NM_001291978.2:c.1924G>C,NP_001278907.1:p.Gly642Arg,0.460,23.4,['Unknown%20significance'],22.74,0.23,0.0,-0.5,0.5
NOP14,4,2942319,NM_001291978.2:c.1924G>A,NP_001278907.1:p.Gly642Arg,0.460,23.6,['Unknown%20significance'],22.74,0.23,0.0,-0.5,0.5
NOP14,4,2942324,NM_001291978.2:c.1919C>T,NP_001278907.1:p.Ala640Val,0.150,23.7,['Unknown%20significance'],68.1,0.53,0.0,-0.3,0.3
NOP14,4,2942325,NM_001291978.2:c.1918G>A,NP_001278907.1:p.Ala640Thr,0.038,18.64,['Unknown%20significance'],68.1,0.53,0.0,-0.1,0.1
NOP14,4,2942328,NM_001291978.2:c.1915A>G,NP_001278907.1:p.Arg639Gly,0.207,21.8,['Unknown%20significance'],146.25,0.54,0.0,0.9,0.9
NOP14,4,2942330,NM_001291978.2:c.1913T>C,NP_001278907.1:p.Phe638Ser,0.802,29.5,['Unknown%20significance'],9.42,0.04,0.0,3.6,3.6
NOP14,4,2942334,NM_001291978.2:c.1909C>T,NP_001278907.1:p.Pro637Ser,0.409,32,['Unknown%20significance'],17.15,0.1,0.0,1.1,1.1
NOP14,4,2942334,NM_001291978.2:c.1909C>G,NP_001278907.1:p.Pro637Ala,0.436,26.1,['Unknown%20significance'],17.15,0.1,0.0,0.6,0.6
NOP14,4,2942336,NM_001291978.2:c.1907A>G,NP_001278907.1:p.His636Arg,0.172,19.02,['Unknown%20significance'],87.23,0.42,0.0,0.1,0.1
NOP14,4,2942337,NM_001291978.2:c.1906C>G,NP_001278907.1:p.His636Asp,0.217,23.8,['Unknown%20significance'],87.23,0.42,0.0,0.8,0.8
NOP14,4,2942339,NM_001291978.2:c.1904T>C,NP_001278907.1:p.Val635Ala,0.224,24.5,['Unknown%20significance'],65.98,0.38,0.0,1.0,1.0
NOP14,4,2942340,NM_001291978.2:c.1903G>A,NP_001278907.1:p.Val635Met,0.239,26.6,['Unknown%20significance'],65.98,0.38,0.0,0.3,0.3
NOP14,4,2942345,NM_001291978.2:c.1898C>T,NP_001278907.1:p.Thr633Ile,0.097,15.30,['Unknown%20significance'],88.56,0.56,0.0,-0.4,0.4
NOP14,4,2942346,NM_001291978.2:c.1897A>T,NP_001278907.1:p.Thr633Ser,0.039,7.053,['Unknown%20significance'],88.56,0.56,0.0,0.3,0.3
NOP14,4,2942346,NM_001291978.2:c.1897A>G,NP_001278907.1:p.Thr633Ala,0.085,6.419,['Likely%20benign'],88.56,0.56,0.0,0.1,0.1
NOP14,4,2942348,NM_001291978.2:c.1895C>G,NP_001278907.1:p.Ser632Cys,0.116,23.1,['Unknown%20significance'],15.1,0.1,0.0,-0.3,0.3
NOP14,4,2942349,NM_001291978.2:c.1894T>G,NP_001278907.1:p.Ser632Ala,0.083,22.3,['Unknown%20significance'],15.1,0.1,0.0,-0.2,0.2
NOP14,4,2942349,NM_001291978.2:c.1894T>A,NP_001278907.1:p.Ser632Thr,0.087,22.3,['Unknown%20significance'],15.1,0.1,0.0,-0.5,0.5
NOP14,4,2944073,NM_001291978.2:c.1891G>A,NP_001278907.1:p.Gly631Ser,0.205,26.3,['Unknown%20significance'],87.27,0.91,0.0,-0.0,0.0
NOP14,4,2944074,NM_001291978.2:c.1890A>T,NP_001278907.1:p.Gln630His,0.032,5.625,['Likely%20benign'],125.94,0.63,0.0,-0.0,0.0
NOP14,4,2944078,NM_001291978.2:c.1886G>A,NP_001278907.1:p.Ser629Asn,0.029,9.479,['Likely%20benign'],0.09,0.0,0.0,0.1,0.1
NOP14,4,2944085,NM_001291978.2:c.1879A>C,NP_001278907.1:p.Lys627Gln,0.101,14.34,['Unknown%20significance'],204.66,0.86,0.0,-0.1,0.1
NOP14,4,2944086,NM_001291978.2:c.1878C>G,NP_001278907.1:p.Asn626Lys,0.033,9.958,['Unknown%20significance'],31.01,0.19,0.0,0.3,0.3
NOP14,4,2944091,NM_001291978.2:c.1873C>T,NP_001278907.1:p.Pro625Ser,0.463,23.6,['Unknown%20significance'],10.15,0.06,0.0,0.9,0.9
NOP14,4,2944091,NM_001291978.2:c.1873C>G,NP_001278907.1:p.Pro625Ala,0.434,24.4,['Unknown%20significance'],10.15,0.06,0.0,0.7,0.7
NOP14,4,2944093,NM_001291978.2:c.1871C>T,NP_001278907.1:p.Thr624Ile,0.094,10.25,['Likely%20benign'],0.0,0.0,0.0,-1.7,1.7
NOP14,4,2944094,NM_001291978.2:c.1870A>C,NP_001278907.1:p.Thr624Pro,0.098,16.61,['Unknown%20significance'],0.0,0.0,0.0,1.2,1.2
NOP14,4,2944096,NM_001291978.2:c.1868C>A,NP_001278907.1:p.Ala623Glu,0.442,23.2,['Unknown%20significance'],0.0,0.0,0.0,1.7,1.7
NOP14,4,2944099,NM_001291978.2:c.1865T>G,NP_001278907.1:p.Ile622Arg,0.267,24.4,['Unknown%20significance'],1.2,0.0,0.0,2.8,2.8
NOP14,4,2944100,NM_001291978.2:c.1864A>G,NP_001278907.1:p.Ile622Val,0.082,13.23,['Unknown%20significance'],1.2,0.0,0.0,0.3,0.3
NOP14,4,2944103,NM_001291978.2:c.1861T>C,NP_001278907.1:p.Tyr621His,0.065,14.73,['Likely%20benign'],0.03,0.0,0.0,1.9,1.9
NOP14,4,2944112,NM_001291978.2:c.1852G>C,NP_001278907.1:p.Gly618Arg,0.585,24.9,['Unknown%20significance'],0.0,0.0,0.0,-0.9,0.9
NOP14,4,2944115,NM_001291978.2:c.1849C>T,NP_001278907.1:p.Leu617Phe,0.120,20.4,['Unknown%20significance'],1.41,0.0,0.0,0.3,0.3
NOP14,4,2944115,NM_001291978.2:c.1849C>G,NP_001278907.1:p.Leu617Val,0.086,12.74,['Unknown%20significance'],1.41,0.0,0.0,0.5,0.5
NOP14,4,2944118,NM_001291978.2:c.1846C>T,NP_001278907.1:p.Leu616Phe,0.351,24.9,['Unknown%20significance'],0.07,0.0,0.0,1.0,1.0
NOP14,4,2944118,NM_001291978.2:c.1846C>A,NP_001278907.1:p.Leu616Ile,0.327,24.4,['Unknown%20significance'],0.07,0.0,0.0,0.7,0.7
NOP14,4,2944125,NM_001291978.2:c.1839T>G,NP_001278907.1:p.Ile613Met,0.072,0.129,['Likely%20benign'],6.4,0.03,0.0,1.4,1.4
NOP14,4,2944126,NM_001291978.2:c.1838T>C,NP_001278907.1:p.Ile613Thr,0.208,22.6,['Unknown%20significance'],6.4,0.03,0.0,3.0,3.0
NOP14,4,2944130,NM_001291978.2:c.1834C>T,NP_001278907.1:p.Leu612Phe,0.356,25.0,['Unknown%20significance'],0.0,0.0,0.0,0.3,0.3
NOP14,4,2944130,NM_001291978.2:c.1834C>G,NP_001278907.1:p.Leu612Val,0.276,22.7,['Unknown%20significance'],0.0,0.0,0.0,-0.2,0.2
NOP14,4,2944131,NM_001291978.2:c.1833G>C,NP_001278907.1:p.Glu611Asp,0.380,23.6,['Unknown%20significance'],36.24,0.18,0.0,0.6,0.6
NOP14,4,2944133,NM_001291978.2:c.1831G>C,NP_001278907.1:p.Glu611Gln,0.486,24.7,['Unknown%20significance'],36.24,0.18,0.0,-0.5,0.5
NOP14,4,2944135,NM_001291978.2:c.1829C>T,NP_001278907.1:p.Pro610Leu,0.781,27.4,['Unknown%20significance'],62.68,0.39,0.0,0.7,0.7
NOP14,4,2944136,NM_001291978.2:c.1828C>T,NP_001278907.1:p.Pro610Ser,0.832,26.4,['Unknown%20significance'],62.68,0.39,0.0,1.6,1.6
NOP14,4,2944138,NM_001291978.2:c.1826T>C,NP_001278907.1:p.Ile609Thr,0.178,23.6,['Unknown%20significance'],7.08,0.03,0.0,1.8,1.8
NOP14,4,2944143,NM_001291978.2:c.1821G>T,NP_001278907.1:p.Arg607Ser,0.554,23.8,['Unknown%20significance'],88.35,0.32,0.0,1.2,1.2
NOP14,4,2944144,NM_001291978.2:c.1820G>A,NP_001278907.1:p.Arg607Lys,0.307,25.0,['Unknown%20significance'],88.35,0.32,0.0,0.9,0.9
NOP14,4,2944152,NM_001291978.2:c.1812G>C,NP_001278907.1:p.Leu604Phe,0.077,16.91,['Unknown%20significance'],166.79,0.86,0.0,0.1,0.1
NOP14,4,2944153,NM_001291978.2:c.1811T>G,NP_001278907.1:p.Leu604Trp,0.419,27.1,['Unknown%20significance'],166.79,0.86,0.0,0.1,0.1
NOP14,4,2944156,NM_001291978.2:c.1808C>T,NP_001278907.1:p.Ala603Val,0.224,22.5,['Unknown%20significance'],46.31,0.36,0.0,-0.4,0.4
NOP14,4,2944160,NM_001291978.2:c.1804G>A,NP_001278907.1:p.Val602Met,0.280,24.5,['Unknown%20significance'],0.0,0.0,0.0,0.7,0.7
NOP14,4,2944162,NM_001291978.2:c.1802A>T,NP_001278907.1:p.Tyr601Phe,0.054,12.41,['Likely%20benign'],1.05,0.0,0.0,0.2,0.2
NOP14,4,2944164,NM_001291978.2:c.1800G>C,NP_001278907.1:p.Glu600Asp,0.086,9.113,['Likely%20benign'],70.74,0.36,0.0,0.4,0.4
NOP14,4,2944166,NM_001291978.2:c.1798G>C,NP_001278907.1:p.Glu600Gln,0.173,25.3,['Unknown%20significance'],70.74,0.36,0.0,-0.4,0.4
NOP14,4,2944166,NM_001291978.2:c.1798G>A,NP_001278907.1:p.Glu600Lys,0.289,26.3,['Unknown%20significance'],70.74,0.36,0.0,0.2,0.2
NOP14,4,2944169,NM_001291978.2:c.1795C>G,NP_001278907.1:p.Leu599Val,0.136,22.9,['Unknown%20significance'],1.51,0.0,0.0,1.2,1.2
NOP14,4,2944170,NM_001291978.2:c.1794C>A,NP_001278907.1:p.Phe598Leu,0.038,20.1,['Unknown%20significance'],1.78,0.0,0.0,0.1,0.1
NOP14,4,2944177,NM_001291978.2:c.1787G>C,NP_001278907.1:p.Cys596Ser,0.047,22.1,['Unknown%20significance'],19.77,0.12,0.0,1.4,1.4
NOP14,4,2944178,NM_001291978.2:c.1786T>A,NP_001278907.1:p.Cys596Ser,0.061,18.43,['Unknown%20significance'],19.77,0.12,0.0,1.4,1.4
NOP14,4,2944180,NM_001291978.2:c.1784G>A,NP_001278907.1:p.Cys595Tyr,0.525,25.1,['Unknown%20significance'],0.0,0.0,0.0,1.0,1.0
NOP14,4,2944181,NM_001291978.2:c.1783T>G,NP_001278907.1:p.Cys595Gly,0.673,28.4,['Unknown%20significance'],0.0,0.0,0.0,4.1,4.1
NOP14,4,2944184,NM_001291978.2:c.1780G>T,NP_001278907.1:p.Val594Leu,0.046,19.04,['Unknown%20significance'],0.0,0.0,0.0,-0.9,0.9
NOP14,4,2944184,NM_001291978.2:c.1780G>C,NP_001278907.1:p.Val594Leu,0.045,18.63,['Unknown%20significance'],0.0,0.0,0.0,-0.9,0.9
NOP14,4,2944184,NM_001291978.2:c.1780G>A,NP_001278907.1:p.Val594Met,0.127,25.1,['Unknown%20significance'],0.0,0.0,0.0,0.7,0.7
NOP14,4,2944185,NM_001291978.2:c.1779C>G,NP_001278907.1:p.Phe593Leu,0.182,8.964,['Likely%20benign'],24.38,0.1,0.0,1.2,1.2
NOP14,4,2944185,NM_001291978.2:c.1779C>A,NP_001278907.1:p.Phe593Leu,0.178,10.06,['Likely%20benign'],24.38,0.1,0.0,1.2,1.2
NOP14,4,2944187,NM_001291978.2:c.1777T>A,NP_001278907.1:p.Phe593Ile,0.110,23.9,['Unknown%20significance'],24.38,0.1,0.0,1.2,1.2
NOP14,4,2944190,NM_001291978.2:c.1774C>G,NP_001278907.1:p.Leu592Val,0.409,25.3,['Unknown%20significance'],0.07,0.0,0.0,1.0,1.0
NOP14,4,2944190,NM_001291978.2:c.1774C>A,NP_001278907.1:p.Leu592Met,0.404,25.8,['Unknown%20significance'],0.07,0.0,0.0,1.6,1.6
NOP14,4,2944192,NM_001291978.2:c.1772G>T,NP_001278907.1:p.Gly591Val,0.752,25.9,['Unknown%20significance'],0.0,0.0,0.0,-0.9,0.9
NOP14,4,2944192,NM_001291978.2:c.1772G>A,NP_001278907.1:p.Gly591Asp,0.691,26.1,['Unknown%20significance'],0.0,0.0,0.0,1.8,1.8
NOP14,4,2944194,NM_001291978.2:c.1770G>C,NP_001278907.1:p.Lys590Asn,0.190,21.7,['Unknown%20significance'],7.09,0.02,0.0,0.1,0.1
NOP14,4,2944195,NM_001291978.2:c.1769A>G,NP_001278907.1:p.Lys590Arg,0.181,26.8,['Unknown%20significance'],7.09,0.02,0.0,-1.1,1.1
NOP14,4,2944199,NM_001291978.2:c.1765G>T,NP_001278907.1:p.Val589Leu,0.021,10.03,['Likely%20benign'],0.17,0.0,0.0,0.0,0.0
NOP14,4,2944199,NM_001291978.2:c.1765G>C,NP_001278907.1:p.Val589Leu,0.021,9.876,['Likely%20benign'],0.17,0.0,0.0,0.0,0.0
NOP14,4,2944201,NM_001291978.2:c.1763T>G,NP_001278907.1:p.Val588Gly,0.301,20.7,['Unknown%20significance'],0.0,0.0,0.0,4.1,4.1
NOP14,4,2944201,NM_001291978.2:c.1763T>C,NP_001278907.1:p.Val588Ala,0.068,9.146,['Likely%20benign'],0.0,0.0,0.0,2.4,2.4
NOP14,4,2944202,NM_001291978.2:c.1762G>A,NP_001278907.1:p.Val588Met,0.308,23.9,['Unknown%20significance'],0.0,0.0,0.0,0.8,0.8
NOP14,4,2944203,NM_001291978.2:c.1761C>A,NP_001278907.1:p.Asp587Glu,0.390,15.17,['Unknown%20significance'],3.09,0.01,0.0,0.2,0.2
NOP14,4,2944207,NM_001291978.2:c.1757A>G,NP_001278907.1:p.Gln586Arg,0.047,11.31,['Likely%20benign'],22.64,0.11,0.0,-0.5,0.5
NOP14,4,2944211,NM_001291978.2:c.1753C>T,NP_001278907.1:p.Leu585Phe,0.314,26.3,['Unknown%20significance'],19.68,0.1,0.0,0.3,0.3
NOP14,4,2944211,NM_001291978.2:c.1753C>A,NP_001278907.1:p.Leu585Ile,0.239,23.8,['Unknown%20significance'],19.68,0.1,0.0,0.3,0.3
NOP14,4,2944214,NM_001291978.2:c.1750T>C,NP_001278907.1:p.Ser584Pro,0.278,26.9,['Unknown%20significance'],59.4,0.43,0.0,0.5,0.5
NOP14,4,2944216,NM_001291978.2:c.1748T>C,NP_001278907.1:p.Leu583Pro,0.127,20.3,['Likely%20benign'],100.64,0.52,0.0,0.8,0.8
NOP14,4,2944217,NM_001291978.2:c.1747C>A,NP_001278907.1:p.Leu583Met,0.042,17.36,['Likely%20benign'],100.64,0.52,0.0,0.1,0.1
NOP14,4,2944218,NM_001291978.2:c.1746C>G,NP_001278907.1:p.Ile582Met,0.052,12.74,['Unknown%20significance'],6.94,0.03,0.0,1.1,1.1
NOP14,4,2944219,NM_001291978.2:c.1745T>G,NP_001278907.1:p.Ile582Ser,0.351,23.8,['Unknown%20significance'],6.94,0.03,0.0,3.1,3.1
NOP14,4,2944219,NM_001291978.2:c.1745T>A,NP_001278907.1:p.Ile582Asn,0.320,25.4,['Unknown%20significance'],6.94,0.03,0.0,3.2,3.2
NOP14,4,2944223,NM_001291978.2:c.1741C>T,NP_001278907.1:p.Pro581Ser,0.354,23.3,['Unknown%20significance'],8.89,0.05,0.0,0.5,0.5
NOP14,4,2945128,NM_001291978.2:c.1737G>T,NP_001278907.1:p.Lys579Asn,0.218,34,['Unknown%20significance'],98.4,0.41,0.0,-0.0,0.0
NOP14,4,2945129,NM_001291978.2:c.1736A>T,NP_001278907.1:p.Lys579Met,0.333,32,['Unknown%20significance'],98.4,0.41,0.0,-0.8,0.8
NOP14,4,2945130,NM_001291978.2:c.1735A>G,NP_001278907.1:p.Lys579Glu,0.268,24.8,['Unknown%20significance'],98.4,0.41,0.0,-0.1,0.1
NOP14,4,2945132,NM_001291978.2:c.1733C>T,NP_001278907.1:p.Thr578Ile,0.373,24.1,['Unknown%20significance'],31.98,0.2,0.0,-0.6,0.6
NOP14,4,2945132,NM_001291978.2:c.1733C>G,NP_001278907.1:p.Thr578Ser,0.244,23.6,['Unknown%20significance'],31.98,0.2,0.0,0.4,0.4
NOP14,4,2945132,NM_001291978.2:c.1733C>A,NP_001278907.1:p.Thr578Asn,0.325,25.1,['Unknown%20significance'],31.98,0.2,0.0,0.6,0.6
NOP14,4,2945133,NM_001291978.2:c.1732A>T,NP_001278907.1:p.Thr578Ser,0.225,23.4,['Unknown%20significance'],31.98,0.2,0.0,0.4,0.4
NOP14,4,2945133,NM_001291978.2:c.1732A>G,NP_001278907.1:p.Thr578Ala,0.272,23.7,['Unknown%20significance'],31.98,0.2,0.0,-0.0,0.0
NOP14,4,2945135,NM_001291978.2:c.1730T>A,NP_001278907.1:p.Leu577His,0.885,26.7,['Unknown%20significance'],0.5,0.0,0.0,3.7,3.7
NOP14,4,2945136,NM_001291978.2:c.1729C>T,NP_001278907.1:p.Leu577Phe,0.744,26.3,['Unknown%20significance'],0.5,0.0,0.0,1.3,1.3
NOP14,4,2945138,NM_001291978.2:c.1727T>C,NP_001278907.1:p.Leu576Pro,0.437,27.2,['Unknown%20significance'],0.0,0.0,0.0,3.6,3.6
NOP14,4,2945139,NM_001291978.2:c.1726C>A,NP_001278907.1:p.Leu576Met,0.034,19.21,['Likely%20benign'],0.0,0.0,0.0,1.0,1.0
NOP14,4,2945140,NM_001291978.2:c.1725G>T,NP_001278907.1:p.Gln575His,0.262,24.7,['Unknown%20significance'],15.16,0.07,0.0,-0.0,0.0
NOP14,4,2945141,NM_001291978.2:c.1724A>G,NP_001278907.1:p.Gln575Arg,0.247,25.5,['Unknown%20significance'],15.16,0.07,0.0,0.0,0.0
NOP14,4,2945142,NM_001291978.2:c.1723C>G,NP_001278907.1:p.Gln575Glu,0.252,23.7,['Unknown%20significance'],15.16,0.07,0.0,0.7,0.7
NOP14,4,2945142,NM_001291978.2:c.1723C>A,NP_001278907.1:p.Gln575Lys,0.267,26.5,['Unknown%20significance'],15.16,0.07,0.0,0.9,0.9
NOP14,4,2945144,NM_001291978.2:c.1721G>T,NP_001278907.1:p.Ser574Ile,0.574,25.9,['Unknown%20significance'],23.89,0.17,0.0,-1.4,1.4
NOP14,4,2945144,NM_001291978.2:c.1721G>A,NP_001278907.1:p.Ser574Asn,0.367,25.1,['Unknown%20significance'],23.89,0.17,0.0,0.3,0.3
NOP14,4,2945145,NM_001291978.2:c.1720A>G,NP_001278907.1:p.Ser574Gly,0.336,24.5,['Unknown%20significance'],23.89,0.17,0.0,0.4,0.4
NOP14,4,2945147,NM_001291978.2:c.1718T>G,NP_001278907.1:p.Leu573Arg,0.300,27.1,['Unknown%20significance'],0.0,0.0,0.0,3.2,3.2
NOP14,4,2945147,NM_001291978.2:c.1718T>C,NP_001278907.1:p.Leu573Pro,0.430,28.4,['Unknown%20significance'],0.0,0.0,0.0,4.2,4.2
NOP14,4,2945147,NM_001291978.2:c.1718T>A,NP_001278907.1:p.Leu573His,0.375,27.3,['Unknown%20significance'],0.0,0.0,0.0,3.3,3.3
NOP14,4,2945148,NM_001291978.2:c.1717C>T,NP_001278907.1:p.Leu573Phe,0.149,20.4,['Unknown%20significance'],0.0,0.0,0.0,0.5,0.5
NOP14,4,2945148,NM_001291978.2:c.1717C>G,NP_001278907.1:p.Leu573Val,0.057,14.86,['Likely%20benign'],0.0,0.0,0.0,0.4,0.4
NOP14,4,2945148,NM_001291978.2:c.1717C>A,NP_001278907.1:p.Leu573Ile,0.054,8.769,['Likely%20benign'],0.0,0.0,0.0,-0.3,0.3
NOP14,4,2945150,NM_001291978.2:c.1715G>T,NP_001278907.1:p.Cys572Phe,0.121,17.35,['Unknown%20significance'],0.18,0.0,0.0,-2.1,2.1
NOP14,4,2945150,NM_001291978.2:c.1715G>A,NP_001278907.1:p.Cys572Tyr,0.098,17.99,['Unknown%20significance'],0.18,0.0,0.0,-1.2,1.2
NOP14,4,2945151,NM_001291978.2:c.1714T>G,NP_001278907.1:p.Cys572Gly,0.237,26.0,['Unknown%20significance'],0.18,0.0,0.0,2.5,2.5
NOP14,4,2945151,NM_001291978.2:c.1714T>C,NP_001278907.1:p.Cys572Arg,0.312,26.7,['Unknown%20significance'],0.18,0.0,0.0,1.0,1.0
NOP14,4,2945153,NM_001291978.2:c.1712T>C,NP_001278907.1:p.Val571Ala,0.152,23.8,['Unknown%20significance'],91.56,0.53,0.0,1.0,1.0
NOP14,4,2945154,NM_001291978.2:c.1711G>T,NP_001278907.1:p.Val571Leu,0.063,12.03,['Likely%20benign'],91.56,0.53,0.0,-0.3,0.3
NOP14,4,2945154,NM_001291978.2:c.1711G>C,NP_001278907.1:p.Val571Leu,0.063,11.12,['Likely%20benign'],91.56,0.53,0.0,-0.3,0.3
NOP14,4,2945154,NM_001291978.2:c.1711G>A,NP_001278907.1:p.Val571Met,0.098,14.73,['Likely%20benign'],91.56,0.53,0.0,0.1,0.1
NOP14,4,2945157,NM_001291978.2:c.1708C>T,NP_001278907.1:p.Leu570Phe,0.064,20.4,['Unknown%20significance'],18.25,0.09,0.0,0.3,0.3
NOP14,4,2945157,NM_001291978.2:c.1708C>G,NP_001278907.1:p.Leu570Val,0.076,22.3,['Unknown%20significance'],18.25,0.09,0.0,0.4,0.4
NOP14,4,2945157,NM_001291978.2:c.1708C>A,NP_001278907.1:p.Leu570Ile,0.093,23.7,['Unknown%20significance'],18.25,0.09,0.0,0.1,0.1
NOP14,4,2945159,NM_001291978.2:c.1706C>T,NP_001278907.1:p.Ala569Val,0.353,27.6,['Unknown%20significance'],0.0,0.0,0.0,-1.0,1.0
NOP14,4,2945159,NM_001291978.2:c.1706C>A,NP_001278907.1:p.Ala569Asp,0.660,27.7,['Unknown%20significance'],0.0,0.0,0.0,3.3,3.3
NOP14,4,2945160,NM_001291978.2:c.1705G>T,NP_001278907.1:p.Ala569Ser,0.237,23.3,['Unknown%20significance'],0.0,0.0,0.0,1.7,1.7
NOP14,4,2945160,NM_001291978.2:c.1705G>A,NP_001278907.1:p.Ala569Thr,0.196,25.7,['Unknown%20significance'],0.0,0.0,0.0,1.0,1.0
NOP14,4,2945162,NM_001291978.2:c.1703C>T,NP_001278907.1:p.Pro568Leu,0.730,28.7,['Unknown%20significance'],53.41,0.33,0.0,0.3,0.3
NOP14,4,2945162,NM_001291978.2:c.1703C>A,NP_001278907.1:p.Pro568His,0.770,27.5,['Unknown%20significance'],53.41,0.33,0.0,1.2,1.2
NOP14,4,2945163,NM_001291978.2:c.1702C>G,NP_001278907.1:p.Pro568Ala,0.628,25.8,['Unknown%20significance'],53.41,0.33,0.0,1.0,1.0
NOP14,4,2945165,NM_001291978.2:c.1700C>T,NP_001278907.1:p.Thr567Ile,0.610,26.6,['Unknown%20significance'],43.73,0.27,0.0,-0.3,0.3
NOP14,4,2945165,NM_001291978.2:c.1700C>G,NP_001278907.1:p.Thr567Ser,0.426,25.8,['Unknown%20significance'],43.73,0.27,0.0,1.0,1.0
NOP14,4,2945165,NM_001291978.2:c.1700C>A,NP_001278907.1:p.Thr567Asn,0.562,25.8,['Unknown%20significance'],43.73,0.27,0.0,1.4,1.4
NOP14,4,2945166,NM_001291978.2:c.1699A>G,NP_001278907.1:p.Thr567Ala,0.471,26.0,['Unknown%20significance'],43.73,0.27,0.0,0.7,0.7
NOP14,4,2945168,NM_001291978.2:c.1697T>C,NP_001278907.1:p.Val566Ala,0.251,23.2,['Unknown%20significance'],1.22,0.0,0.0,2.3,2.3
NOP14,4,2945169,NM_001291978.2:c.1696G>T,NP_001278907.1:p.Val566Leu,0.236,22.2,['Unknown%20significance'],1.22,0.0,0.0,0.8,0.8
NOP14,4,2945169,NM_001291978.2:c.1696G>A,NP_001278907.1:p.Val566Met,0.239,23.7,['Unknown%20significance'],1.22,0.0,0.0,1.1,1.1
NOP14,4,2945171,NM_001291978.2:c.1694T>C,NP_001278907.1:p.Val565Ala,0.636,25.4,['Unknown%20significance'],0.0,0.0,0.0,3.4,3.4
NOP14,4,2945171,NM_001291978.2:c.1694T>A,NP_001278907.1:p.Val565Glu,0.773,26.0,['Unknown%20significance'],0.0,0.0,0.0,4.8,4.8
NOP14,4,2945172,NM_001291978.2:c.1693G>T,NP_001278907.1:p.Val565Leu,0.481,23.2,['Unknown%20significance'],0.0,0.0,0.0,1.5,1.5
NOP14,4,2945172,NM_001291978.2:c.1693G>A,NP_001278907.1:p.Val565Met,0.511,23.4,['Unknown%20significance'],0.0,0.0,0.0,2.0,2.0
NOP14,4,2945174,NM_001291978.2:c.1691C>T,NP_001278907.1:p.Pro564Leu,0.365,25.2,['Unknown%20significance'],40.82,0.25,0.0,-0.4,0.4
NOP14,4,2945174,NM_001291978.2:c.1691C>G,NP_001278907.1:p.Pro564Arg,0.486,24.5,['Unknown%20significance'],40.82,0.25,0.0,0.5,0.5
NOP14,4,2945174,NM_001291978.2:c.1691C>A,NP_001278907.1:p.Pro564Gln,0.399,24.4,['Unknown%20significance'],40.82,0.25,0.0,0.6,0.6
NOP14,4,2945175,NM_001291978.2:c.1690C>T,NP_001278907.1:p.Pro564Ser,0.362,23.0,['Unknown%20significance'],40.82,0.25,0.0,0.7,0.7
NOP14,4,2945175,NM_001291978.2:c.1690C>G,NP_001278907.1:p.Pro564Ala,0.422,23.5,['Unknown%20significance'],40.82,0.25,0.0,0.3,0.3
NOP14,4,2945175,NM_001291978.2:c.1690C>A,NP_001278907.1:p.Pro564Thr,0.356,24.0,['Unknown%20significance'],40.82,0.25,0.0,0.4,0.4
NOP14,4,2945176,NM_001291978.2:c.1689C>A,NP_001278907.1:p.His563Gln,0.562,20.6,['Unknown%20significance'],43.1,0.2,0.0,1.6,1.6
NOP14,4,2945177,NM_001291978.2:c.1688A>G,NP_001278907.1:p.His563Arg,0.835,23.9,['Unknown%20significance'],43.1,0.2,0.0,1.4,1.4
NOP14,4,2945178,NM_001291978.2:c.1687C>T,NP_001278907.1:p.His563Tyr,0.798,24.4,['Unknown%20significance'],43.1,0.2,0.0,-0.2,0.2
NOP14,4,2945178,NM_001291978.2:c.1687C>G,NP_001278907.1:p.His563Asp,0.811,24.7,['Unknown%20significance'],43.1,0.2,0.0,2.7,2.7
NOP14,4,2945178,NM_001291978.2:c.1687C>A,NP_001278907.1:p.His563Asn,0.790,24.2,['Unknown%20significance'],43.1,0.2,0.0,1.9,1.9
NOP14,4,2945179,NM_001291978.2:c.1686G>T,NP_001278907.1:p.Trp562Cys,0.274,24.1,['Unknown%20significance'],171.63,0.65,0.0,0.7,0.7
NOP14,4,2945180,NM_001291978.2:c.1685G>T,NP_001278907.1:p.Trp562Leu,0.216,21.6,['Unknown%20significance'],171.63,0.65,0.0,0.4,0.4
NOP14,4,2945180,NM_001291978.2:c.1685G>C,NP_001278907.1:p.Trp562Ser,0.254,23.2,['Unknown%20significance'],171.63,0.65,0.0,0.7,0.7
NOP14,4,2945181,NM_001291978.2:c.1684T>G,NP_001278907.1:p.Trp562Gly,0.217,8.875,['Unknown%20significance'],171.63,0.65,0.0,1.0,1.0
NOP14,4,2945181,NM_001291978.2:c.1684T>C,NP_001278907.1:p.Trp562Arg,0.055,0.135,['Likely%20benign'],171.63,0.65,0.0,0.2,0.2
NOP14,4,2945181,NM_001291978.2:c.1684T>A,NP_001278907.1:p.Trp562Arg,0.055,0.165,['Likely%20benign'],171.63,0.65,0.0,0.2,0.2
NOP14,4,2945182,NM_001291978.2:c.1683C>G,NP_001278907.1:p.Phe561Leu,0.184,16.80,['Likely%20benign'],214.29,0.93,0.0,0.2,0.2
NOP14,4,2945182,NM_001291978.2:c.1683C>A,NP_001278907.1:p.Phe561Leu,0.184,16.92,['Likely%20benign'],214.29,0.93,0.0,0.2,0.2
NOP14,4,2945183,NM_001291978.2:c.1682T>A,NP_001278907.1:p.Phe561Tyr,0.375,24.7,['Unknown%20significance'],214.29,0.93,0.0,-0.0,0.0
NOP14,4,2945184,NM_001291978.2:c.1681T>C,NP_001278907.1:p.Phe561Leu,0.223,16.79,['Likely%20benign'],214.29,0.93,0.0,0.2,0.2
NOP14,4,2945185,NM_001291978.2:c.1680C>A,NP_001278907.1:p.Asp560Glu,0.771,23.0,['Unknown%20significance'],50.48,0.31,0.0,0.4,0.4
NOP14,4,2945186,NM_001291978.2:c.1679A>G,NP_001278907.1:p.Asp560Gly,0.890,24.8,['Unknown%20significance'],50.48,0.31,0.0,1.3,1.3
NOP14,4,2945187,NM_001291978.2:c.1678G>T,NP_001278907.1:p.Asp560Tyr,0.813,24.3,['Unknown%20significance'],50.48,0.31,0.0,0.5,0.5
NOP14,4,2945187,NM_001291978.2:c.1678G>A,NP_001278907.1:p.Asp560Asn,0.729,24.4,['Unknown%20significance'],50.48,0.31,0.0,0.5,0.5
NOP14,4,2945189,NM_001291978.2:c.1676C>T,NP_001278907.1:p.Ser559Phe,0.732,24.9,['Unknown%20significance'],45.69,0.33,0.0,0.3,0.3
NOP14,4,2945189,NM_001291978.2:c.1676C>A,NP_001278907.1:p.Ser559Tyr,0.724,24.6,['Unknown%20significance'],45.69,0.33,0.0,-0.1,0.1
NOP14,4,2945192,NM_001291978.2:c.1673C>T,NP_001278907.1:p.Thr558Ile,0.604,24.7,['Unknown%20significance'],9.51,0.06,0.0,0.1,0.1
NOP14,4,2945192,NM_001291978.2:c.1673C>A,NP_001278907.1:p.Thr558Asn,0.588,24.2,['Unknown%20significance'],9.51,0.06,0.0,1.3,1.3
NOP14,4,2945193,NM_001291978.2:c.1672A>G,NP_001278907.1:p.Thr558Ala,0.157,22.0,['Benign'],9.51,0.06,0.0,1.0,1.0
NOP14,4,2945193,NM_001291978.2:c.1672A>C,NP_001278907.1:p.Thr558Pro,0.417,23.7,['Unknown%20significance'],9.51,0.06,0.0,1.7,1.7
NOP14,4,2945195,NM_001291978.2:c.1670C>T,NP_001278907.1:p.Pro557Leu,0.653,25.7,['Unknown%20significance'],84.16,0.53,0.0,0.3,0.3
NOP14,4,2945195,NM_001291978.2:c.1670C>A,NP_001278907.1:p.Pro557Gln,0.626,24.8,['Unknown%20significance'],84.16,0.53,0.0,0.8,0.8
NOP14,4,2945196,NM_001291978.2:c.1669C>T,NP_001278907.1:p.Pro557Ser,0.427,24.4,['Unknown%20significance'],84.16,0.53,0.0,0.6,0.6
NOP14,4,2945197,NM_001291978.2:c.1668T>A,NP_001278907.1:p.Phe556Leu,0.536,19.06,['Unknown%20significance'],13.0,0.05,0.0,2.0,2.0
NOP14,4,2945198,NM_001291978.2:c.1667T>C,NP_001278907.1:p.Phe556Ser,0.619,25.5,['Unknown%20significance'],13.0,0.05,0.0,5.2,5.2
NOP14,4,2945199,NM_001291978.2:c.1666T>C,NP_001278907.1:p.Phe556Leu,0.677,24.8,['Unknown%20significance'],13.0,0.05,0.0,2.0,2.0
NOP14,4,2945199,NM_001291978.2:c.1666T>A,NP_001278907.1:p.Phe556Ile,0.687,24.7,['Unknown%20significance'],13.0,0.05,0.0,2.0,2.0
NOP14,4,2945201,NM_001291978.2:c.1664T>C,NP_001278907.1:p.Leu555Pro,0.682,24.3,['Unknown%20significance'],9.04,0.04,0.0,3.7,3.7
NOP14,4,2945202,NM_001291978.2:c.1663C>A,NP_001278907.1:p.Leu555Ile,0.245,12.97,['Unknown%20significance'],9.04,0.04,0.0,-0.1,0.1
NOP14,4,2945205,NM_001291978.2:c.1660C>G,NP_001278907.1:p.Leu554Val,0.055,0.039,['Likely%20benign'],99.46,0.51,0.0,0.2,0.2
NOP14,4,2945207,NM_001291978.2:c.1658G>T,NP_001278907.1:p.Gly553Val,0.290,23.0,['Unknown%20significance'],19.22,0.2,0.0,-1.4,1.4
NOP14,4,2945207,NM_001291978.2:c.1658G>C,NP_001278907.1:p.Gly553Ala,0.185,14.07,['Likely%20benign'],19.22,0.2,0.0,-0.8,0.8
NOP14,4,2945207,NM_001291978.2:c.1658G>A,NP_001278907.1:p.Gly553Glu,0.330,23.2,['Unknown%20significance'],19.22,0.2,0.0,0.5,0.5
NOP14,4,2945208,NM_001291978.2:c.1657G>T,NP_001278907.1:p.Gly553Trp,0.302,22.9,['Unknown%20significance'],19.22,0.2,0.0,-1.2,1.2
NOP14,4,2945208,NM_001291978.2:c.1657G>A,NP_001278907.1:p.Gly553Arg,0.287,23.0,['Unknown%20significance'],19.22,0.2,0.0,-0.1,0.1
NOP14,4,2945210,NM_001291978.2:c.1655C>T,NP_001278907.1:p.Thr552Ile,0.049,6.875,['Likely%20benign'],0.0,0.0,0.0,-3.2,3.2
NOP14,4,2945210,NM_001291978.2:c.1655C>A,NP_001278907.1:p.Thr552Asn,0.110,18.43,['Unknown%20significance'],0.0,0.0,0.0,1.5,1.5
NOP14,4,2945211,NM_001291978.2:c.1654A>T,NP_001278907.1:p.Thr552Ser,0.063,7.106,['Likely%20benign'],0.0,0.0,0.0,1.3,1.3
NOP14,4,2945213,NM_001291978.2:c.1652T>C,NP_001278907.1:p.Ile551Thr,0.385,24.1,['Unknown%20significance'],0.01,0.0,0.0,3.3,3.3
NOP14,4,2945215,NM_001291978.2:c.1650A>C,NP_001278907.1:p.Lys550Asn,0.308,20.4,['Unknown%20significance'],53.08,0.22,0.0,0.3,0.3
NOP14,4,2945216,NM_001291978.2:c.1649A>T,NP_001278907.1:p.Lys550Ile,0.569,27.0,['Unknown%20significance'],53.08,0.22,0.0,-2.0,2.0
NOP14,4,2945218,NM_001291978.2:c.1647G>T,NP_001278907.1:p.Leu549Phe,0.240,23.3,['Unknown%20significance'],0.0,0.0,0.0,0.5,0.5
NOP14,4,2945222,NM_001291978.2:c.1643A>G,NP_001278907.1:p.Tyr548Cys,0.321,24.1,['Unknown%20significance'],16.45,0.06,0.0,1.9,1.9
NOP14,4,2945223,NM_001291978.2:c.1642T>C,NP_001278907.1:p.Tyr548His,0.069,16.98,['Likely%20benign'],16.45,0.06,0.0,2.4,2.4
NOP14,4,2945226,NM_001291978.2:c.1639A>C,NP_001278907.1:p.Ile547Leu,0.046,13.80,['Unknown%20significance'],3.82,0.01,0.0,0.3,0.3
NOP14,4,2945228,NM_001291978.2:c.1637T>A,NP_001278907.1:p.Leu546His,0.776,27.5,['Unknown%20significance'],0.0,0.0,0.0,4.2,4.2
NOP14,4,2945229,NM_001291978.2:c.1636C>A,NP_001278907.1:p.Leu546Ile,0.390,26.2,['Unknown%20significance'],0.0,0.0,0.0,0.9,0.9
NOP14,4,2946414,NM_001291978.2:c.1633G>A,NP_001278907.1:p.Val545Met,0.045,11.89,['Likely%20benign'],12.22,0.07,0.0,0.5,0.5
NOP14,4,2946417,NM_001291978.2:c.1630G>A,NP_001278907.1:p.Asp544Asn,0.297,24.0,['Unknown%20significance'],25.4,0.15,0.0,-0.4,0.4
NOP14,4,2946422,NM_001291978.2:c.1625G>T,NP_001278907.1:p.Gly542Val,0.307,23.2,['Unknown%20significance'],28.83,0.3,0.0,-0.7,0.7
NOP14,4,2946422,NM_001291978.2:c.1625G>A,NP_001278907.1:p.Gly542Glu,0.303,23.3,['Unknown%20significance'],28.83,0.3,0.0,0.0,0.0
NOP14,4,2946425,NM_001291978.2:c.1622C>T,NP_001278907.1:p.Pro541Leu,0.475,24.0,['Unknown%20significance'],20.55,0.13,0.0,-0.1,0.1
NOP14,4,2946426,NM_001291978.2:c.1621C>T,NP_001278907.1:p.Pro541Ser,0.590,24.8,['Unknown%20significance'],20.55,0.13,0.0,1.4,1.4
NOP14,4,2946428,NM_001291978.2:c.1619T>C,NP_001278907.1:p.Leu540Ser,0.287,24.0,['Unknown%20significance'],2.36,0.01,0.0,1.9,1.9
NOP14,4,2946432,NM_001291978.2:c.1615G>A,NP_001278907.1:p.Ala539Thr,0.027,0.039,['Likely%20benign'],34.43,0.27,0.0,-0.2,0.2
NOP14,4,2946434,NM_001291978.2:c.1613C>T,NP_001278907.1:p.Ala538Val,0.095,19.28,['Likely%20benign'],1.4,0.01,0.0,-0.6,0.6
NOP14,4,2946434,NM_001291978.2:c.1613C>A,NP_001278907.1:p.Ala538Glu,0.281,23.5,['Unknown%20significance'],1.4,0.01,0.0,0.4,0.4
NOP14,4,2946437,NM_001291978.2:c.1610G>A,NP_001278907.1:p.Arg537Gln,0.176,23.5,['Unknown%20significance'],117.93,0.43,0.0,0.2,0.2
NOP14,4,2946438,NM_001291978.2:c.1609C>T,NP_001278907.1:p.Arg537Trp,0.456,28.9,['Unknown%20significance'],117.93,0.43,0.0,-0.1,0.1
NOP14,4,2946440,NM_001291978.2:c.1607G>A,NP_001278907.1:p.Gly536Asp,0.257,25.0,['Unknown%20significance'],57.78,0.6,0.0,-0.1,0.1
NOP14,4,2946441,NM_001291978.2:c.1606G>A,NP_001278907.1:p.Gly536Ser,0.132,24.9,['Unknown%20significance'],57.78,0.6,0.0,-0.1,0.1
NOP14,4,2946443,NM_001291978.2:c.1604A>G,NP_001278907.1:p.Lys535Arg,0.041,13.77,['Likely%20benign'],164.88,0.69,0.0,-0.3,0.3
NOP14,4,2946443,NM_001291978.2:c.1604A>C,NP_001278907.1:p.Lys535Thr,0.042,14.45,['Likely%20benign'],164.88,0.69,0.0,-0.2,0.2
NOP14,4,2946444,NM_001291978.2:c.1603A>C,NP_001278907.1:p.Lys535Gln,0.193,24.7,['Unknown%20significance'],164.88,0.69,0.0,-0.2,0.2
NOP14,4,2946446,NM_001291978.2:c.1601C>T,NP_001278907.1:p.Thr534Ile,0.097,20.7,['Likely%20benign'],115.17,0.73,0.0,-0.1,0.1
NOP14,4,2946450,NM_001291978.2:c.1597G>A,NP_001278907.1:p.Glu533Lys,0.350,26.8,['Unknown%20significance'],156.58,0.8,0.0,0.1,0.1
NOP14,4,2946452,NM_001291978.2:c.1595T>C,NP_001278907.1:p.Ile532Thr,0.237,22.3,['Unknown%20significance'],38.72,0.19,0.0,1.2,1.2
NOP14,4,2946453,NM_001291978.2:c.1594A>G,NP_001278907.1:p.Ile532Val,0.024,0.150,['Likely%20benign'],38.72,0.19,0.0,0.4,0.4
NOP14,4,2946455,NM_001291978.2:c.1592T>C,NP_001278907.1:p.Met531Thr,0.044,3.533,['Likely%20benign'],61.41,0.28,0.0,0.4,0.4
NOP14,4,2946456,NM_001291978.2:c.1591A>G,NP_001278907.1:p.Met531Val,0.021,2.011,['Likely%20benign'],61.41,0.28,0.0,0.1,0.1
NOP14,4,2946459,NM_001291978.2:c.1588G>C,NP_001278907.1:p.Glu530Gln,0.135,23.1,['Unknown%20significance'],81.46,0.41,0.0,-0.2,0.2
NOP14,4,2946459,NM_001291978.2:c.1588G>A,NP_001278907.1:p.Glu530Lys,0.097,22.4,['Unknown%20significance'],81.46,0.41,0.0,0.2,0.2
NOP14,4,2946462,NM_001291978.2:c.1585G>A,NP_001278907.1:p.Glu529Lys,0.121,24.2,['Unknown%20significance'],59.59,0.3,0.0,0.2,0.2
NOP14,4,2946463,NM_001291978.2:c.1584G>T,NP_001278907.1:p.Met528Ile,0.076,20.4,['Unknown%20significance'],2.79,0.01,0.0,-0.1,0.1
NOP14,4,2946463,NM_001291978.2:c.1584G>A,NP_001278907.1:p.Met528Ile,0.076,21.5,['Unknown%20significance'],2.79,0.01,0.0,-0.1,0.1
NOP14,4,2946464,NM_001291978.2:c.1583T>C,NP_001278907.1:p.Met528Thr,0.296,25.1,['Unknown%20significance'],2.79,0.01,0.0,1.3,1.3
NOP14,4,2946465,NM_001291978.2:c.1582A>T,NP_001278907.1:p.Met528Leu,0.041,20.9,['Unknown%20significance'],2.79,0.01,0.0,-0.4,0.4
NOP14,4,2946467,NM_001291978.2:c.1580A>G,NP_001278907.1:p.Glu527Gly,0.193,24.5,['Unknown%20significance'],99.59,0.51,0.0,0.7,0.7
NOP14,4,2946468,NM_001291978.2:c.1579G>A,NP_001278907.1:p.Glu527Lys,0.147,22.9,['Unknown%20significance'],99.59,0.51,0.0,0.2,0.2
NOP14,4,2946469,NM_001291978.2:c.1578T>G,NP_001278907.1:p.His526Gln,0.291,14.73,['Unknown%20significance'],120.68,0.58,0.0,0.1,0.1
NOP14,4,2946470,NM_001291978.2:c.1577A>G,NP_001278907.1:p.His526Arg,0.167,23.5,['Unknown%20significance'],120.68,0.58,0.0,0.0,0.0
NOP14,4,2946470,NM_001291978.2:c.1577A>C,NP_001278907.1:p.His526Pro,0.388,25.9,['Unknown%20significance'],120.68,0.58,0.0,0.5,0.5
NOP14,4,2946471,NM_001291978.2:c.1576C>T,NP_001278907.1:p.His526Tyr,0.377,26.2,['Unknown%20significance'],120.68,0.58,0.0,-0.3,0.3
NOP14,4,2946472,NM_001291978.2:c.1575G>C,NP_001278907.1:p.Met525Ile,0.113,17.98,['Unknown%20significance'],17.28,0.07,0.0,-0.1,0.1
NOP14,4,2946472,NM_001291978.2:c.1575G>A,NP_001278907.1:p.Met525Ile,0.113,18.86,['Unknown%20significance'],17.28,0.07,0.0,-0.1,0.1
NOP14,4,2946473,NM_001291978.2:c.1574T>C,NP_001278907.1:p.Met525Thr,0.086,19.57,['Unknown%20significance'],17.28,0.07,0.0,0.8,0.8
NOP14,4,2946476,NM_001291978.2:c.1571C>T,NP_001278907.1:p.Ala524Val,0.068,23.2,['Benign'],2.75,0.02,0.0,-1.1,1.1
NOP14,4,2946476,NM_001291978.2:c.1571C>G,NP_001278907.1:p.Ala524Gly,0.191,24.9,['Unknown%20significance'],2.75,0.02,0.0,1.1,1.1
NOP14,4,2946477,NM_001291978.2:c.1570G>A,NP_001278907.1:p.Ala524Thr,0.065,22.0,['Unknown%20significance'],2.75,0.02,0.0,-0.4,0.4
NOP14,4,2946478,NM_001291978.2:c.1569T>G,NP_001278907.1:p.Asp523Glu,0.210,9.358,['Unknown%20significance'],65.73,0.41,0.0,-0.2,0.2
NOP14,4,2946479,NM_001291978.2:c.1568A>T,NP_001278907.1:p.Asp523Val,0.620,26.5,['Unknown%20significance'],65.73,0.41,0.0,-0.6,0.6
NOP14,4,2946479,NM_001291978.2:c.1568A>G,NP_001278907.1:p.Asp523Gly,0.493,25.0,['Unknown%20significance'],65.73,0.41,0.0,0.5,0.5
NOP14,4,2946482,NM_001291978.2:c.1565G>A,NP_001278907.1:p.Arg522Gln,0.089,22.0,['Unknown%20significance'],168.48,0.62,0.0,0.1,0.1
NOP14,4,2946485,NM_001291978.2:c.1562T>C,NP_001278907.1:p.Leu521Pro,0.766,26.8,['Unknown%20significance'],0.31,0.0,0.0,4.3,4.3
NOP14,4,2946486,NM_001291978.2:c.1561C>T,NP_001278907.1:p.Leu521Phe,0.302,24.2,['Unknown%20significance'],0.31,0.0,0.0,1.0,1.0
NOP14,4,2946486,NM_001291978.2:c.1561C>G,NP_001278907.1:p.Leu521Val,0.240,23.7,['Unknown%20significance'],0.31,0.0,0.0,1.0,1.0
NOP14,4,2946490,NM_001291978.2:c.1557T>G,NP_001278907.1:p.Phe519Leu,0.159,9.234,['Likely%20benign'],147.45,0.64,0.0,0.0,0.0
NOP14,4,2946494,NM_001291978.2:c.1553A>G,NP_001278907.1:p.Lys518Arg,0.070,0.028,['Likely%20benign'],46.77,0.19,0.0,-0.9,0.9
NOP14,4,2946494,NM_001291978.2:c.1553A>C,NP_001278907.1:p.Lys518Thr,0.139,7.500,['Likely%20benign'],46.77,0.19,0.0,-0.2,0.2
NOP14,4,2946495,NM_001291978.2:c.1552A>G,NP_001278907.1:p.Lys518Glu,0.093,10.81,['Likely%20benign'],46.77,0.19,0.0,0.2,0.2
NOP14,4,2946498,NM_001291978.2:c.1549A>G,NP_001278907.1:p.Ile517Val,0.049,0.001,['Likely%20benign'],0.0,0.0,0.0,0.3,0.3
NOP14,4,2946498,NM_001291978.2:c.1549A>C,NP_001278907.1:p.Ile517Leu,0.049,0.055,['Likely%20benign'],0.0,0.0,0.0,0.0,0.0
NOP14,4,2946501,NM_001291978.2:c.1546G>A,NP_001278907.1:p.Ala516Thr,0.066,0.238,['Likely%20benign'],21.01,0.16,0.0,-0.1,0.1
NOP14,4,2946503,NM_001291978.2:c.1544A>G,NP_001278907.1:p.Asp515Gly,0.043,9.892,['Likely%20benign'],78.34,0.48,0.0,0.3,0.3
NOP14,4,2946506,NM_001291978.2:c.1541G>C,NP_001278907.1:p.Ser514Thr,0.206,22.5,['Unknown%20significance'],11.86,0.08,0.0,-0.3,0.3
NOP14,4,2946506,NM_001291978.2:c.1541G>A,NP_001278907.1:p.Ser514Asn,0.252,22.7,['Unknown%20significance'],11.86,0.08,0.0,0.4,0.4
NOP14,4,2946509,NM_001291978.2:c.1538C>T,NP_001278907.1:p.Ala513Val,0.318,28.6,['Unknown%20significance'],0.0,0.0,0.0,-0.8,0.8
NOP14,4,2946510,NM_001291978.2:c.1537G>A,NP_001278907.1:p.Ala513Thr,0.215,23.1,['Unknown%20significance'],0.0,0.0,0.0,0.3,0.3
NOP14,4,2946512,NM_001291978.2:c.1535C>T,NP_001278907.1:p.Ser512Phe,0.108,23.6,['Unknown%20significance'],21.37,0.15,0.0,-1.4,1.4
NOP14,4,2946512,NM_001291978.2:c.1535C>A,NP_001278907.1:p.Ser512Tyr,0.155,23.6,['Unknown%20significance'],21.37,0.15,0.0,-1.6,1.6
NOP14,4,2946513,NM_001291978.2:c.1534T>A,NP_001278907.1:p.Ser512Thr,0.084,12.13,['Likely%20benign'],21.37,0.15,0.0,-0.4,0.4
NOP14,4,2946514,NM_001291978.2:c.1533A>T,NP_001278907.1:p.Glu511Asp,0.051,0.455,['Likely%20benign'],146.22,0.74,0.0,0.1,0.1
NOP14,4,2946519,NM_001291978.2:c.1528C>G,NP_001278907.1:p.Pro510Ala,0.615,25.8,['Unknown%20significance'],85.56,0.54,0.0,0.5,0.5
NOP14,4,2946520,NM_001291978.2:c.1527T>G,NP_001278907.1:p.Phe509Leu,0.383,24.2,['Unknown%20significance'],4.41,0.01,0.0,0.8,0.8
NOP14,4,2946520,NM_001291978.2:c.1527T>A,NP_001278907.1:p.Phe509Leu,0.383,24.3,['Unknown%20significance'],4.41,0.01,0.0,0.8,0.8
NOP14,4,2946521,NM_001291978.2:c.1526T>C,NP_001278907.1:p.Phe509Ser,0.408,25.0,['Unknown%20significance'],4.41,0.01,0.0,2.5,2.5
NOP14,4,2946522,NM_001291978.2:c.1525T>G,NP_001278907.1:p.Phe509Val,0.462,27.1,['Unknown%20significance'],4.41,0.01,0.0,0.9,0.9
NOP14,4,2946522,NM_001291978.2:c.1525T>C,NP_001278907.1:p.Phe509Leu,0.378,27.7,['Unknown%20significance'],4.41,0.01,0.0,0.8,0.8
NOP14,4,2946522,NM_001291978.2:c.1525T>A,NP_001278907.1:p.Phe509Ile,0.413,27.2,['Unknown%20significance'],4.41,0.01,0.0,0.7,0.7
NOP14,4,2946523,NM_001291978.2:c.1524G>A,NP_001278907.1:p.Met508Ile,0.156,22.6,['Unknown%20significance'],62.45,0.28,0.0,0.1,0.1
NOP14,4,2946525,NM_001291978.2:c.1522A>T,NP_001278907.1:p.Met508Leu,0.077,18.47,['Unknown%20significance'],62.45,0.28,0.0,0.1,0.1
NOP14,4,2946525,NM_001291978.2:c.1522A>G,NP_001278907.1:p.Met508Val,0.157,23.0,['Unknown%20significance'],62.45,0.28,0.0,0.2,0.2
NOP14,4,2946526,NM_001291978.2:c.1521G>T,NP_001278907.1:p.Gln507His,0.296,23.2,['Unknown%20significance'],121.02,0.61,0.0,-0.0,0.0
NOP14,4,2946528,NM_001291978.2:c.1519C>G,NP_001278907.1:p.Gln507Glu,0.452,26.4,['Unknown%20significance'],121.02,0.61,0.0,0.3,0.3
NOP14,4,2946531,NM_001291978.2:c.1516T>G,NP_001278907.1:p.Cys506Gly,0.463,27.4,['Unknown%20significance'],8.58,0.05,0.0,1.8,1.8
NOP14,4,2946534,NM_001291978.2:c.1513C>T,NP_001278907.1:p.Leu505Phe,0.493,27.5,['Unknown%20significance'],0.0,0.0,0.0,1.0,1.0
NOP14,4,2946537,NM_001291978.2:c.1510C>T,NP_001278907.1:p.His504Tyr,0.110,16.39,['Likely%20benign'],76.25,0.37,0.0,-0.5,0.5
NOP14,4,2946537,NM_001291978.2:c.1510C>A,NP_001278907.1:p.His504Asn,0.063,1.546,['Likely%20benign'],76.25,0.37,0.0,0.5,0.5
NOP14,4,2946539,NM_001291978.2:c.1508A>G,NP_001278907.1:p.Tyr503Cys,0.385,23.3,['Unknown%20significance'],107.54,0.44,0.0,1.3,1.3
NOP14,4,2946540,NM_001291978.2:c.1507T>C,NP_001278907.1:p.Tyr503His,0.240,22.1,['Unknown%20significance'],107.54,0.44,0.0,0.9,0.9
NOP14,4,2946541,NM_001291978.2:c.1506A>T,NP_001278907.1:p.Leu502Phe,0.315,13.71,['Unknown%20significance'],0.0,0.0,0.0,0.9,0.9
NOP14,4,2946541,NM_001291978.2:c.1506A>C,NP_001278907.1:p.Leu502Phe,0.315,12.96,['Unknown%20significance'],0.0,0.0,0.0,0.9,0.9
NOP14,4,2946542,NM_001291978.2:c.1505T>C,NP_001278907.1:p.Leu502Ser,0.660,24.7,['Unknown%20significance'],0.0,0.0,0.0,4.6,4.6
NOP14,4,2946546,NM_001291978.2:c.1501C>A,NP_001278907.1:p.His501Asn,0.131,19.38,['Likely%20benign'],9.97,0.04,0.0,1.4,1.4
NOP14,4,2947527,NM_001291978.2:c.1498G>C,NP_001278907.1:p.Val500Leu,0.086,14.26,['Unknown%20significance'],87.5,0.5,0.0,-0.0,0.0
NOP14,4,2947529,NM_001291978.2:c.1496T>A,NP_001278907.1:p.Val499Asp,0.428,25.0,['Unknown%20significance'],7.55,0.04,0.0,3.6,3.6
NOP14,4,2947530,NM_001291978.2:c.1495G>C,NP_001278907.1:p.Val499Leu,0.097,17.48,['Unknown%20significance'],7.55,0.04,0.0,0.2,0.2
NOP14,4,2947535,NM_001291978.2:c.1490A>G,NP_001278907.1:p.Lys497Arg,0.140,21.1,['Unknown%20significance'],91.06,0.38,0.0,-0.6,0.6
NOP14,4,2947537,NM_001291978.2:c.1488T>A,NP_001278907.1:p.Asp496Glu,0.227,22.8,['Unknown%20significance'],74.32,0.46,0.0,-0.0,0.0
NOP14,4,2947538,NM_001291978.2:c.1487A>G,NP_001278907.1:p.Asp496Gly,0.386,34,['Unknown%20significance'],74.32,0.46,0.0,0.3,0.3
NOP14,4,2947539,NM_001291978.2:c.1486G>T,NP_001278907.1:p.Asp496Tyr,0.381,24.7,['Unknown%20significance'],74.32,0.46,0.0,-0.8,0.8
NOP14,4,2947542,NM_001291978.2:c.1483A>G,NP_001278907.1:p.Ile495Val,0.058,14.78,['Likely%20benign'],6.71,0.03,0.0,0.5,0.5
NOP14,4,2947545,NM_001291978.2:c.1480G>C,NP_001278907.1:p.Val494Leu,0.034,11.06,['Likely%20benign'],10.77,0.06,0.0,-0.2,0.2
NOP14,4,2947545,NM_001291978.2:c.1480G>A,NP_001278907.1:p.Val494Ile,0.036,8.473,['Likely%20benign'],10.77,0.06,0.0,-0.3,0.3
NOP14,4,2947547,NM_001291978.2:c.1478C>T,NP_001278907.1:p.Thr493Ile,0.010,9.577,['Likely%20benign'],79.7,0.5,0.0,-0.4,0.4
NOP14,4,2947547,NM_001291978.2:c.1478C>G,NP_001278907.1:p.Thr493Arg,0.029,4.243,['Likely%20benign'],79.7,0.5,0.0,-0.2,0.2
NOP14,4,2947548,NM_001291978.2:c.1477A>C,NP_001278907.1:p.Thr493Pro,0.031,0.389,['Likely%20benign'],79.7,0.5,0.0,0.4,0.4
NOP14,4,2947550,NM_001291978.2:c.1475T>A,NP_001278907.1:p.Leu492His,0.549,25.7,['Unknown%20significance'],33.02,0.17,0.0,1.4,1.4
NOP14,4,2947551,NM_001291978.2:c.1474C>T,NP_001278907.1:p.Leu492Phe,0.207,23.1,['Unknown%20significance'],33.02,0.17,0.0,-0.3,0.3
NOP14,4,2947551,NM_001291978.2:c.1474C>G,NP_001278907.1:p.Leu492Val,0.252,23.8,['Unknown%20significance'],33.02,0.17,0.0,0.3,0.3
NOP14,4,2947556,NM_001291978.2:c.1469C>G,NP_001278907.1:p.Pro490Arg,0.414,25.0,['Unknown%20significance'],0.58,0.0,0.0,-0.5,0.5
NOP14,4,2947557,NM_001291978.2:c.1468C>T,NP_001278907.1:p.Pro490Ser,0.274,25.1,['Unknown%20significance'],0.58,0.0,0.0,0.3,0.3
NOP14,4,2947557,NM_001291978.2:c.1468C>A,NP_001278907.1:p.Pro490Thr,0.365,24.8,['Unknown%20significance'],0.58,0.0,0.0,-0.3,0.3
NOP14,4,2947559,NM_001291978.2:c.1466C>T,NP_001278907.1:p.Pro489Leu,0.127,18.66,['Likely%20benign'],102.98,0.65,0.0,0.1,0.1
NOP14,4,2947561,NM_001291978.2:c.1464C>A,NP_001278907.1:p.Asp488Glu,0.097,0.024,['Likely%20benign'],49.1,0.3,0.0,-0.1,0.1
NOP14,4,2947564,NM_001291978.2:c.1461T>A,NP_001278907.1:p.Asp487Glu,0.030,0.001,['Likely%20benign'],98.33,0.61,0.0,-0.1,0.1
NOP14,4,2947565,NM_001291978.2:c.1460A>G,NP_001278907.1:p.Asp487Gly,0.065,5.260,['Likely%20benign'],98.33,0.61,0.0,0.3,0.3
NOP14,4,2947565,NM_001291978.2:c.1460A>C,NP_001278907.1:p.Asp487Ala,0.043,1.072,['Likely%20benign'],98.33,0.61,0.0,-0.1,0.1
NOP14,4,2947568,NM_001291978.2:c.1457C>A,NP_001278907.1:p.Thr486Lys,0.123,22.8,['Likely%20benign'],68.37,0.43,0.0,0.5,0.5
NOP14,4,2947575,NM_001291978.2:c.1450T>A,NP_001278907.1:p.Leu484Met,0.295,17.02,['Unknown%20significance'],13.53,0.07,0.0,1.0,1.0
NOP14,4,2947577,NM_001291978.2:c.1448A>T,NP_001278907.1:p.Asp483Val,0.393,24.2,['Unknown%20significance'],30.92,0.19,0.0,-1.9,1.9
NOP14,4,2947578,NM_001291978.2:c.1447G>T,NP_001278907.1:p.Asp483Tyr,0.368,24.2,['Unknown%20significance'],30.92,0.19,0.0,-2.3,2.3
NOP14,4,2947578,NM_001291978.2:c.1447G>A,NP_001278907.1:p.Asp483Asn,0.297,22.8,['Unknown%20significance'],30.92,0.19,0.0,-0.3,0.3
NOP14,4,2947581,NM_001291978.2:c.1444G>C,NP_001278907.1:p.Gly482Arg,0.311,24.2,['Unknown%20significance'],2.5,0.02,0.0,-1.2,1.2
NOP14,4,2947583,NM_001291978.2:c.1442T>C,NP_001278907.1:p.Val481Ala,0.278,23.3,['Unknown%20significance'],0.0,0.0,0.0,2.4,2.4
NOP14,4,2947584,NM_001291978.2:c.1441G>A,NP_001278907.1:p.Val481Ile,0.063,0.052,['Likely%20benign'],0.0,0.0,0.0,-0.7,0.7
NOP14,4,2947587,NM_001291978.2:c.1438T>C,NP_001278907.1:p.Tyr480His,0.253,22.7,['Unknown%20significance'],6.47,0.02,0.0,1.8,1.8
NOP14,4,2947590,NM_001291978.2:c.1435G>A,NP_001278907.1:p.Glu479Lys,0.244,25.6,['Unknown%20significance'],80.79,0.41,0.0,0.1,0.1
NOP14,4,2947593,NM_001291978.2:c.1432T>A,NP_001278907.1:p.Leu478Met,0.356,20.5,['Unknown%20significance'],0.12,0.0,0.0,1.6,1.6
NOP14,4,2947601,NM_001291978.2:c.1424G>T,NP_001278907.1:p.Gly475Val,0.223,23.4,['Unknown%20significance'],19.69,0.2,0.0,-1.6,1.6
NOP14,4,2947602,NM_001291978.2:c.1423G>A,NP_001278907.1:p.Gly475Ser,0.212,24.5,['Unknown%20significance'],19.69,0.2,0.0,0.0,0.0
NOP14,4,2947603,NM_001291978.2:c.1422T>G,NP_001278907.1:p.Phe474Leu,0.311,12.64,['Unknown%20significance'],0.0,0.0,0.0,0.8,0.8
NOP14,4,2947604,NM_001291978.2:c.1421T>C,NP_001278907.1:p.Phe474Ser,0.515,28.9,['Unknown%20significance'],0.0,0.0,0.0,4.6,4.6
NOP14,4,2947605,NM_001291978.2:c.1420T>G,NP_001278907.1:p.Phe474Val,0.395,26.1,['Unknown%20significance'],0.0,0.0,0.0,1.2,1.2
NOP14,4,2947607,NM_001291978.2:c.1418T>C,NP_001278907.1:p.Leu473Pro,0.745,27.8,['Unknown%20significance'],0.0,0.0,0.0,4.4,4.4
NOP14,4,2948282,NM_001291978.2:c.1409T>C,NP_001278907.1:p.Leu470Ser,0.449,24.3,['Unknown%20significance'],0.0,0.0,0.0,4.2,4.2
NOP14,4,2948286,NM_001291978.2:c.1405A>G,NP_001278907.1:p.Lys469Glu,0.349,23.6,['Unknown%20significance'],68.57,0.28,0.0,-0.0,0.0
NOP14,4,2948288,NM_001291978.2:c.1403C>T,NP_001278907.1:p.Ala468Val,0.062,18.76,['Unknown%20significance'],52.17,0.41,0.0,-0.2,0.2
NOP14,4,2948289,NM_001291978.2:c.1402G>C,NP_001278907.1:p.Ala468Pro,0.209,22.5,['Unknown%20significance'],52.17,0.41,0.0,0.2,0.2
NOP14,4,2948289,NM_001291978.2:c.1402G>A,NP_001278907.1:p.Ala468Thr,0.025,17.28,['Likely%20benign'],52.17,0.41,0.0,-0.1,0.1
NOP14,4,2948292,NM_001291978.2:c.1399A>C,NP_001278907.1:p.Lys467Gln,0.535,25.6,['Unknown%20significance'],132.67,0.56,0.0,-0.2,0.2
NOP14,4,2948294,NM_001291978.2:c.1397A>T,NP_001278907.1:p.Asn466Ile,0.706,26.2,['Unknown%20significance'],13.34,0.08,0.0,0.7,0.7
NOP14,4,2948294,NM_001291978.2:c.1397A>G,NP_001278907.1:p.Asn466Ser,0.495,24.6,['Unknown%20significance'],13.34,0.08,0.0,1.0,1.0
NOP14,4,2948295,NM_001291978.2:c.1396A>T,NP_001278907.1:p.Asn466Tyr,0.592,25.7,['Unknown%20significance'],13.34,0.08,0.0,-0.4,0.4
NOP14,4,2948297,NM_001291978.2:c.1394G>A,NP_001278907.1:p.Gly465Glu,0.234,23.1,['Unknown%20significance'],31.27,0.32,0.0,-0.2,0.2
NOP14,4,2948301,NM_001291978.2:c.1390G>A,NP_001278907.1:p.Glu464Lys,0.107,14.29,['Likely%20benign'],208.29,1.0,0.0,0.0,0.0
NOP14,4,2948304,NM_001291978.2:c.1387G>A,NP_001278907.1:p.Ala463Thr,0.286,22.9,['Unknown%20significance'],63.08,0.49,0.0,0.2,0.2
NOP14,4,2948307,NM_001291978.2:c.1384C>T,NP_001278907.1:p.Leu462Phe,0.400,24.6,['Unknown%20significance'],32.45,0.16,0.0,0.9,0.9
NOP14,4,2948307,NM_001291978.2:c.1384C>G,NP_001278907.1:p.Leu462Val,0.406,24.2,['Unknown%20significance'],32.45,0.16,0.0,1.3,1.3
NOP14,4,2948308,NM_001291978.2:c.1383T>A,NP_001278907.1:p.Ser461Arg,0.300,12.98,['Unknown%20significance'],72.44,0.52,0.0,-0.2,0.2
NOP14,4,2948312,NM_001291978.2:c.1379C>T,NP_001278907.1:p.Pro460Leu,0.540,24.2,['Unknown%20significance'],29.71,0.18,0.0,0.1,0.1
NOP14,4,2948312,NM_001291978.2:c.1379C>G,NP_001278907.1:p.Pro460Arg,0.575,24.0,['Unknown%20significance'],29.71,0.18,0.0,0.7,0.7
NOP14,4,2948313,NM_001291978.2:c.1378C>T,NP_001278907.1:p.Pro460Ser,0.505,23.6,['Unknown%20significance'],29.71,0.18,0.0,1.2,1.2
NOP14,4,2948314,NM_001291978.2:c.1377C>G,NP_001278907.1:p.His459Gln,0.341,18.30,['Unknown%20significance'],40.22,0.19,0.0,0.8,0.8
NOP14,4,2948314,NM_001291978.2:c.1377C>A,NP_001278907.1:p.His459Gln,0.341,18.21,['Unknown%20significance'],40.22,0.19,0.0,0.8,0.8
NOP14,4,2948315,NM_001291978.2:c.1376A>T,NP_001278907.1:p.His459Leu,0.476,24.8,['Unknown%20significance'],40.22,0.19,0.0,0.6,0.6
NOP14,4,2948318,NM_001291978.2:c.1373A>G,NP_001278907.1:p.Asn458Ser,0.198,16.38,['Unknown%20significance'],13.67,0.08,0.0,0.5,0.5
NOP14,4,2948318,NM_001291978.2:c.1373A>C,NP_001278907.1:p.Asn458Thr,0.184,20.9,['Unknown%20significance'],13.67,0.08,0.0,-0.1,0.1
NOP14,4,2948321,NM_001291978.2:c.1370G>A,NP_001278907.1:p.Cys457Tyr,0.355,26.2,['Unknown%20significance'],8.81,0.05,0.0,-0.4,0.4
NOP14,4,2948324,NM_001291978.2:c.1367A>C,NP_001278907.1:p.Lys456Thr,0.094,22.7,['Likely%20benign'],68.3,0.28,0.0,-0.6,0.6
NOP14,4,2948330,NM_001291978.2:c.1361T>G,NP_001278907.1:p.Ile454Ser,0.535,28.9,['Unknown%20significance'],0.0,0.0,0.0,5.0,5.0
NOP14,4,2948330,NM_001291978.2:c.1361T>C,NP_001278907.1:p.Ile454Thr,0.355,23.1,['Unknown%20significance'],0.0,0.0,0.0,3.6,3.6
NOP14,4,2948330,NM_001291978.2:c.1361T>A,NP_001278907.1:p.Ile454Asn,0.563,29.0,['Unknown%20significance'],0.0,0.0,0.0,4.9,4.9
NOP14,4,2948331,NM_001291978.2:c.1360A>G,NP_001278907.1:p.Ile454Val,0.342,25.4,['Unknown%20significance'],0.0,0.0,0.0,1.3,1.3
NOP14,4,2948332,NM_001291978.2:c.1359A>C,NP_001278907.1:p.Arg453Ser,0.394,23.5,['Unknown%20significance'],25.16,0.09,0.0,1.8,1.8
NOP14,4,2948333,NM_001291978.2:c.1358G>C,NP_001278907.1:p.Arg453Thr,0.465,26.8,['Unknown%20significance'],25.16,0.09,0.0,1.1,1.1
NOP14,4,2948333,NM_001291978.2:c.1358G>A,NP_001278907.1:p.Arg453Lys,0.414,26.8,['Unknown%20significance'],25.16,0.09,0.0,1.2,1.2
NOP14,4,2948334,NM_001291978.2:c.1357A>G,NP_001278907.1:p.Arg453Gly,0.528,24.7,['Unknown%20significance'],25.16,0.09,0.0,2.4,2.4
NOP14,4,2948335,NM_001291978.2:c.1356G>C,NP_001278907.1:p.Glu452Asp,0.091,18.08,['Unknown%20significance'],55.27,0.28,0.0,0.5,0.5
NOP14,4,2948339,NM_001291978.2:c.1352T>C,NP_001278907.1:p.Val451Ala,0.355,24.6,['Unknown%20significance'],0.0,0.0,0.0,3.3,3.3
NOP14,4,2948340,NM_001291978.2:c.1351G>T,NP_001278907.1:p.Val451Leu,0.086,15.03,['Unknown%20significance'],0.0,0.0,0.0,0.3,0.3
NOP14,4,2948340,NM_001291978.2:c.1351G>A,NP_001278907.1:p.Val451Met,0.178,23.4,['Unknown%20significance'],0.0,0.0,0.0,1.6,1.6
NOP14,4,2948343,NM_001291978.2:c.1348G>T,NP_001278907.1:p.Val450Leu,0.205,24.7,['Unknown%20significance'],0.0,0.0,0.0,0.6,0.6
NOP14,4,2948343,NM_001291978.2:c.1348G>C,NP_001278907.1:p.Val450Leu,0.205,24.7,['Unknown%20significance'],0.0,0.0,0.0,0.6,0.6
NOP14,4,2948344,NM_001291978.2:c.1347G>C,NP_001278907.1:p.Leu449Phe,0.205,23.8,['Unknown%20significance'],59.7,0.3,0.0,0.3,0.3
NOP14,4,2948349,NM_001291978.2:c.1342C>G,NP_001278907.1:p.Leu448Val,0.124,23.3,['Unknown%20significance'],32.15,0.16,0.0,0.1,0.1
NOP14,4,2948352,NM_001291978.2:c.1339C>G,NP_001278907.1:p.Gln447Glu,0.374,25.8,['Unknown%20significance'],5.82,0.02,0.0,0.9,0.9
NOP14,4,2948353,NM_001291978.2:c.1338G>C,NP_001278907.1:p.Glu446Asp,0.017,11.39,['Likely%20benign'],68.89,0.35,0.0,0.1,0.1
NOP14,4,2948355,NM_001291978.2:c.1336G>C,NP_001278907.1:p.Glu446Gln,0.028,19.21,['Likely%20benign'],68.89,0.35,0.0,-0.3,0.3
NOP14,4,2948357,NM_001291978.2:c.1334A>G,NP_001278907.1:p.Glu445Gly,0.082,23.0,['Unknown%20significance'],141.66,0.72,0.0,0.2,0.2
NOP14,4,2948359,NM_001291978.2:c.1332G>A,NP_001278907.1:p.Met444Ile,0.032,10.06,['Likely%20benign'],62.5,0.28,0.0,-0.2,0.2
NOP14,4,2948360,NM_001291978.2:c.1331T>C,NP_001278907.1:p.Met444Thr,0.052,0.949,['Likely%20benign'],62.5,0.28,0.0,0.3,0.3
NOP14,4,2948363,NM_001291978.2:c.1328C>T,NP_001278907.1:p.Ser443Leu,0.211,21.1,['Unknown%20significance'],77.81,0.56,0.0,0.1,0.1
NOP14,4,2948363,NM_001291978.2:c.1328C>G,NP_001278907.1:p.Ser443Trp,0.327,24.4,['Unknown%20significance'],77.81,0.56,0.0,-0.2,0.2
NOP14,4,2948364,NM_001291978.2:c.1327T>A,NP_001278907.1:p.Ser443Thr,0.046,0.118,['Likely%20benign'],77.81,0.56,0.0,-0.1,0.1
NOP14,4,2948369,NM_001291978.2:c.1322G>A,NP_001278907.1:p.Gly441Glu,0.140,15.38,['Likely%20benign'],86.26,0.9,0.0,-0.0,0.0
NOP14,4,2948370,NM_001291978.2:c.1321G>C,NP_001278907.1:p.Gly441Arg,0.088,19.74,['Unknown%20significance'],86.26,0.9,0.0,-0.1,0.1
NOP14,4,2948372,NM_001291978.2:c.1319T>C,NP_001278907.1:p.Leu440Ser,0.166,0.943,['Likely%20benign'],128.03,0.66,0.0,0.4,0.4
NOP14,4,2948374,NM_001291978.2:c.1317G>T,NP_001278907.1:p.Leu439Phe,0.229,12.24,['Unknown%20significance'],0.0,0.0,0.0,0.7,0.7
NOP14,4,2948381,NM_001291978.2:c.1310C>T,NP_001278907.1:p.Ser437Phe,0.061,18.57,['Likely%20benign'],74.35,0.53,0.0,-0.7,0.7
NOP14,4,2948382,NM_001291978.2:c.1309T>A,NP_001278907.1:p.Ser437Thr,0.060,8.006,['Likely%20benign'],74.35,0.53,0.0,-0.2,0.2
NOP14,4,2948384,NM_001291978.2:c.1307G>C,NP_001278907.1:p.Arg436Thr,0.032,4.723,['Likely%20benign'],98.87,0.36,0.0,0.3,0.3
NOP14,4,2948392,NM_001291978.2:c.1299G>T,NP_001278907.1:p.Glu433Asp,0.078,22.9,['Likely%20benign'],139.81,0.71,0.0,0.1,0.1
NOP14,4,2948393,NM_001291978.2:c.1298A>C,NP_001278907.1:p.Glu433Ala,0.160,24.6,['Unknown%20significance'],139.81,0.71,0.0,0.1,0.1
NOP14,4,2948394,NM_001291978.2:c.1297G>A,NP_001278907.1:p.Glu433Lys,0.165,22.5,['Likely%20benign'],139.81,0.71,0.0,0.0,0.0
NOP14,4,2948396,NM_001291978.2:c.1295A>G,NP_001278907.1:p.Tyr432Cys,0.064,0.175,['Likely%20benign'],31.0,0.12,0.0,2.6,2.6
NOP14,4,2948399,NM_001291978.2:c.1292C>T,NP_001278907.1:p.Ser431Phe,0.343,24.4,['Unknown%20significance'],61.71,0.44,0.0,-0.0,0.0
NOP14,4,2948399,NM_001291978.2:c.1292C>G,NP_001278907.1:p.Ser431Cys,0.253,23.1,['Unknown%20significance'],61.71,0.44,0.0,0.3,0.3
NOP14,4,2948401,NM_001291978.2:c.1290A>C,NP_001278907.1:p.Glu430Asp,0.074,0.003,['Likely%20benign'],90.5,0.46,0.0,0.2,0.2
NOP14,4,2948406,NM_001291978.2:c.1285C>T,NP_001278907.1:p.Pro429Ser,0.808,24.6,['Unknown%20significance'],1.23,0.0,0.0,2.2,2.2
NOP14,4,2948406,NM_001291978.2:c.1285C>G,NP_001278907.1:p.Pro429Ala,0.779,23.9,['Unknown%20significance'],1.23,0.0,0.0,2.0,2.0
NOP14,4,2948408,NM_001291978.2:c.1283C>T,NP_001278907.1:p.Ala428Val,0.034,14.66,['Likely%20benign'],0.32,0.0,0.0,-1.1,1.1
NOP14,4,2948408,NM_001291978.2:c.1283C>A,NP_001278907.1:p.Ala428Asp,0.320,22.9,['Unknown%20significance'],0.32,0.0,0.0,1.6,1.6
NOP14,4,2949937,NM_001291978.2:c.1279G>A,NP_001278907.1:p.Ala427Thr,0.045,10.18,['Unknown%20significance'],80.82,0.63,0.0,0.0,0.0
NOP14,4,2949940,NM_001291978.2:c.1276T>C,NP_001278907.1:p.Phe426Leu,0.386,23.4,['Unknown%20significance'],17.14,0.07,0.0,1.1,1.1
NOP14,4,2949942,NM_001291978.2:c.1274C>T,NP_001278907.1:p.Thr425Met,0.161,21.8,['Unknown%20significance'],37.72,0.23,0.0,-0.2,0.2
NOP14,4,2949942,NM_001291978.2:c.1274C>G,NP_001278907.1:p.Thr425Arg,0.221,23.2,['Benign'],37.72,0.23,0.0,0.4,0.4
NOP14,4,2949943,NM_001291978.2:c.1273A>G,NP_001278907.1:p.Thr425Ala,0.194,21.9,['Unknown%20significance'],37.72,0.23,0.0,0.6,0.6
NOP14,4,2949945,NM_001291978.2:c.1271A>G,NP_001278907.1:p.Tyr424Cys,0.215,17.48,['Unknown%20significance'],36.23,0.15,0.0,2.6,2.6
NOP14,4,2949949,NM_001291978.2:c.1267C>T,NP_001278907.1:p.Pro423Ser,0.492,24.8,['Unknown%20significance'],35.8,0.22,0.0,1.3,1.3
NOP14,4,2949951,NM_001291978.2:c.1265T>C,NP_001278907.1:p.Leu422Pro,0.657,26.0,['Unknown%20significance'],14.65,0.07,0.0,3.0,3.0
NOP14,4,2949955,NM_001291978.2:c.1261G>A,NP_001278907.1:p.Glu421Lys,0.249,23.5,['Unknown%20significance'],59.93,0.3,0.0,0.6,0.6
NOP14,4,2949957,NM_001291978.2:c.1259A>G,NP_001278907.1:p.Asp420Gly,0.039,9.514,['Likely%20benign'],98.95,0.61,0.0,0.1,0.1
NOP14,4,2949961,NM_001291978.2:c.1255A>G,NP_001278907.1:p.Arg419Gly,0.026,3.287,['Likely%20benign'],147.64,0.54,0.0,0.8,0.8
NOP14,4,2949963,NM_001291978.2:c.1253C>T,NP_001278907.1:p.Thr418Ile,0.073,17.77,['Likely%20benign'],9.05,0.05,0.0,-0.1,0.1
NOP14,4,2949964,NM_001291978.2:c.1252A>G,NP_001278907.1:p.Thr418Ala,0.103,5.755,['Likely%20benign'],9.05,0.05,0.0,0.2,0.2
NOP14,4,2949966,NM_001291978.2:c.1250C>G,NP_001278907.1:p.Ala417Gly,0.256,25.4,['Unknown%20significance'],61.42,0.48,0.0,0.5,0.5
NOP14,4,2949967,NM_001291978.2:c.1249G>A,NP_001278907.1:p.Ala417Thr,0.126,14.92,['Unknown%20significance'],61.42,0.48,0.0,-0.2,0.2
NOP14,4,2949975,NM_001291978.2:c.1241C>T,NP_001278907.1:p.Ala414Val,0.106,9.464,['Likely%20benign'],67.9,0.53,0.0,-0.3,0.3
NOP14,4,2949975,NM_001291978.2:c.1241C>G,NP_001278907.1:p.Ala414Gly,0.114,9.696,['Unknown%20significance'],67.9,0.53,0.0,0.4,0.4
NOP14,4,2949977,NM_001291978.2:c.1239A>T,NP_001278907.1:p.Arg413Ser,0.014,0.116,['Likely%20benign'],175.53,0.65,0.0,0.3,0.3
NOP14,4,2949979,NM_001291978.2:c.1237A>G,NP_001278907.1:p.Arg413Gly,0.047,9.761,['Likely%20benign'],175.53,0.65,0.0,0.6,0.6
NOP14,4,2949980,NM_001291978.2:c.1236A>C,NP_001278907.1:p.Glu412Asp,0.038,3.268,['Likely%20benign'],99.19,0.5,0.0,0.2,0.2
NOP14,4,2949981,NM_001291978.2:c.1235A>G,NP_001278907.1:p.Glu412Gly,0.043,4.843,['Likely%20benign'],99.19,0.5,0.0,0.5,0.5
NOP14,4,2949982,NM_001291978.2:c.1234G>A,NP_001278907.1:p.Glu412Lys,0.064,2.243,['Likely%20benign'],99.19,0.5,0.0,0.2,0.2
NOP14,4,2949984,NM_001291978.2:c.1232A>C,NP_001278907.1:p.Lys411Thr,0.044,0.007,['Likely%20benign'],144.79,0.61,0.0,-0.2,0.2
NOP14,4,2949985,NM_001291978.2:c.1231A>C,NP_001278907.1:p.Lys411Gln,0.032,0.751,['Likely%20benign'],144.79,0.61,0.0,-0.2,0.2
NOP14,4,2949987,NM_001291978.2:c.1229G>T,NP_001278907.1:p.Gly410Val,0.022,1.180,['Unknown%20significance'],52.95,0.55,0.0,-0.6,0.6
NOP14,4,2949987,NM_001291978.2:c.1229G>A,NP_001278907.1:p.Gly410Asp,0.049,0.308,['Likely%20benign'],52.95,0.55,0.0,-0.3,0.3
NOP14,4,2949988,NM_001291978.2:c.1228G>A,NP_001278907.1:p.Gly410Ser,0.006,0.002,['Unknown%20significance'],52.95,0.55,0.0,-0.4,0.4
NOP14,4,2949990,NM_001291978.2:c.1226G>A,NP_001278907.1:p.Ser409Asn,0.019,0.922,['Likely%20benign'],69.9,0.5,0.0,0.0,0.0
NOP14,4,2949996,NM_001291978.2:c.1220T>C,NP_001278907.1:p.Leu407Ser,0.028,0.052,['Likely%20benign'],199.68,1.0,0.0,0.1,0.1
NOP14,4,2949997,NM_001291978.2:c.1219T>G,NP_001278907.1:p.Leu407Val,0.032,0.002,['Likely%20benign'],199.68,1.0,0.0,0.0,0.0
NOP14,4,2949999,NM_001291978.2:c.1217G>T,NP_001278907.1:p.Gly406Val,0.094,7.097,['Likely%20benign'],65.99,0.69,0.0,-0.3,0.3
NOP14,4,2950000,NM_001291978.2:c.1216G>T,NP_001278907.1:p.Gly406Trp,0.029,14.70,['Likely%20benign'],65.99,0.69,0.0,-0.4,0.4
NOP14,4,2950000,NM_001291978.2:c.1216G>C,NP_001278907.1:p.Gly406Arg,0.106,0.250,['Likely%20benign'],65.99,0.69,0.0,-0.3,0.3
NOP14,4,2950000,NM_001291978.2:c.1216G>A,NP_001278907.1:p.Gly406Arg,0.107,0.336,['Likely%20benign'],65.99,0.69,0.0,-0.3,0.3
NOP14,4,2950008,NM_001291978.2:c.1208C>T,NP_001278907.1:p.Pro403Leu,0.095,10.05,['Unknown%20significance'],150.62,0.95,0.0,-0.0,0.0
NOP14,4,2950009,NM_001291978.2:c.1207C>T,NP_001278907.1:p.Pro403Ser,0.028,5.103,['Unknown%20significance'],150.62,0.95,0.0,0.0,0.0
NOP14,4,2950011,NM_001291978.2:c.1205C>T,NP_001278907.1:p.Thr402Ile,0.030,13.67,['Likely%20benign'],150.55,0.95,0.0,-0.0,0.0
NOP14,4,2950012,NM_001291978.2:c.1204A>C,NP_001278907.1:p.Thr402Pro,0.034,0.519,['Likely%20benign'],150.55,0.95,0.0,0.1,0.1
NOP14,4,2950013,NM_001291978.2:c.1203G>C,NP_001278907.1:p.Gln401His,0.034,1.472,['Likely%20benign'],163.38,0.82,0.0,0.0,0.0
NOP14,4,2950017,NM_001291978.2:c.1199G>A,NP_001278907.1:p.Arg400Lys,0.019,0.085,['Likely%20benign'],222.25,0.82,0.0,0.2,0.2
NOP14,4,2950018,NM_001291978.2:c.1198A>G,NP_001278907.1:p.Arg400Gly,0.019,6.119,['Likely%20benign'],222.25,0.82,0.0,0.3,0.3
NOP14,4,2950019,NM_001291978.2:c.1197G>C,NP_001278907.1:p.Gln399His,0.013,0.108,['Likely%20benign'],182.38,0.92,0.0,0.0,0.0
NOP14,4,2950020,NM_001291978.2:c.1196A>C,NP_001278907.1:p.Gln399Pro,0.020,0.477,['Likely%20benign'],182.38,0.92,0.0,0.2,0.2
NOP14,4,2950021,NM_001291978.2:c.1195C>G,NP_001278907.1:p.Gln399Glu,0.078,0.510,['Likely%20benign'],182.38,0.92,0.0,0.1,0.1
NOP14,4,2950023,NM_001291978.2:c.1193A>G,NP_001278907.1:p.Glu398Gly,0.062,4.985,['Likely%20benign'],128.87,0.65,0.0,0.3,0.3
NOP14,4,2950024,NM_001291978.2:c.1192G>A,NP_001278907.1:p.Glu398Lys,0.051,8.761,['Likely%20benign'],128.87,0.65,0.0,0.0,0.0
NOP14,4,2950026,NM_001291978.2:c.1190A>C,NP_001278907.1:p.Lys397Thr,0.045,1.687,['Likely%20benign'],228.27,0.96,0.0,-0.0,0.0
NOP14,4,2950029,NM_001291978.2:c.1187C>G,NP_001278907.1:p.Ala396Gly,0.049,0.107,['Likely%20benign'],107.17,0.84,0.0,0.1,0.1
NOP14,4,2950033,NM_001291978.2:c.1183C>T,NP_001278907.1:p.Pro395Ser,0.057,9.489,['Likely%20benign'],146.72,0.93,0.0,-0.1,0.1
NOP14,4,2950033,NM_001291978.2:c.1183C>G,NP_001278907.1:p.Pro395Ala,0.044,7.139,['Likely%20benign'],146.72,0.93,0.0,-0.0,0.0
NOP14,4,2950033,NM_001291978.2:c.1183C>A,NP_001278907.1:p.Pro395Thr,0.038,6.768,['Likely%20benign'],146.72,0.93,0.0,-0.1,0.1
NOP14,4,2950036,NM_001291978.2:c.1180A>C,NP_001278907.1:p.Lys394Gln,0.033,0.243,['Likely%20benign'],205.21,0.86,0.0,-0.0,0.0
NOP14,4,2950039,NM_001291978.2:c.1177G>C,NP_001278907.1:p.Glu393Gln,0.027,3.318,['Likely%20benign'],159.47,0.81,0.0,-0.1,0.1
NOP14,4,2950039,NM_001291978.2:c.1177G>A,NP_001278907.1:p.Glu393Lys,0.045,5.933,['Likely%20benign'],159.47,0.81,0.0,-0.1,0.1
NOP14,4,2950040,NM_001291978.2:c.1176C>G,NP_001278907.1:p.Asn392Lys,0.015,0.003,['Likely%20benign'],139.82,0.87,0.0,-0.0,0.0
NOP14,4,2950045,NM_001291978.2:c.1171G>A,NP_001278907.1:p.Glu391Lys,0.051,13.37,['Likely%20benign'],158.74,0.81,0.0,-0.1,0.1
NOP14,4,2950048,NM_001291978.2:c.1168G>A,NP_001278907.1:p.Glu390Lys,0.076,19.26,['Unknown%20significance'],155.26,0.79,0.0,-0.1,0.1
NOP14,4,2950050,NM_001291978.2:c.1166A>C,NP_001278907.1:p.Glu389Ala,0.084,13.00,['Unknown%20significance'],154.97,0.79,0.0,0.1,0.1
NOP14,4,2950052,NM_001291978.2:c.1164T>G,NP_001278907.1:p.Ser388Arg,0.261,10.02,['Unknown%20significance'],123.53,0.89,0.0,-0.1,0.1
NOP14,4,2950054,NM_001291978.2:c.1162A>G,NP_001278907.1:p.Ser388Gly,0.164,23.3,['Unknown%20significance'],123.53,0.89,0.0,0.2,0.2
NOP14,4,2950054,NM_001291978.2:c.1162A>C,NP_001278907.1:p.Ser388Arg,0.219,23.2,['Unknown%20significance'],123.53,0.89,0.0,-0.1,0.1
NOP14,4,2950055,NM_001291978.2:c.1161G>T,NP_001278907.1:p.Glu387Asp,0.048,1.893,['Unknown%20significance'],158.51,0.81,0.0,-0.0,0.0
NOP14,4,2950060,NM_001291978.2:c.1156G>A,NP_001278907.1:p.Val386Met,0.013,3.491,['Likely%20benign'],159.46,0.92,0.0,-0.0,0.0
NOP14,4,2950061,NM_001291978.2:c.1155C>A,NP_001278907.1:p.Asn385Lys,0.047,1.162,['Likely%20benign'],145.88,0.91,0.0,0.0,0.0
NOP14,4,2950062,NM_001291978.2:c.1154A>G,NP_001278907.1:p.Asn385Ser,0.063,4.575,['Likely%20benign'],145.88,0.91,0.0,0.0,0.0
NOP14,4,2950062,NM_001291978.2:c.1154A>C,NP_001278907.1:p.Asn385Thr,0.039,12.13,['Likely%20benign'],145.88,0.91,0.0,0.0,0.0
NOP14,4,2950066,NM_001291978.2:c.1150T>C,NP_001278907.1:p.Ser384Pro,0.427,24.5,['Unknown%20significance'],110.79,0.8,0.0,0.1,0.1
NOP14,4,2950066,NM_001291978.2:c.1150T>A,NP_001278907.1:p.Ser384Thr,0.301,23.5,['Unknown%20significance'],110.79,0.8,0.0,-0.0,0.0
NOP14,4,2950069,NM_001291978.2:c.1147G>A,NP_001278907.1:p.Glu383Lys,0.226,23.1,['Unknown%20significance'],184.3,0.94,0.0,-0.0,0.0
NOP14,4,2950077,NM_001291978.2:c.1139T>C,NP_001278907.1:p.Leu380Ser,0.143,15.43,['Benign'],191.49,0.99,0.0,-0.0,0.0
NOP14,4,2950079,NM_001291978.2:c.1137C>G,NP_001278907.1:p.His379Gln,0.112,20.8,['Unknown%20significance'],188.44,0.91,0.0,0.1,0.1
NOP14,4,2950080,NM_001291978.2:c.1136A>G,NP_001278907.1:p.His379Arg,0.179,21.6,['Unknown%20significance'],188.44,0.91,0.0,-0.0,0.0
NOP14,4,2950084,NM_001291978.2:c.1132A>G,NP_001278907.1:p.Ser378Gly,0.074,0.391,['Likely%20benign'],110.54,0.8,0.0,0.2,0.2
NOP14,4,2950086,NM_001291978.2:c.1130A>T,NP_001278907.1:p.Asp377Val,0.357,24.1,['Unknown%20significance'],157.91,0.98,0.0,0.1,0.1
NOP14,4,2950087,NM_001291978.2:c.1129G>C,NP_001278907.1:p.Asp377His,0.210,21.3,['Unknown%20significance'],157.91,0.98,0.0,-0.0,0.0
NOP14,4,2950090,NM_001291978.2:c.1126C>T,NP_001278907.1:p.Pro376Ser,0.038,2.175,['Likely%20benign'],109.16,0.69,0.0,-0.3,0.3
NOP14,4,2950090,NM_001291978.2:c.1126C>G,NP_001278907.1:p.Pro376Ala,0.045,0.281,['Likely%20benign'],109.16,0.69,0.0,0.0,0.0
NOP14,4,2950095,NM_001291978.2:c.1121A>T,NP_001278907.1:p.Asp374Val,0.011,5.632,['Unknown%20significance'],139.88,0.87,0.0,0.1,0.1
NOP14,4,2950095,NM_001291978.2:c.1121A>G,NP_001278907.1:p.Asp374Gly,0.013,1.238,['Unknown%20significance'],139.88,0.87,0.0,0.2,0.2
NOP14,4,2950096,NM_001291978.2:c.1120G>C,NP_001278907.1:p.Asp374His,0.080,12.58,['Unknown%20significance'],139.88,0.87,0.0,-0.1,0.1
NOP14,4,2950096,NM_001291978.2:c.1120G>A,NP_001278907.1:p.Asp374Asn,0.067,7.736,['Unknown%20significance'],139.88,0.87,0.0,-0.0,0.0
NOP14,4,2950097,NM_001291978.2:c.1119C>G,NP_001278907.1:p.Ser373Arg,0.063,10.07,['Likely%20benign'],106.56,0.77,0.0,-0.2,0.2
NOP14,4,2950098,NM_001291978.2:c.1118G>C,NP_001278907.1:p.Ser373Thr,0.083,12.61,['Likely%20benign'],106.56,0.77,0.0,-0.0,0.0
NOP14,4,2950098,NM_001291978.2:c.1118G>A,NP_001278907.1:p.Ser373Asn,0.066,7.653,['Likely%20benign'],106.56,0.77,0.0,-0.0,0.0
NOP14,4,2950099,NM_001291978.2:c.1117A>T,NP_001278907.1:p.Ser373Cys,0.062,22.8,['Unknown%20significance'],106.56,0.77,0.0,0.2,0.2
NOP14,4,2950099,NM_001291978.2:c.1117A>G,NP_001278907.1:p.Ser373Gly,0.019,14.83,['Likely%20benign'],106.56,0.77,0.0,0.3,0.3
NOP14,4,2950101,NM_001291978.2:c.1115A>G,NP_001278907.1:p.Glu372Gly,0.101,20.4,['Unknown%20significance'],191.53,0.98,0.0,0.1,0.1
NOP14,4,2950101,NM_001291978.2:c.1115A>C,NP_001278907.1:p.Glu372Ala,0.065,22.2,['Unknown%20significance'],191.53,0.98,0.0,0.1,0.1
NOP14,4,2950104,NM_001291978.2:c.1112A>G,NP_001278907.1:p.Glu371Gly,0.081,17.22,['Unknown%20significance'],170.81,0.87,0.0,0.1,0.1
NOP14,4,2950107,NM_001291978.2:c.1109C>T,NP_001278907.1:p.Thr370Ile,0.015,1.897,['Likely%20benign'],117.96,0.74,0.0,0.1,0.1
NOP14,4,2950108,NM_001291978.2:c.1108A>G,NP_001278907.1:p.Thr370Ala,0.007,0.001,['Likely%20benign'],117.96,0.74,0.0,0.2,0.2
NOP14,4,2950109,NM_001291978.2:c.1107C>G,NP_001278907.1:p.Asp369Glu,0.055,4.590,['Unknown%20significance'],128.93,0.8,0.0,0.1,0.1
NOP14,4,2950110,NM_001291978.2:c.1106A>G,NP_001278907.1:p.Asp369Gly,0.045,12.28,['Unknown%20significance'],128.93,0.8,0.0,0.2,0.2
NOP14,4,2950111,NM_001291978.2:c.1105G>A,NP_001278907.1:p.Asp369Asn,0.087,16.42,['Unknown%20significance'],128.93,0.8,0.0,-0.0,0.0
NOP14,4,2950112,NM_001291978.2:c.1104G>C,NP_001278907.1:p.Glu368Asp,0.092,10.38,['Likely%20benign'],194.27,0.99,0.0,-0.0,0.0
NOP14,4,2950113,NM_001291978.2:c.1103A>G,NP_001278907.1:p.Glu368Gly,0.033,17.92,['Likely%20benign'],194.27,0.99,0.0,0.1,0.1
NOP14,4,2950114,NM_001291978.2:c.1102G>A,NP_001278907.1:p.Glu368Lys,0.181,17.99,['Unknown%20significance'],194.27,0.99,0.0,-0.1,0.1
NOP14,4,2950116,NM_001291978.2:c.1100G>A,NP_001278907.1:p.Gly367Glu,0.059,0.410,['Likely%20benign'],82.38,0.86,0.0,-0.1,0.1
NOP14,4,2950117,NM_001291978.2:c.1099G>C,NP_001278907.1:p.Gly367Arg,0.032,0.051,['Likely%20benign'],82.38,0.86,0.0,-0.4,0.4
NOP14,4,2950117,NM_001291978.2:c.1099G>A,NP_001278907.1:p.Gly367Arg,0.034,0.068,['Likely%20benign'],82.38,0.86,0.0,-0.4,0.4
NOP14,4,2950122,NM_001291978.2:c.1094C>T,NP_001278907.1:p.Ser365Leu,0.088,6.615,['Likely%20benign'],123.88,0.89,0.0,0.1,0.1
NOP14,4,2950123,NM_001291978.2:c.1093T>G,NP_001278907.1:p.Ser365Ala,0.080,3.032,['Likely%20benign'],123.88,0.89,0.0,0.1,0.1
NOP14,4,2950123,NM_001291978.2:c.1093T>A,NP_001278907.1:p.Ser365Thr,0.070,2.637,['Likely%20benign'],123.88,0.89,0.0,-0.0,0.0
NOP14,4,2950126,NM_001291978.2:c.1090A>C,NP_001278907.1:p.Ser364Arg,0.035,3.383,['Likely%20benign'],113.96,0.82,0.0,-0.2,0.2
NOP14,4,2950129,NM_001291978.2:c.1087G>T,NP_001278907.1:p.Asp363Tyr,0.082,15.01,['Unknown%20significance'],134.22,0.83,0.0,-0.1,0.1
NOP14,4,2950129,NM_001291978.2:c.1087G>C,NP_001278907.1:p.Asp363His,0.063,15.22,['Unknown%20significance'],134.22,0.83,0.0,-0.1,0.1
NOP14,4,2950129,NM_001291978.2:c.1087G>A,NP_001278907.1:p.Asp363Asn,0.067,13.35,['Likely%20benign'],134.22,0.83,0.0,-0.0,0.0
NOP14,4,2950131,NM_001291978.2:c.1085G>T,NP_001278907.1:p.Gly362Val,0.124,2.414,['Likely%20benign'],78.83,0.82,0.0,-0.1,0.1
NOP14,4,2950131,NM_001291978.2:c.1085G>C,NP_001278907.1:p.Gly362Ala,0.099,0.852,['Likely%20benign'],78.83,0.82,0.0,-0.0,0.0
NOP14,4,2950132,NM_001291978.2:c.1084G>A,NP_001278907.1:p.Gly362Ser,0.030,7.093,['Likely%20benign'],78.83,0.82,0.0,-0.2,0.2
NOP14,4,2950139,NM_001291978.2:c.1077G>C,NP_001278907.1:p.Glu359Asp,0.041,3.279,['Likely%20benign'],163.35,0.83,0.0,-0.0,0.0
NOP14,4,2950141,NM_001291978.2:c.1075G>C,NP_001278907.1:p.Glu359Gln,0.055,7.036,['Likely%20benign'],163.35,0.83,0.0,-0.1,0.1
NOP14,4,2950141,NM_001291978.2:c.1075G>A,NP_001278907.1:p.Glu359Lys,0.068,10.22,['Benign'],163.35,0.83,0.0,-0.2,0.2
NOP14,4,2950142,NM_001291978.2:c.1074C>G,NP_001278907.1:p.Asn358Lys,0.035,0.006,['Likely%20benign'],118.43,0.74,0.0,-0.1,0.1
NOP14,4,2950145,NM_001291978.2:c.1071C>G,NP_001278907.1:p.Ser357Arg,0.111,0.008,['Likely%20benign'],99.84,0.72,0.0,-0.3,0.3
NOP14,4,2950149,NM_001291978.2:c.1067A>T,NP_001278907.1:p.Glu356Val,0.079,18.30,['Unknown%20significance'],177.17,0.9,0.0,0.1,0.1
NOP14,4,2950150,NM_001291978.2:c.1066G>C,NP_001278907.1:p.Glu356Gln,0.130,10.16,['Likely%20benign'],177.17,0.9,0.0,-0.1,0.1
NOP14,4,2950150,NM_001291978.2:c.1066G>A,NP_001278907.1:p.Glu356Lys,0.114,10.61,['Likely%20benign'],177.17,0.9,0.0,-0.1,0.1
NOP14,4,2950152,NM_001291978.2:c.1064C>G,NP_001278907.1:p.Pro355Arg,0.021,3.550,['Likely%20benign'],128.73,0.81,0.0,-0.5,0.5
NOP14,4,2950153,NM_001291978.2:c.1063C>T,NP_001278907.1:p.Pro355Ser,0.060,0.687,['Likely%20benign'],128.73,0.81,0.0,-0.2,0.2
NOP14,4,2950153,NM_001291978.2:c.1063C>A,NP_001278907.1:p.Pro355Thr,0.062,0.542,['Likely%20benign'],128.73,0.81,0.0,-0.2,0.2
NOP14,4,2950156,NM_001291978.2:c.1060G>A,NP_001278907.1:p.Asp354Asn,0.083,7.290,['Likely%20benign'],147.26,0.92,0.0,-0.0,0.0
NOP14,4,2950158,NM_001291978.2:c.1058G>A,NP_001278907.1:p.Ser353Asn,0.034,7.215,['Likely%20benign'],124.01,0.89,0.0,-0.0,0.0
NOP14,4,2950159,NM_001291978.2:c.1057A>G,NP_001278907.1:p.Ser353Gly,0.062,2.163,['Likely%20benign'],124.01,0.89,0.0,0.2,0.2
NOP14,4,2950161,NM_001291978.2:c.1055C>T,NP_001278907.1:p.Ala352Val,0.066,12.97,['Likely%20benign'],100.99,0.79,0.0,0.0,0.0
NOP14,4,2950163,NM_001291978.2:c.1053A>C,NP_001278907.1:p.Glu351Asp,0.028,5.166,['Likely%20benign'],171.92,0.88,0.0,-0.0,0.0
NOP14,4,2950165,NM_001291978.2:c.1051G>C,NP_001278907.1:p.Glu351Gln,0.106,17.37,['Unknown%20significance'],171.92,0.88,0.0,-0.1,0.1
NOP14,4,2950174,NM_001291978.2:c.1042C>A,NP_001278907.1:p.Gln348Lys,0.103,8.046,['Likely%20benign'],196.86,0.99,0.0,-0.0,0.0
NOP14,4,2950177,NM_001291978.2:c.1039G>A,NP_001278907.1:p.Glu347Lys,0.069,12.91,['Unknown%20significance'],161.64,0.82,0.0,-0.1,0.1
NOP14,4,2950180,NM_001291978.2:c.1036G>A,NP_001278907.1:p.Glu346Lys,0.035,14.20,['Likely%20benign'],172.16,0.88,0.0,-0.1,0.1
NOP14,4,2950182,NM_001291978.2:c.1034A>G,NP_001278907.1:p.Gln345Arg,0.045,9.502,['Likely%20benign'],162.15,0.81,0.0,-0.2,0.2
NOP14,4,2950182,NM_001291978.2:c.1034A>C,NP_001278907.1:p.Gln345Pro,0.043,10.03,['Likely%20benign'],162.15,0.81,0.0,0.2,0.2
NOP14,4,2950185,NM_001291978.2:c.1031T>G,NP_001278907.1:p.Val344Gly,0.021,0.975,['Likely%20benign'],148.03,0.86,0.0,0.2,0.2
NOP14,4,2950185,NM_001291978.2:c.1031T>A,NP_001278907.1:p.Val344Asp,0.018,0.918,['Likely%20benign'],148.03,0.86,0.0,0.1,0.1
NOP14,4,2950188,NM_001291978.2:c.1028A>G,NP_001278907.1:p.Asp343Gly,0.051,8.677,['Likely%20benign'],123.89,0.77,0.0,0.2,0.2
NOP14,4,2950189,NM_001291978.2:c.1027G>C,NP_001278907.1:p.Asp343His,0.046,12.08,['Unknown%20significance'],123.89,0.77,0.0,-0.2,0.2
NOP14,4,2950193,NM_001291978.2:c.1023G>C,NP_001278907.1:p.Glu341Asp,0.054,9.026,['Likely%20benign'],159.81,0.81,0.0,0.0,0.0
NOP14,4,2950195,NM_001291978.2:c.1021G>A,NP_001278907.1:p.Glu341Lys,0.078,18.86,['Likely%20benign'],159.81,0.81,0.0,0.0,0.0
NOP14,4,2950198,NM_001291978.2:c.1018G>A,NP_001278907.1:p.Val340Ile,0.015,0.525,['Likely%20benign'],108.93,0.63,0.0,-0.1,0.1
NOP14,4,2950201,NM_001291978.2:c.1015A>C,NP_001278907.1:p.Asn339His,0.109,17.42,['Unknown%20significance'],65.91,0.41,0.0,-0.2,0.2
NOP14,4,2950202,NM_001291978.2:c.1014G>A,NP_001278907.1:p.Met338Ile,0.074,15.44,['Unknown%20significance'],88.76,0.4,0.0,-0.0,0.0
NOP14,4,2950203,NM_001291978.2:c.1013T>C,NP_001278907.1:p.Met338Thr,0.175,19.28,['Unknown%20significance'],88.76,0.4,0.0,0.6,0.6
NOP14,4,2950204,NM_001291978.2:c.1012A>G,NP_001278907.1:p.Met338Val,0.105,15.86,['Unknown%20significance'],88.76,0.4,0.0,0.1,0.1
NOP14,4,2950206,NM_001291978.2:c.1010A>G,NP_001278907.1:p.Lys337Arg,0.116,22.4,['Unknown%20significance'],183.69,0.77,0.0,-0.3,0.3
NOP14,4,2950206,NM_001291978.2:c.1010A>C,NP_001278907.1:p.Lys337Thr,0.285,23.6,['Unknown%20significance'],183.69,0.77,0.0,-0.1,0.1
NOP14,4,2950207,NM_001291978.2:c.1009A>G,NP_001278907.1:p.Lys337Glu,0.137,23.4,['Unknown%20significance'],183.69,0.77,0.0,0.1,0.1
NOP14,4,2950209,NM_001291978.2:c.1007G>C,NP_001278907.1:p.Gly336Ala,0.239,23.3,['Unknown%20significance'],90.13,0.94,0.0,0.0,0.0
NOP14,4,2950210,NM_001291978.2:c.1006G>A,NP_001278907.1:p.Gly336Arg,0.332,26.0,['Unknown%20significance'],90.13,0.94,0.0,-0.0,0.0
NOP14,4,2950211,NM_001291978.2:c.1005T>G,NP_001278907.1:p.Asp335Glu,0.311,17.45,['Unknown%20significance'],134.94,0.84,0.0,0.0,0.0
NOP14,4,2950213,NM_001291978.2:c.1003G>T,NP_001278907.1:p.Asp335Tyr,0.517,25.7,['Unknown%20significance'],134.94,0.84,0.0,-0.1,0.1
NOP14,4,2950213,NM_001291978.2:c.1003G>A,NP_001278907.1:p.Asp335Asn,0.300,25.3,['Unknown%20significance'],134.94,0.84,0.0,0.0,0.0
NOP14,4,2951115,NM_001291978.2:c.1001A>G,NP_001278907.1:p.Lys334Arg,0.036,15.97,['Likely%20benign'],173.77,0.73,0.0,-0.3,0.3
NOP14,4,2951116,NM_001291978.2:c.1000A>G,NP_001278907.1:p.Lys334Glu,0.107,21.5,['Unknown%20significance'],173.77,0.73,0.0,0.1,0.1
NOP14,4,2951121,NM_001291978.2:c.995C>T,NP_001278907.1:p.Ser332Phe,0.354,26.0,['Unknown%20significance'],69.32,0.5,0.0,-0.5,0.5
NOP14,4,2951122,NM_001291978.2:c.994T>A,NP_001278907.1:p.Ser332Thr,0.157,23.8,['Unknown%20significance'],69.32,0.5,0.0,-0.1,0.1
NOP14,4,2951124,NM_001291978.2:c.992T>C,NP_001278907.1:p.Leu331Pro,0.487,26.5,['Unknown%20significance'],116.92,0.6,0.0,0.9,0.9
NOP14,4,2951124,NM_001291978.2:c.992T>A,NP_001278907.1:p.Leu331His,0.515,26.0,['Unknown%20significance'],116.92,0.6,0.0,0.7,0.7
NOP14,4,2951125,NM_001291978.2:c.991C>G,NP_001278907.1:p.Leu331Val,0.252,23.3,['Unknown%20significance'],116.92,0.6,0.0,0.3,0.3
NOP14,4,2951128,NM_001291978.2:c.988T>G,NP_001278907.1:p.Leu330Val,0.024,0.291,['Likely%20benign'],169.84,0.88,0.0,0.0,0.0
NOP14,4,2951130,NM_001291978.2:c.986G>A,NP_001278907.1:p.Arg329His,0.054,17.38,['Likely%20benign'],260.68,0.96,0.0,0.0,0.0
NOP14,4,2951131,NM_001291978.2:c.985C>T,NP_001278907.1:p.Arg329Cys,0.255,23.8,['Unknown%20significance'],260.68,0.96,0.0,0.1,0.1
NOP14,4,2951131,NM_001291978.2:c.985C>G,NP_001278907.1:p.Arg329Gly,0.110,21.2,['Unknown%20significance'],260.68,0.96,0.0,0.1,0.1
NOP14,4,2951132,NM_001291978.2:c.984G>C,NP_001278907.1:p.Arg328Ser,0.248,22.2,['Unknown%20significance'],191.66,0.71,0.0,0.3,0.3
NOP14,4,2951133,NM_001291978.2:c.983G>C,NP_001278907.1:p.Arg328Thr,0.217,23.9,['Unknown%20significance'],191.66,0.71,0.0,0.3,0.3
NOP14,4,2951134,NM_001291978.2:c.982A>G,NP_001278907.1:p.Arg328Gly,0.268,22.4,['Unknown%20significance'],191.66,0.71,0.0,0.6,0.6
NOP14,4,2951137,NM_001291978.2:c.979G>A,NP_001278907.1:p.Asp327Asn,0.220,23.5,['Unknown%20significance'],120.93,0.75,0.0,-0.0,0.0
NOP14,4,2951140,NM_001291978.2:c.976G>A,NP_001278907.1:p.Asp326Asn,0.211,23.0,['Unknown%20significance'],117.14,0.73,0.0,-0.0,0.0
NOP14,4,2951141,NM_001291978.2:c.975A>C,NP_001278907.1:p.Lys325Asn,0.046,10.42,['Likely%20benign'],197.12,0.83,0.0,0.0,0.0
NOP14,4,2951146,NM_001291978.2:c.970G>C,NP_001278907.1:p.Asp324His,0.258,22.4,['Unknown%20significance'],122.99,0.76,0.0,-0.1,0.1
NOP14,4,2951152,NM_001291978.2:c.964G>C,NP_001278907.1:p.Val322Leu,0.044,4.262,['Unknown%20significance'],122.24,0.71,0.0,-0.0,0.0
NOP14,4,2951152,NM_001291978.2:c.964G>A,NP_001278907.1:p.Val322Met,0.076,13.92,['Unknown%20significance'],122.24,0.71,0.0,-0.0,0.0
NOP14,4,2951155,NM_001291978.2:c.961T>C,NP_001278907.1:p.Phe321Leu,0.470,24.5,['Unknown%20significance'],180.11,0.78,0.0,0.4,0.4
NOP14,4,2951161,NM_001291978.2:c.955G>A,NP_001278907.1:p.Asp319Asn,0.515,24.3,['Unknown%20significance'],141.58,0.88,0.0,0.0,0.0
NOP14,4,2951163,NM_001291978.2:c.953A>G,NP_001278907.1:p.Asn318Ser,0.063,0.245,['Likely%20benign'],149.11,0.93,0.0,0.0,0.0
NOP14,4,2951169,NM_001291978.2:c.947A>T,NP_001278907.1:p.Asp316Val,0.675,24.4,['Unknown%20significance'],73.87,0.46,0.0,0.3,0.3
NOP14,4,2951170,NM_001291978.2:c.946G>T,NP_001278907.1:p.Asp316Tyr,0.586,23.9,['Unknown%20significance'],73.87,0.46,0.0,-0.1,0.1
NOP14,4,2951171,NM_001291978.2:c.945T>G,NP_001278907.1:p.Asp315Glu,0.392,16.06,['Unknown%20significance'],151.77,0.94,0.0,0.1,0.1
NOP14,4,2951172,NM_001291978.2:c.944A>G,NP_001278907.1:p.Asp315Gly,0.596,24.7,['Unknown%20significance'],151.77,0.94,0.0,0.2,0.2
NOP14,4,2951173,NM_001291978.2:c.943G>T,NP_001278907.1:p.Asp315Tyr,0.658,24.2,['Unknown%20significance'],151.77,0.94,0.0,0.0,0.0
NOP14,4,2951173,NM_001291978.2:c.943G>A,NP_001278907.1:p.Asp315Asn,0.438,24.2,['Unknown%20significance'],151.77,0.94,0.0,0.0,0.0
NOP14,4,2951176,NM_001291978.2:c.940G>C,NP_001278907.1:p.Ala314Pro,0.402,23.6,['Unknown%20significance'],98.8,0.77,0.0,0.3,0.3
NOP14,4,2951176,NM_001291978.2:c.940G>A,NP_001278907.1:p.Ala314Thr,0.362,23.5,['Unknown%20significance'],98.8,0.77,0.0,0.1,0.1
NOP14,4,2951178,NM_001291978.2:c.938C>T,NP_001278907.1:p.Ser313Leu,0.498,25.5,['Unknown%20significance'],61.62,0.44,0.0,0.2,0.2
NOP14,4,2951180,NM_001291978.2:c.936G>T,NP_001278907.1:p.Met312Ile,0.030,0.440,['Likely%20benign'],96.12,0.44,0.0,-0.1,0.1
NOP14,4,2951181,NM_001291978.2:c.935T>C,NP_001278907.1:p.Met312Thr,0.025,0.161,['Likely%20benign'],96.12,0.44,0.0,0.4,0.4
NOP14,4,2951182,NM_001291978.2:c.934A>T,NP_001278907.1:p.Met312Leu,0.026,0.003,['Likely%20benign'],96.12,0.44,0.0,0.1,0.1
NOP14,4,2951182,NM_001291978.2:c.934A>G,NP_001278907.1:p.Met312Val,0.024,0.001,['Likely%20benign'],96.12,0.44,0.0,0.1,0.1
NOP14,4,2951184,NM_001291978.2:c.932A>G,NP_001278907.1:p.His311Arg,0.436,23.7,['Unknown%20significance'],202.06,0.98,0.0,0.0,0.0
NOP14,4,2951184,NM_001291978.2:c.932A>C,NP_001278907.1:p.His311Pro,0.465,24.1,['Unknown%20significance'],202.06,0.98,0.0,0.1,0.1
NOP14,4,2951185,NM_001291978.2:c.931C>T,NP_001278907.1:p.His311Tyr,0.442,23.8,['Unknown%20significance'],202.06,0.98,0.0,-0.0,0.0
NOP14,4,2951188,NM_001291978.2:c.928A>C,NP_001278907.1:p.Lys310Gln,0.051,7.664,['Likely%20benign'],182.17,0.76,0.0,-0.2,0.2
NOP14,4,2951190,NM_001291978.2:c.926C>T,NP_001278907.1:p.Pro309Leu,0.172,22.4,['Unknown%20significance'],151.89,0.96,0.0,0.0,0.0
NOP14,4,2951193,NM_001291978.2:c.923A>G,NP_001278907.1:p.Lys308Arg,0.031,4.919,['Likely%20benign'],146.59,0.61,0.0,-0.4,0.4
NOP14,4,2951194,NM_001291978.2:c.922A>C,NP_001278907.1:p.Lys308Gln,0.026,8.240,['Likely%20benign'],146.59,0.61,0.0,-0.2,0.2
NOP14,4,2951196,NM_001291978.2:c.920A>G,NP_001278907.1:p.Lys307Arg,0.060,9.247,['Likely%20benign'],235.26,0.99,0.0,-0.1,0.1
NOP14,4,2951197,NM_001291978.2:c.919A>G,NP_001278907.1:p.Lys307Glu,0.035,13.28,['Likely%20benign'],235.26,0.99,0.0,-0.0,0.0
NOP14,4,2951197,NM_001291978.2:c.919A>C,NP_001278907.1:p.Lys307Gln,0.031,12.61,['Likely%20benign'],235.26,0.99,0.0,-0.0,0.0
NOP14,4,2951201,NM_001291978.2:c.915T>G,NP_001278907.1:p.Asn305Lys,0.029,0.007,['Likely%20benign'],139.47,0.87,0.0,0.0,0.0
NOP14,4,2951206,NM_001291978.2:c.910G>A,NP_001278907.1:p.Glu304Lys,0.087,10.08,['Likely%20benign'],117.19,0.6,0.0,-0.1,0.1
NOP14,4,2951208,NM_001291978.2:c.908A>G,NP_001278907.1:p.Asp303Gly,0.026,8.284,['Likely%20benign'],99.12,0.61,0.0,0.3,0.3
NOP14,4,2951209,NM_001291978.2:c.907G>A,NP_001278907.1:p.Asp303Asn,0.112,12.63,['Likely%20benign'],99.12,0.61,0.0,-0.1,0.1
NOP14,4,2951210,NM_001291978.2:c.906G>T,NP_001278907.1:p.Glu302Asp,0.022,2.455,['Likely%20benign'],102.12,0.52,0.0,-0.0,0.0
NOP14,4,2951210,NM_001291978.2:c.906G>C,NP_001278907.1:p.Glu302Asp,0.022,2.615,['Likely%20benign'],102.12,0.52,0.0,-0.0,0.0
NOP14,4,2951212,NM_001291978.2:c.904G>A,NP_001278907.1:p.Glu302Lys,0.145,14.33,['Likely%20benign'],102.12,0.52,0.0,-0.1,0.1
NOP14,4,2951214,NM_001291978.2:c.902A>T,NP_001278907.1:p.Asp301Val,0.041,7.363,['Likely%20benign'],32.57,0.2,0.0,-0.1,0.1
NOP14,4,2951214,NM_001291978.2:c.902A>G,NP_001278907.1:p.Asp301Gly,0.020,9.860,['Likely%20benign'],32.57,0.2,0.0,0.7,0.7
NOP14,4,2951215,NM_001291978.2:c.901G>T,NP_001278907.1:p.Asp301Tyr,0.106,22.0,['Unknown%20significance'],32.57,0.2,0.0,-0.7,0.7
NOP14,4,2951215,NM_001291978.2:c.901G>A,NP_001278907.1:p.Asp301Asn,0.072,11.40,['Likely%20benign'],32.57,0.2,0.0,-0.1,0.1
NOP14,4,2951220,NM_001291978.2:c.896G>A,NP_001278907.1:p.Gly299Glu,0.440,23.4,['Unknown%20significance'],29.33,0.3,0.0,0.8,0.8
NOP14,4,2951221,NM_001291978.2:c.895G>A,NP_001278907.1:p.Gly299Arg,0.414,24.0,['Unknown%20significance'],29.33,0.3,0.0,0.3,0.3
NOP14,4,2951224,NM_001291978.2:c.892C>T,NP_001278907.1:p.Leu298Phe,0.044,8.807,['Likely%20benign'],118.85,0.61,0.0,0.0,0.0
NOP14,4,2951225,NM_001291978.2:c.891G>A,NP_001278907.1:p.Met297Ile,0.463,23.5,['Unknown%20significance'],35.64,0.16,0.0,1.0,1.0
NOP14,4,2951226,NM_001291978.2:c.890T>C,NP_001278907.1:p.Met297Thr,0.648,24.2,['Unknown%20significance'],35.64,0.16,0.0,2.0,2.0
NOP14,4,2951232,NM_001291978.2:c.884G>A,NP_001278907.1:p.Arg295Gln,0.177,19.27,['Unknown%20significance'],82.37,0.3,0.0,0.3,0.3
NOP14,4,2951233,NM_001291978.2:c.883C>G,NP_001278907.1:p.Arg295Gly,0.221,24.3,['Unknown%20significance'],82.37,0.3,0.0,1.2,1.2
NOP14,4,2951235,NM_001291978.2:c.881T>G,NP_001278907.1:p.Leu294Arg,0.216,20.2,['Unknown%20significance'],85.42,0.44,0.0,0.6,0.6
NOP14,4,2951236,NM_001291978.2:c.880C>T,NP_001278907.1:p.Leu294Phe,0.151,22.7,['Unknown%20significance'],85.42,0.44,0.0,0.4,0.4
NOP14,4,2951237,NM_001291978.2:c.879A>C,NP_001278907.1:p.Arg293Ser,0.438,12.73,['Unknown%20significance'],18.34,0.06,0.0,2.1,2.1
NOP14,4,2951239,NM_001291978.2:c.877A>G,NP_001278907.1:p.Arg293Gly,0.411,22.7,['Unknown%20significance'],18.34,0.06,0.0,2.9,2.9
NOP14,4,2951241,NM_001291978.2:c.875A>G,NP_001278907.1:p.Glu292Gly,0.172,22.1,['Unknown%20significance'],78.32,0.4,0.0,1.0,1.0
NOP14,4,2951244,NM_001291978.2:c.872C>T,NP_001278907.1:p.Ala291Val,0.238,23.5,['Unknown%20significance'],50.1,0.39,0.0,-0.2,0.2
NOP14,4,2951244,NM_001291978.2:c.872C>A,NP_001278907.1:p.Ala291Asp,0.347,27.4,['Unknown%20significance'],50.1,0.39,0.0,0.0,0.0
NOP14,4,2951245,NM_001291978.2:c.871G>T,NP_001278907.1:p.Ala291Ser,0.207,26.1,['Unknown%20significance'],50.1,0.39,0.0,-0.0,0.0
NOP14,4,2951245,NM_001291978.2:c.871G>C,NP_001278907.1:p.Ala291Pro,0.345,27.8,['Unknown%20significance'],50.1,0.39,0.0,0.2,0.2
NOP14,4,2952275,NM_001291978.2:c.870G>C,NP_001278907.1:p.Glu290Asp,0.586,34,['Unknown%20significance'],19.15,0.09,0.0,0.6,0.6
NOP14,4,2952277,NM_001291978.2:c.868G>A,NP_001278907.1:p.Glu290Lys,0.779,29.3,['Unknown%20significance'],19.15,0.09,0.0,0.9,0.9
NOP14,4,2952282,NM_001291978.2:c.863A>T,NP_001278907.1:p.Lys288Met,0.119,13.75,['Likely%20benign'],170.29,0.71,0.0,-0.0,0.0
NOP14,4,2952284,NM_001291978.2:c.861G>T,NP_001278907.1:p.Arg287Ser,0.038,13.11,['Likely%20benign'],147.05,0.54,0.0,0.6,0.6
NOP14,4,2952284,NM_001291978.2:c.861G>C,NP_001278907.1:p.Arg287Ser,0.041,7.628,['Likely%20benign'],147.05,0.54,0.0,0.6,0.6
NOP14,4,2952285,NM_001291978.2:c.860G>A,NP_001278907.1:p.Arg287Lys,0.036,0.001,['Likely%20benign'],147.05,0.54,0.0,0.5,0.5
NOP14,4,2952288,NM_001291978.2:c.857T>A,NP_001278907.1:p.Leu286His,0.656,25.1,['Unknown%20significance'],15.22,0.07,0.0,2.5,2.5
NOP14,4,2952290,NM_001291978.2:c.855C>A,NP_001278907.1:p.His285Gln,0.054,11.84,['Unknown%20significance'],122.88,0.59,0.0,-0.0,0.0
NOP14,4,2952291,NM_001291978.2:c.854A>G,NP_001278907.1:p.His285Arg,0.122,10.17,['Likely%20benign'],122.88,0.59,0.0,-0.4,0.4
NOP14,4,2952292,NM_001291978.2:c.853C>T,NP_001278907.1:p.His285Tyr,0.055,21.5,['Unknown%20significance'],122.88,0.59,0.0,-0.2,0.2
NOP14,4,2952292,NM_001291978.2:c.853C>A,NP_001278907.1:p.His285Asn,0.067,21.3,['Unknown%20significance'],122.88,0.59,0.0,0.3,0.3
NOP14,4,2952293,NM_001291978.2:c.852G>C,NP_001278907.1:p.Glu284Asp,0.119,22.5,['Unknown%20significance'],60.02,0.3,0.0,0.3,0.3
NOP14,4,2952294,NM_001291978.2:c.851A>G,NP_001278907.1:p.Glu284Gly,0.143,24.5,['Unknown%20significance'],60.02,0.3,0.0,1.2,1.2
NOP14,4,2952295,NM_001291978.2:c.850G>A,NP_001278907.1:p.Glu284Lys,0.123,17.72,['Unknown%20significance'],60.02,0.3,0.0,0.6,0.6
NOP14,4,2952296,NM_001291978.2:c.849G>C,NP_001278907.1:p.Gln283His,0.155,17.45,['Unknown%20significance'],11.28,0.05,0.0,-0.1,0.1
NOP14,4,2952298,NM_001291978.2:c.847C>A,NP_001278907.1:p.Gln283Lys,0.053,14.35,['Likely%20benign'],11.28,0.05,0.0,0.0,0.0
NOP14,4,2952299,NM_001291978.2:c.846G>C,NP_001278907.1:p.Glu282Asp,0.350,22.1,['Unknown%20significance'],68.02,0.34,0.0,0.3,0.3
NOP14,4,2952303,NM_001291978.2:c.842A>T,NP_001278907.1:p.Glu281Val,0.494,32,['Unknown%20significance'],72.25,0.37,0.0,0.3,0.3
NOP14,4,2952307,NM_001291978.2:c.838A>G,NP_001278907.1:p.Lys280Glu,0.105,7.427,['Likely%20benign'],122.94,0.51,0.0,0.4,0.4
NOP14,4,2952309,NM_001291978.2:c.836C>T,NP_001278907.1:p.Ala279Val,0.306,23.3,['Unknown%20significance'],6.17,0.04,0.0,0.1,0.1
NOP14,4,2952309,NM_001291978.2:c.836C>G,NP_001278907.1:p.Ala279Gly,0.381,24.2,['Unknown%20significance'],6.17,0.04,0.0,2.0,2.0
NOP14,4,2952310,NM_001291978.2:c.835G>T,NP_001278907.1:p.Ala279Ser,0.357,23.6,['Unknown%20significance'],6.17,0.04,0.0,0.9,0.9
NOP14,4,2952315,NM_001291978.2:c.830A>T,NP_001278907.1:p.Glu277Val,0.602,24.6,['Unknown%20significance'],49.46,0.25,0.0,0.2,0.2
NOP14,4,2952316,NM_001291978.2:c.829G>C,NP_001278907.1:p.Glu277Gln,0.324,21.4,['Unknown%20significance'],49.46,0.25,0.0,-0.3,0.3
NOP14,4,2952316,NM_001291978.2:c.829G>A,NP_001278907.1:p.Glu277Lys,0.449,23.6,['Unknown%20significance'],49.46,0.25,0.0,0.2,0.2
NOP14,4,2952321,NM_001291978.2:c.824A>C,NP_001278907.1:p.Glu275Ala,0.130,14.45,['Likely%20benign'],156.79,0.8,0.0,0.2,0.2
NOP14,4,2952324,NM_001291978.2:c.821C>T,NP_001278907.1:p.Thr274Met,0.388,23.4,['Unknown%20significance'],79.08,0.5,0.0,0.6,0.6
NOP14,4,2952326,NM_001291978.2:c.819G>C,NP_001278907.1:p.Lys273Asn,0.422,12.24,['Unknown%20significance'],93.63,0.39,0.0,0.2,0.2
NOP14,4,2952330,NM_001291978.2:c.815T>A,NP_001278907.1:p.Met272Lys,0.313,23.0,['Benign'],164.23,0.75,0.0,0.4,0.4
NOP14,4,2952331,NM_001291978.2:c.814A>T,NP_001278907.1:p.Met272Leu,0.123,9.336,['Likely%20benign'],164.23,0.75,0.0,-0.0,0.0
NOP14,4,2952333,NM_001291978.2:c.812G>A,NP_001278907.1:p.Arg271Lys,0.265,17.71,['Unknown%20significance'],170.04,0.63,0.0,0.5,0.5
NOP14,4,2952335,NM_001291978.2:c.810C>G,NP_001278907.1:p.Asn270Lys,0.067,20.2,['Unknown%20significance'],135.62,0.84,0.0,0.3,0.3
NOP14,4,2952336,NM_001291978.2:c.809A>T,NP_001278907.1:p.Asn270Ile,0.121,21.6,['Unknown%20significance'],135.62,0.84,0.0,0.1,0.1
NOP14,4,2952336,NM_001291978.2:c.809A>G,NP_001278907.1:p.Asn270Ser,0.085,8.810,['Likely%20benign'],135.62,0.84,0.0,0.1,0.1
NOP14,4,2952337,NM_001291978.2:c.808A>T,NP_001278907.1:p.Asn270Tyr,0.065,21.6,['Unknown%20significance'],135.62,0.84,0.0,-0.0,0.0
NOP14,4,2952337,NM_001291978.2:c.808A>G,NP_001278907.1:p.Asn270Asp,0.067,6.078,['Likely%20benign'],135.62,0.84,0.0,-0.1,0.1
NOP14,4,2952340,NM_001291978.2:c.805T>G,NP_001278907.1:p.Ser269Ala,0.217,24.2,['Unknown%20significance'],136.59,0.99,0.0,0.1,0.1
NOP14,4,2952346,NM_001291978.2:c.799C>A,NP_001278907.1:p.Gln267Lys,0.033,15.89,['Unknown%20significance'],155.9,0.78,0.0,0.2,0.2
NOP14,4,2952348,NM_001291978.2:c.797C>T,NP_001278907.1:p.Ala266Val,0.297,25.4,['Unknown%20significance'],125.36,0.98,0.0,0.0,0.0
NOP14,4,2952349,NM_001291978.2:c.796G>T,NP_001278907.1:p.Ala266Ser,0.230,24.5,['Unknown%20significance'],125.36,0.98,0.0,0.1,0.1
NOP14,4,2952357,NM_001291978.2:c.788A>C,NP_001278907.1:p.Glu263Ala,0.686,27.3,['Unknown%20significance'],99.12,0.5,0.0,0.6,0.6
NOP14,4,2952358,NM_001291978.2:c.787G>C,NP_001278907.1:p.Glu263Gln,0.415,25.6,['Unknown%20significance'],99.12,0.5,0.0,0.1,0.1
NOP14,4,2952363,NM_001291978.2:c.782G>C,NP_001278907.1:p.Gly261Ala,0.311,21.9,['Unknown%20significance'],68.19,0.71,0.0,-0.4,0.4
NOP14,4,2952364,NM_001291978.2:c.781G>C,NP_001278907.1:p.Gly261Arg,0.342,25.5,['Unknown%20significance'],68.19,0.71,0.0,-0.4,0.4
NOP14,4,2952364,NM_001291978.2:c.781G>A,NP_001278907.1:p.Gly261Ser,0.362,26.2,['Unknown%20significance'],68.19,0.71,0.0,-0.2,0.2
NOP14,4,2952367,NM_001291978.2:c.778C>T,NP_001278907.1:p.Leu260Phe,0.628,26.6,['Unknown%20significance'],94.33,0.48,0.0,0.6,0.6
NOP14,4,2952368,NM_001291978.2:c.777G>C,NP_001278907.1:p.Glu259Asp,0.470,21.8,['Unknown%20significance'],84.05,0.43,0.0,0.4,0.4
NOP14,4,2952370,NM_001291978.2:c.775G>A,NP_001278907.1:p.Glu259Lys,0.542,25.2,['Unknown%20significance'],84.05,0.43,0.0,0.6,0.6
NOP14,4,2952372,NM_001291978.2:c.773G>A,NP_001278907.1:p.Arg258His,0.452,25.5,['Unknown%20significance'],133.02,0.49,0.0,0.4,0.4
NOP14,4,2952373,NM_001291978.2:c.772C>T,NP_001278907.1:p.Arg258Cys,0.419,28.0,['Unknown%20significance'],133.02,0.49,0.0,0.8,0.8
NOP14,4,2952376,NM_001291978.2:c.769G>T,NP_001278907.1:p.Val257Phe,0.549,25.2,['Unknown%20significance'],81.5,0.47,0.0,0.4,0.4
NOP14,4,2952376,NM_001291978.2:c.769G>A,NP_001278907.1:p.Val257Ile,0.333,24.5,['Unknown%20significance'],81.5,0.47,0.0,0.2,0.2
NOP14,4,2952377,NM_001291978.2:c.768G>C,NP_001278907.1:p.Met256Ile,0.061,17.43,['Unknown%20significance'],107.24,0.49,0.0,-0.1,0.1
NOP14,4,2952377,NM_001291978.2:c.768G>A,NP_001278907.1:p.Met256Ile,0.061,19.08,['Unknown%20significance'],107.24,0.49,0.0,-0.1,0.1
NOP14,4,2952378,NM_001291978.2:c.767T>G,NP_001278907.1:p.Met256Arg,0.146,21.1,['Unknown%20significance'],107.24,0.49,0.0,0.3,0.3
NOP14,4,2952378,NM_001291978.2:c.767T>C,NP_001278907.1:p.Met256Thr,0.082,14.59,['Unknown%20significance'],107.24,0.49,0.0,0.5,0.5
NOP14,4,2952378,NM_001291978.2:c.767T>A,NP_001278907.1:p.Met256Lys,0.209,19.43,['Unknown%20significance'],107.24,0.49,0.0,0.9,0.9
NOP14,4,2952380,NM_001291978.2:c.765G>C,NP_001278907.1:p.Met255Ile,0.040,12.12,['Likely%20benign'],93.38,0.43,0.0,0.0,0.0
NOP14,4,2952380,NM_001291978.2:c.765G>A,NP_001278907.1:p.Met255Ile,0.040,13.60,['Likely%20benign'],93.38,0.43,0.0,0.0,0.0
NOP14,4,2952381,NM_001291978.2:c.764T>C,NP_001278907.1:p.Met255Thr,0.114,19.18,['Unknown%20significance'],93.38,0.43,0.0,0.7,0.7
NOP14,4,2952382,NM_001291978.2:c.763A>G,NP_001278907.1:p.Met255Val,0.066,0.139,['Likely%20benign'],93.38,0.43,0.0,0.2,0.2
NOP14,4,2952385,NM_001291978.2:c.760G>T,NP_001278907.1:p.Asp254Tyr,0.736,27.3,['Unknown%20significance'],54.19,0.33,0.0,0.2,0.2
NOP14,4,2952385,NM_001291978.2:c.760G>A,NP_001278907.1:p.Asp254Asn,0.622,27.6,['Unknown%20significance'],54.19,0.33,0.0,0.4,0.4
NOP14,4,2952390,NM_001291978.2:c.755C>T,NP_001278907.1:p.Ala252Val,0.113,19.32,['Unknown%20significance'],73.11,0.57,0.0,0.0,0.0
NOP14,4,2952390,NM_001291978.2:c.755C>G,NP_001278907.1:p.Ala252Gly,0.116,18.49,['Unknown%20significance'],73.11,0.57,0.0,0.3,0.3
NOP14,4,2952391,NM_001291978.2:c.754G>A,NP_001278907.1:p.Ala252Thr,0.051,15.88,['Likely%20benign'],73.11,0.57,0.0,-0.2,0.2
NOP14,4,2952394,NM_001291978.2:c.751G>T,NP_001278907.1:p.Asp251Tyr,0.433,26.4,['Unknown%20significance'],99.21,0.62,0.0,-0.1,0.1
NOP14,4,2952394,NM_001291978.2:c.751G>C,NP_001278907.1:p.Asp251His,0.454,26.0,['Unknown%20significance'],99.21,0.62,0.0,-0.0,0.0
NOP14,4,2952394,NM_001291978.2:c.751G>A,NP_001278907.1:p.Asp251Asn,0.329,26.3,['Benign'],99.21,0.62,0.0,0.0,0.0
NOP14,4,2952396,NM_001291978.2:c.749C>T,NP_001278907.1:p.Pro250Leu,0.146,22.6,['Unknown%20significance'],52.96,0.33,0.0,-0.0,0.0
NOP14,4,2952397,NM_001291978.2:c.748C>T,NP_001278907.1:p.Pro250Ser,0.203,28.2,['Unknown%20significance'],52.96,0.33,0.0,0.0,0.0
NOP14,4,2953512,NM_001291978.2:c.746A>G,NP_001278907.1:p.Lys249Arg,0.078,23.6,['Unknown%20significance'],225.92,0.95,0.0,-0.1,0.1
NOP14,4,2953512,NM_001291978.2:c.746A>C,NP_001278907.1:p.Lys249Thr,0.080,24.3,['Unknown%20significance'],225.92,0.95,0.0,-0.0,0.0
NOP14,4,2953513,NM_001291978.2:c.745A>C,NP_001278907.1:p.Lys249Gln,0.050,12.05,['Likely%20benign'],225.92,0.95,0.0,-0.0,0.0
NOP14,4,2953515,NM_001291978.2:c.743C>T,NP_001278907.1:p.Pro248Leu,0.291,22.6,['Unknown%20significance'],143.66,0.91,0.0,0.0,0.0
NOP14,4,2953516,NM_001291978.2:c.742C>T,NP_001278907.1:p.Pro248Ser,0.307,20.0,['Unknown%20significance'],143.66,0.91,0.0,0.0,0.0
NOP14,4,2953516,NM_001291978.2:c.742C>A,NP_001278907.1:p.Pro248Thr,0.249,15.63,['Unknown%20significance'],143.66,0.91,0.0,-0.0,0.0
NOP14,4,2953518,NM_001291978.2:c.740A>T,NP_001278907.1:p.Lys247Ile,0.167,22.5,['Unknown%20significance'],217.13,0.91,0.0,-0.0,0.0
NOP14,4,2953522,NM_001291978.2:c.736G>A,NP_001278907.1:p.Glu246Lys,0.132,22.5,['Unknown%20significance'],190.55,0.97,0.0,0.0,0.0
NOP14,4,2953524,NM_001291978.2:c.734A>C,NP_001278907.1:p.Lys245Thr,0.020,10.51,['Likely%20benign'],188.11,0.79,0.0,-0.1,0.1
NOP14,4,2953527,NM_001291978.2:c.731A>G,NP_001278907.1:p.Lys244Arg,0.042,7.660,['Likely%20benign'],226.84,0.95,0.0,-0.1,0.1
NOP14,4,2953528,NM_001291978.2:c.730A>G,NP_001278907.1:p.Lys244Glu,0.013,0.376,['Likely%20benign'],226.84,0.95,0.0,-0.0,0.0
NOP14,4,2953531,NM_001291978.2:c.727G>T,NP_001278907.1:p.Asp243Tyr,0.105,16.00,['Unknown%20significance'],113.18,0.7,0.0,-0.3,0.3
NOP14,4,2953531,NM_001291978.2:c.727G>A,NP_001278907.1:p.Asp243Asn,0.081,10.75,['Likely%20benign'],113.18,0.7,0.0,-0.0,0.0
NOP14,4,2953534,NM_001291978.2:c.724A>G,NP_001278907.1:p.Arg242Gly,0.029,7.844,['Likely%20benign'],232.5,0.86,0.0,0.3,0.3
NOP14,4,2953536,NM_001291978.2:c.722A>G,NP_001278907.1:p.Asn241Ser,0.054,0.135,['Likely%20benign'],166.57,1.0,0.0,0.0,0.0
NOP14,4,2953539,NM_001291978.2:c.719A>T,NP_001278907.1:p.Glu240Val,0.148,15.29,['Unknown%20significance'],165.01,0.84,0.0,0.0,0.0
NOP14,4,2953543,NM_001291978.2:c.715T>G,NP_001278907.1:p.Ser239Ala,0.021,0.041,['Likely%20benign'],117.44,0.85,0.0,0.0,0.0
NOP14,4,2953545,NM_001291978.2:c.713A>C,NP_001278907.1:p.Lys238Thr,0.151,15.88,['Unknown%20significance'],209.3,0.88,0.0,-0.1,0.1
NOP14,4,2953549,NM_001291978.2:c.709C>G,NP_001278907.1:p.Pro237Ala,0.096,14.45,['Unknown%20significance'],150.2,0.95,0.0,0.0,0.0
NOP14,4,2953551,NM_001291978.2:c.707C>T,NP_001278907.1:p.Thr236Ile,0.117,14.83,['Unknown%20significance'],131.01,0.83,0.0,-0.0,0.0
NOP14,4,2953551,NM_001291978.2:c.707C>G,NP_001278907.1:p.Thr236Ser,0.082,7.166,['Likely%20benign'],131.01,0.83,0.0,0.1,0.1
NOP14,4,2953554,NM_001291978.2:c.704A>G,NP_001278907.1:p.Lys235Arg,0.067,1.520,['Likely%20benign'],221.53,0.93,0.0,-0.1,0.1
NOP14,4,2953554,NM_001291978.2:c.704A>C,NP_001278907.1:p.Lys235Thr,0.117,9.700,['Unknown%20significance'],221.53,0.93,0.0,-0.1,0.1
NOP14,4,2953556,NM_001291978.2:c.702C>G,NP_001278907.1:p.His234Gln,0.034,1.027,['Likely%20benign'],173.02,0.84,0.0,0.1,0.1
NOP14,4,2953557,NM_001291978.2:c.701A>T,NP_001278907.1:p.His234Leu,0.055,0.345,['Likely%20benign'],173.02,0.84,0.0,-0.1,0.1
NOP14,4,2953557,NM_001291978.2:c.701A>G,NP_001278907.1:p.His234Arg,0.070,0.140,['Likely%20benign'],173.02,0.84,0.0,0.0,0.0
NOP14,4,2953560,NM_001291978.2:c.698C>T,NP_001278907.1:p.Ser233Phe,0.100,16.96,['Unknown%20significance'],71.38,0.51,0.0,-0.6,0.6
NOP14,4,2953563,NM_001291978.2:c.695T>G,NP_001278907.1:p.Leu232Arg,0.390,23.9,['Unknown%20significance'],126.49,0.65,0.0,0.9,0.9
NOP14,4,2953566,NM_001291978.2:c.692T>A,NP_001278907.1:p.Leu231His,0.560,24.3,['Unknown%20significance'],145.4,0.75,0.0,0.7,0.7
NOP14,4,2953567,NM_001291978.2:c.691C>G,NP_001278907.1:p.Leu231Val,0.203,16.37,['Unknown%20significance'],145.4,0.75,0.0,0.3,0.3
NOP14,4,2953577,NM_001291978.2:c.681A>C,NP_001278907.1:p.Glu227Asp,0.028,8.902,['Unknown%20significance'],116.11,0.59,0.0,0.0,0.0
NOP14,4,2953578,NM_001291978.2:c.680A>G,NP_001278907.1:p.Glu227Gly,0.129,19.55,['Unknown%20significance'],116.11,0.59,0.0,0.5,0.5
NOP14,4,2953578,NM_001291978.2:c.680A>C,NP_001278907.1:p.Glu227Ala,0.053,15.08,['Unknown%20significance'],116.11,0.59,0.0,0.0,0.0
NOP14,4,2953579,NM_001291978.2:c.679G>C,NP_001278907.1:p.Glu227Gln,0.072,23.0,['Unknown%20significance'],116.11,0.59,0.0,-0.1,0.1
NOP14,4,2953583,NM_001291978.2:c.675G>C,NP_001278907.1:p.Trp225Cys,0.617,26.1,['Unknown%20significance'],167.13,0.63,0.0,1.1,1.1
NOP14,4,2953586,NM_001291978.2:c.672C>G,NP_001278907.1:p.Asp224Glu,0.052,16.51,['Unknown%20significance'],62.91,0.39,0.0,-0.0,0.0
NOP14,4,2953588,NM_001291978.2:c.670G>C,NP_001278907.1:p.Asp224His,0.311,24.5,['Unknown%20significance'],62.91,0.39,0.0,-0.3,0.3
NOP14,4,2953588,NM_001291978.2:c.670G>A,NP_001278907.1:p.Asp224Asn,0.120,25.2,['Unknown%20significance'],62.91,0.39,0.0,-0.1,0.1
NOP14,4,2953594,NM_001291978.2:c.664G>A,NP_001278907.1:p.Asp222Asn,0.521,24.7,['Unknown%20significance'],76.51,0.47,0.0,0.2,0.2
NOP14,4,2953597,NM_001291978.2:c.661C>G,NP_001278907.1:p.Leu221Val,0.621,25.6,['Unknown%20significance'],105.03,0.54,0.0,0.9,0.9
NOP14,4,2953600,NM_001291978.2:c.658A>G,NP_001278907.1:p.Lys220Glu,0.373,23.7,['Unknown%20significance'],111.89,0.47,0.0,0.3,0.3
NOP14,4,2953605,NM_001291978.2:c.653C>T,NP_001278907.1:p.Thr218Met,0.498,25.4,['Unknown%20significance'],70.92,0.45,0.0,-0.2,0.2
NOP14,4,2953605,NM_001291978.2:c.653C>A,NP_001278907.1:p.Thr218Lys,0.596,25.4,['Unknown%20significance'],70.92,0.45,0.0,0.3,0.3
NOP14,4,2953606,NM_001291978.2:c.652A>G,NP_001278907.1:p.Thr218Ala,0.573,25.0,['Unknown%20significance'],70.92,0.45,0.0,0.6,0.6
NOP14,4,2953612,NM_001291978.2:c.646G>C,NP_001278907.1:p.Glu216Gln,0.216,24.3,['Unknown%20significance'],87.65,0.44,0.0,-0.2,0.2
NOP14,4,2953612,NM_001291978.2:c.646G>A,NP_001278907.1:p.Glu216Lys,0.206,24.9,['Unknown%20significance'],87.65,0.44,0.0,0.1,0.1
NOP14,4,2953614,NM_001291978.2:c.644T>A,NP_001278907.1:p.Leu215His,0.191,24.8,['Unknown%20significance'],88.1,0.45,0.0,-0.0,0.0
NOP14,4,2953615,NM_001291978.2:c.643C>G,NP_001278907.1:p.Leu215Val,0.097,17.98,['Unknown%20significance'],88.1,0.45,0.0,0.2,0.2
NOP14,4,2953617,NM_001291978.2:c.641C>T,NP_001278907.1:p.Ala214Val,0.099,22.9,['Unknown%20significance'],51.38,0.4,0.0,-0.4,0.4
NOP14,4,2953617,NM_001291978.2:c.641C>A,NP_001278907.1:p.Ala214Asp,0.246,22.9,['Unknown%20significance'],51.38,0.4,0.0,-0.2,0.2
NOP14,4,2953619,NM_001291978.2:c.639T>G,NP_001278907.1:p.Asp213Glu,0.062,2.204,['Likely%20benign'],80.08,0.5,0.0,-0.1,0.1
NOP14,4,2953620,NM_001291978.2:c.638A>G,NP_001278907.1:p.Asp213Gly,0.056,16.93,['Likely%20benign'],80.08,0.5,0.0,0.7,0.7
NOP14,4,2953622,NM_001291978.2:c.636A>C,NP_001278907.1:p.Glu212Asp,0.144,21.5,['Unknown%20significance'],93.22,0.47,0.0,0.1,0.1
NOP14,4,2953624,NM_001291978.2:c.634G>A,NP_001278907.1:p.Glu212Lys,0.340,24.8,['Unknown%20significance'],93.22,0.47,0.0,0.4,0.4
NOP14,4,2953626,NM_001291978.2:c.632G>A,NP_001278907.1:p.Arg211Gln,0.233,24.3,['Unknown%20significance'],197.44,0.73,0.0,0.3,0.3
NOP14,4,2953627,NM_001291978.2:c.631C>G,NP_001278907.1:p.Arg211Gly,0.266,24.8,['Unknown%20significance'],197.44,0.73,0.0,0.8,0.8
NOP14,4,2953630,NM_001291978.2:c.628C>G,NP_001278907.1:p.Gln210Glu,0.142,14.54,['Unknown%20significance'],142.34,0.71,0.0,0.1,0.1
NOP14,4,2953632,NM_001291978.2:c.626C>T,NP_001278907.1:p.Ala209Val,0.057,18.96,['Likely%20benign'],47.71,0.37,0.0,-0.3,0.3
NOP14,4,2953632,NM_001291978.2:c.626C>G,NP_001278907.1:p.Ala209Gly,0.121,19.43,['Unknown%20significance'],47.71,0.37,0.0,0.5,0.5
NOP14,4,2953633,NM_001291978.2:c.625G>A,NP_001278907.1:p.Ala209Thr,0.051,10.69,['Likely%20benign'],47.71,0.37,0.0,-0.3,0.3
NOP14,4,2953634,NM_001291978.2:c.624A>C,NP_001278907.1:p.Gln208His,0.300,18.75,['Benign'],94.12,0.47,0.0,0.2,0.2
NOP14,4,2953635,NM_001291978.2:c.623A>G,NP_001278907.1:p.Gln208Arg,0.376,24.3,['Unknown%20significance'],94.12,0.47,0.0,0.1,0.1
NOP14,4,2953636,NM_001291978.2:c.622C>G,NP_001278907.1:p.Gln208Glu,0.354,23.9,['Unknown%20significance'],94.12,0.47,0.0,0.2,0.2
NOP14,4,2954430,NM_001291978.2:c.606A>T,NP_001278907.1:p.Gln202His,0.315,18.23,['Unknown%20significance'],95.19,0.48,0.0,0.1,0.1
NOP14,4,2954431,NM_001291978.2:c.605A>G,NP_001278907.1:p.Gln202Arg,0.154,22.1,['Unknown%20significance'],95.19,0.48,0.0,0.2,0.2
NOP14,4,2954435,NM_001291978.2:c.601A>G,NP_001278907.1:p.Lys201Glu,0.810,27.1,['Unknown%20significance'],140.52,0.59,0.0,-0.2,0.2
NOP14,4,2954435,NM_001291978.2:c.601A>C,NP_001278907.1:p.Lys201Gln,0.801,26.3,['Unknown%20significance'],140.52,0.59,0.0,-0.3,0.3
NOP14,4,2954438,NM_001291978.2:c.598T>C,NP_001278907.1:p.Ser200Pro,0.532,25.7,['Unknown%20significance'],25.03,0.18,0.0,0.8,0.8
NOP14,4,2954439,NM_001291978.2:c.597G>C,NP_001278907.1:p.Lys199Asn,0.280,22.9,['Unknown%20significance'],107.03,0.45,0.0,0.1,0.1
NOP14,4,2954440,NM_001291978.2:c.596A>G,NP_001278907.1:p.Lys199Arg,0.164,14.64,['Likely%20benign'],107.03,0.45,0.0,-0.5,0.5
NOP14,4,2954443,NM_001291978.2:c.593C>T,NP_001278907.1:p.Ala198Val,0.126,23.7,['Unknown%20significance'],60.23,0.47,0.0,0.1,0.1
NOP14,4,2954444,NM_001291978.2:c.592G>A,NP_001278907.1:p.Ala198Thr,0.237,24.0,['Unknown%20significance'],60.23,0.47,0.0,0.5,0.5
NOP14,4,2954445,NM_001291978.2:c.591T>G,NP_001278907.1:p.Ile197Met,0.489,22.9,['Unknown%20significance'],91.95,0.46,0.0,0.9,0.9
NOP14,4,2954446,NM_001291978.2:c.590T>C,NP_001278907.1:p.Ile197Thr,0.781,27.1,['Unknown%20significance'],91.95,0.46,0.0,1.7,1.7
NOP14,4,2954446,NM_001291978.2:c.590T>A,NP_001278907.1:p.Ile197Asn,0.740,28.6,['Unknown%20significance'],91.95,0.46,0.0,2.3,2.3
NOP14,4,2954447,NM_001291978.2:c.589A>G,NP_001278907.1:p.Ile197Val,0.380,23.8,['Unknown%20significance'],91.95,0.46,0.0,0.7,0.7
NOP14,4,2954447,NM_001291978.2:c.589A>C,NP_001278907.1:p.Ile197Leu,0.486,27.0,['Unknown%20significance'],91.95,0.46,0.0,0.9,0.9
NOP14,4,2954450,NM_001291978.2:c.586C>T,NP_001278907.1:p.Leu196Phe,0.370,26.5,['Unknown%20significance'],29.94,0.15,0.0,0.5,0.5
NOP14,4,2954459,NM_001291978.2:c.577A>T,NP_001278907.1:p.Ile193Phe,0.297,24.1,['Unknown%20significance'],79.34,0.4,0.0,0.5,0.5
NOP14,4,2954459,NM_001291978.2:c.577A>C,NP_001278907.1:p.Ile193Leu,0.268,22.8,['Unknown%20significance'],79.34,0.4,0.0,0.3,0.3
NOP14,4,2954462,NM_001291978.2:c.574C>G,NP_001278907.1:p.Leu192Val,0.168,22.7,['Unknown%20significance'],38.2,0.19,0.0,-0.4,0.4
NOP14,4,2954462,NM_001291978.2:c.574C>A,NP_001278907.1:p.Leu192Met,0.249,24.8,['Unknown%20significance'],38.2,0.19,0.0,0.2,0.2
NOP14,4,2954464,NM_001291978.2:c.572A>T,NP_001278907.1:p.Glu191Val,0.300,24.1,['Unknown%20significance'],94.44,0.48,0.0,0.3,0.3
NOP14,4,2954464,NM_001291978.2:c.572A>G,NP_001278907.1:p.Glu191Gly,0.285,24.6,['Unknown%20significance'],94.44,0.48,0.0,1.1,1.1
NOP14,4,2954464,NM_001291978.2:c.572A>C,NP_001278907.1:p.Glu191Ala,0.224,22.4,['Unknown%20significance'],94.44,0.48,0.0,0.6,0.6
NOP14,4,2954465,NM_001291978.2:c.571G>C,NP_001278907.1:p.Glu191Gln,0.265,23.1,['Unknown%20significance'],94.44,0.48,0.0,0.1,0.1
NOP14,4,2954466,NM_001291978.2:c.570A>C,NP_001278907.1:p.Lys190Asn,0.231,8.547,['Unknown%20significance'],168.75,0.71,0.0,0.0,0.0
NOP14,4,2954468,NM_001291978.2:c.568A>G,NP_001278907.1:p.Lys190Glu,0.166,19.17,['Unknown%20significance'],168.75,0.71,0.0,-0.0,0.0
NOP14,4,2954470,NM_001291978.2:c.566G>C,NP_001278907.1:p.Arg189Pro,0.452,24.3,['Unknown%20significance'],204.45,0.75,0.0,0.5,0.5
NOP14,4,2954470,NM_001291978.2:c.566G>A,NP_001278907.1:p.Arg189Gln,0.341,24.1,['Unknown%20significance'],204.45,0.75,0.0,0.2,0.2
NOP14,4,2954471,NM_001291978.2:c.565C>T,NP_001278907.1:p.Arg189Trp,0.415,26.7,['Unknown%20significance'],204.45,0.75,0.0,0.2,0.2
NOP14,4,2954473,NM_001291978.2:c.563C>T,NP_001278907.1:p.Ser188Phe,0.363,25.2,['Unknown%20significance'],73.09,0.52,0.0,0.2,0.2
NOP14,4,2954475,NM_001291978.2:c.561G>T,NP_001278907.1:p.Lys187Asn,0.225,22.4,['Unknown%20significance'],123.03,0.51,0.0,-0.1,0.1
NOP14,4,2954476,NM_001291978.2:c.560A>T,NP_001278907.1:p.Lys187Met,0.274,22.8,['Unknown%20significance'],123.03,0.51,0.0,-0.2,0.2
NOP14,4,2954476,NM_001291978.2:c.560A>C,NP_001278907.1:p.Lys187Thr,0.234,19.57,['Unknown%20significance'],123.03,0.51,0.0,-0.1,0.1
NOP14,4,2954479,NM_001291978.2:c.557C>T,NP_001278907.1:p.Pro186Leu,0.208,20.8,['Likely%20benign'],146.98,0.93,0.0,0.0,0.0
NOP14,4,2954479,NM_001291978.2:c.557C>A,NP_001278907.1:p.Pro186Gln,0.229,22.8,['Likely%20benign'],146.98,0.93,0.0,-0.1,0.1
NOP14,4,2954482,NM_001291978.2:c.554A>T,NP_001278907.1:p.Lys185Ile,0.106,16.58,['Unknown%20significance'],220.78,0.93,0.0,0.0,0.0
NOP14,4,2954488,NM_001291978.2:c.548G>T,NP_001278907.1:p.Arg183Leu,0.018,0.109,['Likely%20benign'],275.92,1.0,0.0,0.1,0.1
NOP14,4,2954488,NM_001291978.2:c.548G>A,NP_001278907.1:p.Arg183Gln,0.007,0.059,['Likely%20benign'],275.92,1.0,0.0,0.0,0.0
NOP14,4,2954489,NM_001291978.2:c.547C>T,NP_001278907.1:p.Arg183Trp,0.104,18.35,['Unknown%20significance'],275.92,1.0,0.0,0.0,0.0
NOP14,4,2954490,NM_001291978.2:c.546G>T,NP_001278907.1:p.Glu182Asp,0.039,1.478,['Likely%20benign'],174.24,0.89,0.0,0.0,0.0
NOP14,4,2954494,NM_001291978.2:c.542A>T,NP_001278907.1:p.Glu181Val,0.110,19.59,['Unknown%20significance'],175.94,0.9,0.0,0.0,0.0
NOP14,4,2954495,NM_001291978.2:c.541G>A,NP_001278907.1:p.Glu181Lys,0.044,11.24,['Likely%20benign'],175.94,0.9,0.0,-0.1,0.1
NOP14,4,2954497,NM_001291978.2:c.539G>T,NP_001278907.1:p.Gly180Val,0.091,14.59,['Likely%20benign'],65.37,0.68,0.0,-0.1,0.1
NOP14,4,2954497,NM_001291978.2:c.539G>A,NP_001278907.1:p.Gly180Asp,0.078,7.775,['Likely%20benign'],65.37,0.68,0.0,-0.2,0.2
NOP14,4,2954498,NM_001291978.2:c.538G>C,NP_001278907.1:p.Gly180Arg,0.088,15.86,['Likely%20benign'],65.37,0.68,0.0,-0.5,0.5
NOP14,4,2954503,NM_001291978.2:c.533A>T,NP_001278907.1:p.Gln178Leu,0.064,16.55,['Unknown%20significance'],147.92,0.74,0.0,0.2,0.2
NOP14,4,2954509,NM_001291978.2:c.527C>T,NP_001278907.1:p.Thr176Ile,0.079,15.28,['Unknown%20significance'],97.38,0.61,0.0,0.1,0.1
NOP14,4,2954511,NM_001291978.2:c.525G>T,NP_001278907.1:p.Lys175Asn,0.091,3.874,['Likely%20benign'],196.49,0.83,0.0,-0.1,0.1
NOP14,4,2954512,NM_001291978.2:c.524A>G,NP_001278907.1:p.Lys175Arg,0.124,11.62,['Unknown%20significance'],196.49,0.83,0.0,-0.2,0.2
NOP14,4,2954512,NM_001291978.2:c.524A>C,NP_001278907.1:p.Lys175Thr,0.109,9.801,['Likely%20benign'],196.49,0.83,0.0,-0.1,0.1
NOP14,4,2954515,NM_001291978.2:c.521A>G,NP_001278907.1:p.Lys174Arg,0.119,10.90,['Likely%20benign'],204.1,0.86,0.0,-0.2,0.2
NOP14,4,2954516,NM_001291978.2:c.520A>G,NP_001278907.1:p.Lys174Glu,0.138,20.6,['Likely%20benign'],204.1,0.86,0.0,-0.1,0.1
NOP14,4,2954517,NM_001291978.2:c.519C>G,NP_001278907.1:p.His173Gln,0.095,0.002,['Likely%20benign'],173.95,0.84,0.0,-0.0,0.0
NOP14,4,2954517,NM_001291978.2:c.519C>A,NP_001278907.1:p.His173Gln,0.095,0.002,['Likely%20benign'],173.95,0.84,0.0,-0.0,0.0
NOP14,4,2954518,NM_001291978.2:c.518A>T,NP_001278907.1:p.His173Leu,0.045,0.082,['Likely%20benign'],173.95,0.84,0.0,0.0,0.0
NOP14,4,2954521,NM_001291978.2:c.515T>G,NP_001278907.1:p.Leu172Arg,0.179,16.46,['Unknown%20significance'],118.33,0.61,0.0,0.4,0.4
NOP14,4,2954522,NM_001291978.2:c.514C>T,NP_001278907.1:p.Leu172Phe,0.190,23.1,['Unknown%20significance'],118.33,0.61,0.0,0.1,0.1
NOP14,4,2954524,NM_001291978.2:c.512T>C,NP_001278907.1:p.Leu171Pro,0.114,14.71,['Unknown%20significance'],90.77,0.47,0.0,0.6,0.6
NOP14,4,2954525,NM_001291978.2:c.511C>T,NP_001278907.1:p.Leu171Phe,0.178,14.75,['Unknown%20significance'],90.77,0.47,0.0,0.1,0.1
NOP14,4,2954530,NM_001291978.2:c.506G>A,NP_001278907.1:p.Gly169Asp,0.120,6.343,['Likely%20benign'],49.91,0.52,0.0,-0.2,0.2
NOP14,4,2954531,NM_001291978.2:c.505G>A,NP_001278907.1:p.Gly169Ser,0.079,3.677,['Likely%20benign'],49.91,0.52,0.0,-0.3,0.3
NOP14,4,2954534,NM_001291978.2:c.502G>C,NP_001278907.1:p.Gly168Arg,0.385,23.7,['Unknown%20significance'],85.05,0.89,0.0,-0.1,0.1
NOP14,4,2954536,NM_001291978.2:c.500G>A,NP_001278907.1:p.Gly167Glu,0.452,24.6,['Unknown%20significance'],73.95,0.77,0.0,0.4,0.4
NOP14,4,2954546,NM_001291978.2:c.490C>G,NP_001278907.1:p.His164Asp,0.517,26.1,['Unknown%20significance'],127.78,0.62,0.0,1.0,1.0
NOP14,4,2954549,NM_001291978.2:c.487G>T,NP_001278907.1:p.Ala163Ser,0.015,10.15,['Likely%20benign'],40.88,0.32,0.0,0.4,0.4
NOP14,4,2954549,NM_001291978.2:c.487G>A,NP_001278907.1:p.Ala163Thr,0.013,13.13,['Likely%20benign'],40.88,0.32,0.0,0.1,0.1
NOP14,4,2954552,NM_001291978.2:c.484G>A,NP_001278907.1:p.Ala162Thr,0.224,22.3,['Unknown%20significance'],41.08,0.32,0.0,0.2,0.2
NOP14,4,2954554,NM_001291978.2:c.482C>T,NP_001278907.1:p.Thr161Ile,0.318,25.5,['Unknown%20significance'],51.8,0.32,0.0,-0.7,0.7
NOP14,4,2954561,NM_001291978.2:c.475G>A,NP_001278907.1:p.Glu159Lys,0.318,23.6,['Unknown%20significance'],82.51,0.42,0.0,0.2,0.2
NOP14,4,2954563,NM_001291978.2:c.473C>T,NP_001278907.1:p.Ala158Val,0.312,31,['Unknown%20significance'],94.62,0.74,0.0,-0.0,0.0
NOP14,4,2956674,NM_001291978.2:c.468G>C,NP_001278907.1:p.Leu156Phe,0.372,22.0,['Unknown%20significance'],95.07,0.49,0.0,0.4,0.4
NOP14,4,2956676,NM_001291978.2:c.466T>A,NP_001278907.1:p.Leu156Met,0.244,17.30,['Unknown%20significance'],95.07,0.49,0.0,0.3,0.3
NOP14,4,2956678,NM_001291978.2:c.464C>T,NP_001278907.1:p.Thr155Met,0.053,5.127,['Likely%20benign'],122.81,0.78,0.0,-0.1,0.1
NOP14,4,2956678,NM_001291978.2:c.464C>A,NP_001278907.1:p.Thr155Lys,0.062,1.175,['Likely%20benign'],122.81,0.78,0.0,0.1,0.1
NOP14,4,2956679,NM_001291978.2:c.463A>G,NP_001278907.1:p.Thr155Ala,0.027,0.001,['Likely%20benign'],122.81,0.78,0.0,0.2,0.2
NOP14,4,2956681,NM_001291978.2:c.461G>A,NP_001278907.1:p.Gly154Glu,0.402,23.7,['Unknown%20significance'],46.97,0.49,0.0,0.3,0.3
NOP14,4,2956684,NM_001291978.2:c.458G>A,NP_001278907.1:p.Arg153Gln,0.105,21.5,['Unknown%20significance'],225.96,0.83,0.0,0.2,0.2
NOP14,4,2956685,NM_001291978.2:c.457C>G,NP_001278907.1:p.Arg153Gly,0.127,20.2,['Unknown%20significance'],225.96,0.83,0.0,0.4,0.4
NOP14,4,2956687,NM_001291978.2:c.455A>G,NP_001278907.1:p.Asp152Gly,0.084,19.22,['Unknown%20significance'],151.6,0.94,0.0,0.1,0.1
NOP14,4,2956688,NM_001291978.2:c.454G>T,NP_001278907.1:p.Asp152Tyr,0.299,24.8,['Unknown%20significance'],151.6,0.94,0.0,-0.1,0.1
NOP14,4,2956695,NM_001291978.2:c.447T>A,NP_001278907.1:p.Asp149Glu,0.261,5.183,['Likely%20benign'],174.7,1.0,0.0,0.0,0.0
NOP14,4,2956697,NM_001291978.2:c.445G>A,NP_001278907.1:p.Asp149Asn,0.367,25.5,['Unknown%20significance'],174.7,1.0,0.0,0.0,0.0
NOP14,4,2956698,NM_001291978.2:c.444C>G,NP_001278907.1:p.Ser148Arg,0.287,22.2,['Unknown%20significance'],105.01,0.76,0.0,-0.2,0.2
NOP14,4,2956699,NM_001291978.2:c.443G>C,NP_001278907.1:p.Ser148Thr,0.179,21.4,['Unknown%20significance'],105.01,0.76,0.0,0.0,0.0
NOP14,4,2956699,NM_001291978.2:c.443G>A,NP_001278907.1:p.Ser148Asn,0.146,17.21,['Unknown%20significance'],105.01,0.76,0.0,-0.1,0.1
NOP14,4,2956700,NM_001291978.2:c.442A>T,NP_001278907.1:p.Ser148Cys,0.256,24.7,['Unknown%20significance'],105.01,0.76,0.0,0.3,0.3
NOP14,4,2956700,NM_001291978.2:c.442A>G,NP_001278907.1:p.Ser148Gly,0.168,21.2,['Unknown%20significance'],105.01,0.76,0.0,0.3,0.3
NOP14,4,2956702,NM_001291978.2:c.440A>G,NP_001278907.1:p.Asp147Gly,0.665,26.7,['Unknown%20significance'],132.78,0.83,0.0,0.3,0.3
NOP14,4,2956705,NM_001291978.2:c.437G>C,NP_001278907.1:p.Ser146Thr,0.254,24.0,['Unknown%20significance'],122.43,0.88,0.0,0.0,0.0
NOP14,4,2956705,NM_001291978.2:c.437G>A,NP_001278907.1:p.Ser146Asn,0.187,24.1,['Unknown%20significance'],122.43,0.88,0.0,0.0,0.0
NOP14,4,2956706,NM_001291978.2:c.436A>G,NP_001278907.1:p.Ser146Gly,0.220,23.3,['Unknown%20significance'],122.43,0.88,0.0,0.2,0.2
NOP14,4,2956706,NM_001291978.2:c.436A>C,NP_001278907.1:p.Ser146Arg,0.290,25.4,['Unknown%20significance'],122.43,0.88,0.0,-0.1,0.1
NOP14,4,2956707,NM_001291978.2:c.435C>G,NP_001278907.1:p.Asp145Glu,0.268,0.145,['Unknown%20significance'],121.86,0.76,0.0,0.0,0.0
NOP14,4,2956711,NM_001291978.2:c.431T>G,NP_001278907.1:p.Val144Gly,0.209,22.4,['Unknown%20significance'],142.59,0.82,0.0,0.3,0.3
NOP14,4,2956714,NM_001291978.2:c.428T>G,NP_001278907.1:p.Ile143Ser,0.065,21.8,['Unknown%20significance'],177.51,0.9,0.0,0.1,0.1
NOP14,4,2956714,NM_001291978.2:c.428T>C,NP_001278907.1:p.Ile143Thr,0.043,16.09,['Likely%20benign'],177.51,0.9,0.0,0.1,0.1
NOP14,4,2956715,NM_001291978.2:c.427A>T,NP_001278907.1:p.Ile143Phe,0.028,11.82,['Unknown%20significance'],177.51,0.9,0.0,-0.0,0.0
NOP14,4,2956717,NM_001291978.2:c.425A>G,NP_001278907.1:p.Asp142Gly,0.355,24.4,['Unknown%20significance'],125.64,0.78,0.0,0.4,0.4
NOP14,4,2956718,NM_001291978.2:c.424G>A,NP_001278907.1:p.Asp142Asn,0.321,23.5,['Unknown%20significance'],125.64,0.78,0.0,0.0,0.0
NOP14,4,2956719,NM_001291978.2:c.423T>G,NP_001278907.1:p.Asn141Lys,0.177,4.858,['Likely%20benign'],96.38,0.6,0.0,0.2,0.2
NOP14,4,2956720,NM_001291978.2:c.422A>T,NP_001278907.1:p.Asn141Ile,0.123,21.9,['Unknown%20significance'],96.38,0.6,0.0,0.1,0.1
NOP14,4,2956720,NM_001291978.2:c.422A>G,NP_001278907.1:p.Asn141Ser,0.111,15.77,['Unknown%20significance'],96.38,0.6,0.0,0.2,0.2
NOP14,4,2956723,NM_001291978.2:c.419A>T,NP_001278907.1:p.His140Leu,0.119,12.92,['Unknown%20significance'],138.63,0.67,0.0,0.1,0.1
NOP14,4,2956723,NM_001291978.2:c.419A>C,NP_001278907.1:p.His140Pro,0.164,23.0,['Unknown%20significance'],138.63,0.67,0.0,0.7,0.7
NOP14,4,2956726,NM_001291978.2:c.416A>G,NP_001278907.1:p.Lys139Arg,0.123,22.8,['Unknown%20significance'],142.61,0.6,0.0,-0.4,0.4
NOP14,4,2956726,NM_001291978.2:c.416A>C,NP_001278907.1:p.Lys139Thr,0.192,20.4,['Unknown%20significance'],142.61,0.6,0.0,0.2,0.2
NOP14,4,2956730,NM_001291978.2:c.412G>A,NP_001278907.1:p.Glu138Lys,0.394,24.2,['Unknown%20significance'],118.82,0.6,0.0,0.1,0.1
NOP14,4,2956732,NM_001291978.2:c.410T>C,NP_001278907.1:p.Ile137Thr,0.361,24.2,['Unknown%20significance'],45.51,0.23,0.0,1.0,1.0
NOP14,4,2956733,NM_001291978.2:c.409A>G,NP_001278907.1:p.Ile137Val,0.076,14.32,['Unknown%20significance'],45.51,0.23,0.0,0.6,0.6
NOP14,4,2956736,NM_001291978.2:c.406G>T,NP_001278907.1:p.Asp136Tyr,0.278,24.8,['Unknown%20significance'],42.57,0.26,0.0,-1.0,1.0
NOP14,4,2956736,NM_001291978.2:c.406G>C,NP_001278907.1:p.Asp136His,0.140,24.2,['Unknown%20significance'],42.57,0.26,0.0,-0.5,0.5
NOP14,4,2956744,NM_001291978.2:c.398C>T,NP_001278907.1:p.Ser133Phe,0.703,27.0,['Unknown%20significance'],16.79,0.12,0.0,-0.5,0.5
NOP14,4,2956744,NM_001291978.2:c.398C>G,NP_001278907.1:p.Ser133Cys,0.517,26.3,['Unknown%20significance'],16.79,0.12,0.0,0.4,0.4
NOP14,4,2956747,NM_001291978.2:c.395A>T,NP_001278907.1:p.Gln132Leu,0.390,26.3,['Unknown%20significance'],88.37,0.44,0.0,-0.2,0.2
NOP14,4,2956747,NM_001291978.2:c.395A>G,NP_001278907.1:p.Gln132Arg,0.276,22.9,['Unknown%20significance'],88.37,0.44,0.0,-0.2,0.2
NOP14,4,2956751,NM_001291978.2:c.391G>C,NP_001278907.1:p.Gly131Arg,0.859,26.0,['Unknown%20significance'],78.29,0.82,0.0,0.2,0.2
NOP14,4,2956753,NM_001291978.2:c.389A>T,NP_001278907.1:p.Tyr130Phe,0.058,17.78,['Unknown%20significance'],227.56,0.94,0.0,0.1,0.1
NOP14,4,2956753,NM_001291978.2:c.389A>G,NP_001278907.1:p.Tyr130Cys,0.324,24.2,['Unknown%20significance'],227.56,0.94,0.0,0.2,0.2
NOP14,4,2956756,NM_001291978.2:c.386A>G,NP_001278907.1:p.His129Arg,0.764,25.8,['Unknown%20significance'],108.31,0.52,0.0,0.6,0.6
NOP14,4,2956759,NM_001291978.2:c.383C>G,NP_001278907.1:p.Thr128Ser,0.628,25.7,['Unknown%20significance'],91.15,0.57,0.0,0.4,0.4
NOP14,4,2956761,NM_001291978.2:c.381G>T,NP_001278907.1:p.Leu127Phe,0.470,18.12,['Unknown%20significance'],142.77,0.74,0.0,0.4,0.4
NOP14,4,2956763,NM_001291978.2:c.379T>G,NP_001278907.1:p.Leu127Val,0.569,16.42,['Unknown%20significance'],142.77,0.74,0.0,0.5,0.5
NOP14,4,2956766,NM_001291978.2:c.376G>A,NP_001278907.1:p.Glu126Lys,0.204,26.7,['Unknown%20significance'],137.47,0.7,0.0,-0.1,0.1
NOP14,4,2956770,NM_001291978.2:c.372T>G,NP_001278907.1:p.Asp124Glu,0.054,6.928,['Likely%20benign'],84.18,0.52,0.0,0.2,0.2
NOP14,4,2956771,NM_001291978.2:c.371A>G,NP_001278907.1:p.Asp124Gly,0.234,23.5,['Unknown%20significance'],84.18,0.52,0.0,0.5,0.5
NOP14,4,2956772,NM_001291978.2:c.370G>T,NP_001278907.1:p.Asp124Tyr,0.447,26.1,['Unknown%20significance'],84.18,0.52,0.0,-0.1,0.1
NOP14,4,2956772,NM_001291978.2:c.370G>A,NP_001278907.1:p.Asp124Asn,0.276,26.6,['Unknown%20significance'],84.18,0.52,0.0,-0.1,0.1
NOP14,4,2956776,NM_001291978.2:c.366T>G,NP_001278907.1:p.Asn122Lys,0.322,10.44,['Unknown%20significance'],159.95,1.0,0.0,0.0,0.0
NOP14,4,2956777,NM_001291978.2:c.365A>C,NP_001278907.1:p.Asn122Thr,0.526,25.4,['Unknown%20significance'],159.95,1.0,0.0,0.0,0.0
NOP14,4,2956781,NM_001291978.2:c.361C>G,NP_001278907.1:p.Leu121Val,0.642,24.6,['Unknown%20significance'],146.06,0.75,0.0,0.6,0.6
NOP14,4,2956783,NM_001291978.2:c.359A>G,NP_001278907.1:p.Asn120Ser,0.461,23.6,['Unknown%20significance'],66.14,0.41,0.0,0.4,0.4
NOP14,4,2956784,NM_001291978.2:c.358A>G,NP_001278907.1:p.Asn120Asp,0.493,25.9,['Unknown%20significance'],66.14,0.41,0.0,0.4,0.4
NOP14,4,2956786,NM_001291978.2:c.356A>G,NP_001278907.1:p.Tyr119Cys,0.483,26.6,['Unknown%20significance'],231.36,0.96,0.0,0.4,0.4
NOP14,4,2956787,NM_001291978.2:c.355T>C,NP_001278907.1:p.Tyr119His,0.545,27.9,['Unknown%20significance'],231.36,0.96,0.0,0.3,0.3
NOP14,4,2956790,NM_001291978.2:c.352A>T,NP_001278907.1:p.Ile118Phe,0.224,23.6,['Unknown%20significance'],175.9,0.89,0.0,0.1,0.1
NOP14,4,2956790,NM_001291978.2:c.352A>G,NP_001278907.1:p.Ile118Val,0.056,16.36,['Unknown%20significance'],175.9,0.89,0.0,0.0,0.0
NOP14,4,2956790,NM_001291978.2:c.352A>C,NP_001278907.1:p.Ile118Leu,0.048,19.00,['Unknown%20significance'],175.9,0.89,0.0,0.0,0.0
NOP14,4,2956791,NM_001291978.2:c.351C>A,NP_001278907.1:p.Ser117Arg,0.155,22.6,['Unknown%20significance'],52.06,0.37,0.0,0.2,0.2
NOP14,4,2956792,NM_001291978.2:c.350G>A,NP_001278907.1:p.Ser117Asn,0.101,15.45,['Likely%20benign'],52.06,0.37,0.0,0.0,0.0
NOP14,4,2956793,NM_001291978.2:c.349A>G,NP_001278907.1:p.Ser117Gly,0.096,22.5,['Likely%20benign'],52.06,0.37,0.0,0.5,0.5
NOP14,4,2956797,NM_001291978.2:c.345A>C,NP_001278907.1:p.Lys115Asn,0.348,23.2,['Unknown%20significance'],143.29,0.6,0.0,-0.0,0.0
NOP14,4,2956798,NM_001291978.2:c.344A>G,NP_001278907.1:p.Lys115Arg,0.141,23.7,['Unknown%20significance'],143.29,0.6,0.0,-0.4,0.4
NOP14,4,2956799,NM_001291978.2:c.343A>G,NP_001278907.1:p.Lys115Glu,0.456,27.9,['Unknown%20significance'],143.29,0.6,0.0,-0.1,0.1
NOP14,4,2956801,NM_001291978.2:c.341A>T,NP_001278907.1:p.Glu114Val,0.202,26.8,['Unknown%20significance'],101.46,0.51,0.0,0.4,0.4
NOP14,4,2956801,NM_001291978.2:c.341A>G,NP_001278907.1:p.Glu114Gly,0.047,23.0,['Unknown%20significance'],101.46,0.51,0.0,0.7,0.7
NOP14,4,2956802,NM_001291978.2:c.340G>A,NP_001278907.1:p.Glu114Lys,0.150,22.6,['Unknown%20significance'],101.46,0.51,0.0,0.6,0.6
NOP14,4,2956803,NM_001291978.2:c.339T>G,NP_001278907.1:p.His113Gln,0.051,16.77,['Likely%20benign'],153.31,0.74,0.0,0.1,0.1
NOP14,4,2956803,NM_001291978.2:c.339T>A,NP_001278907.1:p.His113Gln,0.051,14.30,['Likely%20benign'],153.31,0.74,0.0,0.1,0.1
NOP14,4,2956805,NM_001291978.2:c.337C>T,NP_001278907.1:p.His113Tyr,0.056,22.1,['Unknown%20significance'],153.31,0.74,0.0,-0.3,0.3
NOP14,4,2956805,NM_001291978.2:c.337C>G,NP_001278907.1:p.His113Asp,0.161,22.7,['Unknown%20significance'],153.31,0.74,0.0,0.1,0.1
NOP14,4,2956805,NM_001291978.2:c.337C>A,NP_001278907.1:p.His113Asn,0.063,23.4,['Unknown%20significance'],153.31,0.74,0.0,0.1,0.1
NOP14,4,2956806,NM_001291978.2:c.336T>A,NP_001278907.1:p.His112Gln,0.063,11.89,['Likely%20benign'],129.57,0.63,0.0,-0.0,0.0
NOP14,4,2956808,NM_001291978.2:c.334C>T,NP_001278907.1:p.His112Tyr,0.055,15.79,['Likely%20benign'],129.57,0.63,0.0,-0.2,0.2
NOP14,4,2956810,NM_001291978.2:c.332G>T,NP_001278907.1:p.Arg111Leu,0.321,26.7,['Unknown%20significance'],143.84,0.53,0.0,0.4,0.4
NOP14,4,2956810,NM_001291978.2:c.332G>A,NP_001278907.1:p.Arg111Gln,0.123,23.9,['Unknown%20significance'],143.84,0.53,0.0,0.2,0.2
NOP14,4,2957608,NM_001291978.2:c.328C>A,NP_001278907.1:p.Gln110Lys,0.157,22.1,['Unknown%20significance'],116.38,0.58,0.0,0.5,0.5
NOP14,4,2957614,NM_001291978.2:c.322G>C,NP_001278907.1:p.Glu108Gln,0.440,25.6,['Unknown%20significance'],83.22,0.42,0.0,0.2,0.2
NOP14,4,2957619,NM_001291978.2:c.317C>T,NP_001278907.1:p.Ala106Val,0.356,31,['Unknown%20significance'],53.43,0.42,0.0,-0.4,0.4
NOP14,4,2957625,NM_001291978.2:c.311G>A,NP_001278907.1:p.Arg104Lys,0.810,25.6,['Unknown%20significance'],38.8,0.14,0.0,1.1,1.1
NOP14,4,2957629,NM_001291978.2:c.307A>C,NP_001278907.1:p.Lys103Gln,0.033,13.31,['Unknown%20significance'],108.04,0.45,0.0,-0.6,0.6
NOP14,4,2957630,NM_001291978.2:c.306G>A,NP_001278907.1:p.Met102Ile,0.046,14.79,['Unknown%20significance'],139.26,0.64,0.0,-0.1,0.1
NOP14,4,2957631,NM_001291978.2:c.305T>A,NP_001278907.1:p.Met102Lys,0.198,20.1,['Unknown%20significance'],139.26,0.64,0.0,1.0,1.0
NOP14,4,2957632,NM_001291978.2:c.304A>T,NP_001278907.1:p.Met102Leu,0.052,0.089,['Likely%20benign'],139.26,0.64,0.0,-0.2,0.2
NOP14,4,2957633,NM_001291978.2:c.303G>A,NP_001278907.1:p.Met101Ile,0.171,19.95,['Unknown%20significance'],111.83,0.51,0.0,0.2,0.2
NOP14,4,2957634,NM_001291978.2:c.302T>C,NP_001278907.1:p.Met101Thr,0.449,24.5,['Unknown%20significance'],111.83,0.51,0.0,0.8,0.8
NOP14,4,2957635,NM_001291978.2:c.301A>G,NP_001278907.1:p.Met101Val,0.317,23.1,['Unknown%20significance'],111.83,0.51,0.0,0.4,0.4
NOP14,4,2957637,NM_001291978.2:c.299A>T,NP_001278907.1:p.Lys100Met,0.451,26.4,['Unknown%20significance'],21.61,0.09,0.0,0.0,0.0
NOP14,4,2957637,NM_001291978.2:c.299A>G,NP_001278907.1:p.Lys100Arg,0.234,23.8,['Unknown%20significance'],21.61,0.09,0.0,-0.9,0.9
NOP14,4,2957637,NM_001291978.2:c.299A>C,NP_001278907.1:p.Lys100Thr,0.476,25.7,['Unknown%20significance'],21.61,0.09,0.0,0.8,0.8
NOP14,4,2957638,NM_001291978.2:c.298A>C,NP_001278907.1:p.Lys100Gln,0.400,25.7,['Unknown%20significance'],21.61,0.09,0.0,0.3,0.3
NOP14,4,2957644,NM_001291978.2:c.292G>C,NP_001278907.1:p.Glu98Gln,0.485,24.0,['Unknown%20significance'],140.44,0.71,0.0,-0.0,0.0
NOP14,4,2957644,NM_001291978.2:c.292G>A,NP_001278907.1:p.Glu98Lys,0.423,24.7,['Unknown%20significance'],140.44,0.71,0.0,0.2,0.2
NOP14,4,2957646,NM_001291978.2:c.290C>T,NP_001278907.1:p.Pro97Leu,0.083,11.78,['Unknown%20significance'],97.31,0.61,0.0,-0.1,0.1
NOP14,4,2957649,NM_001291978.2:c.287G>A,NP_001278907.1:p.Ser96Asn,0.093,4.681,['Unknown%20significance'],58.18,0.42,0.0,0.2,0.2
NOP14,4,2957650,NM_001291978.2:c.286A>T,NP_001278907.1:p.Ser96Cys,0.215,23.0,['Unknown%20significance'],58.18,0.42,0.0,0.4,0.4
NOP14,4,2957651,NM_001291978.2:c.285G>A,NP_001278907.1:p.Met95Ile,0.044,0.001,['Likely%20benign'],17.72,0.08,0.0,0.7,0.7
NOP14,4,2957652,NM_001291978.2:c.284T>G,NP_001278907.1:p.Met95Arg,0.355,23.5,['Unknown%20significance'],17.72,0.08,0.0,1.4,1.4
NOP14,4,2957653,NM_001291978.2:c.283A>G,NP_001278907.1:p.Met95Val,0.126,3.515,['Unknown%20significance'],17.72,0.08,0.0,1.1,1.1
NOP14,4,2957655,NM_001291978.2:c.281A>G,NP_001278907.1:p.Asn94Ser,0.077,0.002,['Likely%20benign'],161.32,1.0,0.0,0.0,0.0
NOP14,4,2957655,NM_001291978.2:c.281A>C,NP_001278907.1:p.Asn94Thr,0.067,0.016,['Likely%20benign'],161.32,1.0,0.0,-0.0,0.0
NOP14,4,2957657,NM_001291978.2:c.279C>G,NP_001278907.1:p.Ser93Arg,0.064,13.13,['Unknown%20significance'],120.72,0.87,0.0,-0.1,0.1
NOP14,4,2957660,NM_001291978.2:c.276C>G,NP_001278907.1:p.Asn92Lys,0.139,2.716,['Unknown%20significance'],72.71,0.45,0.0,0.5,0.5
NOP14,4,2957661,NM_001291978.2:c.275A>G,NP_001278907.1:p.Asn92Ser,0.087,5.054,['Likely%20benign'],72.71,0.45,0.0,0.4,0.4
NOP14,4,2957662,NM_001291978.2:c.274A>G,NP_001278907.1:p.Asn92Asp,0.080,9.013,['Unknown%20significance'],72.71,0.45,0.0,-0.0,0.0
NOP14,4,2957664,NM_001291978.2:c.272A>G,NP_001278907.1:p.Tyr91Cys,0.478,24.7,['Unknown%20significance'],179.31,0.74,0.0,0.7,0.7
NOP14,4,2957671,NM_001291978.2:c.265G>C,NP_001278907.1:p.Gly89Arg,0.713,24.2,['Unknown%20significance'],23.35,0.24,0.0,0.7,0.7
NOP14,4,2957671,NM_001291978.2:c.265G>A,NP_001278907.1:p.Gly89Arg,0.713,24.4,['Unknown%20significance'],23.35,0.24,0.0,0.7,0.7
NOP14,4,2957672,NM_001291978.2:c.264C>G,NP_001278907.1:p.Phe88Leu,0.154,2.625,['Likely%20benign'],111.45,0.48,0.0,0.6,0.6
NOP14,4,2957672,NM_001291978.2:c.264C>A,NP_001278907.1:p.Phe88Leu,0.154,3.008,['Likely%20benign'],111.45,0.48,0.0,0.6,0.6
NOP14,4,2957674,NM_001291978.2:c.262T>A,NP_001278907.1:p.Phe88Ile,0.060,15.11,['Unknown%20significance'],111.45,0.48,0.0,0.4,0.4
NOP14,4,2957676,NM_001291978.2:c.260G>A,NP_001278907.1:p.Arg87His,0.867,25.4,['Unknown%20significance'],153.66,0.57,0.0,0.6,0.6
NOP14,4,2957677,NM_001291978.2:c.259C>T,NP_001278907.1:p.Arg87Cys,0.877,27.6,['Unknown%20significance'],153.66,0.57,0.0,1.4,1.4
NOP14,4,2957680,NM_001291978.2:c.256A>G,NP_001278907.1:p.Lys86Glu,0.205,22.0,['Unknown%20significance'],219.22,0.92,0.0,0.0,0.0
NOP14,4,2957681,NM_001291978.2:c.255T>G,NP_001278907.1:p.Asp85Glu,0.752,18.16,['Unknown%20significance'],17.75,0.11,0.0,0.5,0.5
NOP14,4,2957685,NM_001291978.2:c.251G>T,NP_001278907.1:p.Arg84Ile,0.090,4.865,['Likely%20benign'],185.08,0.68,0.0,-0.4,0.4
NOP14,4,2957685,NM_001291978.2:c.251G>A,NP_001278907.1:p.Arg84Lys,0.082,1.678,['Likely%20benign'],185.08,0.68,0.0,0.4,0.4
NOP14,4,2957686,NM_001291978.2:c.250A>G,NP_001278907.1:p.Arg84Gly,0.055,14.33,['Likely%20benign'],185.08,0.68,0.0,0.5,0.5
NOP14,4,2957687,NM_001291978.2:c.249C>G,NP_001278907.1:p.Phe83Leu,0.365,14.46,['Unknown%20significance'],203.1,0.88,0.0,0.2,0.2
NOP14,4,2957689,NM_001291978.2:c.247T>A,NP_001278907.1:p.Phe83Ile,0.447,23.9,['Unknown%20significance'],203.1,0.88,0.0,0.1,0.1
NOP14,4,2957691,NM_001291978.2:c.245T>C,NP_001278907.1:p.Val82Ala,0.132,21.2,['Unknown%20significance'],60.74,0.35,0.0,0.5,0.5
NOP14,4,2957692,NM_001291978.2:c.244G>A,NP_001278907.1:p.Val82Ile,0.057,10.62,['Unknown%20significance'],60.74,0.35,0.0,0.1,0.1
NOP14,4,2957694,NM_001291978.2:c.242A>T,NP_001278907.1:p.Asn81Ile,0.233,17.26,['Unknown%20significance'],144.0,0.9,0.0,0.0,0.0
NOP14,4,2957694,NM_001291978.2:c.242A>G,NP_001278907.1:p.Asn81Ser,0.064,2.697,['Unknown%20significance'],144.0,0.9,0.0,0.0,0.0
NOP14,4,2957698,NM_001291978.2:c.238T>C,NP_001278907.1:p.Ser80Pro,0.262,23.7,['Unknown%20significance'],129.29,0.93,0.0,0.1,0.1
NOP14,4,2957703,NM_001291978.2:c.233A>T,NP_001278907.1:p.Asp78Val,0.107,23.2,['Unknown%20significance'],117.02,0.73,0.0,0.2,0.2
NOP14,4,2957703,NM_001291978.2:c.233A>G,NP_001278907.1:p.Asp78Gly,0.081,21.9,['Likely%20benign'],117.02,0.73,0.0,0.3,0.3
NOP14,4,2957708,NM_001291978.2:c.228A>T,NP_001278907.1:p.Glu76Asp,0.081,12.05,['Likely%20benign'],62.65,0.32,0.0,0.3,0.3
NOP14,4,2957710,NM_001291978.2:c.226G>A,NP_001278907.1:p.Glu76Lys,0.106,20.8,['Unknown%20significance'],62.65,0.32,0.0,0.4,0.4
NOP14,4,2957711,NM_001291978.2:c.225A>C,NP_001278907.1:p.Lys75Asn,0.194,17.10,['Unknown%20significance'],112.2,0.47,0.0,-0.0,0.0
NOP14,4,2957712,NM_001291978.2:c.224A>T,NP_001278907.1:p.Lys75Ile,0.299,24.0,['Unknown%20significance'],112.2,0.47,0.0,-0.1,0.1
NOP14,4,2957717,NM_001291978.2:c.219G>C,NP_001278907.1:p.Glu73Asp,0.351,18.78,['Unknown%20significance'],100.98,0.51,0.0,0.3,0.3
NOP14,4,2957722,NM_001291978.2:c.214A>C,NP_001278907.1:p.Lys72Gln,0.111,22.2,['Unknown%20significance'],121.44,0.51,0.0,-0.1,0.1
NOP14,4,2957725,NM_001291978.2:c.211C>G,NP_001278907.1:p.Leu71Val,0.267,23.1,['Unknown%20significance'],29.35,0.15,0.0,1.1,1.1
NOP14,4,2957730,NM_001291978.2:c.206C>T,NP_001278907.1:p.Thr69Ile,0.524,27.5,['Unknown%20significance'],57.91,0.36,0.0,0.1,0.1
NOP14,4,2957730,NM_001291978.2:c.206C>G,NP_001278907.1:p.Thr69Ser,0.294,24.0,['Unknown%20significance'],57.91,0.36,0.0,0.9,0.9
NOP14,4,2957731,NM_001291978.2:c.205A>C,NP_001278907.1:p.Thr69Pro,0.643,27.4,['Unknown%20significance'],57.91,0.36,0.0,1.2,1.2
NOP14,4,2957736,NM_001291978.2:c.200C>T,NP_001278907.1:p.Thr67Ile,0.256,25.2,['Unknown%20significance'],52.49,0.33,0.0,-0.1,0.1
NOP14,4,2957739,NM_001291978.2:c.197G>A,NP_001278907.1:p.Arg66His,0.605,33,['Unknown%20significance'],14.97,0.05,0.0,1.0,1.0
NOP14,4,2957740,NM_001291978.2:c.196C>T,NP_001278907.1:p.Arg66Cys,0.749,32,['Unknown%20significance'],14.97,0.05,0.0,2.5,2.5
NOP14,4,2963125,NM_001291978.2:c.195G>C,NP_001278907.1:p.Lys65Asn,0.250,33,['Unknown%20significance'],150.93,0.63,0.0,-0.1,0.1
NOP14,4,2963126,NM_001291978.2:c.194A>G,NP_001278907.1:p.Lys65Arg,0.115,26.5,['Unknown%20significance'],150.93,0.63,0.0,-0.4,0.4
NOP14,4,2963129,NM_001291978.2:c.191G>C,NP_001278907.1:p.Arg64Thr,0.055,21.8,['Likely%20benign'],194.29,0.72,0.0,0.1,0.1
NOP14,4,2963129,NM_001291978.2:c.191G>A,NP_001278907.1:p.Arg64Lys,0.039,17.83,['Likely%20benign'],194.29,0.72,0.0,0.3,0.3
NOP14,4,2963130,NM_001291978.2:c.190A>G,NP_001278907.1:p.Arg64Gly,0.066,24.6,['Likely%20benign'],194.29,0.72,0.0,0.5,0.5
NOP14,4,2963132,NM_001291978.2:c.188T>C,NP_001278907.1:p.Leu63Pro,0.181,29.9,['Unknown%20significance'],89.69,0.46,0.0,0.9,0.9
NOP14,4,2963133,NM_001291978.2:c.187C>T,NP_001278907.1:p.Leu63Phe,0.109,20.7,['Likely%20benign'],89.69,0.46,0.0,0.0,0.0
NOP14,4,2963133,NM_001291978.2:c.187C>A,NP_001278907.1:p.Leu63Ile,0.077,10.05,['Likely%20benign'],89.69,0.46,0.0,-0.2,0.2
NOP14,4,2963135,NM_001291978.2:c.185C>T,NP_001278907.1:p.Ala62Val,0.359,32,['Unknown%20significance'],24.08,0.18,0.0,0.3,0.3
NOP14,4,2963135,NM_001291978.2:c.185C>A,NP_001278907.1:p.Ala62Asp,0.491,32,['Unknown%20significance'],24.08,0.18,0.0,0.9,0.9
NOP14,4,2963136,NM_001291978.2:c.184G>A,NP_001278907.1:p.Ala62Thr,0.328,29.4,['Unknown%20significance'],24.08,0.18,0.0,0.4,0.4
NOP14,4,2963138,NM_001291978.2:c.182G>T,NP_001278907.1:p.Arg61Leu,0.077,25.2,['Unknown%20significance'],180.8,0.67,0.0,-0.1,0.1
NOP14,4,2963138,NM_001291978.2:c.182G>A,NP_001278907.1:p.Arg61Gln,0.121,25.6,['Unknown%20significance'],180.8,0.67,0.0,0.1,0.1
NOP14,4,2963139,NM_001291978.2:c.181C>T,NP_001278907.1:p.Arg61Trp,0.257,32,['Unknown%20significance'],180.8,0.67,0.0,-0.1,0.1
NOP14,4,2963139,NM_001291978.2:c.181C>G,NP_001278907.1:p.Arg61Gly,0.130,25.5,['Unknown%20significance'],180.8,0.67,0.0,0.7,0.7
NOP14,4,2963141,NM_001291978.2:c.179C>A,NP_001278907.1:p.Ala60Glu,0.198,26.1,['Unknown%20significance'],43.21,0.33,0.0,0.1,0.1
NOP14,4,2963142,NM_001291978.2:c.178G>T,NP_001278907.1:p.Ala60Ser,0.117,22.5,['Unknown%20significance'],43.21,0.33,0.0,-0.0,0.0
NOP14,4,2963142,NM_001291978.2:c.178G>C,NP_001278907.1:p.Ala60Pro,0.329,29.7,['Unknown%20significance'],43.21,0.33,0.0,0.4,0.4
NOP14,4,2963142,NM_001291978.2:c.178G>A,NP_001278907.1:p.Ala60Thr,0.157,25.1,['Unknown%20significance'],43.21,0.33,0.0,-0.1,0.1
NOP14,4,2963145,NM_001291978.2:c.175C>T,NP_001278907.1:p.Arg59Cys,0.493,32,['Unknown%20significance'],189.12,0.7,0.0,0.6,0.6
NOP14,4,2963145,NM_001291978.2:c.175C>A,NP_001278907.1:p.Arg59Ser,0.481,31,['Unknown%20significance'],189.12,0.7,0.0,0.5,0.5
NOP14,4,2963151,NM_001291978.2:c.169G>T,NP_001278907.1:p.Val57Leu,0.203,23.9,['Unknown%20significance'],68.52,0.39,0.0,0.1,0.1
NOP14,4,2963151,NM_001291978.2:c.169G>C,NP_001278907.1:p.Val57Leu,0.201,23.9,['Unknown%20significance'],68.52,0.39,0.0,0.1,0.1
NOP14,4,2963151,NM_001291978.2:c.169G>A,NP_001278907.1:p.Val57Met,0.311,27.2,['Unknown%20significance'],68.52,0.39,0.0,0.3,0.3
NOP14,4,2963153,NM_001291978.2:c.167G>T,NP_001278907.1:p.Gly56Val,0.604,27.8,['Unknown%20significance'],30.41,0.31,0.0,0.1,0.1
NOP14,4,2963153,NM_001291978.2:c.167G>C,NP_001278907.1:p.Gly56Ala,0.464,27.0,['Unknown%20significance'],30.41,0.31,0.0,0.2,0.2
NOP14,4,2963153,NM_001291978.2:c.167G>A,NP_001278907.1:p.Gly56Glu,0.585,28.5,['Unknown%20significance'],30.41,0.31,0.0,0.6,0.6
NOP14,4,2963156,NM_001291978.2:c.164C>T,NP_001278907.1:p.Pro55Leu,0.567,32,['Benign'],35.61,0.22,0.0,0.4,0.4
NOP14,4,2963156,NM_001291978.2:c.164C>A,NP_001278907.1:p.Pro55His,0.632,32,['Unknown%20significance'],35.61,0.22,0.0,1.1,1.1
NOP14,4,2963157,NM_001291978.2:c.163C>T,NP_001278907.1:p.Pro55Ser,0.540,30,['Unknown%20significance'],35.61,0.22,0.0,1.3,1.3
NOP14,4,2963160,NM_001291978.2:c.160C>G,NP_001278907.1:p.Leu54Val,0.183,23.9,['Unknown%20significance'],82.13,0.42,0.0,0.3,0.3
NOP14,4,2963162,NM_001291978.2:c.158G>C,NP_001278907.1:p.Gly53Ala,0.493,27.6,['Unknown%20significance'],29.62,0.31,0.0,0.3,0.3
NOP14,4,2963162,NM_001291978.2:c.158G>A,NP_001278907.1:p.Gly53Glu,0.580,29.0,['Unknown%20significance'],29.62,0.31,0.0,0.6,0.6
NOP14,4,2963163,NM_001291978.2:c.157G>C,NP_001278907.1:p.Gly53Arg,0.505,29.8,['Unknown%20significance'],29.62,0.31,0.0,-0.1,0.1
NOP14,4,2963165,NM_001291978.2:c.155T>C,NP_001278907.1:p.Val52Ala,0.209,25.3,['Unknown%20significance'],91.61,0.53,0.0,0.4,0.4
NOP14,4,2963166,NM_001291978.2:c.154G>T,NP_001278907.1:p.Val52Leu,0.092,23.0,['Unknown%20significance'],91.61,0.53,0.0,0.0,0.0
NOP14,4,2963166,NM_001291978.2:c.154G>C,NP_001278907.1:p.Val52Leu,0.092,23.0,['Unknown%20significance'],91.61,0.53,0.0,0.0,0.0
NOP14,4,2963166,NM_001291978.2:c.154G>A,NP_001278907.1:p.Val52Met,0.217,27.4,['Unknown%20significance'],91.61,0.53,0.0,0.0,0.0
NOP14,4,2963167,NM_001291978.2:c.153C>G,NP_001278907.1:p.Asp51Glu,0.125,24.2,['Unknown%20significance'],28.07,0.17,0.0,-0.1,0.1
NOP14,4,2963168,NM_001291978.2:c.152A>T,NP_001278907.1:p.Asp51Val,0.251,28.3,['Unknown%20significance'],28.07,0.17,0.0,-0.3,0.3
NOP14,4,2963168,NM_001291978.2:c.152A>G,NP_001278907.1:p.Asp51Gly,0.169,25.1,['Unknown%20significance'],28.07,0.17,0.0,1.0,1.0
NOP14,4,2963168,NM_001291978.2:c.152A>C,NP_001278907.1:p.Asp51Ala,0.148,23.6,['Likely%20benign'],28.07,0.17,0.0,0.4,0.4
NOP14,4,2963169,NM_001291978.2:c.151G>A,NP_001278907.1:p.Asp51Asn,0.274,29.4,['Unknown%20significance'],28.07,0.17,0.0,0.1,0.1
NOP14,4,2963170,NM_001291978.2:c.150C>A,NP_001278907.1:p.His50Gln,0.214,25.7,['Unknown%20significance'],189.1,0.92,0.0,0.0,0.0
NOP14,4,2963171,NM_001291978.2:c.149A>G,NP_001278907.1:p.His50Arg,0.293,28.9,['Unknown%20significance'],189.1,0.92,0.0,0.0,0.0
NOP14,4,2963174,NM_001291978.2:c.146G>T,NP_001278907.1:p.Arg49Leu,0.231,29.6,['Unknown%20significance'],228.01,0.84,0.0,0.2,0.2
NOP14,4,2963174,NM_001291978.2:c.146G>A,NP_001278907.1:p.Arg49His,0.138,29.1,['Unknown%20significance'],228.01,0.84,0.0,0.1,0.1
NOP14,4,2963175,NM_001291978.2:c.145C>A,NP_001278907.1:p.Arg49Ser,0.222,31,['Unknown%20significance'],228.01,0.84,0.0,0.2,0.2
NOP14,4,2963177,NM_001291978.2:c.143C>T,NP_001278907.1:p.Thr48Met,0.056,23.7,['Unknown%20significance'],60.45,0.38,0.0,-0.1,0.1
NOP14,4,2963177,NM_001291978.2:c.143C>G,NP_001278907.1:p.Thr48Arg,0.158,27.9,['Unknown%20significance'],60.45,0.38,0.0,0.2,0.2
NOP14,4,2963178,NM_001291978.2:c.142A>G,NP_001278907.1:p.Thr48Ala,0.025,22.6,['Likely%20benign'],60.45,0.38,0.0,0.4,0.4
NOP14,4,2963179,NM_001291978.2:c.141G>T,NP_001278907.1:p.Lys47Asn,0.274,26.5,['Unknown%20significance'],200.49,0.84,0.0,-0.1,0.1
NOP14,4,2963180,NM_001291978.2:c.140A>G,NP_001278907.1:p.Lys47Arg,0.240,27.6,['Unknown%20significance'],200.49,0.84,0.0,-0.2,0.2
NOP14,4,2963183,NM_001291978.2:c.137G>T,NP_001278907.1:p.Arg46Leu,0.422,32,['Unknown%20significance'],170.23,0.63,0.0,0.1,0.1
NOP14,4,2963183,NM_001291978.2:c.137G>A,NP_001278907.1:p.Arg46Gln,0.293,27.0,['Unknown%20significance'],170.23,0.63,0.0,0.2,0.2
NOP14,4,2963184,NM_001291978.2:c.136C>T,NP_001278907.1:p.Arg46Trp,0.549,24.2,['Unknown%20significance'],170.23,0.63,0.0,0.0,0.0
NOP14,4,2963184,NM_001291978.2:c.136C>G,NP_001278907.1:p.Arg46Gly,0.521,23.7,['Pathogenic'],170.23,0.63,0.0,0.8,0.8
NOP14,4,2963186,NM_001291978.2:c.134G>A,NP_001278907.1:p.Gly45Asp,0.624,29.3,['Unknown%20significance'],73.06,0.76,0.0,0.2,0.2
NOP14,4,2963187,NM_001291978.2:c.133G>A,NP_001278907.1:p.Gly45Ser,0.650,29.8,['Unknown%20significance'],73.06,0.76,0.0,0.2,0.2
NOP14,4,2963195,NM_001291978.2:c.125A>G,NP_001278907.1:p.Gln42Arg,0.053,22.5,['Likely%20benign'],172.05,0.87,0.0,0.1,0.1
NOP14,4,2963196,NM_001291978.2:c.124C>A,NP_001278907.1:p.Gln42Lys,0.035,22.0,['Likely%20benign'],172.05,0.87,0.0,0.3,0.3
NOP14,4,2963197,NM_001291978.2:c.123C>A,NP_001278907.1:p.Phe41Leu,0.406,25.2,['Unknown%20significance'],172.61,0.75,0.0,0.3,0.3
NOP14,4,2963199,NM_001291978.2:c.121T>G,NP_001278907.1:p.Phe41Val,0.631,27.7,['Unknown%20significance'],172.61,0.75,0.0,0.4,0.4
NOP14,4,2963199,NM_001291978.2:c.121T>C,NP_001278907.1:p.Phe41Leu,0.471,27.9,['Unknown%20significance'],172.61,0.75,0.0,0.3,0.3
NOP14,4,2963201,NM_001291978.2:c.119A>G,NP_001278907.1:p.Lys40Arg,0.803,32,['Unknown%20significance'],213.85,0.9,0.0,-0.1,0.1
NOP14,4,2963202,NM_001291978.2:c.118A>C,NP_001278907.1:p.Lys40Gln,0.866,32,['Unknown%20significance'],213.85,0.9,0.0,-0.1,0.1
NOP14,4,2963203,NM_001291978.2:c.117G>C,NP_001278907.1:p.Gln39His,0.125,27.2,['Unknown%20significance'],72.99,0.36,0.0,0.2,0.2
NOP14,4,2963204,NM_001291978.2:c.116A>T,NP_001278907.1:p.Gln39Leu,0.238,26.2,['Unknown%20significance'],72.99,0.36,0.0,0.2,0.2
NOP14,4,2963204,NM_001291978.2:c.116A>G,NP_001278907.1:p.Gln39Arg,0.169,25.5,['Unknown%20significance'],72.99,0.36,0.0,0.1,0.1
NOP14,4,2963208,NM_001291978.2:c.112A>G,NP_001278907.1:p.Arg38Gly,0.337,24.2,['Unknown%20significance'],259.72,0.96,0.0,0.2,0.2
NOP14,4,2963209,NM_001291978.2:c.111C>A,NP_001278907.1:p.Asn37Lys,0.300,26.5,['Unknown%20significance'],55.69,0.34,0.0,0.9,0.9
NOP14,4,2963210,NM_001291978.2:c.110A>T,NP_001278907.1:p.Asn37Ile,0.529,32,['Unknown%20significance'],55.69,0.34,0.0,0.1,0.1
NOP14,4,2963214,NM_001291978.2:c.106G>T,NP_001278907.1:p.Val36Phe,0.178,25.3,['Unknown%20significance'],125.98,0.73,0.0,-0.0,0.0
NOP14,4,2963215,NM_001291978.2:c.105A>T,NP_001278907.1:p.Lys35Asn,0.334,25.5,['Unknown%20significance'],141.19,0.59,0.0,0.2,0.2
NOP14,4,2963219,NM_001291978.2:c.101T>G,NP_001278907.1:p.Val34Gly,0.591,32,['Unknown%20significance'],37.68,0.21,0.0,2.4,2.4
NOP14,4,2963220,NM_001291978.2:c.100G>A,NP_001278907.1:p.Val34Met,0.247,28.1,['Unknown%20significance'],37.68,0.21,0.0,0.2,0.2
NOP14,4,2963221,NM_001291978.2:c.99G>C,NP_001278907.1:p.Glu33Asp,0.227,22.8,['Unknown%20significance'],69.15,0.35,0.0,0.2,0.2
NOP14,4,2963222,NM_001291978.2:c.98A>G,NP_001278907.1:p.Glu33Gly,0.615,32,['Unknown%20significance'],69.15,0.35,0.0,1.0,1.0
NOP14,4,2963222,NM_001291978.2:c.98A>C,NP_001278907.1:p.Glu33Ala,0.574,31,['Unknown%20significance'],69.15,0.35,0.0,0.4,0.4
NOP14,4,2963224,NM_001291978.2:c.96C>A,NP_001278907.1:p.Phe32Leu,0.705,25.0,['Unknown%20significance'],214.18,0.93,0.0,0.4,0.4
NOP14,4,2963226,NM_001291978.2:c.94T>C,NP_001278907.1:p.Phe32Leu,0.881,29.7,['Unknown%20significance'],214.18,0.93,0.0,0.4,0.4
NOP14,4,2963228,NM_001291978.2:c.92C>G,NP_001278907.1:p.Pro31Arg,0.643,28.5,['Unknown%20significance'],120.31,0.76,0.0,0.4,0.4
NOP14,4,2963231,NM_001291978.2:c.89A>G,NP_001278907.1:p.Asn30Ser,0.748,26.2,['Unknown%20significance'],72.45,0.45,0.0,0.5,0.5
NOP14,4,2963232,NM_001291978.2:c.88A>G,NP_001278907.1:p.Asn30Asp,0.753,27.7,['Unknown%20significance'],72.45,0.45,0.0,0.6,0.6
NOP14,4,2963234,NM_001291978.2:c.86C>T,NP_001278907.1:p.Ser29Phe,0.158,25.1,['Unknown%20significance'],70.04,0.5,0.0,-0.8,0.8
NOP14,4,2963234,NM_001291978.2:c.86C>A,NP_001278907.1:p.Ser29Tyr,0.113,24.6,['Unknown%20significance'],70.04,0.5,0.0,-0.9,0.9
NOP14,4,2963235,NM_001291978.2:c.85T>G,NP_001278907.1:p.Ser29Ala,0.047,16.30,['Likely%20benign'],70.04,0.5,0.0,-0.0,0.0
NOP14,4,2963235,NM_001291978.2:c.85T>C,NP_001278907.1:p.Ser29Pro,0.048,17.83,['Likely%20benign'],70.04,0.5,0.0,0.0,0.0
NOP14,4,2963238,NM_001291978.2:c.82A>C,NP_001278907.1:p.Asn28His,0.133,16.71,['Unknown%20significance'],175.58,1.0,0.0,-0.0,0.0
NOP14,4,2963240,NM_001291978.2:c.80C>T,NP_001278907.1:p.Ala27Val,0.065,10.07,['Likely%20benign'],108.87,0.85,0.0,-0.1,0.1
NOP14,4,2963240,NM_001291978.2:c.80C>G,NP_001278907.1:p.Ala27Gly,0.052,16.12,['Likely%20benign'],108.87,0.85,0.0,0.1,0.1
NOP14,4,2963241,NM_001291978.2:c.79G>A,NP_001278907.1:p.Ala27Thr,0.025,12.93,['Likely%20benign'],108.87,0.85,0.0,-0.1,0.1
NOP14,4,2963242,NM_001291978.2:c.78G>T,NP_001278907.1:p.Lys26Asn,0.070,20.7,['Likely%20benign'],218.47,0.92,0.0,-0.1,0.1
NOP14,4,2963242,NM_001291978.2:c.78G>C,NP_001278907.1:p.Lys26Asn,0.070,20.8,['Likely%20benign'],218.47,0.92,0.0,-0.1,0.1
NOP14,4,2963246,NM_001291978.2:c.74C>T,NP_001278907.1:p.Ala25Val,0.068,15.32,['Likely%20benign'],123.54,0.97,0.0,-0.0,0.0
NOP14,4,2963247,NM_001291978.2:c.73G>T,NP_001278907.1:p.Ala25Ser,0.027,12.68,['Likely%20benign'],123.54,0.97,0.0,0.0,0.0
NOP14,4,2963247,NM_001291978.2:c.73G>A,NP_001278907.1:p.Ala25Thr,0.021,14.72,['Likely%20benign'],123.54,0.97,0.0,-0.0,0.0
NOP14,4,2963249,NM_001291978.2:c.71C>T,NP_001278907.1:p.Pro24Leu,0.024,13.30,['Likely%20benign'],144.78,0.92,0.0,-0.1,0.1
NOP14,4,2963250,NM_001291978.2:c.70C>T,NP_001278907.1:p.Pro24Ser,0.026,9.339,['Likely%20benign'],144.78,0.92,0.0,-0.0,0.0
NOP14,4,2963250,NM_001291978.2:c.70C>A,NP_001278907.1:p.Pro24Thr,0.021,9.257,['Likely%20benign'],144.78,0.92,0.0,-0.1,0.1
NOP14,4,2963252,NM_001291978.2:c.68G>T,NP_001278907.1:p.Gly23Val,0.027,9.955,['Likely%20benign'],73.79,0.77,0.0,-0.3,0.3
NOP14,4,2963253,NM_001291978.2:c.67G>A,NP_001278907.1:p.Gly23Ser,0.035,10.99,['Likely%20benign'],73.79,0.77,0.0,-0.2,0.2
NOP14,4,2963255,NM_001291978.2:c.65G>A,NP_001278907.1:p.Gly22Glu,0.029,10.62,['Likely%20benign'],90.07,0.94,0.0,-0.1,0.1
NOP14,4,2963256,NM_001291978.2:c.64G>A,NP_001278907.1:p.Gly22Arg,0.010,10.09,['Likely%20benign'],90.07,0.94,0.0,-0.1,0.1
NOP14,4,2963261,NM_001291978.2:c.59C>T,NP_001278907.1:p.Ala20Val,0.033,15.42,['Benign'],113.5,0.89,0.0,-0.0,0.0
NOP14,4,2963261,NM_001291978.2:c.59C>G,NP_001278907.1:p.Ala20Gly,0.055,19.96,['Likely%20benign'],113.5,0.89,0.0,0.1,0.1
NOP14,4,2963261,NM_001291978.2:c.59C>A,NP_001278907.1:p.Ala20Glu,0.086,17.81,['Unknown%20significance'],113.5,0.89,0.0,-0.0,0.0
NOP14,4,2963262,NM_001291978.2:c.58G>C,NP_001278907.1:p.Ala20Pro,0.096,19.59,['Likely%20benign'],113.5,0.89,0.0,0.1,0.1
NOP14,4,2963264,NM_001291978.2:c.56G>C,NP_001278907.1:p.Gly19Ala,0.055,13.58,['Likely%20benign'],85.9,0.9,0.0,-0.1,0.1
NOP14,4,2963264,NM_001291978.2:c.56G>A,NP_001278907.1:p.Gly19Glu,0.076,22.7,['Likely%20benign'],85.9,0.9,0.0,-0.1,0.1
NOP14,4,2963265,NM_001291978.2:c.55G>A,NP_001278907.1:p.Gly19Arg,0.057,16.80,['Likely%20benign'],85.9,0.9,0.0,-0.1,0.1
NOP14,4,2963267,NM_001291978.2:c.53C>T,NP_001278907.1:p.Ala18Val,0.053,16.89,['Likely%20benign'],128.07,1.0,0.0,-0.1,0.1
NOP14,4,2963268,NM_001291978.2:c.52G>T,NP_001278907.1:p.Ala18Ser,0.036,15.27,['Likely%20benign'],128.07,1.0,0.0,0.0,0.0
NOP14,4,2963268,NM_001291978.2:c.52G>C,NP_001278907.1:p.Ala18Pro,0.029,17.66,['Likely%20benign'],128.07,1.0,0.0,0.1,0.1
NOP14,4,2963270,NM_001291978.2:c.50C>T,NP_001278907.1:p.Pro17Leu,0.029,15.96,['Likely%20benign'],147.6,0.93,0.0,-0.0,0.0
NOP14,4,2963271,NM_001291978.2:c.49C>T,NP_001278907.1:p.Pro17Ser,0.075,15.19,['Likely%20benign'],147.6,0.93,0.0,0.1,0.1
NOP14,4,2963271,NM_001291978.2:c.49C>G,NP_001278907.1:p.Pro17Ala,0.080,14.14,['Likely%20benign'],147.6,0.93,0.0,0.1,0.1
NOP14,4,2963273,NM_001291978.2:c.47C>T,NP_001278907.1:p.Ala16Val,0.041,16.72,['Likely%20benign'],115.74,0.91,0.0,-0.0,0.0
NOP14,4,2963273,NM_001291978.2:c.47C>A,NP_001278907.1:p.Ala16Glu,0.058,15.66,['Likely%20benign'],115.74,0.91,0.0,0.1,0.1
NOP14,4,2963276,NM_001291978.2:c.44G>A,NP_001278907.1:p.Gly15Glu,0.033,6.197,['Likely%20benign'],80.09,0.84,0.0,-0.0,0.0
NOP14,4,2963277,NM_001291978.2:c.43G>A,NP_001278907.1:p.Gly15Arg,0.062,14.67,['Likely%20benign'],80.09,0.84,0.0,-0.1,0.1
NOP14,4,2963279,NM_001291978.2:c.41C>T,NP_001278907.1:p.Ser14Phe,0.025,9.860,['Likely%20benign'],130.46,0.94,0.0,-0.1,0.1
NOP14,4,2963279,NM_001291978.2:c.41C>A,NP_001278907.1:p.Ser14Tyr,0.015,7.752,['Likely%20benign'],130.46,0.94,0.0,-0.1,0.1
NOP14,4,2963280,NM_001291978.2:c.40T>C,NP_001278907.1:p.Ser14Pro,0.071,12.60,['Likely%20benign'],130.46,0.94,0.0,0.0,0.0
NOP14,4,2963282,NM_001291978.2:c.38C>T,NP_001278907.1:p.Ala13Val,0.025,10.09,['Likely%20benign'],113.8,0.89,0.0,-0.1,0.1
NOP14,4,2963282,NM_001291978.2:c.38C>A,NP_001278907.1:p.Ala13Asp,0.028,10.49,['Likely%20benign'],113.8,0.89,0.0,-0.0,0.0
NOP14,4,2963283,NM_001291978.2:c.37G>A,NP_001278907.1:p.Ala13Thr,0.064,2.928,['Likely%20benign'],113.8,0.89,0.0,-0.0,0.0
NOP14,4,2963284,NM_001291978.2:c.36G>T,NP_001278907.1:p.Lys12Asn,0.071,17.58,['Unknown%20significance'],235.87,0.99,0.0,-0.1,0.1
NOP14,4,2963284,NM_001291978.2:c.36G>C,NP_001278907.1:p.Lys12Asn,0.071,17.72,['Unknown%20significance'],235.87,0.99,0.0,-0.1,0.1
NOP14,4,2963285,NM_001291978.2:c.35A>G,NP_001278907.1:p.Lys12Arg,0.031,10.42,['Likely%20benign'],235.87,0.99,0.0,-0.1,0.1
NOP14,4,2963286,NM_001291978.2:c.34A>C,NP_001278907.1:p.Lys12Gln,0.060,15.84,['Likely%20benign'],235.87,0.99,0.0,-0.1,0.1
NOP14,4,2963288,NM_001291978.2:c.32G>A,NP_001278907.1:p.Arg11Lys,0.052,13.67,['Likely%20benign'],252.28,0.93,0.0,0.1,0.1
NOP14,4,2963289,NM_001291978.2:c.31A>G,NP_001278907.1:p.Arg11Gly,0.025,13.66,['Likely%20benign'],252.28,0.93,0.0,0.2,0.2
NOP14,4,2963291,NM_001291978.2:c.29G>T,NP_001278907.1:p.Arg10Leu,0.027,19.81,['Unknown%20significance'],260.14,0.96,0.0,0.1,0.1
NOP14,4,2963291,NM_001291978.2:c.29G>A,NP_001278907.1:p.Arg10Gln,0.012,18.72,['Likely%20benign'],260.14,0.96,0.0,0.0,0.0
NOP14,4,2963292,NM_001291978.2:c.28C>G,NP_001278907.1:p.Arg10Gly,0.048,14.29,['Likely%20benign'],260.14,0.96,0.0,0.2,0.2
NOP14,4,2963294,NM_001291978.2:c.26C>T,NP_001278907.1:p.Ala9Val,0.029,12.23,['Likely%20benign'],118.74,0.93,0.0,0.0,0.0
NOP14,4,2963294,NM_001291978.2:c.26C>A,NP_001278907.1:p.Ala9Glu,0.022,11.14,['Likely%20benign'],118.74,0.93,0.0,-0.0,0.0
NOP14,4,2963295,NM_001291978.2:c.25G>A,NP_001278907.1:p.Ala9Thr,0.019,10.13,['Likely%20benign'],118.74,0.93,0.0,-0.0,0.0
NOP14,4,2963297,NM_001291978.2:c.23G>C,NP_001278907.1:p.Gly8Ala,0.023,6.012,['Likely%20benign'],72.06,0.75,0.0,0.0,0.0
NOP14,4,2963297,NM_001291978.2:c.23G>A,NP_001278907.1:p.Gly8Glu,0.017,14.06,['Likely%20benign'],72.06,0.75,0.0,-0.1,0.1
NOP14,4,2963298,NM_001291978.2:c.22G>T,NP_001278907.1:p.Gly8Trp,0.055,19.54,['Likely%20benign'],72.06,0.75,0.0,-0.1,0.1
NOP14,4,2963298,NM_001291978.2:c.22G>C,NP_001278907.1:p.Gly8Arg,0.022,7.035,['Unknown%20significance'],72.06,0.75,0.0,0.0,0.0
NOP14,4,2963298,NM_001291978.2:c.22G>A,NP_001278907.1:p.Gly8Arg,0.022,7.960,['Likely%20benign'],72.06,0.75,0.0,0.0,0.0
NOP14,4,2963300,NM_001291978.2:c.20T>A,NP_001278907.1:p.Val7Asp,0.089,20.2,['Likely%20benign'],171.58,0.99,0.0,0.0,0.0
NOP14,4,2963301,NM_001291978.2:c.19G>C,NP_001278907.1:p.Val7Leu,0.030,12.02,['Unknown%20significance'],171.58,0.99,0.0,0.0,0.0
NOP14,4,2963301,NM_001291978.2:c.19G>A,NP_001278907.1:p.Val7Ile,0.021,10.52,['Likely%20benign'],171.58,0.99,0.0,0.0,0.0
NOP14,4,2963302,NM_001291978.2:c.18G>T,NP_001278907.1:p.Lys6Asn,0.041,4.752,['Likely%20benign'],235.08,0.99,0.0,-0.1,0.1
NOP14,4,2963302,NM_001291978.2:c.18G>C,NP_001278907.1:p.Lys6Asn,0.041,4.946,['Likely%20benign'],235.08,0.99,0.0,-0.1,0.1
NOP14,4,2963303,NM_001291978.2:c.17A>T,NP_001278907.1:p.Lys6Met,0.021,9.157,['Likely%20benign'],235.08,0.99,0.0,-0.1,0.1
NOP14,4,2963303,NM_001291978.2:c.17A>G,NP_001278907.1:p.Lys6Arg,0.042,6.228,['Likely%20benign'],235.08,0.99,0.0,-0.1,0.1
NOP14,4,2963304,NM_001291978.2:c.16A>G,NP_001278907.1:p.Lys6Glu,0.034,0.421,['Unknown%20significance'],235.08,0.99,0.0,-0.1,0.1
NOP14,4,2963309,NM_001291978.2:c.11C>T,NP_001278907.1:p.Ala4Val,0.044,22.4,['Likely%20benign'],112.02,0.88,0.0,-0.1,0.1
NOP14,4,2963309,NM_001291978.2:c.11C>G,NP_001278907.1:p.Ala4Gly,0.062,22.6,['Unknown%20significance'],112.02,0.88,0.0,0.1,0.1
NOP14,4,2963310,NM_001291978.2:c.10G>T,NP_001278907.1:p.Ala4Ser,0.046,13.77,['Likely%20benign'],112.02,0.88,0.0,0.0,0.0
NOP14,4,2963313,NM_001291978.2:c.7A>G,NP_001278907.1:p.Lys3Glu,0.211,25.5,['Unknown%20significance'],229.84,0.97,0.0,-0.0,0.0
NOP14,4,2963315,NM_001291978.2:c.5C>T,NP_001278907.1:p.Ala2Val,0.059,15.86,['Likely%20benign'],115.33,0.9,0.0,0.0,0.0
NOP14,4,2963315,NM_001291978.2:c.5C>G,NP_001278907.1:p.Ala2Gly,0.101,11.51,['Likely%20benign'],115.33,0.9,0.0,0.0,0.0
NOP14,4,2963315,NM_001291978.2:c.5C>A,NP_001278907.1:p.Ala2Glu,0.065,18.81,['Likely%20benign'],115.33,0.9,0.0,0.1,0.1
NOP14,4,2963316,NM_001291978.2:c.4G>T,NP_001278907.1:p.Ala2Ser,0.071,19.57,['Unknown%20significance'],115.33,0.9,0.0,0.1,0.1