Gene,Chrom,Position,DNA_change,Protein_Change,Revel,CADDPhred,Classification,Surface Area,Normalized SA,Confidence Score,ddG,|ddG|
SPNS2,17,4499051,NM_001124758.3:c.4A>G,NP_001118230.1:p.Met2Val,0.086,20.8,['Unknown%20significance'],3.01,0.01,0.0,0.9,0.9
SPNS2,17,4499051,NM_001124758.3:c.4A>T,NP_001118230.1:p.Met2Leu,0.097,22.0,['Unknown%20significance'],3.01,0.01,0.0,0.3,0.3
SPNS2,17,4499052,NM_001124758.3:c.5T>C,NP_001118230.1:p.Met2Thr,0.081,22.1,['Unknown%20significance'],3.01,0.01,0.0,2.0,2.0
SPNS2,17,4499052,NM_001124758.3:c.5T>G,NP_001118230.1:p.Met2Arg,0.092,22.7,['Unknown%20significance'],3.01,0.01,0.0,2.0,2.0
SPNS2,17,4499055,NM_001124758.3:c.8G>A,NP_001118230.1:p.Cys3Tyr,0.036,22.6,['Unknown%20significance'],0.0,0.0,0.0,-0.3,0.3
SPNS2,17,4499057,NM_001124758.3:c.10C>A,NP_001118230.1:p.Leu4Met,0.068,22.3,['Unknown%20significance'],9.31,0.04,0.0,-0.0,0.0
SPNS2,17,4499058,NM_001124758.3:c.11T>A,NP_001118230.1:p.Leu4Gln,0.043,22.8,['Unknown%20significance'],9.31,0.04,0.0,1.3,1.3
SPNS2,17,4499058,NM_001124758.3:c.11T>C,NP_001118230.1:p.Leu4Pro,0.073,23.1,['Unknown%20significance'],9.31,0.04,0.0,2.1,2.1
SPNS2,17,4499058,NM_001124758.3:c.11T>G,NP_001118230.1:p.Leu4Arg,0.029,22.8,['Unknown%20significance'],9.31,0.04,0.0,0.8,0.8
SPNS2,17,4499063,NM_001124758.3:c.16T>C,NP_001118230.1:p.Cys6Arg,0.021,22.7,['Unknown%20significance'],2.9,0.01,0.0,0.0,0.0
SPNS2,17,4499064,NM_001124758.3:c.17G>A,NP_001118230.1:p.Cys6Tyr,0.070,22.6,['Unknown%20significance'],2.9,0.01,0.0,-0.7,0.7
SPNS2,17,4499064,NM_001124758.3:c.17G>T,NP_001118230.1:p.Cys6Phe,0.071,22.7,['Unknown%20significance'],2.9,0.01,0.0,-0.2,0.2
SPNS2,17,4499066,NM_001124758.3:c.19G>A,NP_001118230.1:p.Ala7Thr,0.044,22.6,['Unknown%20significance'],0.0,0.0,0.0,-0.3,0.3
SPNS2,17,4499066,NM_001124758.3:c.19G>C,NP_001118230.1:p.Ala7Pro,0.060,22.8,['Unknown%20significance'],0.0,0.0,0.0,0.5,0.5
SPNS2,17,4499066,NM_001124758.3:c.19G>T,NP_001118230.1:p.Ala7Ser,0.029,22.0,['Unknown%20significance'],0.0,0.0,0.0,0.0,0.0
SPNS2,17,4499067,NM_001124758.3:c.20C>A,NP_001118230.1:p.Ala7Asp,0.027,21.3,['Unknown%20significance'],0.0,0.0,0.0,0.8,0.8
SPNS2,17,4499067,NM_001124758.3:c.20C>T,NP_001118230.1:p.Ala7Val,0.027,21.3,['Unknown%20significance'],0.0,0.0,0.0,-0.5,0.5
SPNS2,17,4499069,NM_001124758.3:c.22T>A,NP_001118230.1:p.Ser8Thr,0.062,21.7,['Unknown%20significance'],52.85,0.38,0.0,-0.1,0.1
SPNS2,17,4499069,NM_001124758.3:c.22T>C,NP_001118230.1:p.Ser8Pro,0.068,22.8,['Unknown%20significance'],52.85,0.38,0.0,0.2,0.2
SPNS2,17,4499070,NM_001124758.3:c.23C>T,NP_001118230.1:p.Ser8Leu,0.085,22.7,['Unknown%20significance'],52.85,0.38,0.0,-0.3,0.3
SPNS2,17,4499072,NM_001124758.3:c.25G>C,NP_001118230.1:p.Ala9Pro,0.072,22.5,['Unknown%20significance'],0.57,0.0,0.0,0.5,0.5
SPNS2,17,4499073,NM_001124758.3:c.26C>A,NP_001118230.1:p.Ala9Glu,0.077,22.1,['Unknown%20significance'],0.57,0.0,0.0,0.4,0.4
SPNS2,17,4499073,NM_001124758.3:c.26C>G,NP_001118230.1:p.Ala9Gly,0.058,22.4,['Likely%20benign'],0.57,0.0,0.0,1.1,1.1
SPNS2,17,4499073,NM_001124758.3:c.26C>T,NP_001118230.1:p.Ala9Val,0.071,22.4,['Likely%20benign'],0.57,0.0,0.0,-0.4,0.4
SPNS2,17,4499075,NM_001124758.3:c.28G>A,NP_001118230.1:p.Ala10Thr,0.074,23.8,['Unknown%20significance'],4.53,0.03,0.0,-0.2,0.2
SPNS2,17,4499075,NM_001124758.3:c.28G>T,NP_001118230.1:p.Ala10Ser,0.075,23.4,['Unknown%20significance'],4.53,0.03,0.0,0.1,0.1
SPNS2,17,4499076,NM_001124758.3:c.29C>A,NP_001118230.1:p.Ala10Glu,0.074,23.3,['Unknown%20significance'],4.53,0.03,0.0,0.4,0.4
SPNS2,17,4499076,NM_001124758.3:c.29C>T,NP_001118230.1:p.Ala10Val,0.073,23.4,['Unknown%20significance'],4.53,0.03,0.0,-0.5,0.5
SPNS2,17,4499078,NM_001124758.3:c.31G>A,NP_001118230.1:p.Ala11Thr,0.063,23.6,['Likely%20benign'],6.09,0.04,0.0,-0.2,0.2
SPNS2,17,4499078,NM_001124758.3:c.31G>C,NP_001118230.1:p.Ala11Pro,0.052,23.7,['Unknown%20significance'],6.09,0.04,0.0,0.4,0.4
SPNS2,17,4499078,NM_001124758.3:c.31G>T,NP_001118230.1:p.Ala11Ser,0.059,23.2,['Unknown%20significance'],6.09,0.04,0.0,0.0,0.0
SPNS2,17,4499079,NM_001124758.3:c.32C>A,NP_001118230.1:p.Ala11Glu,0.064,23.3,['Unknown%20significance'],6.09,0.04,0.0,0.2,0.2
SPNS2,17,4499079,NM_001124758.3:c.32C>G,NP_001118230.1:p.Ala11Gly,0.074,23.6,['Likely%20benign'],6.09,0.04,0.0,0.9,0.9
SPNS2,17,4499079,NM_001124758.3:c.32C>T,NP_001118230.1:p.Ala11Val,0.062,23.5,['Likely%20benign'],6.09,0.04,0.0,-0.3,0.3
SPNS2,17,4499081,NM_001124758.3:c.34G>A,NP_001118230.1:p.Gly12Ser,0.033,21.2,['Unknown%20significance'],17.27,0.18,0.0,-0.7,0.7
SPNS2,17,4499081,NM_001124758.3:c.34G>T,NP_001118230.1:p.Gly12Cys,0.066,23.1,['Unknown%20significance'],17.27,0.18,0.0,-0.4,0.4
SPNS2,17,4499082,NM_001124758.3:c.35G>A,NP_001118230.1:p.Gly12Asp,0.065,21.9,['Unknown%20significance'],17.27,0.18,0.0,-0.3,0.3
SPNS2,17,4499082,NM_001124758.3:c.35G>T,NP_001118230.1:p.Gly12Val,0.045,22.3,['Unknown%20significance'],17.27,0.18,0.0,-0.9,0.9
SPNS2,17,4499084,NM_001124758.3:c.37G>A,NP_001118230.1:p.Gly13Ser,0.090,22.1,['Likely%20benign'],2.6,0.02,0.0,-0.8,0.8
SPNS2,17,4499084,NM_001124758.3:c.37G>T,NP_001118230.1:p.Gly13Cys,0.080,23.6,['Unknown%20significance'],2.6,0.02,0.0,-0.5,0.5
SPNS2,17,4499085,NM_001124758.3:c.38G>A,NP_001118230.1:p.Gly13Asp,0.071,22.5,['Likely%20benign'],2.6,0.02,0.0,-0.4,0.4
SPNS2,17,4499085,NM_001124758.3:c.38G>T,NP_001118230.1:p.Gly13Val,0.064,23.4,['Unknown%20significance'],2.6,0.02,0.0,-0.9,0.9
SPNS2,17,4499087,NM_001124758.3:c.40G>A,NP_001118230.1:p.Ala14Thr,0.064,22.1,['Unknown%20significance'],23.3,0.18,0.0,-0.3,0.3
SPNS2,17,4499087,NM_001124758.3:c.40G>T,NP_001118230.1:p.Ala14Ser,0.071,19.09,['Unknown%20significance'],23.3,0.18,0.0,-0.1,0.1
SPNS2,17,4499088,NM_001124758.3:c.41C>A,NP_001118230.1:p.Ala14Glu,0.071,21.9,['Likely%20benign'],23.3,0.18,0.0,0.2,0.2
SPNS2,17,4499088,NM_001124758.3:c.41C>T,NP_001118230.1:p.Ala14Val,0.036,22.3,['Unknown%20significance'],23.3,0.18,0.0,-0.4,0.4
SPNS2,17,4499090,NM_001124758.3:c.43G>A,NP_001118230.1:p.Glu15Lys,0.108,23.1,['Unknown%20significance'],47.97,0.24,0.0,0.0,0.0
SPNS2,17,4499091,NM_001124758.3:c.44A>G,NP_001118230.1:p.Glu15Gly,0.049,23.2,['Unknown%20significance'],47.97,0.24,0.0,0.7,0.7
SPNS2,17,4499092,NM_001124758.3:c.45G>T,NP_001118230.1:p.Glu15Asp,0.055,20.1,['Unknown%20significance'],47.97,0.24,0.0,0.1,0.1
SPNS2,17,4499094,NM_001124758.3:c.47A>G,NP_001118230.1:p.Glu16Gly,0.078,21.7,['Unknown%20significance'],35.8,0.18,0.0,0.6,0.6
SPNS2,17,4499095,NM_001124758.3:c.48G>T,NP_001118230.1:p.Glu16Asp,0.086,20.7,['Likely%20benign'],35.8,0.18,0.0,0.1,0.1
SPNS2,17,4499096,NM_001124758.3:c.49G>A,NP_001118230.1:p.Glu17Lys,0.079,22.4,['Unknown%20significance'],60.47,0.3,0.0,0.0,0.0
SPNS2,17,4499097,NM_001124758.3:c.50A>T,NP_001118230.1:p.Glu17Val,0.071,22.9,['Unknown%20significance'],60.47,0.3,0.0,-0.1,0.1
SPNS2,17,4499098,NM_001124758.3:c.51G>C,NP_001118230.1:p.Glu17Asp,0.050,19.65,['Likely%20benign'],60.47,0.3,0.0,0.1,0.1
SPNS2,17,4499099,NM_001124758.3:c.52G>A,NP_001118230.1:p.Glu18Lys,0.061,24.2,['Unknown%20significance'],95.66,0.48,0.0,-0.1,0.1
SPNS2,17,4499099,NM_001124758.3:c.52G>C,NP_001118230.1:p.Glu18Gln,0.063,23.6,['Unknown%20significance'],95.66,0.48,0.0,-0.3,0.3
SPNS2,17,4499100,NM_001124758.3:c.53A>C,NP_001118230.1:p.Glu18Ala,0.046,23.6,['Likely%20benign'],95.66,0.48,0.0,0.0,0.0
SPNS2,17,4499100,NM_001124758.3:c.53A>G,NP_001118230.1:p.Glu18Gly,0.047,24.2,['Unknown%20significance'],95.66,0.48,0.0,0.4,0.4
SPNS2,17,4499101,NM_001124758.3:c.54G>T,NP_001118230.1:p.Glu18Asp,0.046,19.74,['Unknown%20significance'],95.66,0.48,0.0,0.1,0.1
SPNS2,17,4499102,NM_001124758.3:c.55G>A,NP_001118230.1:p.Ala19Thr,0.054,20.7,['Unknown%20significance'],6.85,0.05,0.0,-0.4,0.4
SPNS2,17,4499102,NM_001124758.3:c.55G>T,NP_001118230.1:p.Ala19Ser,0.061,22.3,['Likely%20benign'],6.85,0.05,0.0,-0.1,0.1
SPNS2,17,4499103,NM_001124758.3:c.56C>A,NP_001118230.1:p.Ala19Glu,0.107,23.3,['Unknown%20significance'],6.85,0.05,0.0,-0.0,0.0
SPNS2,17,4499103,NM_001124758.3:c.56C>G,NP_001118230.1:p.Ala19Gly,0.067,22.6,['Unknown%20significance'],6.85,0.05,0.0,0.7,0.7
SPNS2,17,4499103,NM_001124758.3:c.56C>T,NP_001118230.1:p.Ala19Val,0.076,22.5,['Likely%20benign'],6.85,0.05,0.0,-0.5,0.5
SPNS2,17,4499105,NM_001124758.3:c.58G>T,NP_001118230.1:p.Asp20Tyr,0.126,24.2,['Unknown%20significance'],33.25,0.2,0.0,-1.0,1.0
SPNS2,17,4499106,NM_001124758.3:c.59A>G,NP_001118230.1:p.Asp20Gly,0.104,23.6,['Likely%20benign'],33.25,0.2,0.0,0.7,0.7
SPNS2,17,4499107,NM_001124758.3:c.60C>A,NP_001118230.1:p.Asp20Glu,0.071,22.8,['Unknown%20significance'],33.25,0.2,0.0,-0.2,0.2
SPNS2,17,4499108,NM_001124758.3:c.61G>A,NP_001118230.1:p.Ala21Thr,0.071,22.1,['Likely%20benign'],26.41,0.2,0.0,-0.2,0.2
SPNS2,17,4499109,NM_001124758.3:c.62C>A,NP_001118230.1:p.Ala21Glu,0.078,20.3,['Likely%20benign'],26.41,0.2,0.0,0.2,0.2
SPNS2,17,4499109,NM_001124758.3:c.62C>T,NP_001118230.1:p.Ala21Val,0.050,22.5,['Unknown%20significance'],26.41,0.2,0.0,-0.3,0.3
SPNS2,17,4499111,NM_001124758.3:c.64G>C,NP_001118230.1:p.Glu22Gln,0.071,22.3,['Unknown%20significance'],54.25,0.27,0.0,-0.2,0.2
SPNS2,17,4499112,NM_001124758.3:c.65A>G,NP_001118230.1:p.Glu22Gly,0.095,22.8,['Unknown%20significance'],54.25,0.27,0.0,0.6,0.6
SPNS2,17,4499113,NM_001124758.3:c.66G>T,NP_001118230.1:p.Glu22Asp,0.032,18.57,['Unknown%20significance'],54.25,0.27,0.0,0.1,0.1
SPNS2,17,4499114,NM_001124758.3:c.67C>G,NP_001118230.1:p.Arg23Gly,0.083,23.6,['Unknown%20significance'],73.37,0.27,0.0,1.2,1.2
SPNS2,17,4499114,NM_001124758.3:c.67C>T,NP_001118230.1:p.Arg23Trp,0.120,24.4,['Unknown%20significance'],73.37,0.27,0.0,-0.2,0.2
SPNS2,17,4499115,NM_001124758.3:c.68G>A,NP_001118230.1:p.Arg23Gln,0.047,21.5,['Unknown%20significance'],73.37,0.27,0.0,0.3,0.3
SPNS2,17,4499115,NM_001124758.3:c.68G>C,NP_001118230.1:p.Arg23Pro,0.074,24.1,['Unknown%20significance'],73.37,0.27,0.0,0.8,0.8
SPNS2,17,4499115,NM_001124758.3:c.68G>T,NP_001118230.1:p.Arg23Leu,0.053,23.9,['Unknown%20significance'],73.37,0.27,0.0,0.1,0.1
SPNS2,17,4499117,NM_001124758.3:c.70C>G,NP_001118230.1:p.Arg24Gly,0.039,21.3,['Likely%20benign'],118.52,0.43,0.0,1.0,1.0
SPNS2,17,4499117,NM_001124758.3:c.70C>T,NP_001118230.1:p.Arg24Trp,0.086,23.9,['Unknown%20significance'],118.52,0.43,0.0,-0.0,0.0
SPNS2,17,4499118,NM_001124758.3:c.71G>A,NP_001118230.1:p.Arg24Gln,0.055,22.6,['Unknown%20significance'],118.52,0.43,0.0,0.4,0.4
SPNS2,17,4499118,NM_001124758.3:c.71G>T,NP_001118230.1:p.Arg24Leu,0.058,22.7,['Unknown%20significance'],118.52,0.43,0.0,0.3,0.3
SPNS2,17,4499120,NM_001124758.3:c.73C>A,NP_001118230.1:p.Arg25Ser,0.073,21.2,['Likely%20benign'],184.17,0.68,0.0,0.3,0.3
SPNS2,17,4499120,NM_001124758.3:c.73C>T,NP_001118230.1:p.Arg25Cys,0.129,24.0,['Unknown%20significance'],184.17,0.68,0.0,0.3,0.3
SPNS2,17,4499121,NM_001124758.3:c.74G>A,NP_001118230.1:p.Arg25His,0.111,23.3,['Unknown%20significance'],184.17,0.68,0.0,0.1,0.1
SPNS2,17,4499121,NM_001124758.3:c.74G>T,NP_001118230.1:p.Arg25Leu,0.090,23.1,['Unknown%20significance'],184.17,0.68,0.0,-0.0,0.0
SPNS2,17,4499123,NM_001124758.3:c.76C>G,NP_001118230.1:p.Arg26Gly,0.049,22.2,['Unknown%20significance'],129.98,0.48,0.0,0.9,0.9
SPNS2,17,4499123,NM_001124758.3:c.76C>T,NP_001118230.1:p.Arg26Trp,0.102,24.8,['Unknown%20significance'],129.98,0.48,0.0,-0.1,0.1
SPNS2,17,4499124,NM_001124758.3:c.77G>A,NP_001118230.1:p.Arg26Gln,0.084,22.7,['Unknown%20significance'],129.98,0.48,0.0,0.3,0.3
SPNS2,17,4499124,NM_001124758.3:c.77G>T,NP_001118230.1:p.Arg26Leu,0.061,22.7,['Likely%20benign'],129.98,0.48,0.0,0.2,0.2
SPNS2,17,4499126,NM_001124758.3:c.79C>A,NP_001118230.1:p.Arg27Ser,0.076,23.6,['Unknown%20significance'],158.39,0.58,0.0,0.3,0.3
SPNS2,17,4499126,NM_001124758.3:c.79C>T,NP_001118230.1:p.Arg27Cys,0.084,24.7,['Likely%20benign'],158.39,0.58,0.0,0.5,0.5
SPNS2,17,4499127,NM_001124758.3:c.80G>A,NP_001118230.1:p.Arg27His,0.094,24.5,['Unknown%20significance'],158.39,0.58,0.0,0.1,0.1
SPNS2,17,4499127,NM_001124758.3:c.80G>T,NP_001118230.1:p.Arg27Leu,0.092,24.3,['Unknown%20significance'],158.39,0.58,0.0,0.1,0.1
SPNS2,17,4499129,NM_001124758.3:c.82C>G,NP_001118230.1:p.Arg28Gly,0.044,23.5,['Likely%20benign'],168.39,0.62,0.0,0.5,0.5
SPNS2,17,4499129,NM_001124758.3:c.82C>T,NP_001118230.1:p.Arg28Trp,0.097,24.4,['Unknown%20significance'],168.39,0.62,0.0,-0.1,0.1
SPNS2,17,4499130,NM_001124758.3:c.83G>A,NP_001118230.1:p.Arg28Gln,0.090,24.4,['Unknown%20significance'],168.39,0.62,0.0,0.2,0.2
SPNS2,17,4499130,NM_001124758.3:c.83G>C,NP_001118230.1:p.Arg28Pro,0.062,24.5,['Unknown%20significance'],168.39,0.62,0.0,0.3,0.3
SPNS2,17,4499130,NM_001124758.3:c.83G>T,NP_001118230.1:p.Arg28Leu,0.053,24.3,['Unknown%20significance'],168.39,0.62,0.0,0.1,0.1
SPNS2,17,4499132,NM_001124758.3:c.85G>A,NP_001118230.1:p.Gly29Arg,0.033,24.0,['Unknown%20significance'],40.7,0.42,0.0,-0.6,0.6
SPNS2,17,4499132,NM_001124758.3:c.85G>T,NP_001118230.1:p.Gly29Trp,0.075,25.0,['Unknown%20significance'],40.7,0.42,0.0,-0.8,0.8
SPNS2,17,4499133,NM_001124758.3:c.86G>A,NP_001118230.1:p.Gly29Glu,0.020,22.6,['Unknown%20significance'],40.7,0.42,0.0,-0.3,0.3
SPNS2,17,4499133,NM_001124758.3:c.86G>T,NP_001118230.1:p.Gly29Val,0.024,23.5,['Unknown%20significance'],40.7,0.42,0.0,-0.5,0.5
SPNS2,17,4499135,NM_001124758.3:c.88G>A,NP_001118230.1:p.Ala30Thr,0.032,24.1,['Unknown%20significance'],72.75,0.57,0.0,-0.2,0.2
SPNS2,17,4499135,NM_001124758.3:c.88G>T,NP_001118230.1:p.Ala30Ser,0.014,20.7,['Unknown%20significance'],72.75,0.57,0.0,-0.1,0.1
SPNS2,17,4499136,NM_001124758.3:c.89C>A,NP_001118230.1:p.Ala30Glu,0.026,23.5,['Unknown%20significance'],72.75,0.57,0.0,-0.1,0.1
SPNS2,17,4499136,NM_001124758.3:c.89C>G,NP_001118230.1:p.Ala30Gly,0.023,23.6,['Unknown%20significance'],72.75,0.57,0.0,0.3,0.3
SPNS2,17,4499136,NM_001124758.3:c.89C>T,NP_001118230.1:p.Ala30Val,0.033,23.6,['Unknown%20significance'],72.75,0.57,0.0,-0.2,0.2
SPNS2,17,4499138,NM_001124758.3:c.91C>A,NP_001118230.1:p.Gln31Lys,0.059,21.2,['Unknown%20significance'],140.83,0.71,0.0,0.3,0.3
SPNS2,17,4499139,NM_001124758.3:c.92A>G,NP_001118230.1:p.Gln31Arg,0.037,19.93,['Unknown%20significance'],140.83,0.71,0.0,-0.1,0.1
SPNS2,17,4499139,NM_001124758.3:c.92A>T,NP_001118230.1:p.Gln31Leu,0.064,19.52,['Unknown%20significance'],140.83,0.71,0.0,0.0,0.0
SPNS2,17,4499141,NM_001124758.3:c.94C>G,NP_001118230.1:p.Arg32Gly,0.065,22.7,['Unknown%20significance'],231.31,0.85,0.0,0.3,0.3
SPNS2,17,4499142,NM_001124758.3:c.95G>A,NP_001118230.1:p.Arg32Gln,0.025,17.35,['Unknown%20significance'],231.31,0.85,0.0,0.1,0.1
SPNS2,17,4499142,NM_001124758.3:c.95G>C,NP_001118230.1:p.Arg32Pro,0.046,17.71,['Likely%20benign'],231.31,0.85,0.0,0.2,0.2
SPNS2,17,4499142,NM_001124758.3:c.95G>T,NP_001118230.1:p.Arg32Leu,0.054,18.37,['Unknown%20significance'],231.31,0.85,0.0,0.1,0.1
SPNS2,17,4499144,NM_001124758.3:c.97G>A,NP_001118230.1:p.Gly33Arg,0.118,23.1,['Unknown%20significance'],70.72,0.74,0.0,-0.4,0.4
SPNS2,17,4499144,NM_001124758.3:c.97G>C,NP_001118230.1:p.Gly33Arg,0.118,23.0,['Unknown%20significance'],70.72,0.74,0.0,-0.4,0.4
SPNS2,17,4499144,NM_001124758.3:c.97G>T,NP_001118230.1:p.Gly33Trp,0.133,25.2,['Unknown%20significance'],70.72,0.74,0.0,-0.4,0.4
SPNS2,17,4499145,NM_001124758.3:c.98G>A,NP_001118230.1:p.Gly33Glu,0.106,22.9,['Unknown%20significance'],70.72,0.74,0.0,-0.2,0.2
SPNS2,17,4499145,NM_001124758.3:c.98G>T,NP_001118230.1:p.Gly33Val,0.074,22.7,['Unknown%20significance'],70.72,0.74,0.0,-0.2,0.2
SPNS2,17,4499147,NM_001124758.3:c.100G>A,NP_001118230.1:p.Ala34Thr,0.076,22.0,['Likely%20benign'],103.96,0.81,0.0,-0.1,0.1
SPNS2,17,4499147,NM_001124758.3:c.100G>T,NP_001118230.1:p.Ala34Ser,0.059,23.0,['Unknown%20significance'],103.96,0.81,0.0,-0.0,0.0
SPNS2,17,4499148,NM_001124758.3:c.101C>A,NP_001118230.1:p.Ala34Asp,0.056,23.3,['Unknown%20significance'],103.96,0.81,0.0,-0.0,0.0
SPNS2,17,4499148,NM_001124758.3:c.101C>G,NP_001118230.1:p.Ala34Gly,0.060,23.3,['Likely%20benign'],103.96,0.81,0.0,0.1,0.1
SPNS2,17,4499148,NM_001124758.3:c.101C>T,NP_001118230.1:p.Ala34Val,0.058,23.3,['Likely%20benign'],103.96,0.81,0.0,-0.1,0.1
SPNS2,17,4499150,NM_001124758.3:c.103G>A,NP_001118230.1:p.Gly35Ser,0.041,18.07,['Unknown%20significance'],58.95,0.61,0.0,-0.2,0.2
SPNS2,17,4499150,NM_001124758.3:c.103G>C,NP_001118230.1:p.Gly35Arg,0.084,22.8,['Unknown%20significance'],58.95,0.61,0.0,-0.4,0.4
SPNS2,17,4499150,NM_001124758.3:c.103G>T,NP_001118230.1:p.Gly35Cys,0.114,24.1,['Unknown%20significance'],58.95,0.61,0.0,-0.0,0.0
SPNS2,17,4499151,NM_001124758.3:c.104G>A,NP_001118230.1:p.Gly35Asp,0.122,18.79,['Unknown%20significance'],58.95,0.61,0.0,-0.1,0.1
SPNS2,17,4499153,NM_001124758.3:c.106G>A,NP_001118230.1:p.Gly36Ser,0.063,19.76,['Unknown%20significance'],93.44,0.98,0.0,-0.1,0.1
SPNS2,17,4499153,NM_001124758.3:c.106G>T,NP_001118230.1:p.Gly36Cys,0.096,23.3,['Unknown%20significance'],93.44,0.98,0.0,-0.0,0.0
SPNS2,17,4499154,NM_001124758.3:c.107G>A,NP_001118230.1:p.Gly36Asp,0.108,22.3,['Unknown%20significance'],93.44,0.98,0.0,-0.0,0.0
SPNS2,17,4499154,NM_001124758.3:c.107G>C,NP_001118230.1:p.Gly36Ala,0.109,20.9,['Unknown%20significance'],93.44,0.98,0.0,-0.1,0.1
SPNS2,17,4499156,NM_001124758.3:c.109A>G,NP_001118230.1:p.Ser37Gly,0.026,21.7,['Likely%20benign'],140.36,1.0,0.0,0.1,0.1
SPNS2,17,4499157,NM_001124758.3:c.110G>T,NP_001118230.1:p.Ser37Ile,0.063,23.4,['Unknown%20significance'],140.36,1.0,0.0,-0.0,0.0
SPNS2,17,4499158,NM_001124758.3:c.111C>A,NP_001118230.1:p.Ser37Arg,0.064,20.9,['Unknown%20significance'],140.36,1.0,0.0,-0.0,0.0
SPNS2,17,4499159,NM_001124758.3:c.112G>A,NP_001118230.1:p.Gly38Ser,0.084,22.9,['Unknown%20significance'],73.21,0.76,0.0,-0.2,0.2
SPNS2,17,4499159,NM_001124758.3:c.112G>C,NP_001118230.1:p.Gly38Arg,0.088,23.4,['Unknown%20significance'],73.21,0.76,0.0,-0.2,0.2
SPNS2,17,4499159,NM_001124758.3:c.112G>T,NP_001118230.1:p.Gly38Cys,0.085,23.8,['Unknown%20significance'],73.21,0.76,0.0,-0.1,0.1
SPNS2,17,4499160,NM_001124758.3:c.113G>A,NP_001118230.1:p.Gly38Asp,0.068,21.6,['Unknown%20significance'],73.21,0.76,0.0,-0.0,0.0
SPNS2,17,4499160,NM_001124758.3:c.113G>C,NP_001118230.1:p.Gly38Ala,0.059,17.15,['Likely%20benign'],73.21,0.76,0.0,-0.2,0.2
SPNS2,17,4499160,NM_001124758.3:c.113G>T,NP_001118230.1:p.Gly38Val,0.052,22.0,['Unknown%20significance'],73.21,0.76,0.0,-0.4,0.4
SPNS2,17,4499162,NM_001124758.3:c.115T>A,NP_001118230.1:p.Cys39Ser,0.047,22.9,['Unknown%20significance'],146.96,0.95,0.0,0.0,0.0
SPNS2,17,4499162,NM_001124758.3:c.115T>C,NP_001118230.1:p.Cys39Arg,0.048,24.3,['Unknown%20significance'],146.96,0.95,0.0,-0.1,0.1
SPNS2,17,4499163,NM_001124758.3:c.116G>A,NP_001118230.1:p.Cys39Tyr,0.052,22.9,['Unknown%20significance'],146.96,0.95,0.0,-0.1,0.1
SPNS2,17,4499163,NM_001124758.3:c.116G>C,NP_001118230.1:p.Cys39Ser,0.073,22.9,['Unknown%20significance'],146.96,0.95,0.0,0.0,0.0
SPNS2,17,4499163,NM_001124758.3:c.116G>T,NP_001118230.1:p.Cys39Phe,0.057,22.9,['Unknown%20significance'],146.96,0.95,0.0,-0.1,0.1
SPNS2,17,4499165,NM_001124758.3:c.118T>A,NP_001118230.1:p.Cys40Ser,0.104,21.2,['Unknown%20significance'],152.07,0.98,0.0,0.0,0.0
SPNS2,17,4499165,NM_001124758.3:c.118T>C,NP_001118230.1:p.Cys40Arg,0.095,24.3,['Unknown%20significance'],152.07,0.98,0.0,0.0,0.0
SPNS2,17,4499166,NM_001124758.3:c.119G>A,NP_001118230.1:p.Cys40Tyr,0.111,24.6,['Unknown%20significance'],152.07,0.98,0.0,-0.0,0.0
SPNS2,17,4499166,NM_001124758.3:c.119G>T,NP_001118230.1:p.Cys40Phe,0.093,24.7,['Unknown%20significance'],152.07,0.98,0.0,-0.0,0.0
SPNS2,17,4499167,NM_001124758.3:c.120C>G,NP_001118230.1:p.Cys40Trp,0.097,23.9,['Unknown%20significance'],152.07,0.98,0.0,-0.0,0.0
SPNS2,17,4499168,NM_001124758.3:c.121G>A,NP_001118230.1:p.Gly41Arg,0.118,24.7,['Unknown%20significance'],82.2,0.86,0.0,-0.2,0.2
SPNS2,17,4499168,NM_001124758.3:c.121G>T,NP_001118230.1:p.Gly41Trp,0.129,29.0,['Unknown%20significance'],82.2,0.86,0.0,-0.2,0.2
SPNS2,17,4499169,NM_001124758.3:c.122G>A,NP_001118230.1:p.Gly41Glu,0.130,23.0,['Unknown%20significance'],82.2,0.86,0.0,-0.1,0.1
SPNS2,17,4499169,NM_001124758.3:c.122G>C,NP_001118230.1:p.Gly41Ala,0.067,22.8,['Likely%20benign'],82.2,0.86,0.0,-0.1,0.1
SPNS2,17,4499171,NM_001124758.3:c.124G>A,NP_001118230.1:p.Ala42Thr,0.074,16.16,['Unknown%20significance'],118.47,0.93,0.0,-0.0,0.0
SPNS2,17,4499171,NM_001124758.3:c.124G>C,NP_001118230.1:p.Ala42Pro,0.078,20.1,['Likely%20benign'],118.47,0.93,0.0,0.0,0.0
SPNS2,17,4499171,NM_001124758.3:c.124G>T,NP_001118230.1:p.Ala42Ser,0.080,15.06,['Unknown%20significance'],118.47,0.93,0.0,0.0,0.0
SPNS2,17,4499172,NM_001124758.3:c.125C>A,NP_001118230.1:p.Ala42Glu,0.078,22.1,['Unknown%20significance'],118.47,0.93,0.0,0.1,0.1
SPNS2,17,4499172,NM_001124758.3:c.125C>T,NP_001118230.1:p.Ala42Val,0.058,22.6,['Unknown%20significance'],118.47,0.93,0.0,-0.0,0.0
SPNS2,17,4499174,NM_001124758.3:c.127C>T,NP_001118230.1:p.Arg43Trp,0.076,25.2,['Unknown%20significance'],273.04,1.0,0.0,-0.0,0.0
SPNS2,17,4499175,NM_001124758.3:c.128G>A,NP_001118230.1:p.Arg43Gln,0.076,22.7,['Unknown%20significance'],273.04,1.0,0.0,0.0,0.0
SPNS2,17,4499175,NM_001124758.3:c.128G>C,NP_001118230.1:p.Arg43Pro,0.076,23.8,['Unknown%20significance'],273.04,1.0,0.0,0.1,0.1
SPNS2,17,4499175,NM_001124758.3:c.128G>T,NP_001118230.1:p.Arg43Leu,0.099,23.6,['Unknown%20significance'],273.04,1.0,0.0,0.0,0.0
SPNS2,17,4499177,NM_001124758.3:c.130G>A,NP_001118230.1:p.Gly44Ser,0.060,20.9,['Unknown%20significance'],89.06,0.93,0.0,-0.1,0.1
SPNS2,17,4499177,NM_001124758.3:c.130G>T,NP_001118230.1:p.Gly44Cys,0.072,22.5,['Unknown%20significance'],89.06,0.93,0.0,0.0,0.0
SPNS2,17,4499178,NM_001124758.3:c.131G>A,NP_001118230.1:p.Gly44Asp,0.057,21.1,['Unknown%20significance'],89.06,0.93,0.0,0.0,0.0
SPNS2,17,4499178,NM_001124758.3:c.131G>T,NP_001118230.1:p.Gly44Val,0.044,21.1,['Unknown%20significance'],89.06,0.93,0.0,-0.1,0.1
SPNS2,17,4499180,NM_001124758.3:c.133G>A,NP_001118230.1:p.Ala45Thr,0.037,22.2,['Unknown%20significance'],127.9,1.0,0.0,-0.0,0.0
SPNS2,17,4499180,NM_001124758.3:c.133G>C,NP_001118230.1:p.Ala45Pro,0.057,22.1,['Unknown%20significance'],127.9,1.0,0.0,0.0,0.0
SPNS2,17,4499180,NM_001124758.3:c.133G>T,NP_001118230.1:p.Ala45Ser,0.034,19.89,['Unknown%20significance'],127.9,1.0,0.0,-0.0,0.0
SPNS2,17,4499181,NM_001124758.3:c.134C>A,NP_001118230.1:p.Ala45Glu,0.019,21.5,['Unknown%20significance'],127.9,1.0,0.0,0.0,0.0
SPNS2,17,4499181,NM_001124758.3:c.134C>G,NP_001118230.1:p.Ala45Gly,0.017,20.3,['Unknown%20significance'],127.9,1.0,0.0,0.1,0.1
SPNS2,17,4499181,NM_001124758.3:c.134C>T,NP_001118230.1:p.Ala45Val,0.022,21.6,['Likely%20benign'],127.9,1.0,0.0,-0.1,0.1
SPNS2,17,4499183,NM_001124758.3:c.136G>A,NP_001118230.1:p.Gly46Ser,0.029,21.5,['Unknown%20significance'],78.11,0.81,0.0,-0.1,0.1
SPNS2,17,4499183,NM_001124758.3:c.136G>T,NP_001118230.1:p.Gly46Cys,0.123,23.2,['Unknown%20significance'],78.11,0.81,0.0,-0.1,0.1
SPNS2,17,4499184,NM_001124758.3:c.137G>A,NP_001118230.1:p.Gly46Asp,0.138,21.7,['Unknown%20significance'],78.11,0.81,0.0,-0.1,0.1
SPNS2,17,4499184,NM_001124758.3:c.137G>T,NP_001118230.1:p.Gly46Val,0.079,22.5,['Unknown%20significance'],78.11,0.81,0.0,-0.2,0.2
SPNS2,17,4499186,NM_001124758.3:c.139G>A,NP_001118230.1:p.Gly47Ser,0.070,23.0,['Unknown%20significance'],96.85,1.0,0.0,-0.1,0.1
SPNS2,17,4499186,NM_001124758.3:c.139G>T,NP_001118230.1:p.Gly47Cys,0.073,23.4,['Unknown%20significance'],96.85,1.0,0.0,-0.0,0.0
SPNS2,17,4499187,NM_001124758.3:c.140G>A,NP_001118230.1:p.Gly47Asp,0.051,22.4,['Unknown%20significance'],96.85,1.0,0.0,-0.0,0.0
SPNS2,17,4499187,NM_001124758.3:c.140G>T,NP_001118230.1:p.Gly47Val,0.049,18.21,['Unknown%20significance'],96.85,1.0,0.0,-0.1,0.1
SPNS2,17,4499189,NM_001124758.3:c.142G>A,NP_001118230.1:p.Ala48Thr,0.035,17.17,['Unknown%20significance'],117.11,0.92,0.0,-0.0,0.0
SPNS2,17,4499189,NM_001124758.3:c.142G>T,NP_001118230.1:p.Ala48Ser,0.038,15.88,['Unknown%20significance'],117.11,0.92,0.0,0.0,0.0
SPNS2,17,4499190,NM_001124758.3:c.143C>A,NP_001118230.1:p.Ala48Asp,0.041,20.1,['Unknown%20significance'],117.11,0.92,0.0,0.1,0.1
SPNS2,17,4499190,NM_001124758.3:c.143C>T,NP_001118230.1:p.Ala48Val,0.047,22.1,['Unknown%20significance'],117.11,0.92,0.0,-0.1,0.1
SPNS2,17,4499192,NM_001124758.3:c.145G>A,NP_001118230.1:p.Gly49Arg,0.125,22.6,['Unknown%20significance'],83.2,0.87,0.0,-0.1,0.1
SPNS2,17,4499192,NM_001124758.3:c.145G>C,NP_001118230.1:p.Gly49Arg,0.124,22.5,['Unknown%20significance'],83.2,0.87,0.0,-0.1,0.1
SPNS2,17,4499193,NM_001124758.3:c.146G>A,NP_001118230.1:p.Gly49Glu,0.101,18.54,['Unknown%20significance'],83.2,0.87,0.0,-0.0,0.0
SPNS2,17,4499193,NM_001124758.3:c.146G>C,NP_001118230.1:p.Gly49Ala,0.105,19.15,['Unknown%20significance'],83.2,0.87,0.0,-0.1,0.1
SPNS2,17,4499193,NM_001124758.3:c.146G>T,NP_001118230.1:p.Gly49Val,0.140,22.8,['Unknown%20significance'],83.2,0.87,0.0,-0.1,0.1
SPNS2,17,4499195,NM_001124758.3:c.148G>A,NP_001118230.1:p.Val50Ile,0.056,20.6,['Unknown%20significance'],160.72,0.93,0.0,-0.0,0.0
SPNS2,17,4499195,NM_001124758.3:c.148G>T,NP_001118230.1:p.Val50Phe,0.069,23.5,['Unknown%20significance'],160.72,0.93,0.0,0.0,0.0
SPNS2,17,4499196,NM_001124758.3:c.149T>A,NP_001118230.1:p.Val50Asp,0.041,23.9,['Unknown%20significance'],160.72,0.93,0.0,0.1,0.1
SPNS2,17,4499196,NM_001124758.3:c.149T>C,NP_001118230.1:p.Val50Ala,0.059,21.9,['Likely%20benign'],160.72,0.93,0.0,0.1,0.1
SPNS2,17,4499198,NM_001124758.3:c.151T>A,NP_001118230.1:p.Ser51Thr,0.046,16.84,['Unknown%20significance'],130.94,0.94,0.0,-0.0,0.0
SPNS2,17,4499198,NM_001124758.3:c.151T>C,NP_001118230.1:p.Ser51Pro,0.045,20.4,['Unknown%20significance'],130.94,0.94,0.0,0.0,0.0
SPNS2,17,4499199,NM_001124758.3:c.152C>G,NP_001118230.1:p.Ser51Trp,0.062,23.1,['Unknown%20significance'],130.94,0.94,0.0,-0.1,0.1
SPNS2,17,4499199,NM_001124758.3:c.152C>T,NP_001118230.1:p.Ser51Leu,0.041,21.1,['Unknown%20significance'],130.94,0.94,0.0,-0.1,0.1
SPNS2,17,4499201,NM_001124758.3:c.154G>A,NP_001118230.1:p.Ala52Thr,0.034,13.49,['Likely%20benign'],102.64,0.8,0.0,-0.1,0.1
SPNS2,17,4499201,NM_001124758.3:c.154G>T,NP_001118230.1:p.Ala52Ser,0.032,6.187,['Likely%20benign'],102.64,0.8,0.0,0.0,0.0
SPNS2,17,4499202,NM_001124758.3:c.155C>A,NP_001118230.1:p.Ala52Asp,0.060,22.8,['Unknown%20significance'],102.64,0.8,0.0,0.1,0.1
SPNS2,17,4499202,NM_001124758.3:c.155C>G,NP_001118230.1:p.Ala52Gly,0.059,22.7,['Likely%20benign'],102.64,0.8,0.0,0.2,0.2
SPNS2,17,4499202,NM_001124758.3:c.155C>T,NP_001118230.1:p.Ala52Val,0.057,22.8,['Unknown%20significance'],102.64,0.8,0.0,-0.1,0.1
SPNS2,17,4499204,NM_001124758.3:c.157G>A,NP_001118230.1:p.Ala53Thr,0.052,19.37,['Unknown%20significance'],110.14,0.86,0.0,-0.1,0.1
SPNS2,17,4499204,NM_001124758.3:c.157G>T,NP_001118230.1:p.Ala53Ser,0.022,16.13,['Unknown%20significance'],110.14,0.86,0.0,-0.0,0.0
SPNS2,17,4499205,NM_001124758.3:c.158C>A,NP_001118230.1:p.Ala53Glu,0.025,14.56,['Unknown%20significance'],110.14,0.86,0.0,0.0,0.0
SPNS2,17,4499205,NM_001124758.3:c.158C>T,NP_001118230.1:p.Ala53Val,0.028,16.30,['Unknown%20significance'],110.14,0.86,0.0,-0.1,0.1
SPNS2,17,4499207,NM_001124758.3:c.160G>A,NP_001118230.1:p.Gly54Ser,0.058,20.4,['Unknown%20significance'],48.94,0.51,0.0,-0.3,0.3
SPNS2,17,4499207,NM_001124758.3:c.160G>T,NP_001118230.1:p.Gly54Cys,0.080,23.7,['Unknown%20significance'],48.94,0.51,0.0,-0.0,0.0
SPNS2,17,4499208,NM_001124758.3:c.161G>A,NP_001118230.1:p.Gly54Asp,0.033,16.10,['Likely%20benign'],48.94,0.51,0.0,-0.1,0.1
SPNS2,17,4499208,NM_001124758.3:c.161G>T,NP_001118230.1:p.Gly54Val,0.083,19.58,['Unknown%20significance'],48.94,0.51,0.0,-0.3,0.3
SPNS2,17,4499210,NM_001124758.3:c.163G>A,NP_001118230.1:p.Asp55Asn,0.127,22.9,['Unknown%20significance'],90.82,0.56,0.0,-0.1,0.1
SPNS2,17,4499210,NM_001124758.3:c.163G>T,NP_001118230.1:p.Asp55Tyr,0.197,24.2,['Unknown%20significance'],90.82,0.56,0.0,-0.5,0.5
SPNS2,17,4499211,NM_001124758.3:c.164A>C,NP_001118230.1:p.Asp55Ala,0.084,24.1,['Unknown%20significance'],90.82,0.56,0.0,-0.0,0.0
SPNS2,17,4499211,NM_001124758.3:c.164A>G,NP_001118230.1:p.Asp55Gly,0.101,24.1,['Unknown%20significance'],90.82,0.56,0.0,0.3,0.3
SPNS2,17,4499213,NM_001124758.3:c.166G>A,NP_001118230.1:p.Glu56Lys,0.174,28.2,['Unknown%20significance'],70.43,0.36,0.0,0.1,0.1
SPNS2,17,4499214,NM_001124758.3:c.167A>C,NP_001118230.1:p.Glu56Ala,0.101,24.8,['Unknown%20significance'],70.43,0.36,0.0,0.1,0.1
SPNS2,17,4499214,NM_001124758.3:c.167A>G,NP_001118230.1:p.Glu56Gly,0.158,29.0,['Unknown%20significance'],70.43,0.36,0.0,0.5,0.5
SPNS2,17,4499214,NM_001124758.3:c.167A>T,NP_001118230.1:p.Glu56Val,0.113,28.1,['Unknown%20significance'],70.43,0.36,0.0,-0.1,0.1
SPNS2,17,4499215,NM_001124758.3:c.168G>C,NP_001118230.1:p.Glu56Asp,0.169,23.2,['Unknown%20significance'],70.43,0.36,0.0,0.1,0.1
SPNS2,17,4499215,NM_001124758.3:c.168G>T,NP_001118230.1:p.Glu56Asp,0.169,23.2,['Unknown%20significance'],70.43,0.36,0.0,0.1,0.1
SPNS2,17,4499216,NM_001124758.3:c.169G>A,NP_001118230.1:p.Val57Met,0.083,24.3,['Unknown%20significance'],18.14,0.1,0.0,-0.2,0.2
SPNS2,17,4499216,NM_001124758.3:c.169G>C,NP_001118230.1:p.Val57Leu,0.069,22.8,['Unknown%20significance'],18.14,0.1,0.0,-0.0,0.0
SPNS2,17,4499216,NM_001124758.3:c.169G>T,NP_001118230.1:p.Val57Leu,0.066,22.8,['Unknown%20significance'],18.14,0.1,0.0,-0.0,0.0
SPNS2,17,4499217,NM_001124758.3:c.170T>A,NP_001118230.1:p.Val57Glu,0.066,23.3,['Unknown%20significance'],18.14,0.1,0.0,0.6,0.6
SPNS2,17,4499217,NM_001124758.3:c.170T>C,NP_001118230.1:p.Val57Ala,0.040,20.6,['Unknown%20significance'],18.14,0.1,0.0,0.5,0.5
SPNS2,17,4499219,NM_001124758.3:c.172C>A,NP_001118230.1:p.Gln58Lys,0.042,22.2,['Likely%20benign'],60.92,0.3,0.0,0.3,0.3
SPNS2,17,4499219,NM_001124758.3:c.172C>G,NP_001118230.1:p.Gln58Glu,0.076,21.1,['Likely%20benign'],60.92,0.3,0.0,0.3,0.3
SPNS2,17,4499220,NM_001124758.3:c.173A>C,NP_001118230.1:p.Gln58Pro,0.048,23.1,['Unknown%20significance'],60.92,0.3,0.0,0.4,0.4
SPNS2,17,4499220,NM_001124758.3:c.173A>G,NP_001118230.1:p.Gln58Arg,0.085,22.8,['Likely%20benign'],60.92,0.3,0.0,-0.3,0.3
SPNS2,17,4499222,NM_001124758.3:c.175A>G,NP_001118230.1:p.Thr59Ala,0.071,25.1,['Unknown%20significance'],5.29,0.03,0.0,0.3,0.3
SPNS2,17,4499223,NM_001124758.3:c.176C>A,NP_001118230.1:p.Thr59Lys,0.130,25.4,['Unknown%20significance'],5.29,0.03,0.0,0.7,0.7
SPNS2,17,4499223,NM_001124758.3:c.176C>G,NP_001118230.1:p.Thr59Arg,0.100,25.3,['Unknown%20significance'],5.29,0.03,0.0,-0.3,0.3
SPNS2,17,4499223,NM_001124758.3:c.176C>T,NP_001118230.1:p.Thr59Met,0.080,25.7,['Unknown%20significance'],5.29,0.03,0.0,-0.4,0.4
SPNS2,17,4499225,NM_001124758.3:c.178C>A,NP_001118230.1:p.Leu60Met,0.103,22.9,['Unknown%20significance'],35.11,0.18,0.0,0.1,0.1
SPNS2,17,4499225,NM_001124758.3:c.178C>G,NP_001118230.1:p.Leu60Val,0.108,22.5,['Unknown%20significance'],35.11,0.18,0.0,0.1,0.1
SPNS2,17,4499226,NM_001124758.3:c.179T>C,NP_001118230.1:p.Leu60Pro,0.167,25.7,['Unknown%20significance'],35.11,0.18,0.0,1.2,1.2
SPNS2,17,4499228,NM_001124758.3:c.181T>C,NP_001118230.1:p.Ser61Pro,0.040,23.1,['Unknown%20significance'],0.0,0.0,0.0,0.3,0.3
SPNS2,17,4499229,NM_001124758.3:c.182C>T,NP_001118230.1:p.Ser61Leu,0.061,22.9,['Unknown%20significance'],0.0,0.0,0.0,-1.1,1.1
SPNS2,17,4499231,NM_001124758.3:c.184G>A,NP_001118230.1:p.Gly62Ser,0.156,25.0,['Unknown%20significance'],13.55,0.14,0.0,-0.6,0.6
SPNS2,17,4499231,NM_001124758.3:c.184G>T,NP_001118230.1:p.Gly62Cys,0.273,29.5,['Unknown%20significance'],13.55,0.14,0.0,-0.6,0.6
SPNS2,17,4499232,NM_001124758.3:c.185G>A,NP_001118230.1:p.Gly62Asp,0.202,23.9,['Unknown%20significance'],13.55,0.14,0.0,-0.2,0.2
SPNS2,17,4499232,NM_001124758.3:c.185G>T,NP_001118230.1:p.Gly62Val,0.199,25.3,['Benign'],13.55,0.14,0.0,-1.3,1.3
SPNS2,17,4499234,NM_001124758.3:c.187A>G,NP_001118230.1:p.Ser63Gly,0.047,24.2,['Unknown%20significance'],54.51,0.39,0.0,0.5,0.5
SPNS2,17,4499235,NM_001124758.3:c.188G>A,NP_001118230.1:p.Ser63Asn,0.068,23.7,['Unknown%20significance'],54.51,0.39,0.0,0.1,0.1
SPNS2,17,4499236,NM_001124758.3:c.189C>A,NP_001118230.1:p.Ser63Arg,0.033,18.44,['Unknown%20significance'],54.51,0.39,0.0,-0.4,0.4
SPNS2,17,4499236,NM_001124758.3:c.189C>G,NP_001118230.1:p.Ser63Arg,0.033,21.1,['Unknown%20significance'],54.51,0.39,0.0,-0.4,0.4
SPNS2,17,4499237,NM_001124758.3:c.190G>A,NP_001118230.1:p.Val64Ile,0.050,21.1,['Likely%20benign'],24.29,0.14,0.0,-0.2,0.2
SPNS2,17,4499237,NM_001124758.3:c.190G>T,NP_001118230.1:p.Val64Leu,0.034,21.6,['Likely%20benign'],24.29,0.14,0.0,0.0,0.0
SPNS2,17,4499238,NM_001124758.3:c.191T>A,NP_001118230.1:p.Val64Glu,0.028,22.8,['Unknown%20significance'],24.29,0.14,0.0,1.0,1.0
SPNS2,17,4499238,NM_001124758.3:c.191T>C,NP_001118230.1:p.Val64Ala,0.024,22.4,['Likely%20benign'],24.29,0.14,0.0,0.9,0.9
SPNS2,17,4499241,NM_001124758.3:c.194G>A,NP_001118230.1:p.Arg65Lys,0.073,20.9,['Likely%20benign'],204.48,0.75,0.0,0.3,0.3
SPNS2,17,4499242,NM_001124758.3:c.195G>T,NP_001118230.1:p.Arg65Ser,0.017,20.4,['Unknown%20significance'],204.48,0.75,0.0,0.2,0.2
SPNS2,17,4499243,NM_001124758.3:c.196C>T,NP_001118230.1:p.Arg66Trp,0.071,24.8,['Unknown%20significance'],117.37,0.43,0.0,-0.1,0.1
SPNS2,17,4499244,NM_001124758.3:c.197G>A,NP_001118230.1:p.Arg66Gln,0.073,22.7,['Unknown%20significance'],117.37,0.43,0.0,0.2,0.2
SPNS2,17,4499244,NM_001124758.3:c.197G>T,NP_001118230.1:p.Arg66Leu,0.033,22.9,['Unknown%20significance'],117.37,0.43,0.0,0.1,0.1
SPNS2,17,4499246,NM_001124758.3:c.199G>A,NP_001118230.1:p.Ala67Thr,0.029,19.97,['Unknown%20significance'],79.57,0.62,0.0,-0.2,0.2
SPNS2,17,4499246,NM_001124758.3:c.199G>T,NP_001118230.1:p.Ala67Ser,0.010,17.27,['Unknown%20significance'],79.57,0.62,0.0,-0.1,0.1
SPNS2,17,4499247,NM_001124758.3:c.200C>A,NP_001118230.1:p.Ala67Asp,0.038,16.14,['Likely%20benign'],79.57,0.62,0.0,0.1,0.1
SPNS2,17,4499247,NM_001124758.3:c.200C>T,NP_001118230.1:p.Ala67Val,0.083,16.37,['Likely%20benign'],79.57,0.62,0.0,-0.2,0.2
SPNS2,17,4499249,NM_001124758.3:c.202C>A,NP_001118230.1:p.Pro68Thr,0.029,18.55,['Unknown%20significance'],159.1,1.0,0.0,0.0,0.0
SPNS2,17,4499249,NM_001124758.3:c.202C>T,NP_001118230.1:p.Pro68Ser,0.034,17.33,['Unknown%20significance'],159.1,1.0,0.0,0.0,0.0
SPNS2,17,4499250,NM_001124758.3:c.203C>A,NP_001118230.1:p.Pro68Gln,0.040,20.5,['Unknown%20significance'],159.1,1.0,0.0,0.0,0.0
SPNS2,17,4499250,NM_001124758.3:c.203C>G,NP_001118230.1:p.Pro68Arg,0.037,22.9,['Unknown%20significance'],159.1,1.0,0.0,-0.0,0.0
SPNS2,17,4499250,NM_001124758.3:c.203C>T,NP_001118230.1:p.Pro68Leu,0.028,21.7,['Unknown%20significance'],159.1,1.0,0.0,0.0,0.0
SPNS2,17,4499252,NM_001124758.3:c.205A>G,NP_001118230.1:p.Thr69Ala,0.033,10.54,['Likely%20benign'],149.34,0.94,0.0,0.1,0.1
SPNS2,17,4499253,NM_001124758.3:c.206C>A,NP_001118230.1:p.Thr69Asn,0.044,10.48,['Likely%20benign'],149.34,0.94,0.0,0.1,0.1
SPNS2,17,4499253,NM_001124758.3:c.206C>G,NP_001118230.1:p.Thr69Ser,0.049,7.910,['Likely%20benign'],149.34,0.94,0.0,0.0,0.0
SPNS2,17,4499253,NM_001124758.3:c.206C>T,NP_001118230.1:p.Thr69Ile,0.049,15.25,['Likely%20benign'],149.34,0.94,0.0,-0.0,0.0
SPNS2,17,4499255,NM_001124758.3:c.208G>A,NP_001118230.1:p.Gly70Arg,0.069,23.2,['Unknown%20significance'],58.22,0.61,0.0,-0.5,0.5
SPNS2,17,4499256,NM_001124758.3:c.209G>A,NP_001118230.1:p.Gly70Glu,0.043,19.62,['Unknown%20significance'],58.22,0.61,0.0,-0.2,0.2
SPNS2,17,4499256,NM_001124758.3:c.209G>T,NP_001118230.1:p.Gly70Val,0.033,20.4,['Unknown%20significance'],58.22,0.61,0.0,-0.4,0.4
SPNS2,17,4499258,NM_001124758.3:c.211C>A,NP_001118230.1:p.Pro71Thr,0.049,19.92,['Likely%20benign'],152.57,0.96,0.0,-0.0,0.0
SPNS2,17,4499258,NM_001124758.3:c.211C>T,NP_001118230.1:p.Pro71Ser,0.055,19.94,['Likely%20benign'],152.57,0.96,0.0,0.0,0.0
SPNS2,17,4499259,NM_001124758.3:c.212C>A,NP_001118230.1:p.Pro71His,0.084,23.1,['Likely%20benign'],152.57,0.96,0.0,-0.0,0.0
SPNS2,17,4499259,NM_001124758.3:c.212C>G,NP_001118230.1:p.Pro71Arg,0.077,21.8,['Likely%20benign'],152.57,0.96,0.0,-0.0,0.0
SPNS2,17,4499259,NM_001124758.3:c.212C>T,NP_001118230.1:p.Pro71Leu,0.072,21.9,['Unknown%20significance'],152.57,0.96,0.0,-0.0,0.0
SPNS2,17,4499261,NM_001124758.3:c.214C>A,NP_001118230.1:p.Pro72Thr,0.018,13.36,['Unknown%20significance'],151.79,0.96,0.0,-0.0,0.0
SPNS2,17,4499261,NM_001124758.3:c.214C>G,NP_001118230.1:p.Pro72Ala,0.019,11.96,['Unknown%20significance'],151.79,0.96,0.0,0.0,0.0
SPNS2,17,4499261,NM_001124758.3:c.214C>T,NP_001118230.1:p.Pro72Ser,0.018,14.04,['Unknown%20significance'],151.79,0.96,0.0,-0.0,0.0
SPNS2,17,4499262,NM_001124758.3:c.215C>A,NP_001118230.1:p.Pro72His,0.044,22.2,['Unknown%20significance'],151.79,0.96,0.0,-0.1,0.1
SPNS2,17,4499262,NM_001124758.3:c.215C>T,NP_001118230.1:p.Pro72Leu,0.025,18.53,['Unknown%20significance'],151.79,0.96,0.0,-0.0,0.0
SPNS2,17,4499264,NM_001124758.3:c.217G>A,NP_001118230.1:p.Gly73Ser,0.025,10.43,['Likely%20benign'],75.02,0.78,0.0,-0.1,0.1
SPNS2,17,4499264,NM_001124758.3:c.217G>T,NP_001118230.1:p.Gly73Cys,0.048,19.64,['Likely%20benign'],75.02,0.78,0.0,-0.0,0.0
SPNS2,17,4499265,NM_001124758.3:c.218G>A,NP_001118230.1:p.Gly73Asp,0.051,16.78,['Likely%20benign'],75.02,0.78,0.0,-0.0,0.0
SPNS2,17,4499267,NM_001124758.3:c.220A>C,NP_001118230.1:p.Thr74Pro,0.026,8.857,['Unknown%20significance'],147.17,0.93,0.0,0.1,0.1
SPNS2,17,4499267,NM_001124758.3:c.220A>G,NP_001118230.1:p.Thr74Ala,0.061,4.588,['Likely%20benign'],147.17,0.93,0.0,0.1,0.1
SPNS2,17,4499268,NM_001124758.3:c.221C>A,NP_001118230.1:p.Thr74Asn,0.018,8.230,['Likely%20benign'],147.17,0.93,0.0,0.1,0.1
SPNS2,17,4499270,NM_001124758.3:c.223C>A,NP_001118230.1:p.Pro75Thr,0.055,8.386,['Unknown%20significance'],161.07,1.0,0.0,-0.0,0.0
SPNS2,17,4499270,NM_001124758.3:c.223C>G,NP_001118230.1:p.Pro75Ala,0.076,7.291,['Likely%20benign'],161.07,1.0,0.0,0.0,0.0
SPNS2,17,4499270,NM_001124758.3:c.223C>T,NP_001118230.1:p.Pro75Ser,0.061,8.647,['Likely%20benign'],161.07,1.0,0.0,-0.0,0.0
SPNS2,17,4499271,NM_001124758.3:c.224C>A,NP_001118230.1:p.Pro75His,0.069,15.29,['Unknown%20significance'],161.07,1.0,0.0,-0.0,0.0
SPNS2,17,4499271,NM_001124758.3:c.224C>T,NP_001118230.1:p.Pro75Leu,0.037,19.23,['Unknown%20significance'],161.07,1.0,0.0,-0.0,0.0
SPNS2,17,4499273,NM_001124758.3:c.226G>A,NP_001118230.1:p.Gly76Ser,0.013,12.35,['Likely%20benign'],61.38,0.64,0.0,-0.2,0.2
SPNS2,17,4499273,NM_001124758.3:c.226G>C,NP_001118230.1:p.Gly76Arg,0.011,14.09,['Likely%20benign'],61.38,0.64,0.0,-0.4,0.4
SPNS2,17,4499273,NM_001124758.3:c.226G>T,NP_001118230.1:p.Gly76Cys,0.010,15.08,['Likely%20benign'],61.38,0.64,0.0,-0.1,0.1
SPNS2,17,4499274,NM_001124758.3:c.227G>A,NP_001118230.1:p.Gly76Asp,0.058,23.3,['Likely%20benign'],61.38,0.64,0.0,-0.1,0.1
SPNS2,17,4499274,NM_001124758.3:c.227G>T,NP_001118230.1:p.Gly76Val,0.072,23.3,['Unknown%20significance'],61.38,0.64,0.0,-0.3,0.3
SPNS2,17,4499276,NM_001124758.3:c.229A>C,NP_001118230.1:p.Thr77Pro,0.121,22.3,['Unknown%20significance'],152.52,0.96,0.0,0.0,0.0
SPNS2,17,4499277,NM_001124758.3:c.230C>A,NP_001118230.1:p.Thr77Asn,0.038,18.40,['Likely%20benign'],152.52,0.96,0.0,0.0,0.0
SPNS2,17,4499277,NM_001124758.3:c.230C>T,NP_001118230.1:p.Thr77Ile,0.035,21.1,['Likely%20benign'],152.52,0.96,0.0,-0.0,0.0
SPNS2,17,4499279,NM_001124758.3:c.232C>A,NP_001118230.1:p.Pro78Thr,0.075,23.3,['Unknown%20significance'],154.73,0.98,0.0,-0.0,0.0
SPNS2,17,4499279,NM_001124758.3:c.232C>G,NP_001118230.1:p.Pro78Ala,0.060,23.0,['Unknown%20significance'],154.73,0.98,0.0,0.0,0.0
SPNS2,17,4499279,NM_001124758.3:c.232C>T,NP_001118230.1:p.Pro78Ser,0.074,23.3,['Unknown%20significance'],154.73,0.98,0.0,0.0,0.0
SPNS2,17,4499280,NM_001124758.3:c.233C>A,NP_001118230.1:p.Pro78His,0.060,23.9,['Unknown%20significance'],154.73,0.98,0.0,-0.1,0.1
SPNS2,17,4499280,NM_001124758.3:c.233C>G,NP_001118230.1:p.Pro78Arg,0.067,23.7,['Unknown%20significance'],154.73,0.98,0.0,-0.1,0.1
SPNS2,17,4499280,NM_001124758.3:c.233C>T,NP_001118230.1:p.Pro78Leu,0.057,24.0,['Unknown%20significance'],154.73,0.98,0.0,-0.1,0.1
SPNS2,17,4499282,NM_001124758.3:c.235G>A,NP_001118230.1:p.Gly79Ser,0.027,16.93,['Likely%20benign'],77.58,0.81,0.0,-0.2,0.2
SPNS2,17,4499282,NM_001124758.3:c.235G>T,NP_001118230.1:p.Gly79Cys,0.025,22.0,['Likely%20benign'],77.58,0.81,0.0,-0.1,0.1
SPNS2,17,4499283,NM_001124758.3:c.236G>A,NP_001118230.1:p.Gly79Asp,0.054,21.8,['Likely%20benign'],77.58,0.81,0.0,-0.1,0.1
SPNS2,17,4499283,NM_001124758.3:c.236G>T,NP_001118230.1:p.Gly79Val,0.097,23.1,['Likely%20benign'],77.58,0.81,0.0,-0.3,0.3
SPNS2,17,4499285,NM_001124758.3:c.238T>A,NP_001118230.1:p.Cys80Ser,0.015,17.66,['Unknown%20significance'],151.96,0.98,0.0,-0.0,0.0
SPNS2,17,4499285,NM_001124758.3:c.238T>C,NP_001118230.1:p.Cys80Arg,0.033,20.6,['Unknown%20significance'],151.96,0.98,0.0,-0.1,0.1
SPNS2,17,4499286,NM_001124758.3:c.239G>A,NP_001118230.1:p.Cys80Tyr,0.053,18.91,['Unknown%20significance'],151.96,0.98,0.0,-0.1,0.1
SPNS2,17,4499286,NM_001124758.3:c.239G>T,NP_001118230.1:p.Cys80Phe,0.057,20.9,['Unknown%20significance'],151.96,0.98,0.0,-0.1,0.1
SPNS2,17,4499288,NM_001124758.3:c.241G>A,NP_001118230.1:p.Ala81Thr,0.055,16.55,['Unknown%20significance'],103.48,0.81,0.0,-0.1,0.1
SPNS2,17,4499288,NM_001124758.3:c.241G>T,NP_001118230.1:p.Ala81Ser,0.055,14.18,['Unknown%20significance'],103.48,0.81,0.0,0.0,0.0
SPNS2,17,4499289,NM_001124758.3:c.242C>A,NP_001118230.1:p.Ala81Glu,0.019,16.06,['Likely%20benign'],103.48,0.81,0.0,0.1,0.1
SPNS2,17,4499289,NM_001124758.3:c.242C>T,NP_001118230.1:p.Ala81Val,0.017,17.66,['Likely%20benign'],103.48,0.81,0.0,-0.2,0.2
SPNS2,17,4499291,NM_001124758.3:c.244G>A,NP_001118230.1:p.Ala82Thr,0.038,19.48,['Unknown%20significance'],130.01,1.0,0.0,-0.0,0.0
SPNS2,17,4499292,NM_001124758.3:c.245C>A,NP_001118230.1:p.Ala82Asp,0.042,15.55,['Unknown%20significance'],130.01,1.0,0.0,0.1,0.1
SPNS2,17,4499294,NM_001124758.3:c.247A>G,NP_001118230.1:p.Thr83Ala,0.009,0.045,['Likely%20benign'],133.18,0.84,0.0,0.1,0.1
SPNS2,17,4499295,NM_001124758.3:c.248C>A,NP_001118230.1:p.Thr83Asn,0.037,8.573,['Likely%20benign'],133.18,0.84,0.0,0.1,0.1
SPNS2,17,4499297,NM_001124758.3:c.250G>A,NP_001118230.1:p.Ala84Thr,0.020,16.41,['Unknown%20significance'],107.31,0.84,0.0,-0.1,0.1
SPNS2,17,4499297,NM_001124758.3:c.250G>T,NP_001118230.1:p.Ala84Ser,0.021,13.04,['Unknown%20significance'],107.31,0.84,0.0,-0.0,0.0
SPNS2,17,4499298,NM_001124758.3:c.251C>A,NP_001118230.1:p.Ala84Glu,0.010,12.87,['Likely%20benign'],107.31,0.84,0.0,0.0,0.0
SPNS2,17,4499298,NM_001124758.3:c.251C>T,NP_001118230.1:p.Ala84Val,0.023,13.48,['Likely%20benign'],107.31,0.84,0.0,-0.1,0.1
SPNS2,17,4499300,NM_001124758.3:c.253A>G,NP_001118230.1:p.Lys85Glu,0.022,19.34,['Unknown%20significance'],237.12,1.0,0.0,-0.0,0.0
SPNS2,17,4499301,NM_001124758.3:c.254A>C,NP_001118230.1:p.Lys85Thr,0.042,20.3,['Unknown%20significance'],237.12,1.0,0.0,-0.1,0.1
SPNS2,17,4499301,NM_001124758.3:c.254A>G,NP_001118230.1:p.Lys85Arg,0.046,19.69,['Unknown%20significance'],237.12,1.0,0.0,-0.1,0.1
SPNS2,17,4499302,NM_001124758.3:c.255G>C,NP_001118230.1:p.Lys85Asn,0.050,18.71,['Unknown%20significance'],237.12,1.0,0.0,-0.0,0.0
SPNS2,17,4499302,NM_001124758.3:c.255G>T,NP_001118230.1:p.Lys85Asn,0.050,18.62,['Unknown%20significance'],237.12,1.0,0.0,-0.0,0.0
SPNS2,17,4499303,NM_001124758.3:c.256G>A,NP_001118230.1:p.Gly86Ser,0.023,19.07,['Unknown%20significance'],62.4,0.65,0.0,-0.2,0.2
SPNS2,17,4499304,NM_001124758.3:c.257G>A,NP_001118230.1:p.Gly86Asp,0.041,15.07,['Unknown%20significance'],62.4,0.65,0.0,-0.1,0.1
SPNS2,17,4499306,NM_001124758.3:c.259C>T,NP_001118230.1:p.Pro87Ser,0.075,18.09,['Unknown%20significance'],164.99,1.0,0.0,-0.0,0.0
SPNS2,17,4499307,NM_001124758.3:c.260C>G,NP_001118230.1:p.Pro87Arg,0.017,21.6,['Unknown%20significance'],164.99,1.0,0.0,-0.1,0.1
SPNS2,17,4499307,NM_001124758.3:c.260C>T,NP_001118230.1:p.Pro87Leu,0.048,22.1,['Unknown%20significance'],164.99,1.0,0.0,-0.0,0.0
SPNS2,17,4499309,NM_001124758.3:c.262G>A,NP_001118230.1:p.Gly88Ser,0.056,6.987,['Likely%20benign'],67.25,0.7,0.0,-0.2,0.2
SPNS2,17,4499309,NM_001124758.3:c.262G>T,NP_001118230.1:p.Gly88Cys,0.061,16.53,['Unknown%20significance'],67.25,0.7,0.0,-0.1,0.1
SPNS2,17,4499310,NM_001124758.3:c.263G>A,NP_001118230.1:p.Gly88Asp,0.058,17.75,['Unknown%20significance'],67.25,0.7,0.0,-0.1,0.1
SPNS2,17,4499310,NM_001124758.3:c.263G>T,NP_001118230.1:p.Gly88Val,0.044,18.42,['Unknown%20significance'],67.25,0.7,0.0,-0.3,0.3
SPNS2,17,4499312,NM_001124758.3:c.265G>A,NP_001118230.1:p.Ala89Thr,0.017,19.14,['Unknown%20significance'],119.42,0.93,0.0,-0.0,0.0
SPNS2,17,4499312,NM_001124758.3:c.265G>C,NP_001118230.1:p.Ala89Pro,0.011,19.05,['Unknown%20significance'],119.42,0.93,0.0,0.0,0.0
SPNS2,17,4499312,NM_001124758.3:c.265G>T,NP_001118230.1:p.Ala89Ser,0.013,16.87,['Unknown%20significance'],119.42,0.93,0.0,-0.0,0.0
SPNS2,17,4499313,NM_001124758.3:c.266C>G,NP_001118230.1:p.Ala89Gly,0.047,14.49,['Likely%20benign'],119.42,0.93,0.0,0.1,0.1
SPNS2,17,4499313,NM_001124758.3:c.266C>T,NP_001118230.1:p.Ala89Val,0.034,14.88,['Likely%20benign'],119.42,0.93,0.0,-0.1,0.1
SPNS2,17,4499315,NM_001124758.3:c.268C>A,NP_001118230.1:p.Gln90Lys,0.069,13.78,['Likely%20benign'],189.12,0.95,0.0,0.1,0.1
SPNS2,17,4499315,NM_001124758.3:c.268C>G,NP_001118230.1:p.Gln90Glu,0.069,11.43,['Likely%20benign'],189.12,0.95,0.0,0.1,0.1
SPNS2,17,4499316,NM_001124758.3:c.269A>G,NP_001118230.1:p.Gln90Arg,0.026,11.09,['Likely%20benign'],189.12,0.95,0.0,-0.0,0.0
SPNS2,17,4499317,NM_001124758.3:c.270G>T,NP_001118230.1:p.Gln90His,0.045,18.47,['Unknown%20significance'],189.12,0.95,0.0,-0.0,0.0
SPNS2,17,4499318,NM_001124758.3:c.271C>A,NP_001118230.1:p.Gln91Lys,0.084,16.34,['Likely%20benign'],178.0,0.9,0.0,0.1,0.1
SPNS2,17,4499318,NM_001124758.3:c.271C>G,NP_001118230.1:p.Gln91Glu,0.090,14.92,['Likely%20benign'],178.0,0.9,0.0,0.1,0.1
SPNS2,17,4499319,NM_001124758.3:c.272A>C,NP_001118230.1:p.Gln91Pro,0.022,17.52,['Unknown%20significance'],178.0,0.9,0.0,0.1,0.1
SPNS2,17,4499319,NM_001124758.3:c.272A>G,NP_001118230.1:p.Gln91Arg,0.028,15.94,['Likely%20benign'],178.0,0.9,0.0,-0.1,0.1
SPNS2,17,4499319,NM_001124758.3:c.272A>T,NP_001118230.1:p.Gln91Leu,0.023,18.15,['Unknown%20significance'],178.0,0.9,0.0,-0.0,0.0
SPNS2,17,4499320,NM_001124758.3:c.273G>C,NP_001118230.1:p.Gln91His,0.028,16.26,['Unknown%20significance'],178.0,0.9,0.0,-0.0,0.0
SPNS2,17,4499321,NM_001124758.3:c.274C>A,NP_001118230.1:p.Pro92Thr,0.056,22.2,['Unknown%20significance'],146.43,0.93,0.0,-0.0,0.0
SPNS2,17,4499321,NM_001124758.3:c.274C>T,NP_001118230.1:p.Pro92Ser,0.048,19.38,['Likely%20benign'],146.43,0.93,0.0,0.0,0.0
SPNS2,17,4499322,NM_001124758.3:c.275C>A,NP_001118230.1:p.Pro92His,0.125,23.9,['Unknown%20significance'],146.43,0.93,0.0,-0.1,0.1
SPNS2,17,4499322,NM_001124758.3:c.275C>G,NP_001118230.1:p.Pro92Arg,0.069,20.8,['Likely%20benign'],146.43,0.93,0.0,-0.1,0.1
SPNS2,17,4499322,NM_001124758.3:c.275C>T,NP_001118230.1:p.Pro92Leu,0.075,22.8,['Unknown%20significance'],146.43,0.93,0.0,-0.1,0.1
SPNS2,17,4499324,NM_001124758.3:c.277A>G,NP_001118230.1:p.Lys93Glu,0.162,22.5,['Unknown%20significance'],220.76,0.93,0.0,-0.0,0.0
SPNS2,17,4499327,NM_001124758.3:c.280C>A,NP_001118230.1:p.Pro94Thr,0.073,17.08,['Likely%20benign'],132.04,0.83,0.0,-0.1,0.1
SPNS2,17,4499327,NM_001124758.3:c.280C>G,NP_001118230.1:p.Pro94Ala,0.081,15.86,['Likely%20benign'],132.04,0.83,0.0,-0.0,0.0
SPNS2,17,4499328,NM_001124758.3:c.281C>A,NP_001118230.1:p.Pro94Gln,0.082,15.37,['Likely%20benign'],132.04,0.83,0.0,-0.1,0.1
SPNS2,17,4499328,NM_001124758.3:c.281C>T,NP_001118230.1:p.Pro94Leu,0.075,16.30,['Unknown%20significance'],132.04,0.83,0.0,-0.2,0.2
SPNS2,17,4499330,NM_001124758.3:c.283G>A,NP_001118230.1:p.Ala95Thr,0.028,12.61,['Likely%20benign'],83.43,0.65,0.0,-0.1,0.1
SPNS2,17,4499330,NM_001124758.3:c.283G>T,NP_001118230.1:p.Ala95Ser,0.025,9.166,['Likely%20benign'],83.43,0.65,0.0,0.0,0.0
SPNS2,17,4499331,NM_001124758.3:c.284C>A,NP_001118230.1:p.Ala95Asp,0.044,17.03,['Unknown%20significance'],83.43,0.65,0.0,0.2,0.2
SPNS2,17,4499331,NM_001124758.3:c.284C>T,NP_001118230.1:p.Ala95Val,0.053,18.51,['Likely%20benign'],83.43,0.65,0.0,-0.2,0.2
SPNS2,17,4499333,NM_001124758.3:c.286A>G,NP_001118230.1:p.Ser96Gly,0.074,18.71,['Likely%20benign'],114.4,0.82,0.0,0.2,0.2
SPNS2,17,4499334,NM_001124758.3:c.287G>A,NP_001118230.1:p.Ser96Asn,0.049,18.53,['Likely%20benign'],114.4,0.82,0.0,0.0,0.0
SPNS2,17,4499334,NM_001124758.3:c.287G>T,NP_001118230.1:p.Ser96Ile,0.039,20.1,['Unknown%20significance'],114.4,0.82,0.0,-0.2,0.2
SPNS2,17,4499335,NM_001124758.3:c.288C>A,NP_001118230.1:p.Ser96Arg,0.045,16.45,['Likely%20benign'],114.4,0.82,0.0,-0.1,0.1
SPNS2,17,4499335,NM_001124758.3:c.288C>G,NP_001118230.1:p.Ser96Arg,0.045,16.78,['Likely%20benign'],114.4,0.82,0.0,-0.1,0.1
SPNS2,17,4499336,NM_001124758.3:c.289T>A,NP_001118230.1:p.Leu97Met,0.107,16.14,['Unknown%20significance'],67.42,0.34,0.0,0.1,0.1
SPNS2,17,4499337,NM_001124758.3:c.290T>C,NP_001118230.1:p.Leu97Ser,0.072,23.0,['Unknown%20significance'],67.42,0.34,0.0,0.8,0.8
SPNS2,17,4499337,NM_001124758.3:c.290T>G,NP_001118230.1:p.Leu97Trp,0.128,24.1,['Unknown%20significance'],67.42,0.34,0.0,-0.1,0.1
SPNS2,17,4499338,NM_001124758.3:c.291G>C,NP_001118230.1:p.Leu97Phe,0.047,22.4,['Unknown%20significance'],67.42,0.34,0.0,-0.1,0.1
SPNS2,17,4499338,NM_001124758.3:c.291G>T,NP_001118230.1:p.Leu97Phe,0.047,22.4,['Unknown%20significance'],67.42,0.34,0.0,-0.1,0.1
SPNS2,17,4499339,NM_001124758.3:c.292G>A,NP_001118230.1:p.Gly98Ser,0.123,21.4,['Unknown%20significance'],43.5,0.45,0.0,-0.3,0.3
SPNS2,17,4499339,NM_001124758.3:c.292G>T,NP_001118230.1:p.Gly98Cys,0.078,23.3,['Unknown%20significance'],43.5,0.45,0.0,-0.3,0.3
SPNS2,17,4499340,NM_001124758.3:c.293G>A,NP_001118230.1:p.Gly98Asp,0.108,21.4,['Unknown%20significance'],43.5,0.45,0.0,-0.1,0.1
SPNS2,17,4499340,NM_001124758.3:c.293G>T,NP_001118230.1:p.Gly98Val,0.095,22.0,['Unknown%20significance'],43.5,0.45,0.0,-0.8,0.8
SPNS2,17,4499342,NM_001124758.3:c.295C>A,NP_001118230.1:p.Arg99Ser,0.141,25.1,['Unknown%20significance'],261.37,0.97,0.0,0.1,0.1
SPNS2,17,4499342,NM_001124758.3:c.295C>G,NP_001118230.1:p.Arg99Gly,0.197,25.5,['Unknown%20significance'],261.37,0.97,0.0,0.2,0.2
SPNS2,17,4499342,NM_001124758.3:c.295C>T,NP_001118230.1:p.Arg99Cys,0.241,25.2,['Unknown%20significance'],261.37,0.97,0.0,0.1,0.1
SPNS2,17,4499343,NM_001124758.3:c.296G>A,NP_001118230.1:p.Arg99His,0.131,29.7,['Unknown%20significance'],261.37,0.97,0.0,0.0,0.0
SPNS2,17,4499343,NM_001124758.3:c.296G>T,NP_001118230.1:p.Arg99Leu,0.182,29.0,['Unknown%20significance'],261.37,0.97,0.0,-0.1,0.1
SPNS2,17,4499345,NM_001124758.3:c.298G>A,NP_001118230.1:p.Gly100Arg,0.062,21.6,['Likely%20benign'],43.68,0.45,0.0,-0.8,0.8
SPNS2,17,4499345,NM_001124758.3:c.298G>T,NP_001118230.1:p.Gly100Trp,0.095,24.5,['Unknown%20significance'],43.68,0.45,0.0,-1.2,1.2
SPNS2,17,4499346,NM_001124758.3:c.299G>A,NP_001118230.1:p.Gly100Glu,0.087,20.7,['Likely%20benign'],43.68,0.45,0.0,-0.4,0.4
SPNS2,17,4499346,NM_001124758.3:c.299G>T,NP_001118230.1:p.Gly100Val,0.028,22.6,['Unknown%20significance'],43.68,0.45,0.0,-1.0,1.0
SPNS2,17,4499348,NM_001124758.3:c.301C>G,NP_001118230.1:p.Arg101Gly,0.111,22.3,['Unknown%20significance'],132.41,0.49,0.0,0.8,0.8
SPNS2,17,4499348,NM_001124758.3:c.301C>T,NP_001118230.1:p.Arg101Trp,0.173,26.0,['Unknown%20significance'],132.41,0.49,0.0,-0.4,0.4
SPNS2,17,4499349,NM_001124758.3:c.302G>A,NP_001118230.1:p.Arg101Gln,0.145,23.0,['Unknown%20significance'],132.41,0.49,0.0,0.2,0.2
SPNS2,17,4499349,NM_001124758.3:c.302G>C,NP_001118230.1:p.Arg101Pro,0.147,23.0,['Unknown%20significance'],132.41,0.49,0.0,0.6,0.6
SPNS2,17,4499349,NM_001124758.3:c.302G>T,NP_001118230.1:p.Arg101Leu,0.104,23.0,['Unknown%20significance'],132.41,0.49,0.0,-0.3,0.3
SPNS2,17,4499351,NM_001124758.3:c.304G>A,NP_001118230.1:p.Gly102Arg,0.083,22.7,['Unknown%20significance'],16.92,0.17,0.0,-1.0,1.0
SPNS2,17,4499351,NM_001124758.3:c.304G>C,NP_001118230.1:p.Gly102Arg,0.083,22.7,['Unknown%20significance'],16.92,0.17,0.0,-1.0,1.0
SPNS2,17,4499351,NM_001124758.3:c.304G>T,NP_001118230.1:p.Gly102Trp,0.087,23.5,['Unknown%20significance'],16.92,0.17,0.0,-2.7,2.7
SPNS2,17,4499352,NM_001124758.3:c.305G>A,NP_001118230.1:p.Gly102Glu,0.129,22.5,['Unknown%20significance'],16.92,0.17,0.0,-0.5,0.5
SPNS2,17,4499352,NM_001124758.3:c.305G>T,NP_001118230.1:p.Gly102Val,0.121,21.8,['Unknown%20significance'],16.92,0.17,0.0,-1.9,1.9
SPNS2,17,4499354,NM_001124758.3:c.307G>A,NP_001118230.1:p.Ala103Thr,0.206,24.8,['Unknown%20significance'],37.2,0.29,0.0,0.0,0.0
SPNS2,17,4499354,NM_001124758.3:c.307G>C,NP_001118230.1:p.Ala103Pro,0.225,25.3,['Unknown%20significance'],37.2,0.29,0.0,0.4,0.4
SPNS2,17,4499354,NM_001124758.3:c.307G>T,NP_001118230.1:p.Ala103Ser,0.221,24.2,['Unknown%20significance'],37.2,0.29,0.0,0.5,0.5
SPNS2,17,4499355,NM_001124758.3:c.308C>A,NP_001118230.1:p.Ala103Glu,0.257,24.3,['Unknown%20significance'],37.2,0.29,0.0,0.5,0.5
SPNS2,17,4499355,NM_001124758.3:c.308C>G,NP_001118230.1:p.Ala103Gly,0.181,24.3,['Unknown%20significance'],37.2,0.29,0.0,0.9,0.9
SPNS2,17,4499355,NM_001124758.3:c.308C>T,NP_001118230.1:p.Ala103Val,0.212,23.8,['Unknown%20significance'],37.2,0.29,0.0,-0.9,0.9
SPNS2,17,4499357,NM_001124758.3:c.310G>A,NP_001118230.1:p.Ala104Thr,0.207,24.5,['Unknown%20significance'],0.0,0.0,0.0,0.2,0.2
SPNS2,17,4499357,NM_001124758.3:c.310G>T,NP_001118230.1:p.Ala104Ser,0.186,24.2,['Unknown%20significance'],0.0,0.0,0.0,1.1,1.1
SPNS2,17,4499358,NM_001124758.3:c.311C>A,NP_001118230.1:p.Ala104Asp,0.288,26.8,['Unknown%20significance'],0.0,0.0,0.0,1.9,1.9
SPNS2,17,4499358,NM_001124758.3:c.311C>G,NP_001118230.1:p.Ala104Gly,0.173,24.0,['Unknown%20significance'],0.0,0.0,0.0,1.9,1.9
SPNS2,17,4499358,NM_001124758.3:c.311C>T,NP_001118230.1:p.Ala104Val,0.189,24.6,['Unknown%20significance'],0.0,0.0,0.0,-2.1,2.1
SPNS2,17,4499360,NM_001124758.3:c.313G>A,NP_001118230.1:p.Ala105Thr,0.228,23.4,['Unknown%20significance'],1.09,0.0,0.0,0.1,0.1
SPNS2,17,4499360,NM_001124758.3:c.313G>C,NP_001118230.1:p.Ala105Pro,0.236,24.5,['Unknown%20significance'],1.09,0.0,0.0,1.1,1.1
SPNS2,17,4499360,NM_001124758.3:c.313G>T,NP_001118230.1:p.Ala105Ser,0.277,25.9,['Unknown%20significance'],1.09,0.0,0.0,1.2,1.2
SPNS2,17,4499361,NM_001124758.3:c.314C>A,NP_001118230.1:p.Ala105Asp,0.316,26.4,['Unknown%20significance'],1.09,0.0,0.0,2.1,2.1
SPNS2,17,4499361,NM_001124758.3:c.314C>G,NP_001118230.1:p.Ala105Gly,0.257,25.8,['Unknown%20significance'],1.09,0.0,0.0,1.9,1.9
SPNS2,17,4499361,NM_001124758.3:c.314C>T,NP_001118230.1:p.Ala105Val,0.139,21.2,['Unknown%20significance'],1.09,0.0,0.0,-2.3,2.3
SPNS2,17,4499363,NM_001124758.3:c.316G>A,NP_001118230.1:p.Ala106Thr,0.174,24.2,['Unknown%20significance'],66.73,0.52,0.0,0.2,0.2
SPNS2,17,4499363,NM_001124758.3:c.316G>T,NP_001118230.1:p.Ala106Ser,0.158,22.8,['Unknown%20significance'],66.73,0.52,0.0,0.6,0.6
SPNS2,17,4499364,NM_001124758.3:c.317C>A,NP_001118230.1:p.Ala106Asp,0.269,23.8,['Unknown%20significance'],66.73,0.52,0.0,1.1,1.1
SPNS2,17,4499364,NM_001124758.3:c.317C>G,NP_001118230.1:p.Ala106Gly,0.111,22.4,['Likely%20benign'],66.73,0.52,0.0,0.9,0.9
SPNS2,17,4499364,NM_001124758.3:c.317C>T,NP_001118230.1:p.Ala106Val,0.138,22.7,['Likely%20benign'],66.73,0.52,0.0,-0.8,0.8
SPNS2,17,4499366,NM_001124758.3:c.319A>G,NP_001118230.1:p.Ile107Val,0.114,17.97,['Unknown%20significance'],16.57,0.08,0.0,0.2,0.2
SPNS2,17,4499366,NM_001124758.3:c.319A>T,NP_001118230.1:p.Ile107Phe,0.207,23.9,['Unknown%20significance'],16.57,0.08,0.0,0.3,0.3
SPNS2,17,4499367,NM_001124758.3:c.320T>A,NP_001118230.1:p.Ile107Asn,0.340,27.3,['Unknown%20significance'],16.57,0.08,0.0,3.8,3.8
SPNS2,17,4499367,NM_001124758.3:c.320T>C,NP_001118230.1:p.Ile107Thr,0.303,24.0,['Unknown%20significance'],16.57,0.08,0.0,2.6,2.6
SPNS2,17,4499369,NM_001124758.3:c.322C>A,NP_001118230.1:p.Leu108Ile,0.366,26.2,['Unknown%20significance'],0.0,0.0,0.0,0.2,0.2
SPNS2,17,4499370,NM_001124758.3:c.323T>A,NP_001118230.1:p.Leu108His,0.508,28.9,['Unknown%20significance'],0.0,0.0,0.0,4.0,4.0
SPNS2,17,4499370,NM_001124758.3:c.323T>C,NP_001118230.1:p.Leu108Pro,0.657,29.9,['Unknown%20significance'],0.0,0.0,0.0,4.8,4.8
SPNS2,17,4499372,NM_001124758.3:c.325A>C,NP_001118230.1:p.Ser109Arg,0.368,28.6,['Unknown%20significance'],13.28,0.09,0.0,-0.5,0.5
SPNS2,17,4499372,NM_001124758.3:c.325A>G,NP_001118230.1:p.Ser109Gly,0.115,24.3,['Unknown%20significance'],13.28,0.09,0.0,0.7,0.7
SPNS2,17,4499373,NM_001124758.3:c.326G>A,NP_001118230.1:p.Ser109Asn,0.270,27.1,['Unknown%20significance'],13.28,0.09,0.0,0.4,0.4
SPNS2,17,4499373,NM_001124758.3:c.326G>C,NP_001118230.1:p.Ser109Thr,0.254,26.9,['Unknown%20significance'],13.28,0.09,0.0,-0.8,0.8
SPNS2,17,4499373,NM_001124758.3:c.326G>T,NP_001118230.1:p.Ser109Ile,0.279,29.0,['Unknown%20significance'],13.28,0.09,0.0,-3.0,3.0
SPNS2,17,4499374,NM_001124758.3:c.327C>A,NP_001118230.1:p.Ser109Arg,0.326,25.3,['Unknown%20significance'],13.28,0.09,0.0,-0.5,0.5
SPNS2,17,4499374,NM_001124758.3:c.327C>G,NP_001118230.1:p.Ser109Arg,0.326,25.5,['Unknown%20significance'],13.28,0.09,0.0,-0.5,0.5
SPNS2,17,4499375,NM_001124758.3:c.328T>A,NP_001118230.1:p.Leu110Met,0.176,24.9,['Unknown%20significance'],80.16,0.41,0.0,0.5,0.5
SPNS2,17,4499376,NM_001124758.3:c.329T>C,NP_001118230.1:p.Leu110Ser,0.318,25.5,['Unknown%20significance'],80.16,0.41,0.0,2.0,2.0
SPNS2,17,4499377,NM_001124758.3:c.330G>T,NP_001118230.1:p.Leu110Phe,0.066,20.2,['Unknown%20significance'],80.16,0.41,0.0,0.2,0.2
SPNS2,17,4499378,NM_001124758.3:c.331G>A,NP_001118230.1:p.Gly111Ser,0.146,25.2,['Unknown%20significance'],0.0,0.0,0.0,-0.6,0.6
SPNS2,17,4499378,NM_001124758.3:c.331G>C,NP_001118230.1:p.Gly111Arg,0.284,29.2,['Unknown%20significance'],0.0,0.0,0.0,-0.9,0.9
SPNS2,17,4499378,NM_001124758.3:c.331G>T,NP_001118230.1:p.Gly111Cys,0.190,25.3,['Unknown%20significance'],0.0,0.0,0.0,-1.9,1.9
SPNS2,17,4499379,NM_001124758.3:c.332G>A,NP_001118230.1:p.Gly111Asp,0.205,24.5,['Unknown%20significance'],0.0,0.0,0.0,0.6,0.6
SPNS2,17,4499379,NM_001124758.3:c.332G>T,NP_001118230.1:p.Gly111Val,0.232,22.3,['Unknown%20significance'],0.0,0.0,0.0,-3.3,3.3
SPNS2,17,4499381,NM_001124758.3:c.334A>G,NP_001118230.1:p.Asn112Asp,0.373,28.2,['Unknown%20significance'],0.0,0.0,0.0,0.9,0.9
SPNS2,17,4499382,NM_001124758.3:c.335A>G,NP_001118230.1:p.Asn112Ser,0.296,26.6,['Unknown%20significance'],0.0,0.0,0.0,-0.2,0.2
SPNS2,17,4499382,NM_001124758.3:c.335A>T,NP_001118230.1:p.Asn112Ile,0.464,28.9,['Unknown%20significance'],0.0,0.0,0.0,-3.3,3.3
SPNS2,17,4499383,NM_001124758.3:c.336C>A,NP_001118230.1:p.Asn112Lys,0.435,25.9,['Unknown%20significance'],0.0,0.0,0.0,0.2,0.2
SPNS2,17,4499383,NM_001124758.3:c.336C>G,NP_001118230.1:p.Asn112Lys,0.435,26.0,['Unknown%20significance'],0.0,0.0,0.0,0.2,0.2
SPNS2,17,4499384,NM_001124758.3:c.337G>A,NP_001118230.1:p.Val113Met,0.199,26.9,['Unknown%20significance'],21.64,0.12,0.0,0.3,0.3
SPNS2,17,4499384,NM_001124758.3:c.337G>C,NP_001118230.1:p.Val113Leu,0.162,20.3,['Unknown%20significance'],21.64,0.12,0.0,-0.4,0.4
SPNS2,17,4499384,NM_001124758.3:c.337G>T,NP_001118230.1:p.Val113Leu,0.162,20.4,['Unknown%20significance'],21.64,0.12,0.0,-0.4,0.4
SPNS2,17,4499385,NM_001124758.3:c.338T>A,NP_001118230.1:p.Val113Glu,0.506,31,['Unknown%20significance'],21.64,0.12,0.0,3.1,3.1
SPNS2,17,4499385,NM_001124758.3:c.338T>C,NP_001118230.1:p.Val113Ala,0.299,28.4,['Unknown%20significance'],21.64,0.12,0.0,1.6,1.6
SPNS2,17,4499387,NM_001124758.3:c.340C>A,NP_001118230.1:p.Leu114Ile,0.140,22.7,['Unknown%20significance'],3.12,0.01,0.0,0.1,0.1
SPNS2,17,4499387,NM_001124758.3:c.340C>T,NP_001118230.1:p.Leu114Phe,0.375,27.5,['Unknown%20significance'],3.12,0.01,0.0,0.3,0.3
SPNS2,17,4499388,NM_001124758.3:c.341T>A,NP_001118230.1:p.Leu114His,0.552,29.0,['Unknown%20significance'],3.12,0.01,0.0,2.5,2.5
SPNS2,17,4499388,NM_001124758.3:c.341T>C,NP_001118230.1:p.Leu114Pro,0.615,29.9,['Unknown%20significance'],3.12,0.01,0.0,3.3,3.3
SPNS2,17,4499390,NM_001124758.3:c.343A>G,NP_001118230.1:p.Asn115Asp,0.507,29.0,['Unknown%20significance'],0.0,0.0,0.0,0.7,0.7
SPNS2,17,4499390,NM_001124758.3:c.343A>T,NP_001118230.1:p.Asn115Tyr,0.511,29.3,['Unknown%20significance'],0.0,0.0,0.0,-2.2,2.2
SPNS2,17,4499391,NM_001124758.3:c.344A>G,NP_001118230.1:p.Asn115Ser,0.420,26.9,['Unknown%20significance'],0.0,0.0,0.0,-0.2,0.2
SPNS2,17,4499392,NM_001124758.3:c.345C>A,NP_001118230.1:p.Asn115Lys,0.451,25.1,['Unknown%20significance'],0.0,0.0,0.0,0.3,0.3
SPNS2,17,4499392,NM_001124758.3:c.345C>G,NP_001118230.1:p.Asn115Lys,0.451,25.1,['Unknown%20significance'],0.0,0.0,0.0,0.3,0.3
SPNS2,17,4499393,NM_001124758.3:c.346T>C,NP_001118230.1:p.Tyr116His,0.459,29.7,['Unknown%20significance'],1.78,0.0,0.0,1.7,1.7
SPNS2,17,4499394,NM_001124758.3:c.347A>G,NP_001118230.1:p.Tyr116Cys,0.604,31,['Unknown%20significance'],1.78,0.0,0.0,1.5,1.5
SPNS2,17,4499394,NM_001124758.3:c.347A>T,NP_001118230.1:p.Tyr116Phe,0.262,24.7,['Unknown%20significance'],1.78,0.0,0.0,-0.1,0.1
SPNS2,17,4499396,NM_001124758.3:c.349C>A,NP_001118230.1:p.Leu117Met,0.056,16.52,['Likely%20benign'],5.34,0.02,0.0,0.6,0.6
SPNS2,17,4499396,NM_001124758.3:c.349C>G,NP_001118230.1:p.Leu117Val,0.057,22.6,['Likely%20benign'],5.34,0.02,0.0,0.5,0.5
SPNS2,17,4499397,NM_001124758.3:c.350T>A,NP_001118230.1:p.Leu117Gln,0.360,29.3,['Unknown%20significance'],5.34,0.02,0.0,2.7,2.7
SPNS2,17,4499397,NM_001124758.3:c.350T>C,NP_001118230.1:p.Leu117Pro,0.470,31,['Unknown%20significance'],5.34,0.02,0.0,3.2,3.2
SPNS2,17,4499399,NM_001124758.3:c.352G>A,NP_001118230.1:p.Asp118Asn,0.293,28.9,['Unknown%20significance'],0.0,0.0,0.0,-0.4,0.4
SPNS2,17,4499399,NM_001124758.3:c.352G>C,NP_001118230.1:p.Asp118His,0.528,32,['Unknown%20significance'],0.0,0.0,0.0,-1.0,1.0
SPNS2,17,4499399,NM_001124758.3:c.352G>T,NP_001118230.1:p.Asp118Tyr,0.594,32,['Unknown%20significance'],0.0,0.0,0.0,-2.4,2.4
SPNS2,17,4499400,NM_001124758.3:c.353A>G,NP_001118230.1:p.Asp118Gly,0.556,32,['Unknown%20significance'],0.0,0.0,0.0,0.3,0.3
SPNS2,17,4499400,NM_001124758.3:c.353A>T,NP_001118230.1:p.Asp118Val,0.606,32,['Unknown%20significance'],0.0,0.0,0.0,-2.4,2.4
SPNS2,17,4499401,NM_001124758.3:c.354C>A,NP_001118230.1:p.Asp118Glu,0.433,24.1,['Unknown%20significance'],0.0,0.0,0.0,-0.1,0.1
SPNS2,17,4499401,NM_001124758.3:c.354C>G,NP_001118230.1:p.Asp118Glu,0.434,24.0,['Unknown%20significance'],0.0,0.0,0.0,-0.1,0.1
SPNS2,17,4499402,NM_001124758.3:c.355A>G,NP_001118230.1:p.Arg119Gly,0.444,27.0,['Unknown%20significance'],0.12,0.0,0.0,1.8,1.8
SPNS2,17,4499402,NM_001124758.3:c.355A>T,NP_001118230.1:p.Arg119Trp,0.331,26.6,['Unknown%20significance'],0.12,0.0,0.0,-1.3,1.3
SPNS2,17,4499403,NM_001124758.3:c.356G>A,NP_001118230.1:p.Arg119Lys,0.412,26.1,['Unknown%20significance'],0.12,0.0,0.0,1.2,1.2
SPNS2,17,4499403,NM_001124758.3:c.356G>T,NP_001118230.1:p.Arg119Met,0.559,32,['Unknown%20significance'],0.12,0.0,0.0,-1.0,1.0
SPNS2,17,4499404,NM_001124758.3:c.357G>C,NP_001118230.1:p.Arg119Ser,0.458,26.5,['Unknown%20significance'],0.12,0.0,0.0,1.0,1.0
SPNS2,17,4499404,NM_001124758.3:c.357G>T,NP_001118230.1:p.Arg119Ser,0.458,26.4,['Unknown%20significance'],0.12,0.0,0.0,1.0,1.0
SPNS2,17,4499405,NM_001124758.3:c.358T>A,NP_001118230.1:p.Tyr120Asn,0.329,31,['Unknown%20significance'],4.69,0.01,0.0,2.5,2.5
SPNS2,17,4499405,NM_001124758.3:c.358T>C,NP_001118230.1:p.Tyr120His,0.332,32,['Unknown%20significance'],4.69,0.01,0.0,1.6,1.6
SPNS2,17,4499406,NM_001124758.3:c.359A>G,NP_001118230.1:p.Tyr120Cys,0.416,31,['Unknown%20significance'],4.69,0.01,0.0,1.4,1.4
SPNS2,17,4499408,NM_001124758.3:c.361A>C,NP_001118230.1:p.Thr121Pro,0.486,30,['Unknown%20significance'],0.0,0.0,0.0,1.1,1.1
SPNS2,17,4499408,NM_001124758.3:c.361A>G,NP_001118230.1:p.Thr121Ala,0.241,31,['Unknown%20significance'],0.0,0.0,0.0,-0.1,0.1
SPNS2,17,4499408,NM_001124758.3:c.361A>T,NP_001118230.1:p.Thr121Ser,0.222,27.3,['Unknown%20significance'],0.0,0.0,0.0,0.8,0.8
SPNS2,17,4499409,NM_001124758.3:c.362C>A,NP_001118230.1:p.Thr121Asn,0.287,25.8,['Unknown%20significance'],0.0,0.0,0.0,1.1,1.1
SPNS2,17,4499409,NM_001124758.3:c.362C>T,NP_001118230.1:p.Thr121Ile,0.120,22.9,['Unknown%20significance'],0.0,0.0,0.0,-2.0,2.0
SPNS2,17,4499411,NM_001124758.3:c.364G>A,NP_001118230.1:p.Val122Met,0.241,29.8,['Unknown%20significance'],0.31,0.0,0.0,0.5,0.5
SPNS2,17,4499411,NM_001124758.3:c.364G>T,NP_001118230.1:p.Val122Leu,0.143,23.3,['Unknown%20significance'],0.31,0.0,0.0,-0.3,0.3
SPNS2,17,4499412,NM_001124758.3:c.365T>C,NP_001118230.1:p.Val122Ala,0.334,28.9,['Unknown%20significance'],0.31,0.0,0.0,2.1,2.1
SPNS2,17,4499414,NM_001124758.3:c.367G>A,NP_001118230.1:p.Ala123Thr,0.181,24.9,['Unknown%20significance'],0.05,0.0,0.0,0.3,0.3
SPNS2,17,4499414,NM_001124758.3:c.367G>T,NP_001118230.1:p.Ala123Ser,0.136,24.7,['Unknown%20significance'],0.05,0.0,0.0,0.9,0.9
SPNS2,17,4499415,NM_001124758.3:c.368C>A,NP_001118230.1:p.Ala123Glu,0.426,27.7,['Unknown%20significance'],0.05,0.0,0.0,1.6,1.6
SPNS2,17,4499415,NM_001124758.3:c.368C>T,NP_001118230.1:p.Ala123Val,0.101,32,['Unknown%20significance'],0.05,0.0,0.0,-1.0,1.0
SPNS2,17,4499417,NM_001124758.3:c.370G>A,NP_001118230.1:p.Gly124Ser,0.383,35,['Unknown%20significance'],0.69,0.0,0.0,-0.8,0.8
SPNS2,17,4499417,NM_001124758.3:c.370G>C,NP_001118230.1:p.Gly124Arg,0.541,35,['Unknown%20significance'],0.69,0.0,0.0,-1.4,1.4
SPNS2,17,4499417,NM_001124758.3:c.370G>T,NP_001118230.1:p.Gly124Cys,0.450,36,['Unknown%20significance'],0.69,0.0,0.0,-1.8,1.8
SPNS2,17,4513249,NM_001124758.3:c.373G>A,NP_001118230.1:p.Val125Ile,0.188,23.6,['Unknown%20significance'],0.0,0.0,0.0,-0.2,0.2
SPNS2,17,4513252,NM_001124758.3:c.376C>T,NP_001118230.1:p.Leu126Phe,0.345,25.4,['Unknown%20significance'],0.0,0.0,0.0,0.5,0.5
SPNS2,17,4513259,NM_001124758.3:c.383A>G,NP_001118230.1:p.Asp128Gly,0.335,32,['Unknown%20significance'],0.0,0.0,0.0,0.1,0.1
SPNS2,17,4513263,NM_001124758.3:c.387C>G,NP_001118230.1:p.Ile129Met,0.395,24.2,['Unknown%20significance'],0.0,0.0,0.0,1.0,1.0
SPNS2,17,4513274,NM_001124758.3:c.398T>C,NP_001118230.1:p.Phe133Ser,0.586,28.8,['Unknown%20significance'],15.4,0.06,0.0,3.3,3.3
SPNS2,17,4513277,NM_001124758.3:c.401G>A,NP_001118230.1:p.Gly134Glu,0.072,20.5,['Unknown%20significance'],68.56,0.71,0.0,0.1,0.1
SPNS2,17,4513279,NM_001124758.3:c.403G>A,NP_001118230.1:p.Val135Ile,0.087,18.37,['Unknown%20significance'],30.39,0.17,0.0,-0.2,0.2
SPNS2,17,4513280,NM_001124758.3:c.404T>G,NP_001118230.1:p.Val135Gly,0.384,28.0,['Unknown%20significance'],30.39,0.17,0.0,2.3,2.3
SPNS2,17,4513282,NM_001124758.3:c.406A>G,NP_001118230.1:p.Lys136Glu,0.173,22.5,['Unknown%20significance'],110.76,0.46,0.0,0.0,0.0
SPNS2,17,4513285,NM_001124758.3:c.409G>A,NP_001118230.1:p.Asp137Asn,0.116,23.3,['Unknown%20significance'],0.0,0.0,0.0,-0.5,0.5
SPNS2,17,4513288,NM_001124758.3:c.412C>G,NP_001118230.1:p.Arg138Gly,0.311,20.5,['Unknown%20significance'],107.91,0.4,0.0,0.9,0.9
SPNS2,17,4513289,NM_001124758.3:c.413G>A,NP_001118230.1:p.Arg138Gln,0.109,23.1,['Unknown%20significance'],107.91,0.4,0.0,0.2,0.2
SPNS2,17,4513291,NM_001124758.3:c.415G>T,NP_001118230.1:p.Gly139Cys,0.148,23.3,['Unknown%20significance'],15.28,0.16,0.0,-0.9,0.9
SPNS2,17,4513292,NM_001124758.3:c.416G>A,NP_001118230.1:p.Gly139Asp,0.045,19.14,['Unknown%20significance'],15.28,0.16,0.0,-0.3,0.3
SPNS2,17,4513292,NM_001124758.3:c.416G>T,NP_001118230.1:p.Gly139Val,0.189,20.7,['Unknown%20significance'],15.28,0.16,0.0,-1.9,1.9
SPNS2,17,4513294,NM_001124758.3:c.418G>A,NP_001118230.1:p.Ala140Thr,0.134,23.2,['Unknown%20significance'],0.0,0.0,0.0,0.1,0.1
SPNS2,17,4513295,NM_001124758.3:c.419C>T,NP_001118230.1:p.Ala140Val,0.137,23.7,['Unknown%20significance'],0.0,0.0,0.0,-1.8,1.8
SPNS2,17,4513297,NM_001124758.3:c.421G>A,NP_001118230.1:p.Gly141Ser,0.521,29.0,['Unknown%20significance'],0.0,0.0,0.0,-0.1,0.1
SPNS2,17,4513310,NM_001124758.3:c.434C>T,NP_001118230.1:p.Ser145Leu,0.330,32,['Unknown%20significance'],5.58,0.04,0.0,-2.1,2.1
SPNS2,17,4513312,NM_001124758.3:c.436G>A,NP_001118230.1:p.Val146Met,0.287,35,['Unknown%20significance'],36.14,0.21,0.0,0.5,0.5
SPNS2,17,4525057,NM_001124758.3:c.437T>C,NP_001118230.1:p.Val146Ala,0.122,23.2,['Unknown%20significance'],36.14,0.21,0.0,1.3,1.3
SPNS2,17,4525062,NM_001124758.3:c.442A>G,NP_001118230.1:p.Ile148Val,0.228,21.8,['Unknown%20significance'],0.0,0.0,0.0,0.2,0.2
SPNS2,17,4525062,NM_001124758.3:c.442A>T,NP_001118230.1:p.Ile148Phe,0.482,26.0,['Unknown%20significance'],0.0,0.0,0.0,-0.1,0.1
SPNS2,17,4525063,NM_001124758.3:c.443T>C,NP_001118230.1:p.Ile148Thr,0.509,25.5,['Unknown%20significance'],0.0,0.0,0.0,1.9,1.9
SPNS2,17,4525064,NM_001124758.3:c.444C>G,NP_001118230.1:p.Ile148Met,0.269,24.7,['Unknown%20significance'],0.0,0.0,0.0,0.4,0.4
SPNS2,17,4525071,NM_001124758.3:c.451T>A,NP_001118230.1:p.Phe151Ile,0.478,27.8,['Unknown%20significance'],5.35,0.02,0.0,0.2,0.2
SPNS2,17,4525074,NM_001124758.3:c.454A>G,NP_001118230.1:p.Met152Val,0.426,24.6,['Unknown%20significance'],9.93,0.04,0.0,-0.4,0.4
SPNS2,17,4525074,NM_001124758.3:c.454A>T,NP_001118230.1:p.Met152Leu,0.234,22.3,['Unknown%20significance'],9.93,0.04,0.0,-0.6,0.6
SPNS2,17,4525075,NM_001124758.3:c.455T>C,NP_001118230.1:p.Met152Thr,0.595,25.8,['Unknown%20significance'],9.93,0.04,0.0,1.3,1.3
SPNS2,17,4525078,NM_001124758.3:c.458T>A,NP_001118230.1:p.Val153Glu,0.800,27.1,['Unknown%20significance'],102.03,0.59,0.0,1.2,1.2
SPNS2,17,4525080,NM_001124758.3:c.460G>C,NP_001118230.1:p.Ala154Pro,0.402,23.7,['Unknown%20significance'],0.97,0.0,0.0,1.2,1.2
SPNS2,17,4525086,NM_001124758.3:c.466C>T,NP_001118230.1:p.Pro156Ser,0.674,24.6,['Unknown%20significance'],93.6,0.59,0.0,0.2,0.2
SPNS2,17,4525089,NM_001124758.3:c.469A>G,NP_001118230.1:p.Ile157Val,0.113,12.20,['Unknown%20significance'],96.52,0.49,0.0,0.1,0.1
SPNS2,17,4525091,NM_001124758.3:c.471C>G,NP_001118230.1:p.Ile157Met,0.391,21.7,['Unknown%20significance'],96.52,0.49,0.0,0.4,0.4
SPNS2,17,4525095,NM_001124758.3:c.475G>A,NP_001118230.1:p.Gly159Ser,0.775,25.1,['Unknown%20significance'],37.42,0.39,0.0,0.3,0.3
SPNS2,17,4525101,NM_001124758.3:c.481C>A,NP_001118230.1:p.Leu161Met,0.486,24.1,['Unknown%20significance'],51.04,0.26,0.0,0.6,0.6
SPNS2,17,4525101,NM_001124758.3:c.481C>G,NP_001118230.1:p.Leu161Val,0.517,23.8,['Unknown%20significance'],51.04,0.26,0.0,0.7,0.7
SPNS2,17,4525104,NM_001124758.3:c.484G>C,NP_001118230.1:p.Gly162Arg,0.788,24.9,['Unknown%20significance'],1.1,0.01,0.0,-1.1,1.1
SPNS2,17,4525107,NM_001124758.3:c.487G>A,NP_001118230.1:p.Asp163Asn,0.681,25.0,['Pathogenic'],82.26,0.51,0.0,0.2,0.2
SPNS2,17,4525110,NM_001124758.3:c.490C>T,NP_001118230.1:p.Arg164Cys,0.625,27.5,['Unknown%20significance'],169.63,0.62,0.0,0.7,0.7
SPNS2,17,4525111,NM_001124758.3:c.491G>A,NP_001118230.1:p.Arg164His,0.741,28.8,['Unknown%20significance'],169.63,0.62,0.0,0.3,0.3
SPNS2,17,4525117,NM_001124758.3:c.497A>G,NP_001118230.1:p.Asn166Ser,0.226,21.8,['Unknown%20significance'],95.28,0.59,0.0,0.0,0.0
SPNS2,17,4525119,NM_001124758.3:c.499A>G,NP_001118230.1:p.Arg167Gly,0.753,25.4,['Unknown%20significance'],17.51,0.06,0.0,2.0,2.0
SPNS2,17,4525120,NM_001124758.3:c.500G>A,NP_001118230.1:p.Arg167Lys,0.681,28.4,['Unknown%20significance'],17.51,0.06,0.0,1.3,1.3
SPNS2,17,4525122,NM_001124758.3:c.502A>C,NP_001118230.1:p.Lys168Gln,0.650,28.8,['Unknown%20significance'],31.56,0.13,0.0,-0.5,0.5
SPNS2,17,4525124,NM_001124758.3:c.504G>C,NP_001118230.1:p.Lys168Asn,0.420,23.2,['Unknown%20significance'],31.56,0.13,0.0,0.1,0.1
SPNS2,17,4525125,NM_001124758.3:c.505G>A,NP_001118230.1:p.Val169Met,0.100,22.4,['Unknown%20significance'],84.56,0.49,0.0,0.1,0.1
SPNS2,17,4525126,NM_001124758.3:c.506T>G,NP_001118230.1:p.Val169Gly,0.191,23.2,['Unknown%20significance'],84.56,0.49,0.0,1.0,1.0
SPNS2,17,4525128,NM_001124758.3:c.508A>T,NP_001118230.1:p.Ile170Phe,0.446,26.9,['Unknown%20significance'],20.04,0.1,0.0,0.3,0.3
SPNS2,17,4525131,NM_001124758.3:c.511C>G,NP_001118230.1:p.Leu171Val,0.311,23.1,['Unknown%20significance'],0.0,0.0,0.0,0.8,0.8
SPNS2,17,4525134,NM_001124758.3:c.514A>C,NP_001118230.1:p.Ser172Arg,0.346,25.9,['Unknown%20significance'],0.27,0.0,0.0,-0.7,0.7
SPNS2,17,4525135,NM_001124758.3:c.515G>C,NP_001118230.1:p.Ser172Thr,0.196,22.8,['Unknown%20significance'],0.27,0.0,0.0,-1.0,1.0
SPNS2,17,4525140,NM_001124758.3:c.520G>A,NP_001118230.1:p.Gly174Ser,0.639,29.5,['Unknown%20significance'],2.61,0.02,0.0,-0.3,0.3
SPNS2,17,4525143,NM_001124758.3:c.523A>G,NP_001118230.1:p.Ile175Val,0.110,21.5,['Unknown%20significance'],0.0,0.0,0.0,0.2,0.2
SPNS2,17,4525150,NM_001124758.3:c.530T>C,NP_001118230.1:p.Phe177Ser,0.635,31,['Unknown%20significance'],89.3,0.38,0.0,1.9,1.9
SPNS2,17,4525151,NM_001124758.3:c.531C>A,NP_001118230.1:p.Phe177Leu,0.206,21.5,['Unknown%20significance'],89.3,0.38,0.0,-0.3,0.3
SPNS2,17,4525151,NM_001124758.3:c.531C>G,NP_001118230.1:p.Phe177Leu,0.210,21.2,['Unknown%20significance'],89.3,0.38,0.0,-0.3,0.3
SPNS2,17,4525152,NM_001124758.3:c.532T>G,NP_001118230.1:p.Trp178Gly,0.749,32,['Unknown%20significance'],0.0,0.0,0.0,4.3,4.3
SPNS2,17,4525155,NM_001124758.3:c.535T>C,NP_001118230.1:p.Ser179Pro,0.691,29.1,['Unknown%20significance'],0.0,0.0,0.0,0.3,0.3
SPNS2,17,4525156,NM_001124758.3:c.536C>T,NP_001118230.1:p.Ser179Leu,0.482,24.5,['Unknown%20significance'],0.0,0.0,0.0,-2.6,2.6
SPNS2,17,4525158,NM_001124758.3:c.538G>T,NP_001118230.1:p.Ala180Ser,0.049,16.17,['Unknown%20significance'],49.41,0.38,0.0,0.6,0.6
SPNS2,17,4525161,NM_001124758.3:c.541G>A,NP_001118230.1:p.Val181Ile,0.038,19.52,['Unknown%20significance'],21.21,0.12,0.0,-0.1,0.1
SPNS2,17,4525161,NM_001124758.3:c.541G>C,NP_001118230.1:p.Val181Leu,0.087,21.1,['Unknown%20significance'],21.21,0.12,0.0,-0.1,0.1
SPNS2,17,4525161,NM_001124758.3:c.541G>T,NP_001118230.1:p.Val181Phe,0.201,23.0,['Unknown%20significance'],21.21,0.12,0.0,-0.1,0.1
SPNS2,17,4525162,NM_001124758.3:c.542T>C,NP_001118230.1:p.Val181Ala,0.101,22.3,['Unknown%20significance'],21.21,0.12,0.0,1.1,1.1
SPNS2,17,4525165,NM_001124758.3:c.545C>T,NP_001118230.1:p.Thr182Ile,0.534,25.2,['Unknown%20significance'],0.0,0.0,0.0,-2.0,2.0
SPNS2,17,4525177,NM_001124758.3:c.557C>T,NP_001118230.1:p.Ser186Phe,0.452,27.9,['Unknown%20significance'],0.01,0.0,0.0,-2.0,2.0
SPNS2,17,4525182,NM_001124758.3:c.562A>G,NP_001118230.1:p.Ile188Val,0.174,21.7,['Unknown%20significance'],11.9,0.06,0.0,0.0,0.0
SPNS2,17,4525183,NM_001124758.3:c.563T>C,NP_001118230.1:p.Ile188Thr,0.409,23.3,['Unknown%20significance'],11.9,0.06,0.0,1.2,1.2
SPNS2,17,4525183,NM_001124758.3:c.563T>G,NP_001118230.1:p.Ile188Ser,0.466,25.3,['Unknown%20significance'],11.9,0.06,0.0,1.8,1.8
SPNS2,17,4525184,NM_001124758.3:c.564T>G,NP_001118230.1:p.Ile188Met,0.262,17.50,['Unknown%20significance'],11.9,0.06,0.0,0.4,0.4
SPNS2,17,4525189,NM_001124758.3:c.569A>T,NP_001118230.1:p.Gln190Leu,0.109,22.9,['Unknown%20significance'],119.61,0.6,0.0,-0.2,0.2
SPNS2,17,4525191,NM_001124758.3:c.571C>A,NP_001118230.1:p.Gln191Lys,0.060,20.2,['Unknown%20significance'],134.78,0.68,0.0,0.3,0.3
SPNS2,17,4530632,NM_001124758.3:c.574T>C,NP_001118230.1:p.Tyr192His,0.044,18.63,['Likely%20benign'],100.0,0.41,0.0,0.5,0.5
SPNS2,17,4530633,NM_001124758.3:c.575A>C,NP_001118230.1:p.Tyr192Ser,0.196,22.8,['Unknown%20significance'],100.0,0.41,0.0,0.8,0.8
SPNS2,17,4530633,NM_001124758.3:c.575A>G,NP_001118230.1:p.Tyr192Cys,0.238,23.8,['Unknown%20significance'],100.0,0.41,0.0,0.8,0.8
SPNS2,17,4530633,NM_001124758.3:c.575A>T,NP_001118230.1:p.Tyr192Phe,0.153,21.0,['Unknown%20significance'],100.0,0.41,0.0,0.1,0.1
SPNS2,17,4530636,NM_001124758.3:c.578T>A,NP_001118230.1:p.Phe193Tyr,0.131,21.0,['Unknown%20significance'],27.75,0.12,0.0,0.3,0.3
SPNS2,17,4530638,NM_001124758.3:c.580T>C,NP_001118230.1:p.Trp194Arg,0.581,26.7,['Unknown%20significance'],169.42,0.64,0.0,0.7,0.7
SPNS2,17,4530642,NM_001124758.3:c.584T>A,NP_001118230.1:p.Leu195Gln,0.432,26.7,['Unknown%20significance'],62.14,0.32,0.0,1.6,1.6
SPNS2,17,4530647,NM_001124758.3:c.589G>A,NP_001118230.1:p.Val197Ile,0.071,20.3,['Unknown%20significance'],21.78,0.12,0.0,-0.3,0.3
SPNS2,17,4530651,NM_001124758.3:c.593T>C,NP_001118230.1:p.Leu198Pro,0.706,28.5,['Unknown%20significance'],94.13,0.48,0.0,1.5,1.5
SPNS2,17,4530653,NM_001124758.3:c.595T>G,NP_001118230.1:p.Ser199Ala,0.162,22.1,['Unknown%20significance'],7.42,0.05,0.0,-1.2,1.2
SPNS2,17,4530656,NM_001124758.3:c.598C>G,NP_001118230.1:p.Arg200Gly,0.771,25.7,['Unknown%20significance'],0.13,0.0,0.0,2.3,2.3
SPNS2,17,4530656,NM_001124758.3:c.598C>T,NP_001118230.1:p.Arg200Trp,0.772,27.1,['Unknown%20significance'],0.13,0.0,0.0,-1.3,1.3
SPNS2,17,4530657,NM_001124758.3:c.599G>A,NP_001118230.1:p.Arg200Gln,0.751,31,['Unknown%20significance'],0.13,0.0,0.0,0.7,0.7
SPNS2,17,4530657,NM_001124758.3:c.599G>C,NP_001118230.1:p.Arg200Pro,0.859,26.4,['Unknown%20significance'],0.13,0.0,0.0,1.6,1.6
SPNS2,17,4530662,NM_001124758.3:c.604C>G,NP_001118230.1:p.Leu202Val,0.318,23.1,['Unknown%20significance'],59.61,0.3,0.0,0.4,0.4
SPNS2,17,4530666,NM_001124758.3:c.608T>C,NP_001118230.1:p.Val203Ala,0.453,27.7,['Unknown%20significance'],0.0,0.0,0.0,1.7,1.7
SPNS2,17,4530666,NM_001124758.3:c.608T>G,NP_001118230.1:p.Val203Gly,0.572,31,['Unknown%20significance'],0.0,0.0,0.0,3.7,3.7
SPNS2,17,4530668,NM_001124758.3:c.610G>A,NP_001118230.1:p.Gly204Ser,0.813,29.5,['Unknown%20significance'],0.0,0.0,0.0,0.6,0.6
SPNS2,17,4530671,NM_001124758.3:c.613A>T,NP_001118230.1:p.Ile205Phe,0.445,25.5,['Unknown%20significance'],63.54,0.32,0.0,0.2,0.2
SPNS2,17,4530672,NM_001124758.3:c.614T>C,NP_001118230.1:p.Ile205Thr,0.492,24.3,['Unknown%20significance'],63.54,0.32,0.0,1.6,1.6
SPNS2,17,4530674,NM_001124758.3:c.616G>A,NP_001118230.1:p.Gly206Arg,0.738,31,['Unknown%20significance'],0.19,0.0,0.0,-0.7,0.7
SPNS2,17,4530675,NM_001124758.3:c.617G>A,NP_001118230.1:p.Gly206Glu,0.740,29.2,['Unknown%20significance'],0.19,0.0,0.0,0.7,0.7
SPNS2,17,4530680,NM_001124758.3:c.622G>T,NP_001118230.1:p.Ala208Ser,0.314,24.2,['Unknown%20significance'],0.0,0.0,0.0,0.7,0.7
SPNS2,17,4530681,NM_001124758.3:c.623C>A,NP_001118230.1:p.Ala208Asp,0.635,27.3,['Unknown%20significance'],0.0,0.0,0.0,1.8,1.8
SPNS2,17,4530681,NM_001124758.3:c.623C>T,NP_001118230.1:p.Ala208Val,0.536,28.0,['Unknown%20significance'],0.0,0.0,0.0,-0.6,0.6
SPNS2,17,4530684,NM_001124758.3:c.626G>T,NP_001118230.1:p.Ser209Ile,0.642,29.6,['Unknown%20significance'],3.98,0.02,0.0,-2.3,2.3
SPNS2,17,4530687,NM_001124758.3:c.629A>G,NP_001118230.1:p.Tyr210Cys,0.528,29.4,['Unknown%20significance'],0.0,0.0,0.0,1.3,1.3
SPNS2,17,4530690,NM_001124758.3:c.632C>A,NP_001118230.1:p.Ser211Tyr,0.604,26.1,['Unknown%20significance'],3.01,0.02,0.0,-2.3,2.3
SPNS2,17,4530690,NM_001124758.3:c.632C>G,NP_001118230.1:p.Ser211Cys,0.519,26.5,['Unknown%20significance'],3.01,0.02,0.0,-0.9,0.9
SPNS2,17,4530690,NM_001124758.3:c.632C>T,NP_001118230.1:p.Ser211Phe,0.507,26.7,['Unknown%20significance'],3.01,0.02,0.0,-2.5,2.5
SPNS2,17,4530692,NM_001124758.3:c.634A>G,NP_001118230.1:p.Thr212Ala,0.188,25.3,['Unknown%20significance'],38.79,0.24,0.0,-0.1,0.1
SPNS2,17,4530693,NM_001124758.3:c.635C>G,NP_001118230.1:p.Thr212Ser,0.182,22.4,['Unknown%20significance'],38.79,0.24,0.0,0.5,0.5
SPNS2,17,4530693,NM_001124758.3:c.635C>T,NP_001118230.1:p.Thr212Ile,0.337,25.5,['Unknown%20significance'],38.79,0.24,0.0,-1.0,1.0
SPNS2,17,4530695,NM_001124758.3:c.637A>G,NP_001118230.1:p.Ile213Val,0.126,22.2,['Unknown%20significance'],1.78,0.0,0.0,0.1,0.1
SPNS2,17,4530697,NM_001124758.3:c.639C>G,NP_001118230.1:p.Ile213Met,0.342,11.59,['Unknown%20significance'],1.78,0.0,0.0,0.6,0.6
SPNS2,17,4530698,NM_001124758.3:c.640G>A,NP_001118230.1:p.Ala214Thr,0.334,25.6,['Unknown%20significance'],0.0,0.0,0.0,0.2,0.2
SPNS2,17,4530701,NM_001124758.3:c.643C>G,NP_001118230.1:p.Pro215Ala,0.290,22.8,['Unknown%20significance'],9.69,0.06,0.0,-0.8,0.8
SPNS2,17,4530701,NM_001124758.3:c.643C>T,NP_001118230.1:p.Pro215Ser,0.379,24.4,['Unknown%20significance'],9.69,0.06,0.0,-0.1,0.1
SPNS2,17,4530702,NM_001124758.3:c.644C>T,NP_001118230.1:p.Pro215Leu,0.455,25.5,['Unknown%20significance'],9.69,0.06,0.0,-2.2,2.2
SPNS2,17,4530704,NM_001124758.3:c.646A>G,NP_001118230.1:p.Thr216Ala,0.344,24.9,['Unknown%20significance'],51.77,0.32,0.0,-0.2,0.2
SPNS2,17,4530705,NM_001124758.3:c.647C>T,NP_001118230.1:p.Thr216Ile,0.536,25.1,['Unknown%20significance'],51.77,0.32,0.0,-0.8,0.8
SPNS2,17,4530707,NM_001124758.3:c.649A>G,NP_001118230.1:p.Ile217Val,0.152,19.66,['Unknown%20significance'],0.0,0.0,0.0,0.4,0.4
SPNS2,17,4530710,NM_001124758.3:c.652A>G,NP_001118230.1:p.Ile218Val,0.290,24.1,['Unknown%20significance'],0.0,0.0,0.0,0.4,0.4
SPNS2,17,4530712,NM_001124758.3:c.654T>G,NP_001118230.1:p.Ile218Met,0.485,10.46,['Unknown%20significance'],0.0,0.0,0.0,1.2,1.2
SPNS2,17,4530716,NM_001124758.3:c.658G>A,NP_001118230.1:p.Asp220Asn,0.636,32,['Unknown%20significance'],26.95,0.16,0.0,-0.1,0.1
SPNS2,17,4530716,NM_001124758.3:c.658G>C,NP_001118230.1:p.Asp220His,0.719,31,['Unknown%20significance'],26.95,0.16,0.0,-0.6,0.6
SPNS2,17,4530719,NM_001124758.3:c.661C>G,NP_001118230.1:p.Leu221Val,0.350,24.8,['Unknown%20significance'],4.68,0.02,0.0,0.4,0.4
SPNS2,17,4530719,NM_001124758.3:c.661C>T,NP_001118230.1:p.Leu221Phe,0.384,25.5,['Unknown%20significance'],4.68,0.02,0.0,-0.0,0.0
SPNS2,17,4530726,NM_001124758.3:c.668C>T,NP_001118230.1:p.Thr223Ile,0.212,21.4,['Unknown%20significance'],81.55,0.51,0.0,-0.2,0.2
SPNS2,17,4530730,NM_001124758.3:c.672G>C,NP_001118230.1:p.Lys224Asn,0.066,22.4,['Unknown%20significance'],64.18,0.27,0.0,-0.1,0.1
SPNS2,17,4530733,NM_001124758.3:c.675C>A,NP_001118230.1:p.Asn225Lys,0.057,23.0,['Unknown%20significance'],91.91,0.57,0.0,0.2,0.2
SPNS2,17,4530734,NM_001124758.3:c.676A>G,NP_001118230.1:p.Thr226Ala,0.079,22.0,['Unknown%20significance'],25.36,0.16,0.0,0.4,0.4
SPNS2,17,4530735,NM_001124758.3:c.677C>A,NP_001118230.1:p.Thr226Lys,0.087,16.84,['Unknown%20significance'],25.36,0.16,0.0,0.5,0.5
SPNS2,17,4530735,NM_001124758.3:c.677C>T,NP_001118230.1:p.Thr226Met,0.042,20.8,['Unknown%20significance'],25.36,0.16,0.0,-0.4,0.4
SPNS2,17,4530737,NM_001124758.3:c.679C>T,NP_001118230.1:p.Arg227Cys,0.713,28.3,['Unknown%20significance'],38.09,0.14,0.0,1.3,1.3
SPNS2,17,4530738,NM_001124758.3:c.680G>A,NP_001118230.1:p.Arg227His,0.735,31,['Unknown%20significance'],38.09,0.14,0.0,0.5,0.5
SPNS2,17,4530738,NM_001124758.3:c.680G>C,NP_001118230.1:p.Arg227Pro,0.831,32,['Unknown%20significance'],38.09,0.14,0.0,1.7,1.7
SPNS2,17,4530741,NM_001124758.3:c.683C>T,NP_001118230.1:p.Thr228Met,0.643,26.3,['Unknown%20significance'],24.09,0.15,0.0,-0.3,0.3
SPNS2,17,4530743,NM_001124758.3:c.685C>A,NP_001118230.1:p.Leu229Ile,0.024,18.27,['Likely%20benign'],118.39,0.61,0.0,0.0,0.0
SPNS2,17,4530743,NM_001124758.3:c.685C>T,NP_001118230.1:p.Leu229Phe,0.038,19.45,['Likely%20benign'],118.39,0.61,0.0,0.0,0.0
SPNS2,17,4530746,NM_001124758.3:c.688A>G,NP_001118230.1:p.Met230Val,0.419,22.5,['Unknown%20significance'],32.33,0.14,0.0,-0.4,0.4
SPNS2,17,4530747,NM_001124758.3:c.689T>C,NP_001118230.1:p.Met230Thr,0.509,27.7,['Unknown%20significance'],32.33,0.14,0.0,0.9,0.9
SPNS2,17,4530747,NM_001124758.3:c.689T>G,NP_001118230.1:p.Met230Arg,0.803,29.6,['Unknown%20significance'],32.33,0.14,0.0,1.0,1.0
SPNS2,17,4530748,NM_001124758.3:c.690G>A,NP_001118230.1:p.Met230Ile,0.494,25.2,['Unknown%20significance'],32.33,0.14,0.0,-0.5,0.5
SPNS2,17,4530750,NM_001124758.3:c.692T>G,NP_001118230.1:p.Leu231Arg,0.789,31,['Unknown%20significance'],1.9,0.0,0.0,2.1,2.1
SPNS2,17,4530753,NM_001124758.3:c.695C>T,NP_001118230.1:p.Ser232Phe,0.568,26.6,['Unknown%20significance'],47.42,0.34,0.0,-0.7,0.7
SPNS2,17,4530755,NM_001124758.3:c.697G>A,NP_001118230.1:p.Val233Ile,0.025,16.84,['Unknown%20significance'],78.29,0.45,0.0,-0.2,0.2
SPNS2,17,4530759,NM_001124758.3:c.701T>C,NP_001118230.1:p.Phe234Ser,0.673,32,['Unknown%20significance'],0.0,0.0,0.0,3.5,3.5
SPNS2,17,4530760,NM_001124758.3:c.702C>A,NP_001118230.1:p.Phe234Leu,0.326,26.0,['Unknown%20significance'],0.0,0.0,0.0,0.2,0.2
SPNS2,17,4530762,NM_001124758.3:c.704A>T,NP_001118230.1:p.Tyr235Phe,0.424,27.7,['Unknown%20significance'],2.75,0.01,0.0,-0.1,0.1
SPNS2,17,4530764,NM_001124758.3:c.706T>C,NP_001118230.1:p.Phe236Leu,0.107,23.6,['Unknown%20significance'],63.96,0.27,0.0,-0.1,0.1
SPNS2,17,4530765,NM_001124758.3:c.707T>G,NP_001118230.1:p.Phe236Cys,0.405,32,['Unknown%20significance'],63.96,0.27,0.0,0.9,0.9
SPNS2,17,4530767,NM_001124758.3:c.709G>A,NP_001118230.1:p.Ala237Thr,0.399,26.1,['Unknown%20significance'],1.83,0.01,0.0,0.2,0.2
SPNS2,17,4530768,NM_001124758.3:c.710C>T,NP_001118230.1:p.Ala237Val,0.367,24.7,['Unknown%20significance'],1.83,0.01,0.0,-1.2,1.2
SPNS2,17,4530776,NM_001124758.3:c.718C>G,NP_001118230.1:p.Leu240Val,0.229,14.50,['Unknown%20significance'],50.45,0.26,0.0,0.2,0.2
SPNS2,17,4530779,NM_001124758.3:c.721G>A,NP_001118230.1:p.Gly241Ser,0.887,24.6,['Unknown%20significance'],0.0,0.0,0.0,0.4,0.4
SPNS2,17,4530780,NM_001124758.3:c.722G>A,NP_001118230.1:p.Gly241Asp,0.869,26.0,['Unknown%20significance'],0.0,0.0,0.0,1.4,1.4
SPNS2,17,4530780,NM_001124758.3:c.722G>T,NP_001118230.1:p.Gly241Val,0.853,25.9,['Unknown%20significance'],0.0,0.0,0.0,-1.1,1.1
SPNS2,17,4530782,NM_001124758.3:c.724A>G,NP_001118230.1:p.Ser242Gly,0.335,29.1,['Unknown%20significance'],9.91,0.07,0.0,0.7,0.7
SPNS2,17,4530783,NM_001124758.3:c.725G>C,NP_001118230.1:p.Ser242Thr,0.324,34,['Unknown%20significance'],9.91,0.07,0.0,-0.7,0.7
SPNS2,17,4530783,NM_001124758.3:c.725G>T,NP_001118230.1:p.Ser242Ile,0.594,34,['Unknown%20significance'],9.91,0.07,0.0,-2.3,2.3
SPNS2,17,4531054,NM_001124758.3:c.727G>T,NP_001118230.1:p.Gly243Cys,0.616,33,['Unknown%20significance'],0.0,0.0,0.0,-2.0,2.0
SPNS2,17,4531055,NM_001124758.3:c.728G>T,NP_001118230.1:p.Gly243Val,0.617,30,['Unknown%20significance'],0.0,0.0,0.0,-3.6,3.6
SPNS2,17,4531058,NM_001124758.3:c.731T>C,NP_001118230.1:p.Leu244Pro,0.773,32,['Unknown%20significance'],55.79,0.28,0.0,2.6,2.6
SPNS2,17,4531064,NM_001124758.3:c.737A>G,NP_001118230.1:p.Tyr246Cys,0.662,32,['Unknown%20significance'],2.8,0.01,0.0,1.2,1.2
SPNS2,17,4531064,NM_001124758.3:c.737A>T,NP_001118230.1:p.Tyr246Phe,0.349,24.9,['Unknown%20significance'],2.8,0.01,0.0,-0.2,0.2
SPNS2,17,4531066,NM_001124758.3:c.739A>G,NP_001118230.1:p.Ile247Val,0.134,22.8,['Unknown%20significance'],39.82,0.2,0.0,0.2,0.2
SPNS2,17,4531067,NM_001124758.3:c.740T>C,NP_001118230.1:p.Ile247Thr,0.659,29.8,['Unknown%20significance'],39.82,0.2,0.0,1.9,1.9
SPNS2,17,4531068,NM_001124758.3:c.741T>G,NP_001118230.1:p.Ile247Met,0.387,22.7,['Unknown%20significance'],39.82,0.2,0.0,0.6,0.6
SPNS2,17,4531069,NM_001124758.3:c.742A>G,NP_001118230.1:p.Thr248Ala,0.065,22.5,['Unknown%20significance'],20.27,0.12,0.0,0.1,0.1
SPNS2,17,4531070,NM_001124758.3:c.743C>T,NP_001118230.1:p.Thr248Ile,0.122,22.5,['Unknown%20significance'],20.27,0.12,0.0,-2.1,2.1
SPNS2,17,4531078,NM_001124758.3:c.751A>C,NP_001118230.1:p.Ser251Arg,0.241,24.4,['Unknown%20significance'],52.44,0.38,0.0,-0.4,0.4
SPNS2,17,4531079,NM_001124758.3:c.752G>T,NP_001118230.1:p.Ser251Ile,0.159,22.8,['Unknown%20significance'],52.44,0.38,0.0,-1.6,1.6
SPNS2,17,4531081,NM_001124758.3:c.754G>A,NP_001118230.1:p.Val252Met,0.217,24.4,['Unknown%20significance'],29.85,0.17,0.0,0.3,0.3
SPNS2,17,4531081,NM_001124758.3:c.754G>T,NP_001118230.1:p.Val252Leu,0.246,26.2,['Unknown%20significance'],29.85,0.17,0.0,-0.5,0.5
SPNS2,17,4531090,NM_001124758.3:c.763G>A,NP_001118230.1:p.Ala255Thr,0.104,22.7,['Unknown%20significance'],103.49,0.81,0.0,-0.0,0.0
SPNS2,17,4531091,NM_001124758.3:c.764C>A,NP_001118230.1:p.Ala255Glu,0.336,23.2,['Unknown%20significance'],103.49,0.81,0.0,0.2,0.2
SPNS2,17,4531091,NM_001124758.3:c.764C>T,NP_001118230.1:p.Ala255Val,0.088,22.7,['Unknown%20significance'],103.49,0.81,0.0,-0.2,0.2
SPNS2,17,4531093,NM_001124758.3:c.766G>A,NP_001118230.1:p.Ala256Thr,0.186,22.2,['Unknown%20significance'],56.79,0.44,0.0,-0.2,0.2
SPNS2,17,4531093,NM_001124758.3:c.766G>T,NP_001118230.1:p.Ala256Ser,0.227,23.0,['Unknown%20significance'],56.79,0.44,0.0,0.1,0.1
SPNS2,17,4531094,NM_001124758.3:c.767C>A,NP_001118230.1:p.Ala256Asp,0.390,24.9,['Unknown%20significance'],56.79,0.44,0.0,0.5,0.5
SPNS2,17,4531094,NM_001124758.3:c.767C>T,NP_001118230.1:p.Ala256Val,0.123,22.4,['Unknown%20significance'],56.79,0.44,0.0,-0.6,0.6
SPNS2,17,4531096,NM_001124758.3:c.769G>A,NP_001118230.1:p.Gly257Arg,0.855,31,['Unknown%20significance'],41.91,0.43,0.0,-0.7,0.7
SPNS2,17,4531096,NM_001124758.3:c.769G>C,NP_001118230.1:p.Gly257Arg,0.854,31,['Unknown%20significance'],41.91,0.43,0.0,-0.7,0.7
SPNS2,17,4531099,NM_001124758.3:c.772G>C,NP_001118230.1:p.Asp258His,0.181,23.3,['Unknown%20significance'],39.36,0.24,0.0,-0.6,0.6
SPNS2,17,4531100,NM_001124758.3:c.773A>G,NP_001118230.1:p.Asp258Gly,0.345,25.7,['Unknown%20significance'],39.36,0.24,0.0,-0.4,0.4
SPNS2,17,4531102,NM_001124758.3:c.775T>C,NP_001118230.1:p.Trp259Arg,0.850,32,['Unknown%20significance'],0.0,0.0,0.0,3.5,3.5
SPNS2,17,4531111,NM_001124758.3:c.784G>A,NP_001118230.1:p.Ala262Thr,0.394,29.7,['Unknown%20significance'],0.0,0.0,0.0,0.3,0.3
SPNS2,17,4531117,NM_001124758.3:c.790C>T,NP_001118230.1:p.Arg264Trp,0.422,26.8,['Unknown%20significance'],30.48,0.11,0.0,-2.0,2.0
SPNS2,17,4531118,NM_001124758.3:c.791G>A,NP_001118230.1:p.Arg264Gln,0.410,27.9,['Unknown%20significance'],30.48,0.11,0.0,0.3,0.3
SPNS2,17,4532542,NM_001124758.3:c.793G>A,NP_001118230.1:p.Val265Met,0.291,32,['Unknown%20significance'],47.92,0.27,0.0,0.5,0.5
SPNS2,17,4532545,NM_001124758.3:c.796T>C,NP_001118230.1:p.Ser266Pro,0.522,26.6,['Unknown%20significance'],0.0,0.0,0.0,0.1,0.1
SPNS2,17,4532545,NM_001124758.3:c.796T>G,NP_001118230.1:p.Ser266Ala,0.195,23.4,['Unknown%20significance'],0.0,0.0,0.0,-1.1,1.1
SPNS2,17,4532546,NM_001124758.3:c.797C>A,NP_001118230.1:p.Ser266Tyr,0.500,25.5,['Unknown%20significance'],0.0,0.0,0.0,-2.5,2.5
SPNS2,17,4532546,NM_001124758.3:c.797C>G,NP_001118230.1:p.Ser266Cys,0.385,25.8,['Unknown%20significance'],0.0,0.0,0.0,-1.4,1.4
SPNS2,17,4532546,NM_001124758.3:c.797C>T,NP_001118230.1:p.Ser266Phe,0.516,25.7,['Unknown%20significance'],0.0,0.0,0.0,-2.9,2.9
SPNS2,17,4532548,NM_001124758.3:c.799C>A,NP_001118230.1:p.Pro267Thr,0.521,25.0,['Unknown%20significance'],1.85,0.01,0.0,-0.9,0.9
SPNS2,17,4532549,NM_001124758.3:c.800C>T,NP_001118230.1:p.Pro267Leu,0.582,26.1,['Unknown%20significance'],1.85,0.01,0.0,-2.8,2.8
SPNS2,17,4532551,NM_001124758.3:c.802G>A,NP_001118230.1:p.Val268Ile,0.060,10.78,['Likely%20benign'],85.11,0.49,0.0,-0.1,0.1
SPNS2,17,4532551,NM_001124758.3:c.802G>C,NP_001118230.1:p.Val268Leu,0.065,13.04,['Likely%20benign'],85.11,0.49,0.0,0.0,0.0
SPNS2,17,4532554,NM_001124758.3:c.805C>A,NP_001118230.1:p.Leu269Met,0.142,19.84,['Unknown%20significance'],68.48,0.35,0.0,0.6,0.6
SPNS2,17,4532554,NM_001124758.3:c.805C>G,NP_001118230.1:p.Leu269Val,0.078,19.09,['Likely%20benign'],68.48,0.35,0.0,0.2,0.2
SPNS2,17,4532557,NM_001124758.3:c.808G>A,NP_001118230.1:p.Gly270Ser,0.517,29.6,['Unknown%20significance'],0.0,0.0,0.0,-0.6,0.6
SPNS2,17,4532558,NM_001124758.3:c.809G>A,NP_001118230.1:p.Gly270Asp,0.662,29.4,['Unknown%20significance'],0.0,0.0,0.0,0.7,0.7
SPNS2,17,4532558,NM_001124758.3:c.809G>C,NP_001118230.1:p.Gly270Ala,0.481,28.5,['Unknown%20significance'],0.0,0.0,0.0,-1.9,1.9
SPNS2,17,4532560,NM_001124758.3:c.811A>C,NP_001118230.1:p.Met271Leu,0.136,18.46,['Unknown%20significance'],83.73,0.38,0.0,-0.7,0.7
SPNS2,17,4532560,NM_001124758.3:c.811A>G,NP_001118230.1:p.Met271Val,0.088,15.61,['Unknown%20significance'],83.73,0.38,0.0,-0.5,0.5
SPNS2,17,4532560,NM_001124758.3:c.811A>T,NP_001118230.1:p.Met271Leu,0.136,18.49,['Unknown%20significance'],83.73,0.38,0.0,-0.7,0.7
SPNS2,17,4532561,NM_001124758.3:c.812T>A,NP_001118230.1:p.Met271Lys,0.408,24.8,['Unknown%20significance'],83.73,0.38,0.0,2.1,2.1
SPNS2,17,4532561,NM_001124758.3:c.812T>C,NP_001118230.1:p.Met271Thr,0.285,23.1,['Unknown%20significance'],83.73,0.38,0.0,1.1,1.1
SPNS2,17,4532562,NM_001124758.3:c.813G>A,NP_001118230.1:p.Met271Ile,0.133,21.4,['Unknown%20significance'],83.73,0.38,0.0,-0.6,0.6
SPNS2,17,4532562,NM_001124758.3:c.813G>C,NP_001118230.1:p.Met271Ile,0.133,19.99,['Unknown%20significance'],83.73,0.38,0.0,-0.6,0.6
SPNS2,17,4532564,NM_001124758.3:c.815T>C,NP_001118230.1:p.Ile272Thr,0.147,22.8,['Unknown%20significance'],99.14,0.5,0.0,1.3,1.3
SPNS2,17,4532565,NM_001124758.3:c.816C>G,NP_001118230.1:p.Ile272Met,0.270,23.8,['Unknown%20significance'],99.14,0.5,0.0,0.5,0.5
SPNS2,17,4532566,NM_001124758.3:c.817A>C,NP_001118230.1:p.Thr273Pro,0.310,26.3,['Unknown%20significance'],0.47,0.0,0.0,1.0,1.0
SPNS2,17,4532567,NM_001124758.3:c.818C>G,NP_001118230.1:p.Thr273Arg,0.309,25.1,['Unknown%20significance'],0.47,0.0,0.0,0.4,0.4
SPNS2,17,4532567,NM_001124758.3:c.818C>T,NP_001118230.1:p.Thr273Ile,0.244,23.6,['Unknown%20significance'],0.47,0.0,0.0,-2.5,2.5
SPNS2,17,4532572,NM_001124758.3:c.823A>C,NP_001118230.1:p.Thr275Pro,0.271,23.9,['Unknown%20significance'],65.65,0.41,0.0,0.5,0.5
SPNS2,17,4532572,NM_001124758.3:c.823A>T,NP_001118230.1:p.Thr275Ser,0.152,23.2,['Unknown%20significance'],65.65,0.41,0.0,0.6,0.6
SPNS2,17,4532573,NM_001124758.3:c.824C>A,NP_001118230.1:p.Thr275Lys,0.303,22.5,['Unknown%20significance'],65.65,0.41,0.0,0.8,0.8
SPNS2,17,4532573,NM_001124758.3:c.824C>T,NP_001118230.1:p.Thr275Ile,0.289,14.71,['Unknown%20significance'],65.65,0.41,0.0,-1.5,1.5
SPNS2,17,4532575,NM_001124758.3:c.826C>G,NP_001118230.1:p.Leu276Val,0.330,24.9,['Unknown%20significance'],64.76,0.33,0.0,0.2,0.2
SPNS2,17,4532575,NM_001124758.3:c.826C>T,NP_001118230.1:p.Leu276Phe,0.393,25.5,['Unknown%20significance'],64.76,0.33,0.0,0.3,0.3
SPNS2,17,4532579,NM_001124758.3:c.830T>C,NP_001118230.1:p.Ile277Thr,0.473,26.9,['Unknown%20significance'],0.0,0.0,0.0,2.9,2.9
SPNS2,17,4532581,NM_001124758.3:c.832C>T,NP_001118230.1:p.Leu278Phe,0.158,20.8,['Unknown%20significance'],88.77,0.46,0.0,0.0,0.0
SPNS2,17,4532582,NM_001124758.3:c.833T>C,NP_001118230.1:p.Leu278Pro,0.756,29.1,['Unknown%20significance'],88.77,0.46,0.0,1.9,1.9
SPNS2,17,4532584,NM_001124758.3:c.835A>C,NP_001118230.1:p.Ile279Leu,0.092,3.238,['Likely%20benign'],137.65,0.7,0.0,-0.1,0.1
SPNS2,17,4532584,NM_001124758.3:c.835A>G,NP_001118230.1:p.Ile279Val,0.063,4.916,['Likely%20benign'],137.65,0.7,0.0,0.1,0.1
SPNS2,17,4532585,NM_001124758.3:c.836T>G,NP_001118230.1:p.Ile279Ser,0.278,24.1,['Unknown%20significance'],137.65,0.7,0.0,1.0,1.0
SPNS2,17,4532586,NM_001124758.3:c.837T>G,NP_001118230.1:p.Ile279Met,0.044,14.61,['Unknown%20significance'],137.65,0.7,0.0,0.2,0.2
SPNS2,17,4532587,NM_001124758.3:c.838C>G,NP_001118230.1:p.Leu280Val,0.048,16.96,['Unknown%20significance'],88.18,0.45,0.0,0.2,0.2
SPNS2,17,4532588,NM_001124758.3:c.839T>G,NP_001118230.1:p.Leu280Arg,0.514,27.6,['Unknown%20significance'],88.18,0.45,0.0,1.3,1.3
SPNS2,17,4532590,NM_001124758.3:c.841G>A,NP_001118230.1:p.Val281Ile,0.170,22.7,['Unknown%20significance'],1.21,0.0,0.0,-0.2,0.2
SPNS2,17,4532590,NM_001124758.3:c.841G>C,NP_001118230.1:p.Val281Leu,0.243,23.2,['Unknown%20significance'],1.21,0.0,0.0,-0.3,0.3
SPNS2,17,4532591,NM_001124758.3:c.842T>C,NP_001118230.1:p.Val281Ala,0.382,24.3,['Unknown%20significance'],1.21,0.0,0.0,2.0,2.0
SPNS2,17,4532593,NM_001124758.3:c.844C>G,NP_001118230.1:p.Pro282Ala,0.233,22.8,['Unknown%20significance'],59.41,0.37,0.0,0.1,0.1
SPNS2,17,4532594,NM_001124758.3:c.845C>T,NP_001118230.1:p.Pro282Leu,0.323,26.8,['Unknown%20significance'],59.41,0.37,0.0,-0.6,0.6
SPNS2,17,4532596,NM_001124758.3:c.847G>A,NP_001118230.1:p.Ala283Thr,0.086,22.0,['Likely%20benign'],82.5,0.64,0.0,-0.1,0.1
SPNS2,17,4532596,NM_001124758.3:c.847G>T,NP_001118230.1:p.Ala283Ser,0.085,22.2,['Likely%20benign'],82.5,0.64,0.0,0.0,0.0
SPNS2,17,4532597,NM_001124758.3:c.848C>G,NP_001118230.1:p.Ala283Gly,0.058,22.4,['Unknown%20significance'],82.5,0.64,0.0,0.2,0.2
SPNS2,17,4532599,NM_001124758.3:c.850A>C,NP_001118230.1:p.Thr284Pro,0.132,19.99,['Unknown%20significance'],14.99,0.09,0.0,0.5,0.5
SPNS2,17,4532600,NM_001124758.3:c.851C>A,NP_001118230.1:p.Thr284Asn,0.185,23.0,['Unknown%20significance'],14.99,0.09,0.0,0.5,0.5
SPNS2,17,4532600,NM_001124758.3:c.851C>G,NP_001118230.1:p.Thr284Ser,0.120,22.8,['Unknown%20significance'],14.99,0.09,0.0,0.4,0.4
SPNS2,17,4532600,NM_001124758.3:c.851C>T,NP_001118230.1:p.Thr284Ile,0.138,23.2,['Unknown%20significance'],14.99,0.09,0.0,-0.2,0.2
SPNS2,17,4532602,NM_001124758.3:c.853A>C,NP_001118230.1:p.Lys285Gln,0.129,22.3,['Unknown%20significance'],218.8,0.92,0.0,-0.1,0.1
SPNS2,17,4532603,NM_001124758.3:c.854A>C,NP_001118230.1:p.Lys285Thr,0.119,17.98,['Unknown%20significance'],218.8,0.92,0.0,-0.1,0.1
SPNS2,17,4532604,NM_001124758.3:c.855A>C,NP_001118230.1:p.Lys285Asn,0.210,24.5,['Unknown%20significance'],218.8,0.92,0.0,-0.0,0.0
SPNS2,17,4532606,NM_001124758.3:c.857G>A,NP_001118230.1:p.Arg286Lys,0.410,26.0,['Unknown%20significance'],100.85,0.37,0.0,0.7,0.7
SPNS2,17,4532606,NM_001124758.3:c.857G>C,NP_001118230.1:p.Arg286Thr,0.636,26.1,['Unknown%20significance'],100.85,0.37,0.0,0.3,0.3
SPNS2,17,4532607,NM_001124758.3:c.858G>C,NP_001118230.1:p.Arg286Ser,0.547,22.6,['Unknown%20significance'],100.85,0.37,0.0,0.6,0.6
SPNS2,17,4532607,NM_001124758.3:c.858G>T,NP_001118230.1:p.Arg286Ser,0.547,22.5,['Unknown%20significance'],100.85,0.37,0.0,0.6,0.6
SPNS2,17,4532609,NM_001124758.3:c.860G>A,NP_001118230.1:p.Gly287Asp,0.649,25.3,['Unknown%20significance'],33.5,0.35,0.0,-0.3,0.3
SPNS2,17,4532614,NM_001124758.3:c.865G>A,NP_001118230.1:p.Ala289Thr,0.308,23.3,['Unknown%20significance'],83.82,0.65,0.0,-0.1,0.1
SPNS2,17,4532617,NM_001124758.3:c.868G>A,NP_001118230.1:p.Asp290Asn,0.245,22.7,['Unknown%20significance'],116.69,0.72,0.0,-0.1,0.1
SPNS2,17,4532617,NM_001124758.3:c.868G>C,NP_001118230.1:p.Asp290His,0.333,23.9,['Unknown%20significance'],116.69,0.72,0.0,-0.3,0.3
SPNS2,17,4532617,NM_001124758.3:c.868G>T,NP_001118230.1:p.Asp290Tyr,0.429,24.2,['Unknown%20significance'],116.69,0.72,0.0,-0.6,0.6
SPNS2,17,4532618,NM_001124758.3:c.869A>T,NP_001118230.1:p.Asp290Val,0.474,23.4,['Unknown%20significance'],116.69,0.72,0.0,-0.3,0.3
SPNS2,17,4532620,NM_001124758.3:c.871C>G,NP_001118230.1:p.Gln291Glu,0.274,16.38,['Unknown%20significance'],97.54,0.49,0.0,0.2,0.2
SPNS2,17,4532621,NM_001124758.3:c.872A>G,NP_001118230.1:p.Gln291Arg,0.243,17.53,['Unknown%20significance'],97.54,0.49,0.0,-0.2,0.2
SPNS2,17,4532623,NM_001124758.3:c.874C>T,NP_001118230.1:p.Leu292Phe,0.069,20.4,['Unknown%20significance'],34.59,0.17,0.0,-0.1,0.1
SPNS2,17,4532626,NM_001124758.3:c.877G>A,NP_001118230.1:p.Gly293Arg,0.246,23.4,['Unknown%20significance'],23.3,0.24,0.0,-1.1,1.1
SPNS2,17,4532626,NM_001124758.3:c.877G>C,NP_001118230.1:p.Gly293Arg,0.252,23.3,['Unknown%20significance'],23.3,0.24,0.0,-1.1,1.1
SPNS2,17,4532626,NM_001124758.3:c.877G>T,NP_001118230.1:p.Gly293Trp,0.348,26.5,['Unknown%20significance'],23.3,0.24,0.0,-1.4,1.4
SPNS2,17,4532627,NM_001124758.3:c.878G>T,NP_001118230.1:p.Gly293Val,0.225,22.6,['Unknown%20significance'],23.3,0.24,0.0,-1.0,1.0
SPNS2,17,4532629,NM_001124758.3:c.880G>A,NP_001118230.1:p.Asp294Asn,0.167,22.5,['Unknown%20significance'],84.24,0.52,0.0,-0.1,0.1
SPNS2,17,4532629,NM_001124758.3:c.880G>T,NP_001118230.1:p.Asp294Tyr,0.264,26.0,['Unknown%20significance'],84.24,0.52,0.0,-0.8,0.8
SPNS2,17,4532630,NM_001124758.3:c.881A>C,NP_001118230.1:p.Asp294Ala,0.049,18.96,['Unknown%20significance'],84.24,0.52,0.0,-0.2,0.2
SPNS2,17,4532630,NM_001124758.3:c.881A>G,NP_001118230.1:p.Asp294Gly,0.065,17.86,['Likely%20benign'],84.24,0.52,0.0,0.3,0.3
SPNS2,17,4532631,NM_001124758.3:c.882C>A,NP_001118230.1:p.Asp294Glu,0.108,0.280,['Likely%20benign'],84.24,0.52,0.0,-0.1,0.1
SPNS2,17,4532631,NM_001124758.3:c.882C>G,NP_001118230.1:p.Asp294Glu,0.108,0.284,['Likely%20benign'],84.24,0.52,0.0,-0.1,0.1
SPNS2,17,4532635,NM_001124758.3:c.886C>G,NP_001118230.1:p.Leu296Val,0.050,16.50,['Unknown%20significance'],80.27,0.41,0.0,0.1,0.1
SPNS2,17,4532635,NM_001124758.3:c.886C>T,NP_001118230.1:p.Leu296Phe,0.116,22.6,['Unknown%20significance'],80.27,0.41,0.0,-0.0,0.0
SPNS2,17,4532641,NM_001124758.3:c.892G>C,NP_001118230.1:p.Ala298Pro,0.114,18.41,['Likely%20benign'],45.3,0.35,0.0,0.1,0.1
SPNS2,17,4532641,NM_001124758.3:c.892G>T,NP_001118230.1:p.Ala298Ser,0.071,15.15,['Likely%20benign'],45.3,0.35,0.0,0.0,0.0
SPNS2,17,4532642,NM_001124758.3:c.893C>A,NP_001118230.1:p.Ala298Asp,0.056,18.05,['Likely%20benign'],45.3,0.35,0.0,0.2,0.2
SPNS2,17,4532642,NM_001124758.3:c.893C>T,NP_001118230.1:p.Ala298Val,0.042,17.87,['Likely%20benign'],45.3,0.35,0.0,-0.4,0.4
SPNS2,17,4532644,NM_001124758.3:c.895C>G,NP_001118230.1:p.Arg299Gly,0.291,16.66,['Unknown%20significance'],213.57,0.79,0.0,0.3,0.3
SPNS2,17,4532644,NM_001124758.3:c.895C>T,NP_001118230.1:p.Arg299Trp,0.248,18.81,['Unknown%20significance'],213.57,0.79,0.0,-0.1,0.1
SPNS2,17,4532645,NM_001124758.3:c.896G>A,NP_001118230.1:p.Arg299Gln,0.134,23.2,['Unknown%20significance'],213.57,0.79,0.0,0.1,0.1
SPNS2,17,4532645,NM_001124758.3:c.896G>T,NP_001118230.1:p.Arg299Leu,0.253,24.5,['Unknown%20significance'],213.57,0.79,0.0,0.0,0.0
SPNS2,17,4532647,NM_001124758.3:c.898A>G,NP_001118230.1:p.Thr300Ala,0.295,24.3,['Unknown%20significance'],37.36,0.23,0.0,0.2,0.2
SPNS2,17,4532648,NM_001124758.3:c.899C>A,NP_001118230.1:p.Thr300Asn,0.222,23.3,['Unknown%20significance'],37.36,0.23,0.0,0.4,0.4
SPNS2,17,4532650,NM_001124758.3:c.901T>C,NP_001118230.1:p.Ser301Pro,0.344,28.4,['Unknown%20significance'],77.73,0.56,0.0,0.1,0.1
SPNS2,17,4532653,NM_001124758.3:c.904T>G,NP_001118230.1:p.Trp302Gly,0.634,32,['Unknown%20significance'],167.24,0.63,0.0,1.0,1.0
SPNS2,17,4532655,NM_001124758.3:c.906G>C,NP_001118230.1:p.Trp302Cys,0.577,32,['Unknown%20significance'],167.24,0.63,0.0,0.6,0.6
SPNS2,17,4532656,NM_001124758.3:c.907C>A,NP_001118230.1:p.Leu303Ile,0.040,20.5,['Unknown%20significance'],142.58,0.73,0.0,0.0,0.0
SPNS2,17,4532656,NM_001124758.3:c.907C>G,NP_001118230.1:p.Leu303Val,0.046,21.4,['Unknown%20significance'],142.58,0.73,0.0,0.1,0.1
SPNS2,17,4532656,NM_001124758.3:c.907C>T,NP_001118230.1:p.Leu303Phe,0.046,21.7,['Unknown%20significance'],142.58,0.73,0.0,0.0,0.0
SPNS2,17,4532657,NM_001124758.3:c.908T>C,NP_001118230.1:p.Leu303Pro,0.312,25.8,['Unknown%20significance'],142.58,0.73,0.0,0.5,0.5
SPNS2,17,4532659,NM_001124758.3:c.910C>G,NP_001118230.1:p.Arg304Gly,0.234,22.3,['Unknown%20significance'],165.72,0.61,0.0,0.6,0.6
SPNS2,17,4532660,NM_001124758.3:c.911G>A,NP_001118230.1:p.Arg304Gln,0.096,23.2,['Unknown%20significance'],165.72,0.61,0.0,0.1,0.1
SPNS2,17,4532660,NM_001124758.3:c.911G>C,NP_001118230.1:p.Arg304Pro,0.189,24.0,['Unknown%20significance'],165.72,0.61,0.0,0.4,0.4
SPNS2,17,4532662,NM_001124758.3:c.913G>A,NP_001118230.1:p.Asp305Asn,0.561,29.9,['Unknown%20significance'],10.94,0.06,0.0,-0.3,0.3
SPNS2,17,4532663,NM_001124758.3:c.914A>C,NP_001118230.1:p.Asp305Ala,0.738,29.8,['Unknown%20significance'],10.94,0.06,0.0,-0.8,0.8
SPNS2,17,4532664,NM_001124758.3:c.915T>A,NP_001118230.1:p.Asp305Glu,0.544,24.6,['Unknown%20significance'],10.94,0.06,0.0,-0.3,0.3
SPNS2,17,4532666,NM_001124758.3:c.917T>C,NP_001118230.1:p.Met306Thr,0.559,27.1,['Unknown%20significance'],18.65,0.08,0.0,1.0,1.0
SPNS2,17,4532667,NM_001124758.3:c.918G>A,NP_001118230.1:p.Met306Ile,0.252,22.9,['Unknown%20significance'],18.65,0.08,0.0,-0.5,0.5
SPNS2,17,4532668,NM_001124758.3:c.919A>G,NP_001118230.1:p.Lys307Glu,0.286,27.6,['Unknown%20significance'],162.28,0.68,0.0,-0.0,0.0
SPNS2,17,4532670,NM_001124758.3:c.921G>T,NP_001118230.1:p.Lys307Asn,0.357,27.7,['Unknown%20significance'],162.28,0.68,0.0,-0.0,0.0
SPNS2,17,4532672,NM_001124758.3:c.923C>T,NP_001118230.1:p.Ala308Val,0.185,22.8,['Unknown%20significance'],25.36,0.19,0.0,-0.7,0.7
SPNS2,17,4532674,NM_001124758.3:c.925C>G,NP_001118230.1:p.Leu309Val,0.423,23.8,['Unknown%20significance'],1.89,0.0,0.0,0.5,0.5
SPNS2,17,4532675,NM_001124758.3:c.926T>C,NP_001118230.1:p.Leu309Pro,0.822,32,['Unknown%20significance'],1.89,0.0,0.0,3.2,3.2
SPNS2,17,4532681,NM_001124758.3:c.932G>A,NP_001118230.1:p.Arg311Gln,0.160,25.5,['Unknown%20significance'],207.53,0.77,0.0,0.1,0.1
SPNS2,17,4532681,NM_001124758.3:c.932G>C,NP_001118230.1:p.Arg311Pro,0.414,31,['Unknown%20significance'],207.53,0.77,0.0,0.2,0.2
SPNS2,17,4532681,NM_001124758.3:c.932G>T,NP_001118230.1:p.Arg311Leu,0.267,30,['Unknown%20significance'],207.53,0.77,0.0,-0.1,0.1
SPNS2,17,4532683,NM_001124758.3:c.934A>G,NP_001118230.1:p.Asn312Asp,0.488,33,['Unknown%20significance'],15.66,0.09,0.0,0.3,0.3
SPNS2,17,4532683,NM_001124758.3:c.934A>T,NP_001118230.1:p.Asn312Tyr,0.601,33,['Unknown%20significance'],15.66,0.09,0.0,-1.3,1.3
SPNS2,17,4532977,NM_001124758.3:c.936C>A,NP_001118230.1:p.Asn312Lys,0.362,24.3,['Unknown%20significance'],15.66,0.09,0.0,0.7,0.7
SPNS2,17,4532978,NM_001124758.3:c.937C>G,NP_001118230.1:p.Arg313Gly,0.439,25.7,['Unknown%20significance'],140.93,0.52,0.0,0.8,0.8
SPNS2,17,4532978,NM_001124758.3:c.937C>T,NP_001118230.1:p.Arg313Cys,0.397,25.0,['Unknown%20significance'],140.93,0.52,0.0,0.4,0.4
SPNS2,17,4532979,NM_001124758.3:c.938G>A,NP_001118230.1:p.Arg313His,0.415,24.1,['Unknown%20significance'],140.93,0.52,0.0,0.2,0.2
SPNS2,17,4532979,NM_001124758.3:c.938G>T,NP_001118230.1:p.Arg313Leu,0.524,25.7,['Unknown%20significance'],140.93,0.52,0.0,-0.2,0.2
SPNS2,17,4532982,NM_001124758.3:c.941G>T,NP_001118230.1:p.Ser314Ile,0.655,29.4,['Unknown%20significance'],0.0,0.0,0.0,-2.2,2.2
SPNS2,17,4532983,NM_001124758.3:c.942C>G,NP_001118230.1:p.Ser314Arg,0.449,24.2,['Unknown%20significance'],0.0,0.0,0.0,-0.8,0.8
SPNS2,17,4532984,NM_001124758.3:c.943T>C,NP_001118230.1:p.Tyr315His,0.712,29.6,['Unknown%20significance'],1.62,0.0,0.0,2.4,2.4
SPNS2,17,4532985,NM_001124758.3:c.944A>T,NP_001118230.1:p.Tyr315Phe,0.124,19.67,['Unknown%20significance'],1.62,0.0,0.0,-0.6,0.6
SPNS2,17,4532987,NM_001124758.3:c.946G>A,NP_001118230.1:p.Val316Ile,0.093,21.0,['Unknown%20significance'],39.54,0.23,0.0,-0.2,0.2
SPNS2,17,4532987,NM_001124758.3:c.946G>C,NP_001118230.1:p.Val316Leu,0.169,22.3,['Unknown%20significance'],39.54,0.23,0.0,-0.3,0.3
SPNS2,17,4532988,NM_001124758.3:c.947T>A,NP_001118230.1:p.Val316Asp,0.737,30,['Unknown%20significance'],39.54,0.23,0.0,2.6,2.6
SPNS2,17,4532988,NM_001124758.3:c.947T>C,NP_001118230.1:p.Val316Ala,0.507,27.1,['Unknown%20significance'],39.54,0.23,0.0,1.3,1.3
SPNS2,17,4532991,NM_001124758.3:c.950T>A,NP_001118230.1:p.Phe317Tyr,0.140,24.9,['Unknown%20significance'],55.84,0.24,0.0,0.5,0.5
SPNS2,17,4532991,NM_001124758.3:c.950T>C,NP_001118230.1:p.Phe317Ser,0.362,24.1,['Unknown%20significance'],55.84,0.24,0.0,2.6,2.6
SPNS2,17,4532992,NM_001124758.3:c.951C>G,NP_001118230.1:p.Phe317Leu,0.257,18.42,['Unknown%20significance'],55.84,0.24,0.0,-0.2,0.2
SPNS2,17,4532994,NM_001124758.3:c.953C>T,NP_001118230.1:p.Ser318Phe,0.581,28.5,['Unknown%20significance'],0.0,0.0,0.0,-3.8,3.8
SPNS2,17,4532997,NM_001124758.3:c.956C>T,NP_001118230.1:p.Ser319Phe,0.562,26.7,['Unknown%20significance'],0.89,0.0,0.0,-2.9,2.9
SPNS2,17,4533000,NM_001124758.3:c.959T>C,NP_001118230.1:p.Leu320Pro,0.827,29.6,['Unknown%20significance'],49.59,0.25,0.0,2.6,2.6
SPNS2,17,4533002,NM_001124758.3:c.961G>A,NP_001118230.1:p.Ala321Thr,0.521,28.6,['Unknown%20significance'],0.0,0.0,0.0,0.4,0.4
SPNS2,17,4533003,NM_001124758.3:c.962C>A,NP_001118230.1:p.Ala321Asp,0.557,25.3,['Unknown%20significance'],0.0,0.0,0.0,2.4,2.4
SPNS2,17,4533003,NM_001124758.3:c.962C>G,NP_001118230.1:p.Ala321Gly,0.222,18.87,['Likely%20benign'],0.0,0.0,0.0,1.9,1.9
SPNS2,17,4533003,NM_001124758.3:c.962C>T,NP_001118230.1:p.Ala321Val,0.471,26.0,['Unknown%20significance'],0.0,0.0,0.0,-1.7,1.7
SPNS2,17,4533006,NM_001124758.3:c.965C>T,NP_001118230.1:p.Thr322Met,0.124,20.1,['Unknown%20significance'],0.0,0.0,0.0,-1.5,1.5
SPNS2,17,4533009,NM_001124758.3:c.968C>T,NP_001118230.1:p.Ser323Leu,0.214,24.2,['Unknown%20significance'],3.7,0.02,0.0,-3.0,3.0
SPNS2,17,4533018,NM_001124758.3:c.977C>G,NP_001118230.1:p.Ser326Cys,0.249,22.2,['Unknown%20significance'],0.01,0.0,0.0,-1.3,1.3
SPNS2,17,4533023,NM_001124758.3:c.982G>A,NP_001118230.1:p.Ala328Thr,0.209,23.0,['Unknown%20significance'],0.0,0.0,0.0,0.3,0.3
SPNS2,17,4533026,NM_001124758.3:c.985A>T,NP_001118230.1:p.Thr329Ser,0.374,24.3,['Unknown%20significance'],23.2,0.14,0.0,0.7,0.7
SPNS2,17,4533027,NM_001124758.3:c.986C>T,NP_001118230.1:p.Thr329Met,0.454,24.8,['Unknown%20significance'],23.2,0.14,0.0,-1.1,1.1
SPNS2,17,4533029,NM_001124758.3:c.988G>A,NP_001118230.1:p.Gly330Arg,0.784,27.6,['Unknown%20significance'],0.0,0.0,0.0,-1.4,1.4
SPNS2,17,4533032,NM_001124758.3:c.991G>A,NP_001118230.1:p.Ala331Thr,0.368,26.1,['Unknown%20significance'],0.0,0.0,0.0,0.3,0.3
SPNS2,17,4533032,NM_001124758.3:c.991G>T,NP_001118230.1:p.Ala331Ser,0.242,23.7,['Unknown%20significance'],0.0,0.0,0.0,1.1,1.1
SPNS2,17,4533033,NM_001124758.3:c.992C>G,NP_001118230.1:p.Ala331Gly,0.429,25.4,['Unknown%20significance'],0.0,0.0,0.0,1.7,1.7
SPNS2,17,4533033,NM_001124758.3:c.992C>T,NP_001118230.1:p.Ala331Val,0.498,25.9,['Unknown%20significance'],0.0,0.0,0.0,-1.5,1.5
SPNS2,17,4533036,NM_001124758.3:c.995T>C,NP_001118230.1:p.Leu332Pro,0.725,29.6,['Unknown%20significance'],0.6,0.0,0.0,3.4,3.4
SPNS2,17,4533038,NM_001124758.3:c.997G>A,NP_001118230.1:p.Gly333Ser,0.297,23.0,['Unknown%20significance'],1.04,0.01,0.0,-0.7,0.7
SPNS2,17,4533039,NM_001124758.3:c.998G>A,NP_001118230.1:p.Gly333Asp,0.503,25.4,['Unknown%20significance'],1.04,0.01,0.0,0.1,0.1
SPNS2,17,4533039,NM_001124758.3:c.998G>T,NP_001118230.1:p.Gly333Val,0.462,25.2,['Unknown%20significance'],1.04,0.01,0.0,-3.1,3.1
SPNS2,17,4533042,NM_001124758.3:c.1001T>C,NP_001118230.1:p.Met334Thr,0.398,23.5,['Unknown%20significance'],0.0,0.0,0.0,1.4,1.4
SPNS2,17,4533043,NM_001124758.3:c.1002G>A,NP_001118230.1:p.Met334Ile,0.215,22.1,['Unknown%20significance'],0.0,0.0,0.0,-0.6,0.6
SPNS2,17,4533044,NM_001124758.3:c.1003T>C,NP_001118230.1:p.Trp335Arg,0.561,26.6,['Unknown%20significance'],0.0,0.0,0.0,3.2,3.2
SPNS2,17,4533047,NM_001124758.3:c.1006A>C,NP_001118230.1:p.Ile336Leu,0.145,22.3,['Unknown%20significance'],0.0,0.0,0.0,-0.3,0.3
SPNS2,17,4533049,NM_001124758.3:c.1008C>G,NP_001118230.1:p.Ile336Met,0.235,11.07,['Unknown%20significance'],0.0,0.0,0.0,0.8,0.8
SPNS2,17,4533051,NM_001124758.3:c.1010C>T,NP_001118230.1:p.Pro337Leu,0.777,24.7,['Unknown%20significance'],3.6,0.02,0.0,-1.4,1.4
SPNS2,17,4533056,NM_001124758.3:c.1015T>C,NP_001118230.1:p.Tyr339His,0.573,24.8,['Unknown%20significance'],0.36,0.0,0.0,2.5,2.5
SPNS2,17,4533057,NM_001124758.3:c.1016A>C,NP_001118230.1:p.Tyr339Ser,0.537,23.1,['Unknown%20significance'],0.36,0.0,0.0,4.0,4.0
SPNS2,17,4533062,NM_001124758.3:c.1021C>T,NP_001118230.1:p.His341Tyr,0.091,6.375,['Likely%20benign'],18.98,0.09,0.0,-1.2,1.2
SPNS2,17,4533063,NM_001124758.3:c.1022A>C,NP_001118230.1:p.His341Pro,0.318,19.24,['Unknown%20significance'],18.98,0.09,0.0,1.0,1.0
SPNS2,17,4533063,NM_001124758.3:c.1022A>G,NP_001118230.1:p.His341Arg,0.156,16.51,['Unknown%20significance'],18.98,0.09,0.0,-0.2,0.2
SPNS2,17,4533064,NM_001124758.3:c.1023C>G,NP_001118230.1:p.His341Gln,0.132,10.13,['Likely%20benign'],18.98,0.09,0.0,0.2,0.2
SPNS2,17,4533065,NM_001124758.3:c.1024C>A,NP_001118230.1:p.Arg342Ser,0.300,16.18,['Unknown%20significance'],4.28,0.01,0.0,1.0,1.0
SPNS2,17,4533065,NM_001124758.3:c.1024C>G,NP_001118230.1:p.Arg342Gly,0.359,22.9,['Unknown%20significance'],4.28,0.01,0.0,2.0,2.0
SPNS2,17,4533065,NM_001124758.3:c.1024C>T,NP_001118230.1:p.Arg342Cys,0.323,22.0,['Unknown%20significance'],4.28,0.01,0.0,0.4,0.4
SPNS2,17,4533066,NM_001124758.3:c.1025G>A,NP_001118230.1:p.Arg342His,0.313,22.6,['Unknown%20significance'],4.28,0.01,0.0,0.2,0.2
SPNS2,17,4533068,NM_001124758.3:c.1027G>A,NP_001118230.1:p.Ala343Thr,0.437,23.4,['Unknown%20significance'],0.0,0.0,0.0,-0.3,0.3
SPNS2,17,4533068,NM_001124758.3:c.1027G>T,NP_001118230.1:p.Ala343Ser,0.277,20.6,['Unknown%20significance'],0.0,0.0,0.0,0.4,0.4
SPNS2,17,4533069,NM_001124758.3:c.1028C>A,NP_001118230.1:p.Ala343Asp,0.616,23.7,['Unknown%20significance'],0.0,0.0,0.0,0.9,0.9
SPNS2,17,4533071,NM_001124758.3:c.1030C>A,NP_001118230.1:p.Gln344Lys,0.127,15.13,['Unknown%20significance'],17.12,0.08,0.0,0.6,0.6
SPNS2,17,4533072,NM_001124758.3:c.1031A>C,NP_001118230.1:p.Gln344Pro,0.307,20.8,['Unknown%20significance'],17.12,0.08,0.0,0.6,0.6
SPNS2,17,4533075,NM_001124758.3:c.1034T>A,NP_001118230.1:p.Val345Asp,0.310,22.3,['Unknown%20significance'],15.01,0.08,0.0,1.3,1.3
SPNS2,17,4533075,NM_001124758.3:c.1034T>G,NP_001118230.1:p.Val345Gly,0.186,22.8,['Unknown%20significance'],15.01,0.08,0.0,1.1,1.1
SPNS2,17,4533077,NM_001124758.3:c.1036G>A,NP_001118230.1:p.Val346Met,0.156,19.78,['Unknown%20significance'],43.59,0.25,0.0,-0.1,0.1
SPNS2,17,4533077,NM_001124758.3:c.1036G>C,NP_001118230.1:p.Val346Leu,0.106,18.27,['Unknown%20significance'],43.59,0.25,0.0,-0.3,0.3
SPNS2,17,4533077,NM_001124758.3:c.1036G>T,NP_001118230.1:p.Val346Leu,0.106,18.24,['Unknown%20significance'],43.59,0.25,0.0,-0.3,0.3
SPNS2,17,4533078,NM_001124758.3:c.1037T>C,NP_001118230.1:p.Val346Ala,0.212,21.2,['Unknown%20significance'],43.59,0.25,0.0,0.8,0.8
SPNS2,17,4533081,NM_001124758.3:c.1040A>G,NP_001118230.1:p.Gln347Arg,0.343,22.3,['Unknown%20significance'],45.53,0.23,0.0,-0.3,0.3
SPNS2,17,4533084,NM_001124758.3:c.1043A>G,NP_001118230.1:p.Lys348Arg,0.078,21.4,['Unknown%20significance'],222.41,0.93,0.0,-0.1,0.1
SPNS2,17,4533084,NM_001124758.3:c.1043A>T,NP_001118230.1:p.Lys348Met,0.197,25.6,['Unknown%20significance'],222.41,0.93,0.0,-0.2,0.2
SPNS2,17,4533085,NM_001124758.3:c.1044G>T,NP_001118230.1:p.Lys348Asn,0.050,21.4,['Unknown%20significance'],222.41,0.93,0.0,-0.0,0.0
SPNS2,17,4533089,NM_001124758.3:c.1048G>A,NP_001118230.1:p.Ala350Thr,0.090,16.60,['Likely%20benign'],24.74,0.19,0.0,-0.1,0.1
SPNS2,17,4533089,NM_001124758.3:c.1048G>C,NP_001118230.1:p.Ala350Pro,0.138,18.36,['Unknown%20significance'],24.74,0.19,0.0,0.4,0.4
SPNS2,17,4533090,NM_001124758.3:c.1049C>G,NP_001118230.1:p.Ala350Gly,0.017,8.215,['Likely%20benign'],24.74,0.19,0.0,0.9,0.9
SPNS2,17,4533090,NM_001124758.3:c.1049C>T,NP_001118230.1:p.Ala350Val,0.021,11.58,['Likely%20benign'],24.74,0.19,0.0,-0.5,0.5
SPNS2,17,4533092,NM_001124758.3:c.1051G>A,NP_001118230.1:p.Glu351Lys,0.188,19.55,['Unknown%20significance'],172.65,0.88,0.0,0.0,0.0
SPNS2,17,4533093,NM_001124758.3:c.1052A>G,NP_001118230.1:p.Glu351Gly,0.154,22.3,['Unknown%20significance'],172.65,0.88,0.0,0.1,0.1
SPNS2,17,4533094,NM_001124758.3:c.1053G>C,NP_001118230.1:p.Glu351Asp,0.069,15.52,['Unknown%20significance'],172.65,0.88,0.0,0.1,0.1
SPNS2,17,4533094,NM_001124758.3:c.1053G>T,NP_001118230.1:p.Glu351Asp,0.069,15.72,['Unknown%20significance'],172.65,0.88,0.0,0.1,0.1
SPNS2,17,4533095,NM_001124758.3:c.1054A>G,NP_001118230.1:p.Thr352Ala,0.042,12.77,['Likely%20benign'],70.59,0.44,0.0,0.2,0.2
SPNS2,17,4533096,NM_001124758.3:c.1055C>A,NP_001118230.1:p.Thr352Lys,0.026,16.57,['Unknown%20significance'],70.59,0.44,0.0,0.5,0.5
SPNS2,17,4533096,NM_001124758.3:c.1055C>G,NP_001118230.1:p.Thr352Arg,0.042,23.0,['Unknown%20significance'],70.59,0.44,0.0,0.0,0.0
SPNS2,17,4533096,NM_001124758.3:c.1055C>T,NP_001118230.1:p.Thr352Met,0.175,23.1,['Unknown%20significance'],70.59,0.44,0.0,-0.3,0.3
SPNS2,17,4533098,NM_001124758.3:c.1057T>C,NP_001118230.1:p.Cys353Arg,0.467,25.1,['Unknown%20significance'],23.89,0.15,0.0,0.1,0.1
SPNS2,17,4533099,NM_001124758.3:c.1058G>A,NP_001118230.1:p.Cys353Tyr,0.284,23.4,['Unknown%20significance'],23.89,0.15,0.0,-0.9,0.9
SPNS2,17,4533099,NM_001124758.3:c.1058G>C,NP_001118230.1:p.Cys353Ser,0.309,23.2,['Unknown%20significance'],23.89,0.15,0.0,0.6,0.6
SPNS2,17,4533101,NM_001124758.3:c.1060A>G,NP_001118230.1:p.Asn354Asp,0.069,13.93,['Likely%20benign'],135.22,0.84,0.0,0.1,0.1
SPNS2,17,4533102,NM_001124758.3:c.1061A>G,NP_001118230.1:p.Asn354Ser,0.019,0.474,['Likely%20benign'],135.22,0.84,0.0,-0.0,0.0
SPNS2,17,4533103,NM_001124758.3:c.1062C>A,NP_001118230.1:p.Asn354Lys,0.042,8.482,['Likely%20benign'],135.22,0.84,0.0,0.1,0.1
SPNS2,17,4533104,NM_001124758.3:c.1063A>G,NP_001118230.1:p.Ser355Gly,0.064,15.90,['Likely%20benign'],76.85,0.55,0.0,0.4,0.4
SPNS2,17,4533105,NM_001124758.3:c.1064G>A,NP_001118230.1:p.Ser355Asn,0.033,9.681,['Likely%20benign'],76.85,0.55,0.0,0.1,0.1
SPNS2,17,4533105,NM_001124758.3:c.1064G>T,NP_001118230.1:p.Ser355Ile,0.036,13.36,['Unknown%20significance'],76.85,0.55,0.0,-0.6,0.6
SPNS2,17,4533107,NM_001124758.3:c.1066C>A,NP_001118230.1:p.Pro356Thr,0.041,12.79,['Likely%20benign'],41.15,0.26,0.0,-0.4,0.4
SPNS2,17,4533107,NM_001124758.3:c.1066C>G,NP_001118230.1:p.Pro356Ala,0.028,10.99,['Likely%20benign'],41.15,0.26,0.0,-0.2,0.2
SPNS2,17,4533107,NM_001124758.3:c.1066C>T,NP_001118230.1:p.Pro356Ser,0.046,13.12,['Likely%20benign'],41.15,0.26,0.0,-0.1,0.1
SPNS2,17,4533108,NM_001124758.3:c.1067C>A,NP_001118230.1:p.Pro356Gln,0.070,10.90,['Likely%20benign'],41.15,0.26,0.0,-0.2,0.2
SPNS2,17,4533108,NM_001124758.3:c.1067C>G,NP_001118230.1:p.Pro356Arg,0.050,13.43,['Likely%20benign'],41.15,0.26,0.0,-0.5,0.5
SPNS2,17,4533108,NM_001124758.3:c.1067C>T,NP_001118230.1:p.Pro356Leu,0.057,13.65,['Likely%20benign'],41.15,0.26,0.0,-0.9,0.9
SPNS2,17,4533110,NM_001124758.3:c.1069C>A,NP_001118230.1:p.Pro357Thr,0.090,22.6,['Unknown%20significance'],61.54,0.39,0.0,-0.3,0.3
SPNS2,17,4533110,NM_001124758.3:c.1069C>T,NP_001118230.1:p.Pro357Ser,0.073,19.69,['Unknown%20significance'],61.54,0.39,0.0,0.0,0.0
SPNS2,17,4533111,NM_001124758.3:c.1070C>A,NP_001118230.1:p.Pro357His,0.111,22.0,['Unknown%20significance'],61.54,0.39,0.0,-0.4,0.4
SPNS2,17,4533111,NM_001124758.3:c.1070C>T,NP_001118230.1:p.Pro357Leu,0.132,23.3,['Unknown%20significance'],61.54,0.39,0.0,-0.8,0.8
SPNS2,17,4533113,NM_001124758.3:c.1072T>C,NP_001118230.1:p.Cys358Arg,0.595,27.2,['Unknown%20significance'],7.54,0.04,0.0,-0.3,0.3
SPNS2,17,4533114,NM_001124758.3:c.1073G>A,NP_001118230.1:p.Cys358Tyr,0.497,26.4,['Unknown%20significance'],7.54,0.04,0.0,-1.3,1.3
SPNS2,17,4533114,NM_001124758.3:c.1073G>T,NP_001118230.1:p.Cys358Phe,0.500,27.7,['Unknown%20significance'],7.54,0.04,0.0,-1.0,1.0
SPNS2,17,4533115,NM_001124758.3:c.1074T>G,NP_001118230.1:p.Cys358Trp,0.436,20.9,['Unknown%20significance'],7.54,0.04,0.0,-1.1,1.1
SPNS2,17,4533116,NM_001124758.3:c.1075G>A,NP_001118230.1:p.Gly359Arg,0.134,22.9,['Unknown%20significance'],24.09,0.25,0.0,-0.9,0.9
SPNS2,17,4533116,NM_001124758.3:c.1075G>T,NP_001118230.1:p.Gly359Trp,0.396,26.7,['Unknown%20significance'],24.09,0.25,0.0,-1.4,1.4
SPNS2,17,4533119,NM_001124758.3:c.1078G>A,NP_001118230.1:p.Ala360Thr,0.111,22.6,['Unknown%20significance'],2.64,0.02,0.0,-0.2,0.2
SPNS2,17,4533119,NM_001124758.3:c.1078G>C,NP_001118230.1:p.Ala360Pro,0.201,23.2,['Unknown%20significance'],2.64,0.02,0.0,0.6,0.6
SPNS2,17,4533120,NM_001124758.3:c.1079C>A,NP_001118230.1:p.Ala360Asp,0.132,22.5,['Unknown%20significance'],2.64,0.02,0.0,0.9,0.9
SPNS2,17,4533120,NM_001124758.3:c.1079C>G,NP_001118230.1:p.Ala360Gly,0.077,22.9,['Unknown%20significance'],2.64,0.02,0.0,1.0,1.0
SPNS2,17,4533120,NM_001124758.3:c.1079C>T,NP_001118230.1:p.Ala360Val,0.081,22.7,['Unknown%20significance'],2.64,0.02,0.0,-0.7,0.7
SPNS2,17,4533122,NM_001124758.3:c.1081A>C,NP_001118230.1:p.Lys361Gln,0.100,21.7,['Unknown%20significance'],168.94,0.71,0.0,-0.2,0.2
SPNS2,17,4533122,NM_001124758.3:c.1081A>G,NP_001118230.1:p.Lys361Glu,0.080,22.7,['Unknown%20significance'],168.94,0.71,0.0,-0.0,0.0
SPNS2,17,4533123,NM_001124758.3:c.1082A>C,NP_001118230.1:p.Lys361Thr,0.025,19.21,['Likely%20benign'],168.94,0.71,0.0,-0.3,0.3
SPNS2,17,4533123,NM_001124758.3:c.1082A>G,NP_001118230.1:p.Lys361Arg,0.040,20.5,['Likely%20benign'],168.94,0.71,0.0,-0.3,0.3
SPNS2,17,4533124,NM_001124758.3:c.1083G>T,NP_001118230.1:p.Lys361Asn,0.047,19.73,['Unknown%20significance'],168.94,0.71,0.0,-0.1,0.1
SPNS2,17,4533125,NM_001124758.3:c.1084G>A,NP_001118230.1:p.Asp362Asn,0.157,23.3,['Unknown%20significance'],3.29,0.02,0.0,-0.5,0.5
SPNS2,17,4533125,NM_001124758.3:c.1084G>C,NP_001118230.1:p.Asp362His,0.312,24.6,['Unknown%20significance'],3.29,0.02,0.0,-1.1,1.1
SPNS2,17,4533127,NM_001124758.3:c.1086C>A,NP_001118230.1:p.Asp362Glu,0.103,23.0,['Unknown%20significance'],3.29,0.02,0.0,-0.3,0.3
SPNS2,17,4533127,NM_001124758.3:c.1086C>G,NP_001118230.1:p.Asp362Glu,0.103,23.8,['Unknown%20significance'],3.29,0.02,0.0,-0.3,0.3
SPNS2,17,4533128,NM_001124758.3:c.1087A>C,NP_001118230.1:p.Ser363Arg,0.766,34,['Unknown%20significance'],2.99,0.02,0.0,-0.5,0.5
SPNS2,17,4533128,NM_001124758.3:c.1087A>G,NP_001118230.1:p.Ser363Gly,0.387,33,['Unknown%20significance'],2.99,0.02,0.0,0.7,0.7
SPNS2,17,4533243,NM_001124758.3:c.1089C>A,NP_001118230.1:p.Ser363Arg,0.542,23.3,['Unknown%20significance'],2.99,0.02,0.0,-0.5,0.5
SPNS2,17,4533244,NM_001124758.3:c.1090C>T,NP_001118230.1:p.Leu364Phe,0.081,22.3,['Unknown%20significance'],74.29,0.38,0.0,0.1,0.1
SPNS2,17,4533247,NM_001124758.3:c.1093A>C,NP_001118230.1:p.Ile365Leu,0.269,24.4,['Unknown%20significance'],72.12,0.36,0.0,-0.0,0.0
SPNS2,17,4533248,NM_001124758.3:c.1094T>G,NP_001118230.1:p.Ile365Ser,0.610,29.4,['Unknown%20significance'],72.12,0.36,0.0,1.7,1.7
SPNS2,17,4533254,NM_001124758.3:c.1100G>A,NP_001118230.1:p.Gly367Glu,0.717,29.6,['Unknown%20significance'],0.0,0.0,0.0,0.5,0.5
SPNS2,17,4533256,NM_001124758.3:c.1102G>T,NP_001118230.1:p.Ala368Ser,0.221,24.7,['Unknown%20significance'],20.79,0.16,0.0,0.8,0.8
SPNS2,17,4533257,NM_001124758.3:c.1103C>A,NP_001118230.1:p.Ala368Asp,0.617,27.3,['Unknown%20significance'],20.79,0.16,0.0,1.6,1.6
SPNS2,17,4533259,NM_001124758.3:c.1105A>C,NP_001118230.1:p.Ile369Leu,0.278,24.7,['Unknown%20significance'],12.71,0.06,0.0,-0.0,0.0
SPNS2,17,4533261,NM_001124758.3:c.1107C>G,NP_001118230.1:p.Ile369Met,0.539,24.1,['Unknown%20significance'],12.71,0.06,0.0,0.8,0.8
SPNS2,17,4533262,NM_001124758.3:c.1108A>G,NP_001118230.1:p.Thr370Ala,0.412,25.3,['Unknown%20significance'],3.85,0.02,0.0,-0.3,0.3
SPNS2,17,4533263,NM_001124758.3:c.1109C>A,NP_001118230.1:p.Thr370Asn,0.513,25.6,['Unknown%20significance'],3.85,0.02,0.0,1.1,1.1
SPNS2,17,4533263,NM_001124758.3:c.1109C>T,NP_001118230.1:p.Thr370Ile,0.699,26.4,['Unknown%20significance'],3.85,0.02,0.0,-2.0,2.0
SPNS2,17,4533265,NM_001124758.3:c.1111T>C,NP_001118230.1:p.Cys371Arg,0.695,30,['Unknown%20significance'],14.28,0.09,0.0,0.7,0.7
SPNS2,17,4533268,NM_001124758.3:c.1114T>C,NP_001118230.1:p.Phe372Leu,0.092,23.0,['Unknown%20significance'],141.29,0.61,0.0,-0.1,0.1
SPNS2,17,4533271,NM_001124758.3:c.1117A>T,NP_001118230.1:p.Thr373Ser,0.262,22.4,['Unknown%20significance'],0.0,0.0,0.0,0.8,0.8
SPNS2,17,4533272,NM_001124758.3:c.1118C>A,NP_001118230.1:p.Thr373Lys,0.707,26.8,['Unknown%20significance'],0.0,0.0,0.0,1.4,1.4
SPNS2,17,4533272,NM_001124758.3:c.1118C>T,NP_001118230.1:p.Thr373Met,0.611,26.2,['Unknown%20significance'],0.0,0.0,0.0,-1.4,1.4
SPNS2,17,4533274,NM_001124758.3:c.1120G>A,NP_001118230.1:p.Gly374Arg,0.652,28.6,['Unknown%20significance'],0.0,0.0,0.0,-0.9,0.9
SPNS2,17,4533274,NM_001124758.3:c.1120G>C,NP_001118230.1:p.Gly374Arg,0.652,28.3,['Unknown%20significance'],0.0,0.0,0.0,-0.9,0.9
SPNS2,17,4533275,NM_001124758.3:c.1121G>T,NP_001118230.1:p.Gly374Val,0.621,27.9,['Unknown%20significance'],0.0,0.0,0.0,-2.9,2.9
SPNS2,17,4533278,NM_001124758.3:c.1124T>C,NP_001118230.1:p.Phe375Ser,0.415,28.1,['Unknown%20significance'],130.39,0.56,0.0,1.1,1.1
SPNS2,17,4533280,NM_001124758.3:c.1126C>A,NP_001118230.1:p.Leu376Met,0.263,23.9,['Unknown%20significance'],64.54,0.33,0.0,0.5,0.5
SPNS2,17,4533281,NM_001124758.3:c.1127T>A,NP_001118230.1:p.Leu376Gln,0.662,31,['Unknown%20significance'],64.54,0.33,0.0,1.8,1.8
SPNS2,17,4533283,NM_001124758.3:c.1129G>A,NP_001118230.1:p.Gly377Ser,0.524,27.2,['Unknown%20significance'],0.0,0.0,0.0,-0.2,0.2
SPNS2,17,4533284,NM_001124758.3:c.1130G>A,NP_001118230.1:p.Gly377Asp,0.727,26.2,['Unknown%20significance'],0.0,0.0,0.0,1.0,1.0
SPNS2,17,4533284,NM_001124758.3:c.1130G>T,NP_001118230.1:p.Gly377Val,0.704,26.2,['Unknown%20significance'],0.0,0.0,0.0,-2.3,2.3
SPNS2,17,4533286,NM_001124758.3:c.1132G>A,NP_001118230.1:p.Val378Met,0.394,25.7,['Unknown%20significance'],28.93,0.16,0.0,0.3,0.3
SPNS2,17,4533286,NM_001124758.3:c.1132G>T,NP_001118230.1:p.Val378Leu,0.358,25.4,['Unknown%20significance'],28.93,0.16,0.0,-0.2,0.2
SPNS2,17,4533287,NM_001124758.3:c.1133T>C,NP_001118230.1:p.Val378Ala,0.442,25.4,['Unknown%20significance'],28.93,0.16,0.0,1.5,1.5
SPNS2,17,4533290,NM_001124758.3:c.1136T>G,NP_001118230.1:p.Val379Gly,0.328,16.95,['Unknown%20significance'],85.48,0.49,0.0,1.7,1.7
SPNS2,17,4533293,NM_001124758.3:c.1139C>A,NP_001118230.1:p.Thr380Lys,0.244,23.6,['Unknown%20significance'],69.94,0.44,0.0,0.8,0.8
SPNS2,17,4533293,NM_001124758.3:c.1139C>T,NP_001118230.1:p.Thr380Met,0.121,18.48,['Unknown%20significance'],69.94,0.44,0.0,-0.7,0.7
SPNS2,17,4533295,NM_001124758.3:c.1141G>A,NP_001118230.1:p.Gly381Arg,0.831,26.4,['Unknown%20significance'],4.72,0.04,0.0,-0.4,0.4
SPNS2,17,4533295,NM_001124758.3:c.1141G>T,NP_001118230.1:p.Gly381Trp,0.787,28.0,['Unknown%20significance'],4.72,0.04,0.0,-1.9,1.9
SPNS2,17,4533298,NM_001124758.3:c.1144G>A,NP_001118230.1:p.Ala382Thr,0.240,19.60,['Unknown%20significance'],12.34,0.09,0.0,0.2,0.2
SPNS2,17,4533298,NM_001124758.3:c.1144G>T,NP_001118230.1:p.Ala382Ser,0.161,17.54,['Unknown%20significance'],12.34,0.09,0.0,0.7,0.7
SPNS2,17,4533301,NM_001124758.3:c.1147G>A,NP_001118230.1:p.Gly383Arg,0.199,22.5,['Unknown%20significance'],31.71,0.33,0.0,-1.0,1.0
SPNS2,17,4533302,NM_001124758.3:c.1148G>T,NP_001118230.1:p.Gly383Val,0.108,19.26,['Unknown%20significance'],31.71,0.33,0.0,-1.9,1.9
SPNS2,17,4533304,NM_001124758.3:c.1150G>A,NP_001118230.1:p.Ala384Thr,0.060,21.7,['Unknown%20significance'],41.37,0.32,0.0,0.0,0.0
SPNS2,17,4533305,NM_001124758.3:c.1151C>G,NP_001118230.1:p.Ala384Gly,0.193,23.2,['Unknown%20significance'],41.37,0.32,0.0,1.0,1.0
SPNS2,17,4533305,NM_001124758.3:c.1151C>T,NP_001118230.1:p.Ala384Val,0.135,17.86,['Unknown%20significance'],41.37,0.32,0.0,-1.0,1.0
SPNS2,17,4533307,NM_001124758.3:c.1153A>C,NP_001118230.1:p.Thr385Pro,0.466,24.7,['Unknown%20significance'],0.0,0.0,0.0,0.7,0.7
SPNS2,17,4533308,NM_001124758.3:c.1154C>A,NP_001118230.1:p.Thr385Lys,0.411,22.3,['Unknown%20significance'],0.0,0.0,0.0,1.2,1.2
SPNS2,17,4533308,NM_001124758.3:c.1154C>G,NP_001118230.1:p.Thr385Arg,0.418,23.3,['Unknown%20significance'],0.0,0.0,0.0,0.0,0.0
SPNS2,17,4533308,NM_001124758.3:c.1154C>T,NP_001118230.1:p.Thr385Met,0.328,21.9,['Unknown%20significance'],0.0,0.0,0.0,-1.0,1.0
SPNS2,17,4533310,NM_001124758.3:c.1156C>A,NP_001118230.1:p.Arg386Ser,0.283,22.9,['Unknown%20significance'],145.74,0.54,0.0,0.5,0.5
SPNS2,17,4533310,NM_001124758.3:c.1156C>T,NP_001118230.1:p.Arg386Cys,0.342,25.2,['Unknown%20significance'],145.74,0.54,0.0,0.4,0.4
SPNS2,17,4533311,NM_001124758.3:c.1157G>A,NP_001118230.1:p.Arg386His,0.395,26.0,['Unknown%20significance'],145.74,0.54,0.0,0.2,0.2
SPNS2,17,4533313,NM_001124758.3:c.1159T>A,NP_001118230.1:p.Trp387Arg,0.256,20.8,['Unknown%20significance'],167.66,0.63,0.0,0.6,0.6
SPNS2,17,4533314,NM_001124758.3:c.1160G>T,NP_001118230.1:p.Trp387Leu,0.143,21.6,['Unknown%20significance'],167.66,0.63,0.0,0.1,0.1
SPNS2,17,4533315,NM_001124758.3:c.1161G>T,NP_001118230.1:p.Trp387Cys,0.220,22.0,['Unknown%20significance'],167.66,0.63,0.0,0.8,0.8
SPNS2,17,4533316,NM_001124758.3:c.1162T>G,NP_001118230.1:p.Cys388Gly,0.447,22.9,['Unknown%20significance'],18.51,0.11,0.0,0.5,0.5
SPNS2,17,4533317,NM_001124758.3:c.1163G>T,NP_001118230.1:p.Cys388Phe,0.206,21.5,['Unknown%20significance'],18.51,0.11,0.0,-1.3,1.3
SPNS2,17,4533319,NM_001124758.3:c.1165C>A,NP_001118230.1:p.Arg389Ser,0.380,23.3,['Unknown%20significance'],29.69,0.11,0.0,0.8,0.8
SPNS2,17,4533319,NM_001124758.3:c.1165C>T,NP_001118230.1:p.Arg389Cys,0.398,24.1,['Unknown%20significance'],29.69,0.11,0.0,0.5,0.5
SPNS2,17,4533320,NM_001124758.3:c.1166G>A,NP_001118230.1:p.Arg389His,0.491,26.3,['Unknown%20significance'],29.69,0.11,0.0,0.3,0.3
SPNS2,17,4533320,NM_001124758.3:c.1166G>T,NP_001118230.1:p.Arg389Leu,0.448,23.9,['Unknown%20significance'],29.69,0.11,0.0,-0.5,0.5
SPNS2,17,4533322,NM_001124758.3:c.1168C>G,NP_001118230.1:p.Leu390Val,0.050,16.69,['Unknown%20significance'],169.11,0.87,0.0,0.0,0.0
SPNS2,17,4533329,NM_001124758.3:c.1175C>A,NP_001118230.1:p.Thr392Asn,0.163,16.27,['Unknown%20significance'],50.25,0.31,0.0,0.4,0.4
SPNS2,17,4533329,NM_001124758.3:c.1175C>T,NP_001118230.1:p.Thr392Ile,0.243,21.6,['Unknown%20significance'],50.25,0.31,0.0,-0.6,0.6
SPNS2,17,4533331,NM_001124758.3:c.1177C>A,NP_001118230.1:p.Gln393Lys,0.136,21.3,['Unknown%20significance'],113.86,0.57,0.0,0.4,0.4
SPNS2,17,4533332,NM_001124758.3:c.1178A>T,NP_001118230.1:p.Gln393Leu,0.229,23.0,['Unknown%20significance'],113.86,0.57,0.0,-0.4,0.4
SPNS2,17,4533334,NM_001124758.3:c.1180C>T,NP_001118230.1:p.Arg394Trp,0.329,22.8,['Unknown%20significance'],85.1,0.31,0.0,-0.5,0.5
SPNS2,17,4533335,NM_001124758.3:c.1181G>A,NP_001118230.1:p.Arg394Gln,0.345,23.9,['Unknown%20significance'],85.1,0.31,0.0,0.3,0.3
SPNS2,17,4533335,NM_001124758.3:c.1181G>C,NP_001118230.1:p.Arg394Pro,0.619,31,['Unknown%20significance'],85.1,0.31,0.0,0.7,0.7
SPNS2,17,4533337,NM_001124758.3:c.1183G>T,NP_001118230.1:p.Ala395Ser,0.421,27.3,['Unknown%20significance'],0.0,0.0,0.0,0.4,0.4
SPNS2,17,4533338,NM_001124758.3:c.1184C>T,NP_001118230.1:p.Ala395Val,0.430,26.6,['Unknown%20significance'],0.0,0.0,0.0,-1.0,1.0
SPNS2,17,4533340,NM_001124758.3:c.1186G>A,NP_001118230.1:p.Asp396Asn,0.468,29.9,['Unknown%20significance'],0.67,0.0,0.0,-0.4,0.4
SPNS2,17,4533340,NM_001124758.3:c.1186G>C,NP_001118230.1:p.Asp396His,0.570,29.7,['Unknown%20significance'],0.67,0.0,0.0,-1.2,1.2
SPNS2,17,4533340,NM_001124758.3:c.1186G>T,NP_001118230.1:p.Asp396Tyr,0.625,29.9,['Unknown%20significance'],0.67,0.0,0.0,-2.7,2.7
SPNS2,17,4533342,NM_001124758.3:c.1188C>A,NP_001118230.1:p.Asp396Glu,0.267,22.7,['Unknown%20significance'],0.67,0.0,0.0,-0.5,0.5
SPNS2,17,4533343,NM_001124758.3:c.1189C>A,NP_001118230.1:p.Pro397Thr,0.612,25.4,['Unknown%20significance'],0.0,0.0,0.0,-0.7,0.7
SPNS2,17,4533344,NM_001124758.3:c.1190C>T,NP_001118230.1:p.Pro397Leu,0.421,26.6,['Unknown%20significance'],0.0,0.0,0.0,-3.0,3.0
SPNS2,17,4533346,NM_001124758.3:c.1192C>G,NP_001118230.1:p.Leu398Val,0.329,22.6,['Unknown%20significance'],59.08,0.3,0.0,0.3,0.3
SPNS2,17,4533349,NM_001124758.3:c.1195G>A,NP_001118230.1:p.Val399Met,0.432,29.3,['Unknown%20significance'],13.79,0.08,0.0,0.5,0.5
SPNS2,17,4533349,NM_001124758.3:c.1195G>C,NP_001118230.1:p.Val399Leu,0.354,23.4,['Unknown%20significance'],13.79,0.08,0.0,-0.2,0.2
SPNS2,17,4533353,NM_001124758.3:c.1199G>A,NP_001118230.1:p.Cys400Tyr,0.670,29.6,['Unknown%20significance'],0.0,0.0,0.0,-1.0,1.0
SPNS2,17,4533353,NM_001124758.3:c.1199G>T,NP_001118230.1:p.Cys400Phe,0.685,29.9,['Unknown%20significance'],0.0,0.0,0.0,-1.6,1.6
SPNS2,17,4533354,NM_001124758.3:c.1200T>G,NP_001118230.1:p.Cys400Trp,0.549,23.2,['Unknown%20significance'],0.0,0.0,0.0,-1.0,1.0
SPNS2,17,4533355,NM_001124758.3:c.1201G>A,NP_001118230.1:p.Ala401Thr,0.640,29.8,['Unknown%20significance'],0.0,0.0,0.0,0.4,0.4
SPNS2,17,4533356,NM_001124758.3:c.1202C>G,NP_001118230.1:p.Ala401Gly,0.398,24.5,['Unknown%20significance'],0.0,0.0,0.0,2.0,2.0
SPNS2,17,4533356,NM_001124758.3:c.1202C>T,NP_001118230.1:p.Ala401Val,0.644,27.5,['Unknown%20significance'],0.0,0.0,0.0,-1.8,1.8
SPNS2,17,4533358,NM_001124758.3:c.1204G>A,NP_001118230.1:p.Val402Met,0.189,26.8,['Unknown%20significance'],114.86,0.66,0.0,0.2,0.2
SPNS2,17,4533359,NM_001124758.3:c.1205T>C,NP_001118230.1:p.Val402Ala,0.247,22.9,['Unknown%20significance'],114.86,0.66,0.0,0.5,0.5
SPNS2,17,4533361,NM_001124758.3:c.1207G>A,NP_001118230.1:p.Gly403Ser,0.401,24.7,['Unknown%20significance'],2.77,0.02,0.0,-0.4,0.4
SPNS2,17,4533362,NM_001124758.3:c.1208G>A,NP_001118230.1:p.Gly403Asp,0.733,29.7,['Unknown%20significance'],2.77,0.02,0.0,0.7,0.7
SPNS2,17,4533364,NM_001124758.3:c.1210A>T,NP_001118230.1:p.Met404Leu,0.189,19.56,['Unknown%20significance'],0.0,0.0,0.0,-1.2,1.2
SPNS2,17,4533366,NM_001124758.3:c.1212G>A,NP_001118230.1:p.Met404Ile,0.383,24.8,['Unknown%20significance'],0.0,0.0,0.0,-1.0,1.0
SPNS2,17,4533366,NM_001124758.3:c.1212G>C,NP_001118230.1:p.Met404Ile,0.383,24.7,['Unknown%20significance'],0.0,0.0,0.0,-1.0,1.0
SPNS2,17,4533368,NM_001124758.3:c.1214T>A,NP_001118230.1:p.Leu405Gln,0.709,31,['Unknown%20significance'],56.38,0.29,0.0,2.3,2.3
SPNS2,17,4533370,NM_001124758.3:c.1216G>A,NP_001118230.1:p.Gly406Ser,0.172,22.9,['Unknown%20significance'],15.3,0.16,0.0,-0.5,0.5
SPNS2,17,4533371,NM_001124758.3:c.1217G>C,NP_001118230.1:p.Gly406Ala,0.309,22.4,['Unknown%20significance'],15.3,0.16,0.0,-1.4,1.4
SPNS2,17,4533371,NM_001124758.3:c.1217G>T,NP_001118230.1:p.Gly406Val,0.351,22.6,['Unknown%20significance'],15.3,0.16,0.0,-2.8,2.8
SPNS2,17,4533374,NM_001124758.3:c.1220C>G,NP_001118230.1:p.Ser407Cys,0.278,23.2,['Unknown%20significance'],0.0,0.0,0.0,-1.4,1.4
SPNS2,17,4533374,NM_001124758.3:c.1220C>T,NP_001118230.1:p.Ser407Phe,0.635,28.3,['Unknown%20significance'],0.0,0.0,0.0,-2.5,2.5
SPNS2,17,4533376,NM_001124758.3:c.1222G>A,NP_001118230.1:p.Ala408Thr,0.356,29.7,['Unknown%20significance'],2.02,0.01,0.0,0.4,0.4
SPNS2,17,4533376,NM_001124758.3:c.1222G>T,NP_001118230.1:p.Ala408Ser,0.303,25.2,['Benign'],2.02,0.01,0.0,1.2,1.2
SPNS2,17,4533377,NM_001124758.3:c.1223C>T,NP_001118230.1:p.Ala408Val,0.265,23.5,['Unknown%20significance'],2.02,0.01,0.0,-1.5,1.5
SPNS2,17,4533379,NM_001124758.3:c.1225A>G,NP_001118230.1:p.Ile409Val,0.175,21.3,['Unknown%20significance'],115.85,0.59,0.0,0.1,0.1
SPNS2,17,4533380,NM_001124758.3:c.1226T>C,NP_001118230.1:p.Ile409Thr,0.435,24.8,['Unknown%20significance'],115.85,0.59,0.0,1.0,1.0
SPNS2,17,4533381,NM_001124758.3:c.1227C>G,NP_001118230.1:p.Ile409Met,0.369,24.5,['Unknown%20significance'],115.85,0.59,0.0,0.3,0.3
SPNS2,17,4533385,NM_001124758.3:c.1231A>G,NP_001118230.1:p.Ile411Val,0.181,22.0,['Unknown%20significance'],0.06,0.0,0.0,0.3,0.3
SPNS2,17,4533388,NM_001124758.3:c.1234T>G,NP_001118230.1:p.Cys412Gly,0.447,23.7,['Unknown%20significance'],44.01,0.28,0.0,1.3,1.3
SPNS2,17,4533389,NM_001124758.3:c.1235G>A,NP_001118230.1:p.Cys412Tyr,0.264,22.0,['Unknown%20significance'],44.01,0.28,0.0,-0.6,0.6
SPNS2,17,4533391,NM_001124758.3:c.1237C>A,NP_001118230.1:p.Leu413Met,0.305,26.9,['Unknown%20significance'],73.59,0.38,0.0,0.5,0.5
SPNS2,17,4533391,NM_001124758.3:c.1237C>G,NP_001118230.1:p.Leu413Val,0.303,22.8,['Unknown%20significance'],73.59,0.38,0.0,0.3,0.3
SPNS2,17,4533392,NM_001124758.3:c.1238T>C,NP_001118230.1:p.Leu413Pro,0.782,31,['Unknown%20significance'],73.59,0.38,0.0,2.2,2.2
SPNS2,17,4533394,NM_001124758.3:c.1240A>G,NP_001118230.1:p.Ile414Val,0.095,21.5,['Unknown%20significance'],0.0,0.0,0.0,0.3,0.3
SPNS2,17,4533397,NM_001124758.3:c.1243T>G,NP_001118230.1:p.Phe415Val,0.292,23.2,['Unknown%20significance'],0.0,0.0,0.0,0.4,0.4
SPNS2,17,4533399,NM_001124758.3:c.1245C>A,NP_001118230.1:p.Phe415Leu,0.271,5.376,['Likely%20benign'],0.0,0.0,0.0,-0.0,0.0
SPNS2,17,4533400,NM_001124758.3:c.1246G>A,NP_001118230.1:p.Val416Met,0.322,24.7,['Unknown%20significance'],83.66,0.48,0.0,0.1,0.1
SPNS2,17,4533400,NM_001124758.3:c.1246G>T,NP_001118230.1:p.Val416Leu,0.353,23.1,['Unknown%20significance'],83.66,0.48,0.0,-0.1,0.1
SPNS2,17,4533401,NM_001124758.3:c.1247T>C,NP_001118230.1:p.Val416Ala,0.330,23.3,['Unknown%20significance'],83.66,0.48,0.0,0.7,0.7
SPNS2,17,4533403,NM_001124758.3:c.1249G>A,NP_001118230.1:p.Ala417Thr,0.116,22.7,['Benign'],12.94,0.1,0.0,0.1,0.1
SPNS2,17,4533403,NM_001124758.3:c.1249G>C,NP_001118230.1:p.Ala417Pro,0.306,27.0,['Unknown%20significance'],12.94,0.1,0.0,0.8,0.8
SPNS2,17,4533403,NM_001124758.3:c.1249G>T,NP_001118230.1:p.Ala417Ser,0.083,22.7,['Unknown%20significance'],12.94,0.1,0.0,0.7,0.7
SPNS2,17,4533404,NM_001124758.3:c.1250C>A,NP_001118230.1:p.Ala417Asp,0.259,25.0,['Unknown%20significance'],12.94,0.1,0.0,1.5,1.5
SPNS2,17,4533404,NM_001124758.3:c.1250C>T,NP_001118230.1:p.Ala417Val,0.056,20.2,['Unknown%20significance'],12.94,0.1,0.0,-1.2,1.2
SPNS2,17,4533406,NM_001124758.3:c.1252G>A,NP_001118230.1:p.Ala418Thr,0.335,26.5,['Unknown%20significance'],0.0,0.0,0.0,0.0,0.0
SPNS2,17,4533407,NM_001124758.3:c.1253C>T,NP_001118230.1:p.Ala418Val,0.323,23.0,['Unknown%20significance'],0.0,0.0,0.0,-1.1,1.1
SPNS2,17,4533410,NM_001124758.3:c.1256A>G,NP_001118230.1:p.Lys419Arg,0.278,22.5,['Unknown%20significance'],107.29,0.45,0.0,-0.5,0.5
SPNS2,17,4533411,NM_001124758.3:c.1257G>T,NP_001118230.1:p.Lys419Asn,0.103,20.7,['Unknown%20significance'],107.29,0.45,0.0,-0.2,0.2
SPNS2,17,4533412,NM_001124758.3:c.1258A>G,NP_001118230.1:p.Ser420Gly,0.095,22.8,['Likely%20benign'],91.32,0.66,0.0,0.3,0.3
SPNS2,17,4533412,NM_001124758.3:c.1258A>T,NP_001118230.1:p.Ser420Cys,0.174,27.8,['Unknown%20significance'],91.32,0.66,0.0,-0.0,0.0
SPNS2,17,4533413,NM_001124758.3:c.1259G>A,NP_001118230.1:p.Ser420Asn,0.052,20.4,['Likely%20benign'],91.32,0.66,0.0,0.1,0.1
SPNS2,17,4533413,NM_001124758.3:c.1259G>T,NP_001118230.1:p.Ser420Ile,0.062,21.8,['Likely%20benign'],91.32,0.66,0.0,-0.4,0.4
SPNS2,17,4533414,NM_001124758.3:c.1260C>A,NP_001118230.1:p.Ser420Arg,0.045,20.9,['Unknown%20significance'],91.32,0.66,0.0,-0.2,0.2
SPNS2,17,4533414,NM_001124758.3:c.1260C>G,NP_001118230.1:p.Ser420Arg,0.045,21.0,['Unknown%20significance'],91.32,0.66,0.0,-0.2,0.2
SPNS2,17,4533416,NM_001124758.3:c.1262G>A,NP_001118230.1:p.Ser421Asn,0.110,23.0,['Unknown%20significance'],64.58,0.46,0.0,0.1,0.1
SPNS2,17,4533416,NM_001124758.3:c.1262G>T,NP_001118230.1:p.Ser421Ile,0.572,29.1,['Unknown%20significance'],64.58,0.46,0.0,-0.7,0.7
SPNS2,17,4533417,NM_001124758.3:c.1263C>A,NP_001118230.1:p.Ser421Arg,0.556,26.1,['Unknown%20significance'],64.58,0.46,0.0,-0.2,0.2
SPNS2,17,4533418,NM_001124758.3:c.1264A>C,NP_001118230.1:p.Ile422Leu,0.262,23.0,['Unknown%20significance'],23.53,0.11,0.0,-0.0,0.0
SPNS2,17,4533418,NM_001124758.3:c.1264A>G,NP_001118230.1:p.Ile422Val,0.341,22.9,['Unknown%20significance'],23.53,0.11,0.0,0.2,0.2
SPNS2,17,4533418,NM_001124758.3:c.1264A>T,NP_001118230.1:p.Ile422Phe,0.414,23.6,['Unknown%20significance'],23.53,0.11,0.0,-0.0,0.0
SPNS2,17,4533421,NM_001124758.3:c.1267G>A,NP_001118230.1:p.Val423Ile,0.053,17.64,['Unknown%20significance'],124.79,0.72,0.0,-0.0,0.0
SPNS2,17,4533421,NM_001124758.3:c.1267G>T,NP_001118230.1:p.Val423Leu,0.056,16.52,['Unknown%20significance'],124.79,0.72,0.0,-0.0,0.0
SPNS2,17,4533422,NM_001124758.3:c.1268T>G,NP_001118230.1:p.Val423Gly,0.219,22.7,['Unknown%20significance'],124.79,0.72,0.0,0.8,0.8
SPNS2,17,4533424,NM_001124758.3:c.1270G>A,NP_001118230.1:p.Gly424Arg,0.467,32,['Unknown%20significance'],13.96,0.14,0.0,-0.9,0.9
SPNS2,17,4533424,NM_001124758.3:c.1270G>C,NP_001118230.1:p.Gly424Arg,0.467,28.6,['Unknown%20significance'],13.96,0.14,0.0,-0.9,0.9
SPNS2,17,4533425,NM_001124758.3:c.1271G>T,NP_001118230.1:p.Gly424Val,0.234,23.1,['Unknown%20significance'],13.96,0.14,0.0,-2.7,2.7
SPNS2,17,4533427,NM_001124758.3:c.1273G>A,NP_001118230.1:p.Ala425Thr,0.249,21.9,['Unknown%20significance'],0.0,0.0,0.0,0.4,0.4
SPNS2,17,4533427,NM_001124758.3:c.1273G>T,NP_001118230.1:p.Ala425Ser,0.207,22.5,['Unknown%20significance'],0.0,0.0,0.0,1.3,1.3
SPNS2,17,4533428,NM_001124758.3:c.1274C>A,NP_001118230.1:p.Ala425Asp,0.554,26.2,['Unknown%20significance'],0.0,0.0,0.0,2.4,2.4
SPNS2,17,4533428,NM_001124758.3:c.1274C>T,NP_001118230.1:p.Ala425Val,0.290,23.0,['Unknown%20significance'],0.0,0.0,0.0,-1.8,1.8
SPNS2,17,4533430,NM_001124758.3:c.1276T>C,NP_001118230.1:p.Tyr426His,0.659,32,['Unknown%20significance'],18.16,0.07,0.0,2.1,2.1
SPNS2,17,4533431,NM_001124758.3:c.1277A>G,NP_001118230.1:p.Tyr426Cys,0.625,33,['Unknown%20significance'],18.16,0.07,0.0,1.2,1.2
SPNS2,17,4533431,NM_001124758.3:c.1277A>T,NP_001118230.1:p.Tyr426Phe,0.352,24.4,['Unknown%20significance'],18.16,0.07,0.0,-0.6,0.6
SPNS2,17,4533788,NM_001124758.3:c.1279A>T,NP_001118230.1:p.Ile427Phe,0.111,22.8,['Unknown%20significance'],117.88,0.6,0.0,0.2,0.2
SPNS2,17,4533790,NM_001124758.3:c.1281C>G,NP_001118230.1:p.Ile427Met,0.176,23.0,['Unknown%20significance'],117.88,0.6,0.0,0.4,0.4
SPNS2,17,4533792,NM_001124758.3:c.1283G>A,NP_001118230.1:p.Cys428Tyr,0.197,21.3,['Unknown%20significance'],10.79,0.06,0.0,-0.8,0.8
SPNS2,17,4533792,NM_001124758.3:c.1283G>C,NP_001118230.1:p.Cys428Ser,0.232,19.68,['Unknown%20significance'],10.79,0.06,0.0,1.7,1.7
SPNS2,17,4533792,NM_001124758.3:c.1283G>T,NP_001118230.1:p.Cys428Phe,0.241,16.37,['Unknown%20significance'],10.79,0.06,0.0,-1.6,1.6
SPNS2,17,4533794,NM_001124758.3:c.1285A>G,NP_001118230.1:p.Ile429Val,0.232,21.0,['Unknown%20significance'],0.0,0.0,0.0,0.3,0.3
SPNS2,17,4533795,NM_001124758.3:c.1286T>A,NP_001118230.1:p.Ile429Asn,0.442,24.2,['Unknown%20significance'],0.0,0.0,0.0,4.3,4.3
SPNS2,17,4533795,NM_001124758.3:c.1286T>G,NP_001118230.1:p.Ile429Ser,0.604,26.9,['Unknown%20significance'],0.0,0.0,0.0,4.0,4.0
SPNS2,17,4533799,NM_001124758.3:c.1290C>A,NP_001118230.1:p.Phe430Leu,0.308,23.3,['Unknown%20significance'],63.24,0.27,0.0,-0.0,0.0
SPNS2,17,4533800,NM_001124758.3:c.1291G>A,NP_001118230.1:p.Val431Ile,0.054,13.23,['Likely%20benign'],47.15,0.27,0.0,-0.2,0.2
SPNS2,17,4533800,NM_001124758.3:c.1291G>T,NP_001118230.1:p.Val431Phe,0.210,16.97,['Unknown%20significance'],47.15,0.27,0.0,-0.0,0.0
SPNS2,17,4533801,NM_001124758.3:c.1292T>C,NP_001118230.1:p.Val431Ala,0.159,23.1,['Unknown%20significance'],47.15,0.27,0.0,1.5,1.5
SPNS2,17,4533801,NM_001124758.3:c.1292T>G,NP_001118230.1:p.Val431Gly,0.333,23.7,['Unknown%20significance'],47.15,0.27,0.0,2.8,2.8
SPNS2,17,4533803,NM_001124758.3:c.1294G>A,NP_001118230.1:p.Gly432Arg,0.769,28.7,['Unknown%20significance'],0.03,0.0,0.0,-1.1,1.1
SPNS2,17,4533803,NM_001124758.3:c.1294G>T,NP_001118230.1:p.Gly432Trp,0.745,28.5,['Unknown%20significance'],0.03,0.0,0.0,-2.8,2.8
SPNS2,17,4533804,NM_001124758.3:c.1295G>C,NP_001118230.1:p.Gly432Ala,0.546,23.5,['Unknown%20significance'],0.03,0.0,0.0,-1.6,1.6
SPNS2,17,4533806,NM_001124758.3:c.1297G>C,NP_001118230.1:p.Glu433Gln,0.258,23.0,['Unknown%20significance'],0.29,0.0,0.0,-0.9,0.9
SPNS2,17,4533809,NM_001124758.3:c.1300A>T,NP_001118230.1:p.Thr434Ser,0.322,22.0,['Unknown%20significance'],11.64,0.07,0.0,0.7,0.7
SPNS2,17,4533810,NM_001124758.3:c.1301C>A,NP_001118230.1:p.Thr434Lys,0.414,23.5,['Unknown%20significance'],11.64,0.07,0.0,1.2,1.2
SPNS2,17,4533810,NM_001124758.3:c.1301C>G,NP_001118230.1:p.Thr434Arg,0.554,23.8,['Unknown%20significance'],11.64,0.07,0.0,0.1,0.1
SPNS2,17,4533810,NM_001124758.3:c.1301C>T,NP_001118230.1:p.Thr434Met,0.305,23.2,['Unknown%20significance'],11.64,0.07,0.0,-1.4,1.4
SPNS2,17,4533816,NM_001124758.3:c.1307T>G,NP_001118230.1:p.Leu436Arg,0.703,27.8,['Unknown%20significance'],0.08,0.0,0.0,2.6,2.6
SPNS2,17,4533818,NM_001124758.3:c.1309T>G,NP_001118230.1:p.Phe437Val,0.412,24.3,['Unknown%20significance'],6.74,0.02,0.0,0.3,0.3
SPNS2,17,4533826,NM_001124758.3:c.1317C>G,NP_001118230.1:p.Asn439Lys,0.291,23.6,['Unknown%20significance'],0.0,0.0,0.0,0.3,0.3
SPNS2,17,4533828,NM_001124758.3:c.1319G>C,NP_001118230.1:p.Trp440Ser,0.543,31,['Unknown%20significance'],2.13,0.0,0.0,2.7,2.7
SPNS2,17,4533830,NM_001124758.3:c.1321G>T,NP_001118230.1:p.Ala441Ser,0.250,22.8,['Unknown%20significance'],3.48,0.02,0.0,0.8,0.8
SPNS2,17,4533831,NM_001124758.3:c.1322C>T,NP_001118230.1:p.Ala441Val,0.420,25.0,['Unknown%20significance'],3.48,0.02,0.0,-1.0,1.0
SPNS2,17,4533835,NM_001124758.3:c.1326C>G,NP_001118230.1:p.Ile442Met,0.271,24.1,['Unknown%20significance'],0.0,0.0,0.0,0.6,0.6
SPNS2,17,4533837,NM_001124758.3:c.1328C>T,NP_001118230.1:p.Thr443Ile,0.171,23.0,['Unknown%20significance'],0.0,0.0,0.0,-2.0,2.0
SPNS2,17,4533839,NM_001124758.3:c.1330G>A,NP_001118230.1:p.Ala444Thr,0.198,21.4,['Unknown%20significance'],0.0,0.0,0.0,0.1,0.1
SPNS2,17,4533840,NM_001124758.3:c.1331C>T,NP_001118230.1:p.Ala444Val,0.273,23.8,['Unknown%20significance'],0.0,0.0,0.0,-1.4,1.4
SPNS2,17,4533843,NM_001124758.3:c.1334A>C,NP_001118230.1:p.Asp445Ala,0.430,26.9,['Unknown%20significance'],0.0,0.0,0.0,-2.0,2.0
SPNS2,17,4533843,NM_001124758.3:c.1334A>G,NP_001118230.1:p.Asp445Gly,0.515,27.7,['Unknown%20significance'],0.0,0.0,0.0,-0.0,0.0
SPNS2,17,4533844,NM_001124758.3:c.1335C>G,NP_001118230.1:p.Asp445Glu,0.107,21.5,['Unknown%20significance'],0.0,0.0,0.0,-0.4,0.4
SPNS2,17,4533846,NM_001124758.3:c.1337T>C,NP_001118230.1:p.Ile446Thr,0.530,27.4,['Unknown%20significance'],0.0,0.0,0.0,2.5,2.5
SPNS2,17,4533852,NM_001124758.3:c.1343T>A,NP_001118230.1:p.Met448Lys,0.389,24.5,['Unknown%20significance'],4.42,0.02,0.0,1.9,1.9
SPNS2,17,4533853,NM_001124758.3:c.1344G>A,NP_001118230.1:p.Met448Ile,0.215,34,['Unknown%20significance'],4.42,0.02,0.0,-0.3,0.3
SPNS2,17,4533853,NM_001124758.3:c.1344G>C,NP_001118230.1:p.Met448Ile,0.215,33,['Unknown%20significance'],4.42,0.02,0.0,-0.3,0.3
SPNS2,17,4536077,NM_001124758.3:c.1346A>G,NP_001118230.1:p.Tyr449Cys,0.267,23.6,['Unknown%20significance'],2.67,0.01,0.0,1.6,1.6
SPNS2,17,4536077,NM_001124758.3:c.1346A>T,NP_001118230.1:p.Tyr449Phe,0.193,16.07,['Unknown%20significance'],2.67,0.01,0.0,0.1,0.1
SPNS2,17,4536079,NM_001124758.3:c.1348G>A,NP_001118230.1:p.Val450Met,0.466,26.6,['Unknown%20significance'],0.29,0.0,0.0,0.3,0.3
SPNS2,17,4536079,NM_001124758.3:c.1348G>C,NP_001118230.1:p.Val450Leu,0.446,25.8,['Unknown%20significance'],0.29,0.0,0.0,-0.1,0.1
SPNS2,17,4536082,NM_001124758.3:c.1351G>C,NP_001118230.1:p.Val451Leu,0.325,24.0,['Unknown%20significance'],2.78,0.01,0.0,0.1,0.1
SPNS2,17,4536083,NM_001124758.3:c.1352T>C,NP_001118230.1:p.Val451Ala,0.411,26.2,['Unknown%20significance'],2.78,0.01,0.0,1.6,1.6
SPNS2,17,4536085,NM_001124758.3:c.1354A>G,NP_001118230.1:p.Ile452Val,0.182,18.45,['Unknown%20significance'],5.91,0.03,0.0,0.2,0.2
SPNS2,17,4536086,NM_001124758.3:c.1355T>C,NP_001118230.1:p.Ile452Thr,0.397,22.6,['Unknown%20significance'],5.91,0.03,0.0,0.7,0.7
SPNS2,17,4536086,NM_001124758.3:c.1355T>G,NP_001118230.1:p.Ile452Ser,0.473,24.1,['Unknown%20significance'],5.91,0.03,0.0,1.1,1.1
SPNS2,17,4536087,NM_001124758.3:c.1356C>G,NP_001118230.1:p.Ile452Met,0.223,8.521,['Unknown%20significance'],5.91,0.03,0.0,0.3,0.3
SPNS2,17,4536088,NM_001124758.3:c.1357C>T,NP_001118230.1:p.Pro453Ser,0.619,24.6,['Unknown%20significance'],31.62,0.2,0.0,0.2,0.2
SPNS2,17,4536089,NM_001124758.3:c.1358C>G,NP_001118230.1:p.Pro453Arg,0.673,25.2,['Unknown%20significance'],31.62,0.2,0.0,-0.2,0.2
SPNS2,17,4536091,NM_001124758.3:c.1360A>C,NP_001118230.1:p.Thr454Pro,0.421,24.0,['Unknown%20significance'],56.74,0.36,0.0,0.4,0.4
SPNS2,17,4536091,NM_001124758.3:c.1360A>G,NP_001118230.1:p.Thr454Ala,0.345,22.6,['Unknown%20significance'],56.74,0.36,0.0,0.2,0.2
SPNS2,17,4536092,NM_001124758.3:c.1361C>A,NP_001118230.1:p.Thr454Lys,0.322,21.7,['Unknown%20significance'],56.74,0.36,0.0,0.4,0.4
SPNS2,17,4536092,NM_001124758.3:c.1361C>G,NP_001118230.1:p.Thr454Arg,0.287,20.2,['Unknown%20significance'],56.74,0.36,0.0,-0.2,0.2
SPNS2,17,4536092,NM_001124758.3:c.1361C>T,NP_001118230.1:p.Thr454Met,0.296,24.6,['Unknown%20significance'],56.74,0.36,0.0,-0.2,0.2
SPNS2,17,4536094,NM_001124758.3:c.1363C>T,NP_001118230.1:p.Arg455Trp,0.348,22.7,['Unknown%20significance'],24.04,0.08,0.0,-0.7,0.7
SPNS2,17,4536095,NM_001124758.3:c.1364G>A,NP_001118230.1:p.Arg455Gln,0.318,26.2,['Unknown%20significance'],24.04,0.08,0.0,0.4,0.4
SPNS2,17,4536095,NM_001124758.3:c.1364G>T,NP_001118230.1:p.Arg455Leu,0.363,25.6,['Unknown%20significance'],24.04,0.08,0.0,-0.5,0.5
SPNS2,17,4536097,NM_001124758.3:c.1366C>A,NP_001118230.1:p.Arg456Ser,0.585,20.5,['Unknown%20significance'],19.88,0.07,0.0,1.2,1.2
SPNS2,17,4536097,NM_001124758.3:c.1366C>T,NP_001118230.1:p.Arg456Cys,0.672,22.6,['Unknown%20significance'],19.88,0.07,0.0,1.0,1.0
SPNS2,17,4536098,NM_001124758.3:c.1367G>A,NP_001118230.1:p.Arg456His,0.552,24.4,['Unknown%20significance'],19.88,0.07,0.0,0.5,0.5
SPNS2,17,4536098,NM_001124758.3:c.1367G>T,NP_001118230.1:p.Arg456Leu,0.759,24.6,['Unknown%20significance'],19.88,0.07,0.0,-0.2,0.2
SPNS2,17,4536100,NM_001124758.3:c.1369G>A,NP_001118230.1:p.Ala457Thr,0.266,23.9,['Unknown%20significance'],84.48,0.66,0.0,0.1,0.1
SPNS2,17,4536100,NM_001124758.3:c.1369G>T,NP_001118230.1:p.Ala457Ser,0.223,14.67,['Unknown%20significance'],84.48,0.66,0.0,0.1,0.1
SPNS2,17,4536101,NM_001124758.3:c.1370C>A,NP_001118230.1:p.Ala457Asp,0.491,23.7,['Unknown%20significance'],84.48,0.66,0.0,0.3,0.3
SPNS2,17,4536101,NM_001124758.3:c.1370C>T,NP_001118230.1:p.Ala457Val,0.447,23.7,['Unknown%20significance'],84.48,0.66,0.0,-0.0,0.0
SPNS2,17,4536103,NM_001124758.3:c.1372A>G,NP_001118230.1:p.Thr458Ala,0.560,24.6,['Unknown%20significance'],23.27,0.14,0.0,0.3,0.3
SPNS2,17,4536104,NM_001124758.3:c.1373C>T,NP_001118230.1:p.Thr458Ile,0.581,24.3,['Unknown%20significance'],23.27,0.14,0.0,-0.9,0.9
SPNS2,17,4536106,NM_001124758.3:c.1375G>A,NP_001118230.1:p.Ala459Thr,0.584,25.5,['Unknown%20significance'],0.0,0.0,0.0,0.2,0.2
SPNS2,17,4536106,NM_001124758.3:c.1375G>T,NP_001118230.1:p.Ala459Ser,0.481,24.8,['Unknown%20significance'],0.0,0.0,0.0,0.9,0.9
SPNS2,17,4536107,NM_001124758.3:c.1376C>T,NP_001118230.1:p.Ala459Val,0.429,23.4,['Unknown%20significance'],0.0,0.0,0.0,-1.3,1.3
SPNS2,17,4536109,NM_001124758.3:c.1378G>A,NP_001118230.1:p.Val460Met,0.263,26.0,['Unknown%20significance'],14.51,0.08,0.0,0.2,0.2
SPNS2,17,4536109,NM_001124758.3:c.1378G>C,NP_001118230.1:p.Val460Leu,0.178,22.6,['Unknown%20significance'],14.51,0.08,0.0,-0.2,0.2
SPNS2,17,4536110,NM_001124758.3:c.1379T>C,NP_001118230.1:p.Val460Ala,0.178,20.2,['Unknown%20significance'],14.51,0.08,0.0,1.6,1.6
SPNS2,17,4536112,NM_001124758.3:c.1381G>T,NP_001118230.1:p.Ala461Ser,0.330,24.5,['Unknown%20significance'],56.48,0.44,0.0,0.4,0.4
SPNS2,17,4536113,NM_001124758.3:c.1382C>T,NP_001118230.1:p.Ala461Val,0.497,23.7,['Unknown%20significance'],56.48,0.44,0.0,-0.1,0.1
SPNS2,17,4536116,NM_001124758.3:c.1385T>C,NP_001118230.1:p.Leu462Ser,0.532,29.3,['Unknown%20significance'],31.05,0.16,0.0,2.6,2.6
SPNS2,17,4536116,NM_001124758.3:c.1385T>G,NP_001118230.1:p.Leu462Trp,0.365,25.0,['Unknown%20significance'],31.05,0.16,0.0,0.7,0.7
SPNS2,17,4536117,NM_001124758.3:c.1386G>T,NP_001118230.1:p.Leu462Phe,0.076,17.47,['Unknown%20significance'],31.05,0.16,0.0,0.2,0.2
SPNS2,17,4536118,NM_001124758.3:c.1387C>A,NP_001118230.1:p.Gln463Lys,0.547,26.2,['Unknown%20significance'],0.0,0.0,0.0,0.9,0.9
SPNS2,17,4536121,NM_001124758.3:c.1390A>C,NP_001118230.1:p.Ser464Arg,0.406,27.1,['Unknown%20significance'],17.67,0.12,0.0,-0.4,0.4
SPNS2,17,4536121,NM_001124758.3:c.1390A>G,NP_001118230.1:p.Ser464Gly,0.094,24.4,['Unknown%20significance'],17.67,0.12,0.0,0.6,0.6
SPNS2,17,4536122,NM_001124758.3:c.1391G>A,NP_001118230.1:p.Ser464Asn,0.109,24.2,['Unknown%20significance'],17.67,0.12,0.0,0.1,0.1
SPNS2,17,4536122,NM_001124758.3:c.1391G>C,NP_001118230.1:p.Ser464Thr,0.083,24.1,['Unknown%20significance'],17.67,0.12,0.0,-0.6,0.6
SPNS2,17,4536122,NM_001124758.3:c.1391G>T,NP_001118230.1:p.Ser464Ile,0.209,22.1,['Unknown%20significance'],17.67,0.12,0.0,-1.8,1.8
SPNS2,17,4536124,NM_001124758.3:c.1393T>C,NP_001118230.1:p.Phe465Leu,0.175,22.7,['Unknown%20significance'],116.42,0.5,0.0,0.0,0.0
SPNS2,17,4536127,NM_001124758.3:c.1396A>C,NP_001118230.1:p.Thr466Pro,0.481,31,['Unknown%20significance'],26.62,0.16,0.0,0.9,0.9
SPNS2,17,4536128,NM_001124758.3:c.1397C>A,NP_001118230.1:p.Thr466Asn,0.110,23.5,['Unknown%20significance'],26.62,0.16,0.0,0.9,0.9
SPNS2,17,4536128,NM_001124758.3:c.1397C>T,NP_001118230.1:p.Thr466Ile,0.160,21.6,['Unknown%20significance'],26.62,0.16,0.0,-1.6,1.6
SPNS2,17,4536131,NM_001124758.3:c.1400C>G,NP_001118230.1:p.Ser467Cys,0.378,23.3,['Unknown%20significance'],0.0,0.0,0.0,-1.0,1.0
SPNS2,17,4536131,NM_001124758.3:c.1400C>T,NP_001118230.1:p.Ser467Phe,0.585,28.8,['Unknown%20significance'],0.0,0.0,0.0,-2.3,2.3
SPNS2,17,4536133,NM_001124758.3:c.1402C>T,NP_001118230.1:p.His468Tyr,0.597,26.4,['Unknown%20significance'],0.05,0.0,0.0,-1.7,1.7
SPNS2,17,4536137,NM_001124758.3:c.1406T>C,NP_001118230.1:p.Leu469Pro,0.818,32,['Unknown%20significance'],90.18,0.46,0.0,1.4,1.4
SPNS2,17,4536142,NM_001124758.3:c.1411G>A,NP_001118230.1:p.Gly471Arg,0.793,31,['Unknown%20significance'],0.0,0.0,0.0,-0.3,0.3
SPNS2,17,4536143,NM_001124758.3:c.1412G>A,NP_001118230.1:p.Gly471Glu,0.728,26.9,['Unknown%20significance'],0.0,0.0,0.0,1.0,1.0
SPNS2,17,4536145,NM_001124758.3:c.1414G>C,NP_001118230.1:p.Asp472His,0.768,29.5,['Unknown%20significance'],1.51,0.0,0.0,-1.4,1.4
SPNS2,17,4536148,NM_001124758.3:c.1417G>A,NP_001118230.1:p.Ala473Thr,0.602,27.7,['Unknown%20significance'],1.97,0.01,0.0,0.1,0.1
SPNS2,17,4536148,NM_001124758.3:c.1417G>T,NP_001118230.1:p.Ala473Ser,0.528,26.5,['Unknown%20significance'],1.97,0.01,0.0,0.8,0.8
SPNS2,17,4536149,NM_001124758.3:c.1418C>G,NP_001118230.1:p.Ala473Gly,0.599,25.7,['Unknown%20significance'],1.97,0.01,0.0,1.6,1.6
SPNS2,17,4536151,NM_001124758.3:c.1420G>A,NP_001118230.1:p.Gly474Arg,0.348,23.1,['Unknown%20significance'],30.11,0.31,0.0,-1.0,1.0
SPNS2,17,4536151,NM_001124758.3:c.1420G>T,NP_001118230.1:p.Gly474Trp,0.516,25.3,['Unknown%20significance'],30.11,0.31,0.0,-2.0,2.0
SPNS2,17,4536152,NM_001124758.3:c.1421G>A,NP_001118230.1:p.Gly474Glu,0.546,26.3,['Unknown%20significance'],30.11,0.31,0.0,-0.1,0.1
SPNS2,17,4536152,NM_001124758.3:c.1421G>C,NP_001118230.1:p.Gly474Ala,0.340,25.0,['Unknown%20significance'],30.11,0.31,0.0,-1.0,1.0
SPNS2,17,4536154,NM_001124758.3:c.1423A>G,NP_001118230.1:p.Ser475Gly,0.321,26.5,['Unknown%20significance'],0.0,0.0,0.0,0.1,0.1
SPNS2,17,4536154,NM_001124758.3:c.1423A>T,NP_001118230.1:p.Ser475Cys,0.655,28.4,['Unknown%20significance'],0.0,0.0,0.0,-1.0,1.0
SPNS2,17,4536155,NM_001124758.3:c.1424G>C,NP_001118230.1:p.Ser475Thr,0.538,27.3,['Unknown%20significance'],0.0,0.0,0.0,-0.6,0.6
SPNS2,17,4536155,NM_001124758.3:c.1424G>T,NP_001118230.1:p.Ser475Ile,0.648,28.7,['Unknown%20significance'],0.0,0.0,0.0,-2.1,2.1
SPNS2,17,4536158,NM_001124758.3:c.1427C>G,NP_001118230.1:p.Pro476Arg,0.743,26.4,['Unknown%20significance'],0.0,0.0,0.0,0.2,0.2
SPNS2,17,4536160,NM_001124758.3:c.1429T>C,NP_001118230.1:p.Tyr477His,0.673,29.7,['Unknown%20significance'],68.51,0.28,0.0,1.2,1.2
SPNS2,17,4536161,NM_001124758.3:c.1430A>G,NP_001118230.1:p.Tyr477Cys,0.674,31,['Unknown%20significance'],68.51,0.28,0.0,0.9,0.9
SPNS2,17,4536163,NM_001124758.3:c.1432C>G,NP_001118230.1:p.Leu478Val,0.331,23.6,['Unknown%20significance'],66.71,0.34,0.0,0.2,0.2
SPNS2,17,4536163,NM_001124758.3:c.1432C>T,NP_001118230.1:p.Leu478Phe,0.497,25.8,['Unknown%20significance'],66.71,0.34,0.0,0.3,0.3
SPNS2,17,4536166,NM_001124758.3:c.1435A>G,NP_001118230.1:p.Ile479Val,0.100,21.1,['Unknown%20significance'],0.0,0.0,0.0,0.1,0.1
SPNS2,17,4536167,NM_001124758.3:c.1436T>C,NP_001118230.1:p.Ile479Thr,0.327,23.1,['Unknown%20significance'],0.0,0.0,0.0,2.5,2.5
SPNS2,17,4536167,NM_001124758.3:c.1436T>G,NP_001118230.1:p.Ile479Ser,0.514,29.1,['Unknown%20significance'],0.0,0.0,0.0,3.4,3.4
SPNS2,17,4536169,NM_001124758.3:c.1438G>A,NP_001118230.1:p.Gly480Ser,0.674,26.6,['Unknown%20significance'],0.0,0.0,0.0,0.4,0.4
SPNS2,17,4536170,NM_001124758.3:c.1439G>A,NP_001118230.1:p.Gly480Asp,0.802,28.2,['Unknown%20significance'],0.0,0.0,0.0,1.5,1.5
SPNS2,17,4536172,NM_001124758.3:c.1441T>C,NP_001118230.1:p.Phe481Leu,0.083,18.25,['Unknown%20significance'],86.01,0.37,0.0,0.1,0.1
SPNS2,17,4536173,NM_001124758.3:c.1442T>G,NP_001118230.1:p.Phe481Cys,0.305,24.9,['Unknown%20significance'],86.01,0.37,0.0,1.3,1.3
SPNS2,17,4536263,NM_001124758.3:c.1444A>C,NP_001118230.1:p.Ile482Leu,0.234,23.7,['Unknown%20significance'],48.4,0.24,0.0,-0.1,0.1
SPNS2,17,4536263,NM_001124758.3:c.1444A>G,NP_001118230.1:p.Ile482Val,0.277,21.8,['Unknown%20significance'],48.4,0.24,0.0,0.4,0.4
SPNS2,17,4536264,NM_001124758.3:c.1445T>C,NP_001118230.1:p.Ile482Thr,0.651,29.1,['Unknown%20significance'],48.4,0.24,0.0,1.7,1.7
SPNS2,17,4536267,NM_001124758.3:c.1448C>T,NP_001118230.1:p.Ser483Leu,0.666,27.5,['Unknown%20significance'],0.0,0.0,0.0,-2.6,2.6
SPNS2,17,4536269,NM_001124758.3:c.1450G>C,NP_001118230.1:p.Asp484His,0.665,27.4,['Unknown%20significance'],3.28,0.02,0.0,-0.7,0.7
SPNS2,17,4536270,NM_001124758.3:c.1451A>G,NP_001118230.1:p.Asp484Gly,0.560,24.6,['Unknown%20significance'],3.28,0.02,0.0,0.6,0.6
SPNS2,17,4536272,NM_001124758.3:c.1453C>G,NP_001118230.1:p.Leu485Val,0.042,17.40,['Likely%20benign'],77.05,0.39,0.0,0.1,0.1
SPNS2,17,4536273,NM_001124758.3:c.1454T>A,NP_001118230.1:p.Leu485Gln,0.116,22.4,['Unknown%20significance'],77.05,0.39,0.0,0.8,0.8
SPNS2,17,4536276,NM_001124758.3:c.1457T>C,NP_001118230.1:p.Ile486Thr,0.418,24.5,['Unknown%20significance'],40.83,0.2,0.0,0.9,0.9
SPNS2,17,4536278,NM_001124758.3:c.1459C>G,NP_001118230.1:p.Arg487Gly,0.142,23.3,['Unknown%20significance'],7.69,0.02,0.0,0.9,0.9
SPNS2,17,4536278,NM_001124758.3:c.1459C>T,NP_001118230.1:p.Arg487Cys,0.114,23.7,['Unknown%20significance'],7.69,0.02,0.0,0.5,0.5
SPNS2,17,4536279,NM_001124758.3:c.1460G>A,NP_001118230.1:p.Arg487His,0.103,24.6,['Unknown%20significance'],7.69,0.02,0.0,0.1,0.1
SPNS2,17,4536279,NM_001124758.3:c.1460G>C,NP_001118230.1:p.Arg487Pro,0.175,29.2,['Unknown%20significance'],7.69,0.02,0.0,1.2,1.2
SPNS2,17,4536279,NM_001124758.3:c.1460G>T,NP_001118230.1:p.Arg487Leu,0.107,23.3,['Unknown%20significance'],7.69,0.02,0.0,-0.3,0.3
SPNS2,17,4536282,NM_001124758.3:c.1463A>G,NP_001118230.1:p.Gln488Arg,0.150,22.4,['Unknown%20significance'],132.49,0.66,0.0,-0.2,0.2
SPNS2,17,4536283,NM_001124758.3:c.1464G>C,NP_001118230.1:p.Gln488His,0.061,22.6,['Unknown%20significance'],132.49,0.66,0.0,-0.1,0.1
SPNS2,17,4536284,NM_001124758.3:c.1465A>G,NP_001118230.1:p.Ser489Gly,0.097,22.6,['Unknown%20significance'],118.27,0.85,0.0,0.2,0.2
SPNS2,17,4536284,NM_001124758.3:c.1465A>T,NP_001118230.1:p.Ser489Cys,0.251,27.2,['Unknown%20significance'],118.27,0.85,0.0,0.1,0.1
SPNS2,17,4536285,NM_001124758.3:c.1466G>A,NP_001118230.1:p.Ser489Asn,0.063,22.5,['Unknown%20significance'],118.27,0.85,0.0,0.0,0.0
SPNS2,17,4536286,NM_001124758.3:c.1467C>A,NP_001118230.1:p.Ser489Arg,0.191,19.35,['Unknown%20significance'],118.27,0.85,0.0,-0.1,0.1
SPNS2,17,4536287,NM_001124758.3:c.1468A>G,NP_001118230.1:p.Thr490Ala,0.050,20.5,['Unknown%20significance'],44.63,0.28,0.0,0.2,0.2
SPNS2,17,4536287,NM_001124758.3:c.1468A>T,NP_001118230.1:p.Thr490Ser,0.046,19.89,['Unknown%20significance'],44.63,0.28,0.0,0.3,0.3
SPNS2,17,4536288,NM_001124758.3:c.1469C>T,NP_001118230.1:p.Thr490Ile,0.072,21.4,['Unknown%20significance'],44.63,0.28,0.0,-0.4,0.4
SPNS2,17,4536290,NM_001124758.3:c.1471A>G,NP_001118230.1:p.Lys491Glu,0.064,22.7,['Likely%20benign'],189.53,0.8,0.0,-0.0,0.0
SPNS2,17,4536291,NM_001124758.3:c.1472A>G,NP_001118230.1:p.Lys491Arg,0.104,22.9,['Likely%20benign'],189.53,0.8,0.0,-0.3,0.3
SPNS2,17,4536292,NM_001124758.3:c.1473G>C,NP_001118230.1:p.Lys491Asn,0.061,23.1,['Likely%20benign'],189.53,0.8,0.0,-0.1,0.1
SPNS2,17,4536293,NM_001124758.3:c.1474G>A,NP_001118230.1:p.Asp492Asn,0.023,23.5,['Unknown%20significance'],67.64,0.42,0.0,-0.2,0.2
SPNS2,17,4536294,NM_001124758.3:c.1475A>G,NP_001118230.1:p.Asp492Gly,0.090,25.7,['Unknown%20significance'],67.64,0.42,0.0,-0.1,0.1
SPNS2,17,4536295,NM_001124758.3:c.1476C>A,NP_001118230.1:p.Asp492Glu,0.051,21.2,['Likely%20benign'],67.64,0.42,0.0,-0.0,0.0
SPNS2,17,4536297,NM_001124758.3:c.1478C>A,NP_001118230.1:p.Ser493Tyr,0.382,24.3,['Unknown%20significance'],46.24,0.33,0.0,-0.7,0.7
SPNS2,17,4536297,NM_001124758.3:c.1478C>T,NP_001118230.1:p.Ser493Phe,0.485,28.0,['Unknown%20significance'],46.24,0.33,0.0,-0.5,0.5
SPNS2,17,4536299,NM_001124758.3:c.1480C>G,NP_001118230.1:p.Pro494Ala,0.036,17.42,['Likely%20benign'],65.93,0.41,0.0,0.0,0.0
SPNS2,17,4536300,NM_001124758.3:c.1481C>G,NP_001118230.1:p.Pro494Arg,0.089,18.07,['Likely%20benign'],65.93,0.41,0.0,-0.2,0.2
SPNS2,17,4536300,NM_001124758.3:c.1481C>T,NP_001118230.1:p.Pro494Leu,0.101,17.06,['Unknown%20significance'],65.93,0.41,0.0,-0.4,0.4
SPNS2,17,4536302,NM_001124758.3:c.1483C>T,NP_001118230.1:p.Leu495Phe,0.062,22.8,['Unknown%20significance'],86.09,0.44,0.0,0.0,0.0
SPNS2,17,4536303,NM_001124758.3:c.1484T>C,NP_001118230.1:p.Leu495Pro,0.438,25.8,['Unknown%20significance'],86.09,0.44,0.0,0.9,0.9
SPNS2,17,4536305,NM_001124758.3:c.1486T>C,NP_001118230.1:p.Trp496Arg,0.439,24.0,['Unknown%20significance'],71.92,0.27,0.0,1.2,1.2
SPNS2,17,4536306,NM_001124758.3:c.1487G>C,NP_001118230.1:p.Trp496Ser,0.292,24.2,['Unknown%20significance'],71.92,0.27,0.0,1.8,1.8
SPNS2,17,4536307,NM_001124758.3:c.1488G>T,NP_001118230.1:p.Trp496Cys,0.415,32,['Unknown%20significance'],71.92,0.27,0.0,1.4,1.4
SPNS2,17,4536308,NM_001124758.3:c.1489G>A,NP_001118230.1:p.Glu497Lys,0.052,23.5,['Unknown%20significance'],45.33,0.23,0.0,-0.0,0.0
SPNS2,17,4536308,NM_001124758.3:c.1489G>C,NP_001118230.1:p.Glu497Gln,0.046,23.4,['Unknown%20significance'],45.33,0.23,0.0,-0.5,0.5
SPNS2,17,4536310,NM_001124758.3:c.1491G>T,NP_001118230.1:p.Glu497Asp,0.073,22.5,['Unknown%20significance'],45.33,0.23,0.0,0.2,0.2
SPNS2,17,4536311,NM_001124758.3:c.1492T>G,NP_001118230.1:p.Phe498Val,0.585,26.0,['Unknown%20significance'],1.63,0.0,0.0,0.4,0.4
SPNS2,17,4536314,NM_001124758.3:c.1495C>G,NP_001118230.1:p.Leu499Val,0.139,22.7,['Unknown%20significance'],23.49,0.12,0.0,0.1,0.1
SPNS2,17,4536315,NM_001124758.3:c.1496T>C,NP_001118230.1:p.Leu499Pro,0.338,26.1,['Unknown%20significance'],23.49,0.12,0.0,1.4,1.4
SPNS2,17,4536315,NM_001124758.3:c.1496T>G,NP_001118230.1:p.Leu499Arg,0.226,23.1,['Unknown%20significance'],23.49,0.12,0.0,0.7,0.7
SPNS2,17,4536317,NM_001124758.3:c.1498A>G,NP_001118230.1:p.Ser500Gly,0.225,25.3,['Unknown%20significance'],0.0,0.0,0.0,0.6,0.6
SPNS2,17,4536320,NM_001124758.3:c.1501C>A,NP_001118230.1:p.Leu501Met,0.257,24.3,['Unknown%20significance'],0.0,0.0,0.0,0.7,0.7
SPNS2,17,4536321,NM_001124758.3:c.1502T>C,NP_001118230.1:p.Leu501Pro,0.806,32,['Unknown%20significance'],0.0,0.0,0.0,3.2,3.2
SPNS2,17,4536323,NM_001124758.3:c.1504G>A,NP_001118230.1:p.Gly502Ser,0.224,23.9,['Unknown%20significance'],0.84,0.0,0.0,-0.6,0.6
SPNS2,17,4536323,NM_001124758.3:c.1504G>T,NP_001118230.1:p.Gly502Cys,0.426,32,['Unknown%20significance'],0.84,0.0,0.0,-1.0,1.0
SPNS2,17,4536324,NM_001124758.3:c.1505G>T,NP_001118230.1:p.Gly502Val,0.390,23.2,['Unknown%20significance'],0.84,0.0,0.0,-2.1,2.1
SPNS2,17,4536326,NM_001124758.3:c.1507T>A,NP_001118230.1:p.Tyr503Asn,0.485,25.5,['Unknown%20significance'],92.64,0.38,0.0,1.5,1.5
SPNS2,17,4536327,NM_001124758.3:c.1508A>T,NP_001118230.1:p.Tyr503Phe,0.186,23.0,['Unknown%20significance'],92.64,0.38,0.0,-0.0,0.0
SPNS2,17,4536329,NM_001124758.3:c.1510G>A,NP_001118230.1:p.Ala504Thr,0.365,27.6,['Unknown%20significance'],0.03,0.0,0.0,0.6,0.6
SPNS2,17,4536329,NM_001124758.3:c.1510G>T,NP_001118230.1:p.Ala504Ser,0.181,21.3,['Unknown%20significance'],0.03,0.0,0.0,1.2,1.2
SPNS2,17,4536330,NM_001124758.3:c.1511C>A,NP_001118230.1:p.Ala504Glu,0.634,26.0,['Unknown%20significance'],0.03,0.0,0.0,1.8,1.8
SPNS2,17,4536330,NM_001124758.3:c.1511C>T,NP_001118230.1:p.Ala504Val,0.390,25.9,['Unknown%20significance'],0.03,0.0,0.0,-1.1,1.1
SPNS2,17,4536332,NM_001124758.3:c.1513C>T,NP_001118230.1:p.Leu505Phe,0.250,18.96,['Unknown%20significance'],0.0,0.0,0.0,-0.1,0.1
SPNS2,17,4536335,NM_001124758.3:c.1516A>C,NP_001118230.1:p.Met506Leu,0.180,19.75,['Unknown%20significance'],52.3,0.24,0.0,-0.4,0.4
SPNS2,17,4536335,NM_001124758.3:c.1516A>G,NP_001118230.1:p.Met506Val,0.347,22.2,['Unknown%20significance'],52.3,0.24,0.0,-0.2,0.2
SPNS2,17,4536336,NM_001124758.3:c.1517T>C,NP_001118230.1:p.Met506Thr,0.428,23.0,['Unknown%20significance'],52.3,0.24,0.0,1.0,1.0
SPNS2,17,4536337,NM_001124758.3:c.1518G>A,NP_001118230.1:p.Met506Ile,0.354,22.7,['Unknown%20significance'],52.3,0.24,0.0,-0.4,0.4
SPNS2,17,4536338,NM_001124758.3:c.1519C>G,NP_001118230.1:p.Leu507Val,0.109,21.3,['Unknown%20significance'],58.77,0.3,0.0,0.2,0.2
SPNS2,17,4536338,NM_001124758.3:c.1519C>T,NP_001118230.1:p.Leu507Phe,0.273,23.7,['Unknown%20significance'],58.77,0.3,0.0,0.1,0.1
SPNS2,17,4536342,NM_001124758.3:c.1523G>A,NP_001118230.1:p.Cys508Tyr,0.545,24.9,['Unknown%20significance'],0.0,0.0,0.0,-0.9,0.9
SPNS2,17,4536342,NM_001124758.3:c.1523G>T,NP_001118230.1:p.Cys508Phe,0.551,25.1,['Unknown%20significance'],0.0,0.0,0.0,-1.4,1.4
SPNS2,17,4536344,NM_001124758.3:c.1525C>G,NP_001118230.1:p.Pro509Ala,0.145,16.16,['Unknown%20significance'],0.3,0.0,0.0,-1.2,1.2
SPNS2,17,4536344,NM_001124758.3:c.1525C>T,NP_001118230.1:p.Pro509Ser,0.184,21.1,['Unknown%20significance'],0.3,0.0,0.0,0.1,0.1
SPNS2,17,4536347,NM_001124758.3:c.1528T>C,NP_001118230.1:p.Phe510Leu,0.451,24.2,['Unknown%20significance'],146.67,0.63,0.0,-0.1,0.1
SPNS2,17,4536348,NM_001124758.3:c.1529T>C,NP_001118230.1:p.Phe510Ser,0.674,27.2,['Unknown%20significance'],146.67,0.63,0.0,0.9,0.9
SPNS2,17,4536349,NM_001124758.3:c.1530C>A,NP_001118230.1:p.Phe510Leu,0.340,17.25,['Unknown%20significance'],146.67,0.63,0.0,-0.1,0.1
SPNS2,17,4536349,NM_001124758.3:c.1530C>G,NP_001118230.1:p.Phe510Leu,0.340,16.38,['Unknown%20significance'],146.67,0.63,0.0,-0.1,0.1
SPNS2,17,4536350,NM_001124758.3:c.1531G>A,NP_001118230.1:p.Val511Ile,0.101,16.48,['Unknown%20significance'],25.06,0.14,0.0,-0.2,0.2
SPNS2,17,4536350,NM_001124758.3:c.1531G>C,NP_001118230.1:p.Val511Leu,0.157,22.3,['Unknown%20significance'],25.06,0.14,0.0,-0.2,0.2
SPNS2,17,4536353,NM_001124758.3:c.1534G>A,NP_001118230.1:p.Val512Met,0.054,21.4,['Unknown%20significance'],0.0,0.0,0.0,0.7,0.7
SPNS2,17,4536353,NM_001124758.3:c.1534G>C,NP_001118230.1:p.Val512Leu,0.068,18.67,['Unknown%20significance'],0.0,0.0,0.0,-0.3,0.3
SPNS2,17,4536353,NM_001124758.3:c.1534G>T,NP_001118230.1:p.Val512Leu,0.068,19.02,['Unknown%20significance'],0.0,0.0,0.0,-0.3,0.3
SPNS2,17,4536354,NM_001124758.3:c.1535T>C,NP_001118230.1:p.Val512Ala,0.101,17.10,['Unknown%20significance'],0.0,0.0,0.0,2.2,2.2
SPNS2,17,4536354,NM_001124758.3:c.1535T>G,NP_001118230.1:p.Val512Gly,0.180,20.7,['Unknown%20significance'],0.0,0.0,0.0,4.5,4.5
SPNS2,17,4536357,NM_001124758.3:c.1538T>C,NP_001118230.1:p.Val513Ala,0.173,21.2,['Unknown%20significance'],54.63,0.31,0.0,1.4,1.4
SPNS2,17,4536359,NM_001124758.3:c.1540C>G,NP_001118230.1:p.Leu514Val,0.098,17.90,['Unknown%20significance'],96.31,0.49,0.0,0.1,0.1
SPNS2,17,4536360,NM_001124758.3:c.1541T>G,NP_001118230.1:p.Leu514Arg,0.774,26.5,['Unknown%20significance'],96.31,0.49,0.0,1.3,1.3
SPNS2,17,4536362,NM_001124758.3:c.1543G>T,NP_001118230.1:p.Gly515Cys,0.671,26.9,['Unknown%20significance'],0.0,0.0,0.0,-1.8,1.8
SPNS2,17,4536363,NM_001124758.3:c.1544G>T,NP_001118230.1:p.Gly515Val,0.624,25.6,['Unknown%20significance'],0.0,0.0,0.0,-3.2,3.2
SPNS2,17,4536365,NM_001124758.3:c.1546G>A,NP_001118230.1:p.Gly516Ser,0.401,25.6,['Unknown%20significance'],0.0,0.0,0.0,-0.6,0.6
SPNS2,17,4536365,NM_001124758.3:c.1546G>T,NP_001118230.1:p.Gly516Cys,0.546,26.5,['Unknown%20significance'],0.0,0.0,0.0,-2.0,2.0
SPNS2,17,4536366,NM_001124758.3:c.1547G>A,NP_001118230.1:p.Gly516Asp,0.614,24.2,['Unknown%20significance'],0.0,0.0,0.0,0.8,0.8
SPNS2,17,4536366,NM_001124758.3:c.1547G>T,NP_001118230.1:p.Gly516Val,0.480,22.7,['Unknown%20significance'],0.0,0.0,0.0,-3.6,3.6
SPNS2,17,4536368,NM_001124758.3:c.1549A>G,NP_001118230.1:p.Met517Val,0.163,15.49,['Unknown%20significance'],103.48,0.47,0.0,-0.4,0.4
SPNS2,17,4536368,NM_001124758.3:c.1549A>T,NP_001118230.1:p.Met517Leu,0.175,16.18,['Unknown%20significance'],103.48,0.47,0.0,-0.5,0.5
SPNS2,17,4536369,NM_001124758.3:c.1550T>C,NP_001118230.1:p.Met517Thr,0.223,18.38,['Unknown%20significance'],103.48,0.47,0.0,0.8,0.8
SPNS2,17,4536370,NM_001124758.3:c.1551G>A,NP_001118230.1:p.Met517Ile,0.150,19.53,['Unknown%20significance'],103.48,0.47,0.0,-0.5,0.5
SPNS2,17,4536370,NM_001124758.3:c.1551G>C,NP_001118230.1:p.Met517Ile,0.150,19.25,['Unknown%20significance'],103.48,0.47,0.0,-0.5,0.5
SPNS2,17,4536371,NM_001124758.3:c.1552T>C,NP_001118230.1:p.Phe518Leu,0.195,23.9,['Unknown%20significance'],41.36,0.18,0.0,-0.3,0.3
SPNS2,17,4536372,NM_001124758.3:c.1553T>C,NP_001118230.1:p.Phe518Ser,0.298,23.0,['Unknown%20significance'],41.36,0.18,0.0,2.8,2.8
SPNS2,17,4536374,NM_001124758.3:c.1555T>C,NP_001118230.1:p.Phe519Leu,0.471,26.8,['Unknown%20significance'],0.0,0.0,0.0,-0.2,0.2
SPNS2,17,4536374,NM_001124758.3:c.1555T>G,NP_001118230.1:p.Phe519Val,0.537,26.0,['Unknown%20significance'],0.0,0.0,0.0,0.3,0.3
SPNS2,17,4536377,NM_001124758.3:c.1558C>G,NP_001118230.1:p.Leu520Val,0.274,23.0,['Unknown%20significance'],61.74,0.32,0.0,0.3,0.3
SPNS2,17,4536377,NM_001124758.3:c.1558C>T,NP_001118230.1:p.Leu520Phe,0.199,18.02,['Unknown%20significance'],61.74,0.32,0.0,0.2,0.2
SPNS2,17,4536380,NM_001124758.3:c.1561G>A,NP_001118230.1:p.Ala521Thr,0.163,21.4,['Likely%20benign'],19.41,0.15,0.0,0.3,0.3
SPNS2,17,4536380,NM_001124758.3:c.1561G>T,NP_001118230.1:p.Ala521Ser,0.202,20.8,['Unknown%20significance'],19.41,0.15,0.0,1.1,1.1
SPNS2,17,4536381,NM_001124758.3:c.1562C>T,NP_001118230.1:p.Ala521Val,0.064,17.77,['Unknown%20significance'],19.41,0.15,0.0,-1.4,1.4
SPNS2,17,4536383,NM_001124758.3:c.1564A>C,NP_001118230.1:p.Thr522Pro,0.471,25.7,['Unknown%20significance'],0.0,0.0,0.0,1.0,1.0
SPNS2,17,4536383,NM_001124758.3:c.1564A>G,NP_001118230.1:p.Thr522Ala,0.264,21.6,['Unknown%20significance'],0.0,0.0,0.0,-0.4,0.4
SPNS2,17,4536384,NM_001124758.3:c.1565C>G,NP_001118230.1:p.Thr522Ser,0.142,19.58,['Unknown%20significance'],0.0,0.0,0.0,0.9,0.9
SPNS2,17,4536384,NM_001124758.3:c.1565C>T,NP_001118230.1:p.Thr522Ile,0.298,23.0,['Unknown%20significance'],0.0,0.0,0.0,-2.5,2.5
SPNS2,17,4536386,NM_001124758.3:c.1567G>A,NP_001118230.1:p.Ala523Thr,0.282,23.2,['Unknown%20significance'],0.49,0.0,0.0,0.3,0.3
SPNS2,17,4536386,NM_001124758.3:c.1567G>T,NP_001118230.1:p.Ala523Ser,0.232,19.84,['Unknown%20significance'],0.49,0.0,0.0,1.1,1.1
SPNS2,17,4536387,NM_001124758.3:c.1568C>A,NP_001118230.1:p.Ala523Glu,0.387,23.0,['Unknown%20significance'],0.49,0.0,0.0,1.4,1.4
SPNS2,17,4536387,NM_001124758.3:c.1568C>T,NP_001118230.1:p.Ala523Val,0.289,21.1,['Unknown%20significance'],0.49,0.0,0.0,-1.6,1.6
SPNS2,17,4536389,NM_001124758.3:c.1570C>T,NP_001118230.1:p.Leu524Phe,0.135,18.13,['Unknown%20significance'],114.18,0.59,0.0,-0.0,0.0
SPNS2,17,4536390,NM_001124758.3:c.1571T>C,NP_001118230.1:p.Leu524Pro,0.403,26.2,['Unknown%20significance'],114.18,0.59,0.0,1.2,1.2
SPNS2,17,4536392,NM_001124758.3:c.1573T>C,NP_001118230.1:p.Phe525Leu,0.182,23.7,['Unknown%20significance'],57.75,0.25,0.0,0.2,0.2
SPNS2,17,4536394,NM_001124758.3:c.1575C>A,NP_001118230.1:p.Phe525Leu,0.139,23.4,['Unknown%20significance'],57.75,0.25,0.0,0.2,0.2
SPNS2,17,4536395,NM_001124758.3:c.1576T>A,NP_001118230.1:p.Phe526Ile,0.172,18.78,['Unknown%20significance'],1.11,0.0,0.0,0.4,0.4
SPNS2,17,4536395,NM_001124758.3:c.1576T>G,NP_001118230.1:p.Phe526Val,0.091,22.2,['Unknown%20significance'],1.11,0.0,0.0,0.7,0.7
SPNS2,17,4536397,NM_001124758.3:c.1578C>A,NP_001118230.1:p.Phe526Leu,0.152,19.86,['Unknown%20significance'],1.11,0.0,0.0,0.3,0.3
SPNS2,17,4536397,NM_001124758.3:c.1578C>G,NP_001118230.1:p.Phe526Leu,0.151,21.9,['Unknown%20significance'],1.11,0.0,0.0,0.3,0.3
SPNS2,17,4536398,NM_001124758.3:c.1579G>A,NP_001118230.1:p.Val527Ile,0.065,16.69,['Unknown%20significance'],57.75,0.33,0.0,-0.2,0.2
SPNS2,17,4536398,NM_001124758.3:c.1579G>C,NP_001118230.1:p.Val527Leu,0.081,16.78,['Likely%20benign'],57.75,0.33,0.0,-0.2,0.2
SPNS2,17,4536398,NM_001124758.3:c.1579G>T,NP_001118230.1:p.Val527Phe,0.052,22.5,['Unknown%20significance'],57.75,0.33,0.0,-0.3,0.3
SPNS2,17,4536399,NM_001124758.3:c.1580T>C,NP_001118230.1:p.Val527Ala,0.061,20.4,['Unknown%20significance'],57.75,0.33,0.0,0.8,0.8
SPNS2,17,4536402,NM_001124758.3:c.1583G>A,NP_001118230.1:p.Ser528Asn,0.072,20.7,['Unknown%20significance'],42.92,0.31,0.0,-0.0,0.0
SPNS2,17,4536402,NM_001124758.3:c.1583G>T,NP_001118230.1:p.Ser528Ile,0.041,22.5,['Unknown%20significance'],42.92,0.31,0.0,-1.0,1.0
SPNS2,17,4536403,NM_001124758.3:c.1584C>A,NP_001118230.1:p.Ser528Arg,0.056,1.378,['Likely%20benign'],42.92,0.31,0.0,-0.6,0.6
SPNS2,17,4536404,NM_001124758.3:c.1585G>A,NP_001118230.1:p.Asp529Asn,0.415,25.3,['Unknown%20significance'],0.0,0.0,0.0,-0.2,0.2
SPNS2,17,4536404,NM_001124758.3:c.1585G>C,NP_001118230.1:p.Asp529His,0.640,25.3,['Unknown%20significance'],0.0,0.0,0.0,-0.9,0.9
SPNS2,17,4536404,NM_001124758.3:c.1585G>T,NP_001118230.1:p.Asp529Tyr,0.650,25.5,['Unknown%20significance'],0.0,0.0,0.0,-2.2,2.2
SPNS2,17,4536405,NM_001124758.3:c.1586A>G,NP_001118230.1:p.Asp529Gly,0.546,26.7,['Unknown%20significance'],0.0,0.0,0.0,0.7,0.7
SPNS2,17,4536406,NM_001124758.3:c.1587C>A,NP_001118230.1:p.Asp529Glu,0.464,24.0,['Unknown%20significance'],0.0,0.0,0.0,-0.4,0.4
SPNS2,17,4536406,NM_001124758.3:c.1587C>G,NP_001118230.1:p.Asp529Glu,0.464,24.1,['Unknown%20significance'],0.0,0.0,0.0,-0.4,0.4
SPNS2,17,4536407,NM_001124758.3:c.1588C>A,NP_001118230.1:p.Arg530Ser,0.242,24.3,['Unknown%20significance'],23.78,0.08,0.0,0.9,0.9
SPNS2,17,4536407,NM_001124758.3:c.1588C>G,NP_001118230.1:p.Arg530Gly,0.232,24.7,['Unknown%20significance'],23.78,0.08,0.0,1.6,1.6
SPNS2,17,4536407,NM_001124758.3:c.1588C>T,NP_001118230.1:p.Arg530Cys,0.133,23.6,['Unknown%20significance'],23.78,0.08,0.0,0.7,0.7
SPNS2,17,4536408,NM_001124758.3:c.1589G>A,NP_001118230.1:p.Arg530His,0.144,23.9,['Unknown%20significance'],23.78,0.08,0.0,0.3,0.3
SPNS2,17,4536408,NM_001124758.3:c.1589G>T,NP_001118230.1:p.Arg530Leu,0.217,25.6,['Unknown%20significance'],23.78,0.08,0.0,-0.4,0.4
SPNS2,17,4536410,NM_001124758.3:c.1591G>A,NP_001118230.1:p.Ala531Thr,0.045,22.8,['Benign'],37.8,0.29,0.0,-0.2,0.2
SPNS2,17,4536410,NM_001124758.3:c.1591G>T,NP_001118230.1:p.Ala531Ser,0.063,22.4,['Unknown%20significance'],37.8,0.29,0.0,0.1,0.1
SPNS2,17,4536411,NM_001124758.3:c.1592C>G,NP_001118230.1:p.Ala531Gly,0.046,22.6,['Unknown%20significance'],37.8,0.29,0.0,0.6,0.6
SPNS2,17,4536411,NM_001124758.3:c.1592C>T,NP_001118230.1:p.Ala531Val,0.052,22.8,['Unknown%20significance'],37.8,0.29,0.0,-0.5,0.5
SPNS2,17,4536413,NM_001124758.3:c.1594A>G,NP_001118230.1:p.Arg532Gly,0.062,24.3,['Unknown%20significance'],132.96,0.49,0.0,0.8,0.8
SPNS2,17,4536414,NM_001124758.3:c.1595G>A,NP_001118230.1:p.Arg532Lys,0.055,16.15,['Likely%20benign'],132.96,0.49,0.0,0.5,0.5
SPNS2,17,4536414,NM_001124758.3:c.1595G>C,NP_001118230.1:p.Arg532Thr,0.056,20.7,['Unknown%20significance'],132.96,0.49,0.0,0.2,0.2
SPNS2,17,4536414,NM_001124758.3:c.1595G>T,NP_001118230.1:p.Arg532Met,0.053,23.0,['Unknown%20significance'],132.96,0.49,0.0,-0.0,0.0
SPNS2,17,4536415,NM_001124758.3:c.1596G>T,NP_001118230.1:p.Arg532Ser,0.029,23.3,['Unknown%20significance'],132.96,0.49,0.0,0.4,0.4
SPNS2,17,4536416,NM_001124758.3:c.1597G>A,NP_001118230.1:p.Ala533Thr,0.192,28.0,['Unknown%20significance'],2.33,0.01,0.0,-0.3,0.3
SPNS2,17,4536416,NM_001124758.3:c.1597G>T,NP_001118230.1:p.Ala533Ser,0.276,33,['Unknown%20significance'],2.33,0.01,0.0,0.1,0.1
SPNS2,17,4536417,NM_001124758.3:c.1598C>A,NP_001118230.1:p.Ala533Asp,0.481,27.7,['Unknown%20significance'],2.33,0.01,0.0,0.3,0.3
SPNS2,17,4536417,NM_001124758.3:c.1598C>G,NP_001118230.1:p.Ala533Gly,0.338,33,['Unknown%20significance'],2.33,0.01,0.0,1.0,1.0
SPNS2,17,4536417,NM_001124758.3:c.1598C>T,NP_001118230.1:p.Ala533Val,0.137,23.4,['Unknown%20significance'],2.33,0.01,0.0,-0.8,0.8
SPNS2,17,4536419,NM_001124758.3:c.1600G>A,NP_001118230.1:p.Glu534Lys,0.092,25.9,['Unknown%20significance'],27.89,0.14,0.0,0.4,0.4
SPNS2,17,4536419,NM_001124758.3:c.1600G>C,NP_001118230.1:p.Glu534Gln,0.050,22.9,['Unknown%20significance'],27.89,0.14,0.0,-0.2,0.2
SPNS2,17,4536421,NM_001124758.3:c.1602G>T,NP_001118230.1:p.Glu534Asp,0.036,21.9,['Unknown%20significance'],27.89,0.14,0.0,0.3,0.3
SPNS2,17,4536422,NM_001124758.3:c.1603C>A,NP_001118230.1:p.Gln535Lys,0.059,21.1,['Unknown%20significance'],115.0,0.58,0.0,0.3,0.3
SPNS2,17,4536422,NM_001124758.3:c.1603C>G,NP_001118230.1:p.Gln535Glu,0.040,21.3,['Unknown%20significance'],115.0,0.58,0.0,0.2,0.2
SPNS2,17,4536424,NM_001124758.3:c.1605G>T,NP_001118230.1:p.Gln535His,0.062,23.8,['Unknown%20significance'],115.0,0.58,0.0,-0.0,0.0
SPNS2,17,4536425,NM_001124758.3:c.1606C>A,NP_001118230.1:p.Gln536Lys,0.029,23.0,['Unknown%20significance'],68.82,0.34,0.0,0.4,0.4
SPNS2,17,4536426,NM_001124758.3:c.1607A>C,NP_001118230.1:p.Gln536Pro,0.164,23.1,['Unknown%20significance'],68.82,0.34,0.0,0.5,0.5
SPNS2,17,4536426,NM_001124758.3:c.1607A>G,NP_001118230.1:p.Gln536Arg,0.073,22.7,['Unknown%20significance'],68.82,0.34,0.0,-0.3,0.3
SPNS2,17,4536426,NM_001124758.3:c.1607A>T,NP_001118230.1:p.Gln536Leu,0.059,22.6,['Unknown%20significance'],68.82,0.34,0.0,-0.3,0.3
SPNS2,17,4536901,NM_001124758.3:c.1609G>T,NP_001118230.1:p.Val537Leu,0.036,22.6,['Likely%20benign'],45.06,0.26,0.0,-0.2,0.2
SPNS2,17,4536904,NM_001124758.3:c.1612A>T,NP_001118230.1:p.Asn538Tyr,0.135,24.0,['Unknown%20significance'],76.32,0.47,0.0,-0.6,0.6
SPNS2,17,4536906,NM_001124758.3:c.1614C>G,NP_001118230.1:p.Asn538Lys,0.056,16.63,['Likely%20benign'],76.32,0.47,0.0,0.1,0.1
SPNS2,17,4536911,NM_001124758.3:c.1619T>C,NP_001118230.1:p.Leu540Pro,0.098,21.0,['Unknown%20significance'],69.74,0.36,0.0,0.6,0.6
SPNS2,17,4536911,NM_001124758.3:c.1619T>G,NP_001118230.1:p.Leu540Arg,0.124,19.73,['Unknown%20significance'],69.74,0.36,0.0,0.0,0.0
SPNS2,17,4536913,NM_001124758.3:c.1621G>A,NP_001118230.1:p.Ala541Thr,0.033,14.14,['Likely%20benign'],93.83,0.73,0.0,-0.1,0.1
SPNS2,17,4536913,NM_001124758.3:c.1621G>T,NP_001118230.1:p.Ala541Ser,0.037,12.11,['Likely%20benign'],93.83,0.73,0.0,0.0,0.0
SPNS2,17,4536914,NM_001124758.3:c.1622C>G,NP_001118230.1:p.Ala541Gly,0.066,16.45,['Likely%20benign'],93.83,0.73,0.0,0.2,0.2
SPNS2,17,4536914,NM_001124758.3:c.1622C>T,NP_001118230.1:p.Ala541Val,0.067,15.76,['Likely%20benign'],93.83,0.73,0.0,-0.2,0.2
SPNS2,17,4536916,NM_001124758.3:c.1624A>C,NP_001118230.1:p.Met542Leu,0.043,14.45,['Likely%20benign'],131.35,0.6,0.0,0.0,0.0
SPNS2,17,4536917,NM_001124758.3:c.1625T>A,NP_001118230.1:p.Met542Lys,0.070,21.4,['Unknown%20significance'],131.35,0.6,0.0,0.4,0.4
SPNS2,17,4536917,NM_001124758.3:c.1625T>C,NP_001118230.1:p.Met542Thr,0.063,19.65,['Likely%20benign'],131.35,0.6,0.0,0.2,0.2
SPNS2,17,4536919,NM_001124758.3:c.1627C>G,NP_001118230.1:p.Pro543Ala,0.071,22.0,['Unknown%20significance'],127.57,0.81,0.0,-0.0,0.0
SPNS2,17,4536919,NM_001124758.3:c.1627C>T,NP_001118230.1:p.Pro543Ser,0.062,22.6,['Unknown%20significance'],127.57,0.81,0.0,-0.1,0.1
SPNS2,17,4536920,NM_001124758.3:c.1628C>A,NP_001118230.1:p.Pro543Gln,0.176,15.32,['Unknown%20significance'],127.57,0.81,0.0,-0.1,0.1
SPNS2,17,4536920,NM_001124758.3:c.1628C>G,NP_001118230.1:p.Pro543Arg,0.140,15.11,['Unknown%20significance'],127.57,0.81,0.0,-0.2,0.2
SPNS2,17,4536920,NM_001124758.3:c.1628C>T,NP_001118230.1:p.Pro543Leu,0.073,16.02,['Unknown%20significance'],127.57,0.81,0.0,-0.2,0.2
SPNS2,17,4536922,NM_001124758.3:c.1630C>T,NP_001118230.1:p.Pro544Ser,0.043,10.07,['Likely%20benign'],148.93,0.94,0.0,-0.0,0.0
SPNS2,17,4536923,NM_001124758.3:c.1631C>A,NP_001118230.1:p.Pro544His,0.080,16.82,['Unknown%20significance'],148.93,0.94,0.0,-0.1,0.1
SPNS2,17,4536923,NM_001124758.3:c.1631C>T,NP_001118230.1:p.Pro544Leu,0.059,17.27,['Unknown%20significance'],148.93,0.94,0.0,-0.1,0.1
SPNS2,17,4536925,NM_001124758.3:c.1633G>A,NP_001118230.1:p.Ala545Thr,0.028,3.080,['Unknown%20significance'],109.21,0.85,0.0,-0.1,0.1
SPNS2,17,4536925,NM_001124758.3:c.1633G>C,NP_001118230.1:p.Ala545Pro,0.018,4.886,['Likely%20benign'],109.21,0.85,0.0,0.0,0.0
SPNS2,17,4536925,NM_001124758.3:c.1633G>T,NP_001118230.1:p.Ala545Ser,0.030,0.178,['Likely%20benign'],109.21,0.85,0.0,-0.0,0.0
SPNS2,17,4536926,NM_001124758.3:c.1634C>A,NP_001118230.1:p.Ala545Glu,0.034,15.17,['Likely%20benign'],109.21,0.85,0.0,0.0,0.0
SPNS2,17,4536926,NM_001124758.3:c.1634C>T,NP_001118230.1:p.Ala545Val,0.026,18.63,['Likely%20benign'],109.21,0.85,0.0,-0.1,0.1
SPNS2,17,4536928,NM_001124758.3:c.1636T>C,NP_001118230.1:p.Ser546Pro,0.059,22.5,['Unknown%20significance'],108.76,0.78,0.0,0.1,0.1
SPNS2,17,4536929,NM_001124758.3:c.1637C>G,NP_001118230.1:p.Ser546Cys,0.068,23.5,['Unknown%20significance'],108.76,0.78,0.0,0.1,0.1
SPNS2,17,4536929,NM_001124758.3:c.1637C>T,NP_001118230.1:p.Ser546Phe,0.067,23.6,['Unknown%20significance'],108.76,0.78,0.0,-0.0,0.0
SPNS2,17,4536931,NM_001124758.3:c.1639G>A,NP_001118230.1:p.Val547Met,0.036,14.18,['Likely%20benign'],143.19,0.83,0.0,-0.0,0.0
SPNS2,17,4536931,NM_001124758.3:c.1639G>C,NP_001118230.1:p.Val547Leu,0.059,12.52,['Likely%20benign'],143.19,0.83,0.0,0.0,0.0
SPNS2,17,4536932,NM_001124758.3:c.1640T>C,NP_001118230.1:p.Val547Ala,0.023,23.4,['Unknown%20significance'],143.19,0.83,0.0,0.1,0.1
SPNS2,17,4536934,NM_001124758.3:c.1642A>G,NP_001118230.1:p.Lys548Glu,0.071,20.5,['Likely%20benign'],234.29,0.98,0.0,0.0,0.0
SPNS2,17,4536935,NM_001124758.3:c.1643A>T,NP_001118230.1:p.Lys548Ile,0.094,25.9,['Unknown%20significance'],234.29,0.98,0.0,-0.0,0.0
SPNS2,17,4536936,NM_001124758.3:c.1644A>C,NP_001118230.1:p.Lys548Asn,0.029,23.0,['Unknown%20significance'],234.29,0.98,0.0,0.0,0.0
SPNS2,17,4536937,NM_001124758.3:c.1645G>A,NP_001118230.1:p.Val549Ile,0.015,23.4,['Unknown%20significance'],226.43,1.0,0.0,0.0,0.0
SPNS2,17,4536938,NM_001124758.3:c.1646T>C,NP_001118230.1:p.Val549Ala,0.059,23.6,['Unknown%20significance'],226.43,1.0,0.0,0.1,0.1
SPNS2,17,4536938,NM_001124758.3:c.1646T>G,NP_001118230.1:p.Val549Gly,0.063,25.5,['Unknown%20significance'],226.43,1.0,0.0,0.2,0.2