Gene,Chrom,Position,DNA_change,Protein_Change,Revel,CADDPhred,Classification,Surface Area,Normalized SA,Confidence Score,ddG,|ddG|
PAX1,20,21705716,NM_006192.5:c.4A>G,NP_006183.2:p.Lys2Glu,0.483,23.5,['Unknown%20significance'],229.24,0.96,0.0,0.0,0.0
PAX1,20,21705717,NM_006192.5:c.5A>G,NP_006183.2:p.Lys2Arg,0.418,23.9,['Unknown%20significance'],229.24,0.96,0.0,-0.1,0.1
PAX1,20,21705717,NM_006192.5:c.5A>T,NP_006183.2:p.Lys2Met,0.588,26.6,['Unknown%20significance'],229.24,0.96,0.0,-0.0,0.0
PAX1,20,21705718,NM_006192.5:c.6G>T,NP_006183.2:p.Lys2Asn,0.514,26.6,['Unknown%20significance'],229.24,0.96,0.0,0.0,0.0
PAX1,20,21705719,NM_006192.5:c.7T>C,NP_006183.2:p.Phe3Leu,0.360,23.6,['Unknown%20significance'],167.85,0.73,0.0,0.7,0.7
PAX1,20,21705719,NM_006192.5:c.7T>G,NP_006183.2:p.Phe3Val,0.397,23.6,['Unknown%20significance'],167.85,0.73,0.0,0.8,0.8
PAX1,20,21705720,NM_006192.5:c.8T>A,NP_006183.2:p.Phe3Tyr,0.482,23.5,['Unknown%20significance'],167.85,0.73,0.0,0.5,0.5
PAX1,20,21705720,NM_006192.5:c.8T>C,NP_006183.2:p.Phe3Ser,0.564,24.0,['Unknown%20significance'],167.85,0.73,0.0,1.4,1.4
PAX1,20,21705721,NM_006192.5:c.9C>A,NP_006183.2:p.Phe3Leu,0.359,23.2,['Unknown%20significance'],167.85,0.73,0.0,0.7,0.7
PAX1,20,21705722,NM_006192.5:c.10A>G,NP_006183.2:p.Thr4Ala,0.276,21.1,['Unknown%20significance'],137.81,0.87,0.0,0.2,0.2
PAX1,20,21705723,NM_006192.5:c.11C>A,NP_006183.2:p.Thr4Asn,0.404,14.63,['Likely%20benign'],137.81,0.87,0.0,0.3,0.3
PAX1,20,21705723,NM_006192.5:c.11C>T,NP_006183.2:p.Thr4Ile,0.470,19.56,['Unknown%20significance'],137.81,0.87,0.0,0.0,0.0
PAX1,20,21705725,NM_006192.5:c.13C>A,NP_006183.2:p.Leu5Met,0.436,19.11,['Likely%20benign'],179.07,0.92,0.0,0.2,0.2
PAX1,20,21705726,NM_006192.5:c.14T>A,NP_006183.2:p.Leu5Gln,0.654,24.6,['Unknown%20significance'],179.07,0.92,0.0,0.5,0.5
PAX1,20,21705726,NM_006192.5:c.14T>C,NP_006183.2:p.Leu5Pro,0.661,24.9,['Unknown%20significance'],179.07,0.92,0.0,0.6,0.6
PAX1,20,21705728,NM_006192.5:c.16G>A,NP_006183.2:p.Gly6Ser,0.479,21.6,['Unknown%20significance'],70.59,0.74,0.0,0.3,0.3
PAX1,20,21705728,NM_006192.5:c.16G>T,NP_006183.2:p.Gly6Cys,0.623,23.6,['Unknown%20significance'],70.59,0.74,0.0,0.4,0.4
PAX1,20,21705729,NM_006192.5:c.17G>A,NP_006183.2:p.Gly6Asp,0.444,18.52,['Unknown%20significance'],70.59,0.74,0.0,0.6,0.6
PAX1,20,21705729,NM_006192.5:c.17G>T,NP_006183.2:p.Gly6Val,0.675,23.4,['Unknown%20significance'],70.59,0.74,0.0,0.2,0.2
PAX1,20,21705731,NM_006192.5:c.19C>A,NP_006183.2:p.Leu7Met,0.369,22.8,['Unknown%20significance'],168.0,0.87,0.0,0.2,0.2
PAX1,20,21705731,NM_006192.5:c.19C>G,NP_006183.2:p.Leu7Val,0.325,15.25,['Unknown%20significance'],168.0,0.87,0.0,0.3,0.3
PAX1,20,21705732,NM_006192.5:c.20T>C,NP_006183.2:p.Leu7Pro,0.390,21.3,['Unknown%20significance'],168.0,0.87,0.0,0.5,0.5
PAX1,20,21705734,NM_006192.5:c.22G>A,NP_006183.2:p.Gly8Arg,0.469,23.2,['Likely%20benign'],61.44,0.64,0.0,0.5,0.5
PAX1,20,21705734,NM_006192.5:c.22G>T,NP_006183.2:p.Gly8Trp,0.649,25.6,['Unknown%20significance'],61.44,0.64,0.0,0.2,0.2
PAX1,20,21705735,NM_006192.5:c.23G>A,NP_006183.2:p.Gly8Glu,0.591,22.1,['Unknown%20significance'],61.44,0.64,0.0,0.7,0.7
PAX1,20,21705735,NM_006192.5:c.23G>C,NP_006183.2:p.Gly8Ala,0.423,22.7,['Unknown%20significance'],61.44,0.64,0.0,0.5,0.5
PAX1,20,21705735,NM_006192.5:c.23G>T,NP_006183.2:p.Gly8Val,0.518,22.9,['Unknown%20significance'],61.44,0.64,0.0,0.6,0.6
PAX1,20,21705738,NM_006192.5:c.26C>T,NP_006183.2:p.Ser9Leu,0.365,23.5,['Unknown%20significance'],149.96,1.0,0.0,0.0,0.0
PAX1,20,21705740,NM_006192.5:c.28C>G,NP_006183.2:p.Arg10Gly,0.592,24.2,['Unknown%20significance'],206.26,0.76,0.0,0.6,0.6
PAX1,20,21705740,NM_006192.5:c.28C>T,NP_006183.2:p.Arg10Trp,0.622,24.3,['Unknown%20significance'],206.26,0.76,0.0,0.2,0.2
PAX1,20,21705741,NM_006192.5:c.29G>A,NP_006183.2:p.Arg10Gln,0.404,23.3,['Unknown%20significance'],206.26,0.76,0.0,0.3,0.3
PAX1,20,21705741,NM_006192.5:c.29G>T,NP_006183.2:p.Arg10Leu,0.507,23.4,['Unknown%20significance'],206.26,0.76,0.0,0.2,0.2
PAX1,20,21705743,NM_006192.5:c.31G>A,NP_006183.2:p.Ala11Thr,0.274,21.4,['Likely%20benign'],64.91,0.51,0.0,0.4,0.4
PAX1,20,21705743,NM_006192.5:c.31G>T,NP_006183.2:p.Ala11Ser,0.252,22.0,['Likely%20benign'],64.91,0.51,0.0,0.3,0.3
PAX1,20,21705744,NM_006192.5:c.32C>A,NP_006183.2:p.Ala11Glu,0.447,18.51,['Likely%20benign'],64.91,0.51,0.0,0.4,0.4
PAX1,20,21705744,NM_006192.5:c.32C>G,NP_006183.2:p.Ala11Gly,0.358,22.5,['Unknown%20significance'],64.91,0.51,0.0,0.5,0.5
PAX1,20,21705744,NM_006192.5:c.32C>T,NP_006183.2:p.Ala11Val,0.498,21.4,['Benign'],64.91,0.51,0.0,0.3,0.3
PAX1,20,21705746,NM_006192.5:c.34T>C,NP_006183.2:p.Trp12Arg,0.643,23.9,['Unknown%20significance'],102.58,0.39,0.0,2.8,2.8
PAX1,20,21705746,NM_006192.5:c.34T>G,NP_006183.2:p.Trp12Gly,0.473,24.1,['Unknown%20significance'],102.58,0.39,0.0,3.3,3.3
PAX1,20,21705747,NM_006192.5:c.35G>T,NP_006183.2:p.Trp12Leu,0.417,23.9,['Unknown%20significance'],102.58,0.39,0.0,2.1,2.1
PAX1,20,21705748,NM_006192.5:c.36G>T,NP_006183.2:p.Trp12Cys,0.648,24.6,['Unknown%20significance'],102.58,0.39,0.0,2.8,2.8
PAX1,20,21705749,NM_006192.5:c.37A>G,NP_006183.2:p.Arg13Gly,0.422,23.2,['Unknown%20significance'],240.61,0.89,0.0,0.3,0.3
PAX1,20,21705750,NM_006192.5:c.38G>A,NP_006183.2:p.Arg13Lys,0.262,21.6,['Likely%20benign'],240.61,0.89,0.0,0.2,0.2
PAX1,20,21705750,NM_006192.5:c.38G>T,NP_006183.2:p.Arg13Ile,0.442,23.5,['Unknown%20significance'],240.61,0.89,0.0,0.0,0.0
PAX1,20,21705752,NM_006192.5:c.40G>C,NP_006183.2:p.Val14Leu,0.434,22.6,['Unknown%20significance'],52.32,0.3,0.0,0.8,0.8
PAX1,20,21705752,NM_006192.5:c.40G>T,NP_006183.2:p.Val14Leu,0.440,22.7,['Unknown%20significance'],52.32,0.3,0.0,0.8,0.8
PAX1,20,21705753,NM_006192.5:c.41T>C,NP_006183.2:p.Val14Ala,0.391,22.9,['Likely%20benign'],52.32,0.3,0.0,1.5,1.5
PAX1,20,21705753,NM_006192.5:c.41T>G,NP_006183.2:p.Val14Gly,0.541,21.3,['Unknown%20significance'],52.32,0.3,0.0,2.2,2.2
PAX1,20,21705755,NM_006192.5:c.43T>A,NP_006183.2:p.Ser15Thr,0.483,23.1,['Unknown%20significance'],71.28,0.51,0.0,0.0,0.0
PAX1,20,21705755,NM_006192.5:c.43T>C,NP_006183.2:p.Ser15Pro,0.593,23.9,['Unknown%20significance'],71.28,0.51,0.0,0.3,0.3
PAX1,20,21705755,NM_006192.5:c.43T>G,NP_006183.2:p.Ser15Ala,0.448,23.3,['Unknown%20significance'],71.28,0.51,0.0,0.1,0.1
PAX1,20,21705756,NM_006192.5:c.44C>A,NP_006183.2:p.Ser15Tyr,0.516,22.6,['Unknown%20significance'],71.28,0.51,0.0,-0.1,0.1
PAX1,20,21705756,NM_006192.5:c.44C>G,NP_006183.2:p.Ser15Cys,0.400,22.8,['Unknown%20significance'],71.28,0.51,0.0,0.1,0.1
PAX1,20,21705756,NM_006192.5:c.44C>T,NP_006183.2:p.Ser15Phe,0.544,22.9,['Unknown%20significance'],71.28,0.51,0.0,-0.0,0.0
PAX1,20,21705758,NM_006192.5:c.46T>C,NP_006183.2:p.Trp16Arg,0.522,22.5,['Unknown%20significance'],146.94,0.56,0.0,1.9,1.9
PAX1,20,21705759,NM_006192.5:c.47G>T,NP_006183.2:p.Trp16Leu,0.522,23.8,['Unknown%20significance'],146.94,0.56,0.0,1.6,1.6
PAX1,20,21705760,NM_006192.5:c.48G>T,NP_006183.2:p.Trp16Cys,0.577,24.1,['Unknown%20significance'],146.94,0.56,0.0,2.0,2.0
PAX1,20,21705761,NM_006192.5:c.49G>A,NP_006183.2:p.Glu17Lys,0.514,22.7,['Unknown%20significance'],161.89,0.82,0.0,0.2,0.2
PAX1,20,21705761,NM_006192.5:c.49G>C,NP_006183.2:p.Glu17Gln,0.257,21.9,['Unknown%20significance'],161.89,0.82,0.0,-0.0,0.0
PAX1,20,21705762,NM_006192.5:c.50A>C,NP_006183.2:p.Glu17Ala,0.353,22.6,['Likely%20benign'],161.89,0.82,0.0,0.2,0.2
PAX1,20,21705762,NM_006192.5:c.50A>G,NP_006183.2:p.Glu17Gly,0.363,23.2,['Likely%20benign'],161.89,0.82,0.0,0.4,0.4
PAX1,20,21705763,NM_006192.5:c.51G>C,NP_006183.2:p.Glu17Asp,0.236,14.78,['Unknown%20significance'],161.89,0.82,0.0,0.1,0.1
PAX1,20,21705763,NM_006192.5:c.51G>T,NP_006183.2:p.Glu17Asp,0.243,14.70,['Unknown%20significance'],161.89,0.82,0.0,0.1,0.1
PAX1,20,21705764,NM_006192.5:c.52G>A,NP_006183.2:p.Gly18Arg,0.212,5.909,['Likely%20benign'],84.23,0.88,0.0,-0.2,0.2
PAX1,20,21705764,NM_006192.5:c.52G>C,NP_006183.2:p.Gly18Arg,0.212,5.532,['Unknown%20significance'],84.23,0.88,0.0,-0.2,0.2
PAX1,20,21705764,NM_006192.5:c.52G>T,NP_006183.2:p.Gly18Trp,0.345,17.58,['Likely%20benign'],84.23,0.88,0.0,-0.2,0.2
PAX1,20,21705765,NM_006192.5:c.53G>A,NP_006183.2:p.Gly18Glu,0.223,5.672,['Likely%20benign'],84.23,0.88,0.0,0.0,0.0
PAX1,20,21705765,NM_006192.5:c.53G>C,NP_006183.2:p.Gly18Ala,0.242,0.951,['Unknown%20significance'],84.23,0.88,0.0,-0.0,0.0
PAX1,20,21705765,NM_006192.5:c.53G>T,NP_006183.2:p.Gly18Val,0.236,5.142,['Likely%20benign'],84.23,0.88,0.0,-0.1,0.1
PAX1,20,21705767,NM_006192.5:c.55G>A,NP_006183.2:p.Ala19Thr,0.244,11.82,['Unknown%20significance'],114.67,0.9,0.0,0.1,0.1
PAX1,20,21705767,NM_006192.5:c.55G>T,NP_006183.2:p.Ala19Ser,0.162,9.761,['Likely%20benign'],114.67,0.9,0.0,0.1,0.1
PAX1,20,21705768,NM_006192.5:c.56C>A,NP_006183.2:p.Ala19Glu,0.271,8.946,['Likely%20benign'],114.67,0.9,0.0,0.1,0.1
PAX1,20,21705768,NM_006192.5:c.56C>G,NP_006183.2:p.Ala19Gly,0.233,14.20,['Likely%20benign'],114.67,0.9,0.0,0.2,0.2
PAX1,20,21705768,NM_006192.5:c.56C>T,NP_006183.2:p.Ala19Val,0.255,9.504,['Likely%20benign'],114.67,0.9,0.0,0.0,0.0
PAX1,20,21705770,NM_006192.5:c.58G>A,NP_006183.2:p.Ala20Thr,0.255,17.69,['Likely%20benign'],125.96,0.99,0.0,0.0,0.0
PAX1,20,21705770,NM_006192.5:c.58G>C,NP_006183.2:p.Ala20Pro,0.487,18.52,['Unknown%20significance'],125.96,0.99,0.0,0.1,0.1
PAX1,20,21705770,NM_006192.5:c.58G>T,NP_006183.2:p.Ala20Ser,0.262,16.53,['Unknown%20significance'],125.96,0.99,0.0,0.1,0.1
PAX1,20,21705771,NM_006192.5:c.59C>A,NP_006183.2:p.Ala20Glu,0.337,13.54,['Likely%20benign'],125.96,0.99,0.0,0.1,0.1
PAX1,20,21705771,NM_006192.5:c.59C>G,NP_006183.2:p.Ala20Gly,0.219,14.05,['Unknown%20significance'],125.96,0.99,0.0,0.1,0.1
PAX1,20,21705771,NM_006192.5:c.59C>T,NP_006183.2:p.Ala20Val,0.231,9.004,['Likely%20benign'],125.96,0.99,0.0,0.0,0.0
PAX1,20,21705773,NM_006192.5:c.61G>A,NP_006183.2:p.Ala21Thr,0.347,19.91,['Unknown%20significance'],111.55,0.87,0.0,0.0,0.0
PAX1,20,21705773,NM_006192.5:c.61G>T,NP_006183.2:p.Ala21Ser,0.264,18.02,['Unknown%20significance'],111.55,0.87,0.0,0.1,0.1
PAX1,20,21705774,NM_006192.5:c.62C>A,NP_006183.2:p.Ala21Glu,0.367,13.69,['Likely%20benign'],111.55,0.87,0.0,0.2,0.2
PAX1,20,21705774,NM_006192.5:c.62C>G,NP_006183.2:p.Ala21Gly,0.238,16.85,['Unknown%20significance'],111.55,0.87,0.0,0.3,0.3
PAX1,20,21705774,NM_006192.5:c.62C>T,NP_006183.2:p.Ala21Val,0.305,17.73,['Unknown%20significance'],111.55,0.87,0.0,-0.0,0.0
PAX1,20,21705776,NM_006192.5:c.64G>A,NP_006183.2:p.Ala22Thr,0.335,20.5,['Unknown%20significance'],114.63,0.9,0.0,0.0,0.0
PAX1,20,21705776,NM_006192.5:c.64G>C,NP_006183.2:p.Ala22Pro,0.494,21.2,['Unknown%20significance'],114.63,0.9,0.0,0.1,0.1
PAX1,20,21705776,NM_006192.5:c.64G>T,NP_006183.2:p.Ala22Ser,0.258,18.67,['Unknown%20significance'],114.63,0.9,0.0,0.1,0.1
PAX1,20,21705777,NM_006192.5:c.65C>A,NP_006183.2:p.Ala22Glu,0.402,17.67,['Unknown%20significance'],114.63,0.9,0.0,0.1,0.1
PAX1,20,21705777,NM_006192.5:c.65C>T,NP_006183.2:p.Ala22Val,0.315,17.97,['Likely%20benign'],114.63,0.9,0.0,-0.0,0.0
PAX1,20,21705779,NM_006192.5:c.67G>A,NP_006183.2:p.Ala23Thr,0.301,16.41,['Unknown%20significance'],122.83,0.96,0.0,0.0,0.0
PAX1,20,21705779,NM_006192.5:c.67G>T,NP_006183.2:p.Ala23Ser,0.303,15.00,['Unknown%20significance'],122.83,0.96,0.0,0.0,0.0
PAX1,20,21705780,NM_006192.5:c.68C>A,NP_006183.2:p.Ala23Glu,0.414,1.211,['Likely%20benign'],122.83,0.96,0.0,0.1,0.1
PAX1,20,21705780,NM_006192.5:c.68C>G,NP_006183.2:p.Ala23Gly,0.313,2.538,['Likely%20benign'],122.83,0.96,0.0,0.1,0.1
PAX1,20,21705780,NM_006192.5:c.68C>T,NP_006183.2:p.Ala23Val,0.367,3.581,['Likely%20benign'],122.83,0.96,0.0,-0.0,0.0
PAX1,20,21705782,NM_006192.5:c.70G>A,NP_006183.2:p.Ala24Thr,0.178,14.17,['Likely%20benign'],124.44,0.97,0.0,0.0,0.0
PAX1,20,21705782,NM_006192.5:c.70G>C,NP_006183.2:p.Ala24Pro,0.395,9.012,['Likely%20benign'],124.44,0.97,0.0,0.0,0.0
PAX1,20,21705782,NM_006192.5:c.70G>T,NP_006183.2:p.Ala24Ser,0.191,6.103,['Likely%20benign'],124.44,0.97,0.0,0.0,0.0
PAX1,20,21705783,NM_006192.5:c.71C>A,NP_006183.2:p.Ala24Glu,0.377,12.94,['Likely%20benign'],124.44,0.97,0.0,0.0,0.0
PAX1,20,21705783,NM_006192.5:c.71C>T,NP_006183.2:p.Ala24Val,0.223,13.87,['Likely%20benign'],124.44,0.97,0.0,-0.0,0.0
PAX1,20,21705785,NM_006192.5:c.73G>A,NP_006183.2:p.Gly25Ser,0.251,15.07,['Likely%20benign'],76.69,0.8,0.0,0.1,0.1
PAX1,20,21705785,NM_006192.5:c.73G>C,NP_006183.2:p.Gly25Arg,0.266,10.80,['Likely%20benign'],76.69,0.8,0.0,-0.0,0.0
PAX1,20,21705785,NM_006192.5:c.73G>T,NP_006183.2:p.Gly25Cys,0.372,17.18,['Unknown%20significance'],76.69,0.8,0.0,0.2,0.2
PAX1,20,21705786,NM_006192.5:c.74G>A,NP_006183.2:p.Gly25Asp,0.370,13.46,['Likely%20benign'],76.69,0.8,0.0,0.2,0.2
PAX1,20,21705786,NM_006192.5:c.74G>T,NP_006183.2:p.Gly25Val,0.290,13.08,['Likely%20benign'],76.69,0.8,0.0,0.0,0.0
PAX1,20,21705788,NM_006192.5:c.76C>A,NP_006183.2:p.Pro26Thr,0.274,3.913,['Likely%20benign'],157.62,1.0,0.0,0.0,0.0
PAX1,20,21705788,NM_006192.5:c.76C>G,NP_006183.2:p.Pro26Ala,0.314,2.600,['Likely%20benign'],157.62,1.0,0.0,0.0,0.0
PAX1,20,21705788,NM_006192.5:c.76C>T,NP_006183.2:p.Pro26Ser,0.298,3.905,['Likely%20benign'],157.62,1.0,0.0,0.0,0.0
PAX1,20,21705789,NM_006192.5:c.77C>A,NP_006183.2:p.Pro26His,0.361,8.939,['Likely%20benign'],157.62,1.0,0.0,0.1,0.1
PAX1,20,21705789,NM_006192.5:c.77C>G,NP_006183.2:p.Pro26Arg,0.318,1.715,['Likely%20benign'],157.62,1.0,0.0,0.0,0.0
PAX1,20,21705789,NM_006192.5:c.77C>T,NP_006183.2:p.Pro26Leu,0.332,3.960,['Unknown%20significance'],157.62,1.0,0.0,0.0,0.0
PAX1,20,21705791,NM_006192.5:c.79G>A,NP_006183.2:p.Gly27Arg,0.215,5.498,['Likely%20benign'],75.0,0.78,0.0,-0.1,0.1
PAX1,20,21705791,NM_006192.5:c.79G>C,NP_006183.2:p.Gly27Arg,0.215,4.952,['Likely%20benign'],75.0,0.78,0.0,-0.1,0.1
PAX1,20,21705792,NM_006192.5:c.80G>A,NP_006183.2:p.Gly27Glu,0.253,17.53,['Unknown%20significance'],75.0,0.78,0.0,0.1,0.1
PAX1,20,21705792,NM_006192.5:c.80G>C,NP_006183.2:p.Gly27Ala,0.177,11.62,['Likely%20benign'],75.0,0.78,0.0,-0.1,0.1
PAX1,20,21705792,NM_006192.5:c.80G>T,NP_006183.2:p.Gly27Val,0.231,13.60,['Likely%20benign'],75.0,0.78,0.0,-0.2,0.2
PAX1,20,21705794,NM_006192.5:c.82G>A,NP_006183.2:p.Ala28Thr,0.290,16.79,['Unknown%20significance'],131.56,1.0,0.0,0.0,0.0
PAX1,20,21705794,NM_006192.5:c.82G>T,NP_006183.2:p.Ala28Ser,0.229,11.17,['Likely%20benign'],131.56,1.0,0.0,0.0,0.0
PAX1,20,21705795,NM_006192.5:c.83C>A,NP_006183.2:p.Ala28Glu,0.319,13.46,['Likely%20benign'],131.56,1.0,0.0,0.1,0.1
PAX1,20,21705795,NM_006192.5:c.83C>G,NP_006183.2:p.Ala28Gly,0.305,8.541,['Likely%20benign'],131.56,1.0,0.0,0.1,0.1
PAX1,20,21705795,NM_006192.5:c.83C>T,NP_006183.2:p.Ala28Val,0.303,9.056,['Likely%20benign'],131.56,1.0,0.0,-0.0,0.0
PAX1,20,21705797,NM_006192.5:c.85G>A,NP_006183.2:p.Gly29Ser,0.222,4.167,['Likely%20benign'],69.7,0.73,0.0,0.1,0.1
PAX1,20,21705797,NM_006192.5:c.85G>C,NP_006183.2:p.Gly29Arg,0.214,5.563,['Likely%20benign'],69.7,0.73,0.0,0.0,0.0
PAX1,20,21705797,NM_006192.5:c.85G>T,NP_006183.2:p.Gly29Cys,0.319,15.38,['Unknown%20significance'],69.7,0.73,0.0,0.3,0.3
PAX1,20,21705798,NM_006192.5:c.86G>A,NP_006183.2:p.Gly29Asp,0.251,15.78,['Unknown%20significance'],69.7,0.73,0.0,0.3,0.3
PAX1,20,21705798,NM_006192.5:c.86G>T,NP_006183.2:p.Gly29Val,0.238,12.10,['Likely%20benign'],69.7,0.73,0.0,0.1,0.1
PAX1,20,21705800,NM_006192.5:c.88G>A,NP_006183.2:p.Gly30Ser,0.227,5.041,['Likely%20benign'],85.33,0.89,0.0,-0.0,0.0
PAX1,20,21705800,NM_006192.5:c.88G>C,NP_006183.2:p.Gly30Arg,0.262,10.69,['Likely%20benign'],85.33,0.89,0.0,0.0,0.0
PAX1,20,21705800,NM_006192.5:c.88G>T,NP_006183.2:p.Gly30Cys,0.320,16.89,['Unknown%20significance'],85.33,0.89,0.0,0.1,0.1
PAX1,20,21705801,NM_006192.5:c.89G>A,NP_006183.2:p.Gly30Asp,0.215,12.74,['Likely%20benign'],85.33,0.89,0.0,0.1,0.1
PAX1,20,21705801,NM_006192.5:c.89G>T,NP_006183.2:p.Gly30Val,0.196,12.79,['Likely%20benign'],85.33,0.89,0.0,-0.0,0.0
PAX1,20,21705803,NM_006192.5:c.91A>C,NP_006183.2:p.Ser31Arg,0.283,6.985,['Likely%20benign'],137.68,0.99,0.0,-0.0,0.0
PAX1,20,21705803,NM_006192.5:c.91A>G,NP_006183.2:p.Ser31Gly,0.319,2.986,['Likely%20benign'],137.68,0.99,0.0,0.0,0.0
PAX1,20,21705803,NM_006192.5:c.91A>T,NP_006183.2:p.Ser31Cys,0.315,7.461,['Likely%20benign'],137.68,0.99,0.0,0.0,0.0
PAX1,20,21705804,NM_006192.5:c.92G>A,NP_006183.2:p.Ser31Asn,0.312,3.302,['Likely%20benign'],137.68,0.99,0.0,0.0,0.0
PAX1,20,21705804,NM_006192.5:c.92G>C,NP_006183.2:p.Ser31Thr,0.258,1.820,['Likely%20benign'],137.68,0.99,0.0,-0.0,0.0
PAX1,20,21705804,NM_006192.5:c.92G>T,NP_006183.2:p.Ser31Ile,0.272,5.805,['Likely%20benign'],137.68,0.99,0.0,-0.0,0.0
PAX1,20,21705805,NM_006192.5:c.93C>A,NP_006183.2:p.Ser31Arg,0.321,7.932,['Likely%20benign'],137.68,0.99,0.0,-0.0,0.0
PAX1,20,21705805,NM_006192.5:c.93C>G,NP_006183.2:p.Ser31Arg,0.321,8.094,['Likely%20benign'],137.68,0.99,0.0,-0.0,0.0
PAX1,20,21705806,NM_006192.5:c.94G>A,NP_006183.2:p.Ala32Thr,0.347,21.1,['Unknown%20significance'],99.09,0.77,0.0,0.0,0.0
PAX1,20,21705806,NM_006192.5:c.94G>C,NP_006183.2:p.Ala32Pro,0.346,20.5,['Unknown%20significance'],99.09,0.77,0.0,0.1,0.1
PAX1,20,21705806,NM_006192.5:c.94G>T,NP_006183.2:p.Ala32Ser,0.292,19.36,['Unknown%20significance'],99.09,0.77,0.0,0.0,0.0
PAX1,20,21705807,NM_006192.5:c.95C>A,NP_006183.2:p.Ala32Glu,0.416,23.0,['Unknown%20significance'],99.09,0.77,0.0,0.1,0.1
PAX1,20,21705807,NM_006192.5:c.95C>G,NP_006183.2:p.Ala32Gly,0.248,16.99,['Likely%20benign'],99.09,0.77,0.0,0.2,0.2
PAX1,20,21705807,NM_006192.5:c.95C>T,NP_006183.2:p.Ala32Val,0.369,21.9,['Unknown%20significance'],99.09,0.77,0.0,-0.0,0.0
PAX1,20,21705809,NM_006192.5:c.97C>A,NP_006183.2:p.Leu33Ile,0.403,17.32,['Unknown%20significance'],197.23,1.0,0.0,0.1,0.1
PAX1,20,21705809,NM_006192.5:c.97C>T,NP_006183.2:p.Leu33Phe,0.387,18.69,['Unknown%20significance'],197.23,1.0,0.0,0.1,0.1
PAX1,20,21705810,NM_006192.5:c.98T>C,NP_006183.2:p.Leu33Pro,0.369,18.78,['Benign'],197.23,1.0,0.0,0.2,0.2
PAX1,20,21705810,NM_006192.5:c.98T>G,NP_006183.2:p.Leu33Arg,0.374,14.59,['Unknown%20significance'],197.23,1.0,0.0,0.1,0.1
PAX1,20,21705812,NM_006192.5:c.100C>A,NP_006183.2:p.Arg34Ser,0.229,0.409,['Likely%20benign'],250.9,0.93,0.0,0.1,0.1
PAX1,20,21705812,NM_006192.5:c.100C>G,NP_006183.2:p.Arg34Gly,0.241,0.114,['Likely%20benign'],250.9,0.93,0.0,0.1,0.1
PAX1,20,21705812,NM_006192.5:c.100C>T,NP_006183.2:p.Arg34Cys,0.340,6.015,['Likely%20benign'],250.9,0.93,0.0,0.2,0.2
PAX1,20,21705813,NM_006192.5:c.101G>A,NP_006183.2:p.Arg34His,0.261,11.94,['Likely%20benign'],250.9,0.93,0.0,0.0,0.0
PAX1,20,21705813,NM_006192.5:c.101G>C,NP_006183.2:p.Arg34Pro,0.248,10.44,['Likely%20benign'],250.9,0.93,0.0,0.1,0.1
PAX1,20,21705813,NM_006192.5:c.101G>T,NP_006183.2:p.Arg34Leu,0.240,10.26,['Likely%20benign'],250.9,0.93,0.0,0.1,0.1
PAX1,20,21705815,NM_006192.5:c.103T>C,NP_006183.2:p.Cys35Arg,0.230,0.189,['Likely%20benign'],141.83,0.91,0.0,-0.0,0.0
PAX1,20,21705816,NM_006192.5:c.104G>A,NP_006183.2:p.Cys35Tyr,0.220,12.94,['Unknown%20significance'],141.83,0.91,0.0,-0.1,0.1
PAX1,20,21705816,NM_006192.5:c.104G>C,NP_006183.2:p.Cys35Ser,0.285,4.002,['Likely%20benign'],141.83,0.91,0.0,-0.0,0.0
PAX1,20,21705816,NM_006192.5:c.104G>T,NP_006183.2:p.Cys35Phe,0.233,13.22,['Likely%20benign'],141.83,0.91,0.0,-0.0,0.0
PAX1,20,21705817,NM_006192.5:c.105C>G,NP_006183.2:p.Cys35Trp,0.266,16.61,['Unknown%20significance'],141.83,0.91,0.0,-0.1,0.1
PAX1,20,21705818,NM_006192.5:c.106C>A,NP_006183.2:p.Arg36Ser,0.231,0.277,['Likely%20benign'],217.25,0.8,0.0,0.0,0.0
PAX1,20,21705818,NM_006192.5:c.106C>G,NP_006183.2:p.Arg36Gly,0.273,0.332,['Benign'],217.25,0.8,0.0,0.1,0.1
PAX1,20,21705818,NM_006192.5:c.106C>T,NP_006183.2:p.Arg36Cys,0.282,5.603,['Unknown%20significance'],217.25,0.8,0.0,0.2,0.2
PAX1,20,21705819,NM_006192.5:c.107G>A,NP_006183.2:p.Arg36His,0.289,15.27,['Unknown%20significance'],217.25,0.8,0.0,0.0,0.0
PAX1,20,21705819,NM_006192.5:c.107G>C,NP_006183.2:p.Arg36Pro,0.287,9.733,['Likely%20benign'],217.25,0.8,0.0,0.1,0.1
PAX1,20,21705819,NM_006192.5:c.107G>T,NP_006183.2:p.Arg36Leu,0.194,9.944,['Likely%20benign'],217.25,0.8,0.0,0.1,0.1
PAX1,20,21705821,NM_006192.5:c.109G>A,NP_006183.2:p.Ala37Thr,0.172,1.704,['Likely%20benign'],115.87,0.91,0.0,-0.0,0.0
PAX1,20,21705821,NM_006192.5:c.109G>C,NP_006183.2:p.Ala37Pro,0.305,3.332,['Likely%20benign'],115.87,0.91,0.0,0.1,0.1
PAX1,20,21705821,NM_006192.5:c.109G>T,NP_006183.2:p.Ala37Ser,0.198,0.630,['Likely%20benign'],115.87,0.91,0.0,0.0,0.0
PAX1,20,21705822,NM_006192.5:c.110C>A,NP_006183.2:p.Ala37Glu,0.235,5.353,['Likely%20benign'],115.87,0.91,0.0,0.1,0.1
PAX1,20,21705822,NM_006192.5:c.110C>G,NP_006183.2:p.Ala37Gly,0.182,5.756,['Likely%20benign'],115.87,0.91,0.0,0.1,0.1
PAX1,20,21705822,NM_006192.5:c.110C>T,NP_006183.2:p.Ala37Val,0.183,6.400,['Likely%20benign'],115.87,0.91,0.0,0.0,0.0
PAX1,20,21705824,NM_006192.5:c.112C>A,NP_006183.2:p.Gln38Lys,0.429,2.737,['Likely%20benign'],126.99,0.64,0.0,0.2,0.2
PAX1,20,21705824,NM_006192.5:c.112C>G,NP_006183.2:p.Gln38Glu,0.217,6.567,['Likely%20benign'],126.99,0.64,0.0,0.1,0.1
PAX1,20,21705825,NM_006192.5:c.113A>G,NP_006183.2:p.Gln38Arg,0.203,0.049,['Likely%20benign'],126.99,0.64,0.0,-0.2,0.2
PAX1,20,21705825,NM_006192.5:c.113A>T,NP_006183.2:p.Gln38Leu,0.230,1.578,['Likely%20benign'],126.99,0.64,0.0,-0.3,0.3
PAX1,20,21705826,NM_006192.5:c.114G>C,NP_006183.2:p.Gln38His,0.239,14.33,['Likely%20benign'],126.99,0.64,0.0,-0.1,0.1
PAX1,20,21705826,NM_006192.5:c.114G>T,NP_006183.2:p.Gln38His,0.240,14.24,['Likely%20benign'],126.99,0.64,0.0,-0.1,0.1
PAX1,20,21705827,NM_006192.5:c.115C>A,NP_006183.2:p.Arg39Ser,0.224,21.6,['Likely%20benign'],280.6,1.0,0.0,0.1,0.1
PAX1,20,21705827,NM_006192.5:c.115C>G,NP_006183.2:p.Arg39Gly,0.291,22.0,['Likely%20benign'],280.6,1.0,0.0,0.2,0.2
PAX1,20,21705827,NM_006192.5:c.115C>T,NP_006183.2:p.Arg39Cys,0.369,24.0,['Unknown%20significance'],280.6,1.0,0.0,0.1,0.1
PAX1,20,21705828,NM_006192.5:c.116G>A,NP_006183.2:p.Arg39His,0.198,20.2,['Unknown%20significance'],280.6,1.0,0.0,0.0,0.0
PAX1,20,21705828,NM_006192.5:c.116G>C,NP_006183.2:p.Arg39Pro,0.539,20.6,['Likely%20benign'],280.6,1.0,0.0,0.1,0.1
PAX1,20,21705828,NM_006192.5:c.116G>T,NP_006183.2:p.Arg39Leu,0.163,16.08,['Likely%20benign'],280.6,1.0,0.0,0.1,0.1
PAX1,20,21705830,NM_006192.5:c.118G>A,NP_006183.2:p.Val40Ile,0.164,4.864,['Likely%20benign'],153.62,0.89,0.0,0.0,0.0
PAX1,20,21705830,NM_006192.5:c.118G>C,NP_006183.2:p.Val40Leu,0.190,5.638,['Likely%20benign'],153.62,0.89,0.0,0.0,0.0
PAX1,20,21705830,NM_006192.5:c.118G>T,NP_006183.2:p.Val40Phe,0.255,7.385,['Likely%20benign'],153.62,0.89,0.0,-0.0,0.0
PAX1,20,21705831,NM_006192.5:c.119T>A,NP_006183.2:p.Val40Asp,0.407,22.0,['Unknown%20significance'],153.62,0.89,0.0,0.2,0.2
PAX1,20,21705831,NM_006192.5:c.119T>C,NP_006183.2:p.Val40Ala,0.215,21.1,['Likely%20benign'],153.62,0.89,0.0,0.1,0.1
PAX1,20,21705833,NM_006192.5:c.121T>A,NP_006183.2:p.Ser41Thr,0.324,21.8,['Likely%20benign'],101.7,0.73,0.0,-0.0,0.0
PAX1,20,21705833,NM_006192.5:c.121T>C,NP_006183.2:p.Ser41Pro,0.396,20.5,['Likely%20benign'],101.7,0.73,0.0,0.1,0.1
PAX1,20,21705834,NM_006192.5:c.122C>A,NP_006183.2:p.Ser41Tyr,0.485,23.1,['Unknown%20significance'],101.7,0.73,0.0,-0.2,0.2
PAX1,20,21705834,NM_006192.5:c.122C>G,NP_006183.2:p.Ser41Cys,0.340,21.7,['Likely%20benign'],101.7,0.73,0.0,0.2,0.2
PAX1,20,21705834,NM_006192.5:c.122C>T,NP_006183.2:p.Ser41Phe,0.453,22.5,['Unknown%20significance'],101.7,0.73,0.0,-0.1,0.1
PAX1,20,21705836,NM_006192.5:c.124A>G,NP_006183.2:p.Ser42Gly,0.400,18.91,['Unknown%20significance'],109.33,0.79,0.0,0.2,0.2
PAX1,20,21705837,NM_006192.5:c.125G>A,NP_006183.2:p.Ser42Asn,0.363,18.61,['Unknown%20significance'],109.33,0.79,0.0,0.1,0.1
PAX1,20,21705837,NM_006192.5:c.125G>C,NP_006183.2:p.Ser42Thr,0.348,21.5,['Unknown%20significance'],109.33,0.79,0.0,-0.0,0.0
PAX1,20,21705837,NM_006192.5:c.125G>T,NP_006183.2:p.Ser42Ile,0.464,22.4,['Unknown%20significance'],109.33,0.79,0.0,0.0,0.0
PAX1,20,21705838,NM_006192.5:c.126C>A,NP_006183.2:p.Ser42Arg,0.452,20.2,['Unknown%20significance'],109.33,0.79,0.0,0.1,0.1
PAX1,20,21705838,NM_006192.5:c.126C>G,NP_006183.2:p.Ser42Arg,0.451,20.3,['Unknown%20significance'],109.33,0.79,0.0,0.1,0.1
PAX1,20,21705839,NM_006192.5:c.127C>A,NP_006183.2:p.Pro43Thr,0.282,18.20,['Likely%20benign'],121.54,0.77,0.0,0.3,0.3
PAX1,20,21705839,NM_006192.5:c.127C>T,NP_006183.2:p.Pro43Ser,0.272,15.50,['Likely%20benign'],121.54,0.77,0.0,0.3,0.3
PAX1,20,21705840,NM_006192.5:c.128C>A,NP_006183.2:p.Pro43Gln,0.373,19.23,['Unknown%20significance'],121.54,0.77,0.0,0.2,0.2
PAX1,20,21705840,NM_006192.5:c.128C>G,NP_006183.2:p.Pro43Arg,0.306,15.32,['Likely%20benign'],121.54,0.77,0.0,0.1,0.1
PAX1,20,21705840,NM_006192.5:c.128C>T,NP_006183.2:p.Pro43Leu,0.276,15.98,['Likely%20benign'],121.54,0.77,0.0,0.1,0.1
PAX1,20,21705842,NM_006192.5:c.130C>G,NP_006183.2:p.Arg44Gly,0.416,18.73,['Likely%20benign'],240.46,0.89,0.0,0.3,0.3
PAX1,20,21705842,NM_006192.5:c.130C>T,NP_006183.2:p.Arg44Trp,0.433,24.1,['Unknown%20significance'],240.46,0.89,0.0,0.0,0.0
PAX1,20,21705843,NM_006192.5:c.131G>A,NP_006183.2:p.Arg44Gln,0.292,17.57,['Unknown%20significance'],240.46,0.89,0.0,0.1,0.1
PAX1,20,21705843,NM_006192.5:c.131G>C,NP_006183.2:p.Arg44Pro,0.355,17.83,['Likely%20benign'],240.46,0.89,0.0,0.1,0.1
PAX1,20,21705843,NM_006192.5:c.131G>T,NP_006183.2:p.Arg44Leu,0.351,17.84,['Likely%20benign'],240.46,0.89,0.0,0.1,0.1
PAX1,20,21705845,NM_006192.5:c.133C>A,NP_006183.2:p.Leu45Met,0.260,13.29,['Likely%20benign'],132.15,0.68,0.0,0.1,0.1
PAX1,20,21705845,NM_006192.5:c.133C>G,NP_006183.2:p.Leu45Val,0.251,12.69,['Likely%20benign'],132.15,0.68,0.0,0.0,0.0
PAX1,20,21705846,NM_006192.5:c.134T>A,NP_006183.2:p.Leu45Gln,0.254,15.01,['Likely%20benign'],132.15,0.68,0.0,0.2,0.2
PAX1,20,21705846,NM_006192.5:c.134T>C,NP_006183.2:p.Leu45Pro,0.252,14.97,['Likely%20benign'],132.15,0.68,0.0,-0.0,0.0
PAX1,20,21705846,NM_006192.5:c.134T>G,NP_006183.2:p.Leu45Arg,0.277,14.54,['Likely%20benign'],132.15,0.68,0.0,0.1,0.1
PAX1,20,21705848,NM_006192.5:c.136G>A,NP_006183.2:p.Gly46Ser,0.204,16.25,['Likely%20benign'],78.67,0.82,0.0,0.1,0.1
PAX1,20,21705848,NM_006192.5:c.136G>C,NP_006183.2:p.Gly46Arg,0.429,20.3,['Likely%20benign'],78.67,0.82,0.0,0.0,0.0
PAX1,20,21705848,NM_006192.5:c.136G>T,NP_006183.2:p.Gly46Cys,0.362,23.1,['Unknown%20significance'],78.67,0.82,0.0,0.0,0.0
PAX1,20,21705849,NM_006192.5:c.137G>A,NP_006183.2:p.Gly46Asp,0.450,17.62,['Likely%20benign'],78.67,0.82,0.0,0.2,0.2
PAX1,20,21705849,NM_006192.5:c.137G>C,NP_006183.2:p.Gly46Ala,0.207,16.41,['Unknown%20significance'],78.67,0.82,0.0,0.1,0.1
PAX1,20,21705849,NM_006192.5:c.137G>T,NP_006183.2:p.Gly46Val,0.279,17.18,['Likely%20benign'],78.67,0.82,0.0,-0.0,0.0
PAX1,20,21705851,NM_006192.5:c.139C>A,NP_006183.2:p.Arg47Ser,0.346,19.92,['Likely%20benign'],223.98,0.83,0.0,0.2,0.2
PAX1,20,21705851,NM_006192.5:c.139C>T,NP_006183.2:p.Arg47Cys,0.483,25.0,['Unknown%20significance'],223.98,0.83,0.0,0.3,0.3
PAX1,20,21705852,NM_006192.5:c.140G>A,NP_006183.2:p.Arg47His,0.380,23.5,['Unknown%20significance'],223.98,0.83,0.0,0.1,0.1
PAX1,20,21705852,NM_006192.5:c.140G>C,NP_006183.2:p.Arg47Pro,0.507,25.1,['Unknown%20significance'],223.98,0.83,0.0,0.2,0.2
PAX1,20,21705852,NM_006192.5:c.140G>T,NP_006183.2:p.Arg47Leu,0.287,22.0,['Unknown%20significance'],223.98,0.83,0.0,0.1,0.1
PAX1,20,21705854,NM_006192.5:c.142C>A,NP_006183.2:p.Arg48Ser,0.304,22.2,['Likely%20benign'],269.81,1.0,0.0,0.1,0.1
PAX1,20,21705854,NM_006192.5:c.142C>G,NP_006183.2:p.Arg48Gly,0.412,22.4,['Likely%20benign'],269.81,1.0,0.0,0.2,0.2
PAX1,20,21705854,NM_006192.5:c.142C>T,NP_006183.2:p.Arg48Cys,0.461,22.3,['Unknown%20significance'],269.81,1.0,0.0,0.1,0.1
PAX1,20,21705855,NM_006192.5:c.143G>A,NP_006183.2:p.Arg48His,0.302,22.6,['Likely%20benign'],269.81,1.0,0.0,0.1,0.1
PAX1,20,21705855,NM_006192.5:c.143G>C,NP_006183.2:p.Arg48Pro,0.577,22.8,['Unknown%20significance'],269.81,1.0,0.0,0.1,0.1
PAX1,20,21705855,NM_006192.5:c.143G>T,NP_006183.2:p.Arg48Leu,0.409,22.6,['Likely%20benign'],269.81,1.0,0.0,0.1,0.1
PAX1,20,21705857,NM_006192.5:c.145G>A,NP_006183.2:p.Gly49Ser,0.449,22.8,['Unknown%20significance'],78.69,0.82,0.0,0.1,0.1
PAX1,20,21705857,NM_006192.5:c.145G>C,NP_006183.2:p.Gly49Arg,0.530,20.2,['Likely%20benign'],78.69,0.82,0.0,0.1,0.1
PAX1,20,21705857,NM_006192.5:c.145G>T,NP_006183.2:p.Gly49Cys,0.524,24.6,['Unknown%20significance'],78.69,0.82,0.0,0.2,0.2
PAX1,20,21705858,NM_006192.5:c.146G>A,NP_006183.2:p.Gly49Asp,0.438,22.7,['Unknown%20significance'],78.69,0.82,0.0,0.2,0.2
PAX1,20,21705858,NM_006192.5:c.146G>C,NP_006183.2:p.Gly49Ala,0.353,22.7,['Unknown%20significance'],78.69,0.82,0.0,0.2,0.2
PAX1,20,21705858,NM_006192.5:c.146G>T,NP_006183.2:p.Gly49Val,0.476,24.1,['Unknown%20significance'],78.69,0.82,0.0,0.0,0.0
PAX1,20,21705860,NM_006192.5:c.148T>C,NP_006183.2:p.Ser50Pro,0.296,22.5,['Likely%20benign'],129.81,0.94,0.0,0.1,0.1
PAX1,20,21705861,NM_006192.5:c.149C>A,NP_006183.2:p.Ser50Tyr,0.428,22.6,['Unknown%20significance'],129.81,0.94,0.0,-0.0,0.0
PAX1,20,21705861,NM_006192.5:c.149C>T,NP_006183.2:p.Ser50Phe,0.401,22.9,['Unknown%20significance'],129.81,0.94,0.0,0.0,0.0
PAX1,20,21705863,NM_006192.5:c.151C>G,NP_006183.2:p.Arg51Gly,0.389,20.5,['Likely%20benign'],251.77,0.93,0.0,0.2,0.2
PAX1,20,21705863,NM_006192.5:c.151C>T,NP_006183.2:p.Arg51Trp,0.417,23.6,['Unknown%20significance'],251.77,0.93,0.0,0.0,0.0
PAX1,20,21705864,NM_006192.5:c.152G>A,NP_006183.2:p.Arg51Gln,0.244,23.0,['Likely%20benign'],251.77,0.93,0.0,0.1,0.1
PAX1,20,21705864,NM_006192.5:c.152G>C,NP_006183.2:p.Arg51Pro,0.370,21.7,['Likely%20benign'],251.77,0.93,0.0,0.1,0.1
PAX1,20,21705864,NM_006192.5:c.152G>T,NP_006183.2:p.Arg51Leu,0.375,21.5,['Likely%20benign'],251.77,0.93,0.0,0.1,0.1
PAX1,20,21705866,NM_006192.5:c.154C>A,NP_006183.2:p.Leu52Ile,0.370,22.8,['Unknown%20significance'],193.43,1.0,0.0,0.1,0.1
PAX1,20,21705866,NM_006192.5:c.154C>T,NP_006183.2:p.Leu52Phe,0.391,23.3,['Likely%20benign'],193.43,1.0,0.0,0.1,0.1
PAX1,20,21705867,NM_006192.5:c.155T>C,NP_006183.2:p.Leu52Pro,0.519,24.2,['Unknown%20significance'],193.43,1.0,0.0,0.2,0.2
PAX1,20,21705869,NM_006192.5:c.157T>A,NP_006183.2:p.Ser53Thr,0.324,21.9,['Likely%20benign'],114.76,0.83,0.0,-0.0,0.0
PAX1,20,21705869,NM_006192.5:c.157T>C,NP_006183.2:p.Ser53Pro,0.410,22.9,['Likely%20benign'],114.76,0.83,0.0,0.2,0.2
PAX1,20,21705870,NM_006192.5:c.158C>G,NP_006183.2:p.Ser53Trp,0.454,26.3,['Unknown%20significance'],114.76,0.83,0.0,-0.0,0.0
PAX1,20,21705870,NM_006192.5:c.158C>T,NP_006183.2:p.Ser53Leu,0.422,22.7,['Unknown%20significance'],114.76,0.83,0.0,0.1,0.1
PAX1,20,21705872,NM_006192.5:c.160G>A,NP_006183.2:p.Gly54Ser,0.265,18.77,['Likely%20benign'],83.76,0.87,0.0,-0.1,0.1
PAX1,20,21705872,NM_006192.5:c.160G>C,NP_006183.2:p.Gly54Arg,0.227,17.47,['Likely%20benign'],83.76,0.87,0.0,-0.2,0.2
PAX1,20,21705872,NM_006192.5:c.160G>T,NP_006183.2:p.Gly54Cys,0.255,22.2,['Likely%20benign'],83.76,0.87,0.0,-0.0,0.0
PAX1,20,21705873,NM_006192.5:c.161G>A,NP_006183.2:p.Gly54Asp,0.304,17.64,['Likely%20benign'],83.76,0.87,0.0,-0.0,0.0
PAX1,20,21705873,NM_006192.5:c.161G>T,NP_006183.2:p.Gly54Val,0.215,17.11,['Likely%20benign'],83.76,0.87,0.0,-0.1,0.1
PAX1,20,21705875,NM_006192.5:c.163G>A,NP_006183.2:p.Ala55Thr,0.299,23.1,['Unknown%20significance'],105.52,0.82,0.0,0.0,0.0
PAX1,20,21705875,NM_006192.5:c.163G>C,NP_006183.2:p.Ala55Pro,0.433,24.6,['Unknown%20significance'],105.52,0.82,0.0,0.2,0.2
PAX1,20,21705875,NM_006192.5:c.163G>T,NP_006183.2:p.Ala55Ser,0.250,20.3,['Likely%20benign'],105.52,0.82,0.0,0.1,0.1
PAX1,20,21705876,NM_006192.5:c.164C>A,NP_006183.2:p.Ala55Asp,0.411,23.1,['Unknown%20significance'],105.52,0.82,0.0,0.3,0.3
PAX1,20,21705876,NM_006192.5:c.164C>T,NP_006183.2:p.Ala55Val,0.227,21.1,['Unknown%20significance'],105.52,0.82,0.0,0.0,0.0
PAX1,20,21705878,NM_006192.5:c.166C>A,NP_006183.2:p.Leu56Ile,0.369,23.1,['Unknown%20significance'],168.41,0.87,0.0,0.1,0.1
PAX1,20,21705878,NM_006192.5:c.166C>T,NP_006183.2:p.Leu56Phe,0.373,24.8,['Likely%20benign'],168.41,0.87,0.0,0.1,0.1
PAX1,20,21705879,NM_006192.5:c.167T>A,NP_006183.2:p.Leu56His,0.425,24.4,['Unknown%20significance'],168.41,0.87,0.0,0.2,0.2
PAX1,20,21705879,NM_006192.5:c.167T>C,NP_006183.2:p.Leu56Pro,0.330,22.0,['Unknown%20significance'],168.41,0.87,0.0,0.2,0.2
PAX1,20,21705881,NM_006192.5:c.169C>A,NP_006183.2:p.Pro57Thr,0.506,22.4,['Unknown%20significance'],131.62,0.83,0.0,0.5,0.5
PAX1,20,21705881,NM_006192.5:c.169C>T,NP_006183.2:p.Pro57Ser,0.450,19.07,['Unknown%20significance'],131.62,0.83,0.0,0.5,0.5
PAX1,20,21705882,NM_006192.5:c.170C>A,NP_006183.2:p.Pro57His,0.552,24.1,['Unknown%20significance'],131.62,0.83,0.0,0.4,0.4
PAX1,20,21705882,NM_006192.5:c.170C>T,NP_006183.2:p.Pro57Leu,0.655,23.0,['Unknown%20significance'],131.62,0.83,0.0,0.2,0.2
PAX1,20,21705884,NM_006192.5:c.172C>A,NP_006183.2:p.Leu58Ile,0.422,23.7,['Unknown%20significance'],165.14,0.85,0.0,0.2,0.2
PAX1,20,21705884,NM_006192.5:c.172C>G,NP_006183.2:p.Leu58Val,0.427,23.3,['Unknown%20significance'],165.14,0.85,0.0,0.2,0.2
PAX1,20,21705885,NM_006192.5:c.173T>C,NP_006183.2:p.Leu58Pro,0.574,22.6,['Unknown%20significance'],165.14,0.85,0.0,0.7,0.7
PAX1,20,21705887,NM_006192.5:c.175T>A,NP_006183.2:p.Cys59Ser,0.368,23.4,['Likely%20benign'],129.24,0.83,0.0,0.6,0.6
PAX1,20,21705887,NM_006192.5:c.175T>C,NP_006183.2:p.Cys59Arg,0.577,23.8,['Unknown%20significance'],129.24,0.83,0.0,0.5,0.5
PAX1,20,21705888,NM_006192.5:c.176G>A,NP_006183.2:p.Cys59Tyr,0.546,25.1,['Unknown%20significance'],129.24,0.83,0.0,0.4,0.4
PAX1,20,21705888,NM_006192.5:c.176G>C,NP_006183.2:p.Cys59Ser,0.413,23.3,['Likely%20benign'],129.24,0.83,0.0,0.6,0.6
PAX1,20,21705888,NM_006192.5:c.176G>T,NP_006183.2:p.Cys59Phe,0.529,25.2,['Unknown%20significance'],129.24,0.83,0.0,0.3,0.3
PAX1,20,21705890,NM_006192.5:c.178C>A,NP_006183.2:p.Leu60Ile,0.240,19.87,['Likely%20benign'],189.96,0.98,0.0,0.1,0.1
PAX1,20,21705890,NM_006192.5:c.178C>T,NP_006183.2:p.Leu60Phe,0.365,23.1,['Likely%20benign'],189.96,0.98,0.0,0.1,0.1
PAX1,20,21705891,NM_006192.5:c.179T>A,NP_006183.2:p.Leu60His,0.579,25.6,['Unknown%20significance'],189.96,0.98,0.0,0.2,0.2
PAX1,20,21705891,NM_006192.5:c.179T>C,NP_006183.2:p.Leu60Pro,0.640,26.1,['Unknown%20significance'],189.96,0.98,0.0,0.2,0.2
PAX1,20,21705893,NM_006192.5:c.181T>A,NP_006183.2:p.Ser61Thr,0.237,20.8,['Unknown%20significance'],117.5,0.85,0.0,0.0,0.0
PAX1,20,21705893,NM_006192.5:c.181T>C,NP_006183.2:p.Ser61Pro,0.355,22.6,['Unknown%20significance'],117.5,0.85,0.0,0.1,0.1
PAX1,20,21705894,NM_006192.5:c.182C>T,NP_006183.2:p.Ser61Leu,0.364,21.0,['Unknown%20significance'],117.5,0.85,0.0,-0.0,0.0
PAX1,20,21705896,NM_006192.5:c.184C>A,NP_006183.2:p.Arg62Ser,0.338,11.37,['Likely%20benign'],262.43,0.97,0.0,0.1,0.1
PAX1,20,21705896,NM_006192.5:c.184C>G,NP_006183.2:p.Arg62Gly,0.363,13.33,['Likely%20benign'],262.43,0.97,0.0,0.2,0.2
PAX1,20,21705896,NM_006192.5:c.184C>T,NP_006183.2:p.Arg62Cys,0.321,19.53,['Likely%20benign'],262.43,0.97,0.0,0.2,0.2
PAX1,20,21705897,NM_006192.5:c.185G>A,NP_006183.2:p.Arg62His,0.237,18.02,['Unknown%20significance'],262.43,0.97,0.0,0.1,0.1
PAX1,20,21705897,NM_006192.5:c.185G>C,NP_006183.2:p.Arg62Pro,0.337,18.01,['Unknown%20significance'],262.43,0.97,0.0,0.2,0.2
PAX1,20,21705897,NM_006192.5:c.185G>T,NP_006183.2:p.Arg62Leu,0.279,21.4,['Likely%20benign'],262.43,0.97,0.0,0.0,0.0
PAX1,20,21705899,NM_006192.5:c.187G>A,NP_006183.2:p.Gly63Ser,0.243,14.84,['Likely%20benign'],76.76,0.8,0.0,0.2,0.2
PAX1,20,21705899,NM_006192.5:c.187G>C,NP_006183.2:p.Gly63Arg,0.287,15.43,['Likely%20benign'],76.76,0.8,0.0,0.2,0.2
PAX1,20,21705899,NM_006192.5:c.187G>T,NP_006183.2:p.Gly63Cys,0.398,17.08,['Likely%20benign'],76.76,0.8,0.0,0.4,0.4
PAX1,20,21705900,NM_006192.5:c.188G>A,NP_006183.2:p.Gly63Asp,0.249,21.3,['Likely%20benign'],76.76,0.8,0.0,0.3,0.3
PAX1,20,21705900,NM_006192.5:c.188G>C,NP_006183.2:p.Gly63Ala,0.179,15.80,['Likely%20benign'],76.76,0.8,0.0,0.3,0.3
PAX1,20,21705900,NM_006192.5:c.188G>T,NP_006183.2:p.Gly63Val,0.244,17.05,['Likely%20benign'],76.76,0.8,0.0,0.3,0.3
PAX1,20,21705902,NM_006192.5:c.190G>A,NP_006183.2:p.Gly64Ser,0.341,16.62,['Likely%20benign'],89.72,0.94,0.0,-0.0,0.0
PAX1,20,21705902,NM_006192.5:c.190G>C,NP_006183.2:p.Gly64Arg,0.380,23.2,['Unknown%20significance'],89.72,0.94,0.0,-0.1,0.1
PAX1,20,21705902,NM_006192.5:c.190G>T,NP_006183.2:p.Gly64Cys,0.292,21.7,['Unknown%20significance'],89.72,0.94,0.0,0.1,0.1
PAX1,20,21705903,NM_006192.5:c.191G>A,NP_006183.2:p.Gly64Asp,0.396,20.9,['Unknown%20significance'],89.72,0.94,0.0,0.0,0.0
PAX1,20,21705903,NM_006192.5:c.191G>C,NP_006183.2:p.Gly64Ala,0.332,14.32,['Likely%20benign'],89.72,0.94,0.0,0.0,0.0
PAX1,20,21705903,NM_006192.5:c.191G>T,NP_006183.2:p.Gly64Val,0.353,20.3,['Unknown%20significance'],89.72,0.94,0.0,0.0,0.0
PAX1,20,21705905,NM_006192.5:c.193G>A,NP_006183.2:p.Gly65Ser,0.275,12.81,['Unknown%20significance'],87.11,0.91,0.0,-0.0,0.0
PAX1,20,21705905,NM_006192.5:c.193G>T,NP_006183.2:p.Gly65Cys,0.367,21.9,['Unknown%20significance'],87.11,0.91,0.0,0.0,0.0
PAX1,20,21705906,NM_006192.5:c.194G>A,NP_006183.2:p.Gly65Asp,0.363,14.05,['Likely%20benign'],87.11,0.91,0.0,0.0,0.0
PAX1,20,21705906,NM_006192.5:c.194G>T,NP_006183.2:p.Gly65Val,0.316,14.04,['Likely%20benign'],87.11,0.91,0.0,-0.0,0.0
PAX1,20,21705908,NM_006192.5:c.196G>A,NP_006183.2:p.Gly66Ser,0.280,17.93,['Likely%20benign'],93.87,0.98,0.0,0.0,0.0
PAX1,20,21705908,NM_006192.5:c.196G>T,NP_006183.2:p.Gly66Cys,0.337,22.7,['Unknown%20significance'],93.87,0.98,0.0,0.1,0.1
PAX1,20,21705909,NM_006192.5:c.197G>A,NP_006183.2:p.Gly66Asp,0.272,14.75,['Likely%20benign'],93.87,0.98,0.0,0.1,0.1
PAX1,20,21705909,NM_006192.5:c.197G>C,NP_006183.2:p.Gly66Ala,0.321,14.65,['Unknown%20significance'],93.87,0.98,0.0,0.0,0.0
PAX1,20,21705909,NM_006192.5:c.197G>T,NP_006183.2:p.Gly66Val,0.273,16.36,['Unknown%20significance'],93.87,0.98,0.0,0.0,0.0
PAX1,20,21705911,NM_006192.5:c.199G>A,NP_006183.2:p.Ala67Thr,0.178,16.24,['Likely%20benign'],105.63,0.83,0.0,-0.0,0.0
PAX1,20,21705911,NM_006192.5:c.199G>C,NP_006183.2:p.Ala67Pro,0.247,16.29,['Likely%20benign'],105.63,0.83,0.0,-0.1,0.1
PAX1,20,21705911,NM_006192.5:c.199G>T,NP_006183.2:p.Ala67Ser,0.214,14.85,['Likely%20benign'],105.63,0.83,0.0,0.0,0.0
PAX1,20,21705912,NM_006192.5:c.200C>A,NP_006183.2:p.Ala67Asp,0.330,21.2,['Likely%20benign'],105.63,0.83,0.0,0.2,0.2
PAX1,20,21705912,NM_006192.5:c.200C>G,NP_006183.2:p.Ala67Gly,0.291,16.66,['Likely%20benign'],105.63,0.83,0.0,0.2,0.2
PAX1,20,21705912,NM_006192.5:c.200C>T,NP_006183.2:p.Ala67Val,0.250,20.9,['Likely%20benign'],105.63,0.83,0.0,-0.1,0.1
PAX1,20,21705914,NM_006192.5:c.202C>A,NP_006183.2:p.Gln68Lys,0.318,15.19,['Likely%20benign'],201.47,1.0,0.0,0.1,0.1
PAX1,20,21705915,NM_006192.5:c.203A>C,NP_006183.2:p.Gln68Pro,0.345,10.87,['Likely%20benign'],201.47,1.0,0.0,-0.1,0.1
PAX1,20,21705915,NM_006192.5:c.203A>G,NP_006183.2:p.Gln68Arg,0.304,6.016,['Likely%20benign'],201.47,1.0,0.0,-0.0,0.0
PAX1,20,21705915,NM_006192.5:c.203A>T,NP_006183.2:p.Gln68Leu,0.362,13.39,['Likely%20benign'],201.47,1.0,0.0,-0.1,0.1
PAX1,20,21705916,NM_006192.5:c.204A>T,NP_006183.2:p.Gln68His,0.294,17.12,['Likely%20benign'],201.47,1.0,0.0,-0.0,0.0
PAX1,20,21705917,NM_006192.5:c.205G>A,NP_006183.2:p.Ala69Thr,0.290,16.93,['Unknown%20significance'],88.87,0.69,0.0,0.1,0.1
PAX1,20,21705917,NM_006192.5:c.205G>C,NP_006183.2:p.Ala69Pro,0.397,20.6,['Unknown%20significance'],88.87,0.69,0.0,0.3,0.3
PAX1,20,21705917,NM_006192.5:c.205G>T,NP_006183.2:p.Ala69Ser,0.380,15.71,['Unknown%20significance'],88.87,0.69,0.0,0.1,0.1
PAX1,20,21705918,NM_006192.5:c.206C>A,NP_006183.2:p.Ala69Asp,0.455,23.2,['Unknown%20significance'],88.87,0.69,0.0,0.4,0.4
PAX1,20,21705918,NM_006192.5:c.206C>G,NP_006183.2:p.Ala69Gly,0.427,21.7,['Unknown%20significance'],88.87,0.69,0.0,0.4,0.4
PAX1,20,21705918,NM_006192.5:c.206C>T,NP_006183.2:p.Ala69Val,0.362,21.8,['Unknown%20significance'],88.87,0.69,0.0,-0.0,0.0
PAX1,20,21705920,NM_006192.5:c.208C>A,NP_006183.2:p.Leu70Ile,0.283,19.85,['Likely%20benign'],171.25,0.88,0.0,0.2,0.2
PAX1,20,21705921,NM_006192.5:c.209T>C,NP_006183.2:p.Leu70Pro,0.468,24.4,['Unknown%20significance'],171.25,0.88,0.0,0.5,0.5
PAX1,20,21705923,NM_006192.5:c.211C>A,NP_006183.2:p.Pro71Thr,0.323,16.12,['Likely%20benign'],149.73,0.95,0.0,0.2,0.2
PAX1,20,21705923,NM_006192.5:c.211C>T,NP_006183.2:p.Pro71Ser,0.286,20.3,['Likely%20benign'],149.73,0.95,0.0,0.2,0.2
PAX1,20,21705924,NM_006192.5:c.212C>A,NP_006183.2:p.Pro71Gln,0.325,15.02,['Likely%20benign'],149.73,0.95,0.0,0.2,0.2
PAX1,20,21705924,NM_006192.5:c.212C>G,NP_006183.2:p.Pro71Arg,0.392,15.56,['Likely%20benign'],149.73,0.95,0.0,0.2,0.2
PAX1,20,21705924,NM_006192.5:c.212C>T,NP_006183.2:p.Pro71Leu,0.342,11.72,['Likely%20benign'],149.73,0.95,0.0,0.1,0.1
PAX1,20,21705926,NM_006192.5:c.214G>A,NP_006183.2:p.Asp72Asn,0.252,19.98,['Unknown%20significance'],118.61,0.74,0.0,-0.0,0.0
PAX1,20,21705926,NM_006192.5:c.214G>T,NP_006183.2:p.Asp72Tyr,0.314,22.5,['Likely%20benign'],118.61,0.74,0.0,-0.3,0.3
PAX1,20,21705927,NM_006192.5:c.215A>C,NP_006183.2:p.Asp72Ala,0.382,18.25,['Likely%20benign'],118.61,0.74,0.0,-0.0,0.0
PAX1,20,21705927,NM_006192.5:c.215A>G,NP_006183.2:p.Asp72Gly,0.402,17.99,['Likely%20benign'],118.61,0.74,0.0,0.2,0.2
PAX1,20,21705928,NM_006192.5:c.216C>A,NP_006183.2:p.Asp72Glu,0.277,14.28,['Likely%20benign'],118.61,0.74,0.0,0.0,0.0
PAX1,20,21705929,NM_006192.5:c.217T>A,NP_006183.2:p.Cys73Ser,0.322,19.37,['Likely%20benign'],157.11,1.0,0.0,0.2,0.2
PAX1,20,21705929,NM_006192.5:c.217T>C,NP_006183.2:p.Cys73Arg,0.322,16.62,['Likely%20benign'],157.11,1.0,0.0,0.1,0.1
PAX1,20,21705929,NM_006192.5:c.217T>G,NP_006183.2:p.Cys73Gly,0.363,20.6,['Unknown%20significance'],157.11,1.0,0.0,0.2,0.2
PAX1,20,21705930,NM_006192.5:c.218G>A,NP_006183.2:p.Cys73Tyr,0.374,21.9,['Unknown%20significance'],157.11,1.0,0.0,0.1,0.1
PAX1,20,21705930,NM_006192.5:c.218G>C,NP_006183.2:p.Cys73Ser,0.310,22.8,['Unknown%20significance'],157.11,1.0,0.0,0.2,0.2
PAX1,20,21705930,NM_006192.5:c.218G>T,NP_006183.2:p.Cys73Phe,0.389,22.3,['Unknown%20significance'],157.11,1.0,0.0,0.1,0.1
PAX1,20,21705932,NM_006192.5:c.220G>A,NP_006183.2:p.Ala74Thr,0.324,19.32,['Unknown%20significance'],115.55,0.9,0.0,0.0,0.0
PAX1,20,21705932,NM_006192.5:c.220G>T,NP_006183.2:p.Ala74Ser,0.295,14.48,['Likely%20benign'],115.55,0.9,0.0,0.0,0.0
PAX1,20,21705933,NM_006192.5:c.221C>A,NP_006183.2:p.Ala74Asp,0.385,21.9,['Unknown%20significance'],115.55,0.9,0.0,0.1,0.1
PAX1,20,21705933,NM_006192.5:c.221C>T,NP_006183.2:p.Ala74Val,0.315,21.8,['Unknown%20significance'],115.55,0.9,0.0,-0.0,0.0
PAX1,20,21705935,NM_006192.5:c.223G>A,NP_006183.2:p.Gly75Arg,0.307,22.4,['Likely%20benign'],65.15,0.68,0.0,-0.1,0.1
PAX1,20,21705935,NM_006192.5:c.223G>C,NP_006183.2:p.Gly75Arg,0.309,22.3,['Likely%20benign'],65.15,0.68,0.0,-0.1,0.1
PAX1,20,21705935,NM_006192.5:c.223G>T,NP_006183.2:p.Gly75Trp,0.381,26.6,['Unknown%20significance'],65.15,0.68,0.0,-0.3,0.3
PAX1,20,21705936,NM_006192.5:c.224G>A,NP_006183.2:p.Gly75Glu,0.333,24.9,['Unknown%20significance'],65.15,0.68,0.0,0.1,0.1
PAX1,20,21705938,NM_006192.5:c.226C>A,NP_006183.2:p.Pro76Thr,0.435,22.7,['Unknown%20significance'],153.21,0.97,0.0,0.1,0.1
PAX1,20,21705938,NM_006192.5:c.226C>T,NP_006183.2:p.Pro76Ser,0.453,23.0,['Unknown%20significance'],153.21,0.97,0.0,0.1,0.1
PAX1,20,21705939,NM_006192.5:c.227C>A,NP_006183.2:p.Pro76His,0.535,24.8,['Unknown%20significance'],153.21,0.97,0.0,0.1,0.1
PAX1,20,21705939,NM_006192.5:c.227C>T,NP_006183.2:p.Pro76Leu,0.589,24.9,['Unknown%20significance'],153.21,0.97,0.0,0.1,0.1
PAX1,20,21705941,NM_006192.5:c.229A>C,NP_006183.2:p.Ser77Arg,0.302,22.0,['Unknown%20significance'],124.5,0.9,0.0,-0.0,0.0
PAX1,20,21705941,NM_006192.5:c.229A>G,NP_006183.2:p.Ser77Gly,0.309,21.2,['Unknown%20significance'],124.5,0.9,0.0,0.2,0.2
PAX1,20,21705942,NM_006192.5:c.230G>A,NP_006183.2:p.Ser77Asn,0.353,17.80,['Unknown%20significance'],124.5,0.9,0.0,0.1,0.1
PAX1,20,21705942,NM_006192.5:c.230G>T,NP_006183.2:p.Ser77Ile,0.387,22.5,['Unknown%20significance'],124.5,0.9,0.0,0.0,0.0
PAX1,20,21705943,NM_006192.5:c.231C>A,NP_006183.2:p.Ser77Arg,0.295,18.55,['Unknown%20significance'],124.5,0.9,0.0,-0.0,0.0
PAX1,20,21705944,NM_006192.5:c.232C>A,NP_006183.2:p.Pro78Thr,0.231,15.44,['Likely%20benign'],133.65,0.84,0.0,0.1,0.1
PAX1,20,21705944,NM_006192.5:c.232C>T,NP_006183.2:p.Pro78Ser,0.240,11.79,['Likely%20benign'],133.65,0.84,0.0,0.2,0.2
PAX1,20,21705945,NM_006192.5:c.233C>A,NP_006183.2:p.Pro78His,0.336,18.06,['Unknown%20significance'],133.65,0.84,0.0,0.1,0.1
PAX1,20,21705945,NM_006192.5:c.233C>T,NP_006183.2:p.Pro78Leu,0.246,18.24,['Unknown%20significance'],133.65,0.84,0.0,0.1,0.1
PAX1,20,21705947,NM_006192.5:c.235G>A,NP_006183.2:p.Gly79Ser,0.308,14.33,['Unknown%20significance'],66.17,0.69,0.0,-0.1,0.1
PAX1,20,21705947,NM_006192.5:c.235G>C,NP_006183.2:p.Gly79Arg,0.302,14.77,['Unknown%20significance'],66.17,0.69,0.0,-0.1,0.1
PAX1,20,21705947,NM_006192.5:c.235G>T,NP_006183.2:p.Gly79Cys,0.304,16.59,['Likely%20benign'],66.17,0.69,0.0,-0.1,0.1
PAX1,20,21705948,NM_006192.5:c.236G>A,NP_006183.2:p.Gly79Asp,0.237,14.53,['Likely%20benign'],66.17,0.69,0.0,0.2,0.2
PAX1,20,21705948,NM_006192.5:c.236G>C,NP_006183.2:p.Gly79Ala,0.266,11.18,['Likely%20benign'],66.17,0.69,0.0,-0.1,0.1
PAX1,20,21705948,NM_006192.5:c.236G>T,NP_006183.2:p.Gly79Val,0.177,14.01,['Unknown%20significance'],66.17,0.69,0.0,-0.5,0.5
PAX1,20,21705950,NM_006192.5:c.238C>A,NP_006183.2:p.His80Asn,0.177,12.75,['Likely%20benign'],203.01,0.98,0.0,0.1,0.1
PAX1,20,21705951,NM_006192.5:c.239A>C,NP_006183.2:p.His80Pro,0.333,14.99,['Likely%20benign'],203.01,0.98,0.0,0.2,0.2
PAX1,20,21705951,NM_006192.5:c.239A>G,NP_006183.2:p.His80Arg,0.202,7.212,['Likely%20benign'],203.01,0.98,0.0,0.1,0.1
PAX1,20,21705952,NM_006192.5:c.240C>A,NP_006183.2:p.His80Gln,0.235,12.81,['Likely%20benign'],203.01,0.98,0.0,0.1,0.1
PAX1,20,21705953,NM_006192.5:c.241C>A,NP_006183.2:p.Pro81Thr,0.365,19.56,['Likely%20benign'],139.33,0.88,0.0,-0.0,0.0
PAX1,20,21705953,NM_006192.5:c.241C>G,NP_006183.2:p.Pro81Ala,0.324,16.80,['Likely%20benign'],139.33,0.88,0.0,0.0,0.0
PAX1,20,21705953,NM_006192.5:c.241C>T,NP_006183.2:p.Pro81Ser,0.377,17.92,['Likely%20benign'],139.33,0.88,0.0,0.0,0.0
PAX1,20,21705954,NM_006192.5:c.242C>A,NP_006183.2:p.Pro81His,0.393,23.7,['Unknown%20significance'],139.33,0.88,0.0,-0.1,0.1
PAX1,20,21705954,NM_006192.5:c.242C>T,NP_006183.2:p.Pro81Leu,0.452,22.5,['Likely%20benign'],139.33,0.88,0.0,-0.2,0.2
PAX1,20,21705956,NM_006192.5:c.244G>A,NP_006183.2:p.Gly82Ser,0.237,17.42,['Likely%20benign'],51.42,0.53,0.0,-0.0,0.0
PAX1,20,21705956,NM_006192.5:c.244G>C,NP_006183.2:p.Gly82Arg,0.275,17.23,['Unknown%20significance'],51.42,0.53,0.0,-0.1,0.1
PAX1,20,21705956,NM_006192.5:c.244G>T,NP_006183.2:p.Gly82Cys,0.332,22.7,['Likely%20benign'],51.42,0.53,0.0,-0.0,0.0
PAX1,20,21705957,NM_006192.5:c.245G>A,NP_006183.2:p.Gly82Asp,0.292,20.9,['Unknown%20significance'],51.42,0.53,0.0,0.2,0.2
PAX1,20,21705957,NM_006192.5:c.245G>T,NP_006183.2:p.Gly82Val,0.359,21.0,['Unknown%20significance'],51.42,0.53,0.0,-0.4,0.4
PAX1,20,21705959,NM_006192.5:c.247C>A,NP_006183.2:p.His83Asn,0.199,15.55,['Likely%20benign'],205.82,1.0,0.0,0.1,0.1
PAX1,20,21705959,NM_006192.5:c.247C>T,NP_006183.2:p.His83Tyr,0.285,15.97,['Unknown%20significance'],205.82,1.0,0.0,-0.1,0.1
PAX1,20,21705960,NM_006192.5:c.248A>C,NP_006183.2:p.His83Pro,0.355,17.58,['Likely%20benign'],205.82,1.0,0.0,0.1,0.1
PAX1,20,21705960,NM_006192.5:c.248A>G,NP_006183.2:p.His83Arg,0.176,14.17,['Unknown%20significance'],205.82,1.0,0.0,0.0,0.0
PAX1,20,21705960,NM_006192.5:c.248A>T,NP_006183.2:p.His83Leu,0.334,16.30,['Likely%20benign'],205.82,1.0,0.0,-0.1,0.1
PAX1,20,21705961,NM_006192.5:c.249C>A,NP_006183.2:p.His83Gln,0.197,12.99,['Likely%20benign'],205.82,1.0,0.0,0.1,0.1
PAX1,20,21705961,NM_006192.5:c.249C>G,NP_006183.2:p.His83Gln,0.205,13.14,['Likely%20benign'],205.82,1.0,0.0,0.1,0.1
PAX1,20,21705962,NM_006192.5:c.250C>A,NP_006183.2:p.Pro84Thr,0.282,11.77,['Likely%20benign'],146.99,0.93,0.0,-0.0,0.0
PAX1,20,21705962,NM_006192.5:c.250C>G,NP_006183.2:p.Pro84Ala,0.265,5.121,['Likely%20benign'],146.99,0.93,0.0,-0.0,0.0
PAX1,20,21705962,NM_006192.5:c.250C>T,NP_006183.2:p.Pro84Ser,0.256,10.33,['Likely%20benign'],146.99,0.93,0.0,0.0,0.0
PAX1,20,21705963,NM_006192.5:c.251C>A,NP_006183.2:p.Pro84His,0.302,20.6,['Unknown%20significance'],146.99,0.93,0.0,-0.0,0.0
PAX1,20,21705963,NM_006192.5:c.251C>G,NP_006183.2:p.Pro84Arg,0.259,16.28,['Likely%20benign'],146.99,0.93,0.0,-0.0,0.0
PAX1,20,21705963,NM_006192.5:c.251C>T,NP_006183.2:p.Pro84Leu,0.266,16.49,['Likely%20benign'],146.99,0.93,0.0,-0.2,0.2
PAX1,20,21705965,NM_006192.5:c.253G>A,NP_006183.2:p.Gly85Ser,0.221,14.10,['Likely%20benign'],77.54,0.81,0.0,-0.1,0.1
PAX1,20,21705965,NM_006192.5:c.253G>T,NP_006183.2:p.Gly85Cys,0.467,22.1,['Unknown%20significance'],77.54,0.81,0.0,-0.1,0.1
PAX1,20,21705966,NM_006192.5:c.254G>A,NP_006183.2:p.Gly85Asp,0.466,20.1,['Unknown%20significance'],77.54,0.81,0.0,0.1,0.1
PAX1,20,21705968,NM_006192.5:c.256G>A,NP_006183.2:p.Ala86Thr,0.402,23.7,['Unknown%20significance'],119.28,0.93,0.0,0.0,0.0
PAX1,20,21705968,NM_006192.5:c.256G>T,NP_006183.2:p.Ala86Ser,0.362,23.4,['Unknown%20significance'],119.28,0.93,0.0,0.0,0.0
PAX1,20,21705969,NM_006192.5:c.257C>A,NP_006183.2:p.Ala86Asp,0.517,23.8,['Unknown%20significance'],119.28,0.93,0.0,0.1,0.1
PAX1,20,21705969,NM_006192.5:c.257C>G,NP_006183.2:p.Ala86Gly,0.405,23.6,['Likely%20benign'],119.28,0.93,0.0,0.1,0.1
PAX1,20,21705969,NM_006192.5:c.257C>T,NP_006183.2:p.Ala86Val,0.427,23.8,['Unknown%20significance'],119.28,0.93,0.0,-0.1,0.1
PAX1,20,21705971,NM_006192.5:c.259A>G,NP_006183.2:p.Arg87Gly,0.541,26.5,['Unknown%20significance'],256.64,0.95,0.0,0.2,0.2
PAX1,20,21705972,NM_006192.5:c.260G>A,NP_006183.2:p.Arg87Lys,0.464,24.4,['Unknown%20significance'],256.64,0.95,0.0,0.1,0.1
PAX1,20,21705972,NM_006192.5:c.260G>T,NP_006183.2:p.Arg87Met,0.572,24.9,['Unknown%20significance'],256.64,0.95,0.0,-0.0,0.0
PAX1,20,21705973,NM_006192.5:c.261G>T,NP_006183.2:p.Arg87Ser,0.591,24.2,['Unknown%20significance'],256.64,0.95,0.0,0.1,0.1
PAX1,20,21705974,NM_006192.5:c.262C>A,NP_006183.2:p.Gln88Lys,0.338,22.6,['Likely%20benign'],185.72,0.93,0.0,0.1,0.1
PAX1,20,21705974,NM_006192.5:c.262C>G,NP_006183.2:p.Gln88Glu,0.323,18.98,['Unknown%20significance'],185.72,0.93,0.0,0.1,0.1
PAX1,20,21705975,NM_006192.5:c.263A>G,NP_006183.2:p.Gln88Arg,0.298,21.3,['Likely%20benign'],185.72,0.93,0.0,-0.0,0.0
PAX1,20,21705976,NM_006192.5:c.264G>C,NP_006183.2:p.Gln88His,0.424,23.9,['Unknown%20significance'],185.72,0.93,0.0,-0.0,0.0
PAX1,20,21705976,NM_006192.5:c.264G>T,NP_006183.2:p.Gln88His,0.424,23.8,['Unknown%20significance'],185.72,0.93,0.0,-0.0,0.0
PAX1,20,21705977,NM_006192.5:c.265C>A,NP_006183.2:p.Leu89Met,0.340,22.8,['Unknown%20significance'],210.93,1.0,0.0,0.0,0.0
PAX1,20,21705978,NM_006192.5:c.266T>A,NP_006183.2:p.Leu89Gln,0.467,19.74,['Unknown%20significance'],210.93,1.0,0.0,0.1,0.1
PAX1,20,21705978,NM_006192.5:c.266T>C,NP_006183.2:p.Leu89Pro,0.353,18.24,['Likely%20benign'],210.93,1.0,0.0,0.2,0.2
PAX1,20,21705980,NM_006192.5:c.268G>A,NP_006183.2:p.Ala90Thr,0.359,19.36,['Unknown%20significance'],94.08,0.73,0.0,-0.0,0.0
PAX1,20,21705980,NM_006192.5:c.268G>T,NP_006183.2:p.Ala90Ser,0.365,17.57,['Likely%20benign'],94.08,0.73,0.0,0.1,0.1
PAX1,20,21705981,NM_006192.5:c.269C>A,NP_006183.2:p.Ala90Asp,0.440,19.26,['Unknown%20significance'],94.08,0.73,0.0,0.2,0.2
PAX1,20,21705981,NM_006192.5:c.269C>T,NP_006183.2:p.Ala90Val,0.191,14.74,['Unknown%20significance'],94.08,0.73,0.0,-0.1,0.1
PAX1,20,21705983,NM_006192.5:c.271G>A,NP_006183.2:p.Gly91Ser,0.332,15.15,['Likely%20benign'],44.29,0.46,0.0,-0.1,0.1
PAX1,20,21705983,NM_006192.5:c.271G>C,NP_006183.2:p.Gly91Arg,0.343,20.7,['Unknown%20significance'],44.29,0.46,0.0,-0.2,0.2
PAX1,20,21705983,NM_006192.5:c.271G>T,NP_006183.2:p.Gly91Cys,0.410,23.0,['Unknown%20significance'],44.29,0.46,0.0,-0.0,0.0
PAX1,20,21705984,NM_006192.5:c.272G>A,NP_006183.2:p.Gly91Asp,0.359,22.6,['Unknown%20significance'],44.29,0.46,0.0,0.2,0.2
PAX1,20,21705984,NM_006192.5:c.272G>C,NP_006183.2:p.Gly91Ala,0.225,17.95,['Unknown%20significance'],44.29,0.46,0.0,-0.1,0.1
PAX1,20,21705984,NM_006192.5:c.272G>T,NP_006183.2:p.Gly91Val,0.238,22.1,['Unknown%20significance'],44.29,0.46,0.0,-0.5,0.5
PAX1,20,21705986,NM_006192.5:c.274C>A,NP_006183.2:p.Pro92Thr,0.245,18.12,['Likely%20benign'],170.54,1.0,0.0,0.0,0.0
PAX1,20,21705987,NM_006192.5:c.275C>A,NP_006183.2:p.Pro92Gln,0.230,15.69,['Unknown%20significance'],170.54,1.0,0.0,0.0,0.0
PAX1,20,21705987,NM_006192.5:c.275C>G,NP_006183.2:p.Pro92Arg,0.321,16.11,['Likely%20benign'],170.54,1.0,0.0,-0.0,0.0
PAX1,20,21705987,NM_006192.5:c.275C>T,NP_006183.2:p.Pro92Leu,0.233,20.1,['Unknown%20significance'],170.54,1.0,0.0,-0.0,0.0
PAX1,20,21705989,NM_006192.5:c.277C>A,NP_006183.2:p.Leu93Ile,0.274,10.11,['Likely%20benign'],182.01,0.94,0.0,0.0,0.0
PAX1,20,21705989,NM_006192.5:c.277C>T,NP_006183.2:p.Leu93Phe,0.293,9.273,['Likely%20benign'],182.01,0.94,0.0,-0.0,0.0
PAX1,20,21705992,NM_006192.5:c.280G>A,NP_006183.2:p.Ala94Thr,0.238,18.28,['Unknown%20significance'],113.37,0.89,0.0,-0.0,0.0
PAX1,20,21705992,NM_006192.5:c.280G>C,NP_006183.2:p.Ala94Pro,0.476,19.78,['Unknown%20significance'],113.37,0.89,0.0,0.1,0.1
PAX1,20,21705992,NM_006192.5:c.280G>T,NP_006183.2:p.Ala94Ser,0.216,16.48,['Likely%20benign'],113.37,0.89,0.0,-0.0,0.0
PAX1,20,21705993,NM_006192.5:c.281C>A,NP_006183.2:p.Ala94Asp,0.504,22.9,['Likely%20benign'],113.37,0.89,0.0,0.1,0.1
PAX1,20,21705993,NM_006192.5:c.281C>T,NP_006183.2:p.Ala94Val,0.209,21.1,['Likely%20benign'],113.37,0.89,0.0,-0.0,0.0
PAX1,20,21705995,NM_006192.5:c.283A>C,NP_006183.2:p.Met95Leu,0.521,21.0,['Likely%20benign'],173.45,0.8,0.0,0.2,0.2
PAX1,20,21705995,NM_006192.5:c.283A>G,NP_006183.2:p.Met95Val,0.498,22.8,['Unknown%20significance'],173.45,0.8,0.0,0.3,0.3
PAX1,20,21705995,NM_006192.5:c.283A>T,NP_006183.2:p.Met95Leu,0.512,21.0,['Likely%20benign'],173.45,0.8,0.0,0.2,0.2
PAX1,20,21705996,NM_006192.5:c.284T>C,NP_006183.2:p.Met95Thr,0.525,23.0,['Likely%20benign'],173.45,0.8,0.0,0.3,0.3
PAX1,20,21705997,NM_006192.5:c.285G>A,NP_006183.2:p.Met95Ile,0.417,22.6,['Unknown%20significance'],173.45,0.8,0.0,0.2,0.2
PAX1,20,21705997,NM_006192.5:c.285G>T,NP_006183.2:p.Met95Ile,0.421,22.4,['Unknown%20significance'],173.45,0.8,0.0,0.2,0.2
PAX1,20,21705998,NM_006192.5:c.286G>A,NP_006183.2:p.Glu96Lys,0.623,34,['Unknown%20significance'],174.72,0.89,0.0,0.1,0.1
PAX1,20,21706439,NM_006192.5:c.288G>T,NP_006183.2:p.Glu96Asp,0.336,23.9,['Unknown%20significance'],174.72,0.89,0.0,0.0,0.0
PAX1,20,21706440,NM_006192.5:c.289C>A,NP_006183.2:p.Gln97Lys,0.700,24.0,['Unknown%20significance'],96.47,0.48,0.0,0.4,0.4
PAX1,20,21706440,NM_006192.5:c.289C>G,NP_006183.2:p.Gln97Glu,0.520,25.0,['Unknown%20significance'],96.47,0.48,0.0,0.4,0.4
PAX1,20,21706441,NM_006192.5:c.290A>C,NP_006183.2:p.Gln97Pro,0.694,24.2,['Unknown%20significance'],96.47,0.48,0.0,0.3,0.3
PAX1,20,21706441,NM_006192.5:c.290A>G,NP_006183.2:p.Gln97Arg,0.633,25.8,['Unknown%20significance'],96.47,0.48,0.0,0.0,0.0
PAX1,20,21706442,NM_006192.5:c.291G>C,NP_006183.2:p.Gln97His,0.570,22.5,['Unknown%20significance'],96.47,0.48,0.0,0.0,0.0
PAX1,20,21706443,NM_006192.5:c.292A>C,NP_006183.2:p.Thr98Pro,0.725,26.8,['Unknown%20significance'],99.53,0.63,0.0,0.4,0.4
PAX1,20,21706444,NM_006192.5:c.293C>A,NP_006183.2:p.Thr98Lys,0.724,26.4,['Unknown%20significance'],99.53,0.63,0.0,0.3,0.3
PAX1,20,21706444,NM_006192.5:c.293C>G,NP_006183.2:p.Thr98Arg,0.706,26.1,['Unknown%20significance'],99.53,0.63,0.0,0.1,0.1
PAX1,20,21706444,NM_006192.5:c.293C>T,NP_006183.2:p.Thr98Met,0.635,27.0,['Unknown%20significance'],99.53,0.63,0.0,0.1,0.1
PAX1,20,21706446,NM_006192.5:c.295T>C,NP_006183.2:p.Tyr99His,0.731,26.1,['Unknown%20significance'],205.01,0.85,0.0,0.3,0.3
PAX1,20,21706449,NM_006192.5:c.298G>A,NP_006183.2:p.Gly100Ser,0.889,32,['Unknown%20significance'],14.02,0.14,0.0,0.5,0.5
PAX1,20,21706453,NM_006192.5:c.302A>G,NP_006183.2:p.Glu101Gly,0.766,26.7,['Unknown%20significance'],90.39,0.46,0.0,0.4,0.4
PAX1,20,21706455,NM_006192.5:c.304G>A,NP_006183.2:p.Val102Met,0.885,31,['Unknown%20significance'],116.63,0.67,0.0,0.4,0.4
PAX1,20,21706456,NM_006192.5:c.305T>G,NP_006183.2:p.Val102Gly,0.976,32,['Unknown%20significance'],116.63,0.67,0.0,1.3,1.3
PAX1,20,21706464,NM_006192.5:c.313C>G,NP_006183.2:p.Leu105Val,0.910,24.2,['Unknown%20significance'],64.9,0.33,0.0,1.0,1.0
PAX1,20,21706468,NM_006192.5:c.317G>C,NP_006183.2:p.Gly106Ala,0.967,27.9,['Unknown%20significance'],34.54,0.36,0.0,0.1,0.1
PAX1,20,21706470,NM_006192.5:c.319G>T,NP_006183.2:p.Gly107Cys,0.962,32,['Unknown%20significance'],8.23,0.08,0.0,0.2,0.2
PAX1,20,21706471,NM_006192.5:c.320G>A,NP_006183.2:p.Gly107Asp,0.972,29.2,['Unknown%20significance'],8.23,0.08,0.0,1.1,1.1
PAX1,20,21706473,NM_006192.5:c.322G>A,NP_006183.2:p.Val108Met,0.862,29.9,['Unknown%20significance'],71.92,0.41,0.0,0.4,0.4
PAX1,20,21706474,NM_006192.5:c.323T>A,NP_006183.2:p.Val108Glu,0.859,31,['Unknown%20significance'],71.92,0.41,0.0,1.5,1.5
PAX1,20,21706476,NM_006192.5:c.325T>C,NP_006183.2:p.Phe109Leu,0.972,31,['Unknown%20significance'],61.54,0.26,0.0,0.9,0.9
PAX1,20,21706477,NM_006192.5:c.326T>C,NP_006183.2:p.Phe109Ser,0.973,32,['Unknown%20significance'],61.54,0.26,0.0,2.5,2.5
PAX1,20,21706478,NM_006192.5:c.327C>A,NP_006183.2:p.Phe109Leu,0.869,22.4,['Unknown%20significance'],61.54,0.26,0.0,0.9,0.9
PAX1,20,21706479,NM_006192.5:c.328G>A,NP_006183.2:p.Val110Ile,0.711,27.0,['Unknown%20significance'],51.74,0.3,0.0,0.2,0.2
PAX1,20,21706479,NM_006192.5:c.328G>C,NP_006183.2:p.Val110Leu,0.905,28.0,['Unknown%20significance'],51.74,0.3,0.0,0.4,0.4
PAX1,20,21706483,NM_006192.5:c.332A>G,NP_006183.2:p.Asn111Ser,0.928,26.9,['Unknown%20significance'],95.49,0.59,0.0,0.2,0.2
PAX1,20,21706485,NM_006192.5:c.334G>A,NP_006183.2:p.Gly112Ser,0.968,31,['Unknown%20significance'],87.14,0.91,0.0,0.0,0.0
PAX1,20,21706486,NM_006192.5:c.335G>A,NP_006183.2:p.Gly112Asp,0.968,29.5,['Unknown%20significance'],87.14,0.91,0.0,0.1,0.1
PAX1,20,21706488,NM_006192.5:c.337C>G,NP_006183.2:p.Arg113Gly,0.922,26.0,['Unknown%20significance'],194.67,0.72,0.0,0.5,0.5
PAX1,20,21706488,NM_006192.5:c.337C>T,NP_006183.2:p.Arg113Cys,0.927,28.0,['Unknown%20significance'],194.67,0.72,0.0,0.4,0.4
PAX1,20,21706489,NM_006192.5:c.338G>A,NP_006183.2:p.Arg113His,0.972,32,['Unknown%20significance'],194.67,0.72,0.0,0.1,0.1
PAX1,20,21706489,NM_006192.5:c.338G>T,NP_006183.2:p.Arg113Leu,0.964,32,['Unknown%20significance'],194.67,0.72,0.0,0.1,0.1
PAX1,20,21706494,NM_006192.5:c.343C>A,NP_006183.2:p.Leu115Met,0.817,25.1,['Unknown%20significance'],4.0,0.02,0.0,0.7,0.7
PAX1,20,21706497,NM_006192.5:c.346C>A,NP_006183.2:p.Pro116Thr,0.969,26.0,['Unknown%20significance'],65.11,0.41,0.0,-0.3,0.3
PAX1,20,21706502,NM_006192.5:c.351C>G,NP_006183.2:p.Asn117Lys,0.601,22.9,['Unknown%20significance'],83.11,0.52,0.0,0.1,0.1
PAX1,20,21706503,NM_006192.5:c.352G>C,NP_006183.2:p.Ala118Pro,0.651,28.8,['Unknown%20significance'],80.09,0.62,0.0,0.1,0.1
PAX1,20,21706503,NM_006192.5:c.352G>T,NP_006183.2:p.Ala118Ser,0.602,27.2,['Unknown%20significance'],80.09,0.62,0.0,-0.0,0.0
PAX1,20,21706504,NM_006192.5:c.353C>T,NP_006183.2:p.Ala118Val,0.693,24.5,['Unknown%20significance'],80.09,0.62,0.0,-0.2,0.2
PAX1,20,21706506,NM_006192.5:c.355A>G,NP_006183.2:p.Ile119Val,0.640,22.6,['Unknown%20significance'],53.46,0.27,0.0,0.2,0.2
PAX1,20,21706510,NM_006192.5:c.359G>A,NP_006183.2:p.Arg120His,0.893,32,['Unknown%20significance'],13.27,0.04,0.0,0.8,0.8
PAX1,20,21706513,NM_006192.5:c.362T>G,NP_006183.2:p.Leu121Trp,0.770,29.8,['Unknown%20significance'],98.1,0.5,0.0,0.1,0.1
PAX1,20,21706515,NM_006192.5:c.364C>T,NP_006183.2:p.Arg122Cys,0.808,29.9,['Unknown%20significance'],112.28,0.41,0.0,0.4,0.4
PAX1,20,21706516,NM_006192.5:c.365G>A,NP_006183.2:p.Arg122His,0.876,32,['Unknown%20significance'],112.28,0.41,0.0,0.2,0.2
PAX1,20,21706516,NM_006192.5:c.365G>T,NP_006183.2:p.Arg122Leu,0.864,32,['Unknown%20significance'],112.28,0.41,0.0,-0.6,0.6
PAX1,20,21706526,NM_006192.5:c.375G>C,NP_006183.2:p.Glu125Asp,0.712,21.2,['Unknown%20significance'],80.32,0.41,0.0,0.3,0.3
PAX1,20,21706526,NM_006192.5:c.375G>T,NP_006183.2:p.Glu125Asp,0.712,21.1,['Unknown%20significance'],80.32,0.41,0.0,0.3,0.3
PAX1,20,21706527,NM_006192.5:c.376C>A,NP_006183.2:p.Leu126Met,0.748,23.1,['Unknown%20significance'],1.77,0.0,0.0,0.9,0.9
PAX1,20,21706530,NM_006192.5:c.379G>A,NP_006183.2:p.Ala127Thr,0.873,31,['Unknown%20significance'],0.31,0.0,0.0,0.0,0.0
PAX1,20,21706531,NM_006192.5:c.380C>A,NP_006183.2:p.Ala127Glu,0.902,27.2,['Unknown%20significance'],0.31,0.0,0.0,0.7,0.7
PAX1,20,21706531,NM_006192.5:c.380C>T,NP_006183.2:p.Ala127Val,0.881,27.8,['Unknown%20significance'],0.31,0.0,0.0,-1.4,1.4
PAX1,20,21706537,NM_006192.5:c.386T>C,NP_006183.2:p.Leu129Pro,0.777,31,['Unknown%20significance'],143.33,0.74,0.0,0.3,0.3
PAX1,20,21706542,NM_006192.5:c.391A>G,NP_006183.2:p.Ile131Val,0.579,22.8,['Unknown%20significance'],57.43,0.29,0.0,0.2,0.2
PAX1,20,21706543,NM_006192.5:c.392T>A,NP_006183.2:p.Ile131Asn,0.837,31,['Unknown%20significance'],57.43,0.29,0.0,1.2,1.2
PAX1,20,21706546,NM_006192.5:c.395G>A,NP_006183.2:p.Arg132Gln,0.961,32,['Unknown%20significance'],145.65,0.54,0.0,0.2,0.2
PAX1,20,21706546,NM_006192.5:c.395G>T,NP_006183.2:p.Arg132Leu,0.973,32,['Unknown%20significance'],145.65,0.54,0.0,-0.0,0.0
PAX1,20,21706549,NM_006192.5:c.398C>T,NP_006183.2:p.Pro133Leu,0.967,28.5,['Unknown%20significance'],3.95,0.02,0.0,-1.7,1.7
PAX1,20,21706551,NM_006192.5:c.400T>C,NP_006183.2:p.Cys134Arg,0.968,32,['Unknown%20significance'],33.23,0.21,0.0,-0.4,0.4
PAX1,20,21706552,NM_006192.5:c.401G>A,NP_006183.2:p.Cys134Tyr,0.940,31,['Unknown%20significance'],33.23,0.21,0.0,-0.8,0.8
PAX1,20,21706552,NM_006192.5:c.401G>T,NP_006183.2:p.Cys134Phe,0.955,32,['Unknown%20significance'],33.23,0.21,0.0,-0.5,0.5
PAX1,20,21706554,NM_006192.5:c.403G>T,NP_006183.2:p.Asp135Tyr,0.917,31,['Unknown%20significance'],46.6,0.29,0.0,-1.0,1.0
PAX1,20,21706558,NM_006192.5:c.407T>C,NP_006183.2:p.Ile136Thr,0.977,28.4,['Unknown%20significance'],0.0,0.0,0.0,3.0,3.0
PAX1,20,21706560,NM_006192.5:c.409A>C,NP_006183.2:p.Ser137Arg,0.896,27.5,['Unknown%20significance'],7.7,0.05,0.0,-0.3,0.3
PAX1,20,21706561,NM_006192.5:c.410G>A,NP_006183.2:p.Ser137Asn,0.900,26.3,['Unknown%20significance'],7.7,0.05,0.0,0.5,0.5
PAX1,20,21706563,NM_006192.5:c.412C>T,NP_006183.2:p.Arg138Trp,0.805,25.3,['Unknown%20significance'],213.61,0.79,0.0,-0.1,0.1
PAX1,20,21706564,NM_006192.5:c.413G>A,NP_006183.2:p.Arg138Gln,0.894,31,['Unknown%20significance'],213.61,0.79,0.0,0.1,0.1
PAX1,20,21706564,NM_006192.5:c.413G>T,NP_006183.2:p.Arg138Leu,0.917,29.7,['Unknown%20significance'],213.61,0.79,0.0,-0.1,0.1
PAX1,20,21706566,NM_006192.5:c.415C>A,NP_006183.2:p.Gln139Lys,0.872,25.2,['Unknown%20significance'],101.44,0.51,0.0,0.4,0.4
PAX1,20,21706568,NM_006192.5:c.417G>C,NP_006183.2:p.Gln139His,0.800,23.4,['Pathogenic'],101.44,0.51,0.0,-0.0,0.0
PAX1,20,21706569,NM_006192.5:c.418C>T,NP_006183.2:p.Leu140Phe,0.882,24.6,['Unknown%20significance'],37.39,0.19,0.0,0.1,0.1
PAX1,20,21706572,NM_006192.5:c.421C>T,NP_006183.2:p.Arg141Cys,0.855,28.8,['Unknown%20significance'],144.71,0.53,0.0,0.1,0.1
PAX1,20,21706575,NM_006192.5:c.424G>A,NP_006183.2:p.Val142Ile,0.718,26.6,['Unknown%20significance'],2.99,0.01,0.0,-0.2,0.2
PAX1,20,21706579,NM_006192.5:c.428C>A,NP_006183.2:p.Ser143Tyr,0.956,26.7,['Unknown%20significance'],58.37,0.42,0.0,-0.5,0.5
PAX1,20,21706581,NM_006192.5:c.430C>G,NP_006183.2:p.His144Asp,0.958,27.1,['Unknown%20significance'],72.77,0.35,0.0,0.9,0.9
PAX1,20,21706582,NM_006192.5:c.431A>G,NP_006183.2:p.His144Arg,0.979,27.1,['Unknown%20significance'],72.77,0.35,0.0,-0.1,0.1
PAX1,20,21706583,NM_006192.5:c.432C>A,NP_006183.2:p.His144Gln,0.848,23.1,['Unknown%20significance'],72.77,0.35,0.0,0.3,0.3
PAX1,20,21706584,NM_006192.5:c.433G>A,NP_006183.2:p.Gly145Ser,0.960,32,['Unknown%20significance'],41.11,0.43,0.0,-0.4,0.4
PAX1,20,21706584,NM_006192.5:c.433G>C,NP_006183.2:p.Gly145Arg,0.964,31,['Unknown%20significance'],41.11,0.43,0.0,-0.6,0.6
PAX1,20,21706585,NM_006192.5:c.434G>T,NP_006183.2:p.Gly145Val,0.948,29.4,['Unknown%20significance'],41.11,0.43,0.0,-0.6,0.6
PAX1,20,21706590,NM_006192.5:c.439G>A,NP_006183.2:p.Val147Met,0.911,30,['Unknown%20significance'],0.0,0.0,0.0,1.3,1.3
PAX1,20,21706590,NM_006192.5:c.439G>C,NP_006183.2:p.Val147Leu,0.916,29.0,['Pathogenic'],0.0,0.0,0.0,0.7,0.7
PAX1,20,21706590,NM_006192.5:c.439G>T,NP_006183.2:p.Val147Leu,0.916,29.0,['Unknown%20significance'],0.0,0.0,0.0,0.7,0.7
PAX1,20,21706595,NM_006192.5:c.444C>G,NP_006183.2:p.Ser148Arg,0.920,26.2,['Unknown%20significance'],37.12,0.26,0.0,-0.5,0.5
PAX1,20,21706599,NM_006192.5:c.448A>T,NP_006183.2:p.Ile150Phe,0.962,29.5,['Unknown%20significance'],0.91,0.0,0.0,-0.1,0.1
PAX1,20,21706605,NM_006192.5:c.454G>A,NP_006183.2:p.Ala152Thr,0.807,29.3,['Unknown%20significance'],58.03,0.45,0.0,0.1,0.1
PAX1,20,21706605,NM_006192.5:c.454G>T,NP_006183.2:p.Ala152Ser,0.667,27.9,['Unknown%20significance'],58.03,0.45,0.0,0.3,0.3
PAX1,20,21706606,NM_006192.5:c.455C>A,NP_006183.2:p.Ala152Glu,0.853,26.6,['Unknown%20significance'],58.03,0.45,0.0,0.1,0.1
PAX1,20,21706606,NM_006192.5:c.455C>T,NP_006183.2:p.Ala152Val,0.799,27.2,['Unknown%20significance'],58.03,0.45,0.0,-0.3,0.3
PAX1,20,21706608,NM_006192.5:c.457C>T,NP_006183.2:p.Arg153Cys,0.926,29.4,['Unknown%20significance'],105.6,0.39,0.0,0.7,0.7
PAX1,20,21706611,NM_006192.5:c.460T>C,NP_006183.2:p.Tyr154His,0.981,29.1,['Unknown%20significance'],50.01,0.2,0.0,1.6,1.6
PAX1,20,21706612,NM_006192.5:c.461A>G,NP_006183.2:p.Tyr154Cys,0.971,31,['Unknown%20significance'],50.01,0.2,0.0,2.3,2.3
PAX1,20,21706612,NM_006192.5:c.461A>T,NP_006183.2:p.Tyr154Phe,0.872,27.3,['Unknown%20significance'],50.01,0.2,0.0,0.3,0.3
PAX1,20,21706614,NM_006192.5:c.463A>C,NP_006183.2:p.Asn155His,0.540,23.9,['Unknown%20significance'],67.52,0.42,0.0,-0.3,0.3
PAX1,20,21706615,NM_006192.5:c.464A>C,NP_006183.2:p.Asn155Thr,0.747,28.3,['Unknown%20significance'],67.52,0.42,0.0,-0.0,0.0
PAX1,20,21706615,NM_006192.5:c.464A>G,NP_006183.2:p.Asn155Ser,0.641,26.6,['Unknown%20significance'],67.52,0.42,0.0,0.1,0.1
PAX1,20,21706616,NM_006192.5:c.465C>A,NP_006183.2:p.Asn155Lys,0.611,23.0,['Unknown%20significance'],67.52,0.42,0.0,0.1,0.1
PAX1,20,21706616,NM_006192.5:c.465C>G,NP_006183.2:p.Asn155Lys,0.610,23.1,['Unknown%20significance'],67.52,0.42,0.0,0.1,0.1
PAX1,20,21706617,NM_006192.5:c.466G>A,NP_006183.2:p.Glu156Lys,0.942,32,['Unknown%20significance'],164.11,0.84,0.0,0.1,0.1
PAX1,20,21706617,NM_006192.5:c.466G>C,NP_006183.2:p.Glu156Gln,0.911,29.2,['Unknown%20significance'],164.11,0.84,0.0,-0.0,0.0
PAX1,20,21706618,NM_006192.5:c.467A>G,NP_006183.2:p.Glu156Gly,0.956,32,['Unknown%20significance'],164.11,0.84,0.0,0.3,0.3
PAX1,20,21706619,NM_006192.5:c.468G>T,NP_006183.2:p.Glu156Asp,0.855,24.7,['Unknown%20significance'],164.11,0.84,0.0,0.0,0.0
PAX1,20,21706621,NM_006192.5:c.470C>T,NP_006183.2:p.Thr157Ile,0.961,26.5,['Unknown%20significance'],87.29,0.55,0.0,0.0,0.0
PAX1,20,21706623,NM_006192.5:c.472G>A,NP_006183.2:p.Gly158Ser,0.939,31,['Unknown%20significance'],60.85,0.63,0.0,0.2,0.2
PAX1,20,21706623,NM_006192.5:c.472G>C,NP_006183.2:p.Gly158Arg,0.964,31,['Unknown%20significance'],60.85,0.63,0.0,0.0,0.0
PAX1,20,21706623,NM_006192.5:c.472G>T,NP_006183.2:p.Gly158Cys,0.961,32,['Unknown%20significance'],60.85,0.63,0.0,0.3,0.3
PAX1,20,21706624,NM_006192.5:c.473G>A,NP_006183.2:p.Gly158Asp,0.929,29.5,['Unknown%20significance'],60.85,0.63,0.0,0.3,0.3
PAX1,20,21706624,NM_006192.5:c.473G>T,NP_006183.2:p.Gly158Val,0.897,29.2,['Unknown%20significance'],60.85,0.63,0.0,0.1,0.1
PAX1,20,21706627,NM_006192.5:c.476C>G,NP_006183.2:p.Ser159Cys,0.901,27.5,['Unknown%20significance'],45.04,0.32,0.0,0.2,0.2
PAX1,20,21706629,NM_006192.5:c.478A>T,NP_006183.2:p.Ile160Phe,0.927,28.9,['Unknown%20significance'],7.86,0.04,0.0,0.2,0.2
PAX1,20,21706632,NM_006192.5:c.481C>A,NP_006183.2:p.Leu161Met,0.582,24.9,['Unknown%20significance'],131.98,0.68,0.0,0.1,0.1
PAX1,20,21706632,NM_006192.5:c.481C>G,NP_006183.2:p.Leu161Val,0.669,24.5,['Unknown%20significance'],131.98,0.68,0.0,0.1,0.1
PAX1,20,21706633,NM_006192.5:c.482T>C,NP_006183.2:p.Leu161Pro,0.759,31,['Unknown%20significance'],131.98,0.68,0.0,0.5,0.5
PAX1,20,21706638,NM_006192.5:c.487G>A,NP_006183.2:p.Gly163Arg,0.893,32,['Unknown%20significance'],64.57,0.67,0.0,-0.4,0.4
PAX1,20,21706638,NM_006192.5:c.487G>C,NP_006183.2:p.Gly163Arg,0.893,31,['Unknown%20significance'],64.57,0.67,0.0,-0.4,0.4
PAX1,20,21706638,NM_006192.5:c.487G>T,NP_006183.2:p.Gly163Trp,0.904,32,['Unknown%20significance'],64.57,0.67,0.0,-0.5,0.5
PAX1,20,21706639,NM_006192.5:c.488G>T,NP_006183.2:p.Gly163Val,0.892,29.2,['Unknown%20significance'],64.57,0.67,0.0,-0.3,0.3
PAX1,20,21706641,NM_006192.5:c.490G>A,NP_006183.2:p.Ala164Thr,0.729,29.7,['Unknown%20significance'],127.8,1.0,0.0,-0.0,0.0
PAX1,20,21706641,NM_006192.5:c.490G>T,NP_006183.2:p.Ala164Ser,0.713,28.2,['Unknown%20significance'],127.8,1.0,0.0,-0.0,0.0
PAX1,20,21706642,NM_006192.5:c.491C>T,NP_006183.2:p.Ala164Val,0.732,24.4,['Unknown%20significance'],127.8,1.0,0.0,-0.0,0.0
PAX1,20,21706644,NM_006192.5:c.493A>C,NP_006183.2:p.Ile165Leu,0.861,27.8,['Unknown%20significance'],120.85,0.61,0.0,0.1,0.1
PAX1,20,21706644,NM_006192.5:c.493A>G,NP_006183.2:p.Ile165Val,0.786,25.9,['Unknown%20significance'],120.85,0.61,0.0,0.1,0.1
PAX1,20,21706645,NM_006192.5:c.494T>C,NP_006183.2:p.Ile165Thr,0.927,28.7,['Unknown%20significance'],120.85,0.61,0.0,0.1,0.1
PAX1,20,21706647,NM_006192.5:c.496G>A,NP_006183.2:p.Gly166Arg,0.909,29.6,['Unknown%20significance'],66.51,0.69,0.0,-0.3,0.3
PAX1,20,21706647,NM_006192.5:c.496G>C,NP_006183.2:p.Gly166Arg,0.909,29.3,['Unknown%20significance'],66.51,0.69,0.0,-0.3,0.3
PAX1,20,21706647,NM_006192.5:c.496G>T,NP_006183.2:p.Gly166Trp,0.893,32,['Unknown%20significance'],66.51,0.69,0.0,-0.4,0.4
PAX1,20,21706648,NM_006192.5:c.497G>A,NP_006183.2:p.Gly166Glu,0.894,28.5,['Unknown%20significance'],66.51,0.69,0.0,-0.1,0.1
PAX1,20,21706648,NM_006192.5:c.497G>C,NP_006183.2:p.Gly166Ala,0.905,27.3,['Unknown%20significance'],66.51,0.69,0.0,-0.0,0.0
PAX1,20,21706648,NM_006192.5:c.497G>T,NP_006183.2:p.Gly166Val,0.898,28.1,['Pathogenic'],66.51,0.69,0.0,-0.1,0.1
PAX1,20,21706650,NM_006192.5:c.499G>T,NP_006183.2:p.Gly167Trp,0.887,32,['Unknown%20significance'],95.91,1.0,0.0,-0.1,0.1
PAX1,20,21706651,NM_006192.5:c.500G>T,NP_006183.2:p.Gly167Val,0.882,29.0,['Unknown%20significance'],95.91,1.0,0.0,-0.0,0.0
PAX1,20,21706654,NM_006192.5:c.503G>A,NP_006183.2:p.Ser168Asn,0.800,27.6,['Unknown%20significance'],125.25,0.9,0.0,0.0,0.0
PAX1,20,21706654,NM_006192.5:c.503G>C,NP_006183.2:p.Ser168Thr,0.855,27.2,['Unknown%20significance'],125.25,0.9,0.0,-0.0,0.0
PAX1,20,21706658,NM_006192.5:c.507G>T,NP_006183.2:p.Lys169Asn,0.791,23.4,['Unknown%20significance'],156.42,0.66,0.0,-0.1,0.1
PAX1,20,21706659,NM_006192.5:c.508C>A,NP_006183.2:p.Pro170Thr,0.841,25.4,['Unknown%20significance'],95.22,0.6,0.0,0.2,0.2
PAX1,20,21706659,NM_006192.5:c.508C>G,NP_006183.2:p.Pro170Ala,0.833,25.1,['Unknown%20significance'],95.22,0.6,0.0,0.4,0.4
PAX1,20,21706659,NM_006192.5:c.508C>T,NP_006183.2:p.Pro170Ser,0.821,25.8,['Unknown%20significance'],95.22,0.6,0.0,0.3,0.3
PAX1,20,21706660,NM_006192.5:c.509C>A,NP_006183.2:p.Pro170His,0.820,26.3,['Unknown%20significance'],95.22,0.6,0.0,0.2,0.2
PAX1,20,21706660,NM_006192.5:c.509C>G,NP_006183.2:p.Pro170Arg,0.824,26.3,['Unknown%20significance'],95.22,0.6,0.0,0.1,0.1
PAX1,20,21706660,NM_006192.5:c.509C>T,NP_006183.2:p.Pro170Leu,0.803,26.9,['Unknown%20significance'],95.22,0.6,0.0,0.1,0.1
PAX1,20,21706662,NM_006192.5:c.511C>G,NP_006183.2:p.Arg171Gly,0.718,23.4,['Unknown%20significance'],192.78,0.71,0.0,0.5,0.5
PAX1,20,21706662,NM_006192.5:c.511C>T,NP_006183.2:p.Arg171Cys,0.749,24.1,['Unknown%20significance'],192.78,0.71,0.0,0.3,0.3
PAX1,20,21706665,NM_006192.5:c.514G>A,NP_006183.2:p.Val172Ile,0.741,26.0,['Unknown%20significance'],58.91,0.34,0.0,0.0,0.0
PAX1,20,21706665,NM_006192.5:c.514G>T,NP_006183.2:p.Val172Phe,0.836,27.2,['Unknown%20significance'],58.91,0.34,0.0,0.1,0.1
PAX1,20,21706669,NM_006192.5:c.518C>T,NP_006183.2:p.Thr173Ile,0.823,26.0,['Unknown%20significance'],21.99,0.13,0.0,-1.1,1.1
PAX1,20,21706672,NM_006192.5:c.521C>A,NP_006183.2:p.Thr174Asn,0.836,25.3,['Unknown%20significance'],42.07,0.26,0.0,0.5,0.5
PAX1,20,21706672,NM_006192.5:c.521C>G,NP_006183.2:p.Thr174Ser,0.814,25.1,['Unknown%20significance'],42.07,0.26,0.0,0.5,0.5
PAX1,20,21706674,NM_006192.5:c.523C>T,NP_006183.2:p.Pro175Ser,0.783,25.9,['Unknown%20significance'],136.02,0.86,0.0,0.0,0.0
PAX1,20,21706675,NM_006192.5:c.524C>A,NP_006183.2:p.Pro175His,0.807,26.5,['Unknown%20significance'],136.02,0.86,0.0,-0.0,0.0
PAX1,20,21706675,NM_006192.5:c.524C>T,NP_006183.2:p.Pro175Leu,0.792,27.2,['Unknown%20significance'],136.02,0.86,0.0,-0.1,0.1
PAX1,20,21706678,NM_006192.5:c.527A>G,NP_006183.2:p.Asn176Ser,0.516,23.6,['Unknown%20significance'],74.83,0.46,0.0,0.0,0.0
PAX1,20,21706679,NM_006192.5:c.528C>A,NP_006183.2:p.Asn176Lys,0.501,18.51,['Unknown%20significance'],74.83,0.46,0.0,0.0,0.0
PAX1,20,21706679,NM_006192.5:c.528C>G,NP_006183.2:p.Asn176Lys,0.501,18.59,['Unknown%20significance'],74.83,0.46,0.0,0.0,0.0
PAX1,20,21706680,NM_006192.5:c.529G>A,NP_006183.2:p.Val177Met,0.828,29.1,['Unknown%20significance'],2.27,0.01,0.0,0.4,0.4
PAX1,20,21706683,NM_006192.5:c.532G>C,NP_006183.2:p.Val178Leu,0.764,26.7,['Unknown%20significance'],11.9,0.06,0.0,-0.0,0.0
PAX1,20,21706686,NM_006192.5:c.535A>G,NP_006183.2:p.Lys179Glu,0.659,25.1,['Unknown%20significance'],135.05,0.57,0.0,-0.1,0.1
PAX1,20,21706687,NM_006192.5:c.536A>G,NP_006183.2:p.Lys179Arg,0.603,28.5,['Unknown%20significance'],135.05,0.57,0.0,-0.4,0.4
PAX1,20,21706688,NM_006192.5:c.537G>C,NP_006183.2:p.Lys179Asn,0.464,23.0,['Unknown%20significance'],135.05,0.57,0.0,0.0,0.0
PAX1,20,21706688,NM_006192.5:c.537G>T,NP_006183.2:p.Lys179Asn,0.464,23.0,['Unknown%20significance'],135.05,0.57,0.0,0.0,0.0
PAX1,20,21706690,NM_006192.5:c.539A>G,NP_006183.2:p.His180Arg,0.650,26.0,['Unknown%20significance'],50.4,0.24,0.0,-0.1,0.1
PAX1,20,21706693,NM_006192.5:c.542T>A,NP_006183.2:p.Ile181Asn,0.866,29.9,['Unknown%20significance'],0.0,0.0,0.0,4.6,4.6
PAX1,20,21706695,NM_006192.5:c.544C>G,NP_006183.2:p.Arg182Gly,0.766,24.5,['Unknown%20significance'],74.84,0.27,0.0,1.3,1.3
PAX1,20,21706695,NM_006192.5:c.544C>T,NP_006183.2:p.Arg182Trp,0.743,26.7,['Unknown%20significance'],74.84,0.27,0.0,-0.6,0.6
PAX1,20,21706696,NM_006192.5:c.545G>A,NP_006183.2:p.Arg182Gln,0.709,31,['Unknown%20significance'],74.84,0.27,0.0,0.3,0.3
PAX1,20,21706698,NM_006192.5:c.547G>A,NP_006183.2:p.Asp183Asn,0.485,23.8,['Unknown%20significance'],61.37,0.38,0.0,-0.2,0.2
PAX1,20,21706699,NM_006192.5:c.548A>G,NP_006183.2:p.Asp183Gly,0.668,27.4,['Unknown%20significance'],61.37,0.38,0.0,0.3,0.3
PAX1,20,21706701,NM_006192.5:c.550T>C,NP_006183.2:p.Tyr184His,0.939,29.7,['Unknown%20significance'],26.21,0.1,0.0,1.8,1.8
PAX1,20,21706705,NM_006192.5:c.554A>G,NP_006183.2:p.Lys185Arg,0.885,28.5,['Unknown%20significance'],57.28,0.24,0.0,-0.9,0.9
PAX1,20,21706710,NM_006192.5:c.559G>A,NP_006183.2:p.Gly187Arg,0.483,23.6,['Unknown%20significance'],75.26,0.78,0.0,-0.3,0.3
PAX1,20,21706713,NM_006192.5:c.562G>A,NP_006183.2:p.Asp188Asn,0.608,25.0,['Unknown%20significance'],61.41,0.38,0.0,-0.2,0.2
PAX1,20,21706713,NM_006192.5:c.562G>T,NP_006183.2:p.Asp188Tyr,0.886,28.5,['Unknown%20significance'],61.41,0.38,0.0,-0.8,0.8
PAX1,20,21706714,NM_006192.5:c.563A>C,NP_006183.2:p.Asp188Ala,0.892,29.4,['Unknown%20significance'],61.41,0.38,0.0,0.2,0.2
PAX1,20,21706715,NM_006192.5:c.564C>A,NP_006183.2:p.Asp188Glu,0.737,23.6,['Unknown%20significance'],61.41,0.38,0.0,-0.0,0.0
PAX1,20,21706716,NM_006192.5:c.565C>T,NP_006183.2:p.Pro189Ser,0.884,25.5,['Unknown%20significance'],122.68,0.77,0.0,0.3,0.3
PAX1,20,21706719,NM_006192.5:c.568G>A,NP_006183.2:p.Gly190Ser,0.851,28.5,['Unknown%20significance'],58.34,0.61,0.0,-0.3,0.3
PAX1,20,21706720,NM_006192.5:c.569G>A,NP_006183.2:p.Gly190Asp,0.868,27.8,['Unknown%20significance'],58.34,0.61,0.0,-0.2,0.2
PAX1,20,21706734,NM_006192.5:c.583G>A,NP_006183.2:p.Glu195Lys,0.922,25.8,['Unknown%20significance'],49.47,0.25,0.0,0.4,0.4
PAX1,20,21706735,NM_006192.5:c.584A>G,NP_006183.2:p.Glu195Gly,0.959,31,['Unknown%20significance'],49.47,0.25,0.0,0.9,0.9
PAX1,20,21706737,NM_006192.5:c.586A>G,NP_006183.2:p.Ile196Val,0.856,25.6,['Unknown%20significance'],0.0,0.0,0.0,0.8,0.8
PAX1,20,21706740,NM_006192.5:c.589C>T,NP_006183.2:p.Arg197Cys,0.881,24.9,['Unknown%20significance'],89.24,0.33,0.0,0.4,0.4
PAX1,20,21706741,NM_006192.5:c.590G>C,NP_006183.2:p.Arg197Pro,0.960,32,['Unknown%20significance'],89.24,0.33,0.0,0.9,0.9
PAX1,20,21706743,NM_006192.5:c.592G>A,NP_006183.2:p.Asp198Asn,0.889,30,['Unknown%20significance'],65.14,0.4,0.0,-0.1,0.1
PAX1,20,21706743,NM_006192.5:c.592G>C,NP_006183.2:p.Asp198His,0.936,29.3,['Unknown%20significance'],65.14,0.4,0.0,-0.5,0.5
PAX1,20,21706743,NM_006192.5:c.592G>T,NP_006183.2:p.Asp198Tyr,0.912,29.7,['Unknown%20significance'],65.14,0.4,0.0,-1.0,1.0
PAX1,20,21706747,NM_006192.5:c.596G>A,NP_006183.2:p.Arg199Gln,0.827,31,['Unknown%20significance'],106.16,0.39,0.0,0.2,0.2
PAX1,20,21706755,NM_006192.5:c.604G>T,NP_006183.2:p.Ala202Ser,0.611,24.6,['Unknown%20significance'],98.59,0.77,0.0,0.1,0.1
PAX1,20,21706756,NM_006192.5:c.605C>A,NP_006183.2:p.Ala202Asp,0.796,26.4,['Unknown%20significance'],98.59,0.77,0.0,0.1,0.1
PAX1,20,21706758,NM_006192.5:c.607G>A,NP_006183.2:p.Asp203Asn,0.741,29.1,['Unknown%20significance'],100.52,0.62,0.0,-0.1,0.1
PAX1,20,21706758,NM_006192.5:c.607G>C,NP_006183.2:p.Asp203His,0.909,29.9,['Unknown%20significance'],100.52,0.62,0.0,-0.4,0.4
PAX1,20,21706760,NM_006192.5:c.609C>A,NP_006183.2:p.Asp203Glu,0.607,17.63,['Unknown%20significance'],100.52,0.62,0.0,-0.1,0.1
PAX1,20,21706761,NM_006192.5:c.610G>A,NP_006183.2:p.Gly204Ser,0.833,29.0,['Unknown%20significance'],68.28,0.71,0.0,0.0,0.0
PAX1,20,21706761,NM_006192.5:c.610G>C,NP_006183.2:p.Gly204Arg,0.795,25.6,['Unknown%20significance'],68.28,0.71,0.0,-0.2,0.2
PAX1,20,21706762,NM_006192.5:c.611G>C,NP_006183.2:p.Gly204Ala,0.763,24.6,['Unknown%20significance'],68.28,0.71,0.0,-0.0,0.0
PAX1,20,21706764,NM_006192.5:c.613G>A,NP_006183.2:p.Val205Ile,0.613,24.8,['Unknown%20significance'],24.81,0.14,0.0,-0.2,0.2
PAX1,20,21706767,NM_006192.5:c.616T>C,NP_006183.2:p.Cys206Arg,0.979,31,['Unknown%20significance'],0.43,0.0,0.0,0.3,0.3
PAX1,20,21706770,NM_006192.5:c.619G>A,NP_006183.2:p.Asp207Asn,0.739,32,['Unknown%20significance'],84.74,0.52,0.0,-0.1,0.1
PAX1,20,21706771,NM_006192.5:c.620A>C,NP_006183.2:p.Asp207Ala,0.959,31,['Unknown%20significance'],84.74,0.52,0.0,0.0,0.0
PAX1,20,21706772,NM_006192.5:c.621C>G,NP_006183.2:p.Asp207Glu,0.791,25.5,['Unknown%20significance'],84.74,0.52,0.0,0.0,0.0
PAX1,20,21706773,NM_006192.5:c.622A>G,NP_006183.2:p.Lys208Glu,0.830,28.9,['Unknown%20significance'],172.61,0.72,0.0,0.0,0.0
PAX1,20,21706774,NM_006192.5:c.623A>C,NP_006183.2:p.Lys208Thr,0.826,28.3,['Unknown%20significance'],172.61,0.72,0.0,-0.1,0.1
PAX1,20,21706774,NM_006192.5:c.623A>G,NP_006183.2:p.Lys208Arg,0.647,25.5,['Unknown%20significance'],172.61,0.72,0.0,-0.3,0.3
PAX1,20,21706776,NM_006192.5:c.625T>C,NP_006183.2:p.Tyr209His,0.757,29.3,['Unknown%20significance'],215.54,0.89,0.0,0.1,0.1
PAX1,20,21706777,NM_006192.5:c.626A>T,NP_006183.2:p.Tyr209Phe,0.648,25.2,['Unknown%20significance'],215.54,0.89,0.0,0.1,0.1
PAX1,20,21706780,NM_006192.5:c.629A>C,NP_006183.2:p.Asn210Thr,0.733,23.2,['Unknown%20significance'],53.27,0.33,0.0,-0.3,0.3
PAX1,20,21706782,NM_006192.5:c.631G>A,NP_006183.2:p.Val211Met,0.896,29.4,['Unknown%20significance'],30.45,0.17,0.0,0.2,0.2
PAX1,20,21706782,NM_006192.5:c.631G>T,NP_006183.2:p.Val211Leu,0.870,25.3,['Unknown%20significance'],30.45,0.17,0.0,0.1,0.1
PAX1,20,21706783,NM_006192.5:c.632T>C,NP_006183.2:p.Val211Ala,0.904,29.2,['Unknown%20significance'],30.45,0.17,0.0,0.8,0.8
PAX1,20,21706785,NM_006192.5:c.634C>G,NP_006183.2:p.Pro212Ala,0.976,25.6,['Unknown%20significance'],6.93,0.04,0.0,-0.5,0.5
PAX1,20,21706788,NM_006192.5:c.637T>G,NP_006183.2:p.Ser213Ala,0.866,27.8,['Unknown%20significance'],63.49,0.46,0.0,0.0,0.0
PAX1,20,21706791,NM_006192.5:c.640G>T,NP_006183.2:p.Val214Leu,0.898,27.6,['Unknown%20significance'],67.26,0.39,0.0,0.1,0.1
PAX1,20,21706797,NM_006192.5:c.646T>C,NP_006183.2:p.Ser216Pro,0.939,29.6,['Unknown%20significance'],24.78,0.17,0.0,0.4,0.4
PAX1,20,21706800,NM_006192.5:c.649A>G,NP_006183.2:p.Ile217Val,0.850,26.3,['Unknown%20significance'],0.0,0.0,0.0,0.5,0.5
PAX1,20,21706801,NM_006192.5:c.650T>C,NP_006183.2:p.Ile217Thr,0.934,28.3,['Unknown%20significance'],0.0,0.0,0.0,2.8,2.8
PAX1,20,21706804,NM_006192.5:c.653G>C,NP_006183.2:p.Ser218Thr,0.858,27.0,['Unknown%20significance'],46.74,0.33,0.0,-0.3,0.3
PAX1,20,21706806,NM_006192.5:c.655C>A,NP_006183.2:p.Arg219Ser,0.825,25.7,['Unknown%20significance'],158.21,0.58,0.0,0.6,0.6
PAX1,20,21706806,NM_006192.5:c.655C>T,NP_006183.2:p.Arg219Cys,0.839,27.8,['Unknown%20significance'],158.21,0.58,0.0,0.4,0.4
PAX1,20,21706807,NM_006192.5:c.656G>A,NP_006183.2:p.Arg219His,0.894,32,['Unknown%20significance'],158.21,0.58,0.0,0.2,0.2
PAX1,20,21706807,NM_006192.5:c.656G>T,NP_006183.2:p.Arg219Leu,0.877,32,['Unknown%20significance'],158.21,0.58,0.0,-0.1,0.1
PAX1,20,21706815,NM_006192.5:c.664C>A,NP_006183.2:p.Arg222Ser,0.777,25.1,['Unknown%20significance'],212.3,0.78,0.0,0.3,0.3
PAX1,20,21706815,NM_006192.5:c.664C>T,NP_006183.2:p.Arg222Cys,0.778,26.8,['Unknown%20significance'],212.3,0.78,0.0,0.3,0.3
PAX1,20,21706816,NM_006192.5:c.665G>A,NP_006183.2:p.Arg222His,0.879,32,['Unknown%20significance'],212.3,0.78,0.0,0.1,0.1
PAX1,20,21706816,NM_006192.5:c.665G>T,NP_006183.2:p.Arg222Leu,0.888,32,['Unknown%20significance'],212.3,0.78,0.0,-0.0,0.0
PAX1,20,21706818,NM_006192.5:c.667A>T,NP_006183.2:p.Asn223Tyr,0.790,28.3,['Unknown%20significance'],94.68,0.59,0.0,-0.5,0.5
PAX1,20,21706819,NM_006192.5:c.668A>G,NP_006183.2:p.Asn223Ser,0.761,25.6,['Unknown%20significance'],94.68,0.59,0.0,0.1,0.1
PAX1,20,21706822,NM_006192.5:c.671A>G,NP_006183.2:p.Lys224Arg,0.704,24.7,['Unknown%20significance'],91.69,0.38,0.0,-0.7,0.7
PAX1,20,21706824,NM_006192.5:c.673A>G,NP_006183.2:p.Ile225Val,0.562,23.9,['Unknown%20significance'],13.81,0.07,0.0,0.5,0.5
PAX1,20,21706827,NM_006192.5:c.676G>C,NP_006183.2:p.Gly226Arg,0.827,28.9,['Unknown%20significance'],21.17,0.22,0.0,-0.3,0.3
PAX1,20,21706827,NM_006192.5:c.676G>T,NP_006183.2:p.Gly226Cys,0.838,29.9,['Unknown%20significance'],21.17,0.22,0.0,0.0,0.0
PAX1,20,21706828,NM_006192.5:c.677G>A,NP_006183.2:p.Gly226Asp,0.883,28.1,['Unknown%20significance'],21.17,0.22,0.0,0.3,0.3
PAX1,20,21706828,NM_006192.5:c.677G>C,NP_006183.2:p.Gly226Ala,0.783,26.8,['Unknown%20significance'],21.17,0.22,0.0,-0.3,0.3
PAX1,20,21706828,NM_006192.5:c.677G>T,NP_006183.2:p.Gly226Val,0.850,27.7,['Unknown%20significance'],21.17,0.22,0.0,-0.7,0.7
PAX1,20,21706830,NM_006192.5:c.679A>G,NP_006183.2:p.Ser227Gly,0.477,23.8,['Unknown%20significance'],71.31,0.51,0.0,0.4,0.4
PAX1,20,21706831,NM_006192.5:c.680G>C,NP_006183.2:p.Ser227Thr,0.398,22.9,['Unknown%20significance'],71.31,0.51,0.0,-0.2,0.2
PAX1,20,21706831,NM_006192.5:c.680G>T,NP_006183.2:p.Ser227Ile,0.539,25.1,['Unknown%20significance'],71.31,0.51,0.0,-0.3,0.3
PAX1,20,21706832,NM_006192.5:c.681C>A,NP_006183.2:p.Ser227Arg,0.453,23.4,['Unknown%20significance'],71.31,0.51,0.0,-0.2,0.2
PAX1,20,21706832,NM_006192.5:c.681C>G,NP_006183.2:p.Ser227Arg,0.453,23.4,['Unknown%20significance'],71.31,0.51,0.0,-0.2,0.2
PAX1,20,21706834,NM_006192.5:c.683T>G,NP_006183.2:p.Leu228Arg,0.876,28.5,['Unknown%20significance'],133.57,0.69,0.0,0.3,0.3
PAX1,20,21706836,NM_006192.5:c.685G>T,NP_006183.2:p.Ala229Ser,0.367,17.33,['Likely%20benign'],95.72,0.75,0.0,0.1,0.1
PAX1,20,21706837,NM_006192.5:c.686C>A,NP_006183.2:p.Ala229Glu,0.424,23.3,['Unknown%20significance'],95.72,0.75,0.0,0.1,0.1
PAX1,20,21706837,NM_006192.5:c.686C>T,NP_006183.2:p.Ala229Val,0.423,23.4,['Unknown%20significance'],95.72,0.75,0.0,-0.1,0.1
PAX1,20,21706840,NM_006192.5:c.689A>C,NP_006183.2:p.Gln230Pro,0.730,24.1,['Unknown%20significance'],140.5,0.71,0.0,0.4,0.4
PAX1,20,21706840,NM_006192.5:c.689A>G,NP_006183.2:p.Gln230Arg,0.757,26.4,['Unknown%20significance'],140.5,0.71,0.0,-0.0,0.0
PAX1,20,21706843,NM_006192.5:c.692C>G,NP_006183.2:p.Pro231Arg,0.785,25.1,['Unknown%20significance'],84.09,0.53,0.0,0.0,0.0
PAX1,20,21706845,NM_006192.5:c.694G>A,NP_006183.2:p.Gly232Arg,0.354,23.6,['Unknown%20significance'],17.09,0.17,0.0,-0.8,0.8
PAX1,20,21706846,NM_006192.5:c.695G>A,NP_006183.2:p.Gly232Glu,0.307,23.3,['Unknown%20significance'],17.09,0.17,0.0,-0.3,0.3
PAX1,20,21706849,NM_006192.5:c.698C>A,NP_006183.2:p.Pro233Gln,0.368,20.9,['Unknown%20significance'],135.97,0.86,0.0,-0.0,0.0
PAX1,20,21706849,NM_006192.5:c.698C>G,NP_006183.2:p.Pro233Arg,0.356,24.8,['Unknown%20significance'],135.97,0.86,0.0,-0.1,0.1
PAX1,20,21706849,NM_006192.5:c.698C>T,NP_006183.2:p.Pro233Leu,0.381,24.9,['Unknown%20significance'],135.97,0.86,0.0,-0.1,0.1
PAX1,20,21706851,NM_006192.5:c.700T>C,NP_006183.2:p.Tyr234His,0.615,26.5,['Unknown%20significance'],190.88,0.79,0.0,0.3,0.3
PAX1,20,21706852,NM_006192.5:c.701A>C,NP_006183.2:p.Tyr234Ser,0.764,25.1,['Unknown%20significance'],190.88,0.79,0.0,0.6,0.6
PAX1,20,21706852,NM_006192.5:c.701A>T,NP_006183.2:p.Tyr234Phe,0.478,20.5,['Unknown%20significance'],190.88,0.79,0.0,0.2,0.2
PAX1,20,21706854,NM_006192.5:c.703G>A,NP_006183.2:p.Glu235Lys,0.721,31,['Unknown%20significance'],82.79,0.42,0.0,0.2,0.2
PAX1,20,21706854,NM_006192.5:c.703G>C,NP_006183.2:p.Glu235Gln,0.547,28.1,['Unknown%20significance'],82.79,0.42,0.0,-0.2,0.2
PAX1,20,21706855,NM_006192.5:c.704A>C,NP_006183.2:p.Glu235Ala,0.587,27.7,['Unknown%20significance'],82.79,0.42,0.0,0.1,0.1
PAX1,20,21706856,NM_006192.5:c.705G>T,NP_006183.2:p.Glu235Asp,0.250,14.70,['Likely%20benign'],82.79,0.42,0.0,0.1,0.1
PAX1,20,21706857,NM_006192.5:c.706G>C,NP_006183.2:p.Ala236Pro,0.197,14.24,['Likely%20benign'],56.22,0.44,0.0,0.2,0.2
PAX1,20,21706858,NM_006192.5:c.707C>G,NP_006183.2:p.Ala236Gly,0.244,15.79,['Likely%20benign'],56.22,0.44,0.0,0.5,0.5
PAX1,20,21706861,NM_006192.5:c.710G>A,NP_006183.2:p.Ser237Asn,0.237,20.8,['Likely%20benign'],101.55,0.73,0.0,0.0,0.0
PAX1,20,21706862,NM_006192.5:c.711T>G,NP_006183.2:p.Ser237Arg,0.279,21.8,['Unknown%20significance'],101.55,0.73,0.0,-0.1,0.1
PAX1,20,21706865,NM_006192.5:c.714G>C,NP_006183.2:p.Lys238Asn,0.617,24.1,['Unknown%20significance'],203.55,0.85,0.0,-0.0,0.0
PAX1,20,21706869,NM_006192.5:c.718C>T,NP_006183.2:p.Pro240Ser,0.385,20.4,['Unknown%20significance'],133.74,0.85,0.0,0.2,0.2
PAX1,20,21706870,NM_006192.5:c.719C>T,NP_006183.2:p.Pro240Leu,0.400,23.6,['Unknown%20significance'],133.74,0.85,0.0,0.2,0.2
PAX1,20,21706872,NM_006192.5:c.721C>T,NP_006183.2:p.Pro241Ser,0.401,22.3,['Unknown%20significance'],126.37,0.8,0.0,0.1,0.1
PAX1,20,21706873,NM_006192.5:c.722C>A,NP_006183.2:p.Pro241Gln,0.481,27.8,['Unknown%20significance'],126.37,0.8,0.0,0.1,0.1
PAX1,20,21706873,NM_006192.5:c.722C>G,NP_006183.2:p.Pro241Arg,0.618,26.1,['Unknown%20significance'],126.37,0.8,0.0,0.1,0.1
PAX1,20,21706873,NM_006192.5:c.722C>T,NP_006183.2:p.Pro241Leu,0.556,26.2,['Unknown%20significance'],126.37,0.8,0.0,0.0,0.0
PAX1,20,21706876,NM_006192.5:c.725C>T,NP_006183.2:p.Ser242Leu,0.363,24.2,['Unknown%20significance'],131.16,0.95,0.0,-0.0,0.0
PAX1,20,21706881,NM_006192.5:c.730C>A,NP_006183.2:p.Pro244Thr,0.513,24.5,['Unknown%20significance'],151.33,0.96,0.0,0.1,0.1
PAX1,20,21706881,NM_006192.5:c.730C>G,NP_006183.2:p.Pro244Ala,0.384,22.8,['Unknown%20significance'],151.33,0.96,0.0,0.1,0.1
PAX1,20,21706881,NM_006192.5:c.730C>T,NP_006183.2:p.Pro244Ser,0.377,23.3,['Unknown%20significance'],151.33,0.96,0.0,0.1,0.1
PAX1,20,21706882,NM_006192.5:c.731C>G,NP_006183.2:p.Pro244Arg,0.636,25.6,['Unknown%20significance'],151.33,0.96,0.0,0.1,0.1
PAX1,20,21706885,NM_006192.5:c.734C>T,NP_006183.2:p.Thr245Met,0.333,24.1,['Unknown%20significance'],136.25,0.86,0.0,-0.1,0.1
PAX1,20,21706887,NM_006192.5:c.736C>G,NP_006183.2:p.Leu246Val,0.440,24.7,['Unknown%20significance'],189.16,0.98,0.0,0.1,0.1
PAX1,20,21706888,NM_006192.5:c.737T>C,NP_006183.2:p.Leu246Pro,0.733,25.9,['Unknown%20significance'],189.16,0.98,0.0,0.2,0.2
PAX1,20,21706893,NM_006192.5:c.742T>C,NP_006183.2:p.Tyr248His,0.682,29.5,['Unknown%20significance'],204.71,0.85,0.0,0.4,0.4
PAX1,20,21706893,NM_006192.5:c.742T>G,NP_006183.2:p.Tyr248Asp,0.781,29.2,['Unknown%20significance'],204.71,0.85,0.0,0.9,0.9
PAX1,20,21706894,NM_006192.5:c.743A>G,NP_006183.2:p.Tyr248Cys,0.801,24.9,['Unknown%20significance'],204.71,0.85,0.0,0.7,0.7
PAX1,20,21706896,NM_006192.5:c.745A>C,NP_006183.2:p.Asn249His,0.563,25.4,['Unknown%20significance'],120.63,0.75,0.0,-0.1,0.1
PAX1,20,21706897,NM_006192.5:c.746A>G,NP_006183.2:p.Asn249Ser,0.541,23.3,['Unknown%20significance'],120.63,0.75,0.0,0.1,0.1
PAX1,20,21706900,NM_006192.5:c.749A>G,NP_006183.2:p.His250Arg,0.736,24.5,['Unknown%20significance'],132.69,0.64,0.0,0.2,0.2
PAX1,20,21706902,NM_006192.5:c.751A>G,NP_006183.2:p.Ile251Val,0.474,24.0,['Unknown%20significance'],159.1,0.81,0.0,0.1,0.1
PAX1,20,21706903,NM_006192.5:c.752T>C,NP_006183.2:p.Ile251Thr,0.722,28.3,['Unknown%20significance'],159.1,0.81,0.0,0.4,0.4
PAX1,20,21706904,NM_006192.5:c.753C>G,NP_006183.2:p.Ile251Met,0.532,22.6,['Unknown%20significance'],159.1,0.81,0.0,0.1,0.1
PAX1,20,21706906,NM_006192.5:c.755A>G,NP_006183.2:p.Tyr252Cys,0.899,32,['Unknown%20significance'],165.7,0.69,0.0,1.0,1.0
PAX1,20,21706908,NM_006192.5:c.757C>G,NP_006183.2:p.Gln253Glu,0.549,24.7,['Unknown%20significance'],176.73,0.89,0.0,0.1,0.1
PAX1,20,21706909,NM_006192.5:c.758A>G,NP_006183.2:p.Gln253Arg,0.585,26.8,['Unknown%20significance'],176.73,0.89,0.0,-0.0,0.0
PAX1,20,21706911,NM_006192.5:c.760T>C,NP_006183.2:p.Tyr254His,0.623,27.4,['Unknown%20significance'],169.96,0.7,0.0,0.5,0.5
PAX1,20,21706912,NM_006192.5:c.761A>T,NP_006183.2:p.Tyr254Phe,0.601,26.7,['Unknown%20significance'],169.96,0.7,0.0,0.2,0.2
PAX1,20,21706914,NM_006192.5:c.763C>T,NP_006183.2:p.Pro255Ser,0.395,22.5,['Unknown%20significance'],136.67,0.86,0.0,0.2,0.2
PAX1,20,21706915,NM_006192.5:c.764C>G,NP_006183.2:p.Pro255Arg,0.673,26.5,['Unknown%20significance'],136.67,0.86,0.0,0.2,0.2
PAX1,20,21706915,NM_006192.5:c.764C>T,NP_006183.2:p.Pro255Leu,0.694,27.3,['Unknown%20significance'],136.67,0.86,0.0,0.2,0.2
PAX1,20,21706917,NM_006192.5:c.766T>C,NP_006183.2:p.Tyr256His,0.679,27.2,['Unknown%20significance'],206.34,0.86,0.0,0.2,0.2
PAX1,20,21706920,NM_006192.5:c.769C>T,NP_006183.2:p.Pro257Ser,0.681,25.8,['Unknown%20significance'],120.93,0.76,0.0,0.6,0.6
PAX1,20,21706923,NM_006192.5:c.772A>G,NP_006183.2:p.Ser258Gly,0.395,22.2,['Unknown%20significance'],81.89,0.59,0.0,0.3,0.3
PAX1,20,21706923,NM_006192.5:c.772A>T,NP_006183.2:p.Ser258Cys,0.486,25.4,['Unknown%20significance'],81.89,0.59,0.0,0.1,0.1
PAX1,20,21706924,NM_006192.5:c.773G>C,NP_006183.2:p.Ser258Thr,0.337,22.9,['Likely%20benign'],81.89,0.59,0.0,-0.1,0.1
PAX1,20,21706924,NM_006192.5:c.773G>T,NP_006183.2:p.Ser258Ile,0.416,23.5,['Unknown%20significance'],81.89,0.59,0.0,-0.1,0.1
PAX1,20,21706926,NM_006192.5:c.775C>T,NP_006183.2:p.Pro259Ser,0.421,23.6,['Unknown%20significance'],150.2,0.95,0.0,0.1,0.1
PAX1,20,21706929,NM_006192.5:c.778G>A,NP_006183.2:p.Val260Met,0.316,22.4,['Unknown%20significance'],141.12,0.82,0.0,-0.1,0.1
PAX1,20,21706929,NM_006192.5:c.778G>C,NP_006183.2:p.Val260Leu,0.354,23.5,['Unknown%20significance'],141.12,0.82,0.0,0.0,0.0
PAX1,20,21706929,NM_006192.5:c.778G>T,NP_006183.2:p.Val260Leu,0.355,23.5,['Unknown%20significance'],141.12,0.82,0.0,0.0,0.0
PAX1,20,21706932,NM_006192.5:c.781T>C,NP_006183.2:p.Ser261Pro,0.510,24.3,['Unknown%20significance'],87.28,0.63,0.0,0.1,0.1
PAX1,20,21706933,NM_006192.5:c.782C>T,NP_006183.2:p.Ser261Leu,0.636,27.9,['Unknown%20significance'],87.28,0.63,0.0,-0.1,0.1
PAX1,20,21706935,NM_006192.5:c.784C>G,NP_006183.2:p.Pro262Ala,0.485,16.09,['Unknown%20significance'],158.27,1.0,0.0,0.1,0.1
PAX1,20,21706935,NM_006192.5:c.784C>T,NP_006183.2:p.Pro262Ser,0.417,17.47,['Unknown%20significance'],158.27,1.0,0.0,0.1,0.1
PAX1,20,21706936,NM_006192.5:c.785C>G,NP_006183.2:p.Pro262Arg,0.665,25.6,['Unknown%20significance'],158.27,1.0,0.0,0.1,0.1
PAX1,20,21706938,NM_006192.5:c.787A>G,NP_006183.2:p.Thr263Ala,0.314,17.93,['Likely%20benign'],141.94,0.9,0.0,0.1,0.1
PAX1,20,21706938,NM_006192.5:c.787A>T,NP_006183.2:p.Thr263Ser,0.238,18.22,['Likely%20benign'],141.94,0.9,0.0,0.1,0.1
PAX1,20,21706939,NM_006192.5:c.788C>A,NP_006183.2:p.Thr263Lys,0.613,23.0,['Unknown%20significance'],141.94,0.9,0.0,0.2,0.2
PAX1,20,21706939,NM_006192.5:c.788C>G,NP_006183.2:p.Thr263Arg,0.615,23.0,['Unknown%20significance'],141.94,0.9,0.0,0.1,0.1
PAX1,20,21706939,NM_006192.5:c.788C>T,NP_006183.2:p.Thr263Met,0.434,24.3,['Unknown%20significance'],141.94,0.9,0.0,0.0,0.0
PAX1,20,21706941,NM_006192.5:c.790G>A,NP_006183.2:p.Gly264Ser,0.518,24.1,['Unknown%20significance'],78.45,0.82,0.0,0.0,0.0
PAX1,20,21706944,NM_006192.5:c.793G>A,NP_006183.2:p.Ala265Thr,0.260,8.570,['Likely%20benign'],114.79,0.9,0.0,-0.0,0.0
PAX1,20,21706944,NM_006192.5:c.793G>C,NP_006183.2:p.Ala265Pro,0.562,21.2,['Likely%20benign'],114.79,0.9,0.0,0.1,0.1
PAX1,20,21706944,NM_006192.5:c.793G>T,NP_006183.2:p.Ala265Ser,0.255,7.987,['Likely%20benign'],114.79,0.9,0.0,0.0,0.0
PAX1,20,21706945,NM_006192.5:c.794C>T,NP_006183.2:p.Ala265Val,0.385,23.1,['Unknown%20significance'],114.79,0.9,0.0,-0.1,0.1
PAX1,20,21706947,NM_006192.5:c.796A>G,NP_006183.2:p.Lys266Glu,0.728,28.2,['Unknown%20significance'],239.52,1.0,0.0,0.0,0.0
PAX1,20,21706948,NM_006192.5:c.797A>C,NP_006183.2:p.Lys266Thr,0.688,27.9,['Unknown%20significance'],239.52,1.0,0.0,-0.0,0.0
PAX1,20,21706948,NM_006192.5:c.797A>G,NP_006183.2:p.Lys266Arg,0.637,24.4,['Unknown%20significance'],239.52,1.0,0.0,-0.1,0.1
PAX1,20,21706950,NM_006192.5:c.799A>G,NP_006183.2:p.Met267Val,0.284,21.3,['Unknown%20significance'],171.5,0.79,0.0,0.0,0.0
PAX1,20,21706951,NM_006192.5:c.800T>A,NP_006183.2:p.Met267Lys,0.489,23.9,['Unknown%20significance'],171.5,0.79,0.0,0.5,0.5
PAX1,20,21706953,NM_006192.5:c.802G>A,NP_006183.2:p.Gly268Ser,0.424,22.6,['Unknown%20significance'],73.07,0.76,0.0,0.0,0.0
PAX1,20,21706954,NM_006192.5:c.803G>T,NP_006183.2:p.Gly268Val,0.648,24.4,['Unknown%20significance'],73.07,0.76,0.0,-0.0,0.0
PAX1,20,21706956,NM_006192.5:c.805A>G,NP_006183.2:p.Ser269Gly,0.346,19.20,['Unknown%20significance'],91.7,0.66,0.0,0.3,0.3
PAX1,20,21706956,NM_006192.5:c.805A>T,NP_006183.2:p.Ser269Cys,0.436,24.0,['Unknown%20significance'],91.7,0.66,0.0,0.1,0.1
PAX1,20,21706957,NM_006192.5:c.806G>A,NP_006183.2:p.Ser269Asn,0.304,19.91,['Likely%20benign'],91.7,0.66,0.0,0.1,0.1
PAX1,20,21706957,NM_006192.5:c.806G>T,NP_006183.2:p.Ser269Ile,0.446,23.1,['Unknown%20significance'],91.7,0.66,0.0,-0.1,0.1
PAX1,20,21706958,NM_006192.5:c.807C>A,NP_006183.2:p.Ser269Arg,0.548,21.8,['Unknown%20significance'],91.7,0.66,0.0,0.0,0.0
PAX1,20,21706962,NM_006192.5:c.811C>G,NP_006183.2:p.Pro271Ala,0.515,19.98,['Unknown%20significance'],153.6,0.97,0.0,0.2,0.2
PAX1,20,21706963,NM_006192.5:c.812C>A,NP_006183.2:p.Pro271His,0.484,20.6,['Likely%20benign'],153.6,0.97,0.0,0.1,0.1
PAX1,20,21706965,NM_006192.5:c.814G>A,NP_006183.2:p.Gly272Arg,0.763,25.2,['Unknown%20significance'],59.81,0.62,0.0,0.1,0.1
PAX1,20,21706965,NM_006192.5:c.814G>T,NP_006183.2:p.Gly272Trp,0.793,32,['Unknown%20significance'],59.81,0.62,0.0,-0.3,0.3
PAX1,20,21706966,NM_006192.5:c.815G>C,NP_006183.2:p.Gly272Ala,0.456,25.5,['Unknown%20significance'],59.81,0.62,0.0,0.1,0.1
PAX1,20,21706966,NM_006192.5:c.815G>T,NP_006183.2:p.Gly272Val,0.606,26.8,['Unknown%20significance'],59.81,0.62,0.0,-0.0,0.0
PAX1,20,21706968,NM_006192.5:c.817G>A,NP_006183.2:p.Val273Ile,0.550,23.5,['Unknown%20significance'],158.75,0.92,0.0,0.0,0.0
PAX1,20,21706972,NM_006192.5:c.821C>A,NP_006183.2:p.Pro274Gln,0.524,24.8,['Unknown%20significance'],116.78,0.74,0.0,0.5,0.5
PAX1,20,21706972,NM_006192.5:c.821C>G,NP_006183.2:p.Pro274Arg,0.619,25.0,['Unknown%20significance'],116.78,0.74,0.0,0.4,0.4
PAX1,20,21706972,NM_006192.5:c.821C>T,NP_006183.2:p.Pro274Leu,0.570,25.0,['Unknown%20significance'],116.78,0.74,0.0,0.3,0.3
PAX1,20,21706974,NM_006192.5:c.823G>A,NP_006183.2:p.Gly275Ser,0.316,23.0,['Unknown%20significance'],93.38,0.97,0.0,-0.0,0.0
PAX1,20,21706975,NM_006192.5:c.824G>C,NP_006183.2:p.Gly275Ala,0.292,20.7,['Likely%20benign'],93.38,0.97,0.0,-0.1,0.1
PAX1,20,21706978,NM_006192.5:c.827C>A,NP_006183.2:p.Thr276Lys,0.441,22.8,['Unknown%20significance'],127.77,0.81,0.0,0.3,0.3
PAX1,20,21706978,NM_006192.5:c.827C>T,NP_006183.2:p.Thr276Met,0.377,25.6,['Unknown%20significance'],127.77,0.81,0.0,-0.0,0.0
PAX1,20,21706980,NM_006192.5:c.829G>A,NP_006183.2:p.Ala277Thr,0.252,22.5,['Unknown%20significance'],124.06,0.97,0.0,-0.0,0.0
PAX1,20,21706980,NM_006192.5:c.829G>T,NP_006183.2:p.Ala277Ser,0.286,24.3,['Unknown%20significance'],124.06,0.97,0.0,0.0,0.0
PAX1,20,21706981,NM_006192.5:c.830C>A,NP_006183.2:p.Ala277Glu,0.584,25.0,['Unknown%20significance'],124.06,0.97,0.0,0.1,0.1
PAX1,20,21706983,NM_006192.5:c.832G>A,NP_006183.2:p.Gly278Ser,0.344,19.48,['Unknown%20significance'],83.83,0.87,0.0,0.0,0.0
PAX1,20,21706984,NM_006192.5:c.833G>A,NP_006183.2:p.Gly278Asp,0.749,26.8,['Unknown%20significance'],83.83,0.87,0.0,0.2,0.2
PAX1,20,21706986,NM_006192.5:c.835C>A,NP_006183.2:p.His279Asn,0.612,23.9,['Unknown%20significance'],190.0,0.92,0.0,0.1,0.1
PAX1,20,21706988,NM_006192.5:c.837C>G,NP_006183.2:p.His279Gln,0.615,22.3,['Unknown%20significance'],190.0,0.92,0.0,0.1,0.1
PAX1,20,21706989,NM_006192.5:c.838G>A,NP_006183.2:p.Val280Ile,0.411,23.7,['Unknown%20significance'],147.68,0.85,0.0,0.0,0.0
PAX1,20,21706989,NM_006192.5:c.838G>C,NP_006183.2:p.Val280Leu,0.470,25.6,['Unknown%20significance'],147.68,0.85,0.0,0.1,0.1
PAX1,20,21706989,NM_006192.5:c.838G>T,NP_006183.2:p.Val280Phe,0.750,26.8,['Unknown%20significance'],147.68,0.85,0.0,0.1,0.1
PAX1,20,21706990,NM_006192.5:c.839T>C,NP_006183.2:p.Val280Ala,0.493,24.4,['Unknown%20significance'],147.68,0.85,0.0,0.3,0.3
PAX1,20,21706993,NM_006192.5:c.842G>A,NP_006183.2:p.Ser281Asn,0.565,26.8,['Unknown%20significance'],110.08,0.79,0.0,0.1,0.1
PAX1,20,21706994,NM_006192.5:c.843C>A,NP_006183.2:p.Ser281Arg,0.702,23.4,['Unknown%20significance'],110.08,0.79,0.0,0.0,0.0
PAX1,20,21706995,NM_006192.5:c.844A>C,NP_006183.2:p.Ile282Leu,0.318,22.0,['Unknown%20significance'],119.11,0.6,0.0,0.1,0.1
PAX1,20,21706997,NM_006192.5:c.846C>G,NP_006183.2:p.Ile282Met,0.337,19.95,['Unknown%20significance'],119.11,0.6,0.0,0.0,0.0
PAX1,20,21706998,NM_006192.5:c.847C>G,NP_006183.2:p.Pro283Ala,0.384,23.0,['Unknown%20significance'],136.89,0.87,0.0,0.2,0.2
PAX1,20,21706999,NM_006192.5:c.848C>A,NP_006183.2:p.Pro283Gln,0.718,26.9,['Unknown%20significance'],136.89,0.87,0.0,0.2,0.2
PAX1,20,21706999,NM_006192.5:c.848C>T,NP_006183.2:p.Pro283Leu,0.758,27.6,['Unknown%20significance'],136.89,0.87,0.0,0.1,0.1
PAX1,20,21707001,NM_006192.5:c.850C>A,NP_006183.2:p.Arg284Ser,0.787,25.3,['Unknown%20significance'],215.32,0.79,0.0,0.3,0.3
PAX1,20,21707001,NM_006192.5:c.850C>T,NP_006183.2:p.Arg284Cys,0.808,27.2,['Unknown%20significance'],215.32,0.79,0.0,0.3,0.3
PAX1,20,21707002,NM_006192.5:c.851G>A,NP_006183.2:p.Arg284His,0.834,32,['Unknown%20significance'],215.32,0.79,0.0,0.1,0.1
PAX1,20,21707005,NM_006192.5:c.854C>T,NP_006183.2:p.Ser285Leu,0.331,26.5,['Unknown%20significance'],105.59,0.76,0.0,-0.0,0.0
PAX1,20,21707007,NM_006192.5:c.856T>G,NP_006183.2:p.Trp286Gly,0.808,32,['Unknown%20significance'],244.67,0.93,0.0,0.6,0.6
PAX1,20,21707010,NM_006192.5:c.859C>T,NP_006183.2:p.Pro287Ser,0.881,26.4,['Unknown%20significance'],107.76,0.68,0.0,0.7,0.7
PAX1,20,21707011,NM_006192.5:c.860C>T,NP_006183.2:p.Pro287Leu,0.916,28.1,['Unknown%20significance'],107.76,0.68,0.0,0.6,0.6
PAX1,20,21707014,NM_006192.5:c.863C>T,NP_006183.2:p.Ser288Leu,0.936,28.9,['Unknown%20significance'],110.59,0.8,0.0,0.2,0.2
PAX1,20,21707017,NM_006192.5:c.866C>A,NP_006183.2:p.Ala289Glu,0.868,26.6,['Unknown%20significance'],101.68,0.79,0.0,0.1,0.1
PAX1,20,21707017,NM_006192.5:c.866C>T,NP_006183.2:p.Ala289Val,0.743,27.5,['Unknown%20significance'],101.68,0.79,0.0,0.0,0.0
PAX1,20,21707019,NM_006192.5:c.868C>T,NP_006183.2:p.His290Tyr,0.692,22.5,['Unknown%20significance'],173.37,0.84,0.0,0.0,0.0
PAX1,20,21707021,NM_006192.5:c.870C>G,NP_006183.2:p.His290Gln,0.756,23.4,['Unknown%20significance'],173.37,0.84,0.0,0.4,0.4
PAX1,20,21707023,NM_006192.5:c.872C>G,NP_006183.2:p.Ser291Trp,0.895,28.8,['Unknown%20significance'],95.53,0.69,0.0,0.1,0.1
PAX1,20,21707023,NM_006192.5:c.872C>T,NP_006183.2:p.Ser291Leu,0.887,28.0,['Unknown%20significance'],95.53,0.69,0.0,0.2,0.2
PAX1,20,21707025,NM_006192.5:c.874G>A,NP_006183.2:p.Val292Ile,0.700,24.8,['Unknown%20significance'],138.02,0.8,0.0,0.1,0.1
PAX1,20,21707025,NM_006192.5:c.874G>T,NP_006183.2:p.Val292Phe,0.943,29.0,['Unknown%20significance'],138.02,0.8,0.0,0.3,0.3
PAX1,20,21707026,NM_006192.5:c.875T>C,NP_006183.2:p.Val292Ala,0.948,28.5,['Unknown%20significance'],138.02,0.8,0.0,0.6,0.6
PAX1,20,21707028,NM_006192.5:c.877A>T,NP_006183.2:p.Ser293Cys,0.826,28.3,['Unknown%20significance'],103.59,0.75,0.0,0.1,0.1
PAX1,20,21707029,NM_006192.5:c.878G>A,NP_006183.2:p.Ser293Asn,0.353,23.5,['Unknown%20significance'],103.59,0.75,0.0,0.1,0.1
PAX1,20,21707029,NM_006192.5:c.878G>T,NP_006183.2:p.Ser293Ile,0.785,26.8,['Unknown%20significance'],103.59,0.75,0.0,-0.1,0.1
PAX1,20,21707031,NM_006192.5:c.880A>C,NP_006183.2:p.Asn294His,0.720,26.0,['Unknown%20significance'],147.33,0.92,0.0,-0.0,0.0
PAX1,20,21707032,NM_006192.5:c.881A>G,NP_006183.2:p.Asn294Ser,0.690,26.2,['Unknown%20significance'],147.33,0.92,0.0,0.0,0.0
PAX1,20,21707034,NM_006192.5:c.883A>T,NP_006183.2:p.Ile295Phe,0.953,28.3,['Unknown%20significance'],155.2,0.79,0.0,0.4,0.4
PAX1,20,21707038,NM_006192.5:c.887T>C,NP_006183.2:p.Leu296Pro,0.969,31,['Unknown%20significance'],137.74,0.71,0.0,1.2,1.2
PAX1,20,21707038,NM_006192.5:c.887T>G,NP_006183.2:p.Leu296Arg,0.956,31,['Unknown%20significance'],137.74,0.71,0.0,0.9,0.9
PAX1,20,21707041,NM_006192.5:c.890G>A,NP_006183.2:p.Gly297Asp,0.965,29.4,['Unknown%20significance'],76.34,0.8,0.0,0.3,0.3
PAX1,20,21707041,NM_006192.5:c.890G>C,NP_006183.2:p.Gly297Ala,0.952,28.1,['Unknown%20significance'],76.34,0.8,0.0,0.0,0.0
PAX1,20,21707047,NM_006192.5:c.896G>A,NP_006183.2:p.Arg299Gln,0.867,32,['Unknown%20significance'],255.19,0.94,0.0,0.1,0.1
PAX1,20,21707050,NM_006192.5:c.899C>A,NP_006183.2:p.Thr300Lys,0.698,27.1,['Unknown%20significance'],129.78,0.82,0.0,0.3,0.3
PAX1,20,21707052,NM_006192.5:c.901T>C,NP_006183.2:p.Phe301Leu,0.434,23.0,['Unknown%20significance'],231.59,1.0,0.0,0.1,0.1
PAX1,20,21707053,NM_006192.5:c.902T>G,NP_006183.2:p.Phe301Cys,0.830,32,['Unknown%20significance'],231.59,1.0,0.0,0.2,0.2
PAX1,20,21707055,NM_006192.5:c.904A>G,NP_006183.2:p.Met302Val,0.508,22.3,['Unknown%20significance'],156.58,0.72,0.0,0.2,0.2
PAX1,20,21707056,NM_006192.5:c.905T>C,NP_006183.2:p.Met302Thr,0.592,23.4,['Unknown%20significance'],156.58,0.72,0.0,0.3,0.3
PAX1,20,21707057,NM_006192.5:c.906G>T,NP_006183.2:p.Met302Ile,0.615,23.1,['Unknown%20significance'],156.58,0.72,0.0,0.1,0.1
PAX1,20,21707058,NM_006192.5:c.907G>C,NP_006183.2:p.Glu303Gln,0.547,25.6,['Unknown%20significance'],146.15,0.74,0.0,-0.1,0.1
PAX1,20,21707061,NM_006192.5:c.910C>A,NP_006183.2:p.Gln304Lys,0.767,25.6,['Unknown%20significance'],152.39,0.77,0.0,0.2,0.2
PAX1,20,21707062,NM_006192.5:c.911A>C,NP_006183.2:p.Gln304Pro,0.426,23.0,['Unknown%20significance'],152.39,0.77,0.0,0.2,0.2
PAX1,20,21707062,NM_006192.5:c.911A>G,NP_006183.2:p.Gln304Arg,0.665,26.5,['Unknown%20significance'],152.39,0.77,0.0,-0.0,0.0
PAX1,20,21707064,NM_006192.5:c.913A>G,NP_006183.2:p.Thr305Ala,0.300,22.6,['Unknown%20significance'],100.67,0.63,0.0,0.3,0.3
PAX1,20,21708558,NM_006192.5:c.917G>A,NP_006183.2:p.Gly306Glu,0.546,33,['Unknown%20significance'],78.99,0.82,0.0,0.2,0.2
PAX1,20,21708558,NM_006192.5:c.917G>C,NP_006183.2:p.Gly306Ala,0.431,26.0,['Unknown%20significance'],78.99,0.82,0.0,-0.0,0.0
PAX1,20,21708558,NM_006192.5:c.917G>T,NP_006183.2:p.Gly306Val,0.651,33,['Unknown%20significance'],78.99,0.82,0.0,-0.1,0.1
PAX1,20,21708560,NM_006192.5:c.919G>A,NP_006183.2:p.Ala307Thr,0.580,25.0,['Unknown%20significance'],78.33,0.61,0.0,0.2,0.2
PAX1,20,21708560,NM_006192.5:c.919G>C,NP_006183.2:p.Ala307Pro,0.609,23.2,['Pathogenic'],78.33,0.61,0.0,0.3,0.3
PAX1,20,21708561,NM_006192.5:c.920C>T,NP_006183.2:p.Ala307Val,0.627,26.8,['Unknown%20significance'],78.33,0.61,0.0,-0.0,0.0
PAX1,20,21708564,NM_006192.5:c.923T>A,NP_006183.2:p.Leu308Gln,0.656,29.5,['Unknown%20significance'],192.36,0.99,0.0,0.2,0.2
PAX1,20,21708566,NM_006192.5:c.925G>T,NP_006183.2:p.Ala309Ser,0.314,21.5,['Unknown%20significance'],125.59,0.98,0.0,0.0,0.0
PAX1,20,21708567,NM_006192.5:c.926C>A,NP_006183.2:p.Ala309Asp,0.435,23.3,['Unknown%20significance'],125.59,0.98,0.0,0.1,0.1
PAX1,20,21708567,NM_006192.5:c.926C>G,NP_006183.2:p.Ala309Gly,0.285,22.4,['Unknown%20significance'],125.59,0.98,0.0,0.1,0.1
PAX1,20,21708569,NM_006192.5:c.928G>A,NP_006183.2:p.Gly310Arg,0.733,25.9,['Unknown%20significance'],84.6,0.88,0.0,-0.0,0.0
PAX1,20,21708570,NM_006192.5:c.929G>A,NP_006183.2:p.Gly310Glu,0.753,27.3,['Unknown%20significance'],84.6,0.88,0.0,0.2,0.2
PAX1,20,21708570,NM_006192.5:c.929G>C,NP_006183.2:p.Gly310Ala,0.612,26.1,['Unknown%20significance'],84.6,0.88,0.0,0.1,0.1
PAX1,20,21708573,NM_006192.5:c.932G>A,NP_006183.2:p.Ser311Asn,0.337,22.7,['Unknown%20significance'],120.67,0.87,0.0,0.1,0.1
PAX1,20,21708574,NM_006192.5:c.933C>A,NP_006183.2:p.Ser311Arg,0.322,22.0,['Unknown%20significance'],120.67,0.87,0.0,-0.0,0.0
PAX1,20,21708574,NM_006192.5:c.933C>G,NP_006183.2:p.Ser311Arg,0.322,22.8,['Unknown%20significance'],120.67,0.87,0.0,-0.0,0.0
PAX1,20,21708575,NM_006192.5:c.934G>A,NP_006183.2:p.Glu312Lys,0.694,26.6,['Unknown%20significance'],182.82,0.93,0.0,0.0,0.0
PAX1,20,21708576,NM_006192.5:c.935A>C,NP_006183.2:p.Glu312Ala,0.551,29.1,['Unknown%20significance'],182.82,0.93,0.0,0.1,0.1
PAX1,20,21708577,NM_006192.5:c.936A>T,NP_006183.2:p.Glu312Asp,0.176,17.60,['Likely%20benign'],182.82,0.93,0.0,-0.0,0.0
PAX1,20,21708578,NM_006192.5:c.937G>A,NP_006183.2:p.Gly313Ser,0.330,22.4,['Pathogenic'],93.16,0.97,0.0,-0.0,0.0
PAX1,20,21708579,NM_006192.5:c.938G>A,NP_006183.2:p.Gly313Asp,0.502,24.4,['Unknown%20significance'],93.16,0.97,0.0,0.1,0.1
PAX1,20,21708579,NM_006192.5:c.938G>T,NP_006183.2:p.Gly313Val,0.430,24.2,['Unknown%20significance'],93.16,0.97,0.0,0.0,0.0
PAX1,20,21708581,NM_006192.5:c.940A>G,NP_006183.2:p.Thr314Ala,0.190,0.008,['Unknown%20significance'],150.15,0.95,0.0,0.1,0.1
PAX1,20,21708582,NM_006192.5:c.941C>T,NP_006183.2:p.Thr314Ile,0.288,15.33,['Unknown%20significance'],150.15,0.95,0.0,0.0,0.0
PAX1,20,21708584,NM_006192.5:c.943G>A,NP_006183.2:p.Ala315Thr,0.310,0.063,['Unknown%20significance'],98.03,0.77,0.0,-0.0,0.0
PAX1,20,21708584,NM_006192.5:c.943G>C,NP_006183.2:p.Ala315Pro,0.411,0.279,['Likely%20benign'],98.03,0.77,0.0,0.1,0.1
PAX1,20,21708585,NM_006192.5:c.944C>T,NP_006183.2:p.Ala315Val,0.300,22.5,['Unknown%20significance'],98.03,0.77,0.0,-0.0,0.0
PAX1,20,21708591,NM_006192.5:c.950C>G,NP_006183.2:p.Ser317Cys,0.653,26.4,['Unknown%20significance'],96.69,0.7,0.0,0.2,0.2
PAX1,20,21708591,NM_006192.5:c.950C>T,NP_006183.2:p.Ser317Phe,0.584,24.1,['Unknown%20significance'],96.69,0.7,0.0,-0.0,0.0
PAX1,20,21708593,NM_006192.5:c.952C>T,NP_006183.2:p.Pro318Ser,0.508,22.8,['Unknown%20significance'],131.1,0.83,0.0,0.3,0.3
PAX1,20,21708594,NM_006192.5:c.953C>T,NP_006183.2:p.Pro318Leu,0.750,23.7,['Unknown%20significance'],131.1,0.83,0.0,0.2,0.2
PAX1,20,21708596,NM_006192.5:c.955A>C,NP_006183.2:p.Lys319Gln,0.729,28.6,['Unknown%20significance'],207.95,0.87,0.0,-0.0,0.0
PAX1,20,21708598,NM_006192.5:c.957G>C,NP_006183.2:p.Lys319Asn,0.615,28.1,['Unknown%20significance'],207.95,0.87,0.0,0.1,0.1
PAX1,20,21708599,NM_006192.5:c.958A>G,NP_006183.2:p.Met320Val,0.388,18.22,['Unknown%20significance'],154.54,0.71,0.0,0.3,0.3
PAX1,20,21708600,NM_006192.5:c.959T>A,NP_006183.2:p.Met320Lys,0.710,24.6,['Unknown%20significance'],154.54,0.71,0.0,0.6,0.6
PAX1,20,21708600,NM_006192.5:c.959T>C,NP_006183.2:p.Met320Thr,0.649,23.9,['Unknown%20significance'],154.54,0.71,0.0,0.4,0.4
PAX1,20,21708602,NM_006192.5:c.961G>A,NP_006183.2:p.Glu321Lys,0.773,32,['Unknown%20significance'],158.94,0.81,0.0,0.2,0.2
PAX1,20,21708602,NM_006192.5:c.961G>C,NP_006183.2:p.Glu321Gln,0.717,29.1,['Unknown%20significance'],158.94,0.81,0.0,-0.0,0.0
PAX1,20,21708603,NM_006192.5:c.962A>G,NP_006183.2:p.Glu321Gly,0.799,32,['Unknown%20significance'],158.94,0.81,0.0,0.4,0.4
PAX1,20,21708605,NM_006192.5:c.964G>A,NP_006183.2:p.Asp322Asn,0.564,31,['Likely%20benign'],123.57,0.77,0.0,0.1,0.1
PAX1,20,21708605,NM_006192.5:c.964G>C,NP_006183.2:p.Asp322His,0.800,29.8,['Unknown%20significance'],123.57,0.77,0.0,-0.0,0.0
PAX1,20,21708606,NM_006192.5:c.965A>G,NP_006183.2:p.Asp322Gly,0.757,29.6,['Unknown%20significance'],123.57,0.77,0.0,0.3,0.3
PAX1,20,21708607,NM_006192.5:c.966C>G,NP_006183.2:p.Asp322Glu,0.358,17.49,['Unknown%20significance'],123.57,0.77,0.0,0.1,0.1
PAX1,20,21708608,NM_006192.5:c.967T>C,NP_006183.2:p.Trp323Arg,0.876,31,['Unknown%20significance'],210.19,0.8,0.0,0.6,0.6
PAX1,20,21708610,NM_006192.5:c.969G>C,NP_006183.2:p.Trp323Cys,0.872,32,['Unknown%20significance'],210.19,0.8,0.0,0.9,0.9
PAX1,20,21708610,NM_006192.5:c.969G>T,NP_006183.2:p.Trp323Cys,0.872,32,['Unknown%20significance'],210.19,0.8,0.0,0.9,0.9
PAX1,20,21708611,NM_006192.5:c.970G>A,NP_006183.2:p.Ala324Thr,0.322,20.8,['Unknown%20significance'],82.94,0.65,0.0,-0.0,0.0
PAX1,20,21708612,NM_006192.5:c.971C>A,NP_006183.2:p.Ala324Asp,0.425,24.9,['Unknown%20significance'],82.94,0.65,0.0,0.3,0.3
PAX1,20,21708614,NM_006192.5:c.973G>A,NP_006183.2:p.Gly325Ser,0.331,2.228,['Likely%20benign'],77.13,0.8,0.0,-0.1,0.1
PAX1,20,21708614,NM_006192.5:c.973G>C,NP_006183.2:p.Gly325Arg,0.302,15.57,['Likely%20benign'],77.13,0.8,0.0,-0.2,0.2
PAX1,20,21708614,NM_006192.5:c.973G>T,NP_006183.2:p.Gly325Cys,0.476,19.62,['Likely%20benign'],77.13,0.8,0.0,-0.0,0.0
PAX1,20,21708615,NM_006192.5:c.974G>A,NP_006183.2:p.Gly325Asp,0.325,18.56,['Unknown%20significance'],77.13,0.8,0.0,0.0,0.0
PAX1,20,21708617,NM_006192.5:c.976G>T,NP_006183.2:p.Val326Leu,0.360,19.08,['Likely%20benign'],123.9,0.72,0.0,0.1,0.1
PAX1,20,21708618,NM_006192.5:c.977T>A,NP_006183.2:p.Val326Glu,0.708,25.9,['Unknown%20significance'],123.9,0.72,0.0,0.4,0.4
PAX1,20,21708621,NM_006192.5:c.980A>C,NP_006183.2:p.Asn327Thr,0.654,25.3,['Unknown%20significance'],123.47,0.77,0.0,0.1,0.1
PAX1,20,21708621,NM_006192.5:c.980A>G,NP_006183.2:p.Asn327Ser,0.476,23.3,['Unknown%20significance'],123.47,0.77,0.0,0.1,0.1
PAX1,20,21708623,NM_006192.5:c.982C>A,NP_006183.2:p.Arg328Ser,0.762,24.9,['Unknown%20significance'],235.07,0.87,0.0,0.3,0.3
PAX1,20,21708623,NM_006192.5:c.982C>G,NP_006183.2:p.Arg328Gly,0.724,25.2,['Unknown%20significance'],235.07,0.87,0.0,0.4,0.4
PAX1,20,21708623,NM_006192.5:c.982C>T,NP_006183.2:p.Arg328Cys,0.816,26.6,['Unknown%20significance'],235.07,0.87,0.0,0.3,0.3
PAX1,20,21708624,NM_006192.5:c.983G>A,NP_006183.2:p.Arg328His,0.675,29.8,['Unknown%20significance'],235.07,0.87,0.0,0.1,0.1
PAX1,20,21708624,NM_006192.5:c.983G>C,NP_006183.2:p.Arg328Pro,0.796,31,['Unknown%20significance'],235.07,0.87,0.0,0.3,0.3
PAX1,20,21708624,NM_006192.5:c.983G>T,NP_006183.2:p.Arg328Leu,0.824,29.4,['Unknown%20significance'],235.07,0.87,0.0,0.1,0.1
PAX1,20,21708626,NM_006192.5:c.985A>C,NP_006183.2:p.Thr329Pro,0.239,9.148,['Likely%20benign'],105.23,0.66,0.0,0.5,0.5
PAX1,20,21708626,NM_006192.5:c.985A>G,NP_006183.2:p.Thr329Ala,0.240,7.023,['Likely%20benign'],105.23,0.66,0.0,0.4,0.4
PAX1,20,21708627,NM_006192.5:c.986C>A,NP_006183.2:p.Thr329Lys,0.267,20.7,['Unknown%20significance'],105.23,0.66,0.0,0.7,0.7
PAX1,20,21708627,NM_006192.5:c.986C>G,NP_006183.2:p.Thr329Arg,0.275,20.8,['Unknown%20significance'],105.23,0.66,0.0,0.3,0.3
PAX1,20,21708627,NM_006192.5:c.986C>T,NP_006183.2:p.Thr329Met,0.299,24.0,['Unknown%20significance'],105.23,0.66,0.0,0.2,0.2
PAX1,20,21708629,NM_006192.5:c.988G>T,NP_006183.2:p.Ala330Ser,0.211,16.93,['Likely%20benign'],117.27,0.92,0.0,0.0,0.0
PAX1,20,21708630,NM_006192.5:c.989C>T,NP_006183.2:p.Ala330Val,0.302,22.7,['Unknown%20significance'],117.27,0.92,0.0,-0.0,0.0
PAX1,20,21708632,NM_006192.5:c.991T>C,NP_006183.2:p.Phe331Leu,0.777,28.4,['Unknown%20significance'],172.33,0.75,0.0,0.6,0.6
PAX1,20,21708634,NM_006192.5:c.993C>A,NP_006183.2:p.Phe331Leu,0.747,22.9,['Unknown%20significance'],172.33,0.75,0.0,0.6,0.6
PAX1,20,21708636,NM_006192.5:c.995C>G,NP_006183.2:p.Pro332Arg,0.564,24.0,['Unknown%20significance'],128.91,0.81,0.0,0.2,0.2
PAX1,20,21708638,NM_006192.5:c.997G>A,NP_006183.2:p.Ala333Thr,0.205,11.35,['Unknown%20significance'],121.67,0.95,0.0,0.0,0.0
PAX1,20,21708638,NM_006192.5:c.997G>C,NP_006183.2:p.Ala333Pro,0.396,21.5,['Likely%20benign'],121.67,0.95,0.0,-0.0,0.0
PAX1,20,21708638,NM_006192.5:c.997G>T,NP_006183.2:p.Ala333Ser,0.274,9.748,['Likely%20benign'],121.67,0.95,0.0,0.0,0.0
PAX1,20,21708639,NM_006192.5:c.998C>A,NP_006183.2:p.Ala333Asp,0.312,21.7,['Unknown%20significance'],121.67,0.95,0.0,0.1,0.1
PAX1,20,21708639,NM_006192.5:c.998C>T,NP_006183.2:p.Ala333Val,0.313,21.2,['Unknown%20significance'],121.67,0.95,0.0,-0.0,0.0
PAX1,20,21708642,NM_006192.5:c.1001C>A,NP_006183.2:p.Thr334Asn,0.221,15.46,['Likely%20benign'],118.85,0.75,0.0,0.1,0.1
PAX1,20,21708642,NM_006192.5:c.1001C>G,NP_006183.2:p.Thr334Ser,0.335,9.036,['Likely%20benign'],118.85,0.75,0.0,0.0,0.0
PAX1,20,21708642,NM_006192.5:c.1001C>T,NP_006183.2:p.Thr334Ile,0.249,16.80,['Unknown%20significance'],118.85,0.75,0.0,0.0,0.0
PAX1,20,21708644,NM_006192.5:c.1003C>G,NP_006183.2:p.Pro335Ala,0.223,7.433,['Likely%20benign'],154.42,0.98,0.0,0.0,0.0
PAX1,20,21708645,NM_006192.5:c.1004C>G,NP_006183.2:p.Pro335Arg,0.288,17.27,['Likely%20benign'],154.42,0.98,0.0,-0.1,0.1
PAX1,20,21708647,NM_006192.5:c.1006G>A,NP_006183.2:p.Ala336Thr,0.246,5.501,['Likely%20benign'],86.22,0.67,0.0,0.0,0.0
PAX1,20,21708647,NM_006192.5:c.1006G>T,NP_006183.2:p.Ala336Ser,0.217,4.307,['Likely%20benign'],86.22,0.67,0.0,0.1,0.1
PAX1,20,21708648,NM_006192.5:c.1007C>A,NP_006183.2:p.Ala336Glu,0.241,15.21,['Unknown%20significance'],86.22,0.67,0.0,0.4,0.4
PAX1,20,21708648,NM_006192.5:c.1007C>T,NP_006183.2:p.Ala336Val,0.208,16.30,['Unknown%20significance'],86.22,0.67,0.0,-0.0,0.0
PAX1,20,21708650,NM_006192.5:c.1009G>A,NP_006183.2:p.Val337Met,0.640,23.0,['Unknown%20significance'],151.13,0.87,0.0,0.1,0.1
PAX1,20,21708650,NM_006192.5:c.1009G>T,NP_006183.2:p.Val337Leu,0.630,20.7,['Unknown%20significance'],151.13,0.87,0.0,0.1,0.1
PAX1,20,21708651,NM_006192.5:c.1010T>A,NP_006183.2:p.Val337Glu,0.849,24.8,['Unknown%20significance'],151.13,0.87,0.0,0.4,0.4
PAX1,20,21708653,NM_006192.5:c.1012A>T,NP_006183.2:p.Asn338Tyr,0.796,26.3,['Unknown%20significance'],140.77,0.88,0.0,-0.1,0.1
PAX1,20,21708654,NM_006192.5:c.1013A>T,NP_006183.2:p.Asn338Ile,0.759,25.7,['Unknown%20significance'],140.77,0.88,0.0,-0.0,0.0
PAX1,20,21708655,NM_006192.5:c.1014T>A,NP_006183.2:p.Asn338Lys,0.579,13.53,['Unknown%20significance'],140.77,0.88,0.0,0.1,0.1
PAX1,20,21708660,NM_006192.5:c.1019T>A,NP_006183.2:p.Leu340Gln,0.518,25.0,['Unknown%20significance'],176.66,0.91,0.0,0.2,0.2
PAX1,20,21708660,NM_006192.5:c.1019T>C,NP_006183.2:p.Leu340Pro,0.660,25.4,['Unknown%20significance'],176.66,0.91,0.0,0.3,0.3
PAX1,20,21708662,NM_006192.5:c.1021G>C,NP_006183.2:p.Glu341Gln,0.494,22.9,['Unknown%20significance'],155.89,0.79,0.0,-0.0,0.0
PAX1,20,21708667,NM_006192.5:c.1026A>C,NP_006183.2:p.Lys342Asn,0.631,24.0,['Unknown%20significance'],159.76,0.67,0.0,0.3,0.3
PAX1,20,21708668,NM_006192.5:c.1027C>T,NP_006183.2:p.Pro343Ser,0.383,19.98,['Unknown%20significance'],157.56,1.0,0.0,-0.0,0.0
PAX1,20,21708669,NM_006192.5:c.1028C>G,NP_006183.2:p.Pro343Arg,0.419,23.3,['Unknown%20significance'],157.56,1.0,0.0,-0.0,0.0
PAX1,20,21708669,NM_006192.5:c.1028C>T,NP_006183.2:p.Pro343Leu,0.458,23.4,['Unknown%20significance'],157.56,1.0,0.0,-0.0,0.0
PAX1,20,21708671,NM_006192.5:c.1030G>A,NP_006183.2:p.Ala344Thr,0.302,21.1,['Unknown%20significance'],72.08,0.56,0.0,0.1,0.1
PAX1,20,21708675,NM_006192.5:c.1034T>C,NP_006183.2:p.Leu345Ser,0.624,24.5,['Unknown%20significance'],135.07,0.7,0.0,0.8,0.8
PAX1,20,21708677,NM_006192.5:c.1036G>C,NP_006183.2:p.Glu346Gln,0.531,27.0,['Unknown%20significance'],146.83,0.75,0.0,-0.1,0.1
PAX1,20,21708678,NM_006192.5:c.1037A>G,NP_006183.2:p.Glu346Gly,0.627,26.2,['Unknown%20significance'],146.83,0.75,0.0,0.4,0.4
PAX1,20,21708683,NM_006192.5:c.1042G>C,NP_006183.2:p.Asp348His,0.767,31,['Unknown%20significance'],133.72,0.83,0.0,0.1,0.1
PAX1,20,21708686,NM_006192.5:c.1045A>G,NP_006183.2:p.Ile349Val,0.605,23.0,['Unknown%20significance'],195.03,0.99,0.0,0.1,0.1
PAX1,20,21708692,NM_006192.5:c.1051T>C,NP_006183.2:p.Tyr351His,0.853,31,['Unknown%20significance'],192.75,0.8,0.0,0.5,0.5
PAX1,20,21708693,NM_006192.5:c.1052A>G,NP_006183.2:p.Tyr351Cys,0.891,32,['Unknown%20significance'],192.75,0.8,0.0,0.9,0.9
PAX1,20,21708695,NM_006192.5:c.1054A>C,NP_006183.2:p.Thr352Pro,0.324,21.7,['Likely%20benign'],137.28,0.87,0.0,-0.0,0.0
PAX1,20,21708695,NM_006192.5:c.1054A>G,NP_006183.2:p.Thr352Ala,0.343,21.8,['Likely%20benign'],137.28,0.87,0.0,0.1,0.1
PAX1,20,21708696,NM_006192.5:c.1055C>G,NP_006183.2:p.Thr352Ser,0.318,19.21,['Likely%20benign'],137.28,0.87,0.0,0.1,0.1
PAX1,20,21708696,NM_006192.5:c.1055C>T,NP_006183.2:p.Thr352Ile,0.299,22.1,['Unknown%20significance'],137.28,0.87,0.0,0.0,0.0
PAX1,20,21708699,NM_006192.5:c.1058A>G,NP_006183.2:p.Gln353Arg,0.826,32,['Unknown%20significance'],159.84,0.8,0.0,0.1,0.1
PAX1,20,21709222,NM_006192.5:c.1060T>G,NP_006183.2:p.Ser354Ala,0.243,14.91,['Likely%20benign'],118.15,0.85,0.0,-0.0,0.0
PAX1,20,21709223,NM_006192.5:c.1061C>T,NP_006183.2:p.Ser354Leu,0.488,25.6,['Unknown%20significance'],118.15,0.85,0.0,0.0,0.0
PAX1,20,21709225,NM_006192.5:c.1063G>A,NP_006183.2:p.Ala355Thr,0.205,14.67,['Likely%20benign'],112.72,0.88,0.0,-0.0,0.0
PAX1,20,21709225,NM_006192.5:c.1063G>C,NP_006183.2:p.Ala355Pro,0.240,15.44,['Likely%20benign'],112.72,0.88,0.0,-0.1,0.1
PAX1,20,21709225,NM_006192.5:c.1063G>T,NP_006183.2:p.Ala355Ser,0.294,14.14,['Likely%20benign'],112.72,0.88,0.0,0.0,0.0
PAX1,20,21709226,NM_006192.5:c.1064C>A,NP_006183.2:p.Ala355Asp,0.355,23.5,['Unknown%20significance'],112.72,0.88,0.0,0.1,0.1
PAX1,20,21709226,NM_006192.5:c.1064C>T,NP_006183.2:p.Ala355Val,0.300,22.6,['Unknown%20significance'],112.72,0.88,0.0,0.0,0.0
PAX1,20,21709229,NM_006192.5:c.1067C>G,NP_006183.2:p.Ser356Cys,0.438,23.9,['Unknown%20significance'],112.95,0.81,0.0,0.2,0.2
PAX1,20,21709229,NM_006192.5:c.1067C>T,NP_006183.2:p.Ser356Phe,0.430,24.0,['Unknown%20significance'],112.95,0.81,0.0,-0.0,0.0
PAX1,20,21709231,NM_006192.5:c.1069A>C,NP_006183.2:p.Thr357Pro,0.294,17.83,['Likely%20benign'],142.84,0.9,0.0,0.1,0.1
PAX1,20,21709231,NM_006192.5:c.1069A>G,NP_006183.2:p.Thr357Ala,0.230,15.22,['Likely%20benign'],142.84,0.9,0.0,0.0,0.0
PAX1,20,21709232,NM_006192.5:c.1070C>T,NP_006183.2:p.Thr357Ile,0.309,20.1,['Likely%20benign'],142.84,0.9,0.0,0.0,0.0
PAX1,20,21709234,NM_006192.5:c.1072C>A,NP_006183.2:p.Leu358Ile,0.530,23.5,['Unknown%20significance'],189.41,0.98,0.0,0.1,0.1
PAX1,20,21709234,NM_006192.5:c.1072C>G,NP_006183.2:p.Leu358Val,0.535,23.3,['Unknown%20significance'],189.41,0.98,0.0,0.1,0.1
PAX1,20,21709235,NM_006192.5:c.1073T>A,NP_006183.2:p.Leu358His,0.778,25.7,['Unknown%20significance'],189.41,0.98,0.0,0.2,0.2
PAX1,20,21709235,NM_006192.5:c.1073T>C,NP_006183.2:p.Leu358Pro,0.818,26.9,['Unknown%20significance'],189.41,0.98,0.0,0.2,0.2
PAX1,20,21709235,NM_006192.5:c.1073T>G,NP_006183.2:p.Leu358Arg,0.801,25.8,['Unknown%20significance'],189.41,0.98,0.0,0.2,0.2
PAX1,20,21709238,NM_006192.5:c.1076C>A,NP_006183.2:p.Ser359Tyr,0.730,24.4,['Unknown%20significance'],141.34,1.0,0.0,-0.0,0.0
PAX1,20,21709238,NM_006192.5:c.1076C>G,NP_006183.2:p.Ser359Cys,0.684,24.4,['Unknown%20significance'],141.34,1.0,0.0,0.0,0.0
PAX1,20,21709240,NM_006192.5:c.1078G>T,NP_006183.2:p.Ala360Ser,0.293,14.89,['Unknown%20significance'],95.45,0.75,0.0,0.1,0.1
PAX1,20,21709241,NM_006192.5:c.1079C>T,NP_006183.2:p.Ala360Val,0.383,22.0,['Unknown%20significance'],95.45,0.75,0.0,-0.1,0.1
PAX1,20,21709243,NM_006192.5:c.1081G>A,NP_006183.2:p.Val361Met,0.466,24.1,['Unknown%20significance'],181.87,1.0,0.0,0.1,0.1
PAX1,20,21709243,NM_006192.5:c.1081G>T,NP_006183.2:p.Val361Leu,0.437,21.0,['Unknown%20significance'],181.87,1.0,0.0,0.1,0.1
PAX1,20,21709244,NM_006192.5:c.1082T>C,NP_006183.2:p.Val361Ala,0.675,23.2,['Unknown%20significance'],181.87,1.0,0.0,0.2,0.2
PAX1,20,21709246,NM_006192.5:c.1084G>A,NP_006183.2:p.Gly362Ser,0.360,16.25,['Unknown%20significance'],79.95,0.83,0.0,-0.1,0.1
PAX1,20,21709246,NM_006192.5:c.1084G>T,NP_006183.2:p.Gly362Cys,0.713,23.8,['Unknown%20significance'],79.95,0.83,0.0,-0.0,0.0
PAX1,20,21709247,NM_006192.5:c.1085G>A,NP_006183.2:p.Gly362Asp,0.712,24.7,['Unknown%20significance'],79.95,0.83,0.0,0.1,0.1
PAX1,20,21709247,NM_006192.5:c.1085G>C,NP_006183.2:p.Gly362Ala,0.586,23.0,['Unknown%20significance'],79.95,0.83,0.0,-0.1,0.1
PAX1,20,21709247,NM_006192.5:c.1085G>T,NP_006183.2:p.Gly362Val,0.723,23.4,['Unknown%20significance'],79.95,0.83,0.0,-0.1,0.1
PAX1,20,21709249,NM_006192.5:c.1087G>A,NP_006183.2:p.Gly363Ser,0.292,7.817,['Likely%20benign'],90.83,0.95,0.0,-0.1,0.1
PAX1,20,21709249,NM_006192.5:c.1087G>T,NP_006183.2:p.Gly363Cys,0.678,21.9,['Unknown%20significance'],90.83,0.95,0.0,-0.1,0.1
PAX1,20,21709250,NM_006192.5:c.1088G>A,NP_006183.2:p.Gly363Asp,0.524,22.6,['Unknown%20significance'],90.83,0.95,0.0,0.1,0.1
PAX1,20,21709250,NM_006192.5:c.1088G>T,NP_006183.2:p.Gly363Val,0.548,22.6,['Unknown%20significance'],90.83,0.95,0.0,-0.1,0.1
PAX1,20,21709253,NM_006192.5:c.1091T>G,NP_006183.2:p.Phe364Cys,0.799,26.1,['Unknown%20significance'],191.1,0.83,0.0,0.6,0.6
PAX1,20,21709255,NM_006192.5:c.1093C>A,NP_006183.2:p.Leu365Ile,0.420,23.6,['Unknown%20significance'],186.41,0.96,0.0,0.0,0.0
PAX1,20,21709255,NM_006192.5:c.1093C>G,NP_006183.2:p.Leu365Val,0.383,17.71,['Unknown%20significance'],186.41,0.96,0.0,-0.0,0.0
PAX1,20,21709255,NM_006192.5:c.1093C>T,NP_006183.2:p.Leu365Phe,0.593,24.3,['Unknown%20significance'],186.41,0.96,0.0,0.1,0.1
PAX1,20,21709256,NM_006192.5:c.1094T>C,NP_006183.2:p.Leu365Pro,0.827,27.6,['Unknown%20significance'],186.41,0.96,0.0,0.3,0.3
PAX1,20,21709258,NM_006192.5:c.1096C>A,NP_006183.2:p.Pro366Thr,0.555,22.7,['Unknown%20significance'],136.49,0.86,0.0,0.1,0.1
PAX1,20,21709258,NM_006192.5:c.1096C>T,NP_006183.2:p.Pro366Ser,0.333,18.58,['Likely%20benign'],136.49,0.86,0.0,0.2,0.2
PAX1,20,21709259,NM_006192.5:c.1097C>T,NP_006183.2:p.Pro366Leu,0.726,25.2,['Unknown%20significance'],136.49,0.86,0.0,0.0,0.0
PAX1,20,21709261,NM_006192.5:c.1099G>A,NP_006183.2:p.Ala367Thr,0.659,26.8,['Unknown%20significance'],87.69,0.68,0.0,0.3,0.3
PAX1,20,21709261,NM_006192.5:c.1099G>C,NP_006183.2:p.Ala367Pro,0.618,24.9,['Unknown%20significance'],87.69,0.68,0.0,0.4,0.4
PAX1,20,21709261,NM_006192.5:c.1099G>T,NP_006183.2:p.Ala367Ser,0.585,25.7,['Unknown%20significance'],87.69,0.68,0.0,0.3,0.3
PAX1,20,21709262,NM_006192.5:c.1100C>T,NP_006183.2:p.Ala367Val,0.700,25.6,['Unknown%20significance'],87.69,0.68,0.0,-0.0,0.0
PAX1,20,21709264,NM_006192.5:c.1102T>A,NP_006183.2:p.Cys368Ser,0.814,24.6,['Unknown%20significance'],106.15,0.68,0.0,0.8,0.8
PAX1,20,21709264,NM_006192.5:c.1102T>C,NP_006183.2:p.Cys368Arg,0.889,29.2,['Unknown%20significance'],106.15,0.68,0.0,0.9,0.9
PAX1,20,21709264,NM_006192.5:c.1102T>G,NP_006183.2:p.Cys368Gly,0.891,27.4,['Unknown%20significance'],106.15,0.68,0.0,1.2,1.2
PAX1,20,21709265,NM_006192.5:c.1103G>A,NP_006183.2:p.Cys368Tyr,0.884,26.8,['Unknown%20significance'],106.15,0.68,0.0,0.5,0.5
PAX1,20,21709265,NM_006192.5:c.1103G>T,NP_006183.2:p.Cys368Phe,0.879,27.1,['Unknown%20significance'],106.15,0.68,0.0,0.6,0.6
PAX1,20,21709267,NM_006192.5:c.1105G>A,NP_006183.2:p.Ala369Thr,0.596,22.7,['Unknown%20significance'],117.19,0.92,0.0,0.1,0.1
PAX1,20,21709267,NM_006192.5:c.1105G>C,NP_006183.2:p.Ala369Pro,0.676,24.7,['Unknown%20significance'],117.19,0.92,0.0,0.2,0.2
PAX1,20,21709267,NM_006192.5:c.1105G>T,NP_006183.2:p.Ala369Ser,0.612,23.5,['Unknown%20significance'],117.19,0.92,0.0,0.2,0.2
PAX1,20,21709268,NM_006192.5:c.1106C>G,NP_006183.2:p.Ala369Gly,0.653,25.5,['Unknown%20significance'],117.19,0.92,0.0,0.3,0.3
PAX1,20,21709268,NM_006192.5:c.1106C>T,NP_006183.2:p.Ala369Val,0.538,23.7,['Unknown%20significance'],117.19,0.92,0.0,0.0,0.0
PAX1,20,21709270,NM_006192.5:c.1108T>C,NP_006183.2:p.Tyr370His,0.854,29.3,['Unknown%20significance'],197.65,0.82,0.0,0.4,0.4
PAX1,20,21709271,NM_006192.5:c.1109A>T,NP_006183.2:p.Tyr370Phe,0.826,26.6,['Unknown%20significance'],197.65,0.82,0.0,0.2,0.2
PAX1,20,21709273,NM_006192.5:c.1111C>T,NP_006183.2:p.Pro371Ser,0.495,23.4,['Unknown%20significance'],136.95,0.87,0.0,0.2,0.2
PAX1,20,21709274,NM_006192.5:c.1112C>T,NP_006183.2:p.Pro371Leu,0.791,26.5,['Unknown%20significance'],136.95,0.87,0.0,0.2,0.2
PAX1,20,21709276,NM_006192.5:c.1114G>A,NP_006183.2:p.Ala372Thr,0.300,18.82,['Likely%20benign'],122.11,0.96,0.0,-0.0,0.0
PAX1,20,21709276,NM_006192.5:c.1114G>T,NP_006183.2:p.Ala372Ser,0.255,16.97,['Likely%20benign'],122.11,0.96,0.0,0.0,0.0
PAX1,20,21709279,NM_006192.5:c.1117T>C,NP_006183.2:p.Ser373Pro,0.467,21.5,['Unknown%20significance'],98.22,0.71,0.0,-0.1,0.1
PAX1,20,21709279,NM_006192.5:c.1117T>G,NP_006183.2:p.Ser373Ala,0.314,20.0,['Unknown%20significance'],98.22,0.71,0.0,0.1,0.1
PAX1,20,21709282,NM_006192.5:c.1120A>C,NP_006183.2:p.Asn374His,0.684,25.8,['Unknown%20significance'],137.67,0.86,0.0,-0.0,0.0
PAX1,20,21709282,NM_006192.5:c.1120A>T,NP_006183.2:p.Asn374Tyr,0.733,26.7,['Unknown%20significance'],137.67,0.86,0.0,-0.0,0.0
PAX1,20,21709283,NM_006192.5:c.1121A>C,NP_006183.2:p.Asn374Thr,0.534,22.7,['Unknown%20significance'],137.67,0.86,0.0,0.0,0.0
PAX1,20,21709285,NM_006192.5:c.1123C>A,NP_006183.2:p.Gln375Lys,0.656,24.9,['Unknown%20significance'],153.81,0.77,0.0,0.3,0.3
PAX1,20,21709285,NM_006192.5:c.1123C>G,NP_006183.2:p.Gln375Glu,0.632,24.4,['Benign'],153.81,0.77,0.0,0.2,0.2
PAX1,20,21709286,NM_006192.5:c.1124A>C,NP_006183.2:p.Gln375Pro,0.714,24.7,['Unknown%20significance'],153.81,0.77,0.0,0.4,0.4
PAX1,20,21709290,NM_006192.5:c.1128C>A,NP_006183.2:p.His376Gln,0.451,23.0,['Unknown%20significance'],170.76,0.83,0.0,0.3,0.3
PAX1,20,21709290,NM_006192.5:c.1128C>G,NP_006183.2:p.His376Gln,0.429,23.2,['Unknown%20significance'],170.76,0.83,0.0,0.3,0.3
PAX1,20,21709291,NM_006192.5:c.1129G>A,NP_006183.2:p.Gly377Ser,0.492,10.32,['Unknown%20significance'],70.79,0.74,0.0,0.1,0.1
PAX1,20,21709291,NM_006192.5:c.1129G>C,NP_006183.2:p.Gly377Arg,0.724,17.45,['Unknown%20significance'],70.79,0.74,0.0,0.1,0.1
PAX1,20,21709291,NM_006192.5:c.1129G>T,NP_006183.2:p.Gly377Cys,0.794,21.8,['Unknown%20significance'],70.79,0.74,0.0,0.1,0.1
PAX1,20,21709292,NM_006192.5:c.1130G>A,NP_006183.2:p.Gly377Asp,0.619,24.7,['Unknown%20significance'],70.79,0.74,0.0,0.3,0.3
PAX1,20,21709292,NM_006192.5:c.1130G>C,NP_006183.2:p.Gly377Ala,0.619,23.0,['Unknown%20significance'],70.79,0.74,0.0,-0.0,0.0
PAX1,20,21709292,NM_006192.5:c.1130G>T,NP_006183.2:p.Gly377Val,0.712,24.6,['Unknown%20significance'],70.79,0.74,0.0,-0.0,0.0
PAX1,20,21709294,NM_006192.5:c.1132G>A,NP_006183.2:p.Val378Met,0.561,24.9,['Unknown%20significance'],108.74,0.63,0.0,0.4,0.4
PAX1,20,21709294,NM_006192.5:c.1132G>T,NP_006183.2:p.Val378Leu,0.558,24.6,['Unknown%20significance'],108.74,0.63,0.0,0.5,0.5
PAX1,20,21709295,NM_006192.5:c.1133T>A,NP_006183.2:p.Val378Glu,0.778,25.8,['Unknown%20significance'],108.74,0.63,0.0,1.1,1.1
PAX1,20,21709295,NM_006192.5:c.1133T>C,NP_006183.2:p.Val378Ala,0.606,25.2,['Unknown%20significance'],108.74,0.63,0.0,0.8,0.8
PAX1,20,21709298,NM_006192.5:c.1136A>C,NP_006183.2:p.Tyr379Ser,0.854,25.7,['Unknown%20significance'],241.22,1.0,0.0,0.4,0.4
PAX1,20,21709298,NM_006192.5:c.1136A>G,NP_006183.2:p.Tyr379Cys,0.883,26.1,['Unknown%20significance'],241.22,1.0,0.0,0.4,0.4
PAX1,20,21709300,NM_006192.5:c.1138A>G,NP_006183.2:p.Ser380Gly,0.291,15.18,['Likely%20benign'],105.97,0.76,0.0,0.1,0.1
PAX1,20,21709301,NM_006192.5:c.1139G>C,NP_006183.2:p.Ser380Thr,0.557,23.1,['Unknown%20significance'],105.97,0.76,0.0,0.0,0.0
PAX1,20,21709301,NM_006192.5:c.1139G>T,NP_006183.2:p.Ser380Ile,0.740,25.3,['Unknown%20significance'],105.97,0.76,0.0,0.0,0.0
PAX1,20,21709302,NM_006192.5:c.1140C>A,NP_006183.2:p.Ser380Arg,0.710,20.4,['Unknown%20significance'],105.97,0.76,0.0,0.1,0.1
PAX1,20,21709303,NM_006192.5:c.1141G>A,NP_006183.2:p.Ala381Thr,0.329,21.2,['Unknown%20significance'],106.52,0.83,0.0,0.1,0.1
PAX1,20,21709303,NM_006192.5:c.1141G>T,NP_006183.2:p.Ala381Ser,0.313,16.13,['Unknown%20significance'],106.52,0.83,0.0,0.1,0.1
PAX1,20,21709304,NM_006192.5:c.1142C>G,NP_006183.2:p.Ala381Gly,0.317,18.87,['Unknown%20significance'],106.52,0.83,0.0,0.1,0.1
PAX1,20,21709304,NM_006192.5:c.1142C>T,NP_006183.2:p.Ala381Val,0.374,22.6,['Unknown%20significance'],106.52,0.83,0.0,0.1,0.1
PAX1,20,21709306,NM_006192.5:c.1144C>G,NP_006183.2:p.Pro382Ala,0.312,14.34,['Unknown%20significance'],137.83,0.87,0.0,0.3,0.3
PAX1,20,21709306,NM_006192.5:c.1144C>T,NP_006183.2:p.Pro382Ser,0.290,11.70,['Unknown%20significance'],137.83,0.87,0.0,0.2,0.2
PAX1,20,21709307,NM_006192.5:c.1145C>A,NP_006183.2:p.Pro382Gln,0.478,23.3,['Unknown%20significance'],137.83,0.87,0.0,0.3,0.3
PAX1,20,21709307,NM_006192.5:c.1145C>G,NP_006183.2:p.Pro382Arg,0.487,23.4,['Unknown%20significance'],137.83,0.87,0.0,0.2,0.2
PAX1,20,21709307,NM_006192.5:c.1145C>T,NP_006183.2:p.Pro382Leu,0.490,23.6,['Unknown%20significance'],137.83,0.87,0.0,0.2,0.2
PAX1,20,21709309,NM_006192.5:c.1147G>A,NP_006183.2:p.Gly383Ser,0.343,22.5,['Unknown%20significance'],67.38,0.7,0.0,-0.1,0.1
PAX1,20,21709309,NM_006192.5:c.1147G>T,NP_006183.2:p.Gly383Cys,0.377,25.9,['Unknown%20significance'],67.38,0.7,0.0,0.0,0.0
PAX1,20,21709310,NM_006192.5:c.1148G>T,NP_006183.2:p.Gly383Val,0.360,21.0,['Unknown%20significance'],67.38,0.7,0.0,-0.1,0.1
PAX1,20,21709312,NM_006192.5:c.1150G>A,NP_006183.2:p.Gly384Ser,0.468,23.3,['Unknown%20significance'],80.69,0.84,0.0,-0.0,0.0
PAX1,20,21709312,NM_006192.5:c.1150G>T,NP_006183.2:p.Gly384Cys,0.541,26.9,['Unknown%20significance'],80.69,0.84,0.0,0.1,0.1
PAX1,20,21709315,NM_006192.5:c.1153G>A,NP_006183.2:p.Gly385Ser,0.320,19.13,['Unknown%20significance'],65.09,0.68,0.0,0.1,0.1
PAX1,20,21709315,NM_006192.5:c.1153G>C,NP_006183.2:p.Gly385Arg,0.774,24.0,['Unknown%20significance'],65.09,0.68,0.0,0.1,0.1
PAX1,20,21709316,NM_006192.5:c.1154G>A,NP_006183.2:p.Gly385Asp,0.775,24.5,['Unknown%20significance'],65.09,0.68,0.0,0.3,0.3
PAX1,20,21709316,NM_006192.5:c.1154G>C,NP_006183.2:p.Gly385Ala,0.412,20.6,['Unknown%20significance'],65.09,0.68,0.0,-0.0,0.0
PAX1,20,21709316,NM_006192.5:c.1154G>T,NP_006183.2:p.Gly385Val,0.740,24.4,['Unknown%20significance'],65.09,0.68,0.0,-0.0,0.0
PAX1,20,21709319,NM_006192.5:c.1157A>C,NP_006183.2:p.Tyr386Ser,0.836,27.2,['Unknown%20significance'],214.78,0.89,0.0,0.5,0.5
PAX1,20,21709321,NM_006192.5:c.1159C>T,NP_006183.2:p.Leu387Phe,0.416,25.1,['Unknown%20significance'],218.19,1.0,0.0,0.0,0.0
PAX1,20,21709322,NM_006192.5:c.1160T>A,NP_006183.2:p.Leu387His,0.516,26.2,['Unknown%20significance'],218.19,1.0,0.0,0.2,0.2
PAX1,20,21709322,NM_006192.5:c.1160T>C,NP_006183.2:p.Leu387Pro,0.527,26.9,['Unknown%20significance'],218.19,1.0,0.0,0.2,0.2
PAX1,20,21709324,NM_006192.5:c.1162G>A,NP_006183.2:p.Ala388Thr,0.338,18.60,['Likely%20benign'],82.88,0.65,0.0,0.0,0.0
PAX1,20,21709324,NM_006192.5:c.1162G>T,NP_006183.2:p.Ala388Ser,0.304,17.53,['Likely%20benign'],82.88,0.65,0.0,0.2,0.2
PAX1,20,21709325,NM_006192.5:c.1163C>A,NP_006183.2:p.Ala388Asp,0.460,22.8,['Unknown%20significance'],82.88,0.65,0.0,0.5,0.5
PAX1,20,21709325,NM_006192.5:c.1163C>T,NP_006183.2:p.Ala388Val,0.347,22.7,['Unknown%20significance'],82.88,0.65,0.0,-0.0,0.0
PAX1,20,21709327,NM_006192.5:c.1165C>T,NP_006183.2:p.Pro389Ser,0.360,22.5,['Unknown%20significance'],126.3,0.8,0.0,0.4,0.4
PAX1,20,21709328,NM_006192.5:c.1166C>A,NP_006183.2:p.Pro389Gln,0.516,24.1,['Unknown%20significance'],126.3,0.8,0.0,0.4,0.4
PAX1,20,21709328,NM_006192.5:c.1166C>G,NP_006183.2:p.Pro389Arg,0.535,24.1,['Unknown%20significance'],126.3,0.8,0.0,0.3,0.3
PAX1,20,21709328,NM_006192.5:c.1166C>T,NP_006183.2:p.Pro389Leu,0.505,24.1,['Unknown%20significance'],126.3,0.8,0.0,0.2,0.2
PAX1,20,21709330,NM_006192.5:c.1168G>A,NP_006183.2:p.Gly390Ser,0.647,23.9,['Unknown%20significance'],15.65,0.16,0.0,0.3,0.3
PAX1,20,21709331,NM_006192.5:c.1169G>C,NP_006183.2:p.Gly390Ala,0.580,23.9,['Unknown%20significance'],15.65,0.16,0.0,0.5,0.5
PAX1,20,21709331,NM_006192.5:c.1169G>T,NP_006183.2:p.Gly390Val,0.651,26.0,['Unknown%20significance'],15.65,0.16,0.0,0.5,0.5
PAX1,20,21709333,NM_006192.5:c.1171C>T,NP_006183.2:p.Pro391Ser,0.267,14.97,['Unknown%20significance'],137.22,0.87,0.0,0.1,0.1
PAX1,20,21709334,NM_006192.5:c.1172C>A,NP_006183.2:p.Pro391Gln,0.426,22.2,['Unknown%20significance'],137.22,0.87,0.0,0.0,0.0
PAX1,20,21709334,NM_006192.5:c.1172C>G,NP_006183.2:p.Pro391Arg,0.451,21.9,['Unknown%20significance'],137.22,0.87,0.0,-0.0,0.0
PAX1,20,21709334,NM_006192.5:c.1172C>T,NP_006183.2:p.Pro391Leu,0.431,22.2,['Unknown%20significance'],137.22,0.87,0.0,0.0,0.0
PAX1,20,21709336,NM_006192.5:c.1174C>T,NP_006183.2:p.Pro392Ser,0.430,23.0,['Unknown%20significance'],130.36,0.82,0.0,0.1,0.1
PAX1,20,21709337,NM_006192.5:c.1175C>A,NP_006183.2:p.Pro392Gln,0.487,24.7,['Unknown%20significance'],130.36,0.82,0.0,0.1,0.1
PAX1,20,21709337,NM_006192.5:c.1175C>G,NP_006183.2:p.Pro392Arg,0.548,24.7,['Unknown%20significance'],130.36,0.82,0.0,0.0,0.0
PAX1,20,21709337,NM_006192.5:c.1175C>T,NP_006183.2:p.Pro392Leu,0.513,25.2,['Unknown%20significance'],130.36,0.82,0.0,0.1,0.1
PAX1,20,21709339,NM_006192.5:c.1177T>C,NP_006183.2:p.Trp393Arg,0.710,26.6,['Unknown%20significance'],199.55,0.76,0.0,1.2,1.2
PAX1,20,21709340,NM_006192.5:c.1178G>T,NP_006183.2:p.Trp393Leu,0.675,26.7,['Unknown%20significance'],199.55,0.76,0.0,1.1,1.1
PAX1,20,21709341,NM_006192.5:c.1179G>T,NP_006183.2:p.Trp393Cys,0.720,31,['Unknown%20significance'],199.55,0.76,0.0,1.3,1.3
PAX1,20,21709342,NM_006192.5:c.1180C>T,NP_006183.2:p.Pro394Ser,0.325,17.57,['Unknown%20significance'],123.76,0.78,0.0,0.1,0.1
PAX1,20,21709343,NM_006192.5:c.1181C>A,NP_006183.2:p.Pro394Gln,0.383,22.7,['Likely%20benign'],123.76,0.78,0.0,-0.2,0.2
PAX1,20,21709343,NM_006192.5:c.1181C>G,NP_006183.2:p.Pro394Arg,0.382,23.3,['Unknown%20significance'],123.76,0.78,0.0,-0.1,0.1
PAX1,20,21709343,NM_006192.5:c.1181C>T,NP_006183.2:p.Pro394Leu,0.444,24.6,['Unknown%20significance'],123.76,0.78,0.0,0.0,0.0
PAX1,20,21709346,NM_006192.5:c.1184C>A,NP_006183.2:p.Pro395His,0.332,19.14,['Unknown%20significance'],147.22,0.93,0.0,0.0,0.0
PAX1,20,21709346,NM_006192.5:c.1184C>T,NP_006183.2:p.Pro395Leu,0.410,22.9,['Unknown%20significance'],147.22,0.93,0.0,0.1,0.1
PAX1,20,21709348,NM_006192.5:c.1186G>A,NP_006183.2:p.Ala396Thr,0.361,17.78,['Likely%20benign'],115.22,0.9,0.0,0.0,0.0
PAX1,20,21709348,NM_006192.5:c.1186G>C,NP_006183.2:p.Ala396Pro,0.376,21.4,['Unknown%20significance'],115.22,0.9,0.0,0.0,0.0
PAX1,20,21709348,NM_006192.5:c.1186G>T,NP_006183.2:p.Ala396Ser,0.311,20.7,['Likely%20benign'],115.22,0.9,0.0,0.0,0.0
PAX1,20,21709349,NM_006192.5:c.1187C>A,NP_006183.2:p.Ala396Glu,0.466,23.9,['Unknown%20significance'],115.22,0.9,0.0,0.0,0.0
PAX1,20,21709349,NM_006192.5:c.1187C>T,NP_006183.2:p.Ala396Val,0.425,23.9,['Unknown%20significance'],115.22,0.9,0.0,0.0,0.0
PAX1,20,21709351,NM_006192.5:c.1189C>A,NP_006183.2:p.Gln397Lys,0.489,23.5,['Unknown%20significance'],201.49,1.0,0.0,0.1,0.1
PAX1,20,21709353,NM_006192.5:c.1191A>T,NP_006183.2:p.Gln397His,0.445,23.2,['Unknown%20significance'],201.49,1.0,0.0,-0.0,0.0
PAX1,20,21709354,NM_006192.5:c.1192G>A,NP_006183.2:p.Gly398Ser,0.298,16.87,['Likely%20benign'],65.43,0.68,0.0,0.0,0.0
PAX1,20,21709355,NM_006192.5:c.1193G>A,NP_006183.2:p.Gly398Asp,0.358,19.94,['Unknown%20significance'],65.43,0.68,0.0,0.3,0.3
PAX1,20,21709355,NM_006192.5:c.1193G>C,NP_006183.2:p.Gly398Ala,0.262,14.04,['Unknown%20significance'],65.43,0.68,0.0,0.1,0.1
PAX1,20,21709355,NM_006192.5:c.1193G>T,NP_006183.2:p.Gly398Val,0.354,19.36,['Unknown%20significance'],65.43,0.68,0.0,0.2,0.2
PAX1,20,21709357,NM_006192.5:c.1195C>A,NP_006183.2:p.Pro399Thr,0.277,8.975,['Likely%20benign'],110.16,0.7,0.0,-0.2,0.2
PAX1,20,21709357,NM_006192.5:c.1195C>T,NP_006183.2:p.Pro399Ser,0.255,9.104,['Likely%20benign'],110.16,0.7,0.0,-0.1,0.1
PAX1,20,21709358,NM_006192.5:c.1196C>A,NP_006183.2:p.Pro399His,0.264,17.71,['Unknown%20significance'],110.16,0.7,0.0,0.0,0.0
PAX1,20,21709358,NM_006192.5:c.1196C>G,NP_006183.2:p.Pro399Arg,0.300,18.23,['Unknown%20significance'],110.16,0.7,0.0,-0.0,0.0
PAX1,20,21709358,NM_006192.5:c.1196C>T,NP_006183.2:p.Pro399Leu,0.304,18.86,['Unknown%20significance'],110.16,0.7,0.0,-0.1,0.1
PAX1,20,21709360,NM_006192.5:c.1198C>T,NP_006183.2:p.Pro400Ser,0.176,11.77,['Likely%20benign'],160.1,1.0,0.0,0.1,0.1
PAX1,20,21709361,NM_006192.5:c.1199C>T,NP_006183.2:p.Pro400Leu,0.377,19.99,['Unknown%20significance'],160.1,1.0,0.0,0.0,0.0
PAX1,20,21709363,NM_006192.5:c.1201C>A,NP_006183.2:p.Leu401Met,0.473,22.5,['Unknown%20significance'],148.12,0.76,0.0,0.3,0.3
PAX1,20,21709366,NM_006192.5:c.1204G>T,NP_006183.2:p.Ala402Ser,0.333,14.86,['Likely%20benign'],69.31,0.54,0.0,0.0,0.0
PAX1,20,21709367,NM_006192.5:c.1205C>A,NP_006183.2:p.Ala402Glu,0.400,22.8,['Unknown%20significance'],69.31,0.54,0.0,0.5,0.5
PAX1,20,21709367,NM_006192.5:c.1205C>T,NP_006183.2:p.Ala402Val,0.333,22.9,['Unknown%20significance'],69.31,0.54,0.0,0.0,0.0
PAX1,20,21709369,NM_006192.5:c.1207C>A,NP_006183.2:p.Pro403Thr,0.227,13.64,['Unknown%20significance'],147.91,0.94,0.0,0.1,0.1
PAX1,20,21709369,NM_006192.5:c.1207C>T,NP_006183.2:p.Pro403Ser,0.290,8.763,['Likely%20benign'],147.91,0.94,0.0,0.1,0.1
PAX1,20,21709370,NM_006192.5:c.1208C>T,NP_006183.2:p.Pro403Leu,0.308,20.9,['Unknown%20significance'],147.91,0.94,0.0,0.0,0.0
PAX1,20,21709372,NM_006192.5:c.1210C>G,NP_006183.2:p.Pro404Ala,0.268,15.45,['Likely%20benign'],156.54,0.99,0.0,0.1,0.1
PAX1,20,21709373,NM_006192.5:c.1211C>A,NP_006183.2:p.Pro404His,0.226,9.536,['Likely%20benign'],156.54,0.99,0.0,-0.0,0.0
PAX1,20,21709373,NM_006192.5:c.1211C>T,NP_006183.2:p.Pro404Leu,0.303,16.31,['Unknown%20significance'],156.54,0.99,0.0,0.0,0.0
PAX1,20,21709375,NM_006192.5:c.1213G>A,NP_006183.2:p.Gly405Arg,0.560,25.1,['Unknown%20significance'],55.92,0.58,0.0,0.1,0.1
PAX1,20,21709375,NM_006192.5:c.1213G>C,NP_006183.2:p.Gly405Arg,0.572,25.0,['Unknown%20significance'],55.92,0.58,0.0,0.1,0.1
PAX1,20,21709375,NM_006192.5:c.1213G>T,NP_006183.2:p.Gly405Trp,0.656,25.8,['Unknown%20significance'],55.92,0.58,0.0,-0.1,0.1
PAX1,20,21709376,NM_006192.5:c.1214G>A,NP_006183.2:p.Gly405Glu,0.522,24.7,['Unknown%20significance'],55.92,0.58,0.0,0.5,0.5
PAX1,20,21709376,NM_006192.5:c.1214G>C,NP_006183.2:p.Gly405Ala,0.431,24.1,['Unknown%20significance'],55.92,0.58,0.0,0.2,0.2
PAX1,20,21709376,NM_006192.5:c.1214G>T,NP_006183.2:p.Gly405Val,0.559,24.6,['Unknown%20significance'],55.92,0.58,0.0,0.3,0.3
PAX1,20,21709378,NM_006192.5:c.1216G>A,NP_006183.2:p.Ala406Thr,0.315,22.2,['Likely%20benign'],113.35,0.89,0.0,-0.0,0.0
PAX1,20,21709378,NM_006192.5:c.1216G>T,NP_006183.2:p.Ala406Ser,0.283,17.33,['Likely%20benign'],113.35,0.89,0.0,0.0,0.0
PAX1,20,21709379,NM_006192.5:c.1217C>A,NP_006183.2:p.Ala406Asp,0.316,22.6,['Unknown%20significance'],113.35,0.89,0.0,0.1,0.1
PAX1,20,21709379,NM_006192.5:c.1217C>T,NP_006183.2:p.Ala406Val,0.299,22.5,['Likely%20benign'],113.35,0.89,0.0,-0.0,0.0
PAX1,20,21709381,NM_006192.5:c.1219G>A,NP_006183.2:p.Gly407Ser,0.242,6.478,['Likely%20benign'],64.26,0.67,0.0,0.1,0.1
PAX1,20,21709381,NM_006192.5:c.1219G>C,NP_006183.2:p.Gly407Arg,0.470,19.51,['Unknown%20significance'],64.26,0.67,0.0,0.1,0.1
PAX1,20,21709381,NM_006192.5:c.1219G>T,NP_006183.2:p.Gly407Cys,0.324,15.28,['Likely%20benign'],64.26,0.67,0.0,0.2,0.2
PAX1,20,21709382,NM_006192.5:c.1220G>T,NP_006183.2:p.Gly407Val,0.361,19.39,['Unknown%20significance'],64.26,0.67,0.0,0.0,0.0
PAX1,20,21709384,NM_006192.5:c.1222G>A,NP_006183.2:p.Val408Ile,0.297,18.18,['Unknown%20significance'],173.46,1.0,0.0,0.0,0.0
PAX1,20,21709384,NM_006192.5:c.1222G>T,NP_006183.2:p.Val408Leu,0.247,19.10,['Likely%20benign'],173.46,1.0,0.0,0.1,0.1
PAX1,20,21709387,NM_006192.5:c.1225G>T,NP_006183.2:p.Ala409Ser,0.224,6.781,['Likely%20benign'],66.43,0.52,0.0,0.1,0.1
PAX1,20,21709388,NM_006192.5:c.1226C>A,NP_006183.2:p.Ala409Asp,0.263,19.65,['Unknown%20significance'],66.43,0.52,0.0,0.5,0.5
PAX1,20,21709388,NM_006192.5:c.1226C>G,NP_006183.2:p.Ala409Gly,0.283,15.95,['Likely%20benign'],66.43,0.52,0.0,0.5,0.5
PAX1,20,21709388,NM_006192.5:c.1226C>T,NP_006183.2:p.Ala409Val,0.265,19.84,['Unknown%20significance'],66.43,0.52,0.0,-0.2,0.2
PAX1,20,21709390,NM_006192.5:c.1228G>A,NP_006183.2:p.Val410Met,0.347,19.65,['Unknown%20significance'],166.37,0.96,0.0,0.0,0.0
PAX1,20,21709391,NM_006192.5:c.1229T>A,NP_006183.2:p.Val410Glu,0.557,25.6,['Unknown%20significance'],166.37,0.96,0.0,0.3,0.3
PAX1,20,21709393,NM_006192.5:c.1231C>A,NP_006183.2:p.His411Asn,0.490,24.8,['Unknown%20significance'],186.53,0.9,0.0,0.2,0.2
PAX1,20,21709393,NM_006192.5:c.1231C>T,NP_006183.2:p.His411Tyr,0.630,24.9,['Unknown%20significance'],186.53,0.9,0.0,0.0,0.0
PAX1,20,21709394,NM_006192.5:c.1232A>G,NP_006183.2:p.His411Arg,0.678,24.0,['Unknown%20significance'],186.53,0.9,0.0,0.2,0.2
PAX1,20,21709394,NM_006192.5:c.1232A>T,NP_006183.2:p.His411Leu,0.704,24.5,['Unknown%20significance'],186.53,0.9,0.0,0.2,0.2
PAX1,20,21709395,NM_006192.5:c.1233T>A,NP_006183.2:p.His411Gln,0.501,22.7,['Unknown%20significance'],186.53,0.9,0.0,0.2,0.2
PAX1,20,21709396,NM_006192.5:c.1234G>A,NP_006183.2:p.Gly412Ser,0.290,16.86,['Unknown%20significance'],66.17,0.69,0.0,0.0,0.0
PAX1,20,21709396,NM_006192.5:c.1234G>T,NP_006183.2:p.Gly412Cys,0.587,23.6,['Unknown%20significance'],66.17,0.69,0.0,0.2,0.2
PAX1,20,21709397,NM_006192.5:c.1235G>A,NP_006183.2:p.Gly412Asp,0.542,25.3,['Unknown%20significance'],66.17,0.69,0.0,0.3,0.3
PAX1,20,21709397,NM_006192.5:c.1235G>C,NP_006183.2:p.Gly412Ala,0.372,22.3,['Unknown%20significance'],66.17,0.69,0.0,0.1,0.1
PAX1,20,21709397,NM_006192.5:c.1235G>T,NP_006183.2:p.Gly412Val,0.526,25.3,['Unknown%20significance'],66.17,0.69,0.0,0.1,0.1
PAX1,20,21709399,NM_006192.5:c.1237G>A,NP_006183.2:p.Gly413Arg,0.626,27.4,['Unknown%20significance'],94.45,0.99,0.0,-0.0,0.0
PAX1,20,21709399,NM_006192.5:c.1237G>T,NP_006183.2:p.Gly413Trp,0.618,28.8,['Unknown%20significance'],94.45,0.99,0.0,-0.1,0.1
PAX1,20,21709400,NM_006192.5:c.1238G>A,NP_006183.2:p.Gly413Glu,0.638,26.7,['Unknown%20significance'],94.45,0.99,0.0,0.1,0.1
PAX1,20,21709400,NM_006192.5:c.1238G>T,NP_006183.2:p.Gly413Val,0.612,26.5,['Unknown%20significance'],94.45,0.99,0.0,0.0,0.0
PAX1,20,21709402,NM_006192.5:c.1240G>A,NP_006183.2:p.Glu414Lys,0.504,24.7,['Unknown%20significance'],156.27,0.8,0.0,0.1,0.1
PAX1,20,21709403,NM_006192.5:c.1241A>G,NP_006183.2:p.Glu414Gly,0.574,26.4,['Unknown%20significance'],156.27,0.8,0.0,0.3,0.3
PAX1,20,21709404,NM_006192.5:c.1242A>T,NP_006183.2:p.Glu414Asp,0.267,12.27,['Likely%20benign'],156.27,0.8,0.0,-0.1,0.1
PAX1,20,21709405,NM_006192.5:c.1243C>A,NP_006183.2:p.Leu415Ile,0.234,16.76,['Likely%20benign'],189.32,0.98,0.0,-0.0,0.0
PAX1,20,21709405,NM_006192.5:c.1243C>T,NP_006183.2:p.Leu415Phe,0.265,22.4,['Unknown%20significance'],189.32,0.98,0.0,0.1,0.1
PAX1,20,21709406,NM_006192.5:c.1244T>A,NP_006183.2:p.Leu415His,0.540,26.4,['Unknown%20significance'],189.32,0.98,0.0,0.2,0.2
PAX1,20,21709408,NM_006192.5:c.1246G>A,NP_006183.2:p.Ala416Thr,0.283,16.34,['Unknown%20significance'],88.99,0.69,0.0,0.1,0.1
PAX1,20,21709408,NM_006192.5:c.1246G>C,NP_006183.2:p.Ala416Pro,0.248,15.34,['Likely%20benign'],88.99,0.69,0.0,0.1,0.1
PAX1,20,21709408,NM_006192.5:c.1246G>T,NP_006183.2:p.Ala416Ser,0.260,15.27,['Unknown%20significance'],88.99,0.69,0.0,0.1,0.1
PAX1,20,21709409,NM_006192.5:c.1247C>A,NP_006183.2:p.Ala416Glu,0.300,23.0,['Unknown%20significance'],88.99,0.69,0.0,0.3,0.3
PAX1,20,21709409,NM_006192.5:c.1247C>T,NP_006183.2:p.Ala416Val,0.319,23.1,['Unknown%20significance'],88.99,0.69,0.0,-0.0,0.0
PAX1,20,21709411,NM_006192.5:c.1249G>A,NP_006183.2:p.Ala417Thr,0.288,19.84,['Likely%20benign'],125.18,0.98,0.0,0.1,0.1
PAX1,20,21709411,NM_006192.5:c.1249G>T,NP_006183.2:p.Ala417Ser,0.339,18.71,['Likely%20benign'],125.18,0.98,0.0,0.1,0.1
PAX1,20,21709412,NM_006192.5:c.1250C>A,NP_006183.2:p.Ala417Glu,0.370,22.9,['Unknown%20significance'],125.18,0.98,0.0,0.2,0.2
PAX1,20,21709412,NM_006192.5:c.1250C>T,NP_006183.2:p.Ala417Val,0.311,23.2,['Unknown%20significance'],125.18,0.98,0.0,-0.0,0.0
PAX1,20,21709414,NM_006192.5:c.1252G>A,NP_006183.2:p.Ala418Thr,0.308,22.0,['Unknown%20significance'],97.69,0.76,0.0,0.2,0.2
PAX1,20,21709414,NM_006192.5:c.1252G>T,NP_006183.2:p.Ala418Ser,0.225,15.70,['Unknown%20significance'],97.69,0.76,0.0,0.2,0.2
PAX1,20,21709415,NM_006192.5:c.1253C>A,NP_006183.2:p.Ala418Glu,0.436,23.0,['Unknown%20significance'],97.69,0.76,0.0,0.4,0.4
PAX1,20,21709415,NM_006192.5:c.1253C>T,NP_006183.2:p.Ala418Val,0.403,24.4,['Unknown%20significance'],97.69,0.76,0.0,-0.0,0.0
PAX1,20,21709417,NM_006192.5:c.1255A>G,NP_006183.2:p.Met419Val,0.214,15.35,['Likely%20benign'],226.95,1.0,0.0,0.1,0.1
PAX1,20,21709417,NM_006192.5:c.1255A>T,NP_006183.2:p.Met419Leu,0.280,14.75,['Unknown%20significance'],226.95,1.0,0.0,0.0,0.0
PAX1,20,21709418,NM_006192.5:c.1256T>A,NP_006183.2:p.Met419Lys,0.571,24.1,['Unknown%20significance'],226.95,1.0,0.0,0.3,0.3
PAX1,20,21709418,NM_006192.5:c.1256T>C,NP_006183.2:p.Met419Thr,0.455,23.6,['Unknown%20significance'],226.95,1.0,0.0,0.2,0.2
PAX1,20,21709419,NM_006192.5:c.1257G>T,NP_006183.2:p.Met419Ile,0.400,23.8,['Unknown%20significance'],226.95,1.0,0.0,0.1,0.1
PAX1,20,21709420,NM_006192.5:c.1258A>G,NP_006183.2:p.Thr420Ala,0.301,17.69,['Likely%20benign'],126.01,0.8,0.0,-0.0,0.0
PAX1,20,21709421,NM_006192.5:c.1259C>A,NP_006183.2:p.Thr420Asn,0.396,24.2,['Unknown%20significance'],126.01,0.8,0.0,0.2,0.2
PAX1,20,21709421,NM_006192.5:c.1259C>T,NP_006183.2:p.Thr420Ile,0.494,24.7,['Unknown%20significance'],126.01,0.8,0.0,-0.1,0.1
PAX1,20,21709423,NM_006192.5:c.1261T>A,NP_006183.2:p.Phe421Ile,0.764,30,['Unknown%20significance'],186.39,0.81,0.0,0.5,0.5
PAX1,20,21709423,NM_006192.5:c.1261T>C,NP_006183.2:p.Phe421Leu,0.692,31,['Unknown%20significance'],186.39,0.81,0.0,0.5,0.5
PAX1,20,21709424,NM_006192.5:c.1262T>C,NP_006183.2:p.Phe421Ser,0.721,31,['Unknown%20significance'],186.39,0.81,0.0,0.9,0.9
PAX1,20,21709425,NM_006192.5:c.1263C>A,NP_006183.2:p.Phe421Leu,0.662,26.9,['Unknown%20significance'],186.39,0.81,0.0,0.5,0.5
PAX1,20,21709426,NM_006192.5:c.1264A>C,NP_006183.2:p.Lys422Gln,0.681,29.6,['Unknown%20significance'],200.29,0.84,0.0,-0.1,0.1
PAX1,20,21709426,NM_006192.5:c.1264A>G,NP_006183.2:p.Lys422Glu,0.719,31,['Unknown%20significance'],200.29,0.84,0.0,0.0,0.0
PAX1,20,21709427,NM_006192.5:c.1265A>C,NP_006183.2:p.Lys422Thr,0.700,31,['Unknown%20significance'],200.29,0.84,0.0,-0.0,0.0
PAX1,20,21709427,NM_006192.5:c.1265A>G,NP_006183.2:p.Lys422Arg,0.624,29.8,['Unknown%20significance'],200.29,0.84,0.0,-0.2,0.2
PAX1,20,21709427,NM_006192.5:c.1265A>T,NP_006183.2:p.Lys422Met,0.689,32,['Unknown%20significance'],200.29,0.84,0.0,-0.1,0.1
PAX1,20,21709428,NM_006192.5:c.1266G>C,NP_006183.2:p.Lys422Asn,0.623,27.0,['Unknown%20significance'],200.29,0.84,0.0,0.0,0.0
PAX1,20,21709428,NM_006192.5:c.1266G>T,NP_006183.2:p.Lys422Asn,0.623,26.9,['Unknown%20significance'],200.29,0.84,0.0,0.0,0.0
PAX1,20,21709429,NM_006192.5:c.1267C>A,NP_006183.2:p.His423Asn,0.434,25.8,['Unknown%20significance'],177.94,0.86,0.0,0.2,0.2
PAX1,20,21709429,NM_006192.5:c.1267C>T,NP_006183.2:p.His423Tyr,0.552,26.2,['Unknown%20significance'],177.94,0.86,0.0,-0.1,0.1
PAX1,20,21709430,NM_006192.5:c.1268A>C,NP_006183.2:p.His423Pro,0.584,28.5,['Unknown%20significance'],177.94,0.86,0.0,0.3,0.3
PAX1,20,21709430,NM_006192.5:c.1268A>G,NP_006183.2:p.His423Arg,0.559,26.6,['Unknown%20significance'],177.94,0.86,0.0,0.2,0.2
PAX1,20,21709431,NM_006192.5:c.1269T>A,NP_006183.2:p.His423Gln,0.580,18.21,['Unknown%20significance'],177.94,0.86,0.0,0.1,0.1
PAX1,20,21709432,NM_006192.5:c.1270C>A,NP_006183.2:p.Pro424Thr,0.345,23.5,['Unknown%20significance'],110.72,0.7,0.0,0.3,0.3
PAX1,20,21709432,NM_006192.5:c.1270C>T,NP_006183.2:p.Pro424Ser,0.326,23.5,['Unknown%20significance'],110.72,0.7,0.0,0.3,0.3
PAX1,20,21709433,NM_006192.5:c.1271C>A,NP_006183.2:p.Pro424His,0.450,26.3,['Unknown%20significance'],110.72,0.7,0.0,0.3,0.3
PAX1,20,21709433,NM_006192.5:c.1271C>G,NP_006183.2:p.Pro424Arg,0.481,26.2,['Unknown%20significance'],110.72,0.7,0.0,0.3,0.3
PAX1,20,21709435,NM_006192.5:c.1273A>G,NP_006183.2:p.Ser425Gly,0.346,22.4,['Likely%20benign'],141.48,1.0,0.0,0.1,0.1
PAX1,20,21709436,NM_006192.5:c.1274G>T,NP_006183.2:p.Ser425Ile,0.344,22.7,['Unknown%20significance'],141.48,1.0,0.0,0.0,0.0
PAX1,20,21709437,NM_006192.5:c.1275C>A,NP_006183.2:p.Ser425Arg,0.320,22.7,['Unknown%20significance'],141.48,1.0,0.0,0.0,0.0
PAX1,20,21709438,NM_006192.5:c.1276C>G,NP_006183.2:p.Arg426Gly,0.577,22.2,['Unknown%20significance'],204.54,0.75,0.0,0.8,0.8
PAX1,20,21709439,NM_006192.5:c.1277G>A,NP_006183.2:p.Arg426Gln,0.467,31,['Unknown%20significance'],204.54,0.75,0.0,0.4,0.4
PAX1,20,21709439,NM_006192.5:c.1277G>T,NP_006183.2:p.Arg426Leu,0.635,32,['Unknown%20significance'],204.54,0.75,0.0,0.3,0.3
PAX1,20,21709442,NM_006192.5:c.1280A>G,NP_006183.2:p.Glu427Gly,0.597,33,['Unknown%20significance'],154.64,0.79,0.0,0.4,0.4
PAX1,20,21709442,NM_006192.5:c.1280A>T,NP_006183.2:p.Glu427Val,0.603,34,['Unknown%20significance'],154.64,0.79,0.0,0.1,0.1
PAX1,20,21709444,NM_006192.5:c.1282G>A,NP_006183.2:p.Gly428Arg,0.528,34,['Unknown%20significance'],78.71,0.82,0.0,-0.1,0.1
PAX1,20,21714481,NM_006192.5:c.1283G>A,NP_006183.2:p.Gly428Glu,0.421,23.0,['Unknown%20significance'],78.71,0.82,0.0,-0.0,0.0
PAX1,20,21714481,NM_006192.5:c.1283G>C,NP_006183.2:p.Gly428Ala,0.535,22.0,['Unknown%20significance'],78.71,0.82,0.0,0.0,0.0
PAX1,20,21714481,NM_006192.5:c.1283G>T,NP_006183.2:p.Gly428Val,0.572,23.9,['Unknown%20significance'],78.71,0.82,0.0,-0.1,0.1
PAX1,20,21714483,NM_006192.5:c.1285A>G,NP_006183.2:p.Ser429Gly,0.467,23.6,['Unknown%20significance'],113.08,0.82,0.0,0.2,0.2
PAX1,20,21714484,NM_006192.5:c.1286G>A,NP_006183.2:p.Ser429Asn,0.399,22.4,['Unknown%20significance'],113.08,0.82,0.0,0.0,0.0
PAX1,20,21714484,NM_006192.5:c.1286G>C,NP_006183.2:p.Ser429Thr,0.326,22.5,['Unknown%20significance'],113.08,0.82,0.0,-0.0,0.0
PAX1,20,21714484,NM_006192.5:c.1286G>T,NP_006183.2:p.Ser429Ile,0.529,24.3,['Unknown%20significance'],113.08,0.82,0.0,-0.1,0.1
PAX1,20,21714485,NM_006192.5:c.1287C>A,NP_006183.2:p.Ser429Arg,0.503,23.8,['Unknown%20significance'],113.08,0.82,0.0,-0.1,0.1
PAX1,20,21714486,NM_006192.5:c.1288C>A,NP_006183.2:p.Leu430Ile,0.461,18.57,['Unknown%20significance'],181.01,0.93,0.0,0.0,0.0
PAX1,20,21714486,NM_006192.5:c.1288C>T,NP_006183.2:p.Leu430Phe,0.524,18.11,['Unknown%20significance'],181.01,0.93,0.0,0.0,0.0
PAX1,20,21714487,NM_006192.5:c.1289T>C,NP_006183.2:p.Leu430Pro,0.369,6.912,['Likely%20benign'],181.01,0.93,0.0,0.1,0.1
PAX1,20,21714489,NM_006192.5:c.1291C>A,NP_006183.2:p.Pro431Thr,0.233,21.1,['Unknown%20significance'],134.13,0.85,0.0,-0.1,0.1
PAX1,20,21714489,NM_006192.5:c.1291C>T,NP_006183.2:p.Pro431Ser,0.282,18.17,['Unknown%20significance'],134.13,0.85,0.0,-0.0,0.0
PAX1,20,21714490,NM_006192.5:c.1292C>A,NP_006183.2:p.Pro431Gln,0.329,17.82,['Unknown%20significance'],134.13,0.85,0.0,-0.1,0.1
PAX1,20,21714490,NM_006192.5:c.1292C>T,NP_006183.2:p.Pro431Leu,0.242,17.78,['Unknown%20significance'],134.13,0.85,0.0,-0.0,0.0
PAX1,20,21714492,NM_006192.5:c.1294G>A,NP_006183.2:p.Ala432Thr,0.357,24.3,['Unknown%20significance'],97.18,0.76,0.0,-0.1,0.1
PAX1,20,21714492,NM_006192.5:c.1294G>C,NP_006183.2:p.Ala432Pro,0.360,24.6,['Unknown%20significance'],97.18,0.76,0.0,-0.3,0.3
PAX1,20,21714492,NM_006192.5:c.1294G>T,NP_006183.2:p.Ala432Ser,0.489,22.7,['Unknown%20significance'],97.18,0.76,0.0,-0.0,0.0
PAX1,20,21714493,NM_006192.5:c.1295C>A,NP_006183.2:p.Ala432Asp,0.491,23.6,['Unknown%20significance'],97.18,0.76,0.0,-0.0,0.0
PAX1,20,21714493,NM_006192.5:c.1295C>T,NP_006183.2:p.Ala432Val,0.421,18.37,['Likely%20benign'],97.18,0.76,0.0,-0.1,0.1
PAX1,20,21714495,NM_006192.5:c.1297C>A,NP_006183.2:p.Pro433Thr,0.281,21.0,['Unknown%20significance'],136.6,0.86,0.0,0.1,0.1
PAX1,20,21714495,NM_006192.5:c.1297C>T,NP_006183.2:p.Pro433Ser,0.275,21.3,['Unknown%20significance'],136.6,0.86,0.0,0.2,0.2
PAX1,20,21714496,NM_006192.5:c.1298C>A,NP_006183.2:p.Pro433Gln,0.233,0.010,['Likely%20benign'],136.6,0.86,0.0,0.2,0.2
PAX1,20,21714496,NM_006192.5:c.1298C>G,NP_006183.2:p.Pro433Arg,0.218,1.213,['Likely%20benign'],136.6,0.86,0.0,0.2,0.2
PAX1,20,21714496,NM_006192.5:c.1298C>T,NP_006183.2:p.Pro433Leu,0.250,1.705,['Likely%20benign'],136.6,0.86,0.0,0.2,0.2
PAX1,20,21714498,NM_006192.5:c.1300G>A,NP_006183.2:p.Ala434Thr,0.279,21.8,['Unknown%20significance'],117.82,0.92,0.0,-0.0,0.0
PAX1,20,21714498,NM_006192.5:c.1300G>T,NP_006183.2:p.Ala434Ser,0.189,16.51,['Likely%20benign'],117.82,0.92,0.0,-0.0,0.0
PAX1,20,21714499,NM_006192.5:c.1301C>A,NP_006183.2:p.Ala434Glu,0.248,12.20,['Likely%20benign'],117.82,0.92,0.0,0.1,0.1
PAX1,20,21714499,NM_006192.5:c.1301C>T,NP_006183.2:p.Ala434Val,0.222,8.092,['Likely%20benign'],117.82,0.92,0.0,-0.0,0.0
PAX1,20,21714501,NM_006192.5:c.1303G>A,NP_006183.2:p.Ala435Thr,0.271,16.24,['Unknown%20significance'],107.48,0.84,0.0,-0.0,0.0
PAX1,20,21714501,NM_006192.5:c.1303G>T,NP_006183.2:p.Ala435Ser,0.291,15.07,['Likely%20benign'],107.48,0.84,0.0,0.0,0.0
PAX1,20,21714502,NM_006192.5:c.1304C>A,NP_006183.2:p.Ala435Glu,0.409,20.3,['Unknown%20significance'],107.48,0.84,0.0,0.1,0.1
PAX1,20,21714502,NM_006192.5:c.1304C>T,NP_006183.2:p.Ala435Val,0.209,19.87,['Unknown%20significance'],107.48,0.84,0.0,-0.0,0.0
PAX1,20,21714504,NM_006192.5:c.1306A>G,NP_006183.2:p.Arg436Gly,0.368,24.2,['Unknown%20significance'],271.22,1.0,0.0,0.1,0.1
PAX1,20,21714504,NM_006192.5:c.1306A>T,NP_006183.2:p.Arg436Trp,0.507,29.3,['Unknown%20significance'],271.22,1.0,0.0,-0.1,0.1
PAX1,20,21714505,NM_006192.5:c.1307G>A,NP_006183.2:p.Arg436Lys,0.145,18.39,['Unknown%20significance'],271.22,1.0,0.0,0.1,0.1
PAX1,20,21714505,NM_006192.5:c.1307G>T,NP_006183.2:p.Arg436Met,0.343,24.0,['Unknown%20significance'],271.22,1.0,0.0,-0.1,0.1
PAX1,20,21714506,NM_006192.5:c.1308G>C,NP_006183.2:p.Arg436Ser,0.261,20.2,['Unknown%20significance'],271.22,1.0,0.0,0.0,0.0
PAX1,20,21714506,NM_006192.5:c.1308G>T,NP_006183.2:p.Arg436Ser,0.194,20.2,['Unknown%20significance'],271.22,1.0,0.0,0.0,0.0
PAX1,20,21714507,NM_006192.5:c.1309C>A,NP_006183.2:p.Pro437Thr,0.278,22.9,['Likely%20benign'],138.3,0.87,0.0,-0.1,0.1
PAX1,20,21714507,NM_006192.5:c.1309C>T,NP_006183.2:p.Pro437Ser,0.249,22.9,['Likely%20benign'],138.3,0.87,0.0,-0.0,0.0
PAX1,20,21714508,NM_006192.5:c.1310C>A,NP_006183.2:p.Pro437His,0.329,22.7,['Unknown%20significance'],138.3,0.87,0.0,-0.1,0.1
PAX1,20,21714508,NM_006192.5:c.1310C>T,NP_006183.2:p.Pro437Leu,0.237,20.0,['Unknown%20significance'],138.3,0.87,0.0,-0.1,0.1
PAX1,20,21714510,NM_006192.5:c.1312C>G,NP_006183.2:p.Arg438Gly,0.195,22.5,['Unknown%20significance'],248.97,0.92,0.0,0.3,0.3
PAX1,20,21714510,NM_006192.5:c.1312C>T,NP_006183.2:p.Arg438Trp,0.287,23.3,['Unknown%20significance'],248.97,0.92,0.0,0.0,0.0
PAX1,20,21714511,NM_006192.5:c.1313G>A,NP_006183.2:p.Arg438Gln,0.139,12.38,['Likely%20benign'],248.97,0.92,0.0,0.1,0.1
PAX1,20,21714511,NM_006192.5:c.1313G>T,NP_006183.2:p.Arg438Leu,0.176,12.07,['Likely%20benign'],248.97,0.92,0.0,0.1,0.1
PAX1,20,21714513,NM_006192.5:c.1315A>G,NP_006183.2:p.Thr439Ala,0.286,18.81,['Unknown%20significance'],127.27,0.8,0.0,0.0,0.0
PAX1,20,21714514,NM_006192.5:c.1316C>A,NP_006183.2:p.Thr439Lys,0.279,9.053,['Likely%20benign'],127.27,0.8,0.0,0.2,0.2
PAX1,20,21714514,NM_006192.5:c.1316C>G,NP_006183.2:p.Thr439Arg,0.353,13.47,['Likely%20benign'],127.27,0.8,0.0,-0.0,0.0
PAX1,20,21714514,NM_006192.5:c.1316C>T,NP_006183.2:p.Thr439Met,0.232,7.264,['Likely%20benign'],127.27,0.8,0.0,-0.1,0.1
PAX1,20,21714516,NM_006192.5:c.1318C>A,NP_006183.2:p.Pro440Thr,0.277,21.5,['Unknown%20significance'],114.74,0.72,0.0,0.1,0.1
PAX1,20,21714516,NM_006192.5:c.1318C>G,NP_006183.2:p.Pro440Ala,0.264,13.99,['Likely%20benign'],114.74,0.72,0.0,0.2,0.2
PAX1,20,21714516,NM_006192.5:c.1318C>T,NP_006183.2:p.Pro440Ser,0.230,17.97,['Likely%20benign'],114.74,0.72,0.0,0.3,0.3
PAX1,20,21714517,NM_006192.5:c.1319C>A,NP_006183.2:p.Pro440His,0.229,14.68,['Unknown%20significance'],114.74,0.72,0.0,0.2,0.2
PAX1,20,21714517,NM_006192.5:c.1319C>T,NP_006183.2:p.Pro440Leu,0.216,15.39,['Unknown%20significance'],114.74,0.72,0.0,-0.2,0.2
PAX1,20,21714519,NM_006192.5:c.1321T>C,NP_006183.2:p.Ser441Pro,0.535,23.8,['Unknown%20significance'],111.66,0.8,0.0,0.1,0.1
PAX1,20,21714520,NM_006192.5:c.1322C>T,NP_006183.2:p.Ser441Leu,0.319,10.88,['Unknown%20significance'],111.66,0.8,0.0,-0.0,0.0
PAX1,20,21714522,NM_006192.5:c.1324G>A,NP_006183.2:p.Val442Ile,0.212,19.44,['Unknown%20significance'],152.19,0.88,0.0,0.0,0.0
PAX1,20,21714522,NM_006192.5:c.1324G>T,NP_006183.2:p.Val442Leu,0.186,20.3,['Likely%20benign'],152.19,0.88,0.0,0.1,0.1
PAX1,20,21714523,NM_006192.5:c.1325T>C,NP_006183.2:p.Val442Ala,0.256,16.90,['Likely%20benign'],152.19,0.88,0.0,0.1,0.1
PAX1,20,21714525,NM_006192.5:c.1327G>C,NP_006183.2:p.Ala443Pro,0.501,22.6,['Unknown%20significance'],112.31,0.88,0.0,0.1,0.1
PAX1,20,21714525,NM_006192.5:c.1327G>T,NP_006183.2:p.Ala443Ser,0.244,23.3,['Unknown%20significance'],112.31,0.88,0.0,0.0,0.0
PAX1,20,21714526,NM_006192.5:c.1328C>A,NP_006183.2:p.Ala443Asp,0.450,24.0,['Unknown%20significance'],112.31,0.88,0.0,0.2,0.2
PAX1,20,21714526,NM_006192.5:c.1328C>T,NP_006183.2:p.Ala443Val,0.451,22.8,['Unknown%20significance'],112.31,0.88,0.0,-0.0,0.0
PAX1,20,21714529,NM_006192.5:c.1331A>C,NP_006183.2:p.Tyr444Ser,0.404,16.38,['Likely%20benign'],205.66,0.85,0.0,0.4,0.4
PAX1,20,21714529,NM_006192.5:c.1331A>G,NP_006183.2:p.Tyr444Cys,0.282,20.6,['Likely%20benign'],205.66,0.85,0.0,0.3,0.3
PAX1,20,21714531,NM_006192.5:c.1333A>C,NP_006183.2:p.Thr445Pro,0.438,26.4,['Unknown%20significance'],137.58,0.87,0.0,0.1,0.1
PAX1,20,21714532,NM_006192.5:c.1334C>A,NP_006183.2:p.Thr445Lys,0.475,23.4,['Unknown%20significance'],137.58,0.87,0.0,0.3,0.3
PAX1,20,21714532,NM_006192.5:c.1334C>T,NP_006183.2:p.Thr445Met,0.448,21.6,['Unknown%20significance'],137.58,0.87,0.0,-0.0,0.0
PAX1,20,21714534,NM_006192.5:c.1336G>A,NP_006183.2:p.Asp446Asn,0.363,24.9,['Unknown%20significance'],129.51,0.8,0.0,-0.1,0.1
PAX1,20,21714535,NM_006192.5:c.1337A>G,NP_006183.2:p.Asp446Gly,0.505,23.5,['Unknown%20significance'],129.51,0.8,0.0,0.1,0.1
PAX1,20,21714536,NM_006192.5:c.1338C>A,NP_006183.2:p.Asp446Glu,0.226,21.8,['Likely%20benign'],129.51,0.8,0.0,-0.0,0.0
PAX1,20,21714536,NM_006192.5:c.1338C>G,NP_006183.2:p.Asp446Glu,0.196,21.9,['Likely%20benign'],129.51,0.8,0.0,-0.0,0.0
PAX1,20,21714538,NM_006192.5:c.1340G>A,NP_006183.2:p.Cys447Tyr,0.380,20.1,['Unknown%20significance'],140.94,0.91,0.0,-0.1,0.1
PAX1,20,21714538,NM_006192.5:c.1340G>T,NP_006183.2:p.Cys447Phe,0.386,20.6,['Unknown%20significance'],140.94,0.91,0.0,-0.1,0.1
PAX1,20,21714540,NM_006192.5:c.1342C>A,NP_006183.2:p.Pro448Thr,0.316,22.7,['Unknown%20significance'],143.12,0.9,0.0,-0.0,0.0
PAX1,20,21714540,NM_006192.5:c.1342C>G,NP_006183.2:p.Pro448Ala,0.326,22.4,['Unknown%20significance'],143.12,0.9,0.0,-0.0,0.0
PAX1,20,21714540,NM_006192.5:c.1342C>T,NP_006183.2:p.Pro448Ser,0.331,22.9,['Unknown%20significance'],143.12,0.9,0.0,0.0,0.0
PAX1,20,21714541,NM_006192.5:c.1343C>T,NP_006183.2:p.Pro448Leu,0.257,20.5,['Unknown%20significance'],143.12,0.9,0.0,-0.1,0.1
PAX1,20,21714544,NM_006192.5:c.1346C>A,NP_006183.2:p.Ser449Tyr,0.402,24.7,['Unknown%20significance'],124.25,0.9,0.0,-0.1,0.1
PAX1,20,21714544,NM_006192.5:c.1346C>T,NP_006183.2:p.Ser449Phe,0.398,25.2,['Unknown%20significance'],124.25,0.9,0.0,-0.1,0.1
PAX1,20,21714546,NM_006192.5:c.1348C>G,NP_006183.2:p.Arg450Gly,0.470,22.1,['Unknown%20significance'],253.29,0.94,0.0,0.2,0.2
PAX1,20,21714546,NM_006192.5:c.1348C>T,NP_006183.2:p.Arg450Trp,0.486,27.8,['Unknown%20significance'],253.29,0.94,0.0,-0.1,0.1
PAX1,20,21714547,NM_006192.5:c.1349G>A,NP_006183.2:p.Arg450Gln,0.344,17.76,['Unknown%20significance'],253.29,0.94,0.0,0.1,0.1
PAX1,20,21714547,NM_006192.5:c.1349G>T,NP_006183.2:p.Arg450Leu,0.335,17.61,['Likely%20benign'],253.29,0.94,0.0,-0.3,0.3
PAX1,20,21714549,NM_006192.5:c.1351C>A,NP_006183.2:p.Pro451Thr,0.410,22.8,['Unknown%20significance'],144.3,0.91,0.0,0.0,0.0
PAX1,20,21714549,NM_006192.5:c.1351C>G,NP_006183.2:p.Pro451Ala,0.242,22.6,['Unknown%20significance'],144.3,0.91,0.0,0.0,0.0
PAX1,20,21714550,NM_006192.5:c.1352C>A,NP_006183.2:p.Pro451His,0.303,17.55,['Unknown%20significance'],144.3,0.91,0.0,0.1,0.1
PAX1,20,21714550,NM_006192.5:c.1352C>T,NP_006183.2:p.Pro451Leu,0.299,14.95,['Unknown%20significance'],144.3,0.91,0.0,-0.0,0.0
PAX1,20,21714553,NM_006192.5:c.1355G>A,NP_006183.2:p.Arg452Gln,0.403,19.82,['Likely%20benign'],254.87,0.94,0.0,0.0,0.0
PAX1,20,21714553,NM_006192.5:c.1355G>T,NP_006183.2:p.Arg452Leu,0.402,22.6,['Unknown%20significance'],254.87,0.94,0.0,-0.2,0.2
PAX1,20,21714555,NM_006192.5:c.1357C>T,NP_006183.2:p.Pro453Ser,0.266,22.6,['Unknown%20significance'],134.7,0.85,0.0,0.3,0.3
PAX1,20,21714556,NM_006192.5:c.1358C>A,NP_006183.2:p.Pro453His,0.403,21.7,['Unknown%20significance'],134.7,0.85,0.0,0.3,0.3
PAX1,20,21714556,NM_006192.5:c.1358C>T,NP_006183.2:p.Pro453Leu,0.251,17.40,['Benign'],134.7,0.85,0.0,0.2,0.2
PAX1,20,21714558,NM_006192.5:c.1360C>A,NP_006183.2:p.Pro454Thr,0.208,23.1,['Unknown%20significance'],146.51,0.93,0.0,-0.1,0.1
PAX1,20,21714558,NM_006192.5:c.1360C>G,NP_006183.2:p.Pro454Ala,0.281,23.0,['Unknown%20significance'],146.51,0.93,0.0,-0.1,0.1
PAX1,20,21714558,NM_006192.5:c.1360C>T,NP_006183.2:p.Pro454Ser,0.396,23.4,['Unknown%20significance'],146.51,0.93,0.0,-0.0,0.0
PAX1,20,21714559,NM_006192.5:c.1361C>T,NP_006183.2:p.Pro454Leu,0.262,22.7,['Unknown%20significance'],146.51,0.93,0.0,-0.1,0.1
PAX1,20,21714561,NM_006192.5:c.1363A>G,NP_006183.2:p.Arg455Gly,0.507,28.7,['Unknown%20significance'],248.64,0.92,0.0,0.1,0.1
PAX1,20,21714562,NM_006192.5:c.1364G>A,NP_006183.2:p.Arg455Lys,0.393,26.1,['Unknown%20significance'],248.64,0.92,0.0,0.1,0.1
PAX1,20,21714562,NM_006192.5:c.1364G>T,NP_006183.2:p.Arg455Met,0.467,26.8,['Unknown%20significance'],248.64,0.92,0.0,-0.0,0.0
PAX1,20,21714563,NM_006192.5:c.1365G>T,NP_006183.2:p.Arg455Ser,0.507,25.9,['Unknown%20significance'],248.64,0.92,0.0,-0.1,0.1
PAX1,20,21714564,NM_006192.5:c.1366G>A,NP_006183.2:p.Gly456Ser,0.241,17.43,['Unknown%20significance'],98.98,1.0,0.0,-0.1,0.1
PAX1,20,21714564,NM_006192.5:c.1366G>C,NP_006183.2:p.Gly456Arg,0.237,21.6,['Unknown%20significance'],98.98,1.0,0.0,-0.1,0.1
PAX1,20,21714564,NM_006192.5:c.1366G>T,NP_006183.2:p.Gly456Cys,0.449,23.7,['Unknown%20significance'],98.98,1.0,0.0,-0.0,0.0
PAX1,20,21714565,NM_006192.5:c.1367G>A,NP_006183.2:p.Gly456Asp,0.210,14.42,['Unknown%20significance'],98.98,1.0,0.0,-0.0,0.0
PAX1,20,21714565,NM_006192.5:c.1367G>C,NP_006183.2:p.Gly456Ala,0.198,2.745,['Likely%20benign'],98.98,1.0,0.0,-0.1,0.1
PAX1,20,21714565,NM_006192.5:c.1367G>T,NP_006183.2:p.Gly456Val,0.297,10.79,['Unknown%20significance'],98.98,1.0,0.0,-0.1,0.1
PAX1,20,21714567,NM_006192.5:c.1369A>G,NP_006183.2:p.Ser457Gly,0.196,5.584,['Likely%20benign'],95.44,0.69,0.0,0.4,0.4
PAX1,20,21714568,NM_006192.5:c.1370G>A,NP_006183.2:p.Ser457Asn,0.129,14.66,['Unknown%20significance'],95.44,0.69,0.0,0.3,0.3
PAX1,20,21714568,NM_006192.5:c.1370G>T,NP_006183.2:p.Ser457Ile,0.152,16.00,['Unknown%20significance'],95.44,0.69,0.0,0.3,0.3
PAX1,20,21714569,NM_006192.5:c.1371C>A,NP_006183.2:p.Ser457Arg,0.195,11.95,['Likely%20benign'],95.44,0.69,0.0,0.2,0.2
PAX1,20,21714570,NM_006192.5:c.1372T>C,NP_006183.2:p.Ser458Pro,0.233,10.58,['Likely%20benign'],117.61,0.85,0.0,0.2,0.2
PAX1,20,21714570,NM_006192.5:c.1372T>G,NP_006183.2:p.Ser458Ala,0.136,7.700,['Likely%20benign'],117.61,0.85,0.0,-0.0,0.0
PAX1,20,21714571,NM_006192.5:c.1373C>A,NP_006183.2:p.Ser458Tyr,0.265,14.71,['Likely%20benign'],117.61,0.85,0.0,0.0,0.0
PAX1,20,21714571,NM_006192.5:c.1373C>G,NP_006183.2:p.Ser458Cys,0.216,15.13,['Likely%20benign'],117.61,0.85,0.0,0.2,0.2
PAX1,20,21714571,NM_006192.5:c.1373C>T,NP_006183.2:p.Ser458Phe,0.209,15.81,['Likely%20benign'],117.61,0.85,0.0,0.1,0.1
PAX1,20,21714573,NM_006192.5:c.1375C>A,NP_006183.2:p.Pro459Thr,0.201,0.091,['Likely%20benign'],119.2,0.75,0.0,0.2,0.2
PAX1,20,21714573,NM_006192.5:c.1375C>T,NP_006183.2:p.Pro459Ser,0.209,0.134,['Unknown%20significance'],119.2,0.75,0.0,0.2,0.2
PAX1,20,21714574,NM_006192.5:c.1376C>A,NP_006183.2:p.Pro459His,0.223,9.013,['Likely%20benign'],119.2,0.75,0.0,0.2,0.2
PAX1,20,21714574,NM_006192.5:c.1376C>G,NP_006183.2:p.Pro459Arg,0.202,8.931,['Unknown%20significance'],119.2,0.75,0.0,0.3,0.3
PAX1,20,21714576,NM_006192.5:c.1378C>G,NP_006183.2:p.Arg460Gly,0.209,3.189,['Likely%20benign'],279.83,1.0,0.0,0.1,0.1
PAX1,20,21714576,NM_006192.5:c.1378C>T,NP_006183.2:p.Arg460Trp,0.331,15.09,['Likely%20benign'],279.83,1.0,0.0,0.0,0.0
PAX1,20,21714577,NM_006192.5:c.1379G>A,NP_006183.2:p.Arg460Gln,0.150,7.851,['Likely%20benign'],279.83,1.0,0.0,0.0,0.0
PAX1,20,21714577,NM_006192.5:c.1379G>C,NP_006183.2:p.Arg460Pro,0.200,8.559,['Likely%20benign'],279.83,1.0,0.0,-0.0,0.0
PAX1,20,21714577,NM_006192.5:c.1379G>T,NP_006183.2:p.Arg460Leu,0.142,2.835,['Unknown%20significance'],279.83,1.0,0.0,0.1,0.1
PAX1,20,21714579,NM_006192.5:c.1381A>C,NP_006183.2:p.Thr461Pro,0.281,8.302,['Likely%20benign'],132.81,0.84,0.0,0.3,0.3
PAX1,20,21714579,NM_006192.5:c.1381A>G,NP_006183.2:p.Thr461Ala,0.242,2.477,['Likely%20benign'],132.81,0.84,0.0,0.3,0.3
PAX1,20,21714580,NM_006192.5:c.1382C>T,NP_006183.2:p.Thr461Ile,0.259,13.88,['Unknown%20significance'],132.81,0.84,0.0,0.2,0.2
PAX1,20,21714582,NM_006192.5:c.1384C>G,NP_006183.2:p.Arg462Gly,0.272,14.16,['Likely%20benign'],225.87,0.83,0.0,0.3,0.3
PAX1,20,21714583,NM_006192.5:c.1385G>A,NP_006183.2:p.Arg462Gln,0.287,10.88,['Likely%20benign'],225.87,0.83,0.0,0.1,0.1
PAX1,20,21714583,NM_006192.5:c.1385G>C,NP_006183.2:p.Arg462Pro,0.290,15.81,['Likely%20benign'],225.87,0.83,0.0,0.2,0.2
PAX1,20,21714583,NM_006192.5:c.1385G>T,NP_006183.2:p.Arg462Leu,0.199,15.43,['Likely%20benign'],225.87,0.83,0.0,0.1,0.1
PAX1,20,21714585,NM_006192.5:c.1387G>A,NP_006183.2:p.Ala463Thr,0.237,19.73,['Unknown%20significance'],121.16,0.95,0.0,0.0,0.0
PAX1,20,21714585,NM_006192.5:c.1387G>T,NP_006183.2:p.Ala463Ser,0.238,18.08,['Likely%20benign'],121.16,0.95,0.0,0.0,0.0
PAX1,20,21714586,NM_006192.5:c.1388C>A,NP_006183.2:p.Ala463Asp,0.296,15.58,['Unknown%20significance'],121.16,0.95,0.0,0.1,0.1
PAX1,20,21714586,NM_006192.5:c.1388C>G,NP_006183.2:p.Ala463Gly,0.231,15.22,['Unknown%20significance'],121.16,0.95,0.0,0.1,0.1
PAX1,20,21714588,NM_006192.5:c.1390C>T,NP_006183.2:p.Arg464Trp,0.253,7.153,['Likely%20benign'],169.93,0.63,0.0,0.2,0.2
PAX1,20,21714589,NM_006192.5:c.1391G>A,NP_006183.2:p.Arg464Gln,0.234,6.288,['Likely%20benign'],169.93,0.63,0.0,0.3,0.3
PAX1,20,21714589,NM_006192.5:c.1391G>T,NP_006183.2:p.Arg464Leu,0.232,6.404,['Likely%20benign'],169.93,0.63,0.0,0.3,0.3
PAX1,20,21714591,NM_006192.5:c.1393A>G,NP_006183.2:p.Arg465Gly,0.273,7.106,['Likely%20benign'],224.1,0.83,0.0,0.4,0.4
PAX1,20,21714592,NM_006192.5:c.1394G>C,NP_006183.2:p.Arg465Thr,0.232,9.047,['Likely%20benign'],224.1,0.83,0.0,0.2,0.2
PAX1,20,21714592,NM_006192.5:c.1394G>T,NP_006183.2:p.Arg465Met,0.291,15.47,['Unknown%20significance'],224.1,0.83,0.0,0.2,0.2
PAX1,20,21714593,NM_006192.5:c.1395G>T,NP_006183.2:p.Arg465Ser,0.249,11.74,['Likely%20benign'],224.1,0.83,0.0,0.2,0.2
PAX1,20,21714594,NM_006192.5:c.1396G>A,NP_006183.2:p.Glu466Lys,0.229,5.970,['Likely%20benign'],121.59,0.62,0.0,0.7,0.7
PAX1,20,21714595,NM_006192.5:c.1397A>G,NP_006183.2:p.Glu466Gly,0.188,13.07,['Likely%20benign'],121.59,0.62,0.0,0.9,0.9
PAX1,20,21714596,NM_006192.5:c.1398A>T,NP_006183.2:p.Glu466Asp,0.214,8.853,['Likely%20benign'],121.59,0.62,0.0,0.1,0.1
PAX1,20,21714597,NM_006192.5:c.1399C>G,NP_006183.2:p.Arg467Gly,0.295,9.470,['Likely%20benign'],274.18,1.0,0.0,0.3,0.3
PAX1,20,21714597,NM_006192.5:c.1399C>T,NP_006183.2:p.Arg467Trp,0.139,16.80,['Likely%20benign'],274.18,1.0,0.0,0.1,0.1
PAX1,20,21714598,NM_006192.5:c.1400G>A,NP_006183.2:p.Arg467Gln,0.260,9.499,['Likely%20benign'],274.18,1.0,0.0,0.1,0.1
PAX1,20,21714598,NM_006192.5:c.1400G>C,NP_006183.2:p.Arg467Pro,0.215,8.457,['Likely%20benign'],274.18,1.0,0.0,0.2,0.2
PAX1,20,21714598,NM_006192.5:c.1400G>T,NP_006183.2:p.Arg467Leu,0.189,6.885,['Unknown%20significance'],274.18,1.0,0.0,0.1,0.1
PAX1,20,21714600,NM_006192.5:c.1402C>A,NP_006183.2:p.Gln468Lys,0.272,10.19,['Likely%20benign'],141.94,0.71,0.0,0.3,0.3
PAX1,20,21714602,NM_006192.5:c.1404G>T,NP_006183.2:p.Gln468His,0.167,14.72,['Unknown%20significance'],141.94,0.71,0.0,0.1,0.1
PAX1,20,21714603,NM_006192.5:c.1405G>A,NP_006183.2:p.Ala469Thr,0.217,13.28,['Likely%20benign'],111.52,0.87,0.0,0.2,0.2
PAX1,20,21714603,NM_006192.5:c.1405G>T,NP_006183.2:p.Ala469Ser,0.193,5.553,['Likely%20benign'],111.52,0.87,0.0,0.2,0.2
PAX1,20,21714604,NM_006192.5:c.1406C>A,NP_006183.2:p.Ala469Glu,0.177,12.88,['Likely%20benign'],111.52,0.87,0.0,0.3,0.3
PAX1,20,21714604,NM_006192.5:c.1406C>G,NP_006183.2:p.Ala469Gly,0.152,13.65,['Likely%20benign'],111.52,0.87,0.0,0.3,0.3
PAX1,20,21714604,NM_006192.5:c.1406C>T,NP_006183.2:p.Ala469Val,0.156,13.61,['Likely%20benign'],111.52,0.87,0.0,0.2,0.2
PAX1,20,21714606,NM_006192.5:c.1408G>A,NP_006183.2:p.Asp470Asn,0.212,9.361,['Likely%20benign'],134.84,0.84,0.0,-0.0,0.0
PAX1,20,21714606,NM_006192.5:c.1408G>T,NP_006183.2:p.Asp470Tyr,0.311,15.57,['Unknown%20significance'],134.84,0.84,0.0,-0.0,0.0
PAX1,20,21714607,NM_006192.5:c.1409A>G,NP_006183.2:p.Asp470Gly,0.218,6.868,['Likely%20benign'],134.84,0.84,0.0,0.2,0.2
PAX1,20,21714608,NM_006192.5:c.1410C>G,NP_006183.2:p.Asp470Glu,0.209,2.567,['Likely%20benign'],134.84,0.84,0.0,0.1,0.1
PAX1,20,21714609,NM_006192.5:c.1411C>A,NP_006183.2:p.Pro471Thr,0.148,9.218,['Unknown%20significance'],159.11,1.0,0.0,0.3,0.3
PAX1,20,21714609,NM_006192.5:c.1411C>G,NP_006183.2:p.Pro471Ala,0.161,3.109,['Likely%20benign'],159.11,1.0,0.0,0.3,0.3
PAX1,20,21714609,NM_006192.5:c.1411C>T,NP_006183.2:p.Pro471Ser,0.162,2.508,['Likely%20benign'],159.11,1.0,0.0,0.3,0.3
PAX1,20,21714610,NM_006192.5:c.1412C>A,NP_006183.2:p.Pro471Gln,0.226,3.640,['Unknown%20significance'],159.11,1.0,0.0,0.3,0.3
PAX1,20,21714610,NM_006192.5:c.1412C>T,NP_006183.2:p.Pro471Leu,0.160,5.152,['Likely%20benign'],159.11,1.0,0.0,0.3,0.3
PAX1,20,21714612,NM_006192.5:c.1414G>A,NP_006183.2:p.Gly472Ser,0.238,10.55,['Likely%20benign'],59.99,0.62,0.0,0.5,0.5
PAX1,20,21714615,NM_006192.5:c.1417G>A,NP_006183.2:p.Ala473Thr,0.182,8.292,['Likely%20benign'],110.02,0.86,0.0,0.1,0.1
PAX1,20,21714615,NM_006192.5:c.1417G>T,NP_006183.2:p.Ala473Ser,0.207,8.051,['Likely%20benign'],110.02,0.86,0.0,0.1,0.1
PAX1,20,21714619,NM_006192.5:c.1421A>G,NP_006183.2:p.Gln474Arg,0.241,8.080,['Likely%20benign'],157.56,0.79,0.0,0.1,0.1
PAX1,20,21714620,NM_006192.5:c.1422G>T,NP_006183.2:p.Gln474His,0.163,8.723,['Likely%20benign'],157.56,0.79,0.0,0.1,0.1
PAX1,20,21714621,NM_006192.5:c.1423G>A,NP_006183.2:p.Val475Ile,0.164,3.040,['Likely%20benign'],167.6,0.97,0.0,0.0,0.0
PAX1,20,21714621,NM_006192.5:c.1423G>T,NP_006183.2:p.Val475Phe,0.204,3.892,['Likely%20benign'],167.6,0.97,0.0,0.1,0.1
PAX1,20,21714622,NM_006192.5:c.1424T>G,NP_006183.2:p.Val475Gly,0.221,14.60,['Likely%20benign'],167.6,0.97,0.0,0.3,0.3
PAX1,20,21714627,NM_006192.5:c.1429G>A,NP_006183.2:p.Ala477Thr,0.173,11.20,['Unknown%20significance'],107.03,0.84,0.0,0.2,0.2
PAX1,20,21714627,NM_006192.5:c.1429G>C,NP_006183.2:p.Ala477Pro,0.243,11.49,['Likely%20benign'],107.03,0.84,0.0,0.3,0.3
PAX1,20,21714628,NM_006192.5:c.1430C>A,NP_006183.2:p.Ala477Glu,0.262,10.49,['Unknown%20significance'],107.03,0.84,0.0,0.3,0.3
PAX1,20,21714628,NM_006192.5:c.1430C>G,NP_006183.2:p.Ala477Gly,0.222,11.15,['Likely%20benign'],107.03,0.84,0.0,0.3,0.3
PAX1,20,21714628,NM_006192.5:c.1430C>T,NP_006183.2:p.Ala477Val,0.231,11.28,['Unknown%20significance'],107.03,0.84,0.0,0.1,0.1
PAX1,20,21714630,NM_006192.5:c.1432G>A,NP_006183.2:p.Ala478Thr,0.247,11.77,['Likely%20benign'],106.86,0.84,0.0,0.1,0.1
PAX1,20,21714631,NM_006192.5:c.1433C>G,NP_006183.2:p.Ala478Gly,0.214,15.91,['Likely%20benign'],106.86,0.84,0.0,0.2,0.2
PAX1,20,21714631,NM_006192.5:c.1433C>T,NP_006183.2:p.Ala478Val,0.234,15.86,['Likely%20benign'],106.86,0.84,0.0,-0.1,0.1
PAX1,20,21714634,NM_006192.5:c.1436C>A,NP_006183.2:p.Ala479Asp,0.262,4.426,['Unknown%20significance'],106.68,0.83,0.0,0.3,0.3
PAX1,20,21714634,NM_006192.5:c.1436C>T,NP_006183.2:p.Ala479Val,0.250,4.518,['Likely%20benign'],106.68,0.83,0.0,-0.0,0.0
PAX1,20,21714636,NM_006192.5:c.1438C>T,NP_006183.2:p.Pro480Ser,0.207,0.645,['Benign'],140.36,0.89,0.0,0.4,0.4
PAX1,20,21714637,NM_006192.5:c.1439C>A,NP_006183.2:p.Pro480Gln,0.231,0.061,['Unknown%20significance'],140.36,0.89,0.0,0.4,0.4
PAX1,20,21714637,NM_006192.5:c.1439C>G,NP_006183.2:p.Pro480Arg,0.210,1.400,['Unknown%20significance'],140.36,0.89,0.0,0.4,0.4
PAX1,20,21714637,NM_006192.5:c.1439C>T,NP_006183.2:p.Pro480Leu,0.207,7.298,['Likely%20benign'],140.36,0.89,0.0,0.3,0.3
PAX1,20,21714639,NM_006192.5:c.1441G>A,NP_006183.2:p.Ala481Thr,0.202,9.168,['Likely%20benign'],96.28,0.75,0.0,-0.1,0.1
PAX1,20,21714640,NM_006192.5:c.1442C>A,NP_006183.2:p.Ala481Glu,0.267,10.66,['Likely%20benign'],96.28,0.75,0.0,0.3,0.3
PAX1,20,21714640,NM_006192.5:c.1442C>T,NP_006183.2:p.Ala481Val,0.207,11.88,['Likely%20benign'],96.28,0.75,0.0,-0.1,0.1
PAX1,20,21714642,NM_006192.5:c.1444A>G,NP_006183.2:p.Ile482Val,0.191,2.129,['Likely%20benign'],165.12,0.84,0.0,0.1,0.1
PAX1,20,21714642,NM_006192.5:c.1444A>T,NP_006183.2:p.Ile482Phe,0.205,7.556,['Unknown%20significance'],165.12,0.84,0.0,0.2,0.2
PAX1,20,21714645,NM_006192.5:c.1447G>C,NP_006183.2:p.Gly483Arg,0.361,0.167,['Unknown%20significance'],84.94,0.89,0.0,0.0,0.0
PAX1,20,21714645,NM_006192.5:c.1447G>T,NP_006183.2:p.Gly483Cys,0.268,0.090,['Likely%20benign'],84.94,0.89,0.0,0.1,0.1
PAX1,20,21714646,NM_006192.5:c.1448G>A,NP_006183.2:p.Gly483Asp,0.264,7.331,['Likely%20benign'],84.94,0.89,0.0,0.1,0.1
PAX1,20,21714646,NM_006192.5:c.1448G>T,NP_006183.2:p.Gly483Val,0.253,7.003,['Likely%20benign'],84.94,0.89,0.0,0.0,0.0
PAX1,20,21714648,NM_006192.5:c.1450A>G,NP_006183.2:p.Thr484Ala,0.224,0.921,['Likely%20benign'],133.02,0.84,0.0,0.2,0.2
PAX1,20,21714648,NM_006192.5:c.1450A>T,NP_006183.2:p.Thr484Ser,0.249,0.529,['Likely%20benign'],133.02,0.84,0.0,0.1,0.1
PAX1,20,21714649,NM_006192.5:c.1451C>A,NP_006183.2:p.Thr484Lys,0.281,15.56,['Likely%20benign'],133.02,0.84,0.0,0.2,0.2
PAX1,20,21714649,NM_006192.5:c.1451C>G,NP_006183.2:p.Thr484Arg,0.288,15.27,['Likely%20benign'],133.02,0.84,0.0,0.1,0.1
PAX1,20,21714649,NM_006192.5:c.1451C>T,NP_006183.2:p.Thr484Met,0.309,15.84,['Unknown%20significance'],133.02,0.84,0.0,0.1,0.1
PAX1,20,21714651,NM_006192.5:c.1453G>T,NP_006183.2:p.Gly485Cys,0.338,19.01,['Unknown%20significance'],55.69,0.58,0.0,0.3,0.3
PAX1,20,21714652,NM_006192.5:c.1454G>A,NP_006183.2:p.Gly485Asp,0.247,11.14,['Unknown%20significance'],55.69,0.58,0.0,0.2,0.2
PAX1,20,21714654,NM_006192.5:c.1456A>G,NP_006183.2:p.Arg486Gly,0.264,14.37,['Unknown%20significance'],249.61,0.92,0.0,0.3,0.3
PAX1,20,21714655,NM_006192.5:c.1457G>A,NP_006183.2:p.Arg486Lys,0.261,14.66,['Likely%20benign'],249.61,0.92,0.0,0.2,0.2
PAX1,20,21714655,NM_006192.5:c.1457G>C,NP_006183.2:p.Arg486Thr,0.255,14.68,['Unknown%20significance'],249.61,0.92,0.0,0.1,0.1
PAX1,20,21714655,NM_006192.5:c.1457G>T,NP_006183.2:p.Arg486Met,0.336,16.12,['Unknown%20significance'],249.61,0.92,0.0,0.1,0.1
PAX1,20,21714656,NM_006192.5:c.1458G>T,NP_006183.2:p.Arg486Ser,0.188,16.76,['Likely%20benign'],249.61,0.92,0.0,0.2,0.2
PAX1,20,21714658,NM_006192.5:c.1460T>C,NP_006183.2:p.Ile487Thr,0.183,0.443,['Unknown%20significance'],188.67,0.96,0.0,0.2,0.2
PAX1,20,21714659,NM_006192.5:c.1461C>G,NP_006183.2:p.Ile487Met,0.286,10.35,['Likely%20benign'],188.67,0.96,0.0,0.1,0.1
PAX1,20,21714660,NM_006192.5:c.1462G>C,NP_006183.2:p.Gly488Arg,0.296,0.992,['Likely%20benign'],39.29,0.41,0.0,-0.6,0.6
PAX1,20,21714661,NM_006192.5:c.1463G>A,NP_006183.2:p.Gly488Glu,0.217,8.054,['Likely%20benign'],39.29,0.41,0.0,0.2,0.2
PAX1,20,21714661,NM_006192.5:c.1463G>C,NP_006183.2:p.Gly488Ala,0.214,1.390,['Likely%20benign'],39.29,0.41,0.0,0.3,0.3
PAX1,20,21714661,NM_006192.5:c.1463G>T,NP_006183.2:p.Gly488Val,0.186,8.109,['Likely%20benign'],39.29,0.41,0.0,0.1,0.1
PAX1,20,21714664,NM_006192.5:c.1466G>T,NP_006183.2:p.Gly489Val,0.369,12.68,['Likely%20benign'],89.69,0.94,0.0,-0.0,0.0
PAX1,20,21714666,NM_006192.5:c.1468C>A,NP_006183.2:p.Leu490Ile,0.178,6.891,['Likely%20benign'],152.74,0.79,0.0,0.1,0.1
PAX1,20,21714666,NM_006192.5:c.1468C>G,NP_006183.2:p.Leu490Val,0.187,6.997,['Likely%20benign'],152.74,0.79,0.0,0.2,0.2
PAX1,20,21714667,NM_006192.5:c.1469T>A,NP_006183.2:p.Leu490His,0.244,4.101,['Likely%20benign'],152.74,0.79,0.0,0.3,0.3
PAX1,20,21714667,NM_006192.5:c.1469T>C,NP_006183.2:p.Leu490Pro,0.269,5.142,['Likely%20benign'],152.74,0.79,0.0,0.5,0.5
PAX1,20,21714669,NM_006192.5:c.1471G>C,NP_006183.2:p.Ala491Pro,0.433,13.67,['Likely%20benign'],101.09,0.79,0.0,0.2,0.2
PAX1,20,21714670,NM_006192.5:c.1472C>A,NP_006183.2:p.Ala491Glu,0.336,7.145,['Likely%20benign'],101.09,0.79,0.0,0.2,0.2
PAX1,20,21714670,NM_006192.5:c.1472C>T,NP_006183.2:p.Ala491Val,0.191,0.195,['Unknown%20significance'],101.09,0.79,0.0,-0.1,0.1
PAX1,20,21714672,NM_006192.5:c.1474G>C,NP_006183.2:p.Glu492Gln,0.185,10.55,['Likely%20benign'],174.65,0.89,0.0,-0.0,0.0
PAX1,20,21714673,NM_006192.5:c.1475A>G,NP_006183.2:p.Glu492Gly,0.231,1.628,['Unknown%20significance'],174.65,0.89,0.0,0.1,0.1
PAX1,20,21714675,NM_006192.5:c.1477G>A,NP_006183.2:p.Glu493Lys,0.273,11.84,['Likely%20benign'],164.0,0.83,0.0,-0.0,0.0
PAX1,20,21714676,NM_006192.5:c.1478A>T,NP_006183.2:p.Glu493Val,0.252,9.218,['Unknown%20significance'],164.0,0.83,0.0,-0.0,0.0
PAX1,20,21714678,NM_006192.5:c.1480G>A,NP_006183.2:p.Glu494Lys,0.233,14.64,['Likely%20benign'],180.06,0.92,0.0,-0.0,0.0
PAX1,20,21714678,NM_006192.5:c.1480G>C,NP_006183.2:p.Glu494Gln,0.248,12.38,['Likely%20benign'],180.06,0.92,0.0,-0.1,0.1
PAX1,20,21714681,NM_006192.5:c.1483G>T,NP_006183.2:p.Ala495Ser,0.167,9.217,['Likely%20benign'],112.69,0.88,0.0,0.0,0.0
PAX1,20,21714682,NM_006192.5:c.1484C>G,NP_006183.2:p.Ala495Gly,0.288,14.11,['Likely%20benign'],112.69,0.88,0.0,0.2,0.2
PAX1,20,21714682,NM_006192.5:c.1484C>T,NP_006183.2:p.Ala495Val,0.305,14.46,['Likely%20benign'],112.69,0.88,0.0,-0.2,0.2
PAX1,20,21714684,NM_006192.5:c.1486A>G,NP_006183.2:p.Ser496Gly,0.224,1.826,['Likely%20benign'],135.54,0.98,0.0,0.2,0.2
PAX1,20,21714685,NM_006192.5:c.1487G>T,NP_006183.2:p.Ser496Ile,0.209,12.75,['Likely%20benign'],135.54,0.98,0.0,0.0,0.0
PAX1,20,21714687,NM_006192.5:c.1489G>C,NP_006183.2:p.Ala497Pro,0.484,12.34,['Likely%20benign'],110.05,0.86,0.0,0.3,0.3
PAX1,20,21714687,NM_006192.5:c.1489G>T,NP_006183.2:p.Ala497Ser,0.145,5.136,['Likely%20benign'],110.05,0.86,0.0,0.2,0.2
PAX1,20,21714688,NM_006192.5:c.1490C>T,NP_006183.2:p.Ala497Val,0.256,12.28,['Likely%20benign'],110.05,0.86,0.0,0.1,0.1
PAX1,20,21714690,NM_006192.5:c.1492G>A,NP_006183.2:p.Gly498Ser,0.183,0.365,['Likely%20benign'],56.09,0.58,0.0,0.1,0.1
PAX1,20,21714690,NM_006192.5:c.1492G>C,NP_006183.2:p.Gly498Arg,0.186,10.23,['Likely%20benign'],56.09,0.58,0.0,0.1,0.1
PAX1,20,21714690,NM_006192.5:c.1492G>T,NP_006183.2:p.Gly498Cys,0.287,11.23,['Likely%20benign'],56.09,0.58,0.0,0.3,0.3
PAX1,20,21714691,NM_006192.5:c.1493G>A,NP_006183.2:p.Gly498Asp,0.263,10.65,['Likely%20benign'],56.09,0.58,0.0,0.4,0.4
PAX1,20,21714691,NM_006192.5:c.1493G>C,NP_006183.2:p.Gly498Ala,0.214,0.638,['Likely%20benign'],56.09,0.58,0.0,-0.1,0.1
PAX1,20,21714691,NM_006192.5:c.1493G>T,NP_006183.2:p.Gly498Val,0.262,10.31,['Likely%20benign'],56.09,0.58,0.0,0.1,0.1
PAX1,20,21714694,NM_006192.5:c.1496C>G,NP_006183.2:p.Pro499Arg,0.191,12.64,['Likely%20benign'],166.17,1.0,0.0,0.1,0.1
PAX1,20,21714694,NM_006192.5:c.1496C>T,NP_006183.2:p.Pro499Leu,0.186,13.55,['Likely%20benign'],166.17,1.0,0.0,0.1,0.1
PAX1,20,21714696,NM_006192.5:c.1498C>T,NP_006183.2:p.Arg500Trp,0.157,13.49,['Likely%20benign'],266.31,0.98,0.0,0.0,0.0
PAX1,20,21714697,NM_006192.5:c.1499G>A,NP_006183.2:p.Arg500Gln,0.211,10.31,['Likely%20benign'],266.31,0.98,0.0,0.1,0.1
PAX1,20,21714697,NM_006192.5:c.1499G>T,NP_006183.2:p.Arg500Leu,0.186,2.723,['Likely%20benign'],266.31,0.98,0.0,0.0,0.0
PAX1,20,21714699,NM_006192.5:c.1501G>A,NP_006183.2:p.Gly501Ser,0.166,7.901,['Unknown%20significance'],84.18,0.88,0.0,0.1,0.1
PAX1,20,21714699,NM_006192.5:c.1501G>C,NP_006183.2:p.Gly501Arg,0.163,8.290,['Likely%20benign'],84.18,0.88,0.0,-0.0,0.0
PAX1,20,21714699,NM_006192.5:c.1501G>T,NP_006183.2:p.Gly501Cys,0.304,9.877,['Unknown%20significance'],84.18,0.88,0.0,0.1,0.1
PAX1,20,21714700,NM_006192.5:c.1502G>A,NP_006183.2:p.Gly501Asp,0.168,11.25,['Likely%20benign'],84.18,0.88,0.0,0.1,0.1
PAX1,20,21714700,NM_006192.5:c.1502G>T,NP_006183.2:p.Gly501Val,0.158,11.00,['Unknown%20significance'],84.18,0.88,0.0,-0.0,0.0
PAX1,20,21714702,NM_006192.5:c.1504G>A,NP_006183.2:p.Ala502Thr,0.129,8.269,['Likely%20benign'],111.19,0.87,0.0,0.1,0.1
PAX1,20,21714702,NM_006192.5:c.1504G>T,NP_006183.2:p.Ala502Ser,0.126,1.424,['Unknown%20significance'],111.19,0.87,0.0,0.1,0.1
PAX1,20,21714703,NM_006192.5:c.1505C>T,NP_006183.2:p.Ala502Val,0.187,12.46,['Likely%20benign'],111.19,0.87,0.0,0.1,0.1
PAX1,20,21714705,NM_006192.5:c.1507C>T,NP_006183.2:p.Arg503Cys,0.296,15.96,['Unknown%20significance'],272.36,1.0,0.0,0.2,0.2
PAX1,20,21714706,NM_006192.5:c.1508G>A,NP_006183.2:p.Arg503His,0.237,14.04,['Likely%20benign'],272.36,1.0,0.0,0.0,0.0
PAX1,20,21714706,NM_006192.5:c.1508G>C,NP_006183.2:p.Arg503Pro,0.245,14.41,['Likely%20benign'],272.36,1.0,0.0,0.1,0.1
PAX1,20,21714706,NM_006192.5:c.1508G>T,NP_006183.2:p.Arg503Leu,0.287,13.76,['Likely%20benign'],272.36,1.0,0.0,0.0,0.0
PAX1,20,21714708,NM_006192.5:c.1510C>A,NP_006183.2:p.Pro504Thr,0.134,0.827,['Likely%20benign'],138.21,0.87,0.0,0.2,0.2
PAX1,20,21714708,NM_006192.5:c.1510C>G,NP_006183.2:p.Pro504Ala,0.197,0.379,['Likely%20benign'],138.21,0.87,0.0,0.3,0.3
PAX1,20,21714709,NM_006192.5:c.1511C>A,NP_006183.2:p.Pro504Gln,0.148,8.947,['Likely%20benign'],138.21,0.87,0.0,0.2,0.2
PAX1,20,21714709,NM_006192.5:c.1511C>T,NP_006183.2:p.Pro504Leu,0.176,0.597,['Benign'],138.21,0.87,0.0,0.1,0.1
PAX1,20,21714711,NM_006192.5:c.1513G>A,NP_006183.2:p.Ala505Thr,0.123,9.751,['Likely%20benign'],117.1,0.92,0.0,0.0,0.0
PAX1,20,21714711,NM_006192.5:c.1513G>T,NP_006183.2:p.Ala505Ser,0.117,7.048,['Likely%20benign'],117.1,0.92,0.0,0.1,0.1
PAX1,20,21714712,NM_006192.5:c.1514C>A,NP_006183.2:p.Ala505Asp,0.125,7.117,['Likely%20benign'],117.1,0.92,0.0,0.2,0.2
PAX1,20,21714712,NM_006192.5:c.1514C>T,NP_006183.2:p.Ala505Val,0.154,1.952,['Likely%20benign'],117.1,0.92,0.0,-0.1,0.1
PAX1,20,21714714,NM_006192.5:c.1516A>C,NP_006183.2:p.Ser506Arg,0.125,7.569,['Unknown%20significance'],111.97,0.81,0.0,0.1,0.1
PAX1,20,21714714,NM_006192.5:c.1516A>G,NP_006183.2:p.Ser506Gly,0.233,1.494,['Unknown%20significance'],111.97,0.81,0.0,0.0,0.0
PAX1,20,21714715,NM_006192.5:c.1517G>A,NP_006183.2:p.Ser506Asn,0.170,5.287,['Likely%20benign'],111.97,0.81,0.0,0.1,0.1
PAX1,20,21714715,NM_006192.5:c.1517G>T,NP_006183.2:p.Ser506Ile,0.174,12.60,['Likely%20benign'],111.97,0.81,0.0,0.1,0.1
PAX1,20,21714716,NM_006192.5:c.1518C>A,NP_006183.2:p.Ser506Arg,0.138,3.624,['Likely%20benign'],111.97,0.81,0.0,0.1,0.1
PAX1,20,21714718,NM_006192.5:c.1520C>T,NP_006183.2:p.Pro507Leu,0.182,11.25,['Benign'],139.91,0.88,0.0,0.4,0.4
PAX1,20,21714720,NM_006192.5:c.1522C>G,NP_006183.2:p.Gln508Glu,0.175,12.04,['Likely%20benign'],179.78,0.9,0.0,0.2,0.2
PAX1,20,21714721,NM_006192.5:c.1523A>G,NP_006183.2:p.Gln508Arg,0.247,1.745,['Likely%20benign'],179.78,0.9,0.0,0.1,0.1
PAX1,20,21714721,NM_006192.5:c.1523A>T,NP_006183.2:p.Gln508Leu,0.223,3.420,['Likely%20benign'],179.78,0.9,0.0,0.2,0.2
PAX1,20,21714723,NM_006192.5:c.1525G>A,NP_006183.2:p.Ala509Thr,0.217,7.487,['Likely%20benign'],124.44,0.97,0.0,0.1,0.1
PAX1,20,21714723,NM_006192.5:c.1525G>C,NP_006183.2:p.Ala509Pro,0.202,13.88,['Likely%20benign'],124.44,0.97,0.0,0.1,0.1
PAX1,20,21714723,NM_006192.5:c.1525G>T,NP_006183.2:p.Ala509Ser,0.166,11.87,['Likely%20benign'],124.44,0.97,0.0,0.1,0.1
PAX1,20,21714724,NM_006192.5:c.1526C>A,NP_006183.2:p.Ala509Asp,0.169,14.54,['Likely%20benign'],124.44,0.97,0.0,0.2,0.2
PAX1,20,21714724,NM_006192.5:c.1526C>T,NP_006183.2:p.Ala509Val,0.183,14.55,['Likely%20benign'],124.44,0.97,0.0,0.1,0.1
PAX1,20,21714728,NM_006192.5:c.1530G>T,NP_006183.2:p.Gln510His,0.211,9.331,['Likely%20benign'],162.12,0.81,0.0,0.1,0.1
PAX1,20,21714729,NM_006192.5:c.1531C>T,NP_006183.2:p.Pro511Ser,0.119,11.50,['Unknown%20significance'],121.86,0.77,0.0,0.3,0.3
PAX1,20,21714730,NM_006192.5:c.1532C>T,NP_006183.2:p.Pro511Leu,0.156,15.25,['Likely%20benign'],121.86,0.77,0.0,0.1,0.1
PAX1,20,21714732,NM_006192.5:c.1534T>A,NP_006183.2:p.Cys512Ser,0.266,4.215,['Likely%20benign'],88.93,0.57,0.0,1.7,1.7
PAX1,20,21714732,NM_006192.5:c.1534T>G,NP_006183.2:p.Cys512Gly,0.365,4.725,['Likely%20benign'],88.93,0.57,0.0,2.0,2.0
PAX1,20,21714733,NM_006192.5:c.1535G>T,NP_006183.2:p.Cys512Phe,0.343,18.49,['Likely%20benign'],88.93,0.57,0.0,1.3,1.3
PAX1,20,21714738,NM_006192.5:c.1540T>C,NP_006183.2:p.Trp514Arg,0.226,10.61,['Likely%20benign'],225.74,0.86,0.0,0.6,0.6
PAX1,20,21714739,NM_006192.5:c.1541G>C,NP_006183.2:p.Trp514Ser,0.188,5.692,['Likely%20benign'],225.74,0.86,0.0,0.6,0.6
PAX1,20,21714739,NM_006192.5:c.1541G>T,NP_006183.2:p.Trp514Leu,0.259,4.176,['Likely%20benign'],225.74,0.86,0.0,0.5,0.5
PAX1,20,21714740,NM_006192.5:c.1542G>T,NP_006183.2:p.Trp514Cys,0.257,7.033,['Likely%20benign'],225.74,0.86,0.0,0.5,0.5
PAX1,20,21714741,NM_006192.5:c.1543C>T,NP_006183.2:p.Pro515Ser,0.251,4.432,['Likely%20benign'],136.83,0.86,0.0,0.3,0.3
PAX1,20,21714742,NM_006192.5:c.1544C>G,NP_006183.2:p.Pro515Arg,0.178,0.039,['Unknown%20significance'],136.83,0.86,0.0,0.2,0.2
PAX1,20,21714742,NM_006192.5:c.1544C>T,NP_006183.2:p.Pro515Leu,0.202,0.059,['Likely%20benign'],136.83,0.86,0.0,0.2,0.2
PAX1,20,21714744,NM_006192.5:c.1546G>T,NP_006183.2:p.Asp516Tyr,0.255,0.096,['Likely%20benign'],136.69,0.85,0.0,-0.1,0.1
PAX1,20,21714747,NM_006192.5:c.1549C>A,NP_006183.2:p.Pro517Thr,0.243,0.181,['Likely%20benign'],140.9,0.89,0.0,0.2,0.2
PAX1,20,21714747,NM_006192.5:c.1549C>G,NP_006183.2:p.Pro517Ala,0.241,0.111,['Likely%20benign'],140.9,0.89,0.0,0.3,0.3
PAX1,20,21714747,NM_006192.5:c.1549C>T,NP_006183.2:p.Pro517Ser,0.203,0.292,['Likely%20benign'],140.9,0.89,0.0,0.2,0.2
PAX1,20,21714748,NM_006192.5:c.1550C>A,NP_006183.2:p.Pro517Gln,0.253,0.004,['Likely%20benign'],140.9,0.89,0.0,0.1,0.1
PAX1,20,21714750,NM_006192.5:c.1552C>T,NP_006183.2:p.Pro518Ser,0.282,9.572,['Likely%20benign'],145.07,0.92,0.0,0.4,0.4
PAX1,20,21714751,NM_006192.5:c.1553C>A,NP_006183.2:p.Pro518Gln,0.256,12.40,['Likely%20benign'],145.07,0.92,0.0,0.4,0.4
PAX1,20,21714751,NM_006192.5:c.1553C>T,NP_006183.2:p.Pro518Leu,0.181,13.71,['Likely%20benign'],145.07,0.92,0.0,0.3,0.3
PAX1,20,21714753,NM_006192.5:c.1555C>T,NP_006183.2:p.His519Tyr,0.146,2.241,['Likely%20benign'],182.36,0.88,0.0,0.0,0.0
PAX1,20,21714756,NM_006192.5:c.1558T>C,NP_006183.2:p.Phe520Leu,0.182,6.212,['Likely%20benign'],180.97,0.78,0.0,0.7,0.7
PAX1,20,21714757,NM_006192.5:c.1559T>A,NP_006183.2:p.Phe520Tyr,0.209,4.063,['Unknown%20significance'],180.97,0.78,0.0,0.4,0.4
PAX1,20,21714757,NM_006192.5:c.1559T>G,NP_006183.2:p.Phe520Cys,0.319,12.40,['Likely%20benign'],180.97,0.78,0.0,1.1,1.1
PAX1,20,21714758,NM_006192.5:c.1560C>A,NP_006183.2:p.Phe520Leu,0.183,0.265,['Likely%20benign'],180.97,0.78,0.0,0.7,0.7
PAX1,20,21714759,NM_006192.5:c.1561C>T,NP_006183.2:p.Leu521Phe,0.265,8.154,['Unknown%20significance'],162.82,0.84,0.0,0.2,0.2
PAX1,20,21714765,NM_006192.5:c.1567T>C,NP_006183.2:p.Trp523Arg,0.336,0.004,['Likely%20benign'],235.81,0.89,0.0,0.5,0.5
PAX1,20,21714766,NM_006192.5:c.1568G>T,NP_006183.2:p.Trp523Leu,0.225,7.160,['Unknown%20significance'],235.81,0.89,0.0,0.4,0.4
PAX1,20,21714767,NM_006192.5:c.1569G>T,NP_006183.2:p.Trp523Cys,0.358,12.05,['Likely%20benign'],235.81,0.89,0.0,0.6,0.6
PAX1,20,21714768,NM_006192.5:c.1570T>A,NP_006183.2:p.Ser524Thr,0.208,13.09,['Likely%20benign'],103.0,0.74,0.0,0.0,0.0
PAX1,20,21714769,NM_006192.5:c.1571C>A,NP_006183.2:p.Ser524Tyr,0.240,16.41,['Likely%20benign'],103.0,0.74,0.0,-0.1,0.1
PAX1,20,21714769,NM_006192.5:c.1571C>G,NP_006183.2:p.Ser524Cys,0.333,17.15,['Unknown%20significance'],103.0,0.74,0.0,0.2,0.2
PAX1,20,21714769,NM_006192.5:c.1571C>T,NP_006183.2:p.Ser524Phe,0.233,17.46,['Likely%20benign'],103.0,0.74,0.0,-0.1,0.1
PAX1,20,21714771,NM_006192.5:c.1573G>A,NP_006183.2:p.Gly525Arg,0.263,15.86,['Likely%20benign'],35.55,0.37,0.0,0.7,0.7
PAX1,20,21714772,NM_006192.5:c.1574G>A,NP_006183.2:p.Gly525Glu,0.227,14.61,['Likely%20benign'],35.55,0.37,0.0,1.4,1.4
PAX1,20,21714776,NM_006192.5:c.1578T>G,NP_006183.2:p.Phe526Leu,0.238,19.94,['Unknown%20significance'],202.9,0.88,0.0,0.4,0.4
PAX1,20,21714779,NM_006192.5:c.1581A>T,NP_006183.2:p.Leu527Phe,0.250,11.81,['Likely%20benign'],185.34,0.96,0.0,0.2,0.2
PAX1,20,21714781,NM_006192.5:c.1583G>A,NP_006183.2:p.Gly528Asp,0.459,16.14,['Likely%20benign'],56.86,0.59,0.0,0.8,0.8
PAX1,20,21714781,NM_006192.5:c.1583G>C,NP_006183.2:p.Gly528Ala,0.277,15.33,['Likely%20benign'],56.86,0.59,0.0,0.3,0.3
PAX1,20,21714781,NM_006192.5:c.1583G>T,NP_006183.2:p.Gly528Val,0.489,16.20,['Likely%20benign'],56.86,0.59,0.0,0.2,0.2
PAX1,20,21714784,NM_006192.5:c.1586T>A,NP_006183.2:p.Phe529Tyr,0.304,17.69,['Unknown%20significance'],173.86,0.75,0.0,0.4,0.4
PAX1,20,21714787,NM_006192.5:c.1589C>A,NP_006183.2:p.Ser530Tyr,0.216,16.47,['Likely%20benign'],120.07,0.87,0.0,-0.1,0.1
PAX1,20,21714787,NM_006192.5:c.1589C>T,NP_006183.2:p.Ser530Phe,0.202,17.67,['Unknown%20significance'],120.07,0.87,0.0,-0.0,0.0
PAX1,20,21714793,NM_006192.5:c.1595T>C,NP_006183.2:p.Leu532Pro,0.219,17.40,['Likely%20benign'],153.63,0.79,0.0,0.9,0.9
PAX1,20,21714795,NM_006192.5:c.1597G>T,NP_006183.2:p.Gly533Trp,0.358,2.145,['Likely%20benign'],73.17,0.76,0.0,-0.6,0.6
PAX1,20,21714796,NM_006192.5:c.1598G>A,NP_006183.2:p.Gly533Glu,0.229,9.302,['Likely%20benign'],73.17,0.76,0.0,0.3,0.3
PAX1,20,21714796,NM_006192.5:c.1598G>C,NP_006183.2:p.Gly533Ala,0.251,8.008,['Unknown%20significance'],73.17,0.76,0.0,0.1,0.1
PAX1,20,21714798,NM_006192.5:c.1600T>G,NP_006183.2:p.Phe534Val,0.162,5.958,['Likely%20benign'],323.46,1.0,0.0,0.3,0.3