Gene,Chrom,Position,DNA_change,Protein_Change,Revel,CADDPhred,Classification,Surface Area,Normalized SA,Confidence Score,ddG,|ddG|
WFS1,4,6277459,NM_006005.3:c.4G>A,NP_005996.2:p.Asp2Asn,0.188,15.71,['Likely%20benign'],137.49,0.85,0.0,0.1,0.1
WFS1,4,6277459,NM_006005.3:c.4G>C,NP_005996.2:p.Asp2His,0.258,18.56,['Unknown%20significance'],137.49,0.85,0.0,0.1,0.1
WFS1,4,6277460,NM_006005.3:c.5A>T,NP_005996.2:p.Asp2Val,0.189,19.20,['Unknown%20significance'],137.49,0.85,0.0,0.2,0.2
WFS1,4,6277463,NM_006005.3:c.8C>A,NP_005996.2:p.Ser3Tyr,0.283,14.98,['Unknown%20significance'],112.81,0.81,0.0,-0.1,0.1
WFS1,4,6277463,NM_006005.3:c.8C>G,NP_005996.2:p.Ser3Cys,0.249,15.23,['Unknown%20significance'],112.81,0.81,0.0,0.2,0.2
WFS1,4,6277465,NM_006005.3:c.10A>G,NP_005996.2:p.Asn4Asp,0.257,0.071,['Likely%20benign'],153.09,0.95,0.0,0.1,0.1
WFS1,4,6277466,NM_006005.3:c.11A>G,NP_005996.2:p.Asn4Ser,0.191,1.670,['Likely%20benign'],153.09,0.95,0.0,-0.0,0.0
WFS1,4,6277468,NM_006005.3:c.13A>C,NP_005996.2:p.Thr5Pro,0.234,9.878,['Likely%20benign'],138.46,0.88,0.0,-0.1,0.1
WFS1,4,6277469,NM_006005.3:c.14C>G,NP_005996.2:p.Thr5Ser,0.180,4.223,['Likely%20benign'],138.46,0.88,0.0,0.1,0.1
WFS1,4,6277471,NM_006005.3:c.16G>A,NP_005996.2:p.Ala6Thr,0.213,0.800,['Likely%20benign'],92.56,0.72,0.0,-0.0,0.0
WFS1,4,6277471,NM_006005.3:c.16G>T,NP_005996.2:p.Ala6Ser,0.202,0.105,['Likely%20benign'],92.56,0.72,0.0,0.1,0.1
WFS1,4,6277472,NM_006005.3:c.17C>G,NP_005996.2:p.Ala6Gly,0.145,6.789,['Likely%20benign'],92.56,0.72,0.0,0.3,0.3
WFS1,4,6277474,NM_006005.3:c.19C>A,NP_005996.2:p.Pro7Thr,0.142,2.060,['Likely%20benign'],147.1,0.93,0.0,0.2,0.2
WFS1,4,6277474,NM_006005.3:c.19C>G,NP_005996.2:p.Pro7Ala,0.147,1.268,['Likely%20benign'],147.1,0.93,0.0,0.3,0.3
WFS1,4,6277474,NM_006005.3:c.19C>T,NP_005996.2:p.Pro7Ser,0.137,8.090,['Unknown%20significance'],147.1,0.93,0.0,0.3,0.3
WFS1,4,6277475,NM_006005.3:c.20C>A,NP_005996.2:p.Pro7Gln,0.178,14.40,['Unknown%20significance'],147.1,0.93,0.0,0.3,0.3
WFS1,4,6277475,NM_006005.3:c.20C>T,NP_005996.2:p.Pro7Leu,0.146,14.24,['Unknown%20significance'],147.1,0.93,0.0,0.2,0.2
WFS1,4,6277477,NM_006005.3:c.22C>A,NP_005996.2:p.Leu8Met,0.223,8.620,['Likely%20benign'],203.06,1.0,0.0,-0.0,0.0
WFS1,4,6277478,NM_006005.3:c.23T>A,NP_005996.2:p.Leu8Gln,0.171,1.263,['Likely%20benign'],203.06,1.0,0.0,0.0,0.0
WFS1,4,6277478,NM_006005.3:c.23T>C,NP_005996.2:p.Leu8Pro,0.244,1.042,['Likely%20benign'],203.06,1.0,0.0,0.0,0.0
WFS1,4,6277480,NM_006005.3:c.25G>C,NP_005996.2:p.Gly9Arg,0.182,12.38,['Likely%20benign'],65.22,0.68,0.0,-0.2,0.2
WFS1,4,6277481,NM_006005.3:c.26G>A,NP_005996.2:p.Gly9Asp,0.241,11.64,['Likely%20benign'],65.22,0.68,0.0,0.1,0.1
WFS1,4,6277481,NM_006005.3:c.26G>T,NP_005996.2:p.Gly9Val,0.209,13.10,['Unknown%20significance'],65.22,0.68,0.0,-0.2,0.2
WFS1,4,6277483,NM_006005.3:c.28C>A,NP_005996.2:p.Pro10Thr,0.206,6.542,['Unknown%20significance'],158.81,1.0,0.0,0.2,0.2
WFS1,4,6277483,NM_006005.3:c.28C>T,NP_005996.2:p.Pro10Ser,0.210,5.715,['Unknown%20significance'],158.81,1.0,0.0,0.2,0.2
WFS1,4,6277484,NM_006005.3:c.29C>A,NP_005996.2:p.Pro10His,0.287,17.59,['Unknown%20significance'],158.81,1.0,0.0,0.2,0.2
WFS1,4,6277484,NM_006005.3:c.29C>T,NP_005996.2:p.Pro10Leu,0.233,17.71,['Unknown%20significance'],158.81,1.0,0.0,0.2,0.2
WFS1,4,6277486,NM_006005.3:c.31T>C,NP_005996.2:p.Ser11Pro,0.293,20.7,['Likely%20benign'],126.16,0.91,0.0,0.1,0.1
WFS1,4,6277487,NM_006005.3:c.32C>G,NP_005996.2:p.Ser11Cys,0.277,21.4,['Unknown%20significance'],126.16,0.91,0.0,0.1,0.1
WFS1,4,6277490,NM_006005.3:c.35G>A,NP_005996.2:p.Cys12Tyr,0.247,7.191,['Likely%20benign'],128.39,0.83,0.0,-0.2,0.2
WFS1,4,6277492,NM_006005.3:c.37C>A,NP_005996.2:p.Pro13Thr,0.120,6.256,['Likely%20benign'],146.34,0.93,0.0,0.1,0.1
WFS1,4,6277493,NM_006005.3:c.38C>T,NP_005996.2:p.Pro13Leu,0.172,10.94,['Likely%20benign'],146.34,0.93,0.0,0.0,0.0
WFS1,4,6277495,NM_006005.3:c.40C>A,NP_005996.2:p.Gln14Lys,0.152,8.888,['Likely%20benign'],186.31,0.94,0.0,0.1,0.1
WFS1,4,6277496,NM_006005.3:c.41A>G,NP_005996.2:p.Gln14Arg,0.121,10.11,['Benign'],186.31,0.94,0.0,0.0,0.0
WFS1,4,6277496,NM_006005.3:c.41A>T,NP_005996.2:p.Gln14Leu,0.204,12.17,['Likely%20benign'],186.31,0.94,0.0,0.0,0.0
WFS1,4,6277497,NM_006005.3:c.42G>T,NP_005996.2:p.Gln14His,0.186,13.43,['Unknown%20significance'],186.31,0.94,0.0,-0.0,0.0
WFS1,4,6277498,NM_006005.3:c.43C>A,NP_005996.2:p.Pro15Thr,0.170,11.19,['Likely%20benign'],96.19,0.61,0.0,0.5,0.5
WFS1,4,6277498,NM_006005.3:c.43C>T,NP_005996.2:p.Pro15Ser,0.166,4.422,['Likely%20benign'],96.19,0.61,0.0,0.6,0.6
WFS1,4,6277499,NM_006005.3:c.44C>G,NP_005996.2:p.Pro15Arg,0.226,15.35,['Unknown%20significance'],96.19,0.61,0.0,0.5,0.5
WFS1,4,6277501,NM_006005.3:c.46C>A,NP_005996.2:p.Pro16Thr,0.145,6.334,['Likely%20benign'],129.9,0.82,0.0,0.1,0.1
WFS1,4,6277501,NM_006005.3:c.46C>G,NP_005996.2:p.Pro16Ala,0.157,4.420,['Likely%20benign'],129.9,0.82,0.0,0.2,0.2
WFS1,4,6277501,NM_006005.3:c.46C>T,NP_005996.2:p.Pro16Ser,0.097,5.519,['Likely%20benign'],129.9,0.82,0.0,0.2,0.2
WFS1,4,6277502,NM_006005.3:c.47C>A,NP_005996.2:p.Pro16Gln,0.261,8.954,['Unknown%20significance'],129.9,0.82,0.0,0.1,0.1
WFS1,4,6277502,NM_006005.3:c.47C>G,NP_005996.2:p.Pro16Arg,0.167,8.039,['Likely%20benign'],129.9,0.82,0.0,0.1,0.1
WFS1,4,6277502,NM_006005.3:c.47C>T,NP_005996.2:p.Pro16Leu,0.142,8.263,['Unknown%20significance'],129.9,0.82,0.0,0.1,0.1
WFS1,4,6277504,NM_006005.3:c.49C>A,NP_005996.2:p.Pro17Thr,0.197,0.418,['Likely%20benign'],125.45,0.79,0.0,0.1,0.1
WFS1,4,6277504,NM_006005.3:c.49C>T,NP_005996.2:p.Pro17Ser,0.178,1.204,['Likely%20benign'],125.45,0.79,0.0,0.2,0.2
WFS1,4,6277505,NM_006005.3:c.50C>A,NP_005996.2:p.Pro17Gln,0.265,4.021,['Likely%20benign'],125.45,0.79,0.0,0.2,0.2
WFS1,4,6277505,NM_006005.3:c.50C>G,NP_005996.2:p.Pro17Arg,0.209,2.734,['Likely%20benign'],125.45,0.79,0.0,0.1,0.1
WFS1,4,6277505,NM_006005.3:c.50C>T,NP_005996.2:p.Pro17Leu,0.175,5.909,['Likely%20benign'],125.45,0.79,0.0,0.1,0.1
WFS1,4,6277507,NM_006005.3:c.52G>A,NP_005996.2:p.Ala18Thr,0.094,2.545,['Likely%20benign'],83.84,0.65,0.0,0.1,0.1
WFS1,4,6277507,NM_006005.3:c.52G>T,NP_005996.2:p.Ala18Ser,0.113,0.880,['Likely%20benign'],83.84,0.65,0.0,0.2,0.2
WFS1,4,6277508,NM_006005.3:c.53C>A,NP_005996.2:p.Ala18Glu,0.141,1.495,['Likely%20benign'],83.84,0.65,0.0,0.4,0.4
WFS1,4,6277508,NM_006005.3:c.53C>G,NP_005996.2:p.Ala18Gly,0.099,3.495,['Likely%20benign'],83.84,0.65,0.0,0.4,0.4
WFS1,4,6277508,NM_006005.3:c.53C>T,NP_005996.2:p.Ala18Val,0.128,4.326,['Likely%20benign'],83.84,0.65,0.0,-0.1,0.1
WFS1,4,6277510,NM_006005.3:c.55C>G,NP_005996.2:p.Pro19Ala,0.105,1.394,['Likely%20benign'],159.76,1.0,0.0,0.0,0.0
WFS1,4,6277510,NM_006005.3:c.55C>T,NP_005996.2:p.Pro19Ser,0.151,3.383,['Likely%20benign'],159.76,1.0,0.0,0.0,0.0
WFS1,4,6277511,NM_006005.3:c.56C>A,NP_005996.2:p.Pro19Gln,0.127,2.180,['Likely%20benign'],159.76,1.0,0.0,0.1,0.1
WFS1,4,6277511,NM_006005.3:c.56C>T,NP_005996.2:p.Pro19Leu,0.167,0.959,['Unknown%20significance'],159.76,1.0,0.0,0.0,0.0
WFS1,4,6277513,NM_006005.3:c.58C>A,NP_005996.2:p.Gln20Lys,0.290,13.53,['Likely%20benign'],121.15,0.61,0.0,0.3,0.3
WFS1,4,6277514,NM_006005.3:c.59A>G,NP_005996.2:p.Gln20Arg,0.258,14.39,['Likely%20benign'],121.15,0.61,0.0,0.0,0.0
WFS1,4,6277514,NM_006005.3:c.59A>T,NP_005996.2:p.Gln20Leu,0.352,16.76,['Unknown%20significance'],121.15,0.61,0.0,-0.1,0.1
WFS1,4,6277515,NM_006005.3:c.60G>C,NP_005996.2:p.Gln20His,0.251,21.7,['Unknown%20significance'],121.15,0.61,0.0,-0.0,0.0
WFS1,4,6277515,NM_006005.3:c.60G>T,NP_005996.2:p.Gln20His,0.251,21.4,['Unknown%20significance'],121.15,0.61,0.0,-0.0,0.0
WFS1,4,6277516,NM_006005.3:c.61C>A,NP_005996.2:p.Pro21Thr,0.244,13.40,['Unknown%20significance'],79.02,0.5,0.0,0.5,0.5
WFS1,4,6277516,NM_006005.3:c.61C>G,NP_005996.2:p.Pro21Ala,0.179,11.37,['Unknown%20significance'],79.02,0.5,0.0,0.7,0.7
WFS1,4,6277516,NM_006005.3:c.61C>T,NP_005996.2:p.Pro21Ser,0.177,12.93,['Unknown%20significance'],79.02,0.5,0.0,0.6,0.6
WFS1,4,6277517,NM_006005.3:c.62C>A,NP_005996.2:p.Pro21His,0.259,19.84,['Unknown%20significance'],79.02,0.5,0.0,0.3,0.3
WFS1,4,6277517,NM_006005.3:c.62C>T,NP_005996.2:p.Pro21Leu,0.209,14.78,['Unknown%20significance'],79.02,0.5,0.0,0.4,0.4
WFS1,4,6277519,NM_006005.3:c.64C>A,NP_005996.2:p.Gln22Lys,0.183,14.68,['Likely%20benign'],13.06,0.06,0.0,1.0,1.0
WFS1,4,6277520,NM_006005.3:c.65A>C,NP_005996.2:p.Gln22Pro,0.367,13.74,['Unknown%20significance'],13.06,0.06,0.0,0.9,0.9
WFS1,4,6277520,NM_006005.3:c.65A>G,NP_005996.2:p.Gln22Arg,0.156,10.88,['Likely%20benign'],13.06,0.06,0.0,-0.1,0.1
WFS1,4,6277521,NM_006005.3:c.66G>C,NP_005996.2:p.Gln22His,0.291,13.16,['Unknown%20significance'],13.06,0.06,0.0,-0.1,0.1
WFS1,4,6277521,NM_006005.3:c.66G>T,NP_005996.2:p.Gln22His,0.291,13.28,['Unknown%20significance'],13.06,0.06,0.0,-0.1,0.1
WFS1,4,6277522,NM_006005.3:c.67G>A,NP_005996.2:p.Ala23Thr,0.136,12.15,['Likely%20benign'],4.39,0.03,0.0,0.2,0.2
WFS1,4,6277522,NM_006005.3:c.67G>T,NP_005996.2:p.Ala23Ser,0.142,9.584,['Unknown%20significance'],4.39,0.03,0.0,0.3,0.3
WFS1,4,6277523,NM_006005.3:c.68C>A,NP_005996.2:p.Ala23Glu,0.215,15.94,['Unknown%20significance'],4.39,0.03,0.0,0.5,0.5
WFS1,4,6277523,NM_006005.3:c.68C>G,NP_005996.2:p.Ala23Gly,0.186,9.264,['Unknown%20significance'],4.39,0.03,0.0,-0.4,0.4
WFS1,4,6277523,NM_006005.3:c.68C>T,NP_005996.2:p.Ala23Val,0.225,17.66,['Unknown%20significance'],4.39,0.03,0.0,0.4,0.4
WFS1,4,6277525,NM_006005.3:c.70C>A,NP_005996.2:p.Arg24Ser,0.323,20.8,['Unknown%20significance'],0.02,0.0,0.0,2.0,2.0
WFS1,4,6277525,NM_006005.3:c.70C>T,NP_005996.2:p.Arg24Cys,0.452,23.5,['Unknown%20significance'],0.02,0.0,0.0,1.9,1.9
WFS1,4,6277526,NM_006005.3:c.71G>A,NP_005996.2:p.Arg24His,0.265,23.3,['Unknown%20significance'],0.02,0.0,0.0,0.7,0.7
WFS1,4,6277526,NM_006005.3:c.71G>T,NP_005996.2:p.Arg24Leu,0.351,23.3,['Unknown%20significance'],0.02,0.0,0.0,0.8,0.8
WFS1,4,6277529,NM_006005.3:c.74C>A,NP_005996.2:p.Ser25Tyr,0.301,22.6,['Unknown%20significance'],15.72,0.11,0.0,-0.4,0.4
WFS1,4,6277529,NM_006005.3:c.74C>T,NP_005996.2:p.Ser25Phe,0.270,22.8,['Unknown%20significance'],15.72,0.11,0.0,-0.0,0.0
WFS1,4,6277531,NM_006005.3:c.76C>G,NP_005996.2:p.Arg26Gly,0.322,12.58,['Unknown%20significance'],112.07,0.41,0.0,1.2,1.2
WFS1,4,6277532,NM_006005.3:c.77G>A,NP_005996.2:p.Arg26Gln,0.171,15.97,['Unknown%20significance'],112.07,0.41,0.0,0.0,0.0
WFS1,4,6277532,NM_006005.3:c.77G>T,NP_005996.2:p.Arg26Leu,0.309,22.1,['Unknown%20significance'],112.07,0.41,0.0,0.3,0.3
WFS1,4,6277534,NM_006005.3:c.79C>A,NP_005996.2:p.Leu27Ile,0.313,23.5,['Unknown%20significance'],14.98,0.07,0.0,1.1,1.1
WFS1,4,6277534,NM_006005.3:c.79C>G,NP_005996.2:p.Leu27Val,0.325,23.4,['Unknown%20significance'],14.98,0.07,0.0,1.4,1.4
WFS1,4,6277534,NM_006005.3:c.79C>T,NP_005996.2:p.Leu27Phe,0.338,23.8,['Unknown%20significance'],14.98,0.07,0.0,0.9,0.9
WFS1,4,6277538,NM_006005.3:c.83A>C,NP_005996.2:p.Asn28Thr,0.298,23.6,['Unknown%20significance'],4.53,0.02,0.0,0.3,0.3
WFS1,4,6277538,NM_006005.3:c.83A>G,NP_005996.2:p.Asn28Ser,0.254,23.2,['Unknown%20significance'],4.53,0.02,0.0,0.8,0.8
WFS1,4,6277539,NM_006005.3:c.84T>A,NP_005996.2:p.Asn28Lys,0.308,17.19,['Likely%20benign'],4.53,0.02,0.0,1.2,1.2
WFS1,4,6277540,NM_006005.3:c.85G>A,NP_005996.2:p.Ala29Thr,0.371,23.8,['Unknown%20significance'],38.7,0.3,0.0,0.6,0.6
WFS1,4,6277540,NM_006005.3:c.85G>C,NP_005996.2:p.Ala29Pro,0.418,22.9,['Unknown%20significance'],38.7,0.3,0.0,1.1,1.1
WFS1,4,6277540,NM_006005.3:c.85G>T,NP_005996.2:p.Ala29Ser,0.305,23.4,['Unknown%20significance'],38.7,0.3,0.0,0.8,0.8
WFS1,4,6277541,NM_006005.3:c.86C>A,NP_005996.2:p.Ala29Asp,0.488,23.0,['Unknown%20significance'],38.7,0.3,0.0,1.5,1.5
WFS1,4,6277541,NM_006005.3:c.86C>T,NP_005996.2:p.Ala29Val,0.444,21.7,['Unknown%20significance'],38.7,0.3,0.0,0.1,0.1
WFS1,4,6277543,NM_006005.3:c.88A>T,NP_005996.2:p.Thr30Ser,0.194,13.68,['Unknown%20significance'],83.13,0.52,0.0,0.3,0.3
WFS1,4,6277544,NM_006005.3:c.89C>A,NP_005996.2:p.Thr30Lys,0.536,18.10,['Unknown%20significance'],83.13,0.52,0.0,0.6,0.6
WFS1,4,6277544,NM_006005.3:c.89C>T,NP_005996.2:p.Thr30Ile,0.460,18.00,['Unknown%20significance'],83.13,0.52,0.0,-0.1,0.1
WFS1,4,6277546,NM_006005.3:c.91G>A,NP_005996.2:p.Ala31Thr,0.169,0.817,['Likely%20benign'],17.25,0.13,0.0,0.2,0.2
WFS1,4,6277546,NM_006005.3:c.91G>C,NP_005996.2:p.Ala31Pro,0.387,9.627,['Likely%20benign'],17.25,0.13,0.0,1.1,1.1
WFS1,4,6277546,NM_006005.3:c.91G>T,NP_005996.2:p.Ala31Ser,0.180,0.787,['Likely%20benign'],17.25,0.13,0.0,0.4,0.4
WFS1,4,6277547,NM_006005.3:c.92C>A,NP_005996.2:p.Ala31Asp,0.306,22.8,['Unknown%20significance'],17.25,0.13,0.0,1.3,1.3
WFS1,4,6277547,NM_006005.3:c.92C>G,NP_005996.2:p.Ala31Gly,0.284,20.4,['Unknown%20significance'],17.25,0.13,0.0,1.3,1.3
WFS1,4,6277547,NM_006005.3:c.92C>T,NP_005996.2:p.Ala31Val,0.256,20.7,['Unknown%20significance'],17.25,0.13,0.0,-0.2,0.2
WFS1,4,6277549,NM_006005.3:c.94T>C,NP_005996.2:p.Ser32Pro,0.475,23.6,['Unknown%20significance'],72.31,0.52,0.0,0.3,0.3
WFS1,4,6277550,NM_006005.3:c.95C>G,NP_005996.2:p.Ser32Trp,0.477,23.5,['Unknown%20significance'],72.31,0.52,0.0,-0.3,0.3
WFS1,4,6277550,NM_006005.3:c.95C>T,NP_005996.2:p.Ser32Leu,0.453,21.5,['Unknown%20significance'],72.31,0.52,0.0,-0.2,0.2
WFS1,4,6277552,NM_006005.3:c.97T>A,NP_005996.2:p.Leu33Met,0.276,0.149,['Likely%20benign'],123.64,0.64,0.0,-0.0,0.0
WFS1,4,6277554,NM_006005.3:c.99G>T,NP_005996.2:p.Leu33Phe,0.195,16.83,['Likely%20benign'],123.64,0.64,0.0,0.1,0.1
WFS1,4,6277555,NM_006005.3:c.100G>A,NP_005996.2:p.Glu34Lys,0.258,17.34,['Likely%20benign'],161.89,0.82,0.0,0.1,0.1
WFS1,4,6277556,NM_006005.3:c.101A>G,NP_005996.2:p.Glu34Gly,0.282,23.0,['Likely%20benign'],161.89,0.82,0.0,0.3,0.3
WFS1,4,6277557,NM_006005.3:c.102G>T,NP_005996.2:p.Glu34Asp,0.207,14.37,['Likely%20benign'],161.89,0.82,0.0,0.0,0.0
WFS1,4,6277558,NM_006005.3:c.103C>A,NP_005996.2:p.Gln35Lys,0.139,15.38,['Likely%20benign'],156.16,0.78,0.0,0.2,0.2
WFS1,4,6277558,NM_006005.3:c.103C>G,NP_005996.2:p.Gln35Glu,0.196,13.31,['Likely%20benign'],156.16,0.78,0.0,0.2,0.2
WFS1,4,6277559,NM_006005.3:c.104A>G,NP_005996.2:p.Gln35Arg,0.175,21.1,['Unknown%20significance'],156.16,0.78,0.0,-0.0,0.0
WFS1,4,6277559,NM_006005.3:c.104A>T,NP_005996.2:p.Gln35Leu,0.241,21.7,['Likely%20benign'],156.16,0.78,0.0,0.2,0.2
WFS1,4,6277560,NM_006005.3:c.105G>T,NP_005996.2:p.Gln35His,0.275,20.7,['Unknown%20significance'],156.16,0.78,0.0,0.0,0.0
WFS1,4,6277561,NM_006005.3:c.106G>A,NP_005996.2:p.Glu36Lys,0.273,21.1,['Likely%20benign'],87.47,0.44,0.0,0.1,0.1
WFS1,4,6277561,NM_006005.3:c.106G>C,NP_005996.2:p.Glu36Gln,0.248,18.94,['Likely%20benign'],87.47,0.44,0.0,-0.1,0.1
WFS1,4,6277563,NM_006005.3:c.108G>T,NP_005996.2:p.Glu36Asp,0.287,6.721,['Likely%20benign'],87.47,0.44,0.0,0.1,0.1
WFS1,4,6277564,NM_006005.3:c.109A>G,NP_005996.2:p.Arg37Gly,0.200,4.805,['Likely%20benign'],236.74,0.87,0.0,0.5,0.5
WFS1,4,6277565,NM_006005.3:c.110G>A,NP_005996.2:p.Arg37Lys,0.185,0.655,['Likely%20benign'],236.74,0.87,0.0,0.2,0.2
WFS1,4,6277565,NM_006005.3:c.110G>C,NP_005996.2:p.Arg37Thr,0.202,2.921,['Unknown%20significance'],236.74,0.87,0.0,0.2,0.2
WFS1,4,6277565,NM_006005.3:c.110G>T,NP_005996.2:p.Arg37Met,0.350,8.073,['Likely%20benign'],236.74,0.87,0.0,0.2,0.2
WFS1,4,6277566,NM_006005.3:c.111G>T,NP_005996.2:p.Arg37Ser,0.234,6.001,['Likely%20benign'],236.74,0.87,0.0,0.3,0.3
WFS1,4,6277567,NM_006005.3:c.112A>C,NP_005996.2:p.Ser38Arg,0.160,9.500,['Likely%20benign'],94.31,0.68,0.0,-0.2,0.2
WFS1,4,6277567,NM_006005.3:c.112A>G,NP_005996.2:p.Ser38Gly,0.101,10.03,['Likely%20benign'],94.31,0.68,0.0,0.4,0.4
WFS1,4,6277568,NM_006005.3:c.113G>A,NP_005996.2:p.Ser38Asn,0.137,9.717,['Unknown%20significance'],94.31,0.68,0.0,0.0,0.0
WFS1,4,6277568,NM_006005.3:c.113G>T,NP_005996.2:p.Ser38Ile,0.156,11.68,['Likely%20benign'],94.31,0.68,0.0,0.2,0.2
WFS1,4,6277569,NM_006005.3:c.114C>A,NP_005996.2:p.Ser38Arg,0.248,0.001,['Likely%20benign'],94.31,0.68,0.0,-0.2,0.2
WFS1,4,6277570,NM_006005.3:c.115G>A,NP_005996.2:p.Glu39Lys,0.173,12.46,['Unknown%20significance'],176.04,0.9,0.0,0.0,0.0
WFS1,4,6277571,NM_006005.3:c.116A>G,NP_005996.2:p.Glu39Gly,0.146,10.17,['Likely%20benign'],176.04,0.9,0.0,0.1,0.1
WFS1,4,6277573,NM_006005.3:c.118A>G,NP_005996.2:p.Arg40Gly,0.103,5.790,['Likely%20benign'],242.4,0.89,0.0,0.2,0.2
WFS1,4,6277573,NM_006005.3:c.118A>T,NP_005996.2:p.Arg40Trp,0.399,15.29,['Likely%20benign'],242.4,0.89,0.0,-0.0,0.0
WFS1,4,6277574,NM_006005.3:c.119G>A,NP_005996.2:p.Arg40Lys,0.192,0.154,['Likely%20benign'],242.4,0.89,0.0,0.1,0.1
WFS1,4,6277574,NM_006005.3:c.119G>C,NP_005996.2:p.Arg40Thr,0.187,0.431,['Likely%20benign'],242.4,0.89,0.0,0.0,0.0
WFS1,4,6277574,NM_006005.3:c.119G>T,NP_005996.2:p.Arg40Met,0.292,3.340,['Likely%20benign'],242.4,0.89,0.0,0.0,0.0
WFS1,4,6277575,NM_006005.3:c.120G>T,NP_005996.2:p.Arg40Ser,0.215,1.226,['Likely%20benign'],242.4,0.89,0.0,0.1,0.1
WFS1,4,6277576,NM_006005.3:c.121C>A,NP_005996.2:p.Pro41Thr,0.099,9.427,['Likely%20benign'],155.18,0.98,0.0,0.1,0.1
WFS1,4,6277576,NM_006005.3:c.121C>T,NP_005996.2:p.Pro41Ser,0.079,10.35,['Likely%20benign'],155.18,0.98,0.0,0.1,0.1
WFS1,4,6277577,NM_006005.3:c.122C>A,NP_005996.2:p.Pro41His,0.229,17.98,['Unknown%20significance'],155.18,0.98,0.0,0.1,0.1
WFS1,4,6277577,NM_006005.3:c.122C>T,NP_005996.2:p.Pro41Leu,0.146,14.80,['Unknown%20significance'],155.18,0.98,0.0,0.1,0.1
WFS1,4,6277579,NM_006005.3:c.124C>G,NP_005996.2:p.Arg42Gly,0.105,7.562,['Unknown%20significance'],257.3,0.95,0.0,0.1,0.1
WFS1,4,6277580,NM_006005.3:c.125G>A,NP_005996.2:p.Arg42Gln,0.126,0.259,['Unknown%20significance'],257.3,0.95,0.0,0.0,0.0
WFS1,4,6277580,NM_006005.3:c.125G>C,NP_005996.2:p.Arg42Pro,0.179,0.611,['Likely%20benign'],257.3,0.95,0.0,0.0,0.0
WFS1,4,6277580,NM_006005.3:c.125G>T,NP_005996.2:p.Arg42Leu,0.150,1.342,['Unknown%20significance'],257.3,0.95,0.0,-0.0,0.0
WFS1,4,6277582,NM_006005.3:c.127G>A,NP_005996.2:p.Ala43Thr,0.124,12.22,['Unknown%20significance'],107.19,0.84,0.0,0.0,0.0
WFS1,4,6277582,NM_006005.3:c.127G>T,NP_005996.2:p.Ala43Ser,0.158,10.96,['Likely%20benign'],107.19,0.84,0.0,0.1,0.1
WFS1,4,6277583,NM_006005.3:c.128C>A,NP_005996.2:p.Ala43Glu,0.180,10.72,['Likely%20benign'],107.19,0.84,0.0,0.1,0.1
WFS1,4,6277583,NM_006005.3:c.128C>T,NP_005996.2:p.Ala43Val,0.141,15.66,['Unknown%20significance'],107.19,0.84,0.0,-0.0,0.0
WFS1,4,6277585,NM_006005.3:c.130C>A,NP_005996.2:p.Pro44Thr,0.165,0.769,['Unknown%20significance'],149.74,0.95,0.0,0.0,0.0
WFS1,4,6277585,NM_006005.3:c.130C>T,NP_005996.2:p.Pro44Ser,0.127,0.648,['Unknown%20significance'],149.74,0.95,0.0,0.1,0.1
WFS1,4,6277586,NM_006005.3:c.131C>A,NP_005996.2:p.Pro44His,0.184,11.40,['Unknown%20significance'],149.74,0.95,0.0,0.0,0.0
WFS1,4,6277586,NM_006005.3:c.131C>T,NP_005996.2:p.Pro44Leu,0.177,15.92,['Unknown%20significance'],149.74,0.95,0.0,0.0,0.0
WFS1,4,6277588,NM_006005.3:c.133G>A,NP_005996.2:p.Gly45Arg,0.118,13.85,['Unknown%20significance'],67.73,0.71,0.0,0.1,0.1
WFS1,4,6277589,NM_006005.3:c.134G>A,NP_005996.2:p.Gly45Glu,0.178,18.83,['Unknown%20significance'],67.73,0.71,0.0,0.3,0.3
WFS1,4,6277589,NM_006005.3:c.134G>T,NP_005996.2:p.Gly45Val,0.221,19.42,['Unknown%20significance'],67.73,0.71,0.0,0.2,0.2
WFS1,4,6277591,NM_006005.3:c.136C>T,NP_005996.2:p.Pro46Ser,0.219,9.271,['Unknown%20significance'],156.12,0.99,0.0,0.1,0.1
WFS1,4,6277592,NM_006005.3:c.137C>A,NP_005996.2:p.Pro46His,0.232,22.7,['Unknown%20significance'],156.12,0.99,0.0,0.1,0.1
WFS1,4,6277594,NM_006005.3:c.139C>A,NP_005996.2:p.Gln47Lys,0.158,13.13,['Likely%20benign'],200.06,1.0,0.0,0.0,0.0
WFS1,4,6277595,NM_006005.3:c.140A>G,NP_005996.2:p.Gln47Arg,0.134,10.41,['Unknown%20significance'],200.06,1.0,0.0,-0.1,0.1
WFS1,4,6277595,NM_006005.3:c.140A>T,NP_005996.2:p.Gln47Leu,0.192,13.94,['Likely%20benign'],200.06,1.0,0.0,-0.0,0.0
WFS1,4,6277596,NM_006005.3:c.141G>C,NP_005996.2:p.Gln47His,0.253,8.333,['Likely%20benign'],200.06,1.0,0.0,-0.0,0.0
WFS1,4,6277596,NM_006005.3:c.141G>T,NP_005996.2:p.Gln47His,0.253,8.322,['Likely%20benign'],200.06,1.0,0.0,-0.0,0.0
WFS1,4,6277597,NM_006005.3:c.142G>A,NP_005996.2:p.Ala48Thr,0.150,7.482,['Likely%20benign'],117.45,0.92,0.0,-0.0,0.0
WFS1,4,6277597,NM_006005.3:c.142G>T,NP_005996.2:p.Ala48Ser,0.146,3.440,['Likely%20benign'],117.45,0.92,0.0,0.0,0.0
WFS1,4,6277598,NM_006005.3:c.143C>A,NP_005996.2:p.Ala48Asp,0.201,6.148,['Likely%20benign'],117.45,0.92,0.0,0.1,0.1
WFS1,4,6277598,NM_006005.3:c.143C>T,NP_005996.2:p.Ala48Val,0.150,1.953,['Unknown%20significance'],117.45,0.92,0.0,-0.1,0.1
WFS1,4,6277600,NM_006005.3:c.145G>T,NP_005996.2:p.Gly49Cys,0.317,19.78,['Likely%20benign'],66.67,0.69,0.0,0.1,0.1
WFS1,4,6277601,NM_006005.3:c.146G>A,NP_005996.2:p.Gly49Asp,0.098,9.394,['Likely%20benign'],66.67,0.69,0.0,0.2,0.2
WFS1,4,6277601,NM_006005.3:c.146G>T,NP_005996.2:p.Gly49Val,0.221,15.17,['Likely%20benign'],66.67,0.69,0.0,-0.1,0.1
WFS1,4,6277603,NM_006005.3:c.148C>A,NP_005996.2:p.Pro50Thr,0.164,10.07,['Likely%20benign'],169.26,1.0,0.0,0.1,0.1
WFS1,4,6277604,NM_006005.3:c.149C>A,NP_005996.2:p.Pro50His,0.268,20.5,['Unknown%20significance'],169.26,1.0,0.0,0.1,0.1
WFS1,4,6277604,NM_006005.3:c.149C>G,NP_005996.2:p.Pro50Arg,0.295,19.70,['Likely%20benign'],169.26,1.0,0.0,0.1,0.1
WFS1,4,6277604,NM_006005.3:c.149C>T,NP_005996.2:p.Pro50Leu,0.255,20.5,['Likely%20benign'],169.26,1.0,0.0,0.1,0.1
WFS1,4,6277606,NM_006005.3:c.151G>T,NP_005996.2:p.Gly51Cys,0.394,22.2,['Unknown%20significance'],63.52,0.66,0.0,0.2,0.2
WFS1,4,6277607,NM_006005.3:c.152G>A,NP_005996.2:p.Gly51Asp,0.459,18.84,['Unknown%20significance'],63.52,0.66,0.0,0.3,0.3
WFS1,4,6277607,NM_006005.3:c.152G>T,NP_005996.2:p.Gly51Val,0.449,19.20,['Unknown%20significance'],63.52,0.66,0.0,0.1,0.1
WFS1,4,6277609,NM_006005.3:c.154C>A,NP_005996.2:p.Pro52Thr,0.069,5.112,['Unknown%20significance'],156.72,0.99,0.0,0.0,0.0
WFS1,4,6277609,NM_006005.3:c.154C>G,NP_005996.2:p.Pro52Ala,0.102,1.586,['Unknown%20significance'],156.72,0.99,0.0,0.0,0.0
WFS1,4,6277609,NM_006005.3:c.154C>T,NP_005996.2:p.Pro52Ser,0.104,4.031,['Unknown%20significance'],156.72,0.99,0.0,0.0,0.0
WFS1,4,6277610,NM_006005.3:c.155C>A,NP_005996.2:p.Pro52His,0.196,8.078,['Likely%20benign'],156.72,0.99,0.0,0.0,0.0
WFS1,4,6277610,NM_006005.3:c.155C>T,NP_005996.2:p.Pro52Leu,0.120,8.203,['Likely%20benign'],156.72,0.99,0.0,-0.0,0.0
WFS1,4,6277612,NM_006005.3:c.157G>A,NP_005996.2:p.Gly53Ser,0.203,4.266,['Likely%20benign'],67.76,0.71,0.0,-0.3,0.3
WFS1,4,6277612,NM_006005.3:c.157G>C,NP_005996.2:p.Gly53Arg,0.183,4.269,['Unknown%20significance'],67.76,0.71,0.0,-0.3,0.3
WFS1,4,6277612,NM_006005.3:c.157G>T,NP_005996.2:p.Gly53Cys,0.342,13.84,['Likely%20benign'],67.76,0.71,0.0,-0.0,0.0
WFS1,4,6277613,NM_006005.3:c.158G>A,NP_005996.2:p.Gly53Asp,0.186,3.800,['Likely%20benign'],67.76,0.71,0.0,-0.2,0.2
WFS1,4,6277613,NM_006005.3:c.158G>C,NP_005996.2:p.Gly53Ala,0.164,4.551,['Unknown%20significance'],67.76,0.71,0.0,-0.1,0.1
WFS1,4,6277613,NM_006005.3:c.158G>T,NP_005996.2:p.Gly53Val,0.186,8.280,['Unknown%20significance'],67.76,0.71,0.0,-0.2,0.2
WFS1,4,6277615,NM_006005.3:c.160G>A,NP_005996.2:p.Val54Ile,0.065,8.409,['Likely%20benign'],143.32,0.83,0.0,0.0,0.0
WFS1,4,6277615,NM_006005.3:c.160G>T,NP_005996.2:p.Val54Phe,0.151,10.42,['Likely%20benign'],143.32,0.83,0.0,0.0,0.0
WFS1,4,6277616,NM_006005.3:c.161T>C,NP_005996.2:p.Val54Ala,0.181,0.188,['Likely%20benign'],143.32,0.83,0.0,0.1,0.1
WFS1,4,6277619,NM_006005.3:c.164G>A,NP_005996.2:p.Arg55Lys,0.115,6.923,['Unknown%20significance'],247.36,0.91,0.0,0.1,0.1
WFS1,4,6277619,NM_006005.3:c.164G>C,NP_005996.2:p.Arg55Thr,0.125,8.876,['Likely%20benign'],247.36,0.91,0.0,0.1,0.1
WFS1,4,6277619,NM_006005.3:c.164G>T,NP_005996.2:p.Arg55Ile,0.159,13.13,['Likely%20benign'],247.36,0.91,0.0,0.0,0.0
WFS1,4,6277621,NM_006005.3:c.166G>A,NP_005996.2:p.Asp56Asn,0.156,15.51,['Unknown%20significance'],141.34,0.88,0.0,-0.0,0.0
WFS1,4,6277621,NM_006005.3:c.166G>T,NP_005996.2:p.Asp56Tyr,0.258,20.0,['Unknown%20significance'],141.34,0.88,0.0,-0.2,0.2
WFS1,4,6277623,NM_006005.3:c.168C>A,NP_005996.2:p.Asp56Glu,0.233,0.001,['Likely%20benign'],141.34,0.88,0.0,0.0,0.0
WFS1,4,6277623,NM_006005.3:c.168C>G,NP_005996.2:p.Asp56Glu,0.233,0.001,['Likely%20benign'],141.34,0.88,0.0,0.0,0.0
WFS1,4,6277624,NM_006005.3:c.169G>A,NP_005996.2:p.Ala57Thr,0.164,0.002,['Unknown%20significance'],105.84,0.83,0.0,0.1,0.1
WFS1,4,6277624,NM_006005.3:c.169G>T,NP_005996.2:p.Ala57Ser,0.187,0.001,['Unknown%20significance'],105.84,0.83,0.0,0.1,0.1
WFS1,4,6277625,NM_006005.3:c.170C>T,NP_005996.2:p.Ala57Val,0.157,12.28,['Likely%20benign'],105.84,0.83,0.0,0.0,0.0
WFS1,4,6277627,NM_006005.3:c.172G>A,NP_005996.2:p.Ala58Thr,0.232,4.985,['Unknown%20significance'],117.77,0.92,0.0,0.0,0.0
WFS1,4,6277627,NM_006005.3:c.172G>T,NP_005996.2:p.Ala58Ser,0.233,2.200,['Likely%20benign'],117.77,0.92,0.0,0.0,0.0
WFS1,4,6277628,NM_006005.3:c.173C>A,NP_005996.2:p.Ala58Glu,0.309,8.386,['Pathogenic'],117.77,0.92,0.0,0.1,0.1
WFS1,4,6277628,NM_006005.3:c.173C>T,NP_005996.2:p.Ala58Val,0.543,13.98,['Unknown%20significance'],117.77,0.92,0.0,-0.0,0.0
WFS1,4,6277630,NM_006005.3:c.175G>A,NP_005996.2:p.Ala59Thr,0.146,4.842,['Likely%20benign'],102.41,0.8,0.0,-0.0,0.0
WFS1,4,6277630,NM_006005.3:c.175G>T,NP_005996.2:p.Ala59Ser,0.098,3.391,['Unknown%20significance'],102.41,0.8,0.0,0.1,0.1
WFS1,4,6277631,NM_006005.3:c.176C>A,NP_005996.2:p.Ala59Asp,0.232,15.67,['Unknown%20significance'],102.41,0.8,0.0,0.3,0.3
WFS1,4,6277631,NM_006005.3:c.176C>T,NP_005996.2:p.Ala59Val,0.205,15.48,['Unknown%20significance'],102.41,0.8,0.0,-0.1,0.1
WFS1,4,6277633,NM_006005.3:c.178C>A,NP_005996.2:p.Pro60Thr,0.160,2.819,['Likely%20benign'],151.49,0.96,0.0,0.2,0.2
WFS1,4,6277633,NM_006005.3:c.178C>G,NP_005996.2:p.Pro60Ala,0.158,1.006,['Likely%20benign'],151.49,0.96,0.0,0.2,0.2
WFS1,4,6277633,NM_006005.3:c.178C>T,NP_005996.2:p.Pro60Ser,0.132,3.155,['Likely%20benign'],151.49,0.96,0.0,0.2,0.2
WFS1,4,6277634,NM_006005.3:c.179C>A,NP_005996.2:p.Pro60His,0.262,13.20,['Unknown%20significance'],151.49,0.96,0.0,0.2,0.2
WFS1,4,6277634,NM_006005.3:c.179C>T,NP_005996.2:p.Pro60Leu,0.137,7.089,['Likely%20benign'],151.49,0.96,0.0,0.1,0.1
WFS1,4,6277636,NM_006005.3:c.181G>A,NP_005996.2:p.Ala61Thr,0.113,7.710,['Unknown%20significance'],100.52,0.79,0.0,0.1,0.1
WFS1,4,6277636,NM_006005.3:c.181G>T,NP_005996.2:p.Ala61Ser,0.055,5.249,['Likely%20benign'],100.52,0.79,0.0,0.1,0.1
WFS1,4,6277637,NM_006005.3:c.182C>A,NP_005996.2:p.Ala61Asp,0.237,15.50,['Likely%20benign'],100.52,0.79,0.0,0.4,0.4
WFS1,4,6277637,NM_006005.3:c.182C>T,NP_005996.2:p.Ala61Val,0.191,15.37,['Likely%20benign'],100.52,0.79,0.0,-0.1,0.1
WFS1,4,6277639,NM_006005.3:c.184G>A,NP_005996.2:p.Glu62Lys,0.150,0.353,['Likely%20benign'],169.8,0.86,0.0,0.0,0.0
WFS1,4,6277642,NM_006005.3:c.187C>T,NP_005996.2:p.Pro63Ser,0.108,6.875,['Likely%20benign'],149.3,0.94,0.0,0.1,0.1
WFS1,4,6277643,NM_006005.3:c.188C>A,NP_005996.2:p.Pro63His,0.287,18.25,['Unknown%20significance'],149.3,0.94,0.0,0.1,0.1
WFS1,4,6277643,NM_006005.3:c.188C>T,NP_005996.2:p.Pro63Leu,0.131,14.74,['Likely%20benign'],149.3,0.94,0.0,0.0,0.0
WFS1,4,6277645,NM_006005.3:c.190C>A,NP_005996.2:p.Gln64Lys,0.153,2.422,['Likely%20benign'],158.1,0.79,0.0,0.2,0.2
WFS1,4,6277646,NM_006005.3:c.191A>G,NP_005996.2:p.Gln64Arg,0.179,0.027,['Likely%20benign'],158.1,0.79,0.0,-0.0,0.0
WFS1,4,6277646,NM_006005.3:c.191A>T,NP_005996.2:p.Gln64Leu,0.181,0.288,['Likely%20benign'],158.1,0.79,0.0,-0.1,0.1
WFS1,4,6277647,NM_006005.3:c.192G>T,NP_005996.2:p.Gln64His,0.271,4.314,['Likely%20benign'],158.1,0.79,0.0,-0.0,0.0
WFS1,4,6277648,NM_006005.3:c.193G>A,NP_005996.2:p.Ala65Thr,0.072,5.695,['Likely%20benign'],119.42,0.93,0.0,-0.0,0.0
WFS1,4,6277648,NM_006005.3:c.193G>C,NP_005996.2:p.Ala65Pro,0.162,7.368,['Likely%20benign'],119.42,0.93,0.0,0.1,0.1
WFS1,4,6277648,NM_006005.3:c.193G>T,NP_005996.2:p.Ala65Ser,0.085,1.577,['Likely%20benign'],119.42,0.93,0.0,0.0,0.0
WFS1,4,6277649,NM_006005.3:c.194C>A,NP_005996.2:p.Ala65Asp,0.142,2.929,['Likely%20benign'],119.42,0.93,0.0,0.1,0.1
WFS1,4,6277649,NM_006005.3:c.194C>T,NP_005996.2:p.Ala65Val,0.110,3.903,['Likely%20benign'],119.42,0.93,0.0,-0.0,0.0
WFS1,4,6277651,NM_006005.3:c.196C>A,NP_005996.2:p.Gln66Lys,0.150,0.540,['Likely%20benign'],166.97,0.84,0.0,0.2,0.2
WFS1,4,6277652,NM_006005.3:c.197A>C,NP_005996.2:p.Gln66Pro,0.230,5.452,['Likely%20benign'],166.97,0.84,0.0,0.0,0.0
WFS1,4,6277652,NM_006005.3:c.197A>G,NP_005996.2:p.Gln66Arg,0.198,3.264,['Likely%20benign'],166.97,0.84,0.0,-0.0,0.0
WFS1,4,6277653,NM_006005.3:c.198G>T,NP_005996.2:p.Gln66His,0.243,2.679,['Likely%20benign'],166.97,0.84,0.0,-0.0,0.0
WFS1,4,6277654,NM_006005.3:c.199C>A,NP_005996.2:p.His67Asn,0.158,4.640,['Likely%20benign'],182.3,0.88,0.0,0.1,0.1
WFS1,4,6277654,NM_006005.3:c.199C>G,NP_005996.2:p.His67Asp,0.190,5.732,['Likely%20benign'],182.3,0.88,0.0,0.2,0.2
WFS1,4,6277654,NM_006005.3:c.199C>T,NP_005996.2:p.His67Tyr,0.182,5.663,['Likely%20benign'],182.3,0.88,0.0,-0.1,0.1
WFS1,4,6277655,NM_006005.3:c.200A>C,NP_005996.2:p.His67Pro,0.230,2.447,['Unknown%20significance'],182.3,0.88,0.0,0.2,0.2
WFS1,4,6277655,NM_006005.3:c.200A>G,NP_005996.2:p.His67Arg,0.221,0.134,['Likely%20benign'],182.3,0.88,0.0,-0.0,0.0
WFS1,4,6277657,NM_006005.3:c.202A>G,NP_005996.2:p.Thr68Ala,0.196,0.032,['Likely%20benign'],125.94,0.8,0.0,0.1,0.1
WFS1,4,6277658,NM_006005.3:c.203C>A,NP_005996.2:p.Thr68Asn,0.139,10.20,['Likely%20benign'],125.94,0.8,0.0,0.2,0.2
WFS1,4,6277658,NM_006005.3:c.203C>T,NP_005996.2:p.Thr68Ile,0.122,13.90,['Unknown%20significance'],125.94,0.8,0.0,-0.0,0.0
WFS1,4,6277660,NM_006005.3:c.205A>G,NP_005996.2:p.Arg69Gly,0.254,12.66,['Likely%20benign'],225.16,0.83,0.0,0.3,0.3
WFS1,4,6277660,NM_006005.3:c.205A>T,NP_005996.2:p.Arg69Trp,0.347,19.37,['Likely%20benign'],225.16,0.83,0.0,-0.0,0.0
WFS1,4,6277661,NM_006005.3:c.206G>A,NP_005996.2:p.Arg69Lys,0.154,10.52,['Likely%20benign'],225.16,0.83,0.0,0.2,0.2
WFS1,4,6277661,NM_006005.3:c.206G>T,NP_005996.2:p.Arg69Met,0.272,17.06,['Unknown%20significance'],225.16,0.83,0.0,0.1,0.1
WFS1,4,6277662,NM_006005.3:c.207G>T,NP_005996.2:p.Arg69Ser,0.212,14.09,['Likely%20benign'],225.16,0.83,0.0,0.2,0.2
WFS1,4,6277663,NM_006005.3:c.208A>T,NP_005996.2:p.Ser70Cys,0.266,22.4,['Unknown%20significance'],89.43,0.64,0.0,0.4,0.4
WFS1,4,6277664,NM_006005.3:c.209G>A,NP_005996.2:p.Ser70Asn,0.132,13.48,['Likely%20benign'],89.43,0.64,0.0,0.2,0.2
WFS1,4,6277664,NM_006005.3:c.209G>T,NP_005996.2:p.Ser70Ile,0.288,18.62,['Unknown%20significance'],89.43,0.64,0.0,0.2,0.2
WFS1,4,6277665,NM_006005.3:c.210C>A,NP_005996.2:p.Ser70Arg,0.151,15.82,['Likely%20benign'],89.43,0.64,0.0,-0.0,0.0
WFS1,4,6277666,NM_006005.3:c.211C>T,NP_005996.2:p.Arg71Trp,0.221,18.87,['Unknown%20significance'],218.07,0.8,0.0,0.1,0.1
WFS1,4,6277667,NM_006005.3:c.212G>A,NP_005996.2:p.Arg71Gln,0.116,3.600,['Unknown%20significance'],218.07,0.8,0.0,0.1,0.1
WFS1,4,6277667,NM_006005.3:c.212G>C,NP_005996.2:p.Arg71Pro,0.277,6.633,['Likely%20benign'],218.07,0.8,0.0,0.2,0.2
WFS1,4,6277667,NM_006005.3:c.212G>T,NP_005996.2:p.Arg71Leu,0.101,6.479,['Likely%20benign'],218.07,0.8,0.0,0.2,0.2
WFS1,4,6277669,NM_006005.3:c.214G>A,NP_005996.2:p.Glu72Lys,0.282,16.54,['Unknown%20significance'],162.68,0.83,0.0,0.2,0.2
WFS1,4,6277670,NM_006005.3:c.215A>G,NP_005996.2:p.Glu72Gly,0.267,18.80,['Unknown%20significance'],162.68,0.83,0.0,0.3,0.3
WFS1,4,6277672,NM_006005.3:c.217A>G,NP_005996.2:p.Arg73Gly,0.191,3.845,['Likely%20benign'],228.99,0.84,0.0,0.6,0.6
WFS1,4,6277673,NM_006005.3:c.218G>A,NP_005996.2:p.Arg73Lys,0.177,7.121,['Likely%20benign'],228.99,0.84,0.0,0.2,0.2
WFS1,4,6277673,NM_006005.3:c.218G>T,NP_005996.2:p.Arg73Ile,0.249,14.04,['Unknown%20significance'],228.99,0.84,0.0,0.3,0.3
WFS1,4,6277675,NM_006005.3:c.220G>A,NP_005996.2:p.Ala74Thr,0.171,4.893,['Unknown%20significance'],94.47,0.74,0.0,-0.1,0.1
WFS1,4,6277675,NM_006005.3:c.220G>T,NP_005996.2:p.Ala74Ser,0.117,2.881,['Likely%20benign'],94.47,0.74,0.0,0.0,0.0
WFS1,4,6277676,NM_006005.3:c.221C>A,NP_005996.2:p.Ala74Glu,0.222,0.077,['Likely%20benign'],94.47,0.74,0.0,0.1,0.1
WFS1,4,6277676,NM_006005.3:c.221C>T,NP_005996.2:p.Ala74Val,0.243,0.713,['Likely%20benign'],94.47,0.74,0.0,-0.4,0.4
WFS1,4,6277678,NM_006005.3:c.223G>A,NP_005996.2:p.Asp75Asn,0.185,12.30,['Likely%20benign'],93.52,0.58,0.0,0.2,0.2
WFS1,4,6277678,NM_006005.3:c.223G>C,NP_005996.2:p.Asp75His,0.219,13.27,['Unknown%20significance'],93.52,0.58,0.0,0.3,0.3
WFS1,4,6277678,NM_006005.3:c.223G>T,NP_005996.2:p.Asp75Tyr,0.222,16.98,['Unknown%20significance'],93.52,0.58,0.0,0.0,0.0
WFS1,4,6277679,NM_006005.3:c.224A>C,NP_005996.2:p.Asp75Ala,0.243,1.015,['Likely%20benign'],93.52,0.58,0.0,0.6,0.6
WFS1,4,6277680,NM_006005.3:c.225C>A,NP_005996.2:p.Asp75Glu,0.253,0.003,['Likely%20benign'],93.52,0.58,0.0,0.1,0.1
WFS1,4,6277681,NM_006005.3:c.226G>A,NP_005996.2:p.Gly76Ser,0.200,0.023,['Unknown%20significance'],99.73,1.0,0.0,-0.1,0.1
WFS1,4,6277681,NM_006005.3:c.226G>C,NP_005996.2:p.Gly76Arg,0.208,0.027,['Likely%20benign'],99.73,1.0,0.0,-0.2,0.2
WFS1,4,6277681,NM_006005.3:c.226G>T,NP_005996.2:p.Gly76Cys,0.407,6.058,['Likely%20benign'],99.73,1.0,0.0,-0.0,0.0
WFS1,4,6277682,NM_006005.3:c.227G>A,NP_005996.2:p.Gly76Asp,0.275,2.276,['Likely%20benign'],99.73,1.0,0.0,-0.0,0.0
WFS1,4,6277682,NM_006005.3:c.227G>C,NP_005996.2:p.Gly76Ala,0.178,0.781,['Likely%20benign'],99.73,1.0,0.0,-0.0,0.0
WFS1,4,6277682,NM_006005.3:c.227G>T,NP_005996.2:p.Gly76Val,0.181,4.420,['Benign'],99.73,1.0,0.0,-0.1,0.1
WFS1,4,6277684,NM_006005.3:c.229A>C,NP_005996.2:p.Thr77Pro,0.224,3.369,['Likely%20benign'],129.97,0.82,0.0,0.2,0.2
WFS1,4,6277685,NM_006005.3:c.230C>A,NP_005996.2:p.Thr77Asn,0.203,9.222,['Likely%20benign'],129.97,0.82,0.0,0.0,0.0
WFS1,4,6277685,NM_006005.3:c.230C>G,NP_005996.2:p.Thr77Ser,0.215,9.529,['Unknown%20significance'],129.97,0.82,0.0,0.1,0.1
WFS1,4,6277685,NM_006005.3:c.230C>T,NP_005996.2:p.Thr77Ile,0.160,13.71,['Likely%20benign'],129.97,0.82,0.0,0.1,0.1
WFS1,4,6277687,NM_006005.3:c.232G>A,NP_005996.2:p.Gly78Arg,0.294,27.3,['Unknown%20significance'],45.92,0.48,0.0,-0.6,0.6
WFS1,4,6277687,NM_006005.3:c.232G>T,NP_005996.2:p.Gly78Trp,0.387,33,['Unknown%20significance'],45.92,0.48,0.0,-0.8,0.8
WFS1,4,6287093,NM_006005.3:c.233G>A,NP_005996.2:p.Gly78Glu,0.109,16.56,['Likely%20benign'],45.92,0.48,0.0,-0.4,0.4
WFS1,4,6287095,NM_006005.3:c.235C>A,NP_005996.2:p.Pro79Thr,0.209,14.99,['Likely%20benign'],168.28,1.0,0.0,-0.0,0.0
WFS1,4,6287095,NM_006005.3:c.235C>G,NP_005996.2:p.Pro79Ala,0.253,9.602,['Likely%20benign'],168.28,1.0,0.0,-0.0,0.0
WFS1,4,6287096,NM_006005.3:c.236C>A,NP_005996.2:p.Pro79His,0.216,15.46,['Likely%20benign'],168.28,1.0,0.0,-0.1,0.1
WFS1,4,6287096,NM_006005.3:c.236C>T,NP_005996.2:p.Pro79Leu,0.187,12.67,['Likely%20benign'],168.28,1.0,0.0,-0.1,0.1
WFS1,4,6287098,NM_006005.3:c.238A>G,NP_005996.2:p.Thr80Ala,0.201,0.015,['Likely%20benign'],119.83,0.76,0.0,0.2,0.2
WFS1,4,6287098,NM_006005.3:c.238A>T,NP_005996.2:p.Thr80Ser,0.199,0.007,['Likely%20benign'],119.83,0.76,0.0,0.1,0.1
WFS1,4,6287099,NM_006005.3:c.239C>A,NP_005996.2:p.Thr80Lys,0.269,0.476,['Likely%20benign'],119.83,0.76,0.0,0.2,0.2
WFS1,4,6287099,NM_006005.3:c.239C>T,NP_005996.2:p.Thr80Ile,0.202,3.404,['Unknown%20significance'],119.83,0.76,0.0,-0.1,0.1
WFS1,4,6287102,NM_006005.3:c.242A>G,NP_005996.2:p.Lys81Arg,0.160,0.735,['Likely%20benign'],218.24,0.92,0.0,-0.1,0.1
WFS1,4,6287102,NM_006005.3:c.242A>T,NP_005996.2:p.Lys81Met,0.276,14.47,['Likely%20benign'],218.24,0.92,0.0,-0.0,0.0
WFS1,4,6287103,NM_006005.3:c.243G>T,NP_005996.2:p.Lys81Asn,0.278,12.26,['Likely%20benign'],218.24,0.92,0.0,0.0,0.0
WFS1,4,6287104,NM_006005.3:c.244G>A,NP_005996.2:p.Gly82Arg,0.082,9.679,['Likely%20benign'],72.37,0.75,0.0,-0.2,0.2
WFS1,4,6287104,NM_006005.3:c.244G>C,NP_005996.2:p.Gly82Arg,0.082,9.310,['Likely%20benign'],72.37,0.75,0.0,-0.2,0.2
WFS1,4,6287105,NM_006005.3:c.245G>A,NP_005996.2:p.Gly82Glu,0.113,6.693,['Likely%20benign'],72.37,0.75,0.0,-0.0,0.0
WFS1,4,6287107,NM_006005.3:c.247G>A,NP_005996.2:p.Asp83Asn,0.217,17.89,['Likely%20benign'],141.06,0.88,0.0,0.0,0.0
WFS1,4,6287107,NM_006005.3:c.247G>T,NP_005996.2:p.Asp83Tyr,0.405,23.3,['Unknown%20significance'],141.06,0.88,0.0,0.0,0.0
WFS1,4,6287108,NM_006005.3:c.248A>G,NP_005996.2:p.Asp83Gly,0.148,17.76,['Likely%20benign'],141.06,0.88,0.0,0.3,0.3
WFS1,4,6287109,NM_006005.3:c.249C>A,NP_005996.2:p.Asp83Glu,0.162,0.004,['Likely%20benign'],141.06,0.88,0.0,0.1,0.1
WFS1,4,6287110,NM_006005.3:c.250A>C,NP_005996.2:p.Met84Leu,0.197,0.056,['Likely%20benign'],205.57,0.94,0.0,0.0,0.0
WFS1,4,6287110,NM_006005.3:c.250A>G,NP_005996.2:p.Met84Val,0.248,0.019,['Likely%20benign'],205.57,0.94,0.0,0.0,0.0
WFS1,4,6287111,NM_006005.3:c.251T>C,NP_005996.2:p.Met84Thr,0.152,4.796,['Likely%20benign'],205.57,0.94,0.0,0.0,0.0
WFS1,4,6287111,NM_006005.3:c.251T>G,NP_005996.2:p.Met84Arg,0.170,9.711,['Likely%20benign'],205.57,0.94,0.0,0.0,0.0
WFS1,4,6287112,NM_006005.3:c.252G>A,NP_005996.2:p.Met84Ile,0.147,13.62,['Likely%20benign'],205.57,0.94,0.0,0.0,0.0
WFS1,4,6287112,NM_006005.3:c.252G>T,NP_005996.2:p.Met84Ile,0.147,12.01,['Likely%20benign'],205.57,0.94,0.0,0.0,0.0
WFS1,4,6287113,NM_006005.3:c.253G>A,NP_005996.2:p.Glu85Lys,0.308,21.9,['Unknown%20significance'],177.37,0.9,0.0,0.0,0.0
WFS1,4,6287114,NM_006005.3:c.254A>C,NP_005996.2:p.Glu85Ala,0.262,15.37,['Unknown%20significance'],177.37,0.9,0.0,-0.0,0.0
WFS1,4,6287115,NM_006005.3:c.255A>T,NP_005996.2:p.Glu85Asp,0.132,0.164,['Unknown%20significance'],177.37,0.9,0.0,0.0,0.0
WFS1,4,6287116,NM_006005.3:c.256A>G,NP_005996.2:p.Ile86Val,0.143,0.260,['Likely%20benign'],101.54,0.51,0.0,0.0,0.0
WFS1,4,6287117,NM_006005.3:c.257T>C,NP_005996.2:p.Ile86Thr,0.151,6.055,['Likely%20benign'],101.54,0.51,0.0,0.5,0.5
WFS1,4,6287119,NM_006005.3:c.259C>A,NP_005996.2:p.Pro87Thr,0.148,6.998,['Likely%20benign'],95.57,0.6,0.0,-0.3,0.3
WFS1,4,6287119,NM_006005.3:c.259C>T,NP_005996.2:p.Pro87Ser,0.119,7.511,['Unknown%20significance'],95.57,0.6,0.0,-0.2,0.2
WFS1,4,6287120,NM_006005.3:c.260C>A,NP_005996.2:p.Pro87His,0.353,22.7,['Unknown%20significance'],95.57,0.6,0.0,-0.2,0.2
WFS1,4,6287120,NM_006005.3:c.260C>T,NP_005996.2:p.Pro87Leu,0.263,16.06,['Unknown%20significance'],95.57,0.6,0.0,-0.5,0.5
WFS1,4,6287122,NM_006005.3:c.262T>A,NP_005996.2:p.Phe88Ile,0.551,21.8,['Unknown%20significance'],57.09,0.24,0.0,0.1,0.1
WFS1,4,6287127,NM_006005.3:c.267A>T,NP_005996.2:p.Glu89Asp,0.261,14.34,['Likely%20benign'],142.93,0.73,0.0,0.1,0.1
WFS1,4,6287128,NM_006005.3:c.268G>A,NP_005996.2:p.Glu90Lys,0.405,23.0,['Unknown%20significance'],96.06,0.49,0.0,0.2,0.2
WFS1,4,6287128,NM_006005.3:c.268G>C,NP_005996.2:p.Glu90Gln,0.216,22.2,['Unknown%20significance'],96.06,0.49,0.0,-0.3,0.3
WFS1,4,6287129,NM_006005.3:c.269A>C,NP_005996.2:p.Glu90Ala,0.483,24.0,['Unknown%20significance'],96.06,0.49,0.0,-0.2,0.2
WFS1,4,6287129,NM_006005.3:c.269A>G,NP_005996.2:p.Glu90Gly,0.495,24.1,['Unknown%20significance'],96.06,0.49,0.0,0.4,0.4
WFS1,4,6287130,NM_006005.3:c.270A>C,NP_005996.2:p.Glu90Asp,0.154,4.633,['Likely%20benign'],96.06,0.49,0.0,0.2,0.2
WFS1,4,6287131,NM_006005.3:c.271G>A,NP_005996.2:p.Val91Ile,0.135,7.112,['Unknown%20significance'],12.32,0.07,0.0,-0.3,0.3
WFS1,4,6287131,NM_006005.3:c.271G>T,NP_005996.2:p.Val91Phe,0.424,14.40,['Likely%20benign'],12.32,0.07,0.0,-0.9,0.9
WFS1,4,6287132,NM_006005.3:c.272T>C,NP_005996.2:p.Val91Ala,0.297,23.1,['Unknown%20significance'],12.32,0.07,0.0,1.5,1.5
WFS1,4,6287134,NM_006005.3:c.274C>A,NP_005996.2:p.Leu92Met,0.316,21.4,['Unknown%20significance'],29.51,0.15,0.0,0.4,0.4
WFS1,4,6287135,NM_006005.3:c.275T>A,NP_005996.2:p.Leu92Gln,0.369,21.3,['Unknown%20significance'],29.51,0.15,0.0,1.1,1.1
WFS1,4,6287135,NM_006005.3:c.275T>C,NP_005996.2:p.Leu92Pro,0.658,23.8,['Unknown%20significance'],29.51,0.15,0.0,1.9,1.9
WFS1,4,6287137,NM_006005.3:c.277G>A,NP_005996.2:p.Glu93Lys,0.525,23.6,['Unknown%20significance'],96.89,0.49,0.0,0.0,0.0
WFS1,4,6287137,NM_006005.3:c.277G>C,NP_005996.2:p.Glu93Gln,0.420,22.0,['Unknown%20significance'],96.89,0.49,0.0,-0.3,0.3
WFS1,4,6287138,NM_006005.3:c.278A>G,NP_005996.2:p.Glu93Gly,0.597,29.9,['Unknown%20significance'],96.89,0.49,0.0,0.5,0.5
WFS1,4,6287138,NM_006005.3:c.278A>T,NP_005996.2:p.Glu93Val,0.642,28.0,['Unknown%20significance'],96.89,0.49,0.0,-0.6,0.6
WFS1,4,6287139,NM_006005.3:c.279G>C,NP_005996.2:p.Glu93Asp,0.337,22.9,['Unknown%20significance'],96.89,0.49,0.0,0.2,0.2
WFS1,4,6287139,NM_006005.3:c.279G>T,NP_005996.2:p.Glu93Asp,0.337,23.2,['Unknown%20significance'],96.89,0.49,0.0,0.2,0.2
WFS1,4,6287140,NM_006005.3:c.280A>G,NP_005996.2:p.Arg94Gly,0.373,23.4,['Unknown%20significance'],81.56,0.3,0.0,1.2,1.2
WFS1,4,6287140,NM_006005.3:c.280A>T,NP_005996.2:p.Arg94Trp,0.531,29.0,['Unknown%20significance'],81.56,0.3,0.0,-0.5,0.5
WFS1,4,6287141,NM_006005.3:c.281G>C,NP_005996.2:p.Arg94Thr,0.244,16.70,['Likely%20benign'],81.56,0.3,0.0,0.2,0.2
WFS1,4,6287141,NM_006005.3:c.281G>T,NP_005996.2:p.Arg94Met,0.347,23.2,['Unknown%20significance'],81.56,0.3,0.0,-0.4,0.4
WFS1,4,6287142,NM_006005.3:c.282G>T,NP_005996.2:p.Arg94Ser,0.224,18.15,['Likely%20benign'],81.56,0.3,0.0,0.5,0.5
WFS1,4,6287143,NM_006005.3:c.283G>A,NP_005996.2:p.Ala95Thr,0.881,26.3,['Unknown%20significance'],0.81,0.0,0.0,1.2,1.2
WFS1,4,6287143,NM_006005.3:c.283G>T,NP_005996.2:p.Ala95Ser,0.837,25.4,['Unknown%20significance'],0.81,0.0,0.0,1.3,1.3
WFS1,4,6287144,NM_006005.3:c.284C>A,NP_005996.2:p.Ala95Asp,0.878,25.0,['Unknown%20significance'],0.81,0.0,0.0,2.4,2.4
WFS1,4,6287144,NM_006005.3:c.284C>G,NP_005996.2:p.Ala95Gly,0.862,25.8,['Unknown%20significance'],0.81,0.0,0.0,2.2,2.2
WFS1,4,6287144,NM_006005.3:c.284C>T,NP_005996.2:p.Ala95Val,0.872,25.4,['Unknown%20significance'],0.81,0.0,0.0,0.4,0.4
WFS1,4,6287146,NM_006005.3:c.286A>G,NP_005996.2:p.Lys96Glu,0.345,22.3,['Unknown%20significance'],147.48,0.62,0.0,-0.1,0.1
WFS1,4,6287147,NM_006005.3:c.287A>C,NP_005996.2:p.Lys96Thr,0.578,23.5,['Unknown%20significance'],147.48,0.62,0.0,-0.2,0.2
WFS1,4,6287147,NM_006005.3:c.287A>G,NP_005996.2:p.Lys96Arg,0.587,23.0,['Unknown%20significance'],147.48,0.62,0.0,-0.4,0.4
WFS1,4,6287147,NM_006005.3:c.287A>T,NP_005996.2:p.Lys96Met,0.681,26.3,['Unknown%20significance'],147.48,0.62,0.0,-0.4,0.4
WFS1,4,6287148,NM_006005.3:c.288G>T,NP_005996.2:p.Lys96Asn,0.546,24.3,['Unknown%20significance'],147.48,0.62,0.0,-0.1,0.1
WFS1,4,6287149,NM_006005.3:c.289G>A,NP_005996.2:p.Ala97Thr,0.475,23.6,['Unknown%20significance'],101.9,0.8,0.0,-0.1,0.1
WFS1,4,6287149,NM_006005.3:c.289G>T,NP_005996.2:p.Ala97Ser,0.426,21.4,['Unknown%20significance'],101.9,0.8,0.0,-0.0,0.0
WFS1,4,6287150,NM_006005.3:c.290C>A,NP_005996.2:p.Ala97Asp,0.495,22.8,['Unknown%20significance'],101.9,0.8,0.0,0.0,0.0
WFS1,4,6287150,NM_006005.3:c.290C>T,NP_005996.2:p.Ala97Val,0.472,24.5,['Unknown%20significance'],101.9,0.8,0.0,-0.1,0.1
WFS1,4,6287152,NM_006005.3:c.292G>A,NP_005996.2:p.Gly98Arg,0.891,27.8,['Pathogenic'],34.0,0.35,0.0,0.4,0.4
WFS1,4,6287152,NM_006005.3:c.292G>C,NP_005996.2:p.Gly98Arg,0.882,26.9,['Unknown%20significance'],34.0,0.35,0.0,0.4,0.4
WFS1,4,6287152,NM_006005.3:c.292G>T,NP_005996.2:p.Gly98Trp,0.900,28.6,['Unknown%20significance'],34.0,0.35,0.0,0.0,0.0
WFS1,4,6287153,NM_006005.3:c.293G>A,NP_005996.2:p.Gly98Glu,0.868,25.9,['Unknown%20significance'],34.0,0.35,0.0,1.1,1.1
WFS1,4,6287153,NM_006005.3:c.293G>T,NP_005996.2:p.Gly98Val,0.890,25.7,['Unknown%20significance'],34.0,0.35,0.0,0.7,0.7
WFS1,4,6287155,NM_006005.3:c.295G>A,NP_005996.2:p.Asp99Asn,0.681,27.2,['Unknown%20significance'],41.43,0.25,0.0,-0.1,0.1
WFS1,4,6287155,NM_006005.3:c.295G>C,NP_005996.2:p.Asp99His,0.820,27.0,['Unknown%20significance'],41.43,0.25,0.0,-0.3,0.3
WFS1,4,6287155,NM_006005.3:c.295G>T,NP_005996.2:p.Asp99Tyr,0.835,28.4,['Unknown%20significance'],41.43,0.25,0.0,-0.8,0.8
WFS1,4,6287156,NM_006005.3:c.296A>G,NP_005996.2:p.Asp99Gly,0.803,29.7,['Unknown%20significance'],41.43,0.25,0.0,1.1,1.1
WFS1,4,6287157,NM_006005.3:c.297C>A,NP_005996.2:p.Asp99Glu,0.605,17.32,['Unknown%20significance'],41.43,0.25,0.0,0.3,0.3
WFS1,4,6287158,NM_006005.3:c.298C>T,NP_005996.2:p.Pro100Ser,0.172,16.56,['Likely%20benign'],43.27,0.27,0.0,-0.1,0.1
WFS1,4,6287159,NM_006005.3:c.299C>A,NP_005996.2:p.Pro100His,0.415,24.5,['Unknown%20significance'],43.27,0.27,0.0,-0.2,0.2
WFS1,4,6287159,NM_006005.3:c.299C>G,NP_005996.2:p.Pro100Arg,0.456,24.2,['Unknown%20significance'],43.27,0.27,0.0,-0.4,0.4
WFS1,4,6287159,NM_006005.3:c.299C>T,NP_005996.2:p.Pro100Leu,0.393,23.1,['Unknown%20significance'],43.27,0.27,0.0,-0.5,0.5
WFS1,4,6287161,NM_006005.3:c.301A>G,NP_005996.2:p.Lys101Glu,0.448,23.7,['Unknown%20significance'],140.37,0.59,0.0,0.0,0.0
WFS1,4,6287162,NM_006005.3:c.302A>C,NP_005996.2:p.Lys101Thr,0.599,23.6,['Unknown%20significance'],140.37,0.59,0.0,-0.2,0.2
WFS1,4,6287162,NM_006005.3:c.302A>T,NP_005996.2:p.Lys101Met,0.675,26.3,['Unknown%20significance'],140.37,0.59,0.0,-0.4,0.4
WFS1,4,6287163,NM_006005.3:c.303G>T,NP_005996.2:p.Lys101Asn,0.492,24.7,['Unknown%20significance'],140.37,0.59,0.0,-0.1,0.1
WFS1,4,6287164,NM_006005.3:c.304G>A,NP_005996.2:p.Ala102Thr,0.741,27.1,['Unknown%20significance'],0.0,0.0,0.0,1.2,1.2
WFS1,4,6287164,NM_006005.3:c.304G>C,NP_005996.2:p.Ala102Pro,0.780,27.4,['Unknown%20significance'],0.0,0.0,0.0,1.8,1.8
WFS1,4,6287164,NM_006005.3:c.304G>T,NP_005996.2:p.Ala102Ser,0.660,24.0,['Unknown%20significance'],0.0,0.0,0.0,1.4,1.4
WFS1,4,6287165,NM_006005.3:c.305C>A,NP_005996.2:p.Ala102Glu,0.760,25.4,['Unknown%20significance'],0.0,0.0,0.0,2.2,2.2
WFS1,4,6287165,NM_006005.3:c.305C>T,NP_005996.2:p.Ala102Val,0.690,32,['Unknown%20significance'],0.0,0.0,0.0,0.3,0.3
WFS1,4,6287168,NM_006005.3:c.308A>G,NP_005996.2:p.Gln103Arg,0.884,25.7,['Unknown%20significance'],6.21,0.03,0.0,0.3,0.3
WFS1,4,6287168,NM_006005.3:c.308A>T,NP_005996.2:p.Gln103Leu,0.910,26.5,['Unknown%20significance'],6.21,0.03,0.0,0.1,0.1
WFS1,4,6287169,NM_006005.3:c.309G>C,NP_005996.2:p.Gln103His,0.857,25.7,['Unknown%20significance'],6.21,0.03,0.0,0.4,0.4
WFS1,4,6287169,NM_006005.3:c.309G>T,NP_005996.2:p.Gln103His,0.857,25.8,['Unknown%20significance'],6.21,0.03,0.0,0.4,0.4
WFS1,4,6287170,NM_006005.3:c.310A>G,NP_005996.2:p.Thr104Ala,0.303,21.3,['Unknown%20significance'],0.0,0.0,0.0,0.1,0.1
WFS1,4,6287170,NM_006005.3:c.310A>T,NP_005996.2:p.Thr104Ser,0.203,19.94,['Likely%20benign'],0.0,0.0,0.0,0.8,0.8
WFS1,4,6287171,NM_006005.3:c.311C>A,NP_005996.2:p.Thr104Asn,0.296,23.9,['Unknown%20significance'],0.0,0.0,0.0,0.6,0.6
WFS1,4,6287171,NM_006005.3:c.311C>T,NP_005996.2:p.Thr104Ile,0.394,24.9,['Unknown%20significance'],0.0,0.0,0.0,-1.6,1.6
WFS1,4,6287173,NM_006005.3:c.313G>A,NP_005996.2:p.Glu105Lys,0.441,23.0,['Unknown%20significance'],70.82,0.36,0.0,-0.2,0.2
WFS1,4,6287174,NM_006005.3:c.314A>G,NP_005996.2:p.Glu105Gly,0.541,33,['Unknown%20significance'],70.82,0.36,0.0,0.5,0.5
WFS1,4,6287174,NM_006005.3:c.314A>T,NP_005996.2:p.Glu105Val,0.610,29.8,['Unknown%20significance'],70.82,0.36,0.0,-1.0,1.0
WFS1,4,6287175,NM_006005.3:c.315G>T,NP_005996.2:p.Glu105Asp,0.373,33,['Unknown%20significance'],70.82,0.36,0.0,0.0,0.0
WFS1,4,6288987,NM_006005.3:c.316G>A,NP_005996.2:p.Val106Met,0.353,16.34,['Unknown%20significance'],0.0,0.0,0.0,-0.0,0.0
WFS1,4,6288987,NM_006005.3:c.316G>T,NP_005996.2:p.Val106Leu,0.319,16.30,['Unknown%20significance'],0.0,0.0,0.0,-1.6,1.6
WFS1,4,6288988,NM_006005.3:c.317T>A,NP_005996.2:p.Val106Glu,0.806,24.2,['Unknown%20significance'],0.0,0.0,0.0,3.1,3.1
WFS1,4,6288990,NM_006005.3:c.319G>C,NP_005996.2:p.Gly107Arg,0.950,25.2,['Pathogenic'],0.0,0.0,0.0,0.5,0.5
WFS1,4,6288990,NM_006005.3:c.319G>T,NP_005996.2:p.Gly107Trp,0.944,26.2,['Unknown%20significance'],0.0,0.0,0.0,-0.8,0.8
WFS1,4,6288991,NM_006005.3:c.320G>A,NP_005996.2:p.Gly107Glu,0.926,24.0,['Likely%20pathogenic'],0.0,0.0,0.0,1.4,1.4
WFS1,4,6288993,NM_006005.3:c.322A>G,NP_005996.2:p.Lys108Glu,0.353,16.83,['Unknown%20significance'],59.94,0.25,0.0,0.2,0.2
WFS1,4,6288994,NM_006005.3:c.323A>G,NP_005996.2:p.Lys108Arg,0.192,8.039,['Unknown%20significance'],59.94,0.25,0.0,-0.7,0.7
WFS1,4,6288995,NM_006005.3:c.324G>T,NP_005996.2:p.Lys108Asn,0.371,7.599,['Likely%20benign'],59.94,0.25,0.0,0.0,0.0
WFS1,4,6288996,NM_006005.3:c.325C>A,NP_005996.2:p.His109Asn,0.373,22.7,['Unknown%20significance'],56.56,0.27,0.0,0.7,0.7
WFS1,4,6288996,NM_006005.3:c.325C>T,NP_005996.2:p.His109Tyr,0.311,14.84,['Unknown%20significance'],56.56,0.27,0.0,-0.9,0.9
WFS1,4,6288997,NM_006005.3:c.326A>G,NP_005996.2:p.His109Arg,0.462,15.45,['Unknown%20significance'],56.56,0.27,0.0,-0.1,0.1
WFS1,4,6288999,NM_006005.3:c.328T>A,NP_005996.2:p.Tyr110Asn,0.898,25.5,['Pathogenic'],34.16,0.14,0.0,3.7,3.7
WFS1,4,6289003,NM_006005.3:c.332T>C,NP_005996.2:p.Leu111Pro,0.913,24.5,['Unknown%20significance'],20.31,0.1,0.0,2.3,2.3
WFS1,4,6289005,NM_006005.3:c.334C>A,NP_005996.2:p.Gln112Lys,0.165,11.08,['Likely%20benign'],143.21,0.72,0.0,0.2,0.2
WFS1,4,6289006,NM_006005.3:c.335A>C,NP_005996.2:p.Gln112Pro,0.399,10.29,['Pathogenic'],143.21,0.72,0.0,0.3,0.3
WFS1,4,6289010,NM_006005.3:c.339G>T,NP_005996.2:p.Leu113Phe,0.490,8.088,['Unknown%20significance'],60.37,0.31,0.0,-0.2,0.2
WFS1,4,6289011,NM_006005.3:c.340G>T,NP_005996.2:p.Ala114Ser,0.594,23.4,['Unknown%20significance'],1.42,0.01,0.0,-0.1,0.1
WFS1,4,6289012,NM_006005.3:c.341C>A,NP_005996.2:p.Ala114Asp,0.743,22.9,['Unknown%20significance'],1.42,0.01,0.0,0.0,0.0
WFS1,4,6289012,NM_006005.3:c.341C>G,NP_005996.2:p.Ala114Gly,0.649,23.1,['Unknown%20significance'],1.42,0.01,0.0,1.0,1.0
WFS1,4,6289012,NM_006005.3:c.341C>T,NP_005996.2:p.Ala114Val,0.681,23.0,['Unknown%20significance'],1.42,0.01,0.0,-0.7,0.7
WFS1,4,6289014,NM_006005.3:c.343G>A,NP_005996.2:p.Gly115Ser,0.158,0.759,['Unknown%20significance'],69.43,0.72,0.0,-0.0,0.0
WFS1,4,6289014,NM_006005.3:c.343G>C,NP_005996.2:p.Gly115Arg,0.195,2.565,['Unknown%20significance'],69.43,0.72,0.0,-0.3,0.3
WFS1,4,6289014,NM_006005.3:c.343G>T,NP_005996.2:p.Gly115Cys,0.295,12.87,['Likely%20benign'],69.43,0.72,0.0,0.0,0.0
WFS1,4,6289015,NM_006005.3:c.344G>A,NP_005996.2:p.Gly115Asp,0.199,0.857,['Likely%20benign'],69.43,0.72,0.0,0.1,0.1
WFS1,4,6289017,NM_006005.3:c.346G>A,NP_005996.2:p.Asp116Asn,0.251,8.440,['Likely%20benign'],128.48,0.8,0.0,-0.0,0.0
WFS1,4,6289017,NM_006005.3:c.346G>T,NP_005996.2:p.Asp116Tyr,0.258,14.36,['Unknown%20significance'],128.48,0.8,0.0,-0.3,0.3
WFS1,4,6289020,NM_006005.3:c.349A>G,NP_005996.2:p.Thr117Ala,0.157,0.529,['Likely%20benign'],83.97,0.53,0.0,0.2,0.2
WFS1,4,6289021,NM_006005.3:c.350C>G,NP_005996.2:p.Thr117Arg,0.211,1.599,['Likely%20benign'],83.97,0.53,0.0,-0.3,0.3
WFS1,4,6289021,NM_006005.3:c.350C>T,NP_005996.2:p.Thr117Met,0.152,2.730,['Benign'],83.97,0.53,0.0,-0.4,0.4
WFS1,4,6289023,NM_006005.3:c.352G>A,NP_005996.2:p.Asp118Asn,0.617,24.6,['Unknown%20significance'],104.85,0.65,0.0,-0.2,0.2
WFS1,4,6289023,NM_006005.3:c.352G>C,NP_005996.2:p.Asp118His,0.772,24.6,['Unknown%20significance'],104.85,0.65,0.0,-0.3,0.3
WFS1,4,6289023,NM_006005.3:c.352G>T,NP_005996.2:p.Asp118Tyr,0.780,24.8,['Unknown%20significance'],104.85,0.65,0.0,-0.5,0.5
WFS1,4,6289024,NM_006005.3:c.353A>C,NP_005996.2:p.Asp118Ala,0.801,24.6,['Benign*'],104.85,0.65,0.0,-0.2,0.2
WFS1,4,6289024,NM_006005.3:c.353A>G,NP_005996.2:p.Asp118Gly,0.824,24.9,['Unknown%20significance'],104.85,0.65,0.0,-0.3,0.3
WFS1,4,6289025,NM_006005.3:c.354T>A,NP_005996.2:p.Asp118Glu,0.470,11.56,['Unknown%20significance'],104.85,0.65,0.0,0.0,0.0
WFS1,4,6289027,NM_006005.3:c.356A>C,NP_005996.2:p.Glu119Ala,0.304,20.1,['Unknown%20significance'],83.79,0.42,0.0,-0.3,0.3
WFS1,4,6289027,NM_006005.3:c.356A>G,NP_005996.2:p.Glu119Gly,0.512,24.0,['Unknown%20significance'],83.79,0.42,0.0,0.5,0.5
WFS1,4,6289029,NM_006005.3:c.358G>A,NP_005996.2:p.Glu120Lys,0.811,25.4,['Unknown%20significance'],138.06,0.7,0.0,-0.0,0.0
WFS1,4,6289032,NM_006005.3:c.361C>A,NP_005996.2:p.Leu121Ile,0.126,13.74,['Unknown%20significance'],138.88,0.72,0.0,0.0,0.0
WFS1,4,6289032,NM_006005.3:c.361C>G,NP_005996.2:p.Leu121Val,0.115,12.03,['Likely%20benign'],138.88,0.72,0.0,0.0,0.0
WFS1,4,6289032,NM_006005.3:c.361C>T,NP_005996.2:p.Leu121Phe,0.178,14.51,['Unknown%20significance'],138.88,0.72,0.0,0.0,0.0
WFS1,4,6289033,NM_006005.3:c.362T>C,NP_005996.2:p.Leu121Pro,0.614,23.4,['Unknown%20significance'],138.88,0.72,0.0,0.3,0.3
WFS1,4,6289035,NM_006005.3:c.364A>C,NP_005996.2:p.Asn122His,0.895,24.1,['Unknown%20significance'],6.39,0.04,0.0,0.1,0.1
WFS1,4,6289035,NM_006005.3:c.364A>G,NP_005996.2:p.Asn122Asp,0.816,23.2,['Unknown%20significance'],6.39,0.04,0.0,-0.1,0.1
WFS1,4,6289036,NM_006005.3:c.365A>C,NP_005996.2:p.Asn122Thr,0.918,24.5,['Unknown%20significance'],6.39,0.04,0.0,0.5,0.5
WFS1,4,6289036,NM_006005.3:c.365A>G,NP_005996.2:p.Asn122Ser,0.807,22.8,['Unknown%20significance'],6.39,0.04,0.0,0.7,0.7
WFS1,4,6289037,NM_006005.3:c.366C>A,NP_005996.2:p.Asn122Lys,0.747,22.7,['Pathogenic'],6.39,0.04,0.0,1.0,1.0
WFS1,4,6289037,NM_006005.3:c.366C>G,NP_005996.2:p.Asn122Lys,0.747,22.6,['Unknown%20significance'],6.39,0.04,0.0,1.0,1.0
WFS1,4,6289041,NM_006005.3:c.370T>G,NP_005996.2:p.Cys124Gly,0.637,19.24,['Unknown%20significance'],28.65,0.18,0.0,0.8,0.8
WFS1,4,6289042,NM_006005.3:c.371G>A,NP_005996.2:p.Cys124Tyr,0.623,23.1,['Unknown%20significance'],28.65,0.18,0.0,-1.3,1.3
WFS1,4,6289045,NM_006005.3:c.374C>T,NP_005996.2:p.Thr125Ile,0.351,15.75,['Unknown%20significance'],48.76,0.3,0.0,-0.5,0.5
WFS1,4,6289047,NM_006005.3:c.376G>A,NP_005996.2:p.Ala126Thr,0.872,24.9,['Likely%20pathogenic'],0.0,0.0,0.0,1.2,1.2
WFS1,4,6289047,NM_006005.3:c.376G>T,NP_005996.2:p.Ala126Ser,0.801,24.3,['Unknown%20significance'],0.0,0.0,0.0,1.4,1.4
WFS1,4,6289048,NM_006005.3:c.377C>T,NP_005996.2:p.Ala126Val,0.878,23.8,['Unknown%20significance'],0.0,0.0,0.0,0.3,0.3
WFS1,4,6289050,NM_006005.3:c.379G>A,NP_005996.2:p.Val127Met,0.825,25.8,['Unknown%20significance'],0.0,0.0,0.0,0.6,0.6
WFS1,4,6289053,NM_006005.3:c.382G>A,NP_005996.2:p.Asp128Asn,0.152,19.55,['Likely%20benign'],64.94,0.4,0.0,-0.2,0.2
WFS1,4,6289053,NM_006005.3:c.382G>C,NP_005996.2:p.Asp128His,0.224,20.9,['Pathogenic'],64.94,0.4,0.0,-0.9,0.9
WFS1,4,6289053,NM_006005.3:c.382G>T,NP_005996.2:p.Asp128Tyr,0.344,23.0,['Unknown%20significance'],64.94,0.4,0.0,-1.4,1.4
WFS1,4,6289059,NM_006005.3:c.388C>A,NP_005996.2:p.Leu130Met,0.760,23.9,['Unknown%20significance'],0.0,0.0,0.0,0.9,0.9
WFS1,4,6289060,NM_006005.3:c.389T>C,NP_005996.2:p.Leu130Pro,0.911,26.4,['Unknown%20significance'],0.0,0.0,0.0,3.6,3.6
WFS1,4,6289062,NM_006005.3:c.391G>A,NP_005996.2:p.Val131Ile,0.183,3.497,['Likely%20benign'],3.8,0.02,0.0,-0.1,0.1
WFS1,4,6289063,NM_006005.3:c.392T>G,NP_005996.2:p.Val131Gly,0.254,22.4,['Unknown%20significance'],3.8,0.02,0.0,2.8,2.8
WFS1,4,6289065,NM_006005.3:c.394C>A,NP_005996.2:p.Leu132Ile,0.294,17.29,['Unknown%20significance'],80.77,0.41,0.0,0.1,0.1
WFS1,4,6289065,NM_006005.3:c.394C>G,NP_005996.2:p.Leu132Val,0.289,12.97,['Likely%20benign'],80.77,0.41,0.0,0.2,0.2
WFS1,4,6289066,NM_006005.3:c.395T>C,NP_005996.2:p.Leu132Pro,0.577,22.9,['Unknown%20significance'],80.77,0.41,0.0,1.1,1.1
WFS1,4,6289066,NM_006005.3:c.395T>G,NP_005996.2:p.Leu132Arg,0.437,16.70,['Unknown%20significance'],80.77,0.41,0.0,0.3,0.3
WFS1,4,6289068,NM_006005.3:c.397G>A,NP_005996.2:p.Ala133Thr,0.814,22.2,['Pathogenic'],0.0,0.0,0.0,1.0,1.0
WFS1,4,6289069,NM_006005.3:c.398C>T,NP_005996.2:p.Ala133Val,0.825,23.4,['Unknown%20significance'],0.0,0.0,0.0,0.2,0.2
WFS1,4,6289071,NM_006005.3:c.400G>A,NP_005996.2:p.Ala134Thr,0.806,23.1,['Unknown%20significance'],0.0,0.0,0.0,1.0,1.0
WFS1,4,6289072,NM_006005.3:c.401C>T,NP_005996.2:p.Ala134Val,0.812,23.6,['Unknown%20significance'],0.0,0.0,0.0,0.2,0.2
WFS1,4,6289075,NM_006005.3:c.404A>T,NP_005996.2:p.Lys135Met,0.853,27.5,['Unknown%20significance'],25.87,0.1,0.0,-0.9,0.9
WFS1,4,6289076,NM_006005.3:c.405G>T,NP_005996.2:p.Lys135Asn,0.682,25.6,['Unknown%20significance'],25.87,0.1,0.0,-0.2,0.2
WFS1,4,6289083,NM_006005.3:c.412C>G,NP_005996.2:p.Arg138Gly,0.663,23.8,['Unknown%20significance'],74.11,0.27,0.0,1.5,1.5
WFS1,4,6289083,NM_006005.3:c.412C>T,NP_005996.2:p.Arg138Cys,0.790,28.3,['Unknown%20significance'],74.11,0.27,0.0,0.7,0.7
WFS1,4,6289084,NM_006005.3:c.413G>A,NP_005996.2:p.Arg138His,0.579,24.8,['Unknown%20significance'],74.11,0.27,0.0,-0.4,0.4
WFS1,4,6289084,NM_006005.3:c.413G>T,NP_005996.2:p.Arg138Leu,0.809,27.4,['Unknown%20significance'],74.11,0.27,0.0,-0.0,0.0
WFS1,4,6289086,NM_006005.3:c.415C>T,NP_005996.2:p.Arg139Cys,0.746,27.4,['Unknown%20significance'],134.28,0.49,0.0,0.4,0.4
WFS1,4,6289087,NM_006005.3:c.416G>A,NP_005996.2:p.Arg139His,0.492,26.4,['Unknown%20significance'],134.28,0.49,0.0,0.1,0.1
WFS1,4,6289087,NM_006005.3:c.416G>T,NP_005996.2:p.Arg139Leu,0.619,22.9,['Unknown%20significance'],134.28,0.49,0.0,-0.1,0.1
WFS1,4,6289089,NM_006005.3:c.418G>A,NP_005996.2:p.Glu140Lys,0.721,24.7,['Unknown%20significance'],57.37,0.29,0.0,0.1,0.1
WFS1,4,6289090,NM_006005.3:c.419A>T,NP_005996.2:p.Glu140Val,0.792,26.8,['Unknown%20significance'],57.37,0.29,0.0,-0.6,0.6
WFS1,4,6289092,NM_006005.3:c.421G>T,NP_005996.2:p.Ala141Ser,0.857,26.7,['Unknown%20significance'],0.0,0.0,0.0,1.5,1.5
WFS1,4,6289093,NM_006005.3:c.422C>A,NP_005996.2:p.Ala141Asp,0.910,26.2,['Unknown%20significance'],0.0,0.0,0.0,2.6,2.6
WFS1,4,6289095,NM_006005.3:c.424G>A,NP_005996.2:p.Val142Met,0.579,27.9,['Unknown%20significance'],0.0,0.0,0.0,-0.2,0.2
WFS1,4,6289095,NM_006005.3:c.424G>C,NP_005996.2:p.Val142Leu,0.578,23.2,['Unknown%20significance'],0.0,0.0,0.0,-0.2,0.2
WFS1,4,6289095,NM_006005.3:c.424G>T,NP_005996.2:p.Val142Leu,0.572,23.3,['Unknown%20significance'],0.0,0.0,0.0,-0.2,0.2
WFS1,4,6289096,NM_006005.3:c.425T>A,NP_005996.2:p.Val142Glu,0.784,26.0,['Unknown%20significance'],0.0,0.0,0.0,1.2,1.2
WFS1,4,6289096,NM_006005.3:c.425T>C,NP_005996.2:p.Val142Ala,0.299,21.6,['Unknown%20significance'],0.0,0.0,0.0,1.1,1.1
WFS1,4,6289098,NM_006005.3:c.427A>C,NP_005996.2:p.Lys143Gln,0.405,22.3,['Unknown%20significance'],116.37,0.49,0.0,-0.3,0.3
WFS1,4,6289098,NM_006005.3:c.427A>G,NP_005996.2:p.Lys143Glu,0.424,22.4,['Unknown%20significance'],116.37,0.49,0.0,0.0,0.0
WFS1,4,6289099,NM_006005.3:c.428A>G,NP_005996.2:p.Lys143Arg,0.271,22.2,['Unknown%20significance'],116.37,0.49,0.0,-0.4,0.4
WFS1,4,6289101,NM_006005.3:c.430C>A,NP_005996.2:p.Leu144Met,0.639,23.2,['Unknown%20significance'],38.84,0.2,0.0,0.2,0.2
WFS1,4,6289101,NM_006005.3:c.430C>G,NP_005996.2:p.Leu144Val,0.667,23.7,['Unknown%20significance'],38.84,0.2,0.0,0.2,0.2
WFS1,4,6289104,NM_006005.3:c.433C>A,NP_005996.2:p.Leu145Ile,0.725,24.6,['Unknown%20significance'],0.0,0.0,0.0,1.3,1.3
WFS1,4,6289104,NM_006005.3:c.433C>T,NP_005996.2:p.Leu145Phe,0.800,25.5,['Unknown%20significance'],0.0,0.0,0.0,1.4,1.4
WFS1,4,6289107,NM_006005.3:c.436C>A,NP_005996.2:p.Arg146Ser,0.577,23.0,['Unknown%20significance'],105.3,0.39,0.0,0.3,0.3
WFS1,4,6289107,NM_006005.3:c.436C>G,NP_005996.2:p.Arg146Gly,0.625,24.1,['Unknown%20significance'],105.3,0.39,0.0,-0.2,0.2
WFS1,4,6289107,NM_006005.3:c.436C>T,NP_005996.2:p.Arg146Cys,0.643,27.7,['Unknown%20significance'],105.3,0.39,0.0,-0.1,0.1
WFS1,4,6289108,NM_006005.3:c.437G>A,NP_005996.2:p.Arg146His,0.550,25.4,['Unknown%20significance'],105.3,0.39,0.0,-0.0,0.0
WFS1,4,6289108,NM_006005.3:c.437G>T,NP_005996.2:p.Arg146Leu,0.503,23.2,['Unknown%20significance'],105.3,0.39,0.0,-0.6,0.6
WFS1,4,6289110,NM_006005.3:c.439C>T,NP_005996.2:p.Arg147Trp,0.621,25.5,['Unknown%20significance'],181.53,0.67,0.0,-0.5,0.5
WFS1,4,6289111,NM_006005.3:c.440G>A,NP_005996.2:p.Arg147Gln,0.191,22.7,['Unknown%20significance'],181.53,0.67,0.0,0.1,0.1
WFS1,4,6289111,NM_006005.3:c.440G>C,NP_005996.2:p.Arg147Pro,0.626,25.4,['Unknown%20significance'],181.53,0.67,0.0,0.3,0.3
WFS1,4,6289111,NM_006005.3:c.440G>T,NP_005996.2:p.Arg147Leu,0.454,23.1,['Unknown%20significance'],181.53,0.67,0.0,-0.5,0.5
WFS1,4,6289113,NM_006005.3:c.442T>G,NP_005996.2:p.Cys148Gly,0.909,32,['Unknown%20significance'],0.42,0.0,0.0,2.6,2.6
WFS1,4,6289114,NM_006005.3:c.443G>A,NP_005996.2:p.Cys148Tyr,0.927,32,['Unknown%20significance'],0.42,0.0,0.0,-0.6,0.6
WFS1,4,6289114,NM_006005.3:c.443G>C,NP_005996.2:p.Cys148Ser,0.934,27.7,['Unknown%20significance'],0.42,0.0,0.0,1.8,1.8
WFS1,4,6289114,NM_006005.3:c.443G>T,NP_005996.2:p.Cys148Phe,0.936,29.0,['Unknown%20significance'],0.42,0.0,0.0,-0.9,0.9
WFS1,4,6289116,NM_006005.3:c.445T>G,NP_005996.2:p.Leu149Val,0.488,24.8,['Unknown%20significance'],27.92,0.14,0.0,0.4,0.4
WFS1,4,6289118,NM_006005.3:c.447G>T,NP_005996.2:p.Leu149Phe,0.495,24.6,['Unknown%20significance'],27.92,0.14,0.0,-0.8,0.8
WFS1,4,6289119,NM_006005.3:c.448G>A,NP_005996.2:p.Ala150Thr,0.425,23.5,['Unknown%20significance'],93.07,0.73,0.0,-0.0,0.0
WFS1,4,6289119,NM_006005.3:c.448G>T,NP_005996.2:p.Ala150Ser,0.297,22.0,['Unknown%20significance'],93.07,0.73,0.0,0.1,0.1
WFS1,4,6289120,NM_006005.3:c.449C>A,NP_005996.2:p.Ala150Glu,0.432,22.9,['Unknown%20significance'],93.07,0.73,0.0,0.1,0.1
WFS1,4,6289120,NM_006005.3:c.449C>T,NP_005996.2:p.Ala150Val,0.419,23.3,['Unknown%20significance'],93.07,0.73,0.0,-0.2,0.2
WFS1,4,6289122,NM_006005.3:c.451G>A,NP_005996.2:p.Asp151Asn,0.270,23.6,['Unknown%20significance'],77.58,0.48,0.0,-0.2,0.2
WFS1,4,6289122,NM_006005.3:c.451G>T,NP_005996.2:p.Asp151Tyr,0.530,26.5,['Unknown%20significance'],77.58,0.48,0.0,-0.6,0.6
WFS1,4,6289123,NM_006005.3:c.452A>G,NP_005996.2:p.Asp151Gly,0.266,23.1,['Unknown%20significance'],77.58,0.48,0.0,0.4,0.4
WFS1,4,6289123,NM_006005.3:c.452A>T,NP_005996.2:p.Asp151Val,0.638,25.8,['Unknown%20significance'],77.58,0.48,0.0,-0.3,0.3
WFS1,4,6289124,NM_006005.3:c.453C>A,NP_005996.2:p.Asp151Glu,0.205,18.13,['Unknown%20significance'],77.58,0.48,0.0,-0.0,0.0
WFS1,4,6289125,NM_006005.3:c.454A>G,NP_005996.2:p.Arg152Gly,0.511,23.3,['Unknown%20significance'],162.92,0.6,0.0,-0.2,0.2
WFS1,4,6289126,NM_006005.3:c.455G>A,NP_005996.2:p.Arg152Lys,0.045,22.4,['Unknown%20significance'],162.92,0.6,0.0,0.4,0.4
WFS1,4,6289126,NM_006005.3:c.455G>T,NP_005996.2:p.Arg152Ile,0.686,24.7,['Unknown%20significance'],162.92,0.6,0.0,0.1,0.1
WFS1,4,6289127,NM_006005.3:c.456A>T,NP_005996.2:p.Arg152Ser,0.554,25.5,['Unknown%20significance'],162.92,0.6,0.0,0.2,0.2
WFS1,4,6289129,NM_006005.3:c.458G>T,NP_005996.2:p.Arg153Ile,0.370,22.0,['Likely%20benign'],63.83,0.23,0.0,-0.2,0.2
WFS1,4,6289131,NM_006005.3:c.460G>A,NP_005996.2:p.Gly154Ser,0.895,36,['Unknown%20significance'],0.96,0.01,0.0,0.8,0.8
WFS1,4,6291197,NM_006005.3:c.461G>C,NP_005996.2:p.Gly154Ala,0.897,31,['Unknown%20significance'],0.96,0.01,0.0,0.5,0.5
WFS1,4,6291197,NM_006005.3:c.461G>T,NP_005996.2:p.Gly154Val,0.901,32,['Unknown%20significance'],0.96,0.01,0.0,0.4,0.4
WFS1,4,6291199,NM_006005.3:c.463A>G,NP_005996.2:p.Ile155Val,0.629,22.8,['Unknown%20significance'],24.23,0.12,0.0,-0.1,0.1
WFS1,4,6291202,NM_006005.3:c.466A>G,NP_005996.2:p.Thr156Ala,0.796,23.3,['Unknown%20significance'],60.68,0.38,0.0,0.3,0.3
WFS1,4,6291203,NM_006005.3:c.467C>T,NP_005996.2:p.Thr156Met,0.806,24.5,['Pathogenic'],60.68,0.38,0.0,-0.1,0.1
WFS1,4,6291208,NM_006005.3:c.472G>A,NP_005996.2:p.Glu158Lys,0.818,25.0,['Pathogenic'],177.21,0.9,0.0,0.1,0.1
WFS1,4,6291210,NM_006005.3:c.474G>T,NP_005996.2:p.Glu158Asp,0.566,20.2,['Unknown%20significance'],177.21,0.9,0.0,-0.1,0.1
WFS1,4,6291212,NM_006005.3:c.476A>G,NP_005996.2:p.Asn159Ser,0.779,23.7,['Unknown%20significance'],19.71,0.12,0.0,0.4,0.4
WFS1,4,6291214,NM_006005.3:c.478G>A,NP_005996.2:p.Glu160Lys,0.420,19.54,['Pathogenic'],23.57,0.12,0.0,-0.1,0.1
WFS1,4,6291215,NM_006005.3:c.479A>G,NP_005996.2:p.Glu160Gly,0.431,21.0,['Unknown%20significance'],23.57,0.12,0.0,0.8,0.8
WFS1,4,6291215,NM_006005.3:c.479A>T,NP_005996.2:p.Glu160Val,0.408,19.04,['Unknown%20significance'],23.57,0.12,0.0,-1.0,1.0
WFS1,4,6291217,NM_006005.3:c.481C>G,NP_005996.2:p.Arg161Gly,0.420,16.92,['Likely%20benign'],218.3,0.81,0.0,0.4,0.4
WFS1,4,6291217,NM_006005.3:c.481C>T,NP_005996.2:p.Arg161Trp,0.353,22.3,['Unknown%20significance'],218.3,0.81,0.0,-0.1,0.1
WFS1,4,6291218,NM_006005.3:c.482G>A,NP_005996.2:p.Arg161Gln,0.257,0.195,['Benign'],218.3,0.81,0.0,0.0,0.0
WFS1,4,6291218,NM_006005.3:c.482G>C,NP_005996.2:p.Arg161Pro,0.555,1.672,['Likely%20benign'],218.3,0.81,0.0,0.3,0.3
WFS1,4,6291218,NM_006005.3:c.482G>T,NP_005996.2:p.Arg161Leu,0.436,1.373,['Likely%20benign'],218.3,0.81,0.0,-0.0,0.0
WFS1,4,6291224,NM_006005.3:c.488T>G,NP_005996.2:p.Val163Gly,0.857,25.5,['Unknown%20significance'],0.0,0.0,0.0,3.9,3.9
WFS1,4,6291227,NM_006005.3:c.491G>A,NP_005996.2:p.Arg164Lys,0.323,10.51,['Likely%20benign'],138.68,0.51,0.0,0.5,0.5
WFS1,4,6291231,NM_006005.3:c.495G>C,NP_005996.2:p.Gln165His,0.323,16.32,['Likely%20benign'],63.6,0.32,0.0,-0.1,0.1
WFS1,4,6291233,NM_006005.3:c.497T>C,NP_005996.2:p.Leu166Pro,0.706,22.7,['Pathogenic'],0.0,0.0,0.0,3.0,3.0
WFS1,4,6291236,NM_006005.3:c.500C>T,NP_005996.2:p.Ser167Phe,0.603,24.7,['Unknown%20significance'],4.9,0.03,0.0,-1.9,1.9
WFS1,4,6291239,NM_006005.3:c.503C>A,NP_005996.2:p.Ser168Tyr,0.671,24.3,['Unknown%20significance'],87.51,0.63,0.0,-0.4,0.4
WFS1,4,6291241,NM_006005.3:c.505G>A,NP_005996.2:p.Glu169Lys,0.838,27.0,['Unknown%20significance'],1.35,0.0,0.0,0.4,0.4
WFS1,4,6291245,NM_006005.3:c.509C>G,NP_005996.2:p.Thr170Ser,0.364,17.07,['Unknown%20significance'],78.73,0.5,0.0,0.2,0.2
WFS1,4,6291247,NM_006005.3:c.511G>A,NP_005996.2:p.Asp171Asn,0.698,23.8,['Pathogenic'],71.47,0.44,0.0,-0.2,0.2
WFS1,4,6291247,NM_006005.3:c.511G>C,NP_005996.2:p.Asp171His,0.503,25.7,['Unknown%20significance'],71.47,0.44,0.0,-0.5,0.5
WFS1,4,6291251,NM_006005.3:c.515T>A,NP_005996.2:p.Leu172Gln,0.649,27.7,['Unknown%20significance'],0.8,0.0,0.0,0.4,0.4
WFS1,4,6291253,NM_006005.3:c.517G>A,NP_005996.2:p.Glu173Lys,0.800,25.0,['Pathogenic'],20.42,0.1,0.0,0.6,0.6
WFS1,4,6291253,NM_006005.3:c.517G>C,NP_005996.2:p.Glu173Gln,0.639,23.9,['Unknown%20significance'],20.42,0.1,0.0,-0.3,0.3
WFS1,4,6291254,NM_006005.3:c.518A>G,NP_005996.2:p.Glu173Gly,0.747,23.7,['Unknown%20significance'],20.42,0.1,0.0,1.3,1.3
WFS1,4,6291256,NM_006005.3:c.520A>G,NP_005996.2:p.Arg174Gly,0.613,21.8,['Unknown%20significance'],6.6,0.02,0.0,2.3,2.3
WFS1,4,6291257,NM_006005.3:c.521G>C,NP_005996.2:p.Arg174Thr,0.753,24.1,['Unknown%20significance'],6.6,0.02,0.0,0.8,0.8
WFS1,4,6291259,NM_006005.3:c.523G>A,NP_005996.2:p.Ala175Thr,0.619,23.2,['Unknown%20significance'],6.64,0.05,0.0,-0.1,0.1
WFS1,4,6291259,NM_006005.3:c.523G>T,NP_005996.2:p.Ala175Ser,0.461,22.6,['Unknown%20significance'],6.64,0.05,0.0,0.3,0.3
WFS1,4,6291260,NM_006005.3:c.524C>T,NP_005996.2:p.Ala175Val,0.580,21.7,['Unknown%20significance'],6.64,0.05,0.0,-0.6,0.6
WFS1,4,6291262,NM_006005.3:c.526G>A,NP_005996.2:p.Val176Met,0.772,27.1,['Unknown%20significance'],0.08,0.0,0.0,0.6,0.6
WFS1,4,6291262,NM_006005.3:c.526G>T,NP_005996.2:p.Val176Leu,0.747,24.1,['Unknown%20significance'],0.08,0.0,0.0,0.3,0.3
WFS1,4,6291263,NM_006005.3:c.527T>A,NP_005996.2:p.Val176Glu,0.802,26.0,['Unknown%20significance'],0.08,0.0,0.0,1.9,1.9
WFS1,4,6291263,NM_006005.3:c.527T>C,NP_005996.2:p.Val176Ala,0.473,22.6,['Unknown%20significance'],0.08,0.0,0.0,0.7,0.7
WFS1,4,6291265,NM_006005.3:c.529C>A,NP_005996.2:p.Arg177Ser,0.889,25.1,['Pathogenic'],0.1,0.0,0.0,1.5,1.5
WFS1,4,6291265,NM_006005.3:c.529C>T,NP_005996.2:p.Arg177Cys,0.898,27.5,['Pathogenic'],0.1,0.0,0.0,1.0,1.0
WFS1,4,6291266,NM_006005.3:c.530G>A,NP_005996.2:p.Arg177His,0.922,29.1,['Unknown%20significance'],0.1,0.0,0.0,0.4,0.4
WFS1,4,6291266,NM_006005.3:c.530G>C,NP_005996.2:p.Arg177Pro,0.500,29.5,['Pathogenic'],0.1,0.0,0.0,1.9,1.9
WFS1,4,6291266,NM_006005.3:c.530G>T,NP_005996.2:p.Arg177Leu,0.960,28.7,['Unknown%20significance'],0.1,0.0,0.0,-0.4,0.4
WFS1,4,6291271,NM_006005.3:c.535G>A,NP_005996.2:p.Ala179Thr,0.844,23.9,['Unknown%20significance'],0.0,0.0,0.0,0.4,0.4
WFS1,4,6291272,NM_006005.3:c.536C>T,NP_005996.2:p.Ala179Val,0.851,25.6,['Unknown%20significance'],0.0,0.0,0.0,-0.4,0.4
WFS1,4,6291275,NM_006005.3:c.539C>A,NP_005996.2:p.Ala180Asp,0.947,26.2,['Unknown%20significance'],0.0,0.0,0.0,1.7,1.7
WFS1,4,6291278,NM_006005.3:c.542T>A,NP_005996.2:p.Leu181Gln,0.633,25.9,['Unknown%20significance'],5.75,0.02,0.0,1.1,1.1
WFS1,4,6291278,NM_006005.3:c.542T>C,NP_005996.2:p.Leu181Pro,0.791,26.2,['Unknown%20significance'],5.75,0.02,0.0,2.0,2.0
WFS1,4,6291283,NM_006005.3:c.547A>G,NP_005996.2:p.Met183Val,0.645,22.6,['Unknown%20significance'],0.0,0.0,0.0,-0.0,0.0
WFS1,4,6291284,NM_006005.3:c.548T>C,NP_005996.2:p.Met183Thr,0.887,25.3,['Pathogenic'],0.0,0.0,0.0,2.3,2.3
WFS1,4,6291285,NM_006005.3:c.549G>A,NP_005996.2:p.Met183Ile,0.744,22.7,['Unknown%20significance'],0.0,0.0,0.0,-0.4,0.4
WFS1,4,6291287,NM_006005.3:c.551A>T,NP_005996.2:p.Tyr184Phe,0.627,22.7,['Unknown%20significance'],0.0,0.0,0.0,-0.1,0.1
WFS1,4,6291292,NM_006005.3:c.556A>C,NP_005996.2:p.Lys186Gln,0.648,26.3,['Unknown%20significance'],65.73,0.27,0.0,-0.4,0.4
WFS1,4,6291294,NM_006005.3:c.558G>C,NP_005996.2:p.Lys186Asn,0.516,23.6,['Unknown%20significance'],65.73,0.27,0.0,-0.1,0.1
WFS1,4,6291295,NM_006005.3:c.559C>G,NP_005996.2:p.Leu187Val,0.771,24.2,['Unknown%20significance'],0.0,0.0,0.0,1.7,1.7
WFS1,4,6291295,NM_006005.3:c.559C>T,NP_005996.2:p.Leu187Phe,0.746,25.0,['Pathogenic'],0.0,0.0,0.0,1.3,1.3
WFS1,4,6291298,NM_006005.3:c.562A>C,NP_005996.2:p.Asn188His,0.681,25.6,['Unknown%20significance'],0.0,0.0,0.0,-0.0,0.0
WFS1,4,6291299,NM_006005.3:c.563A>G,NP_005996.2:p.Asn188Ser,0.747,23.4,['Pathogenic'],0.0,0.0,0.0,0.2,0.2
WFS1,4,6291300,NM_006005.3:c.564C>A,NP_005996.2:p.Asn188Lys,0.443,22.1,['Unknown%20significance'],0.0,0.0,0.0,0.9,0.9
WFS1,4,6291301,NM_006005.3:c.565C>G,NP_005996.2:p.Pro189Ala,0.837,24.9,['Unknown%20significance'],74.79,0.47,0.0,0.3,0.3
WFS1,4,6291304,NM_006005.3:c.568A>C,NP_005996.2:p.Lys190Gln,0.237,21.8,['Unknown%20significance'],161.42,0.68,0.0,-0.2,0.2
WFS1,4,6291304,NM_006005.3:c.568A>G,NP_005996.2:p.Lys190Glu,0.295,19.17,['Unknown%20significance'],161.42,0.68,0.0,-0.2,0.2
WFS1,4,6291305,NM_006005.3:c.569A>G,NP_005996.2:p.Lys190Arg,0.222,22.0,['Likely%20benign'],161.42,0.68,0.0,-0.3,0.3
WFS1,4,6291308,NM_006005.3:c.572A>G,NP_005996.2:p.Lys191Arg,0.233,16.83,['Unknown%20significance'],173.28,0.73,0.0,-0.3,0.3
WFS1,4,6291309,NM_006005.3:c.573G>T,NP_005996.2:p.Lys191Asn,0.351,23.2,['Unknown%20significance'],173.28,0.73,0.0,-0.1,0.1
WFS1,4,6291310,NM_006005.3:c.574A>C,NP_005996.2:p.Lys192Gln,0.742,25.3,['Unknown%20significance'],83.96,0.35,0.0,-0.3,0.3
WFS1,4,6291311,NM_006005.3:c.575A>C,NP_005996.2:p.Lys192Thr,0.862,27.5,['Unknown%20significance'],83.96,0.35,0.0,-0.0,0.0
WFS1,4,6291311,NM_006005.3:c.575A>G,NP_005996.2:p.Lys192Arg,0.693,24.4,['Unknown%20significance'],83.96,0.35,0.0,-0.6,0.6
WFS1,4,6291313,NM_006005.3:c.577A>C,NP_005996.2:p.Lys193Gln,0.695,24.0,['Benign'],204.6,0.86,0.0,-0.1,0.1
WFS1,4,6291313,NM_006005.3:c.577A>G,NP_005996.2:p.Lys193Glu,0.656,26.7,['Unknown%20significance'],204.6,0.86,0.0,-0.1,0.1
WFS1,4,6291314,NM_006005.3:c.578A>G,NP_005996.2:p.Lys193Arg,0.626,22.9,['Unknown%20significance'],204.6,0.86,0.0,-0.2,0.2
WFS1,4,6291316,NM_006005.3:c.580C>A,NP_005996.2:p.Gln194Lys,0.193,17.43,['Likely%20benign'],105.04,0.53,0.0,0.4,0.4
WFS1,4,6291316,NM_006005.3:c.580C>G,NP_005996.2:p.Gln194Glu,0.309,19.15,['Unknown%20significance'],105.04,0.53,0.0,0.2,0.2
WFS1,4,6291318,NM_006005.3:c.582G>C,NP_005996.2:p.Gln194His,0.407,23.5,['Unknown%20significance'],105.04,0.53,0.0,-0.1,0.1
WFS1,4,6291319,NM_006005.3:c.583G>A,NP_005996.2:p.Val195Met,0.681,26.6,['Unknown%20significance'],0.0,0.0,0.0,0.5,0.5
WFS1,4,6291320,NM_006005.3:c.584T>C,NP_005996.2:p.Val195Ala,0.762,26.4,['Unknown%20significance'],0.0,0.0,0.0,2.5,2.5
WFS1,4,6291322,NM_006005.3:c.586G>A,NP_005996.2:p.Ala196Thr,0.376,23.0,['Unknown%20significance'],24.07,0.18,0.0,-0.5,0.5
WFS1,4,6291325,NM_006005.3:c.589G>A,NP_005996.2:p.Val197Met,0.468,23.6,['Unknown%20significance'],26.37,0.15,0.0,0.5,0.5
WFS1,4,6291328,NM_006005.3:c.592G>A,NP_005996.2:p.Ala198Thr,0.211,21.3,['Likely%20benign'],82.07,0.64,0.0,0.0,0.0
WFS1,4,6291328,NM_006005.3:c.592G>T,NP_005996.2:p.Ala198Ser,0.257,11.22,['Likely%20benign'],82.07,0.64,0.0,0.1,0.1
WFS1,4,6291329,NM_006005.3:c.593C>T,NP_005996.2:p.Ala198Val,0.280,22.9,['Unknown%20significance'],82.07,0.64,0.0,-0.1,0.1
WFS1,4,6291331,NM_006005.3:c.595G>C,NP_005996.2:p.Glu199Gln,0.662,26.3,['Unknown%20significance'],20.14,0.1,0.0,-0.6,0.6
WFS1,4,6291332,NM_006005.3:c.596A>G,NP_005996.2:p.Glu199Gly,0.864,32,['Unknown%20significance'],20.14,0.1,0.0,1.5,1.5
WFS1,4,6291335,NM_006005.3:c.599T>C,NP_005996.2:p.Leu200Pro,0.940,29.0,['Pathogenic'],0.0,0.0,0.0,4.0,4.0
WFS1,4,6291337,NM_006005.3:c.601C>A,NP_005996.2:p.Leu201Met,0.542,22.9,['Unknown%20significance'],60.42,0.31,0.0,0.3,0.3
WFS1,4,6291340,NM_006005.3:c.604G>A,NP_005996.2:p.Glu202Lys,0.731,26.7,['Unknown%20significance'],149.78,0.76,0.0,0.0,0.0
WFS1,4,6291340,NM_006005.3:c.604G>C,NP_005996.2:p.Glu202Gln,0.775,23.8,['Unknown%20significance'],149.78,0.76,0.0,-0.2,0.2
WFS1,4,6291341,NM_006005.3:c.605A>G,NP_005996.2:p.Glu202Gly,0.946,31,['Likely%20pathogenic'],149.78,0.76,0.0,0.4,0.4
WFS1,4,6291343,NM_006005.3:c.607A>G,NP_005996.2:p.Asn203Asp,0.689,25.0,['Unknown%20significance'],12.45,0.07,0.0,0.5,0.5
WFS1,4,6291344,NM_006005.3:c.608A>G,NP_005996.2:p.Asn203Ser,0.718,24.2,['Unknown%20significance'],12.45,0.07,0.0,0.2,0.2
WFS1,4,6291345,NM_006005.3:c.609T>A,NP_005996.2:p.Asn203Lys,0.227,14.73,['Unknown%20significance'],12.45,0.07,0.0,0.2,0.2
WFS1,4,6291346,NM_006005.3:c.610G>A,NP_005996.2:p.Val204Ile,0.542,22.5,['Unknown%20significance'],0.32,0.0,0.0,-0.3,0.3
WFS1,4,6291349,NM_006005.3:c.613G>A,NP_005996.2:p.Gly205Ser,0.231,17.24,['Unknown%20significance'],36.79,0.38,0.0,-0.3,0.3
WFS1,4,6291349,NM_006005.3:c.613G>T,NP_005996.2:p.Gly205Cys,0.519,24.3,['Unknown%20significance'],36.79,0.38,0.0,-0.2,0.2
WFS1,4,6291350,NM_006005.3:c.614G>A,NP_005996.2:p.Gly205Asp,0.300,17.92,['Unknown%20significance'],36.79,0.38,0.0,-0.1,0.1
WFS1,4,6291350,NM_006005.3:c.614G>T,NP_005996.2:p.Gly205Val,0.584,21.8,['Unknown%20significance'],36.79,0.38,0.0,-0.7,0.7
WFS1,4,6291354,NM_006005.3:c.618G>C,NP_005996.2:p.Gln206His,0.405,12.62,['Unknown%20significance'],53.25,0.26,0.0,-0.0,0.0
WFS1,4,6291355,NM_006005.3:c.619G>T,NP_005996.2:p.Val207Phe,0.738,24.8,['Unknown%20significance'],0.42,0.0,0.0,0.5,0.5
WFS1,4,6291359,NM_006005.3:c.623A>C,NP_005996.2:p.Asn208Thr,0.500,20.4,['Unknown%20significance'],12.43,0.07,0.0,0.1,0.1
WFS1,4,6291359,NM_006005.3:c.623A>G,NP_005996.2:p.Asn208Ser,0.348,21.4,['Unknown%20significance'],12.43,0.07,0.0,0.5,0.5
WFS1,4,6291361,NM_006005.3:c.625G>A,NP_005996.2:p.Glu209Lys,0.195,15.37,['Unknown%20significance'],107.27,0.54,0.0,0.0,0.0
WFS1,4,6291364,NM_006005.3:c.628C>T,NP_005996.2:p.His210Tyr,0.301,23.0,['Unknown%20significance'],114.17,0.55,0.0,-0.2,0.2
WFS1,4,6291367,NM_006005.3:c.631G>A,NP_005996.2:p.Asp211Asn,0.397,26.4,['Likely%20pathogenic'],182.54,1.0,0.0,-0.0,0.0
WFS1,4,6291367,NM_006005.3:c.631G>C,NP_005996.2:p.Asp211His,0.631,33,['Unknown%20significance'],182.54,1.0,0.0,-0.0,0.0
WFS1,4,6291917,NM_006005.3:c.632A>G,NP_005996.2:p.Asp211Gly,0.399,20.8,['Unknown%20significance'],182.54,1.0,0.0,0.1,0.1
WFS1,4,6291919,NM_006005.3:c.634G>A,NP_005996.2:p.Gly212Arg,0.592,24.3,['Unknown%20significance'],60.43,0.63,0.0,-0.2,0.2
WFS1,4,6291920,NM_006005.3:c.635G>A,NP_005996.2:p.Gly212Glu,0.574,22.5,['Unknown%20significance'],60.43,0.63,0.0,0.2,0.2
WFS1,4,6291920,NM_006005.3:c.635G>T,NP_005996.2:p.Gly212Val,0.588,23.0,['Unknown%20significance'],60.43,0.63,0.0,0.1,0.1
WFS1,4,6291922,NM_006005.3:c.637G>A,NP_005996.2:p.Gly213Arg,0.263,17.97,['Likely%20benign'],90.66,0.95,0.0,-0.1,0.1
WFS1,4,6291922,NM_006005.3:c.637G>T,NP_005996.2:p.Gly213Trp,0.382,23.9,['Unknown%20significance'],90.66,0.95,0.0,-0.1,0.1
WFS1,4,6291923,NM_006005.3:c.638G>A,NP_005996.2:p.Gly213Glu,0.252,6.351,['Unknown%20significance'],90.66,0.95,0.0,-0.0,0.0
WFS1,4,6291926,NM_006005.3:c.641C>G,NP_005996.2:p.Ala214Gly,0.299,0.743,['Unknown%20significance'],122.02,0.95,0.0,0.1,0.1
WFS1,4,6291926,NM_006005.3:c.641C>T,NP_005996.2:p.Ala214Val,0.335,0.100,['Unknown%20significance'],122.02,0.95,0.0,-0.1,0.1
WFS1,4,6291930,NM_006005.3:c.645G>T,NP_005996.2:p.Gln215His,0.340,20.5,['Unknown%20significance'],174.13,0.88,0.0,0.0,0.0
WFS1,4,6291931,NM_006005.3:c.646C>A,NP_005996.2:p.Pro216Thr,0.445,17.40,['Unknown%20significance'],172.41,1.0,0.0,0.0,0.0
WFS1,4,6291931,NM_006005.3:c.646C>T,NP_005996.2:p.Pro216Ser,0.355,17.68,['Unknown%20significance'],172.41,1.0,0.0,0.0,0.0
WFS1,4,6291932,NM_006005.3:c.647C>G,NP_005996.2:p.Pro216Arg,0.323,19.34,['Unknown%20significance'],172.41,1.0,0.0,0.0,0.0
WFS1,4,6291932,NM_006005.3:c.647C>T,NP_005996.2:p.Pro216Leu,0.591,23.6,['Unknown%20significance'],172.41,1.0,0.0,0.0,0.0
WFS1,4,6291934,NM_006005.3:c.649G>T,NP_005996.2:p.Gly217Cys,0.654,22.7,['Unknown%20significance'],53.65,0.56,0.0,0.2,0.2
WFS1,4,6291935,NM_006005.3:c.650G>T,NP_005996.2:p.Gly217Val,0.616,21.2,['Unknown%20significance'],53.65,0.56,0.0,-0.1,0.1
WFS1,4,6291937,NM_006005.3:c.652C>G,NP_005996.2:p.Pro218Ala,0.476,20.5,['Unknown%20significance'],145.16,0.92,0.0,0.1,0.1
WFS1,4,6291937,NM_006005.3:c.652C>T,NP_005996.2:p.Pro218Ser,0.522,22.1,['Unknown%20significance'],145.16,0.92,0.0,0.1,0.1
WFS1,4,6291938,NM_006005.3:c.653C>A,NP_005996.2:p.Pro218His,0.479,23.8,['Unknown%20significance'],145.16,0.92,0.0,0.1,0.1
WFS1,4,6291938,NM_006005.3:c.653C>T,NP_005996.2:p.Pro218Leu,0.544,24.1,['Unknown%20significance'],145.16,0.92,0.0,-0.0,0.0
WFS1,4,6291940,NM_006005.3:c.655G>A,NP_005996.2:p.Val219Met,0.160,16.58,['Likely%20benign'],102.64,0.59,0.0,0.1,0.1
WFS1,4,6291940,NM_006005.3:c.655G>C,NP_005996.2:p.Val219Leu,0.247,15.22,['Likely%20benign'],102.64,0.59,0.0,0.0,0.0
WFS1,4,6291941,NM_006005.3:c.656T>C,NP_005996.2:p.Val219Ala,0.257,20.6,['Unknown%20significance'],102.64,0.59,0.0,0.5,0.5
WFS1,4,6291943,NM_006005.3:c.658C>T,NP_005996.2:p.Pro220Ser,0.398,18.17,['Unknown%20significance'],85.13,0.54,0.0,0.2,0.2
WFS1,4,6291944,NM_006005.3:c.659C>T,NP_005996.2:p.Pro220Leu,0.631,24.2,['Unknown%20significance'],85.13,0.54,0.0,-0.1,0.1
WFS1,4,6291947,NM_006005.3:c.662A>C,NP_005996.2:p.Lys221Thr,0.203,19.18,['Unknown%20significance'],208.59,0.88,0.0,-0.1,0.1
WFS1,4,6291947,NM_006005.3:c.662A>G,NP_005996.2:p.Lys221Arg,0.198,20.4,['Unknown%20significance'],208.59,0.88,0.0,-0.2,0.2
WFS1,4,6291948,NM_006005.3:c.663G>C,NP_005996.2:p.Lys221Asn,0.319,22.9,['Unknown%20significance'],208.59,0.88,0.0,-0.0,0.0
WFS1,4,6291950,NM_006005.3:c.665C>A,NP_005996.2:p.Ser222Tyr,0.310,23.2,['Unknown%20significance'],82.63,0.59,0.0,-0.3,0.3
WFS1,4,6291952,NM_006005.3:c.667C>A,NP_005996.2:p.Leu223Met,0.176,13.18,['Unknown%20significance'],44.58,0.23,0.0,-0.0,0.0
WFS1,4,6291953,NM_006005.3:c.668T>C,NP_005996.2:p.Leu223Pro,0.249,20.8,['Likely%20benign'],44.58,0.23,0.0,0.9,0.9
WFS1,4,6291955,NM_006005.3:c.670C>A,NP_005996.2:p.Gln224Lys,0.356,19.13,['Unknown%20significance'],42.28,0.21,0.0,0.7,0.7
WFS1,4,6291956,NM_006005.3:c.671A>G,NP_005996.2:p.Gln224Arg,0.554,23.7,['Unknown%20significance'],42.28,0.21,0.0,0.0,0.0
WFS1,4,6291957,NM_006005.3:c.672G>T,NP_005996.2:p.Gln224His,0.551,27.4,['Unknown%20significance'],42.28,0.21,0.0,0.1,0.1
WFS1,4,6291958,NM_006005.3:c.673A>C,NP_005996.2:p.Lys225Gln,0.567,26.2,['Unknown%20significance'],77.44,0.32,0.0,-0.4,0.4
WFS1,4,6291958,NM_006005.3:c.673A>G,NP_005996.2:p.Lys225Glu,0.572,24.4,['Unknown%20significance'],77.44,0.32,0.0,-0.1,0.1
WFS1,4,6291960,NM_006005.3:c.675G>T,NP_005996.2:p.Lys225Asn,0.416,27.0,['Unknown%20significance'],77.44,0.32,0.0,-0.1,0.1
WFS1,4,6291961,NM_006005.3:c.676C>A,NP_005996.2:p.Gln226Lys,0.716,25.2,['Unknown%20significance'],7.59,0.03,0.0,1.4,1.4
WFS1,4,6291964,NM_006005.3:c.679A>G,NP_005996.2:p.Arg227Gly,0.701,25.0,['Unknown%20significance'],135.37,0.5,0.0,1.1,1.1
WFS1,4,6291966,NM_006005.3:c.681G>T,NP_005996.2:p.Arg227Ser,0.647,23.0,['Unknown%20significance'],135.37,0.5,0.0,0.7,0.7
WFS1,4,6291967,NM_006005.3:c.682C>A,NP_005996.2:p.Arg228Ser,0.650,25.8,['Unknown%20significance'],70.79,0.26,0.0,1.1,1.1
WFS1,4,6291967,NM_006005.3:c.682C>T,NP_005996.2:p.Arg228Cys,0.788,29.5,['Unknown%20significance'],70.79,0.26,0.0,1.4,1.4
WFS1,4,6291968,NM_006005.3:c.683G>A,NP_005996.2:p.Arg228His,0.625,27.8,['Pathogenic'],70.79,0.26,0.0,0.5,0.5
WFS1,4,6291968,NM_006005.3:c.683G>T,NP_005996.2:p.Arg228Leu,0.701,23.3,['Unknown%20significance'],70.79,0.26,0.0,0.6,0.6
WFS1,4,6291970,NM_006005.3:c.685A>G,NP_005996.2:p.Met229Val,0.331,14.30,['Likely%20benign'],3.15,0.01,0.0,-0.5,0.5
WFS1,4,6291971,NM_006005.3:c.686T>C,NP_005996.2:p.Met229Thr,0.299,23.3,['Unknown%20significance'],3.15,0.01,0.0,0.8,0.8
WFS1,4,6291972,NM_006005.3:c.687G>A,NP_005996.2:p.Met229Ile,0.252,17.15,['Unknown%20significance'],3.15,0.01,0.0,-0.5,0.5
WFS1,4,6291972,NM_006005.3:c.687G>C,NP_005996.2:p.Met229Ile,0.252,16.64,['Unknown%20significance'],3.15,0.01,0.0,-0.5,0.5
WFS1,4,6291972,NM_006005.3:c.687G>T,NP_005996.2:p.Met229Ile,0.252,16.72,['Unknown%20significance'],3.15,0.01,0.0,-0.5,0.5
WFS1,4,6291973,NM_006005.3:c.688C>A,NP_005996.2:p.Leu230Met,0.553,23.1,['Unknown%20significance'],0.0,0.0,0.0,1.3,1.3
WFS1,4,6291974,NM_006005.3:c.689T>C,NP_005996.2:p.Leu230Pro,0.831,28.3,['Unknown%20significance'],0.0,0.0,0.0,3.4,3.4
WFS1,4,6291976,NM_006005.3:c.691G>A,NP_005996.2:p.Glu231Lys,0.727,28.4,['Likely%20benign'],36.8,0.18,0.0,0.5,0.5
WFS1,4,6291977,NM_006005.3:c.692A>G,NP_005996.2:p.Glu231Gly,0.797,32,['Unknown%20significance'],36.8,0.18,0.0,1.1,1.1
WFS1,4,6291978,NM_006005.3:c.693G>T,NP_005996.2:p.Glu231Asp,0.629,23.9,['Unknown%20significance'],36.8,0.18,0.0,0.4,0.4
WFS1,4,6291979,NM_006005.3:c.694C>A,NP_005996.2:p.Arg232Ser,0.391,21.9,['Unknown%20significance'],74.43,0.27,0.0,0.7,0.7
WFS1,4,6291979,NM_006005.3:c.694C>T,NP_005996.2:p.Arg232Cys,0.545,24.6,['Unknown%20significance'],74.43,0.27,0.0,0.6,0.6
WFS1,4,6291980,NM_006005.3:c.695G>A,NP_005996.2:p.Arg232His,0.413,23.4,['Unknown%20significance'],74.43,0.27,0.0,0.3,0.3
WFS1,4,6291980,NM_006005.3:c.695G>C,NP_005996.2:p.Arg232Pro,0.089,29.9,['Pathogenic'],74.43,0.27,0.0,1.0,1.0
WFS1,4,6291980,NM_006005.3:c.695G>T,NP_005996.2:p.Arg232Leu,0.624,24.7,['Unknown%20significance'],74.43,0.27,0.0,0.0,0.0
WFS1,4,6291983,NM_006005.3:c.698T>C,NP_005996.2:p.Leu233Pro,0.800,29.1,['Unknown%20significance'],0.0,0.0,0.0,2.8,2.8
WFS1,4,6291985,NM_006005.3:c.700G>T,NP_005996.2:p.Val234Phe,0.779,27.4,['Unknown%20significance'],0.0,0.0,0.0,0.4,0.4
WFS1,4,6291988,NM_006005.3:c.703A>G,NP_005996.2:p.Ser235Gly,0.556,23.8,['Unknown%20significance'],13.1,0.09,0.0,1.0,1.0
WFS1,4,6291989,NM_006005.3:c.704G>A,NP_005996.2:p.Ser235Asn,0.264,21.8,['Unknown%20significance'],13.1,0.09,0.0,0.2,0.2
WFS1,4,6291989,NM_006005.3:c.704G>C,NP_005996.2:p.Ser235Thr,0.250,21.0,['Unknown%20significance'],13.1,0.09,0.0,-0.4,0.4
WFS1,4,6291990,NM_006005.3:c.705C>A,NP_005996.2:p.Ser235Arg,0.520,23.5,['Unknown%20significance'],13.1,0.09,0.0,-0.5,0.5
WFS1,4,6291992,NM_006005.3:c.707G>A,NP_005996.2:p.Ser236Asn,0.269,20.2,['Unknown%20significance'],5.36,0.03,0.0,0.1,0.1
WFS1,4,6291993,NM_006005.3:c.708C>A,NP_005996.2:p.Ser236Arg,0.563,0.001,['Likely%20benign'],5.36,0.03,0.0,-0.5,0.5
WFS1,4,6291993,NM_006005.3:c.708C>G,NP_005996.2:p.Ser236Arg,0.576,0.002,['Pathogenic'],5.36,0.03,0.0,-0.5,0.5
WFS1,4,6291994,NM_006005.3:c.709G>A,NP_005996.2:p.Glu237Lys,0.704,25.3,['Unknown%20significance'],47.55,0.24,0.0,0.4,0.4
WFS1,4,6291994,NM_006005.3:c.709G>C,NP_005996.2:p.Glu237Gln,0.578,24.6,['Unknown%20significance'],47.55,0.24,0.0,-0.2,0.2
WFS1,4,6291996,NM_006005.3:c.711G>T,NP_005996.2:p.Glu237Asp,0.496,5.185,['Likely%20benign'],47.55,0.24,0.0,0.2,0.2
WFS1,4,6291997,NM_006005.3:c.712T>C,NP_005996.2:p.Ser238Pro,0.600,24.4,['Unknown%20significance'],131.79,0.95,0.0,0.1,0.1
WFS1,4,6295041,NM_006005.3:c.713C>T,NP_005996.2:p.Ser238Phe,0.614,32,['Unknown%20significance'],131.79,0.95,0.0,0.0,0.0
WFS1,4,6295044,NM_006005.3:c.716A>G,NP_005996.2:p.Lys239Arg,0.385,23.6,['Unknown%20significance'],111.76,0.47,0.0,-0.5,0.5
WFS1,4,6295045,NM_006005.3:c.717G>C,NP_005996.2:p.Lys239Asn,0.321,23.5,['Unknown%20significance'],111.76,0.47,0.0,-0.1,0.1
WFS1,4,6295046,NM_006005.3:c.718A>T,NP_005996.2:p.Asn240Tyr,0.267,25.9,['Unknown%20significance'],121.09,0.75,0.0,-0.3,0.3
WFS1,4,6295050,NM_006005.3:c.722A>C,NP_005996.2:p.Tyr241Ser,0.304,22.3,['Likely%20benign'],130.97,0.54,0.0,1.0,1.0
WFS1,4,6295050,NM_006005.3:c.722A>G,NP_005996.2:p.Tyr241Cys,0.337,22.6,['Likely%20benign'],130.97,0.54,0.0,0.9,0.9
WFS1,4,6295052,NM_006005.3:c.724A>G,NP_005996.2:p.Ile242Val,0.187,16.96,['Likely%20benign'],0.0,0.0,0.0,0.6,0.6
WFS1,4,6295054,NM_006005.3:c.726C>G,NP_005996.2:p.Ile242Met,0.255,7.664,['Likely%20benign'],0.0,0.0,0.0,1.3,1.3
WFS1,4,6295055,NM_006005.3:c.727G>A,NP_005996.2:p.Ala243Thr,0.239,21.8,['Unknown%20significance'],15.97,0.12,0.0,-0.5,0.5
WFS1,4,6295056,NM_006005.3:c.728C>T,NP_005996.2:p.Ala243Val,0.301,23.0,['Unknown%20significance'],15.97,0.12,0.0,-0.5,0.5
WFS1,4,6295063,NM_006005.3:c.735T>A,NP_005996.2:p.Asp245Glu,0.360,2.598,['Unknown%20significance'],42.69,0.26,0.0,0.1,0.1
WFS1,4,6295063,NM_006005.3:c.735T>G,NP_005996.2:p.Asp245Glu,0.360,2.780,['Unknown%20significance'],42.69,0.26,0.0,0.1,0.1
WFS1,4,6295064,NM_006005.3:c.736G>A,NP_005996.2:p.Asp246Asn,0.612,28.7,['Unknown%20significance'],30.24,0.18,0.0,-0.5,0.5
WFS1,4,6295065,NM_006005.3:c.737A>G,NP_005996.2:p.Asp246Gly,0.866,28.5,['Unknown%20significance'],30.24,0.18,0.0,0.5,0.5
WFS1,4,6295066,NM_006005.3:c.738C>G,NP_005996.2:p.Asp246Glu,0.591,19.17,['Unknown%20significance'],30.24,0.18,0.0,-0.0,0.0
WFS1,4,6295069,NM_006005.3:c.741T>G,NP_005996.2:p.Phe247Leu,0.694,23.1,['Unknown%20significance'],0.0,0.0,0.0,0.5,0.5
WFS1,4,6295070,NM_006005.3:c.742G>T,NP_005996.2:p.Val248Leu,0.808,25.2,['Unknown%20significance'],0.0,0.0,0.0,1.2,1.2
WFS1,4,6295071,NM_006005.3:c.743T>G,NP_005996.2:p.Val248Gly,0.984,29.1,['Pathogenic'],0.0,0.0,0.0,4.8,4.8
WFS1,4,6295073,NM_006005.3:c.745G>A,NP_005996.2:p.Glu249Lys,0.834,25.8,['Unknown%20significance'],43.93,0.22,0.0,0.2,0.2
WFS1,4,6295073,NM_006005.3:c.745G>C,NP_005996.2:p.Glu249Gln,0.745,31,['Unknown%20significance'],43.93,0.22,0.0,-0.5,0.5
WFS1,4,6295075,NM_006005.3:c.747G>T,NP_005996.2:p.Glu249Asp,0.666,23.4,['Unknown%20significance'],43.93,0.22,0.0,0.4,0.4
WFS1,4,6295078,NM_006005.3:c.750C>G,NP_005996.2:p.Ile250Met,0.213,17.99,['Unknown%20significance'],5.61,0.02,0.0,0.5,0.5
WFS1,4,6295079,NM_006005.3:c.751A>C,NP_005996.2:p.Thr251Pro,0.941,26.9,['Unknown%20significance'],0.0,0.0,0.0,1.4,1.4
WFS1,4,6295079,NM_006005.3:c.751A>G,NP_005996.2:p.Thr251Ala,0.705,23.7,['Unknown%20significance'],0.0,0.0,0.0,-0.1,0.1
WFS1,4,6295080,NM_006005.3:c.752C>G,NP_005996.2:p.Thr251Ser,0.781,25.0,['Unknown%20significance'],0.0,0.0,0.0,0.9,0.9
WFS1,4,6295082,NM_006005.3:c.754A>G,NP_005996.2:p.Lys252Glu,0.867,27.1,['Unknown%20significance'],9.85,0.04,0.0,-0.1,0.1
WFS1,4,6295086,NM_006005.3:c.758A>G,NP_005996.2:p.Lys253Arg,0.415,22.3,['Unknown%20significance'],106.17,0.44,0.0,-0.5,0.5
WFS1,4,6295087,NM_006005.3:c.759G>C,NP_005996.2:p.Lys253Asn,0.416,20.9,['Unknown%20significance'],106.17,0.44,0.0,-0.2,0.2
WFS1,4,6295091,NM_006005.3:c.763G>A,NP_005996.2:p.Ala255Thr,0.606,24.5,['Unknown%20significance'],0.04,0.0,0.0,0.4,0.4
WFS1,4,6295092,NM_006005.3:c.764C>T,NP_005996.2:p.Ala255Val,0.683,24.1,['Unknown%20significance'],0.04,0.0,0.0,-0.2,0.2
WFS1,4,6295094,NM_006005.3:c.766A>G,NP_005996.2:p.Lys256Glu,0.282,17.29,['Unknown%20significance'],56.1,0.23,0.0,0.0,0.0
WFS1,4,6295097,NM_006005.3:c.769G>A,NP_005996.2:p.Gly257Ser,0.928,25.5,['Unknown%20significance'],0.45,0.0,0.0,1.2,1.2
WFS1,4,6295100,NM_006005.3:c.772G>A,NP_005996.2:p.Val258Ile,0.248,4.546,['Unknown%20significance'],88.02,0.51,0.0,-0.3,0.3
WFS1,4,6295100,NM_006005.3:c.772G>T,NP_005996.2:p.Val258Phe,0.426,21.0,['Unknown%20significance'],88.02,0.51,0.0,-0.0,0.0
WFS1,4,6295101,NM_006005.3:c.773T>C,NP_005996.2:p.Val258Ala,0.333,23.2,['Unknown%20significance'],88.02,0.51,0.0,0.6,0.6
WFS1,4,6295103,NM_006005.3:c.775A>G,NP_005996.2:p.Ile259Val,0.167,12.16,['Likely%20benign'],22.5,0.11,0.0,0.3,0.3
WFS1,4,6295104,NM_006005.3:c.776T>C,NP_005996.2:p.Ile259Thr,0.504,21.3,['Unknown%20significance'],22.5,0.11,0.0,1.3,1.3
WFS1,4,6295105,NM_006005.3:c.777C>G,NP_005996.2:p.Ile259Met,0.377,16.72,['Unknown%20significance'],22.5,0.11,0.0,0.2,0.2
WFS1,4,6295106,NM_006005.3:c.778C>T,NP_005996.2:p.Pro260Ser,0.780,23.8,['Unknown%20significance'],36.19,0.23,0.0,1.5,1.5
WFS1,4,6295109,NM_006005.3:c.781A>G,NP_005996.2:p.Ser261Gly,0.173,13.48,['Likely%20benign'],100.65,0.72,0.0,0.3,0.3
WFS1,4,6295110,NM_006005.3:c.782G>C,NP_005996.2:p.Ser261Thr,0.305,3.273,['Likely%20benign'],100.65,0.72,0.0,-0.2,0.2
WFS1,4,6295111,NM_006005.3:c.783C>A,NP_005996.2:p.Ser261Arg,0.221,16.32,['Likely%20benign'],100.65,0.72,0.0,-0.1,0.1
WFS1,4,6295118,NM_006005.3:c.790T>C,NP_005996.2:p.Phe264Leu,0.177,16.18,['Likely%20benign'],55.12,0.23,0.0,0.2,0.2
WFS1,4,6295118,NM_006005.3:c.790T>G,NP_005996.2:p.Phe264Val,0.212,16.41,['Likely%20benign'],55.12,0.23,0.0,0.3,0.3
WFS1,4,6295119,NM_006005.3:c.791T>C,NP_005996.2:p.Phe264Ser,0.206,17.25,['Unknown%20significance'],55.12,0.23,0.0,1.3,1.3
WFS1,4,6295120,NM_006005.3:c.792C>A,NP_005996.2:p.Phe264Leu,0.190,13.72,['Likely%20benign'],55.12,0.23,0.0,0.2,0.2
WFS1,4,6295120,NM_006005.3:c.792C>G,NP_005996.2:p.Phe264Leu,0.191,13.55,['Unknown%20significance'],55.12,0.23,0.0,0.2,0.2
WFS1,4,6295125,NM_006005.3:c.797A>G,NP_005996.2:p.Gln266Arg,0.215,15.71,['Likely%20benign'],83.13,0.42,0.0,-0.2,0.2
WFS1,4,6295127,NM_006005.3:c.799G>A,NP_005996.2:p.Asp267Asn,0.333,24.7,['Unknown%20significance'],75.2,0.47,0.0,-0.3,0.3
WFS1,4,6295129,NM_006005.3:c.801C>G,NP_005996.2:p.Asp267Glu,0.150,0.065,['Likely%20benign'],75.2,0.47,0.0,-0.1,0.1
WFS1,4,6295130,NM_006005.3:c.802G>A,NP_005996.2:p.Asp268Asn,0.347,21.2,['Unknown%20significance'],120.57,0.75,0.0,-0.1,0.1
WFS1,4,6295130,NM_006005.3:c.802G>T,NP_005996.2:p.Asp268Tyr,0.388,22.8,['Unknown%20significance'],120.57,0.75,0.0,-0.5,0.5
WFS1,4,6295131,NM_006005.3:c.803A>G,NP_005996.2:p.Asp268Gly,0.207,15.49,['Unknown%20significance'],120.57,0.75,0.0,0.1,0.1
WFS1,4,6295132,NM_006005.3:c.804C>G,NP_005996.2:p.Asp268Glu,0.135,0.109,['Likely%20benign'],120.57,0.75,0.0,-0.0,0.0
WFS1,4,6295133,NM_006005.3:c.805G>A,NP_005996.2:p.Glu269Lys,0.395,14.14,['Unknown%20significance'],166.95,0.85,0.0,-0.1,0.1
WFS1,4,6295134,NM_006005.3:c.806A>G,NP_005996.2:p.Glu269Gly,0.192,14.05,['Unknown%20significance'],166.95,0.85,0.0,0.1,0.1
WFS1,4,6295135,NM_006005.3:c.807A>C,NP_005996.2:p.Glu269Asp,0.223,0.019,['Likely%20benign'],166.95,0.85,0.0,-0.0,0.0
WFS1,4,6295135,NM_006005.3:c.807A>T,NP_005996.2:p.Glu269Asp,0.223,0.021,['Unknown%20significance'],166.95,0.85,0.0,-0.0,0.0
WFS1,4,6295136,NM_006005.3:c.808G>T,NP_005996.2:p.Asp270Tyr,0.602,24.2,['Unknown%20significance'],151.39,0.94,0.0,-0.0,0.0
WFS1,4,6295139,NM_006005.3:c.811G>A,NP_005996.2:p.Asp271Asn,0.326,21.7,['Unknown%20significance'],112.39,0.7,0.0,-0.0,0.0
WFS1,4,6295144,NM_006005.3:c.816C>G,NP_005996.2:p.Asp272Glu,0.289,0.010,['Likely%20benign'],132.63,0.82,0.0,0.0,0.0
WFS1,4,6295145,NM_006005.3:c.817G>A,NP_005996.2:p.Glu273Lys,0.616,23.7,['Unknown%20significance'],145.14,0.74,0.0,-0.0,0.0
WFS1,4,6295145,NM_006005.3:c.817G>C,NP_005996.2:p.Glu273Gln,0.541,21.9,['Unknown%20significance'],145.14,0.74,0.0,-0.1,0.1
WFS1,4,6295146,NM_006005.3:c.818A>C,NP_005996.2:p.Glu273Ala,0.713,23.5,['Unknown%20significance'],145.14,0.74,0.0,0.1,0.1
WFS1,4,6295149,NM_006005.3:c.821T>G,NP_005996.2:p.Leu274Arg,0.541,22.5,['Unknown%20significance'],115.5,0.59,0.0,0.1,0.1
WFS1,4,6295151,NM_006005.3:c.823G>A,NP_005996.2:p.Ala275Thr,0.189,20.4,['Unknown%20significance'],96.77,0.76,0.0,-0.0,0.0
WFS1,4,6295151,NM_006005.3:c.823G>C,NP_005996.2:p.Ala275Pro,0.230,21.1,['Unknown%20significance'],96.77,0.76,0.0,0.1,0.1
WFS1,4,6295151,NM_006005.3:c.823G>T,NP_005996.2:p.Ala275Ser,0.198,18.96,['Unknown%20significance'],96.77,0.76,0.0,0.0,0.0
WFS1,4,6295152,NM_006005.3:c.824C>G,NP_005996.2:p.Ala275Gly,0.168,19.58,['Unknown%20significance'],96.77,0.76,0.0,0.3,0.3
WFS1,4,6295152,NM_006005.3:c.824C>T,NP_005996.2:p.Ala275Val,0.124,18.52,['Unknown%20significance'],96.77,0.76,0.0,-0.1,0.1
WFS1,4,6295154,NM_006005.3:c.826G>A,NP_005996.2:p.Gly276Arg,0.481,22.2,['Unknown%20significance'],106.89,1.0,0.0,-0.1,0.1
WFS1,4,6295155,NM_006005.3:c.827G>T,NP_005996.2:p.Gly276Val,0.350,19.56,['Unknown%20significance'],106.89,1.0,0.0,-0.1,0.1
WFS1,4,6295157,NM_006005.3:c.829A>G,NP_005996.2:p.Lys277Glu,0.271,22.0,['Unknown%20significance'],67.12,0.28,0.0,0.2,0.2
WFS1,4,6295158,NM_006005.3:c.830A>G,NP_005996.2:p.Lys277Arg,0.204,19.71,['Unknown%20significance'],67.12,0.28,0.0,-0.8,0.8
WFS1,4,6295161,NM_006005.3:c.833G>A,NP_005996.2:p.Ser278Asn,0.209,17.24,['Likely%20benign'],46.03,0.33,0.0,0.1,0.1
WFS1,4,6295161,NM_006005.3:c.833G>T,NP_005996.2:p.Ser278Ile,0.330,20.4,['Likely%20benign'],46.03,0.33,0.0,-0.0,0.0
WFS1,4,6295162,NM_006005.3:c.834C>A,NP_005996.2:p.Ser278Arg,0.223,17.74,['Unknown%20significance'],46.03,0.33,0.0,-0.1,0.1
WFS1,4,6295164,NM_006005.3:c.836C>G,NP_005996.2:p.Pro279Arg,0.677,22.3,['Unknown%20significance'],57.54,0.36,0.0,-0.2,0.2
WFS1,4,6295164,NM_006005.3:c.836C>T,NP_005996.2:p.Pro279Leu,0.585,25.2,['Unknown%20significance'],57.54,0.36,0.0,-0.8,0.8
WFS1,4,6295166,NM_006005.3:c.838G>A,NP_005996.2:p.Glu280Lys,0.522,22.9,['Unknown%20significance'],73.95,0.37,0.0,0.6,0.6
WFS1,4,6295167,NM_006005.3:c.839A>G,NP_005996.2:p.Glu280Gly,0.660,24.5,['Unknown%20significance'],73.95,0.37,0.0,0.8,0.8
WFS1,4,6295169,NM_006005.3:c.841G>A,NP_005996.2:p.Asp281Asn,0.365,24.2,['Unknown%20significance'],61.36,0.38,0.0,-0.3,0.3
WFS1,4,6295169,NM_006005.3:c.841G>C,NP_005996.2:p.Asp281His,0.475,26.1,['Unknown%20significance'],61.36,0.38,0.0,-1.1,1.1
WFS1,4,6295170,NM_006005.3:c.842A>C,NP_005996.2:p.Asp281Ala,0.308,23.1,['Unknown%20significance'],61.36,0.38,0.0,-0.1,0.1
WFS1,4,6295171,NM_006005.3:c.843C>A,NP_005996.2:p.Asp281Glu,0.289,15.80,['Unknown%20significance'],61.36,0.38,0.0,-0.2,0.2
WFS1,4,6295172,NM_006005.3:c.844C>A,NP_005996.2:p.Leu282Met,0.603,16.80,['Unknown%20significance'],20.58,0.1,0.0,0.2,0.2
WFS1,4,6295173,NM_006005.3:c.845T>C,NP_005996.2:p.Leu282Pro,0.786,24.0,['Unknown%20significance'],20.58,0.1,0.0,2.1,2.1
WFS1,4,6295175,NM_006005.3:c.847C>G,NP_005996.2:p.Pro283Ala,0.799,23.6,['Unknown%20significance'],51.21,0.32,0.0,0.6,0.6
WFS1,4,6295175,NM_006005.3:c.847C>T,NP_005996.2:p.Pro283Ser,0.791,24.2,['Unknown%20significance'],51.21,0.32,0.0,0.8,0.8
WFS1,4,6295176,NM_006005.3:c.848C>T,NP_005996.2:p.Pro283Leu,0.788,24.9,['Unknown%20significance'],51.21,0.32,0.0,0.2,0.2
WFS1,4,6295179,NM_006005.3:c.851T>C,NP_005996.2:p.Leu284Pro,0.803,25.3,['Unknown%20significance'],105.36,0.54,0.0,1.2,1.2
WFS1,4,6295181,NM_006005.3:c.853C>T,NP_005996.2:p.Arg285Cys,0.661,25.7,['Unknown%20significance'],230.83,0.85,0.0,0.1,0.1
WFS1,4,6295182,NM_006005.3:c.854G>A,NP_005996.2:p.Arg285His,0.174,16.47,['Benign'],230.83,0.85,0.0,0.0,0.0
WFS1,4,6295182,NM_006005.3:c.854G>C,NP_005996.2:p.Arg285Pro,0.685,22.5,['Unknown%20significance'],230.83,0.85,0.0,0.2,0.2
WFS1,4,6295185,NM_006005.3:c.857T>C,NP_005996.2:p.Leu286Pro,0.645,22.3,['Unknown%20significance'],66.71,0.34,0.0,1.6,1.6
WFS1,4,6295188,NM_006005.3:c.860A>G,NP_005996.2:p.Lys287Arg,0.319,16.45,['Likely%20benign'],10.93,0.04,0.0,-1.3,1.3
WFS1,4,6295189,NM_006005.3:c.861G>C,NP_005996.2:p.Lys287Asn,0.511,24.7,['Unknown%20significance'],10.93,0.04,0.0,0.5,0.5
WFS1,4,6300657,NM_006005.3:c.862G>A,NP_005996.2:p.Val288Met,0.186,15.08,['Pathogenic'],45.47,0.26,0.0,0.5,0.5
WFS1,4,6300657,NM_006005.3:c.862G>C,NP_005996.2:p.Val288Leu,0.234,16.12,['Likely%20benign'],45.47,0.26,0.0,0.0,0.0
WFS1,4,6300658,NM_006005.3:c.863T>C,NP_005996.2:p.Val288Ala,0.447,23.1,['Unknown%20significance'],45.47,0.26,0.0,1.3,1.3
WFS1,4,6300658,NM_006005.3:c.863T>G,NP_005996.2:p.Val288Gly,0.571,22.4,['Unknown%20significance'],45.47,0.26,0.0,2.3,2.3
WFS1,4,6300660,NM_006005.3:c.865G>A,NP_005996.2:p.Val289Ile,0.202,13.22,['Unknown%20significance'],136.1,0.79,0.0,-0.1,0.1
WFS1,4,6300661,NM_006005.3:c.866T>C,NP_005996.2:p.Val289Ala,0.442,22.9,['Unknown%20significance'],136.1,0.79,0.0,0.4,0.4
WFS1,4,6300661,NM_006005.3:c.866T>G,NP_005996.2:p.Val289Gly,0.735,24.8,['Unknown%20significance'],136.1,0.79,0.0,0.6,0.6
WFS1,4,6300664,NM_006005.3:c.869A>C,NP_005996.2:p.Lys290Thr,0.621,23.2,['Unknown%20significance'],159.62,0.67,0.0,-0.2,0.2
WFS1,4,6300664,NM_006005.3:c.869A>G,NP_005996.2:p.Lys290Arg,0.442,17.64,['Unknown%20significance'],159.62,0.67,0.0,-0.4,0.4
WFS1,4,6300667,NM_006005.3:c.872A>G,NP_005996.2:p.Tyr291Cys,0.752,23.7,['Unknown%20significance'],75.64,0.31,0.0,2.1,2.1
WFS1,4,6300669,NM_006005.3:c.874C>A,NP_005996.2:p.Pro292Thr,0.913,23.6,['Pathogenic'],63.79,0.4,0.0,1.3,1.3
WFS1,4,6300669,NM_006005.3:c.874C>T,NP_005996.2:p.Pro292Ser,0.928,23.8,['Pathogenic'],63.79,0.4,0.0,1.6,1.6
WFS1,4,6300670,NM_006005.3:c.875C>A,NP_005996.2:p.Pro292His,0.908,24.0,['Unknown%20significance'],63.79,0.4,0.0,1.2,1.2
WFS1,4,6300670,NM_006005.3:c.875C>G,NP_005996.2:p.Pro292Arg,0.920,24.0,['Unknown%20significance'],63.79,0.4,0.0,1.4,1.4
WFS1,4,6300670,NM_006005.3:c.875C>T,NP_005996.2:p.Pro292Leu,0.889,24.2,['Unknown%20significance'],63.79,0.4,0.0,0.6,0.6
WFS1,4,6300673,NM_006005.3:c.878T>C,NP_005996.2:p.Leu293Pro,0.926,25.4,['Unknown%20significance'],163.25,0.84,0.0,0.7,0.7
WFS1,4,6300675,NM_006005.3:c.880C>G,NP_005996.2:p.His294Asp,0.706,22.3,['Unknown%20significance'],67.73,0.32,0.0,1.5,1.5
WFS1,4,6300675,NM_006005.3:c.880C>T,NP_005996.2:p.His294Tyr,0.294,16.45,['Unknown%20significance'],67.73,0.32,0.0,-0.8,0.8
WFS1,4,6300676,NM_006005.3:c.881A>C,NP_005996.2:p.His294Pro,0.796,24.1,['Unknown%20significance'],67.73,0.32,0.0,1.0,1.0
WFS1,4,6300676,NM_006005.3:c.881A>T,NP_005996.2:p.His294Leu,0.715,22.8,['Unknown%20significance'],67.73,0.32,0.0,-0.6,0.6
WFS1,4,6300677,NM_006005.3:c.882C>A,NP_005996.2:p.His294Gln,0.501,4.374,['Unknown%20significance'],67.73,0.32,0.0,0.5,0.5
WFS1,4,6300678,NM_006005.3:c.883G>A,NP_005996.2:p.Ala295Thr,0.586,18.23,['Unknown%20significance'],0.0,0.0,0.0,0.5,0.5
WFS1,4,6300679,NM_006005.3:c.884C>G,NP_005996.2:p.Ala295Gly,0.422,14.73,['Likely%20benign'],0.0,0.0,0.0,1.9,1.9
WFS1,4,6300679,NM_006005.3:c.884C>T,NP_005996.2:p.Ala295Val,0.321,14.21,['Unknown%20significance'],0.0,0.0,0.0,-1.1,1.1
WFS1,4,6300681,NM_006005.3:c.886A>G,NP_005996.2:p.Ile296Val,0.246,10.44,['Likely%20benign'],40.38,0.2,0.0,0.3,0.3
WFS1,4,6300682,NM_006005.3:c.887T>C,NP_005996.2:p.Ile296Thr,0.770,23.0,['Unknown%20significance'],40.38,0.2,0.0,1.9,1.9
WFS1,4,6300682,NM_006005.3:c.887T>G,NP_005996.2:p.Ile296Ser,0.904,23.7,['Pathogenic'],40.38,0.2,0.0,2.7,2.7
WFS1,4,6300683,NM_006005.3:c.888C>G,NP_005996.2:p.Ile296Met,0.419,17.23,['Unknown%20significance'],40.38,0.2,0.0,0.8,0.8
WFS1,4,6300684,NM_006005.3:c.889A>G,NP_005996.2:p.Met297Val,0.332,15.54,['Unknown%20significance'],85.99,0.39,0.0,-0.2,0.2
WFS1,4,6300685,NM_006005.3:c.890T>A,NP_005996.2:p.Met297Lys,0.473,21.2,['Unknown%20significance'],85.99,0.39,0.0,1.3,1.3
WFS1,4,6300685,NM_006005.3:c.890T>C,NP_005996.2:p.Met297Thr,0.286,20.5,['Unknown%20significance'],85.99,0.39,0.0,0.7,0.7
WFS1,4,6300687,NM_006005.3:c.892G>A,NP_005996.2:p.Glu298Lys,0.611,23.0,['Unknown%20significance'],48.1,0.24,0.0,0.5,0.5
WFS1,4,6300687,NM_006005.3:c.892G>C,NP_005996.2:p.Glu298Gln,0.624,24.2,['Unknown%20significance'],48.1,0.24,0.0,-0.3,0.3
WFS1,4,6300688,NM_006005.3:c.893A>C,NP_005996.2:p.Glu298Ala,0.672,22.7,['Unknown%20significance'],48.1,0.24,0.0,-0.4,0.4
WFS1,4,6300689,NM_006005.3:c.894G>T,NP_005996.2:p.Glu298Asp,0.314,16.62,['Unknown%20significance'],48.1,0.24,0.0,0.4,0.4
WFS1,4,6300690,NM_006005.3:c.895A>C,NP_005996.2:p.Ile299Leu,0.228,16.40,['Likely%20benign'],24.18,0.12,0.0,-0.1,0.1
WFS1,4,6300690,NM_006005.3:c.895A>G,NP_005996.2:p.Ile299Val,0.166,14.88,['Likely%20benign'],24.18,0.12,0.0,0.4,0.4
WFS1,4,6300692,NM_006005.3:c.897C>G,NP_005996.2:p.Ile299Met,0.199,14.96,['Unknown%20significance'],24.18,0.12,0.0,0.5,0.5
WFS1,4,6300693,NM_006005.3:c.898A>G,NP_005996.2:p.Lys300Glu,0.831,25.5,['Unknown%20significance'],23.61,0.09,0.0,0.2,0.2
WFS1,4,6300696,NM_006005.3:c.901G>A,NP_005996.2:p.Glu301Lys,0.871,26.9,['Unknown%20significance'],67.47,0.34,0.0,0.5,0.5
WFS1,4,6300698,NM_006005.3:c.903G>C,NP_005996.2:p.Glu301Asp,0.684,23.1,['Unknown%20significance'],67.47,0.34,0.0,0.3,0.3
WFS1,4,6300699,NM_006005.3:c.904T>A,NP_005996.2:p.Tyr302Asn,0.753,23.9,['Unknown%20significance'],141.61,0.59,0.0,1.0,1.0
WFS1,4,6300699,NM_006005.3:c.904T>G,NP_005996.2:p.Tyr302Asp,0.795,24.0,['Unknown%20significance'],141.61,0.59,0.0,1.3,1.3
WFS1,4,6300702,NM_006005.3:c.907C>A,NP_005996.2:p.Leu303Met,0.802,23.3,['Unknown%20significance'],35.71,0.18,0.0,1.1,1.1
WFS1,4,6300702,NM_006005.3:c.907C>G,NP_005996.2:p.Leu303Val,0.779,22.7,['Unknown%20significance'],35.71,0.18,0.0,0.9,0.9
WFS1,4,6300703,NM_006005.3:c.908T>C,NP_005996.2:p.Leu303Pro,0.976,27.1,['Pathogenic'],35.71,0.18,0.0,3.0,3.0
WFS1,4,6300706,NM_006005.3:c.911T>A,NP_005996.2:p.Ile304Asn,0.847,25.9,['Unknown%20significance'],4.93,0.02,0.0,3.8,3.8
WFS1,4,6300706,NM_006005.3:c.911T>C,NP_005996.2:p.Ile304Thr,0.877,24.9,['Unknown%20significance'],4.93,0.02,0.0,2.7,2.7
WFS1,4,6300707,NM_006005.3:c.912T>G,NP_005996.2:p.Ile304Met,0.683,19.13,['Unknown%20significance'],4.93,0.02,0.0,1.2,1.2
WFS1,4,6300708,NM_006005.3:c.913G>A,NP_005996.2:p.Asp305Asn,0.659,26.0,['Unknown%20significance'],37.02,0.23,0.0,-0.1,0.1
WFS1,4,6300708,NM_006005.3:c.913G>C,NP_005996.2:p.Asp305His,0.840,22.7,['Unknown%20significance'],37.02,0.23,0.0,-0.5,0.5
WFS1,4,6300708,NM_006005.3:c.913G>T,NP_005996.2:p.Asp305Tyr,0.889,26.1,['Unknown%20significance'],37.02,0.23,0.0,-1.2,1.2
WFS1,4,6300711,NM_006005.3:c.916A>C,NP_005996.2:p.Met306Leu,0.253,0.664,['Likely%20benign'],72.4,0.33,0.0,-0.2,0.2
WFS1,4,6300711,NM_006005.3:c.916A>G,NP_005996.2:p.Met306Val,0.312,0.068,['Likely%20benign'],72.4,0.33,0.0,-0.1,0.1
WFS1,4,6300712,NM_006005.3:c.917T>C,NP_005996.2:p.Met306Thr,0.258,17.56,['Benign'],72.4,0.33,0.0,0.7,0.7
WFS1,4,6300713,NM_006005.3:c.918G>A,NP_005996.2:p.Met306Ile,0.263,16.52,['Likely%20benign'],72.4,0.33,0.0,-0.2,0.2
WFS1,4,6300714,NM_006005.3:c.919G>C,NP_005996.2:p.Ala307Pro,0.820,26.4,['Unknown%20significance'],30.97,0.24,0.0,0.8,0.8
WFS1,4,6300715,NM_006005.3:c.920C>A,NP_005996.2:p.Ala307Asp,0.855,25.0,['Unknown%20significance'],30.97,0.24,0.0,1.1,1.1
WFS1,4,6300715,NM_006005.3:c.920C>T,NP_005996.2:p.Ala307Val,0.621,23.3,['Unknown%20significance'],30.97,0.24,0.0,-0.7,0.7
WFS1,4,6300717,NM_006005.3:c.922T>G,NP_005996.2:p.Ser308Ala,0.710,25.3,['Unknown%20significance'],17.79,0.12,0.0,-0.4,0.4
WFS1,4,6300718,NM_006005.3:c.923C>G,NP_005996.2:p.Ser308Cys,0.831,25.0,['Pathogenic'],17.79,0.12,0.0,-0.2,0.2
WFS1,4,6300720,NM_006005.3:c.925A>G,NP_005996.2:p.Arg309Gly,0.434,22.4,['Likely%20benign'],107.93,0.4,0.0,1.4,1.4
WFS1,4,6300721,NM_006005.3:c.926G>A,NP_005996.2:p.Arg309Lys,0.181,16.45,['Likely%20benign'],107.93,0.4,0.0,0.7,0.7
WFS1,4,6300722,NM_006005.3:c.927G>C,NP_005996.2:p.Arg309Ser,0.439,16.84,['Likely%20benign'],107.93,0.4,0.0,0.7,0.7
WFS1,4,6300723,NM_006005.3:c.928G>A,NP_005996.2:p.Ala310Thr,0.749,25.7,['Unknown%20significance'],10.03,0.07,0.0,0.1,0.1
WFS1,4,6300723,NM_006005.3:c.928G>C,NP_005996.2:p.Ala310Pro,0.792,25.9,['Unknown%20significance'],10.03,0.07,0.0,0.7,0.7
WFS1,4,6300724,NM_006005.3:c.929C>T,NP_005996.2:p.Ala310Val,0.724,23.9,['Unknown%20significance'],10.03,0.07,0.0,-0.6,0.6
WFS1,4,6300727,NM_006005.3:c.932G>A,NP_005996.2:p.Gly311Asp,0.928,24.8,['Unknown%20significance'],1.73,0.01,0.0,0.6,0.6
WFS1,4,6300729,NM_006005.3:c.934A>C,NP_005996.2:p.Met312Leu,0.297,11.64,['Unknown%20significance'],79.52,0.36,0.0,0.1,0.1
WFS1,4,6300729,NM_006005.3:c.934A>G,NP_005996.2:p.Met312Val,0.289,8.995,['Unknown%20significance'],79.52,0.36,0.0,0.3,0.3
WFS1,4,6300730,NM_006005.3:c.935T>G,NP_005996.2:p.Met312Arg,0.639,22.0,['Unknown%20significance'],79.52,0.36,0.0,0.9,0.9
WFS1,4,6300731,NM_006005.3:c.936G>A,NP_005996.2:p.Met312Ile,0.388,20.5,['Unknown%20significance'],79.52,0.36,0.0,0.1,0.1
WFS1,4,6300732,NM_006005.3:c.937C>T,NP_005996.2:p.His313Tyr,0.766,22.9,['Likely%20pathogenic'],173.22,0.84,0.0,-0.2,0.2
WFS1,4,6300733,NM_006005.3:c.938A>C,NP_005996.2:p.His313Pro,0.736,23.3,['Unknown%20significance'],173.22,0.84,0.0,0.3,0.3
WFS1,4,6300734,NM_006005.3:c.939C>G,NP_005996.2:p.His313Gln,0.276,10.04,['Unknown%20significance'],173.22,0.84,0.0,0.1,0.1
WFS1,4,6300735,NM_006005.3:c.940T>C,NP_005996.2:p.Trp314Arg,0.986,26.6,['Pathogenic'],169.88,0.64,0.0,1.2,1.2
WFS1,4,6300736,NM_006005.3:c.941G>T,NP_005996.2:p.Trp314Leu,0.764,24.4,['Unknown%20significance'],169.88,0.64,0.0,0.6,0.6
WFS1,4,6300738,NM_006005.3:c.943C>G,NP_005996.2:p.Leu315Val,0.677,23.5,['Unknown%20significance'],35.75,0.18,0.0,0.6,0.6
WFS1,4,6300741,NM_006005.3:c.946T>G,NP_005996.2:p.Ser316Ala,0.692,24.1,['Unknown%20significance'],46.66,0.33,0.0,-0.3,0.3
WFS1,4,6300742,NM_006005.3:c.947C>G,NP_005996.2:p.Ser316Cys,0.827,24.7,['Unknown%20significance'],46.66,0.33,0.0,-0.3,0.3
WFS1,4,6300742,NM_006005.3:c.947C>T,NP_005996.2:p.Ser316Phe,0.877,24.9,['Unknown%20significance'],46.66,0.33,0.0,-1.2,1.2
WFS1,4,6300744,NM_006005.3:c.949A>C,NP_005996.2:p.Thr317Pro,0.753,24.8,['Unknown%20significance'],106.59,0.67,0.0,0.3,0.3
WFS1,4,6300744,NM_006005.3:c.949A>G,NP_005996.2:p.Thr317Ala,0.277,19.62,['Unknown%20significance'],106.59,0.67,0.0,-0.0,0.0
WFS1,4,6300745,NM_006005.3:c.950C>G,NP_005996.2:p.Thr317Ser,0.220,16.96,['Unknown%20significance'],106.59,0.67,0.0,0.2,0.2
WFS1,4,6300745,NM_006005.3:c.950C>T,NP_005996.2:p.Thr317Ile,0.635,23.5,['Unknown%20significance'],106.59,0.67,0.0,-0.3,0.3
WFS1,4,6300747,NM_006005.3:c.952A>G,NP_005996.2:p.Ile318Val,0.380,16.66,['Unknown%20significance'],110.78,0.56,0.0,0.2,0.2
WFS1,4,6300747,NM_006005.3:c.952A>T,NP_005996.2:p.Ile318Phe,0.692,22.5,['Unknown%20significance'],110.78,0.56,0.0,0.3,0.3
WFS1,4,6300750,NM_006005.3:c.955A>T,NP_005996.2:p.Ile319Phe,0.368,21.4,['Unknown%20significance'],82.41,0.42,0.0,0.4,0.4
WFS1,4,6300753,NM_006005.3:c.958C>T,NP_005996.2:p.Pro320Ser,0.801,24.3,['Unknown%20significance'],39.31,0.24,0.0,1.1,1.1
WFS1,4,6300754,NM_006005.3:c.959C>G,NP_005996.2:p.Pro320Arg,0.831,24.6,['Pathogenic'],39.31,0.24,0.0,0.8,0.8
WFS1,4,6300754,NM_006005.3:c.959C>T,NP_005996.2:p.Pro320Leu,0.848,25.0,['Unknown%20significance'],39.31,0.24,0.0,-0.3,0.3
WFS1,4,6300756,NM_006005.3:c.961A>C,NP_005996.2:p.Thr321Pro,0.938,25.0,['Likely%20pathogenic'],62.62,0.39,0.0,0.8,0.8
WFS1,4,6300756,NM_006005.3:c.961A>G,NP_005996.2:p.Thr321Ala,0.882,24.4,['Unknown%20significance'],62.62,0.39,0.0,0.3,0.3
WFS1,4,6300757,NM_006005.3:c.962C>G,NP_005996.2:p.Thr321Arg,0.952,23.1,['Likely%20pathogenic'],62.62,0.39,0.0,0.5,0.5
WFS1,4,6300757,NM_006005.3:c.962C>T,NP_005996.2:p.Thr321Met,0.947,24.6,['Pathogenic'],62.62,0.39,0.0,-0.2,0.2
WFS1,4,6300759,NM_006005.3:c.964C>T,NP_005996.2:p.His322Tyr,0.680,23.7,['Unknown%20significance'],165.28,0.8,0.0,-0.1,0.1
WFS1,4,6300760,NM_006005.3:c.965A>G,NP_005996.2:p.His322Arg,0.637,22.9,['Unknown%20significance'],165.28,0.8,0.0,0.1,0.1
WFS1,4,6300761,NM_006005.3:c.966C>G,NP_005996.2:p.His322Gln,0.237,15.10,['Unknown%20significance'],165.28,0.8,0.0,0.1,0.1
WFS1,4,6300762,NM_006005.3:c.967C>A,NP_005996.2:p.His323Asn,0.729,24.2,['Unknown%20significance'],140.98,0.68,0.0,0.4,0.4
WFS1,4,6300762,NM_006005.3:c.967C>T,NP_005996.2:p.His323Tyr,0.892,24.2,['Unknown%20significance'],140.98,0.68,0.0,-0.3,0.3
WFS1,4,6300763,NM_006005.3:c.968A>G,NP_005996.2:p.His323Arg,0.912,24.6,['Pathogenic'],140.98,0.68,0.0,0.2,0.2
WFS1,4,6300763,NM_006005.3:c.968A>T,NP_005996.2:p.His323Leu,0.947,25.3,['Unknown%20significance'],140.98,0.68,0.0,-0.2,0.2
WFS1,4,6300765,NM_006005.3:c.970A>C,NP_005996.2:p.Ile324Leu,0.280,20.3,['Unknown%20significance'],55.0,0.28,0.0,0.4,0.4
WFS1,4,6300765,NM_006005.3:c.970A>G,NP_005996.2:p.Ile324Val,0.211,15.18,['Unknown%20significance'],55.0,0.28,0.0,0.3,0.3
WFS1,4,6300765,NM_006005.3:c.970A>T,NP_005996.2:p.Ile324Phe,0.638,24.5,['Unknown%20significance'],55.0,0.28,0.0,0.6,0.6
WFS1,4,6300767,NM_006005.3:c.972C>G,NP_005996.2:p.Ile324Met,0.512,24.0,['Pathogenic'],55.0,0.28,0.0,0.9,0.9
WFS1,4,6300768,NM_006005.3:c.973A>G,NP_005996.2:p.Asn325Asp,0.729,24.5,['Unknown%20significance'],90.64,0.56,0.0,0.4,0.4
WFS1,4,6300769,NM_006005.3:c.974A>G,NP_005996.2:p.Asn325Ser,0.572,24.1,['Unknown%20significance'],90.64,0.56,0.0,0.1,0.1
WFS1,4,6300770,NM_006005.3:c.975C>G,NP_005996.2:p.Asn325Lys,0.635,21.4,['Unknown%20significance'],90.64,0.56,0.0,0.2,0.2
WFS1,4,6300771,NM_006005.3:c.976G>A,NP_005996.2:p.Ala326Thr,0.605,22.1,['Unknown%20significance'],38.64,0.3,0.0,0.4,0.4
WFS1,4,6300771,NM_006005.3:c.976G>T,NP_005996.2:p.Ala326Ser,0.729,24.6,['Unknown%20significance'],38.64,0.3,0.0,1.0,1.0
WFS1,4,6300772,NM_006005.3:c.977C>G,NP_005996.2:p.Ala326Gly,0.837,24.5,['Unknown%20significance'],38.64,0.3,0.0,1.5,1.5
WFS1,4,6300772,NM_006005.3:c.977C>T,NP_005996.2:p.Ala326Val,0.728,23.4,['Unknown%20significance'],38.64,0.3,0.0,-0.8,0.8
WFS1,4,6300774,NM_006005.3:c.979C>A,NP_005996.2:p.Leu327Ile,0.731,24.0,['Unknown%20significance'],111.4,0.57,0.0,0.4,0.4
WFS1,4,6300774,NM_006005.3:c.979C>G,NP_005996.2:p.Leu327Val,0.770,23.9,['Unknown%20significance'],111.4,0.57,0.0,0.6,0.6
WFS1,4,6300774,NM_006005.3:c.979C>T,NP_005996.2:p.Leu327Phe,0.767,24.4,['Unknown%20significance'],111.4,0.57,0.0,0.5,0.5
WFS1,4,6300775,NM_006005.3:c.980T>C,NP_005996.2:p.Leu327Pro,0.939,26.4,['Unknown%20significance'],111.4,0.57,0.0,1.8,1.8
WFS1,4,6300777,NM_006005.3:c.982A>G,NP_005996.2:p.Ile328Val,0.282,5.593,['Likely%20benign'],76.96,0.39,0.0,0.4,0.4
WFS1,4,6300777,NM_006005.3:c.982A>T,NP_005996.2:p.Ile328Phe,0.645,19.82,['Unknown%20significance'],76.96,0.39,0.0,0.5,0.5
WFS1,4,6300780,NM_006005.3:c.985T>A,NP_005996.2:p.Phe329Ile,0.805,25.0,['Pathogenic'],138.08,0.6,0.0,0.3,0.3
WFS1,4,6300780,NM_006005.3:c.985T>C,NP_005996.2:p.Phe329Leu,0.662,22.3,['Unknown%20significance'],138.08,0.6,0.0,0.2,0.2
WFS1,4,6300782,NM_006005.3:c.987C>G,NP_005996.2:p.Phe329Leu,0.643,21.8,['Unknown%20significance'],138.08,0.6,0.0,0.2,0.2
WFS1,4,6300783,NM_006005.3:c.988T>A,NP_005996.2:p.Phe330Ile,0.740,22.8,['Unknown%20significance'],86.39,0.37,0.0,0.4,0.4
WFS1,4,6300785,NM_006005.3:c.990C>G,NP_005996.2:p.Phe330Leu,0.645,22.2,['Unknown%20significance'],86.39,0.37,0.0,0.4,0.4
WFS1,4,6300786,NM_006005.3:c.991T>A,NP_005996.2:p.Phe331Ile,0.807,23.9,['Unknown%20significance'],106.86,0.46,0.0,0.6,0.6
WFS1,4,6300789,NM_006005.3:c.994A>G,NP_005996.2:p.Ile332Val,0.510,16.85,['Unknown%20significance'],38.95,0.19,0.0,0.6,0.6
WFS1,4,6300789,NM_006005.3:c.994A>T,NP_005996.2:p.Ile332Phe,0.724,23.0,['Unknown%20significance'],38.95,0.19,0.0,0.6,0.6
WFS1,4,6300790,NM_006005.3:c.995T>C,NP_005996.2:p.Ile332Thr,0.892,25.6,['Unknown%20significance'],38.95,0.19,0.0,2.6,2.6
WFS1,4,6300791,NM_006005.3:c.996C>G,NP_005996.2:p.Ile332Met,0.670,23.3,['Unknown%20significance'],38.95,0.19,0.0,1.2,1.2
WFS1,4,6300792,NM_006005.3:c.997G>A,NP_005996.2:p.Val333Ile,0.221,12.23,['Benign'],63.29,0.36,0.0,-0.3,0.3
WFS1,4,6300792,NM_006005.3:c.997G>C,NP_005996.2:p.Val333Leu,0.217,18.58,['Unknown%20significance'],63.29,0.36,0.0,0.0,0.0
WFS1,4,6300792,NM_006005.3:c.997G>T,NP_005996.2:p.Val333Phe,0.353,22.2,['Benign'],63.29,0.36,0.0,-0.0,0.0
WFS1,4,6300792,NM_006005.3:c.997_998inv,NP_005996.2:p.Val333Thr,,,['Unknown%20significance'],63.29,0.36,0.0,1.1,1.1
WFS1,4,6300795,NM_006005.3:c.1000A>C,NP_005996.2:p.Ser334Arg,0.920,25.3,['Unknown%20significance'],87.82,0.63,0.0,0.0,0.0
WFS1,4,6300796,NM_006005.3:c.1001G>A,NP_005996.2:p.Ser334Asn,0.683,24.3,['Unknown%20significance'],87.82,0.63,0.0,0.2,0.2
WFS1,4,6300797,NM_006005.3:c.1002C>G,NP_005996.2:p.Ser334Arg,0.895,25.0,['Unknown%20significance'],87.82,0.63,0.0,0.0,0.0
WFS1,4,6300798,NM_006005.3:c.1003A>T,NP_005996.2:p.Asn335Tyr,0.889,25.8,['Unknown%20significance'],60.53,0.37,0.0,-1.0,1.0
WFS1,4,6300799,NM_006005.3:c.1004A>C,NP_005996.2:p.Asn335Thr,0.725,24.0,['Unknown%20significance'],60.53,0.37,0.0,-0.3,0.3
WFS1,4,6300801,NM_006005.3:c.1006C>G,NP_005996.2:p.Leu336Val,0.692,23.9,['Unknown%20significance'],82.57,0.42,0.0,0.5,0.5
WFS1,4,6300801,NM_006005.3:c.1006C>T,NP_005996.2:p.Leu336Phe,0.721,24.5,['Unknown%20significance'],82.57,0.42,0.0,0.4,0.4
WFS1,4,6300804,NM_006005.3:c.1009A>G,NP_005996.2:p.Thr337Ala,0.832,24.9,['Unknown%20significance'],60.89,0.38,0.0,0.4,0.4
WFS1,4,6300805,NM_006005.3:c.1010C>T,NP_005996.2:p.Thr337Ile,0.861,24.5,['Likely%20pathogenic'],60.89,0.38,0.0,-0.1,0.1
WFS1,4,6300807,NM_006005.3:c.1012A>C,NP_005996.2:p.Ile338Leu,0.251,16.92,['Unknown%20significance'],84.28,0.42,0.0,0.2,0.2
WFS1,4,6300807,NM_006005.3:c.1012A>G,NP_005996.2:p.Ile338Val,0.256,15.16,['Unknown%20significance'],84.28,0.42,0.0,0.2,0.2
WFS1,4,6300809,NM_006005.3:c.1014C>G,NP_005996.2:p.Ile338Met,0.482,19.57,['Unknown%20significance'],84.28,0.42,0.0,0.5,0.5
WFS1,4,6300810,NM_006005.3:c.1015G>A,NP_005996.2:p.Asp339Asn,0.666,25.8,['Unknown%20significance'],44.26,0.27,0.0,0.0,0.0
WFS1,4,6300810,NM_006005.3:c.1015G>C,NP_005996.2:p.Asp339His,0.831,26.5,['Unknown%20significance'],44.26,0.27,0.0,-0.2,0.2
WFS1,4,6300810,NM_006005.3:c.1015G>T,NP_005996.2:p.Asp339Tyr,0.847,26.7,['Unknown%20significance'],44.26,0.27,0.0,-0.7,0.7
WFS1,4,6300811,NM_006005.3:c.1016A>G,NP_005996.2:p.Asp339Gly,0.861,25.9,['Unknown%20significance'],44.26,0.27,0.0,0.7,0.7
WFS1,4,6300812,NM_006005.3:c.1017C>G,NP_005996.2:p.Asp339Glu,0.246,17.34,['Unknown%20significance'],44.26,0.27,0.0,0.1,0.1
WFS1,4,6300813,NM_006005.3:c.1018T>G,NP_005996.2:p.Phe340Val,0.699,22.3,['Unknown%20significance'],23.63,0.1,0.0,0.8,0.8
WFS1,4,6300815,NM_006005.3:c.1020C>A,NP_005996.2:p.Phe340Leu,0.302,19.09,['Unknown%20significance'],23.63,0.1,0.0,0.3,0.3
WFS1,4,6300815,NM_006005.3:c.1020C>G,NP_005996.2:p.Phe340Leu,0.302,19.14,['Unknown%20significance'],23.63,0.1,0.0,0.3,0.3
WFS1,4,6300818,NM_006005.3:c.1023C>G,NP_005996.2:p.Phe341Leu,0.638,5.947,['Likely%20benign'],48.22,0.2,0.0,0.2,0.2
WFS1,4,6300819,NM_006005.3:c.1024G>A,NP_005996.2:p.Ala342Thr,0.562,23.1,['Unknown%20significance'],18.32,0.14,0.0,0.4,0.4
WFS1,4,6300819,NM_006005.3:c.1024G>C,NP_005996.2:p.Ala342Pro,0.712,23.6,['Unknown%20significance'],18.32,0.14,0.0,1.1,1.1
WFS1,4,6300819,NM_006005.3:c.1024G>T,NP_005996.2:p.Ala342Ser,0.497,24.0,['Unknown%20significance'],18.32,0.14,0.0,1.0,1.0
WFS1,4,6300820,NM_006005.3:c.1025C>A,NP_005996.2:p.Ala342Asp,0.713,24.6,['Unknown%20significance'],18.32,0.14,0.0,1.9,1.9
WFS1,4,6300820,NM_006005.3:c.1025C>T,NP_005996.2:p.Ala342Val,0.328,18.62,['Unknown%20significance'],18.32,0.14,0.0,-1.2,1.2
WFS1,4,6300822,NM_006005.3:c.1027T>C,NP_005996.2:p.Phe343Leu,0.310,18.73,['Unknown%20significance'],109.38,0.47,0.0,0.3,0.3
WFS1,4,6300822,NM_006005.3:c.1027T>G,NP_005996.2:p.Phe343Val,0.723,22.2,['Unknown%20significance'],109.38,0.47,0.0,0.6,0.6
WFS1,4,6300823,NM_006005.3:c.1028T>A,NP_005996.2:p.Phe343Tyr,0.662,25.2,['Unknown%20significance'],109.38,0.47,0.0,0.4,0.4
WFS1,4,6300823,NM_006005.3:c.1028T>C,NP_005996.2:p.Phe343Ser,0.866,26.6,['Unknown%20significance'],109.38,0.47,0.0,2.0,2.0
WFS1,4,6300824,NM_006005.3:c.1029C>A,NP_005996.2:p.Phe343Leu,0.332,19.85,['Unknown%20significance'],109.38,0.47,0.0,0.3,0.3
WFS1,4,6300824,NM_006005.3:c.1029C>G,NP_005996.2:p.Phe343Leu,0.330,19.90,['Unknown%20significance'],109.38,0.47,0.0,0.3,0.3
WFS1,4,6300825,NM_006005.3:c.1030T>G,NP_005996.2:p.Phe344Val,0.268,14.90,['Likely%20benign'],29.26,0.12,0.0,0.2,0.2
WFS1,4,6300827,NM_006005.3:c.1032C>A,NP_005996.2:p.Phe344Leu,0.418,17.19,['Unknown%20significance'],29.26,0.12,0.0,0.0,0.0
WFS1,4,6300829,NM_006005.3:c.1034T>C,NP_005996.2:p.Ile345Thr,0.859,25.1,['Unknown%20significance'],22.93,0.11,0.0,2.7,2.7
WFS1,4,6300829,NM_006005.3:c.1034T>G,NP_005996.2:p.Ile345Ser,0.839,24.5,['Unknown%20significance'],22.93,0.11,0.0,3.7,3.7
WFS1,4,6300831,NM_006005.3:c.1036C>G,NP_005996.2:p.Pro346Ala,0.952,23.9,['Unknown%20significance'],2.99,0.01,0.0,1.1,1.1
WFS1,4,6300831,NM_006005.3:c.1036C>T,NP_005996.2:p.Pro346Ser,0.950,24.3,['Unknown%20significance'],2.99,0.01,0.0,2.5,2.5
WFS1,4,6300832,NM_006005.3:c.1037C>G,NP_005996.2:p.Pro346Arg,0.962,24.8,['Unknown%20significance'],2.99,0.01,0.0,1.9,1.9
WFS1,4,6300832,NM_006005.3:c.1037C>T,NP_005996.2:p.Pro346Leu,0.963,25.2,['Pathogenic'],2.99,0.01,0.0,-0.4,0.4
WFS1,4,6300835,NM_006005.3:c.1040T>C,NP_005996.2:p.Leu347Pro,0.950,24.4,['Unknown%20significance'],25.97,0.13,0.0,3.8,3.8
WFS1,4,6300838,NM_006005.3:c.1043T>C,NP_005996.2:p.Val348Ala,0.671,23.4,['Unknown%20significance'],42.55,0.24,0.0,1.5,1.5
WFS1,4,6300840,NM_006005.3:c.1045A>G,NP_005996.2:p.Ile349Val,0.174,0.067,['Unknown%20significance'],1.21,0.0,0.0,0.3,0.3
WFS1,4,6300841,NM_006005.3:c.1046T>C,NP_005996.2:p.Ile349Thr,0.556,22.2,['Unknown%20significance'],1.21,0.0,0.0,3.4,3.4
WFS1,4,6300843,NM_006005.3:c.1048T>A,NP_005996.2:p.Phe350Ile,0.850,26.1,['Pathogenic'],0.0,0.0,0.0,1.7,1.7
WFS1,4,6300843,NM_006005.3:c.1048T>G,NP_005996.2:p.Phe350Val,0.864,26.0,['Pathogenic'],0.0,0.0,0.0,2.1,2.1
WFS1,4,6300844,NM_006005.3:c.1049T>G,NP_005996.2:p.Phe350Cys,0.924,27.5,['Unknown%20significance'],0.0,0.0,0.0,3.8,3.8
WFS1,4,6300845,NM_006005.3:c.1050C>G,NP_005996.2:p.Phe350Leu,0.772,25.1,['Unknown%20significance'],0.0,0.0,0.0,1.6,1.6
WFS1,4,6300847,NM_006005.3:c.1052A>C,NP_005996.2:p.Tyr351Ser,0.892,27.0,['Unknown%20significance'],59.53,0.24,0.0,3.5,3.5
WFS1,4,6300847,NM_006005.3:c.1052A>G,NP_005996.2:p.Tyr351Cys,0.893,27.3,['Pathogenic'],59.53,0.24,0.0,2.4,2.4
WFS1,4,6300847,NM_006005.3:c.1052A>T,NP_005996.2:p.Tyr351Phe,0.831,25.3,['Unknown%20significance'],59.53,0.24,0.0,0.2,0.2
WFS1,4,6300849,NM_006005.3:c.1054C>A,NP_005996.2:p.Leu352Met,0.647,24.0,['Unknown%20significance'],54.02,0.28,0.0,0.9,0.9
WFS1,4,6300849,NM_006005.3:c.1054C>G,NP_005996.2:p.Leu352Val,0.700,23.6,['Unknown%20significance'],54.02,0.28,0.0,0.6,0.6
WFS1,4,6300850,NM_006005.3:c.1055T>C,NP_005996.2:p.Leu352Pro,0.932,27.3,['Unknown%20significance'],54.02,0.28,0.0,2.8,2.8
WFS1,4,6300853,NM_006005.3:c.1058C>G,NP_005996.2:p.Ser353Cys,0.813,25.0,['Unknown%20significance'],0.0,0.0,0.0,-1.0,1.0
WFS1,4,6300853,NM_006005.3:c.1058C>T,NP_005996.2:p.Ser353Phe,0.832,25.3,['Unknown%20significance'],0.0,0.0,0.0,-1.8,1.8
WFS1,4,6300855,NM_006005.3:c.1060T>C,NP_005996.2:p.Phe354Leu,0.764,25.9,['Unknown%20significance'],9.1,0.03,0.0,1.0,1.0
WFS1,4,6300858,NM_006005.3:c.1063A>C,NP_005996.2:p.Ile355Leu,0.240,11.31,['Likely%20benign'],77.61,0.39,0.0,0.3,0.3
WFS1,4,6300858,NM_006005.3:c.1063A>G,NP_005996.2:p.Ile355Val,0.198,6.285,['Unknown%20significance'],77.61,0.39,0.0,0.2,0.2
WFS1,4,6300858,NM_006005.3:c.1063A>T,NP_005996.2:p.Ile355Phe,0.288,10.16,['Likely%20benign'],77.61,0.39,0.0,0.2,0.2
WFS1,4,6300859,NM_006005.3:c.1064T>G,NP_005996.2:p.Ile355Ser,0.511,23.0,['Likely%20benign'],77.61,0.39,0.0,1.9,1.9
WFS1,4,6300860,NM_006005.3:c.1065C>G,NP_005996.2:p.Ile355Met,0.170,20.5,['Likely%20benign'],77.61,0.39,0.0,0.6,0.6
WFS1,4,6300861,NM_006005.3:c.1066T>C,NP_005996.2:p.Ser356Pro,0.742,23.9,['Pathogenic'],0.0,0.0,0.0,0.2,0.2
WFS1,4,6300861,NM_006005.3:c.1066T>G,NP_005996.2:p.Ser356Ala,0.365,22.0,['Unknown%20significance'],0.0,0.0,0.0,-1.5,1.5
WFS1,4,6300862,NM_006005.3:c.1067C>A,NP_005996.2:p.Ser356Tyr,0.737,25.0,['Unknown%20significance'],0.0,0.0,0.0,-2.3,2.3
WFS1,4,6300862,NM_006005.3:c.1067C>G,NP_005996.2:p.Ser356Cys,0.739,25.2,['Unknown%20significance'],0.0,0.0,0.0,-1.7,1.7
WFS1,4,6300862,NM_006005.3:c.1067C>T,NP_005996.2:p.Ser356Phe,0.698,25.5,['Unknown%20significance'],0.0,0.0,0.0,-3.1,3.1
WFS1,4,6300864,NM_006005.3:c.1069A>G,NP_005996.2:p.Met357Val,0.839,24.2,['Unknown%20significance'],0.0,0.0,0.0,0.8,0.8
WFS1,4,6300865,NM_006005.3:c.1070T>C,NP_005996.2:p.Met357Thr,0.882,25.2,['Unknown%20significance'],0.0,0.0,0.0,3.4,3.4
WFS1,4,6300866,NM_006005.3:c.1071G>A,NP_005996.2:p.Met357Ile,0.792,25.8,['Unknown%20significance'],0.0,0.0,0.0,0.3,0.3
WFS1,4,6300867,NM_006005.3:c.1072G>A,NP_005996.2:p.Val358Met,0.757,25.2,['Unknown%20significance'],29.14,0.16,0.0,1.4,1.4
WFS1,4,6300867,NM_006005.3:c.1072G>C,NP_005996.2:p.Val358Leu,0.722,21.6,['Unknown%20significance'],29.14,0.16,0.0,0.7,0.7
WFS1,4,6300871,NM_006005.3:c.1076T>A,NP_005996.2:p.Ile359Asn,0.891,27.1,['Unknown%20significance'],11.53,0.05,0.0,3.8,3.8
WFS1,4,6300872,NM_006005.3:c.1077C>G,NP_005996.2:p.Ile359Met,0.628,22.3,['Unknown%20significance'],11.53,0.05,0.0,1.2,1.2
WFS1,4,6300873,NM_006005.3:c.1078T>C,NP_005996.2:p.Cys360Arg,0.943,27.2,['Unknown%20significance'],0.0,0.0,0.0,2.7,2.7
WFS1,4,6300873,NM_006005.3:c.1078T>G,NP_005996.2:p.Cys360Gly,0.923,26.8,['Unknown%20significance'],0.0,0.0,0.0,3.8,3.8
WFS1,4,6300874,NM_006005.3:c.1079G>A,NP_005996.2:p.Cys360Tyr,0.850,26.9,['Unknown%20significance'],0.0,0.0,0.0,0.9,0.9
WFS1,4,6300874,NM_006005.3:c.1079G>C,NP_005996.2:p.Cys360Ser,0.860,25.7,['Unknown%20significance'],0.0,0.0,0.0,2.8,2.8
WFS1,4,6300877,NM_006005.3:c.1082C>A,NP_005996.2:p.Thr361Asn,0.777,24.5,['Unknown%20significance'],0.0,0.0,0.0,1.9,1.9
WFS1,4,6300877,NM_006005.3:c.1082C>G,NP_005996.2:p.Thr361Ser,0.778,24.4,['Likely%20pathogenic'],0.0,0.0,0.0,1.6,1.6
WFS1,4,6300877,NM_006005.3:c.1082C>T,NP_005996.2:p.Thr361Ile,0.857,25.0,['Likely%20pathogenic'],0.0,0.0,0.0,-0.8,0.8
WFS1,4,6300879,NM_006005.3:c.1084C>G,NP_005996.2:p.Leu362Val,0.694,22.7,['Unknown%20significance'],12.01,0.06,0.0,1.0,1.0
WFS1,4,6300879,NM_006005.3:c.1084C>T,NP_005996.2:p.Leu362Phe,0.587,24.6,['Unknown%20significance'],12.01,0.06,0.0,0.3,0.3
WFS1,4,6300883,NM_006005.3:c.1088A>C,NP_005996.2:p.Lys363Thr,0.778,25.6,['Likely%20pathogenic'],68.35,0.28,0.0,-0.1,0.1
WFS1,4,6300884,NM_006005.3:c.1089G>C,NP_005996.2:p.Lys363Asn,0.644,24.5,['Unknown%20significance'],68.35,0.28,0.0,0.2,0.2
WFS1,4,6300885,NM_006005.3:c.1090G>C,NP_005996.2:p.Val364Leu,0.543,23.1,['Unknown%20significance'],0.38,0.0,0.0,0.2,0.2
WFS1,4,6300888,NM_006005.3:c.1093T>C,NP_005996.2:p.Phe365Leu,0.711,23.1,['Unknown%20significance'],7.86,0.03,0.0,0.6,0.6
WFS1,4,6300888,NM_006005.3:c.1093T>G,NP_005996.2:p.Phe365Val,0.909,26.2,['Unknown%20significance'],7.86,0.03,0.0,1.8,1.8
WFS1,4,6300889,NM_006005.3:c.1094T>C,NP_005996.2:p.Phe365Ser,0.949,28.5,['Unknown%20significance'],7.86,0.03,0.0,4.1,4.1
WFS1,4,6300893,NM_006005.3:c.1098G>T,NP_005996.2:p.Gln366His,0.774,24.2,['Unknown%20significance'],39.26,0.19,0.0,-0.1,0.1
WFS1,4,6300894,NM_006005.3:c.1099G>A,NP_005996.2:p.Asp367Asn,0.335,21.4,['Unknown%20significance'],6.32,0.03,0.0,-0.1,0.1
WFS1,4,6300894,NM_006005.3:c.1099G>T,NP_005996.2:p.Asp367Tyr,0.703,25.8,['Unknown%20significance'],6.32,0.03,0.0,-1.2,1.2
WFS1,4,6300895,NM_006005.3:c.1100A>G,NP_005996.2:p.Asp367Gly,0.467,22.0,['Unknown%20significance'],6.32,0.03,0.0,0.9,0.9
WFS1,4,6300896,NM_006005.3:c.1101C>G,NP_005996.2:p.Asp367Glu,0.541,23.5,['Unknown%20significance'],6.32,0.03,0.0,-0.1,0.1
WFS1,4,6300898,NM_006005.3:c.1103G>A,NP_005996.2:p.Ser368Asn,0.545,23.1,['Unknown%20significance'],15.41,0.11,0.0,-0.0,0.0
WFS1,4,6300898,NM_006005.3:c.1103G>C,NP_005996.2:p.Ser368Thr,0.642,21.0,['Unknown%20significance'],15.41,0.11,0.0,-0.2,0.2
WFS1,4,6300899,NM_006005.3:c.1104C>G,NP_005996.2:p.Ser368Arg,0.570,22.4,['Unknown%20significance'],15.41,0.11,0.0,-0.7,0.7
WFS1,4,6300901,NM_006005.3:c.1106A>C,NP_005996.2:p.Lys369Thr,0.639,24.1,['Unknown%20significance'],88.66,0.37,0.0,0.1,0.1
WFS1,4,6300901,NM_006005.3:c.1106A>T,NP_005996.2:p.Lys369Met,0.630,24.5,['Unknown%20significance'],88.66,0.37,0.0,-0.3,0.3
WFS1,4,6300903,NM_006005.3:c.1108G>A,NP_005996.2:p.Ala370Thr,0.572,22.5,['Unknown%20significance'],3.28,0.02,0.0,-0.0,0.0
WFS1,4,6300903,NM_006005.3:c.1108G>T,NP_005996.2:p.Ala370Ser,0.621,24.7,['Unknown%20significance'],3.28,0.02,0.0,0.4,0.4
WFS1,4,6300904,NM_006005.3:c.1109C>A,NP_005996.2:p.Ala370Asp,0.659,23.3,['Unknown%20significance'],3.28,0.02,0.0,0.2,0.2
WFS1,4,6300904,NM_006005.3:c.1109C>G,NP_005996.2:p.Ala370Gly,0.406,22.0,['Unknown%20significance'],3.28,0.02,0.0,1.2,1.2
WFS1,4,6300904,NM_006005.3:c.1109C>T,NP_005996.2:p.Ala370Val,0.670,24.8,['Unknown%20significance'],3.28,0.02,0.0,-0.5,0.5
WFS1,4,6300906,NM_006005.3:c.1111T>G,NP_005996.2:p.Trp371Gly,0.951,28.6,['Unknown%20significance'],23.3,0.08,0.0,4.0,4.0
WFS1,4,6300907,NM_006005.3:c.1112G>C,NP_005996.2:p.Trp371Ser,0.914,28.5,['Unknown%20significance'],23.3,0.08,0.0,3.5,3.5
WFS1,4,6300909,NM_006005.3:c.1114G>C,NP_005996.2:p.Glu372Gln,0.746,25.7,['Unknown%20significance'],73.93,0.37,0.0,-0.2,0.2
WFS1,4,6300910,NM_006005.3:c.1115A>C,NP_005996.2:p.Glu372Ala,0.721,24.0,['Unknown%20significance'],73.93,0.37,0.0,0.1,0.1
WFS1,4,6300912,NM_006005.3:c.1117A>C,NP_005996.2:p.Asn373His,0.426,21.7,['Unknown%20significance'],11.18,0.06,0.0,-0.2,0.2
WFS1,4,6300912,NM_006005.3:c.1117A>G,NP_005996.2:p.Asn373Asp,0.395,22.4,['Unknown%20significance'],11.18,0.06,0.0,0.1,0.1
WFS1,4,6300913,NM_006005.3:c.1118A>G,NP_005996.2:p.Asn373Ser,0.296,17.81,['Likely%20benign'],11.18,0.06,0.0,0.5,0.5
WFS1,4,6300914,NM_006005.3:c.1119C>A,NP_005996.2:p.Asn373Lys,0.461,22.6,['Unknown%20significance'],11.18,0.06,0.0,0.7,0.7
WFS1,4,6300914,NM_006005.3:c.1119C>G,NP_005996.2:p.Asn373Lys,0.461,22.6,['Unknown%20significance'],11.18,0.06,0.0,0.7,0.7
WFS1,4,6300917,NM_006005.3:c.1122C>A,NP_005996.2:p.Phe374Leu,0.774,23.2,['Unknown%20significance'],0.0,0.0,0.0,1.9,1.9
WFS1,4,6300917,NM_006005.3:c.1122C>G,NP_005996.2:p.Phe374Leu,0.774,23.3,['Unknown%20significance'],0.0,0.0,0.0,1.9,1.9
WFS1,4,6300918,NM_006005.3:c.1123C>A,NP_005996.2:p.Arg375Ser,0.882,22.9,['Unknown%20significance'],68.83,0.25,0.0,1.5,1.5
WFS1,4,6300918,NM_006005.3:c.1123C>T,NP_005996.2:p.Arg375Cys,0.828,25.7,['Pathogenic'],68.83,0.25,0.0,1.3,1.3
WFS1,4,6300919,NM_006005.3:c.1124G>A,NP_005996.2:p.Arg375His,0.818,25.5,['Pathogenic'],68.83,0.25,0.0,0.6,0.6
WFS1,4,6300919,NM_006005.3:c.1124G>T,NP_005996.2:p.Arg375Leu,0.856,25.3,['Unknown%20significance'],68.83,0.25,0.0,0.2,0.2
WFS1,4,6300921,NM_006005.3:c.1126A>T,NP_005996.2:p.Thr376Ser,0.223,15.66,['Likely%20benign'],16.14,0.1,0.0,0.6,0.6
WFS1,4,6300922,NM_006005.3:c.1127C>G,NP_005996.2:p.Thr376Ser,0.231,16.43,['Likely%20benign'],16.14,0.1,0.0,0.6,0.6
WFS1,4,6300922,NM_006005.3:c.1127C>T,NP_005996.2:p.Thr376Ile,0.377,22.1,['Unknown%20significance'],16.14,0.1,0.0,-1.2,1.2
WFS1,4,6300924,NM_006005.3:c.1129C>G,NP_005996.2:p.Leu377Val,0.572,23.3,['Unknown%20significance'],0.0,0.0,0.0,1.2,1.2
WFS1,4,6300927,NM_006005.3:c.1132A>C,NP_005996.2:p.Thr378Pro,0.943,25.9,['Unknown%20significance'],0.0,0.0,0.0,1.4,1.4
WFS1,4,6300927,NM_006005.3:c.1132A>G,NP_005996.2:p.Thr378Ala,0.909,23.7,['Unknown%20significance'],0.0,0.0,0.0,0.2,0.2
WFS1,4,6300927,NM_006005.3:c.1132A>T,NP_005996.2:p.Thr378Ser,0.729,23.1,['Unknown%20significance'],0.0,0.0,0.0,0.7,0.7
WFS1,4,6300928,NM_006005.3:c.1133C>A,NP_005996.2:p.Thr378Asn,0.747,24.1,['Unknown%20significance'],0.0,0.0,0.0,1.3,1.3
WFS1,4,6300928,NM_006005.3:c.1133C>G,NP_005996.2:p.Thr378Ser,0.679,22.6,['Unknown%20significance'],0.0,0.0,0.0,0.7,0.7
WFS1,4,6300928,NM_006005.3:c.1133C>T,NP_005996.2:p.Thr378Ile,0.924,24.6,['Unknown%20significance'],0.0,0.0,0.0,-0.8,0.8
WFS1,4,6300930,NM_006005.3:c.1135G>A,NP_005996.2:p.Asp379Asn,0.115,18.86,['Unknown%20significance'],48.56,0.3,0.0,-0.3,0.3
WFS1,4,6300930,NM_006005.3:c.1135G>C,NP_005996.2:p.Asp379His,0.406,23.5,['Unknown%20significance'],48.56,0.3,0.0,-0.6,0.6
WFS1,4,6300930,NM_006005.3:c.1135G>T,NP_005996.2:p.Asp379Tyr,0.497,23.6,['Unknown%20significance'],48.56,0.3,0.0,-1.3,1.3
WFS1,4,6300931,NM_006005.3:c.1136A>C,NP_005996.2:p.Asp379Ala,0.254,19.39,['Likely%20benign'],48.56,0.3,0.0,-0.8,0.8
WFS1,4,6300931,NM_006005.3:c.1136A>T,NP_005996.2:p.Asp379Val,0.518,20.4,['Likely%20benign'],48.56,0.3,0.0,-1.3,1.3
WFS1,4,6300932,NM_006005.3:c.1137C>G,NP_005996.2:p.Asp379Glu,0.139,18.07,['Likely%20benign'],48.56,0.3,0.0,-0.2,0.2
WFS1,4,6300933,NM_006005.3:c.1138C>G,NP_005996.2:p.Leu380Val,0.682,23.5,['Unknown%20significance'],0.0,0.0,0.0,1.5,1.5
WFS1,4,6300934,NM_006005.3:c.1139T>G,NP_005996.2:p.Leu380Arg,0.949,26.9,['Unknown%20significance'],0.0,0.0,0.0,3.5,3.5
WFS1,4,6300937,NM_006005.3:c.1142T>C,NP_005996.2:p.Leu381Pro,0.967,27.5,['Unknown%20significance'],0.0,0.0,0.0,4.6,4.6
WFS1,4,6300940,NM_006005.3:c.1145T>C,NP_005996.2:p.Leu382Pro,0.865,24.1,['Pathogenic'],65.76,0.34,0.0,2.1,2.1
WFS1,4,6300942,NM_006005.3:c.1147C>A,NP_005996.2:p.Arg383Ser,0.610,23.3,['Unknown%20significance'],104.15,0.38,0.0,0.9,0.9
WFS1,4,6300942,NM_006005.3:c.1147C>T,NP_005996.2:p.Arg383Cys,0.645,23.9,['Pathogenic'],104.15,0.38,0.0,0.6,0.6
WFS1,4,6300943,NM_006005.3:c.1148G>A,NP_005996.2:p.Arg383His,0.350,22.5,['Likely%20benign'],104.15,0.38,0.0,0.3,0.3
WFS1,4,6300943,NM_006005.3:c.1148G>C,NP_005996.2:p.Arg383Pro,0.749,25.7,['Unknown%20significance'],104.15,0.38,0.0,1.1,1.1
WFS1,4,6300943,NM_006005.3:c.1148G>T,NP_005996.2:p.Arg383Leu,0.700,23.7,['Unknown%20significance'],104.15,0.38,0.0,-0.1,0.1
WFS1,4,6300945,NM_006005.3:c.1150T>C,NP_005996.2:p.Phe384Leu,0.854,26.8,['Unknown%20significance'],19.69,0.08,0.0,1.6,1.6
WFS1,4,6300947,NM_006005.3:c.1152C>A,NP_005996.2:p.Phe384Leu,0.722,24.1,['Unknown%20significance'],19.69,0.08,0.0,1.6,1.6
WFS1,4,6300947,NM_006005.3:c.1152C>G,NP_005996.2:p.Phe384Leu,0.723,24.1,['Unknown%20significance'],19.69,0.08,0.0,1.6,1.6
WFS1,4,6300948,NM_006005.3:c.1153G>A,NP_005996.2:p.Glu385Lys,0.769,24.5,['Unknown%20significance'],9.44,0.04,0.0,0.6,0.6
WFS1,4,6300948,NM_006005.3:c.1153G>C,NP_005996.2:p.Glu385Gln,0.779,25.9,['Unknown%20significance'],9.44,0.04,0.0,-0.2,0.2
WFS1,4,6300949,NM_006005.3:c.1154A>G,NP_005996.2:p.Glu385Gly,0.750,24.5,['Unknown%20significance'],9.44,0.04,0.0,0.9,0.9
WFS1,4,6300951,NM_006005.3:c.1156C>T,NP_005996.2:p.Pro386Ser,0.723,24.6,['Unknown%20significance'],109.92,0.69,0.0,0.3,0.3
WFS1,4,6300952,NM_006005.3:c.1157C>A,NP_005996.2:p.Pro386His,0.786,25.2,['Unknown%20significance'],109.92,0.69,0.0,0.0,0.0
WFS1,4,6300954,NM_006005.3:c.1159A>G,NP_005996.2:p.Asn387Asp,0.239,16.34,['Likely%20benign'],128.83,0.8,0.0,0.2,0.2
WFS1,4,6300955,NM_006005.3:c.1160A>G,NP_005996.2:p.Asn387Ser,0.209,17.78,['Likely%20benign'],128.83,0.8,0.0,0.1,0.1
WFS1,4,6300955,NM_006005.3:c.1160A>T,NP_005996.2:p.Asn387Ile,0.489,23.2,['Unknown%20significance'],128.83,0.8,0.0,0.1,0.1
WFS1,4,6300956,NM_006005.3:c.1161C>G,NP_005996.2:p.Asn387Lys,0.333,20.1,['Unknown%20significance'],128.83,0.8,0.0,0.1,0.1
WFS1,4,6300957,NM_006005.3:c.1162C>G,NP_005996.2:p.Leu388Val,0.723,23.6,['Unknown%20significance'],6.94,0.03,0.0,1.1,1.1
WFS1,4,6300958,NM_006005.3:c.1163T>G,NP_005996.2:p.Leu388Arg,0.917,27.1,['Unknown%20significance'],6.94,0.03,0.0,1.8,1.8
WFS1,4,6300960,NM_006005.3:c.1165G>C,NP_005996.2:p.Asp389His,0.928,24.6,['Unknown%20significance'],68.13,0.42,0.0,-0.2,0.2
WFS1,4,6300961,NM_006005.3:c.1166A>C,NP_005996.2:p.Asp389Ala,0.933,26.6,['Unknown%20significance'],68.13,0.42,0.0,0.3,0.3
WFS1,4,6300961,NM_006005.3:c.1166A>G,NP_005996.2:p.Asp389Gly,0.922,26.8,['Unknown%20significance'],68.13,0.42,0.0,0.7,0.7
WFS1,4,6300962,NM_006005.3:c.1167T>A,NP_005996.2:p.Asp389Glu,0.655,21.3,['Unknown%20significance'],68.13,0.42,0.0,0.2,0.2
WFS1,4,6300962,NM_006005.3:c.1167T>G,NP_005996.2:p.Asp389Glu,0.654,21.4,['Pathogenic'],68.13,0.42,0.0,0.2,0.2
WFS1,4,6300963,NM_006005.3:c.1168G>T,NP_005996.2:p.Val390Leu,0.374,19.87,['Unknown%20significance'],20.53,0.11,0.0,0.1,0.1
WFS1,4,6300964,NM_006005.3:c.1169T>C,NP_005996.2:p.Val390Ala,0.508,23.5,['Unknown%20significance'],20.53,0.11,0.0,0.8,0.8
WFS1,4,6300966,NM_006005.3:c.1171G>A,NP_005996.2:p.Glu391Lys,0.691,23.9,['Unknown%20significance'],65.31,0.33,0.0,0.1,0.1
WFS1,4,6300967,NM_006005.3:c.1172A>G,NP_005996.2:p.Glu391Gly,0.812,24.4,['Unknown%20significance'],65.31,0.33,0.0,0.9,0.9
WFS1,4,6300968,NM_006005.3:c.1173G>T,NP_005996.2:p.Glu391Asp,0.405,17.28,['Unknown%20significance'],65.31,0.33,0.0,0.1,0.1
WFS1,4,6300969,NM_006005.3:c.1174C>G,NP_005996.2:p.Gln392Glu,0.426,17.32,['Unknown%20significance'],72.29,0.36,0.0,0.5,0.5
WFS1,4,6300970,NM_006005.3:c.1175A>T,NP_005996.2:p.Gln392Leu,0.905,25.7,['Unknown%20significance'],72.29,0.36,0.0,0.3,0.3
WFS1,4,6300972,NM_006005.3:c.1177G>A,NP_005996.2:p.Ala393Thr,0.843,24.4,['Unknown%20significance'],0.0,0.0,0.0,0.3,0.3
WFS1,4,6300973,NM_006005.3:c.1178C>G,NP_005996.2:p.Ala393Gly,0.797,25.2,['Unknown%20significance'],0.0,0.0,0.0,1.7,1.7
WFS1,4,6300973,NM_006005.3:c.1178C>T,NP_005996.2:p.Ala393Val,0.904,25.3,['Unknown%20significance'],0.0,0.0,0.0,0.2,0.2
WFS1,4,6300975,NM_006005.3:c.1180G>A,NP_005996.2:p.Glu394Lys,0.942,27.3,['Pathogenic'],3.0,0.01,0.0,0.5,0.5
WFS1,4,6300975,NM_006005.3:c.1180G>C,NP_005996.2:p.Glu394Gln,0.911,25.7,['Unknown%20significance'],3.0,0.01,0.0,-0.4,0.4
WFS1,4,6300976,NM_006005.3:c.1181A>C,NP_005996.2:p.Glu394Ala,0.959,24.1,['Unknown%20significance'],3.0,0.01,0.0,0.7,0.7
WFS1,4,6300976,NM_006005.3:c.1181A>T,NP_005996.2:p.Glu394Val,0.959,26.8,['Unknown%20significance'],3.0,0.01,0.0,-0.0,0.0
WFS1,4,6300977,NM_006005.3:c.1182G>T,NP_005996.2:p.Glu394Asp,0.743,23.3,['Unknown%20significance'],3.0,0.01,0.0,0.4,0.4
WFS1,4,6300978,NM_006005.3:c.1183G>A,NP_005996.2:p.Val395Ile,0.206,19.77,['Unknown%20significance'],19.3,0.11,0.0,-0.0,0.0
WFS1,4,6300978,NM_006005.3:c.1183G>C,NP_005996.2:p.Val395Leu,0.271,22.6,['Unknown%20significance'],19.3,0.11,0.0,0.1,0.1
WFS1,4,6300979,NM_006005.3:c.1184T>A,NP_005996.2:p.Val395Asp,0.503,15.75,['Unknown%20significance'],19.3,0.11,0.0,1.3,1.3
WFS1,4,6300981,NM_006005.3:c.1186A>G,NP_005996.2:p.Asn396Asp,0.682,23.8,['Unknown%20significance'],35.42,0.22,0.0,0.5,0.5
WFS1,4,6300982,NM_006005.3:c.1187A>C,NP_005996.2:p.Asn396Thr,0.810,25.6,['Unknown%20significance'],35.42,0.22,0.0,-0.0,0.0
WFS1,4,6300982,NM_006005.3:c.1187A>G,NP_005996.2:p.Asn396Ser,0.696,23.6,['Unknown%20significance'],35.42,0.22,0.0,0.3,0.3
WFS1,4,6300983,NM_006005.3:c.1188C>G,NP_005996.2:p.Asn396Lys,0.627,24.2,['Unknown%20significance'],35.42,0.22,0.0,0.1,0.1
WFS1,4,6300985,NM_006005.3:c.1190T>G,NP_005996.2:p.Phe397Cys,0.957,27.9,['Unknown%20significance'],8.73,0.03,0.0,3.5,3.5
WFS1,4,6300986,NM_006005.3:c.1191C>G,NP_005996.2:p.Phe397Leu,0.798,23.6,['Unknown%20significance'],8.73,0.03,0.0,2.0,2.0
WFS1,4,6300987,NM_006005.3:c.1192G>A,NP_005996.2:p.Gly398Ser,0.540,20.2,['Unknown%20significance'],7.62,0.07,0.0,-0.2,0.2
WFS1,4,6300987,NM_006005.3:c.1192G>C,NP_005996.2:p.Gly398Arg,0.753,24.5,['Unknown%20significance'],7.62,0.07,0.0,-0.6,0.6
WFS1,4,6300987,NM_006005.3:c.1192G>T,NP_005996.2:p.Gly398Cys,0.671,24.9,['Unknown%20significance'],7.62,0.07,0.0,-1.0,1.0
WFS1,4,6300990,NM_006005.3:c.1195T>G,NP_005996.2:p.Trp399Gly,0.913,28.8,['Unknown%20significance'],150.66,0.57,0.0,1.8,1.8
WFS1,4,6300991,NM_006005.3:c.1196G>C,NP_005996.2:p.Trp399Ser,0.911,28.1,['Unknown%20significance'],150.66,0.57,0.0,1.5,1.5
WFS1,4,6300993,NM_006005.3:c.1198A>G,NP_005996.2:p.Asn400Asp,0.676,25.7,['Unknown%20significance'],74.38,0.46,0.0,0.3,0.3
WFS1,4,6300994,NM_006005.3:c.1199A>C,NP_005996.2:p.Asn400Thr,0.447,21.0,['Unknown%20significance'],74.38,0.46,0.0,0.2,0.2
WFS1,4,6300994,NM_006005.3:c.1199A>G,NP_005996.2:p.Asn400Ser,0.652,23.0,['Unknown%20significance'],74.38,0.46,0.0,0.4,0.4
WFS1,4,6300995,NM_006005.3:c.1200C>G,NP_005996.2:p.Asn400Lys,0.586,23.4,['Unknown%20significance'],74.38,0.46,0.0,0.5,0.5
WFS1,4,6300996,NM_006005.3:c.1201C>G,NP_005996.2:p.His401Asp,0.763,24.2,['Unknown%20significance'],21.22,0.1,0.0,1.1,1.1
WFS1,4,6300996,NM_006005.3:c.1201C>T,NP_005996.2:p.His401Tyr,0.751,24.3,['Unknown%20significance'],21.22,0.1,0.0,-0.5,0.5
WFS1,4,6300997,NM_006005.3:c.1202A>G,NP_005996.2:p.His401Arg,0.866,24.9,['Unknown%20significance'],21.22,0.1,0.0,0.3,0.3
WFS1,4,6300998,NM_006005.3:c.1203C>G,NP_005996.2:p.His401Gln,0.743,24.1,['Unknown%20significance'],21.22,0.1,0.0,0.7,0.7
WFS1,4,6300999,NM_006005.3:c.1204C>G,NP_005996.2:p.Leu402Val,0.703,23.4,['Unknown%20significance'],45.02,0.23,0.0,1.0,1.0
WFS1,4,6301000,NM_006005.3:c.1205T>C,NP_005996.2:p.Leu402Pro,0.944,27.6,['Likely%20pathogenic'],45.02,0.23,0.0,2.4,2.4
WFS1,4,6301000,NM_006005.3:c.1205T>G,NP_005996.2:p.Leu402Arg,0.960,27.1,['Unknown%20significance'],45.02,0.23,0.0,1.6,1.6
WFS1,4,6301002,NM_006005.3:c.1207G>C,NP_005996.2:p.Glu403Gln,0.811,26.0,['Unknown%20significance'],90.6,0.46,0.0,-0.3,0.3
WFS1,4,6301004,NM_006005.3:c.1209G>T,NP_005996.2:p.Glu403Asp,0.784,24.4,['Unknown%20significance'],90.6,0.46,0.0,0.3,0.3
WFS1,4,6301005,NM_006005.3:c.1210C>G,NP_005996.2:p.Pro404Ala,0.815,24.3,['Unknown%20significance'],2.7,0.01,0.0,1.5,1.5
WFS1,4,6301006,NM_006005.3:c.1211C>A,NP_005996.2:p.Pro404His,0.788,24.9,['Unknown%20significance'],2.7,0.01,0.0,1.6,1.6
WFS1,4,6301006,NM_006005.3:c.1211C>G,NP_005996.2:p.Pro404Arg,0.811,24.8,['Unknown%20significance'],2.7,0.01,0.0,1.6,1.6
WFS1,4,6301006,NM_006005.3:c.1211C>T,NP_005996.2:p.Pro404Leu,0.788,25.2,['Unknown%20significance'],2.7,0.01,0.0,0.7,0.7
WFS1,4,6301008,NM_006005.3:c.1213T>C,NP_005996.2:p.Tyr405His,0.913,26.5,['Unknown%20significance'],11.98,0.04,0.0,2.3,2.3
WFS1,4,6301009,NM_006005.3:c.1214A>C,NP_005996.2:p.Tyr405Ser,0.952,26.5,['Unknown%20significance'],11.98,0.04,0.0,4.3,4.3
WFS1,4,6301009,NM_006005.3:c.1214A>G,NP_005996.2:p.Tyr405Cys,0.954,27.0,['Unknown%20significance'],11.98,0.04,0.0,3.2,3.2
WFS1,4,6301009,NM_006005.3:c.1214A>T,NP_005996.2:p.Tyr405Phe,0.869,25.4,['Unknown%20significance'],11.98,0.04,0.0,0.7,0.7
WFS1,4,6301011,NM_006005.3:c.1216G>A,NP_005996.2:p.Ala406Thr,0.186,15.99,['Unknown%20significance'],50.85,0.39,0.0,0.1,0.1
WFS1,4,6301011,NM_006005.3:c.1216G>C,NP_005996.2:p.Ala406Pro,0.474,16.75,['Unknown%20significance'],50.85,0.39,0.0,0.4,0.4
WFS1,4,6301012,NM_006005.3:c.1217C>A,NP_005996.2:p.Ala406Asp,0.474,14.60,['Likely%20pathogenic'],50.85,0.39,0.0,0.9,0.9
WFS1,4,6301012,NM_006005.3:c.1217C>G,NP_005996.2:p.Ala406Gly,0.264,13.60,['Likely%20benign'],50.85,0.39,0.0,0.8,0.8
WFS1,4,6301012,NM_006005.3:c.1217C>T,NP_005996.2:p.Ala406Val,0.195,5.358,['Likely%20benign'],50.85,0.39,0.0,-0.9,0.9
WFS1,4,6301014,NM_006005.3:c.1219C>G,NP_005996.2:p.His407Asp,0.655,18.72,['Unknown%20significance'],17.75,0.08,0.0,2.3,2.3
WFS1,4,6301014,NM_006005.3:c.1219C>T,NP_005996.2:p.His407Tyr,0.227,13.60,['Unknown%20significance'],17.75,0.08,0.0,-1.4,1.4
WFS1,4,6301015,NM_006005.3:c.1220A>C,NP_005996.2:p.His407Pro,0.839,22.4,['Unknown%20significance'],17.75,0.08,0.0,1.6,1.6
WFS1,4,6301015,NM_006005.3:c.1220A>G,NP_005996.2:p.His407Arg,0.760,21.2,['Unknown%20significance'],17.75,0.08,0.0,0.7,0.7
WFS1,4,6301016,NM_006005.3:c.1221T>G,NP_005996.2:p.His407Gln,0.629,17.26,['Unknown%20significance'],17.75,0.08,0.0,1.0,1.0
WFS1,4,6301018,NM_006005.3:c.1223T>G,NP_005996.2:p.Phe408Cys,0.969,26.0,['Unknown%20significance'],0.0,0.0,0.0,4.5,4.5
WFS1,4,6301023,NM_006005.3:c.1228C>G,NP_005996.2:p.Leu410Val,0.607,14.27,['Unknown%20significance'],80.01,0.41,0.0,0.5,0.5
WFS1,4,6301023,NM_006005.3:c.1228C>T,NP_005996.2:p.Leu410Phe,0.587,16.00,['Unknown%20significance'],80.01,0.41,0.0,0.4,0.4
WFS1,4,6301024,NM_006005.3:c.1229T>C,NP_005996.2:p.Leu410Pro,0.880,23.0,['Unknown%20significance'],80.01,0.41,0.0,2.6,2.6
WFS1,4,6301026,NM_006005.3:c.1231T>C,NP_005996.2:p.Ser411Pro,0.889,24.3,['Unknown%20significance'],0.0,0.0,0.0,0.5,0.5
WFS1,4,6301027,NM_006005.3:c.1232C>A,NP_005996.2:p.Ser411Tyr,0.898,23.3,['Unknown%20significance'],0.0,0.0,0.0,-1.6,1.6
WFS1,4,6301027,NM_006005.3:c.1232C>G,NP_005996.2:p.Ser411Cys,0.840,23.3,['Unknown%20significance'],0.0,0.0,0.0,-1.3,1.3
WFS1,4,6301027,NM_006005.3:c.1232C>T,NP_005996.2:p.Ser411Phe,0.891,23.7,['Unknown%20significance'],0.0,0.0,0.0,-2.1,2.1
WFS1,4,6301029,NM_006005.3:c.1234G>A,NP_005996.2:p.Val412Ile,0.651,22.9,['Unknown%20significance'],0.09,0.0,0.0,0.0,0.0
WFS1,4,6301029,NM_006005.3:c.1234G>C,NP_005996.2:p.Val412Leu,0.627,15.94,['Benign'],0.09,0.0,0.0,-0.7,0.7
WFS1,4,6301030,NM_006005.3:c.1235T>A,NP_005996.2:p.Val412Asp,0.824,23.6,['Unknown%20significance'],0.09,0.0,0.0,5.3,5.3
WFS1,4,6301030,NM_006005.3:c.1235T>C,NP_005996.2:p.Val412Ala,0.752,21.7,['Benign*'],0.09,0.0,0.0,2.9,2.9
WFS1,4,6301030,NM_006005.3:c.1235T>G,NP_005996.2:p.Val412Gly,0.828,23.4,['Unknown%20significance'],0.09,0.0,0.0,5.0,5.0
WFS1,4,6301032,NM_006005.3:c.1237T>C,NP_005996.2:p.Phe413Leu,0.354,0.041,['Likely%20benign'],90.75,0.39,0.0,0.1,0.1
WFS1,4,6301032,NM_006005.3:c.1237T>G,NP_005996.2:p.Phe413Val,0.279,0.085,['Unknown%20significance'],90.75,0.39,0.0,0.4,0.4
WFS1,4,6301035,NM_006005.3:c.1240T>C,NP_005996.2:p.Phe414Leu,0.665,22.5,['Unknown%20significance'],2.47,0.01,0.0,0.4,0.4
WFS1,4,6301035,NM_006005.3:c.1240T>G,NP_005996.2:p.Phe414Val,0.757,22.4,['Unknown%20significance'],2.47,0.01,0.0,0.7,0.7
WFS1,4,6301037,NM_006005.3:c.1242C>A,NP_005996.2:p.Phe414Leu,0.599,0.084,['Unknown%20significance'],2.47,0.01,0.0,0.4,0.4
WFS1,4,6301038,NM_006005.3:c.1243G>A,NP_005996.2:p.Val415Ile,0.601,19.51,['Unknown%20significance'],0.0,0.0,0.0,0.1,0.1
WFS1,4,6301038,NM_006005.3:c.1243G>C,NP_005996.2:p.Val415Leu,0.663,15.97,['Unknown%20significance'],0.0,0.0,0.0,0.1,0.1
WFS1,4,6301038,NM_006005.3:c.1243G>T,NP_005996.2:p.Val415Phe,0.753,17.41,['Likely%20pathogenic'],0.0,0.0,0.0,0.1,0.1
WFS1,4,6301041,NM_006005.3:c.1246A>C,NP_005996.2:p.Ile416Leu,0.601,20.9,['Unknown%20significance'],0.0,0.0,0.0,-0.0,0.0
WFS1,4,6301041,NM_006005.3:c.1246A>G,NP_005996.2:p.Ile416Val,0.431,13.27,['Unknown%20significance'],0.0,0.0,0.0,0.5,0.5
WFS1,4,6301042,NM_006005.3:c.1247T>A,NP_005996.2:p.Ile416Asn,0.875,24.2,['Unknown%20significance'],0.0,0.0,0.0,5.0,5.0
WFS1,4,6301042,NM_006005.3:c.1247T>C,NP_005996.2:p.Ile416Thr,0.900,23.7,['Unknown%20significance'],0.0,0.0,0.0,3.5,3.5
WFS1,4,6301043,NM_006005.3:c.1248C>G,NP_005996.2:p.Ile416Met,0.705,22.5,['Unknown%20significance'],0.0,0.0,0.0,1.5,1.5
WFS1,4,6301044,NM_006005.3:c.1249T>A,NP_005996.2:p.Phe417Ile,0.617,19.45,['Unknown%20significance'],18.71,0.08,0.0,0.5,0.5
WFS1,4,6301045,NM_006005.3:c.1250T>C,NP_005996.2:p.Phe417Ser,0.895,24.5,['Unknown%20significance'],18.71,0.08,0.0,3.8,3.8
WFS1,4,6301046,NM_006005.3:c.1251C>G,NP_005996.2:p.Phe417Leu,0.651,10.61,['Unknown%20significance'],18.71,0.08,0.0,0.3,0.3
WFS1,4,6301047,NM_006005.3:c.1252T>G,NP_005996.2:p.Ser418Ala,0.546,20.8,['Unknown%20significance'],0.01,0.0,0.0,-0.9,0.9
WFS1,4,6301048,NM_006005.3:c.1253C>A,NP_005996.2:p.Ser418Tyr,0.717,23.0,['Unknown%20significance'],0.01,0.0,0.0,-1.9,1.9
WFS1,4,6301048,NM_006005.3:c.1253C>G,NP_005996.2:p.Ser418Cys,0.681,23.2,['Unknown%20significance'],0.01,0.0,0.0,-1.2,1.2
WFS1,4,6301048,NM_006005.3:c.1253C>T,NP_005996.2:p.Ser418Phe,0.715,23.1,['Unknown%20significance'],0.01,0.0,0.0,-2.3,2.3
WFS1,4,6301050,NM_006005.3:c.1255T>C,NP_005996.2:p.Phe419Leu,0.868,22.8,['Unknown%20significance'],0.0,0.0,0.0,1.1,1.1
WFS1,4,6301051,NM_006005.3:c.1256T>A,NP_005996.2:p.Phe419Tyr,0.708,23.7,['Unknown%20significance'],0.0,0.0,0.0,0.7,0.7
WFS1,4,6301052,NM_006005.3:c.1257C>A,NP_005996.2:p.Phe419Leu,0.739,19.12,['Unknown%20significance'],0.0,0.0,0.0,1.1,1.1
WFS1,4,6301053,NM_006005.3:c.1258C>T,NP_005996.2:p.Pro420Ser,0.818,20.5,['Unknown%20significance'],25.95,0.16,0.0,1.5,1.5
WFS1,4,6301056,NM_006005.3:c.1261A>C,NP_005996.2:p.Ile421Leu,0.325,0.002,['Likely%20benign'],25.13,0.12,0.0,0.1,0.1
WFS1,4,6301056,NM_006005.3:c.1261A>G,NP_005996.2:p.Ile421Val,0.205,0.001,['Likely%20benign'],25.13,0.12,0.0,0.2,0.2
WFS1,4,6301057,NM_006005.3:c.1262T>G,NP_005996.2:p.Ile421Ser,0.339,22.0,['Unknown%20significance'],25.13,0.12,0.0,2.6,2.6
WFS1,4,6301058,NM_006005.3:c.1263C>G,NP_005996.2:p.Ile421Met,0.338,0.162,['Likely%20benign'],25.13,0.12,0.0,0.5,0.5
WFS1,4,6301059,NM_006005.3:c.1264G>A,NP_005996.2:p.Ala422Thr,0.477,21.6,['Unknown%20significance'],0.46,0.0,0.0,0.3,0.3
WFS1,4,6301059,NM_006005.3:c.1264G>T,NP_005996.2:p.Ala422Ser,0.590,21.1,['Unknown%20significance'],0.46,0.0,0.0,1.0,1.0
WFS1,4,6301060,NM_006005.3:c.1265C>T,NP_005996.2:p.Ala422Val,0.569,17.52,['Unknown%20significance'],0.46,0.0,0.0,-1.2,1.2
WFS1,4,6301062,NM_006005.3:c.1267A>G,NP_005996.2:p.Ser423Gly,0.565,20.8,['Unknown%20significance'],32.06,0.23,0.0,0.7,0.7
WFS1,4,6301063,NM_006005.3:c.1268G>A,NP_005996.2:p.Ser423Asn,0.300,15.17,['Unknown%20significance'],32.06,0.23,0.0,0.1,0.1
WFS1,4,6301064,NM_006005.3:c.1269C>G,NP_005996.2:p.Ser423Arg,0.609,19.77,['Unknown%20significance'],32.06,0.23,0.0,-0.1,0.1
WFS1,4,6301065,NM_006005.3:c.1270A>C,NP_005996.2:p.Lys424Gln,0.667,23.3,['Unknown%20significance'],58.51,0.24,0.0,-0.2,0.2
WFS1,4,6301066,NM_006005.3:c.1271A>C,NP_005996.2:p.Lys424Thr,0.609,13.77,['Unknown%20significance'],58.51,0.24,0.0,-0.1,0.1
WFS1,4,6301067,NM_006005.3:c.1272G>C,NP_005996.2:p.Lys424Asn,0.541,22.2,['Unknown%20significance'],58.51,0.24,0.0,0.1,0.1
WFS1,4,6301068,NM_006005.3:c.1273G>A,NP_005996.2:p.Asp425Asn,0.204,17.60,['Likely%20benign'],147.42,0.92,0.0,-0.0,0.0
WFS1,4,6301068,NM_006005.3:c.1273G>C,NP_005996.2:p.Asp425His,0.462,17.52,['Unknown%20significance'],147.42,0.92,0.0,-0.1,0.1
WFS1,4,6301069,NM_006005.3:c.1274A>C,NP_005996.2:p.Asp425Ala,0.504,17.16,['Unknown%20significance'],147.42,0.92,0.0,-0.1,0.1
WFS1,4,6301071,NM_006005.3:c.1276T>A,NP_005996.2:p.Cys426Ser,0.661,22.2,['Unknown%20significance'],40.25,0.26,0.0,0.7,0.7
WFS1,4,6301072,NM_006005.3:c.1277G>A,NP_005996.2:p.Cys426Tyr,0.490,16.23,['Likely%20benign'],40.25,0.26,0.0,-1.5,1.5
WFS1,4,6301072,NM_006005.3:c.1277G>C,NP_005996.2:p.Cys426Ser,0.588,19.59,['Unknown%20significance'],40.25,0.26,0.0,0.7,0.7
WFS1,4,6301074,NM_006005.3:c.1279A>G,NP_005996.2:p.Ile427Val,0.387,6.742,['Unknown%20significance'],7.62,0.03,0.0,0.6,0.6
WFS1,4,6301075,NM_006005.3:c.1280T>A,NP_005996.2:p.Ile427Asn,0.930,23.9,['Pathogenic'],7.62,0.03,0.0,3.7,3.7
WFS1,4,6301075,NM_006005.3:c.1280T>G,NP_005996.2:p.Ile427Ser,0.928,23.9,['Pathogenic'],7.62,0.03,0.0,3.7,3.7
WFS1,4,6301076,NM_006005.3:c.1281C>G,NP_005996.2:p.Ile427Met,0.479,5.070,['Likely%20benign'],7.62,0.03,0.0,1.1,1.1
WFS1,4,6301077,NM_006005.3:c.1282C>G,NP_005996.2:p.Pro428Ala,0.942,22.7,['Unknown%20significance'],75.08,0.47,0.0,0.9,0.9
WFS1,4,6301077,NM_006005.3:c.1282C>T,NP_005996.2:p.Pro428Ser,0.944,23.1,['Unknown%20significance'],75.08,0.47,0.0,1.3,1.3
WFS1,4,6301078,NM_006005.3:c.1283C>A,NP_005996.2:p.Pro428His,0.939,23.4,['Unknown%20significance'],75.08,0.47,0.0,0.9,0.9
WFS1,4,6301078,NM_006005.3:c.1283C>G,NP_005996.2:p.Pro428Arg,0.955,23.4,['Pathogenic'],75.08,0.47,0.0,1.0,1.0
WFS1,4,6301078,NM_006005.3:c.1283C>T,NP_005996.2:p.Pro428Leu,0.942,23.6,['Unknown%20significance'],75.08,0.47,0.0,0.5,0.5
WFS1,4,6301080,NM_006005.3:c.1285T>C,NP_005996.2:p.Cys429Arg,0.870,24.1,['Unknown%20significance'],11.87,0.07,0.0,1.3,1.3
WFS1,4,6301081,NM_006005.3:c.1286G>A,NP_005996.2:p.Cys429Tyr,0.845,22.7,['Unknown%20significance'],11.87,0.07,0.0,0.1,0.1
WFS1,4,6301081,NM_006005.3:c.1286G>C,NP_005996.2:p.Cys429Ser,0.842,23.7,['Unknown%20significance'],11.87,0.07,0.0,2.0,2.0
WFS1,4,6301084,NM_006005.3:c.1289C>G,NP_005996.2:p.Ser430Trp,0.934,24.0,['Likely%20pathogenic'],2.95,0.02,0.0,-0.9,0.9
WFS1,4,6301084,NM_006005.3:c.1289C>T,NP_005996.2:p.Ser430Leu,0.911,23.9,['Pathogenic'],2.95,0.02,0.0,-0.4,0.4
WFS1,4,6301086,NM_006005.3:c.1291G>C,NP_005996.2:p.Glu431Gln,0.916,23.0,['Likely%20pathogenic'],39.1,0.2,0.0,-0.4,0.4
WFS1,4,6301087,NM_006005.3:c.1292A>C,NP_005996.2:p.Glu431Ala,0.963,24.3,['Unknown%20significance'],39.1,0.2,0.0,0.1,0.1
WFS1,4,6301087,NM_006005.3:c.1292A>G,NP_005996.2:p.Glu431Gly,0.963,24.8,['Unknown%20significance'],39.1,0.2,0.0,1.3,1.3
WFS1,4,6301088,NM_006005.3:c.1293G>T,NP_005996.2:p.Glu431Asp,0.854,23.0,['Unknown%20significance'],39.1,0.2,0.0,0.4,0.4
WFS1,4,6301089,NM_006005.3:c.1294C>G,NP_005996.2:p.Leu432Val,0.799,22.5,['Likely%20benign'],11.11,0.05,0.0,1.2,1.2
WFS1,4,6301090,NM_006005.3:c.1295T>A,NP_005996.2:p.Leu432Gln,0.982,24.4,['Pathogenic'],11.11,0.05,0.0,3.6,3.6
WFS1,4,6301090,NM_006005.3:c.1295T>G,NP_005996.2:p.Leu432Arg,0.992,24.5,['Pathogenic'],11.11,0.05,0.0,2.9,2.9
WFS1,4,6301092,NM_006005.3:c.1297G>A,NP_005996.2:p.Ala433Thr,0.477,17.79,['Unknown%20significance'],0.29,0.0,0.0,0.2,0.2
WFS1,4,6301092,NM_006005.3:c.1297G>C,NP_005996.2:p.Ala433Pro,0.805,23.9,['Unknown%20significance'],0.29,0.0,0.0,1.7,1.7
WFS1,4,6301092,NM_006005.3:c.1297G>T,NP_005996.2:p.Ala433Ser,0.421,16.63,['Unknown%20significance'],0.29,0.0,0.0,1.2,1.2
WFS1,4,6301093,NM_006005.3:c.1298C>T,NP_005996.2:p.Ala433Val,0.763,23.4,['Unknown%20significance'],0.29,0.0,0.0,-1.1,1.1
WFS1,4,6301095,NM_006005.3:c.1300G>C,NP_005996.2:p.Val434Leu,0.129,5.502,['Likely%20benign'],33.98,0.19,0.0,0.4,0.4
WFS1,4,6301095,NM_006005.3:c.1300G>T,NP_005996.2:p.Val434Phe,0.470,13.84,['Likely%20benign'],33.98,0.19,0.0,0.7,0.7
WFS1,4,6301099,NM_006005.3:c.1304T>A,NP_005996.2:p.Ile435Asn,0.492,23.4,['Unknown%20significance'],46.11,0.23,0.0,3.7,3.7
WFS1,4,6301101,NM_006005.3:c.1306A>C,NP_005996.2:p.Thr436Pro,0.348,4.342,['Likely%20benign'],0.0,0.0,0.0,1.0,1.0
WFS1,4,6301101,NM_006005.3:c.1306A>G,NP_005996.2:p.Thr436Ala,0.195,0.012,['Likely%20benign'],0.0,0.0,0.0,-1.2,1.2
WFS1,4,6301102,NM_006005.3:c.1307C>G,NP_005996.2:p.Thr436Ser,0.240,4.457,['Likely%20benign'],0.0,0.0,0.0,0.4,0.4
WFS1,4,6301104,NM_006005.3:c.1309G>A,NP_005996.2:p.Gly437Ser,0.232,1.428,['Unknown%20significance'],23.78,0.24,0.0,-0.4,0.4
WFS1,4,6301104,NM_006005.3:c.1309G>C,NP_005996.2:p.Gly437Arg,0.531,1.790,['Pathogenic'],23.78,0.24,0.0,-0.8,0.8
WFS1,4,6301104,NM_006005.3:c.1309G>T,NP_005996.2:p.Gly437Cys,0.358,2.853,['Unknown%20significance'],23.78,0.24,0.0,-1.7,1.7
WFS1,4,6301105,NM_006005.3:c.1310G>T,NP_005996.2:p.Gly437Val,0.178,2.509,['Likely%20benign'],23.78,0.24,0.0,-2.8,2.8
WFS1,4,6301109,NM_006005.3:c.1314C>G,NP_005996.2:p.Phe438Leu,0.798,21.2,['Unknown%20significance'],85.56,0.37,0.0,0.4,0.4
WFS1,4,6301110,NM_006005.3:c.1315T>C,NP_005996.2:p.Phe439Leu,0.701,19.40,['Unknown%20significance'],8.42,0.03,0.0,0.7,0.7
WFS1,4,6301110,NM_006005.3:c.1315T>G,NP_005996.2:p.Phe439Val,0.891,23.5,['Unknown%20significance'],8.42,0.03,0.0,1.7,1.7
WFS1,4,6301111,NM_006005.3:c.1316T>A,NP_005996.2:p.Phe439Tyr,0.858,23.9,['Unknown%20significance'],8.42,0.03,0.0,1.6,1.6
WFS1,4,6301111,NM_006005.3:c.1316T>C,NP_005996.2:p.Phe439Ser,0.957,23.5,['Unknown%20significance'],8.42,0.03,0.0,5.4,5.4
WFS1,4,6301111,NM_006005.3:c.1316T>G,NP_005996.2:p.Phe439Cys,0.976,24.3,['Pathogenic'],8.42,0.03,0.0,3.3,3.3
WFS1,4,6301114,NM_006005.3:c.1319C>T,NP_005996.2:p.Thr440Ile,0.890,22.9,['Unknown%20significance'],11.51,0.07,0.0,-1.4,1.4
WFS1,4,6301116,NM_006005.3:c.1321G>A,NP_005996.2:p.Val441Met,0.316,9.613,['Likely%20benign'],94.78,0.55,0.0,0.3,0.3
WFS1,4,6301116,NM_006005.3:c.1321G>T,NP_005996.2:p.Val441Leu,0.356,7.706,['Likely%20benign'],94.78,0.55,0.0,-0.0,0.0
WFS1,4,6301117,NM_006005.3:c.1322T>C,NP_005996.2:p.Val441Ala,0.285,6.289,['Likely%20benign'],94.78,0.55,0.0,0.9,0.9
WFS1,4,6301120,NM_006005.3:c.1325C>G,NP_005996.2:p.Thr442Ser,0.483,14.89,['Unknown%20significance'],3.07,0.01,0.0,1.1,1.1
WFS1,4,6301120,NM_006005.3:c.1325C>T,NP_005996.2:p.Thr442Ile,0.574,17.90,['Unknown%20significance'],3.07,0.01,0.0,-2.0,2.0
WFS1,4,6301122,NM_006005.3:c.1327A>G,NP_005996.2:p.Ser443Gly,0.754,22.4,['Unknown%20significance'],0.0,0.0,0.0,1.1,1.1
WFS1,4,6301123,NM_006005.3:c.1328G>A,NP_005996.2:p.Ser443Asn,0.731,23.8,['Unknown%20significance'],0.0,0.0,0.0,0.6,0.6
WFS1,4,6301123,NM_006005.3:c.1328G>C,NP_005996.2:p.Ser443Thr,0.620,23.3,['Unknown%20significance'],0.0,0.0,0.0,-0.9,0.9
WFS1,4,6301123,NM_006005.3:c.1328G>T,NP_005996.2:p.Ser443Ile,0.918,24.3,['Pathogenic'],0.0,0.0,0.0,-2.3,2.3
WFS1,4,6301124,NM_006005.3:c.1329C>A,NP_005996.2:p.Ser443Arg,0.801,19.42,['Unknown%20significance'],0.0,0.0,0.0,-0.0,0.0
WFS1,4,6301124,NM_006005.3:c.1329C>G,NP_005996.2:p.Ser443Arg,0.801,19.68,['Pathogenic'],0.0,0.0,0.0,-0.0,0.0
WFS1,4,6301128,NM_006005.3:c.1333C>G,NP_005996.2:p.Leu445Val,0.243,0.199,['Unknown%20significance'],95.24,0.49,0.0,0.1,0.1
WFS1,4,6301133,NM_006005.3:c.1338C>A,NP_005996.2:p.Ser446Arg,0.879,23.3,['Pathogenic'],12.67,0.09,0.0,0.1,0.1
WFS1,4,6301133,NM_006005.3:c.1338C>G,NP_005996.2:p.Ser446Arg,0.878,23.3,['Unknown%20significance'],12.67,0.09,0.0,0.1,0.1
WFS1,4,6301134,NM_006005.3:c.1339C>A,NP_005996.2:p.Leu447Met,0.686,22.3,['Unknown%20significance'],15.31,0.07,0.0,0.9,0.9
WFS1,4,6301137,NM_006005.3:c.1342A>C,NP_005996.2:p.Ser448Arg,0.637,17.20,['Unknown%20significance'],14.75,0.1,0.0,-0.2,0.2
WFS1,4,6301137,NM_006005.3:c.1342A>G,NP_005996.2:p.Ser448Gly,0.396,15.88,['Unknown%20significance'],14.75,0.1,0.0,0.6,0.6
WFS1,4,6301138,NM_006005.3:c.1343G>A,NP_005996.2:p.Ser448Asn,0.532,22.2,['Unknown%20significance'],14.75,0.1,0.0,0.3,0.3
WFS1,4,6301138,NM_006005.3:c.1343G>C,NP_005996.2:p.Ser448Thr,0.553,22.2,['Unknown%20significance'],14.75,0.1,0.0,-0.3,0.3
WFS1,4,6301140,NM_006005.3:c.1345A>C,NP_005996.2:p.Thr449Pro,0.250,9.482,['Likely%20benign'],104.97,0.66,0.0,0.2,0.2
WFS1,4,6301140,NM_006005.3:c.1345A>G,NP_005996.2:p.Thr449Ala,0.135,7.532,['Likely%20benign'],104.97,0.66,0.0,0.1,0.1
WFS1,4,6301140,NM_006005.3:c.1345A>T,NP_005996.2:p.Thr449Ser,0.141,2.397,['Likely%20benign'],104.97,0.66,0.0,0.2,0.2
WFS1,4,6301141,NM_006005.3:c.1346C>G,NP_005996.2:p.Thr449Ser,0.173,3.492,['Likely%20benign'],104.97,0.66,0.0,0.2,0.2
WFS1,4,6301141,NM_006005.3:c.1346C>T,NP_005996.2:p.Thr449Ile,0.632,10.30,['Unknown%20significance'],104.97,0.66,0.0,-0.2,0.2
WFS1,4,6301143,NM_006005.3:c.1348C>T,NP_005996.2:p.His450Tyr,0.250,16.13,['Likely%20benign'],91.38,0.44,0.0,-0.3,0.3
WFS1,4,6301144,NM_006005.3:c.1349A>C,NP_005996.2:p.His450Pro,0.409,15.77,['Unknown%20significance'],91.38,0.44,0.0,0.5,0.5
WFS1,4,6301144,NM_006005.3:c.1349A>G,NP_005996.2:p.His450Arg,0.258,9.640,['Likely%20benign'],91.38,0.44,0.0,-0.1,0.1
WFS1,4,6301146,NM_006005.3:c.1351G>A,NP_005996.2:p.Ala451Thr,0.730,23.7,['Unknown%20significance'],0.01,0.0,0.0,0.0,0.0
WFS1,4,6301146,NM_006005.3:c.1351G>T,NP_005996.2:p.Ala451Ser,0.657,23.4,['Unknown%20significance'],0.01,0.0,0.0,0.3,0.3
WFS1,4,6301147,NM_006005.3:c.1352C>G,NP_005996.2:p.Ala451Gly,0.708,23.0,['Unknown%20significance'],0.01,0.0,0.0,1.1,1.1
WFS1,4,6301147,NM_006005.3:c.1352C>T,NP_005996.2:p.Ala451Val,0.778,23.1,['Unknown%20significance'],0.01,0.0,0.0,-0.3,0.3
WFS1,4,6301149,NM_006005.3:c.1354G>A,NP_005996.2:p.Glu452Lys,0.534,22.3,['Unknown%20significance'],69.64,0.35,0.0,0.4,0.4
WFS1,4,6301150,NM_006005.3:c.1355A>C,NP_005996.2:p.Glu452Ala,0.483,16.71,['Unknown%20significance'],69.64,0.35,0.0,0.0,0.0
WFS1,4,6301152,NM_006005.3:c.1357C>A,NP_005996.2:p.Pro453Thr,0.493,14.44,['Unknown%20significance'],74.71,0.47,0.0,-0.1,0.1
WFS1,4,6301152,NM_006005.3:c.1357C>G,NP_005996.2:p.Pro453Ala,0.363,12.91,['Unknown%20significance'],74.71,0.47,0.0,0.1,0.1
WFS1,4,6301152,NM_006005.3:c.1357C>T,NP_005996.2:p.Pro453Ser,0.448,15.59,['Unknown%20significance'],74.71,0.47,0.0,0.2,0.2
WFS1,4,6301153,NM_006005.3:c.1358C>A,NP_005996.2:p.Pro453His,0.514,15.46,['Unknown%20significance'],74.71,0.47,0.0,-0.2,0.2
WFS1,4,6301153,NM_006005.3:c.1358C>T,NP_005996.2:p.Pro453Leu,0.409,15.43,['Unknown%20significance'],74.71,0.47,0.0,-0.6,0.6
WFS1,4,6301158,NM_006005.3:c.1363A>C,NP_005996.2:p.Thr455Pro,0.621,23.8,['Unknown%20significance'],0.57,0.0,0.0,0.2,0.2
WFS1,4,6301159,NM_006005.3:c.1364C>A,NP_005996.2:p.Thr455Lys,0.686,23.5,['Unknown%20significance'],0.57,0.0,0.0,1.3,1.3
WFS1,4,6301159,NM_006005.3:c.1364C>G,NP_005996.2:p.Thr455Arg,0.705,23.4,['Unknown%20significance'],0.57,0.0,0.0,0.2,0.2
WFS1,4,6301159,NM_006005.3:c.1364C>T,NP_005996.2:p.Thr455Met,0.659,23.6,['Unknown%20significance'],0.57,0.0,0.0,-0.6,0.6
WFS1,4,6301161,NM_006005.3:c.1366C>T,NP_005996.2:p.Arg456Cys,0.705,13.51,['Unknown%20significance'],167.87,0.62,0.0,0.3,0.3
WFS1,4,6301162,NM_006005.3:c.1367G>A,NP_005996.2:p.Arg456His,0.529,24.2,['Benign'],167.87,0.62,0.0,0.1,0.1
WFS1,4,6301162,NM_006005.3:c.1367G>T,NP_005996.2:p.Arg456Leu,0.670,19.67,['Unknown%20significance'],167.87,0.62,0.0,-0.5,0.5
WFS1,4,6301164,NM_006005.3:c.1369A>G,NP_005996.2:p.Arg457Gly,0.657,15.15,['Pathogenic'],131.5,0.48,0.0,1.0,1.0
WFS1,4,6301165,NM_006005.3:c.1370G>A,NP_005996.2:p.Arg457Lys,0.378,17.93,['Likely%20benign'],131.5,0.48,0.0,0.7,0.7
WFS1,4,6301165,NM_006005.3:c.1370G>C,NP_005996.2:p.Arg457Thr,0.639,23.0,['Unknown%20significance'],131.5,0.48,0.0,0.2,0.2
WFS1,4,6301166,NM_006005.3:c.1371G>T,NP_005996.2:p.Arg457Ser,0.665,21.6,['Pathogenic'],131.5,0.48,0.0,0.7,0.7
WFS1,4,6301167,NM_006005.3:c.1372G>A,NP_005996.2:p.Ala458Thr,0.806,25.7,['Unknown%20significance'],0.0,0.0,0.0,0.8,0.8
WFS1,4,6301167,NM_006005.3:c.1372G>T,NP_005996.2:p.Ala458Ser,0.706,23.3,['Unknown%20significance'],0.0,0.0,0.0,1.7,1.7
WFS1,4,6301168,NM_006005.3:c.1373C>A,NP_005996.2:p.Ala458Asp,0.891,24.8,['Unknown%20significance'],0.0,0.0,0.0,2.7,2.7
WFS1,4,6301168,NM_006005.3:c.1373C>T,NP_005996.2:p.Ala458Val,0.790,24.8,['Unknown%20significance'],0.0,0.0,0.0,-1.2,1.2
WFS1,4,6301170,NM_006005.3:c.1375C>G,NP_005996.2:p.Leu459Val,0.640,22.1,['Unknown%20significance'],26.26,0.13,0.0,0.4,0.4
WFS1,4,6301171,NM_006005.3:c.1376T>G,NP_005996.2:p.Leu459Arg,0.926,26.0,['Pathogenic'],26.26,0.13,0.0,2.9,2.9
WFS1,4,6301173,NM_006005.3:c.1378G>A,NP_005996.2:p.Ala460Thr,0.209,18.57,['Unknown%20significance'],64.17,0.5,0.0,-0.0,0.0
WFS1,4,6301173,NM_006005.3:c.1378G>C,NP_005996.2:p.Ala460Pro,0.538,19.58,['Unknown%20significance'],64.17,0.5,0.0,0.5,0.5
WFS1,4,6301173,NM_006005.3:c.1378G>T,NP_005996.2:p.Ala460Ser,0.252,17.35,['Likely%20benign'],64.17,0.5,0.0,0.5,0.5
WFS1,4,6301174,NM_006005.3:c.1379C>G,NP_005996.2:p.Ala460Gly,0.344,15.31,['Likely%20benign'],64.17,0.5,0.0,0.8,0.8
WFS1,4,6301174,NM_006005.3:c.1379C>T,NP_005996.2:p.Ala460Val,0.174,10.85,['Likely%20benign'],64.17,0.5,0.0,-1.1,1.1
WFS1,4,6301176,NM_006005.3:c.1381A>C,NP_005996.2:p.Thr461Pro,0.634,23.2,['Pathogenic'],8.3,0.05,0.0,1.5,1.5
WFS1,4,6301176,NM_006005.3:c.1381A>G,NP_005996.2:p.Thr461Ala,0.354,18.77,['Unknown%20significance'],8.3,0.05,0.0,0.1,0.1
WFS1,4,6301176,NM_006005.3:c.1381A>T,NP_005996.2:p.Thr461Ser,0.400,18.60,['Unknown%20significance'],8.3,0.05,0.0,1.3,1.3
WFS1,4,6301177,NM_006005.3:c.1382C>G,NP_005996.2:p.Thr461Ser,0.381,16.63,['Unknown%20significance'],8.3,0.05,0.0,1.3,1.3
WFS1,4,6301177,NM_006005.3:c.1382C>T,NP_005996.2:p.Thr461Ile,0.344,15.61,['Unknown%20significance'],8.3,0.05,0.0,-2.1,2.1
WFS1,4,6301180,NM_006005.3:c.1385A>C,NP_005996.2:p.Glu462Ala,0.832,25.0,['Unknown%20significance'],2.6,0.01,0.0,-0.8,0.8
WFS1,4,6301180,NM_006005.3:c.1385A>G,NP_005996.2:p.Glu462Gly,0.952,25.7,['Pathogenic'],2.6,0.01,0.0,1.0,1.0
WFS1,4,6301181,NM_006005.3:c.1386G>C,NP_005996.2:p.Glu462Asp,0.653,22.8,['Unknown%20significance'],2.6,0.01,0.0,0.6,0.6
WFS1,4,6301181,NM_006005.3:c.1386G>T,NP_005996.2:p.Glu462Asp,0.653,22.7,['Unknown%20significance'],2.6,0.01,0.0,0.6,0.6
WFS1,4,6301182,NM_006005.3:c.1387G>A,NP_005996.2:p.Val463Ile,0.377,17.26,['Unknown%20significance'],53.33,0.31,0.0,-0.0,0.0
WFS1,4,6301182,NM_006005.3:c.1387G>T,NP_005996.2:p.Val463Phe,0.732,23.4,['Unknown%20significance'],53.33,0.31,0.0,0.3,0.3
WFS1,4,6301183,NM_006005.3:c.1388T>C,NP_005996.2:p.Val463Ala,0.703,22.6,['Unknown%20significance'],53.33,0.31,0.0,1.6,1.6
WFS1,4,6301185,NM_006005.3:c.1390A>C,NP_005996.2:p.Thr464Pro,0.514,18.21,['Unknown%20significance'],63.06,0.4,0.0,0.6,0.6
WFS1,4,6301185,NM_006005.3:c.1390A>G,NP_005996.2:p.Thr464Ala,0.153,7.524,['Likely%20benign'],63.06,0.4,0.0,-0.1,0.1
WFS1,4,6301186,NM_006005.3:c.1391C>G,NP_005996.2:p.Thr464Ser,0.194,14.60,['Unknown%20significance'],63.06,0.4,0.0,0.5,0.5
WFS1,4,6301186,NM_006005.3:c.1391C>T,NP_005996.2:p.Thr464Ile,0.315,14.67,['Unknown%20significance'],63.06,0.4,0.0,-1.2,1.2
WFS1,4,6301188,NM_006005.3:c.1393G>A,NP_005996.2:p.Ala465Thr,0.491,16.49,['Unknown%20significance'],1.33,0.01,0.0,0.4,0.4
WFS1,4,6301188,NM_006005.3:c.1393G>C,NP_005996.2:p.Ala465Pro,0.682,23.4,['Unknown%20significance'],1.33,0.01,0.0,1.4,1.4
WFS1,4,6301188,NM_006005.3:c.1393G>T,NP_005996.2:p.Ala465Ser,0.395,11.27,['Unknown%20significance'],1.33,0.01,0.0,0.7,0.7
WFS1,4,6301189,NM_006005.3:c.1394C>G,NP_005996.2:p.Ala465Gly,0.548,22.6,['Unknown%20significance'],1.33,0.01,0.0,2.0,2.0
WFS1,4,6301189,NM_006005.3:c.1394C>T,NP_005996.2:p.Ala465Val,0.496,22.8,['Unknown%20significance'],1.33,0.01,0.0,-0.7,0.7
WFS1,4,6301191,NM_006005.3:c.1396G>A,NP_005996.2:p.Gly466Ser,0.384,16.86,['Unknown%20significance'],1.53,0.01,0.0,-0.5,0.5
WFS1,4,6301191,NM_006005.3:c.1396G>T,NP_005996.2:p.Gly466Cys,0.662,23.7,['Unknown%20significance'],1.53,0.01,0.0,-1.5,1.5
WFS1,4,6301192,NM_006005.3:c.1397G>T,NP_005996.2:p.Gly466Val,0.635,22.9,['Unknown%20significance'],1.53,0.01,0.0,-2.4,2.4
WFS1,4,6301194,NM_006005.3:c.1399C>A,NP_005996.2:p.Leu467Met,0.399,19.23,['Unknown%20significance'],101.17,0.52,0.0,0.4,0.4
WFS1,4,6301194,NM_006005.3:c.1399C>G,NP_005996.2:p.Leu467Val,0.502,6.648,['Likely%20benign'],101.17,0.52,0.0,0.2,0.2
WFS1,4,6301195,NM_006005.3:c.1400T>G,NP_005996.2:p.Leu467Arg,0.679,23.1,['Unknown%20significance'],101.17,0.52,0.0,1.1,1.1
WFS1,4,6301197,NM_006005.3:c.1402C>G,NP_005996.2:p.Leu468Val,0.530,11.11,['Unknown%20significance'],18.28,0.09,0.0,0.1,0.1
WFS1,4,6301198,NM_006005.3:c.1403T>C,NP_005996.2:p.Leu468Pro,0.630,22.7,['Unknown%20significance'],18.28,0.09,0.0,3.0,3.0
WFS1,4,6301198,NM_006005.3:c.1403T>G,NP_005996.2:p.Leu468Arg,0.795,22.9,['Unknown%20significance'],18.28,0.09,0.0,2.6,2.6
WFS1,4,6301200,NM_006005.3:c.1405T>C,NP_005996.2:p.Ser469Pro,0.677,22.6,['Unknown%20significance'],0.62,0.0,0.0,0.4,0.4
WFS1,4,6301201,NM_006005.3:c.1406C>T,NP_005996.2:p.Ser469Leu,0.622,22.4,['Likely%20benign'],0.62,0.0,0.0,-2.1,2.1
WFS1,4,6301203,NM_006005.3:c.1408C>G,NP_005996.2:p.Leu470Val,0.331,15.69,['Unknown%20significance'],8.26,0.04,0.0,0.0,0.0
WFS1,4,6301204,NM_006005.3:c.1409T>C,NP_005996.2:p.Leu470Pro,0.831,23.5,['Unknown%20significance'],8.26,0.04,0.0,3.4,3.4
WFS1,4,6301204,NM_006005.3:c.1409T>G,NP_005996.2:p.Leu470Arg,0.772,24.5,['Unknown%20significance'],8.26,0.04,0.0,2.8,2.8
WFS1,4,6301206,NM_006005.3:c.1411C>G,NP_005996.2:p.Leu471Val,0.329,12.17,['Unknown%20significance'],27.36,0.14,0.0,1.0,1.0
WFS1,4,6301207,NM_006005.3:c.1412T>G,NP_005996.2:p.Leu471Arg,0.762,24.6,['Unknown%20significance'],27.36,0.14,0.0,2.6,2.6
WFS1,4,6301209,NM_006005.3:c.1414C>T,NP_005996.2:p.Pro472Ser,0.269,15.31,['Unknown%20significance'],17.16,0.1,0.0,0.2,0.2
WFS1,4,6301210,NM_006005.3:c.1415C>G,NP_005996.2:p.Pro472Arg,0.396,14.18,['Likely%20benign'],17.16,0.1,0.0,-0.3,0.3
WFS1,4,6301210,NM_006005.3:c.1415C>T,NP_005996.2:p.Pro472Leu,0.299,16.09,['Unknown%20significance'],17.16,0.1,0.0,-1.5,1.5
WFS1,4,6301212,NM_006005.3:c.1417T>C,NP_005996.2:p.Ser473Pro,0.313,7.557,['Likely%20benign'],62.01,0.44,0.0,0.0,0.0
WFS1,4,6301215,NM_006005.3:c.1420A>C,NP_005996.2:p.Met474Leu,0.280,0.058,['Likely%20benign'],76.6,0.35,0.0,-0.2,0.2
WFS1,4,6301215,NM_006005.3:c.1420A>G,NP_005996.2:p.Met474Val,0.246,0.333,['Likely%20benign'],76.6,0.35,0.0,0.1,0.1
WFS1,4,6301216,NM_006005.3:c.1421T>C,NP_005996.2:p.Met474Thr,0.383,22.6,['Unknown%20significance'],76.6,0.35,0.0,0.8,0.8
WFS1,4,6301216,NM_006005.3:c.1421T>G,NP_005996.2:p.Met474Arg,0.513,23.1,['Unknown%20significance'],76.6,0.35,0.0,0.8,0.8
WFS1,4,6301218,NM_006005.3:c.1423C>G,NP_005996.2:p.Pro475Ala,0.533,23.3,['Unknown%20significance'],138.79,0.88,0.0,0.4,0.4
WFS1,4,6301218,NM_006005.3:c.1423C>T,NP_005996.2:p.Pro475Ser,0.631,22.5,['Unknown%20significance'],138.79,0.88,0.0,0.5,0.5
WFS1,4,6301219,NM_006005.3:c.1424C>T,NP_005996.2:p.Pro475Leu,0.628,22.6,['Unknown%20significance'],138.79,0.88,0.0,0.3,0.3
WFS1,4,6301223,NM_006005.3:c.1428G>C,NP_005996.2:p.Leu476Phe,0.242,4.281,['Likely%20benign'],66.97,0.34,0.0,-0.1,0.1
WFS1,4,6301224,NM_006005.3:c.1429A>C,NP_005996.2:p.Asn477His,0.253,13.76,['Unknown%20significance'],165.13,1.0,0.0,-0.0,0.0
WFS1,4,6301227,NM_006005.3:c.1432T>G,NP_005996.2:p.Trp478Gly,0.285,6.380,['Likely%20benign'],180.96,0.68,0.0,1.3,1.3
WFS1,4,6301228,NM_006005.3:c.1433G>T,NP_005996.2:p.Trp478Leu,0.291,14.46,['Likely%20benign'],180.96,0.68,0.0,0.5,0.5
WFS1,4,6301229,NM_006005.3:c.1434G>T,NP_005996.2:p.Trp478Cys,0.299,15.10,['Likely%20benign'],180.96,0.68,0.0,1.0,1.0
WFS1,4,6301230,NM_006005.3:c.1435C>G,NP_005996.2:p.Pro479Ala,0.226,5.049,['Unknown%20significance'],85.7,0.54,0.0,-0.2,0.2
WFS1,4,6301230,NM_006005.3:c.1435C>T,NP_005996.2:p.Pro479Ser,0.237,7.764,['Unknown%20significance'],85.7,0.54,0.0,0.0,0.0
WFS1,4,6301231,NM_006005.3:c.1436C>G,NP_005996.2:p.Pro479Arg,0.231,0.009,['Likely%20benign'],85.7,0.54,0.0,-0.6,0.6
WFS1,4,6301231,NM_006005.3:c.1436C>T,NP_005996.2:p.Pro479Leu,0.270,0.005,['Likely%20benign'],85.7,0.54,0.0,-0.7,0.7
WFS1,4,6301233,NM_006005.3:c.1438T>C,NP_005996.2:p.Tyr480His,0.201,6.180,['Likely%20benign'],185.87,0.77,0.0,0.5,0.5
WFS1,4,6301234,NM_006005.3:c.1439A>G,NP_005996.2:p.Tyr480Cys,0.254,1.856,['Unknown%20significance'],185.87,0.77,0.0,0.6,0.6
WFS1,4,6301234,NM_006005.3:c.1439A>T,NP_005996.2:p.Tyr480Phe,0.203,0.073,['Likely%20benign'],185.87,0.77,0.0,-0.2,0.2
WFS1,4,6301237,NM_006005.3:c.1442T>A,NP_005996.2:p.Leu481Gln,0.738,24.3,['Unknown%20significance'],47.93,0.24,0.0,2.8,2.8
WFS1,4,6301237,NM_006005.3:c.1442T>C,NP_005996.2:p.Leu481Pro,0.838,24.6,['Unknown%20significance'],47.93,0.24,0.0,3.1,3.1
WFS1,4,6301237,NM_006005.3:c.1442T>G,NP_005996.2:p.Leu481Arg,0.742,21.4,['Unknown%20significance'],47.93,0.24,0.0,2.4,2.4
WFS1,4,6301239,NM_006005.3:c.1444A>C,NP_005996.2:p.Lys482Gln,0.393,11.59,['Unknown%20significance'],52.19,0.22,0.0,-0.6,0.6
WFS1,4,6301239,NM_006005.3:c.1444A>G,NP_005996.2:p.Lys482Glu,0.500,13.24,['Unknown%20significance'],52.19,0.22,0.0,-0.2,0.2
WFS1,4,6301240,NM_006005.3:c.1445A>G,NP_005996.2:p.Lys482Arg,0.204,14.49,['Unknown%20significance'],52.19,0.22,0.0,-0.9,0.9
WFS1,4,6301241,NM_006005.3:c.1446G>C,NP_005996.2:p.Lys482Asn,0.174,14.37,['Unknown%20significance'],52.19,0.22,0.0,-0.2,0.2
WFS1,4,6301241,NM_006005.3:c.1446G>T,NP_005996.2:p.Lys482Asn,0.174,14.30,['Unknown%20significance'],52.19,0.22,0.0,-0.2,0.2
WFS1,4,6301242,NM_006005.3:c.1447G>A,NP_005996.2:p.Val483Ile,0.214,0.469,['Likely%20benign'],72.0,0.41,0.0,-0.3,0.3
WFS1,4,6301243,NM_006005.3:c.1448T>C,NP_005996.2:p.Val483Ala,0.180,10.83,['Likely%20benign'],72.0,0.41,0.0,1.1,1.1
WFS1,4,6301243,NM_006005.3:c.1448T>G,NP_005996.2:p.Val483Gly,0.344,12.51,['Unknown%20significance'],72.0,0.41,0.0,1.9,1.9
WFS1,4,6301245,NM_006005.3:c.1450C>T,NP_005996.2:p.Leu484Phe,0.306,14.71,['Unknown%20significance'],69.12,0.35,0.0,0.1,0.1
WFS1,4,6301246,NM_006005.3:c.1451T>A,NP_005996.2:p.Leu484His,0.570,23.9,['Unknown%20significance'],69.12,0.35,0.0,1.3,1.3
WFS1,4,6301246,NM_006005.3:c.1451T>C,NP_005996.2:p.Leu484Pro,0.724,22.8,['Unknown%20significance'],69.12,0.35,0.0,1.9,1.9
WFS1,4,6301248,NM_006005.3:c.1453G>A,NP_005996.2:p.Gly485Ser,0.483,19.91,['Unknown%20significance'],3.25,0.03,0.0,-0.1,0.1
WFS1,4,6301248,NM_006005.3:c.1453G>T,NP_005996.2:p.Gly485Cys,0.670,23.0,['Unknown%20significance'],3.25,0.03,0.0,-0.7,0.7
WFS1,4,6301249,NM_006005.3:c.1454G>A,NP_005996.2:p.Gly485Asp,0.751,24.8,['Unknown%20significance'],3.25,0.03,0.0,0.5,0.5
WFS1,4,6301249,NM_006005.3:c.1454G>T,NP_005996.2:p.Gly485Val,0.650,23.2,['Unknown%20significance'],3.25,0.03,0.0,-1.8,1.8
WFS1,4,6301252,NM_006005.3:c.1457A>C,NP_005996.2:p.Gln486Pro,0.539,20.9,['Unknown%20significance'],78.76,0.39,0.0,-0.1,0.1
WFS1,4,6301252,NM_006005.3:c.1457A>G,NP_005996.2:p.Gln486Arg,0.488,18.46,['Likely%20benign'],78.76,0.39,0.0,-0.2,0.2
WFS1,4,6301252,NM_006005.3:c.1457A>T,NP_005996.2:p.Gln486Leu,0.596,21.5,['Unknown%20significance'],78.76,0.39,0.0,-0.5,0.5
WFS1,4,6301253,NM_006005.3:c.1458G>C,NP_005996.2:p.Gln486His,0.606,22.7,['Unknown%20significance'],78.76,0.39,0.0,-0.1,0.1
WFS1,4,6301253,NM_006005.3:c.1458G>T,NP_005996.2:p.Gln486His,0.606,22.7,['Unknown%20significance'],78.76,0.39,0.0,-0.1,0.1
WFS1,4,6301254,NM_006005.3:c.1459A>G,NP_005996.2:p.Thr487Ala,0.485,20.4,['Unknown%20significance'],14.28,0.09,0.0,0.6,0.6
WFS1,4,6301255,NM_006005.3:c.1460C>A,NP_005996.2:p.Thr487Asn,0.535,21.5,['Unknown%20significance'],14.28,0.09,0.0,1.0,1.0
WFS1,4,6301255,NM_006005.3:c.1460C>G,NP_005996.2:p.Thr487Ser,0.600,17.23,['Unknown%20significance'],14.28,0.09,0.0,0.8,0.8
WFS1,4,6301255,NM_006005.3:c.1460C>T,NP_005996.2:p.Thr487Ile,0.599,22.2,['Likely%20benign'],14.28,0.09,0.0,-0.2,0.2
WFS1,4,6301258,NM_006005.3:c.1463T>C,NP_005996.2:p.Phe488Ser,0.832,25.2,['Unknown%20significance'],104.47,0.45,0.0,2.2,2.2
WFS1,4,6301260,NM_006005.3:c.1465A>C,NP_005996.2:p.Ile489Leu,0.230,0.038,['Likely%20benign'],109.01,0.55,0.0,0.1,0.1
WFS1,4,6301260,NM_006005.3:c.1465A>G,NP_005996.2:p.Ile489Val,0.175,0.010,['Likely%20benign'],109.01,0.55,0.0,0.1,0.1
WFS1,4,6301261,NM_006005.3:c.1466T>A,NP_005996.2:p.Ile489Asn,0.197,15.63,['Likely%20benign'],109.01,0.55,0.0,1.2,1.2
WFS1,4,6301261,NM_006005.3:c.1466T>C,NP_005996.2:p.Ile489Thr,0.088,13.89,['Likely%20benign'],109.01,0.55,0.0,0.7,0.7
WFS1,4,6301262,NM_006005.3:c.1467C>G,NP_005996.2:p.Ile489Met,0.204,10.02,['Unknown%20significance'],109.01,0.55,0.0,0.3,0.3
WFS1,4,6301263,NM_006005.3:c.1468A>C,NP_005996.2:p.Thr490Pro,0.708,21.7,['Unknown%20significance'],40.58,0.25,0.0,0.8,0.8
WFS1,4,6301263,NM_006005.3:c.1468A>G,NP_005996.2:p.Thr490Ala,0.226,12.52,['Unknown%20significance'],40.58,0.25,0.0,0.2,0.2
WFS1,4,6301264,NM_006005.3:c.1469C>A,NP_005996.2:p.Thr490Asn,0.421,16.24,['Unknown%20significance'],40.58,0.25,0.0,0.8,0.8
WFS1,4,6301264,NM_006005.3:c.1469C>G,NP_005996.2:p.Thr490Ser,0.246,9.349,['Unknown%20significance'],40.58,0.25,0.0,0.4,0.4
WFS1,4,6301264,NM_006005.3:c.1469C>T,NP_005996.2:p.Thr490Ile,0.581,21.3,['Unknown%20significance'],40.58,0.25,0.0,-0.3,0.3
WFS1,4,6301266,NM_006005.3:c.1471G>A,NP_005996.2:p.Val491Met,0.286,15.57,['Unknown%20significance'],61.59,0.35,0.0,0.6,0.6
WFS1,4,6301266,NM_006005.3:c.1471G>T,NP_005996.2:p.Val491Leu,0.364,12.32,['Likely%20benign'],61.59,0.35,0.0,0.0,0.0
WFS1,4,6301269,NM_006005.3:c.1474C>G,NP_005996.2:p.Pro492Ala,0.670,23.7,['Unknown%20significance'],111.87,0.71,0.0,0.1,0.1
WFS1,4,6301270,NM_006005.3:c.1475C>A,NP_005996.2:p.Pro492His,0.768,25.0,['Unknown%20significance'],111.87,0.71,0.0,0.1,0.1
WFS1,4,6301270,NM_006005.3:c.1475C>G,NP_005996.2:p.Pro492Arg,0.675,23.1,['Unknown%20significance'],111.87,0.71,0.0,0.1,0.1
WFS1,4,6301272,NM_006005.3:c.1477G>A,NP_005996.2:p.Val493Ile,0.192,0.078,['Likely%20benign'],83.82,0.48,0.0,-0.2,0.2
WFS1,4,6301272,NM_006005.3:c.1477G>C,NP_005996.2:p.Val493Leu,0.201,0.029,['Likely%20benign'],83.82,0.48,0.0,-0.2,0.2
WFS1,4,6301272,NM_006005.3:c.1477G>T,NP_005996.2:p.Val493Phe,0.452,5.833,['Likely%20benign'],83.82,0.48,0.0,0.2,0.2
WFS1,4,6301273,NM_006005.3:c.1478T>C,NP_005996.2:p.Val493Ala,0.332,23.0,['Unknown%20significance'],83.82,0.48,0.0,1.2,1.2
WFS1,4,6301275,NM_006005.3:c.1480G>A,NP_005996.2:p.Gly494Ser,0.862,24.2,['Pathogenic'],62.67,0.65,0.0,0.4,0.4
WFS1,4,6301275,NM_006005.3:c.1480G>C,NP_005996.2:p.Gly494Arg,0.943,26.6,['Unknown%20significance'],62.67,0.65,0.0,0.3,0.3
WFS1,4,6301275,NM_006005.3:c.1480G>T,NP_005996.2:p.Gly494Cys,0.931,27.1,['Unknown%20significance'],62.67,0.65,0.0,0.4,0.4
WFS1,4,6301276,NM_006005.3:c.1481G>A,NP_005996.2:p.Gly494Asp,0.936,25.4,['Unknown%20significance'],62.67,0.65,0.0,0.7,0.7
WFS1,4,6301276,NM_006005.3:c.1481G>T,NP_005996.2:p.Gly494Val,0.929,25.2,['Unknown%20significance'],62.67,0.65,0.0,0.1,0.1
WFS1,4,6301278,NM_006005.3:c.1483C>G,NP_005996.2:p.His495Asp,0.453,15.68,['Unknown%20significance'],182.16,0.88,0.0,0.1,0.1
WFS1,4,6301278,NM_006005.3:c.1483C>T,NP_005996.2:p.His495Tyr,0.506,20.8,['Unknown%20significance'],182.16,0.88,0.0,-0.1,0.1
WFS1,4,6301280,NM_006005.3:c.1485C>G,NP_005996.2:p.His495Gln,0.494,8.095,['Unknown%20significance'],182.16,0.88,0.0,0.1,0.1
WFS1,4,6301281,NM_006005.3:c.1486C>A,NP_005996.2:p.Leu496Met,0.329,1.012,['Likely%20benign'],119.89,0.62,0.0,0.1,0.1
WFS1,4,6301282,NM_006005.3:c.1487T>C,NP_005996.2:p.Leu496Pro,0.526,16.50,['Unknown%20significance'],119.89,0.62,0.0,0.6,0.6
WFS1,4,6301282,NM_006005.3:c.1487T>G,NP_005996.2:p.Leu496Arg,0.451,15.43,['Unknown%20significance'],119.89,0.62,0.0,0.3,0.3
WFS1,4,6301284,NM_006005.3:c.1489G>A,NP_005996.2:p.Val497Ile,0.189,4.218,['Likely%20benign'],44.4,0.25,0.0,-0.3,0.3
WFS1,4,6301284,NM_006005.3:c.1489G>C,NP_005996.2:p.Val497Leu,0.162,2.695,['Unknown%20significance'],44.4,0.25,0.0,0.0,0.0
WFS1,4,6301284,NM_006005.3:c.1489G>T,NP_005996.2:p.Val497Phe,0.236,7.033,['Likely%20benign'],44.4,0.25,0.0,0.3,0.3
WFS1,4,6301285,NM_006005.3:c.1490T>C,NP_005996.2:p.Val497Ala,0.189,19.44,['Likely%20benign'],44.4,0.25,0.0,2.0,2.0
WFS1,4,6301287,NM_006005.3:c.1492G>A,NP_005996.2:p.Val498Ile,0.093,1.043,['Unknown%20significance'],17.4,0.1,0.0,0.2,0.2
WFS1,4,6301287,NM_006005.3:c.1492G>C,NP_005996.2:p.Val498Leu,0.341,2.115,['Unknown%20significance'],17.4,0.1,0.0,0.2,0.2
WFS1,4,6301287,NM_006005.3:c.1492G>T,NP_005996.2:p.Val498Phe,0.639,9.891,['Unknown%20significance'],17.4,0.1,0.0,0.3,0.3
WFS1,4,6301290,NM_006005.3:c.1495C>A,NP_005996.2:p.Leu499Ile,0.293,10.50,['Unknown%20significance'],47.17,0.24,0.0,0.4,0.4
WFS1,4,6301290,NM_006005.3:c.1495C>G,NP_005996.2:p.Leu499Val,0.515,15.30,['Unknown%20significance'],47.17,0.24,0.0,0.7,0.7
WFS1,4,6301290,NM_006005.3:c.1495C>T,NP_005996.2:p.Leu499Phe,0.229,16.11,['Benign'],47.17,0.24,0.0,-0.3,0.3
WFS1,4,6301293,NM_006005.3:c.1498A>C,NP_005996.2:p.Asn500His,0.278,8.022,['Unknown%20significance'],0.0,0.0,0.0,-0.7,0.7
WFS1,4,6301294,NM_006005.3:c.1499A>C,NP_005996.2:p.Asn500Thr,0.544,15.69,['Unknown%20significance'],0.0,0.0,0.0,-0.5,0.5
WFS1,4,6301294,NM_006005.3:c.1499A>G,NP_005996.2:p.Asn500Ser,0.414,13.95,['Unknown%20significance'],0.0,0.0,0.0,0.1,0.1
WFS1,4,6301294,NM_006005.3:c.1499A>T,NP_005996.2:p.Asn500Ile,0.660,22.7,['Unknown%20significance'],0.0,0.0,0.0,-1.6,1.6
WFS1,4,6301294,NM_006005.3:c.1499_1500inv,NP_005996.2:p.Asn500Ser,,,['Unknown%20significance'],0.0,0.0,0.0,0.1,0.1
WFS1,4,6301295,NM_006005.3:c.1500C>A,NP_005996.2:p.Asn500Lys,0.477,0.142,['Likely%20benign'],0.0,0.0,0.0,0.5,0.5
WFS1,4,6301295,NM_006005.3:c.1500C>G,NP_005996.2:p.Asn500Lys,0.477,0.153,['Likely%20benign'],0.0,0.0,0.0,0.5,0.5
WFS1,4,6301296,NM_006005.3:c.1501G>A,NP_005996.2:p.Val501Ile,0.141,0.131,['Unknown%20significance'],45.76,0.26,0.0,-0.3,0.3
WFS1,4,6301296,NM_006005.3:c.1501G>C,NP_005996.2:p.Val501Leu,0.220,0.032,['Likely%20benign'],45.76,0.26,0.0,-0.6,0.6
WFS1,4,6301296,NM_006005.3:c.1501G>T,NP_005996.2:p.Val501Phe,0.594,0.451,['Likely%20benign'],45.76,0.26,0.0,-0.1,0.1
WFS1,4,6301297,NM_006005.3:c.1502T>A,NP_005996.2:p.Val501Asp,0.736,18.47,['Unknown%20significance'],45.76,0.26,0.0,2.5,2.5
WFS1,4,6301300,NM_006005.3:c.1505G>T,NP_005996.2:p.Ser502Ile,0.757,23.6,['Unknown%20significance'],0.38,0.0,0.0,-1.0,1.0
WFS1,4,6301301,NM_006005.3:c.1506C>A,NP_005996.2:p.Ser502Arg,0.657,21.0,['Unknown%20significance'],0.38,0.0,0.0,-0.1,0.1
WFS1,4,6301302,NM_006005.3:c.1507G>A,NP_005996.2:p.Val503Ile,0.233,0.002,['Unknown%20significance'],42.45,0.24,0.0,-0.2,0.2
WFS1,4,6301302,NM_006005.3:c.1507G>C,NP_005996.2:p.Val503Leu,0.259,0.001,['Likely%20benign'],42.45,0.24,0.0,-0.2,0.2
WFS1,4,6301302,NM_006005.3:c.1507G>T,NP_005996.2:p.Val503Phe,0.514,0.505,['Likely%20benign'],42.45,0.24,0.0,-0.2,0.2
WFS1,4,6301303,NM_006005.3:c.1508T>C,NP_005996.2:p.Val503Ala,0.462,19.85,['Unknown%20significance'],42.45,0.24,0.0,1.5,1.5
WFS1,4,6301303,NM_006005.3:c.1508T>G,NP_005996.2:p.Val503Gly,0.654,21.2,['Unknown%20significance'],42.45,0.24,0.0,2.7,2.7
WFS1,4,6301305,NM_006005.3:c.1510C>A,NP_005996.2:p.Pro504Thr,0.793,19.24,['Unknown%20significance'],0.1,0.0,0.0,0.8,0.8
WFS1,4,6301305,NM_006005.3:c.1510C>G,NP_005996.2:p.Pro504Ala,0.701,21.7,['Unknown%20significance'],0.1,0.0,0.0,0.6,0.6
WFS1,4,6301305,NM_006005.3:c.1510C>T,NP_005996.2:p.Pro504Ser,0.748,22.6,['Unknown%20significance'],0.1,0.0,0.0,1.4,1.4
WFS1,4,6301306,NM_006005.3:c.1511C>A,NP_005996.2:p.Pro504Gln,0.819,22.6,['Unknown%20significance'],0.1,0.0,0.0,0.9,0.9
WFS1,4,6301306,NM_006005.3:c.1511C>G,NP_005996.2:p.Pro504Arg,0.889,22.6,['Pathogenic'],0.1,0.0,0.0,0.3,0.3
WFS1,4,6301306,NM_006005.3:c.1511C>T,NP_005996.2:p.Pro504Leu,0.831,22.8,['Likely%20pathogenic'],0.1,0.0,0.0,-0.7,0.7
WFS1,4,6301308,NM_006005.3:c.1513T>A,NP_005996.2:p.Cys505Ser,0.725,17.46,['Unknown%20significance'],3.11,0.02,0.0,2.6,2.6
WFS1,4,6301308,NM_006005.3:c.1513T>G,NP_005996.2:p.Cys505Gly,0.848,23.6,['Unknown%20significance'],3.11,0.02,0.0,3.4,3.4
WFS1,4,6301309,NM_006005.3:c.1514G>A,NP_005996.2:p.Cys505Tyr,0.861,23.9,['Pathogenic'],3.11,0.02,0.0,0.6,0.6
WFS1,4,6301309,NM_006005.3:c.1514G>C,NP_005996.2:p.Cys505Ser,0.731,18.26,['Pathogenic'],3.11,0.02,0.0,2.6,2.6
WFS1,4,6301309,NM_006005.3:c.1514G>T,NP_005996.2:p.Cys505Phe,0.865,24.0,['Unknown%20significance'],3.11,0.02,0.0,0.2,0.2
WFS1,4,6301312,NM_006005.3:c.1517T>G,NP_005996.2:p.Leu506Arg,0.829,22.7,['Pathogenic'],122.45,0.63,0.0,0.9,0.9
WFS1,4,6301314,NM_006005.3:c.1519C>T,NP_005996.2:p.Leu507Phe,0.684,22.8,['Unknown%20significance'],44.39,0.23,0.0,0.3,0.3
WFS1,4,6301315,NM_006005.3:c.1520T>C,NP_005996.2:p.Leu507Pro,0.834,24.3,['Unknown%20significance'],44.39,0.23,0.0,3.5,3.5
WFS1,4,6301317,NM_006005.3:c.1522T>C,NP_005996.2:p.Tyr508His,0.602,21.8,['Unknown%20significance'],1.46,0.0,0.0,2.9,2.9
WFS1,4,6301318,NM_006005.3:c.1523A>C,NP_005996.2:p.Tyr508Ser,0.699,23.3,['Unknown%20significance'],1.46,0.0,0.0,5.0,5.0
WFS1,4,6301318,NM_006005.3:c.1523A>G,NP_005996.2:p.Tyr508Cys,0.740,23.5,['Pathogenic'],1.46,0.0,0.0,2.9,2.9
WFS1,4,6301320,NM_006005.3:c.1525G>A,NP_005996.2:p.Val509Ile,0.199,0.273,['Unknown%20significance'],72.46,0.42,0.0,-0.2,0.2
WFS1,4,6301320,NM_006005.3:c.1525G>C,NP_005996.2:p.Val509Leu,0.236,0.156,['Likely%20benign'],72.46,0.42,0.0,-0.5,0.5
WFS1,4,6301320,NM_006005.3:c.1525G>T,NP_005996.2:p.Val509Phe,0.554,5.131,['Likely%20benign'],72.46,0.42,0.0,-0.0,0.0
WFS1,4,6301321,NM_006005.3:c.1526T>G,NP_005996.2:p.Val509Gly,0.372,17.03,['Unknown%20significance'],72.46,0.42,0.0,2.4,2.4
WFS1,4,6301323,NM_006005.3:c.1528T>C,NP_005996.2:p.Tyr510His,0.241,11.15,['Unknown%20significance'],96.09,0.4,0.0,1.2,1.2
WFS1,4,6301323,NM_006005.3:c.1528T>G,NP_005996.2:p.Tyr510Asp,0.670,21.9,['Unknown%20significance'],96.09,0.4,0.0,2.6,2.6
WFS1,4,6301324,NM_006005.3:c.1529A>C,NP_005996.2:p.Tyr510Ser,0.685,22.9,['Unknown%20significance'],96.09,0.4,0.0,2.1,2.1
WFS1,4,6301324,NM_006005.3:c.1529A>G,NP_005996.2:p.Tyr510Cys,0.760,24.6,['Unknown%20significance'],96.09,0.4,0.0,1.2,1.2
WFS1,4,6301324,NM_006005.3:c.1529A>T,NP_005996.2:p.Tyr510Phe,0.511,22.4,['Unknown%20significance'],96.09,0.4,0.0,-0.3,0.3
WFS1,4,6301326,NM_006005.3:c.1531C>G,NP_005996.2:p.Leu511Val,0.652,17.90,['Unknown%20significance'],0.0,0.0,0.0,0.5,0.5
WFS1,4,6301327,NM_006005.3:c.1532T>C,NP_005996.2:p.Leu511Pro,0.813,24.4,['Pathogenic'],0.0,0.0,0.0,4.5,4.5
WFS1,4,6301329,NM_006005.3:c.1534C>T,NP_005996.2:p.Leu512Phe,0.184,5.063,['Likely%20benign'],53.14,0.27,0.0,-0.1,0.1
WFS1,4,6301330,NM_006005.3:c.1535T>C,NP_005996.2:p.Leu512Pro,0.540,19.98,['Unknown%20significance'],53.14,0.27,0.0,1.1,1.1
WFS1,4,6301332,NM_006005.3:c.1537T>C,NP_005996.2:p.Tyr513His,0.779,24.0,['Unknown%20significance'],123.55,0.51,0.0,1.1,1.1
WFS1,4,6301333,NM_006005.3:c.1538A>C,NP_005996.2:p.Tyr513Ser,0.741,23.2,['Unknown%20significance'],123.55,0.51,0.0,1.6,1.6
WFS1,4,6301333,NM_006005.3:c.1538A>G,NP_005996.2:p.Tyr513Cys,0.724,22.2,['Unknown%20significance'],123.55,0.51,0.0,0.9,0.9
WFS1,4,6301335,NM_006005.3:c.1540C>G,NP_005996.2:p.Leu514Val,0.509,12.86,['Unknown%20significance'],0.0,0.0,0.0,0.9,0.9
WFS1,4,6301335,NM_006005.3:c.1540C>T,NP_005996.2:p.Leu514Phe,0.730,18.84,['Pathogenic'],0.0,0.0,0.0,0.7,0.7
WFS1,4,6301338,NM_006005.3:c.1543T>C,NP_005996.2:p.Phe515Leu,0.359,19.96,['Unknown%20significance'],22.57,0.09,0.0,0.4,0.4
WFS1,4,6301338,NM_006005.3:c.1543T>G,NP_005996.2:p.Phe515Val,0.716,22.8,['Unknown%20significance'],22.57,0.09,0.0,1.4,1.4
WFS1,4,6301339,NM_006005.3:c.1544T>C,NP_005996.2:p.Phe515Ser,0.859,24.4,['Unknown%20significance'],22.57,0.09,0.0,4.8,4.8
WFS1,4,6301339,NM_006005.3:c.1544T>G,NP_005996.2:p.Phe515Cys,0.707,20.7,['Unknown%20significance'],22.57,0.09,0.0,3.1,3.1
WFS1,4,6301341,NM_006005.3:c.1546T>C,NP_005996.2:p.Phe516Leu,0.590,22.6,['Unknown%20significance'],119.65,0.52,0.0,0.3,0.3
WFS1,4,6301344,NM_006005.3:c.1549C>G,NP_005996.2:p.Arg517Gly,0.698,22.7,['Unknown%20significance'],77.57,0.28,0.0,1.3,1.3
WFS1,4,6301344,NM_006005.3:c.1549C>T,NP_005996.2:p.Arg517Cys,0.532,21.8,['Unknown%20significance'],77.57,0.28,0.0,0.1,0.1
WFS1,4,6301345,NM_006005.3:c.1550G>A,NP_005996.2:p.Arg517His,0.696,25.1,['Unknown%20significance'],77.57,0.28,0.0,0.1,0.1
WFS1,4,6301345,NM_006005.3:c.1550G>C,NP_005996.2:p.Arg517Pro,0.800,25.2,['Unknown%20significance'],77.57,0.28,0.0,0.7,0.7
WFS1,4,6301345,NM_006005.3:c.1550G>T,NP_005996.2:p.Arg517Leu,0.621,23.3,['Unknown%20significance'],77.57,0.28,0.0,-1.2,1.2
WFS1,4,6301347,NM_006005.3:c.1552A>G,NP_005996.2:p.Met518Val,0.918,20.9,['Pathogenic'],0.0,0.0,0.0,0.8,0.8
WFS1,4,6301348,NM_006005.3:c.1553T>A,NP_005996.2:p.Met518Lys,0.954,24.8,['Pathogenic'],0.0,0.0,0.0,4.7,4.7
WFS1,4,6301348,NM_006005.3:c.1553T>C,NP_005996.2:p.Met518Thr,0.881,24.2,['Unknown%20significance'],0.0,0.0,0.0,3.1,3.1
WFS1,4,6301349,NM_006005.3:c.1554G>A,NP_005996.2:p.Met518Ile,0.839,24.2,['Benign'],0.0,0.0,0.0,0.1,0.1
WFS1,4,6301349,NM_006005.3:c.1554G>C,NP_005996.2:p.Met518Ile,0.833,24.1,['Unknown%20significance'],0.0,0.0,0.0,0.1,0.1
WFS1,4,6301350,NM_006005.3:c.1555G>A,NP_005996.2:p.Ala519Thr,0.858,25.0,['Unknown%20significance'],8.1,0.06,0.0,1.2,1.2
WFS1,4,6301351,NM_006005.3:c.1556C>T,NP_005996.2:p.Ala519Val,0.773,24.2,['Unknown%20significance'],8.1,0.06,0.0,0.1,0.1
WFS1,4,6301353,NM_006005.3:c.1558C>G,NP_005996.2:p.Gln520Glu,0.387,15.42,['Unknown%20significance'],50.01,0.25,0.0,0.3,0.3
WFS1,4,6301355,NM_006005.3:c.1560G>C,NP_005996.2:p.Gln520His,0.546,20.5,['Unknown%20significance'],50.01,0.25,0.0,0.0,0.0
WFS1,4,6301356,NM_006005.3:c.1561C>G,NP_005996.2:p.Leu521Val,0.498,17.41,['Unknown%20significance'],36.87,0.19,0.0,0.6,0.6
WFS1,4,6301357,NM_006005.3:c.1562T>G,NP_005996.2:p.Leu521Arg,0.513,20.4,['Unknown%20significance'],36.87,0.19,0.0,0.3,0.3
WFS1,4,6301360,NM_006005.3:c.1565G>A,NP_005996.2:p.Arg522Lys,0.421,17.57,['Unknown%20significance'],83.41,0.3,0.0,0.8,0.8
WFS1,4,6301360,NM_006005.3:c.1565G>C,NP_005996.2:p.Arg522Thr,0.660,23.3,['Unknown%20significance'],83.41,0.3,0.0,0.7,0.7
WFS1,4,6301360,NM_006005.3:c.1565G>T,NP_005996.2:p.Arg522Met,0.622,23.8,['Unknown%20significance'],83.41,0.3,0.0,0.4,0.4
WFS1,4,6301361,NM_006005.3:c.1566G>T,NP_005996.2:p.Arg522Ser,0.603,19.02,['Unknown%20significance'],83.41,0.3,0.0,0.8,0.8
WFS1,4,6301362,NM_006005.3:c.1567A>G,NP_005996.2:p.Asn523Asp,0.158,8.678,['Likely%20benign'],145.27,0.9,0.0,0.0,0.0
WFS1,4,6301363,NM_006005.3:c.1568A>G,NP_005996.2:p.Asn523Ser,0.168,5.126,['Likely%20benign'],145.27,0.9,0.0,0.0,0.0
WFS1,4,6301364,NM_006005.3:c.1569T>G,NP_005996.2:p.Asn523Lys,0.155,14.24,['Unknown%20significance'],145.27,0.9,0.0,0.1,0.1
WFS1,4,6301366,NM_006005.3:c.1571T>G,NP_005996.2:p.Phe524Cys,0.864,26.6,['Unknown%20significance'],126.31,0.54,0.0,1.2,1.2
WFS1,4,6301367,NM_006005.3:c.1572C>G,NP_005996.2:p.Phe524Leu,0.727,24.3,['Unknown%20significance'],126.31,0.54,0.0,0.6,0.6
WFS1,4,6301369,NM_006005.3:c.1574A>G,NP_005996.2:p.Lys525Arg,0.292,16.61,['Unknown%20significance'],69.86,0.29,0.0,-0.8,0.8
WFS1,4,6301371,NM_006005.3:c.1576G>A,NP_005996.2:p.Gly526Ser,0.938,26.3,['Unknown%20significance'],0.0,0.0,0.0,1.1,1.1
WFS1,4,6301372,NM_006005.3:c.1577G>A,NP_005996.2:p.Gly526Asp,0.842,24.1,['Unknown%20significance'],0.0,0.0,0.0,1.4,1.4
WFS1,4,6301372,NM_006005.3:c.1577G>T,NP_005996.2:p.Gly526Val,0.903,25.8,['Unknown%20significance'],0.0,0.0,0.0,0.0,0.0
WFS1,4,6301374,NM_006005.3:c.1579A>C,NP_005996.2:p.Thr527Pro,0.696,23.4,['Unknown%20significance'],60.91,0.38,0.0,0.9,0.9
WFS1,4,6301375,NM_006005.3:c.1580C>G,NP_005996.2:p.Thr527Ser,0.557,19.46,['Unknown%20significance'],60.91,0.38,0.0,0.7,0.7
WFS1,4,6301375,NM_006005.3:c.1580C>T,NP_005996.2:p.Thr527Ile,0.632,20.3,['Unknown%20significance'],60.91,0.38,0.0,-0.7,0.7
WFS1,4,6301377,NM_006005.3:c.1582T>C,NP_005996.2:p.Tyr528His,0.913,24.1,['Pathogenic'],40.1,0.16,0.0,1.9,1.9
WFS1,4,6301377,NM_006005.3:c.1582T>G,NP_005996.2:p.Tyr528Asp,0.919,26.5,['Pathogenic'],40.1,0.16,0.0,3.7,3.7
WFS1,4,6301378,NM_006005.3:c.1583A>C,NP_005996.2:p.Tyr528Ser,0.951,26.3,['Pathogenic'],40.1,0.16,0.0,3.3,3.3
WFS1,4,6301378,NM_006005.3:c.1583A>G,NP_005996.2:p.Tyr528Cys,0.952,26.5,['Unknown%20significance'],40.1,0.16,0.0,2.5,2.5
WFS1,4,6301380,NM_006005.3:c.1585T>C,NP_005996.2:p.Cys529Arg,0.767,23.8,['Unknown%20significance'],11.23,0.07,0.0,0.4,0.4
WFS1,4,6301381,NM_006005.3:c.1586G>A,NP_005996.2:p.Cys529Tyr,0.785,25.5,['Unknown%20significance'],11.23,0.07,0.0,-0.3,0.3
WFS1,4,6301381,NM_006005.3:c.1586G>T,NP_005996.2:p.Cys529Phe,0.806,25.6,['Unknown%20significance'],11.23,0.07,0.0,-0.3,0.3
WFS1,4,6301382,NM_006005.3:c.1587C>G,NP_005996.2:p.Cys529Trp,0.776,24.2,['Unknown%20significance'],11.23,0.07,0.0,-0.4,0.4
WFS1,4,6301383,NM_006005.3:c.1588T>A,NP_005996.2:p.Tyr530Asn,0.743,24.0,['Unknown%20significance'],1.39,0.0,0.0,3.1,3.1
WFS1,4,6301383,NM_006005.3:c.1588T>C,NP_005996.2:p.Tyr530His,0.646,24.1,['Unknown%20significance'],1.39,0.0,0.0,1.9,1.9
WFS1,4,6301384,NM_006005.3:c.1589A>G,NP_005996.2:p.Tyr530Cys,0.497,22.5,['Unknown%20significance'],1.39,0.0,0.0,1.5,1.5
WFS1,4,6301386,NM_006005.3:c.1591C>G,NP_005996.2:p.Leu531Val,0.774,23.6,['Unknown%20significance'],21.23,0.11,0.0,1.1,1.1
WFS1,4,6301386,NM_006005.3:c.1591C>T,NP_005996.2:p.Leu531Phe,0.842,24.0,['Unknown%20significance'],21.23,0.11,0.0,0.9,0.9
WFS1,4,6301387,NM_006005.3:c.1592T>C,NP_005996.2:p.Leu531Pro,0.948,27.4,['Unknown%20significance'],21.23,0.11,0.0,3.8,3.8
WFS1,4,6301387,NM_006005.3:c.1592T>G,NP_005996.2:p.Leu531Arg,0.958,26.9,['Unknown%20significance'],21.23,0.11,0.0,3.2,3.2
WFS1,4,6301389,NM_006005.3:c.1594G>T,NP_005996.2:p.Val532Leu,0.647,21.9,['Unknown%20significance'],17.49,0.1,0.0,0.5,0.5
WFS1,4,6301392,NM_006005.3:c.1597C>G,NP_005996.2:p.Pro533Ala,0.838,24.3,['Unknown%20significance'],15.19,0.09,0.0,1.3,1.3
WFS1,4,6301392,NM_006005.3:c.1597C>T,NP_005996.2:p.Pro533Ser,0.848,24.8,['Unknown%20significance'],15.19,0.09,0.0,2.3,2.3
WFS1,4,6301393,NM_006005.3:c.1598C>T,NP_005996.2:p.Pro533Leu,0.839,25.6,['Unknown%20significance'],15.19,0.09,0.0,0.4,0.4
WFS1,4,6301395,NM_006005.3:c.1600T>C,NP_005996.2:p.Tyr534His,0.553,22.6,['Unknown%20significance'],0.0,0.0,0.0,1.8,1.8
WFS1,4,6301395,NM_006005.3:c.1600T>G,NP_005996.2:p.Tyr534Asp,0.759,26.6,['Unknown%20significance'],0.0,0.0,0.0,6.0,6.0
WFS1,4,6301398,NM_006005.3:c.1603C>G,NP_005996.2:p.Leu535Val,0.696,23.5,['Unknown%20significance'],34.63,0.17,0.0,0.7,0.7
WFS1,4,6301401,NM_006005.3:c.1606G>A,NP_005996.2:p.Val536Met,0.817,25.9,['Unknown%20significance'],0.08,0.0,0.0,2.1,2.1
WFS1,4,6301401,NM_006005.3:c.1606G>C,NP_005996.2:p.Val536Leu,0.869,25.3,['Unknown%20significance'],0.08,0.0,0.0,1.4,1.4
WFS1,4,6301401,NM_006005.3:c.1606G>T,NP_005996.2:p.Val536Leu,0.869,25.2,['Unknown%20significance'],0.08,0.0,0.0,1.4,1.4
WFS1,4,6301402,NM_006005.3:c.1607T>A,NP_005996.2:p.Val536Glu,0.943,27.0,['Unknown%20significance'],0.08,0.0,0.0,5.3,5.3
WFS1,4,6301404,NM_006005.3:c.1609T>C,NP_005996.2:p.Cys537Arg,0.952,26.9,['Unknown%20significance'],0.0,0.0,0.0,3.6,3.6
WFS1,4,6301404,NM_006005.3:c.1609T>G,NP_005996.2:p.Cys537Gly,0.921,26.4,['Unknown%20significance'],0.0,0.0,0.0,4.8,4.8
WFS1,4,6301405,NM_006005.3:c.1610G>A,NP_005996.2:p.Cys537Tyr,0.939,27.0,['Unknown%20significance'],0.0,0.0,0.0,1.6,1.6
WFS1,4,6301405,NM_006005.3:c.1610G>T,NP_005996.2:p.Cys537Phe,0.920,26.8,['Unknown%20significance'],0.0,0.0,0.0,0.9,0.9
WFS1,4,6301407,NM_006005.3:c.1612T>C,NP_005996.2:p.Phe538Leu,0.594,24.2,['Unknown%20significance'],4.63,0.02,0.0,0.1,0.1
WFS1,4,6301407,NM_006005.3:c.1612T>G,NP_005996.2:p.Phe538Val,0.701,22.8,['Unknown%20significance'],4.63,0.02,0.0,1.1,1.1
WFS1,4,6301408,NM_006005.3:c.1613T>C,NP_005996.2:p.Phe538Ser,0.901,28.1,['Unknown%20significance'],4.63,0.02,0.0,5.0,5.0
WFS1,4,6301409,NM_006005.3:c.1614C>A,NP_005996.2:p.Phe538Leu,0.594,23.0,['Unknown%20significance'],4.63,0.02,0.0,0.1,0.1
WFS1,4,6301410,NM_006005.3:c.1615A>G,NP_005996.2:p.Met539Val,0.387,21.0,['Unknown%20significance'],14.26,0.06,0.0,-0.5,0.5
WFS1,4,6301410,NM_006005.3:c.1615A>T,NP_005996.2:p.Met539Leu,0.455,22.4,['Unknown%20significance'],14.26,0.06,0.0,-0.6,0.6
WFS1,4,6301411,NM_006005.3:c.1616T>G,NP_005996.2:p.Met539Arg,0.733,22.6,['Pathogenic'],14.26,0.06,0.0,2.1,2.1
WFS1,4,6301412,NM_006005.3:c.1617G>A,NP_005996.2:p.Met539Ile,0.460,21.7,['Unknown%20significance'],14.26,0.06,0.0,-0.5,0.5
WFS1,4,6301412,NM_006005.3:c.1617G>C,NP_005996.2:p.Met539Ile,0.466,21.5,['Unknown%20significance'],14.26,0.06,0.0,-0.5,0.5
WFS1,4,6301413,NM_006005.3:c.1618T>G,NP_005996.2:p.Trp540Gly,0.839,25.5,['Pathogenic'],0.0,0.0,0.0,7.8,7.8
WFS1,4,6301414,NM_006005.3:c.1619G>T,NP_005996.2:p.Trp540Leu,0.877,28.5,['Unknown%20significance'],0.0,0.0,0.0,3.5,3.5
WFS1,4,6301415,NM_006005.3:c.1620G>C,NP_005996.2:p.Trp540Cys,0.898,29.3,['Unknown%20significance'],0.0,0.0,0.0,4.8,4.8
WFS1,4,6301415,NM_006005.3:c.1620G>T,NP_005996.2:p.Trp540Cys,0.898,29.2,['Unknown%20significance'],0.0,0.0,0.0,4.8,4.8
WFS1,4,6301416,NM_006005.3:c.1621T>C,NP_005996.2:p.Cys541Arg,0.889,26.5,['Unknown%20significance'],0.8,0.0,0.0,1.9,1.9
WFS1,4,6301416,NM_006005.3:c.1621T>G,NP_005996.2:p.Cys541Gly,0.864,26.0,['Unknown%20significance'],0.8,0.0,0.0,3.3,3.3
WFS1,4,6301418,NM_006005.3:c.1623T>G,NP_005996.2:p.Cys541Trp,0.641,7.665,['Unknown%20significance'],0.8,0.0,0.0,-0.8,0.8
WFS1,4,6301421,NM_006005.3:c.1626G>T,NP_005996.2:p.Glu542Asp,0.687,23.3,['Unknown%20significance'],3.01,0.01,0.0,0.6,0.6
WFS1,4,6301422,NM_006005.3:c.1627C>G,NP_005996.2:p.Leu543Val,0.560,21.8,['Unknown%20significance'],0.0,0.0,0.0,0.5,0.5
WFS1,4,6301422,NM_006005.3:c.1627C>T,NP_005996.2:p.Leu543Phe,0.557,18.34,['Likely%20pathogenic'],0.0,0.0,0.0,0.5,0.5
WFS1,4,6301423,NM_006005.3:c.1628T>C,NP_005996.2:p.Leu543Pro,0.884,25.7,['Likely%20pathogenic'],0.0,0.0,0.0,4.3,4.3
WFS1,4,6301423,NM_006005.3:c.1628T>G,NP_005996.2:p.Leu543Arg,0.935,25.4,['Pathogenic'],0.0,0.0,0.0,3.5,3.5
WFS1,4,6301425,NM_006005.3:c.1630T>A,NP_005996.2:p.Ser544Thr,0.279,5.152,['Unknown%20significance'],7.96,0.05,0.0,-0.5,0.5
WFS1,4,6301425,NM_006005.3:c.1630T>C,NP_005996.2:p.Ser544Pro,0.660,18.28,['Unknown%20significance'],7.96,0.05,0.0,0.5,0.5
WFS1,4,6301425,NM_006005.3:c.1630T>G,NP_005996.2:p.Ser544Ala,0.331,5.196,['Likely%20benign'],7.96,0.05,0.0,-1.1,1.1
WFS1,4,6301426,NM_006005.3:c.1631C>G,NP_005996.2:p.Ser544Cys,0.766,13.44,['Pathogenic'],7.96,0.05,0.0,-1.6,1.6
WFS1,4,6301426,NM_006005.3:c.1631C>T,NP_005996.2:p.Ser544Phe,0.653,17.92,['Unknown%20significance'],7.96,0.05,0.0,-1.9,1.9
WFS1,4,6301428,NM_006005.3:c.1633G>A,NP_005996.2:p.Val545Met,0.628,22.8,['Pathogenic'],7.56,0.04,0.0,1.1,1.1
WFS1,4,6301428,NM_006005.3:c.1633G>C,NP_005996.2:p.Val545Leu,0.649,18.79,['Unknown%20significance'],7.56,0.04,0.0,0.5,0.5
WFS1,4,6301428,NM_006005.3:c.1633G>T,NP_005996.2:p.Val545Leu,0.649,18.70,['Unknown%20significance'],7.56,0.04,0.0,0.5,0.5
WFS1,4,6301431,NM_006005.3:c.1636G>A,NP_005996.2:p.Val546Ile,0.496,24.2,['Unknown%20significance'],0.01,0.0,0.0,-0.0,0.0
WFS1,4,6301431,NM_006005.3:c.1636G>C,NP_005996.2:p.Val546Leu,0.671,24.4,['Unknown%20significance'],0.01,0.0,0.0,0.4,0.4
WFS1,4,6301432,NM_006005.3:c.1637T>A,NP_005996.2:p.Val546Asp,0.788,23.7,['Pathogenic'],0.01,0.0,0.0,4.4,4.4
WFS1,4,6301432,NM_006005.3:c.1637T>C,NP_005996.2:p.Val546Ala,0.560,22.1,['Unknown%20significance'],0.01,0.0,0.0,2.4,2.4
WFS1,4,6301432,NM_006005.3:c.1637T>G,NP_005996.2:p.Val546Gly,0.733,23.5,['Unknown%20significance'],0.01,0.0,0.0,4.5,4.5
WFS1,4,6301434,NM_006005.3:c.1639A>C,NP_005996.2:p.Ile547Leu,0.246,5.845,['Likely%20benign'],0.0,0.0,0.0,-0.2,0.2
WFS1,4,6301434,NM_006005.3:c.1639A>T,NP_005996.2:p.Ile547Phe,0.226,10.30,['Likely%20benign'],0.0,0.0,0.0,0.0,0.0
WFS1,4,6301437,NM_006005.3:c.1642C>A,NP_005996.2:p.Leu548Met,0.468,23.8,['Unknown%20significance'],43.54,0.22,0.0,0.6,0.6
WFS1,4,6301440,NM_006005.3:c.1645C>A,NP_005996.2:p.Leu549Met,0.340,19.90,['Unknown%20significance'],10.44,0.05,0.0,0.3,0.3
WFS1,4,6301440,NM_006005.3:c.1645C>G,NP_005996.2:p.Leu549Val,0.398,13.64,['Unknown%20significance'],10.44,0.05,0.0,0.4,0.4
WFS1,4,6301441,NM_006005.3:c.1646T>C,NP_005996.2:p.Leu549Pro,0.543,20.2,['Unknown%20significance'],10.44,0.05,0.0,1.9,1.9
WFS1,4,6301444,NM_006005.3:c.1649A>C,NP_005996.2:p.Glu550Ala,0.455,22.3,['Unknown%20significance'],37.48,0.19,0.0,-0.2,0.2
WFS1,4,6301444,NM_006005.3:c.1649A>T,NP_005996.2:p.Glu550Val,0.616,23.8,['Unknown%20significance'],37.48,0.19,0.0,-0.8,0.8
WFS1,4,6301445,NM_006005.3:c.1650G>T,NP_005996.2:p.Glu550Asp,0.379,17.31,['Unknown%20significance'],37.48,0.19,0.0,0.1,0.1
WFS1,4,6301446,NM_006005.3:c.1651T>A,NP_005996.2:p.Ser551Thr,0.674,23.6,['Unknown%20significance'],16.9,0.12,0.0,-0.2,0.2
WFS1,4,6301447,NM_006005.3:c.1652C>T,NP_005996.2:p.Ser551Phe,0.884,25.3,['Unknown%20significance'],16.9,0.12,0.0,-0.7,0.7
WFS1,4,6301449,NM_006005.3:c.1654A>C,NP_005996.2:p.Thr552Pro,0.710,24.9,['Unknown%20significance'],98.27,0.62,0.0,0.7,0.7
WFS1,4,6301449,NM_006005.3:c.1654A>G,NP_005996.2:p.Thr552Ala,0.629,23.1,['Unknown%20significance'],98.27,0.62,0.0,0.5,0.5
WFS1,4,6301449,NM_006005.3:c.1654A>T,NP_005996.2:p.Thr552Ser,0.288,17.13,['Unknown%20significance'],98.27,0.62,0.0,0.4,0.4
WFS1,4,6301450,NM_006005.3:c.1655C>G,NP_005996.2:p.Thr552Ser,0.309,14.28,['Unknown%20significance'],98.27,0.62,0.0,0.4,0.4
WFS1,4,6301450,NM_006005.3:c.1655C>T,NP_005996.2:p.Thr552Ile,0.617,23.5,['Unknown%20significance'],98.27,0.62,0.0,0.1,0.1
WFS1,4,6301452,NM_006005.3:c.1657G>A,NP_005996.2:p.Gly553Ser,0.215,13.68,['Unknown%20significance'],46.04,0.48,0.0,-0.3,0.3
WFS1,4,6301452,NM_006005.3:c.1657G>C,NP_005996.2:p.Gly553Arg,0.507,15.84,['Unknown%20significance'],46.04,0.48,0.0,-0.4,0.4
WFS1,4,6301452,NM_006005.3:c.1657G>T,NP_005996.2:p.Gly553Cys,0.430,21.5,['Unknown%20significance'],46.04,0.48,0.0,-0.4,0.4
WFS1,4,6301453,NM_006005.3:c.1658G>C,NP_005996.2:p.Gly553Ala,0.219,16.12,['Likely%20benign'],46.04,0.48,0.0,-0.4,0.4
WFS1,4,6301453,NM_006005.3:c.1658G>T,NP_005996.2:p.Gly553Val,0.404,18.56,['Likely%20benign'],46.04,0.48,0.0,-0.8,0.8
WFS1,4,6301455,NM_006005.3:c.1660C>G,NP_005996.2:p.Leu554Val,0.270,16.57,['Unknown%20significance'],172.47,0.89,0.0,0.0,0.0
WFS1,4,6301456,NM_006005.3:c.1661T>G,NP_005996.2:p.Leu554Arg,0.686,23.7,['Unknown%20significance'],172.47,0.89,0.0,0.3,0.3
WFS1,4,6301458,NM_006005.3:c.1663G>A,NP_005996.2:p.Gly555Arg,0.924,26.7,['Unknown%20significance'],0.01,0.0,0.0,0.7,0.7
WFS1,4,6301458,NM_006005.3:c.1663G>C,NP_005996.2:p.Gly555Arg,0.924,26.5,['Unknown%20significance'],0.01,0.0,0.0,0.7,0.7
WFS1,4,6301459,NM_006005.3:c.1664G>A,NP_005996.2:p.Gly555Glu,0.921,25.9,['Unknown%20significance'],0.01,0.0,0.0,1.7,1.7
WFS1,4,6301461,NM_006005.3:c.1666C>A,NP_005996.2:p.Leu556Met,0.744,23.9,['Unknown%20significance'],36.43,0.18,0.0,1.3,1.3
WFS1,4,6301461,NM_006005.3:c.1666C>G,NP_005996.2:p.Leu556Val,0.806,23.6,['Unknown%20significance'],36.43,0.18,0.0,1.4,1.4
WFS1,4,6301462,NM_006005.3:c.1667T>A,NP_005996.2:p.Leu556Gln,0.927,26.1,['Unknown%20significance'],36.43,0.18,0.0,3.2,3.2
WFS1,4,6301464,NM_006005.3:c.1669C>A,NP_005996.2:p.Leu557Ile,0.197,3.600,['Likely%20benign'],123.72,0.64,0.0,-0.3,0.3
WFS1,4,6301464,NM_006005.3:c.1669C>G,NP_005996.2:p.Leu557Val,0.189,4.670,['Likely%20benign'],123.72,0.64,0.0,0.0,0.0
WFS1,4,6301464,NM_006005.3:c.1669C>T,NP_005996.2:p.Leu557Phe,0.475,15.59,['Pathogenic'],123.72,0.64,0.0,0.1,0.1
WFS1,4,6301465,NM_006005.3:c.1670T>C,NP_005996.2:p.Leu557Pro,0.582,23.2,['Unknown%20significance'],123.72,0.64,0.0,1.2,1.2
WFS1,4,6301467,NM_006005.3:c.1672C>A,NP_005996.2:p.Arg558Ser,0.856,24.3,['Unknown%20significance'],163.55,0.6,0.0,0.8,0.8
WFS1,4,6301467,NM_006005.3:c.1672C>T,NP_005996.2:p.Arg558Cys,0.816,25.5,['Pathogenic'],163.55,0.6,0.0,0.5,0.5
WFS1,4,6301468,NM_006005.3:c.1673G>A,NP_005996.2:p.Arg558His,0.881,25.5,['Likely%20pathogenic'],163.55,0.6,0.0,0.4,0.4
WFS1,4,6301468,NM_006005.3:c.1673G>C,NP_005996.2:p.Arg558Pro,0.904,25.7,['Unknown%20significance'],163.55,0.6,0.0,0.9,0.9
WFS1,4,6301468,NM_006005.3:c.1673G>T,NP_005996.2:p.Arg558Leu,0.850,25.4,['Unknown%20significance'],163.55,0.6,0.0,-0.2,0.2
WFS1,4,6301470,NM_006005.3:c.1675G>A,NP_005996.2:p.Ala559Thr,0.407,16.67,['Benign'],1.59,0.01,0.0,0.3,0.3
WFS1,4,6301470,NM_006005.3:c.1675G>C,NP_005996.2:p.Ala559Pro,0.766,24.0,['Pathogenic'],1.59,0.01,0.0,1.5,1.5
WFS1,4,6301470,NM_006005.3:c.1675G>T,NP_005996.2:p.Ala559Ser,0.476,18.03,['Unknown%20significance'],1.59,0.01,0.0,0.9,0.9
WFS1,4,6301471,NM_006005.3:c.1676C>A,NP_005996.2:p.Ala559Asp,0.899,23.4,['Likely%20pathogenic'],1.59,0.01,0.0,2.0,2.0
WFS1,4,6301471,NM_006005.3:c.1676C>G,NP_005996.2:p.Ala559Gly,0.516,17.09,['Likely%20benign'],1.59,0.01,0.0,1.4,1.4
WFS1,4,6301471,NM_006005.3:c.1676C>T,NP_005996.2:p.Ala559Val,0.664,23.2,['Unknown%20significance'],1.59,0.01,0.0,-0.6,0.6
WFS1,4,6301473,NM_006005.3:c.1678T>A,NP_005996.2:p.Ser560Thr,0.212,11.66,['Likely%20benign'],53.64,0.38,0.0,-0.4,0.4
WFS1,4,6301473,NM_006005.3:c.1678T>C,NP_005996.2:p.Ser560Pro,0.629,19.95,['Unknown%20significance'],53.64,0.38,0.0,0.3,0.3
WFS1,4,6301473,NM_006005.3:c.1678T>G,NP_005996.2:p.Ser560Ala,0.331,11.16,['Likely%20benign'],53.64,0.38,0.0,-0.3,0.3
WFS1,4,6301474,NM_006005.3:c.1679C>T,NP_005996.2:p.Ser560Phe,0.540,19.43,['Unknown%20significance'],53.64,0.38,0.0,-0.8,0.8
WFS1,4,6301476,NM_006005.3:c.1681A>C,NP_005996.2:p.Ile561Leu,0.354,7.654,['Unknown%20significance'],95.18,0.48,0.0,-0.1,0.1
WFS1,4,6301476,NM_006005.3:c.1681A>G,NP_005996.2:p.Ile561Val,0.247,0.393,['Unknown%20significance'],95.18,0.48,0.0,-0.0,0.0
WFS1,4,6301476,NM_006005.3:c.1681A>T,NP_005996.2:p.Ile561Phe,0.439,7.768,['Unknown%20significance'],95.18,0.48,0.0,0.3,0.3
WFS1,4,6301477,NM_006005.3:c.1682T>G,NP_005996.2:p.Ile561Ser,0.543,22.8,['Unknown%20significance'],95.18,0.48,0.0,1.6,1.6
WFS1,4,6301478,NM_006005.3:c.1683C>G,NP_005996.2:p.Ile561Met,0.292,1.797,['Unknown%20significance'],95.18,0.48,0.0,0.4,0.4
WFS1,4,6301479,NM_006005.3:c.1684G>A,NP_005996.2:p.Gly562Ser,0.627,25.1,['Unknown%20significance'],36.79,0.38,0.0,0.2,0.2
WFS1,4,6301479,NM_006005.3:c.1684G>C,NP_005996.2:p.Gly562Arg,0.837,25.4,['Likely%20pathogenic'],36.79,0.38,0.0,0.1,0.1
WFS1,4,6301480,NM_006005.3:c.1685G>A,NP_005996.2:p.Gly562Asp,0.727,24.8,['Unknown%20significance'],36.79,0.38,0.0,0.8,0.8
WFS1,4,6301483,NM_006005.3:c.1688A>C,NP_005996.2:p.Tyr563Ser,0.812,25.7,['Unknown%20significance'],76.39,0.31,0.0,2.6,2.6
WFS1,4,6301485,NM_006005.3:c.1690T>C,NP_005996.2:p.Phe564Leu,0.324,17.11,['Unknown%20significance'],134.72,0.58,0.0,0.2,0.2
WFS1,4,6301487,NM_006005.3:c.1692C>G,NP_005996.2:p.Phe564Leu,0.340,15.59,['Unknown%20significance'],134.72,0.58,0.0,0.2,0.2
WFS1,4,6301488,NM_006005.3:c.1693C>G,NP_005996.2:p.Leu565Val,0.560,23.5,['Unknown%20significance'],101.12,0.52,0.0,0.5,0.5
WFS1,4,6301488,NM_006005.3:c.1693C>T,NP_005996.2:p.Leu565Phe,0.668,24.1,['Unknown%20significance'],101.12,0.52,0.0,0.4,0.4
WFS1,4,6301491,NM_006005.3:c.1696T>A,NP_005996.2:p.Phe566Ile,0.602,22.3,['Unknown%20significance'],82.93,0.36,0.0,0.4,0.4
WFS1,4,6301493,NM_006005.3:c.1698C>A,NP_005996.2:p.Phe566Leu,0.397,17.54,['Unknown%20significance'],82.93,0.36,0.0,0.2,0.2
WFS1,4,6301493,NM_006005.3:c.1698C>G,NP_005996.2:p.Phe566Leu,0.397,17.64,['Unknown%20significance'],82.93,0.36,0.0,0.2,0.2
WFS1,4,6301494,NM_006005.3:c.1699C>T,NP_005996.2:p.Leu567Phe,0.560,18.26,['Unknown%20significance'],34.86,0.18,0.0,0.4,0.4
WFS1,4,6301495,NM_006005.3:c.1700T>C,NP_005996.2:p.Leu567Pro,0.817,26.1,['Unknown%20significance'],34.86,0.18,0.0,3.1,3.1
WFS1,4,6301498,NM_006005.3:c.1703T>C,NP_005996.2:p.Phe568Ser,0.827,24.2,['Unknown%20significance'],78.39,0.34,0.0,2.7,2.7
WFS1,4,6301500,NM_006005.3:c.1705G>A,NP_005996.2:p.Ala569Thr,0.575,20.1,['Unknown%20significance'],25.4,0.19,0.0,0.6,0.6
WFS1,4,6301500,NM_006005.3:c.1705G>T,NP_005996.2:p.Ala569Ser,0.532,18.31,['Unknown%20significance'],25.4,0.19,0.0,1.2,1.2
WFS1,4,6301501,NM_006005.3:c.1706C>G,NP_005996.2:p.Ala569Gly,0.692,22.6,['Unknown%20significance'],25.4,0.19,0.0,1.6,1.6
WFS1,4,6301501,NM_006005.3:c.1706C>T,NP_005996.2:p.Ala569Val,0.790,20.3,['Unknown%20significance'],25.4,0.19,0.0,-1.0,1.0
WFS1,4,6301503,NM_006005.3:c.1708C>G,NP_005996.2:p.Leu570Val,0.589,22.6,['Unknown%20significance'],43.03,0.22,0.0,1.0,1.0
WFS1,4,6301503,NM_006005.3:c.1708C>T,NP_005996.2:p.Leu570Phe,0.700,22.9,['Unknown%20significance'],43.03,0.22,0.0,0.9,0.9
WFS1,4,6301506,NM_006005.3:c.1711C>G,NP_005996.2:p.Pro571Ala,0.752,23.3,['Unknown%20significance'],111.13,0.7,0.0,0.5,0.5
WFS1,4,6301507,NM_006005.3:c.1712C>T,NP_005996.2:p.Pro571Leu,0.794,24.5,['Unknown%20significance'],111.13,0.7,0.0,0.0,0.0
WFS1,4,6301511,NM_006005.3:c.1716C>G,NP_005996.2:p.Ile572Met,0.409,18.79,['Unknown%20significance'],145.87,0.74,0.0,0.2,0.2
WFS1,4,6301512,NM_006005.3:c.1717C>G,NP_005996.2:p.Leu573Val,0.522,19.52,['Unknown%20significance'],67.29,0.34,0.0,0.4,0.4
WFS1,4,6301515,NM_006005.3:c.1720G>C,NP_005996.2:p.Val574Leu,0.198,18.14,['Likely%20benign'],90.16,0.52,0.0,0.0,0.0
WFS1,4,6301515,NM_006005.3:c.1720G>T,NP_005996.2:p.Val574Leu,0.198,18.08,['Likely%20benign'],90.16,0.52,0.0,0.0,0.0
WFS1,4,6301516,NM_006005.3:c.1721T>G,NP_005996.2:p.Val574Gly,0.263,13.71,['Likely%20benign'],90.16,0.52,0.0,1.0,1.0
WFS1,4,6301519,NM_006005.3:c.1724C>G,NP_005996.2:p.Ala575Gly,0.334,21.5,['Unknown%20significance'],68.79,0.54,0.0,0.8,0.8
WFS1,4,6301519,NM_006005.3:c.1724C>T,NP_005996.2:p.Ala575Val,0.096,13.27,['Likely%20benign'],68.79,0.54,0.0,-1.0,1.0
WFS1,4,6301521,NM_006005.3:c.1726G>A,NP_005996.2:p.Gly576Ser,0.537,23.1,['Benign'],30.66,0.32,0.0,-0.1,0.1
WFS1,4,6301521,NM_006005.3:c.1726G>C,NP_005996.2:p.Gly576Arg,0.879,24.7,['Unknown%20significance'],30.66,0.32,0.0,-0.2,0.2
WFS1,4,6301521,NM_006005.3:c.1726G>T,NP_005996.2:p.Gly576Cys,0.752,25.1,['Unknown%20significance'],30.66,0.32,0.0,-0.6,0.6
WFS1,4,6301522,NM_006005.3:c.1727G>T,NP_005996.2:p.Gly576Val,0.644,21.9,['Unknown%20significance'],30.66,0.32,0.0,-1.7,1.7
WFS1,4,6301527,NM_006005.3:c.1732G>A,NP_005996.2:p.Ala578Thr,0.166,20.3,['Likely%20benign'],63.91,0.5,0.0,0.3,0.3
WFS1,4,6301530,NM_006005.3:c.1735C>A,NP_005996.2:p.Leu579Met,0.415,18.27,['Unknown%20significance'],122.33,0.63,0.0,0.4,0.4
WFS1,4,6301531,NM_006005.3:c.1736T>C,NP_005996.2:p.Leu579Pro,0.674,23.8,['Unknown%20significance'],122.33,0.63,0.0,1.4,1.4
WFS1,4,6301533,NM_006005.3:c.1738G>A,NP_005996.2:p.Val580Met,0.235,6.224,['Likely%20benign'],86.35,0.5,0.0,0.0,0.0
WFS1,4,6301533,NM_006005.3:c.1738G>C,NP_005996.2:p.Val580Leu,0.302,10.65,['Unknown%20significance'],86.35,0.5,0.0,-0.2,0.2
WFS1,4,6301534,NM_006005.3:c.1739T>A,NP_005996.2:p.Val580Glu,0.518,22.9,['Unknown%20significance'],86.35,0.5,0.0,1.9,1.9
WFS1,4,6301534,NM_006005.3:c.1739T>C,NP_005996.2:p.Val580Ala,0.343,22.5,['Unknown%20significance'],86.35,0.5,0.0,1.1,1.1
WFS1,4,6301534,NM_006005.3:c.1739T>G,NP_005996.2:p.Val580Gly,0.462,22.8,['Unknown%20significance'],86.35,0.5,0.0,2.0,2.0
WFS1,4,6301536,NM_006005.3:c.1741G>A,NP_005996.2:p.Gly581Ser,0.212,17.21,['Unknown%20significance'],41.16,0.43,0.0,-0.3,0.3
WFS1,4,6301536,NM_006005.3:c.1741G>T,NP_005996.2:p.Gly581Cys,0.121,19.54,['Unknown%20significance'],41.16,0.43,0.0,-1.0,1.0
WFS1,4,6301537,NM_006005.3:c.1742G>A,NP_005996.2:p.Gly581Asp,0.498,17.44,['Unknown%20significance'],41.16,0.43,0.0,0.2,0.2
WFS1,4,6301537,NM_006005.3:c.1742G>C,NP_005996.2:p.Gly581Ala,0.185,14.66,['Likely%20benign'],41.16,0.43,0.0,-1.0,1.0
WFS1,4,6301537,NM_006005.3:c.1742G>T,NP_005996.2:p.Gly581Val,0.302,15.42,['Unknown%20significance'],41.16,0.43,0.0,-1.9,1.9
WFS1,4,6301539,NM_006005.3:c.1744G>A,NP_005996.2:p.Val582Met,0.303,5.072,['Unknown%20significance'],110.8,0.64,0.0,0.3,0.3
WFS1,4,6301539,NM_006005.3:c.1744G>T,NP_005996.2:p.Val582Leu,0.206,0.188,['Unknown%20significance'],110.8,0.64,0.0,-0.1,0.1
WFS1,4,6301542,NM_006005.3:c.1747C>G,NP_005996.2:p.Leu583Val,0.148,9.778,['Likely%20benign'],111.3,0.57,0.0,-0.1,0.1
WFS1,4,6301546,NM_006005.3:c.1751A>C,NP_005996.2:p.Gln584Pro,0.669,23.2,['Pathogenic'],103.58,0.52,0.0,0.4,0.4
WFS1,4,6301546,NM_006005.3:c.1751A>G,NP_005996.2:p.Gln584Arg,0.476,17.36,['Unknown%20significance'],103.58,0.52,0.0,0.0,0.0
WFS1,4,6301546,NM_006005.3:c.1751A>T,NP_005996.2:p.Gln584Leu,0.527,22.0,['Unknown%20significance'],103.58,0.52,0.0,-0.8,0.8
WFS1,4,6301547,NM_006005.3:c.1752G>C,NP_005996.2:p.Gln584His,0.306,14.48,['Unknown%20significance'],103.58,0.52,0.0,-0.0,0.0
WFS1,4,6301549,NM_006005.3:c.1754T>G,NP_005996.2:p.Phe585Cys,0.540,23.7,['Likely%20benign'],149.11,0.64,0.0,0.8,0.8
WFS1,4,6301550,NM_006005.3:c.1755C>A,NP_005996.2:p.Phe585Leu,0.265,0.001,['Likely%20benign'],149.11,0.64,0.0,-0.1,0.1
WFS1,4,6301551,NM_006005.3:c.1756G>A,NP_005996.2:p.Ala586Thr,0.137,9.020,['Likely%20benign'],49.81,0.39,0.0,0.1,0.1
WFS1,4,6301551,NM_006005.3:c.1756G>T,NP_005996.2:p.Ala586Ser,0.158,7.362,['Likely%20benign'],49.81,0.39,0.0,0.6,0.6
WFS1,4,6301552,NM_006005.3:c.1757C>G,NP_005996.2:p.Ala586Gly,0.199,8.632,['Unknown%20significance'],49.81,0.39,0.0,0.9,0.9
WFS1,4,6301552,NM_006005.3:c.1757C>T,NP_005996.2:p.Ala586Val,0.260,3.346,['Unknown%20significance'],49.81,0.39,0.0,-1.0,1.0
WFS1,4,6301554,NM_006005.3:c.1759C>G,NP_005996.2:p.Arg587Gly,0.507,16.41,['Unknown%20significance'],190.59,0.7,0.0,0.6,0.6
WFS1,4,6301554,NM_006005.3:c.1759C>T,NP_005996.2:p.Arg587Trp,0.442,23.8,['Unknown%20significance'],190.59,0.7,0.0,-0.2,0.2
WFS1,4,6301555,NM_006005.3:c.1760G>A,NP_005996.2:p.Arg587Gln,0.119,12.27,['Likely%20benign'],190.59,0.7,0.0,0.1,0.1
WFS1,4,6301555,NM_006005.3:c.1760G>T,NP_005996.2:p.Arg587Leu,0.435,13.94,['Unknown%20significance'],190.59,0.7,0.0,-0.3,0.3
WFS1,4,6301559,NM_006005.3:c.1764G>T,NP_005996.2:p.Trp588Cys,0.867,25.0,['Unknown%20significance'],126.31,0.48,0.0,1.7,1.7
WFS1,4,6301561,NM_006005.3:c.1766T>G,NP_005996.2:p.Phe589Cys,0.883,24.7,['Unknown%20significance'],85.71,0.37,0.0,2.0,2.0
WFS1,4,6301563,NM_006005.3:c.1768A>G,NP_005996.2:p.Thr590Ala,0.267,0.569,['Likely%20benign'],112.78,0.71,0.0,-0.0,0.0
WFS1,4,6301563,NM_006005.3:c.1768A>T,NP_005996.2:p.Thr590Ser,0.284,0.300,['Unknown%20significance'],112.78,0.71,0.0,0.2,0.2
WFS1,4,6301564,NM_006005.3:c.1769C>T,NP_005996.2:p.Thr590Met,0.229,14.57,['Unknown%20significance'],112.78,0.71,0.0,-0.4,0.4
WFS1,4,6301567,NM_006005.3:c.1772C>G,NP_005996.2:p.Ser591Cys,0.523,23.2,['Unknown%20significance'],93.26,0.67,0.0,-0.1,0.1
WFS1,4,6301567,NM_006005.3:c.1772C>T,NP_005996.2:p.Ser591Phe,0.541,22.1,['Unknown%20significance'],93.26,0.67,0.0,-0.5,0.5
WFS1,4,6301569,NM_006005.3:c.1774C>G,NP_005996.2:p.Leu592Val,0.613,16.16,['Unknown%20significance'],66.32,0.34,0.0,0.3,0.3
WFS1,4,6301570,NM_006005.3:c.1775T>A,NP_005996.2:p.Leu592Gln,0.693,23.0,['Unknown%20significance'],66.32,0.34,0.0,1.5,1.5
WFS1,4,6301570,NM_006005.3:c.1775T>C,NP_005996.2:p.Leu592Pro,0.821,24.9,['Pathogenic'],66.32,0.34,0.0,1.7,1.7
WFS1,4,6301572,NM_006005.3:c.1777G>A,NP_005996.2:p.Glu593Lys,0.604,23.5,['Unknown%20significance'],96.86,0.49,0.0,0.2,0.2
WFS1,4,6301572,NM_006005.3:c.1777G>C,NP_005996.2:p.Glu593Gln,0.462,22.9,['Unknown%20significance'],96.86,0.49,0.0,-0.2,0.2
WFS1,4,6301573,NM_006005.3:c.1778A>C,NP_005996.2:p.Glu593Ala,0.541,22.7,['Unknown%20significance'],96.86,0.49,0.0,-0.2,0.2
WFS1,4,6301573,NM_006005.3:c.1778A>G,NP_005996.2:p.Glu593Gly,0.545,21.8,['Unknown%20significance'],96.86,0.49,0.0,0.4,0.4
WFS1,4,6301574,NM_006005.3:c.1779G>C,NP_005996.2:p.Glu593Asp,0.270,15.75,['Unknown%20significance'],96.86,0.49,0.0,0.2,0.2
WFS1,4,6301575,NM_006005.3:c.1780C>A,NP_005996.2:p.Leu594Ile,0.530,22.6,['Unknown%20significance'],109.25,0.56,0.0,0.1,0.1
WFS1,4,6301575,NM_006005.3:c.1780C>T,NP_005996.2:p.Leu594Phe,0.621,21.0,['Unknown%20significance'],109.25,0.56,0.0,0.1,0.1
WFS1,4,6301576,NM_006005.3:c.1781T>G,NP_005996.2:p.Leu594Arg,0.910,25.5,['Unknown%20significance'],109.25,0.56,0.0,0.9,0.9
WFS1,4,6301578,NM_006005.3:c.1783A>C,NP_005996.2:p.Thr595Pro,0.542,22.2,['Unknown%20significance'],98.32,0.62,0.0,0.5,0.5
WFS1,4,6301578,NM_006005.3:c.1783A>T,NP_005996.2:p.Thr595Ser,0.529,22.8,['Unknown%20significance'],98.32,0.62,0.0,0.4,0.4
WFS1,4,6301579,NM_006005.3:c.1784C>G,NP_005996.2:p.Thr595Ser,0.575,23.0,['Unknown%20significance'],98.32,0.62,0.0,0.4,0.4
WFS1,4,6301579,NM_006005.3:c.1784C>T,NP_005996.2:p.Thr595Ile,0.530,17.59,['Unknown%20significance'],98.32,0.62,0.0,-0.6,0.6
WFS1,4,6301581,NM_006005.3:c.1786A>C,NP_005996.2:p.Lys596Gln,0.842,24.7,['Unknown%20significance'],55.76,0.23,0.0,-0.3,0.3
WFS1,4,6301582,NM_006005.3:c.1787A>G,NP_005996.2:p.Lys596Arg,0.675,24.9,['Unknown%20significance'],55.76,0.23,0.0,-0.7,0.7
WFS1,4,6301582,NM_006005.3:c.1787A>T,NP_005996.2:p.Lys596Met,0.854,25.4,['Unknown%20significance'],55.76,0.23,0.0,-0.9,0.9
WFS1,4,6301583,NM_006005.3:c.1788G>C,NP_005996.2:p.Lys596Asn,0.656,23.7,['Unknown%20significance'],55.76,0.23,0.0,0.3,0.3
WFS1,4,6301584,NM_006005.3:c.1789A>C,NP_005996.2:p.Ile597Leu,0.292,10.42,['Unknown%20significance'],26.03,0.13,0.0,0.2,0.2
WFS1,4,6301584,NM_006005.3:c.1789A>G,NP_005996.2:p.Ile597Val,0.144,4.358,['Likely%20benign'],26.03,0.13,0.0,0.4,0.4
WFS1,4,6301584,NM_006005.3:c.1789A>T,NP_005996.2:p.Ile597Phe,0.469,20.1,['Unknown%20significance'],26.03,0.13,0.0,0.7,0.7
WFS1,4,6301585,NM_006005.3:c.1790T>A,NP_005996.2:p.Ile597Asn,0.611,23.4,['Unknown%20significance'],26.03,0.13,0.0,3.4,3.4
WFS1,4,6301585,NM_006005.3:c.1790T>G,NP_005996.2:p.Ile597Ser,0.691,23.3,['Unknown%20significance'],26.03,0.13,0.0,3.2,3.2
WFS1,4,6301586,NM_006005.3:c.1791C>G,NP_005996.2:p.Ile597Met,0.147,0.087,['Unknown%20significance'],26.03,0.13,0.0,0.9,0.9
WFS1,4,6301587,NM_006005.3:c.1792G>A,NP_005996.2:p.Ala598Thr,0.177,6.744,['Unknown%20significance'],63.4,0.49,0.0,0.2,0.2
WFS1,4,6301587,NM_006005.3:c.1792G>C,NP_005996.2:p.Ala598Pro,0.670,8.245,['Likely%20benign'],63.4,0.49,0.0,0.6,0.6
WFS1,4,6301588,NM_006005.3:c.1793C>A,NP_005996.2:p.Ala598Glu,0.501,7.843,['Likely%20benign'],63.4,0.49,0.0,0.7,0.7
WFS1,4,6301588,NM_006005.3:c.1793C>G,NP_005996.2:p.Ala598Gly,0.187,13.19,['Likely%20benign'],63.4,0.49,0.0,0.8,0.8
WFS1,4,6301588,NM_006005.3:c.1793C>T,NP_005996.2:p.Ala598Val,0.243,1.804,['Likely%20benign'],63.4,0.49,0.0,-0.6,0.6
WFS1,4,6301590,NM_006005.3:c.1795G>C,NP_005996.2:p.Val599Leu,0.686,23.0,['Unknown%20significance'],52.12,0.3,0.0,0.6,0.6
WFS1,4,6301590,NM_006005.3:c.1795G>T,NP_005996.2:p.Val599Phe,0.788,23.4,['Unknown%20significance'],52.12,0.3,0.0,0.7,0.7
WFS1,4,6301591,NM_006005.3:c.1796T>G,NP_005996.2:p.Val599Gly,0.678,22.8,['Unknown%20significance'],52.12,0.3,0.0,3.1,3.1
WFS1,4,6301593,NM_006005.3:c.1798A>G,NP_005996.2:p.Thr600Ala,0.629,16.66,['Unknown%20significance'],65.76,0.41,0.0,0.4,0.4
WFS1,4,6301594,NM_006005.3:c.1799C>G,NP_005996.2:p.Thr600Ser,0.660,17.17,['Unknown%20significance'],65.76,0.41,0.0,0.8,0.8
WFS1,4,6301594,NM_006005.3:c.1799C>T,NP_005996.2:p.Thr600Ile,0.731,22.3,['Unknown%20significance'],65.76,0.41,0.0,-0.5,0.5
WFS1,4,6301596,NM_006005.3:c.1801G>A,NP_005996.2:p.Val601Met,0.259,0.005,['Unknown%20significance'],94.5,0.54,0.0,0.4,0.4
WFS1,4,6301596,NM_006005.3:c.1801G>T,NP_005996.2:p.Val601Leu,0.271,0.001,['Unknown%20significance'],94.5,0.54,0.0,-0.2,0.2
WFS1,4,6301599,NM_006005.3:c.1804G>A,NP_005996.2:p.Ala602Thr,0.179,10.59,['Unknown%20significance'],49.86,0.39,0.0,0.2,0.2
WFS1,4,6301600,NM_006005.3:c.1805C>A,NP_005996.2:p.Ala602Glu,0.595,3.421,['Likely%20benign'],49.86,0.39,0.0,1.1,1.1
WFS1,4,6301600,NM_006005.3:c.1805C>T,NP_005996.2:p.Ala602Val,0.271,0.014,['Benign'],49.86,0.39,0.0,-1.3,1.3
WFS1,4,6301602,NM_006005.3:c.1807G>A,NP_005996.2:p.Val603Ile,0.184,0.197,['Likely%20benign'],83.46,0.48,0.0,0.0,0.0
WFS1,4,6301603,NM_006005.3:c.1808T>G,NP_005996.2:p.Val603Gly,0.336,16.61,['Unknown%20significance'],83.46,0.48,0.0,1.6,1.6
WFS1,4,6301606,NM_006005.3:c.1811G>T,NP_005996.2:p.Cys604Phe,0.731,22.6,['Unknown%20significance'],47.96,0.31,0.0,0.2,0.2
WFS1,4,6301608,NM_006005.3:c.1813A>G,NP_005996.2:p.Ser605Gly,0.304,1.992,['Unknown%20significance'],39.35,0.28,0.0,0.4,0.4
WFS1,4,6301609,NM_006005.3:c.1814G>A,NP_005996.2:p.Ser605Asn,0.223,15.45,['Unknown%20significance'],39.35,0.28,0.0,0.3,0.3
WFS1,4,6301610,NM_006005.3:c.1815T>G,NP_005996.2:p.Ser605Arg,0.590,7.327,['Likely%20benign'],39.35,0.28,0.0,-0.1,0.1
WFS1,4,6301611,NM_006005.3:c.1816G>A,NP_005996.2:p.Val606Met,0.389,16.19,['Likely%20benign'],75.67,0.44,0.0,0.6,0.6
WFS1,4,6301611,NM_006005.3:c.1816G>C,NP_005996.2:p.Val606Leu,0.546,2.109,['Pathogenic'],75.67,0.44,0.0,0.2,0.2
WFS1,4,6301611,NM_006005.3:c.1816G>T,NP_005996.2:p.Val606Leu,0.546,2.009,['Unknown%20significance'],75.67,0.44,0.0,0.2,0.2
WFS1,4,6301612,NM_006005.3:c.1817T>G,NP_005996.2:p.Val606Gly,0.544,23.0,['Unknown%20significance'],75.67,0.44,0.0,2.4,2.4
WFS1,4,6301614,NM_006005.3:c.1819C>A,NP_005996.2:p.Pro607Thr,0.866,22.9,['Unknown%20significance'],83.7,0.53,0.0,0.5,0.5
WFS1,4,6301614,NM_006005.3:c.1819C>G,NP_005996.2:p.Pro607Ala,0.782,22.7,['Unknown%20significance'],83.7,0.53,0.0,0.2,0.2
WFS1,4,6301614,NM_006005.3:c.1819C>T,NP_005996.2:p.Pro607Ser,0.806,23.1,['Unknown%20significance'],83.7,0.53,0.0,0.8,0.8
WFS1,4,6301615,NM_006005.3:c.1820C>A,NP_005996.2:p.Pro607His,0.874,23.3,['Unknown%20significance'],83.7,0.53,0.0,0.6,0.6
WFS1,4,6301615,NM_006005.3:c.1820C>G,NP_005996.2:p.Pro607Arg,0.907,23.3,['Pathogenic'],83.7,0.53,0.0,0.7,0.7
WFS1,4,6301615,NM_006005.3:c.1820C>T,NP_005996.2:p.Pro607Leu,0.846,23.4,['Likely%20benign'],83.7,0.53,0.0,-0.5,0.5
WFS1,4,6301620,NM_006005.3:c.1825C>G,NP_005996.2:p.Leu609Val,0.456,15.07,['Unknown%20significance'],70.86,0.36,0.0,0.2,0.2
WFS1,4,6301621,NM_006005.3:c.1826T>A,NP_005996.2:p.Leu609Gln,0.651,24.2,['Unknown%20significance'],70.86,0.36,0.0,2.0,2.0
WFS1,4,6301623,NM_006005.3:c.1828T>G,NP_005996.2:p.Leu610Val,0.337,0.020,['Likely%20benign'],99.78,0.51,0.0,0.4,0.4
WFS1,4,6301624,NM_006005.3:c.1829T>C,NP_005996.2:p.Leu610Ser,0.426,23.2,['Unknown%20significance'],99.78,0.51,0.0,2.0,2.0
WFS1,4,6301624,NM_006005.3:c.1829T>G,NP_005996.2:p.Leu610Trp,0.315,23.3,['Unknown%20significance'],99.78,0.51,0.0,0.7,0.7
WFS1,4,6301626,NM_006005.3:c.1831C>G,NP_005996.2:p.Arg611Gly,0.704,23.8,['Unknown%20significance'],105.02,0.38,0.0,1.0,1.0
WFS1,4,6301626,NM_006005.3:c.1831C>T,NP_005996.2:p.Arg611Cys,0.677,25.0,['Pathogenic'],105.02,0.38,0.0,-0.1,0.1
WFS1,4,6301627,NM_006005.3:c.1832G>A,NP_005996.2:p.Arg611His,0.486,22.5,['Benign'],105.02,0.38,0.0,0.2,0.2
WFS1,4,6301627,NM_006005.3:c.1832G>C,NP_005996.2:p.Arg611Pro,0.684,22.7,['Unknown%20significance'],105.02,0.38,0.0,0.6,0.6
WFS1,4,6301629,NM_006005.3:c.1834T>G,NP_005996.2:p.Trp612Gly,0.656,22.4,['Unknown%20significance'],184.9,0.7,0.0,1.1,1.1
WFS1,4,6301630,NM_006005.3:c.1835G>T,NP_005996.2:p.Trp612Leu,0.409,16.75,['Unknown%20significance'],184.9,0.7,0.0,0.0,0.0
WFS1,4,6301631,NM_006005.3:c.1836G>C,NP_005996.2:p.Trp612Cys,0.745,22.8,['Unknown%20significance'],184.9,0.7,0.0,0.6,0.6
WFS1,4,6301631,NM_006005.3:c.1836G>T,NP_005996.2:p.Trp612Cys,0.746,22.8,['Unknown%20significance'],184.9,0.7,0.0,0.6,0.6
WFS1,4,6301632,NM_006005.3:c.1837T>C,NP_005996.2:p.Trp613Arg,0.883,23.4,['Unknown%20significance'],156.8,0.59,0.0,1.2,1.2
WFS1,4,6301632,NM_006005.3:c.1837T>G,NP_005996.2:p.Trp613Gly,0.867,24.0,['Unknown%20significance'],156.8,0.59,0.0,1.6,1.6
WFS1,4,6301633,NM_006005.3:c.1838G>C,NP_005996.2:p.Trp613Ser,0.900,25.7,['Unknown%20significance'],156.8,0.59,0.0,1.4,1.4
WFS1,4,6301634,NM_006005.3:c.1839G>T,NP_005996.2:p.Trp613Cys,0.897,25.5,['Unknown%20significance'],156.8,0.59,0.0,1.1,1.1
WFS1,4,6301635,NM_006005.3:c.1840A>C,NP_005996.2:p.Thr614Pro,0.618,18.92,['Unknown%20significance'],111.69,0.7,0.0,0.3,0.3
WFS1,4,6301635,NM_006005.3:c.1840A>G,NP_005996.2:p.Thr614Ala,0.554,17.93,['Unknown%20significance'],111.69,0.7,0.0,0.1,0.1
WFS1,4,6301636,NM_006005.3:c.1841C>G,NP_005996.2:p.Thr614Ser,0.237,13.35,['Likely%20benign'],111.69,0.7,0.0,0.2,0.2
WFS1,4,6301636,NM_006005.3:c.1841C>T,NP_005996.2:p.Thr614Ile,0.614,22.7,['Unknown%20significance'],111.69,0.7,0.0,-0.3,0.3
WFS1,4,6301638,NM_006005.3:c.1843A>G,NP_005996.2:p.Lys615Glu,0.445,16.72,['Unknown%20significance'],182.21,0.76,0.0,-0.0,0.0
WFS1,4,6301639,NM_006005.3:c.1844A>C,NP_005996.2:p.Lys615Thr,0.484,16.48,['Likely%20benign'],182.21,0.76,0.0,-0.1,0.1
WFS1,4,6301640,NM_006005.3:c.1845G>C,NP_005996.2:p.Lys615Asn,0.433,21.4,['Likely%20benign'],182.21,0.76,0.0,0.0,0.0
WFS1,4,6301641,NM_006005.3:c.1846G>C,NP_005996.2:p.Ala616Pro,0.577,18.55,['Unknown%20significance'],38.11,0.29,0.0,0.2,0.2
WFS1,4,6301641,NM_006005.3:c.1846G>T,NP_005996.2:p.Ala616Ser,0.570,15.06,['Pathogenic'],38.11,0.29,0.0,0.2,0.2
WFS1,4,6301642,NM_006005.3:c.1847C>A,NP_005996.2:p.Ala616Asp,0.592,19.17,['Unknown%20significance'],38.11,0.29,0.0,0.4,0.4
WFS1,4,6301642,NM_006005.3:c.1847C>T,NP_005996.2:p.Ala616Val,0.405,16.50,['Likely%20benign'],38.11,0.29,0.0,-0.6,0.6
WFS1,4,6301644,NM_006005.3:c.1849A>C,NP_005996.2:p.Ser617Arg,0.221,13.84,['Likely%20benign'],120.91,0.87,0.0,0.0,0.0
WFS1,4,6301644,NM_006005.3:c.1849A>G,NP_005996.2:p.Ser617Gly,0.209,13.28,['Likely%20benign'],120.91,0.87,0.0,0.2,0.2
WFS1,4,6301645,NM_006005.3:c.1850G>A,NP_005996.2:p.Ser617Asn,0.197,6.698,['Likely%20benign'],120.91,0.87,0.0,0.0,0.0
WFS1,4,6301645,NM_006005.3:c.1850G>C,NP_005996.2:p.Ser617Thr,0.278,8.883,['Likely%20benign'],120.91,0.87,0.0,-0.0,0.0
WFS1,4,6301646,NM_006005.3:c.1851C>A,NP_005996.2:p.Ser617Arg,0.224,18.01,['Unknown%20significance'],120.91,0.87,0.0,0.0,0.0
WFS1,4,6301647,NM_006005.3:c.1852T>C,NP_005996.2:p.Phe618Leu,0.254,15.51,['Likely%20benign'],175.85,0.76,0.0,0.0,0.0
WFS1,4,6301648,NM_006005.3:c.1853T>A,NP_005996.2:p.Phe618Tyr,0.245,17.64,['Likely%20benign'],175.85,0.76,0.0,0.0,0.0
WFS1,4,6301648,NM_006005.3:c.1853T>C,NP_005996.2:p.Phe618Ser,0.413,22.3,['Likely%20benign'],175.85,0.76,0.0,0.5,0.5
WFS1,4,6301648,NM_006005.3:c.1853T>G,NP_005996.2:p.Phe618Cys,0.584,24.6,['Unknown%20significance'],175.85,0.76,0.0,0.4,0.4
WFS1,4,6301651,NM_006005.3:c.1856C>T,NP_005996.2:p.Ser619Phe,0.659,24.2,['Unknown%20significance'],99.82,0.72,0.0,-0.2,0.2
WFS1,4,6301653,NM_006005.3:c.1858G>A,NP_005996.2:p.Val620Met,0.262,13.32,['Unknown%20significance'],83.35,0.48,0.0,0.2,0.2
WFS1,4,6301653,NM_006005.3:c.1858G>C,NP_005996.2:p.Val620Leu,0.197,8.608,['Unknown%20significance'],83.35,0.48,0.0,-0.0,0.0
WFS1,4,6301653,NM_006005.3:c.1858G>T,NP_005996.2:p.Val620Leu,0.197,8.496,['Likely%20benign'],83.35,0.48,0.0,-0.0,0.0
WFS1,4,6301654,NM_006005.3:c.1859T>C,NP_005996.2:p.Val620Ala,0.189,15.06,['Likely%20benign'],83.35,0.48,0.0,0.7,0.7
WFS1,4,6301654,NM_006005.3:c.1859T>G,NP_005996.2:p.Val620Gly,0.638,20.2,['Unknown%20significance'],83.35,0.48,0.0,1.2,1.2
WFS1,4,6301657,NM_006005.3:c.1862T>A,NP_005996.2:p.Val621Glu,0.610,22.0,['Unknown%20significance'],120.69,0.7,0.0,0.5,0.5
WFS1,4,6301657,NM_006005.3:c.1862T>C,NP_005996.2:p.Val621Ala,0.432,16.90,['Likely%20benign'],120.69,0.7,0.0,0.4,0.4
WFS1,4,6301657,NM_006005.3:c.1862T>G,NP_005996.2:p.Val621Gly,0.552,21.8,['Pathogenic'],120.69,0.7,0.0,0.7,0.7
WFS1,4,6301660,NM_006005.3:c.1865G>A,NP_005996.2:p.Gly622Glu,0.298,0.188,['Likely%20benign'],25.42,0.26,0.0,-0.4,0.4
WFS1,4,6301660,NM_006005.3:c.1865G>C,NP_005996.2:p.Gly622Ala,0.295,0.273,['Likely%20benign'],25.42,0.26,0.0,-0.8,0.8
WFS1,4,6301660,NM_006005.3:c.1865G>T,NP_005996.2:p.Gly622Val,0.368,1.066,['Likely%20benign'],25.42,0.26,0.0,-1.3,1.3
WFS1,4,6301662,NM_006005.3:c.1867A>G,NP_005996.2:p.Met623Val,0.320,1.510,['Likely%20benign'],130.06,0.6,0.0,-0.2,0.2
WFS1,4,6301663,NM_006005.3:c.1868T>A,NP_005996.2:p.Met623Lys,0.538,22.0,['Unknown%20significance'],130.06,0.6,0.0,1.0,1.0
WFS1,4,6301663,NM_006005.3:c.1868T>C,NP_005996.2:p.Met623Thr,0.440,17.29,['Unknown%20significance'],130.06,0.6,0.0,0.4,0.4
WFS1,4,6301663,NM_006005.3:c.1868T>G,NP_005996.2:p.Met623Arg,0.576,22.4,['Unknown%20significance'],130.06,0.6,0.0,0.5,0.5
WFS1,4,6301664,NM_006005.3:c.1869G>A,NP_005996.2:p.Met623Ile,0.359,18.68,['Unknown%20significance'],130.06,0.6,0.0,-0.1,0.1
WFS1,4,6301665,NM_006005.3:c.1870G>A,NP_005996.2:p.Val624Met,0.426,19.00,['Likely%20benign'],54.86,0.31,0.0,0.1,0.1
WFS1,4,6301666,NM_006005.3:c.1871T>C,NP_005996.2:p.Val624Ala,0.613,22.4,['Pathogenic'],54.86,0.31,0.0,0.8,0.8
WFS1,4,6301666,NM_006005.3:c.1871T>G,NP_005996.2:p.Val624Gly,0.659,24.0,['Unknown%20significance'],54.86,0.31,0.0,1.4,1.4
WFS1,4,6301668,NM_006005.3:c.1873A>C,NP_005996.2:p.Lys625Gln,0.358,22.5,['Likely%20benign'],160.72,0.67,0.0,-0.2,0.2
WFS1,4,6301671,NM_006005.3:c.1876T>G,NP_005996.2:p.Ser626Ala,0.739,25.5,['Unknown%20significance'],77.83,0.56,0.0,-0.0,0.0
WFS1,4,6301672,NM_006005.3:c.1877C>T,NP_005996.2:p.Ser626Phe,0.886,25.9,['Unknown%20significance'],77.83,0.56,0.0,-0.7,0.7
WFS1,4,6301674,NM_006005.3:c.1879C>G,NP_005996.2:p.Leu627Val,0.603,23.6,['Unknown%20significance'],47.79,0.24,0.0,0.5,0.5
WFS1,4,6301677,NM_006005.3:c.1882A>C,NP_005996.2:p.Thr628Pro,0.752,25.3,['Unknown%20significance'],85.03,0.54,0.0,0.5,0.5
WFS1,4,6301678,NM_006005.3:c.1883C>A,NP_005996.2:p.Thr628Lys,0.708,24.3,['Unknown%20significance'],85.03,0.54,0.0,0.6,0.6
WFS1,4,6301678,NM_006005.3:c.1883C>G,NP_005996.2:p.Thr628Arg,0.622,21.1,['Unknown%20significance'],85.03,0.54,0.0,0.2,0.2
WFS1,4,6301678,NM_006005.3:c.1883C>T,NP_005996.2:p.Thr628Met,0.601,24.8,['Unknown%20significance'],85.03,0.54,0.0,0.0,0.0
WFS1,4,6301680,NM_006005.3:c.1885C>T,NP_005996.2:p.Arg629Trp,0.603,24.3,['Pathogenic'],254.7,0.94,0.0,-0.0,0.0
WFS1,4,6301681,NM_006005.3:c.1886G>A,NP_005996.2:p.Arg629Gln,0.461,20.1,['Unknown%20significance'],254.7,0.94,0.0,0.1,0.1
WFS1,4,6301683,NM_006005.3:c.1888A>T,NP_005996.2:p.Ser630Cys,0.744,25.6,['Unknown%20significance'],35.06,0.25,0.0,-0.0,0.0
WFS1,4,6301687,NM_006005.3:c.1892C>G,NP_005996.2:p.Ser631Cys,0.638,25.2,['Unknown%20significance'],30.6,0.22,0.0,-0.0,0.0
WFS1,4,6301687,NM_006005.3:c.1892C>T,NP_005996.2:p.Ser631Phe,0.668,23.6,['Pathogenic'],30.6,0.22,0.0,-0.8,0.8
WFS1,4,6301689,NM_006005.3:c.1894A>G,NP_005996.2:p.Met632Val,0.296,0.013,['Likely%20benign'],34.4,0.15,0.0,-0.4,0.4
WFS1,4,6301690,NM_006005.3:c.1895T>C,NP_005996.2:p.Met632Thr,0.234,22.2,['Unknown%20significance'],34.4,0.15,0.0,0.7,0.7
WFS1,4,6301691,NM_006005.3:c.1896G>A,NP_005996.2:p.Met632Ile,0.300,6.320,['Unknown%20significance'],34.4,0.15,0.0,-0.6,0.6
WFS1,4,6301691,NM_006005.3:c.1896G>C,NP_005996.2:p.Met632Ile,0.300,5.828,['Likely%20benign'],34.4,0.15,0.0,-0.6,0.6
WFS1,4,6301691,NM_006005.3:c.1896G>T,NP_005996.2:p.Met632Ile,0.300,5.741,['Unknown%20significance'],34.4,0.15,0.0,-0.6,0.6
WFS1,4,6301692,NM_006005.3:c.1897G>C,NP_005996.2:p.Val633Leu,0.732,25.2,['Unknown%20significance'],2.75,0.01,0.0,0.5,0.5
WFS1,4,6301695,NM_006005.3:c.1900A>C,NP_005996.2:p.Lys634Gln,0.803,25.8,['Unknown%20significance'],75.6,0.31,0.0,-0.6,0.6
WFS1,4,6301696,NM_006005.3:c.1901A>C,NP_005996.2:p.Lys634Thr,0.874,26.2,['Pathogenic'],75.6,0.31,0.0,-0.3,0.3
WFS1,4,6301696,NM_006005.3:c.1901A>G,NP_005996.2:p.Lys634Arg,0.787,26.0,['Unknown%20significance'],75.6,0.31,0.0,-0.7,0.7
WFS1,4,6301697,NM_006005.3:c.1902G>T,NP_005996.2:p.Lys634Asn,0.767,24.9,['Unknown%20significance'],75.6,0.31,0.0,0.3,0.3
WFS1,4,6301698,NM_006005.3:c.1903C>G,NP_005996.2:p.Leu635Val,0.463,19.50,['Unknown%20significance'],17.74,0.09,0.0,0.6,0.6
WFS1,4,6301698,NM_006005.3:c.1903C>T,NP_005996.2:p.Leu635Phe,0.729,24.7,['Unknown%20significance'],17.74,0.09,0.0,0.7,0.7
WFS1,4,6301699,NM_006005.3:c.1904T>A,NP_005996.2:p.Leu635His,0.896,27.1,['Unknown%20significance'],17.74,0.09,0.0,3.2,3.2
WFS1,4,6301702,NM_006005.3:c.1907T>C,NP_005996.2:p.Ile636Thr,0.927,26.2,['Unknown%20significance'],14.41,0.07,0.0,3.4,3.4
WFS1,4,6301702,NM_006005.3:c.1907T>G,NP_005996.2:p.Ile636Ser,0.948,27.6,['Unknown%20significance'],14.41,0.07,0.0,4.6,4.6
WFS1,4,6301703,NM_006005.3:c.1908C>G,NP_005996.2:p.Ile636Met,0.799,23.9,['Unknown%20significance'],14.41,0.07,0.0,1.8,1.8
WFS1,4,6301704,NM_006005.3:c.1909C>G,NP_005996.2:p.Leu637Val,0.681,23.0,['Unknown%20significance'],8.56,0.04,0.0,1.0,1.0
WFS1,4,6301705,NM_006005.3:c.1910T>C,NP_005996.2:p.Leu637Pro,0.948,28.0,['Unknown%20significance'],8.56,0.04,0.0,4.6,4.6
WFS1,4,6301705,NM_006005.3:c.1910T>G,NP_005996.2:p.Leu637Arg,0.943,27.5,['Unknown%20significance'],8.56,0.04,0.0,3.9,3.9
WFS1,4,6301707,NM_006005.3:c.1912G>A,NP_005996.2:p.Val638Met,0.655,25.6,['Unknown%20significance'],90.15,0.52,0.0,0.4,0.4
WFS1,4,6301707,NM_006005.3:c.1912G>C,NP_005996.2:p.Val638Leu,0.477,21.5,['Unknown%20significance'],90.15,0.52,0.0,0.0,0.0
WFS1,4,6301708,NM_006005.3:c.1913T>G,NP_005996.2:p.Val638Gly,0.822,27.0,['Unknown%20significance'],90.15,0.52,0.0,1.9,1.9
WFS1,4,6301710,NM_006005.3:c.1915T>G,NP_005996.2:p.Trp639Gly,0.877,24.9,['Pathogenic'],156.7,0.59,0.0,1.3,1.3
WFS1,4,6301713,NM_006005.3:c.1918C>G,NP_005996.2:p.Leu640Val,0.203,10.36,['Unknown%20significance'],0.0,0.0,0.0,0.2,0.2
WFS1,4,6301713,NM_006005.3:c.1918C>T,NP_005996.2:p.Leu640Phe,0.251,17.04,['Likely%20benign'],0.0,0.0,0.0,0.5,0.5
WFS1,4,6301716,NM_006005.3:c.1921A>C,NP_005996.2:p.Thr641Pro,0.602,17.72,['Likely%20benign'],54.96,0.34,0.0,0.8,0.8
WFS1,4,6301716,NM_006005.3:c.1921A>T,NP_005996.2:p.Thr641Ser,0.274,6.051,['Likely%20benign'],54.96,0.34,0.0,0.6,0.6
WFS1,4,6301717,NM_006005.3:c.1922C>A,NP_005996.2:p.Thr641Lys,0.666,22.6,['Pathogenic'],54.96,0.34,0.0,1.1,1.1
WFS1,4,6301717,NM_006005.3:c.1922C>T,NP_005996.2:p.Thr641Met,0.716,23.9,['Unknown%20significance'],54.96,0.34,0.0,-0.6,0.6
WFS1,4,6301719,NM_006005.3:c.1924G>A,NP_005996.2:p.Ala642Thr,0.407,22.5,['Unknown%20significance'],45.9,0.36,0.0,0.5,0.5
WFS1,4,6301719,NM_006005.3:c.1924G>C,NP_005996.2:p.Ala642Pro,0.815,25.7,['Unknown%20significance'],45.9,0.36,0.0,1.1,1.1
WFS1,4,6301720,NM_006005.3:c.1925C>A,NP_005996.2:p.Ala642Asp,0.858,25.0,['Unknown%20significance'],45.9,0.36,0.0,1.8,1.8
WFS1,4,6301723,NM_006005.3:c.1928T>C,NP_005996.2:p.Ile643Thr,0.579,23.5,['Unknown%20significance'],40.92,0.2,0.0,2.1,2.1
WFS1,4,6301724,NM_006005.3:c.1929C>G,NP_005996.2:p.Ile643Met,0.563,17.97,['Unknown%20significance'],40.92,0.2,0.0,0.9,0.9
WFS1,4,6301725,NM_006005.3:c.1930G>A,NP_005996.2:p.Val644Met,0.298,17.21,['Unknown%20significance'],15.75,0.09,0.0,0.9,0.9
WFS1,4,6301725,NM_006005.3:c.1930G>T,NP_005996.2:p.Val644Leu,0.253,15.83,['Likely%20benign'],15.75,0.09,0.0,0.0,0.0
WFS1,4,6301726,NM_006005.3:c.1931T>G,NP_005996.2:p.Val644Gly,0.627,23.2,['Unknown%20significance'],15.75,0.09,0.0,4.0,4.0
WFS1,4,6301728,NM_006005.3:c.1933C>A,NP_005996.2:p.Leu645Met,0.487,22.7,['Unknown%20significance'],119.5,0.61,0.0,0.5,0.5
WFS1,4,6301729,NM_006005.3:c.1934T>C,NP_005996.2:p.Leu645Pro,0.912,26.6,['Unknown%20significance'],119.5,0.61,0.0,1.7,1.7
WFS1,4,6301735,NM_006005.3:c.1940G>A,NP_005996.2:p.Cys647Tyr,0.845,24.0,['Unknown%20significance'],22.14,0.14,0.0,0.0,0.0
WFS1,4,6301736,NM_006005.3:c.1941C>G,NP_005996.2:p.Cys647Trp,0.804,24.9,['Unknown%20significance'],22.14,0.14,0.0,-0.1,0.1
WFS1,4,6301737,NM_006005.3:c.1942T>C,NP_005996.2:p.Trp648Arg,0.889,27.1,['Unknown%20significance'],140.44,0.53,0.0,1.2,1.2
WFS1,4,6301738,NM_006005.3:c.1943G>T,NP_005996.2:p.Trp648Leu,0.756,24.1,['Unknown%20significance'],140.44,0.53,0.0,0.3,0.3
WFS1,4,6301739,NM_006005.3:c.1944G>C,NP_005996.2:p.Trp648Cys,0.838,27.8,['Unknown%20significance'],140.44,0.53,0.0,0.9,0.9
WFS1,4,6301740,NM_006005.3:c.1945T>G,NP_005996.2:p.Phe649Val,0.334,17.41,['Likely%20benign'],115.34,0.5,0.0,0.2,0.2
WFS1,4,6301741,NM_006005.3:c.1946T>G,NP_005996.2:p.Phe649Cys,0.654,26.5,['Unknown%20significance'],115.34,0.5,0.0,0.9,0.9
WFS1,4,6301742,NM_006005.3:c.1947C>G,NP_005996.2:p.Phe649Leu,0.267,19.53,['Unknown%20significance'],115.34,0.5,0.0,0.1,0.1
WFS1,4,6301743,NM_006005.3:c.1948T>C,NP_005996.2:p.Tyr650His,0.889,26.6,['Pathogenic'],67.19,0.28,0.0,1.4,1.4
WFS1,4,6301743,NM_006005.3:c.1948T>G,NP_005996.2:p.Tyr650Asp,0.913,26.9,['Likely%20pathogenic'],67.19,0.28,0.0,3.1,3.1
WFS1,4,6301744,NM_006005.3:c.1949A>C,NP_005996.2:p.Tyr650Ser,0.940,27.4,['Unknown%20significance'],67.19,0.28,0.0,2.6,2.6
WFS1,4,6301744,NM_006005.3:c.1949A>G,NP_005996.2:p.Tyr650Cys,0.943,28.1,['Unknown%20significance'],67.19,0.28,0.0,1.9,1.9
WFS1,4,6301744,NM_006005.3:c.1949A>T,NP_005996.2:p.Tyr650Phe,0.845,24.2,['Unknown%20significance'],67.19,0.28,0.0,-0.0,0.0
WFS1,4,6301746,NM_006005.3:c.1951G>A,NP_005996.2:p.Val651Met,0.819,25.0,['Unknown%20significance'],14.12,0.08,0.0,0.5,0.5
WFS1,4,6301746,NM_006005.3:c.1951G>C,NP_005996.2:p.Val651Leu,0.593,21.4,['Unknown%20significance'],14.12,0.08,0.0,0.3,0.3
WFS1,4,6301750,NM_006005.3:c.1955A>C,NP_005996.2:p.Tyr652Ser,0.838,25.1,['Unknown%20significance'],126.92,0.52,0.0,1.4,1.4
WFS1,4,6301750,NM_006005.3:c.1955A>G,NP_005996.2:p.Tyr652Cys,0.654,23.5,['Unknown%20significance'],126.92,0.52,0.0,1.1,1.1
WFS1,4,6301752,NM_006005.3:c.1957C>G,NP_005996.2:p.Arg653Gly,0.762,25.0,['Unknown%20significance'],165.92,0.61,0.0,0.8,0.8
WFS1,4,6301752,NM_006005.3:c.1957C>T,NP_005996.2:p.Arg653Cys,0.817,26.7,['Unknown%20significance'],165.92,0.61,0.0,0.5,0.5
WFS1,4,6301753,NM_006005.3:c.1958G>A,NP_005996.2:p.Arg653His,0.574,22.8,['Unknown%20significance'],165.92,0.61,0.0,0.1,0.1
WFS1,4,6301753,NM_006005.3:c.1958G>C,NP_005996.2:p.Arg653Pro,0.778,27.2,['Unknown%20significance'],165.92,0.61,0.0,0.6,0.6
WFS1,4,6301753,NM_006005.3:c.1958G>T,NP_005996.2:p.Arg653Leu,0.784,24.1,['Unknown%20significance'],165.92,0.61,0.0,0.1,0.1
WFS1,4,6301756,NM_006005.3:c.1961C>T,NP_005996.2:p.Ser654Leu,0.726,24.2,['Unknown%20significance'],68.15,0.49,0.0,-0.1,0.1
WFS1,4,6301758,NM_006005.3:c.1963G>A,NP_005996.2:p.Glu655Lys,0.906,28.5,['Pathogenic'],57.06,0.29,0.0,0.4,0.4
WFS1,4,6301759,NM_006005.3:c.1964A>G,NP_005996.2:p.Glu655Gly,0.967,28.6,['Unknown%20significance'],57.06,0.29,0.0,1.0,1.0
WFS1,4,6301760,NM_006005.3:c.1965G>C,NP_005996.2:p.Glu655Asp,0.783,24.5,['Unknown%20significance'],57.06,0.29,0.0,0.2,0.2
WFS1,4,6301760,NM_006005.3:c.1965G>T,NP_005996.2:p.Glu655Asp,0.782,24.5,['Unknown%20significance'],57.06,0.29,0.0,0.2,0.2
WFS1,4,6301761,NM_006005.3:c.1966G>A,NP_005996.2:p.Gly656Ser,0.836,26.6,['Unknown%20significance'],54.8,0.57,0.0,0.1,0.1
WFS1,4,6301761,NM_006005.3:c.1966G>T,NP_005996.2:p.Gly656Cys,0.919,28.2,['Unknown%20significance'],54.8,0.57,0.0,0.2,0.2
WFS1,4,6301762,NM_006005.3:c.1967G>A,NP_005996.2:p.Gly656Asp,0.890,26.8,['Unknown%20significance'],54.8,0.57,0.0,0.2,0.2
WFS1,4,6301762,NM_006005.3:c.1967G>T,NP_005996.2:p.Gly656Val,0.954,26.6,['Unknown%20significance'],54.8,0.57,0.0,-0.1,0.1
WFS1,4,6301764,NM_006005.3:c.1969A>G,NP_005996.2:p.Met657Val,0.640,20.8,['Unknown%20significance'],88.04,0.4,0.0,0.4,0.4
WFS1,4,6301764,NM_006005.3:c.1969A>T,NP_005996.2:p.Met657Leu,0.465,20.9,['Likely%20benign'],88.04,0.4,0.0,0.2,0.2
WFS1,4,6301765,NM_006005.3:c.1970T>C,NP_005996.2:p.Met657Thr,0.775,24.5,['Unknown%20significance'],88.04,0.4,0.0,0.6,0.6
WFS1,4,6301765,NM_006005.3:c.1970T>G,NP_005996.2:p.Met657Arg,0.832,23.6,['Unknown%20significance'],88.04,0.4,0.0,0.3,0.3
WFS1,4,6301766,NM_006005.3:c.1971G>A,NP_005996.2:p.Met657Ile,0.555,23.2,['Unknown%20significance'],88.04,0.4,0.0,0.3,0.3
WFS1,4,6301766,NM_006005.3:c.1971G>C,NP_005996.2:p.Met657Ile,0.555,23.1,['Unknown%20significance'],88.04,0.4,0.0,0.3,0.3
WFS1,4,6301768,NM_006005.3:c.1973A>C,NP_005996.2:p.Lys658Thr,0.465,23.1,['Unknown%20significance'],208.11,0.87,0.0,-0.0,0.0
WFS1,4,6301769,NM_006005.3:c.1974G>C,NP_005996.2:p.Lys658Asn,0.669,21.6,['Unknown%20significance'],208.11,0.87,0.0,-0.0,0.0
WFS1,4,6301770,NM_006005.3:c.1975G>A,NP_005996.2:p.Val659Ile,0.685,25.2,['Unknown%20significance'],70.8,0.41,0.0,0.2,0.2
WFS1,4,6301770,NM_006005.3:c.1975G>T,NP_005996.2:p.Val659Phe,0.785,24.0,['Unknown%20significance'],70.8,0.41,0.0,0.3,0.3
WFS1,4,6301771,NM_006005.3:c.1976T>C,NP_005996.2:p.Val659Ala,0.691,22.8,['Unknown%20significance'],70.8,0.41,0.0,0.7,0.7
WFS1,4,6301773,NM_006005.3:c.1978T>A,NP_005996.2:p.Tyr660Asn,0.941,25.1,['Unknown%20significance'],142.85,0.59,0.0,1.0,1.0
WFS1,4,6301774,NM_006005.3:c.1979A>G,NP_005996.2:p.Tyr660Cys,0.968,28.4,['Unknown%20significance'],142.85,0.59,0.0,1.0,1.0
WFS1,4,6301776,NM_006005.3:c.1981A>G,NP_005996.2:p.Asn661Asp,0.748,25.9,['Unknown%20significance'],116.23,0.72,0.0,0.2,0.2
WFS1,4,6301777,NM_006005.3:c.1982A>C,NP_005996.2:p.Asn661Thr,0.768,25.9,['Unknown%20significance'],116.23,0.72,0.0,-0.0,0.0
WFS1,4,6301777,NM_006005.3:c.1982A>G,NP_005996.2:p.Asn661Ser,0.690,25.3,['Pathogenic'],116.23,0.72,0.0,0.1,0.1
WFS1,4,6301778,NM_006005.3:c.1983C>G,NP_005996.2:p.Asn661Lys,0.764,24.5,['Unknown%20significance'],116.23,0.72,0.0,0.3,0.3
WFS1,4,6301779,NM_006005.3:c.1984T>C,NP_005996.2:p.Ser662Pro,0.939,28.2,['Unknown%20significance'],17.38,0.12,0.0,0.4,0.4
WFS1,4,6301780,NM_006005.3:c.1985C>G,NP_005996.2:p.Ser662Cys,0.920,25.7,['Unknown%20significance'],17.38,0.12,0.0,0.1,0.1
WFS1,4,6301780,NM_006005.3:c.1985C>T,NP_005996.2:p.Ser662Phe,0.942,26.2,['Unknown%20significance'],17.38,0.12,0.0,-0.7,0.7
WFS1,4,6301782,NM_006005.3:c.1987A>G,NP_005996.2:p.Thr663Ala,0.894,25.4,['Unknown%20significance'],151.77,0.96,0.0,0.1,0.1
WFS1,4,6301785,NM_006005.3:c.1990C>A,NP_005996.2:p.Leu664Met,0.663,22.9,['Unknown%20significance'],26.16,0.13,0.0,1.1,1.1
WFS1,4,6301785,NM_006005.3:c.1990C>G,NP_005996.2:p.Leu664Val,0.769,22.7,['Unknown%20significance'],26.16,0.13,0.0,1.2,1.2
WFS1,4,6301786,NM_006005.3:c.1991T>G,NP_005996.2:p.Leu664Arg,0.980,27.7,['Pathogenic'],26.16,0.13,0.0,2.7,2.7
WFS1,4,6301788,NM_006005.3:c.1993A>C,NP_005996.2:p.Thr665Pro,0.907,23.8,['Pathogenic'],67.18,0.42,0.0,0.8,0.8
WFS1,4,6301788,NM_006005.3:c.1993A>G,NP_005996.2:p.Thr665Ala,0.824,23.5,['Unknown%20significance'],67.18,0.42,0.0,0.5,0.5
WFS1,4,6301788,NM_006005.3:c.1993A>T,NP_005996.2:p.Thr665Ser,0.570,21.4,['Unknown%20significance'],67.18,0.42,0.0,0.5,0.5
WFS1,4,6301789,NM_006005.3:c.1994C>A,NP_005996.2:p.Thr665Asn,0.752,22.4,['Unknown%20significance'],67.18,0.42,0.0,0.7,0.7
WFS1,4,6301789,NM_006005.3:c.1994C>G,NP_005996.2:p.Thr665Ser,0.470,17.90,['Unknown%20significance'],67.18,0.42,0.0,0.5,0.5
WFS1,4,6301789,NM_006005.3:c.1994C>T,NP_005996.2:p.Thr665Ile,0.884,24.0,['Unknown%20significance'],67.18,0.42,0.0,0.1,0.1
WFS1,4,6301794,NM_006005.3:c.1999C>A,NP_005996.2:p.Gln667Lys,0.409,17.15,['Unknown%20significance'],84.56,0.42,0.0,0.4,0.4
WFS1,4,6301795,NM_006005.3:c.2000A>G,NP_005996.2:p.Gln667Arg,0.364,7.855,['Likely%20benign'],84.56,0.42,0.0,-0.1,0.1
WFS1,4,6301796,NM_006005.3:c.2001G>C,NP_005996.2:p.Gln667His,0.315,13.46,['Unknown%20significance'],84.56,0.42,0.0,-0.1,0.1
WFS1,4,6301797,NM_006005.3:c.2002C>A,NP_005996.2:p.Gln668Lys,0.703,18.39,['Unknown%20significance'],98.93,0.5,0.0,0.3,0.3
WFS1,4,6301799,NM_006005.3:c.2004G>C,NP_005996.2:p.Gln668His,0.757,23.1,['Unknown%20significance'],98.93,0.5,0.0,-0.0,0.0
WFS1,4,6301800,NM_006005.3:c.2005T>C,NP_005996.2:p.Tyr669His,0.976,25.0,['Pathogenic'],0.64,0.0,0.0,2.8,2.8
WFS1,4,6301801,NM_006005.3:c.2006A>C,NP_005996.2:p.Tyr669Ser,0.984,24.9,['Pathogenic'],0.64,0.0,0.0,4.9,4.9
WFS1,4,6301801,NM_006005.3:c.2006A>G,NP_005996.2:p.Tyr669Cys,0.965,25.1,['Likely%20pathogenic'],0.64,0.0,0.0,3.8,3.8
WFS1,4,6301804,NM_006005.3:c.2009G>A,NP_005996.2:p.Gly670Asp,0.563,11.69,['Unknown%20significance'],4.0,0.04,0.0,-0.2,0.2
WFS1,4,6301804,NM_006005.3:c.2009G>T,NP_005996.2:p.Gly670Val,0.596,15.20,['Unknown%20significance'],4.0,0.04,0.0,-1.1,1.1
WFS1,4,6301806,NM_006005.3:c.2011G>A,NP_005996.2:p.Ala671Thr,0.387,0.654,['Likely%20benign'],31.29,0.24,0.0,-0.1,0.1
WFS1,4,6301806,NM_006005.3:c.2011G>T,NP_005996.2:p.Ala671Ser,0.333,0.156,['Unknown%20significance'],31.29,0.24,0.0,0.2,0.2
WFS1,4,6301807,NM_006005.3:c.2012C>A,NP_005996.2:p.Ala671Glu,0.321,0.037,['Likely%20benign'],31.29,0.24,0.0,0.3,0.3
WFS1,4,6301807,NM_006005.3:c.2012C>G,NP_005996.2:p.Ala671Gly,0.278,0.314,['Likely%20benign'],31.29,0.24,0.0,0.9,0.9
WFS1,4,6301807,NM_006005.3:c.2012C>T,NP_005996.2:p.Ala671Val,0.296,0.489,['Benign'],31.29,0.24,0.0,-0.5,0.5
WFS1,4,6301810,NM_006005.3:c.2015T>C,NP_005996.2:p.Leu672Pro,0.935,24.5,['Pathogenic'],102.14,0.52,0.0,1.1,1.1
WFS1,4,6301812,NM_006005.3:c.2017T>C,NP_005996.2:p.Cys673Arg,0.964,25.0,['Unknown%20significance'],0.0,0.0,0.0,4.6,4.6
WFS1,4,6301813,NM_006005.3:c.2018G>A,NP_005996.2:p.Cys673Tyr,0.967,24.8,['Unknown%20significance'],0.0,0.0,0.0,3.1,3.1
WFS1,4,6301813,NM_006005.3:c.2018G>C,NP_005996.2:p.Cys673Ser,0.962,24.5,['Unknown%20significance'],0.0,0.0,0.0,4.8,4.8
WFS1,4,6301814,NM_006005.3:c.2019C>G,NP_005996.2:p.Cys673Trp,0.791,14.20,['Unknown%20significance'],0.0,0.0,0.0,2.8,2.8
WFS1,4,6301815,NM_006005.3:c.2020G>A,NP_005996.2:p.Gly674Arg,0.944,25.2,['Pathogenic'],0.9,0.0,0.0,-0.3,0.3
WFS1,4,6301815,NM_006005.3:c.2020G>C,NP_005996.2:p.Gly674Arg,0.950,25.1,['Unknown%20significance'],0.9,0.0,0.0,-0.3,0.3
WFS1,4,6301815,NM_006005.3:c.2020G>T,NP_005996.2:p.Gly674Trp,0.948,25.9,['Pathogenic'],0.9,0.0,0.0,-1.3,1.3
WFS1,4,6301816,NM_006005.3:c.2021G>A,NP_005996.2:p.Gly674Glu,0.948,24.7,['Pathogenic'],0.9,0.0,0.0,0.4,0.4
WFS1,4,6301816,NM_006005.3:c.2021G>T,NP_005996.2:p.Gly674Val,0.963,24.6,['Pathogenic'],0.9,0.0,0.0,-0.8,0.8
WFS1,4,6301818,NM_006005.3:c.2023C>T,NP_005996.2:p.Pro675Ser,0.868,23.2,['Unknown%20significance'],5.25,0.03,0.0,0.8,0.8
WFS1,4,6301819,NM_006005.3:c.2024C>A,NP_005996.2:p.Pro675Gln,0.810,23.9,['Unknown%20significance'],5.25,0.03,0.0,0.4,0.4
WFS1,4,6301819,NM_006005.3:c.2024C>T,NP_005996.2:p.Pro675Leu,0.906,24.3,['Unknown%20significance'],5.25,0.03,0.0,-0.0,0.0
WFS1,4,6301821,NM_006005.3:c.2026C>A,NP_005996.2:p.Arg676Ser,0.597,21.1,['Unknown%20significance'],152.62,0.56,0.0,0.4,0.4
WFS1,4,6301821,NM_006005.3:c.2026C>G,NP_005996.2:p.Arg676Gly,0.608,21.8,['Unknown%20significance'],152.62,0.56,0.0,0.9,0.9
WFS1,4,6301821,NM_006005.3:c.2026C>T,NP_005996.2:p.Arg676Cys,0.680,23.8,['Unknown%20significance'],152.62,0.56,0.0,0.5,0.5
WFS1,4,6301822,NM_006005.3:c.2027G>A,NP_005996.2:p.Arg676His,0.525,22.7,['Pathogenic'],152.62,0.56,0.0,0.1,0.1
WFS1,4,6301822,NM_006005.3:c.2027G>C,NP_005996.2:p.Arg676Pro,0.509,18.21,['Unknown%20significance'],152.62,0.56,0.0,0.1,0.1
WFS1,4,6301824,NM_006005.3:c.2029G>A,NP_005996.2:p.Ala677Thr,0.730,22.8,['Pathogenic'],11.73,0.09,0.0,0.7,0.7
WFS1,4,6301824,NM_006005.3:c.2029G>T,NP_005996.2:p.Ala677Ser,0.607,19.49,['Unknown%20significance'],11.73,0.09,0.0,0.8,0.8
WFS1,4,6301825,NM_006005.3:c.2030C>G,NP_005996.2:p.Ala677Gly,0.796,24.2,['Unknown%20significance'],11.73,0.09,0.0,1.5,1.5
WFS1,4,6301825,NM_006005.3:c.2030C>T,NP_005996.2:p.Ala677Val,0.815,24.4,['Unknown%20significance'],11.73,0.09,0.0,0.0,0.0
WFS1,4,6301827,NM_006005.3:c.2032T>A,NP_005996.2:p.Trp678Arg,0.975,27.5,['Unknown%20significance'],38.36,0.14,0.0,3.4,3.4
WFS1,4,6301827,NM_006005.3:c.2032T>C,NP_005996.2:p.Trp678Arg,0.975,27.9,['Pathogenic'],38.36,0.14,0.0,3.4,3.4
WFS1,4,6301827,NM_006005.3:c.2032T>G,NP_005996.2:p.Trp678Gly,0.911,24.9,['Unknown%20significance'],38.36,0.14,0.0,4.8,4.8
WFS1,4,6301828,NM_006005.3:c.2033G>T,NP_005996.2:p.Trp678Leu,0.971,28.4,['Pathogenic'],38.36,0.14,0.0,3.1,3.1
WFS1,4,6301829,NM_006005.3:c.2034G>C,NP_005996.2:p.Trp678Cys,0.971,29.8,['Unknown%20significance'],38.36,0.14,0.0,3.4,3.4
WFS1,4,6301829,NM_006005.3:c.2034G>T,NP_005996.2:p.Trp678Cys,0.971,29.7,['Unknown%20significance'],38.36,0.14,0.0,3.4,3.4
WFS1,4,6301830,NM_006005.3:c.2035A>C,NP_005996.2:p.Lys679Gln,0.782,24.7,['Unknown%20significance'],192.95,0.81,0.0,-0.1,0.1
WFS1,4,6301833,NM_006005.3:c.2038G>A,NP_005996.2:p.Glu680Lys,0.734,23.8,['Unknown%20significance'],119.23,0.61,0.0,0.2,0.2
WFS1,4,6301833,NM_006005.3:c.2038G>C,NP_005996.2:p.Glu680Gln,0.716,24.6,['Unknown%20significance'],119.23,0.61,0.0,-0.1,0.1
WFS1,4,6301834,NM_006005.3:c.2039A>C,NP_005996.2:p.Glu680Ala,0.681,23.0,['Unknown%20significance'],119.23,0.61,0.0,0.2,0.2
WFS1,4,6301836,NM_006005.3:c.2041A>G,NP_005996.2:p.Thr681Ala,0.503,21.1,['Unknown%20significance'],68.74,0.43,0.0,0.4,0.4
WFS1,4,6301837,NM_006005.3:c.2042C>G,NP_005996.2:p.Thr681Ser,0.442,17.91,['Unknown%20significance'],68.74,0.43,0.0,0.2,0.2
WFS1,4,6301837,NM_006005.3:c.2042C>T,NP_005996.2:p.Thr681Ile,0.559,22.7,['Unknown%20significance'],68.74,0.43,0.0,0.2,0.2
WFS1,4,6301839,NM_006005.3:c.2044A>G,NP_005996.2:p.Asn682Asp,0.678,25.6,['Pathogenic'],73.78,0.46,0.0,0.4,0.4
WFS1,4,6301840,NM_006005.3:c.2045A>G,NP_005996.2:p.Asn682Ser,0.564,24.5,['Pathogenic'],73.78,0.46,0.0,0.2,0.2
WFS1,4,6301842,NM_006005.3:c.2047A>G,NP_005996.2:p.Met683Val,0.775,21.7,['Unknown%20significance'],54.58,0.25,0.0,0.5,0.5
WFS1,4,6301843,NM_006005.3:c.2048T>G,NP_005996.2:p.Met683Arg,0.901,26.5,['Pathogenic'],54.58,0.25,0.0,1.0,1.0
WFS1,4,6301844,NM_006005.3:c.2049G>A,NP_005996.2:p.Met683Ile,0.767,22.7,['Unknown%20significance'],54.58,0.25,0.0,0.3,0.3
WFS1,4,6301845,NM_006005.3:c.2050G>A,NP_005996.2:p.Ala684Thr,0.964,27.4,['Pathogenic'],67.26,0.52,0.0,0.4,0.4
WFS1,4,6301846,NM_006005.3:c.2051C>G,NP_005996.2:p.Ala684Gly,0.877,25.6,['Unknown%20significance'],67.26,0.52,0.0,1.0,1.0
WFS1,4,6301846,NM_006005.3:c.2051C>T,NP_005996.2:p.Ala684Val,0.891,25.7,['Pathogenic'],67.26,0.52,0.0,-0.1,0.1
WFS1,4,6301848,NM_006005.3:c.2053C>A,NP_005996.2:p.Arg685Ser,0.795,23.5,['Unknown%20significance'],164.38,0.61,0.0,0.3,0.3
WFS1,4,6301848,NM_006005.3:c.2053C>T,NP_005996.2:p.Arg685Cys,0.797,27.7,['Unknown%20significance'],164.38,0.61,0.0,0.3,0.3
WFS1,4,6301849,NM_006005.3:c.2054G>A,NP_005996.2:p.Arg685His,0.688,22.8,['Unknown%20significance'],164.38,0.61,0.0,0.0,0.0
WFS1,4,6301849,NM_006005.3:c.2054G>C,NP_005996.2:p.Arg685Pro,0.914,27.6,['Pathogenic'],164.38,0.61,0.0,0.3,0.3
WFS1,4,6301849,NM_006005.3:c.2054G>T,NP_005996.2:p.Arg685Leu,0.810,26.3,['Unknown%20significance'],164.38,0.61,0.0,-0.1,0.1
WFS1,4,6301851,NM_006005.3:c.2056A>C,NP_005996.2:p.Thr686Pro,0.906,25.2,['Unknown%20significance'],1.37,0.0,0.0,1.6,1.6
WFS1,4,6301851,NM_006005.3:c.2056A>G,NP_005996.2:p.Thr686Ala,0.710,23.0,['Unknown%20significance'],1.37,0.0,0.0,0.5,0.5
WFS1,4,6301852,NM_006005.3:c.2057C>A,NP_005996.2:p.Thr686Asn,0.816,24.6,['Unknown%20significance'],1.37,0.0,0.0,1.2,1.2
WFS1,4,6301852,NM_006005.3:c.2057C>T,NP_005996.2:p.Thr686Ile,0.745,25.0,['Unknown%20significance'],1.37,0.0,0.0,-0.8,0.8
WFS1,4,6301854,NM_006005.3:c.2059C>G,NP_005996.2:p.Gln687Glu,0.956,24.6,['Unknown%20significance'],61.03,0.3,0.0,0.5,0.5
WFS1,4,6301855,NM_006005.3:c.2060A>C,NP_005996.2:p.Gln687Pro,0.988,26.7,['Unknown%20significance'],61.03,0.3,0.0,1.1,1.1
WFS1,4,6301855,NM_006005.3:c.2060A>G,NP_005996.2:p.Gln687Arg,0.978,26.2,['Unknown%20significance'],61.03,0.3,0.0,0.3,0.3
WFS1,4,6301856,NM_006005.3:c.2061G>C,NP_005996.2:p.Gln687His,0.967,25.7,['Pathogenic'],61.03,0.3,0.0,0.3,0.3
WFS1,4,6301856,NM_006005.3:c.2061G>T,NP_005996.2:p.Gln687His,0.966,25.7,['Unknown%20significance'],61.03,0.3,0.0,0.3,0.3
WFS1,4,6301857,NM_006005.3:c.2062A>G,NP_005996.2:p.Ile688Val,0.646,22.2,['Unknown%20significance'],144.0,0.73,0.0,0.3,0.3
WFS1,4,6301858,NM_006005.3:c.2063T>C,NP_005996.2:p.Ile688Thr,0.839,26.2,['Unknown%20significance'],144.0,0.73,0.0,0.8,0.8
WFS1,4,6301859,NM_006005.3:c.2064C>G,NP_005996.2:p.Ile688Met,0.613,23.1,['Unknown%20significance'],144.0,0.73,0.0,0.4,0.4
WFS1,4,6301860,NM_006005.3:c.2065C>G,NP_005996.2:p.Leu689Val,0.499,17.68,['Unknown%20significance'],118.86,0.61,0.0,0.2,0.2
WFS1,4,6301860,NM_006005.3:c.2065C>T,NP_005996.2:p.Leu689Phe,0.514,18.53,['Unknown%20significance'],118.86,0.61,0.0,0.0,0.0
WFS1,4,6301861,NM_006005.3:c.2066T>C,NP_005996.2:p.Leu689Pro,0.807,27.7,['Unknown%20significance'],118.86,0.61,0.0,0.6,0.6
WFS1,4,6301861,NM_006005.3:c.2066T>G,NP_005996.2:p.Leu689Arg,0.690,26.3,['Unknown%20significance'],118.86,0.61,0.0,0.3,0.3
WFS1,4,6301863,NM_006005.3:c.2068T>C,NP_005996.2:p.Cys690Arg,0.962,28.4,['Likely%20pathogenic'],1.61,0.01,0.0,4.5,4.5
WFS1,4,6301863,NM_006005.3:c.2068T>G,NP_005996.2:p.Cys690Gly,0.967,27.8,['Pathogenic'],1.61,0.01,0.0,5.6,5.6
WFS1,4,6301864,NM_006005.3:c.2069G>A,NP_005996.2:p.Cys690Tyr,0.977,27.6,['Pathogenic'],1.61,0.01,0.0,3.0,3.0
WFS1,4,6301865,NM_006005.3:c.2070C>G,NP_005996.2:p.Cys690Trp,0.883,26.2,['Pathogenic'],1.61,0.01,0.0,2.7,2.7
WFS1,4,6301866,NM_006005.3:c.2071A>G,NP_005996.2:p.Ser691Gly,0.853,24.1,['Unknown%20significance'],59.53,0.43,0.0,0.8,0.8
WFS1,4,6301867,NM_006005.3:c.2072G>C,NP_005996.2:p.Ser691Thr,0.808,25.3,['Unknown%20significance'],59.53,0.43,0.0,0.0,0.0
WFS1,4,6301867,NM_006005.3:c.2072G>T,NP_005996.2:p.Ser691Ile,0.908,26.5,['Unknown%20significance'],59.53,0.43,0.0,-0.4,0.4
WFS1,4,6301869,NM_006005.3:c.2074C>T,NP_005996.2:p.His692Tyr,0.886,23.5,['Unknown%20significance'],158.73,0.77,0.0,-0.1,0.1
WFS1,4,6301870,NM_006005.3:c.2075A>G,NP_005996.2:p.His692Arg,0.944,25.8,['Unknown%20significance'],158.73,0.77,0.0,0.3,0.3
WFS1,4,6301871,NM_006005.3:c.2076C>G,NP_005996.2:p.His692Gln,0.743,23.0,['Unknown%20significance'],158.73,0.77,0.0,0.3,0.3
WFS1,4,6301873,NM_006005.3:c.2078T>C,NP_005996.2:p.Leu693Pro,0.970,28.4,['Unknown%20significance'],27.09,0.14,0.0,3.4,3.4
WFS1,4,6301875,NM_006005.3:c.2080G>C,NP_005996.2:p.Glu694Gln,0.646,22.3,['Unknown%20significance'],88.25,0.45,0.0,-0.3,0.3
WFS1,4,6301877,NM_006005.3:c.2082G>C,NP_005996.2:p.Glu694Asp,0.548,22.6,['Unknown%20significance'],88.25,0.45,0.0,0.1,0.1
WFS1,4,6301878,NM_006005.3:c.2083G>A,NP_005996.2:p.Gly695Ser,0.980,28.1,['Unknown%20significance'],2.75,0.02,0.0,1.1,1.1
WFS1,4,6301879,NM_006005.3:c.2084G>A,NP_005996.2:p.Gly695Asp,0.963,27.0,['Likely%20pathogenic'],2.75,0.02,0.0,1.6,1.6
WFS1,4,6301879,NM_006005.3:c.2084G>T,NP_005996.2:p.Gly695Val,0.974,26.9,['Pathogenic'],2.75,0.02,0.0,0.3,0.3
WFS1,4,6301881,NM_006005.3:c.2086C>T,NP_005996.2:p.His696Tyr,0.887,25.2,['Pathogenic'],53.89,0.26,0.0,-0.9,0.9
WFS1,4,6301883,NM_006005.3:c.2088C>G,NP_005996.2:p.His696Gln,0.734,21.2,['Unknown%20significance'],53.89,0.26,0.0,0.5,0.5
WFS1,4,6301884,NM_006005.3:c.2089A>G,NP_005996.2:p.Arg697Gly,0.699,23.6,['Unknown%20significance'],72.99,0.27,0.0,1.7,1.7
WFS1,4,6301885,NM_006005.3:c.2090G>A,NP_005996.2:p.Arg697Lys,0.758,24.6,['Unknown%20significance'],72.99,0.27,0.0,0.9,0.9
WFS1,4,6301886,NM_006005.3:c.2091G>C,NP_005996.2:p.Arg697Ser,0.707,23.4,['Unknown%20significance'],72.99,0.27,0.0,0.9,0.9
WFS1,4,6301887,NM_006005.3:c.2092G>T,NP_005996.2:p.Val698Phe,0.974,27.2,['Unknown%20significance'],2.32,0.01,0.0,1.5,1.5
WFS1,4,6301890,NM_006005.3:c.2095A>C,NP_005996.2:p.Thr699Pro,0.971,26.6,['Unknown%20significance'],66.21,0.42,0.0,0.6,0.6
WFS1,4,6301891,NM_006005.3:c.2096C>T,NP_005996.2:p.Thr699Met,0.928,25.7,['Pathogenic'],66.21,0.42,0.0,-0.1,0.1
WFS1,4,6301893,NM_006005.3:c.2098T>A,NP_005996.2:p.Trp700Arg,0.932,28.8,['Unknown%20significance'],16.82,0.06,0.0,4.8,4.8
WFS1,4,6301894,NM_006005.3:c.2099G>T,NP_005996.2:p.Trp700Leu,0.951,29.5,['Unknown%20significance'],16.82,0.06,0.0,3.4,3.4
WFS1,4,6301895,NM_006005.3:c.2100G>C,NP_005996.2:p.Trp700Cys,0.935,29.9,['Likely%20pathogenic'],16.82,0.06,0.0,4.8,4.8
WFS1,4,6301895,NM_006005.3:c.2100G>T,NP_005996.2:p.Trp700Cys,0.935,29.9,['Pathogenic'],16.82,0.06,0.0,4.8,4.8
WFS1,4,6301896,NM_006005.3:c.2101A>C,NP_005996.2:p.Thr701Pro,0.819,25.1,['Unknown%20significance'],58.53,0.37,0.0,0.5,0.5
WFS1,4,6301896,NM_006005.3:c.2101A>G,NP_005996.2:p.Thr701Ala,0.580,21.6,['Unknown%20significance'],58.53,0.37,0.0,0.3,0.3
WFS1,4,6301896,NM_006005.3:c.2101A>T,NP_005996.2:p.Thr701Ser,0.538,20.3,['Unknown%20significance'],58.53,0.37,0.0,0.3,0.3
WFS1,4,6301897,NM_006005.3:c.2102C>G,NP_005996.2:p.Thr701Ser,0.535,18.59,['Unknown%20significance'],58.53,0.37,0.0,0.3,0.3
WFS1,4,6301897,NM_006005.3:c.2102C>T,NP_005996.2:p.Thr701Ile,0.772,24.0,['Unknown%20significance'],58.53,0.37,0.0,-0.2,0.2
WFS1,4,6301899,NM_006005.3:c.2104G>A,NP_005996.2:p.Gly702Ser,0.978,27.7,['Pathogenic'],0.0,0.0,0.0,1.4,1.4
WFS1,4,6301899,NM_006005.3:c.2104G>T,NP_005996.2:p.Gly702Cys,0.978,29.1,['Unknown%20significance'],0.0,0.0,0.0,1.1,1.1
WFS1,4,6301900,NM_006005.3:c.2105G>A,NP_005996.2:p.Gly702Asp,0.975,26.6,['Pathogenic'],0.0,0.0,0.0,2.1,2.1
WFS1,4,6301902,NM_006005.3:c.2107C>T,NP_005996.2:p.Arg703Cys,0.792,27.1,['Unknown%20significance'],66.78,0.24,0.0,0.7,0.7
WFS1,4,6301903,NM_006005.3:c.2108G>A,NP_005996.2:p.Arg703His,0.729,27.6,['Pathogenic'],66.78,0.24,0.0,0.3,0.3
WFS1,4,6301903,NM_006005.3:c.2108G>T,NP_005996.2:p.Arg703Leu,0.797,26.7,['Unknown%20significance'],66.78,0.24,0.0,-0.1,0.1
WFS1,4,6301908,NM_006005.3:c.2113A>G,NP_005996.2:p.Lys705Glu,0.769,23.8,['Likely%20pathogenic'],41.52,0.17,0.0,0.0,0.0
WFS1,4,6301909,NM_006005.3:c.2114A>G,NP_005996.2:p.Lys705Arg,0.548,22.0,['Unknown%20significance'],41.52,0.17,0.0,-0.8,0.8
WFS1,4,6301910,NM_006005.3:c.2115G>C,NP_005996.2:p.Lys705Asn,0.721,24.1,['Pathogenic'],41.52,0.17,0.0,0.1,0.1
WFS1,4,6301914,NM_006005.3:c.2119G>A,NP_005996.2:p.Val707Ile,0.579,23.0,['Unknown%20significance'],27.49,0.15,0.0,0.3,0.3
WFS1,4,6301914,NM_006005.3:c.2119G>C,NP_005996.2:p.Val707Leu,0.870,24.7,['Unknown%20significance'],27.49,0.15,0.0,0.9,0.9
WFS1,4,6301914,NM_006005.3:c.2119G>T,NP_005996.2:p.Val707Phe,0.908,25.1,['Pathogenic'],27.49,0.15,0.0,1.1,1.1
WFS1,4,6301915,NM_006005.3:c.2120T>C,NP_005996.2:p.Val707Ala,0.931,25.7,['Unknown%20significance'],27.49,0.15,0.0,2.3,2.3
WFS1,4,6301917,NM_006005.3:c.2122C>T,NP_005996.2:p.Arg708Cys,0.897,25.7,['Pathogenic'],142.5,0.52,0.0,0.7,0.7
WFS1,4,6301918,NM_006005.3:c.2123G>A,NP_005996.2:p.Arg708His,0.882,26.2,['Unknown%20significance'],142.5,0.52,0.0,0.3,0.3
WFS1,4,6301918,NM_006005.3:c.2123G>T,NP_005996.2:p.Arg708Leu,0.939,25.9,['Likely%20pathogenic'],142.5,0.52,0.0,0.1,0.1
WFS1,4,6301920,NM_006005.3:c.2125G>A,NP_005996.2:p.Val709Met,0.824,24.9,['Pathogenic'],60.56,0.35,0.0,0.8,0.8
WFS1,4,6301921,NM_006005.3:c.2126T>G,NP_005996.2:p.Val709Gly,0.933,25.6,['Pathogenic'],60.56,0.35,0.0,2.5,2.5
WFS1,4,6301924,NM_006005.3:c.2129C>G,NP_005996.2:p.Thr710Ser,0.639,18.99,['Unknown%20significance'],71.38,0.45,0.0,0.4,0.4
WFS1,4,6301924,NM_006005.3:c.2129C>T,NP_005996.2:p.Thr710Ile,0.810,24.3,['Unknown%20significance'],71.38,0.45,0.0,-0.2,0.2
WFS1,4,6301926,NM_006005.3:c.2131G>A,NP_005996.2:p.Asp711Asn,0.408,23.8,['Likely%20benign'],82.8,0.51,0.0,-0.2,0.2
WFS1,4,6301926,NM_006005.3:c.2131G>C,NP_005996.2:p.Asp711His,0.601,25.5,['Unknown%20significance'],82.8,0.51,0.0,-0.4,0.4
WFS1,4,6301929,NM_006005.3:c.2134A>C,NP_005996.2:p.Ile712Leu,0.586,24.7,['Unknown%20significance'],78.93,0.4,0.0,0.7,0.7
WFS1,4,6301929,NM_006005.3:c.2134A>G,NP_005996.2:p.Ile712Val,0.559,19.89,['Unknown%20significance'],78.93,0.4,0.0,0.4,0.4
WFS1,4,6301930,NM_006005.3:c.2135T>C,NP_005996.2:p.Ile712Thr,0.694,19.61,['Unknown%20significance'],78.93,0.4,0.0,1.0,1.0
WFS1,4,6301930,NM_006005.3:c.2135T>G,NP_005996.2:p.Ile712Ser,0.828,24.7,['Unknown%20significance'],78.93,0.4,0.0,1.8,1.8
WFS1,4,6301931,NM_006005.3:c.2136C>G,NP_005996.2:p.Ile712Met,0.572,20.9,['Unknown%20significance'],78.93,0.4,0.0,0.7,0.7
WFS1,4,6301932,NM_006005.3:c.2137G>A,NP_005996.2:p.Asp713Asn,0.649,26.8,['Unknown%20significance'],55.0,0.34,0.0,-0.0,0.0
WFS1,4,6301932,NM_006005.3:c.2137G>C,NP_005996.2:p.Asp713His,0.761,26.3,['Unknown%20significance'],55.0,0.34,0.0,-0.1,0.1
WFS1,4,6301932,NM_006005.3:c.2137G>T,NP_005996.2:p.Asp713Tyr,0.861,26.5,['Unknown%20significance'],55.0,0.34,0.0,-0.5,0.5
WFS1,4,6301933,NM_006005.3:c.2138A>G,NP_005996.2:p.Asp713Gly,0.782,26.4,['Unknown%20significance'],55.0,0.34,0.0,0.9,0.9
WFS1,4,6301933,NM_006005.3:c.2138A>T,NP_005996.2:p.Asp713Val,0.865,26.0,['Unknown%20significance'],55.0,0.34,0.0,0.2,0.2
WFS1,4,6301935,NM_006005.3:c.2140A>G,NP_005996.2:p.Asn714Asp,0.927,25.8,['Unknown%20significance'],11.85,0.07,0.0,0.9,0.9
WFS1,4,6301936,NM_006005.3:c.2141A>C,NP_005996.2:p.Asn714Thr,0.933,25.4,['Pathogenic'],11.85,0.07,0.0,0.5,0.5
WFS1,4,6301936,NM_006005.3:c.2141A>T,NP_005996.2:p.Asn714Ile,0.942,26.1,['Pathogenic'],11.85,0.07,0.0,0.4,0.4
WFS1,4,6301937,NM_006005.3:c.2142C>A,NP_005996.2:p.Asn714Lys,0.819,24.1,['Unknown%20significance'],11.85,0.07,0.0,1.1,1.1
WFS1,4,6301937,NM_006005.3:c.2142C>G,NP_005996.2:p.Asn714Lys,0.819,24.1,['Unknown%20significance'],11.85,0.07,0.0,1.1,1.1
WFS1,4,6301938,NM_006005.3:c.2143A>G,NP_005996.2:p.Ser715Gly,0.458,18.79,['Unknown%20significance'],53.59,0.38,0.0,0.3,0.3
WFS1,4,6301939,NM_006005.3:c.2144G>A,NP_005996.2:p.Ser715Asn,0.526,23.4,['Unknown%20significance'],53.59,0.38,0.0,0.0,0.0
WFS1,4,6301939,NM_006005.3:c.2144G>T,NP_005996.2:p.Ser715Ile,0.778,23.6,['Unknown%20significance'],53.59,0.38,0.0,-0.0,0.0
WFS1,4,6301940,NM_006005.3:c.2145C>G,NP_005996.2:p.Ser715Arg,0.645,18.12,['Unknown%20significance'],53.59,0.38,0.0,-0.2,0.2
WFS1,4,6301941,NM_006005.3:c.2146G>A,NP_005996.2:p.Ala716Thr,0.801,24.7,['Likely%20pathogenic'],37.98,0.29,0.0,-0.1,0.1
WFS1,4,6301941,NM_006005.3:c.2146G>C,NP_005996.2:p.Ala716Pro,0.709,21.9,['Unknown%20significance'],37.98,0.29,0.0,0.3,0.3
WFS1,4,6301942,NM_006005.3:c.2147C>G,NP_005996.2:p.Ala716Gly,0.792,24.3,['Unknown%20significance'],37.98,0.29,0.0,0.7,0.7
WFS1,4,6301942,NM_006005.3:c.2147C>T,NP_005996.2:p.Ala716Val,0.743,21.7,['Unknown%20significance'],37.98,0.29,0.0,-0.5,0.5
WFS1,4,6301944,NM_006005.3:c.2149G>A,NP_005996.2:p.Glu717Lys,0.817,25.5,['Likely%20pathogenic'],21.56,0.11,0.0,0.4,0.4
WFS1,4,6301945,NM_006005.3:c.2150A>G,NP_005996.2:p.Glu717Gly,0.837,26.5,['Unknown%20significance'],21.56,0.11,0.0,1.2,1.2
WFS1,4,6301947,NM_006005.3:c.2152T>G,NP_005996.2:p.Ser718Ala,0.397,13.05,['Likely%20benign'],56.63,0.41,0.0,-0.2,0.2
WFS1,4,6301948,NM_006005.3:c.2153C>T,NP_005996.2:p.Ser718Phe,0.818,25.2,['Unknown%20significance'],56.63,0.41,0.0,-0.6,0.6
WFS1,4,6301950,NM_006005.3:c.2155G>A,NP_005996.2:p.Ala719Thr,0.618,23.3,['Unknown%20significance'],53.48,0.42,0.0,-0.1,0.1
WFS1,4,6301951,NM_006005.3:c.2156C>T,NP_005996.2:p.Ala719Val,0.558,18.18,['Unknown%20significance'],53.48,0.42,0.0,-1.0,1.0
WFS1,4,6301953,NM_006005.3:c.2158A>C,NP_005996.2:p.Ile720Leu,0.570,18.46,['Unknown%20significance'],1.57,0.0,0.0,0.4,0.4
WFS1,4,6301953,NM_006005.3:c.2158A>G,NP_005996.2:p.Ile720Val,0.433,16.39,['Benign'],1.57,0.0,0.0,0.8,0.8
WFS1,4,6301954,NM_006005.3:c.2159T>A,NP_005996.2:p.Ile720Asn,0.947,27.0,['Unknown%20significance'],1.57,0.0,0.0,4.1,4.1
WFS1,4,6301954,NM_006005.3:c.2159T>C,NP_005996.2:p.Ile720Thr,0.888,23.9,['Unknown%20significance'],1.57,0.0,0.0,2.9,2.9
WFS1,4,6301955,NM_006005.3:c.2160C>G,NP_005996.2:p.Ile720Met,0.749,23.6,['Unknown%20significance'],1.57,0.0,0.0,1.2,1.2
WFS1,4,6301956,NM_006005.3:c.2161A>T,NP_005996.2:p.Asn721Tyr,0.910,24.3,['Pathogenic'],82.17,0.51,0.0,-0.6,0.6
WFS1,4,6301957,NM_006005.3:c.2162A>C,NP_005996.2:p.Asn721Thr,0.834,24.4,['Unknown%20significance'],82.17,0.51,0.0,-0.1,0.1
WFS1,4,6301957,NM_006005.3:c.2162A>G,NP_005996.2:p.Asn721Ser,0.598,22.7,['Unknown%20significance'],82.17,0.51,0.0,0.1,0.1
WFS1,4,6301957,NM_006005.3:c.2162A>T,NP_005996.2:p.Asn721Ile,0.913,25.2,['Unknown%20significance'],82.17,0.51,0.0,-0.6,0.6
WFS1,4,6301958,NM_006005.3:c.2163C>G,NP_005996.2:p.Asn721Lys,0.784,22.7,['Unknown%20significance'],82.17,0.51,0.0,0.3,0.3
WFS1,4,6301959,NM_006005.3:c.2164A>C,NP_005996.2:p.Met722Leu,0.499,17.71,['Unknown%20significance'],175.2,0.8,0.0,-0.0,0.0
WFS1,4,6301959,NM_006005.3:c.2164A>G,NP_005996.2:p.Met722Val,0.642,17.65,['Unknown%20significance'],175.2,0.8,0.0,0.1,0.1
WFS1,4,6301959,NM_006005.3:c.2164A>T,NP_005996.2:p.Met722Leu,0.499,17.63,['Unknown%20significance'],175.2,0.8,0.0,-0.0,0.0
WFS1,4,6301960,NM_006005.3:c.2165T>C,NP_005996.2:p.Met722Thr,0.874,25.2,['Unknown%20significance'],175.2,0.8,0.0,0.4,0.4
WFS1,4,6301961,NM_006005.3:c.2166G>A,NP_005996.2:p.Met722Ile,0.612,22.2,['Unknown%20significance'],175.2,0.8,0.0,0.0,0.0
WFS1,4,6301961,NM_006005.3:c.2166G>C,NP_005996.2:p.Met722Ile,0.612,22.0,['Unknown%20significance'],175.2,0.8,0.0,0.0,0.0
WFS1,4,6301962,NM_006005.3:c.2167C>A,NP_005996.2:p.Leu723Ile,0.779,24.1,['Unknown%20significance'],70.72,0.36,0.0,0.7,0.7
WFS1,4,6301962,NM_006005.3:c.2167C>T,NP_005996.2:p.Leu723Phe,0.765,23.0,['Unknown%20significance'],70.72,0.36,0.0,0.5,0.5
WFS1,4,6301963,NM_006005.3:c.2168T>C,NP_005996.2:p.Leu723Pro,0.943,28.3,['Pathogenic'],70.72,0.36,0.0,2.3,2.3
WFS1,4,6301965,NM_006005.3:c.2170C>T,NP_005996.2:p.Pro724Ser,0.940,24.4,['Pathogenic'],80.78,0.51,0.0,1.4,1.4
WFS1,4,6301966,NM_006005.3:c.2171C>G,NP_005996.2:p.Pro724Arg,0.955,24.7,['Unknown%20significance'],80.78,0.51,0.0,1.2,1.2
WFS1,4,6301966,NM_006005.3:c.2171C>T,NP_005996.2:p.Pro724Leu,0.948,25.0,['Unknown%20significance'],80.78,0.51,0.0,0.6,0.6
WFS1,4,6301970,NM_006005.3:c.2175C>G,NP_005996.2:p.Phe725Leu,0.250,18.50,['Unknown%20significance'],111.28,0.48,0.0,0.1,0.1
WFS1,4,6301974,NM_006005.3:c.2179A>G,NP_005996.2:p.Ile727Val,0.251,0.074,['Unknown%20significance'],60.04,0.3,0.0,0.3,0.3
WFS1,4,6301974,NM_006005.3:c.2179A>T,NP_005996.2:p.Ile727Phe,0.515,11.03,['Likely%20benign'],60.04,0.3,0.0,0.5,0.5
WFS1,4,6301975,NM_006005.3:c.2180T>G,NP_005996.2:p.Ile727Ser,0.522,23.6,['Unknown%20significance'],60.04,0.3,0.0,2.1,2.1
WFS1,4,6301977,NM_006005.3:c.2182G>A,NP_005996.2:p.Gly728Ser,0.652,23.1,['Unknown%20significance'],0.02,0.0,0.0,-0.0,0.0
WFS1,4,6301977,NM_006005.3:c.2182G>T,NP_005996.2:p.Gly728Cys,0.892,25.5,['Unknown%20significance'],0.02,0.0,0.0,-0.3,0.3
WFS1,4,6301978,NM_006005.3:c.2183G>A,NP_005996.2:p.Gly728Asp,0.933,25.8,['Unknown%20significance'],0.02,0.0,0.0,0.8,0.8
WFS1,4,6301978,NM_006005.3:c.2183G>T,NP_005996.2:p.Gly728Val,0.897,25.6,['Unknown%20significance'],0.02,0.0,0.0,-1.3,1.3
WFS1,4,6301980,NM_006005.3:c.2185G>A,NP_005996.2:p.Asp729Asn,0.352,22.1,['Pathogenic'],7.59,0.04,0.0,-0.2,0.2
WFS1,4,6301980,NM_006005.3:c.2185G>T,NP_005996.2:p.Asp729Tyr,0.878,26.0,['Unknown%20significance'],7.59,0.04,0.0,-1.6,1.6
WFS1,4,6301981,NM_006005.3:c.2186A>C,NP_005996.2:p.Asp729Ala,0.882,25.9,['Unknown%20significance'],7.59,0.04,0.0,-0.3,0.3
WFS1,4,6301983,NM_006005.3:c.2188T>A,NP_005996.2:p.Trp730Arg,0.974,28.1,['Unknown%20significance'],65.24,0.24,0.0,2.0,2.0
WFS1,4,6301983,NM_006005.3:c.2188T>C,NP_005996.2:p.Trp730Arg,0.974,28.4,['Unknown%20significance'],65.24,0.24,0.0,2.0,2.0
WFS1,4,6301983,NM_006005.3:c.2188T>G,NP_005996.2:p.Trp730Gly,0.977,29.6,['Unknown%20significance'],65.24,0.24,0.0,2.9,2.9
WFS1,4,6301984,NM_006005.3:c.2189G>C,NP_005996.2:p.Trp730Ser,0.979,30,['Unknown%20significance'],65.24,0.24,0.0,2.6,2.6
WFS1,4,6301984,NM_006005.3:c.2189G>T,NP_005996.2:p.Trp730Leu,0.945,29.2,['Unknown%20significance'],65.24,0.24,0.0,1.1,1.1
WFS1,4,6301985,NM_006005.3:c.2190G>C,NP_005996.2:p.Trp730Cys,0.986,31,['Unknown%20significance'],65.24,0.24,0.0,1.9,1.9
WFS1,4,6301985,NM_006005.3:c.2190G>T,NP_005996.2:p.Trp730Cys,0.986,31,['Unknown%20significance'],65.24,0.24,0.0,1.9,1.9
WFS1,4,6301986,NM_006005.3:c.2191A>C,NP_005996.2:p.Met731Leu,0.432,7.514,['Likely%20benign'],30.8,0.14,0.0,-0.7,0.7
WFS1,4,6301986,NM_006005.3:c.2191A>G,NP_005996.2:p.Met731Val,0.435,11.62,['Unknown%20significance'],30.8,0.14,0.0,0.1,0.1
WFS1,4,6301987,NM_006005.3:c.2192T>A,NP_005996.2:p.Met731Lys,0.891,24.0,['Unknown%20significance'],30.8,0.14,0.0,2.6,2.6
WFS1,4,6301987,NM_006005.3:c.2192T>C,NP_005996.2:p.Met731Thr,0.782,23.6,['Unknown%20significance'],30.8,0.14,0.0,1.6,1.6
WFS1,4,6301987,NM_006005.3:c.2192T>G,NP_005996.2:p.Met731Arg,0.908,24.2,['Unknown%20significance'],30.8,0.14,0.0,1.6,1.6
WFS1,4,6301988,NM_006005.3:c.2193G>A,NP_005996.2:p.Met731Ile,0.397,22.9,['Unknown%20significance'],30.8,0.14,0.0,-0.4,0.4
WFS1,4,6301988,NM_006005.3:c.2193G>C,NP_005996.2:p.Met731Ile,0.397,22.8,['Unknown%20significance'],30.8,0.14,0.0,-0.4,0.4
WFS1,4,6301988,NM_006005.3:c.2193G>T,NP_005996.2:p.Met731Ile,0.397,22.8,['Unknown%20significance'],30.8,0.14,0.0,-0.4,0.4
WFS1,4,6301989,NM_006005.3:c.2194C>A,NP_005996.2:p.Arg732Ser,0.818,23.4,['Unknown%20significance'],0.48,0.0,0.0,1.4,1.4
WFS1,4,6301989,NM_006005.3:c.2194C>G,NP_005996.2:p.Arg732Gly,0.884,25.4,['Unknown%20significance'],0.48,0.0,0.0,2.4,2.4
WFS1,4,6301989,NM_006005.3:c.2194C>T,NP_005996.2:p.Arg732Cys,0.929,26.9,['Pathogenic'],0.48,0.0,0.0,-0.4,0.4
WFS1,4,6301990,NM_006005.3:c.2195G>A,NP_005996.2:p.Arg732His,0.971,29.5,['Unknown%20significance'],0.48,0.0,0.0,0.3,0.3
WFS1,4,6301990,NM_006005.3:c.2195G>C,NP_005996.2:p.Arg732Pro,0.977,29.8,['Unknown%20significance'],0.48,0.0,0.0,1.7,1.7
WFS1,4,6301990,NM_006005.3:c.2195G>T,NP_005996.2:p.Arg732Leu,0.988,28.9,['Unknown%20significance'],0.48,0.0,0.0,-0.7,0.7
WFS1,4,6301992,NM_006005.3:c.2197T>G,NP_005996.2:p.Cys733Gly,0.966,27.7,['Likely%20pathogenic'],82.12,0.53,0.0,2.5,2.5
WFS1,4,6301993,NM_006005.3:c.2198G>A,NP_005996.2:p.Cys733Tyr,0.968,27.2,['Unknown%20significance'],82.12,0.53,0.0,1.5,1.5
WFS1,4,6301993,NM_006005.3:c.2198G>T,NP_005996.2:p.Cys733Phe,0.969,27.5,['Unknown%20significance'],82.12,0.53,0.0,1.4,1.4
WFS1,4,6301994,NM_006005.3:c.2199C>G,NP_005996.2:p.Cys733Trp,0.913,24.4,['Unknown%20significance'],82.12,0.53,0.0,1.2,1.2
WFS1,4,6301995,NM_006005.3:c.2200C>A,NP_005996.2:p.Leu734Ile,0.743,23.0,['Unknown%20significance'],47.51,0.24,0.0,0.3,0.3
WFS1,4,6301995,NM_006005.3:c.2200C>T,NP_005996.2:p.Leu734Phe,0.813,24.4,['Unknown%20significance'],47.51,0.24,0.0,-0.0,0.0
WFS1,4,6301996,NM_006005.3:c.2201T>A,NP_005996.2:p.Leu734His,0.962,27.0,['Unknown%20significance'],47.51,0.24,0.0,1.4,1.4
WFS1,4,6301996,NM_006005.3:c.2201T>G,NP_005996.2:p.Leu734Arg,0.971,27.1,['Unknown%20significance'],47.51,0.24,0.0,1.5,1.5
WFS1,4,6301998,NM_006005.3:c.2203T>A,NP_005996.2:p.Tyr735Asn,0.963,26.9,['Unknown%20significance'],112.22,0.46,0.0,1.9,1.9
WFS1,4,6301998,NM_006005.3:c.2203T>C,NP_005996.2:p.Tyr735His,0.916,26.8,['Unknown%20significance'],112.22,0.46,0.0,1.1,1.1
WFS1,4,6301999,NM_006005.3:c.2204A>G,NP_005996.2:p.Tyr735Cys,0.972,27.4,['Unknown%20significance'],112.22,0.46,0.0,1.4,1.4
WFS1,4,6302001,NM_006005.3:c.2206G>A,NP_005996.2:p.Gly736Ser,0.968,27.1,['Likely%20pathogenic'],9.99,0.1,0.0,1.0,1.0
WFS1,4,6302001,NM_006005.3:c.2206G>C,NP_005996.2:p.Gly736Arg,0.987,27.6,['Pathogenic'],9.99,0.1,0.0,0.5,0.5
WFS1,4,6302002,NM_006005.3:c.2207G>A,NP_005996.2:p.Gly736Asp,0.989,26.6,['Pathogenic'],9.99,0.1,0.0,1.3,1.3
WFS1,4,6302002,NM_006005.3:c.2207G>C,NP_005996.2:p.Gly736Ala,0.982,25.9,['Unknown%20significance'],9.99,0.1,0.0,0.7,0.7
WFS1,4,6302002,NM_006005.3:c.2207G>T,NP_005996.2:p.Gly736Val,0.983,26.4,['Unknown%20significance'],9.99,0.1,0.0,0.4,0.4
WFS1,4,6302004,NM_006005.3:c.2209G>A,NP_005996.2:p.Glu737Lys,0.840,24.5,['Benign*'],95.4,0.48,0.0,0.3,0.3
WFS1,4,6302004,NM_006005.3:c.2209G>C,NP_005996.2:p.Glu737Gln,0.924,26.1,['Unknown%20significance'],95.4,0.48,0.0,-0.1,0.1
WFS1,4,6302005,NM_006005.3:c.2210A>G,NP_005996.2:p.Glu737Gly,0.952,27.0,['Unknown%20significance'],95.4,0.48,0.0,0.8,0.8
WFS1,4,6302007,NM_006005.3:c.2212G>A,NP_005996.2:p.Ala738Thr,0.338,16.95,['Unknown%20significance'],74.27,0.58,0.0,-0.2,0.2
WFS1,4,6302008,NM_006005.3:c.2213C>A,NP_005996.2:p.Ala738Asp,0.486,20.9,['Pathogenic'],74.27,0.58,0.0,-0.0,0.0
WFS1,4,6302008,NM_006005.3:c.2213C>G,NP_005996.2:p.Ala738Gly,0.503,21.3,['Unknown%20significance'],74.27,0.58,0.0,0.3,0.3
WFS1,4,6302008,NM_006005.3:c.2213C>T,NP_005996.2:p.Ala738Val,0.346,21.3,['Unknown%20significance'],74.27,0.58,0.0,-0.1,0.1
WFS1,4,6302010,NM_006005.3:c.2215T>G,NP_005996.2:p.Tyr739Asp,0.971,27.0,['Unknown%20significance'],18.52,0.07,0.0,3.4,3.4
WFS1,4,6302011,NM_006005.3:c.2216A>C,NP_005996.2:p.Tyr739Ser,0.979,26.5,['Unknown%20significance'],18.52,0.07,0.0,3.0,3.0
WFS1,4,6302013,NM_006005.3:c.2218C>A,NP_005996.2:p.Pro740Thr,0.873,24.0,['Unknown%20significance'],39.76,0.25,0.0,0.4,0.4
WFS1,4,6302013,NM_006005.3:c.2218C>T,NP_005996.2:p.Pro740Ser,0.867,24.1,['Unknown%20significance'],39.76,0.25,0.0,0.5,0.5
WFS1,4,6302014,NM_006005.3:c.2219C>A,NP_005996.2:p.Pro740His,0.879,24.4,['Unknown%20significance'],39.76,0.25,0.0,0.2,0.2
WFS1,4,6302014,NM_006005.3:c.2219C>T,NP_005996.2:p.Pro740Leu,0.868,24.7,['Unknown%20significance'],39.76,0.25,0.0,0.2,0.2
WFS1,4,6302016,NM_006005.3:c.2221G>C,NP_005996.2:p.Ala741Pro,0.345,0.132,['Likely%20benign'],75.21,0.59,0.0,0.1,0.1
WFS1,4,6302017,NM_006005.3:c.2222C>G,NP_005996.2:p.Ala741Gly,0.293,14.06,['Likely%20benign'],75.21,0.59,0.0,0.4,0.4
WFS1,4,6302017,NM_006005.3:c.2222C>T,NP_005996.2:p.Ala741Val,0.316,14.52,['Unknown%20significance'],75.21,0.59,0.0,-0.3,0.3
WFS1,4,6302019,NM_006005.3:c.2224T>C,NP_005996.2:p.Cys742Arg,0.901,24.5,['Unknown%20significance'],107.61,0.69,0.0,0.7,0.7
WFS1,4,6302019,NM_006005.3:c.2224T>G,NP_005996.2:p.Cys742Gly,0.933,24.2,['Pathogenic'],107.61,0.69,0.0,0.9,0.9
WFS1,4,6302020,NM_006005.3:c.2225G>A,NP_005996.2:p.Cys742Tyr,0.899,24.3,['Unknown%20significance'],107.61,0.69,0.0,0.5,0.5
WFS1,4,6302020,NM_006005.3:c.2225G>C,NP_005996.2:p.Cys742Ser,0.882,24.1,['Unknown%20significance'],107.61,0.69,0.0,0.7,0.7
WFS1,4,6302021,NM_006005.3:c.2226C>G,NP_005996.2:p.Cys742Trp,0.843,23.8,['Unknown%20significance'],107.61,0.69,0.0,0.5,0.5
WFS1,4,6302022,NM_006005.3:c.2227A>G,NP_005996.2:p.Ser743Gly,0.266,13.64,['Likely%20benign'],57.51,0.41,0.0,0.4,0.4
WFS1,4,6302025,NM_006005.3:c.2230C>T,NP_005996.2:p.Pro744Ser,0.309,0.611,['Likely%20benign'],163.6,1.0,0.0,0.0,0.0
WFS1,4,6302026,NM_006005.3:c.2231C>G,NP_005996.2:p.Pro744Arg,0.448,16.98,['Unknown%20significance'],163.6,1.0,0.0,-0.0,0.0
WFS1,4,6302026,NM_006005.3:c.2231C>T,NP_005996.2:p.Pro744Leu,0.371,17.13,['Unknown%20significance'],163.6,1.0,0.0,0.0,0.0
WFS1,4,6302028,NM_006005.3:c.2233G>A,NP_005996.2:p.Gly745Ser,0.281,9.587,['Likely%20benign'],51.4,0.53,0.0,-0.3,0.3
WFS1,4,6302028,NM_006005.3:c.2233G>C,NP_005996.2:p.Gly745Arg,0.283,10.56,['Likely%20benign'],51.4,0.53,0.0,-0.6,0.6
WFS1,4,6302029,NM_006005.3:c.2234G>A,NP_005996.2:p.Gly745Asp,0.470,14.46,['Likely%20benign'],51.4,0.53,0.0,-0.1,0.1
WFS1,4,6302029,NM_006005.3:c.2234G>C,NP_005996.2:p.Gly745Ala,0.301,12.47,['Likely%20benign'],51.4,0.53,0.0,-0.1,0.1
WFS1,4,6302032,NM_006005.3:c.2237A>G,NP_005996.2:p.Asn746Ser,0.254,0.045,['Unknown%20significance'],187.63,1.0,0.0,0.0,0.0
WFS1,4,6302033,NM_006005.3:c.2238C>A,NP_005996.2:p.Asn746Lys,0.187,1.683,['Likely%20benign'],187.63,1.0,0.0,0.1,0.1
WFS1,4,6302034,NM_006005.3:c.2239A>C,NP_005996.2:p.Thr747Pro,0.360,6.237,['Likely%20benign'],42.0,0.26,0.0,0.6,0.6
WFS1,4,6302034,NM_006005.3:c.2239A>G,NP_005996.2:p.Thr747Ala,0.273,0.454,['Likely%20benign'],42.0,0.26,0.0,0.3,0.3
WFS1,4,6302035,NM_006005.3:c.2240C>T,NP_005996.2:p.Thr747Ile,0.214,3.886,['Likely%20benign'],42.0,0.26,0.0,-0.1,0.1
WFS1,4,6302038,NM_006005.3:c.2243C>T,NP_005996.2:p.Ser748Phe,0.422,22.7,['Unknown%20significance'],67.76,0.49,0.0,-0.1,0.1
WFS1,4,6302040,NM_006005.3:c.2245A>C,NP_005996.2:p.Thr749Pro,0.604,14.69,['Likely%20benign'],123.92,0.78,0.0,0.2,0.2
WFS1,4,6302040,NM_006005.3:c.2245A>G,NP_005996.2:p.Thr749Ala,0.372,12.47,['Likely%20benign'],123.92,0.78,0.0,0.2,0.2
WFS1,4,6302041,NM_006005.3:c.2246C>A,NP_005996.2:p.Thr749Lys,0.478,13.55,['Likely%20benign'],123.92,0.78,0.0,0.1,0.1
WFS1,4,6302041,NM_006005.3:c.2246C>G,NP_005996.2:p.Thr749Arg,0.515,13.47,['Unknown%20significance'],123.92,0.78,0.0,-0.1,0.1
WFS1,4,6302041,NM_006005.3:c.2246C>T,NP_005996.2:p.Thr749Met,0.348,13.85,['Unknown%20significance'],123.92,0.78,0.0,-0.0,0.0
WFS1,4,6302043,NM_006005.3:c.2248G>A,NP_005996.2:p.Ala750Thr,0.517,16.21,['Unknown%20significance'],61.42,0.48,0.0,-0.2,0.2
WFS1,4,6302043,NM_006005.3:c.2248G>T,NP_005996.2:p.Ala750Ser,0.534,14.09,['Likely%20benign'],61.42,0.48,0.0,-0.0,0.0
WFS1,4,6302044,NM_006005.3:c.2249C>A,NP_005996.2:p.Ala750Asp,0.524,14.93,['Unknown%20significance'],61.42,0.48,0.0,0.2,0.2
WFS1,4,6302044,NM_006005.3:c.2249C>T,NP_005996.2:p.Ala750Val,0.502,16.10,['Unknown%20significance'],61.42,0.48,0.0,-0.2,0.2
WFS1,4,6302046,NM_006005.3:c.2251G>A,NP_005996.2:p.Glu751Lys,0.603,23.3,['Unknown%20significance'],78.48,0.4,0.0,-0.1,0.1
WFS1,4,6302046,NM_006005.3:c.2251G>C,NP_005996.2:p.Glu751Gln,0.560,23.1,['Unknown%20significance'],78.48,0.4,0.0,-0.3,0.3
WFS1,4,6302047,NM_006005.3:c.2252A>G,NP_005996.2:p.Glu751Gly,0.690,23.6,['Unknown%20significance'],78.48,0.4,0.0,0.7,0.7
WFS1,4,6302047,NM_006005.3:c.2252A>T,NP_005996.2:p.Glu751Val,0.719,23.4,['Unknown%20significance'],78.48,0.4,0.0,-0.1,0.1
WFS1,4,6302049,NM_006005.3:c.2254G>A,NP_005996.2:p.Glu752Lys,0.696,24.7,['Unknown%20significance'],75.76,0.38,0.0,-0.2,0.2
WFS1,4,6302051,NM_006005.3:c.2256G>T,NP_005996.2:p.Glu752Asp,0.526,18.10,['Unknown%20significance'],75.76,0.38,0.0,0.1,0.1
WFS1,4,6302052,NM_006005.3:c.2257G>A,NP_005996.2:p.Glu753Lys,0.625,22.7,['Unknown%20significance'],106.0,0.54,0.0,-0.1,0.1
WFS1,4,6302052,NM_006005.3:c.2257G>C,NP_005996.2:p.Glu753Gln,0.569,23.6,['Unknown%20significance'],106.0,0.54,0.0,-0.3,0.3
WFS1,4,6302053,NM_006005.3:c.2258A>C,NP_005996.2:p.Glu753Ala,0.683,22.7,['Unknown%20significance'],106.0,0.54,0.0,0.0,0.0
WFS1,4,6302054,NM_006005.3:c.2259G>C,NP_005996.2:p.Glu753Asp,0.584,22.8,['Unknown%20significance'],106.0,0.54,0.0,0.1,0.1
WFS1,4,6302055,NM_006005.3:c.2260C>T,NP_005996.2:p.Leu754Phe,0.773,24.7,['Unknown%20significance'],49.39,0.25,0.0,0.2,0.2
WFS1,4,6302058,NM_006005.3:c.2263T>A,NP_005996.2:p.Cys755Ser,0.934,26.2,['Pathogenic'],10.94,0.07,0.0,3.4,3.4
WFS1,4,6302058,NM_006005.3:c.2263T>C,NP_005996.2:p.Cys755Arg,0.885,27.7,['Likely%20pathogenic'],10.94,0.07,0.0,3.1,3.1
WFS1,4,6302061,NM_006005.3:c.2266C>A,NP_005996.2:p.Arg756Ser,0.722,24.2,['Unknown%20significance'],169.8,0.63,0.0,0.4,0.4
WFS1,4,6302061,NM_006005.3:c.2266C>T,NP_005996.2:p.Arg756Cys,0.772,26.1,['Unknown%20significance'],169.8,0.63,0.0,0.1,0.1
WFS1,4,6302062,NM_006005.3:c.2267G>A,NP_005996.2:p.Arg756His,0.604,26.7,['Unknown%20significance'],169.8,0.63,0.0,0.1,0.1
WFS1,4,6302062,NM_006005.3:c.2267G>C,NP_005996.2:p.Arg756Pro,0.804,27.2,['Unknown%20significance'],169.8,0.63,0.0,0.5,0.5
WFS1,4,6302064,NM_006005.3:c.2269C>A,NP_005996.2:p.Leu757Ile,0.594,22.4,['Pathogenic'],97.37,0.5,0.0,0.2,0.2
WFS1,4,6302064,NM_006005.3:c.2269C>G,NP_005996.2:p.Leu757Val,0.582,24.2,['Unknown%20significance'],97.37,0.5,0.0,0.4,0.4
WFS1,4,6302064,NM_006005.3:c.2269C>T,NP_005996.2:p.Leu757Phe,0.640,24.8,['Unknown%20significance'],97.37,0.5,0.0,0.1,0.1
WFS1,4,6302065,NM_006005.3:c.2270T>G,NP_005996.2:p.Leu757Arg,0.876,26.8,['Unknown%20significance'],97.37,0.5,0.0,1.1,1.1
WFS1,4,6302067,NM_006005.3:c.2272A>C,NP_005996.2:p.Lys758Gln,0.616,24.9,['Unknown%20significance'],85.14,0.35,0.0,-0.3,0.3
WFS1,4,6302067,NM_006005.3:c.2272A>G,NP_005996.2:p.Lys758Glu,0.681,25.2,['Unknown%20significance'],85.14,0.35,0.0,0.0,0.0
WFS1,4,6302068,NM_006005.3:c.2273A>G,NP_005996.2:p.Lys758Arg,0.457,21.7,['Unknown%20significance'],85.14,0.35,0.0,-0.6,0.6
WFS1,4,6302068,NM_006005.3:c.2273A>T,NP_005996.2:p.Lys758Met,0.653,25.4,['Unknown%20significance'],85.14,0.35,0.0,-0.8,0.8
WFS1,4,6302070,NM_006005.3:c.2275C>G,NP_005996.2:p.Leu759Val,0.251,16.20,['Unknown%20significance'],161.23,0.83,0.0,0.0,0.0
WFS1,4,6302071,NM_006005.3:c.2276T>A,NP_005996.2:p.Leu759Gln,0.345,9.138,['Likely%20benign'],161.23,0.83,0.0,0.1,0.1
WFS1,4,6302073,NM_006005.3:c.2278C>A,NP_005996.2:p.Leu760Met,0.478,24.0,['Unknown%20significance'],167.85,0.87,0.0,0.1,0.1
WFS1,4,6302074,NM_006005.3:c.2279T>C,NP_005996.2:p.Leu760Pro,0.904,26.6,['Unknown%20significance'],167.85,0.87,0.0,0.4,0.4
WFS1,4,6302074,NM_006005.3:c.2279T>G,NP_005996.2:p.Leu760Arg,0.831,26.3,['Unknown%20significance'],167.85,0.87,0.0,0.3,0.3
WFS1,4,6302076,NM_006005.3:c.2281G>A,NP_005996.2:p.Ala761Thr,0.502,22.3,['Unknown%20significance'],33.65,0.26,0.0,0.1,0.1
WFS1,4,6302077,NM_006005.3:c.2282C>T,NP_005996.2:p.Ala761Val,0.760,23.6,['Pathogenic'],33.65,0.26,0.0,-0.2,0.2
WFS1,4,6302079,NM_006005.3:c.2284A>G,NP_005996.2:p.Lys762Glu,0.682,23.7,['Unknown%20significance'],187.62,0.79,0.0,-0.1,0.1
WFS1,4,6302080,NM_006005.3:c.2285A>G,NP_005996.2:p.Lys762Arg,0.550,24.0,['Unknown%20significance'],187.62,0.79,0.0,-0.2,0.2
WFS1,4,6302081,NM_006005.3:c.2286G>T,NP_005996.2:p.Lys762Asn,0.676,23.2,['Unknown%20significance'],187.62,0.79,0.0,-0.1,0.1
WFS1,4,6302082,NM_006005.3:c.2287C>T,NP_005996.2:p.His763Tyr,0.637,22.5,['Unknown%20significance'],39.8,0.19,0.0,-0.2,0.2
WFS1,4,6302083,NM_006005.3:c.2288A>C,NP_005996.2:p.His763Pro,0.937,25.5,['Unknown%20significance'],39.8,0.19,0.0,1.3,1.3
WFS1,4,6302083,NM_006005.3:c.2288A>G,NP_005996.2:p.His763Arg,0.738,21.0,['Unknown%20significance'],39.8,0.19,0.0,0.5,0.5
WFS1,4,6302084,NM_006005.3:c.2289C>A,NP_005996.2:p.His763Gln,0.745,23.5,['Unknown%20significance'],39.8,0.19,0.0,0.5,0.5
WFS1,4,6302085,NM_006005.3:c.2290C>G,NP_005996.2:p.Pro764Ala,0.391,15.04,['Unknown%20significance'],80.27,0.51,0.0,0.0,0.0
WFS1,4,6302085,NM_006005.3:c.2290C>T,NP_005996.2:p.Pro764Ser,0.298,16.51,['Unknown%20significance'],80.27,0.51,0.0,-0.2,0.2
WFS1,4,6302088,NM_006005.3:c.2293T>C,NP_005996.2:p.Cys765Arg,0.978,27.5,['Unknown%20significance'],7.21,0.04,0.0,4.0,4.0
WFS1,4,6302089,NM_006005.3:c.2294G>A,NP_005996.2:p.Cys765Tyr,0.949,26.9,['Unknown%20significance'],7.21,0.04,0.0,2.8,2.8
WFS1,4,6302091,NM_006005.3:c.2296C>G,NP_005996.2:p.His766Asp,0.969,25.3,['Unknown%20significance'],9.64,0.04,0.0,2.1,2.1
WFS1,4,6302091,NM_006005.3:c.2296C>T,NP_005996.2:p.His766Tyr,0.866,24.8,['Pathogenic'],9.64,0.04,0.0,-0.2,0.2
WFS1,4,6302092,NM_006005.3:c.2297A>G,NP_005996.2:p.His766Arg,0.975,25.4,['Unknown%20significance'],9.64,0.04,0.0,1.1,1.1
WFS1,4,6302093,NM_006005.3:c.2298C>A,NP_005996.2:p.His766Gln,0.921,24.3,['Unknown%20significance'],9.64,0.04,0.0,1.2,1.2
WFS1,4,6302094,NM_006005.3:c.2299A>C,NP_005996.2:p.Ile767Leu,0.294,21.3,['Unknown%20significance'],0.0,0.0,0.0,-0.5,0.5
WFS1,4,6302094,NM_006005.3:c.2299A>G,NP_005996.2:p.Ile767Val,0.277,18.05,['Unknown%20significance'],0.0,0.0,0.0,0.3,0.3
WFS1,4,6302094,NM_006005.3:c.2299A>T,NP_005996.2:p.Ile767Phe,0.605,23.6,['Unknown%20significance'],0.0,0.0,0.0,0.1,0.1
WFS1,4,6302095,NM_006005.3:c.2300T>C,NP_005996.2:p.Ile767Thr,0.727,23.5,['Unknown%20significance'],0.0,0.0,0.0,1.9,1.9
WFS1,4,6302096,NM_006005.3:c.2301C>G,NP_005996.2:p.Ile767Met,0.360,16.61,['Unknown%20significance'],0.0,0.0,0.0,0.2,0.2
WFS1,4,6302097,NM_006005.3:c.2302A>C,NP_005996.2:p.Lys768Gln,0.684,23.4,['Unknown%20significance'],105.6,0.44,0.0,-0.4,0.4
WFS1,4,6302098,NM_006005.3:c.2303A>G,NP_005996.2:p.Lys768Arg,0.444,23.0,['Unknown%20significance'],105.6,0.44,0.0,-0.6,0.6
WFS1,4,6302101,NM_006005.3:c.2306A>G,NP_005996.2:p.Lys769Arg,0.359,9.268,['Likely%20benign'],115.72,0.48,0.0,-0.5,0.5
WFS1,4,6302102,NM_006005.3:c.2307G>C,NP_005996.2:p.Lys769Asn,0.327,19.46,['Unknown%20significance'],115.72,0.48,0.0,-0.1,0.1
WFS1,4,6302104,NM_006005.3:c.2309T>G,NP_005996.2:p.Phe770Cys,0.924,26.3,['Pathogenic'],77.77,0.33,0.0,1.7,1.7
WFS1,4,6302105,NM_006005.3:c.2310C>A,NP_005996.2:p.Phe770Leu,0.734,16.34,['Unknown%20significance'],77.77,0.33,0.0,0.9,0.9
WFS1,4,6302105,NM_006005.3:c.2310C>G,NP_005996.2:p.Phe770Leu,0.734,16.37,['Unknown%20significance'],77.77,0.33,0.0,0.9,0.9
WFS1,4,6302106,NM_006005.3:c.2311G>A,NP_005996.2:p.Asp771Asn,0.642,24.8,['Unknown%20significance'],10.38,0.06,0.0,-0.1,0.1
WFS1,4,6302106,NM_006005.3:c.2311G>C,NP_005996.2:p.Asp771His,0.968,27.3,['Pathogenic'],10.38,0.06,0.0,0.0,0.0
WFS1,4,6302106,NM_006005.3:c.2311G>T,NP_005996.2:p.Asp771Tyr,0.986,27.7,['Unknown%20significance'],10.38,0.06,0.0,-0.2,0.2
WFS1,4,6302107,NM_006005.3:c.2312A>G,NP_005996.2:p.Asp771Gly,0.949,25.2,['Unknown%20significance'],10.38,0.06,0.0,1.4,1.4
WFS1,4,6302109,NM_006005.3:c.2314C>A,NP_005996.2:p.Arg772Ser,0.613,21.4,['Unknown%20significance'],75.16,0.27,0.0,0.9,0.9
WFS1,4,6302109,NM_006005.3:c.2314C>G,NP_005996.2:p.Arg772Gly,0.777,25.1,['Unknown%20significance'],75.16,0.27,0.0,1.5,1.5
WFS1,4,6302109,NM_006005.3:c.2314C>T,NP_005996.2:p.Arg772Cys,0.757,26.8,['Unknown%20significance'],75.16,0.27,0.0,1.0,1.0
WFS1,4,6302110,NM_006005.3:c.2315G>A,NP_005996.2:p.Arg772His,0.687,23.3,['Unknown%20significance'],75.16,0.27,0.0,0.3,0.3
WFS1,4,6302110,NM_006005.3:c.2315G>C,NP_005996.2:p.Arg772Pro,0.795,28.8,['Unknown%20significance'],75.16,0.27,0.0,1.2,1.2
WFS1,4,6302110,NM_006005.3:c.2315G>T,NP_005996.2:p.Arg772Leu,0.826,27.7,['Unknown%20significance'],75.16,0.27,0.0,0.3,0.3
WFS1,4,6302113,NM_006005.3:c.2318A>G,NP_005996.2:p.Tyr773Cys,0.957,27.8,['Pathogenic'],41.21,0.17,0.0,3.3,3.3
WFS1,4,6302115,NM_006005.3:c.2320A>G,NP_005996.2:p.Lys774Glu,0.678,25.5,['Unknown%20significance'],90.34,0.38,0.0,0.1,0.1
WFS1,4,6302116,NM_006005.3:c.2321A>C,NP_005996.2:p.Lys774Thr,0.665,22.5,['Unknown%20significance'],90.34,0.38,0.0,-0.2,0.2
WFS1,4,6302116,NM_006005.3:c.2321A>G,NP_005996.2:p.Lys774Arg,0.493,21.7,['Unknown%20significance'],90.34,0.38,0.0,-0.5,0.5
WFS1,4,6302116,NM_006005.3:c.2321A>T,NP_005996.2:p.Lys774Met,0.807,26.1,['Unknown%20significance'],90.34,0.38,0.0,-0.4,0.4
WFS1,4,6302118,NM_006005.3:c.2323T>C,NP_005996.2:p.Phe775Leu,0.959,27.3,['Unknown%20significance'],0.15,0.0,0.0,1.8,1.8
WFS1,4,6302118,NM_006005.3:c.2323T>G,NP_005996.2:p.Phe775Val,0.972,27.0,['Unknown%20significance'],0.15,0.0,0.0,2.4,2.4
WFS1,4,6302119,NM_006005.3:c.2324T>G,NP_005996.2:p.Phe775Cys,0.976,28.3,['Unknown%20significance'],0.15,0.0,0.0,4.1,4.1
WFS1,4,6302120,NM_006005.3:c.2325T>G,NP_005996.2:p.Phe775Leu,0.788,22.2,['Unknown%20significance'],0.15,0.0,0.0,1.8,1.8
WFS1,4,6302121,NM_006005.3:c.2326G>A,NP_005996.2:p.Glu776Lys,0.963,27.8,['Unknown%20significance'],5.17,0.02,0.0,0.7,0.7
WFS1,4,6302122,NM_006005.3:c.2327A>T,NP_005996.2:p.Glu776Val,0.981,27.4,['Likely%20benign'],5.17,0.02,0.0,-0.4,0.4
WFS1,4,6302123,NM_006005.3:c.2328G>T,NP_005996.2:p.Glu776Asp,0.853,23.1,['Unknown%20significance'],5.17,0.02,0.0,0.7,0.7
WFS1,4,6302125,NM_006005.3:c.2330T>C,NP_005996.2:p.Ile777Thr,0.957,24.3,['Unknown%20significance'],0.0,0.0,0.0,3.9,3.9
WFS1,4,6302125,NM_006005.3:c.2330T>G,NP_005996.2:p.Ile777Ser,0.969,27.4,['Unknown%20significance'],0.0,0.0,0.0,5.4,5.4
WFS1,4,6302126,NM_006005.3:c.2331T>G,NP_005996.2:p.Ile777Met,0.677,22.9,['Unknown%20significance'],0.0,0.0,0.0,2.1,2.1
WFS1,4,6302127,NM_006005.3:c.2332A>C,NP_005996.2:p.Thr778Pro,0.944,26.1,['Unknown%20significance'],7.24,0.04,0.0,1.4,1.4
WFS1,4,6302128,NM_006005.3:c.2333C>T,NP_005996.2:p.Thr778Ile,0.893,24.8,['Unknown%20significance'],7.24,0.04,0.0,-0.6,0.6
WFS1,4,6302130,NM_006005.3:c.2335G>A,NP_005996.2:p.Val779Met,0.696,23.3,['Benign'],0.0,0.0,0.0,1.7,1.7
WFS1,4,6302130,NM_006005.3:c.2335G>T,NP_005996.2:p.Val779Leu,0.676,21.6,['Unknown%20significance'],0.0,0.0,0.0,0.8,0.8
WFS1,4,6302131,NM_006005.3:c.2336T>C,NP_005996.2:p.Val779Ala,0.802,23.6,['Unknown%20significance'],0.0,0.0,0.0,3.4,3.4
WFS1,4,6302131,NM_006005.3:c.2336T>G,NP_005996.2:p.Val779Gly,0.949,26.3,['Pathogenic'],0.0,0.0,0.0,5.6,5.6
WFS1,4,6302133,NM_006005.3:c.2338G>A,NP_005996.2:p.Gly780Ser,0.825,25.9,['Pathogenic'],1.83,0.01,0.0,-0.3,0.3
WFS1,4,6302133,NM_006005.3:c.2338G>C,NP_005996.2:p.Gly780Arg,0.866,26.5,['Pathogenic'],1.83,0.01,0.0,-1.0,1.0
WFS1,4,6302134,NM_006005.3:c.2339G>A,NP_005996.2:p.Gly780Asp,0.932,26.1,['Unknown%20significance'],1.83,0.01,0.0,0.4,0.4
WFS1,4,6302134,NM_006005.3:c.2339G>C,NP_005996.2:p.Gly780Ala,0.896,25.3,['Pathogenic'],1.83,0.01,0.0,-0.6,0.6
WFS1,4,6302134,NM_006005.3:c.2339G>T,NP_005996.2:p.Gly780Val,0.952,25.9,['Unknown%20significance'],1.83,0.01,0.0,-1.1,1.1
WFS1,4,6302136,NM_006005.3:c.2341A>C,NP_005996.2:p.Met781Leu,0.607,19.36,['Unknown%20significance'],9.81,0.04,0.0,0.5,0.5
WFS1,4,6302136,NM_006005.3:c.2341A>G,NP_005996.2:p.Met781Val,0.610,14.83,['Unknown%20significance'],9.81,0.04,0.0,0.7,0.7
WFS1,4,6302137,NM_006005.3:c.2342T>A,NP_005996.2:p.Met781Lys,0.910,24.5,['Unknown%20significance'],9.81,0.04,0.0,2.7,2.7
WFS1,4,6302138,NM_006005.3:c.2343G>A,NP_005996.2:p.Met781Ile,0.750,23.0,['Unknown%20significance'],9.81,0.04,0.0,0.5,0.5
WFS1,4,6302138,NM_006005.3:c.2343G>C,NP_005996.2:p.Met781Ile,0.749,22.9,['Unknown%20significance'],9.81,0.04,0.0,0.5,0.5
WFS1,4,6302140,NM_006005.3:c.2345C>T,NP_005996.2:p.Pro782Leu,0.748,21.8,['Pathogenic'],16.08,0.1,0.0,0.2,0.2
WFS1,4,6302142,NM_006005.3:c.2347T>C,NP_005996.2:p.Phe783Leu,0.204,5.011,['Unknown%20significance'],57.59,0.25,0.0,0.3,0.3
WFS1,4,6302142,NM_006005.3:c.2347T>G,NP_005996.2:p.Phe783Val,0.208,9.517,['Likely%20benign'],57.59,0.25,0.0,0.4,0.4
WFS1,4,6302143,NM_006005.3:c.2348T>C,NP_005996.2:p.Phe783Ser,0.343,4.730,['Likely%20benign'],57.59,0.25,0.0,0.9,0.9
WFS1,4,6302143,NM_006005.3:c.2348T>G,NP_005996.2:p.Phe783Cys,0.447,11.44,['Likely%20benign'],57.59,0.25,0.0,1.1,1.1
WFS1,4,6302144,NM_006005.3:c.2349C>A,NP_005996.2:p.Phe783Leu,0.213,0.365,['Unknown%20significance'],57.59,0.25,0.0,0.3,0.3
WFS1,4,6302145,NM_006005.3:c.2350A>C,NP_005996.2:p.Ser784Arg,0.547,2.412,['Likely%20benign'],83.15,0.6,0.0,-0.2,0.2
WFS1,4,6302145,NM_006005.3:c.2350A>G,NP_005996.2:p.Ser784Gly,0.223,1.692,['Likely%20benign'],83.15,0.6,0.0,-0.0,0.0
WFS1,4,6302145,NM_006005.3:c.2350A>T,NP_005996.2:p.Ser784Cys,0.487,11.69,['Unknown%20significance'],83.15,0.6,0.0,0.2,0.2
WFS1,4,6302146,NM_006005.3:c.2351G>A,NP_005996.2:p.Ser784Asn,0.172,14.11,['Likely%20benign'],83.15,0.6,0.0,0.0,0.0
WFS1,4,6302148,NM_006005.3:c.2353A>G,NP_005996.2:p.Ser785Gly,0.159,9.905,['Likely%20benign'],138.96,1.0,0.0,0.0,0.0
WFS1,4,6302149,NM_006005.3:c.2354G>A,NP_005996.2:p.Ser785Asn,0.155,6.191,['Likely%20benign'],138.96,1.0,0.0,0.0,0.0
WFS1,4,6302149,NM_006005.3:c.2354G>T,NP_005996.2:p.Ser785Ile,0.377,10.44,['Unknown%20significance'],138.96,1.0,0.0,-0.1,0.1
WFS1,4,6302150,NM_006005.3:c.2355C>A,NP_005996.2:p.Ser785Arg,0.413,1.097,['Likely%20benign'],138.96,1.0,0.0,-0.1,0.1
WFS1,4,6302151,NM_006005.3:c.2356G>A,NP_005996.2:p.Gly786Ser,0.142,0.681,['Benign'],36.05,0.37,0.0,-0.4,0.4
WFS1,4,6302151,NM_006005.3:c.2356G>C,NP_005996.2:p.Gly786Arg,0.540,4.909,['Likely%20benign'],36.05,0.37,0.0,-1.1,1.1
WFS1,4,6302151,NM_006005.3:c.2356G>T,NP_005996.2:p.Gly786Cys,0.431,16.16,['Unknown%20significance'],36.05,0.37,0.0,-0.3,0.3
WFS1,4,6302152,NM_006005.3:c.2357G>C,NP_005996.2:p.Gly786Ala,0.190,4.787,['Likely%20benign'],36.05,0.37,0.0,-0.3,0.3
WFS1,4,6302154,NM_006005.3:c.2359G>A,NP_005996.2:p.Ala787Thr,0.283,0.052,['Unknown%20significance'],133.34,1.0,0.0,-0.0,0.0
WFS1,4,6302154,NM_006005.3:c.2359G>C,NP_005996.2:p.Ala787Pro,0.205,0.600,['Likely%20benign'],133.34,1.0,0.0,0.0,0.0
WFS1,4,6302155,NM_006005.3:c.2360C>A,NP_005996.2:p.Ala787Asp,0.372,5.200,['Likely%20benign'],133.34,1.0,0.0,0.0,0.0
WFS1,4,6302155,NM_006005.3:c.2360C>G,NP_005996.2:p.Ala787Gly,0.150,4.204,['Likely%20benign'],133.34,1.0,0.0,0.0,0.0
WFS1,4,6302157,NM_006005.3:c.2362G>C,NP_005996.2:p.Asp788His,0.341,6.056,['Likely%20benign'],145.91,0.91,0.0,-0.1,0.1
WFS1,4,6302159,NM_006005.3:c.2364C>G,NP_005996.2:p.Asp788Glu,0.166,0.094,['Likely%20benign'],145.91,0.91,0.0,0.0,0.0
WFS1,4,6302160,NM_006005.3:c.2365G>A,NP_005996.2:p.Gly789Ser,0.341,16.08,['Unknown%20significance'],74.34,0.77,0.0,0.0,0.0
WFS1,4,6302160,NM_006005.3:c.2365G>T,NP_005996.2:p.Gly789Cys,0.367,22.2,['Likely%20benign'],74.34,0.77,0.0,0.2,0.2
WFS1,4,6302161,NM_006005.3:c.2366G>C,NP_005996.2:p.Gly789Ala,0.162,19.32,['Unknown%20significance'],74.34,0.77,0.0,0.1,0.1
WFS1,4,6302161,NM_006005.3:c.2366G>T,NP_005996.2:p.Gly789Val,0.377,21.4,['Unknown%20significance'],74.34,0.77,0.0,0.0,0.0
WFS1,4,6302164,NM_006005.3:c.2369C>G,NP_005996.2:p.Ser790Trp,0.251,7.302,['Unknown%20significance'],80.09,0.58,0.0,-0.5,0.5
WFS1,4,6302164,NM_006005.3:c.2369C>T,NP_005996.2:p.Ser790Leu,0.303,1.121,['Unknown%20significance'],80.09,0.58,0.0,0.0,0.0
WFS1,4,6302166,NM_006005.3:c.2371C>A,NP_005996.2:p.Arg791Ser,0.362,10.17,['Likely%20benign'],212.12,0.78,0.0,0.2,0.2
WFS1,4,6302166,NM_006005.3:c.2371C>T,NP_005996.2:p.Arg791Cys,0.454,22.9,['Unknown%20significance'],212.12,0.78,0.0,0.3,0.3
WFS1,4,6302167,NM_006005.3:c.2372G>A,NP_005996.2:p.Arg791His,0.412,17.51,['Unknown%20significance'],212.12,0.78,0.0,0.1,0.1
WFS1,4,6302167,NM_006005.3:c.2372G>C,NP_005996.2:p.Arg791Pro,0.493,17.06,['Unknown%20significance'],212.12,0.78,0.0,0.3,0.3
WFS1,4,6302169,NM_006005.3:c.2374A>C,NP_005996.2:p.Ser792Arg,0.368,0.010,['Likely%20benign'],63.34,0.45,0.0,-0.3,0.3
WFS1,4,6302169,NM_006005.3:c.2374A>G,NP_005996.2:p.Ser792Gly,0.314,0.003,['Likely%20benign'],63.34,0.45,0.0,0.4,0.4
WFS1,4,6302170,NM_006005.3:c.2375G>T,NP_005996.2:p.Ser792Ile,0.287,7.454,['Likely%20benign'],63.34,0.45,0.0,-0.8,0.8
WFS1,4,6302171,NM_006005.3:c.2376C>G,NP_005996.2:p.Ser792Arg,0.361,9.067,['Likely%20benign'],63.34,0.45,0.0,-0.3,0.3
WFS1,4,6302172,NM_006005.3:c.2377C>T,NP_005996.2:p.Arg793Cys,0.321,14.53,['Unknown%20significance'],246.47,0.91,0.0,0.1,0.1
WFS1,4,6302173,NM_006005.3:c.2378G>A,NP_005996.2:p.Arg793His,0.290,10.41,['Unknown%20significance'],246.47,0.91,0.0,0.1,0.1
WFS1,4,6302173,NM_006005.3:c.2378G>C,NP_005996.2:p.Arg793Pro,0.534,12.13,['Pathogenic'],246.47,0.91,0.0,0.0,0.0
WFS1,4,6302175,NM_006005.3:c.2380G>A,NP_005996.2:p.Glu794Lys,0.572,23.7,['Benign'],142.06,0.72,0.0,0.1,0.1
WFS1,4,6302176,NM_006005.3:c.2381A>G,NP_005996.2:p.Glu794Gly,0.501,23.8,['Unknown%20significance'],142.06,0.72,0.0,0.3,0.3
WFS1,4,6302177,NM_006005.3:c.2382G>C,NP_005996.2:p.Glu794Asp,0.450,18.16,['Unknown%20significance'],142.06,0.72,0.0,0.1,0.1
WFS1,4,6302178,NM_006005.3:c.2383G>A,NP_005996.2:p.Glu795Lys,0.516,22.8,['Unknown%20significance'],15.13,0.07,0.0,-0.1,0.1
WFS1,4,6302179,NM_006005.3:c.2384A>G,NP_005996.2:p.Glu795Gly,0.517,23.0,['Unknown%20significance'],15.13,0.07,0.0,0.8,0.8
WFS1,4,6302180,NM_006005.3:c.2385G>C,NP_005996.2:p.Glu795Asp,0.522,10.28,['Unknown%20significance'],15.13,0.07,0.0,0.1,0.1
WFS1,4,6302181,NM_006005.3:c.2386G>T,NP_005996.2:p.Asp796Tyr,0.763,26.7,['Unknown%20significance'],77.26,0.48,0.0,-0.6,0.6
WFS1,4,6302183,NM_006005.3:c.2388C>A,NP_005996.2:p.Asp796Glu,0.457,1.663,['Unknown%20significance'],77.26,0.48,0.0,0.0,0.0
WFS1,4,6302183,NM_006005.3:c.2388C>G,NP_005996.2:p.Asp796Glu,0.457,1.802,['Unknown%20significance'],77.26,0.48,0.0,0.0,0.0
WFS1,4,6302184,NM_006005.3:c.2389G>A,NP_005996.2:p.Asp797Asn,0.806,23.9,['Pathogenic'],46.49,0.29,0.0,-0.1,0.1
WFS1,4,6302184,NM_006005.3:c.2389G>T,NP_005996.2:p.Asp797Tyr,0.811,26.7,['Pathogenic'],46.49,0.29,0.0,-0.6,0.6
WFS1,4,6302185,NM_006005.3:c.2390A>T,NP_005996.2:p.Asp797Val,0.814,25.9,['Pathogenic'],46.49,0.29,0.0,0.0,0.0
WFS1,4,6302187,NM_006005.3:c.2392G>A,NP_005996.2:p.Val798Ile,0.295,16.05,['Unknown%20significance'],87.52,0.5,0.0,-0.0,0.0
WFS1,4,6302187,NM_006005.3:c.2392G>C,NP_005996.2:p.Val798Leu,0.307,17.14,['Likely%20benign'],87.52,0.5,0.0,0.1,0.1
WFS1,4,6302190,NM_006005.3:c.2395A>T,NP_005996.2:p.Thr799Ser,0.475,22.8,['Unknown%20significance'],18.65,0.11,0.0,0.4,0.4
WFS1,4,6302191,NM_006005.3:c.2396C>G,NP_005996.2:p.Thr799Ser,0.487,22.6,['Unknown%20significance'],18.65,0.11,0.0,0.4,0.4
WFS1,4,6302193,NM_006005.3:c.2398A>G,NP_005996.2:p.Lys800Glu,0.626,25.6,['Unknown%20significance'],24.85,0.1,0.0,0.3,0.3
WFS1,4,6302196,NM_006005.3:c.2401G>T,NP_005996.2:p.Asp801Tyr,0.945,28.4,['Unknown%20significance'],0.42,0.0,0.0,-1.4,1.4
WFS1,4,6302199,NM_006005.3:c.2404A>G,NP_005996.2:p.Ile802Val,0.542,22.3,['Unknown%20significance'],0.0,0.0,0.0,0.5,0.5
WFS1,4,6302200,NM_006005.3:c.2405T>C,NP_005996.2:p.Ile802Thr,0.936,26.6,['Unknown%20significance'],0.0,0.0,0.0,3.4,3.4
WFS1,4,6302201,NM_006005.3:c.2406C>G,NP_005996.2:p.Ile802Met,0.624,20.8,['Unknown%20significance'],0.0,0.0,0.0,1.9,1.9
WFS1,4,6302202,NM_006005.3:c.2407G>A,NP_005996.2:p.Val803Met,0.544,25.6,['Unknown%20significance'],19.27,0.11,0.0,1.0,1.0
WFS1,4,6302202,NM_006005.3:c.2407G>C,NP_005996.2:p.Val803Leu,0.407,22.1,['Unknown%20significance'],19.27,0.11,0.0,0.5,0.5
WFS1,4,6302203,NM_006005.3:c.2408T>G,NP_005996.2:p.Val803Gly,0.845,26.6,['Unknown%20significance'],19.27,0.11,0.0,3.7,3.7
WFS1,4,6302206,NM_006005.3:c.2411T>C,NP_005996.2:p.Leu804Pro,0.928,29.2,['Likely%20pathogenic'],0.0,0.0,0.0,5.6,5.6
WFS1,4,6302206,NM_006005.3:c.2411T>G,NP_005996.2:p.Leu804Arg,0.937,28.6,['Unknown%20significance'],0.0,0.0,0.0,4.6,4.6
WFS1,4,6302208,NM_006005.3:c.2413C>T,NP_005996.2:p.Arg805Trp,0.568,27.8,['Unknown%20significance'],126.62,0.46,0.0,-0.4,0.4
WFS1,4,6302209,NM_006005.3:c.2414G>A,NP_005996.2:p.Arg805Gln,0.384,22.9,['Unknown%20significance'],126.62,0.46,0.0,0.3,0.3
WFS1,4,6302209,NM_006005.3:c.2414G>C,NP_005996.2:p.Arg805Pro,0.572,26.5,['Unknown%20significance'],126.62,0.46,0.0,0.7,0.7
WFS1,4,6302209,NM_006005.3:c.2414G>T,NP_005996.2:p.Arg805Leu,0.448,22.8,['Unknown%20significance'],126.62,0.46,0.0,-0.6,0.6
WFS1,4,6302211,NM_006005.3:c.2416G>A,NP_005996.2:p.Ala806Thr,0.928,28.2,['Unknown%20significance'],2.45,0.01,0.0,1.1,1.1
WFS1,4,6302211,NM_006005.3:c.2416G>C,NP_005996.2:p.Ala806Pro,0.973,28.4,['Likely%20pathogenic'],2.45,0.01,0.0,1.8,1.8
WFS1,4,6302212,NM_006005.3:c.2417C>A,NP_005996.2:p.Ala806Asp,0.870,26.0,['Unknown%20significance'],2.45,0.01,0.0,2.5,2.5
WFS1,4,6302212,NM_006005.3:c.2417C>T,NP_005996.2:p.Ala806Val,0.855,26.0,['Unknown%20significance'],2.45,0.01,0.0,-0.1,0.1
WFS1,4,6302214,NM_006005.3:c.2419A>C,NP_005996.2:p.Ser807Arg,0.875,26.9,['Pathogenic'],30.28,0.21,0.0,-0.1,0.1
WFS1,4,6302214,NM_006005.3:c.2419A>G,NP_005996.2:p.Ser807Gly,0.614,24.0,['Unknown%20significance'],30.28,0.21,0.0,0.6,0.6
WFS1,4,6302215,NM_006005.3:c.2420G>C,NP_005996.2:p.Ser807Thr,0.587,23.6,['Unknown%20significance'],30.28,0.21,0.0,-0.1,0.1
WFS1,4,6302215,NM_006005.3:c.2420G>T,NP_005996.2:p.Ser807Ile,0.877,27.4,['Unknown%20significance'],30.28,0.21,0.0,-0.2,0.2
WFS1,4,6302217,NM_006005.3:c.2422A>G,NP_005996.2:p.Ser808Gly,0.276,19.11,['Unknown%20significance'],46.04,0.33,0.0,0.5,0.5
WFS1,4,6302218,NM_006005.3:c.2423G>A,NP_005996.2:p.Ser808Asn,0.219,16.30,['Likely%20benign'],46.04,0.33,0.0,-0.3,0.3
WFS1,4,6302219,NM_006005.3:c.2424C>A,NP_005996.2:p.Ser808Arg,0.521,13.59,['Likely%20benign'],46.04,0.33,0.0,-0.4,0.4
WFS1,4,6302220,NM_006005.3:c.2425G>A,NP_005996.2:p.Glu809Lys,0.936,29.3,['Pathogenic'],67.72,0.34,0.0,0.4,0.4
WFS1,4,6302224,NM_006005.3:c.2429T>C,NP_005996.2:p.Phe810Ser,0.935,31,['Unknown%20significance'],0.29,0.0,0.0,5.5,5.5
WFS1,4,6302225,NM_006005.3:c.2430C>A,NP_005996.2:p.Phe810Leu,0.791,25.7,['Unknown%20significance'],0.29,0.0,0.0,2.3,2.3
WFS1,4,6302225,NM_006005.3:c.2430C>G,NP_005996.2:p.Phe810Leu,0.791,25.8,['Unknown%20significance'],0.29,0.0,0.0,2.3,2.3
WFS1,4,6302227,NM_006005.3:c.2432A>G,NP_005996.2:p.Lys811Arg,0.271,17.11,['Unknown%20significance'],90.97,0.38,0.0,-0.7,0.7
WFS1,4,6302227,NM_006005.3:c.2432A>T,NP_005996.2:p.Lys811Met,0.576,25.2,['Unknown%20significance'],90.97,0.38,0.0,-0.7,0.7
WFS1,4,6302228,NM_006005.3:c.2433G>C,NP_005996.2:p.Lys811Asn,0.385,24.2,['Unknown%20significance'],90.97,0.38,0.0,0.1,0.1
WFS1,4,6302228,NM_006005.3:c.2433G>T,NP_005996.2:p.Lys811Asn,0.385,24.2,['Unknown%20significance'],90.97,0.38,0.0,0.1,0.1
WFS1,4,6302229,NM_006005.3:c.2434A>C,NP_005996.2:p.Ser812Arg,0.362,9.322,['Likely%20benign'],94.42,0.68,0.0,-0.2,0.2
WFS1,4,6302229,NM_006005.3:c.2434A>G,NP_005996.2:p.Ser812Gly,0.298,8.784,['Likely%20benign'],94.42,0.68,0.0,0.2,0.2
WFS1,4,6302230,NM_006005.3:c.2435G>C,NP_005996.2:p.Ser812Thr,0.312,7.487,['Likely%20benign'],94.42,0.68,0.0,-0.1,0.1
WFS1,4,6302231,NM_006005.3:c.2436C>A,NP_005996.2:p.Ser812Arg,0.377,0.194,['Likely%20benign'],94.42,0.68,0.0,-0.2,0.2
WFS1,4,6302231,NM_006005.3:c.2436C>G,NP_005996.2:p.Ser812Arg,0.377,0.215,['Likely%20benign'],94.42,0.68,0.0,-0.2,0.2
WFS1,4,6302232,NM_006005.3:c.2437G>A,NP_005996.2:p.Val813Met,0.552,23.6,['Unknown%20significance'],5.8,0.03,0.0,0.7,0.7
WFS1,4,6302232,NM_006005.3:c.2437G>C,NP_005996.2:p.Val813Leu,0.517,23.3,['Unknown%20significance'],5.8,0.03,0.0,0.2,0.2
WFS1,4,6302232,NM_006005.3:c.2437G>T,NP_005996.2:p.Val813Leu,0.517,23.3,['Unknown%20significance'],5.8,0.03,0.0,0.2,0.2
WFS1,4,6302235,NM_006005.3:c.2440C>A,NP_005996.2:p.Leu814Met,0.564,23.1,['Unknown%20significance'],0.0,0.0,0.0,1.5,1.5
WFS1,4,6302236,NM_006005.3:c.2441T>G,NP_005996.2:p.Leu814Arg,0.881,28.2,['Unknown%20significance'],0.0,0.0,0.0,3.3,3.3
WFS1,4,6302238,NM_006005.3:c.2443C>T,NP_005996.2:p.Leu815Phe,0.708,24.7,['Unknown%20significance'],109.38,0.56,0.0,0.4,0.4
WFS1,4,6302239,NM_006005.3:c.2444T>G,NP_005996.2:p.Leu815Arg,0.874,28.0,['Unknown%20significance'],109.38,0.56,0.0,1.1,1.1
WFS1,4,6302241,NM_006005.3:c.2446A>C,NP_005996.2:p.Ser816Arg,0.417,1.750,['Likely%20benign'],46.13,0.33,0.0,-0.4,0.4
WFS1,4,6302241,NM_006005.3:c.2446A>G,NP_005996.2:p.Ser816Gly,0.282,0.430,['Likely%20benign'],46.13,0.33,0.0,0.3,0.3
WFS1,4,6302243,NM_006005.3:c.2448C>G,NP_005996.2:p.Ser816Arg,0.396,21.1,['Likely%20benign'],46.13,0.33,0.0,-0.4,0.4
WFS1,4,6302244,NM_006005.3:c.2449C>A,NP_005996.2:p.Leu817Met,0.671,24.3,['Unknown%20significance'],5.04,0.02,0.0,1.6,1.6
WFS1,4,6302244,NM_006005.3:c.2449C>G,NP_005996.2:p.Leu817Val,0.697,24.0,['Unknown%20significance'],5.04,0.02,0.0,1.4,1.4
WFS1,4,6302247,NM_006005.3:c.2452C>A,NP_005996.2:p.Arg818Ser,0.473,21.9,['Unknown%20significance'],199.11,0.73,0.0,0.3,0.3
WFS1,4,6302247,NM_006005.3:c.2452C>T,NP_005996.2:p.Arg818Cys,0.758,27.1,['Benign'],199.11,0.73,0.0,0.3,0.3
WFS1,4,6302248,NM_006005.3:c.2453G>A,NP_005996.2:p.Arg818His,0.480,27.2,['Unknown%20significance'],199.11,0.73,0.0,0.1,0.1
WFS1,4,6302248,NM_006005.3:c.2453G>T,NP_005996.2:p.Arg818Leu,0.580,26.6,['Unknown%20significance'],199.11,0.73,0.0,0.1,0.1
WFS1,4,6302250,NM_006005.3:c.2455C>G,NP_005996.2:p.Gln819Glu,0.313,18.18,['Unknown%20significance'],166.21,0.84,0.0,0.1,0.1
WFS1,4,6302251,NM_006005.3:c.2456A>C,NP_005996.2:p.Gln819Pro,0.382,22.2,['Unknown%20significance'],166.21,0.84,0.0,0.1,0.1
WFS1,4,6302251,NM_006005.3:c.2456A>G,NP_005996.2:p.Gln819Arg,0.414,22.2,['Unknown%20significance'],166.21,0.84,0.0,-0.1,0.1
WFS1,4,6302251,NM_006005.3:c.2456A>T,NP_005996.2:p.Gln819Leu,0.515,22.5,['Unknown%20significance'],166.21,0.84,0.0,-0.0,0.0
WFS1,4,6302253,NM_006005.3:c.2458G>C,NP_005996.2:p.Gly820Arg,0.932,28.2,['Unknown%20significance'],38.72,0.4,0.0,0.2,0.2
WFS1,4,6302254,NM_006005.3:c.2459G>A,NP_005996.2:p.Gly820Asp,0.922,27.4,['Pathogenic'],38.72,0.4,0.0,0.5,0.5
WFS1,4,6302254,NM_006005.3:c.2459G>T,NP_005996.2:p.Gly820Val,0.942,27.3,['Unknown%20significance'],38.72,0.4,0.0,0.5,0.5
WFS1,4,6302256,NM_006005.3:c.2461A>G,NP_005996.2:p.Ser821Gly,0.759,25.8,['Unknown%20significance'],5.23,0.03,0.0,1.0,1.0
WFS1,4,6302257,NM_006005.3:c.2462G>A,NP_005996.2:p.Ser821Asn,0.406,20.2,['Unknown%20significance'],5.23,0.03,0.0,-0.2,0.2
WFS1,4,6302257,NM_006005.3:c.2462G>T,NP_005996.2:p.Ser821Ile,0.840,25.5,['Unknown%20significance'],5.23,0.03,0.0,-0.9,0.9
WFS1,4,6302258,NM_006005.3:c.2463C>A,NP_005996.2:p.Ser821Arg,0.692,23.5,['Unknown%20significance'],5.23,0.03,0.0,-0.3,0.3
WFS1,4,6302259,NM_006005.3:c.2464C>A,NP_005996.2:p.Leu822Ile,0.297,9.951,['Likely%20benign'],63.94,0.33,0.0,0.0,0.0
WFS1,4,6302262,NM_006005.3:c.2467A>T,NP_005996.2:p.Ile823Phe,0.674,23.1,['Unknown%20significance'],0.0,0.0,0.0,1.3,1.3
WFS1,4,6302263,NM_006005.3:c.2468T>C,NP_005996.2:p.Ile823Thr,0.838,25.6,['Unknown%20significance'],0.0,0.0,0.0,3.4,3.4
WFS1,4,6302264,NM_006005.3:c.2469C>G,NP_005996.2:p.Ile823Met,0.593,21.3,['Pathogenic'],0.0,0.0,0.0,1.8,1.8
WFS1,4,6302265,NM_006005.3:c.2470G>A,NP_005996.2:p.Glu824Lys,0.875,29.0,['Unknown%20significance'],38.29,0.19,0.0,0.4,0.4
WFS1,4,6302267,NM_006005.3:c.2472G>C,NP_005996.2:p.Glu824Asp,0.760,25.2,['Unknown%20significance'],38.29,0.19,0.0,0.6,0.6
WFS1,4,6302268,NM_006005.3:c.2473T>A,NP_005996.2:p.Phe825Ile,0.918,27.2,['Unknown%20significance'],0.0,0.0,0.0,2.4,2.4
WFS1,4,6302268,NM_006005.3:c.2473T>C,NP_005996.2:p.Phe825Leu,0.919,27.8,['Unknown%20significance'],0.0,0.0,0.0,2.3,2.3
WFS1,4,6302268,NM_006005.3:c.2473T>G,NP_005996.2:p.Phe825Val,0.918,27.3,['Unknown%20significance'],0.0,0.0,0.0,2.8,2.8
WFS1,4,6302271,NM_006005.3:c.2476A>C,NP_005996.2:p.Ser826Arg,0.927,24.8,['Unknown%20significance'],0.48,0.0,0.0,-0.6,0.6
WFS1,4,6302271,NM_006005.3:c.2476A>T,NP_005996.2:p.Ser826Cys,0.899,27.4,['Unknown%20significance'],0.48,0.0,0.0,-0.3,0.3
WFS1,4,6302272,NM_006005.3:c.2477G>A,NP_005996.2:p.Ser826Asn,0.743,26.3,['Unknown%20significance'],0.48,0.0,0.0,0.3,0.3
WFS1,4,6302273,NM_006005.3:c.2478C>G,NP_005996.2:p.Ser826Arg,0.852,23.7,['Unknown%20significance'],0.48,0.0,0.0,-0.6,0.6
WFS1,4,6302275,NM_006005.3:c.2480C>T,NP_005996.2:p.Thr827Ile,0.795,24.8,['Unknown%20significance'],0.0,0.0,0.0,-1.3,1.3
WFS1,4,6302277,NM_006005.3:c.2482A>C,NP_005996.2:p.Ile828Leu,0.322,17.84,['Likely%20benign'],9.28,0.04,0.0,0.5,0.5
WFS1,4,6302277,NM_006005.3:c.2482A>G,NP_005996.2:p.Ile828Val,0.229,11.73,['Likely%20benign'],9.28,0.04,0.0,0.3,0.3
WFS1,4,6302278,NM_006005.3:c.2483T>C,NP_005996.2:p.Ile828Thr,0.424,21.5,['Unknown%20significance'],9.28,0.04,0.0,1.6,1.6
WFS1,4,6302278,NM_006005.3:c.2483T>G,NP_005996.2:p.Ile828Ser,0.574,23.9,['Unknown%20significance'],9.28,0.04,0.0,2.6,2.6
WFS1,4,6302279,NM_006005.3:c.2484C>G,NP_005996.2:p.Ile828Met,0.422,22.0,['Unknown%20significance'],9.28,0.04,0.0,0.8,0.8
WFS1,4,6302280,NM_006005.3:c.2485C>G,NP_005996.2:p.Leu829Val,0.773,24.3,['Unknown%20significance'],0.0,0.0,0.0,1.8,1.8
WFS1,4,6302281,NM_006005.3:c.2486T>C,NP_005996.2:p.Leu829Pro,0.916,28.3,['Likely%20pathogenic'],0.0,0.0,0.0,4.8,4.8
WFS1,4,6302283,NM_006005.3:c.2488G>C,NP_005996.2:p.Glu830Gln,0.823,26.5,['Pathogenic'],36.42,0.18,0.0,-0.3,0.3
WFS1,4,6302284,NM_006005.3:c.2489A>C,NP_005996.2:p.Glu830Ala,0.966,26.7,['Pathogenic'],36.42,0.18,0.0,0.0,0.0
WFS1,4,6302285,NM_006005.3:c.2490G>C,NP_005996.2:p.Glu830Asp,0.632,23.2,['Unknown%20significance'],36.42,0.18,0.0,0.3,0.3
WFS1,4,6302286,NM_006005.3:c.2491G>A,NP_005996.2:p.Gly831Ser,0.883,24.5,['Pathogenic'],49.92,0.52,0.0,0.1,0.1
WFS1,4,6302287,NM_006005.3:c.2492G>A,NP_005996.2:p.Gly831Asp,0.918,26.8,['Pathogenic'],49.92,0.52,0.0,0.2,0.2
WFS1,4,6302287,NM_006005.3:c.2492G>C,NP_005996.2:p.Gly831Ala,0.834,26.0,['Pathogenic'],49.92,0.52,0.0,0.0,0.0
WFS1,4,6302289,NM_006005.3:c.2494C>G,NP_005996.2:p.Arg832Gly,0.774,25.6,['Pathogenic'],221.22,0.82,0.0,0.5,0.5
WFS1,4,6302289,NM_006005.3:c.2494C>T,NP_005996.2:p.Arg832Cys,0.716,27.4,['Unknown%20significance'],221.22,0.82,0.0,0.4,0.4
WFS1,4,6302290,NM_006005.3:c.2495G>A,NP_005996.2:p.Arg832His,0.672,24.3,['Unknown%20significance'],221.22,0.82,0.0,0.1,0.1
WFS1,4,6302292,NM_006005.3:c.2497C>G,NP_005996.2:p.Leu833Val,0.759,24.3,['Unknown%20significance'],1.58,0.0,0.0,1.2,1.2
WFS1,4,6302293,NM_006005.3:c.2498T>A,NP_005996.2:p.Leu833Gln,0.933,26.2,['Unknown%20significance'],1.58,0.0,0.0,2.8,2.8
WFS1,4,6302293,NM_006005.3:c.2498T>G,NP_005996.2:p.Leu833Arg,0.940,26.2,['Unknown%20significance'],1.58,0.0,0.0,2.1,2.1
WFS1,4,6302295,NM_006005.3:c.2500G>A,NP_005996.2:p.Gly834Ser,0.871,27.6,['Unknown%20significance'],0.0,0.0,0.0,1.0,1.0
WFS1,4,6302295,NM_006005.3:c.2500G>C,NP_005996.2:p.Gly834Arg,0.934,28.0,['Unknown%20significance'],0.0,0.0,0.0,0.7,0.7
WFS1,4,6302295,NM_006005.3:c.2500G>T,NP_005996.2:p.Gly834Cys,0.933,29.0,['Unknown%20significance'],0.0,0.0,0.0,0.5,0.5
WFS1,4,6302296,NM_006005.3:c.2501G>A,NP_005996.2:p.Gly834Asp,0.933,27.2,['Pathogenic'],0.0,0.0,0.0,1.3,1.3
WFS1,4,6302296,NM_006005.3:c.2501G>T,NP_005996.2:p.Gly834Val,0.955,27.0,['Unknown%20significance'],0.0,0.0,0.0,0.3,0.3
WFS1,4,6302299,NM_006005.3:c.2504G>A,NP_005996.2:p.Ser835Asn,0.555,23.7,['Unknown%20significance'],11.03,0.08,0.0,0.2,0.2
WFS1,4,6302301,NM_006005.3:c.2506A>G,NP_005996.2:p.Lys836Glu,0.845,27.6,['Unknown%20significance'],116.11,0.49,0.0,0.1,0.1
WFS1,4,6302302,NM_006005.3:c.2507A>C,NP_005996.2:p.Lys836Thr,0.831,26.8,['Pathogenic'],116.11,0.49,0.0,-0.1,0.1
WFS1,4,6302303,NM_006005.3:c.2508G>C,NP_005996.2:p.Lys836Asn,0.615,25.9,['Likely%20pathogenic'],116.11,0.49,0.0,0.0,0.0
WFS1,4,6302303,NM_006005.3:c.2508G>T,NP_005996.2:p.Lys836Asn,0.615,25.8,['Pathogenic'],116.11,0.49,0.0,0.0,0.0
WFS1,4,6302304,NM_006005.3:c.2509T>C,NP_005996.2:p.Trp837Arg,0.741,27.3,['Unknown%20significance'],114.2,0.43,0.0,1.1,1.1
WFS1,4,6302304,NM_006005.3:c.2509T>G,NP_005996.2:p.Trp837Gly,0.639,23.2,['Unknown%20significance'],114.2,0.43,0.0,1.7,1.7
WFS1,4,6302306,NM_006005.3:c.2511G>T,NP_005996.2:p.Trp837Cys,0.719,29.1,['Unknown%20significance'],114.2,0.43,0.0,1.3,1.3
WFS1,4,6302307,NM_006005.3:c.2512C>G,NP_005996.2:p.Pro838Ala,0.901,24.8,['Unknown%20significance'],0.58,0.0,0.0,1.3,1.3
WFS1,4,6302307,NM_006005.3:c.2512C>T,NP_005996.2:p.Pro838Ser,0.926,25.5,['Unknown%20significance'],0.58,0.0,0.0,1.9,1.9
WFS1,4,6302308,NM_006005.3:c.2513C>T,NP_005996.2:p.Pro838Leu,0.866,24.0,['Pathogenic'],0.58,0.0,0.0,0.2,0.2
WFS1,4,6302310,NM_006005.3:c.2515G>C,NP_005996.2:p.Val839Leu,0.622,24.2,['Unknown%20significance'],37.9,0.22,0.0,0.3,0.3
WFS1,4,6302310,NM_006005.3:c.2515G>T,NP_005996.2:p.Val839Phe,0.691,26.4,['Unknown%20significance'],37.9,0.22,0.0,0.3,0.3
WFS1,4,6302311,NM_006005.3:c.2516T>A,NP_005996.2:p.Val839Asp,0.774,27.0,['Unknown%20significance'],37.9,0.22,0.0,1.8,1.8
WFS1,4,6302311,NM_006005.3:c.2516T>C,NP_005996.2:p.Val839Ala,0.448,22.5,['Unknown%20significance'],37.9,0.22,0.0,1.0,1.0
WFS1,4,6302311,NM_006005.3:c.2516T>G,NP_005996.2:p.Val839Gly,0.795,26.0,['Unknown%20significance'],37.9,0.22,0.0,2.0,2.0
WFS1,4,6302313,NM_006005.3:c.2518T>C,NP_005996.2:p.Phe840Leu,0.719,23.1,['Unknown%20significance'],2.94,0.01,0.0,0.7,0.7
WFS1,4,6302314,NM_006005.3:c.2519T>G,NP_005996.2:p.Phe840Cys,0.932,29.1,['Pathogenic'],2.94,0.01,0.0,3.2,3.2
WFS1,4,6302316,NM_006005.3:c.2521G>C,NP_005996.2:p.Glu841Gln,0.847,26.9,['Pathogenic'],51.33,0.26,0.0,-0.3,0.3
WFS1,4,6302318,NM_006005.3:c.2523G>T,NP_005996.2:p.Glu841Asp,0.701,25.1,['Unknown%20significance'],51.33,0.26,0.0,0.6,0.6
WFS1,4,6302319,NM_006005.3:c.2524C>G,NP_005996.2:p.Leu842Val,0.787,24.6,['Unknown%20significance'],0.0,0.0,0.0,1.7,1.7
WFS1,4,6302319,NM_006005.3:c.2524C>T,NP_005996.2:p.Leu842Phe,0.786,25.2,['Likely%20pathogenic'],0.0,0.0,0.0,1.6,1.6
WFS1,4,6302323,NM_006005.3:c.2528A>G,NP_005996.2:p.Lys843Arg,0.667,24.4,['Unknown%20significance'],19.74,0.08,0.0,-1.0,1.0
WFS1,4,6302323,NM_006005.3:c.2528A>T,NP_005996.2:p.Lys843Met,0.803,27.7,['Pathogenic'],19.74,0.08,0.0,-1.4,1.4
WFS1,4,6302325,NM_006005.3:c.2530G>A,NP_005996.2:p.Ala844Thr,0.858,27.0,['Pathogenic'],0.09,0.0,0.0,0.5,0.5
WFS1,4,6302325,NM_006005.3:c.2530G>T,NP_005996.2:p.Ala844Ser,0.715,23.9,['Pathogenic'],0.09,0.0,0.0,1.0,1.0
WFS1,4,6302326,NM_006005.3:c.2531C>G,NP_005996.2:p.Ala844Gly,0.840,25.7,['Unknown%20significance'],0.09,0.0,0.0,2.0,2.0
WFS1,4,6302326,NM_006005.3:c.2531C>T,NP_005996.2:p.Ala844Val,0.880,26.0,['Unknown%20significance'],0.09,0.0,0.0,-0.5,0.5
WFS1,4,6302328,NM_006005.3:c.2533A>C,NP_005996.2:p.Ile845Leu,0.511,22.5,['Unknown%20significance'],0.0,0.0,0.0,0.6,0.6
WFS1,4,6302328,NM_006005.3:c.2533A>G,NP_005996.2:p.Ile845Val,0.621,22.0,['Unknown%20significance'],0.0,0.0,0.0,0.9,0.9
WFS1,4,6302328,NM_006005.3:c.2533A>T,NP_005996.2:p.Ile845Phe,0.844,26.3,['Unknown%20significance'],0.0,0.0,0.0,1.2,1.2
WFS1,4,6302329,NM_006005.3:c.2534T>A,NP_005996.2:p.Ile845Asn,0.873,27.5,['Pathogenic'],0.0,0.0,0.0,4.9,4.9
WFS1,4,6302329,NM_006005.3:c.2534T>G,NP_005996.2:p.Ile845Ser,0.916,27.7,['Unknown%20significance'],0.0,0.0,0.0,4.8,4.8
WFS1,4,6302330,NM_006005.3:c.2535C>G,NP_005996.2:p.Ile845Met,0.753,24.3,['Unknown%20significance'],0.0,0.0,0.0,1.8,1.8
WFS1,4,6302331,NM_006005.3:c.2536A>G,NP_005996.2:p.Ser846Gly,0.335,19.04,['Unknown%20significance'],1.38,0.01,0.0,0.6,0.6
WFS1,4,6302332,NM_006005.3:c.2537G>A,NP_005996.2:p.Ser846Asn,0.291,20.4,['Unknown%20significance'],1.38,0.01,0.0,-0.0,0.0
WFS1,4,6302332,NM_006005.3:c.2537G>C,NP_005996.2:p.Ser846Thr,0.235,20.5,['Unknown%20significance'],1.38,0.01,0.0,-0.3,0.3
WFS1,4,6302332,NM_006005.3:c.2537G>T,NP_005996.2:p.Ser846Ile,0.508,22.8,['Unknown%20significance'],1.38,0.01,0.0,-1.4,1.4
WFS1,4,6302333,NM_006005.3:c.2538C>A,NP_005996.2:p.Ser846Arg,0.323,17.75,['Likely%20benign'],1.38,0.01,0.0,-0.6,0.6
WFS1,4,6302334,NM_006005.3:c.2539T>C,NP_005996.2:p.Cys847Arg,0.945,28.4,['Unknown%20significance'],0.0,0.0,0.0,4.4,4.4
WFS1,4,6302334,NM_006005.3:c.2539T>G,NP_005996.2:p.Cys847Gly,0.952,27.9,['Unknown%20significance'],0.0,0.0,0.0,5.5,5.5
WFS1,4,6302335,NM_006005.3:c.2540G>A,NP_005996.2:p.Cys847Tyr,0.942,28.0,['Unknown%20significance'],0.0,0.0,0.0,3.0,3.0
WFS1,4,6302337,NM_006005.3:c.2542C>G,NP_005996.2:p.Leu848Val,0.613,21.1,['Unknown%20significance'],78.99,0.4,0.0,0.4,0.4
WFS1,4,6302337,NM_006005.3:c.2542C>T,NP_005996.2:p.Leu848Phe,0.654,24.8,['Unknown%20significance'],78.99,0.4,0.0,0.4,0.4
WFS1,4,6302340,NM_006005.3:c.2545A>C,NP_005996.2:p.Asn849His,0.526,25.1,['Unknown%20significance'],86.73,0.54,0.0,-0.1,0.1
WFS1,4,6302340,NM_006005.3:c.2545A>G,NP_005996.2:p.Asn849Asp,0.244,22.2,['Unknown%20significance'],86.73,0.54,0.0,0.3,0.3
WFS1,4,6302340,NM_006005.3:c.2545A>T,NP_005996.2:p.Asn849Tyr,0.740,25.8,['Unknown%20significance'],86.73,0.54,0.0,-0.3,0.3
WFS1,4,6302341,NM_006005.3:c.2546A>C,NP_005996.2:p.Asn849Thr,0.311,21.8,['Unknown%20significance'],86.73,0.54,0.0,-0.0,0.0
WFS1,4,6302341,NM_006005.3:c.2546A>G,NP_005996.2:p.Asn849Ser,0.242,21.2,['Unknown%20significance'],86.73,0.54,0.0,0.1,0.1
WFS1,4,6302342,NM_006005.3:c.2547C>A,NP_005996.2:p.Asn849Lys,0.556,23.3,['Unknown%20significance'],86.73,0.54,0.0,0.5,0.5
WFS1,4,6302342,NM_006005.3:c.2547C>G,NP_005996.2:p.Asn849Lys,0.556,23.3,['Unknown%20significance'],86.73,0.54,0.0,0.5,0.5
WFS1,4,6302343,NM_006005.3:c.2548T>C,NP_005996.2:p.Cys850Arg,0.911,28.2,['Unknown%20significance'],11.95,0.07,0.0,3.4,3.4
WFS1,4,6302343,NM_006005.3:c.2548T>G,NP_005996.2:p.Cys850Gly,0.913,27.7,['Unknown%20significance'],11.95,0.07,0.0,4.3,4.3
WFS1,4,6302344,NM_006005.3:c.2549G>A,NP_005996.2:p.Cys850Tyr,0.945,27.5,['Unknown%20significance'],11.95,0.07,0.0,2.4,2.4
WFS1,4,6302346,NM_006005.3:c.2551A>G,NP_005996.2:p.Met851Val,0.388,13.61,['Likely%20benign'],193.14,0.89,0.0,0.0,0.0
WFS1,4,6302347,NM_006005.3:c.2552T>C,NP_005996.2:p.Met851Thr,0.533,14.00,['Unknown%20significance'],193.14,0.89,0.0,0.1,0.1
WFS1,4,6302347,NM_006005.3:c.2552T>G,NP_005996.2:p.Met851Arg,0.559,16.49,['Unknown%20significance'],193.14,0.89,0.0,0.0,0.0
WFS1,4,6302349,NM_006005.3:c.2554G>T,NP_005996.2:p.Ala852Ser,0.304,15.42,['Likely%20benign'],93.71,0.73,0.0,-0.0,0.0
WFS1,4,6302350,NM_006005.3:c.2555C>T,NP_005996.2:p.Ala852Val,0.474,23.2,['Unknown%20significance'],93.71,0.73,0.0,-0.1,0.1
WFS1,4,6302353,NM_006005.3:c.2558A>C,NP_005996.2:p.Gln853Pro,0.458,18.49,['Unknown%20significance'],197.76,1.0,0.0,0.0,0.0
WFS1,4,6302353,NM_006005.3:c.2558A>G,NP_005996.2:p.Gln853Arg,0.407,18.09,['Likely%20benign'],197.76,1.0,0.0,-0.0,0.0
WFS1,4,6302353,NM_006005.3:c.2558A>T,NP_005996.2:p.Gln853Leu,0.456,19.82,['Unknown%20significance'],197.76,1.0,0.0,-0.1,0.1
WFS1,4,6302354,NM_006005.3:c.2559G>T,NP_005996.2:p.Gln853His,0.502,16.23,['Likely%20benign'],197.76,1.0,0.0,-0.0,0.0
WFS1,4,6302355,NM_006005.3:c.2560C>T,NP_005996.2:p.Leu854Phe,0.596,22.3,['Unknown%20significance'],25.52,0.13,0.0,0.2,0.2
WFS1,4,6302356,NM_006005.3:c.2561T>C,NP_005996.2:p.Leu854Pro,0.658,19.61,['Unknown%20significance'],25.52,0.13,0.0,1.6,1.6
WFS1,4,6302358,NM_006005.3:c.2563T>C,NP_005996.2:p.Ser855Pro,0.428,7.240,['Likely%20benign'],61.45,0.44,0.0,0.1,0.1
WFS1,4,6302359,NM_006005.3:c.2564C>T,NP_005996.2:p.Ser855Leu,0.213,7.235,['Unknown%20significance'],61.45,0.44,0.0,-1.1,1.1
WFS1,4,6302359,NM_006005.3:c.2564_2565inv,NP_005996.2:p.Ser855Leu,,,['Unknown%20significance'],61.45,0.44,0.0,-1.1,1.1
WFS1,4,6302362,NM_006005.3:c.2567C>A,NP_005996.2:p.Pro856His,0.582,23.0,['Unknown%20significance'],66.7,0.42,0.0,0.1,0.1
WFS1,4,6302362,NM_006005.3:c.2567C>G,NP_005996.2:p.Pro856Arg,0.587,23.0,['Unknown%20significance'],66.7,0.42,0.0,0.0,0.0
WFS1,4,6302362,NM_006005.3:c.2567C>T,NP_005996.2:p.Pro856Leu,0.601,21.1,['Unknown%20significance'],66.7,0.42,0.0,-0.2,0.2
WFS1,4,6302364,NM_006005.3:c.2569A>C,NP_005996.2:p.Thr857Pro,0.308,12.34,['Likely%20benign'],138.73,0.88,0.0,0.1,0.1
WFS1,4,6302365,NM_006005.3:c.2570C>A,NP_005996.2:p.Thr857Asn,0.183,14.13,['Unknown%20significance'],138.73,0.88,0.0,0.1,0.1
WFS1,4,6302365,NM_006005.3:c.2570C>G,NP_005996.2:p.Thr857Ser,0.242,13.17,['Likely%20benign'],138.73,0.88,0.0,0.1,0.1
WFS1,4,6302365,NM_006005.3:c.2570C>T,NP_005996.2:p.Thr857Ile,0.386,14.70,['Unknown%20significance'],138.73,0.88,0.0,-0.0,0.0
WFS1,4,6302367,NM_006005.3:c.2572A>G,NP_005996.2:p.Arg858Gly,0.369,9.210,['Likely%20benign'],152.71,0.56,0.0,0.4,0.4
WFS1,4,6302368,NM_006005.3:c.2573G>A,NP_005996.2:p.Arg858Lys,0.249,2.031,['Likely%20benign'],152.71,0.56,0.0,0.5,0.5
WFS1,4,6302368,NM_006005.3:c.2573G>C,NP_005996.2:p.Arg858Thr,0.464,5.522,['Likely%20benign'],152.71,0.56,0.0,0.2,0.2
WFS1,4,6302368,NM_006005.3:c.2573G>T,NP_005996.2:p.Arg858Met,0.499,15.38,['Likely%20benign'],152.71,0.56,0.0,0.0,0.0
WFS1,4,6302369,NM_006005.3:c.2574G>T,NP_005996.2:p.Arg858Ser,0.408,9.294,['Likely%20benign'],152.71,0.56,0.0,0.3,0.3
WFS1,4,6302370,NM_006005.3:c.2575C>T,NP_005996.2:p.Arg859Trp,0.650,23.8,['Unknown%20significance'],121.54,0.45,0.0,0.1,0.1
WFS1,4,6302371,NM_006005.3:c.2576G>A,NP_005996.2:p.Arg859Gln,0.693,24.0,['Pathogenic'],121.54,0.45,0.0,0.5,0.5
WFS1,4,6302371,NM_006005.3:c.2576G>C,NP_005996.2:p.Arg859Pro,0.789,26.1,['Pathogenic'],121.54,0.45,0.0,1.0,1.0
WFS1,4,6302371,NM_006005.3:c.2576G>T,NP_005996.2:p.Arg859Leu,0.701,25.7,['Unknown%20significance'],121.54,0.45,0.0,0.3,0.3
WFS1,4,6302373,NM_006005.3:c.2578C>G,NP_005996.2:p.His860Asp,0.785,24.4,['Pathogenic'],50.72,0.24,0.0,1.0,1.0
WFS1,4,6302373,NM_006005.3:c.2578C>T,NP_005996.2:p.His860Tyr,0.615,24.3,['Unknown%20significance'],50.72,0.24,0.0,-0.6,0.6
WFS1,4,6302375,NM_006005.3:c.2580C>A,NP_005996.2:p.His860Gln,0.555,7.216,['Unknown%20significance'],50.72,0.24,0.0,0.3,0.3
WFS1,4,6302375,NM_006005.3:c.2580C>G,NP_005996.2:p.His860Gln,0.555,7.471,['Unknown%20significance'],50.72,0.24,0.0,0.3,0.3
WFS1,4,6302376,NM_006005.3:c.2581G>A,NP_005996.2:p.Val861Met,0.544,25.1,['Unknown%20significance'],80.2,0.46,0.0,0.4,0.4
WFS1,4,6302376,NM_006005.3:c.2581G>C,NP_005996.2:p.Val861Leu,0.527,24.5,['Unknown%20significance'],80.2,0.46,0.0,0.3,0.3
WFS1,4,6302376,NM_006005.3:c.2581G>T,NP_005996.2:p.Val861Leu,0.526,24.5,['Unknown%20significance'],80.2,0.46,0.0,0.3,0.3
WFS1,4,6302377,NM_006005.3:c.2582T>A,NP_005996.2:p.Val861Glu,0.805,25.8,['Unknown%20significance'],80.2,0.46,0.0,1.0,1.0
WFS1,4,6302377,NM_006005.3:c.2582T>G,NP_005996.2:p.Val861Gly,0.823,25.6,['Pathogenic'],80.2,0.46,0.0,1.6,1.6
WFS1,4,6302379,NM_006005.3:c.2584A>G,NP_005996.2:p.Lys862Glu,0.863,27.2,['Unknown%20significance'],31.64,0.13,0.0,0.2,0.2
WFS1,4,6302380,NM_006005.3:c.2585A>C,NP_005996.2:p.Lys862Thr,0.835,24.6,['Unknown%20significance'],31.64,0.13,0.0,-0.2,0.2
WFS1,4,6302380,NM_006005.3:c.2585A>G,NP_005996.2:p.Lys862Arg,0.767,26.6,['Unknown%20significance'],31.64,0.13,0.0,-0.8,0.8
WFS1,4,6302381,NM_006005.3:c.2586G>T,NP_005996.2:p.Lys862Asn,0.648,25.2,['Likely%20pathogenic'],31.64,0.13,0.0,0.2,0.2
WFS1,4,6302382,NM_006005.3:c.2587A>C,NP_005996.2:p.Ile863Leu,0.367,6.902,['Likely%20benign'],101.19,0.51,0.0,0.4,0.4
WFS1,4,6302382,NM_006005.3:c.2587A>G,NP_005996.2:p.Ile863Val,0.416,3.751,['Likely%20benign'],101.19,0.51,0.0,0.3,0.3
WFS1,4,6302383,NM_006005.3:c.2588T>A,NP_005996.2:p.Ile863Asn,0.807,25.8,['Unknown%20significance'],101.19,0.51,0.0,1.2,1.2
WFS1,4,6302383,NM_006005.3:c.2588T>C,NP_005996.2:p.Ile863Thr,0.779,24.8,['Unknown%20significance'],101.19,0.51,0.0,0.8,0.8
WFS1,4,6302384,NM_006005.3:c.2589C>G,NP_005996.2:p.Ile863Met,0.544,15.00,['Unknown%20significance'],101.19,0.51,0.0,0.4,0.4
WFS1,4,6302385,NM_006005.3:c.2590G>A,NP_005996.2:p.Glu864Lys,0.870,29.0,['Likely%20pathogenic'],77.61,0.39,0.0,0.5,0.5
WFS1,4,6302386,NM_006005.3:c.2591A>G,NP_005996.2:p.Glu864Gly,0.849,29.0,['Pathogenic'],77.61,0.39,0.0,0.9,0.9
WFS1,4,6302387,NM_006005.3:c.2592G>T,NP_005996.2:p.Glu864Asp,0.654,23.5,['Unknown%20significance'],77.61,0.39,0.0,0.2,0.2
WFS1,4,6302388,NM_006005.3:c.2593C>G,NP_005996.2:p.His865Asp,0.462,23.1,['Unknown%20significance'],51.7,0.25,0.0,1.2,1.2
WFS1,4,6302388,NM_006005.3:c.2593C>T,NP_005996.2:p.His865Tyr,0.432,23.0,['Unknown%20significance'],51.7,0.25,0.0,-0.4,0.4
WFS1,4,6302389,NM_006005.3:c.2594A>G,NP_005996.2:p.His865Arg,0.423,0.591,['Likely%20benign'],51.7,0.25,0.0,-0.1,0.1
WFS1,4,6302390,NM_006005.3:c.2595C>A,NP_005996.2:p.His865Gln,0.435,3.182,['Unknown%20significance'],51.7,0.25,0.0,0.4,0.4
WFS1,4,6302391,NM_006005.3:c.2596G>A,NP_005996.2:p.Asp866Asn,0.473,23.1,['Benign'],91.18,0.56,0.0,0.1,0.1
WFS1,4,6302391,NM_006005.3:c.2596G>T,NP_005996.2:p.Asp866Tyr,0.739,27.2,['Unknown%20significance'],91.18,0.56,0.0,-0.3,0.3
WFS1,4,6302392,NM_006005.3:c.2597A>G,NP_005996.2:p.Asp866Gly,0.853,25.1,['Unknown%20significance'],91.18,0.56,0.0,0.6,0.6
WFS1,4,6302393,NM_006005.3:c.2598C>G,NP_005996.2:p.Asp866Glu,0.641,25.4,['Unknown%20significance'],91.18,0.56,0.0,0.1,0.1
WFS1,4,6302394,NM_006005.3:c.2599T>C,NP_005996.2:p.Trp867Arg,0.935,29.5,['Unknown%20significance'],19.96,0.07,0.0,2.5,2.5
WFS1,4,6302394,NM_006005.3:c.2599T>G,NP_005996.2:p.Trp867Gly,0.937,31,['Unknown%20significance'],19.96,0.07,0.0,3.9,3.9
WFS1,4,6302396,NM_006005.3:c.2601G>C,NP_005996.2:p.Trp867Cys,0.922,31,['Unknown%20significance'],19.96,0.07,0.0,2.8,2.8
WFS1,4,6302397,NM_006005.3:c.2602C>G,NP_005996.2:p.Arg868Gly,0.858,25.9,['Unknown%20significance'],175.85,0.65,0.0,0.7,0.7
WFS1,4,6302397,NM_006005.3:c.2602C>T,NP_005996.2:p.Arg868Cys,0.856,27.9,['Unknown%20significance'],175.85,0.65,0.0,0.4,0.4
WFS1,4,6302398,NM_006005.3:c.2603G>A,NP_005996.2:p.Arg868His,0.877,24.8,['Likely%20benign'],175.85,0.65,0.0,0.2,0.2
WFS1,4,6302398,NM_006005.3:c.2603G>C,NP_005996.2:p.Arg868Pro,0.919,27.9,['Pathogenic'],175.85,0.65,0.0,0.5,0.5
WFS1,4,6302400,NM_006005.3:c.2605A>G,NP_005996.2:p.Ser869Gly,0.216,17.41,['Likely%20benign'],65.64,0.47,0.0,0.4,0.4
WFS1,4,6302401,NM_006005.3:c.2606G>A,NP_005996.2:p.Ser869Asn,0.289,18.02,['Unknown%20significance'],65.64,0.47,0.0,0.0,0.0
WFS1,4,6302402,NM_006005.3:c.2607C>G,NP_005996.2:p.Ser869Arg,0.382,16.58,['Unknown%20significance'],65.64,0.47,0.0,-0.4,0.4
WFS1,4,6302403,NM_006005.3:c.2608A>C,NP_005996.2:p.Thr870Pro,0.601,23.3,['Unknown%20significance'],48.46,0.3,0.0,0.6,0.6
WFS1,4,6302404,NM_006005.3:c.2609C>G,NP_005996.2:p.Thr870Ser,0.374,8.191,['Likely%20benign'],48.46,0.3,0.0,0.4,0.4
WFS1,4,6302404,NM_006005.3:c.2609C>T,NP_005996.2:p.Thr870Ile,0.548,16.75,['Unknown%20significance'],48.46,0.3,0.0,-0.4,0.4
WFS1,4,6302406,NM_006005.3:c.2611G>A,NP_005996.2:p.Val871Met,0.255,21.9,['Benign'],34.08,0.19,0.0,0.3,0.3
WFS1,4,6302406,NM_006005.3:c.2611G>C,NP_005996.2:p.Val871Leu,0.439,20.4,['Unknown%20significance'],34.08,0.19,0.0,-0.2,0.2
WFS1,4,6302407,NM_006005.3:c.2612T>G,NP_005996.2:p.Val871Gly,0.691,23.3,['Unknown%20significance'],34.08,0.19,0.0,1.9,1.9
WFS1,4,6302409,NM_006005.3:c.2614C>T,NP_005996.2:p.His872Tyr,0.486,23.0,['Unknown%20significance'],98.5,0.47,0.0,-0.5,0.5
WFS1,4,6302410,NM_006005.3:c.2615A>C,NP_005996.2:p.His872Pro,0.694,23.3,['Unknown%20significance'],98.5,0.47,0.0,0.5,0.5
WFS1,4,6302410,NM_006005.3:c.2615A>G,NP_005996.2:p.His872Arg,0.415,17.72,['Unknown%20significance'],98.5,0.47,0.0,0.1,0.1
WFS1,4,6302410,NM_006005.3:c.2615A>T,NP_005996.2:p.His872Leu,0.436,18.88,['Unknown%20significance'],98.5,0.47,0.0,-0.4,0.4
WFS1,4,6302413,NM_006005.3:c.2618G>A,NP_005996.2:p.Gly873Asp,0.504,15.94,['Likely%20benign'],18.18,0.19,0.0,-0.2,0.2
WFS1,4,6302413,NM_006005.3:c.2618G>T,NP_005996.2:p.Gly873Val,0.453,17.61,['Unknown%20significance'],18.18,0.19,0.0,-1.9,1.9
WFS1,4,6302415,NM_006005.3:c.2620G>A,NP_005996.2:p.Ala874Thr,0.882,26.9,['Pathogenic'],0.0,0.0,0.0,0.9,0.9
WFS1,4,6302415,NM_006005.3:c.2620G>C,NP_005996.2:p.Ala874Pro,0.907,27.1,['Unknown%20significance'],0.0,0.0,0.0,1.7,1.7
WFS1,4,6302416,NM_006005.3:c.2621C>A,NP_005996.2:p.Ala874Asp,0.904,25.1,['Unknown%20significance'],0.0,0.0,0.0,2.1,2.1
WFS1,4,6302416,NM_006005.3:c.2621C>G,NP_005996.2:p.Ala874Gly,0.707,24.9,['Unknown%20significance'],0.0,0.0,0.0,1.5,1.5
WFS1,4,6302416,NM_006005.3:c.2621C>T,NP_005996.2:p.Ala874Val,0.835,25.1,['Unknown%20significance'],0.0,0.0,0.0,-0.3,0.3
WFS1,4,6302418,NM_006005.3:c.2623G>A,NP_005996.2:p.Val875Met,0.329,6.599,['Likely%20benign'],85.74,0.49,0.0,0.2,0.2
WFS1,4,6302418,NM_006005.3:c.2623G>C,NP_005996.2:p.Val875Leu,0.357,0.640,['Likely%20benign'],85.74,0.49,0.0,-0.2,0.2
WFS1,4,6302418,NM_006005.3:c.2623G>T,NP_005996.2:p.Val875Leu,0.358,0.603,['Unknown%20significance'],85.74,0.49,0.0,-0.2,0.2
WFS1,4,6302419,NM_006005.3:c.2624T>C,NP_005996.2:p.Val875Ala,0.435,23.3,['Unknown%20significance'],85.74,0.49,0.0,1.0,1.0
WFS1,4,6302421,NM_006005.3:c.2626A>C,NP_005996.2:p.Lys876Gln,0.521,22.3,['Unknown%20significance'],35.07,0.14,0.0,-0.4,0.4
WFS1,4,6302422,NM_006005.3:c.2627A>C,NP_005996.2:p.Lys876Thr,0.770,25.8,['Unknown%20significance'],35.07,0.14,0.0,-0.1,0.1
WFS1,4,6302422,NM_006005.3:c.2627A>G,NP_005996.2:p.Lys876Arg,0.546,22.4,['Unknown%20significance'],35.07,0.14,0.0,-0.8,0.8
WFS1,4,6302424,NM_006005.3:c.2629T>G,NP_005996.2:p.Phe877Val,0.866,27.4,['Unknown%20significance'],0.0,0.0,0.0,1.8,1.8
WFS1,4,6302427,NM_006005.3:c.2632G>A,NP_005996.2:p.Ala878Thr,0.551,23.6,['Pathogenic'],7.74,0.06,0.0,0.2,0.2
WFS1,4,6302427,NM_006005.3:c.2632G>C,NP_005996.2:p.Ala878Pro,0.775,26.1,['Unknown%20significance'],7.74,0.06,0.0,1.0,1.0
WFS1,4,6302427,NM_006005.3:c.2632G>T,NP_005996.2:p.Ala878Ser,0.723,24.7,['Unknown%20significance'],7.74,0.06,0.0,0.9,0.9
WFS1,4,6302432,NM_006005.3:c.2637C>A,NP_005996.2:p.Phe879Leu,0.630,23.1,['Unknown%20significance'],54.44,0.23,0.0,0.2,0.2
WFS1,4,6302433,NM_006005.3:c.2638G>A,NP_005996.2:p.Asp880Asn,0.357,15.26,['Unknown%20significance'],0.03,0.0,0.0,-0.8,0.8
WFS1,4,6302433,NM_006005.3:c.2638G>C,NP_005996.2:p.Asp880His,0.784,23.8,['Unknown%20significance'],0.03,0.0,0.0,-1.1,1.1
WFS1,4,6302433,NM_006005.3:c.2638G>T,NP_005996.2:p.Asp880Tyr,0.831,24.0,['Unknown%20significance'],0.03,0.0,0.0,-2.1,2.1
WFS1,4,6302434,NM_006005.3:c.2639A>C,NP_005996.2:p.Asp880Ala,0.864,27.4,['Unknown%20significance'],0.03,0.0,0.0,-0.5,0.5
WFS1,4,6302435,NM_006005.3:c.2640C>G,NP_005996.2:p.Asp880Glu,0.702,23.7,['Unknown%20significance'],0.03,0.0,0.0,0.1,0.1
WFS1,4,6302436,NM_006005.3:c.2641T>G,NP_005996.2:p.Phe881Val,0.906,27.8,['Pathogenic'],0.0,0.0,0.0,2.4,2.4
WFS1,4,6302440,NM_006005.3:c.2645T>C,NP_005996.2:p.Phe882Ser,0.920,29.7,['Unknown%20significance'],58.53,0.25,0.0,3.3,3.3
WFS1,4,6302440,NM_006005.3:c.2645T>G,NP_005996.2:p.Phe882Cys,0.911,29.1,['Likely%20pathogenic'],58.53,0.25,0.0,2.1,2.1
WFS1,4,6302441,NM_006005.3:c.2646T>A,NP_005996.2:p.Phe882Leu,0.661,23.2,['Unknown%20significance'],58.53,0.25,0.0,0.4,0.4
WFS1,4,6302441,NM_006005.3:c.2646T>G,NP_005996.2:p.Phe882Leu,0.666,23.2,['Unknown%20significance'],58.53,0.25,0.0,0.4,0.4
WFS1,4,6302442,NM_006005.3:c.2647T>G,NP_005996.2:p.Phe883Val,0.881,27.3,['Unknown%20significance'],79.6,0.34,0.0,1.3,1.3
WFS1,4,6302444,NM_006005.3:c.2649C>G,NP_005996.2:p.Phe883Leu,0.713,23.4,['Unknown%20significance'],79.6,0.34,0.0,0.6,0.6
WFS1,4,6302445,NM_006005.3:c.2650T>G,NP_005996.2:p.Phe884Val,0.519,21.5,['Likely%20benign'],3.05,0.01,0.0,0.7,0.7
WFS1,4,6302446,NM_006005.3:c.2651T>A,NP_005996.2:p.Phe884Tyr,0.312,16.70,['Unknown%20significance'],3.05,0.01,0.0,0.3,0.3
WFS1,4,6302446,NM_006005.3:c.2651T>C,NP_005996.2:p.Phe884Ser,0.265,21.6,['Likely%20benign'],3.05,0.01,0.0,2.7,2.7
WFS1,4,6302447,NM_006005.3:c.2652C>G,NP_005996.2:p.Phe884Leu,0.518,17.75,['Unknown%20significance'],3.05,0.01,0.0,0.5,0.5
WFS1,4,6302448,NM_006005.3:c.2653C>T,NP_005996.2:p.Pro885Ser,0.935,25.1,['Unknown%20significance'],5.51,0.03,0.0,2.4,2.4
WFS1,4,6302449,NM_006005.3:c.2654C>G,NP_005996.2:p.Pro885Arg,0.947,25.3,['Unknown%20significance'],5.51,0.03,0.0,1.9,1.9
WFS1,4,6302449,NM_006005.3:c.2654C>T,NP_005996.2:p.Pro885Leu,0.932,25.7,['Likely%20pathogenic'],5.51,0.03,0.0,0.7,0.7
WFS1,4,6302452,NM_006005.3:c.2657T>G,NP_005996.2:p.Phe886Cys,0.908,27.8,['Unknown%20significance'],55.01,0.23,0.0,1.8,1.8
WFS1,4,6302453,NM_006005.3:c.2658C>A,NP_005996.2:p.Phe886Leu,0.629,22.3,['Unknown%20significance'],55.01,0.23,0.0,0.1,0.1
WFS1,4,6302453,NM_006005.3:c.2658C>G,NP_005996.2:p.Phe886Leu,0.629,22.3,['Unknown%20significance'],55.01,0.23,0.0,0.1,0.1
WFS1,4,6302454,NM_006005.3:c.2659C>G,NP_005996.2:p.Leu887Val,0.644,23.6,['Unknown%20significance'],26.7,0.13,0.0,0.4,0.4
WFS1,4,6302457,NM_006005.3:c.2662T>G,NP_005996.2:p.Ser888Ala,0.547,25.3,['Unknown%20significance'],0.0,0.0,0.0,-0.7,0.7
WFS1,4,6302458,NM_006005.3:c.2663C>T,NP_005996.2:p.Ser888Leu,0.626,25.4,['Pathogenic'],0.0,0.0,0.0,-2.1,2.1
WFS1,4,6302460,NM_006005.3:c.2665G>A,NP_005996.2:p.Ala889Thr,0.670,23.5,['Unknown%20significance'],7.99,0.06,0.0,1.1,1.1
WFS1,4,6302461,NM_006005.3:c.2666C>T,NP_005996.2:p.Ala889Val,0.524,19.64,['Unknown%20significance'],7.99,0.06,0.0,0.2,0.2
WFS1,4,6302463,NM_006005.3:c.2668G>C,NP_005996.2:p.Ala890Pro,0.352,15.50,['Unknown%20significance'],54.81,0.43,0.0,0.3,0.3
WFS1,4,6302463,NM_006005.3:c.2668G>T,NP_005996.2:p.Ala890Ser,0.224,5.914,['Unknown%20significance'],54.81,0.43,0.0,0.1,0.1
WFS1,4,6302464,NM_006005.3:c.2669C>T,NP_005996.2:p.Ala890Val,0.187,4.631,['Unknown%20significance'],54.81,0.43,0.0,-0.1,0.1