Gene,Chrom,Position,DNA_change,Protein_Change,Revel,CADDPhred,Classification,Surface Area,Normalized SA,Confidence Score,ddG,|ddG|
TSPEAR,21,44499787,NM_001272037.2:c.1802G>T,NP_001258966.1:p.Arg601Leu,0.027,10.38,['Likely%20benign'],164.79,0.61,0.0,0.0,0.0
TSPEAR,21,44499787,NM_001272037.2:c.1802G>C,NP_001258966.1:p.Arg601Pro,0.034,11.68,['Likely%20benign'],164.79,0.61,0.0,0.3,0.3
TSPEAR,21,44499787,NM_001272037.2:c.1802G>A,NP_001258966.1:p.Arg601His,0.023,5.813,['Unknown%20significance'],164.79,0.61,0.0,-0.1,0.1
TSPEAR,21,44499788,NM_001272037.2:c.1801C>T,NP_001258966.1:p.Arg601Cys,0.064,15.26,['Likely%20benign'],164.79,0.61,0.0,0.3,0.3
TSPEAR,21,44499788,NM_001272037.2:c.1801C>A,NP_001258966.1:p.Arg601Ser,0.041,11.56,['Likely%20benign'],164.79,0.61,0.0,0.2,0.2
TSPEAR,21,44499790,NM_001272037.2:c.1799C>T,NP_001258966.1:p.Thr600Ile,0.134,23.9,['Unknown%20significance'],56.03,0.35,0.0,0.1,0.1
TSPEAR,21,44499790,NM_001272037.2:c.1799C>A,NP_001258966.1:p.Thr600Lys,0.176,24.2,['Unknown%20significance'],56.03,0.35,0.0,0.9,0.9
TSPEAR,21,44499791,NM_001272037.2:c.1798A>G,NP_001258966.1:p.Thr600Ala,0.119,25.5,['Unknown%20significance'],56.03,0.35,0.0,0.6,0.6
TSPEAR,21,44499792,NM_001272037.2:c.1797G>T,NP_001258966.1:p.Arg599Ser,0.033,22.1,['Unknown%20significance'],103.82,0.38,0.0,0.4,0.4
TSPEAR,21,44499792,NM_001272037.2:c.1797G>C,NP_001258966.1:p.Arg599Ser,0.033,22.2,['Unknown%20significance'],103.82,0.38,0.0,0.4,0.4
TSPEAR,21,44499793,NM_001272037.2:c.1796G>T,NP_001258966.1:p.Arg599Met,0.021,22.4,['Unknown%20significance'],103.82,0.38,0.0,0.0,0.0
TSPEAR,21,44499793,NM_001272037.2:c.1796G>A,NP_001258966.1:p.Arg599Lys,0.012,13.96,['Likely%20benign'],103.82,0.38,0.0,0.6,0.6
TSPEAR,21,44499794,NM_001272037.2:c.1795A>G,NP_001258966.1:p.Arg599Gly,0.025,22.9,['Unknown%20significance'],103.82,0.38,0.0,1.0,1.0
TSPEAR,21,44499796,NM_001272037.2:c.1793T>G,NP_001258966.1:p.Leu598Arg,0.301,26.6,['Unknown%20significance'],1.8,0.0,0.0,1.9,1.9
TSPEAR,21,44499796,NM_001272037.2:c.1793T>C,NP_001258966.1:p.Leu598Pro,0.421,28.3,['Unknown%20significance'],1.8,0.0,0.0,3.0,3.0
TSPEAR,21,44499797,NM_001272037.2:c.1792C>G,NP_001258966.1:p.Leu598Val,0.161,25.5,['Unknown%20significance'],1.8,0.0,0.0,0.5,0.5
TSPEAR,21,44499799,NM_001272037.2:c.1790G>T,NP_001258966.1:p.Arg597Leu,0.049,15.59,['Likely%20benign'],31.86,0.11,0.0,-0.4,0.4
TSPEAR,21,44499799,NM_001272037.2:c.1790G>A,NP_001258966.1:p.Arg597Gln,0.060,16.29,['Unknown%20significance'],31.86,0.11,0.0,0.5,0.5
TSPEAR,21,44499800,NM_001272037.2:c.1789C>T,NP_001258966.1:p.Arg597Trp,0.162,25.5,['Unknown%20significance'],31.86,0.11,0.0,-0.5,0.5
TSPEAR,21,44499802,NM_001272037.2:c.1787T>C,NP_001258966.1:p.Leu596Pro,0.448,29.6,['Unknown%20significance'],2.39,0.01,0.0,3.4,3.4
TSPEAR,21,44499802,NM_001272037.2:c.1787T>A,NP_001258966.1:p.Leu596Gln,0.377,28.7,['Unknown%20significance'],2.39,0.01,0.0,3.0,3.0
TSPEAR,21,44499803,NM_001272037.2:c.1786C>A,NP_001258966.1:p.Leu596Met,0.122,24.2,['Unknown%20significance'],2.39,0.01,0.0,1.0,1.0
TSPEAR,21,44499805,NM_001272037.2:c.1784T>C,NP_001258966.1:p.Val595Ala,0.313,26.6,['Unknown%20significance'],0.0,0.0,0.0,2.7,2.7
TSPEAR,21,44499806,NM_001272037.2:c.1783G>T,NP_001258966.1:p.Val595Phe,0.200,25.1,['Unknown%20significance'],0.0,0.0,0.0,0.5,0.5
TSPEAR,21,44499806,NM_001272037.2:c.1783G>C,NP_001258966.1:p.Val595Leu,0.218,25.1,['Unknown%20significance'],0.0,0.0,0.0,0.0,0.0
TSPEAR,21,44499806,NM_001272037.2:c.1783G>A,NP_001258966.1:p.Val595Ile,0.117,23.5,['Unknown%20significance'],0.0,0.0,0.0,-0.2,0.2
TSPEAR,21,44499807,NM_001272037.2:c.1782G>T,NP_001258966.1:p.Arg594Ser,0.056,23.2,['Unknown%20significance'],46.98,0.17,0.0,0.7,0.7
TSPEAR,21,44499807,NM_001272037.2:c.1782G>C,NP_001258966.1:p.Arg594Ser,0.056,23.2,['Unknown%20significance'],46.98,0.17,0.0,0.7,0.7
TSPEAR,21,44499808,NM_001272037.2:c.1781G>T,NP_001258966.1:p.Arg594Met,0.136,24.9,['Unknown%20significance'],46.98,0.17,0.0,-0.8,0.8
TSPEAR,21,44499808,NM_001272037.2:c.1781G>C,NP_001258966.1:p.Arg594Thr,0.068,23.1,['Unknown%20significance'],46.98,0.17,0.0,-0.1,0.1
TSPEAR,21,44499809,NM_001272037.2:c.1780A>T,NP_001258966.1:p.Arg594Trp,0.149,28.1,['Unknown%20significance'],46.98,0.17,0.0,-0.9,0.9
TSPEAR,21,44499809,NM_001272037.2:c.1780A>G,NP_001258966.1:p.Arg594Gly,0.133,23.9,['Unknown%20significance'],46.98,0.17,0.0,1.5,1.5
TSPEAR,21,44499811,NM_001272037.2:c.1778C>T,NP_001258966.1:p.Ser593Phe,0.248,27.3,['Unknown%20significance'],0.0,0.0,0.0,-2.1,2.1
TSPEAR,21,44499811,NM_001272037.2:c.1778C>G,NP_001258966.1:p.Ser593Cys,0.118,24.0,['Unknown%20significance'],0.0,0.0,0.0,-1.0,1.0
TSPEAR,21,44499812,NM_001272037.2:c.1777T>C,NP_001258966.1:p.Ser593Pro,0.260,26.1,['Unknown%20significance'],0.0,0.0,0.0,0.6,0.6
TSPEAR,21,44499814,NM_001272037.2:c.1775T>G,NP_001258966.1:p.Leu592Arg,0.091,23.8,['Unknown%20significance'],24.11,0.12,0.0,0.2,0.2
TSPEAR,21,44499814,NM_001272037.2:c.1775T>C,NP_001258966.1:p.Leu592Pro,0.206,27.0,['Unknown%20significance'],24.11,0.12,0.0,1.5,1.5
TSPEAR,21,44499814,NM_001272037.2:c.1775T>A,NP_001258966.1:p.Leu592His,0.160,26.2,['Unknown%20significance'],24.11,0.12,0.0,0.3,0.3
TSPEAR,21,44499815,NM_001272037.2:c.1774C>T,NP_001258966.1:p.Leu592Phe,0.135,24.8,['Unknown%20significance'],24.11,0.12,0.0,-0.2,0.2
TSPEAR,21,44499815,NM_001272037.2:c.1774C>A,NP_001258966.1:p.Leu592Ile,0.060,22.9,['Unknown%20significance'],24.11,0.12,0.0,-0.0,0.0
TSPEAR,21,44499817,NM_001272037.2:c.1772C>T,NP_001258966.1:p.Pro591Leu,0.188,26.7,['Unknown%20significance'],77.18,0.49,0.0,-0.3,0.3
TSPEAR,21,44499817,NM_001272037.2:c.1772C>A,NP_001258966.1:p.Pro591His,0.193,26.4,['Unknown%20significance'],77.18,0.49,0.0,-0.4,0.4
TSPEAR,21,44499818,NM_001272037.2:c.1771C>T,NP_001258966.1:p.Pro591Ser,0.103,23.7,['Unknown%20significance'],77.18,0.49,0.0,-0.2,0.2
TSPEAR,21,44499818,NM_001272037.2:c.1771C>A,NP_001258966.1:p.Pro591Thr,0.133,23.5,['Unknown%20significance'],77.18,0.49,0.0,-0.3,0.3
TSPEAR,21,44499819,NM_001272037.2:c.1770G>T,NP_001258966.1:p.Glu590Asp,0.081,16.63,['Unknown%20significance'],37.49,0.19,0.0,-0.0,0.0
TSPEAR,21,44499821,NM_001272037.2:c.1768G>A,NP_001258966.1:p.Glu590Lys,0.085,22.9,['Unknown%20significance'],37.49,0.19,0.0,0.0,0.0
TSPEAR,21,44499822,NM_001272037.2:c.1767G>T,NP_001258966.1:p.Lys589Asn,0.084,23.2,['Unknown%20significance'],110.79,0.46,0.0,-0.2,0.2
TSPEAR,21,44499823,NM_001272037.2:c.1766A>C,NP_001258966.1:p.Lys589Thr,0.099,22.7,['Unknown%20significance'],110.79,0.46,0.0,-0.2,0.2
TSPEAR,21,44499824,NM_001272037.2:c.1765A>C,NP_001258966.1:p.Lys589Gln,0.099,26.0,['Unknown%20significance'],110.79,0.46,0.0,-0.2,0.2
TSPEAR,21,44499826,NM_001272037.2:c.1763C>A,NP_001258966.1:p.Ala588Asp,0.304,27.8,['Unknown%20significance'],4.17,0.03,0.0,0.2,0.2
TSPEAR,21,44499827,NM_001272037.2:c.1762G>T,NP_001258966.1:p.Ala588Ser,0.205,25.4,['Unknown%20significance'],4.17,0.03,0.0,-0.1,0.1
TSPEAR,21,44499827,NM_001272037.2:c.1762G>A,NP_001258966.1:p.Ala588Thr,0.237,26.3,['Likely%20benign'],4.17,0.03,0.0,-0.4,0.4
TSPEAR,21,44499828,NM_001272037.2:c.1761C>A,NP_001258966.1:p.Ser587Arg,0.438,23.1,['Unknown%20significance'],0.0,0.0,0.0,-0.6,0.6
TSPEAR,21,44499829,NM_001272037.2:c.1760G>T,NP_001258966.1:p.Ser587Ile,0.316,26.2,['Unknown%20significance'],0.0,0.0,0.0,-1.0,1.0
TSPEAR,21,44499830,NM_001272037.2:c.1759A>G,NP_001258966.1:p.Ser587Gly,0.212,26.7,['Unknown%20significance'],0.0,0.0,0.0,1.0,1.0
TSPEAR,21,44499830,NM_001272037.2:c.1759A>C,NP_001258966.1:p.Ser587Arg,0.377,27.8,['Unknown%20significance'],0.0,0.0,0.0,-0.6,0.6
TSPEAR,21,44499832,NM_001272037.2:c.1757C>T,NP_001258966.1:p.Ser586Phe,0.433,28.1,['Unknown%20significance'],0.0,0.0,0.0,-1.5,1.5
TSPEAR,21,44499832,NM_001272037.2:c.1757C>G,NP_001258966.1:p.Ser586Cys,0.342,27.3,['Unknown%20significance'],0.0,0.0,0.0,-0.8,0.8
TSPEAR,21,44499832,NM_001272037.2:c.1757C>A,NP_001258966.1:p.Ser586Tyr,0.432,26.8,['Unknown%20significance'],0.0,0.0,0.0,-1.5,1.5
TSPEAR,21,44499833,NM_001272037.2:c.1756T>C,NP_001258966.1:p.Ser586Pro,0.312,28.6,['Unknown%20significance'],0.0,0.0,0.0,0.5,0.5
TSPEAR,21,44499836,NM_001272037.2:c.1753T>A,NP_001258966.1:p.Tyr585Asn,0.366,29.0,['Unknown%20significance'],0.93,0.0,0.0,3.0,3.0
TSPEAR,21,44499842,NM_001272037.2:c.1747C>T,NP_001258966.1:p.Leu583Phe,0.168,26.1,['Unknown%20significance'],0.0,0.0,0.0,1.2,1.2
TSPEAR,21,44499844,NM_001272037.2:c.1745A>G,NP_001258966.1:p.Tyr582Cys,0.293,25.5,['Unknown%20significance'],0.0,0.0,0.0,3.1,3.1
TSPEAR,21,44499845,NM_001272037.2:c.1744T>C,NP_001258966.1:p.Tyr582His,0.254,28.5,['Unknown%20significance'],0.0,0.0,0.0,2.7,2.7
TSPEAR,21,44499848,NM_001272037.2:c.1741G>T,NP_001258966.1:p.Ala581Ser,0.066,13.74,['Likely%20benign'],10.79,0.08,0.0,0.3,0.3
TSPEAR,21,44499848,NM_001272037.2:c.1741G>A,NP_001258966.1:p.Ala581Thr,0.043,22.4,['Likely%20benign'],10.79,0.08,0.0,-0.2,0.2
TSPEAR,21,44499850,NM_001272037.2:c.1739G>T,NP_001258966.1:p.Gly580Val,0.245,24.9,['Unknown%20significance'],42.82,0.44,0.0,-0.3,0.3
TSPEAR,21,44499850,NM_001272037.2:c.1739G>C,NP_001258966.1:p.Gly580Ala,0.167,24.5,['Unknown%20significance'],42.82,0.44,0.0,-0.1,0.1
TSPEAR,21,44499850,NM_001272037.2:c.1739G>A,NP_001258966.1:p.Gly580Asp,0.219,23.4,['Unknown%20significance'],42.82,0.44,0.0,-0.1,0.1
TSPEAR,21,44499851,NM_001272037.2:c.1738G>T,NP_001258966.1:p.Gly580Cys,0.258,26.4,['Unknown%20significance'],42.82,0.44,0.0,0.0,0.0
TSPEAR,21,44499851,NM_001272037.2:c.1738G>C,NP_001258966.1:p.Gly580Arg,0.278,25.8,['Unknown%20significance'],42.82,0.44,0.0,-0.6,0.6
TSPEAR,21,44499851,NM_001272037.2:c.1738G>A,NP_001258966.1:p.Gly580Ser,0.236,25.7,['Unknown%20significance'],42.82,0.44,0.0,-0.1,0.1
TSPEAR,21,44499853,NM_001272037.2:c.1736C>A,NP_001258966.1:p.Ala579Asp,0.075,16.56,['Likely%20benign'],32.86,0.25,0.0,-0.2,0.2
TSPEAR,21,44499854,NM_001272037.2:c.1735G>T,NP_001258966.1:p.Ala579Ser,0.020,13.88,['Likely%20benign'],32.86,0.25,0.0,-0.3,0.3
TSPEAR,21,44499854,NM_001272037.2:c.1735G>A,NP_001258966.1:p.Ala579Thr,0.019,15.43,['Likely%20benign'],32.86,0.25,0.0,-0.4,0.4
TSPEAR,21,44499856,NM_001272037.2:c.1733C>T,NP_001258966.1:p.Thr578Met,0.079,22.2,['Unknown%20significance'],174.62,1.0,0.0,-0.0,0.0
TSPEAR,21,44499856,NM_001272037.2:c.1733C>A,NP_001258966.1:p.Thr578Lys,0.100,15.05,['Likely%20benign'],174.62,1.0,0.0,0.0,0.0
TSPEAR,21,44499859,NM_001272037.2:c.1730C>T,NP_001258966.1:p.Thr577Ile,0.093,23.5,['Unknown%20significance'],21.88,0.13,0.0,-0.8,0.8
TSPEAR,21,44499859,NM_001272037.2:c.1730C>A,NP_001258966.1:p.Thr577Asn,0.145,24.8,['Unknown%20significance'],21.88,0.13,0.0,0.6,0.6
TSPEAR,21,44499860,NM_001272037.2:c.1729A>G,NP_001258966.1:p.Thr577Ala,0.063,23.3,['Unknown%20significance'],21.88,0.13,0.0,0.4,0.4
TSPEAR,21,44499862,NM_001272037.2:c.1727G>T,NP_001258966.1:p.Ser576Ile,0.054,11.93,['Likely%20benign'],80.33,0.58,0.0,-0.8,0.8
TSPEAR,21,44499862,NM_001272037.2:c.1727G>A,NP_001258966.1:p.Ser576Asn,0.050,4.274,['Likely%20benign'],80.33,0.58,0.0,0.1,0.1
TSPEAR,21,44499863,NM_001272037.2:c.1726A>T,NP_001258966.1:p.Ser576Cys,0.055,22.6,['Unknown%20significance'],80.33,0.58,0.0,-0.2,0.2
TSPEAR,21,44499863,NM_001272037.2:c.1726A>G,NP_001258966.1:p.Ser576Gly,0.026,17.75,['Likely%20benign'],80.33,0.58,0.0,0.4,0.4
TSPEAR,21,44499865,NM_001272037.2:c.1724T>C,NP_001258966.1:p.Phe575Ser,0.671,29.8,['Unknown%20significance'],20.03,0.08,0.0,3.7,3.7
TSPEAR,21,44499866,NM_001272037.2:c.1723T>C,NP_001258966.1:p.Phe575Leu,0.270,28.1,['Unknown%20significance'],20.03,0.08,0.0,0.8,0.8
TSPEAR,21,44499866,NM_001272037.2:c.1723T>A,NP_001258966.1:p.Phe575Ile,0.426,27.4,['Unknown%20significance'],20.03,0.08,0.0,0.8,0.8
TSPEAR,21,44499868,NM_001272037.2:c.1721C>T,NP_001258966.1:p.Ala574Val,0.077,21.2,['Unknown%20significance'],21.66,0.17,0.0,-1.2,1.2
TSPEAR,21,44499868,NM_001272037.2:c.1721C>G,NP_001258966.1:p.Ala574Gly,0.099,21.9,['Unknown%20significance'],21.66,0.17,0.0,1.1,1.1
TSPEAR,21,44499869,NM_001272037.2:c.1720G>T,NP_001258966.1:p.Ala574Ser,0.074,14.79,['Unknown%20significance'],21.66,0.17,0.0,0.5,0.5
TSPEAR,21,44499869,NM_001272037.2:c.1720G>A,NP_001258966.1:p.Ala574Thr,0.045,15.69,['Likely%20benign'],21.66,0.17,0.0,-0.0,0.0
TSPEAR,21,44499870,NM_001272037.2:c.1719G>T,NP_001258966.1:p.Glu573Asp,0.265,22.5,['Unknown%20significance'],28.64,0.14,0.0,0.3,0.3
TSPEAR,21,44499872,NM_001272037.2:c.1717G>A,NP_001258966.1:p.Glu573Lys,0.311,27.0,['Unknown%20significance'],28.64,0.14,0.0,0.1,0.1
TSPEAR,21,44499874,NM_001272037.2:c.1715G>T,NP_001258966.1:p.Trp572Leu,0.312,25.0,['Unknown%20significance'],0.98,0.0,0.0,0.3,0.3
TSPEAR,21,44499875,NM_001272037.2:c.1714T>C,NP_001258966.1:p.Trp572Arg,0.590,29.6,['Unknown%20significance'],0.98,0.0,0.0,1.8,1.8
TSPEAR,21,44499875,NM_001272037.2:c.1714T>A,NP_001258966.1:p.Trp572Arg,0.590,29.3,['Unknown%20significance'],0.98,0.0,0.0,1.8,1.8
TSPEAR,21,44499876,NM_001272037.2:c.1713C>G,NP_001258966.1:p.Asp571Glu,0.345,25.1,['Unknown%20significance'],19.96,0.12,0.0,-0.0,0.0
TSPEAR,21,44499877,NM_001272037.2:c.1712A>C,NP_001258966.1:p.Asp571Ala,0.405,28.6,['Unknown%20significance'],19.96,0.12,0.0,-0.4,0.4
TSPEAR,21,44499878,NM_001272037.2:c.1711G>T,NP_001258966.1:p.Asp571Tyr,0.487,26.8,['Unknown%20significance'],19.96,0.12,0.0,-1.5,1.5
TSPEAR,21,44499878,NM_001272037.2:c.1711G>A,NP_001258966.1:p.Asp571Asn,0.276,27.1,['Pathogenic'],19.96,0.12,0.0,-0.1,0.1
TSPEAR,21,44499879,NM_001272037.2:c.1710G>T,NP_001258966.1:p.Arg570Ser,0.089,11.49,['Unknown%20significance'],22.69,0.08,0.0,0.9,0.9
TSPEAR,21,44499880,NM_001272037.2:c.1709G>T,NP_001258966.1:p.Arg570Met,0.205,25.2,['Unknown%20significance'],22.69,0.08,0.0,-0.4,0.4
TSPEAR,21,44499880,NM_001272037.2:c.1709G>A,NP_001258966.1:p.Arg570Lys,0.080,21.4,['Unknown%20significance'],22.69,0.08,0.0,1.1,1.1
TSPEAR,21,44499881,NM_001272037.2:c.1708A>G,NP_001258966.1:p.Arg570Gly,0.226,23.2,['Unknown%20significance'],22.69,0.08,0.0,1.9,1.9
TSPEAR,21,44499883,NM_001272037.2:c.1706G>A,NP_001258966.1:p.Cys569Tyr,0.464,25.9,['Unknown%20significance'],0.0,0.0,0.0,-1.1,1.1
TSPEAR,21,44499886,NM_001272037.2:c.1703G>T,NP_001258966.1:p.Gly568Val,0.354,25.2,['Unknown%20significance'],0.0,0.0,0.0,-0.0,0.0
TSPEAR,21,44499886,NM_001272037.2:c.1703G>C,NP_001258966.1:p.Gly568Ala,0.274,24.7,['Unknown%20significance'],0.0,0.0,0.0,0.2,0.2
TSPEAR,21,44499886,NM_001272037.2:c.1703G>A,NP_001258966.1:p.Gly568Asp,0.336,25.3,['Unknown%20significance'],0.0,0.0,0.0,0.8,0.8
TSPEAR,21,44499887,NM_001272037.2:c.1702G>T,NP_001258966.1:p.Gly568Cys,0.429,26.1,['Unknown%20significance'],0.0,0.0,0.0,0.3,0.3
TSPEAR,21,44499887,NM_001272037.2:c.1702G>A,NP_001258966.1:p.Gly568Ser,0.259,23.7,['Unknown%20significance'],0.0,0.0,0.0,0.4,0.4
TSPEAR,21,44499889,NM_001272037.2:c.1700T>C,NP_001258966.1:p.Val567Ala,0.032,17.69,['Likely%20benign'],41.78,0.24,0.0,0.6,0.6
TSPEAR,21,44499889,NM_001272037.2:c.1700T>A,NP_001258966.1:p.Val567Asp,0.033,19.86,['Unknown%20significance'],41.78,0.24,0.0,1.0,1.0
TSPEAR,21,44499890,NM_001272037.2:c.1699G>T,NP_001258966.1:p.Val567Phe,0.018,9.341,['Likely%20benign'],41.78,0.24,0.0,-0.3,0.3
TSPEAR,21,44499890,NM_001272037.2:c.1699G>A,NP_001258966.1:p.Val567Ile,0.008,10.68,['Likely%20benign'],41.78,0.24,0.0,-0.1,0.1
TSPEAR,21,44499892,NM_001272037.2:c.1697C>A,NP_001258966.1:p.Thr566Asn,0.309,25.4,['Unknown%20significance'],0.77,0.0,0.0,1.2,1.2
TSPEAR,21,44499895,NM_001272037.2:c.1694C>T,NP_001258966.1:p.Pro565Leu,0.286,27.1,['Unknown%20significance'],109.5,0.69,0.0,-0.1,0.1
TSPEAR,21,44499895,NM_001272037.2:c.1694C>A,NP_001258966.1:p.Pro565His,0.286,26.5,['Unknown%20significance'],109.5,0.69,0.0,0.1,0.1
TSPEAR,21,44499896,NM_001272037.2:c.1693C>G,NP_001258966.1:p.Pro565Ala,0.242,23.6,['Unknown%20significance'],109.5,0.69,0.0,0.1,0.1
TSPEAR,21,44499896,NM_001272037.2:c.1693C>A,NP_001258966.1:p.Pro565Thr,0.305,25.3,['Unknown%20significance'],109.5,0.69,0.0,0.1,0.1
TSPEAR,21,44499898,NM_001272037.2:c.1691T>C,NP_001258966.1:p.Leu564Pro,0.700,29.4,['Unknown%20significance'],4.92,0.02,0.0,2.9,2.9
TSPEAR,21,44499899,NM_001272037.2:c.1690C>T,NP_001258966.1:p.Leu564Phe,0.262,25.6,['Unknown%20significance'],4.92,0.02,0.0,0.2,0.2
TSPEAR,21,44499901,NM_001272037.2:c.1688G>A,NP_001258966.1:p.Ser563Asn,0.052,17.00,['Likely%20benign'],72.06,0.52,0.0,0.0,0.0
TSPEAR,21,44499902,NM_001272037.2:c.1687A>G,NP_001258966.1:p.Ser563Gly,0.043,17.09,['Likely%20benign'],72.06,0.52,0.0,0.5,0.5
TSPEAR,21,44499902,NM_001272037.2:c.1687A>C,NP_001258966.1:p.Ser563Arg,0.051,15.99,['Likely%20benign'],72.06,0.52,0.0,-0.3,0.3
TSPEAR,21,44499903,NM_001272037.2:c.1686C>A,NP_001258966.1:p.His562Gln,0.280,24.8,['Unknown%20significance'],40.68,0.19,0.0,0.1,0.1
TSPEAR,21,44499904,NM_001272037.2:c.1685A>G,NP_001258966.1:p.His562Arg,0.313,25.8,['Unknown%20significance'],40.68,0.19,0.0,0.1,0.1
TSPEAR,21,44499905,NM_001272037.2:c.1684C>A,NP_001258966.1:p.His562Asn,0.226,23.9,['Unknown%20significance'],40.68,0.19,0.0,0.8,0.8
TSPEAR,21,44499907,NM_001272037.2:c.1682T>G,NP_001258966.1:p.Val561Gly,0.208,23.9,['Unknown%20significance'],44.92,0.26,0.0,2.3,2.3
TSPEAR,21,44499908,NM_001272037.2:c.1681G>T,NP_001258966.1:p.Val561Leu,0.110,21.4,['Unknown%20significance'],44.92,0.26,0.0,0.1,0.1
TSPEAR,21,44499908,NM_001272037.2:c.1681G>A,NP_001258966.1:p.Val561Met,0.112,22.2,['Unknown%20significance'],44.92,0.26,0.0,0.4,0.4
TSPEAR,21,44499910,NM_001272037.2:c.1679C>T,NP_001258966.1:p.Ala560Val,0.103,21.7,['Unknown%20significance'],62.45,0.49,0.0,-0.6,0.6
TSPEAR,21,44499910,NM_001272037.2:c.1679C>A,NP_001258966.1:p.Ala560Glu,0.159,24.9,['Unknown%20significance'],62.45,0.49,0.0,0.4,0.4
TSPEAR,21,44499911,NM_001272037.2:c.1678G>A,NP_001258966.1:p.Ala560Thr,0.113,22.7,['Unknown%20significance'],62.45,0.49,0.0,0.0,0.0
TSPEAR,21,44499913,NM_001272037.2:c.1676T>C,NP_001258966.1:p.Val559Ala,0.256,26.7,['Unknown%20significance'],64.42,0.37,0.0,1.0,1.0
TSPEAR,21,44499914,NM_001272037.2:c.1675G>T,NP_001258966.1:p.Val559Leu,0.223,25.5,['Unknown%20significance'],64.42,0.37,0.0,0.1,0.1
TSPEAR,21,44499914,NM_001272037.2:c.1675G>C,NP_001258966.1:p.Val559Leu,0.223,25.5,['Unknown%20significance'],64.42,0.37,0.0,0.1,0.1
TSPEAR,21,44499914,NM_001272037.2:c.1675G>A,NP_001258966.1:p.Val559Met,0.260,26.1,['Unknown%20significance'],64.42,0.37,0.0,0.3,0.3
TSPEAR,21,44499915,NM_001272037.2:c.1674C>A,NP_001258966.1:p.Phe558Leu,0.448,23.9,['Unknown%20significance'],3.72,0.01,0.0,0.8,0.8
TSPEAR,21,44499916,NM_001272037.2:c.1673T>C,NP_001258966.1:p.Phe558Ser,0.685,31,['Pathogenic'],3.72,0.01,0.0,4.9,4.9
TSPEAR,21,44499917,NM_001272037.2:c.1672T>C,NP_001258966.1:p.Phe558Leu,0.544,31,['Unknown%20significance'],3.72,0.01,0.0,0.8,0.8
TSPEAR,21,44499917,NM_001272037.2:c.1672T>A,NP_001258966.1:p.Phe558Ile,0.560,29.7,['Unknown%20significance'],3.72,0.01,0.0,1.3,1.3
TSPEAR,21,44499919,NM_001272037.2:c.1670G>T,NP_001258966.1:p.Gly557Val,0.329,26.7,['Unknown%20significance'],1.47,0.01,0.0,-1.7,1.7
TSPEAR,21,44499920,NM_001272037.2:c.1669G>A,NP_001258966.1:p.Gly557Ser,0.222,26.3,['Unknown%20significance'],1.47,0.01,0.0,-0.8,0.8
TSPEAR,21,44499921,NM_001272037.2:c.1668G>T,NP_001258966.1:p.Glu556Asp,0.209,22.9,['Unknown%20significance'],76.04,0.38,0.0,0.0,0.0
TSPEAR,21,44499921,NM_001272037.2:c.1668G>C,NP_001258966.1:p.Glu556Asp,0.209,22.9,['Unknown%20significance'],76.04,0.38,0.0,0.0,0.0
TSPEAR,21,44499922,NM_001272037.2:c.1667A>G,NP_001258966.1:p.Glu556Gly,0.352,29.6,['Unknown%20significance'],76.04,0.38,0.0,-0.0,0.0
TSPEAR,21,44499923,NM_001272037.2:c.1666G>A,NP_001258966.1:p.Glu556Lys,0.324,28.1,['Unknown%20significance'],76.04,0.38,0.0,0.1,0.1
TSPEAR,21,44499926,NM_001272037.2:c.1663T>C,NP_001258966.1:p.Tyr555His,0.294,28.1,['Unknown%20significance'],144.03,0.6,0.0,0.3,0.3
TSPEAR,21,44499928,NM_001272037.2:c.1661G>A,NP_001258966.1:p.Gly554Asp,0.708,26.5,['Unknown%20significance'],34.59,0.36,0.0,-0.0,0.0
TSPEAR,21,44499929,NM_001272037.2:c.1660G>T,NP_001258966.1:p.Gly554Cys,0.852,27.9,['Unknown%20significance'],34.59,0.36,0.0,0.1,0.1
TSPEAR,21,44499929,NM_001272037.2:c.1660G>A,NP_001258966.1:p.Gly554Ser,0.654,26.9,['Unknown%20significance'],34.59,0.36,0.0,-0.2,0.2
TSPEAR,21,44499930,NM_001272037.2:c.1659G>T,NP_001258966.1:p.Gln553His,0.599,23.8,['Unknown%20significance'],73.11,0.36,0.0,-0.1,0.1
TSPEAR,21,44499931,NM_001272037.2:c.1658A>G,NP_001258966.1:p.Gln553Arg,0.671,26.5,['Unknown%20significance'],73.11,0.36,0.0,-0.2,0.2
TSPEAR,21,44499932,NM_001272037.2:c.1657C>G,NP_001258966.1:p.Gln553Glu,0.581,26.1,['Unknown%20significance'],73.11,0.36,0.0,0.2,0.2
TSPEAR,21,44499932,NM_001272037.2:c.1657C>A,NP_001258966.1:p.Gln553Lys,0.658,26.7,['Unknown%20significance'],73.11,0.36,0.0,0.4,0.4
TSPEAR,21,44499933,NM_001272037.2:c.1656G>T,NP_001258966.1:p.Trp552Cys,0.924,28.8,['Unknown%20significance'],28.26,0.1,0.0,2.8,2.8
TSPEAR,21,44499934,NM_001272037.2:c.1655G>T,NP_001258966.1:p.Trp552Leu,0.852,29.1,['Unknown%20significance'],28.26,0.1,0.0,1.4,1.4
TSPEAR,21,44504780,NM_001272037.2:c.1652G>A,NP_001258966.1:p.Arg551Lys,0.500,35,['Unknown%20significance'],50.86,0.18,0.0,0.8,0.8
TSPEAR,21,44504784,NM_001272037.2:c.1648T>C,NP_001258966.1:p.Tyr550His,0.895,28.4,['Unknown%20significance'],14.84,0.06,0.0,2.8,2.8
TSPEAR,21,44504784,NM_001272037.2:c.1648T>A,NP_001258966.1:p.Tyr550Asn,0.904,28.6,['Pathogenic'],14.84,0.06,0.0,4.6,4.6
TSPEAR,21,44504786,NM_001272037.2:c.1646T>C,NP_001258966.1:p.Ile549Thr,0.825,27.3,['Unknown%20significance'],0.0,0.0,0.0,3.4,3.4
TSPEAR,21,44504788,NM_001272037.2:c.1644T>G,NP_001258966.1:p.Ile548Met,0.089,23.9,['Unknown%20significance'],33.7,0.17,0.0,0.5,0.5
TSPEAR,21,44504790,NM_001272037.2:c.1642A>G,NP_001258966.1:p.Ile548Val,0.025,15.48,['Likely%20benign'],33.7,0.17,0.0,0.0,0.0
TSPEAR,21,44504791,NM_001272037.2:c.1641T>A,NP_001258966.1:p.Ser547Arg,0.384,24.4,['Unknown%20significance'],0.0,0.0,0.0,-0.3,0.3
TSPEAR,21,44504792,NM_001272037.2:c.1640G>A,NP_001258966.1:p.Ser547Asn,0.341,25.8,['Unknown%20significance'],0.0,0.0,0.0,0.4,0.4
TSPEAR,21,44504793,NM_001272037.2:c.1639A>G,NP_001258966.1:p.Ser547Gly,0.488,26.9,['Unknown%20significance'],0.0,0.0,0.0,1.2,1.2
TSPEAR,21,44504793,NM_001272037.2:c.1639A>C,NP_001258966.1:p.Ser547Arg,0.553,27.4,['Unknown%20significance'],0.0,0.0,0.0,-0.3,0.3
TSPEAR,21,44504798,NM_001272037.2:c.1634T>G,NP_001258966.1:p.Val545Gly,0.632,25.8,['Unknown%20significance'],14.13,0.08,0.0,2.3,2.3
TSPEAR,21,44504801,NM_001272037.2:c.1631C>T,NP_001258966.1:p.Ser544Leu,0.316,17.28,['Likely%20benign'],74.45,0.53,0.0,-0.2,0.2
TSPEAR,21,44504802,NM_001272037.2:c.1630T>C,NP_001258966.1:p.Ser544Pro,0.676,24.3,['Unknown%20significance'],74.45,0.53,0.0,0.3,0.3
TSPEAR,21,44504804,NM_001272037.2:c.1628T>G,NP_001258966.1:p.Phe543Cys,0.684,25.3,['Unknown%20significance'],85.93,0.37,0.0,1.4,1.4
TSPEAR,21,44504804,NM_001272037.2:c.1628T>C,NP_001258966.1:p.Phe543Ser,0.540,25.0,['Unknown%20significance'],85.93,0.37,0.0,1.6,1.6
TSPEAR,21,44504807,NM_001272037.2:c.1625C>T,NP_001258966.1:p.Thr542Ile,0.331,23.2,['Unknown%20significance'],66.49,0.42,0.0,-0.0,0.0
TSPEAR,21,44504807,NM_001272037.2:c.1625C>G,NP_001258966.1:p.Thr542Ser,0.099,13.37,['Likely%20benign'],66.49,0.42,0.0,0.3,0.3
TSPEAR,21,44504810,NM_001272037.2:c.1622G>A,NP_001258966.1:p.Arg541His,0.041,7.677,['Unknown%20significance'],254.16,0.94,0.0,0.0,0.0
TSPEAR,21,44504811,NM_001272037.2:c.1621C>T,NP_001258966.1:p.Arg541Cys,0.095,18.15,['Unknown%20significance'],254.16,0.94,0.0,0.1,0.1
TSPEAR,21,44504813,NM_001272037.2:c.1619G>T,NP_001258966.1:p.Gly540Val,0.370,23.2,['Unknown%20significance'],36.81,0.38,0.0,0.0,0.0
TSPEAR,21,44504814,NM_001272037.2:c.1618G>T,NP_001258966.1:p.Gly540Trp,0.484,23.7,['Unknown%20significance'],36.81,0.38,0.0,-0.3,0.3
TSPEAR,21,44504814,NM_001272037.2:c.1618G>A,NP_001258966.1:p.Gly540Arg,0.351,23.7,['Unknown%20significance'],36.81,0.38,0.0,-0.3,0.3
TSPEAR,21,44504816,NM_001272037.2:c.1616A>G,NP_001258966.1:p.Asp539Gly,0.520,24.3,['Unknown%20significance'],33.49,0.2,0.0,0.6,0.6
TSPEAR,21,44504817,NM_001272037.2:c.1615G>T,NP_001258966.1:p.Asp539Tyr,0.543,23.6,['Unknown%20significance'],33.49,0.2,0.0,-1.0,1.0
TSPEAR,21,44504817,NM_001272037.2:c.1615G>C,NP_001258966.1:p.Asp539His,0.529,23.4,['Unknown%20significance'],33.49,0.2,0.0,-0.6,0.6
TSPEAR,21,44504817,NM_001272037.2:c.1615G>A,NP_001258966.1:p.Asp539Asn,0.304,21.4,['Unknown%20significance'],33.49,0.2,0.0,-0.2,0.2
TSPEAR,21,44504819,NM_001272037.2:c.1613T>C,NP_001258966.1:p.Phe538Ser,0.599,21.2,['Unknown%20significance'],35.93,0.15,0.0,1.2,1.2
TSPEAR,21,44504823,NM_001272037.2:c.1609T>C,NP_001258966.1:p.Ser537Pro,0.882,25.4,['Unknown%20significance'],3.38,0.02,0.0,0.6,0.6
TSPEAR,21,44504824,NM_001272037.2:c.1608C>A,NP_001258966.1:p.Asn536Lys,0.683,23.0,['Unknown%20significance'],3.72,0.02,0.0,1.0,1.0
TSPEAR,21,44504825,NM_001272037.2:c.1607A>G,NP_001258966.1:p.Asn536Ser,0.485,22.8,['Unknown%20significance'],3.72,0.02,0.0,0.4,0.4
TSPEAR,21,44504826,NM_001272037.2:c.1606A>G,NP_001258966.1:p.Asn536Asp,0.731,24.4,['Unknown%20significance'],3.72,0.02,0.0,0.7,0.7
TSPEAR,21,44504828,NM_001272037.2:c.1604C>T,NP_001258966.1:p.Ala535Val,0.684,24.3,['Unknown%20significance'],0.0,0.0,0.0,-0.4,0.4
TSPEAR,21,44504829,NM_001272037.2:c.1603G>A,NP_001258966.1:p.Ala535Thr,0.661,23.6,['Unknown%20significance'],0.0,0.0,0.0,0.4,0.4
TSPEAR,21,44504831,NM_001272037.2:c.1601T>G,NP_001258966.1:p.Val534Gly,0.914,26.0,['Unknown%20significance'],0.0,0.0,0.0,4.0,4.0
TSPEAR,21,44504831,NM_001272037.2:c.1601T>C,NP_001258966.1:p.Val534Ala,0.697,23.2,['Unknown%20significance'],0.0,0.0,0.0,2.1,2.1
TSPEAR,21,44504832,NM_001272037.2:c.1600G>A,NP_001258966.1:p.Val534Met,0.703,24.1,['Unknown%20significance'],0.0,0.0,0.0,0.9,0.9
TSPEAR,21,44504834,NM_001272037.2:c.1598T>G,NP_001258966.1:p.Val533Gly,0.890,26.4,['Unknown%20significance'],0.0,0.0,0.0,4.4,4.4
TSPEAR,21,44504834,NM_001272037.2:c.1598T>A,NP_001258966.1:p.Val533Glu,0.917,25.1,['Unknown%20significance'],0.0,0.0,0.0,4.1,4.1
TSPEAR,21,44504835,NM_001272037.2:c.1597G>A,NP_001258966.1:p.Val533Met,0.690,24.1,['Unknown%20significance'],0.0,0.0,0.0,0.9,0.9
TSPEAR,21,44504837,NM_001272037.2:c.1595T>A,NP_001258966.1:p.Leu532Gln,0.939,25.4,['Unknown%20significance'],0.0,0.0,0.0,4.9,4.9
TSPEAR,21,44504839,NM_001272037.2:c.1593C>A,NP_001258966.1:p.Phe531Leu,0.734,25.2,['Unknown%20significance'],0.08,0.0,0.0,1.4,1.4
TSPEAR,21,44504841,NM_001272037.2:c.1591T>C,NP_001258966.1:p.Phe531Leu,0.886,26.0,['Unknown%20significance'],0.08,0.0,0.0,1.4,1.4
TSPEAR,21,44504843,NM_001272037.2:c.1589A>C,NP_001258966.1:p.Tyr530Ser,0.142,14.49,['Likely%20benign'],64.81,0.27,0.0,1.6,1.6
TSPEAR,21,44504846,NM_001272037.2:c.1586A>T,NP_001258966.1:p.Asp529Val,0.782,28.2,['Unknown%20significance'],11.97,0.07,0.0,-0.6,0.6
TSPEAR,21,44504847,NM_001272037.2:c.1585G>T,NP_001258966.1:p.Asp529Tyr,0.668,27.2,['Unknown%20significance'],11.97,0.07,0.0,-1.4,1.4
TSPEAR,21,44504848,NM_001272037.2:c.1584A>T,NP_001258966.1:p.Glu528Asp,0.119,14.09,['Unknown%20significance'],105.52,0.54,0.0,-0.1,0.1
TSPEAR,21,44504848,NM_001272037.2:c.1584A>C,NP_001258966.1:p.Glu528Asp,0.119,13.19,['Unknown%20significance'],105.52,0.54,0.0,-0.1,0.1
TSPEAR,21,44504849,NM_001272037.2:c.1583A>C,NP_001258966.1:p.Glu528Ala,0.571,24.9,['Unknown%20significance'],105.52,0.54,0.0,0.1,0.1
TSPEAR,21,44504850,NM_001272037.2:c.1582G>C,NP_001258966.1:p.Glu528Gln,0.411,23.8,['Unknown%20significance'],105.52,0.54,0.0,-0.1,0.1
TSPEAR,21,44504850,NM_001272037.2:c.1582G>A,NP_001258966.1:p.Glu528Lys,0.399,26.8,['Unknown%20significance'],105.52,0.54,0.0,0.2,0.2
TSPEAR,21,44504852,NM_001272037.2:c.1580G>T,NP_001258966.1:p.Gly527Val,0.845,26.2,['Unknown%20significance'],46.36,0.48,0.0,-0.2,0.2
TSPEAR,21,44504852,NM_001272037.2:c.1580G>A,NP_001258966.1:p.Gly527Glu,0.772,25.8,['Unknown%20significance'],46.36,0.48,0.0,-0.1,0.1
TSPEAR,21,44504853,NM_001272037.2:c.1579G>A,NP_001258966.1:p.Gly527Arg,0.758,26.2,['Unknown%20significance'],46.36,0.48,0.0,-0.5,0.5
TSPEAR,21,44504855,NM_001272037.2:c.1577T>C,NP_001258966.1:p.Val526Ala,0.538,26.2,['Unknown%20significance'],5.54,0.03,0.0,1.4,1.4
TSPEAR,21,44504856,NM_001272037.2:c.1576G>A,NP_001258966.1:p.Val526Met,0.485,24.1,['Unknown%20significance'],5.54,0.03,0.0,0.1,0.1
TSPEAR,21,44504858,NM_001272037.2:c.1574C>T,NP_001258966.1:p.Ser525Leu,0.499,27.6,['Unknown%20significance'],49.96,0.36,0.0,-0.8,0.8
TSPEAR,21,44504861,NM_001272037.2:c.1571T>C,NP_001258966.1:p.Phe524Ser,0.919,29.3,['Unknown%20significance'],15.54,0.06,0.0,4.2,4.2
TSPEAR,21,44504863,NM_001272037.2:c.1569T>A,NP_001258966.1:p.Phe523Leu,0.525,24.1,['Unknown%20significance'],40.77,0.17,0.0,0.1,0.1
TSPEAR,21,44504865,NM_001272037.2:c.1567T>A,NP_001258966.1:p.Phe523Ile,0.624,28.5,['Unknown%20significance'],40.77,0.17,0.0,0.0,0.0
TSPEAR,21,44504867,NM_001272037.2:c.1565A>G,NP_001258966.1:p.Glu522Gly,0.833,33,['Unknown%20significance'],27.16,0.13,0.0,0.7,0.7
TSPEAR,21,44504868,NM_001272037.2:c.1564G>A,NP_001258966.1:p.Glu522Lys,0.689,28.5,['Unknown%20significance'],27.16,0.13,0.0,0.1,0.1
TSPEAR,21,44504870,NM_001272037.2:c.1562G>T,NP_001258966.1:p.Trp521Leu,0.723,28.4,['Unknown%20significance'],1.85,0.0,0.0,0.4,0.4
TSPEAR,21,44504871,NM_001272037.2:c.1561T>C,NP_001258966.1:p.Trp521Arg,0.939,31,['Unknown%20significance'],1.85,0.0,0.0,2.3,2.3
TSPEAR,21,44504873,NM_001272037.2:c.1559A>G,NP_001258966.1:p.Asp520Gly,0.855,32,['Unknown%20significance'],11.09,0.06,0.0,0.5,0.5
TSPEAR,21,44504879,NM_001272037.2:c.1553C>A,NP_001258966.1:p.Ala518Asp,0.860,27.1,['Unknown%20significance'],0.0,0.0,0.0,1.0,1.0
TSPEAR,21,44504880,NM_001272037.2:c.1552G>A,NP_001258966.1:p.Ala518Thr,0.669,29.0,['Unknown%20significance'],0.0,0.0,0.0,0.0,0.0
TSPEAR,21,44504881,NM_001272037.2:c.1551T>G,NP_001258966.1:p.Ser517Arg,0.576,12.51,['Unknown%20significance'],4.34,0.03,0.0,-0.4,0.4
TSPEAR,21,44509199,NM_001272037.2:c.1550G>T,NP_001258966.1:p.Ser517Ile,0.386,34,['Pathogenic'],4.34,0.03,0.0,-0.6,0.6
TSPEAR,21,44509200,NM_001272037.2:c.1549A>C,NP_001258966.1:p.Ser517Arg,0.419,32,['Unknown%20significance'],4.34,0.03,0.0,-0.4,0.4
TSPEAR,21,44509203,NM_001272037.2:c.1546T>C,NP_001258966.1:p.Cys516Arg,0.164,22.4,['Unknown%20significance'],25.23,0.16,0.0,-0.5,0.5
TSPEAR,21,44509205,NM_001272037.2:c.1544C>T,NP_001258966.1:p.Thr515Ile,0.439,25.5,['Unknown%20significance'],0.21,0.0,0.0,-0.6,0.6
TSPEAR,21,44509206,NM_001272037.2:c.1543A>C,NP_001258966.1:p.Thr515Pro,0.562,26.2,['Unknown%20significance'],0.21,0.0,0.0,1.7,1.7
TSPEAR,21,44509208,NM_001272037.2:c.1541T>C,NP_001258966.1:p.Leu514Pro,0.057,15.18,['Likely%20benign'],128.7,0.66,0.0,0.2,0.2
TSPEAR,21,44509209,NM_001272037.2:c.1540C>T,NP_001258966.1:p.Leu514Phe,0.172,23.0,['Unknown%20significance'],128.7,0.66,0.0,-0.0,0.0
TSPEAR,21,44509211,NM_001272037.2:c.1538T>C,NP_001258966.1:p.Ile513Thr,0.525,26.1,['Unknown%20significance'],10.31,0.05,0.0,2.3,2.3
TSPEAR,21,44509212,NM_001272037.2:c.1537A>G,NP_001258966.1:p.Ile513Val,0.169,20.4,['Unknown%20significance'],10.31,0.05,0.0,0.6,0.6
TSPEAR,21,44509213,NM_001272037.2:c.1536C>G,NP_001258966.1:p.Asp512Glu,0.045,17.14,['Likely%20benign'],52.09,0.32,0.0,-0.2,0.2
TSPEAR,21,44509214,NM_001272037.2:c.1535A>G,NP_001258966.1:p.Asp512Gly,0.275,29.5,['Unknown%20significance'],52.09,0.32,0.0,0.3,0.3
TSPEAR,21,44509215,NM_001272037.2:c.1534G>A,NP_001258966.1:p.Asp512Asn,0.112,23.5,['Unknown%20significance'],52.09,0.32,0.0,-0.3,0.3
TSPEAR,21,44509222,NM_001272037.2:c.1527G>C,NP_001258966.1:p.Lys509Asn,0.257,24.4,['Unknown%20significance'],142.21,0.6,0.0,-0.0,0.0
TSPEAR,21,44509223,NM_001272037.2:c.1526A>G,NP_001258966.1:p.Lys509Arg,0.086,20.1,['Unknown%20significance'],142.21,0.6,0.0,-0.4,0.4
TSPEAR,21,44509226,NM_001272037.2:c.1523T>C,NP_001258966.1:p.Val508Ala,0.235,25.8,['Unknown%20significance'],78.07,0.45,0.0,0.9,0.9
TSPEAR,21,44509226,NM_001272037.2:c.1523T>A,NP_001258966.1:p.Val508Asp,0.293,27.0,['Unknown%20significance'],78.07,0.45,0.0,1.4,1.4
TSPEAR,21,44509227,NM_001272037.2:c.1522G>T,NP_001258966.1:p.Val508Phe,0.309,24.9,['Unknown%20significance'],78.07,0.45,0.0,0.2,0.2
TSPEAR,21,44509227,NM_001272037.2:c.1522G>A,NP_001258966.1:p.Val508Ile,0.058,20.6,['Likely%20benign'],78.07,0.45,0.0,0.0,0.0
TSPEAR,21,44509230,NM_001272037.2:c.1519T>C,NP_001258966.1:p.Phe507Leu,0.807,28.3,['Unknown%20significance'],5.8,0.02,0.0,1.2,1.2
TSPEAR,21,44509232,NM_001272037.2:c.1517C>G,NP_001258966.1:p.Ala506Gly,0.068,13.72,['Likely%20benign'],30.41,0.23,0.0,0.8,0.8
TSPEAR,21,44509235,NM_001272037.2:c.1514A>G,NP_001258966.1:p.Gln505Arg,0.154,23.9,['Unknown%20significance'],136.35,0.68,0.0,-0.1,0.1
TSPEAR,21,44509238,NM_001272037.2:c.1511C>T,NP_001258966.1:p.Ala504Val,0.066,23.2,['Unknown%20significance'],78.02,0.61,0.0,-0.1,0.1
TSPEAR,21,44509239,NM_001272037.2:c.1510G>C,NP_001258966.1:p.Ala504Pro,0.147,17.73,['Unknown%20significance'],78.02,0.61,0.0,0.1,0.1
TSPEAR,21,44509239,NM_001272037.2:c.1510G>A,NP_001258966.1:p.Ala504Thr,0.056,16.59,['Unknown%20significance'],78.02,0.61,0.0,-0.2,0.2
TSPEAR,21,44509241,NM_001272037.2:c.1508C>T,NP_001258966.1:p.Thr503Ile,0.073,19.79,['Unknown%20significance'],147.61,0.93,0.0,0.0,0.0
TSPEAR,21,44509245,NM_001272037.2:c.1504G>C,NP_001258966.1:p.Val502Leu,0.063,12.42,['Likely%20benign'],120.44,0.7,0.0,-0.0,0.0
TSPEAR,21,44509245,NM_001272037.2:c.1504G>A,NP_001258966.1:p.Val502Met,0.051,10.74,['Unknown%20significance'],120.44,0.7,0.0,-0.1,0.1
TSPEAR,21,44509251,NM_001272037.2:c.1498C>G,NP_001258966.1:p.Leu500Val,0.250,25.7,['Unknown%20significance'],11.55,0.05,0.0,0.6,0.6
TSPEAR,21,44509254,NM_001272037.2:c.1495G>A,NP_001258966.1:p.Glu499Lys,0.249,22.8,['Unknown%20significance'],21.24,0.1,0.0,-0.2,0.2
TSPEAR,21,44509256,NM_001272037.2:c.1493A>G,NP_001258966.1:p.Tyr498Cys,0.574,27.6,['Unknown%20significance'],9.2,0.03,0.0,3.1,3.1
TSPEAR,21,44509257,NM_001272037.2:c.1492T>C,NP_001258966.1:p.Tyr498His,0.585,26.9,['Unknown%20significance'],9.2,0.03,0.0,2.8,2.8
TSPEAR,21,44509257,NM_001272037.2:c.1492T>A,NP_001258966.1:p.Tyr498Asn,0.414,24.0,['Unknown%20significance'],9.2,0.03,0.0,4.6,4.6
TSPEAR,21,44509259,NM_001272037.2:c.1490T>C,NP_001258966.1:p.Ile497Thr,0.587,26.2,['Unknown%20significance'],0.0,0.0,0.0,3.3,3.3
TSPEAR,21,44509262,NM_001272037.2:c.1487T>A,NP_001258966.1:p.Val496Asp,0.208,23.7,['Unknown%20significance'],7.8,0.04,0.0,2.5,2.5
TSPEAR,21,44509263,NM_001272037.2:c.1486G>A,NP_001258966.1:p.Val496Ile,0.063,17.88,['Unknown%20significance'],7.8,0.04,0.0,-0.1,0.1
TSPEAR,21,44509265,NM_001272037.2:c.1484C>T,NP_001258966.1:p.Ser495Phe,0.483,25.5,['Unknown%20significance'],0.0,0.0,0.0,-1.6,1.6
TSPEAR,21,44509266,NM_001272037.2:c.1483T>C,NP_001258966.1:p.Ser495Pro,0.496,25.7,['Unknown%20significance'],0.0,0.0,0.0,0.6,0.6
TSPEAR,21,44509267,NM_001272037.2:c.1482C>G,NP_001258966.1:p.Asn494Lys,0.145,23.1,['Unknown%20significance'],67.67,0.42,0.0,0.3,0.3
TSPEAR,21,44509268,NM_001272037.2:c.1481A>C,NP_001258966.1:p.Asn494Thr,0.123,22.7,['Unknown%20significance'],67.67,0.42,0.0,-0.3,0.3
TSPEAR,21,44509270,NM_001272037.2:c.1479C>G,NP_001258966.1:p.Ile493Met,0.118,23.8,['Unknown%20significance'],23.29,0.11,0.0,0.3,0.3
TSPEAR,21,44509275,NM_001272037.2:c.1474G>A,NP_001258966.1:p.Val492Ile,0.038,6.160,['Likely%20benign'],67.27,0.39,0.0,-0.0,0.0
TSPEAR,21,44509277,NM_001272037.2:c.1472A>T,NP_001258966.1:p.Tyr491Phe,0.146,23.1,['Unknown%20significance'],58.77,0.24,0.0,0.4,0.4
TSPEAR,21,44509277,NM_001272037.2:c.1472A>G,NP_001258966.1:p.Tyr491Cys,0.410,25.5,['Unknown%20significance'],58.77,0.24,0.0,1.6,1.6
TSPEAR,21,44509278,NM_001272037.2:c.1471T>C,NP_001258966.1:p.Tyr491His,0.285,21.5,['Unknown%20significance'],58.77,0.24,0.0,1.0,1.0
TSPEAR,21,44509283,NM_001272037.2:c.1466A>C,NP_001258966.1:p.Asp489Ala,0.041,17.05,['Unknown%20significance'],58.64,0.36,0.0,-0.1,0.1
TSPEAR,21,44509284,NM_001272037.2:c.1465G>A,NP_001258966.1:p.Asp489Asn,0.060,13.55,['Likely%20benign'],58.64,0.36,0.0,-0.2,0.2
TSPEAR,21,44509288,NM_001272037.2:c.1461G>C,NP_001258966.1:p.Gln487His,0.007,0.900,['Likely%20benign'],181.94,0.92,0.0,-0.0,0.0
TSPEAR,21,44509289,NM_001272037.2:c.1460A>G,NP_001258966.1:p.Gln487Arg,0.050,8.928,['Likely%20benign'],181.94,0.92,0.0,-0.0,0.0
TSPEAR,21,44509293,NM_001272037.2:c.1456G>A,NP_001258966.1:p.Val486Ile,0.013,5.172,['Likely%20benign'],126.86,0.73,0.0,-0.1,0.1
TSPEAR,21,44509295,NM_001272037.2:c.1454A>G,NP_001258966.1:p.Gln485Arg,0.015,9.577,['Likely%20benign'],200.64,1.0,0.0,-0.0,0.0
TSPEAR,21,44509295,NM_001272037.2:c.1454A>C,NP_001258966.1:p.Gln485Pro,0.017,11.14,['Likely%20benign'],200.64,1.0,0.0,0.1,0.1
TSPEAR,21,44509297,NM_001272037.2:c.1452G>A,NP_001258966.1:p.Met484Ile,0.042,12.34,['Likely%20benign'],91.5,0.42,0.0,0.2,0.2
TSPEAR,21,44509298,NM_001272037.2:c.1451T>G,NP_001258966.1:p.Met484Arg,0.036,7.888,['Likely%20benign'],91.5,0.42,0.0,0.1,0.1
TSPEAR,21,44509298,NM_001272037.2:c.1451T>A,NP_001258966.1:p.Met484Lys,0.054,6.312,['Likely%20benign'],91.5,0.42,0.0,0.6,0.6
TSPEAR,21,44509300,NM_001272037.2:c.1449G>T,NP_001258966.1:p.Glu483Asp,0.054,0.770,['Unknown%20significance'],132.17,0.67,0.0,0.1,0.1
TSPEAR,21,44509301,NM_001272037.2:c.1448A>G,NP_001258966.1:p.Glu483Gly,0.013,7.921,['Likely%20benign'],132.17,0.67,0.0,0.2,0.2
TSPEAR,21,44509301,NM_001272037.2:c.1448A>C,NP_001258966.1:p.Glu483Ala,0.012,4.079,['Unknown%20significance'],132.17,0.67,0.0,0.1,0.1
TSPEAR,21,44509302,NM_001272037.2:c.1447G>C,NP_001258966.1:p.Glu483Gln,0.010,6.830,['Likely%20benign'],132.17,0.67,0.0,-0.1,0.1
TSPEAR,21,44509302,NM_001272037.2:c.1447G>A,NP_001258966.1:p.Glu483Lys,0.013,7.381,['Likely%20benign'],132.17,0.67,0.0,0.1,0.1
TSPEAR,21,44509305,NM_001272037.2:c.1444G>A,NP_001258966.1:p.Val482Met,0.031,18.62,['Likely%20benign'],94.86,0.55,0.0,0.0,0.0
TSPEAR,21,44509308,NM_001272037.2:c.1441G>T,NP_001258966.1:p.Asp481Tyr,0.234,23.6,['Unknown%20significance'],7.69,0.04,0.0,-0.8,0.8
TSPEAR,21,44509308,NM_001272037.2:c.1441G>A,NP_001258966.1:p.Asp481Asn,0.050,22.2,['Unknown%20significance'],7.69,0.04,0.0,-0.1,0.1
TSPEAR,21,44509310,NM_001272037.2:c.1439A>G,NP_001258966.1:p.Tyr480Cys,0.188,24.4,['Unknown%20significance'],65.24,0.27,0.0,1.7,1.7
TSPEAR,21,44509311,NM_001272037.2:c.1438T>C,NP_001258966.1:p.Tyr480His,0.137,24.1,['Unknown%20significance'],65.24,0.27,0.0,1.2,1.2
TSPEAR,21,44509312,NM_001272037.2:c.1437C>G,NP_001258966.1:p.Ser479Arg,0.027,15.52,['Likely%20benign'],27.2,0.19,0.0,-0.5,0.5
TSPEAR,21,44509313,NM_001272037.2:c.1436G>A,NP_001258966.1:p.Ser479Asn,0.067,16.67,['Unknown%20significance'],27.2,0.19,0.0,0.1,0.1
TSPEAR,21,44509317,NM_001272037.2:c.1432C>A,NP_001258966.1:p.His478Asn,0.138,24.0,['Unknown%20significance'],36.87,0.17,0.0,0.7,0.7
TSPEAR,21,44509320,NM_001272037.2:c.1429A>G,NP_001258966.1:p.Ser477Gly,0.250,18.49,['Unknown%20significance'],5.15,0.03,0.0,1.0,1.0
TSPEAR,21,44509325,NM_001272037.2:c.1424C>T,NP_001258966.1:p.Ala475Val,0.682,24.6,['Unknown%20significance'],0.0,0.0,0.0,-0.7,0.7
TSPEAR,21,44509326,NM_001272037.2:c.1423G>A,NP_001258966.1:p.Ala475Thr,0.671,24.0,['Unknown%20significance'],0.0,0.0,0.0,0.5,0.5
TSPEAR,21,44509329,NM_001272037.2:c.1420G>A,NP_001258966.1:p.Val474Met,0.563,23.4,['Unknown%20significance'],0.0,0.0,0.0,0.9,0.9
TSPEAR,21,44509331,NM_001272037.2:c.1418C>T,NP_001258966.1:p.Ala473Val,0.549,22.2,['Unknown%20significance'],0.0,0.0,0.0,-2.0,2.0
TSPEAR,21,44509332,NM_001272037.2:c.1417G>T,NP_001258966.1:p.Ala473Ser,0.585,23.3,['Unknown%20significance'],0.0,0.0,0.0,1.8,1.8
TSPEAR,21,44509332,NM_001272037.2:c.1417G>C,NP_001258966.1:p.Ala473Pro,0.719,23.8,['Unknown%20significance'],0.0,0.0,0.0,1.7,1.7
TSPEAR,21,44509332,NM_001272037.2:c.1417G>A,NP_001258966.1:p.Ala473Thr,0.611,23.7,['Unknown%20significance'],0.0,0.0,0.0,0.7,0.7
TSPEAR,21,44509334,NM_001272037.2:c.1415T>A,NP_001258966.1:p.Leu472His,0.848,25.1,['Unknown%20significance'],0.0,0.0,0.0,4.3,4.3
TSPEAR,21,44509336,NM_001272037.2:c.1413C>A,NP_001258966.1:p.Phe471Leu,0.607,22.7,['Unknown%20significance'],0.0,0.0,0.0,1.2,1.2
TSPEAR,21,44509337,NM_001272037.2:c.1412T>G,NP_001258966.1:p.Phe471Cys,0.858,25.7,['Unknown%20significance'],0.0,0.0,0.0,3.4,3.4
TSPEAR,21,44509338,NM_001272037.2:c.1411T>C,NP_001258966.1:p.Phe471Leu,0.742,25.9,['Unknown%20significance'],0.0,0.0,0.0,1.2,1.2
TSPEAR,21,44509339,NM_001272037.2:c.1410C>G,NP_001258966.1:p.Ile470Met,0.253,15.41,['Unknown%20significance'],16.37,0.08,0.0,0.4,0.4
TSPEAR,21,44509340,NM_001272037.2:c.1409T>C,NP_001258966.1:p.Ile470Thr,0.222,19.68,['Likely%20benign'],16.37,0.08,0.0,1.2,1.2
TSPEAR,21,44509341,NM_001272037.2:c.1408A>C,NP_001258966.1:p.Ile470Leu,0.196,1.455,['Likely%20benign'],16.37,0.08,0.0,-0.1,0.1
TSPEAR,21,44509342,NM_001272037.2:c.1407G>T,NP_001258966.1:p.Arg469Ser,0.594,23.5,['Unknown%20significance'],65.52,0.24,0.0,0.9,0.9
TSPEAR,21,44509345,NM_001272037.2:c.1404G>C,NP_001258966.1:p.Glu468Asp,0.180,12.03,['Likely%20benign'],185.25,0.94,0.0,-0.0,0.0
TSPEAR,21,44509346,NM_001272037.2:c.1403A>G,NP_001258966.1:p.Glu468Gly,0.178,22.5,['Likely%20benign'],185.25,0.94,0.0,0.0,0.0
TSPEAR,21,44509347,NM_001272037.2:c.1402G>A,NP_001258966.1:p.Glu468Lys,0.208,20.8,['Likely%20benign'],185.25,0.94,0.0,0.0,0.0
TSPEAR,21,44509349,NM_001272037.2:c.1400G>A,NP_001258966.1:p.Gly467Glu,0.295,17.65,['Unknown%20significance'],66.96,0.7,0.0,-0.0,0.0
TSPEAR,21,44509350,NM_001272037.2:c.1399G>T,NP_001258966.1:p.Gly467Trp,0.576,23.8,['Unknown%20significance'],66.96,0.7,0.0,-0.3,0.3
TSPEAR,21,44509350,NM_001272037.2:c.1399G>C,NP_001258966.1:p.Gly467Arg,0.525,17.44,['Unknown%20significance'],66.96,0.7,0.0,-0.2,0.2
TSPEAR,21,44509350,NM_001272037.2:c.1399G>A,NP_001258966.1:p.Gly467Arg,0.513,18.06,['Unknown%20significance'],66.96,0.7,0.0,-0.2,0.2
TSPEAR,21,44509351,NM_001272037.2:c.1398C>G,NP_001258966.1:p.Ile466Met,0.531,4.954,['Unknown%20significance'],11.17,0.05,0.0,0.6,0.6
TSPEAR,21,44509352,NM_001272037.2:c.1397T>C,NP_001258966.1:p.Ile466Thr,0.817,25.1,['Unknown%20significance'],11.17,0.05,0.0,1.6,1.6
TSPEAR,21,44509354,NM_001272037.2:c.1395G>C,NP_001258966.1:p.Gln465His,0.120,13.32,['Likely%20benign'],97.4,0.49,0.0,-0.1,0.1
TSPEAR,21,44509355,NM_001272037.2:c.1394A>G,NP_001258966.1:p.Gln465Arg,0.227,10.03,['Likely%20benign'],97.4,0.49,0.0,-0.2,0.2
TSPEAR,21,44509358,NM_001272037.2:c.1391T>C,NP_001258966.1:p.Phe464Ser,0.951,28.6,['Unknown%20significance'],9.97,0.04,0.0,4.5,4.5
TSPEAR,21,44509359,NM_001272037.2:c.1390T>C,NP_001258966.1:p.Phe464Leu,0.757,24.3,['Unknown%20significance'],9.97,0.04,0.0,1.0,1.0
TSPEAR,21,44509359,NM_001272037.2:c.1390T>A,NP_001258966.1:p.Phe464Ile,0.890,26.5,['Unknown%20significance'],9.97,0.04,0.0,1.1,1.1
TSPEAR,21,44509361,NM_001272037.2:c.1388T>G,NP_001258966.1:p.Val463Gly,0.477,23.8,['Unknown%20significance'],34.34,0.19,0.0,2.3,2.3
TSPEAR,21,44509361,NM_001272037.2:c.1388T>C,NP_001258966.1:p.Val463Ala,0.212,21.9,['Unknown%20significance'],34.34,0.19,0.0,1.1,1.1
TSPEAR,21,44509362,NM_001272037.2:c.1387G>A,NP_001258966.1:p.Val463Ile,0.143,18.44,['Unknown%20significance'],34.34,0.19,0.0,-0.1,0.1
TSPEAR,21,44509363,NM_001272037.2:c.1386G>C,NP_001258966.1:p.Glu462Asp,0.621,12.82,['Unknown%20significance'],24.98,0.12,0.0,0.5,0.5
TSPEAR,21,44509367,NM_001272037.2:c.1382G>C,NP_001258966.1:p.Trp461Ser,0.857,27.8,['Unknown%20significance'],2.51,0.0,0.0,3.3,3.3
TSPEAR,21,44509368,NM_001272037.2:c.1381T>C,NP_001258966.1:p.Trp461Arg,0.844,27.7,['Unknown%20significance'],2.51,0.0,0.0,2.4,2.4
TSPEAR,21,44509369,NM_001272037.2:c.1380C>G,NP_001258966.1:p.Asp460Glu,0.707,25.2,['Unknown%20significance'],12.53,0.07,0.0,-0.1,0.1
TSPEAR,21,44509370,NM_001272037.2:c.1379A>T,NP_001258966.1:p.Asp460Val,0.761,26.3,['Unknown%20significance'],12.53,0.07,0.0,-1.3,1.3
TSPEAR,21,44509370,NM_001272037.2:c.1379A>G,NP_001258966.1:p.Asp460Gly,0.685,24.4,['Unknown%20significance'],12.53,0.07,0.0,0.3,0.3
TSPEAR,21,44509370,NM_001272037.2:c.1379A>C,NP_001258966.1:p.Asp460Ala,0.660,26.6,['Unknown%20significance'],12.53,0.07,0.0,-0.6,0.6
TSPEAR,21,44509371,NM_001272037.2:c.1378G>C,NP_001258966.1:p.Asp460His,0.764,25.5,['Unknown%20significance'],12.53,0.07,0.0,-0.9,0.9
TSPEAR,21,44509377,NM_001272037.2:c.1372G>A,NP_001258966.1:p.Ala458Thr,0.646,24.9,['Unknown%20significance'],0.0,0.0,0.0,0.2,0.2
TSPEAR,21,44509379,NM_001272037.2:c.1370G>T,NP_001258966.1:p.Gly457Val,0.643,23.4,['Unknown%20significance'],0.0,0.0,0.0,-0.7,0.7
TSPEAR,21,44509379,NM_001272037.2:c.1370G>A,NP_001258966.1:p.Gly457Asp,0.653,23.4,['Likely%20pathogenic'],0.0,0.0,0.0,0.5,0.5
TSPEAR,21,44509380,NM_001272037.2:c.1369G>C,NP_001258966.1:p.Gly457Arg,0.614,23.3,['Unknown%20significance'],0.0,0.0,0.0,-0.5,0.5
TSPEAR,21,44509380,NM_001272037.2:c.1369G>A,NP_001258966.1:p.Gly457Ser,0.551,22.2,['Unknown%20significance'],0.0,0.0,0.0,-0.1,0.1
TSPEAR,21,44509381,NM_001272037.2:c.1368C>G,NP_001258966.1:p.Phe456Leu,0.604,0.507,['Unknown%20significance'],61.09,0.26,0.0,0.2,0.2
TSPEAR,21,44509381,NM_001272037.2:c.1368C>A,NP_001258966.1:p.Phe456Leu,0.604,0.978,['Unknown%20significance'],61.09,0.26,0.0,0.2,0.2
TSPEAR,21,44509382,NM_001272037.2:c.1367T>G,NP_001258966.1:p.Phe456Cys,0.662,22.5,['Unknown%20significance'],61.09,0.26,0.0,0.9,0.9
TSPEAR,21,44509383,NM_001272037.2:c.1366T>C,NP_001258966.1:p.Phe456Leu,0.563,14.32,['Unknown%20significance'],61.09,0.26,0.0,0.2,0.2
TSPEAR,21,44509385,NM_001272037.2:c.1364C>T,NP_001258966.1:p.Thr455Met,0.715,24.8,['Unknown%20significance'],0.0,0.0,0.0,-0.5,0.5
TSPEAR,21,44509386,NM_001272037.2:c.1363A>T,NP_001258966.1:p.Thr455Ser,0.637,24.3,['Unknown%20significance'],0.0,0.0,0.0,1.0,1.0
TSPEAR,21,44521884,NM_001272037.2:c.1361C>T,NP_001258966.1:p.Pro454Leu,0.182,17.11,['Likely%20benign'],72.39,0.46,0.0,-0.2,0.2
TSPEAR,21,44521884,NM_001272037.2:c.1361C>G,NP_001258966.1:p.Pro454Arg,0.204,14.44,['Likely%20benign'],72.39,0.46,0.0,0.0,0.0
TSPEAR,21,44521886,NM_001272037.2:c.1359C>G,NP_001258966.1:p.Phe453Leu,0.168,22.0,['Unknown%20significance'],3.25,0.01,0.0,-0.2,0.2
TSPEAR,21,44521887,NM_001272037.2:c.1358T>C,NP_001258966.1:p.Phe453Ser,0.756,28.4,['Unknown%20significance'],3.25,0.01,0.0,3.0,3.0
TSPEAR,21,44521888,NM_001272037.2:c.1357T>A,NP_001258966.1:p.Phe453Ile,0.132,20.1,['Unknown%20significance'],3.25,0.01,0.0,-0.3,0.3
TSPEAR,21,44521890,NM_001272037.2:c.1355C>T,NP_001258966.1:p.Ser452Phe,0.367,23.9,['Unknown%20significance'],40.91,0.29,0.0,-0.8,0.8
TSPEAR,21,44521890,NM_001272037.2:c.1355C>G,NP_001258966.1:p.Ser452Cys,0.499,26.1,['Unknown%20significance'],40.91,0.29,0.0,-0.1,0.1
TSPEAR,21,44521890,NM_001272037.2:c.1355C>A,NP_001258966.1:p.Ser452Tyr,0.360,22.4,['Unknown%20significance'],40.91,0.29,0.0,-1.0,1.0
TSPEAR,21,44521891,NM_001272037.2:c.1354T>C,NP_001258966.1:p.Ser452Pro,0.706,25.5,['Unknown%20significance'],40.91,0.29,0.0,0.2,0.2
TSPEAR,21,44521892,NM_001272037.2:c.1353G>C,NP_001258966.1:p.Gln451His,0.878,25.1,['Unknown%20significance'],38.67,0.19,0.0,0.0,0.0
TSPEAR,21,44521893,NM_001272037.2:c.1352A>T,NP_001258966.1:p.Gln451Leu,0.961,28.8,['Unknown%20significance'],38.67,0.19,0.0,-0.5,0.5
TSPEAR,21,44521895,NM_001272037.2:c.1350C>G,NP_001258966.1:p.Phe450Leu,0.695,24.9,['Unknown%20significance'],57.24,0.24,0.0,0.4,0.4
TSPEAR,21,44521897,NM_001272037.2:c.1348T>A,NP_001258966.1:p.Phe450Ile,0.788,25.1,['Unknown%20significance'],57.24,0.24,0.0,0.3,0.3
TSPEAR,21,44521900,NM_001272037.2:c.1345C>T,NP_001258966.1:p.Leu449Phe,0.460,23.9,['Unknown%20significance'],114.27,0.59,0.0,0.1,0.1
TSPEAR,21,44521906,NM_001272037.2:c.1339T>C,NP_001258966.1:p.Phe447Leu,0.987,28.8,['Unknown%20significance'],5.21,0.02,0.0,1.2,1.2
TSPEAR,21,44521908,NM_001272037.2:c.1337C>T,NP_001258966.1:p.Ser446Phe,0.549,23.5,['Unknown%20significance'],49.94,0.36,0.0,-0.7,0.7
TSPEAR,21,44521908,NM_001272037.2:c.1337C>A,NP_001258966.1:p.Ser446Tyr,0.601,23.1,['Unknown%20significance'],49.94,0.36,0.0,-1.0,1.0
TSPEAR,21,44521911,NM_001272037.2:c.1334G>A,NP_001258966.1:p.Gly445Asp,0.265,24.4,['Unknown%20significance'],40.09,0.42,0.0,0.1,0.1
TSPEAR,21,44521914,NM_001272037.2:c.1331T>G,NP_001258966.1:p.Leu444Arg,0.019,11.83,['Likely%20benign'],206.32,1.0,0.0,-0.0,0.0
TSPEAR,21,44521914,NM_001272037.2:c.1331T>C,NP_001258966.1:p.Leu444Pro,0.032,14.40,['Likely%20benign'],206.32,1.0,0.0,0.0,0.0
TSPEAR,21,44521920,NM_001272037.2:c.1325G>T,NP_001258966.1:p.Arg442Leu,0.268,21.6,['Unknown%20significance'],16.49,0.06,0.0,-1.2,1.2
TSPEAR,21,44521920,NM_001272037.2:c.1325G>A,NP_001258966.1:p.Arg442Gln,0.248,23.1,['Unknown%20significance'],16.49,0.06,0.0,0.5,0.5
TSPEAR,21,44521922,NM_001272037.2:c.1323C>G,NP_001258966.1:p.Ile441Met,0.063,21.4,['Unknown%20significance'],10.15,0.05,0.0,0.2,0.2
TSPEAR,21,44521923,NM_001272037.2:c.1322T>C,NP_001258966.1:p.Ile441Thr,0.166,22.7,['Unknown%20significance'],10.15,0.05,0.0,1.2,1.2
TSPEAR,21,44521924,NM_001272037.2:c.1321A>C,NP_001258966.1:p.Ile441Leu,0.023,8.171,['Unknown%20significance'],10.15,0.05,0.0,-0.0,0.0
TSPEAR,21,44521929,NM_001272037.2:c.1316T>G,NP_001258966.1:p.Leu439Arg,0.439,24.2,['Unknown%20significance'],0.0,0.0,0.0,3.0,3.0
TSPEAR,21,44521930,NM_001272037.2:c.1315C>T,NP_001258966.1:p.Leu439Phe,0.178,22.7,['Unknown%20significance'],0.0,0.0,0.0,0.5,0.5
TSPEAR,21,44521932,NM_001272037.2:c.1313A>T,NP_001258966.1:p.His438Leu,0.227,12.69,['Likely%20benign'],43.11,0.2,0.0,-1.0,1.0
TSPEAR,21,44521933,NM_001272037.2:c.1312C>T,NP_001258966.1:p.His438Tyr,0.139,15.19,['Likely%20benign'],43.11,0.2,0.0,-1.0,1.0
TSPEAR,21,44521933,NM_001272037.2:c.1312C>A,NP_001258966.1:p.His438Asn,0.074,8.183,['Likely%20benign'],43.11,0.2,0.0,0.8,0.8
TSPEAR,21,44521935,NM_001272037.2:c.1310C>T,NP_001258966.1:p.Ser437Leu,0.649,25.1,['Unknown%20significance'],0.0,0.0,0.0,-1.8,1.8
TSPEAR,21,44521935,NM_001272037.2:c.1310C>G,NP_001258966.1:p.Ser437Trp,0.630,25.2,['Unknown%20significance'],0.0,0.0,0.0,-1.4,1.4
TSPEAR,21,44521938,NM_001272037.2:c.1307A>G,NP_001258966.1:p.His436Arg,0.026,15.87,['Likely%20benign'],104.93,0.51,0.0,-0.0,0.0
TSPEAR,21,44521938,NM_001272037.2:c.1307A>C,NP_001258966.1:p.His436Pro,0.031,15.46,['Unknown%20significance'],104.93,0.51,0.0,0.4,0.4
TSPEAR,21,44521939,NM_001272037.2:c.1306C>T,NP_001258966.1:p.His436Tyr,0.021,6.841,['Likely%20benign'],104.93,0.51,0.0,-0.3,0.3
TSPEAR,21,44521942,NM_001272037.2:c.1303G>A,NP_001258966.1:p.Val435Met,0.050,21.5,['Unknown%20significance'],9.16,0.05,0.0,0.2,0.2
TSPEAR,21,44521944,NM_001272037.2:c.1301A>C,NP_001258966.1:p.Lys434Thr,0.029,1.973,['Likely%20benign'],127.7,0.53,0.0,-0.3,0.3
TSPEAR,21,44521947,NM_001272037.2:c.1298C>T,NP_001258966.1:p.Thr433Ile,0.343,24.3,['Unknown%20significance'],0.69,0.0,0.0,-0.5,0.5
TSPEAR,21,44521947,NM_001272037.2:c.1298C>A,NP_001258966.1:p.Thr433Asn,0.295,24.0,['Unknown%20significance'],0.69,0.0,0.0,0.7,0.7
TSPEAR,21,44521953,NM_001272037.2:c.1292C>T,NP_001258966.1:p.Thr431Ile,0.137,17.19,['Unknown%20significance'],61.35,0.38,0.0,-0.1,0.1
TSPEAR,21,44521954,NM_001272037.2:c.1291A>G,NP_001258966.1:p.Thr431Ala,0.098,21.0,['Unknown%20significance'],61.35,0.38,0.0,0.4,0.4
TSPEAR,21,44521956,NM_001272037.2:c.1289G>T,NP_001258966.1:p.Gly430Val,0.593,25.0,['Unknown%20significance'],32.43,0.34,0.0,-0.3,0.3
TSPEAR,21,44521956,NM_001272037.2:c.1289G>A,NP_001258966.1:p.Gly430Asp,0.404,25.1,['Unknown%20significance'],32.43,0.34,0.0,-0.3,0.3
TSPEAR,21,44521957,NM_001272037.2:c.1288G>T,NP_001258966.1:p.Gly430Cys,0.592,26.3,['Unknown%20significance'],32.43,0.34,0.0,0.1,0.1
TSPEAR,21,44521957,NM_001272037.2:c.1288G>A,NP_001258966.1:p.Gly430Ser,0.457,25.6,['Unknown%20significance'],32.43,0.34,0.0,-0.2,0.2
TSPEAR,21,44521958,NM_001272037.2:c.1287C>A,NP_001258966.1:p.Asn429Lys,0.112,22.2,['Likely%20pathogenic'],47.35,0.29,0.0,0.3,0.3
TSPEAR,21,44521959,NM_001272037.2:c.1286A>C,NP_001258966.1:p.Asn429Thr,0.248,25.9,['Unknown%20significance'],47.35,0.29,0.0,-0.3,0.3
TSPEAR,21,44521965,NM_001272037.2:c.1280C>T,NP_001258966.1:p.Thr427Ile,0.107,24.1,['Unknown%20significance'],11.03,0.07,0.0,-0.8,0.8
TSPEAR,21,44521968,NM_001272037.2:c.1277A>G,NP_001258966.1:p.Asn426Ser,0.308,25.7,['Unknown%20significance'],0.02,0.0,0.0,0.3,0.3
TSPEAR,21,44521969,NM_001272037.2:c.1276A>G,NP_001258966.1:p.Asn426Asp,0.355,26.9,['Unknown%20significance'],0.02,0.0,0.0,0.5,0.5
TSPEAR,21,44521974,NM_001272037.2:c.1271T>C,NP_001258966.1:p.Val424Ala,0.315,27.1,['Unknown%20significance'],0.0,0.0,0.0,2.5,2.5
TSPEAR,21,44521978,NM_001272037.2:c.1267G>T,NP_001258966.1:p.Val423Leu,0.078,22.9,['Unknown%20significance'],0.0,0.0,0.0,0.2,0.2
TSPEAR,21,44521980,NM_001272037.2:c.1265T>A,NP_001258966.1:p.Leu422Gln,0.626,28.5,['Pathogenic'],0.0,0.0,0.0,4.9,4.9
TSPEAR,21,44521983,NM_001272037.2:c.1262T>G,NP_001258966.1:p.Phe421Cys,0.578,25.2,['Unknown%20significance'],6.94,0.03,0.0,3.4,3.4
TSPEAR,21,44521983,NM_001272037.2:c.1262T>C,NP_001258966.1:p.Phe421Ser,0.719,29.6,['Unknown%20significance'],6.94,0.03,0.0,4.7,4.7
TSPEAR,21,44521986,NM_001272037.2:c.1259C>T,NP_001258966.1:p.Ser420Leu,0.049,22.5,['Unknown%20significance'],2.56,0.01,0.0,-2.1,2.1
TSPEAR,21,44521986,NM_001272037.2:c.1259C>G,NP_001258966.1:p.Ser420Trp,0.126,24.7,['Unknown%20significance'],2.56,0.01,0.0,-1.9,1.9
TSPEAR,21,44521987,NM_001272037.2:c.1258T>A,NP_001258966.1:p.Ser420Thr,0.019,15.85,['Likely%20benign'],2.56,0.01,0.0,-0.7,0.7
TSPEAR,21,44521992,NM_001272037.2:c.1253C>T,NP_001258966.1:p.Pro418Leu,0.448,28.6,['Unknown%20significance'],138.65,0.88,0.0,-0.1,0.1
TSPEAR,21,44521993,NM_001272037.2:c.1252C>G,NP_001258966.1:p.Pro418Ala,0.239,22.8,['Unknown%20significance'],138.65,0.88,0.0,0.0,0.0
TSPEAR,21,44521993,NM_001272037.2:c.1252C>A,NP_001258966.1:p.Pro418Thr,0.319,26.5,['Unknown%20significance'],138.65,0.88,0.0,-0.1,0.1
TSPEAR,21,44521995,NM_001272037.2:c.1250G>A,NP_001258966.1:p.Gly417Glu,0.372,26.0,['Unknown%20significance'],76.28,0.8,0.0,-0.0,0.0
TSPEAR,21,44521996,NM_001272037.2:c.1249G>A,NP_001258966.1:p.Gly417Arg,0.385,26.8,['Unknown%20significance'],76.28,0.8,0.0,-0.2,0.2
TSPEAR,21,44521998,NM_001272037.2:c.1247T>C,NP_001258966.1:p.Val416Ala,0.108,24.8,['Unknown%20significance'],30.48,0.17,0.0,1.3,1.3
TSPEAR,21,44522001,NM_001272037.2:c.1244G>T,NP_001258966.1:p.Ser415Ile,0.060,23.0,['Unknown%20significance'],56.52,0.4,0.0,-0.8,0.8
TSPEAR,21,44522001,NM_001272037.2:c.1244G>A,NP_001258966.1:p.Ser415Asn,0.043,22.6,['Likely%20benign'],56.52,0.4,0.0,0.1,0.1
TSPEAR,21,44522002,NM_001272037.2:c.1243A>G,NP_001258966.1:p.Ser415Gly,0.041,22.8,['Unknown%20significance'],56.52,0.4,0.0,0.6,0.6
TSPEAR,21,44522005,NM_001272037.2:c.1240T>C,NP_001258966.1:p.Phe414Leu,0.615,28.9,['Unknown%20significance'],13.99,0.06,0.0,1.1,1.1
TSPEAR,21,44522007,NM_001272037.2:c.1238T>G,NP_001258966.1:p.Phe413Cys,0.300,29.0,['Unknown%20significance'],35.81,0.15,0.0,1.6,1.6
TSPEAR,21,44522007,NM_001272037.2:c.1238T>C,NP_001258966.1:p.Phe413Ser,0.279,25.3,['Unknown%20significance'],35.81,0.15,0.0,2.5,2.5
TSPEAR,21,44522008,NM_001272037.2:c.1237T>G,NP_001258966.1:p.Phe413Val,0.211,27.2,['Unknown%20significance'],35.81,0.15,0.0,0.5,0.5
TSPEAR,21,44522009,NM_001272037.2:c.1236G>T,NP_001258966.1:p.Glu412Asp,0.325,24.0,['Unknown%20significance'],17.39,0.08,0.0,0.5,0.5
TSPEAR,21,44522010,NM_001272037.2:c.1235A>C,NP_001258966.1:p.Glu412Ala,0.498,28.1,['Unknown%20significance'],17.39,0.08,0.0,-0.7,0.7
TSPEAR,21,44522011,NM_001272037.2:c.1234G>A,NP_001258966.1:p.Glu412Lys,0.419,27.0,['Unknown%20significance'],17.39,0.08,0.0,0.1,0.1
TSPEAR,21,44522014,NM_001272037.2:c.1231T>G,NP_001258966.1:p.Trp411Gly,0.545,29.3,['Unknown%20significance'],3.06,0.01,0.0,4.4,4.4
TSPEAR,21,44522016,NM_001272037.2:c.1229A>C,NP_001258966.1:p.Asp410Ala,0.519,27.6,['Unknown%20significance'],15.33,0.09,0.0,-0.6,0.6
TSPEAR,21,44522017,NM_001272037.2:c.1228G>A,NP_001258966.1:p.Asp410Asn,0.235,27.2,['Unknown%20significance'],15.33,0.09,0.0,-0.3,0.3
TSPEAR,21,44522019,NM_001272037.2:c.1226A>G,NP_001258966.1:p.Tyr409Cys,0.290,26.2,['Unknown%20significance'],26.48,0.11,0.0,1.6,1.6
TSPEAR,21,44522020,NM_001272037.2:c.1225T>A,NP_001258966.1:p.Tyr409Asn,0.344,27.6,['Unknown%20significance'],26.48,0.11,0.0,2.0,2.0
TSPEAR,21,44522023,NM_001272037.2:c.1222G>C,NP_001258966.1:p.Ala408Pro,0.493,25.6,['Unknown%20significance'],0.0,0.0,0.0,0.8,0.8
TSPEAR,21,44522023,NM_001272037.2:c.1222G>A,NP_001258966.1:p.Ala408Thr,0.355,25.2,['Unknown%20significance'],0.0,0.0,0.0,0.2,0.2
TSPEAR,21,44522025,NM_001272037.2:c.1220G>A,NP_001258966.1:p.Gly407Asp,0.422,24.2,['Unknown%20significance'],0.0,0.0,0.0,0.2,0.2
TSPEAR,21,44522026,NM_001272037.2:c.1219G>T,NP_001258966.1:p.Gly407Cys,0.524,25.0,['Unknown%20significance'],0.0,0.0,0.0,-0.2,0.2
TSPEAR,21,44522026,NM_001272037.2:c.1219G>C,NP_001258966.1:p.Gly407Arg,0.444,24.8,['Pathogenic'],0.0,0.0,0.0,-0.6,0.6
TSPEAR,21,44522026,NM_001272037.2:c.1219G>A,NP_001258966.1:p.Gly407Ser,0.304,24.5,['Unknown%20significance'],0.0,0.0,0.0,-0.1,0.1
TSPEAR,21,44522028,NM_001272037.2:c.1217C>T,NP_001258966.1:p.Ser406Phe,0.246,25.3,['Unknown%20significance'],25.07,0.18,0.0,-0.9,0.9
TSPEAR,21,44522028,NM_001272037.2:c.1217C>G,NP_001258966.1:p.Ser406Cys,0.256,23.5,['Unknown%20significance'],25.07,0.18,0.0,0.1,0.1
TSPEAR,21,44522031,NM_001272037.2:c.1214C>T,NP_001258966.1:p.Thr405Ile,0.545,25.6,['Unknown%20significance'],0.85,0.0,0.0,-0.7,0.7
TSPEAR,21,44522031,NM_001272037.2:c.1214C>A,NP_001258966.1:p.Thr405Asn,0.375,25.0,['Unknown%20significance'],0.85,0.0,0.0,1.0,1.0
TSPEAR,21,44522032,NM_001272037.2:c.1213A>T,NP_001258966.1:p.Thr405Ser,0.429,25.1,['Unknown%20significance'],0.85,0.0,0.0,0.9,0.9
TSPEAR,21,44522032,NM_001272037.2:c.1213A>G,NP_001258966.1:p.Thr405Ala,0.532,25.7,['Unknown%20significance'],0.85,0.0,0.0,0.5,0.5
TSPEAR,21,44522034,NM_001272037.2:c.1211C>T,NP_001258966.1:p.Ala404Val,0.037,20.4,['Unknown%20significance'],82.72,0.65,0.0,-0.2,0.2
TSPEAR,21,44522035,NM_001272037.2:c.1210G>A,NP_001258966.1:p.Ala404Thr,0.067,18.48,['Unknown%20significance'],82.72,0.65,0.0,-0.1,0.1
TSPEAR,21,44522036,NM_001272037.2:c.1209C>G,NP_001258966.1:p.Ile403Met,0.356,9.727,['Unknown%20significance'],11.35,0.05,0.0,0.8,0.8
TSPEAR,21,44522038,NM_001272037.2:c.1207A>G,NP_001258966.1:p.Ile403Val,0.120,19.02,['Unknown%20significance'],11.35,0.05,0.0,0.6,0.6
TSPEAR,21,44522038,NM_001272037.2:c.1207A>C,NP_001258966.1:p.Ile403Leu,0.089,19.28,['Unknown%20significance'],11.35,0.05,0.0,0.1,0.1
TSPEAR,21,44522040,NM_001272037.2:c.1205C>T,NP_001258966.1:p.Thr402Ile,0.079,22.7,['Unknown%20significance'],91.34,0.58,0.0,-0.2,0.2
TSPEAR,21,44522040,NM_001272037.2:c.1205C>G,NP_001258966.1:p.Thr402Ser,0.043,17.60,['Unknown%20significance'],91.34,0.58,0.0,0.2,0.2
TSPEAR,21,44522041,NM_001272037.2:c.1204A>C,NP_001258966.1:p.Thr402Pro,0.151,24.9,['Unknown%20significance'],91.34,0.58,0.0,0.4,0.4
TSPEAR,21,44522042,NM_001272037.2:c.1203G>T,NP_001258966.1:p.Gln401His,0.510,24.1,['Unknown%20significance'],38.03,0.19,0.0,0.0,0.0
TSPEAR,21,44522045,NM_001272037.2:c.1200C>G,NP_001258966.1:p.Asn400Lys,0.098,23.0,['Unknown%20significance'],59.79,0.37,0.0,0.2,0.2
TSPEAR,21,44522046,NM_001272037.2:c.1199A>G,NP_001258966.1:p.Asn400Ser,0.090,22.9,['Unknown%20significance'],59.79,0.37,0.0,0.1,0.1
TSPEAR,21,44522047,NM_001272037.2:c.1198A>G,NP_001258966.1:p.Asn400Asp,0.095,23.1,['Unknown%20significance'],59.79,0.37,0.0,0.4,0.4
TSPEAR,21,44522051,NM_001272037.2:c.1194G>C,NP_001258966.1:p.Glu398Asp,0.244,22.4,['Unknown%20significance'],73.45,0.37,0.0,0.2,0.2
TSPEAR,21,44522052,NM_001272037.2:c.1193A>G,NP_001258966.1:p.Glu398Gly,0.303,27.7,['Unknown%20significance'],73.45,0.37,0.0,0.5,0.5
TSPEAR,21,44522053,NM_001272037.2:c.1192G>C,NP_001258966.1:p.Glu398Gln,0.193,24.3,['Unknown%20significance'],73.45,0.37,0.0,-0.4,0.4
TSPEAR,21,44522053,NM_001272037.2:c.1192G>A,NP_001258966.1:p.Glu398Lys,0.298,27.1,['Unknown%20significance'],73.45,0.37,0.0,0.1,0.1
TSPEAR,21,44522054,NM_001272037.2:c.1191C>G,NP_001258966.1:p.Phe397Leu,0.510,22.7,['Unknown%20significance'],2.9,0.01,0.0,1.1,1.1
TSPEAR,21,44522058,NM_001272037.2:c.1187T>C,NP_001258966.1:p.Leu396Pro,0.230,22.9,['Unknown%20significance'],76.26,0.39,0.0,1.0,1.0
TSPEAR,21,44522061,NM_001272037.2:c.1184G>A,NP_001258966.1:p.Arg395Gln,0.014,11.16,['Likely%20benign'],152.92,0.56,0.0,0.2,0.2
TSPEAR,21,44522062,NM_001272037.2:c.1183C>T,NP_001258966.1:p.Arg395Trp,0.031,24.8,['Likely%20benign'],152.92,0.56,0.0,-0.2,0.2
TSPEAR,21,44522062,NM_001272037.2:c.1183C>G,NP_001258966.1:p.Arg395Gly,0.025,18.15,['Likely%20benign'],152.92,0.56,0.0,0.4,0.4
TSPEAR,21,44522064,NM_001272037.2:c.1181C>T,NP_001258966.1:p.Thr394Ile,0.124,18.43,['Unknown%20significance'],81.74,0.51,0.0,0.1,0.1
TSPEAR,21,44522064,NM_001272037.2:c.1181C>G,NP_001258966.1:p.Thr394Ser,0.095,12.57,['Likely%20benign'],81.74,0.51,0.0,0.2,0.2
TSPEAR,21,44522068,NM_001272037.2:c.1177G>A,NP_001258966.1:p.Ala393Thr,0.021,4.590,['Likely%20benign'],108.82,0.85,0.0,-0.1,0.1
TSPEAR,21,44522070,NM_001272037.2:c.1175C>T,NP_001258966.1:p.Pro392Leu,0.236,25.9,['Unknown%20significance'],105.92,0.67,0.0,-0.1,0.1
TSPEAR,21,44522070,NM_001272037.2:c.1175C>A,NP_001258966.1:p.Pro392Gln,0.208,25.1,['Unknown%20significance'],105.92,0.67,0.0,-0.1,0.1
TSPEAR,21,44522071,NM_001272037.2:c.1174C>T,NP_001258966.1:p.Pro392Ser,0.044,22.2,['Unknown%20significance'],105.92,0.67,0.0,-0.0,0.0
TSPEAR,21,44522071,NM_001272037.2:c.1174C>G,NP_001258966.1:p.Pro392Ala,0.047,22.9,['Unknown%20significance'],105.92,0.67,0.0,-0.0,0.0
TSPEAR,21,44522074,NM_001272037.2:c.1171A>C,NP_001258966.1:p.Asn391His,0.743,25.4,['Unknown%20significance'],44.0,0.27,0.0,-0.1,0.1
TSPEAR,21,44522077,NM_001272037.2:c.1168T>G,NP_001258966.1:p.Trp390Gly,0.937,31,['Unknown%20significance'],7.44,0.02,0.0,4.7,4.7
TSPEAR,21,44522077,NM_001272037.2:c.1168T>C,NP_001258966.1:p.Trp390Arg,0.912,29.0,['Unknown%20significance'],7.44,0.02,0.0,3.1,3.1
TSPEAR,21,44522079,NM_001272037.2:c.1166A>G,NP_001258966.1:p.Lys389Arg,0.140,23.4,['Likely%20benign'],68.64,0.28,0.0,-0.7,0.7
TSPEAR,21,44522079,NM_001272037.2:c.1166A>C,NP_001258966.1:p.Lys389Thr,0.675,25.2,['Unknown%20significance'],68.64,0.28,0.0,-0.1,0.1
TSPEAR,21,44522080,NM_001272037.2:c.1165A>G,NP_001258966.1:p.Lys389Glu,0.641,26.0,['Unknown%20significance'],68.64,0.28,0.0,0.2,0.2
TSPEAR,21,44522080,NM_001272037.2:c.1165A>C,NP_001258966.1:p.Lys389Gln,0.559,24.0,['Unknown%20significance'],68.64,0.28,0.0,-0.3,0.3
TSPEAR,21,44522082,NM_001272037.2:c.1163A>G,NP_001258966.1:p.Tyr388Cys,0.934,28.2,['Unknown%20significance'],9.69,0.04,0.0,3.2,3.2
TSPEAR,21,44522084,NM_001272037.2:c.1161C>G,NP_001258966.1:p.Ile387Met,0.731,25.0,['Unknown%20significance'],0.0,0.0,0.0,1.7,1.7
TSPEAR,21,44522085,NM_001272037.2:c.1160T>C,NP_001258966.1:p.Ile387Thr,0.910,26.3,['Unknown%20significance'],0.0,0.0,0.0,3.4,3.4
TSPEAR,21,44522086,NM_001272037.2:c.1159A>G,NP_001258966.1:p.Ile387Val,0.183,18.16,['Likely%20benign'],0.0,0.0,0.0,0.5,0.5
TSPEAR,21,44522091,NM_001272037.2:c.1154G>A,NP_001258966.1:p.Ser385Asn,0.280,24.7,['Unknown%20significance'],0.0,0.0,0.0,0.5,0.5
TSPEAR,21,44522092,NM_001272037.2:c.1153A>T,NP_001258966.1:p.Ser385Cys,0.683,26.3,['Unknown%20significance'],0.0,0.0,0.0,-0.8,0.8
TSPEAR,21,44522092,NM_001272037.2:c.1153A>G,NP_001258966.1:p.Ser385Gly,0.568,25.7,['Unknown%20significance'],0.0,0.0,0.0,1.2,1.2
TSPEAR,21,44522093,NM_001272037.2:c.1152C>A,NP_001258966.1:p.Asp384Glu,0.017,16.95,['Likely%20benign'],62.41,0.39,0.0,-0.1,0.1
TSPEAR,21,44522095,NM_001272037.2:c.1150G>T,NP_001258966.1:p.Asp384Tyr,0.140,17.39,['Likely%20benign'],62.41,0.39,0.0,-1.1,1.1
TSPEAR,21,44522095,NM_001272037.2:c.1150G>C,NP_001258966.1:p.Asp384His,0.073,12.74,['Likely%20benign'],62.41,0.39,0.0,-0.6,0.6
TSPEAR,21,44522095,NM_001272037.2:c.1150G>A,NP_001258966.1:p.Asp384Asn,0.032,10.42,['Likely%20benign'],62.41,0.39,0.0,-0.3,0.3
TSPEAR,21,44522096,NM_001272037.2:c.1149C>G,NP_001258966.1:p.Ile383Met,0.272,14.44,['Unknown%20significance'],16.15,0.08,0.0,0.5,0.5
TSPEAR,21,44522103,NM_001272037.2:c.1142A>G,NP_001258966.1:p.His381Arg,0.771,25.4,['Unknown%20significance'],19.95,0.09,0.0,0.0,0.0
TSPEAR,21,44522104,NM_001272037.2:c.1141C>T,NP_001258966.1:p.His381Tyr,0.610,25.4,['Unknown%20significance'],19.95,0.09,0.0,-1.0,1.0
TSPEAR,21,44522109,NM_001272037.2:c.1136A>G,NP_001258966.1:p.Asp379Gly,0.199,20.5,['Unknown%20significance'],145.04,0.9,0.0,0.0,0.0
TSPEAR,21,44522110,NM_001272037.2:c.1135G>T,NP_001258966.1:p.Asp379Tyr,0.441,23.6,['Unknown%20significance'],145.04,0.9,0.0,-0.2,0.2
TSPEAR,21,44522110,NM_001272037.2:c.1135G>A,NP_001258966.1:p.Asp379Asn,0.192,16.81,['Likely%20benign'],145.04,0.9,0.0,-0.1,0.1
TSPEAR,21,44522112,NM_001272037.2:c.1133G>A,NP_001258966.1:p.Gly378Asp,0.171,23.6,['Unknown%20significance'],66.59,0.69,0.0,0.1,0.1
TSPEAR,21,44525653,NM_001272037.2:c.1132G>T,NP_001258966.1:p.Gly378Cys,0.315,35,['Unknown%20significance'],66.59,0.69,0.0,0.2,0.2
TSPEAR,21,44525653,NM_001272037.2:c.1132G>C,NP_001258966.1:p.Gly378Arg,0.257,34,['Unknown%20significance'],66.59,0.69,0.0,-0.1,0.1
TSPEAR,21,44525655,NM_001272037.2:c.1130A>C,NP_001258966.1:p.Glu377Ala,0.412,25.9,['Unknown%20significance'],89.98,0.46,0.0,0.0,0.0
TSPEAR,21,44525658,NM_001272037.2:c.1127G>A,NP_001258966.1:p.Arg376Gln,0.655,26.5,['Pathogenic'],73.0,0.27,0.0,0.5,0.5
TSPEAR,21,44525659,NM_001272037.2:c.1126C>T,NP_001258966.1:p.Arg376Trp,0.646,25.8,['Pathogenic'],73.0,0.27,0.0,-0.3,0.3
TSPEAR,21,44525660,NM_001272037.2:c.1125C>A,NP_001258966.1:p.His375Gln,0.708,24.1,['Unknown%20significance'],12.66,0.06,0.0,0.7,0.7
TSPEAR,21,44525661,NM_001272037.2:c.1124A>G,NP_001258966.1:p.His375Arg,0.832,26.0,['Unknown%20significance'],12.66,0.06,0.0,0.3,0.3
TSPEAR,21,44525662,NM_001272037.2:c.1123C>T,NP_001258966.1:p.His375Tyr,0.735,24.6,['Unknown%20significance'],12.66,0.06,0.0,-1.3,1.3
TSPEAR,21,44525662,NM_001272037.2:c.1123C>G,NP_001258966.1:p.His375Asp,0.835,28.2,['Unknown%20significance'],12.66,0.06,0.0,1.6,1.6
TSPEAR,21,44525663,NM_001272037.2:c.1122C>G,NP_001258966.1:p.Asn374Lys,0.803,24.9,['Unknown%20significance'],0.87,0.0,0.0,0.8,0.8
TSPEAR,21,44525664,NM_001272037.2:c.1121A>G,NP_001258966.1:p.Asn374Ser,0.696,26.3,['Unknown%20significance'],0.87,0.0,0.0,0.3,0.3
TSPEAR,21,44525664,NM_001272037.2:c.1121A>C,NP_001258966.1:p.Asn374Thr,0.837,27.8,['Unknown%20significance'],0.87,0.0,0.0,-0.1,0.1
TSPEAR,21,44525667,NM_001272037.2:c.1118C>G,NP_001258966.1:p.Ala373Gly,0.838,29.8,['Unknown%20significance'],0.0,0.0,0.0,2.2,2.2
TSPEAR,21,44525668,NM_001272037.2:c.1117G>C,NP_001258966.1:p.Ala373Pro,0.897,27.6,['Unknown%20significance'],0.0,0.0,0.0,1.7,1.7
TSPEAR,21,44525670,NM_001272037.2:c.1115T>C,NP_001258966.1:p.Val372Ala,0.820,26.2,['Unknown%20significance'],0.0,0.0,0.0,2.5,2.5
TSPEAR,21,44525671,NM_001272037.2:c.1114G>C,NP_001258966.1:p.Val372Leu,0.657,23.5,['Unknown%20significance'],0.0,0.0,0.0,0.5,0.5
TSPEAR,21,44525671,NM_001272037.2:c.1114G>A,NP_001258966.1:p.Val372Met,0.811,25.5,['Unknown%20significance'],0.0,0.0,0.0,1.0,1.0
TSPEAR,21,44525673,NM_001272037.2:c.1112C>T,NP_001258966.1:p.Ala371Val,0.205,20.5,['Likely%20benign'],0.0,0.0,0.0,-1.9,1.9
TSPEAR,21,44525673,NM_001272037.2:c.1112C>A,NP_001258966.1:p.Ala371Glu,0.831,24.5,['Unknown%20significance'],0.0,0.0,0.0,2.4,2.4
TSPEAR,21,44525676,NM_001272037.2:c.1109T>G,NP_001258966.1:p.Leu370Arg,0.966,29.4,['Unknown%20significance'],0.0,0.0,0.0,4.2,4.2
TSPEAR,21,44525683,NM_001272037.2:c.1102C>T,NP_001258966.1:p.His368Tyr,0.202,22.2,['Likely%20benign'],15.38,0.07,0.0,-1.1,1.1
TSPEAR,21,44525684,NM_001272037.2:c.1101G>T,NP_001258966.1:p.Glu367Asp,0.444,23.1,['Unknown%20significance'],63.12,0.32,0.0,0.1,0.1
TSPEAR,21,44525689,NM_001272037.2:c.1096G>A,NP_001258966.1:p.Gly366Arg,0.538,24.0,['Unknown%20significance'],57.69,0.6,0.0,-0.3,0.3
TSPEAR,21,44525692,NM_001272037.2:c.1093G>A,NP_001258966.1:p.Asp365Asn,0.093,14.17,['Likely%20benign'],139.21,0.87,0.0,-0.0,0.0
TSPEAR,21,44525698,NM_001272037.2:c.1087G>A,NP_001258966.1:p.Glu363Lys,0.130,13.58,['Unknown%20significance'],92.84,0.47,0.0,-0.0,0.0
TSPEAR,21,44525700,NM_001272037.2:c.1085T>C,NP_001258966.1:p.Phe362Ser,0.936,31,['Unknown%20significance'],14.02,0.06,0.0,4.3,4.3
TSPEAR,21,44525703,NM_001272037.2:c.1082C>A,NP_001258966.1:p.Ala361Asp,0.812,28.0,['Unknown%20significance'],4.14,0.03,0.0,1.5,1.5
TSPEAR,21,44525704,NM_001272037.2:c.1081G>A,NP_001258966.1:p.Ala361Thr,0.596,25.8,['Unknown%20significance'],4.14,0.03,0.0,0.1,0.1
TSPEAR,21,44525708,NM_001272037.2:c.1077G>C,NP_001258966.1:p.Trp359Cys,0.791,28.2,['Unknown%20significance'],0.14,0.0,0.0,1.4,1.4
TSPEAR,21,44525710,NM_001272037.2:c.1075T>C,NP_001258966.1:p.Trp359Arg,0.906,28.5,['Unknown%20significance'],0.14,0.0,0.0,2.4,2.4
TSPEAR,21,44525711,NM_001272037.2:c.1074C>G,NP_001258966.1:p.Asp358Glu,0.744,25.5,['Unknown%20significance'],14.39,0.09,0.0,0.0,0.0
TSPEAR,21,44525713,NM_001272037.2:c.1072G>C,NP_001258966.1:p.Asp358His,0.803,25.3,['Unknown%20significance'],14.39,0.09,0.0,-0.7,0.7
TSPEAR,21,44525713,NM_001272037.2:c.1072G>A,NP_001258966.1:p.Asp358Asn,0.579,24.1,['Unknown%20significance'],14.39,0.09,0.0,-0.2,0.2
TSPEAR,21,44525715,NM_001272037.2:c.1070G>T,NP_001258966.1:p.Arg357Leu,0.642,23.4,['Unknown%20significance'],39.96,0.14,0.0,-0.4,0.4
TSPEAR,21,44525715,NM_001272037.2:c.1070G>A,NP_001258966.1:p.Arg357Gln,0.670,23.7,['Unknown%20significance'],39.96,0.14,0.0,0.4,0.4
TSPEAR,21,44525718,NM_001272037.2:c.1067C>T,NP_001258966.1:p.Ala356Val,0.822,25.6,['Unknown%20significance'],0.0,0.0,0.0,-0.3,0.3
TSPEAR,21,44525719,NM_001272037.2:c.1066G>C,NP_001258966.1:p.Ala356Pro,0.783,25.0,['Unknown%20significance'],0.0,0.0,0.0,1.0,1.0
TSPEAR,21,44525719,NM_001272037.2:c.1066G>A,NP_001258966.1:p.Ala356Thr,0.777,24.8,['Unknown%20significance'],0.0,0.0,0.0,0.2,0.2
TSPEAR,21,44525720,NM_001272037.2:c.1065C>A,NP_001258966.1:p.Ser355Arg,0.579,16.59,['Unknown%20significance'],0.17,0.0,0.0,-0.5,0.5
TSPEAR,21,44525721,NM_001272037.2:c.1064G>A,NP_001258966.1:p.Ser355Asn,0.387,19.47,['Unknown%20significance'],0.17,0.0,0.0,0.0,0.0
TSPEAR,21,44525722,NM_001272037.2:c.1063A>T,NP_001258966.1:p.Ser355Cys,0.406,19.28,['Unknown%20significance'],0.17,0.0,0.0,-0.0,0.0
TSPEAR,21,44525722,NM_001272037.2:c.1063A>C,NP_001258966.1:p.Ser355Arg,0.605,23.9,['Unknown%20significance'],0.17,0.0,0.0,-0.5,0.5
TSPEAR,21,44525724,NM_001272037.2:c.1061A>T,NP_001258966.1:p.His354Leu,0.669,24.9,['Unknown%20significance'],67.82,0.33,0.0,-0.2,0.2
TSPEAR,21,44525725,NM_001272037.2:c.1060C>T,NP_001258966.1:p.His354Tyr,0.294,20.2,['Unknown%20significance'],67.82,0.33,0.0,-0.7,0.7
TSPEAR,21,44525725,NM_001272037.2:c.1060C>G,NP_001258966.1:p.His354Asp,0.711,24.8,['Unknown%20significance'],67.82,0.33,0.0,0.9,0.9
TSPEAR,21,44525727,NM_001272037.2:c.1058C>T,NP_001258966.1:p.Thr353Ile,0.827,25.4,['Unknown%20significance'],1.49,0.0,0.0,-0.6,0.6
TSPEAR,21,44525730,NM_001272037.2:c.1055C>T,NP_001258966.1:p.Ala352Val,0.085,16.71,['Likely%20benign'],70.54,0.55,0.0,-0.3,0.3
TSPEAR,21,44525730,NM_001272037.2:c.1055C>G,NP_001258966.1:p.Ala352Gly,0.090,16.29,['Likely%20benign'],70.54,0.55,0.0,0.5,0.5
TSPEAR,21,44525731,NM_001272037.2:c.1054G>C,NP_001258966.1:p.Ala352Pro,0.179,5.726,['Likely%20benign'],70.54,0.55,0.0,-0.0,0.0
TSPEAR,21,44525733,NM_001272037.2:c.1052T>C,NP_001258966.1:p.Ile351Thr,0.749,24.8,['Unknown%20significance'],13.31,0.06,0.0,2.0,2.0
TSPEAR,21,44525733,NM_001272037.2:c.1052T>A,NP_001258966.1:p.Ile351Asn,0.776,26.1,['Unknown%20significance'],13.31,0.06,0.0,2.9,2.9
TSPEAR,21,44525734,NM_001272037.2:c.1051A>G,NP_001258966.1:p.Ile351Val,0.192,15.96,['Likely%20benign'],13.31,0.06,0.0,0.5,0.5
TSPEAR,21,44525735,NM_001272037.2:c.1050C>G,NP_001258966.1:p.Ser350Arg,0.177,8.260,['Likely%20benign'],74.64,0.54,0.0,-0.3,0.3
TSPEAR,21,44525736,NM_001272037.2:c.1049G>A,NP_001258966.1:p.Ser350Asn,0.239,19.96,['Likely%20benign'],74.64,0.54,0.0,0.0,0.0
TSPEAR,21,44525738,NM_001272037.2:c.1047G>C,NP_001258966.1:p.Gln349His,0.875,24.8,['Unknown%20significance'],24.25,0.12,0.0,0.0,0.0
TSPEAR,21,44525742,NM_001272037.2:c.1043A>C,NP_001258966.1:p.Tyr348Ser,0.695,25.8,['Unknown%20significance'],61.24,0.25,0.0,2.2,2.2
TSPEAR,21,44525743,NM_001272037.2:c.1042T>C,NP_001258966.1:p.Tyr348His,0.265,21.7,['Unknown%20significance'],61.24,0.25,0.0,1.3,1.3
TSPEAR,21,44525745,NM_001272037.2:c.1040C>G,NP_001258966.1:p.Pro347Arg,0.139,13.08,['Likely%20benign'],106.38,0.67,0.0,-0.2,0.2
TSPEAR,21,44525745,NM_001272037.2:c.1040C>A,NP_001258966.1:p.Pro347Gln,0.197,15.45,['Likely%20benign'],106.38,0.67,0.0,-0.1,0.1
TSPEAR,21,44525746,NM_001272037.2:c.1039C>T,NP_001258966.1:p.Pro347Ser,0.193,11.17,['Likely%20benign'],106.38,0.67,0.0,0.1,0.1
TSPEAR,21,44525748,NM_001272037.2:c.1037C>T,NP_001258966.1:p.Thr346Ile,0.248,20.9,['Likely%20benign'],33.58,0.21,0.0,-0.9,0.9
TSPEAR,21,44525749,NM_001272037.2:c.1036A>G,NP_001258966.1:p.Thr346Ala,0.083,14.16,['Likely%20benign'],33.58,0.21,0.0,0.2,0.2
TSPEAR,21,44525750,NM_001272037.2:c.1035T>A,NP_001258966.1:p.Phe345Leu,0.828,24.6,['Unknown%20significance'],1.8,0.0,0.0,0.8,0.8
TSPEAR,21,44525751,NM_001272037.2:c.1034T>G,NP_001258966.1:p.Phe345Cys,0.978,28.3,['Unknown%20significance'],1.8,0.0,0.0,3.4,3.4
TSPEAR,21,44525751,NM_001272037.2:c.1034T>C,NP_001258966.1:p.Phe345Ser,0.984,28.9,['Unknown%20significance'],1.8,0.0,0.0,4.7,4.7
TSPEAR,21,44525752,NM_001272037.2:c.1033T>G,NP_001258966.1:p.Phe345Val,0.968,27.0,['Unknown%20significance'],1.8,0.0,0.0,1.8,1.8
TSPEAR,21,44525754,NM_001272037.2:c.1031A>T,NP_001258966.1:p.Lys344Met,0.536,24.5,['Unknown%20significance'],96.97,0.4,0.0,-0.6,0.6
TSPEAR,21,44525754,NM_001272037.2:c.1031A>C,NP_001258966.1:p.Lys344Thr,0.393,23.8,['Unknown%20significance'],96.97,0.4,0.0,-0.3,0.3
TSPEAR,21,44525757,NM_001272037.2:c.1028T>G,NP_001258966.1:p.Leu343Arg,0.029,13.31,['Likely%20benign'],83.36,0.43,0.0,0.1,0.1
TSPEAR,21,44525758,NM_001272037.2:c.1027C>A,NP_001258966.1:p.Leu343Met,0.048,22.6,['Unknown%20significance'],83.36,0.43,0.0,0.0,0.0
TSPEAR,21,44525759,NM_001272037.2:c.1026G>C,NP_001258966.1:p.Lys342Asn,0.140,15.93,['Unknown%20significance'],129.68,0.54,0.0,-0.2,0.2
TSPEAR,21,44525765,NM_001272037.2:c.1020C>G,NP_001258966.1:p.His340Gln,0.094,13.50,['Benign'],106.03,0.51,0.0,0.1,0.1
TSPEAR,21,44525771,NM_001272037.2:c.1014G>T,NP_001258966.1:p.Trp338Cys,0.927,31,['Unknown%20significance'],0.0,0.0,0.0,3.5,3.5
TSPEAR,21,44525773,NM_001272037.2:c.1012T>G,NP_001258966.1:p.Trp338Gly,0.973,31,['Unknown%20significance'],0.0,0.0,0.0,5.0,5.0
TSPEAR,21,44525773,NM_001272037.2:c.1012T>C,NP_001258966.1:p.Trp338Arg,0.924,29.2,['Unknown%20significance'],0.0,0.0,0.0,3.1,3.1
TSPEAR,21,44525775,NM_001272037.2:c.1010A>G,NP_001258966.1:p.Lys337Arg,0.241,21.7,['Unknown%20significance'],48.4,0.2,0.0,-0.8,0.8
TSPEAR,21,44525781,NM_001272037.2:c.1004T>C,NP_001258966.1:p.Ile335Thr,0.921,26.7,['Unknown%20significance'],0.0,0.0,0.0,3.2,3.2
TSPEAR,21,44525782,NM_001272037.2:c.1003A>G,NP_001258966.1:p.Ile335Val,0.423,24.6,['Unknown%20significance'],0.0,0.0,0.0,0.6,0.6
TSPEAR,21,44525788,NM_001272037.2:c.997T>G,NP_001258966.1:p.Ser333Ala,0.363,26.6,['Unknown%20significance'],0.0,0.0,0.0,-0.5,0.5
TSPEAR,21,44525789,NM_001272037.2:c.996C>A,NP_001258966.1:p.Phe332Leu,0.053,20.7,['Unknown%20significance'],70.77,0.3,0.0,0.2,0.2
TSPEAR,21,44525791,NM_001272037.2:c.994T>C,NP_001258966.1:p.Phe332Leu,0.043,21.6,['Unknown%20significance'],70.77,0.3,0.0,0.2,0.2
TSPEAR,21,44525792,NM_001272037.2:c.993G>T,NP_001258966.1:p.Glu331Asp,0.047,19.55,['Unknown%20significance'],37.24,0.19,0.0,0.1,0.1
TSPEAR,21,44525792,NM_001272037.2:c.993G>C,NP_001258966.1:p.Glu331Asp,0.047,19.31,['Unknown%20significance'],37.24,0.19,0.0,0.1,0.1
TSPEAR,21,44525800,NM_001272037.2:c.985G>A,NP_001258966.1:p.Gly329Ser,0.125,23.3,['Unknown%20significance'],62.07,0.65,0.0,-0.3,0.3
TSPEAR,21,44525804,NM_001272037.2:c.981G>T,NP_001258966.1:p.Glu327Asp,0.133,2.427,['Unknown%20significance'],207.59,1.0,0.0,-0.0,0.0
TSPEAR,21,44525806,NM_001272037.2:c.979G>A,NP_001258966.1:p.Glu327Lys,0.146,17.33,['Likely%20benign'],207.59,1.0,0.0,0.0,0.0
TSPEAR,21,44525807,NM_001272037.2:c.978T>G,NP_001258966.1:p.Asp326Glu,0.057,12.39,['Likely%20benign'],25.16,0.15,0.0,0.1,0.1
TSPEAR,21,44525811,NM_001272037.2:c.974C>G,NP_001258966.1:p.Pro325Arg,0.212,16.59,['Likely%20benign'],51.74,0.32,0.0,-0.8,0.8
TSPEAR,21,44525815,NM_001272037.2:c.970G>C,NP_001258966.1:p.Glu324Gln,0.150,18.59,['Likely%20benign'],61.62,0.31,0.0,-0.3,0.3
TSPEAR,21,44525816,NM_001272037.2:c.969T>G,NP_001258966.1:p.Phe323Leu,0.141,11.83,['Likely%20benign'],14.4,0.06,0.0,0.2,0.2
TSPEAR,21,44525818,NM_001272037.2:c.967T>A,NP_001258966.1:p.Phe323Ile,0.430,25.1,['Unknown%20significance'],14.4,0.06,0.0,0.3,0.3
TSPEAR,21,44525821,NM_001272037.2:c.964A>G,NP_001258966.1:p.Asn322Asp,0.636,26.8,['Unknown%20significance'],0.26,0.0,0.0,0.7,0.7
TSPEAR,21,44525824,NM_001272037.2:c.961G>A,NP_001258966.1:p.Ala321Thr,0.678,25.3,['Unknown%20significance'],0.0,0.0,0.0,0.6,0.6
TSPEAR,21,44525826,NM_001272037.2:c.959T>C,NP_001258966.1:p.Val320Ala,0.807,26.3,['Pathogenic'],0.0,0.0,0.0,2.2,2.2
TSPEAR,21,44525827,NM_001272037.2:c.958G>A,NP_001258966.1:p.Val320Met,0.683,24.8,['Unknown%20significance'],0.0,0.0,0.0,1.1,1.1
TSPEAR,21,44525829,NM_001272037.2:c.956C>A,NP_001258966.1:p.Ala319Glu,0.815,25.2,['Likely%20pathogenic'],0.0,0.0,0.0,2.3,2.3
TSPEAR,21,44525830,NM_001272037.2:c.955G>A,NP_001258966.1:p.Ala319Thr,0.660,25.3,['Unknown%20significance'],0.0,0.0,0.0,0.8,0.8
TSPEAR,21,44525832,NM_001272037.2:c.953T>C,NP_001258966.1:p.Leu318Pro,0.970,27.2,['Unknown%20significance'],0.0,0.0,0.0,5.3,5.3
TSPEAR,21,44525836,NM_001272037.2:c.949T>A,NP_001258966.1:p.Phe317Ile,0.907,26.2,['Unknown%20significance'],0.0,0.0,0.0,1.4,1.4
TSPEAR,21,44525838,NM_001272037.2:c.947T>C,NP_001258966.1:p.Ile316Thr,0.165,22.8,['Unknown%20significance'],1.76,0.0,0.0,1.3,1.3
TSPEAR,21,44525839,NM_001272037.2:c.946A>G,NP_001258966.1:p.Ile316Val,0.131,14.21,['Likely%20benign'],1.76,0.0,0.0,0.2,0.2
TSPEAR,21,44527292,NM_001272037.2:c.945G>T,NP_001258966.1:p.Lys315Asn,0.550,33,['Unknown%20significance'],56.67,0.23,0.0,-0.1,0.1
TSPEAR,21,44527293,NM_001272037.2:c.944A>G,NP_001258966.1:p.Lys315Arg,0.173,22.6,['Likely%20benign'],56.67,0.23,0.0,-0.8,0.8
TSPEAR,21,44527297,NM_001272037.2:c.940A>G,NP_001258966.1:p.Lys314Glu,0.421,22.9,['Likely%20benign'],214.68,0.9,0.0,-0.0,0.0
TSPEAR,21,44527300,NM_001272037.2:c.937G>A,NP_001258966.1:p.Gly313Arg,0.707,27.0,['Unknown%20significance'],69.59,0.72,0.0,-0.3,0.3
TSPEAR,21,44527302,NM_001272037.2:c.935T>A,NP_001258966.1:p.Ile312Asn,0.822,28.8,['Unknown%20significance'],16.36,0.08,0.0,2.6,2.6
TSPEAR,21,44527303,NM_001272037.2:c.934A>T,NP_001258966.1:p.Ile312Phe,0.759,25.4,['Unknown%20significance'],16.36,0.08,0.0,0.6,0.6
TSPEAR,21,44527303,NM_001272037.2:c.934A>G,NP_001258966.1:p.Ile312Val,0.293,20.2,['Unknown%20significance'],16.36,0.08,0.0,0.6,0.6
TSPEAR,21,44527305,NM_001272037.2:c.932C>G,NP_001258966.1:p.Thr311Ser,0.437,23.1,['Unknown%20significance'],52.46,0.33,0.0,0.4,0.4
TSPEAR,21,44527308,NM_001272037.2:c.929T>G,NP_001258966.1:p.Phe310Cys,0.964,31,['Unknown%20significance'],16.48,0.07,0.0,3.2,3.2
TSPEAR,21,44527309,NM_001272037.2:c.928T>C,NP_001258966.1:p.Phe310Leu,0.918,29.7,['Unknown%20significance'],16.48,0.07,0.0,1.0,1.0
TSPEAR,21,44527311,NM_001272037.2:c.926A>C,NP_001258966.1:p.His309Pro,0.520,23.8,['Unknown%20significance'],28.2,0.13,0.0,0.9,0.9
TSPEAR,21,44527314,NM_001272037.2:c.923G>T,NP_001258966.1:p.Arg308Met,0.533,25.2,['Unknown%20significance'],77.9,0.28,0.0,-0.4,0.4
TSPEAR,21,44527314,NM_001272037.2:c.923G>C,NP_001258966.1:p.Arg308Thr,0.402,23.1,['Unknown%20significance'],77.9,0.28,0.0,0.3,0.3
TSPEAR,21,44527320,NM_001272037.2:c.917C>T,NP_001258966.1:p.Ala306Val,0.416,24.4,['Unknown%20significance'],16.9,0.13,0.0,-0.6,0.6
TSPEAR,21,44527323,NM_001272037.2:c.914A>G,NP_001258966.1:p.Gln305Arg,0.289,19.85,['Unknown%20significance'],0.41,0.0,0.0,-0.4,0.4
TSPEAR,21,44527323,NM_001272037.2:c.914A>C,NP_001258966.1:p.Gln305Pro,0.673,24.9,['Unknown%20significance'],0.41,0.0,0.0,0.8,0.8
TSPEAR,21,44527324,NM_001272037.2:c.913C>G,NP_001258966.1:p.Gln305Glu,0.339,20.7,['Unknown%20significance'],0.41,0.0,0.0,0.8,0.8
TSPEAR,21,44527327,NM_001272037.2:c.910G>C,NP_001258966.1:p.Ala304Pro,0.754,25.0,['Unknown%20significance'],0.0,0.0,0.0,1.0,1.0
TSPEAR,21,44527327,NM_001272037.2:c.910G>A,NP_001258966.1:p.Ala304Thr,0.705,25.0,['Unknown%20significance'],0.0,0.0,0.0,0.1,0.1
TSPEAR,21,44527329,NM_001272037.2:c.908A>C,NP_001258966.1:p.Gln303Pro,0.630,24.7,['Unknown%20significance'],35.31,0.17,0.0,0.6,0.6
TSPEAR,21,44527330,NM_001272037.2:c.907C>G,NP_001258966.1:p.Gln303Glu,0.299,17.78,['Unknown%20significance'],35.31,0.17,0.0,0.4,0.4
TSPEAR,21,44527331,NM_001272037.2:c.906C>G,NP_001258966.1:p.His302Gln,0.237,14.30,['Likely%20benign'],53.58,0.26,0.0,0.3,0.3
TSPEAR,21,44527331,NM_001272037.2:c.906C>A,NP_001258966.1:p.His302Gln,0.233,14.21,['Unknown%20significance'],53.58,0.26,0.0,0.3,0.3
TSPEAR,21,44527332,NM_001272037.2:c.905A>G,NP_001258966.1:p.His302Arg,0.192,18.19,['Likely%20benign'],53.58,0.26,0.0,-0.0,0.0
TSPEAR,21,44527335,NM_001272037.2:c.902C>T,NP_001258966.1:p.Thr301Met,0.827,26.0,['Unknown%20significance'],0.79,0.0,0.0,-0.4,0.4
TSPEAR,21,44527335,NM_001272037.2:c.902C>G,NP_001258966.1:p.Thr301Arg,0.887,25.6,['Unknown%20significance'],0.79,0.0,0.0,0.4,0.4
TSPEAR,21,44527335,NM_001272037.2:c.902C>A,NP_001258966.1:p.Thr301Lys,0.862,25.9,['Unknown%20significance'],0.79,0.0,0.0,1.5,1.5
TSPEAR,21,44527338,NM_001272037.2:c.899C>G,NP_001258966.1:p.Pro300Arg,0.228,12.72,['Likely%20benign'],118.28,0.75,0.0,-0.0,0.0
TSPEAR,21,44527340,NM_001272037.2:c.897C>G,NP_001258966.1:p.Ile299Met,0.532,18.26,['Unknown%20significance'],1.69,0.0,0.0,1.0,1.0
TSPEAR,21,44527341,NM_001272037.2:c.896T>G,NP_001258966.1:p.Ile299Ser,0.829,25.1,['Unknown%20significance'],1.69,0.0,0.0,3.3,3.3
TSPEAR,21,44527342,NM_001272037.2:c.895A>T,NP_001258966.1:p.Ile299Phe,0.327,14.80,['Unknown%20significance'],1.69,0.0,0.0,0.4,0.4
TSPEAR,21,44527344,NM_001272037.2:c.893A>G,NP_001258966.1:p.Asn298Ser,0.272,1.367,['Likely%20benign'],82.31,0.51,0.0,0.0,0.0
TSPEAR,21,44527346,NM_001272037.2:c.891G>C,NP_001258966.1:p.Gln297His,0.817,23.5,['Unknown%20significance'],26.23,0.13,0.0,0.0,0.0
TSPEAR,21,44527348,NM_001272037.2:c.889C>G,NP_001258966.1:p.Gln297Glu,0.815,23.9,['Unknown%20significance'],26.23,0.13,0.0,0.6,0.6
TSPEAR,21,44527350,NM_001272037.2:c.887A>G,NP_001258966.1:p.Tyr296Cys,0.715,25.1,['Unknown%20significance'],80.16,0.33,0.0,1.4,1.4
TSPEAR,21,44527357,NM_001272037.2:c.880G>A,NP_001258966.1:p.Val294Ile,0.081,6.316,['Unknown%20significance'],80.06,0.46,0.0,-0.0,0.0
TSPEAR,21,44527358,NM_001272037.2:c.879C>G,NP_001258966.1:p.Phe293Leu,0.796,21.3,['Unknown%20significance'],0.82,0.0,0.0,0.9,0.9
TSPEAR,21,44527358,NM_001272037.2:c.879C>A,NP_001258966.1:p.Phe293Leu,0.796,21.8,['Unknown%20significance'],0.82,0.0,0.0,0.9,0.9
TSPEAR,21,44527359,NM_001272037.2:c.878T>A,NP_001258966.1:p.Phe293Tyr,0.862,24.5,['Unknown%20significance'],0.82,0.0,0.0,1.0,1.0
TSPEAR,21,44527362,NM_001272037.2:c.875A>G,NP_001258966.1:p.Lys292Arg,0.211,14.27,['Unknown%20significance'],111.16,0.46,0.0,-0.5,0.5
TSPEAR,21,44527365,NM_001272037.2:c.872A>G,NP_001258966.1:p.Glu291Gly,0.079,8.276,['Likely%20benign'],64.31,0.32,0.0,-0.1,0.1
TSPEAR,21,44527366,NM_001272037.2:c.871G>A,NP_001258966.1:p.Glu291Lys,0.103,19.10,['Unknown%20significance'],64.31,0.32,0.0,-0.0,0.0
TSPEAR,21,44527369,NM_001272037.2:c.868G>C,NP_001258966.1:p.Glu290Gln,0.026,19.30,['Likely%20benign'],180.38,0.92,0.0,-0.0,0.0
TSPEAR,21,44527369,NM_001272037.2:c.868G>A,NP_001258966.1:p.Glu290Lys,0.045,17.05,['Unknown%20significance'],180.38,0.92,0.0,0.0,0.0
TSPEAR,21,44527375,NM_001272037.2:c.862T>C,NP_001258966.1:p.Trp288Arg,0.586,25.6,['Unknown%20significance'],28.7,0.1,0.0,2.9,2.9
TSPEAR,21,44527375,NM_001272037.2:c.862T>A,NP_001258966.1:p.Trp288Arg,0.586,25.5,['Unknown%20significance'],28.7,0.1,0.0,2.9,2.9
TSPEAR,21,44527380,NM_001272037.2:c.857A>G,NP_001258966.1:p.Tyr286Cys,0.622,25.2,['Unknown%20significance'],2.73,0.01,0.0,3.2,3.2
TSPEAR,21,44527380,NM_001272037.2:c.857A>C,NP_001258966.1:p.Tyr286Ser,0.651,24.9,['Unknown%20significance'],2.73,0.01,0.0,4.8,4.8
TSPEAR,21,44527381,NM_001272037.2:c.856T>G,NP_001258966.1:p.Tyr286Asp,0.749,25.0,['Unknown%20significance'],2.73,0.01,0.0,5.5,5.5
TSPEAR,21,44527381,NM_001272037.2:c.856T>C,NP_001258966.1:p.Tyr286His,0.645,24.9,['Unknown%20significance'],2.73,0.01,0.0,2.9,2.9
TSPEAR,21,44527383,NM_001272037.2:c.854T>C,NP_001258966.1:p.Val285Ala,0.194,22.7,['Unknown%20significance'],0.0,0.0,0.0,2.8,2.8
TSPEAR,21,44527384,NM_001272037.2:c.853G>A,NP_001258966.1:p.Val285Ile,0.043,0.412,['Likely%20benign'],0.0,0.0,0.0,-0.5,0.5
TSPEAR,21,44527386,NM_001272037.2:c.851C>T,NP_001258966.1:p.Ala284Val,0.043,20.4,['Unknown%20significance'],0.14,0.0,0.0,-1.5,1.5
TSPEAR,21,44527387,NM_001272037.2:c.850G>A,NP_001258966.1:p.Ala284Thr,0.052,13.32,['Unknown%20significance'],0.14,0.0,0.0,-0.0,0.0
TSPEAR,21,44527390,NM_001272037.2:c.847T>C,NP_001258966.1:p.Ser283Pro,0.548,22.9,['Unknown%20significance'],0.0,0.0,0.0,0.8,0.8
TSPEAR,21,44527392,NM_001272037.2:c.845C>T,NP_001258966.1:p.Thr282Ile,0.056,9.391,['Likely%20benign'],59.68,0.37,0.0,-0.3,0.3
TSPEAR,21,44527393,NM_001272037.2:c.844A>T,NP_001258966.1:p.Thr282Ser,0.077,13.45,['Likely%20benign'],59.68,0.37,0.0,0.2,0.2
TSPEAR,21,44527393,NM_001272037.2:c.844A>G,NP_001258966.1:p.Thr282Ala,0.073,14.78,['Likely%20benign'],59.68,0.37,0.0,0.2,0.2
TSPEAR,21,44527393,NM_001272037.2:c.844A>C,NP_001258966.1:p.Thr282Pro,0.097,18.58,['Unknown%20significance'],59.68,0.37,0.0,0.5,0.5
TSPEAR,21,44527395,NM_001272037.2:c.842C>T,NP_001258966.1:p.Ala281Val,0.016,19.43,['Unknown%20significance'],64.92,0.51,0.0,-0.3,0.3
TSPEAR,21,44527395,NM_001272037.2:c.842C>A,NP_001258966.1:p.Ala281Asp,0.020,19.51,['Unknown%20significance'],64.92,0.51,0.0,0.2,0.2
TSPEAR,21,44527396,NM_001272037.2:c.841G>A,NP_001258966.1:p.Ala281Thr,0.005,1.690,['Likely%20benign'],64.92,0.51,0.0,-0.2,0.2
TSPEAR,21,44527398,NM_001272037.2:c.839A>G,NP_001258966.1:p.Lys280Arg,0.082,6.726,['Likely%20benign'],152.65,0.64,0.0,-0.4,0.4
TSPEAR,21,44527398,NM_001272037.2:c.839A>C,NP_001258966.1:p.Lys280Thr,0.104,8.001,['Likely%20benign'],152.65,0.64,0.0,-0.2,0.2
TSPEAR,21,44527401,NM_001272037.2:c.836G>A,NP_001258966.1:p.Arg279His,0.101,19.99,['Unknown%20significance'],90.59,0.33,0.0,0.1,0.1
TSPEAR,21,44527402,NM_001272037.2:c.835C>T,NP_001258966.1:p.Arg279Cys,0.218,22.8,['Unknown%20significance'],90.59,0.33,0.0,0.5,0.5
TSPEAR,21,44527402,NM_001272037.2:c.835C>G,NP_001258966.1:p.Arg279Gly,0.197,21.6,['Unknown%20significance'],90.59,0.33,0.0,1.1,1.1
TSPEAR,21,44527402,NM_001272037.2:c.835C>A,NP_001258966.1:p.Arg279Ser,0.139,21.3,['Benign'],90.59,0.33,0.0,0.5,0.5
TSPEAR,21,44527404,NM_001272037.2:c.833A>G,NP_001258966.1:p.Asn278Ser,0.217,23.6,['Unknown%20significance'],0.0,0.0,0.0,0.3,0.3
TSPEAR,21,44527407,NM_001272037.2:c.830C>G,NP_001258966.1:p.Ala277Gly,0.320,25.4,['Unknown%20significance'],0.0,0.0,0.0,2.1,2.1
TSPEAR,21,44527407,NM_001272037.2:c.830C>A,NP_001258966.1:p.Ala277Asp,0.485,25.1,['Unknown%20significance'],0.0,0.0,0.0,2.3,2.3
TSPEAR,21,44527408,NM_001272037.2:c.829G>A,NP_001258966.1:p.Ala277Thr,0.356,24.3,['Unknown%20significance'],0.0,0.0,0.0,0.7,0.7
TSPEAR,21,44527410,NM_001272037.2:c.827C>T,NP_001258966.1:p.Thr276Ile,0.058,16.82,['Likely%20benign'],0.0,0.0,0.0,-2.6,2.6
TSPEAR,21,44527410,NM_001272037.2:c.827C>G,NP_001258966.1:p.Thr276Arg,0.090,23.0,['Unknown%20significance'],0.0,0.0,0.0,0.5,0.5
TSPEAR,21,44527411,NM_001272037.2:c.826A>G,NP_001258966.1:p.Thr276Ala,0.015,7.614,['Likely%20benign'],0.0,0.0,0.0,-0.0,0.0
TSPEAR,21,44527411,NM_001272037.2:c.826A>C,NP_001258966.1:p.Thr276Pro,0.084,20.5,['Likely%20benign'],0.0,0.0,0.0,1.3,1.3
TSPEAR,21,44527413,NM_001272037.2:c.824C>T,NP_001258966.1:p.Ala275Val,0.308,23.0,['Unknown%20significance'],0.0,0.0,0.0,-1.8,1.8
TSPEAR,21,44527414,NM_001272037.2:c.823G>C,NP_001258966.1:p.Ala275Pro,0.379,24.9,['Unknown%20significance'],0.0,0.0,0.0,1.9,1.9
TSPEAR,21,44527417,NM_001272037.2:c.820G>T,NP_001258966.1:p.Val274Leu,0.023,1.317,['Likely%20benign'],0.0,0.0,0.0,-0.7,0.7
TSPEAR,21,44527418,NM_001272037.2:c.819T>A,NP_001258966.1:p.Phe273Leu,0.091,8.198,['Unknown%20significance'],0.0,0.0,0.0,1.4,1.4
TSPEAR,21,44527422,NM_001272037.2:c.815T>C,NP_001258966.1:p.Leu272Pro,0.456,24.7,['Unknown%20significance'],3.26,0.01,0.0,2.8,2.8
TSPEAR,21,44527423,NM_001272037.2:c.814C>T,NP_001258966.1:p.Leu272Phe,0.235,24.0,['Unknown%20significance'],3.26,0.01,0.0,0.3,0.3
TSPEAR,21,44527428,NM_001272037.2:c.809T>G,NP_001258966.1:p.Val270Gly,0.078,16.37,['Unknown%20significance'],34.71,0.2,0.0,1.3,1.3
TSPEAR,21,44527432,NM_001272037.2:c.805C>G,NP_001258966.1:p.Gln269Glu,0.020,0.179,['Likely%20benign'],221.85,1.0,0.0,0.0,0.0
TSPEAR,21,44527432,NM_001272037.2:c.805C>A,NP_001258966.1:p.Gln269Lys,0.020,0.684,['Likely%20benign'],221.85,1.0,0.0,0.0,0.0
TSPEAR,21,44527434,NM_001272037.2:c.803C>T,NP_001258966.1:p.Pro268Leu,0.251,24.5,['Unknown%20significance'],89.31,0.56,0.0,-0.2,0.2
TSPEAR,21,44527437,NM_001272037.2:c.800T>A,NP_001258966.1:p.Ile267Asn,0.441,24.7,['Unknown%20significance'],0.7,0.0,0.0,3.1,3.1
TSPEAR,21,44527438,NM_001272037.2:c.799A>C,NP_001258966.1:p.Ile267Leu,0.169,17.40,['Unknown%20significance'],0.7,0.0,0.0,0.6,0.6
TSPEAR,21,44527440,NM_001272037.2:c.797G>T,NP_001258966.1:p.Arg266Leu,0.031,3.263,['Likely%20benign'],125.98,0.46,0.0,-0.5,0.5
TSPEAR,21,44527440,NM_001272037.2:c.797G>C,NP_001258966.1:p.Arg266Pro,0.050,4.565,['Likely%20benign'],125.98,0.46,0.0,0.5,0.5
TSPEAR,21,44527440,NM_001272037.2:c.797G>A,NP_001258966.1:p.Arg266His,0.034,2.100,['Unknown%20significance'],125.98,0.46,0.0,0.1,0.1
TSPEAR,21,44527441,NM_001272037.2:c.796C>T,NP_001258966.1:p.Arg266Cys,0.051,12.40,['Likely%20benign'],125.98,0.46,0.0,0.1,0.1
TSPEAR,21,44527442,NM_001272037.2:c.795C>G,NP_001258966.1:p.Phe265Leu,0.434,21.0,['Unknown%20significance'],13.63,0.05,0.0,1.6,1.6
TSPEAR,21,44527442,NM_001272037.2:c.795C>A,NP_001258966.1:p.Phe265Leu,0.434,20.9,['Unknown%20significance'],13.63,0.05,0.0,1.6,1.6
TSPEAR,21,44527443,NM_001272037.2:c.794T>C,NP_001258966.1:p.Phe265Ser,0.742,25.4,['Unknown%20significance'],13.63,0.05,0.0,5.1,5.1
TSPEAR,21,44527451,NM_001272037.2:c.786T>G,NP_001258966.1:p.Ile262Met,0.117,16.42,['Likely%20benign'],2.62,0.01,0.0,0.8,0.8
TSPEAR,21,44527452,NM_001272037.2:c.785T>G,NP_001258966.1:p.Ile262Ser,0.295,24.8,['Unknown%20significance'],2.62,0.01,0.0,3.0,3.0
TSPEAR,21,44527452,NM_001272037.2:c.785T>C,NP_001258966.1:p.Ile262Thr,0.259,24.2,['Unknown%20significance'],2.62,0.01,0.0,2.1,2.1
TSPEAR,21,44527455,NM_001272037.2:c.782G>A,NP_001258966.1:p.Gly261Asp,0.149,14.76,['Unknown%20significance'],0.17,0.0,0.0,-0.4,0.4
TSPEAR,21,44527456,NM_001272037.2:c.781G>T,NP_001258966.1:p.Gly261Cys,0.245,24.4,['Unknown%20significance'],0.17,0.0,0.0,-1.0,1.0
TSPEAR,21,44527456,NM_001272037.2:c.781G>A,NP_001258966.1:p.Gly261Ser,0.147,19.83,['Unknown%20significance'],0.17,0.0,0.0,-0.9,0.9
TSPEAR,21,44527459,NM_001272037.2:c.778C>G,NP_001258966.1:p.Leu260Val,0.017,12.73,['Likely%20benign'],3.42,0.01,0.0,0.4,0.4
TSPEAR,21,44527461,NM_001272037.2:c.776C>T,NP_001258966.1:p.Thr259Ile,0.456,24.3,['Unknown%20significance'],0.0,0.0,0.0,-0.3,0.3
TSPEAR,21,44527461,NM_001272037.2:c.776C>A,NP_001258966.1:p.Thr259Asn,0.305,23.9,['Unknown%20significance'],0.0,0.0,0.0,0.9,0.9
TSPEAR,21,44527462,NM_001272037.2:c.775A>C,NP_001258966.1:p.Thr259Pro,0.543,24.4,['Unknown%20significance'],0.0,0.0,0.0,1.2,1.2
TSPEAR,21,44527463,NM_001272037.2:c.774G>C,NP_001258966.1:p.Glu258Asp,0.213,23.1,['Unknown%20significance'],38.02,0.19,0.0,0.1,0.1
TSPEAR,21,44527464,NM_001272037.2:c.773A>G,NP_001258966.1:p.Glu258Gly,0.411,25.4,['Unknown%20significance'],38.02,0.19,0.0,0.3,0.3
TSPEAR,21,44527464,NM_001272037.2:c.773A>C,NP_001258966.1:p.Glu258Ala,0.366,24.7,['Unknown%20significance'],38.02,0.19,0.0,-0.2,0.2
TSPEAR,21,44527467,NM_001272037.2:c.770C>T,NP_001258966.1:p.Ser257Leu,0.404,25.4,['Unknown%20significance'],3.09,0.02,0.0,0.0,0.0
TSPEAR,21,44527470,NM_001272037.2:c.767A>G,NP_001258966.1:p.Asn256Ser,0.005,0.010,['Likely%20benign'],60.55,0.37,0.0,0.0,0.0
TSPEAR,21,44527470,NM_001272037.2:c.767A>C,NP_001258966.1:p.Asn256Thr,0.021,0.121,['Likely%20benign'],60.55,0.37,0.0,-0.2,0.2
TSPEAR,21,44527473,NM_001272037.2:c.764C>G,NP_001258966.1:p.Thr255Ser,0.348,23.8,['Unknown%20significance'],10.64,0.06,0.0,1.0,1.0
TSPEAR,21,44527474,NM_001272037.2:c.763A>G,NP_001258966.1:p.Thr255Ala,0.342,24.0,['Unknown%20significance'],10.64,0.06,0.0,0.7,0.7
TSPEAR,21,44527474,NM_001272037.2:c.763A>C,NP_001258966.1:p.Thr255Pro,0.487,25.2,['Unknown%20significance'],10.64,0.06,0.0,1.4,1.4
TSPEAR,21,44527476,NM_001272037.2:c.761C>G,NP_001258966.1:p.Ser254Cys,0.009,2.725,['Likely%20benign'],101.61,0.73,0.0,-0.0,0.0
TSPEAR,21,44527477,NM_001272037.2:c.760T>C,NP_001258966.1:p.Ser254Pro,0.011,1.645,['Likely%20benign'],101.61,0.73,0.0,-0.1,0.1
TSPEAR,21,44527478,NM_001272037.2:c.759G>T,NP_001258966.1:p.Leu253Phe,0.260,18.09,['Unknown%20significance'],10.58,0.05,0.0,0.3,0.3
TSPEAR,21,44527483,NM_001272037.2:c.754A>G,NP_001258966.1:p.Asn252Asp,0.018,0.344,['Likely%20benign'],74.01,0.46,0.0,0.3,0.3
TSPEAR,21,44527485,NM_001272037.2:c.752A>G,NP_001258966.1:p.Gln251Arg,0.441,24.1,['Unknown%20significance'],17.69,0.08,0.0,0.0,0.0
TSPEAR,21,44527486,NM_001272037.2:c.751C>G,NP_001258966.1:p.Gln251Glu,0.243,23.4,['Unknown%20significance'],17.69,0.08,0.0,0.7,0.7
TSPEAR,21,44527488,NM_001272037.2:c.749A>G,NP_001258966.1:p.His250Arg,0.174,22.1,['Unknown%20significance'],38.48,0.18,0.0,0.4,0.4
TSPEAR,21,44527492,NM_001272037.2:c.745G>A,NP_001258966.1:p.Glu249Lys,0.244,23.3,['Unknown%20significance'],86.17,0.44,0.0,0.0,0.0
TSPEAR,21,44527494,NM_001272037.2:c.743A>G,NP_001258966.1:p.Glu248Gly,0.194,25.4,['Unknown%20significance'],48.23,0.24,0.0,0.7,0.7
TSPEAR,21,44527495,NM_001272037.2:c.742G>A,NP_001258966.1:p.Glu248Lys,0.190,21.9,['Unknown%20significance'],48.23,0.24,0.0,0.0,0.0
TSPEAR,21,44527498,NM_001272037.2:c.739G>T,NP_001258966.1:p.Val247Leu,0.122,17.11,['Unknown%20significance'],20.1,0.11,0.0,-0.5,0.5
TSPEAR,21,44527498,NM_001272037.2:c.739G>A,NP_001258966.1:p.Val247Met,0.236,23.6,['Unknown%20significance'],20.1,0.11,0.0,0.3,0.3
TSPEAR,21,44527501,NM_001272037.2:c.736T>C,NP_001258966.1:p.Tyr246His,0.532,25.1,['Unknown%20significance'],116.97,0.48,0.0,0.9,0.9
TSPEAR,21,44527503,NM_001272037.2:c.734A>G,NP_001258966.1:p.Asp245Gly,0.639,26.0,['Unknown%20significance'],42.07,0.26,0.0,0.5,0.5
TSPEAR,21,44527504,NM_001272037.2:c.733G>T,NP_001258966.1:p.Asp245Tyr,0.592,25.1,['Unknown%20significance'],42.07,0.26,0.0,-0.9,0.9
TSPEAR,21,44527504,NM_001272037.2:c.733G>A,NP_001258966.1:p.Asp245Asn,0.402,24.7,['Unknown%20significance'],42.07,0.26,0.0,-0.1,0.1
TSPEAR,21,44527506,NM_001272037.2:c.731T>G,NP_001258966.1:p.Leu244Arg,0.621,25.1,['Unknown%20significance'],1.62,0.0,0.0,1.8,1.8
TSPEAR,21,44527506,NM_001272037.2:c.731T>C,NP_001258966.1:p.Leu244Pro,0.653,25.2,['Unknown%20significance'],1.62,0.0,0.0,3.1,3.1
TSPEAR,21,44527506,NM_001272037.2:c.731T>A,NP_001258966.1:p.Leu244Gln,0.593,25.3,['Unknown%20significance'],1.62,0.0,0.0,2.4,2.4
TSPEAR,21,44527511,NM_001272037.2:c.726A>C,NP_001258966.1:p.Glu242Asp,0.048,4.087,['Likely%20benign'],96.98,0.49,0.0,0.1,0.1
TSPEAR,21,44527514,NM_001272037.2:c.723A>C,NP_001258966.1:p.Lys241Asn,0.033,8.895,['Likely%20benign'],102.03,0.43,0.0,0.0,0.0
TSPEAR,21,44527518,NM_001272037.2:c.719C>T,NP_001258966.1:p.Ala240Val,0.042,17.51,['Likely%20benign'],36.41,0.28,0.0,-0.3,0.3
TSPEAR,21,44528452,NM_001272037.2:c.718G>C,NP_001258966.1:p.Ala240Pro,0.082,28.1,['Unknown%20significance'],36.41,0.28,0.0,0.2,0.2
TSPEAR,21,44528452,NM_001272037.2:c.718G>A,NP_001258966.1:p.Ala240Thr,0.034,24.9,['Unknown%20significance'],36.41,0.28,0.0,-0.3,0.3
TSPEAR,21,44528456,NM_001272037.2:c.714A>T,NP_001258966.1:p.Leu238Phe,0.135,21.9,['Unknown%20significance'],106.82,0.55,0.0,0.2,0.2
TSPEAR,21,44528461,NM_001272037.2:c.709G>A,NP_001258966.1:p.Val237Met,0.036,14.11,['Unknown%20significance'],88.52,0.51,0.0,0.3,0.3
TSPEAR,21,44528463,NM_001272037.2:c.707C>T,NP_001258966.1:p.Ser236Phe,0.275,24.8,['Unknown%20significance'],56.3,0.4,0.0,-0.8,0.8
TSPEAR,21,44528464,NM_001272037.2:c.706T>A,NP_001258966.1:p.Ser236Thr,0.097,14.72,['Unknown%20significance'],56.3,0.4,0.0,-0.4,0.4
TSPEAR,21,44528473,NM_001272037.2:c.697G>A,NP_001258966.1:p.Glu233Lys,0.033,0.015,['Unknown%20significance'],133.24,0.68,0.0,0.0,0.0
TSPEAR,21,44528474,NM_001272037.2:c.696C>G,NP_001258966.1:p.Asn232Lys,0.011,0.160,['Likely%20benign'],94.46,0.59,0.0,-0.0,0.0
TSPEAR,21,44528474,NM_001272037.2:c.696C>A,NP_001258966.1:p.Asn232Lys,0.011,0.205,['Likely%20benign'],94.46,0.59,0.0,-0.0,0.0
TSPEAR,21,44528478,NM_001272037.2:c.692G>C,NP_001258966.1:p.Gly231Ala,0.168,20.3,['Unknown%20significance'],35.05,0.36,0.0,-0.2,0.2
TSPEAR,21,44528479,NM_001272037.2:c.691G>A,NP_001258966.1:p.Gly231Ser,0.267,23.4,['Unknown%20significance'],35.05,0.36,0.0,-0.1,0.1
TSPEAR,21,44528481,NM_001272037.2:c.689T>C,NP_001258966.1:p.Val230Ala,0.062,10.11,['Unknown%20significance'],95.15,0.55,0.0,0.9,0.9
TSPEAR,21,44528481,NM_001272037.2:c.689T>A,NP_001258966.1:p.Val230Asp,0.077,9.153,['Likely%20benign'],95.15,0.55,0.0,1.2,1.2
TSPEAR,21,44528482,NM_001272037.2:c.688G>T,NP_001258966.1:p.Val230Phe,0.084,18.28,['Unknown%20significance'],95.15,0.55,0.0,0.3,0.3
TSPEAR,21,44528482,NM_001272037.2:c.688G>A,NP_001258966.1:p.Val230Ile,0.022,12.68,['Likely%20benign'],95.15,0.55,0.0,0.2,0.2
TSPEAR,21,44528484,NM_001272037.2:c.686G>A,NP_001258966.1:p.Cys229Tyr,0.680,24.3,['Unknown%20significance'],0.01,0.0,0.0,1.4,1.4
TSPEAR,21,44528488,NM_001272037.2:c.682C>G,NP_001258966.1:p.Leu228Val,0.155,16.75,['Unknown%20significance'],47.35,0.24,0.0,0.4,0.4
TSPEAR,21,44528488,NM_001272037.2:c.682C>A,NP_001258966.1:p.Leu228Met,0.201,21.9,['Unknown%20significance'],47.35,0.24,0.0,0.7,0.7
TSPEAR,21,44528496,NM_001272037.2:c.674G>A,NP_001258966.1:p.Gly225Asp,0.289,16.84,['Unknown%20significance'],0.02,0.0,0.0,1.1,1.1
TSPEAR,21,44528497,NM_001272037.2:c.673G>A,NP_001258966.1:p.Gly225Ser,0.195,23.6,['Unknown%20significance'],0.02,0.0,0.0,0.9,0.9
TSPEAR,21,44528500,NM_001272037.2:c.670A>C,NP_001258966.1:p.Lys224Gln,0.118,21.6,['Unknown%20significance'],142.8,0.6,0.0,-0.2,0.2
TSPEAR,21,44528502,NM_001272037.2:c.668G>A,NP_001258966.1:p.Arg223Gln,0.011,8.232,['Likely%20benign'],168.43,0.62,0.0,0.3,0.3
TSPEAR,21,44528503,NM_001272037.2:c.667C>T,NP_001258966.1:p.Arg223Trp,0.111,22.3,['Unknown%20significance'],168.43,0.62,0.0,0.2,0.2
TSPEAR,21,44528506,NM_001272037.2:c.664A>G,NP_001258966.1:p.Ser222Gly,0.062,0.104,['Likely%20benign'],113.92,0.82,0.0,0.2,0.2
TSPEAR,21,44528508,NM_001272037.2:c.662C>G,NP_001258966.1:p.Ala221Gly,0.048,10.89,['Unknown%20significance'],63.39,0.49,0.0,0.6,0.6
TSPEAR,21,44528508,NM_001272037.2:c.662C>A,NP_001258966.1:p.Ala221Asp,0.134,12.06,['Unknown%20significance'],63.39,0.49,0.0,0.4,0.4
TSPEAR,21,44528509,NM_001272037.2:c.661G>A,NP_001258966.1:p.Ala221Thr,0.084,13.64,['Likely%20benign'],63.39,0.49,0.0,-0.1,0.1
TSPEAR,21,44528512,NM_001272037.2:c.658G>C,NP_001258966.1:p.Asp220His,0.166,24.3,['Unknown%20significance'],10.12,0.06,0.0,-0.6,0.6
TSPEAR,21,44528514,NM_001272037.2:c.656T>C,NP_001258966.1:p.Phe219Ser,0.412,27.6,['Unknown%20significance'],67.86,0.29,0.0,3.1,3.1
TSPEAR,21,44528515,NM_001272037.2:c.655T>C,NP_001258966.1:p.Phe219Leu,0.083,22.1,['Unknown%20significance'],67.86,0.29,0.0,0.4,0.4
TSPEAR,21,44528516,NM_001272037.2:c.654G>T,NP_001258966.1:p.Trp218Cys,0.659,27.6,['Unknown%20significance'],3.15,0.01,0.0,3.7,3.7
TSPEAR,21,44528517,NM_001272037.2:c.653G>C,NP_001258966.1:p.Trp218Ser,0.695,26.7,['Unknown%20significance'],3.15,0.01,0.0,5.2,5.2
TSPEAR,21,44528521,NM_001272037.2:c.649T>C,NP_001258966.1:p.Phe217Leu,0.104,17.63,['Unknown%20significance'],37.6,0.16,0.0,-0.1,0.1
TSPEAR,21,44528524,NM_001272037.2:c.646C>A,NP_001258966.1:p.Gln216Lys,0.076,22.6,['Unknown%20significance'],38.86,0.19,0.0,0.6,0.6
TSPEAR,21,44528526,NM_001272037.2:c.644C>T,NP_001258966.1:p.Ala215Val,0.095,21.4,['Unknown%20significance'],84.29,0.66,0.0,-0.0,0.0
TSPEAR,21,44528527,NM_001272037.2:c.643G>T,NP_001258966.1:p.Ala215Ser,0.045,17.04,['Unknown%20significance'],84.29,0.66,0.0,0.2,0.2
TSPEAR,21,44528527,NM_001272037.2:c.643G>A,NP_001258966.1:p.Ala215Thr,0.115,22.3,['Unknown%20significance'],84.29,0.66,0.0,0.1,0.1
TSPEAR,21,44528533,NM_001272037.2:c.637G>A,NP_001258966.1:p.Glu213Lys,0.223,22.7,['Unknown%20significance'],21.61,0.11,0.0,0.0,0.0
TSPEAR,21,44528536,NM_001272037.2:c.634G>T,NP_001258966.1:p.Val212Leu,0.014,0.161,['Likely%20benign'],129.65,0.75,0.0,-0.0,0.0
TSPEAR,21,44528536,NM_001272037.2:c.634G>A,NP_001258966.1:p.Val212Met,0.007,0.526,['Likely%20benign'],129.65,0.75,0.0,-0.1,0.1
TSPEAR,21,44528539,NM_001272037.2:c.631G>A,NP_001258966.1:p.Glu211Lys,0.029,0.162,['Likely%20benign'],149.42,0.76,0.0,-0.0,0.0
TSPEAR,21,44528541,NM_001272037.2:c.629C>T,NP_001258966.1:p.Thr210Ile,0.270,23.1,['Unknown%20significance'],78.54,0.49,0.0,-0.3,0.3
TSPEAR,21,44528541,NM_001272037.2:c.629C>A,NP_001258966.1:p.Thr210Asn,0.201,22.8,['Unknown%20significance'],78.54,0.49,0.0,0.6,0.6
TSPEAR,21,44528542,NM_001272037.2:c.628A>G,NP_001258966.1:p.Thr210Ala,0.108,14.11,['Unknown%20significance'],78.54,0.49,0.0,0.4,0.4
TSPEAR,21,44528544,NM_001272037.2:c.626G>A,NP_001258966.1:p.Cys209Tyr,0.488,23.3,['Unknown%20significance'],30.3,0.19,0.0,1.0,1.0
TSPEAR,21,44528547,NM_001272037.2:c.623C>T,NP_001258966.1:p.Pro208Leu,0.054,13.95,['Unknown%20significance'],113.57,0.72,0.0,-0.3,0.3
TSPEAR,21,44528547,NM_001272037.2:c.623C>A,NP_001258966.1:p.Pro208Gln,0.037,16.19,['Unknown%20significance'],113.57,0.72,0.0,0.2,0.2
TSPEAR,21,44528550,NM_001272037.2:c.620C>T,NP_001258966.1:p.Pro207Leu,0.295,24.1,['Unknown%20significance'],25.2,0.16,0.0,-0.1,0.1
TSPEAR,21,44528551,NM_001272037.2:c.619C>A,NP_001258966.1:p.Pro207Thr,0.239,23.6,['Unknown%20significance'],25.2,0.16,0.0,0.3,0.3
TSPEAR,21,44528556,NM_001272037.2:c.614C>A,NP_001258966.1:p.Pro205His,0.115,19.56,['Unknown%20significance'],136.31,0.86,0.0,-0.1,0.1
TSPEAR,21,44528557,NM_001272037.2:c.613C>G,NP_001258966.1:p.Pro205Ala,0.030,0.213,['Likely%20benign'],136.31,0.86,0.0,-0.0,0.0
TSPEAR,21,44528559,NM_001272037.2:c.611G>A,NP_001258966.1:p.Gly204Glu,0.400,24.1,['Unknown%20significance'],19.06,0.19,0.0,1.3,1.3
TSPEAR,21,44528560,NM_001272037.2:c.610G>A,NP_001258966.1:p.Gly204Arg,0.416,24.4,['Unknown%20significance'],19.06,0.19,0.0,0.6,0.6
TSPEAR,21,44528562,NM_001272037.2:c.608T>G,NP_001258966.1:p.Leu203Arg,0.336,25.0,['Unknown%20significance'],143.55,0.74,0.0,0.7,0.7
TSPEAR,21,44528562,NM_001272037.2:c.608T>A,NP_001258966.1:p.Leu203Gln,0.328,24.9,['Unknown%20significance'],143.55,0.74,0.0,0.9,0.9
TSPEAR,21,44528565,NM_001272037.2:c.605C>T,NP_001258966.1:p.Thr202Met,0.345,25.1,['Likely%20benign'],49.51,0.31,0.0,0.2,0.2
TSPEAR,21,44528565,NM_001272037.2:c.605C>G,NP_001258966.1:p.Thr202Arg,0.323,25.1,['Unknown%20significance'],49.51,0.31,0.0,0.8,0.8
TSPEAR,21,44528568,NM_001272037.2:c.602T>A,NP_001258966.1:p.Val201Glu,0.379,25.7,['Unknown%20significance'],64.25,0.37,0.0,2.4,2.4
TSPEAR,21,44528569,NM_001272037.2:c.601G>A,NP_001258966.1:p.Val201Met,0.166,23.5,['Unknown%20significance'],64.25,0.37,0.0,0.9,0.9
TSPEAR,21,44528571,NM_001272037.2:c.599G>T,NP_001258966.1:p.Arg200Leu,0.023,21.5,['Likely%20benign'],177.77,0.65,0.0,-0.2,0.2
TSPEAR,21,44528571,NM_001272037.2:c.599G>A,NP_001258966.1:p.Arg200Gln,0.021,16.65,['Likely%20benign'],177.77,0.65,0.0,0.2,0.2
TSPEAR,21,44528574,NM_001272037.2:c.596T>C,NP_001258966.1:p.Ile199Thr,0.107,18.67,['Likely%20benign'],126.55,0.64,0.0,0.3,0.3
TSPEAR,21,44528575,NM_001272037.2:c.595A>G,NP_001258966.1:p.Ile199Val,0.037,0.083,['Likely%20benign'],126.55,0.64,0.0,-0.0,0.0
TSPEAR,21,44528578,NM_001272037.2:c.592A>G,NP_001258966.1:p.Asn198Asp,0.041,0.414,['Likely%20benign'],124.76,0.78,0.0,0.0,0.0
TSPEAR,21,44528580,NM_001272037.2:c.590C>T,NP_001258966.1:p.Thr197Ile,0.114,22.6,['Unknown%20significance'],117.18,0.74,0.0,-0.0,0.0
TSPEAR,21,44528581,NM_001272037.2:c.589A>G,NP_001258966.1:p.Thr197Ala,0.029,16.09,['Likely%20benign'],117.18,0.74,0.0,-0.1,0.1
TSPEAR,21,44528581,NM_001272037.2:c.589A>C,NP_001258966.1:p.Thr197Pro,0.125,17.87,['Unknown%20significance'],117.18,0.74,0.0,0.2,0.2
TSPEAR,21,44529800,NM_001272037.2:c.584A>G,NP_001258966.1:p.Tyr195Cys,0.286,26.9,['Unknown%20significance'],229.34,0.95,0.0,0.2,0.2
TSPEAR,21,44529801,NM_001272037.2:c.583T>C,NP_001258966.1:p.Tyr195His,0.135,21.3,['Unknown%20significance'],229.34,0.95,0.0,0.1,0.1
TSPEAR,21,44529804,NM_001272037.2:c.580C>T,NP_001258966.1:p.Pro194Ser,0.077,20.9,['Unknown%20significance'],137.56,0.87,0.0,0.3,0.3
TSPEAR,21,44529806,NM_001272037.2:c.578A>G,NP_001258966.1:p.Tyr193Cys,0.354,24.0,['Unknown%20significance'],124.79,0.52,0.0,1.0,1.0
TSPEAR,21,44529812,NM_001272037.2:c.572T>A,NP_001258966.1:p.Leu191Gln,0.179,22.6,['Unknown%20significance'],153.6,0.79,0.0,0.9,0.9
TSPEAR,21,44529813,NM_001272037.2:c.571C>G,NP_001258966.1:p.Leu191Val,0.147,22.8,['Unknown%20significance'],153.6,0.79,0.0,0.4,0.4
TSPEAR,21,44529816,NM_001272037.2:c.568G>A,NP_001258966.1:p.Val190Met,0.089,22.9,['Unknown%20significance'],108.23,0.62,0.0,0.2,0.2
TSPEAR,21,44529817,NM_001272037.2:c.567G>C,NP_001258966.1:p.Glu189Asp,0.028,14.68,['Likely%20benign'],200.72,1.0,0.0,0.0,0.0
TSPEAR,21,44529819,NM_001272037.2:c.565G>A,NP_001258966.1:p.Glu189Lys,0.096,22.2,['Unknown%20significance'],200.72,1.0,0.0,0.0,0.0
TSPEAR,21,44529824,NM_001272037.2:c.560A>G,NP_001258966.1:p.Asp187Gly,0.141,23.5,['Unknown%20significance'],137.48,0.85,0.0,0.1,0.1
TSPEAR,21,44529825,NM_001272037.2:c.559G>A,NP_001258966.1:p.Asp187Asn,0.102,17.18,['Likely%20benign'],137.48,0.85,0.0,-0.1,0.1
TSPEAR,21,44529836,NM_001272037.2:c.548G>A,NP_001258966.1:p.Gly183Glu,0.114,10.47,['Likely%20benign'],56.75,0.59,0.0,-0.2,0.2
TSPEAR,21,44529839,NM_001272037.2:c.545C>T,NP_001258966.1:p.Thr182Met,0.169,15.72,['Unknown%20significance'],127.72,0.81,0.0,-0.1,0.1
TSPEAR,21,44529843,NM_001272037.2:c.541C>T,NP_001258966.1:p.Leu181Phe,0.030,7.018,['Likely%20benign'],146.2,0.75,0.0,0.1,0.1
TSPEAR,21,44529845,NM_001272037.2:c.539C>T,NP_001258966.1:p.Ala180Val,0.018,10.41,['Likely%20benign'],82.12,0.64,0.0,-0.2,0.2
TSPEAR,21,44529848,NM_001272037.2:c.536A>G,NP_001258966.1:p.Gln179Arg,0.009,11.41,['Likely%20benign'],105.01,0.53,0.0,-0.2,0.2
TSPEAR,21,44529851,NM_001272037.2:c.533T>C,NP_001258966.1:p.Leu178Pro,0.478,24.1,['Unknown%20significance'],38.97,0.2,0.0,2.4,2.4
TSPEAR,21,44529855,NM_001272037.2:c.529G>A,NP_001258966.1:p.Val177Ile,0.018,4.617,['Likely%20benign'],122.02,0.7,0.0,-0.1,0.1
TSPEAR,21,44529857,NM_001272037.2:c.527G>T,NP_001258966.1:p.Arg176Leu,0.019,7.918,['Likely%20benign'],238.74,0.88,0.0,-0.1,0.1
TSPEAR,21,44529857,NM_001272037.2:c.527G>A,NP_001258966.1:p.Arg176Gln,0.021,4.322,['Likely%20benign'],238.74,0.88,0.0,0.0,0.0
TSPEAR,21,44529858,NM_001272037.2:c.526C>T,NP_001258966.1:p.Arg176Trp,0.030,21.9,['Unknown%20significance'],238.74,0.88,0.0,-0.1,0.1
TSPEAR,21,44529858,NM_001272037.2:c.526C>G,NP_001258966.1:p.Arg176Gly,0.036,13.70,['Likely%20benign'],238.74,0.88,0.0,0.2,0.2
TSPEAR,21,44529860,NM_001272037.2:c.524C>T,NP_001258966.1:p.Pro175Leu,0.495,23.8,['Unknown%20significance'],47.68,0.3,0.0,-0.1,0.1
TSPEAR,21,44529861,NM_001272037.2:c.523C>T,NP_001258966.1:p.Pro175Ser,0.501,24.9,['Unknown%20significance'],47.68,0.3,0.0,0.6,0.6
TSPEAR,21,44529863,NM_001272037.2:c.521T>A,NP_001258966.1:p.Ile174Asn,0.310,25.3,['Unknown%20significance'],91.29,0.46,0.0,1.5,1.5
TSPEAR,21,44529864,NM_001272037.2:c.520A>C,NP_001258966.1:p.Ile174Leu,0.156,21.0,['Unknown%20significance'],91.29,0.46,0.0,0.4,0.4
TSPEAR,21,44529866,NM_001272037.2:c.518C>G,NP_001258966.1:p.Ser173Cys,0.304,25.3,['Unknown%20significance'],104.41,0.75,0.0,0.0,0.0
TSPEAR,21,44529866,NM_001272037.2:c.518C>A,NP_001258966.1:p.Ser173Tyr,0.338,24.9,['Unknown%20significance'],104.41,0.75,0.0,-0.3,0.3
TSPEAR,21,44529867,NM_001272037.2:c.517T>A,NP_001258966.1:p.Ser173Thr,0.259,21.7,['Unknown%20significance'],104.41,0.75,0.0,-0.0,0.0
TSPEAR,21,44529869,NM_001272037.2:c.515T>C,NP_001258966.1:p.Leu172Pro,0.543,25.8,['Unknown%20significance'],4.88,0.02,0.0,2.8,2.8
TSPEAR,21,44529870,NM_001272037.2:c.514C>A,NP_001258966.1:p.Leu172Met,0.332,22.9,['Unknown%20significance'],4.88,0.02,0.0,0.8,0.8
TSPEAR,21,44529873,NM_001272037.2:c.511G>T,NP_001258966.1:p.Val171Leu,0.030,6.439,['Unknown%20significance'],83.19,0.48,0.0,0.0,0.0
TSPEAR,21,44529875,NM_001272037.2:c.509C>T,NP_001258966.1:p.Ala170Val,0.085,15.12,['Unknown%20significance'],3.96,0.03,0.0,-0.7,0.7
TSPEAR,21,44529875,NM_001272037.2:c.509C>A,NP_001258966.1:p.Ala170Glu,0.177,18.16,['Unknown%20significance'],3.96,0.03,0.0,0.4,0.4
TSPEAR,21,44529878,NM_001272037.2:c.506T>C,NP_001258966.1:p.Leu169Pro,0.319,24.0,['Unknown%20significance'],53.04,0.27,0.0,1.1,1.1
TSPEAR,21,44529881,NM_001272037.2:c.503C>T,NP_001258966.1:p.Pro168Leu,0.022,4.847,['Likely%20benign'],58.31,0.37,0.0,-0.5,0.5
TSPEAR,21,44529882,NM_001272037.2:c.502C>T,NP_001258966.1:p.Pro168Ser,0.009,6.031,['Unknown%20significance'],58.31,0.37,0.0,-0.3,0.3
TSPEAR,21,44529884,NM_001272037.2:c.500C>T,NP_001258966.1:p.Ala167Val,0.125,18.07,['Unknown%20significance'],17.35,0.13,0.0,-0.5,0.5
TSPEAR,21,44529884,NM_001272037.2:c.500C>G,NP_001258966.1:p.Ala167Gly,0.120,18.14,['Unknown%20significance'],17.35,0.13,0.0,0.9,0.9
TSPEAR,21,44529884,NM_001272037.2:c.500C>A,NP_001258966.1:p.Ala167Asp,0.138,18.80,['Unknown%20significance'],17.35,0.13,0.0,0.5,0.5
TSPEAR,21,44529885,NM_001272037.2:c.499G>T,NP_001258966.1:p.Ala167Ser,0.064,4.826,['Unknown%20significance'],17.35,0.13,0.0,0.1,0.1
TSPEAR,21,44529885,NM_001272037.2:c.499G>A,NP_001258966.1:p.Ala167Thr,0.046,7.409,['Likely%20benign'],17.35,0.13,0.0,-0.1,0.1
TSPEAR,21,44529886,NM_001272037.2:c.498C>A,NP_001258966.1:p.Asn166Lys,0.043,0.231,['Likely%20benign'],107.56,0.67,0.0,0.1,0.1
TSPEAR,21,44529887,NM_001272037.2:c.497A>G,NP_001258966.1:p.Asn166Ser,0.021,12.10,['Likely%20benign'],107.56,0.67,0.0,0.1,0.1
TSPEAR,21,44529888,NM_001272037.2:c.496A>T,NP_001258966.1:p.Asn166Tyr,0.100,23.0,['Likely%20benign'],107.56,0.67,0.0,-0.2,0.2
TSPEAR,21,44529889,NM_001272037.2:c.495G>C,NP_001258966.1:p.Arg165Ser,0.050,13.49,['Likely%20benign'],274.22,1.0,0.0,0.1,0.1
TSPEAR,21,44529890,NM_001272037.2:c.494G>A,NP_001258966.1:p.Arg165Lys,0.056,0.845,['Likely%20benign'],274.22,1.0,0.0,0.1,0.1
TSPEAR,21,44529891,NM_001272037.2:c.493A>G,NP_001258966.1:p.Arg165Gly,0.050,15.00,['Likely%20benign'],274.22,1.0,0.0,0.2,0.2
TSPEAR,21,44529892,NM_001272037.2:c.492C>A,NP_001258966.1:p.Ser164Arg,0.058,23.5,['Unknown%20significance'],39.97,0.28,0.0,-0.3,0.3
TSPEAR,21,44529896,NM_001272037.2:c.488C>A,NP_001258966.1:p.Pro163His,0.120,23.2,['Unknown%20significance'],153.83,0.97,0.0,-0.0,0.0
TSPEAR,21,44529899,NM_001272037.2:c.485G>A,NP_001258966.1:p.Cys162Tyr,0.687,25.0,['Unknown%20significance'],33.2,0.21,0.0,2.1,2.1
TSPEAR,21,44529903,NM_001272037.2:c.481C>A,NP_001258966.1:p.Leu161Met,0.035,19.43,['Unknown%20significance'],5.6,0.02,0.0,0.2,0.2
TSPEAR,21,44529904,NM_001272037.2:c.480G>T,NP_001258966.1:p.Arg160Ser,0.042,17.62,['Unknown%20significance'],106.98,0.39,0.0,0.4,0.4
TSPEAR,21,44529909,NM_001272037.2:c.475C>G,NP_001258966.1:p.Pro159Ala,0.041,7.195,['Likely%20benign'],110.84,0.7,0.0,-0.1,0.1
TSPEAR,21,44529909,NM_001272037.2:c.475C>A,NP_001258966.1:p.Pro159Thr,0.027,8.912,['Likely%20benign'],110.84,0.7,0.0,-0.2,0.2
TSPEAR,21,44529911,NM_001272037.2:c.473C>T,NP_001258966.1:p.Thr158Ile,0.299,25.0,['Unknown%20significance'],15.38,0.09,0.0,-0.3,0.3
TSPEAR,21,44529911,NM_001272037.2:c.473C>A,NP_001258966.1:p.Thr158Asn,0.269,24.7,['Unknown%20significance'],15.38,0.09,0.0,0.5,0.5
TSPEAR,21,44529914,NM_001272037.2:c.470C>A,NP_001258966.1:p.Ala157Asp,0.604,26.0,['Unknown%20significance'],0.0,0.0,0.0,1.7,1.7
TSPEAR,21,44529915,NM_001272037.2:c.469G>A,NP_001258966.1:p.Ala157Thr,0.408,25.2,['Unknown%20significance'],0.0,0.0,0.0,0.5,0.5
TSPEAR,21,44529916,NM_001272037.2:c.468C>A,NP_001258966.1:p.Asp156Glu,0.395,12.17,['Unknown%20significance'],63.32,0.39,0.0,-0.1,0.1
TSPEAR,21,44529917,NM_001272037.2:c.467A>T,NP_001258966.1:p.Asp156Val,0.544,25.0,['Unknown%20significance'],63.32,0.39,0.0,-0.4,0.4
TSPEAR,21,44529918,NM_001272037.2:c.466G>T,NP_001258966.1:p.Asp156Tyr,0.483,24.5,['Unknown%20significance'],63.32,0.39,0.0,-1.0,1.0
TSPEAR,21,44529920,NM_001272037.2:c.464C>T,NP_001258966.1:p.Ser155Leu,0.178,25.9,['Unknown%20significance'],46.37,0.33,0.0,-0.3,0.3
TSPEAR,21,44529923,NM_001272037.2:c.461G>A,NP_001258966.1:p.Gly154Asp,0.409,24.5,['Unknown%20significance'],54.91,0.57,0.0,-0.2,0.2
TSPEAR,21,44529924,NM_001272037.2:c.460G>T,NP_001258966.1:p.Gly154Cys,0.430,25.2,['Unknown%20significance'],54.91,0.57,0.0,-0.3,0.3
TSPEAR,21,44529926,NM_001272037.2:c.458C>T,NP_001258966.1:p.Pro153Leu,0.507,26.0,['Unknown%20significance'],83.3,0.52,0.0,-0.3,0.3
TSPEAR,21,44529927,NM_001272037.2:c.457C>T,NP_001258966.1:p.Pro153Ser,0.415,25.1,['Unknown%20significance'],83.3,0.52,0.0,0.2,0.2
TSPEAR,21,44529929,NM_001272037.2:c.455T>G,NP_001258966.1:p.Leu152Arg,0.627,26.1,['Unknown%20significance'],0.66,0.0,0.0,1.5,1.5
TSPEAR,21,44529930,NM_001272037.2:c.454C>A,NP_001258966.1:p.Leu152Met,0.201,23.2,['Unknown%20significance'],0.66,0.0,0.0,0.5,0.5
TSPEAR,21,44529933,NM_001272037.2:c.451C>A,NP_001258966.1:p.Leu151Met,0.230,23.4,['Unknown%20significance'],21.92,0.11,0.0,0.8,0.8
TSPEAR,21,44529936,NM_001272037.2:c.448G>A,NP_001258966.1:p.Val150Ile,0.189,22.3,['Unknown%20significance'],36.61,0.21,0.0,-0.1,0.1
TSPEAR,21,44529939,NM_001272037.2:c.445C>A,NP_001258966.1:p.Leu149Met,0.379,26.6,['Unknown%20significance'],37.05,0.19,0.0,1.1,1.1
TSPEAR,21,44529942,NM_001272037.2:c.442C>A,NP_001258966.1:p.Gln148Lys,0.557,26.4,['Unknown%20significance'],23.61,0.11,0.0,0.9,0.9
TSPEAR,21,44529944,NM_001272037.2:c.440G>T,NP_001258966.1:p.Arg147Met,0.331,26.5,['Unknown%20significance'],141.23,0.52,0.0,-0.2,0.2
TSPEAR,21,44529944,NM_001272037.2:c.440G>A,NP_001258966.1:p.Arg147Lys,0.199,22.7,['Unknown%20significance'],141.23,0.52,0.0,0.4,0.4
TSPEAR,21,44529947,NM_001272037.2:c.437T>C,NP_001258966.1:p.Val146Ala,0.132,24.2,['Unknown%20significance'],52.99,0.3,0.0,1.3,1.3
TSPEAR,21,44529948,NM_001272037.2:c.436G>T,NP_001258966.1:p.Val146Leu,0.062,10.65,['Likely%20benign'],52.99,0.3,0.0,-0.4,0.4
TSPEAR,21,44529948,NM_001272037.2:c.436G>A,NP_001258966.1:p.Val146Met,0.028,16.66,['Likely%20benign'],52.99,0.3,0.0,0.2,0.2
TSPEAR,21,44529951,NM_001272037.2:c.433C>A,NP_001258966.1:p.Leu145Met,0.237,23.1,['Unknown%20significance'],42.15,0.21,0.0,0.3,0.3
TSPEAR,21,44529953,NM_001272037.2:c.431G>T,NP_001258966.1:p.Gly144Val,0.613,31,['Unknown%20significance'],11.61,0.12,0.0,-0.8,0.8
TSPEAR,21,44529953,NM_001272037.2:c.431G>C,NP_001258966.1:p.Gly144Ala,0.489,28.9,['Unknown%20significance'],11.61,0.12,0.0,-0.1,0.1
TSPEAR,21,44529953,NM_001272037.2:c.431G>A,NP_001258966.1:p.Gly144Glu,0.550,31,['Unknown%20significance'],11.61,0.12,0.0,0.9,0.9
TSPEAR,21,44529954,NM_001272037.2:c.430G>A,NP_001258966.1:p.Gly144Arg,0.533,33,['Unknown%20significance'],11.61,0.12,0.0,-0.0,0.0
TSPEAR,21,44531043,NM_001272037.2:c.429G>A,NP_001258966.1:p.Met143Ile,0.033,17.86,['Likely%20benign'],122.33,0.56,0.0,-0.0,0.0
TSPEAR,21,44531044,NM_001272037.2:c.428T>C,NP_001258966.1:p.Met143Thr,0.123,14.88,['Likely%20benign'],122.33,0.56,0.0,0.2,0.2
TSPEAR,21,44531045,NM_001272037.2:c.427A>T,NP_001258966.1:p.Met143Leu,0.085,22.5,['Unknown%20significance'],122.33,0.56,0.0,-0.0,0.0
TSPEAR,21,44531045,NM_001272037.2:c.427A>G,NP_001258966.1:p.Met143Val,0.087,23.0,['Unknown%20significance'],122.33,0.56,0.0,0.0,0.0
TSPEAR,21,44531048,NM_001272037.2:c.424T>C,NP_001258966.1:p.Phe142Leu,0.329,23.3,['Unknown%20significance'],21.18,0.09,0.0,1.4,1.4
TSPEAR,21,44531050,NM_001272037.2:c.422T>A,NP_001258966.1:p.Leu141Gln,0.032,16.27,['Likely%20benign'],98.99,0.51,0.0,0.4,0.4
TSPEAR,21,44531053,NM_001272037.2:c.419G>T,NP_001258966.1:p.Gly140Val,0.334,24.3,['Unknown%20significance'],24.56,0.25,0.0,-0.9,0.9
TSPEAR,21,44531053,NM_001272037.2:c.419G>C,NP_001258966.1:p.Gly140Ala,0.271,24.2,['Unknown%20significance'],24.56,0.25,0.0,-0.4,0.4
TSPEAR,21,44531053,NM_001272037.2:c.419G>A,NP_001258966.1:p.Gly140Asp,0.290,24.2,['Unknown%20significance'],24.56,0.25,0.0,-0.2,0.2
TSPEAR,21,44531056,NM_001272037.2:c.416A>G,NP_001258966.1:p.Lys139Arg,0.162,20.2,['Unknown%20significance'],114.29,0.48,0.0,-0.6,0.6
TSPEAR,21,44531059,NM_001272037.2:c.413C>T,NP_001258966.1:p.Ala138Val,0.014,9.995,['Likely%20benign'],61.71,0.48,0.0,-0.2,0.2
TSPEAR,21,44531059,NM_001272037.2:c.413C>G,NP_001258966.1:p.Ala138Gly,0.020,9.644,['Likely%20benign'],61.71,0.48,0.0,0.3,0.3
TSPEAR,21,44531060,NM_001272037.2:c.412G>A,NP_001258966.1:p.Ala138Thr,0.012,6.515,['Likely%20benign'],61.71,0.48,0.0,-0.3,0.3
TSPEAR,21,44531062,NM_001272037.2:c.410G>C,NP_001258966.1:p.Arg137Thr,0.303,23.3,['Unknown%20significance'],238.39,0.88,0.0,0.1,0.1
TSPEAR,21,44531065,NM_001272037.2:c.407G>T,NP_001258966.1:p.Arg136Met,0.197,21.4,['Unknown%20significance'],114.43,0.42,0.0,-0.2,0.2
TSPEAR,21,44531065,NM_001272037.2:c.407G>A,NP_001258966.1:p.Arg136Lys,0.040,7.936,['Likely%20benign'],114.43,0.42,0.0,0.6,0.6
TSPEAR,21,44531068,NM_001272037.2:c.404G>A,NP_001258966.1:p.Arg135Gln,0.227,24.8,['Unknown%20significance'],42.91,0.15,0.0,0.5,0.5
TSPEAR,21,44531069,NM_001272037.2:c.403C>T,NP_001258966.1:p.Arg135Trp,0.486,23.0,['Unknown%20significance'],42.91,0.15,0.0,-0.4,0.4
TSPEAR,21,44531069,NM_001272037.2:c.403C>G,NP_001258966.1:p.Arg135Gly,0.403,22.9,['Unknown%20significance'],42.91,0.15,0.0,1.9,1.9
TSPEAR,21,44531071,NM_001272037.2:c.401G>A,NP_001258966.1:p.Ser134Asn,0.080,14.20,['Likely%20benign'],3.38,0.02,0.0,0.0,0.0
TSPEAR,21,44531074,NM_001272037.2:c.398G>A,NP_001258966.1:p.Gly133Asp,0.336,23.7,['Unknown%20significance'],12.44,0.13,0.0,1.2,1.2
TSPEAR,21,44531075,NM_001272037.2:c.397G>T,NP_001258966.1:p.Gly133Cys,0.349,24.2,['Unknown%20significance'],12.44,0.13,0.0,0.4,0.4
TSPEAR,21,44531075,NM_001272037.2:c.397G>A,NP_001258966.1:p.Gly133Ser,0.316,23.9,['Unknown%20significance'],12.44,0.13,0.0,0.7,0.7
TSPEAR,21,44531077,NM_001272037.2:c.395T>C,NP_001258966.1:p.Val132Ala,0.138,21.3,['Unknown%20significance'],21.14,0.12,0.0,2.3,2.3
TSPEAR,21,44531078,NM_001272037.2:c.394G>T,NP_001258966.1:p.Val132Phe,0.132,10.51,['Likely%20benign'],21.14,0.12,0.0,0.4,0.4
TSPEAR,21,44531078,NM_001272037.2:c.394G>A,NP_001258966.1:p.Val132Ile,0.014,0.122,['Unknown%20significance'],21.14,0.12,0.0,-0.4,0.4
TSPEAR,21,44531081,NM_001272037.2:c.391T>G,NP_001258966.1:p.Phe131Val,0.217,19.91,['Unknown%20significance'],7.83,0.03,0.0,0.9,0.9
TSPEAR,21,44531082,NM_001272037.2:c.390C>G,NP_001258966.1:p.Phe130Leu,0.210,21.0,['Unknown%20significance'],2.05,0.0,0.0,-0.3,0.3
TSPEAR,21,44531086,NM_001272037.2:c.386G>A,NP_001258966.1:p.Arg129Gln,0.065,11.49,['Likely%20benign'],77.9,0.28,0.0,0.4,0.4
TSPEAR,21,44531089,NM_001272037.2:c.383C>T,NP_001258966.1:p.Ala128Val,0.135,22.7,['Unknown%20significance'],2.48,0.01,0.0,-0.9,0.9
TSPEAR,21,44531089,NM_001272037.2:c.383C>G,NP_001258966.1:p.Ala128Gly,0.157,22.4,['Unknown%20significance'],2.48,0.01,0.0,1.5,1.5
TSPEAR,21,44531092,NM_001272037.2:c.380G>C,NP_001258966.1:p.Gly127Ala,0.373,22.4,['Unknown%20significance'],46.13,0.48,0.0,0.2,0.2
TSPEAR,21,44531092,NM_001272037.2:c.380G>A,NP_001258966.1:p.Gly127Glu,0.369,22.7,['Unknown%20significance'],46.13,0.48,0.0,0.5,0.5
TSPEAR,21,44531093,NM_001272037.2:c.379G>A,NP_001258966.1:p.Gly127Arg,0.258,19.08,['Unknown%20significance'],46.13,0.48,0.0,0.1,0.1
TSPEAR,21,44531094,NM_001272037.2:c.378A>T,NP_001258966.1:p.Lys126Asn,0.034,14.56,['Unknown%20significance'],190.8,0.8,0.0,-0.1,0.1
TSPEAR,21,44531098,NM_001272037.2:c.374T>G,NP_001258966.1:p.Val125Gly,0.192,20.4,['Unknown%20significance'],0.65,0.0,0.0,2.6,2.6
TSPEAR,21,44531098,NM_001272037.2:c.374T>C,NP_001258966.1:p.Val125Ala,0.112,18.51,['Likely%20benign'],0.65,0.0,0.0,1.3,1.3
TSPEAR,21,44531099,NM_001272037.2:c.373G>C,NP_001258966.1:p.Val125Leu,0.046,6.588,['Likely%20benign'],0.65,0.0,0.0,-0.1,0.1
TSPEAR,21,44531099,NM_001272037.2:c.373G>A,NP_001258966.1:p.Val125Met,0.027,8.216,['Likely%20benign'],0.65,0.0,0.0,0.2,0.2
TSPEAR,21,44531104,NM_001272037.2:c.368T>C,NP_001258966.1:p.Leu123Pro,0.251,23.6,['Unknown%20significance'],6.57,0.03,0.0,2.8,2.8
TSPEAR,21,44531107,NM_001272037.2:c.365C>T,NP_001258966.1:p.Thr122Ile,0.062,13.85,['Likely%20benign'],103.0,0.65,0.0,-0.1,0.1
TSPEAR,21,44531108,NM_001272037.2:c.364A>T,NP_001258966.1:p.Thr122Ser,0.023,2.537,['Likely%20benign'],103.0,0.65,0.0,0.2,0.2
TSPEAR,21,44531108,NM_001272037.2:c.364A>G,NP_001258966.1:p.Thr122Ala,0.032,5.175,['Likely%20benign'],103.0,0.65,0.0,0.1,0.1
TSPEAR,21,44531110,NM_001272037.2:c.362C>G,NP_001258966.1:p.Ala121Gly,0.019,20.5,['Likely%20benign'],61.33,0.48,0.0,0.4,0.4
TSPEAR,21,44531110,NM_001272037.2:c.362C>A,NP_001258966.1:p.Ala121Asp,0.025,20.7,['Likely%20benign'],61.33,0.48,0.0,0.4,0.4
TSPEAR,21,44531111,NM_001272037.2:c.361G>C,NP_001258966.1:p.Ala121Pro,0.031,15.46,['Likely%20benign'],61.33,0.48,0.0,0.2,0.2
TSPEAR,21,44531111,NM_001272037.2:c.361G>A,NP_001258966.1:p.Ala121Thr,0.015,14.87,['Likely%20benign'],61.33,0.48,0.0,-0.0,0.0
TSPEAR,21,44531114,NM_001272037.2:c.358C>T,NP_001258966.1:p.Pro120Ser,0.441,24.9,['Unknown%20significance'],8.1,0.05,0.0,0.1,0.1
TSPEAR,21,44531119,NM_001272037.2:c.353C>A,NP_001258966.1:p.Pro118His,0.129,23.1,['Unknown%20significance'],58.13,0.36,0.0,-0.4,0.4
TSPEAR,21,44531120,NM_001272037.2:c.352C>T,NP_001258966.1:p.Pro118Ser,0.048,18.98,['Likely%20benign'],58.13,0.36,0.0,-0.1,0.1
TSPEAR,21,44531122,NM_001272037.2:c.350T>C,NP_001258966.1:p.Val117Ala,0.031,16.38,['Likely%20benign'],54.12,0.31,0.0,0.5,0.5
TSPEAR,21,44531123,NM_001272037.2:c.349G>A,NP_001258966.1:p.Val117Met,0.016,14.64,['Likely%20benign'],54.12,0.31,0.0,-0.0,0.0
TSPEAR,21,44531126,NM_001272037.2:c.346G>T,NP_001258966.1:p.Asp116Tyr,0.127,24.3,['Unknown%20significance'],166.46,1.0,0.0,-0.1,0.1
TSPEAR,21,44531126,NM_001272037.2:c.346G>A,NP_001258966.1:p.Asp116Asn,0.131,21.5,['Unknown%20significance'],166.46,1.0,0.0,-0.0,0.0
TSPEAR,21,44531128,NM_001272037.2:c.344C>T,NP_001258966.1:p.Ala115Val,0.076,16.42,['Likely%20benign'],25.84,0.2,0.0,-1.3,1.3
TSPEAR,21,44531131,NM_001272037.2:c.341T>C,NP_001258966.1:p.Met114Thr,0.073,3.580,['Likely%20benign'],161.01,0.74,0.0,0.1,0.1
TSPEAR,21,44533685,NM_001272037.2:c.338T>G,NP_001258966.1:p.Ile113Arg,0.239,22.7,['Unknown%20significance'],50.88,0.25,0.0,0.5,0.5
TSPEAR,21,44533686,NM_001272037.2:c.337A>G,NP_001258966.1:p.Ile113Val,0.042,19.71,['Likely%20benign'],50.88,0.25,0.0,0.1,0.1
TSPEAR,21,44533687,NM_001272037.2:c.336C>G,NP_001258966.1:p.Asp112Glu,0.124,18.38,['Unknown%20significance'],84.17,0.52,0.0,-0.2,0.2
TSPEAR,21,44533687,NM_001272037.2:c.336C>A,NP_001258966.1:p.Asp112Glu,0.124,17.35,['Unknown%20significance'],84.17,0.52,0.0,-0.2,0.2
TSPEAR,21,44533688,NM_001272037.2:c.335A>T,NP_001258966.1:p.Asp112Val,0.210,24.2,['Unknown%20significance'],84.17,0.52,0.0,-0.8,0.8
TSPEAR,21,44533688,NM_001272037.2:c.335A>G,NP_001258966.1:p.Asp112Gly,0.197,25.0,['Unknown%20significance'],84.17,0.52,0.0,0.2,0.2
TSPEAR,21,44533689,NM_001272037.2:c.334G>A,NP_001258966.1:p.Asp112Asn,0.181,22.3,['Unknown%20significance'],84.17,0.52,0.0,-0.2,0.2
TSPEAR,21,44533691,NM_001272037.2:c.332T>C,NP_001258966.1:p.Val111Ala,0.090,18.59,['Unknown%20significance'],70.85,0.41,0.0,0.5,0.5
TSPEAR,21,44533692,NM_001272037.2:c.331G>C,NP_001258966.1:p.Val111Leu,0.029,0.628,['Likely%20benign'],70.85,0.41,0.0,-0.0,0.0
TSPEAR,21,44533694,NM_001272037.2:c.329C>T,NP_001258966.1:p.Pro110Leu,0.321,27.6,['Pathogenic'],48.13,0.3,0.0,-1.0,1.0
TSPEAR,21,44533695,NM_001272037.2:c.328C>T,NP_001258966.1:p.Pro110Ser,0.255,23.2,['Unknown%20significance'],48.13,0.3,0.0,-0.0,0.0
TSPEAR,21,44533695,NM_001272037.2:c.328C>A,NP_001258966.1:p.Pro110Thr,0.270,24.6,['Unknown%20significance'],48.13,0.3,0.0,-0.5,0.5
TSPEAR,21,44533697,NM_001272037.2:c.326T>C,NP_001258966.1:p.Leu109Pro,0.038,19.14,['Unknown%20significance'],200.37,1.0,0.0,0.1,0.1
TSPEAR,21,44533698,NM_001272037.2:c.325C>T,NP_001258966.1:p.Leu109Phe,0.044,17.48,['Likely%20benign'],200.37,1.0,0.0,0.0,0.0
TSPEAR,21,44533700,NM_001272037.2:c.323G>A,NP_001258966.1:p.Gly108Asp,0.101,21.6,['Unknown%20significance'],38.87,0.4,0.0,-0.2,0.2
TSPEAR,21,44533701,NM_001272037.2:c.322G>A,NP_001258966.1:p.Gly108Ser,0.069,17.21,['Unknown%20significance'],38.87,0.4,0.0,-0.4,0.4
TSPEAR,21,44533703,NM_001272037.2:c.320G>T,NP_001258966.1:p.Cys107Phe,0.564,26.8,['Unknown%20significance'],22.64,0.14,0.0,2.5,2.5
TSPEAR,21,44533703,NM_001272037.2:c.320G>A,NP_001258966.1:p.Cys107Tyr,0.600,26.6,['Unknown%20significance'],22.64,0.14,0.0,2.2,2.2
TSPEAR,21,44533704,NM_001272037.2:c.319T>C,NP_001258966.1:p.Cys107Arg,0.716,29.2,['Unknown%20significance'],22.64,0.14,0.0,3.1,3.1
TSPEAR,21,44533707,NM_001272037.2:c.316G>T,NP_001258966.1:p.Asp106Tyr,0.557,25.5,['Unknown%20significance'],36.53,0.22,0.0,-0.1,0.1
TSPEAR,21,44533707,NM_001272037.2:c.316G>C,NP_001258966.1:p.Asp106His,0.533,25.4,['Unknown%20significance'],36.53,0.22,0.0,0.2,0.2
TSPEAR,21,44533709,NM_001272037.2:c.314C>T,NP_001258966.1:p.Thr105Met,0.046,12.83,['Unknown%20significance'],29.78,0.18,0.0,-1.1,1.1
TSPEAR,21,44533709,NM_001272037.2:c.314C>A,NP_001258966.1:p.Thr105Lys,0.077,16.49,['Likely%20benign'],29.78,0.18,0.0,0.8,0.8
TSPEAR,21,44533712,NM_001272037.2:c.311C>T,NP_001258966.1:p.Thr104Ile,0.278,24.6,['Unknown%20significance'],0.06,0.0,0.0,-1.8,1.8
TSPEAR,21,44533712,NM_001272037.2:c.311C>G,NP_001258966.1:p.Thr104Ser,0.152,20.3,['Unknown%20significance'],0.06,0.0,0.0,0.9,0.9
TSPEAR,21,44533713,NM_001272037.2:c.310A>G,NP_001258966.1:p.Thr104Ala,0.199,24.7,['Unknown%20significance'],0.06,0.0,0.0,0.2,0.2
TSPEAR,21,44533716,NM_001272037.2:c.307C>T,NP_001258966.1:p.Leu103Phe,0.283,22.1,['Unknown%20significance'],0.0,0.0,0.0,1.2,1.2
TSPEAR,21,44533721,NM_001272037.2:c.302T>C,NP_001258966.1:p.Phe101Ser,0.192,21.9,['Unknown%20significance'],0.0,0.0,0.0,3.3,3.3
TSPEAR,21,44533722,NM_001272037.2:c.301T>C,NP_001258966.1:p.Phe101Leu,0.151,18.82,['Unknown%20significance'],0.0,0.0,0.0,-0.2,0.2
TSPEAR,21,44533722,NM_001272037.2:c.301T>A,NP_001258966.1:p.Phe101Ile,0.125,17.94,['Unknown%20significance'],0.0,0.0,0.0,-0.7,0.7
TSPEAR,21,44533724,NM_001272037.2:c.299T>C,NP_001258966.1:p.Val100Ala,0.058,15.83,['Likely%20benign'],43.22,0.25,0.0,0.6,0.6
TSPEAR,21,44533725,NM_001272037.2:c.298G>A,NP_001258966.1:p.Val100Ile,0.090,0.976,['Likely%20benign'],43.22,0.25,0.0,-0.0,0.0
TSPEAR,21,44533727,NM_001272037.2:c.296G>A,NP_001258966.1:p.Gly99Asp,0.077,0.227,['Likely%20benign'],3.77,0.03,0.0,-0.8,0.8
TSPEAR,21,44533728,NM_001272037.2:c.295G>C,NP_001258966.1:p.Gly99Arg,0.105,9.635,['Likely%20benign'],3.77,0.03,0.0,-1.5,1.5
TSPEAR,21,44533728,NM_001272037.2:c.295G>A,NP_001258966.1:p.Gly99Ser,0.129,6.786,['Likely%20benign'],3.77,0.03,0.0,-0.8,0.8
TSPEAR,21,44533730,NM_001272037.2:c.293C>T,NP_001258966.1:p.Ala98Val,0.094,11.67,['Likely%20benign'],94.95,0.74,0.0,-0.0,0.0
TSPEAR,21,44533731,NM_001272037.2:c.292G>A,NP_001258966.1:p.Ala98Thr,0.063,9.856,['Unknown%20significance'],94.95,0.74,0.0,-0.0,0.0
TSPEAR,21,44533733,NM_001272037.2:c.290C>T,NP_001258966.1:p.Ser97Phe,0.273,22.8,['Unknown%20significance'],39.56,0.28,0.0,-0.3,0.3
TSPEAR,21,44533733,NM_001272037.2:c.290C>A,NP_001258966.1:p.Ser97Tyr,0.257,22.6,['Unknown%20significance'],39.56,0.28,0.0,-0.7,0.7
TSPEAR,21,44533734,NM_001272037.2:c.289T>C,NP_001258966.1:p.Ser97Pro,0.198,19.44,['Unknown%20significance'],39.56,0.28,0.0,0.4,0.4
TSPEAR,21,44533737,NM_001272037.2:c.286G>A,NP_001258966.1:p.Val96Met,0.356,24.0,['Unknown%20significance'],0.04,0.0,0.0,1.6,1.6
TSPEAR,21,44533739,NM_001272037.2:c.284C>T,NP_001258966.1:p.Ala95Val,0.382,22.9,['Unknown%20significance'],5.76,0.04,0.0,-0.7,0.7
TSPEAR,21,44533740,NM_001272037.2:c.283G>A,NP_001258966.1:p.Ala95Thr,0.233,20.6,['Unknown%20significance'],5.76,0.04,0.0,0.2,0.2
TSPEAR,21,44533746,NM_001272037.2:c.277G>C,NP_001258966.1:p.Val93Leu,0.147,13.43,['Unknown%20significance'],0.16,0.0,0.0,0.0,0.0
TSPEAR,21,44533746,NM_001272037.2:c.277G>A,NP_001258966.1:p.Val93Ile,0.044,11.23,['Likely%20benign'],0.16,0.0,0.0,-0.1,0.1
TSPEAR,21,44533749,NM_001272037.2:c.274C>G,NP_001258966.1:p.Leu92Val,0.049,12.39,['Likely%20benign'],0.02,0.0,0.0,0.4,0.4
TSPEAR,21,44533751,NM_001272037.2:c.272C>T,NP_001258966.1:p.Thr91Ile,0.205,23.5,['Unknown%20significance'],0.0,0.0,0.0,-1.3,1.3
TSPEAR,21,44533753,NM_001272037.2:c.270C>G,NP_001258966.1:p.His90Gln,0.473,23.9,['Unknown%20significance'],16.35,0.07,0.0,1.3,1.3
TSPEAR,21,44533753,NM_001272037.2:c.270C>A,NP_001258966.1:p.His90Gln,0.473,23.9,['Unknown%20significance'],16.35,0.07,0.0,1.3,1.3
TSPEAR,21,44533755,NM_001272037.2:c.268C>T,NP_001258966.1:p.His90Tyr,0.557,24.5,['Unknown%20significance'],16.35,0.07,0.0,-0.7,0.7
TSPEAR,21,44533760,NM_001272037.2:c.263G>T,NP_001258966.1:p.Arg88Leu,0.103,10.48,['Likely%20benign'],194.65,0.72,0.0,0.2,0.2
TSPEAR,21,44533760,NM_001272037.2:c.263G>A,NP_001258966.1:p.Arg88His,0.038,9.753,['Unknown%20significance'],194.65,0.72,0.0,0.1,0.1
TSPEAR,21,44533761,NM_001272037.2:c.262C>T,NP_001258966.1:p.Arg88Cys,0.248,24.3,['Unknown%20significance'],194.65,0.72,0.0,0.5,0.5
TSPEAR,21,44533761,NM_001272037.2:c.262C>A,NP_001258966.1:p.Arg88Ser,0.123,17.89,['Unknown%20significance'],194.65,0.72,0.0,0.4,0.4
TSPEAR,21,44533764,NM_001272037.2:c.259G>A,NP_001258966.1:p.Gly87Ser,0.040,7.919,['Likely%20benign'],25.79,0.27,0.0,0.1,0.1
TSPEAR,21,44533766,NM_001272037.2:c.257A>G,NP_001258966.1:p.Asp86Gly,0.338,26.1,['Unknown%20significance'],64.45,0.4,0.0,0.9,0.9
TSPEAR,21,44533767,NM_001272037.2:c.256G>C,NP_001258966.1:p.Asp86His,0.341,24.0,['Unknown%20significance'],64.45,0.4,0.0,0.1,0.1
TSPEAR,21,44533770,NM_001272037.2:c.253G>A,NP_001258966.1:p.Val85Met,0.036,5.269,['Likely%20benign'],9.35,0.05,0.0,-0.3,0.3
TSPEAR,21,44533772,NM_001272037.2:c.251T>C,NP_001258966.1:p.Leu84Pro,0.350,23.1,['Unknown%20significance'],0.0,0.0,0.0,3.6,3.6
TSPEAR,21,44533773,NM_001272037.2:c.250C>A,NP_001258966.1:p.Leu84Met,0.156,19.93,['Unknown%20significance'],0.0,0.0,0.0,1.0,1.0
TSPEAR,21,44533775,NM_001272037.2:c.248C>T,NP_001258966.1:p.Ala83Val,0.053,10.49,['Likely%20benign'],62.67,0.49,0.0,-0.3,0.3
TSPEAR,21,44533775,NM_001272037.2:c.248C>G,NP_001258966.1:p.Ala83Gly,0.060,7.213,['Likely%20benign'],62.67,0.49,0.0,0.5,0.5
TSPEAR,21,44533778,NM_001272037.2:c.245C>T,NP_001258966.1:p.Pro82Leu,0.035,10.31,['Unknown%20significance'],93.83,0.59,0.0,-0.7,0.7
TSPEAR,21,44533781,NM_001272037.2:c.242G>C,NP_001258966.1:p.Ser81Thr,0.021,6.411,['Likely%20benign'],10.93,0.07,0.0,-0.4,0.4
TSPEAR,21,44533784,NM_001272037.2:c.239G>C,NP_001258966.1:p.Arg80Pro,0.052,14.28,['Likely%20benign'],215.02,0.79,0.0,0.2,0.2
TSPEAR,21,44533784,NM_001272037.2:c.239G>A,NP_001258966.1:p.Arg80His,0.052,13.88,['Unknown%20significance'],215.02,0.79,0.0,0.1,0.1
TSPEAR,21,44533785,NM_001272037.2:c.238C>T,NP_001258966.1:p.Arg80Cys,0.190,23.5,['Unknown%20significance'],215.02,0.79,0.0,0.2,0.2
TSPEAR,21,44533787,NM_001272037.2:c.236T>G,NP_001258966.1:p.Phe79Cys,0.600,25.0,['Unknown%20significance'],0.73,0.0,0.0,4.1,4.1
TSPEAR,21,44533788,NM_001272037.2:c.235T>G,NP_001258966.1:p.Phe79Val,0.522,24.9,['Unknown%20significance'],0.73,0.0,0.0,2.5,2.5
TSPEAR,21,44533788,NM_001272037.2:c.235T>C,NP_001258966.1:p.Phe79Leu,0.450,25.3,['Unknown%20significance'],0.73,0.0,0.0,1.9,1.9
TSPEAR,21,44533790,NM_001272037.2:c.233C>T,NP_001258966.1:p.Ser78Phe,0.082,24.3,['Unknown%20significance'],40.69,0.29,0.0,-1.0,1.0
TSPEAR,21,44533794,NM_001272037.2:c.229G>C,NP_001258966.1:p.Val77Leu,0.081,14.48,['Unknown%20significance'],5.61,0.03,0.0,0.4,0.4
TSPEAR,21,44533794,NM_001272037.2:c.229G>A,NP_001258966.1:p.Val77Met,0.152,15.92,['Unknown%20significance'],5.61,0.03,0.0,1.0,1.0
TSPEAR,21,44533796,NM_001272037.2:c.227G>T,NP_001258966.1:p.Arg76Leu,0.270,23.6,['Unknown%20significance'],165.62,0.61,0.0,-0.3,0.3
TSPEAR,21,44533796,NM_001272037.2:c.227G>C,NP_001258966.1:p.Arg76Pro,0.297,23.7,['Unknown%20significance'],165.62,0.61,0.0,0.3,0.3
TSPEAR,21,44533796,NM_001272037.2:c.227G>A,NP_001258966.1:p.Arg76Gln,0.248,22.5,['Likely%20benign'],165.62,0.61,0.0,0.1,0.1
TSPEAR,21,44533799,NM_001272037.2:c.224C>T,NP_001258966.1:p.Thr75Ile,0.035,16.08,['Likely%20benign'],15.71,0.09,0.0,-0.6,0.6
TSPEAR,21,44533799,NM_001272037.2:c.224C>A,NP_001258966.1:p.Thr75Asn,0.029,14.40,['Likely%20benign'],15.71,0.09,0.0,0.4,0.4
TSPEAR,21,44533800,NM_001272037.2:c.223A>G,NP_001258966.1:p.Thr75Ala,0.079,17.08,['Likely%20benign'],15.71,0.09,0.0,0.3,0.3
TSPEAR,21,44533800,NM_001272037.2:c.223A>C,NP_001258966.1:p.Thr75Pro,0.159,18.88,['Unknown%20significance'],15.71,0.09,0.0,0.7,0.7
TSPEAR,21,44533803,NM_001272037.2:c.220C>A,NP_001258966.1:p.Gln74Lys,0.124,16.61,['Unknown%20significance'],64.43,0.32,0.0,0.4,0.4
TSPEAR,21,44533805,NM_001272037.2:c.218G>T,NP_001258966.1:p.Trp73Leu,0.138,20.6,['Unknown%20significance'],92.04,0.35,0.0,0.5,0.5
TSPEAR,21,44533806,NM_001272037.2:c.217T>C,NP_001258966.1:p.Trp73Arg,0.195,21.5,['Unknown%20significance'],92.04,0.35,0.0,0.3,0.3
TSPEAR,21,44533808,NM_001272037.2:c.215C>T,NP_001258966.1:p.Ala72Val,0.061,15.70,['Likely%20benign'],62.43,0.49,0.0,-0.2,0.2
TSPEAR,21,44533808,NM_001272037.2:c.215C>A,NP_001258966.1:p.Ala72Asp,0.046,15.89,['Unknown%20significance'],62.43,0.49,0.0,0.1,0.1
TSPEAR,21,44533809,NM_001272037.2:c.214G>T,NP_001258966.1:p.Ala72Ser,0.011,7.892,['Likely%20benign'],62.43,0.49,0.0,-0.0,0.0
TSPEAR,21,44533809,NM_001272037.2:c.214G>A,NP_001258966.1:p.Ala72Thr,0.026,10.34,['Unknown%20significance'],62.43,0.49,0.0,-0.2,0.2
TSPEAR,21,44533811,NM_001272037.2:c.212G>C,NP_001258966.1:p.Gly71Ala,0.132,12.35,['Unknown%20significance'],52.66,0.55,0.0,-0.1,0.1
TSPEAR,21,44533811,NM_001272037.2:c.212G>A,NP_001258966.1:p.Gly71Asp,0.121,13.57,['Unknown%20significance'],52.66,0.55,0.0,0.0,0.0
TSPEAR,21,44533812,NM_001272037.2:c.211G>A,NP_001258966.1:p.Gly71Ser,0.086,12.05,['Likely%20benign'],52.66,0.55,0.0,-0.2,0.2
TSPEAR,21,44533815,NM_001272037.2:c.208G>T,NP_001258966.1:p.Ala70Ser,0.004,1.983,['Likely%20benign'],95.36,0.75,0.0,-0.1,0.1
TSPEAR,21,44533817,NM_001272037.2:c.206C>T,NP_001258966.1:p.Thr69Met,0.005,5.442,['Unknown%20significance'],176.29,1.0,0.0,-0.0,0.0
TSPEAR,21,44533817,NM_001272037.2:c.206C>A,NP_001258966.1:p.Thr69Lys,0.005,3.183,['Likely%20benign'],176.29,1.0,0.0,0.1,0.1
TSPEAR,21,44533821,NM_001272037.2:c.202G>T,NP_001258966.1:p.Asp68Tyr,0.207,23.9,['Unknown%20significance'],83.05,0.51,0.0,-0.4,0.4
TSPEAR,21,44533823,NM_001272037.2:c.200A>C,NP_001258966.1:p.Glu67Ala,0.015,14.53,['Likely%20benign'],118.72,0.6,0.0,-0.0,0.0
TSPEAR,21,44533824,NM_001272037.2:c.199G>A,NP_001258966.1:p.Glu67Lys,0.028,13.01,['Likely%20benign'],118.72,0.6,0.0,-0.0,0.0
TSPEAR,21,44533826,NM_001272037.2:c.197G>T,NP_001258966.1:p.Arg66Leu,0.034,16.19,['Unknown%20significance'],54.98,0.2,0.0,0.2,0.2
TSPEAR,21,44533826,NM_001272037.2:c.197G>A,NP_001258966.1:p.Arg66His,0.057,16.01,['Likely%20benign'],54.98,0.2,0.0,0.1,0.1
TSPEAR,21,44533827,NM_001272037.2:c.196C>T,NP_001258966.1:p.Arg66Cys,0.066,18.62,['Unknown%20significance'],54.98,0.2,0.0,0.8,0.8
TSPEAR,21,44533830,NM_001272037.2:c.193C>T,NP_001258966.1:p.Leu65Phe,0.039,18.42,['Likely%20benign'],1.27,0.0,0.0,-0.3,0.3
TSPEAR,21,44533832,NM_001272037.2:c.191T>C,NP_001258966.1:p.Phe64Ser,0.266,24.1,['Unknown%20significance'],0.0,0.0,0.0,4.0,4.0
TSPEAR,21,44533833,NM_001272037.2:c.190T>C,NP_001258966.1:p.Phe64Leu,0.179,22.8,['Unknown%20significance'],0.0,0.0,0.0,1.2,1.2
TSPEAR,21,44533835,NM_001272037.2:c.188T>C,NP_001258966.1:p.Leu63Pro,0.457,26.2,['Unknown%20significance'],0.0,0.0,0.0,3.2,3.2
TSPEAR,21,44533836,NM_001272037.2:c.187C>G,NP_001258966.1:p.Leu63Val,0.095,20.5,['Unknown%20significance'],0.0,0.0,0.0,0.4,0.4
TSPEAR,21,44533837,NM_001272037.2:c.186C>G,NP_001258966.1:p.Phe62Leu,0.086,21.1,['Unknown%20significance'],0.0,0.0,0.0,-0.1,0.1
TSPEAR,21,44533841,NM_001272037.2:c.182A>G,NP_001258966.1:p.His61Arg,0.491,24.7,['Unknown%20significance'],16.32,0.07,0.0,-0.1,0.1
TSPEAR,21,44533842,NM_001272037.2:c.181C>T,NP_001258966.1:p.His61Tyr,0.290,22.3,['Unknown%20significance'],16.32,0.07,0.0,-1.4,1.4
TSPEAR,21,44533842,NM_001272037.2:c.181C>G,NP_001258966.1:p.His61Asp,0.429,25.9,['Unknown%20significance'],16.32,0.07,0.0,1.2,1.2
TSPEAR,21,44533846,NM_001272037.2:c.177G>C,NP_001258966.1:p.Gln59His,0.060,16.57,['Unknown%20significance'],51.57,0.26,0.0,-0.1,0.1
TSPEAR,21,44533847,NM_001272037.2:c.176A>G,NP_001258966.1:p.Gln59Arg,0.035,5.987,['Likely%20benign'],51.57,0.26,0.0,-0.4,0.4
TSPEAR,21,44533850,NM_001272037.2:c.173C>T,NP_001258966.1:p.Ala58Val,0.026,14.30,['Likely%20benign'],53.42,0.42,0.0,-0.5,0.5
TSPEAR,21,44533851,NM_001272037.2:c.172G>A,NP_001258966.1:p.Ala58Thr,0.009,0.905,['Likely%20benign'],53.42,0.42,0.0,-0.2,0.2
TSPEAR,21,44533853,NM_001272037.2:c.170C>G,NP_001258966.1:p.Pro57Arg,0.135,11.13,['Likely%20benign'],26.62,0.16,0.0,-0.3,0.3
TSPEAR,21,44533854,NM_001272037.2:c.169C>T,NP_001258966.1:p.Pro57Ser,0.027,3.299,['Likely%20benign'],26.62,0.16,0.0,0.3,0.3
TSPEAR,21,44533854,NM_001272037.2:c.169C>G,NP_001258966.1:p.Pro57Ala,0.030,1.047,['Likely%20benign'],26.62,0.16,0.0,0.1,0.1
TSPEAR,21,44533854,NM_001272037.2:c.169C>A,NP_001258966.1:p.Pro57Thr,0.030,3.311,['Likely%20benign'],26.62,0.16,0.0,0.0,0.0
TSPEAR,21,44533856,NM_001272037.2:c.167C>T,NP_001258966.1:p.Ser56Leu,0.271,22.8,['Unknown%20significance'],10.72,0.07,0.0,-0.6,0.6
TSPEAR,21,44533862,NM_001272037.2:c.161G>A,NP_001258966.1:p.Arg54Gln,0.309,22.9,['Unknown%20significance'],39.71,0.14,0.0,0.5,0.5
TSPEAR,21,44533863,NM_001272037.2:c.160C>T,NP_001258966.1:p.Arg54Trp,0.415,22.0,['Unknown%20significance'],39.71,0.14,0.0,-0.7,0.7
TSPEAR,21,44533865,NM_001272037.2:c.158T>C,NP_001258966.1:p.Leu53Pro,0.450,24.9,['Unknown%20significance'],0.01,0.0,0.0,4.8,4.8
TSPEAR,21,44533868,NM_001272037.2:c.155G>T,NP_001258966.1:p.Gly52Val,0.495,23.1,['Unknown%20significance'],0.0,0.0,0.0,-1.5,1.5
TSPEAR,21,44533868,NM_001272037.2:c.155G>A,NP_001258966.1:p.Gly52Asp,0.469,23.2,['Unknown%20significance'],0.0,0.0,0.0,1.3,1.3
TSPEAR,21,44533869,NM_001272037.2:c.154G>T,NP_001258966.1:p.Gly52Cys,0.444,23.5,['Unknown%20significance'],0.0,0.0,0.0,-0.3,0.3
TSPEAR,21,44533869,NM_001272037.2:c.154G>C,NP_001258966.1:p.Gly52Arg,0.474,23.3,['Unknown%20significance'],0.0,0.0,0.0,-0.1,0.1
TSPEAR,21,44533869,NM_001272037.2:c.154G>A,NP_001258966.1:p.Gly52Ser,0.433,22.2,['Unknown%20significance'],0.0,0.0,0.0,0.4,0.4
TSPEAR,21,44533871,NM_001272037.2:c.152T>C,NP_001258966.1:p.Leu51Pro,0.501,23.9,['Unknown%20significance'],0.0,0.0,0.0,4.9,4.9
TSPEAR,21,44533872,NM_001272037.2:c.151C>T,NP_001258966.1:p.Leu51Phe,0.210,23.1,['Unknown%20significance'],0.0,0.0,0.0,0.7,0.7
TSPEAR,21,44533872,NM_001272037.2:c.151C>A,NP_001258966.1:p.Leu51Ile,0.133,20.2,['Unknown%20significance'],0.0,0.0,0.0,0.7,0.7
TSPEAR,21,44533874,NM_001272037.2:c.149T>G,NP_001258966.1:p.Leu50Arg,0.339,22.9,['Unknown%20significance'],12.02,0.06,0.0,1.1,1.1
TSPEAR,21,44533874,NM_001272037.2:c.149T>C,NP_001258966.1:p.Leu50Pro,0.410,24.6,['Unknown%20significance'],12.02,0.06,0.0,2.5,2.5
TSPEAR,21,44533874,NM_001272037.2:c.149T>A,NP_001258966.1:p.Leu50Gln,0.317,24.3,['Unknown%20significance'],12.02,0.06,0.0,1.2,1.2
TSPEAR,21,44533880,NM_001272037.2:c.143T>G,NP_001258966.1:p.Leu48Arg,0.019,2.566,['Likely%20benign'],73.4,0.38,0.0,0.1,0.1
TSPEAR,21,44533880,NM_001272037.2:c.143T>A,NP_001258966.1:p.Leu48Gln,0.018,2.035,['Likely%20benign'],73.4,0.38,0.0,0.4,0.4
TSPEAR,21,44533881,NM_001272037.2:c.142C>G,NP_001258966.1:p.Leu48Val,0.006,0.447,['Likely%20benign'],73.4,0.38,0.0,-0.0,0.0
TSPEAR,21,44533881,NM_001272037.2:c.142C>A,NP_001258966.1:p.Leu48Met,0.024,1.943,['Likely%20benign'],73.4,0.38,0.0,-0.0,0.0
TSPEAR,21,44533882,NM_001272037.2:c.141C>G,NP_001258966.1:p.Asp47Glu,0.021,0.700,['Likely%20benign'],20.88,0.13,0.0,-0.1,0.1
TSPEAR,21,44533882,NM_001272037.2:c.141C>A,NP_001258966.1:p.Asp47Glu,0.021,0.634,['Likely%20benign'],20.88,0.13,0.0,-0.1,0.1
TSPEAR,21,44533884,NM_001272037.2:c.139G>A,NP_001258966.1:p.Asp47Asn,0.045,9.207,['Unknown%20significance'],20.88,0.13,0.0,-0.4,0.4
TSPEAR,21,44533885,NM_001272037.2:c.138C>A,NP_001258966.1:p.Ser46Arg,0.034,0.028,['Likely%20benign'],85.07,0.61,0.0,-0.3,0.3
TSPEAR,21,44533886,NM_001272037.2:c.137G>T,NP_001258966.1:p.Ser46Ile,0.076,7.955,['Unknown%20significance'],85.07,0.61,0.0,0.1,0.1
TSPEAR,21,44533886,NM_001272037.2:c.137G>C,NP_001258966.1:p.Ser46Thr,0.121,3.584,['Likely%20benign'],85.07,0.61,0.0,-0.0,0.0
TSPEAR,21,44533886,NM_001272037.2:c.137G>A,NP_001258966.1:p.Ser46Asn,0.117,4.797,['Likely%20benign'],85.07,0.61,0.0,-0.0,0.0
TSPEAR,21,44533888,NM_001272037.2:c.135G>C,NP_001258966.1:p.Glu45Asp,0.095,1.050,['Likely%20benign'],191.32,0.97,0.0,-0.0,0.0
TSPEAR,21,44533890,NM_001272037.2:c.133G>A,NP_001258966.1:p.Glu45Lys,0.092,16.96,['Unknown%20significance'],191.32,0.97,0.0,0.0,0.0
TSPEAR,21,44533895,NM_001272037.2:c.128C>T,NP_001258966.1:p.Ala43Val,0.025,16.27,['Likely%20benign'],15.23,0.11,0.0,-0.4,0.4
TSPEAR,21,44533896,NM_001272037.2:c.127G>A,NP_001258966.1:p.Ala43Thr,0.057,12.85,['Likely%20benign'],15.23,0.11,0.0,-0.3,0.3
TSPEAR,21,44533899,NM_001272037.2:c.124G>A,NP_001258966.1:p.Val42Met,0.037,0.317,['Likely%20benign'],0.18,0.0,0.0,0.0,0.0
TSPEAR,21,44533901,NM_001272037.2:c.122T>C,NP_001258966.1:p.Val41Ala,0.185,18.73,['Unknown%20significance'],0.0,0.0,0.0,2.6,2.6
TSPEAR,21,44533904,NM_001272037.2:c.119C>T,NP_001258966.1:p.Thr40Met,0.248,23.5,['Unknown%20significance'],0.0,0.0,0.0,-1.0,1.0
TSPEAR,21,44533905,NM_001272037.2:c.118A>G,NP_001258966.1:p.Thr40Ala,0.062,3.778,['Likely%20benign'],0.0,0.0,0.0,-0.5,0.5
TSPEAR,21,44533908,NM_001272037.2:c.115C>A,NP_001258966.1:p.Leu39Met,0.087,13.29,['Likely%20benign'],0.3,0.0,0.0,1.3,1.3
TSPEAR,21,44533911,NM_001272037.2:c.112C>G,NP_001258966.1:p.Leu38Val,0.034,13.04,['Likely%20benign'],0.0,0.0,0.0,1.4,1.4
TSPEAR,21,44533913,NM_001272037.2:c.110A>G,NP_001258966.1:p.Tyr37Cys,0.297,23.7,['Unknown%20significance'],21.44,0.08,0.0,1.9,1.9
TSPEAR,21,44533914,NM_001272037.2:c.109T>C,NP_001258966.1:p.Tyr37His,0.289,23.7,['Unknown%20significance'],21.44,0.08,0.0,1.9,1.9
TSPEAR,21,44533915,NM_001272037.2:c.108G>C,NP_001258966.1:p.Glu36Asp,0.264,19.19,['Unknown%20significance'],0.0,0.0,0.0,0.4,0.4
TSPEAR,21,44533917,NM_001272037.2:c.106G>A,NP_001258966.1:p.Glu36Lys,0.343,22.9,['Unknown%20significance'],0.0,0.0,0.0,-0.1,0.1
TSPEAR,21,44533922,NM_001272037.2:c.101G>A,NP_001258966.1:p.Arg34Lys,0.036,8.493,['Likely%20benign'],80.68,0.29,0.0,0.8,0.8
TSPEAR,21,44533923,NM_001272037.2:c.100A>T,NP_001258966.1:p.Arg34Trp,0.196,26.0,['Unknown%20significance'],80.68,0.29,0.0,-0.2,0.2
TSPEAR,21,44567785,NM_001272037.2:c.99G>T,NP_001258966.1:p.Lys33Asn,0.132,34,['Unknown%20significance'],227.12,0.95,0.0,-0.0,0.0
TSPEAR,21,44567786,NM_001272037.2:c.98A>C,NP_001258966.1:p.Lys33Thr,0.161,27.1,['Unknown%20significance'],227.12,0.95,0.0,-0.1,0.1
TSPEAR,21,44567787,NM_001272037.2:c.97A>C,NP_001258966.1:p.Lys33Gln,0.119,20.5,['Unknown%20significance'],227.12,0.95,0.0,-0.1,0.1
TSPEAR,21,44567789,NM_001272037.2:c.95C>T,NP_001258966.1:p.Pro32Leu,0.110,22.5,['Unknown%20significance'],130.15,0.82,0.0,-0.0,0.0
TSPEAR,21,44567789,NM_001272037.2:c.95C>A,NP_001258966.1:p.Pro32His,0.117,22.5,['Unknown%20significance'],130.15,0.82,0.0,-0.0,0.0
TSPEAR,21,44567790,NM_001272037.2:c.94C>T,NP_001258966.1:p.Pro32Ser,0.052,9.852,['Likely%20benign'],130.15,0.82,0.0,0.0,0.0
TSPEAR,21,44567790,NM_001272037.2:c.94C>A,NP_001258966.1:p.Pro32Thr,0.047,9.398,['Likely%20benign'],130.15,0.82,0.0,-0.1,0.1
TSPEAR,21,44567792,NM_001272037.2:c.92C>T,NP_001258966.1:p.Pro31Leu,0.160,22.6,['Unknown%20significance'],75.68,0.48,0.0,-0.3,0.3
TSPEAR,21,44567793,NM_001272037.2:c.91C>G,NP_001258966.1:p.Pro31Ala,0.074,14.31,['Unknown%20significance'],75.68,0.48,0.0,-0.0,0.0
TSPEAR,21,44567795,NM_001272037.2:c.89T>G,NP_001258966.1:p.Leu30Arg,0.173,19.36,['Unknown%20significance'],1.74,0.0,0.0,0.2,0.2
TSPEAR,21,44567795,NM_001272037.2:c.89T>C,NP_001258966.1:p.Leu30Pro,0.072,22.5,['Unknown%20significance'],1.74,0.0,0.0,1.3,1.3
TSPEAR,21,44567796,NM_001272037.2:c.88C>T,NP_001258966.1:p.Leu30Phe,0.108,16.86,['Likely%20benign'],1.74,0.0,0.0,-0.1,0.1
TSPEAR,21,44567796,NM_001272037.2:c.88C>A,NP_001258966.1:p.Leu30Ile,0.099,15.16,['Unknown%20significance'],1.74,0.0,0.0,0.0,0.0
TSPEAR,21,44567798,NM_001272037.2:c.86A>G,NP_001258966.1:p.Asn29Ser,0.112,0.001,['Likely%20benign'],127.24,0.79,0.0,0.0,0.0
TSPEAR,21,44567799,NM_001272037.2:c.85A>G,NP_001258966.1:p.Asn29Asp,0.053,1.406,['Likely%20benign'],127.24,0.79,0.0,0.1,0.1
TSPEAR,21,44567801,NM_001272037.2:c.83C>T,NP_001258966.1:p.Pro28Leu,0.082,15.99,['Likely%20benign'],56.91,0.36,0.0,-1.3,1.3
TSPEAR,21,44567802,NM_001272037.2:c.82C>A,NP_001258966.1:p.Pro28Thr,0.106,10.63,['Likely%20benign'],56.91,0.36,0.0,-0.5,0.5
TSPEAR,21,44567805,NM_001272037.2:c.79G>T,NP_001258966.1:p.Val27Phe,0.099,15.64,['Unknown%20significance'],0.0,0.0,0.0,-0.2,0.2
TSPEAR,21,44567807,NM_001272037.2:c.77G>T,NP_001258966.1:p.Arg26Ile,0.123,22.6,['Unknown%20significance'],58.84,0.21,0.0,0.2,0.2
TSPEAR,21,44567808,NM_001272037.2:c.76A>G,NP_001258966.1:p.Arg26Gly,0.181,22.5,['Unknown%20significance'],58.84,0.21,0.0,2.0,2.0
TSPEAR,21,44567810,NM_001272037.2:c.74T>C,NP_001258966.1:p.Leu25Ser,0.309,23.1,['Unknown%20significance'],0.0,0.0,0.0,4.1,4.1
TSPEAR,21,44567813,NM_001272037.2:c.71C>T,NP_001258966.1:p.Thr24Ile,0.320,24.2,['Unknown%20significance'],0.0,0.0,0.0,-1.0,1.0
TSPEAR,21,44567817,NM_001272037.2:c.67G>T,NP_001258966.1:p.Val23Leu,0.021,4.738,['Likely%20benign'],0.04,0.0,0.0,0.0,0.0
TSPEAR,21,44567817,NM_001272037.2:c.67G>C,NP_001258966.1:p.Val23Leu,0.021,4.937,['Likely%20benign'],0.04,0.0,0.0,0.0,0.0
TSPEAR,21,44567817,NM_001272037.2:c.67G>A,NP_001258966.1:p.Val23Ile,0.033,2.956,['Likely%20benign'],0.04,0.0,0.0,-0.1,0.1
TSPEAR,21,44567820,NM_001272037.2:c.64G>T,NP_001258966.1:p.Val22Phe,0.255,23.8,['Unknown%20significance'],0.0,0.0,0.0,0.4,0.4
TSPEAR,21,44567820,NM_001272037.2:c.64G>A,NP_001258966.1:p.Val22Ile,0.030,15.87,['Unknown%20significance'],0.0,0.0,0.0,-0.3,0.3
TSPEAR,21,44567822,NM_001272037.2:c.62T>G,NP_001258966.1:p.Ile21Ser,0.342,24.2,['Unknown%20significance'],0.0,0.0,0.0,5.5,5.5
TSPEAR,21,44567822,NM_001272037.2:c.62T>C,NP_001258966.1:p.Ile21Thr,0.325,25.0,['Unknown%20significance'],0.0,0.0,0.0,4.1,4.1
TSPEAR,21,44567823,NM_001272037.2:c.61A>G,NP_001258966.1:p.Ile21Val,0.117,19.24,['Unknown%20significance'],0.0,0.0,0.0,0.8,0.8
TSPEAR,21,44567825,NM_001272037.2:c.59C>T,NP_001258966.1:p.Ser20Phe,0.338,27.0,['Unknown%20significance'],0.0,0.0,0.0,-1.6,1.6
TSPEAR,21,44567825,NM_001272037.2:c.59C>G,NP_001258966.1:p.Ser20Cys,0.322,26.5,['Unknown%20significance'],0.0,0.0,0.0,-0.6,0.6
TSPEAR,21,44567826,NM_001272037.2:c.58T>C,NP_001258966.1:p.Ser20Pro,0.311,27.2,['Unknown%20significance'],0.0,0.0,0.0,0.8,0.8
TSPEAR,21,44567831,NM_001272037.2:c.53A>C,NP_001258966.1:p.Glu18Ala,0.460,27.4,['Unknown%20significance'],77.49,0.39,0.0,0.1,0.1
TSPEAR,21,44567832,NM_001272037.2:c.52G>A,NP_001258966.1:p.Glu18Lys,0.404,27.3,['Unknown%20significance'],77.49,0.39,0.0,0.2,0.2
TSPEAR,21,44567837,NM_001272037.2:c.47C>T,NP_001258966.1:p.Pro16Leu,0.509,26.7,['Unknown%20significance'],29.0,0.18,0.0,0.3,0.3
TSPEAR,21,44567837,NM_001272037.2:c.47C>G,NP_001258966.1:p.Pro16Arg,0.512,26.1,['Unknown%20significance'],29.0,0.18,0.0,0.4,0.4
TSPEAR,21,44567837,NM_001272037.2:c.47C>A,NP_001258966.1:p.Pro16His,0.505,26.2,['Unknown%20significance'],29.0,0.18,0.0,0.5,0.5
TSPEAR,21,44567838,NM_001272037.2:c.46C>T,NP_001258966.1:p.Pro16Ser,0.506,25.7,['Unknown%20significance'],29.0,0.18,0.0,1.1,1.1
TSPEAR,21,44567839,NM_001272037.2:c.45C>A,NP_001258966.1:p.Phe15Leu,0.090,23.1,['Unknown%20significance'],0.09,0.0,0.0,0.4,0.4
TSPEAR,21,44567843,NM_001272037.2:c.41T>G,NP_001258966.1:p.Leu14Arg,0.051,21.8,['Likely%20benign'],67.55,0.35,0.0,0.3,0.3
TSPEAR,21,44567844,NM_001272037.2:c.40C>T,NP_001258966.1:p.Leu14Phe,0.039,16.86,['Likely%20benign'],67.55,0.35,0.0,-0.1,0.1
TSPEAR,21,44567845,NM_001272037.2:c.39C>A,NP_001258966.1:p.Asp13Glu,0.067,14.87,['Likely%20benign'],53.43,0.33,0.0,0.1,0.1
TSPEAR,21,44567848,NM_001272037.2:c.36T>G,NP_001258966.1:p.Cys12Trp,0.348,21.7,['Pathogenic'],77.59,0.5,0.0,0.3,0.3
TSPEAR,21,44567850,NM_001272037.2:c.34T>C,NP_001258966.1:p.Cys12Arg,0.416,24.7,['Unknown%20significance'],77.59,0.5,0.0,0.7,0.7
TSPEAR,21,44567850,NM_001272037.2:c.34T>A,NP_001258966.1:p.Cys12Ser,0.340,24.2,['Unknown%20significance'],77.59,0.5,0.0,0.9,0.9
TSPEAR,21,44567851,NM_001272037.2:c.33G>T,NP_001258966.1:p.Gln11His,0.026,0.123,['Likely%20benign'],202.43,1.0,0.0,-0.0,0.0
TSPEAR,21,44567851,NM_001272037.2:c.33G>C,NP_001258966.1:p.Gln11His,0.026,0.117,['Likely%20benign'],202.43,1.0,0.0,-0.0,0.0
TSPEAR,21,44567852,NM_001272037.2:c.32A>G,NP_001258966.1:p.Gln11Arg,0.048,6.717,['Likely%20benign'],202.43,1.0,0.0,-0.0,0.0
TSPEAR,21,44567852,NM_001272037.2:c.32A>C,NP_001258966.1:p.Gln11Pro,0.037,9.937,['Benign'],202.43,1.0,0.0,0.0,0.0
TSPEAR,21,44567856,NM_001272037.2:c.28T>C,NP_001258966.1:p.Ser10Pro,0.052,14.90,['Likely%20benign'],93.3,0.67,0.0,-0.7,0.7
TSPEAR,21,44567857,NM_001272037.2:c.27C>A,NP_001258966.1:p.Phe9Leu,0.181,20.2,['Unknown%20significance'],22.65,0.09,0.0,0.9,0.9
TSPEAR,21,44567859,NM_001272037.2:c.25T>A,NP_001258966.1:p.Phe9Ile,0.282,24.6,['Unknown%20significance'],22.65,0.09,0.0,1.1,1.1
TSPEAR,21,44567863,NM_001272037.2:c.21G>T,NP_001258966.1:p.Arg7Ser,0.231,22.2,['Unknown%20significance'],196.72,0.73,0.0,0.2,0.2
TSPEAR,21,44567864,NM_001272037.2:c.20G>A,NP_001258966.1:p.Arg7Lys,0.129,17.69,['Unknown%20significance'],196.72,0.73,0.0,0.3,0.3
TSPEAR,21,44567865,NM_001272037.2:c.19A>T,NP_001258966.1:p.Arg7Trp,0.303,25.3,['Unknown%20significance'],196.72,0.73,0.0,-0.3,0.3
TSPEAR,21,44567867,NM_001272037.2:c.17C>G,NP_001258966.1:p.Ser6Cys,0.271,24.1,['Unknown%20significance'],76.35,0.55,0.0,0.0,0.0
TSPEAR,21,44567873,NM_001272037.2:c.11C>T,NP_001258966.1:p.Pro4Leu,0.336,24.7,['Unknown%20significance'],37.2,0.23,0.0,0.1,0.1
TSPEAR,21,44567874,NM_001272037.2:c.10C>G,NP_001258966.1:p.Pro4Ala,0.350,22.1,['Unknown%20significance'],37.2,0.23,0.0,0.8,0.8
TSPEAR,21,44567879,NM_001272037.2:c.5G>A,NP_001258966.1:p.Ser2Asn,0.071,17.08,['Unknown%20significance'],46.95,0.34,0.0,0.2,0.2
TSPEAR,21,44567880,NM_001272037.2:c.4A>G,NP_001258966.1:p.Ser2Gly,0.092,18.07,['Unknown%20significance'],46.95,0.34,0.0,0.6,0.6