Gene,Chrom,Position,DNA_change,Protein_Change,Revel,CADDPhred,Classification,Surface Area,Normalized SA,Confidence Score,ddG,|ddG|
CHSY1,15,101177392,NM_014918.5:c.2405C>T,NP_055733.2:p.Ala802Val,0.065,18.78,['Unknown%20significance'],190.01,1.0,0.0,0.1,0.1
CHSY1,15,101177393,NM_014918.5:c.2404G>A,NP_055733.2:p.Ala802Thr,0.128,22.6,['Unknown%20significance'],190.01,1.0,0.0,0.1,0.1
CHSY1,15,101177397,NM_014918.5:c.2400G>C,NP_055733.2:p.Arg800Ser,0.251,24.9,['Unknown%20significance'],260.81,0.96,0.0,0.0,0.0
CHSY1,15,101177398,NM_014918.5:c.2399G>A,NP_055733.2:p.Arg800Lys,0.218,23.3,['Unknown%20significance'],260.81,0.96,0.0,0.1,0.1
CHSY1,15,101177399,NM_014918.5:c.2398A>G,NP_055733.2:p.Arg800Gly,0.249,24.5,['Unknown%20significance'],260.81,0.96,0.0,0.1,0.1
CHSY1,15,101177401,NM_014918.5:c.2396T>C,NP_055733.2:p.Val799Ala,0.124,14.96,['Likely%20benign'],109.6,0.63,0.0,0.3,0.3
CHSY1,15,101177402,NM_014918.5:c.2395G>T,NP_055733.2:p.Val799Leu,0.041,4.304,['Unknown%20significance'],109.6,0.63,0.0,-0.0,0.0
CHSY1,15,101177402,NM_014918.5:c.2395G>A,NP_055733.2:p.Val799Met,0.019,8.693,['Likely%20benign'],109.6,0.63,0.0,-0.1,0.1
CHSY1,15,101177404,NM_014918.5:c.2393C>T,NP_055733.2:p.Ser798Leu,0.273,26.4,['Unknown%20significance'],96.25,0.69,0.0,-0.1,0.1
CHSY1,15,101177407,NM_014918.5:c.2390G>T,NP_055733.2:p.Gly797Val,0.077,22.7,['Unknown%20significance'],67.84,0.71,0.0,-0.2,0.2
CHSY1,15,101177410,NM_014918.5:c.2387A>G,NP_055733.2:p.Asn796Ser,0.038,12.27,['Likely%20benign'],108.48,0.67,0.0,0.1,0.1
CHSY1,15,101177411,NM_014918.5:c.2386A>T,NP_055733.2:p.Asn796Tyr,0.183,24.3,['Unknown%20significance'],108.48,0.67,0.0,-0.2,0.2
CHSY1,15,101177411,NM_014918.5:c.2386A>G,NP_055733.2:p.Asn796Asp,0.113,22.8,['Likely%20benign'],108.48,0.67,0.0,0.1,0.1
CHSY1,15,101177417,NM_014918.5:c.2380A>G,NP_055733.2:p.Asn794Asp,0.027,17.79,['Likely%20benign'],113.8,0.71,0.0,0.1,0.1
CHSY1,15,101177419,NM_014918.5:c.2378G>A,NP_055733.2:p.Ser793Asn,0.074,18.18,['Likely%20benign'],44.66,0.32,0.0,-0.1,0.1
CHSY1,15,101177420,NM_014918.5:c.2377A>G,NP_055733.2:p.Ser793Gly,0.042,14.28,['Unknown%20significance'],44.66,0.32,0.0,0.6,0.6
CHSY1,15,101177422,NM_014918.5:c.2375G>A,NP_055733.2:p.Ser792Asn,0.056,13.63,['Likely%20benign'],69.3,0.5,0.0,-0.0,0.0
CHSY1,15,101177423,NM_014918.5:c.2374A>C,NP_055733.2:p.Ser792Arg,0.017,18.74,['Likely%20benign'],69.3,0.5,0.0,-0.3,0.3
CHSY1,15,101177424,NM_014918.5:c.2373A>T,NP_055733.2:p.Lys791Asn,0.013,20.3,['Unknown%20significance'],148.35,0.62,0.0,-0.0,0.0
CHSY1,15,101177428,NM_014918.5:c.2369G>T,NP_055733.2:p.Ser790Ile,0.059,22.5,['Unknown%20significance'],22.05,0.15,0.0,-0.8,0.8
CHSY1,15,101177429,NM_014918.5:c.2368A>G,NP_055733.2:p.Ser790Gly,0.044,17.16,['Unknown%20significance'],22.05,0.15,0.0,0.5,0.5
CHSY1,15,101177429,NM_014918.5:c.2368A>C,NP_055733.2:p.Ser790Arg,0.042,18.18,['Unknown%20significance'],22.05,0.15,0.0,-0.6,0.6
CHSY1,15,101177431,NM_014918.5:c.2366A>G,NP_055733.2:p.Tyr789Cys,0.140,26.7,['Unknown%20significance'],78.06,0.32,0.0,1.7,1.7
CHSY1,15,101177432,NM_014918.5:c.2365T>C,NP_055733.2:p.Tyr789His,0.117,26.0,['Unknown%20significance'],78.06,0.32,0.0,1.1,1.1
CHSY1,15,101177433,NM_014918.5:c.2364T>G,NP_055733.2:p.Ser788Arg,0.018,15.88,['Likely%20benign'],81.01,0.58,0.0,-0.3,0.3
CHSY1,15,101177434,NM_014918.5:c.2363G>C,NP_055733.2:p.Ser788Thr,0.039,8.886,['Likely%20benign'],81.01,0.58,0.0,-0.2,0.2
CHSY1,15,101177434,NM_014918.5:c.2363G>A,NP_055733.2:p.Ser788Asn,0.048,7.773,['Likely%20benign'],81.01,0.58,0.0,-0.1,0.1
CHSY1,15,101177438,NM_014918.5:c.2359C>T,NP_055733.2:p.Pro787Ser,0.130,21.8,['Unknown%20significance'],102.98,0.65,0.0,-0.0,0.0
CHSY1,15,101177438,NM_014918.5:c.2359C>G,NP_055733.2:p.Pro787Ala,0.146,20.3,['Unknown%20significance'],102.98,0.65,0.0,-0.0,0.0
CHSY1,15,101177438,NM_014918.5:c.2359C>A,NP_055733.2:p.Pro787Thr,0.182,21.9,['Unknown%20significance'],102.98,0.65,0.0,-0.2,0.2
CHSY1,15,101177439,NM_014918.5:c.2358T>A,NP_055733.2:p.Asp786Glu,0.178,15.27,['Likely%20benign'],58.63,0.36,0.0,-0.1,0.1
CHSY1,15,101177440,NM_014918.5:c.2357A>G,NP_055733.2:p.Asp786Gly,0.154,24.4,['Unknown%20significance'],58.63,0.36,0.0,0.6,0.6
CHSY1,15,101177441,NM_014918.5:c.2356G>T,NP_055733.2:p.Asp786Tyr,0.201,24.6,['Unknown%20significance'],58.63,0.36,0.0,-0.8,0.8
CHSY1,15,101177442,NM_014918.5:c.2355T>G,NP_055733.2:p.Asn785Lys,0.168,18.46,['Unknown%20significance'],72.57,0.45,0.0,0.1,0.1
CHSY1,15,101177442,NM_014918.5:c.2355T>A,NP_055733.2:p.Asn785Lys,0.167,18.35,['Unknown%20significance'],72.57,0.45,0.0,0.1,0.1
CHSY1,15,101177444,NM_014918.5:c.2353A>G,NP_055733.2:p.Asn785Asp,0.107,23.3,['Unknown%20significance'],72.57,0.45,0.0,0.1,0.1
CHSY1,15,101177449,NM_014918.5:c.2348A>G,NP_055733.2:p.Glu783Gly,0.270,24.0,['Unknown%20significance'],71.93,0.36,0.0,0.7,0.7
CHSY1,15,101177450,NM_014918.5:c.2347G>C,NP_055733.2:p.Glu783Gln,0.050,20.2,['Unknown%20significance'],71.93,0.36,0.0,-0.3,0.3
CHSY1,15,101177450,NM_014918.5:c.2347G>A,NP_055733.2:p.Glu783Lys,0.125,23.2,['Unknown%20significance'],71.93,0.36,0.0,0.1,0.1
CHSY1,15,101177452,NM_014918.5:c.2345T>C,NP_055733.2:p.Leu782Pro,0.541,27.0,['Unknown%20significance'],53.92,0.27,0.0,2.0,2.0
CHSY1,15,101177453,NM_014918.5:c.2344C>G,NP_055733.2:p.Leu782Val,0.120,21.7,['Unknown%20significance'],53.92,0.27,0.0,0.5,0.5
CHSY1,15,101177457,NM_014918.5:c.2340G>A,NP_055733.2:p.Met780Ile,0.092,18.57,['Unknown%20significance'],85.11,0.39,0.0,-0.2,0.2
CHSY1,15,101177459,NM_014918.5:c.2338A>G,NP_055733.2:p.Met780Val,0.083,21.9,['Unknown%20significance'],85.11,0.39,0.0,0.0,0.0
CHSY1,15,101177462,NM_014918.5:c.2335G>A,NP_055733.2:p.Glu779Lys,0.211,22.1,['Unknown%20significance'],36.73,0.18,0.0,0.1,0.1
CHSY1,15,101177464,NM_014918.5:c.2333C>T,NP_055733.2:p.Ala778Val,0.369,24.2,['Unknown%20significance'],39.2,0.3,0.0,-0.2,0.2
CHSY1,15,101177465,NM_014918.5:c.2332G>A,NP_055733.2:p.Ala778Thr,0.262,23.4,['Unknown%20significance'],39.2,0.3,0.0,0.5,0.5
CHSY1,15,101177468,NM_014918.5:c.2329C>G,NP_055733.2:p.Leu777Val,0.419,16.41,['Unknown%20significance'],58.05,0.3,0.0,0.9,0.9
CHSY1,15,101177474,NM_014918.5:c.2323C>G,NP_055733.2:p.Gln775Glu,0.160,17.23,['Unknown%20significance'],31.63,0.15,0.0,0.3,0.3
CHSY1,15,101177476,NM_014918.5:c.2321C>T,NP_055733.2:p.Thr774Ile,0.167,22.3,['Unknown%20significance'],101.38,0.64,0.0,-0.2,0.2
CHSY1,15,101177477,NM_014918.5:c.2320A>T,NP_055733.2:p.Thr774Ser,0.110,17.87,['Unknown%20significance'],101.38,0.64,0.0,0.2,0.2
CHSY1,15,101177477,NM_014918.5:c.2320A>G,NP_055733.2:p.Thr774Ala,0.033,17.56,['Unknown%20significance'],101.38,0.64,0.0,0.2,0.2
CHSY1,15,101177479,NM_014918.5:c.2318C>T,NP_055733.2:p.Ser773Phe,0.763,28.3,['Unknown%20significance'],6.91,0.05,0.0,-0.6,0.6
CHSY1,15,101177482,NM_014918.5:c.2315G>T,NP_055733.2:p.Gly772Val,0.673,25.5,['Unknown%20significance'],2.71,0.02,0.0,-0.7,0.7
CHSY1,15,101177483,NM_014918.5:c.2314G>A,NP_055733.2:p.Gly772Arg,0.718,26.5,['Unknown%20significance'],2.71,0.02,0.0,-0.3,0.3
CHSY1,15,101177485,NM_014918.5:c.2312A>G,NP_055733.2:p.Tyr771Cys,0.218,26.3,['Unknown%20significance'],86.31,0.35,0.0,1.2,1.2
CHSY1,15,101177488,NM_014918.5:c.2309C>T,NP_055733.2:p.Thr770Ile,0.297,23.8,['Unknown%20significance'],4.53,0.02,0.0,-0.6,0.6
CHSY1,15,101177491,NM_014918.5:c.2306C>T,NP_055733.2:p.Ser769Leu,0.283,26.6,['Unknown%20significance'],43.91,0.31,0.0,-0.9,0.9
CHSY1,15,101177498,NM_014918.5:c.2299A>C,NP_055733.2:p.Lys767Gln,0.290,26.6,['Unknown%20significance'],51.85,0.21,0.0,-0.3,0.3
CHSY1,15,101177503,NM_014918.5:c.2294G>C,NP_055733.2:p.Gly765Ala,0.348,23.7,['Unknown%20significance'],39.99,0.41,0.0,-0.3,0.3
CHSY1,15,101177503,NM_014918.5:c.2294G>A,NP_055733.2:p.Gly765Glu,0.469,25.7,['Unknown%20significance'],39.99,0.41,0.0,-0.3,0.3
CHSY1,15,101177504,NM_014918.5:c.2293G>A,NP_055733.2:p.Gly765Arg,0.441,26.4,['Unknown%20significance'],39.99,0.41,0.0,-0.5,0.5
CHSY1,15,101177511,NM_014918.5:c.2286G>A,NP_055733.2:p.Met762Ile,0.470,25.3,['Unknown%20significance'],103.29,0.47,0.0,0.2,0.2
CHSY1,15,101177513,NM_014918.5:c.2284A>C,NP_055733.2:p.Met762Leu,0.550,26.1,['Unknown%20significance'],103.29,0.47,0.0,0.2,0.2
CHSY1,15,101177515,NM_014918.5:c.2282A>G,NP_055733.2:p.Lys761Arg,0.077,22.3,['Unknown%20significance'],178.5,0.75,0.0,-0.2,0.2
CHSY1,15,101177518,NM_014918.5:c.2279A>T,NP_055733.2:p.Tyr760Phe,0.244,23.8,['Unknown%20significance'],75.69,0.31,0.0,0.4,0.4
CHSY1,15,101177518,NM_014918.5:c.2279A>G,NP_055733.2:p.Tyr760Cys,0.565,28.4,['Unknown%20significance'],75.69,0.31,0.0,1.8,1.8
CHSY1,15,101177519,NM_014918.5:c.2278T>C,NP_055733.2:p.Tyr760His,0.596,27.5,['Unknown%20significance'],75.69,0.31,0.0,1.3,1.3
CHSY1,15,101177522,NM_014918.5:c.2275C>G,NP_055733.2:p.Gln759Glu,0.621,24.9,['Unknown%20significance'],78.45,0.39,0.0,0.3,0.3
CHSY1,15,101177522,NM_014918.5:c.2275C>A,NP_055733.2:p.Gln759Lys,0.706,25.4,['Unknown%20significance'],78.45,0.39,0.0,0.5,0.5
CHSY1,15,101177524,NM_014918.5:c.2273A>G,NP_055733.2:p.Lys758Arg,0.117,18.76,['Unknown%20significance'],184.64,0.78,0.0,-0.2,0.2
CHSY1,15,101177525,NM_014918.5:c.2272A>C,NP_055733.2:p.Lys758Gln,0.219,23.1,['Unknown%20significance'],184.64,0.78,0.0,-0.1,0.1
CHSY1,15,101177527,NM_014918.5:c.2270C>G,NP_055733.2:p.Pro757Arg,0.199,24.2,['Unknown%20significance'],125.1,0.79,0.0,-0.2,0.2
CHSY1,15,101177528,NM_014918.5:c.2269C>T,NP_055733.2:p.Pro757Ser,0.187,22.5,['Unknown%20significance'],125.1,0.79,0.0,0.0,0.0
CHSY1,15,101177534,NM_014918.5:c.2263C>T,NP_055733.2:p.Leu755Phe,0.553,26.8,['Unknown%20significance'],63.68,0.33,0.0,0.2,0.2
CHSY1,15,101177536,NM_014918.5:c.2261A>G,NP_055733.2:p.Asn754Ser,0.089,21.9,['Unknown%20significance'],149.32,0.93,0.0,0.0,0.0
CHSY1,15,101177539,NM_014918.5:c.2258C>G,NP_055733.2:p.Pro753Arg,0.292,23.1,['Unknown%20significance'],114.39,0.72,0.0,-0.2,0.2
CHSY1,15,101177546,NM_014918.5:c.2251T>C,NP_055733.2:p.Cys751Arg,0.756,28.5,['Pathogenic'],9.54,0.06,0.0,1.5,1.5
CHSY1,15,101177549,NM_014918.5:c.2248T>C,NP_055733.2:p.Phe750Leu,0.066,20.4,['Unknown%20significance'],179.3,0.78,0.0,0.1,0.1
CHSY1,15,101177554,NM_014918.5:c.2243C>T,NP_055733.2:p.Pro748Leu,0.431,26.1,['Unknown%20significance'],107.33,0.68,0.0,-0.0,0.0
CHSY1,15,101177555,NM_014918.5:c.2242C>T,NP_055733.2:p.Pro748Ser,0.315,24.1,['Unknown%20significance'],107.33,0.68,0.0,0.1,0.1
CHSY1,15,101177557,NM_014918.5:c.2240A>G,NP_055733.2:p.His747Arg,0.621,25.8,['Unknown%20significance'],26.66,0.12,0.0,0.8,0.8
CHSY1,15,101177559,NM_014918.5:c.2238C>G,NP_055733.2:p.His746Gln,0.260,23.4,['Unknown%20significance'],12.09,0.05,0.0,0.9,0.9
CHSY1,15,101177561,NM_014918.5:c.2236C>T,NP_055733.2:p.His746Tyr,0.278,19.95,['Unknown%20significance'],12.09,0.05,0.0,-1.5,1.5
CHSY1,15,101177563,NM_014918.5:c.2234T>G,NP_055733.2:p.Val745Gly,0.383,27.7,['Unknown%20significance'],14.31,0.08,0.0,2.2,2.2
CHSY1,15,101177563,NM_014918.5:c.2234T>C,NP_055733.2:p.Val745Ala,0.310,26.5,['Unknown%20significance'],14.31,0.08,0.0,1.0,1.0
CHSY1,15,101177564,NM_014918.5:c.2233G>A,NP_055733.2:p.Val745Ile,0.033,6.480,['Likely%20benign'],14.31,0.08,0.0,-0.3,0.3
CHSY1,15,101177567,NM_014918.5:c.2230C>A,NP_055733.2:p.His744Asn,0.596,26.5,['Unknown%20significance'],10.86,0.05,0.0,1.9,1.9
CHSY1,15,101177570,NM_014918.5:c.2227G>C,NP_055733.2:p.Val743Leu,0.459,25.3,['Unknown%20significance'],1.33,0.0,0.0,-0.1,0.1
CHSY1,15,101177572,NM_014918.5:c.2225T>G,NP_055733.2:p.Val742Gly,0.580,26.3,['Unknown%20significance'],0.0,0.0,0.0,4.2,4.2
CHSY1,15,101177572,NM_014918.5:c.2225T>C,NP_055733.2:p.Val742Ala,0.358,23.9,['Unknown%20significance'],0.0,0.0,0.0,2.2,2.2
CHSY1,15,101177573,NM_014918.5:c.2224G>T,NP_055733.2:p.Val742Leu,0.215,16.29,['Unknown%20significance'],0.0,0.0,0.0,-0.4,0.4
CHSY1,15,101177575,NM_014918.5:c.2222G>A,NP_055733.2:p.Gly741Glu,0.529,24.1,['Unknown%20significance'],0.75,0.0,0.0,-0.2,0.2
CHSY1,15,101177576,NM_014918.5:c.2221G>A,NP_055733.2:p.Gly741Arg,0.633,25.6,['Unknown%20significance'],0.75,0.0,0.0,-1.3,1.3
CHSY1,15,101177578,NM_014918.5:c.2219T>C,NP_055733.2:p.Val740Ala,0.174,22.2,['Unknown%20significance'],70.49,0.41,0.0,0.5,0.5
CHSY1,15,101177579,NM_014918.5:c.2218G>A,NP_055733.2:p.Val740Ile,0.102,18.29,['Unknown%20significance'],70.49,0.41,0.0,-0.0,0.0
CHSY1,15,101177587,NM_014918.5:c.2210G>T,NP_055733.2:p.Ser737Ile,0.515,25.8,['Unknown%20significance'],38.58,0.27,0.0,-1.4,1.4
CHSY1,15,101177587,NM_014918.5:c.2210G>C,NP_055733.2:p.Ser737Thr,0.239,24.8,['Unknown%20significance'],38.58,0.27,0.0,-0.5,0.5
CHSY1,15,101177596,NM_014918.5:c.2201C>T,NP_055733.2:p.Thr734Met,0.097,21.9,['Unknown%20significance'],24.21,0.15,0.0,-1.0,1.0
CHSY1,15,101177600,NM_014918.5:c.2197A>C,NP_055733.2:p.Lys733Gln,0.092,20.8,['Unknown%20significance'],131.64,0.55,0.0,-0.3,0.3
CHSY1,15,101177603,NM_014918.5:c.2194T>G,NP_055733.2:p.Leu732Val,0.183,19.47,['Unknown%20significance'],3.99,0.02,0.0,0.5,0.5
CHSY1,15,101177605,NM_014918.5:c.2192G>A,NP_055733.2:p.Gly731Asp,0.290,22.2,['Unknown%20significance'],67.97,0.71,0.0,0.2,0.2
CHSY1,15,101177606,NM_014918.5:c.2191G>A,NP_055733.2:p.Gly731Ser,0.284,23.7,['Unknown%20significance'],67.97,0.71,0.0,0.1,0.1
CHSY1,15,101177608,NM_014918.5:c.2189C>T,NP_055733.2:p.Ala730Val,0.167,22.9,['Unknown%20significance'],28.43,0.22,0.0,-0.5,0.5
CHSY1,15,101177609,NM_014918.5:c.2188G>A,NP_055733.2:p.Ala730Thr,0.213,23.4,['Unknown%20significance'],28.43,0.22,0.0,-0.0,0.0
CHSY1,15,101177612,NM_014918.5:c.2185C>A,NP_055733.2:p.Gln729Lys,0.153,18.56,['Unknown%20significance'],171.08,0.86,0.0,0.1,0.1
CHSY1,15,101177615,NM_014918.5:c.2182G>A,NP_055733.2:p.Val728Ile,0.078,16.64,['Unknown%20significance'],81.76,0.47,0.0,-0.1,0.1
CHSY1,15,101177618,NM_014918.5:c.2179G>T,NP_055733.2:p.Val727Phe,0.162,20.6,['Unknown%20significance'],0.0,0.0,0.0,-0.4,0.4
CHSY1,15,101177618,NM_014918.5:c.2179G>A,NP_055733.2:p.Val727Ile,0.114,19.62,['Unknown%20significance'],0.0,0.0,0.0,-0.4,0.4
CHSY1,15,101177620,NM_014918.5:c.2177A>G,NP_055733.2:p.Lys726Arg,0.260,26.6,['Unknown%20significance'],54.79,0.23,0.0,-0.9,0.9
CHSY1,15,101177622,NM_014918.5:c.2175C>G,NP_055733.2:p.Asn725Lys,0.160,22.7,['Unknown%20significance'],68.36,0.42,0.0,0.2,0.2
CHSY1,15,101177623,NM_014918.5:c.2174A>G,NP_055733.2:p.Asn725Ser,0.108,22.1,['Unknown%20significance'],68.36,0.42,0.0,0.0,0.0
CHSY1,15,101177626,NM_014918.5:c.2171T>C,NP_055733.2:p.Phe724Ser,0.513,28.4,['Unknown%20significance'],59.08,0.25,0.0,2.2,2.2
CHSY1,15,101177630,NM_014918.5:c.2167C>T,NP_055733.2:p.Leu723Phe,0.363,22.7,['Unknown%20significance'],0.0,0.0,0.0,0.2,0.2
CHSY1,15,101177630,NM_014918.5:c.2167C>G,NP_055733.2:p.Leu723Val,0.428,25.5,['Unknown%20significance'],0.0,0.0,0.0,1.3,1.3
CHSY1,15,101177630,NM_014918.5:c.2167C>A,NP_055733.2:p.Leu723Ile,0.330,26.0,['Unknown%20significance'],0.0,0.0,0.0,0.7,0.7
CHSY1,15,101177631,NM_014918.5:c.2166C>G,NP_055733.2:p.Asp722Glu,0.178,23.5,['Unknown%20significance'],23.07,0.14,0.0,0.1,0.1
CHSY1,15,101177632,NM_014918.5:c.2165A>C,NP_055733.2:p.Asp722Ala,0.542,28.7,['Unknown%20significance'],23.07,0.14,0.0,0.1,0.1
CHSY1,15,101177633,NM_014918.5:c.2164G>A,NP_055733.2:p.Asp722Asn,0.434,27.3,['Unknown%20significance'],23.07,0.14,0.0,-0.1,0.1
CHSY1,15,101177638,NM_014918.5:c.2159A>T,NP_055733.2:p.Asp720Val,0.822,28.4,['Unknown%20significance'],7.0,0.04,0.0,0.2,0.2
CHSY1,15,101177647,NM_014918.5:c.2150G>A,NP_055733.2:p.Gly717Glu,0.582,26.1,['Unknown%20significance'],28.53,0.29,0.0,0.3,0.3
CHSY1,15,101177651,NM_014918.5:c.2146T>C,NP_055733.2:p.Trp716Arg,0.621,29.6,['Unknown%20significance'],88.44,0.33,0.0,1.5,1.5
CHSY1,15,101177653,NM_014918.5:c.2144G>C,NP_055733.2:p.Gly715Ala,0.500,25.5,['Unknown%20significance'],23.6,0.24,0.0,-0.3,0.3
CHSY1,15,101177656,NM_014918.5:c.2141A>T,NP_055733.2:p.Gln714Leu,0.178,22.9,['Unknown%20significance'],93.73,0.47,0.0,-0.5,0.5
CHSY1,15,101177666,NM_014918.5:c.2131G>C,NP_055733.2:p.Val711Leu,0.044,17.60,['Unknown%20significance'],68.72,0.39,0.0,-0.2,0.2
CHSY1,15,101177668,NM_014918.5:c.2129A>G,NP_055733.2:p.Asp710Gly,0.733,27.9,['Unknown%20significance'],68.93,0.43,0.0,0.9,0.9
CHSY1,15,101177670,NM_014918.5:c.2127T>G,NP_055733.2:p.Phe709Leu,0.248,18.76,['Likely%20benign'],7.09,0.03,0.0,1.4,1.4
CHSY1,15,101177675,NM_014918.5:c.2122G>A,NP_055733.2:p.Gly708Ser,0.499,24.0,['Unknown%20significance'],3.53,0.03,0.0,0.4,0.4
CHSY1,15,101177677,NM_014918.5:c.2120G>T,NP_055733.2:p.Gly707Val,0.695,24.5,['Unknown%20significance'],65.44,0.68,0.0,-0.1,0.1
CHSY1,15,101177678,NM_014918.5:c.2119G>A,NP_055733.2:p.Gly707Ser,0.623,24.9,['Unknown%20significance'],65.44,0.68,0.0,0.2,0.2
CHSY1,15,101177681,NM_014918.5:c.2116G>A,NP_055733.2:p.Val706Met,0.174,24.4,['Unknown%20significance'],11.92,0.06,0.0,0.6,0.6
CHSY1,15,101177683,NM_014918.5:c.2114G>T,NP_055733.2:p.Arg705Leu,0.228,19.33,['Unknown%20significance'],117.99,0.43,0.0,-0.1,0.1
CHSY1,15,101177683,NM_014918.5:c.2114G>C,NP_055733.2:p.Arg705Pro,0.291,22.9,['Unknown%20significance'],117.99,0.43,0.0,0.9,0.9
CHSY1,15,101177683,NM_014918.5:c.2114G>A,NP_055733.2:p.Arg705Gln,0.051,18.79,['Benign'],117.99,0.43,0.0,0.3,0.3
CHSY1,15,101177684,NM_014918.5:c.2113C>G,NP_055733.2:p.Arg705Gly,0.241,20.8,['Unknown%20significance'],117.99,0.43,0.0,1.2,1.2
CHSY1,15,101177690,NM_014918.5:c.2107C>T,NP_055733.2:p.Leu703Phe,0.210,22.2,['Unknown%20significance'],0.0,0.0,0.0,-0.6,0.6
CHSY1,15,101177691,NM_014918.5:c.2106T>A,NP_055733.2:p.Asp702Glu,0.630,19.99,['Unknown%20significance'],5.44,0.03,0.0,-0.2,0.2
CHSY1,15,101177695,NM_014918.5:c.2102G>A,NP_055733.2:p.Gly701Glu,0.186,23.0,['Unknown%20significance'],11.07,0.11,0.0,-0.8,0.8
CHSY1,15,101177696,NM_014918.5:c.2101G>A,NP_055733.2:p.Gly701Arg,0.240,22.1,['Unknown%20significance'],11.07,0.11,0.0,-1.2,1.2
CHSY1,15,101177698,NM_014918.5:c.2099A>G,NP_055733.2:p.Lys700Arg,0.221,22.9,['Unknown%20significance'],10.8,0.04,0.0,-1.2,1.2
CHSY1,15,101177699,NM_014918.5:c.2098A>G,NP_055733.2:p.Lys700Glu,0.480,26.5,['Unknown%20significance'],10.8,0.04,0.0,0.3,0.3
CHSY1,15,101177701,NM_014918.5:c.2096A>G,NP_055733.2:p.Tyr699Cys,0.592,26.4,['Unknown%20significance'],5.95,0.02,0.0,2.2,2.2
CHSY1,15,101177703,NM_014918.5:c.2094T>G,NP_055733.2:p.Ile698Met,0.102,14.72,['Likely%20benign'],0.0,0.0,0.0,1.2,1.2
CHSY1,15,101177705,NM_014918.5:c.2092A>G,NP_055733.2:p.Ile698Val,0.076,18.35,['Unknown%20significance'],0.0,0.0,0.0,0.4,0.4
CHSY1,15,101177710,NM_014918.5:c.2087C>T,NP_055733.2:p.Thr696Met,0.215,24.9,['Unknown%20significance'],0.0,0.0,0.0,-1.5,1.5
CHSY1,15,101177711,NM_014918.5:c.2086A>G,NP_055733.2:p.Thr696Ala,0.084,18.71,['Unknown%20significance'],0.0,0.0,0.0,-0.1,0.1
CHSY1,15,101177713,NM_014918.5:c.2084T>A,NP_055733.2:p.Ile695Asn,0.486,27.0,['Unknown%20significance'],0.0,0.0,0.0,2.8,2.8
CHSY1,15,101177714,NM_014918.5:c.2083A>G,NP_055733.2:p.Ile695Val,0.144,23.9,['Unknown%20significance'],0.0,0.0,0.0,0.3,0.3
CHSY1,15,101177714,NM_014918.5:c.2083A>C,NP_055733.2:p.Ile695Leu,0.156,21.4,['Unknown%20significance'],0.0,0.0,0.0,0.1,0.1
CHSY1,15,101177716,NM_014918.5:c.2081G>A,NP_055733.2:p.Gly694Asp,0.678,25.5,['Unknown%20significance'],2.22,0.02,0.0,0.5,0.5
CHSY1,15,101177720,NM_014918.5:c.2077T>A,NP_055733.2:p.Phe693Ile,0.723,27.3,['Unknown%20significance'],37.21,0.16,0.0,0.6,0.6
CHSY1,15,101177725,NM_014918.5:c.2072A>G,NP_055733.2:p.Tyr691Cys,0.522,27.4,['Unknown%20significance'],179.21,0.74,0.0,0.4,0.4
CHSY1,15,101177728,NM_014918.5:c.2069A>G,NP_055733.2:p.Asn690Ser,0.070,19.99,['Unknown%20significance'],68.66,0.42,0.0,0.0,0.0
CHSY1,15,101177737,NM_014918.5:c.2060T>G,NP_055733.2:p.Phe687Cys,0.506,29.0,['Unknown%20significance'],61.51,0.26,0.0,1.5,1.5
CHSY1,15,101177738,NM_014918.5:c.2059T>C,NP_055733.2:p.Phe687Leu,0.079,22.9,['Unknown%20significance'],61.51,0.26,0.0,0.5,0.5
CHSY1,15,101177743,NM_014918.5:c.2054C>T,NP_055733.2:p.Thr685Ile,0.392,26.0,['Unknown%20significance'],11.43,0.07,0.0,-0.7,0.7
CHSY1,15,101177746,NM_014918.5:c.2051A>G,NP_055733.2:p.Lys684Arg,0.131,22.6,['Unknown%20significance'],67.67,0.28,0.0,-0.8,0.8
CHSY1,15,101177747,NM_014918.5:c.2050A>G,NP_055733.2:p.Lys684Glu,0.179,22.2,['Unknown%20significance'],67.67,0.28,0.0,-0.2,0.2
CHSY1,15,101177748,NM_014918.5:c.2049G>C,NP_055733.2:p.Gln683His,0.098,13.84,['Unknown%20significance'],77.47,0.39,0.0,-0.1,0.1
CHSY1,15,101177752,NM_014918.5:c.2045C>G,NP_055733.2:p.Thr682Ser,0.165,20.9,['Unknown%20significance'],69.16,0.43,0.0,0.3,0.3
CHSY1,15,101177753,NM_014918.5:c.2044A>G,NP_055733.2:p.Thr682Ala,0.135,23.5,['Unknown%20significance'],69.16,0.43,0.0,0.2,0.2
CHSY1,15,101177756,NM_014918.5:c.2041T>G,NP_055733.2:p.Phe681Val,0.275,22.2,['Unknown%20significance'],92.19,0.4,0.0,0.2,0.2
CHSY1,15,101177758,NM_014918.5:c.2039C>T,NP_055733.2:p.Ala680Val,0.056,17.71,['Unknown%20significance'],49.58,0.38,0.0,-0.7,0.7
CHSY1,15,101177758,NM_014918.5:c.2039C>G,NP_055733.2:p.Ala680Gly,0.039,21.9,['Unknown%20significance'],49.58,0.38,0.0,0.6,0.6
CHSY1,15,101177761,NM_014918.5:c.2036T>C,NP_055733.2:p.Phe679Ser,0.166,24.8,['Unknown%20significance'],36.91,0.16,0.0,1.8,1.8
CHSY1,15,101177764,NM_014918.5:c.2033A>G,NP_055733.2:p.His678Arg,0.164,22.1,['Unknown%20significance'],185.61,0.9,0.0,-0.0,0.0
CHSY1,15,101177765,NM_014918.5:c.2032C>T,NP_055733.2:p.His678Tyr,0.125,22.0,['Unknown%20significance'],185.61,0.9,0.0,-0.1,0.1
CHSY1,15,101177766,NM_014918.5:c.2031C>A,NP_055733.2:p.Asn677Lys,0.157,22.3,['Unknown%20significance'],106.85,0.66,0.0,0.1,0.1
CHSY1,15,101177767,NM_014918.5:c.2030A>G,NP_055733.2:p.Asn677Ser,0.062,19.89,['Unknown%20significance'],106.85,0.66,0.0,0.0,0.0
CHSY1,15,101177768,NM_014918.5:c.2029A>G,NP_055733.2:p.Asn677Asp,0.095,19.88,['Unknown%20significance'],106.85,0.66,0.0,0.1,0.1
CHSY1,15,101177769,NM_014918.5:c.2028C>G,NP_055733.2:p.Asp676Glu,0.045,20.3,['Unknown%20significance'],70.56,0.44,0.0,-0.1,0.1
CHSY1,15,101177773,NM_014918.5:c.2024G>C,NP_055733.2:p.Ser675Thr,0.135,17.38,['Unknown%20significance'],140.39,1.0,0.0,-0.0,0.0
CHSY1,15,101177776,NM_014918.5:c.2021C>T,NP_055733.2:p.Pro674Leu,0.147,24.0,['Unknown%20significance'],63.46,0.4,0.0,-0.4,0.4
CHSY1,15,101177776,NM_014918.5:c.2021C>G,NP_055733.2:p.Pro674Arg,0.181,23.7,['Unknown%20significance'],63.46,0.4,0.0,-0.2,0.2
CHSY1,15,101177776,NM_014918.5:c.2021C>A,NP_055733.2:p.Pro674His,0.283,26.2,['Unknown%20significance'],63.46,0.4,0.0,-0.1,0.1
CHSY1,15,101177779,NM_014918.5:c.2018T>C,NP_055733.2:p.Val673Ala,0.033,13.69,['Unknown%20significance'],73.71,0.42,0.0,0.5,0.5
CHSY1,15,101177782,NM_014918.5:c.2015A>G,NP_055733.2:p.Lys672Arg,0.075,23.6,['Unknown%20significance'],208.81,0.88,0.0,-0.2,0.2
CHSY1,15,101177783,NM_014918.5:c.2014A>G,NP_055733.2:p.Lys672Glu,0.054,21.0,['Unknown%20significance'],208.81,0.88,0.0,-0.0,0.0
CHSY1,15,101177785,NM_014918.5:c.2012G>C,NP_055733.2:p.Gly671Ala,0.131,23.1,['Unknown%20significance'],50.64,0.53,0.0,-0.2,0.2
CHSY1,15,101177788,NM_014918.5:c.2009G>T,NP_055733.2:p.Ser670Ile,0.056,20.1,['Unknown%20significance'],108.37,0.78,0.0,-0.3,0.3
CHSY1,15,101177789,NM_014918.5:c.2008A>T,NP_055733.2:p.Ser670Cys,0.100,24.2,['Unknown%20significance'],108.37,0.78,0.0,-0.0,0.0
CHSY1,15,101177791,NM_014918.5:c.2006A>G,NP_055733.2:p.Tyr669Cys,0.674,23.4,['Unknown%20significance'],59.67,0.24,0.0,1.4,1.4
CHSY1,15,101177792,NM_014918.5:c.2005T>G,NP_055733.2:p.Tyr669Asp,0.659,24.4,['Unknown%20significance'],59.67,0.24,0.0,2.2,2.2
CHSY1,15,101177795,NM_014918.5:c.2002G>C,NP_055733.2:p.Val668Leu,0.223,22.4,['Unknown%20significance'],21.95,0.12,0.0,0.0,0.0
CHSY1,15,101177795,NM_014918.5:c.2002G>A,NP_055733.2:p.Val668Ile,0.117,21.7,['Unknown%20significance'],21.95,0.12,0.0,-0.2,0.2
CHSY1,15,101177798,NM_014918.5:c.1999A>T,NP_055733.2:p.Ile667Phe,0.121,22.7,['Unknown%20significance'],39.31,0.2,0.0,0.1,0.1
CHSY1,15,101177804,NM_014918.5:c.1993C>G,NP_055733.2:p.Pro665Ala,0.655,25.8,['Unknown%20significance'],16.88,0.1,0.0,0.3,0.3
CHSY1,15,101177807,NM_014918.5:c.1990G>A,NP_055733.2:p.Asp664Asn,0.259,24.5,['Unknown%20significance'],8.19,0.05,0.0,-0.4,0.4
CHSY1,15,101177809,NM_014918.5:c.1988A>G,NP_055733.2:p.Tyr663Cys,0.825,29.1,['Unknown%20significance'],5.31,0.02,0.0,2.5,2.5
CHSY1,15,101177812,NM_014918.5:c.1985A>T,NP_055733.2:p.Gln662Leu,0.487,27.4,['Unknown%20significance'],11.02,0.05,0.0,-1.0,1.0
CHSY1,15,101177818,NM_014918.5:c.1979T>G,NP_055733.2:p.Phe660Cys,0.797,29.4,['Unknown%20significance'],0.0,0.0,0.0,2.7,2.7
CHSY1,15,101177822,NM_014918.5:c.1975A>G,NP_055733.2:p.Ile659Val,0.228,18.11,['Unknown%20significance'],0.0,0.0,0.0,0.1,0.1
CHSY1,15,101177825,NM_014918.5:c.1972A>G,NP_055733.2:p.Ile658Val,0.059,20.2,['Unknown%20significance'],12.64,0.06,0.0,0.2,0.2
CHSY1,15,101177828,NM_014918.5:c.1969C>T,NP_055733.2:p.Pro657Ser,0.824,26.5,['Unknown%20significance'],0.0,0.0,0.0,1.0,1.0
CHSY1,15,101177829,NM_014918.5:c.1968T>A,NP_055733.2:p.Phe656Leu,0.340,18.33,['Unknown%20significance'],0.0,0.0,0.0,0.4,0.4
CHSY1,15,101177830,NM_014918.5:c.1967T>C,NP_055733.2:p.Phe656Ser,0.706,29.5,['Unknown%20significance'],0.0,0.0,0.0,3.7,3.7
CHSY1,15,101177833,NM_014918.5:c.1964A>G,NP_055733.2:p.Tyr655Cys,0.742,28.7,['Unknown%20significance'],0.0,0.0,0.0,2.3,2.3
CHSY1,15,101177834,NM_014918.5:c.1963T>C,NP_055733.2:p.Tyr655His,0.761,27.6,['Unknown%20significance'],0.0,0.0,0.0,2.4,2.4
CHSY1,15,101177835,NM_014918.5:c.1962A>G,NP_055733.2:p.Ile654Met,0.149,0.267,['Likely%20benign'],0.0,0.0,0.0,1.1,1.1
CHSY1,15,101177837,NM_014918.5:c.1960A>G,NP_055733.2:p.Ile654Val,0.067,9.938,['Unknown%20significance'],0.0,0.0,0.0,0.1,0.1
CHSY1,15,101177839,NM_014918.5:c.1958A>G,NP_055733.2:p.Gln653Arg,0.541,23.8,['Unknown%20significance'],19.14,0.09,0.0,-0.3,0.3
CHSY1,15,101177840,NM_014918.5:c.1957C>G,NP_055733.2:p.Gln653Glu,0.580,25.4,['Likely%20benign'],19.14,0.09,0.0,0.6,0.6
CHSY1,15,101177841,NM_014918.5:c.1956A>C,NP_055733.2:p.Gln652His,0.092,20.1,['Unknown%20significance'],127.19,0.64,0.0,-0.1,0.1
CHSY1,15,101177842,NM_014918.5:c.1955A>G,NP_055733.2:p.Gln652Arg,0.091,16.59,['Unknown%20significance'],127.19,0.64,0.0,-0.2,0.2
CHSY1,15,101177843,NM_014918.5:c.1954C>A,NP_055733.2:p.Gln652Lys,0.126,19.28,['Unknown%20significance'],127.19,0.64,0.0,0.2,0.2
CHSY1,15,101177852,NM_014918.5:c.1945G>T,NP_055733.2:p.Val649Phe,0.115,22.3,['Likely%20benign'],64.89,0.37,0.0,0.0,0.0
CHSY1,15,101177852,NM_014918.5:c.1945G>A,NP_055733.2:p.Val649Ile,0.017,13.33,['Likely%20benign'],64.89,0.37,0.0,-0.2,0.2
CHSY1,15,101177854,NM_014918.5:c.1943C>T,NP_055733.2:p.Thr648Ile,0.672,26.4,['Unknown%20significance'],0.93,0.0,0.0,-1.5,1.5
CHSY1,15,101177858,NM_014918.5:c.1939A>G,NP_055733.2:p.Asn647Asp,0.555,26.3,['Unknown%20significance'],21.27,0.13,0.0,0.5,0.5
CHSY1,15,101177860,NM_014918.5:c.1937C>T,NP_055733.2:p.Ala646Val,0.083,21.9,['Unknown%20significance'],77.74,0.61,0.0,-0.4,0.4
CHSY1,15,101177863,NM_014918.5:c.1934G>A,NP_055733.2:p.Arg645Gln,0.599,27.1,['Unknown%20significance'],38.53,0.14,0.0,0.4,0.4
CHSY1,15,101177869,NM_014918.5:c.1928G>A,NP_055733.2:p.Arg643Gln,0.593,27.1,['Unknown%20significance'],50.08,0.18,0.0,0.4,0.4
CHSY1,15,101177872,NM_014918.5:c.1925A>G,NP_055733.2:p.Gln642Arg,0.052,22.4,['Unknown%20significance'],105.92,0.53,0.0,-0.1,0.1
CHSY1,15,101177881,NM_014918.5:c.1916A>G,NP_055733.2:p.Glu639Gly,0.222,22.7,['Unknown%20significance'],92.05,0.47,0.0,0.3,0.3
CHSY1,15,101177885,NM_014918.5:c.1912A>G,NP_055733.2:p.Thr638Ala,0.013,0.182,['Likely%20benign'],43.06,0.27,0.0,0.1,0.1
CHSY1,15,101177888,NM_014918.5:c.1909A>G,NP_055733.2:p.Thr637Ala,0.168,21.9,['Unknown%20significance'],52.21,0.33,0.0,0.2,0.2
CHSY1,15,101177894,NM_014918.5:c.1903G>C,NP_055733.2:p.Val635Leu,0.102,19.93,['Unknown%20significance'],15.37,0.08,0.0,-0.1,0.1
CHSY1,15,101177894,NM_014918.5:c.1903G>A,NP_055733.2:p.Val635Met,0.200,23.1,['Unknown%20significance'],15.37,0.08,0.0,0.1,0.1
CHSY1,15,101177897,NM_014918.5:c.1900C>T,NP_055733.2:p.Leu634Phe,0.290,24.5,['Unknown%20significance'],0.0,0.0,0.0,-0.0,0.0
CHSY1,15,101177899,NM_014918.5:c.1898A>G,NP_055733.2:p.Asp633Gly,0.893,27.3,['Unknown%20significance'],2.93,0.01,0.0,1.6,1.6
CHSY1,15,101177900,NM_014918.5:c.1897G>C,NP_055733.2:p.Asp633His,0.835,25.6,['Unknown%20significance'],2.93,0.01,0.0,0.1,0.1
CHSY1,15,101177900,NM_014918.5:c.1897G>A,NP_055733.2:p.Asp633Asn,0.874,26.0,['Pathogenic'],2.93,0.01,0.0,0.2,0.2
CHSY1,15,101177903,NM_014918.5:c.1894G>A,NP_055733.2:p.Val632Ile,0.334,24.5,['Unknown%20significance'],0.0,0.0,0.0,-0.1,0.1
CHSY1,15,101177905,NM_014918.5:c.1892A>T,NP_055733.2:p.Asp631Val,0.892,26.6,['Unknown%20significance'],6.83,0.04,0.0,-0.2,0.2
CHSY1,15,101177906,NM_014918.5:c.1891G>A,NP_055733.2:p.Asp631Asn,0.616,25.9,['Unknown%20significance'],6.83,0.04,0.0,-0.1,0.1
CHSY1,15,101177907,NM_014918.5:c.1890C>G,NP_055733.2:p.Cys630Trp,0.604,23.6,['Unknown%20significance'],0.0,0.0,0.0,-0.6,0.6
CHSY1,15,101177912,NM_014918.5:c.1885T>C,NP_055733.2:p.Phe629Leu,0.256,23.3,['Unknown%20significance'],0.0,0.0,0.0,0.5,0.5
CHSY1,15,101177913,NM_014918.5:c.1884C>G,NP_055733.2:p.Phe628Leu,0.177,21.0,['Unknown%20significance'],0.0,0.0,0.0,-0.1,0.1
CHSY1,15,101177918,NM_014918.5:c.1879C>T,NP_055733.2:p.Leu627Phe,0.430,26.6,['Unknown%20significance'],0.0,0.0,0.0,0.5,0.5
CHSY1,15,101177918,NM_014918.5:c.1879C>G,NP_055733.2:p.Leu627Val,0.219,25.5,['Unknown%20significance'],0.0,0.0,0.0,0.3,0.3
CHSY1,15,101177918,NM_014918.5:c.1879C>A,NP_055733.2:p.Leu627Ile,0.154,24.1,['Unknown%20significance'],0.0,0.0,0.0,-0.1,0.1
CHSY1,15,101177919,NM_014918.5:c.1878G>C,NP_055733.2:p.Leu626Phe,0.518,23.2,['Unknown%20significance'],0.0,0.0,0.0,-0.2,0.2
CHSY1,15,101177923,NM_014918.5:c.1874C>T,NP_055733.2:p.Ser625Phe,0.540,26.7,['Unknown%20significance'],5.18,0.03,0.0,-1.3,1.3
CHSY1,15,101177926,NM_014918.5:c.1871A>G,NP_055733.2:p.Glu624Gly,0.215,22.6,['Unknown%20significance'],113.99,0.58,0.0,-0.1,0.1
CHSY1,15,101177926,NM_014918.5:c.1871A>C,NP_055733.2:p.Glu624Ala,0.190,23.3,['Unknown%20significance'],113.99,0.58,0.0,-0.1,0.1
CHSY1,15,101177927,NM_014918.5:c.1870G>C,NP_055733.2:p.Glu624Gln,0.131,22.6,['Unknown%20significance'],113.99,0.58,0.0,-0.1,0.1
CHSY1,15,101177929,NM_014918.5:c.1868A>G,NP_055733.2:p.Asn623Ser,0.103,19.92,['Unknown%20significance'],90.92,0.56,0.0,0.0,0.0
CHSY1,15,101177930,NM_014918.5:c.1867A>G,NP_055733.2:p.Asn623Asp,0.069,21.0,['Unknown%20significance'],90.92,0.56,0.0,0.1,0.1
CHSY1,15,101177931,NM_014918.5:c.1866C>G,NP_055733.2:p.Asn622Lys,0.049,3.317,['Likely%20benign'],104.05,0.65,0.0,0.1,0.1
CHSY1,15,101177932,NM_014918.5:c.1865A>T,NP_055733.2:p.Asn622Ile,0.086,8.218,['Likely%20benign'],104.05,0.65,0.0,-0.2,0.2
CHSY1,15,101177932,NM_014918.5:c.1865A>G,NP_055733.2:p.Asn622Ser,0.064,0.508,['Unknown%20significance'],104.05,0.65,0.0,0.0,0.0
CHSY1,15,101177933,NM_014918.5:c.1864A>G,NP_055733.2:p.Asn622Asp,0.065,9.399,['Likely%20benign'],104.05,0.65,0.0,0.2,0.2
CHSY1,15,101177938,NM_014918.5:c.1859A>G,NP_055733.2:p.Gln620Arg,0.077,20.2,['Unknown%20significance'],116.11,0.58,0.0,-0.1,0.1
CHSY1,15,101177944,NM_014918.5:c.1853C>G,NP_055733.2:p.Ser618Cys,0.447,24.9,['Unknown%20significance'],0.0,0.0,0.0,-1.0,1.0
CHSY1,15,101177948,NM_014918.5:c.1849G>A,NP_055733.2:p.Gly617Arg,0.675,23.6,['Unknown%20significance'],0.0,0.0,0.0,-0.1,0.1
CHSY1,15,101177950,NM_014918.5:c.1847T>G,NP_055733.2:p.Val616Gly,0.567,23.6,['Unknown%20significance'],48.27,0.28,0.0,2.1,2.1
CHSY1,15,101177951,NM_014918.5:c.1846G>T,NP_055733.2:p.Val616Leu,0.199,13.67,['Unknown%20significance'],48.27,0.28,0.0,-0.2,0.2
CHSY1,15,101177957,NM_014918.5:c.1840C>G,NP_055733.2:p.Leu614Val,0.379,23.7,['Unknown%20significance'],0.0,0.0,0.0,0.8,0.8
CHSY1,15,101177959,NM_014918.5:c.1838C>T,NP_055733.2:p.Ala613Val,0.631,24.9,['Unknown%20significance'],0.0,0.0,0.0,-0.6,0.6
CHSY1,15,101177960,NM_014918.5:c.1837G>A,NP_055733.2:p.Ala613Thr,0.583,24.1,['Unknown%20significance'],0.0,0.0,0.0,0.6,0.6
CHSY1,15,101177962,NM_014918.5:c.1835T>C,NP_055733.2:p.Leu612Pro,0.528,23.4,['Unknown%20significance'],42.96,0.22,0.0,1.6,1.6
CHSY1,15,101177963,NM_014918.5:c.1834C>G,NP_055733.2:p.Leu612Val,0.115,14.82,['Unknown%20significance'],42.96,0.22,0.0,0.1,0.1
CHSY1,15,101177966,NM_014918.5:c.1831G>C,NP_055733.2:p.Ala611Pro,0.568,24.9,['Unknown%20significance'],0.0,0.0,0.0,0.9,0.9
CHSY1,15,101177966,NM_014918.5:c.1831G>A,NP_055733.2:p.Ala611Thr,0.402,24.8,['Unknown%20significance'],0.0,0.0,0.0,0.0,0.0
CHSY1,15,101177968,NM_014918.5:c.1829G>A,NP_055733.2:p.Arg610Lys,0.410,25.0,['Unknown%20significance'],2.13,0.0,0.0,1.4,1.4
CHSY1,15,101177971,NM_014918.5:c.1826C>T,NP_055733.2:p.Ser609Leu,0.724,28.1,['Unknown%20significance'],0.0,0.0,0.0,-0.8,0.8
CHSY1,15,101177980,NM_014918.5:c.1817G>A,NP_055733.2:p.Gly606Glu,0.406,23.9,['Unknown%20significance'],45.13,0.47,0.0,-0.3,0.3
CHSY1,15,101177981,NM_014918.5:c.1816G>A,NP_055733.2:p.Gly606Arg,0.513,26.1,['Unknown%20significance'],45.13,0.47,0.0,-0.8,0.8
CHSY1,15,101177983,NM_014918.5:c.1814C>G,NP_055733.2:p.Ser605Cys,0.268,26.4,['Unknown%20significance'],93.59,0.67,0.0,0.1,0.1
CHSY1,15,101177987,NM_014918.5:c.1810G>T,NP_055733.2:p.Val604Leu,0.184,20.2,['Unknown%20significance'],1.41,0.0,0.0,-0.2,0.2
CHSY1,15,101177987,NM_014918.5:c.1810G>A,NP_055733.2:p.Val604Met,0.183,19.79,['Unknown%20significance'],1.41,0.0,0.0,0.1,0.1
CHSY1,15,101177989,NM_014918.5:c.1808C>T,NP_055733.2:p.Pro603Leu,0.235,23.9,['Unknown%20significance'],78.27,0.49,0.0,-0.7,0.7
CHSY1,15,101177990,NM_014918.5:c.1807C>T,NP_055733.2:p.Pro603Ser,0.093,19.85,['Unknown%20significance'],78.27,0.49,0.0,-0.0,0.0
CHSY1,15,101177995,NM_014918.5:c.1802T>C,NP_055733.2:p.Ile601Thr,0.208,23.5,['Unknown%20significance'],35.08,0.17,0.0,1.8,1.8
CHSY1,15,101177996,NM_014918.5:c.1801A>G,NP_055733.2:p.Ile601Val,0.059,10.23,['Likely%20benign'],35.08,0.17,0.0,0.2,0.2
CHSY1,15,101177997,NM_014918.5:c.1800G>T,NP_055733.2:p.Gln600His,0.087,16.29,['Unknown%20significance'],76.92,0.38,0.0,-0.1,0.1
CHSY1,15,101177998,NM_014918.5:c.1799A>G,NP_055733.2:p.Gln600Arg,0.165,19.66,['Unknown%20significance'],76.92,0.38,0.0,-0.3,0.3
CHSY1,15,101178001,NM_014918.5:c.1796T>C,NP_055733.2:p.Met599Thr,0.371,24.5,['Unknown%20significance'],6.54,0.03,0.0,1.3,1.3
CHSY1,15,101178002,NM_014918.5:c.1795A>T,NP_055733.2:p.Met599Leu,0.212,19.86,['Unknown%20significance'],6.54,0.03,0.0,-0.8,0.8
CHSY1,15,101178002,NM_014918.5:c.1795A>G,NP_055733.2:p.Met599Val,0.220,19.99,['Unknown%20significance'],6.54,0.03,0.0,-0.9,0.9
CHSY1,15,101178004,NM_014918.5:c.1793A>T,NP_055733.2:p.Asp598Val,0.214,23.8,['Unknown%20significance'],52.52,0.32,0.0,-1.0,1.0
CHSY1,15,101178004,NM_014918.5:c.1793A>G,NP_055733.2:p.Asp598Gly,0.150,22.8,['Unknown%20significance'],52.52,0.32,0.0,0.3,0.3
CHSY1,15,101178005,NM_014918.5:c.1792G>A,NP_055733.2:p.Asp598Asn,0.072,22.0,['Unknown%20significance'],52.52,0.32,0.0,-0.3,0.3
CHSY1,15,101178007,NM_014918.5:c.1790C>G,NP_055733.2:p.Ala597Gly,0.279,23.9,['Unknown%20significance'],25.49,0.2,0.0,0.7,0.7
CHSY1,15,101178008,NM_014918.5:c.1789G>A,NP_055733.2:p.Ala597Thr,0.255,21.3,['Unknown%20significance'],25.49,0.2,0.0,-0.2,0.2
CHSY1,15,101178011,NM_014918.5:c.1786A>G,NP_055733.2:p.Lys596Glu,0.079,18.15,['Unknown%20significance'],233.56,0.98,0.0,-0.0,0.0
CHSY1,15,101178013,NM_014918.5:c.1784C>T,NP_055733.2:p.Pro595Leu,0.345,25.4,['Unknown%20significance'],109.73,0.69,0.0,-0.1,0.1
CHSY1,15,101178013,NM_014918.5:c.1784C>G,NP_055733.2:p.Pro595Arg,0.386,23.6,['Unknown%20significance'],109.73,0.69,0.0,-0.1,0.1
CHSY1,15,101178014,NM_014918.5:c.1783C>T,NP_055733.2:p.Pro595Ser,0.254,24.7,['Unknown%20significance'],109.73,0.69,0.0,0.1,0.1
CHSY1,15,101178017,NM_014918.5:c.1780T>G,NP_055733.2:p.Tyr594Asp,0.652,25.9,['Unknown%20significance'],51.16,0.21,0.0,2.3,2.3
CHSY1,15,101178018,NM_014918.5:c.1779G>T,NP_055733.2:p.Lys593Asn,0.107,19.63,['Unknown%20significance'],135.1,0.57,0.0,-0.1,0.1
CHSY1,15,101178019,NM_014918.5:c.1778A>C,NP_055733.2:p.Lys593Thr,0.180,24.1,['Unknown%20significance'],135.1,0.57,0.0,-0.2,0.2
CHSY1,15,101178020,NM_014918.5:c.1777A>G,NP_055733.2:p.Lys593Glu,0.184,24.2,['Unknown%20significance'],135.1,0.57,0.0,-0.1,0.1
CHSY1,15,101178023,NM_014918.5:c.1774A>T,NP_055733.2:p.Ile592Phe,0.030,0.162,['Likely%20benign'],128.79,0.65,0.0,-0.0,0.0
CHSY1,15,101178023,NM_014918.5:c.1774A>G,NP_055733.2:p.Ile592Val,0.012,0.019,['Likely%20benign'],128.79,0.65,0.0,0.0,0.0
CHSY1,15,101178023,NM_014918.5:c.1774A>C,NP_055733.2:p.Ile592Leu,0.011,0.063,['Likely%20benign'],128.79,0.65,0.0,0.0,0.0
CHSY1,15,101178025,NM_014918.5:c.1772G>T,NP_055733.2:p.Arg591Leu,0.154,23.6,['Unknown%20significance'],67.46,0.25,0.0,-0.3,0.3
CHSY1,15,101178025,NM_014918.5:c.1772G>A,NP_055733.2:p.Arg591His,0.056,18.24,['Unknown%20significance'],67.46,0.25,0.0,0.2,0.2
CHSY1,15,101178026,NM_014918.5:c.1771C>T,NP_055733.2:p.Arg591Cys,0.365,28.4,['Unknown%20significance'],67.46,0.25,0.0,0.6,0.6
CHSY1,15,101178026,NM_014918.5:c.1771C>G,NP_055733.2:p.Arg591Gly,0.222,24.0,['Unknown%20significance'],67.46,0.25,0.0,1.3,1.3
CHSY1,15,101178026,NM_014918.5:c.1771C>A,NP_055733.2:p.Arg591Ser,0.189,22.2,['Unknown%20significance'],67.46,0.25,0.0,0.7,0.7
CHSY1,15,101178028,NM_014918.5:c.1769A>G,NP_055733.2:p.Tyr590Cys,0.558,27.0,['Unknown%20significance'],28.26,0.11,0.0,2.0,2.0
CHSY1,15,101178029,NM_014918.5:c.1768T>C,NP_055733.2:p.Tyr590His,0.425,26.5,['Unknown%20significance'],28.26,0.11,0.0,1.7,1.7
CHSY1,15,101178029,NM_014918.5:c.1768T>A,NP_055733.2:p.Tyr590Asn,0.368,26.3,['Unknown%20significance'],28.26,0.11,0.0,2.6,2.6
CHSY1,15,101178032,NM_014918.5:c.1765G>T,NP_055733.2:p.Asp589Tyr,0.175,23.7,['Unknown%20significance'],90.43,0.56,0.0,-0.7,0.7
CHSY1,15,101178032,NM_014918.5:c.1765G>C,NP_055733.2:p.Asp589His,0.082,22.2,['Unknown%20significance'],90.43,0.56,0.0,-0.3,0.3
CHSY1,15,101178033,NM_014918.5:c.1764A>T,NP_055733.2:p.Arg588Ser,0.220,14.33,['Unknown%20significance'],175.6,0.65,0.0,0.3,0.3
CHSY1,15,101178034,NM_014918.5:c.1763G>C,NP_055733.2:p.Arg588Thr,0.090,21.0,['Benign'],175.6,0.65,0.0,0.1,0.1
CHSY1,15,101178038,NM_014918.5:c.1759A>T,NP_055733.2:p.Met587Leu,0.199,20.2,['Unknown%20significance'],0.0,0.0,0.0,-1.0,1.0
CHSY1,15,101178038,NM_014918.5:c.1759A>G,NP_055733.2:p.Met587Val,0.194,20.8,['Unknown%20significance'],0.0,0.0,0.0,-0.5,0.5
CHSY1,15,101178042,NM_014918.5:c.1755A>T,NP_055733.2:p.Glu585Asp,0.188,9.241,['Likely%20benign'],126.42,0.64,0.0,0.2,0.2
CHSY1,15,101178044,NM_014918.5:c.1753G>C,NP_055733.2:p.Glu585Gln,0.117,21.7,['Unknown%20significance'],126.42,0.64,0.0,-0.2,0.2
CHSY1,15,101178047,NM_014918.5:c.1750G>A,NP_055733.2:p.Val584Ile,0.045,15.52,['Unknown%20significance'],56.83,0.33,0.0,-0.2,0.2
CHSY1,15,101178050,NM_014918.5:c.1747C>G,NP_055733.2:p.Gln583Glu,0.181,21.3,['Unknown%20significance'],0.0,0.0,0.0,0.8,0.8
CHSY1,15,101178051,NM_014918.5:c.1746A>T,NP_055733.2:p.Lys582Asn,0.078,17.39,['Unknown%20significance'],108.3,0.45,0.0,-0.1,0.1
CHSY1,15,101178052,NM_014918.5:c.1745A>C,NP_055733.2:p.Lys582Thr,0.141,22.9,['Unknown%20significance'],108.3,0.45,0.0,-0.4,0.4
CHSY1,15,101178053,NM_014918.5:c.1744A>G,NP_055733.2:p.Lys582Glu,0.138,22.8,['Unknown%20significance'],108.3,0.45,0.0,-0.1,0.1
CHSY1,15,101178055,NM_014918.5:c.1742C>T,NP_055733.2:p.Ala581Val,0.036,22.3,['Unknown%20significance'],82.35,0.64,0.0,-0.3,0.3
CHSY1,15,101178055,NM_014918.5:c.1742C>A,NP_055733.2:p.Ala581Asp,0.085,21.5,['Unknown%20significance'],82.35,0.64,0.0,0.3,0.3
CHSY1,15,101178058,NM_014918.5:c.1739A>G,NP_055733.2:p.Lys580Arg,0.027,21.6,['Unknown%20significance'],78.31,0.33,0.0,-0.6,0.6
CHSY1,15,101178060,NM_014918.5:c.1737C>G,NP_055733.2:p.Asp579Glu,0.088,19.72,['Unknown%20significance'],11.32,0.07,0.0,-0.1,0.1
CHSY1,15,101178061,NM_014918.5:c.1736A>G,NP_055733.2:p.Asp579Gly,0.200,26.4,['Unknown%20significance'],11.32,0.07,0.0,0.4,0.4
CHSY1,15,101178062,NM_014918.5:c.1735G>C,NP_055733.2:p.Asp579His,0.226,25.7,['Unknown%20significance'],11.32,0.07,0.0,-0.6,0.6
CHSY1,15,101178064,NM_014918.5:c.1733C>T,NP_055733.2:p.Pro578Leu,0.090,22.7,['Unknown%20significance'],110.43,0.7,0.0,-0.1,0.1
CHSY1,15,101178067,NM_014918.5:c.1730A>G,NP_055733.2:p.Asn577Ser,0.072,21.2,['Unknown%20significance'],5.28,0.03,0.0,0.1,0.1
CHSY1,15,101178067,NM_014918.5:c.1730A>C,NP_055733.2:p.Asn577Thr,0.090,22.4,['Unknown%20significance'],5.28,0.03,0.0,-0.5,0.5
CHSY1,15,101178068,NM_014918.5:c.1729A>G,NP_055733.2:p.Asn577Asp,0.076,22.2,['Unknown%20significance'],5.28,0.03,0.0,0.5,0.5
CHSY1,15,101178070,NM_014918.5:c.1727C>A,NP_055733.2:p.Ser576Tyr,0.091,22.6,['Unknown%20significance'],58.12,0.42,0.0,-0.2,0.2
CHSY1,15,101178074,NM_014918.5:c.1723G>T,NP_055733.2:p.Asp575Tyr,0.317,25.2,['Unknown%20significance'],164.61,1.0,0.0,-0.1,0.1
CHSY1,15,101178074,NM_014918.5:c.1723G>A,NP_055733.2:p.Asp575Asn,0.113,22.5,['Unknown%20significance'],164.61,1.0,0.0,-0.0,0.0
CHSY1,15,101178076,NM_014918.5:c.1721C>G,NP_055733.2:p.Ser574Cys,0.274,27.3,['Unknown%20significance'],19.31,0.14,0.0,0.3,0.3
CHSY1,15,101178079,NM_014918.5:c.1718A>T,NP_055733.2:p.Asn573Ile,0.120,22.6,['Unknown%20significance'],74.38,0.46,0.0,-0.2,0.2
CHSY1,15,101178079,NM_014918.5:c.1718A>G,NP_055733.2:p.Asn573Ser,0.052,16.95,['Unknown%20significance'],74.38,0.46,0.0,0.3,0.3
CHSY1,15,101178080,NM_014918.5:c.1717A>G,NP_055733.2:p.Asn573Asp,0.065,20.2,['Unknown%20significance'],74.38,0.46,0.0,0.0,0.0
CHSY1,15,101178081,NM_014918.5:c.1716C>G,NP_055733.2:p.Phe572Leu,0.370,24.3,['Unknown%20significance'],0.0,0.0,0.0,0.7,0.7
CHSY1,15,101178085,NM_014918.5:c.1712T>C,NP_055733.2:p.Leu571Pro,0.735,28.1,['Unknown%20significance'],2.09,0.01,0.0,3.8,3.8
CHSY1,15,101178086,NM_014918.5:c.1711C>T,NP_055733.2:p.Leu571Phe,0.220,25.4,['Unknown%20significance'],2.09,0.01,0.0,0.2,0.2
CHSY1,15,101178092,NM_014918.5:c.1705G>T,NP_055733.2:p.Val569Phe,0.259,21.6,['Unknown%20significance'],0.0,0.0,0.0,1.0,1.0
CHSY1,15,101178092,NM_014918.5:c.1705G>A,NP_055733.2:p.Val569Ile,0.077,7.197,['Likely%20benign'],0.0,0.0,0.0,-0.2,0.2
CHSY1,15,101178095,NM_014918.5:c.1702G>T,NP_055733.2:p.Val568Leu,0.117,15.22,['Unknown%20significance'],0.79,0.0,0.0,0.0,0.0
CHSY1,15,101178095,NM_014918.5:c.1702G>A,NP_055733.2:p.Val568Met,0.154,20.6,['Unknown%20significance'],0.79,0.0,0.0,1.0,1.0
CHSY1,15,101178098,NM_014918.5:c.1699C>G,NP_055733.2:p.Leu567Val,0.309,24.4,['Unknown%20significance'],0.0,0.0,0.0,0.4,0.4
CHSY1,15,101178099,NM_014918.5:c.1698G>C,NP_055733.2:p.Lys566Asn,0.078,22.7,['Unknown%20significance'],19.7,0.08,0.0,-0.1,0.1
CHSY1,15,101178100,NM_014918.5:c.1697A>T,NP_055733.2:p.Lys566Met,0.277,24.1,['Unknown%20significance'],19.7,0.08,0.0,-1.5,1.5
CHSY1,15,101178100,NM_014918.5:c.1697A>G,NP_055733.2:p.Lys566Arg,0.042,18.75,['Unknown%20significance'],19.7,0.08,0.0,-0.9,0.9
CHSY1,15,101178101,NM_014918.5:c.1696A>G,NP_055733.2:p.Lys566Glu,0.153,22.5,['Unknown%20significance'],19.7,0.08,0.0,-0.4,0.4
CHSY1,15,101178104,NM_014918.5:c.1693G>A,NP_055733.2:p.Val565Ile,0.188,21.4,['Unknown%20significance'],6.14,0.03,0.0,-0.2,0.2
CHSY1,15,101178105,NM_014918.5:c.1692C>A,NP_055733.2:p.Asn564Lys,0.131,13.71,['Likely%20benign'],56.11,0.35,0.0,0.2,0.2
CHSY1,15,101178108,NM_014918.5:c.1689G>C,NP_055733.2:p.Gln563His,0.083,22.5,['Unknown%20significance'],31.57,0.15,0.0,-0.1,0.1
CHSY1,15,101178109,NM_014918.5:c.1688A>T,NP_055733.2:p.Gln563Leu,0.089,23.4,['Unknown%20significance'],31.57,0.15,0.0,-0.3,0.3
CHSY1,15,101178110,NM_014918.5:c.1687C>G,NP_055733.2:p.Gln563Glu,0.183,21.1,['Unknown%20significance'],31.57,0.15,0.0,0.4,0.4
CHSY1,15,101178112,NM_014918.5:c.1685A>G,NP_055733.2:p.Asn562Ser,0.060,13.50,['Likely%20benign'],136.81,0.85,0.0,0.0,0.0
CHSY1,15,101178113,NM_014918.5:c.1684A>T,NP_055733.2:p.Asn562Tyr,0.303,23.6,['Unknown%20significance'],136.81,0.85,0.0,-0.1,0.1
CHSY1,15,101178113,NM_014918.5:c.1684A>C,NP_055733.2:p.Asn562His,0.161,22.3,['Unknown%20significance'],136.81,0.85,0.0,-0.0,0.0
CHSY1,15,101178115,NM_014918.5:c.1682C>G,NP_055733.2:p.Pro561Arg,0.241,21.8,['Unknown%20significance'],76.58,0.48,0.0,-0.4,0.4
CHSY1,15,101178116,NM_014918.5:c.1681C>T,NP_055733.2:p.Pro561Ser,0.179,22.3,['Unknown%20significance'],76.58,0.48,0.0,-0.0,0.0
CHSY1,15,101178116,NM_014918.5:c.1681C>A,NP_055733.2:p.Pro561Thr,0.161,22.2,['Unknown%20significance'],76.58,0.48,0.0,-0.2,0.2
CHSY1,15,101178117,NM_014918.5:c.1680C>G,NP_055733.2:p.Ile560Met,0.222,15.60,['Unknown%20significance'],122.46,0.62,0.0,0.0,0.0
CHSY1,15,101178122,NM_014918.5:c.1675C>G,NP_055733.2:p.Leu559Val,0.268,25.1,['Unknown%20significance'],9.3,0.04,0.0,0.3,0.3
CHSY1,15,101178124,NM_014918.5:c.1673G>T,NP_055733.2:p.Cys558Phe,0.560,25.6,['Unknown%20significance'],0.0,0.0,0.0,-0.8,0.8
CHSY1,15,101178124,NM_014918.5:c.1673G>A,NP_055733.2:p.Cys558Tyr,0.620,25.8,['Unknown%20significance'],0.0,0.0,0.0,-1.0,1.0
CHSY1,15,101178125,NM_014918.5:c.1672T>G,NP_055733.2:p.Cys558Gly,0.690,27.0,['Unknown%20significance'],0.0,0.0,0.0,2.0,2.0
CHSY1,15,101178127,NM_014918.5:c.1670C>T,NP_055733.2:p.Thr557Met,0.087,21.1,['Unknown%20significance'],8.45,0.05,0.0,-0.9,0.9
CHSY1,15,101178128,NM_014918.5:c.1669A>G,NP_055733.2:p.Thr557Ala,0.053,22.3,['Unknown%20significance'],8.45,0.05,0.0,0.2,0.2
CHSY1,15,101178129,NM_014918.5:c.1668G>T,NP_055733.2:p.Lys556Asn,0.074,19.45,['Unknown%20significance'],164.43,0.69,0.0,-0.1,0.1
CHSY1,15,101178130,NM_014918.5:c.1667A>G,NP_055733.2:p.Lys556Arg,0.067,21.4,['Unknown%20significance'],164.43,0.69,0.0,-0.3,0.3
CHSY1,15,101178135,NM_014918.5:c.1662T>G,NP_055733.2:p.Phe554Leu,0.205,12.56,['Likely%20benign'],0.0,0.0,0.0,-0.1,0.1
CHSY1,15,101178137,NM_014918.5:c.1660T>C,NP_055733.2:p.Phe554Leu,0.281,23.2,['Unknown%20significance'],0.0,0.0,0.0,-0.1,0.1
CHSY1,15,101178139,NM_014918.5:c.1658A>G,NP_055733.2:p.Asn553Ser,0.238,23.4,['Unknown%20significance'],10.9,0.06,0.0,-0.3,0.3
CHSY1,15,101178140,NM_014918.5:c.1657A>G,NP_055733.2:p.Asn553Asp,0.280,23.9,['Unknown%20significance'],10.9,0.06,0.0,0.6,0.6
CHSY1,15,101178144,NM_014918.5:c.1653G>A,NP_055733.2:p.Met551Ile,0.258,25.2,['Unknown%20significance'],0.0,0.0,0.0,-1.0,1.0
CHSY1,15,101178145,NM_014918.5:c.1652T>C,NP_055733.2:p.Met551Thr,0.709,25.3,['Unknown%20significance'],0.0,0.0,0.0,1.7,1.7
CHSY1,15,101178146,NM_014918.5:c.1651A>G,NP_055733.2:p.Met551Val,0.403,24.9,['Unknown%20significance'],0.0,0.0,0.0,-0.4,0.4
CHSY1,15,101178148,NM_014918.5:c.1649T>G,NP_055733.2:p.Phe550Cys,0.845,28.6,['Unknown%20significance'],0.0,0.0,0.0,1.5,1.5
CHSY1,15,101178148,NM_014918.5:c.1649T>A,NP_055733.2:p.Phe550Tyr,0.618,26.9,['Unknown%20significance'],0.0,0.0,0.0,0.4,0.4
CHSY1,15,101178151,NM_014918.5:c.1646G>C,NP_055733.2:p.Arg549Thr,0.478,24.8,['Unknown%20significance'],66.62,0.24,0.0,0.5,0.5
CHSY1,15,101178154,NM_014918.5:c.1643T>G,NP_055733.2:p.Val548Gly,0.109,14.64,['Unknown%20significance'],67.74,0.39,0.0,1.5,1.5
CHSY1,15,101178155,NM_014918.5:c.1642G>A,NP_055733.2:p.Val548Met,0.034,19.91,['Unknown%20significance'],67.74,0.39,0.0,0.1,0.1
CHSY1,15,101178161,NM_014918.5:c.1636A>G,NP_055733.2:p.Met546Val,0.146,18.59,['Unknown%20significance'],18.93,0.08,0.0,0.1,0.1
CHSY1,15,101178164,NM_014918.5:c.1633G>T,NP_055733.2:p.Asp545Tyr,0.432,25.8,['Unknown%20significance'],125.51,0.78,0.0,-0.3,0.3
CHSY1,15,101178164,NM_014918.5:c.1633G>C,NP_055733.2:p.Asp545His,0.271,25.6,['Unknown%20significance'],125.51,0.78,0.0,-0.2,0.2
CHSY1,15,101178164,NM_014918.5:c.1633G>A,NP_055733.2:p.Asp545Asn,0.175,23.7,['Unknown%20significance'],125.51,0.78,0.0,-0.0,0.0
CHSY1,15,101178166,NM_014918.5:c.1631T>G,NP_055733.2:p.Phe544Cys,0.252,27.4,['Unknown%20significance'],52.71,0.22,0.0,0.9,0.9
CHSY1,15,101178166,NM_014918.5:c.1631T>C,NP_055733.2:p.Phe544Ser,0.237,23.2,['Unknown%20significance'],52.71,0.22,0.0,0.8,0.8
CHSY1,15,101178169,NM_014918.5:c.1628G>A,NP_055733.2:p.Arg543His,0.722,27.1,['Unknown%20significance'],58.89,0.21,0.0,0.4,0.4
CHSY1,15,101178170,NM_014918.5:c.1627C>T,NP_055733.2:p.Arg543Cys,0.768,32,['Unknown%20significance'],58.89,0.21,0.0,1.3,1.3
CHSY1,15,101178175,NM_014918.5:c.1622C>T,NP_055733.2:p.Ser541Phe,0.454,28.1,['Unknown%20significance'],11.76,0.08,0.0,-2.1,2.1
CHSY1,15,101178175,NM_014918.5:c.1622C>G,NP_055733.2:p.Ser541Cys,0.383,27.6,['Unknown%20significance'],11.76,0.08,0.0,-0.4,0.4
CHSY1,15,101178176,NM_014918.5:c.1621T>C,NP_055733.2:p.Ser541Pro,0.350,26.6,['Unknown%20significance'],11.76,0.08,0.0,0.3,0.3
CHSY1,15,101178178,NM_014918.5:c.1619T>C,NP_055733.2:p.Leu540Ser,0.673,27.8,['Unknown%20significance'],0.0,0.0,0.0,2.9,2.9
CHSY1,15,101178181,NM_014918.5:c.1616C>G,NP_055733.2:p.Pro539Arg,0.745,27.2,['Pathogenic'],0.0,0.0,0.0,1.0,1.0
CHSY1,15,101178182,NM_014918.5:c.1615C>T,NP_055733.2:p.Pro539Ser,0.735,26.2,['Unknown%20significance'],0.0,0.0,0.0,1.6,1.6
CHSY1,15,101178182,NM_014918.5:c.1615C>G,NP_055733.2:p.Pro539Ala,0.680,25.4,['Unknown%20significance'],0.0,0.0,0.0,0.3,0.3
CHSY1,15,101178182,NM_014918.5:c.1615C>A,NP_055733.2:p.Pro539Thr,0.802,25.9,['Unknown%20significance'],0.0,0.0,0.0,0.7,0.7
CHSY1,15,101178185,NM_014918.5:c.1612A>T,NP_055733.2:p.Ile538Phe,0.328,24.3,['Unknown%20significance'],0.0,0.0,0.0,1.3,1.3
CHSY1,15,101178185,NM_014918.5:c.1612A>G,NP_055733.2:p.Ile538Val,0.080,14.05,['Unknown%20significance'],0.0,0.0,0.0,0.4,0.4
CHSY1,15,101178187,NM_014918.5:c.1610T>C,NP_055733.2:p.Leu537Pro,0.746,28.0,['Unknown%20significance'],0.0,0.0,0.0,4.4,4.4
CHSY1,15,101178188,NM_014918.5:c.1609C>G,NP_055733.2:p.Leu537Val,0.197,10.19,['Likely%20benign'],0.0,0.0,0.0,-0.3,0.3
CHSY1,15,101178190,NM_014918.5:c.1607T>C,NP_055733.2:p.Ile536Thr,0.506,26.0,['Unknown%20significance'],0.0,0.0,0.0,4.0,4.0
CHSY1,15,101178191,NM_014918.5:c.1606A>T,NP_055733.2:p.Ile536Leu,0.167,20.8,['Unknown%20significance'],0.0,0.0,0.0,0.8,0.8
CHSY1,15,101178191,NM_014918.5:c.1606A>G,NP_055733.2:p.Ile536Val,0.157,18.73,['Unknown%20significance'],0.0,0.0,0.0,0.3,0.3
CHSY1,15,101178193,NM_014918.5:c.1604A>T,NP_055733.2:p.Asn535Ile,0.347,26.2,['Unknown%20significance'],0.0,0.0,0.0,-2.4,2.4
CHSY1,15,101178195,NM_014918.5:c.1602A>G,NP_055733.2:p.Ile534Met,0.411,22.4,['Unknown%20significance'],0.0,0.0,0.0,1.6,1.6
CHSY1,15,101178197,NM_014918.5:c.1600A>T,NP_055733.2:p.Ile534Leu,0.155,22.9,['Unknown%20significance'],0.0,0.0,0.0,0.7,0.7
CHSY1,15,101178197,NM_014918.5:c.1600A>G,NP_055733.2:p.Ile534Val,0.061,18.26,['Unknown%20significance'],0.0,0.0,0.0,0.3,0.3
CHSY1,15,101178198,NM_014918.5:c.1599G>T,NP_055733.2:p.Lys533Asn,0.123,22.7,['Unknown%20significance'],76.78,0.32,0.0,-0.0,0.0
CHSY1,15,101178200,NM_014918.5:c.1597A>G,NP_055733.2:p.Lys533Glu,0.247,26.8,['Unknown%20significance'],76.78,0.32,0.0,-0.0,0.0
CHSY1,15,101178200,NM_014918.5:c.1597A>C,NP_055733.2:p.Lys533Gln,0.194,24.5,['Unknown%20significance'],76.78,0.32,0.0,-0.4,0.4
CHSY1,15,101178204,NM_014918.5:c.1593T>G,NP_055733.2:p.Asp531Glu,0.089,0.827,['Likely%20benign'],59.08,0.36,0.0,-0.2,0.2
CHSY1,15,101178204,NM_014918.5:c.1593T>A,NP_055733.2:p.Asp531Glu,0.089,0.775,['Likely%20benign'],59.08,0.36,0.0,-0.2,0.2
CHSY1,15,101178206,NM_014918.5:c.1591G>T,NP_055733.2:p.Asp531Tyr,0.159,25.3,['Unknown%20significance'],59.08,0.36,0.0,-0.9,0.9
CHSY1,15,101178206,NM_014918.5:c.1591G>C,NP_055733.2:p.Asp531His,0.117,25.2,['Unknown%20significance'],59.08,0.36,0.0,-0.4,0.4
CHSY1,15,101178208,NM_014918.5:c.1589A>G,NP_055733.2:p.Lys530Arg,0.072,17.91,['Unknown%20significance'],216.55,0.91,0.0,-0.1,0.1
CHSY1,15,101178217,NM_014918.5:c.1580A>G,NP_055733.2:p.Lys527Arg,0.027,15.05,['Unknown%20significance'],179.81,0.75,0.0,-0.2,0.2
CHSY1,15,101178218,NM_014918.5:c.1579A>G,NP_055733.2:p.Lys527Glu,0.058,18.45,['Unknown%20significance'],179.81,0.75,0.0,0.0,0.0
CHSY1,15,101178219,NM_014918.5:c.1578C>G,NP_055733.2:p.His526Gln,0.037,15.31,['Unknown%20significance'],191.81,0.93,0.0,0.0,0.0
CHSY1,15,101178221,NM_014918.5:c.1576C>A,NP_055733.2:p.His526Asn,0.055,17.17,['Unknown%20significance'],191.81,0.93,0.0,0.0,0.0
CHSY1,15,101178228,NM_014918.5:c.1569G>T,NP_055733.2:p.Lys523Asn,0.024,2.064,['Likely%20benign'],221.29,0.93,0.0,-0.0,0.0
CHSY1,15,101178230,NM_014918.5:c.1567A>G,NP_055733.2:p.Lys523Glu,0.087,8.293,['Likely%20benign'],221.29,0.93,0.0,-0.0,0.0
CHSY1,15,101178232,NM_014918.5:c.1565C>T,NP_055733.2:p.Ser522Leu,0.191,19.95,['Unknown%20significance'],107.52,0.77,0.0,-0.1,0.1
CHSY1,15,101178232,NM_014918.5:c.1565C>G,NP_055733.2:p.Ser522Trp,0.210,21.0,['Unknown%20significance'],107.52,0.77,0.0,-0.2,0.2
CHSY1,15,101178235,NM_014918.5:c.1562G>C,NP_055733.2:p.Gly521Ala,0.061,12.78,['Unknown%20significance'],82.25,0.86,0.0,-0.1,0.1
CHSY1,15,101178236,NM_014918.5:c.1561G>C,NP_055733.2:p.Gly521Arg,0.080,15.57,['Unknown%20significance'],82.25,0.86,0.0,-0.2,0.2
CHSY1,15,101178238,NM_014918.5:c.1559C>G,NP_055733.2:p.Pro520Arg,0.123,22.8,['Unknown%20significance'],114.34,0.72,0.0,-0.2,0.2
CHSY1,15,101178238,NM_014918.5:c.1559C>A,NP_055733.2:p.Pro520His,0.170,22.9,['Unknown%20significance'],114.34,0.72,0.0,-0.2,0.2
CHSY1,15,101178241,NM_014918.5:c.1556T>A,NP_055733.2:p.Leu519His,0.197,21.6,['Unknown%20significance'],92.89,0.48,0.0,0.6,0.6
CHSY1,15,101178242,NM_014918.5:c.1555C>G,NP_055733.2:p.Leu519Val,0.135,22.9,['Unknown%20significance'],92.89,0.48,0.0,0.1,0.1
CHSY1,15,101178242,NM_014918.5:c.1555C>A,NP_055733.2:p.Leu519Ile,0.144,23.3,['Likely%20benign'],92.89,0.48,0.0,0.1,0.1
CHSY1,15,101178245,NM_014918.5:c.1552C>G,NP_055733.2:p.Gln518Glu,0.105,16.90,['Unknown%20significance'],161.77,0.81,0.0,0.2,0.2
CHSY1,15,101178246,NM_014918.5:c.1551T>G,NP_055733.2:p.Phe517Leu,0.198,18.51,['Likely%20benign'],137.46,0.59,0.0,0.3,0.3
CHSY1,15,101178248,NM_014918.5:c.1549T>C,NP_055733.2:p.Phe517Leu,0.178,22.7,['Unknown%20significance'],137.46,0.59,0.0,0.3,0.3
CHSY1,15,101178250,NM_014918.5:c.1547C>G,NP_055733.2:p.Pro516Arg,0.249,23.5,['Unknown%20significance'],124.56,0.79,0.0,0.4,0.4
CHSY1,15,101178251,NM_014918.5:c.1546C>T,NP_055733.2:p.Pro516Ser,0.099,12.94,['Likely%20benign'],124.56,0.79,0.0,0.5,0.5
CHSY1,15,101178251,NM_014918.5:c.1546C>G,NP_055733.2:p.Pro516Ala,0.103,14.70,['Likely%20benign'],124.56,0.79,0.0,0.3,0.3
CHSY1,15,101178253,NM_014918.5:c.1544T>C,NP_055733.2:p.Val515Ala,0.222,20.2,['Unknown%20significance'],103.96,0.6,0.0,0.5,0.5
CHSY1,15,101178254,NM_014918.5:c.1543G>A,NP_055733.2:p.Val515Ile,0.143,22.1,['Unknown%20significance'],103.96,0.6,0.0,0.0,0.0
CHSY1,15,101178257,NM_014918.5:c.1540C>G,NP_055733.2:p.Leu514Val,0.146,20.5,['Unknown%20significance'],145.85,0.75,0.0,0.1,0.1
CHSY1,15,101178259,NM_014918.5:c.1538A>G,NP_055733.2:p.Lys513Arg,0.058,17.36,['Unknown%20significance'],191.0,0.8,0.0,-0.2,0.2
CHSY1,15,101178263,NM_014918.5:c.1534A>C,NP_055733.2:p.Lys512Gln,0.075,21.0,['Unknown%20significance'],130.98,0.55,0.0,-0.3,0.3
CHSY1,15,101178265,NM_014918.5:c.1532T>C,NP_055733.2:p.Leu511Pro,0.400,27.4,['Unknown%20significance'],82.03,0.42,0.0,1.6,1.6
CHSY1,15,101178268,NM_014918.5:c.1529C>A,NP_055733.2:p.Ser510Tyr,0.373,24.2,['Unknown%20significance'],32.49,0.23,0.0,-1.1,1.1
CHSY1,15,101178269,NM_014918.5:c.1528T>C,NP_055733.2:p.Ser510Pro,0.375,26.4,['Unknown%20significance'],32.49,0.23,0.0,0.2,0.2
CHSY1,15,101178269,NM_014918.5:c.1528T>A,NP_055733.2:p.Ser510Thr,0.107,22.0,['Unknown%20significance'],32.49,0.23,0.0,-0.4,0.4
CHSY1,15,101178272,NM_014918.5:c.1525A>G,NP_055733.2:p.Asn509Asp,0.112,18.45,['Unknown%20significance'],63.36,0.39,0.0,0.3,0.3
CHSY1,15,101178274,NM_014918.5:c.1523C>T,NP_055733.2:p.Ser508Leu,0.351,24.3,['Unknown%20significance'],0.32,0.0,0.0,-1.1,1.1
CHSY1,15,101178278,NM_014918.5:c.1519C>G,NP_055733.2:p.Leu507Val,0.098,22.6,['Unknown%20significance'],109.63,0.56,0.0,0.1,0.1
CHSY1,15,101178280,NM_014918.5:c.1517T>G,NP_055733.2:p.Phe506Cys,0.486,25.8,['Unknown%20significance'],151.71,0.66,0.0,0.8,0.8
CHSY1,15,101178281,NM_014918.5:c.1516T>C,NP_055733.2:p.Phe506Leu,0.148,21.8,['Unknown%20significance'],151.71,0.66,0.0,0.3,0.3
CHSY1,15,101178283,NM_014918.5:c.1514C>T,NP_055733.2:p.Ser505Phe,0.314,24.8,['Unknown%20significance'],56.44,0.4,0.0,-0.7,0.7
CHSY1,15,101178289,NM_014918.5:c.1508C>G,NP_055733.2:p.Ser503Cys,0.306,25.0,['Unknown%20significance'],112.37,0.81,0.0,0.1,0.1
CHSY1,15,101178290,NM_014918.5:c.1507T>G,NP_055733.2:p.Ser503Ala,0.130,20.5,['Unknown%20significance'],112.37,0.81,0.0,0.0,0.0
CHSY1,15,101178292,NM_014918.5:c.1505G>T,NP_055733.2:p.Gly502Val,0.143,16.63,['Unknown%20significance'],85.89,0.9,0.0,-0.1,0.1
CHSY1,15,101178295,NM_014918.5:c.1502C>T,NP_055733.2:p.Ser501Phe,0.262,21.4,['Unknown%20significance'],38.97,0.28,0.0,-0.5,0.5
CHSY1,15,101178300,NM_014918.5:c.1497G>C,NP_055733.2:p.Gln499His,0.141,14.50,['Unknown%20significance'],138.96,0.7,0.0,-0.0,0.0
CHSY1,15,101178301,NM_014918.5:c.1496A>G,NP_055733.2:p.Gln499Arg,0.079,13.47,['Unknown%20significance'],138.96,0.7,0.0,-0.1,0.1
CHSY1,15,101178302,NM_014918.5:c.1495C>G,NP_055733.2:p.Gln499Glu,0.124,15.70,['Unknown%20significance'],138.96,0.7,0.0,0.2,0.2
CHSY1,15,101178304,NM_014918.5:c.1493A>G,NP_055733.2:p.Asn498Ser,0.169,22.0,['Unknown%20significance'],96.19,0.6,0.0,0.1,0.1
CHSY1,15,101178304,NM_014918.5:c.1493A>C,NP_055733.2:p.Asn498Thr,0.188,22.8,['Unknown%20significance'],96.19,0.6,0.0,-0.1,0.1
CHSY1,15,101178305,NM_014918.5:c.1492A>T,NP_055733.2:p.Asn498Tyr,0.353,23.2,['Unknown%20significance'],96.19,0.6,0.0,-0.4,0.4
CHSY1,15,101178305,NM_014918.5:c.1492A>G,NP_055733.2:p.Asn498Asp,0.190,23.0,['Unknown%20significance'],96.19,0.6,0.0,0.2,0.2
CHSY1,15,101178310,NM_014918.5:c.1487G>T,NP_055733.2:p.Arg496Ile,0.049,1.241,['Likely%20benign'],121.11,0.44,0.0,-0.2,0.2
CHSY1,15,101178310,NM_014918.5:c.1487G>A,NP_055733.2:p.Arg496Lys,0.022,0.051,['Likely%20benign'],121.11,0.44,0.0,0.6,0.6
CHSY1,15,101178313,NM_014918.5:c.1484A>G,NP_055733.2:p.Lys495Arg,0.041,6.407,['Unknown%20significance'],146.92,0.62,0.0,-0.4,0.4
CHSY1,15,101178314,NM_014918.5:c.1483A>G,NP_055733.2:p.Lys495Glu,0.046,2.557,['Likely%20benign'],146.92,0.62,0.0,-0.1,0.1
CHSY1,15,101178317,NM_014918.5:c.1480G>T,NP_055733.2:p.Ala494Ser,0.148,14.98,['Unknown%20significance'],43.77,0.34,0.0,0.3,0.3
CHSY1,15,101178322,NM_014918.5:c.1475A>C,NP_055733.2:p.Glu492Ala,0.063,14.37,['Unknown%20significance'],81.32,0.41,0.0,-0.0,0.0
CHSY1,15,101178323,NM_014918.5:c.1474G>C,NP_055733.2:p.Glu492Gln,0.047,15.10,['Unknown%20significance'],81.32,0.41,0.0,-0.2,0.2
CHSY1,15,101178323,NM_014918.5:c.1474G>A,NP_055733.2:p.Glu492Lys,0.098,16.20,['Unknown%20significance'],81.32,0.41,0.0,0.2,0.2
CHSY1,15,101178325,NM_014918.5:c.1472A>G,NP_055733.2:p.Gln491Arg,0.106,0.471,['Unknown%20significance'],100.43,0.5,0.0,-0.3,0.3
CHSY1,15,101178326,NM_014918.5:c.1471C>G,NP_055733.2:p.Gln491Glu,0.024,0.012,['Likely%20benign'],100.43,0.5,0.0,0.3,0.3
CHSY1,15,101178328,NM_014918.5:c.1469C>T,NP_055733.2:p.Ala490Val,0.150,14.09,['Unknown%20significance'],85.26,0.67,0.0,-0.2,0.2
CHSY1,15,101178329,NM_014918.5:c.1468G>T,NP_055733.2:p.Ala490Ser,0.175,9.914,['Unknown%20significance'],85.26,0.67,0.0,0.1,0.1
CHSY1,15,101178332,NM_014918.5:c.1465G>T,NP_055733.2:p.Asp489Tyr,0.234,22.3,['Unknown%20significance'],84.06,0.52,0.0,-0.7,0.7
CHSY1,15,101178332,NM_014918.5:c.1465G>A,NP_055733.2:p.Asp489Asn,0.083,18.15,['Unknown%20significance'],84.06,0.52,0.0,-0.2,0.2
CHSY1,15,101178336,NM_014918.5:c.1461G>C,NP_055733.2:p.Glu487Asp,0.053,1.309,['Likely%20benign'],170.02,0.87,0.0,0.0,0.0
CHSY1,15,101178338,NM_014918.5:c.1459G>A,NP_055733.2:p.Glu487Lys,0.236,19.87,['Unknown%20significance'],170.02,0.87,0.0,-0.0,0.0
CHSY1,15,101178341,NM_014918.5:c.1456G>A,NP_055733.2:p.Glu486Lys,0.127,17.79,['Unknown%20significance'],209.74,1.0,0.0,-0.0,0.0
CHSY1,15,101178343,NM_014918.5:c.1454A>T,NP_055733.2:p.His485Leu,0.187,19.96,['Unknown%20significance'],68.59,0.33,0.0,-0.2,0.2
CHSY1,15,101178343,NM_014918.5:c.1454A>G,NP_055733.2:p.His485Arg,0.070,17.63,['Unknown%20significance'],68.59,0.33,0.0,-0.1,0.1
CHSY1,15,101178344,NM_014918.5:c.1453C>T,NP_055733.2:p.His485Tyr,0.170,22.7,['Unknown%20significance'],68.59,0.33,0.0,-0.4,0.4
CHSY1,15,101178344,NM_014918.5:c.1453C>G,NP_055733.2:p.His485Asp,0.137,18.61,['Unknown%20significance'],68.59,0.33,0.0,0.5,0.5
CHSY1,15,101178346,NM_014918.5:c.1451A>T,NP_055733.2:p.Glu484Val,0.621,26.5,['Unknown%20significance'],180.88,0.92,0.0,-0.0,0.0
CHSY1,15,101178346,NM_014918.5:c.1451A>G,NP_055733.2:p.Glu484Gly,0.607,27.0,['Unknown%20significance'],180.88,0.92,0.0,0.2,0.2
CHSY1,15,101178346,NM_014918.5:c.1451A>C,NP_055733.2:p.Glu484Ala,0.427,25.7,['Unknown%20significance'],180.88,0.92,0.0,0.0,0.0
CHSY1,15,101178352,NM_014918.5:c.1445T>C,NP_055733.2:p.Phe482Ser,0.402,24.9,['Unknown%20significance'],186.59,0.81,0.0,0.5,0.5
CHSY1,15,101178353,NM_014918.5:c.1444T>A,NP_055733.2:p.Phe482Ile,0.114,22.6,['Unknown%20significance'],186.59,0.81,0.0,-0.1,0.1
CHSY1,15,101178355,NM_014918.5:c.1442A>G,NP_055733.2:p.Gln481Arg,0.192,21.6,['Unknown%20significance'],163.58,0.82,0.0,0.0,0.0
CHSY1,15,101178357,NM_014918.5:c.1440C>G,NP_055733.2:p.Ile480Met,0.149,22.4,['Unknown%20significance'],98.3,0.5,0.0,0.3,0.3
CHSY1,15,101178358,NM_014918.5:c.1439T>C,NP_055733.2:p.Ile480Thr,0.071,20.4,['Unknown%20significance'],98.3,0.5,0.0,0.7,0.7
CHSY1,15,101178361,NM_014918.5:c.1436A>C,NP_055733.2:p.Lys479Thr,0.097,17.48,['Unknown%20significance'],116.98,0.49,0.0,-0.1,0.1
CHSY1,15,101178364,NM_014918.5:c.1433G>C,NP_055733.2:p.Ser478Thr,0.172,19.61,['Unknown%20significance'],35.28,0.25,0.0,-0.3,0.3
CHSY1,15,101178365,NM_014918.5:c.1432A>T,NP_055733.2:p.Ser478Cys,0.392,26.6,['Unknown%20significance'],35.28,0.25,0.0,0.0,0.0
CHSY1,15,101178367,NM_014918.5:c.1430T>G,NP_055733.2:p.Phe477Cys,0.585,28.8,['Unknown%20significance'],63.34,0.27,0.0,2.2,2.2
CHSY1,15,101178367,NM_014918.5:c.1430T>A,NP_055733.2:p.Phe477Tyr,0.341,27.0,['Unknown%20significance'],63.34,0.27,0.0,0.4,0.4
CHSY1,15,101178370,NM_014918.5:c.1427C>T,NP_055733.2:p.Thr476Ile,0.234,21.0,['Unknown%20significance'],14.19,0.09,0.0,-0.6,0.6
CHSY1,15,101178371,NM_014918.5:c.1426A>G,NP_055733.2:p.Thr476Ala,0.068,20.6,['Unknown%20significance'],14.19,0.09,0.0,0.2,0.2
CHSY1,15,101178371,NM_014918.5:c.1426A>C,NP_055733.2:p.Thr476Pro,0.236,22.2,['Unknown%20significance'],14.19,0.09,0.0,-0.0,0.0
CHSY1,15,101178372,NM_014918.5:c.1425G>C,NP_055733.2:p.Gln475His,0.397,25.0,['Unknown%20significance'],74.35,0.37,0.0,0.0,0.0
CHSY1,15,101178373,NM_014918.5:c.1424A>G,NP_055733.2:p.Gln475Arg,0.334,23.6,['Unknown%20significance'],74.35,0.37,0.0,-0.2,0.2
CHSY1,15,101178378,NM_014918.5:c.1419A>T,NP_055733.2:p.Leu473Phe,0.339,17.66,['Unknown%20significance'],40.42,0.2,0.0,0.7,0.7
CHSY1,15,101178380,NM_014918.5:c.1417T>G,NP_055733.2:p.Leu473Val,0.294,16.08,['Unknown%20significance'],40.42,0.2,0.0,0.6,0.6
CHSY1,15,101178385,NM_014918.5:c.1412C>T,NP_055733.2:p.Ala471Val,0.334,23.3,['Unknown%20significance'],12.98,0.1,0.0,-1.3,1.3
CHSY1,15,101178386,NM_014918.5:c.1411G>T,NP_055733.2:p.Ala471Ser,0.311,22.9,['Unknown%20significance'],12.98,0.1,0.0,1.0,1.0
CHSY1,15,101178386,NM_014918.5:c.1411G>C,NP_055733.2:p.Ala471Pro,0.643,24.5,['Unknown%20significance'],12.98,0.1,0.0,1.0,1.0
CHSY1,15,101178386,NM_014918.5:c.1411G>A,NP_055733.2:p.Ala471Thr,0.338,24.4,['Unknown%20significance'],12.98,0.1,0.0,0.4,0.4
CHSY1,15,101178388,NM_014918.5:c.1409A>G,NP_055733.2:p.His470Arg,0.546,24.7,['Unknown%20significance'],77.91,0.37,0.0,0.5,0.5
CHSY1,15,101178391,NM_014918.5:c.1406G>A,NP_055733.2:p.Arg469Lys,0.300,24.9,['Unknown%20significance'],103.23,0.38,0.0,0.9,0.9
CHSY1,15,101178394,NM_014918.5:c.1403G>T,NP_055733.2:p.Arg468Met,0.573,25.5,['Unknown%20significance'],135.78,0.5,0.0,0.2,0.2
CHSY1,15,101178394,NM_014918.5:c.1403G>C,NP_055733.2:p.Arg468Thr,0.557,25.1,['Unknown%20significance'],135.78,0.5,0.0,0.5,0.5
CHSY1,15,101178394,NM_014918.5:c.1403G>A,NP_055733.2:p.Arg468Lys,0.398,25.1,['Unknown%20significance'],135.78,0.5,0.0,0.7,0.7
CHSY1,15,101178397,NM_014918.5:c.1400T>A,NP_055733.2:p.Val467Glu,0.629,26.5,['Unknown%20significance'],54.1,0.31,0.0,2.2,2.2
CHSY1,15,101178398,NM_014918.5:c.1399G>A,NP_055733.2:p.Val467Met,0.396,25.2,['Unknown%20significance'],54.1,0.31,0.0,1.0,1.0
CHSY1,15,101178400,NM_014918.5:c.1397C>T,NP_055733.2:p.Pro466Leu,0.569,26.9,['Unknown%20significance'],81.92,0.52,0.0,-0.5,0.5
CHSY1,15,101178401,NM_014918.5:c.1396C>G,NP_055733.2:p.Pro466Ala,0.413,24.9,['Unknown%20significance'],81.92,0.52,0.0,-0.0,0.0
CHSY1,15,101178401,NM_014918.5:c.1396C>A,NP_055733.2:p.Pro466Thr,0.540,25.3,['Unknown%20significance'],81.92,0.52,0.0,-0.0,0.0
CHSY1,15,101178406,NM_014918.5:c.1391C>T,NP_055733.2:p.Thr464Met,0.510,26.8,['Unknown%20significance'],82.36,0.52,0.0,0.0,0.0
CHSY1,15,101178408,NM_014918.5:c.1389G>T,NP_055733.2:p.Met463Ile,0.148,20.9,['Unknown%20significance'],74.06,0.34,0.0,0.1,0.1
CHSY1,15,101178408,NM_014918.5:c.1389G>A,NP_055733.2:p.Met463Ile,0.148,21.4,['Unknown%20significance'],74.06,0.34,0.0,0.1,0.1
CHSY1,15,101178409,NM_014918.5:c.1388T>C,NP_055733.2:p.Met463Thr,0.156,23.3,['Unknown%20significance'],74.06,0.34,0.0,0.6,0.6
CHSY1,15,101178410,NM_014918.5:c.1387A>G,NP_055733.2:p.Met463Val,0.061,15.74,['Unknown%20significance'],74.06,0.34,0.0,0.2,0.2
CHSY1,15,101178411,NM_014918.5:c.1386A>C,NP_055733.2:p.Lys462Asn,0.197,22.9,['Unknown%20significance'],127.04,0.53,0.0,-0.1,0.1
CHSY1,15,101178418,NM_014918.5:c.1379G>T,NP_055733.2:p.Gly460Val,0.580,25.3,['Unknown%20significance'],74.76,0.78,0.0,0.2,0.2
CHSY1,15,101178418,NM_014918.5:c.1379G>A,NP_055733.2:p.Gly460Glu,0.552,25.5,['Unknown%20significance'],74.76,0.78,0.0,0.1,0.1
CHSY1,15,101178419,NM_014918.5:c.1378G>A,NP_055733.2:p.Gly460Arg,0.535,26.1,['Unknown%20significance'],74.76,0.78,0.0,0.1,0.1
CHSY1,15,101178420,NM_014918.5:c.1377A>C,NP_055733.2:p.Lys459Asn,0.185,22.2,['Unknown%20significance'],169.95,0.71,0.0,-0.1,0.1
CHSY1,15,101178421,NM_014918.5:c.1376A>G,NP_055733.2:p.Lys459Arg,0.161,22.1,['Unknown%20significance'],169.95,0.71,0.0,-0.4,0.4
CHSY1,15,101178423,NM_014918.5:c.1374C>A,NP_055733.2:p.His458Gln,0.192,24.6,['Unknown%20significance'],21.98,0.1,0.0,0.3,0.3
CHSY1,15,101178426,NM_014918.5:c.1371G>T,NP_055733.2:p.Lys457Asn,0.194,23.0,['Unknown%20significance'],68.48,0.28,0.0,-0.3,0.3
CHSY1,15,101178427,NM_014918.5:c.1370A>G,NP_055733.2:p.Lys457Arg,0.043,16.18,['Unknown%20significance'],68.48,0.28,0.0,-0.8,0.8
CHSY1,15,101178430,NM_014918.5:c.1367A>G,NP_055733.2:p.Lys456Arg,0.132,22.9,['Unknown%20significance'],55.54,0.23,0.0,-0.9,0.9
CHSY1,15,101178431,NM_014918.5:c.1366A>G,NP_055733.2:p.Lys456Glu,0.337,26.6,['Unknown%20significance'],55.54,0.23,0.0,-0.1,0.1
CHSY1,15,101178434,NM_014918.5:c.1363T>C,NP_055733.2:p.Tyr455His,0.355,27.1,['Unknown%20significance'],36.94,0.15,0.0,1.9,1.9
CHSY1,15,101178443,NM_014918.5:c.1354C>G,NP_055733.2:p.Leu452Val,0.250,23.9,['Unknown%20significance'],20.31,0.1,0.0,0.8,0.8
CHSY1,15,101178447,NM_014918.5:c.1350C>G,NP_055733.2:p.Asp450Glu,0.366,23.4,['Unknown%20significance'],0.0,0.0,0.0,0.1,0.1
CHSY1,15,101178449,NM_014918.5:c.1348G>A,NP_055733.2:p.Asp450Asn,0.483,26.4,['Unknown%20significance'],0.0,0.0,0.0,0.2,0.2
CHSY1,15,101178455,NM_014918.5:c.1342A>T,NP_055733.2:p.Ile448Phe,0.221,25.1,['Unknown%20significance'],23.78,0.12,0.0,0.7,0.7
CHSY1,15,101178455,NM_014918.5:c.1342A>C,NP_055733.2:p.Ile448Leu,0.097,23.2,['Unknown%20significance'],23.78,0.12,0.0,0.6,0.6
CHSY1,15,101178458,NM_014918.5:c.1339T>C,NP_055733.2:p.Tyr447His,0.712,27.0,['Unknown%20significance'],12.28,0.05,0.0,2.5,2.5
CHSY1,15,101178463,NM_014918.5:c.1334C>T,NP_055733.2:p.Ala445Val,0.205,21.6,['Unknown%20significance'],6.67,0.05,0.0,-1.2,1.2
CHSY1,15,101178464,NM_014918.5:c.1333G>C,NP_055733.2:p.Ala445Pro,0.496,22.3,['Unknown%20significance'],6.67,0.05,0.0,0.6,0.6
CHSY1,15,101178464,NM_014918.5:c.1333G>A,NP_055733.2:p.Ala445Thr,0.176,22.0,['Unknown%20significance'],6.67,0.05,0.0,-0.4,0.4
CHSY1,15,101178466,NM_014918.5:c.1331G>A,NP_055733.2:p.Gly444Glu,0.830,24.6,['Unknown%20significance'],0.0,0.0,0.0,1.6,1.6
CHSY1,15,101178469,NM_014918.5:c.1328A>G,NP_055733.2:p.Tyr443Cys,0.313,23.2,['Unknown%20significance'],53.61,0.22,0.0,1.7,1.7
CHSY1,15,101178470,NM_014918.5:c.1327T>C,NP_055733.2:p.Tyr443His,0.175,19.67,['Unknown%20significance'],53.61,0.22,0.0,0.8,0.8
CHSY1,15,101178470,NM_014918.5:c.1327T>A,NP_055733.2:p.Tyr443Asn,0.384,25.2,['Unknown%20significance'],53.61,0.22,0.0,1.7,1.7
CHSY1,15,101178471,NM_014918.5:c.1326G>A,NP_055733.2:p.Met442Ile,0.084,18.08,['Unknown%20significance'],124.33,0.57,0.0,0.0,0.0
CHSY1,15,101178472,NM_014918.5:c.1325T>G,NP_055733.2:p.Met442Arg,0.224,22.6,['Unknown%20significance'],124.33,0.57,0.0,0.1,0.1
CHSY1,15,101178472,NM_014918.5:c.1325T>C,NP_055733.2:p.Met442Thr,0.075,18.12,['Benign'],124.33,0.57,0.0,0.1,0.1
CHSY1,15,101178473,NM_014918.5:c.1324A>T,NP_055733.2:p.Met442Leu,0.051,12.23,['Unknown%20significance'],124.33,0.57,0.0,-0.0,0.0
CHSY1,15,101178473,NM_014918.5:c.1324A>G,NP_055733.2:p.Met442Val,0.084,19.20,['Unknown%20significance'],124.33,0.57,0.0,0.1,0.1
CHSY1,15,101178473,NM_014918.5:c.1324A>C,NP_055733.2:p.Met442Leu,0.051,12.39,['Unknown%20significance'],124.33,0.57,0.0,-0.0,0.0
CHSY1,15,101178475,NM_014918.5:c.1322C>T,NP_055733.2:p.Pro441Leu,0.688,27.0,['Unknown%20significance'],102.33,0.65,0.0,0.3,0.3
CHSY1,15,101178475,NM_014918.5:c.1322C>G,NP_055733.2:p.Pro441Arg,0.697,26.3,['Unknown%20significance'],102.33,0.65,0.0,0.4,0.4
CHSY1,15,101178481,NM_014918.5:c.1316T>G,NP_055733.2:p.Val439Gly,0.628,25.5,['Unknown%20significance'],70.89,0.41,0.0,1.4,1.4
CHSY1,15,101178482,NM_014918.5:c.1315G>A,NP_055733.2:p.Val439Met,0.366,24.9,['Unknown%20significance'],70.89,0.41,0.0,0.1,0.1
CHSY1,15,101178484,NM_014918.5:c.1313G>T,NP_055733.2:p.Arg438Leu,0.634,25.1,['Unknown%20significance'],20.94,0.07,0.0,0.5,0.5
CHSY1,15,101178484,NM_014918.5:c.1313G>A,NP_055733.2:p.Arg438Gln,0.510,25.4,['Unknown%20significance'],20.94,0.07,0.0,1.1,1.1
CHSY1,15,101178485,NM_014918.5:c.1312C>T,NP_055733.2:p.Arg438Trp,0.516,25.2,['Unknown%20significance'],20.94,0.07,0.0,0.3,0.3
CHSY1,15,101178487,NM_014918.5:c.1310G>C,NP_055733.2:p.Arg437Pro,0.535,25.7,['Unknown%20significance'],40.55,0.15,0.0,1.5,1.5
CHSY1,15,101178487,NM_014918.5:c.1310G>A,NP_055733.2:p.Arg437His,0.292,22.6,['Unknown%20significance'],40.55,0.15,0.0,0.4,0.4
CHSY1,15,101178488,NM_014918.5:c.1309C>T,NP_055733.2:p.Arg437Cys,0.427,26.5,['Unknown%20significance'],40.55,0.15,0.0,1.2,1.2
CHSY1,15,101178490,NM_014918.5:c.1307A>G,NP_055733.2:p.Tyr436Cys,0.879,27.1,['Unknown%20significance'],82.15,0.34,0.0,2.6,2.6
CHSY1,15,101178493,NM_014918.5:c.1304G>C,NP_055733.2:p.Gly435Ala,0.652,24.5,['Unknown%20significance'],0.0,0.0,0.0,0.2,0.2
CHSY1,15,101178493,NM_014918.5:c.1304G>A,NP_055733.2:p.Gly435Asp,0.747,25.0,['Unknown%20significance'],0.0,0.0,0.0,1.4,1.4
CHSY1,15,101178494,NM_014918.5:c.1303G>A,NP_055733.2:p.Gly435Ser,0.674,25.2,['Unknown%20significance'],0.0,0.0,0.0,1.0,1.0
CHSY1,15,101178496,NM_014918.5:c.1301A>G,NP_055733.2:p.Tyr434Cys,0.621,27.2,['Unknown%20significance'],53.35,0.22,0.0,1.8,1.8
CHSY1,15,101178497,NM_014918.5:c.1300T>A,NP_055733.2:p.Tyr434Asn,0.537,26.7,['Unknown%20significance'],53.35,0.22,0.0,1.8,1.8
CHSY1,15,101178498,NM_014918.5:c.1299G>C,NP_055733.2:p.Gln433His,0.264,21.5,['Unknown%20significance'],64.51,0.32,0.0,-0.1,0.1
CHSY1,15,101178501,NM_014918.5:c.1296C>G,NP_055733.2:p.Ile432Met,0.309,22.4,['Unknown%20significance'],11.84,0.06,0.0,0.9,0.9
CHSY1,15,101178505,NM_014918.5:c.1292A>G,NP_055733.2:p.Glu431Gly,0.443,27.7,['Unknown%20significance'],95.51,0.48,0.0,0.6,0.6
CHSY1,15,101178507,NM_014918.5:c.1290A>T,NP_055733.2:p.Lys430Asn,0.174,22.5,['Unknown%20significance'],110.49,0.46,0.0,0.1,0.1
CHSY1,15,101178508,NM_014918.5:c.1289A>G,NP_055733.2:p.Lys430Arg,0.123,22.1,['Unknown%20significance'],110.49,0.46,0.0,-0.5,0.5
CHSY1,15,101178509,NM_014918.5:c.1288A>C,NP_055733.2:p.Lys430Gln,0.138,22.6,['Unknown%20significance'],110.49,0.46,0.0,-0.2,0.2
CHSY1,15,101178511,NM_014918.5:c.1286T>G,NP_055733.2:p.Phe429Cys,0.736,28.5,['Unknown%20significance'],57.46,0.25,0.0,2.3,2.3
CHSY1,15,101178517,NM_014918.5:c.1280T>G,NP_055733.2:p.Ile427Ser,0.601,27.2,['Unknown%20significance'],2.29,0.01,0.0,3.4,3.4
CHSY1,15,101178517,NM_014918.5:c.1280T>C,NP_055733.2:p.Ile427Thr,0.578,26.2,['Unknown%20significance'],2.29,0.01,0.0,2.4,2.4
CHSY1,15,101178521,NM_014918.5:c.1276A>G,NP_055733.2:p.Ile426Val,0.036,9.292,['Likely%20benign'],0.22,0.0,0.0,0.2,0.2
CHSY1,15,101178523,NM_014918.5:c.1274G>T,NP_055733.2:p.Arg425Leu,0.558,26.5,['Unknown%20significance'],64.0,0.23,0.0,-0.2,0.2
CHSY1,15,101178523,NM_014918.5:c.1274G>A,NP_055733.2:p.Arg425His,0.348,25.9,['Unknown%20significance'],64.0,0.23,0.0,0.4,0.4
CHSY1,15,101178524,NM_014918.5:c.1273C>T,NP_055733.2:p.Arg425Cys,0.387,29.5,['Unknown%20significance'],64.0,0.23,0.0,0.9,0.9
CHSY1,15,101178529,NM_014918.5:c.1268G>A,NP_055733.2:p.Arg423Lys,0.229,25.2,['Unknown%20significance'],171.53,0.63,0.0,0.5,0.5
CHSY1,15,101178530,NM_014918.5:c.1267A>G,NP_055733.2:p.Arg423Gly,0.399,23.6,['Unknown%20significance'],171.53,0.63,0.0,0.7,0.7
CHSY1,15,101178533,NM_014918.5:c.1264A>G,NP_055733.2:p.Thr422Ala,0.034,18.33,['Likely%20benign'],135.17,0.85,0.0,0.1,0.1
CHSY1,15,101178535,NM_014918.5:c.1262A>T,NP_055733.2:p.Lys421Met,0.320,27.6,['Unknown%20significance'],54.94,0.23,0.0,-0.6,0.6
CHSY1,15,101178535,NM_014918.5:c.1262A>G,NP_055733.2:p.Lys421Arg,0.075,20.3,['Unknown%20significance'],54.94,0.23,0.0,-0.8,0.8
CHSY1,15,101178539,NM_014918.5:c.1258G>C,NP_055733.2:p.Ala420Pro,0.420,26.2,['Unknown%20significance'],0.0,0.0,0.0,0.6,0.6
CHSY1,15,101178539,NM_014918.5:c.1258G>A,NP_055733.2:p.Ala420Thr,0.139,25.7,['Unknown%20significance'],0.0,0.0,0.0,-0.3,0.3
CHSY1,15,101178545,NM_014918.5:c.1252G>A,NP_055733.2:p.Ala418Thr,0.164,22.3,['Unknown%20significance'],85.5,0.67,0.0,-0.0,0.0
CHSY1,15,101178547,NM_014918.5:c.1250A>G,NP_055733.2:p.Asn417Ser,0.376,25.8,['Unknown%20significance'],12.47,0.07,0.0,0.7,0.7
CHSY1,15,101178548,NM_014918.5:c.1249A>T,NP_055733.2:p.Asn417Tyr,0.447,27.0,['Unknown%20significance'],12.47,0.07,0.0,-0.8,0.8
CHSY1,15,101178550,NM_014918.5:c.1247T>C,NP_055733.2:p.Ile416Thr,0.451,27.1,['Unknown%20significance'],37.57,0.19,0.0,1.6,1.6
CHSY1,15,101178550,NM_014918.5:c.1247T>A,NP_055733.2:p.Ile416Asn,0.482,28.7,['Unknown%20significance'],37.57,0.19,0.0,2.3,2.3
CHSY1,15,101178552,NM_014918.5:c.1245G>T,NP_055733.2:p.Met415Ile,0.173,21.9,['Unknown%20significance'],119.18,0.55,0.0,-0.0,0.0
CHSY1,15,101178553,NM_014918.5:c.1244T>C,NP_055733.2:p.Met415Thr,0.263,22.3,['Unknown%20significance'],119.18,0.55,0.0,0.4,0.4
CHSY1,15,101178554,NM_014918.5:c.1243A>G,NP_055733.2:p.Met415Val,0.223,21.9,['Unknown%20significance'],119.18,0.55,0.0,0.1,0.1
CHSY1,15,101178554,NM_014918.5:c.1243A>C,NP_055733.2:p.Met415Leu,0.116,22.3,['Unknown%20significance'],119.18,0.55,0.0,-0.0,0.0
CHSY1,15,101178559,NM_014918.5:c.1238T>C,NP_055733.2:p.Met413Thr,0.442,25.7,['Unknown%20significance'],12.19,0.05,0.0,1.8,1.8
CHSY1,15,101178562,NM_014918.5:c.1235T>C,NP_055733.2:p.Val412Ala,0.306,24.3,['Unknown%20significance'],23.72,0.13,0.0,1.3,1.3
CHSY1,15,101178563,NM_014918.5:c.1234G>T,NP_055733.2:p.Val412Phe,0.357,24.8,['Unknown%20significance'],23.72,0.13,0.0,0.4,0.4
CHSY1,15,101178563,NM_014918.5:c.1234G>A,NP_055733.2:p.Val412Ile,0.180,23.0,['Unknown%20significance'],23.72,0.13,0.0,0.0,0.0
CHSY1,15,101178564,NM_014918.5:c.1233G>C,NP_055733.2:p.Gln411His,0.274,23.5,['Unknown%20significance'],49.88,0.25,0.0,0.0,0.0
CHSY1,15,101178565,NM_014918.5:c.1232A>G,NP_055733.2:p.Gln411Arg,0.468,26.3,['Unknown%20significance'],49.88,0.25,0.0,-0.0,0.0
CHSY1,15,101178566,NM_014918.5:c.1231C>G,NP_055733.2:p.Gln411Glu,0.177,21.1,['Unknown%20significance'],49.88,0.25,0.0,0.5,0.5
CHSY1,15,101178568,NM_014918.5:c.1229T>G,NP_055733.2:p.Met410Arg,0.180,22.4,['Unknown%20significance'],18.66,0.08,0.0,0.7,0.7
CHSY1,15,101178568,NM_014918.5:c.1229T>C,NP_055733.2:p.Met410Thr,0.156,22.3,['Unknown%20significance'],18.66,0.08,0.0,0.8,0.8
CHSY1,15,101178568,NM_014918.5:c.1229T>A,NP_055733.2:p.Met410Lys,0.191,22.9,['Unknown%20significance'],18.66,0.08,0.0,1.5,1.5
CHSY1,15,101178569,NM_014918.5:c.1228A>T,NP_055733.2:p.Met410Leu,0.125,16.85,['Unknown%20significance'],18.66,0.08,0.0,-0.2,0.2
CHSY1,15,101178572,NM_014918.5:c.1225G>C,NP_055733.2:p.Val409Leu,0.091,22.9,['Unknown%20significance'],1.52,0.0,0.0,0.2,0.2
CHSY1,15,101178574,NM_014918.5:c.1223T>C,NP_055733.2:p.Ile408Thr,0.214,21.4,['Unknown%20significance'],13.07,0.06,0.0,2.0,2.0
CHSY1,15,101178575,NM_014918.5:c.1222A>G,NP_055733.2:p.Ile408Val,0.098,17.62,['Unknown%20significance'],13.07,0.06,0.0,0.1,0.1
CHSY1,15,101178576,NM_014918.5:c.1221C>A,NP_055733.2:p.Asp407Glu,0.203,24.6,['Unknown%20significance'],18.15,0.11,0.0,-0.1,0.1
CHSY1,15,101178578,NM_014918.5:c.1219G>A,NP_055733.2:p.Asp407Asn,0.274,24.3,['Unknown%20significance'],18.15,0.11,0.0,-0.2,0.2
CHSY1,15,101178581,NM_014918.5:c.1216G>A,NP_055733.2:p.Asp406Asn,0.089,22.7,['Unknown%20significance'],66.58,0.41,0.0,-0.2,0.2
CHSY1,15,101178582,NM_014918.5:c.1215G>C,NP_055733.2:p.Leu405Phe,0.270,24.8,['Unknown%20significance'],3.73,0.01,0.0,0.6,0.6
CHSY1,15,101178587,NM_014918.5:c.1210G>T,NP_055733.2:p.Ala404Ser,0.104,23.1,['Unknown%20significance'],40.15,0.31,0.0,0.2,0.2
CHSY1,15,101178592,NM_014918.5:c.1205G>C,NP_055733.2:p.Arg402Thr,0.146,22.2,['Unknown%20significance'],79.91,0.29,0.0,1.1,1.1
CHSY1,15,101178594,NM_014918.5:c.1203G>C,NP_055733.2:p.Gln401His,0.159,24.2,['Unknown%20significance'],25.01,0.12,0.0,-0.0,0.0
CHSY1,15,101178599,NM_014918.5:c.1198G>T,NP_055733.2:p.Ala400Ser,0.089,17.20,['Unknown%20significance'],70.28,0.55,0.0,-0.0,0.0
CHSY1,15,101178599,NM_014918.5:c.1198G>A,NP_055733.2:p.Ala400Thr,0.042,19.32,['Unknown%20significance'],70.28,0.55,0.0,-0.1,0.1
CHSY1,15,101178601,NM_014918.5:c.1196C>G,NP_055733.2:p.Ser399Cys,0.302,25.8,['Unknown%20significance'],100.43,0.72,0.0,0.1,0.1
CHSY1,15,101178601,NM_014918.5:c.1196C>A,NP_055733.2:p.Ser399Tyr,0.304,25.4,['Unknown%20significance'],100.43,0.72,0.0,-0.3,0.3
CHSY1,15,101178603,NM_014918.5:c.1194C>G,NP_055733.2:p.Asp398Glu,0.197,17.21,['Unknown%20significance'],94.47,0.59,0.0,-0.1,0.1
CHSY1,15,101178604,NM_014918.5:c.1193A>G,NP_055733.2:p.Asp398Gly,0.236,22.8,['Unknown%20significance'],94.47,0.59,0.0,0.4,0.4
CHSY1,15,101178604,NM_014918.5:c.1193A>C,NP_055733.2:p.Asp398Ala,0.257,23.2,['Unknown%20significance'],94.47,0.59,0.0,-0.0,0.0
CHSY1,15,101178607,NM_014918.5:c.1190T>C,NP_055733.2:p.Met397Thr,0.188,22.4,['Unknown%20significance'],4.49,0.02,0.0,1.4,1.4
CHSY1,15,101178608,NM_014918.5:c.1189A>G,NP_055733.2:p.Met397Val,0.169,19.40,['Unknown%20significance'],4.49,0.02,0.0,0.1,0.1
CHSY1,15,101178614,NM_014918.5:c.1183A>G,NP_055733.2:p.Arg395Gly,0.328,20.8,['Unknown%20significance'],56.05,0.2,0.0,1.6,1.6
CHSY1,15,101178616,NM_014918.5:c.1181G>T,NP_055733.2:p.Arg394Leu,0.375,26.2,['Unknown%20significance'],143.24,0.53,0.0,0.1,0.1
CHSY1,15,101178616,NM_014918.5:c.1181G>A,NP_055733.2:p.Arg394Gln,0.247,23.1,['Unknown%20significance'],143.24,0.53,0.0,0.2,0.2
CHSY1,15,101178617,NM_014918.5:c.1180C>G,NP_055733.2:p.Arg394Gly,0.323,26.3,['Unknown%20significance'],143.24,0.53,0.0,1.0,1.0
CHSY1,15,101178619,NM_014918.5:c.1178C>G,NP_055733.2:p.Pro393Arg,0.333,22.8,['Unknown%20significance'],129.11,0.82,0.0,0.3,0.3
CHSY1,15,101178620,NM_014918.5:c.1177C>T,NP_055733.2:p.Pro393Ser,0.259,23.8,['Unknown%20significance'],129.11,0.82,0.0,0.4,0.4
CHSY1,15,101178622,NM_014918.5:c.1175C>T,NP_055733.2:p.Pro392Leu,0.243,26.4,['Unknown%20significance'],32.0,0.2,0.0,-0.6,0.6
CHSY1,15,101178622,NM_014918.5:c.1175C>A,NP_055733.2:p.Pro392His,0.250,26.2,['Unknown%20significance'],32.0,0.2,0.0,-0.5,0.5
CHSY1,15,101178623,NM_014918.5:c.1174C>G,NP_055733.2:p.Pro392Ala,0.177,23.5,['Unknown%20significance'],32.0,0.2,0.0,-0.0,0.0
CHSY1,15,101178624,NM_014918.5:c.1173G>T,NP_055733.2:p.Gln391His,0.218,23.8,['Unknown%20significance'],92.73,0.46,0.0,-0.1,0.1
CHSY1,15,101178628,NM_014918.5:c.1169G>A,NP_055733.2:p.Gly390Asp,0.099,20.5,['Unknown%20significance'],60.3,0.63,0.0,-0.0,0.0
CHSY1,15,101178629,NM_014918.5:c.1168G>C,NP_055733.2:p.Gly390Arg,0.061,15.71,['Unknown%20significance'],60.3,0.63,0.0,-0.3,0.3
CHSY1,15,101178629,NM_014918.5:c.1168G>A,NP_055733.2:p.Gly390Ser,0.040,14.11,['Unknown%20significance'],60.3,0.63,0.0,-0.1,0.1
CHSY1,15,101178632,NM_014918.5:c.1165G>A,NP_055733.2:p.Asp389Asn,0.082,22.0,['Unknown%20significance'],40.89,0.25,0.0,0.0,0.0
CHSY1,15,101178638,NM_014918.5:c.1159G>T,NP_055733.2:p.Ala387Ser,0.060,17.57,['Unknown%20significance'],68.02,0.53,0.0,0.0,0.0
CHSY1,15,101178638,NM_014918.5:c.1159G>A,NP_055733.2:p.Ala387Thr,0.047,18.83,['Unknown%20significance'],68.02,0.53,0.0,-0.2,0.2
CHSY1,15,101178640,NM_014918.5:c.1157C>T,NP_055733.2:p.Ser386Leu,0.611,28.4,['Unknown%20significance'],9.26,0.06,0.0,-1.0,1.0
CHSY1,15,101178644,NM_014918.5:c.1153T>A,NP_055733.2:p.Tyr385Asn,0.485,27.4,['Unknown%20significance'],59.03,0.24,0.0,3.2,3.2
CHSY1,15,101178645,NM_014918.5:c.1152G>T,NP_055733.2:p.Leu384Phe,0.179,22.4,['Unknown%20significance'],0.0,0.0,0.0,0.1,0.1
CHSY1,15,101178645,NM_014918.5:c.1152G>C,NP_055733.2:p.Leu384Phe,0.181,22.4,['Unknown%20significance'],0.0,0.0,0.0,0.1,0.1
CHSY1,15,101178646,NM_014918.5:c.1151T>C,NP_055733.2:p.Leu384Ser,0.487,27.2,['Unknown%20significance'],0.0,0.0,0.0,3.0,3.0
CHSY1,15,101178651,NM_014918.5:c.1146A>T,NP_055733.2:p.Lys382Asn,0.102,10.40,['Unknown%20significance'],157.38,0.66,0.0,-0.1,0.1
CHSY1,15,101178652,NM_014918.5:c.1145A>G,NP_055733.2:p.Lys382Arg,0.063,17.32,['Unknown%20significance'],157.38,0.66,0.0,-0.4,0.4
CHSY1,15,101178659,NM_014918.5:c.1138A>G,NP_055733.2:p.Thr380Ala,0.342,23.6,['Unknown%20significance'],45.36,0.28,0.0,0.6,0.6
CHSY1,15,101178664,NM_014918.5:c.1133T>C,NP_055733.2:p.Phe378Ser,0.679,29.1,['Unknown%20significance'],78.34,0.34,0.0,2.6,2.6
CHSY1,15,101178674,NM_014918.5:c.1123G>C,NP_055733.2:p.Glu375Gln,0.276,23.7,['Unknown%20significance'],96.02,0.49,0.0,-0.2,0.2
CHSY1,15,101178676,NM_014918.5:c.1121T>G,NP_055733.2:p.Leu374Arg,0.618,26.5,['Unknown%20significance'],40.89,0.21,0.0,1.4,1.4
CHSY1,15,101178677,NM_014918.5:c.1120C>G,NP_055733.2:p.Leu374Val,0.158,20.1,['Unknown%20significance'],40.89,0.21,0.0,0.5,0.5
CHSY1,15,101178678,NM_014918.5:c.1119T>G,NP_055733.2:p.Ile373Met,0.173,18.65,['Unknown%20significance'],81.5,0.41,0.0,0.4,0.4
CHSY1,15,101178680,NM_014918.5:c.1117A>T,NP_055733.2:p.Ile373Phe,0.145,22.7,['Unknown%20significance'],81.5,0.41,0.0,0.4,0.4
CHSY1,15,101178683,NM_014918.5:c.1114G>C,NP_055733.2:p.Glu372Gln,0.255,24.7,['Unknown%20significance'],65.41,0.33,0.0,-0.1,0.1
CHSY1,15,101178684,NM_014918.5:c.1113G>C,NP_055733.2:p.Glu371Asp,0.083,14.02,['Unknown%20significance'],111.81,0.57,0.0,0.1,0.1
CHSY1,15,101178686,NM_014918.5:c.1111G>A,NP_055733.2:p.Glu371Lys,0.157,22.4,['Unknown%20significance'],111.81,0.57,0.0,0.1,0.1
CHSY1,15,101178688,NM_014918.5:c.1109G>T,NP_055733.2:p.Arg370Leu,0.350,22.6,['Unknown%20significance'],116.69,0.43,0.0,0.5,0.5
CHSY1,15,101178688,NM_014918.5:c.1109G>A,NP_055733.2:p.Arg370Gln,0.317,24.3,['Unknown%20significance'],116.69,0.43,0.0,0.6,0.6
CHSY1,15,101178694,NM_014918.5:c.1103G>C,NP_055733.2:p.Arg368Pro,0.152,23.7,['Unknown%20significance'],254.0,0.94,0.0,0.1,0.1
CHSY1,15,101178694,NM_014918.5:c.1103G>A,NP_055733.2:p.Arg368His,0.031,18.27,['Unknown%20significance'],254.0,0.94,0.0,0.0,0.0
CHSY1,15,101178695,NM_014918.5:c.1102C>T,NP_055733.2:p.Arg368Cys,0.284,31,['Unknown%20significance'],254.0,0.94,0.0,0.2,0.2
CHSY1,15,101178702,NM_014918.5:c.1095T>A,NP_055733.2:p.Phe365Leu,0.321,11.16,['Unknown%20significance'],39.61,0.17,0.0,1.1,1.1
CHSY1,15,101178706,NM_014918.5:c.1091G>T,NP_055733.2:p.Arg364Met,0.365,25.4,['Unknown%20significance'],32.75,0.12,0.0,0.1,0.1
CHSY1,15,101178706,NM_014918.5:c.1091G>A,NP_055733.2:p.Arg364Lys,0.168,20.3,['Unknown%20significance'],32.75,0.12,0.0,1.1,1.1
CHSY1,15,101178708,NM_014918.5:c.1089G>T,NP_055733.2:p.Met363Ile,0.107,17.87,['Unknown%20significance'],143.14,0.66,0.0,0.0,0.0
CHSY1,15,101178708,NM_014918.5:c.1089G>C,NP_055733.2:p.Met363Ile,0.107,17.47,['Unknown%20significance'],143.14,0.66,0.0,0.0,0.0
CHSY1,15,101178709,NM_014918.5:c.1088T>G,NP_055733.2:p.Met363Arg,0.199,17.20,['Unknown%20significance'],143.14,0.66,0.0,0.3,0.3
CHSY1,15,101178710,NM_014918.5:c.1087A>G,NP_055733.2:p.Met363Val,0.065,15.95,['Unknown%20significance'],143.14,0.66,0.0,0.1,0.1
CHSY1,15,101178710,NM_014918.5:c.1087A>C,NP_055733.2:p.Met363Leu,0.075,17.74,['Unknown%20significance'],143.14,0.66,0.0,0.1,0.1
CHSY1,15,101178712,NM_014918.5:c.1085T>C,NP_055733.2:p.Phe362Ser,0.417,26.4,['Pathogenic'],35.52,0.15,0.0,2.4,2.4
CHSY1,15,101178715,NM_014918.5:c.1082C>T,NP_055733.2:p.Ser361Phe,0.513,25.5,['Unknown%20significance'],58.54,0.42,0.0,-0.5,0.5
CHSY1,15,101178718,NM_014918.5:c.1079C>A,NP_055733.2:p.Pro360His,0.475,24.8,['Unknown%20significance'],45.81,0.29,0.0,0.6,0.6
CHSY1,15,101178719,NM_014918.5:c.1078C>T,NP_055733.2:p.Pro360Ser,0.353,24.3,['Unknown%20significance'],45.81,0.29,0.0,0.9,0.9
CHSY1,15,101178722,NM_014918.5:c.1075C>T,NP_055733.2:p.Pro359Ser,0.037,13.03,['Benign'],75.64,0.48,0.0,0.3,0.3
CHSY1,15,101178722,NM_014918.5:c.1075C>A,NP_055733.2:p.Pro359Thr,0.125,12.42,['Unknown%20significance'],75.64,0.48,0.0,0.1,0.1
CHSY1,15,101178723,NM_014918.5:c.1074C>G,NP_055733.2:p.Ile358Met,0.034,0.042,['Likely%20benign'],66.11,0.33,0.0,0.3,0.3
CHSY1,15,101178730,NM_014918.5:c.1067T>C,NP_055733.2:p.Leu356Pro,0.629,24.6,['Unknown%20significance'],1.28,0.0,0.0,3.1,3.1
CHSY1,15,101178733,NM_014918.5:c.1064A>T,NP_055733.2:p.Gln355Leu,0.239,22.4,['Unknown%20significance'],54.56,0.27,0.0,-0.5,0.5
CHSY1,15,101178738,NM_014918.5:c.1059C>G,NP_055733.2:p.Asp353Glu,0.160,16.26,['Unknown%20significance'],0.0,0.0,0.0,-0.3,0.3
CHSY1,15,101178739,NM_014918.5:c.1058A>T,NP_055733.2:p.Asp353Val,0.203,23.8,['Unknown%20significance'],0.0,0.0,0.0,-1.6,1.6
CHSY1,15,101178739,NM_014918.5:c.1058A>G,NP_055733.2:p.Asp353Gly,0.183,24.1,['Unknown%20significance'],0.0,0.0,0.0,0.5,0.5
CHSY1,15,101178739,NM_014918.5:c.1058A>C,NP_055733.2:p.Asp353Ala,0.200,23.8,['Unknown%20significance'],0.0,0.0,0.0,-0.7,0.7
CHSY1,15,101178740,NM_014918.5:c.1057G>A,NP_055733.2:p.Asp353Asn,0.047,21.4,['Unknown%20significance'],0.0,0.0,0.0,-0.5,0.5
CHSY1,15,101178743,NM_014918.5:c.1054G>A,NP_055733.2:p.Glu352Lys,0.217,23.2,['Unknown%20significance'],53.63,0.27,0.0,0.2,0.2
CHSY1,15,101178745,NM_014918.5:c.1052A>G,NP_055733.2:p.Lys351Arg,0.047,16.17,['Benign'],188.57,0.79,0.0,-0.2,0.2
CHSY1,15,101178745,NM_014918.5:c.1052A>C,NP_055733.2:p.Lys351Thr,0.064,16.06,['Likely%20benign'],188.57,0.79,0.0,-0.1,0.1
CHSY1,15,101178746,NM_014918.5:c.1051A>G,NP_055733.2:p.Lys351Glu,0.080,16.80,['Likely%20benign'],188.57,0.79,0.0,-0.0,0.0
CHSY1,15,101178749,NM_014918.5:c.1048C>A,NP_055733.2:p.His350Asn,0.094,18.51,['Unknown%20significance'],111.44,0.54,0.0,0.3,0.3
CHSY1,15,101178752,NM_014918.5:c.1045A>G,NP_055733.2:p.Ile349Val,0.088,0.156,['Likely%20benign'],35.33,0.18,0.0,0.2,0.2
CHSY1,15,101178753,NM_014918.5:c.1044A>T,NP_055733.2:p.Glu348Asp,0.067,12.69,['Unknown%20significance'],180.32,0.92,0.0,0.0,0.0
CHSY1,15,101178757,NM_014918.5:c.1040C>T,NP_055733.2:p.Thr347Ile,0.029,15.05,['Unknown%20significance'],89.95,0.57,0.0,-0.2,0.2
CHSY1,15,101178764,NM_014918.5:c.1033A>G,NP_055733.2:p.Ser345Gly,0.052,19.56,['Unknown%20significance'],75.75,0.54,0.0,0.4,0.4
CHSY1,15,101178766,NM_014918.5:c.1031A>G,NP_055733.2:p.Tyr344Cys,0.355,28.2,['Unknown%20significance'],163.28,0.68,0.0,0.6,0.6
CHSY1,15,101178768,NM_014918.5:c.1029A>C,NP_055733.2:p.Lys343Asn,0.098,0.653,['Likely%20benign'],122.3,0.51,0.0,-0.0,0.0
CHSY1,15,101178773,NM_014918.5:c.1024A>G,NP_055733.2:p.Ser342Gly,0.037,18.59,['Likely%20benign'],5.36,0.03,0.0,1.1,1.1
CHSY1,15,101178773,NM_014918.5:c.1024A>C,NP_055733.2:p.Ser342Arg,0.162,22.5,['Unknown%20significance'],5.36,0.03,0.0,-0.4,0.4
CHSY1,15,101178774,NM_014918.5:c.1023G>A,NP_055733.2:p.Met341Ile,0.305,24.9,['Unknown%20significance'],96.26,0.44,0.0,0.1,0.1
CHSY1,15,101178776,NM_014918.5:c.1021A>C,NP_055733.2:p.Met341Leu,0.203,22.6,['Unknown%20significance'],96.26,0.44,0.0,0.1,0.1
CHSY1,15,101178778,NM_014918.5:c.1019T>G,NP_055733.2:p.Leu340Arg,0.154,22.2,['Unknown%20significance'],89.12,0.46,0.0,0.4,0.4
CHSY1,15,101178778,NM_014918.5:c.1019T>C,NP_055733.2:p.Leu340Pro,0.144,24.1,['Unknown%20significance'],89.12,0.46,0.0,0.9,0.9
CHSY1,15,101178779,NM_014918.5:c.1018C>G,NP_055733.2:p.Leu340Val,0.096,21.5,['Unknown%20significance'],89.12,0.46,0.0,0.1,0.1
CHSY1,15,101178781,NM_014918.5:c.1016T>C,NP_055733.2:p.Val339Ala,0.220,20.2,['Unknown%20significance'],1.2,0.0,0.0,1.0,1.0
CHSY1,15,101178781,NM_014918.5:c.1016T>A,NP_055733.2:p.Val339Asp,0.329,22.9,['Unknown%20significance'],1.2,0.0,0.0,2.1,2.1
CHSY1,15,101178782,NM_014918.5:c.1015G>C,NP_055733.2:p.Val339Leu,0.186,17.56,['Unknown%20significance'],1.2,0.0,0.0,-0.2,0.2
CHSY1,15,101178785,NM_014918.5:c.1012A>G,NP_055733.2:p.Ile338Val,0.065,9.208,['Unknown%20significance'],56.62,0.28,0.0,0.8,0.8
CHSY1,15,101178786,NM_014918.5:c.1011A>C,NP_055733.2:p.Glu337Asp,0.252,3.071,['Likely%20benign'],85.28,0.43,0.0,0.1,0.1
CHSY1,15,101178787,NM_014918.5:c.1010A>G,NP_055733.2:p.Glu337Gly,0.457,23.7,['Unknown%20significance'],85.28,0.43,0.0,0.8,0.8
CHSY1,15,101178788,NM_014918.5:c.1009G>A,NP_055733.2:p.Glu337Lys,0.343,24.3,['Unknown%20significance'],85.28,0.43,0.0,0.4,0.4
CHSY1,15,101178790,NM_014918.5:c.1007G>A,NP_055733.2:p.Arg336His,0.391,25.7,['Unknown%20significance'],60.15,0.22,0.0,0.4,0.4
CHSY1,15,101178791,NM_014918.5:c.1006C>T,NP_055733.2:p.Arg336Cys,0.431,27.2,['Unknown%20significance'],60.15,0.22,0.0,0.9,0.9
CHSY1,15,101178792,NM_014918.5:c.1005C>A,NP_055733.2:p.His335Gln,0.247,22.8,['Unknown%20significance'],20.56,0.1,0.0,0.5,0.5
CHSY1,15,101178793,NM_014918.5:c.1004A>T,NP_055733.2:p.His335Leu,0.430,22.5,['Unknown%20significance'],20.56,0.1,0.0,0.0,0.0
CHSY1,15,101178794,NM_014918.5:c.1003C>A,NP_055733.2:p.His335Asn,0.267,25.2,['Unknown%20significance'],20.56,0.1,0.0,1.1,1.1
CHSY1,15,101178799,NM_014918.5:c.998A>T,NP_055733.2:p.Gln333Leu,0.248,22.3,['Unknown%20significance'],52.75,0.26,0.0,-0.4,0.4
CHSY1,15,101178799,NM_014918.5:c.998A>G,NP_055733.2:p.Gln333Arg,0.155,21.3,['Unknown%20significance'],52.75,0.26,0.0,-0.2,0.2
CHSY1,15,101178803,NM_014918.5:c.994A>G,NP_055733.2:p.Ile332Val,0.078,14.72,['Unknown%20significance'],7.96,0.04,0.0,0.5,0.5
CHSY1,15,101178806,NM_014918.5:c.991A>G,NP_055733.2:p.Thr331Ala,0.219,22.7,['Unknown%20significance'],61.61,0.39,0.0,0.4,0.4
CHSY1,15,101178808,NM_014918.5:c.989G>A,NP_055733.2:p.Arg330His,0.154,22.6,['Unknown%20significance'],114.31,0.42,0.0,0.2,0.2
CHSY1,15,101178809,NM_014918.5:c.988C>T,NP_055733.2:p.Arg330Cys,0.381,29.1,['Unknown%20significance'],114.31,0.42,0.0,1.0,1.0
CHSY1,15,101178811,NM_014918.5:c.986A>G,NP_055733.2:p.His329Arg,0.177,21.4,['Unknown%20significance'],55.2,0.26,0.0,0.0,0.0
CHSY1,15,101178812,NM_014918.5:c.985C>G,NP_055733.2:p.His329Asp,0.136,21.9,['Unknown%20significance'],55.2,0.26,0.0,0.7,0.7
CHSY1,15,101178814,NM_014918.5:c.983G>A,NP_055733.2:p.Arg328His,0.288,23.7,['Unknown%20significance'],152.9,0.56,0.0,0.1,0.1
CHSY1,15,101178815,NM_014918.5:c.982C>T,NP_055733.2:p.Arg328Cys,0.418,26.7,['Unknown%20significance'],152.9,0.56,0.0,0.7,0.7
CHSY1,15,101178817,NM_014918.5:c.980T>C,NP_055733.2:p.Leu327Pro,0.660,26.8,['Unknown%20significance'],113.86,0.59,0.0,1.0,1.0
CHSY1,15,101178818,NM_014918.5:c.979C>T,NP_055733.2:p.Leu327Phe,0.252,24.7,['Unknown%20significance'],113.86,0.59,0.0,0.2,0.2
CHSY1,15,101178821,NM_014918.5:c.976G>A,NP_055733.2:p.Glu326Lys,0.240,23.1,['Unknown%20significance'],92.38,0.47,0.0,0.1,0.1
CHSY1,15,101178824,NM_014918.5:c.973T>G,NP_055733.2:p.Ser325Ala,0.157,15.69,['Likely%20benign'],23.02,0.16,0.0,-0.2,0.2
CHSY1,15,101178824,NM_014918.5:c.973T>C,NP_055733.2:p.Ser325Pro,0.176,21.7,['Unknown%20significance'],23.02,0.16,0.0,0.3,0.3
CHSY1,15,101178824,NM_014918.5:c.973T>A,NP_055733.2:p.Ser325Thr,0.140,18.32,['Unknown%20significance'],23.02,0.16,0.0,-0.3,0.3
CHSY1,15,101178826,NM_014918.5:c.971T>C,NP_055733.2:p.Ile324Thr,0.413,23.9,['Unknown%20significance'],83.76,0.42,0.0,1.1,1.1
CHSY1,15,101178827,NM_014918.5:c.970A>C,NP_055733.2:p.Ile324Leu,0.167,17.27,['Unknown%20significance'],83.76,0.42,0.0,-0.1,0.1
CHSY1,15,101178829,NM_014918.5:c.968A>C,NP_055733.2:p.Lys323Thr,0.168,21.6,['Unknown%20significance'],64.52,0.27,0.0,-0.1,0.1
CHSY1,15,101178832,NM_014918.5:c.965G>T,NP_055733.2:p.Arg322Leu,0.239,18.81,['Unknown%20significance'],13.35,0.04,0.0,-1.4,1.4
CHSY1,15,101178832,NM_014918.5:c.965G>A,NP_055733.2:p.Arg322His,0.200,21.7,['Unknown%20significance'],13.35,0.04,0.0,0.3,0.3
CHSY1,15,101178833,NM_014918.5:c.964C>T,NP_055733.2:p.Arg322Cys,0.214,22.8,['Unknown%20significance'],13.35,0.04,0.0,0.5,0.5
CHSY1,15,101178833,NM_014918.5:c.964C>G,NP_055733.2:p.Arg322Gly,0.204,21.6,['Unknown%20significance'],13.35,0.04,0.0,2.0,2.0
CHSY1,15,101178835,NM_014918.5:c.962G>A,NP_055733.2:p.Ser321Asn,0.119,20.6,['Unknown%20significance'],47.13,0.34,0.0,-0.0,0.0
CHSY1,15,101178836,NM_014918.5:c.961A>C,NP_055733.2:p.Ser321Arg,0.183,23.6,['Unknown%20significance'],47.13,0.34,0.0,-0.4,0.4
CHSY1,15,101178840,NM_014918.5:c.957G>A,NP_055733.2:p.Met319Ile,0.117,20.8,['Unknown%20significance'],5.74,0.02,0.0,-0.5,0.5
CHSY1,15,101178841,NM_014918.5:c.956T>C,NP_055733.2:p.Met319Thr,0.223,23.1,['Unknown%20significance'],5.74,0.02,0.0,1.6,1.6
CHSY1,15,101178842,NM_014918.5:c.955A>G,NP_055733.2:p.Met319Val,0.078,13.87,['Likely%20benign'],5.74,0.02,0.0,-0.0,0.0
CHSY1,15,101178844,NM_014918.5:c.953A>G,NP_055733.2:p.Tyr318Cys,0.599,28.0,['Unknown%20significance'],31.84,0.13,0.0,2.9,2.9
CHSY1,15,101178844,NM_014918.5:c.953A>C,NP_055733.2:p.Tyr318Ser,0.454,27.0,['Unknown%20significance'],31.84,0.13,0.0,3.5,3.5
CHSY1,15,101178846,NM_014918.5:c.951C>G,NP_055733.2:p.Ser317Arg,0.217,22.9,['Unknown%20significance'],59.9,0.43,0.0,-0.3,0.3
CHSY1,15,101178847,NM_014918.5:c.950G>T,NP_055733.2:p.Ser317Ile,0.415,23.7,['Unknown%20significance'],59.9,0.43,0.0,-0.7,0.7
CHSY1,15,101178847,NM_014918.5:c.950G>C,NP_055733.2:p.Ser317Thr,0.144,23.1,['Unknown%20significance'],59.9,0.43,0.0,-0.2,0.2
CHSY1,15,101178848,NM_014918.5:c.949A>G,NP_055733.2:p.Ser317Gly,0.160,22.8,['Unknown%20significance'],59.9,0.43,0.0,0.4,0.4
CHSY1,15,101178851,NM_014918.5:c.946C>T,NP_055733.2:p.His316Tyr,0.610,25.9,['Unknown%20significance'],15.89,0.07,0.0,-0.6,0.6
CHSY1,15,101178854,NM_014918.5:c.943C>T,NP_055733.2:p.Leu315Phe,0.422,25.9,['Unknown%20significance'],0.0,0.0,0.0,0.8,0.8
CHSY1,15,101178855,NM_014918.5:c.942G>C,NP_055733.2:p.Arg314Ser,0.423,22.6,['Unknown%20significance'],93.47,0.34,0.0,1.1,1.1
CHSY1,15,101178857,NM_014918.5:c.940A>G,NP_055733.2:p.Arg314Gly,0.489,24.0,['Unknown%20significance'],93.47,0.34,0.0,1.7,1.7
CHSY1,15,101178863,NM_014918.5:c.934C>G,NP_055733.2:p.Gln312Glu,0.370,25.5,['Unknown%20significance'],0.0,0.0,0.0,0.8,0.8
CHSY1,15,101178865,NM_014918.5:c.932A>T,NP_055733.2:p.Tyr311Phe,0.154,22.8,['Unknown%20significance'],50.2,0.2,0.0,0.3,0.3
CHSY1,15,101178866,NM_014918.5:c.931T>G,NP_055733.2:p.Tyr311Asp,0.445,24.5,['Unknown%20significance'],50.2,0.2,0.0,2.3,2.3
CHSY1,15,101178866,NM_014918.5:c.931T>A,NP_055733.2:p.Tyr311Asn,0.303,24.4,['Unknown%20significance'],50.2,0.2,0.0,1.9,1.9
CHSY1,15,101178869,NM_014918.5:c.928C>T,NP_055733.2:p.Pro310Ser,0.248,22.6,['Unknown%20significance'],86.45,0.54,0.0,0.0,0.0
CHSY1,15,101178871,NM_014918.5:c.926C>T,NP_055733.2:p.Pro309Leu,0.433,27.7,['Unknown%20significance'],6.6,0.04,0.0,0.1,0.1
CHSY1,15,101178872,NM_014918.5:c.925C>G,NP_055733.2:p.Pro309Ala,0.280,23.6,['Unknown%20significance'],6.6,0.04,0.0,0.7,0.7
CHSY1,15,101178874,NM_014918.5:c.923A>C,NP_055733.2:p.Asn308Thr,0.333,18.38,['Unknown%20significance'],53.57,0.33,0.0,-0.1,0.1
CHSY1,15,101178884,NM_014918.5:c.913C>G,NP_055733.2:p.Pro305Ala,0.386,25.4,['Unknown%20significance'],0.18,0.0,0.0,1.2,1.2
CHSY1,15,101178886,NM_014918.5:c.911A>C,NP_055733.2:p.His304Pro,0.633,26.7,['Unknown%20significance'],10.73,0.05,0.0,2.5,2.5
CHSY1,15,101178887,NM_014918.5:c.910C>T,NP_055733.2:p.His304Tyr,0.467,26.4,['Unknown%20significance'],10.73,0.05,0.0,-0.9,0.9
CHSY1,15,101178896,NM_014918.5:c.901A>G,NP_055733.2:p.Ile301Val,0.153,22.4,['Unknown%20significance'],7.52,0.03,0.0,0.6,0.6
CHSY1,15,101178899,NM_014918.5:c.898G>C,NP_055733.2:p.Ala300Pro,0.558,25.7,['Unknown%20significance'],0.0,0.0,0.0,1.5,1.5
CHSY1,15,101178899,NM_014918.5:c.898G>A,NP_055733.2:p.Ala300Thr,0.399,25.5,['Unknown%20significance'],0.0,0.0,0.0,0.6,0.6
CHSY1,15,101178901,NM_014918.5:c.896A>G,NP_055733.2:p.Gln299Arg,0.070,15.43,['Likely%20benign'],35.87,0.18,0.0,-0.2,0.2
CHSY1,15,101178903,NM_014918.5:c.894C>A,NP_055733.2:p.His298Gln,0.219,17.63,['Unknown%20significance'],5.03,0.02,0.0,0.6,0.6
CHSY1,15,101178905,NM_014918.5:c.892C>G,NP_055733.2:p.His298Asp,0.495,24.2,['Unknown%20significance'],5.03,0.02,0.0,1.7,1.7
CHSY1,15,101178907,NM_014918.5:c.890T>C,NP_055733.2:p.Ile297Thr,0.402,23.5,['Unknown%20significance'],0.0,0.0,0.0,2.3,2.3
CHSY1,15,101178913,NM_014918.5:c.884G>C,NP_055733.2:p.Ser295Thr,0.435,19.30,['Unknown%20significance'],61.8,0.44,0.0,-0.2,0.2
CHSY1,15,101178916,NM_014918.5:c.881A>G,NP_055733.2:p.Asn294Ser,0.071,18.72,['Likely%20benign'],26.7,0.16,0.0,0.2,0.2
CHSY1,15,101178919,NM_014918.5:c.878A>G,NP_055733.2:p.His293Arg,0.144,21.0,['Unknown%20significance'],54.95,0.26,0.0,-0.2,0.2
CHSY1,15,101178919,NM_014918.5:c.878A>C,NP_055733.2:p.His293Pro,0.187,25.0,['Unknown%20significance'],54.95,0.26,0.0,0.7,0.7
CHSY1,15,101178923,NM_014918.5:c.874C>T,NP_055733.2:p.Leu292Phe,0.241,26.4,['Unknown%20significance'],21.7,0.11,0.0,0.3,0.3
CHSY1,15,101178925,NM_014918.5:c.872A>C,NP_055733.2:p.Asp291Ala,0.752,26.5,['Unknown%20significance'],56.08,0.35,0.0,0.0,0.0
CHSY1,15,101178927,NM_014918.5:c.870A>C,NP_055733.2:p.Arg290Ser,0.545,18.03,['Unknown%20significance'],74.2,0.27,0.0,0.8,0.8
CHSY1,15,101178928,NM_014918.5:c.869G>C,NP_055733.2:p.Arg290Thr,0.483,20.6,['Unknown%20significance'],74.2,0.27,0.0,0.5,0.5
CHSY1,15,101178929,NM_014918.5:c.868A>G,NP_055733.2:p.Arg290Gly,0.453,13.80,['Unknown%20significance'],74.2,0.27,0.0,1.0,1.0
CHSY1,15,101178932,NM_014918.5:c.865A>G,NP_055733.2:p.Ile289Val,0.426,23.2,['Unknown%20significance'],0.0,0.0,0.0,0.5,0.5
CHSY1,15,101178939,NM_014918.5:c.858G>T,NP_055733.2:p.Lys286Asn,0.355,14.69,['Unknown%20significance'],178.14,0.75,0.0,-0.1,0.1
CHSY1,15,101178940,NM_014918.5:c.857A>C,NP_055733.2:p.Lys286Thr,0.643,23.7,['Unknown%20significance'],178.14,0.75,0.0,-0.2,0.2
CHSY1,15,101178944,NM_014918.5:c.853A>C,NP_055733.2:p.Lys285Gln,0.152,23.9,['Unknown%20significance'],13.86,0.05,0.0,-0.5,0.5
CHSY1,15,101178945,NM_014918.5:c.852C>G,NP_055733.2:p.Asn284Lys,0.537,23.6,['Unknown%20significance'],150.74,0.94,0.0,0.1,0.1
CHSY1,15,101178945,NM_014918.5:c.852C>A,NP_055733.2:p.Asn284Lys,0.537,23.7,['Unknown%20significance'],150.74,0.94,0.0,0.1,0.1
CHSY1,15,101178947,NM_014918.5:c.850A>G,NP_055733.2:p.Asn284Asp,0.323,22.1,['Unknown%20significance'],150.74,0.94,0.0,0.0,0.0
CHSY1,15,101178948,NM_014918.5:c.849G>C,NP_055733.2:p.Gln283His,0.142,16.09,['Unknown%20significance'],174.71,0.88,0.0,-0.0,0.0
CHSY1,15,101178949,NM_014918.5:c.848A>G,NP_055733.2:p.Gln283Arg,0.059,20.5,['Unknown%20significance'],174.71,0.88,0.0,-0.1,0.1
CHSY1,15,101178950,NM_014918.5:c.847C>A,NP_055733.2:p.Gln283Lys,0.079,17.99,['Unknown%20significance'],174.71,0.88,0.0,0.1,0.1
CHSY1,15,101178952,NM_014918.5:c.845A>C,NP_055733.2:p.Glu282Ala,0.666,22.9,['Unknown%20significance'],54.71,0.28,0.0,0.2,0.2
CHSY1,15,101178953,NM_014918.5:c.844G>A,NP_055733.2:p.Glu282Lys,0.652,22.6,['Unknown%20significance'],54.71,0.28,0.0,0.2,0.2
CHSY1,15,101178964,NM_014918.5:c.833A>T,NP_055733.2:p.Tyr278Phe,0.556,23.0,['Unknown%20significance'],5.27,0.02,0.0,0.6,0.6
CHSY1,15,101178965,NM_014918.5:c.832T>C,NP_055733.2:p.Tyr278His,0.587,22.8,['Unknown%20significance'],5.27,0.02,0.0,1.8,1.8
CHSY1,15,101178965,NM_014918.5:c.832T>A,NP_055733.2:p.Tyr278Asn,0.856,28.3,['Unknown%20significance'],5.27,0.02,0.0,3.5,3.5
CHSY1,15,101178966,NM_014918.5:c.831T>G,NP_055733.2:p.Phe277Leu,0.617,17.31,['Unknown%20significance'],0.0,0.0,0.0,1.1,1.1
CHSY1,15,101178972,NM_014918.5:c.825G>C,NP_055733.2:p.Gln275His,0.580,17.00,['Unknown%20significance'],11.42,0.05,0.0,-0.1,0.1
CHSY1,15,101178976,NM_014918.5:c.821A>G,NP_055733.2:p.Gln274Arg,0.437,23.9,['Unknown%20significance'],63.7,0.32,0.0,-0.2,0.2
CHSY1,15,101178978,NM_014918.5:c.819G>C,NP_055733.2:p.Met273Ile,0.746,24.6,['Unknown%20significance'],15.17,0.07,0.0,0.2,0.2
CHSY1,15,101178978,NM_014918.5:c.819G>A,NP_055733.2:p.Met273Ile,0.746,25.1,['Unknown%20significance'],15.17,0.07,0.0,0.2,0.2
CHSY1,15,101235090,NM_014918.5:c.808T>C,NP_055733.2:p.Ser270Pro,0.934,27.3,['Unknown%20significance'],19.23,0.13,0.0,0.6,0.6
CHSY1,15,101235091,NM_014918.5:c.807G>C,NP_055733.2:p.Trp269Cys,0.828,27.4,['Unknown%20significance'],164.72,0.62,0.0,0.5,0.5
CHSY1,15,101235100,NM_014918.5:c.798G>C,NP_055733.2:p.Gln266His,0.579,22.4,['Unknown%20significance'],77.88,0.39,0.0,-0.0,0.0
CHSY1,15,101235101,NM_014918.5:c.797A>G,NP_055733.2:p.Gln266Arg,0.710,24.4,['Unknown%20significance'],77.88,0.39,0.0,-0.2,0.2
CHSY1,15,101235105,NM_014918.5:c.793G>A,NP_055733.2:p.Val265Met,0.208,24.9,['Unknown%20significance'],28.41,0.16,0.0,1.0,1.0
CHSY1,15,101235107,NM_014918.5:c.791G>T,NP_055733.2:p.Gly264Val,0.826,24.5,['Unknown%20significance'],60.39,0.63,0.0,-0.2,0.2
CHSY1,15,101235107,NM_014918.5:c.791G>A,NP_055733.2:p.Gly264Glu,0.834,24.6,['Unknown%20significance'],60.39,0.63,0.0,0.3,0.3
CHSY1,15,101235111,NM_014918.5:c.787G>T,NP_055733.2:p.Ala263Ser,0.266,25.3,['Unknown%20significance'],1.95,0.01,0.0,0.8,0.8
CHSY1,15,101235111,NM_014918.5:c.787G>A,NP_055733.2:p.Ala263Thr,0.222,24.1,['Unknown%20significance'],1.95,0.01,0.0,-0.0,0.0
CHSY1,15,101235112,NM_014918.5:c.786T>A,NP_055733.2:p.Phe262Leu,0.598,22.4,['Unknown%20significance'],53.44,0.23,0.0,0.2,0.2
CHSY1,15,101235116,NM_014918.5:c.782G>C,NP_055733.2:p.Arg261Thr,0.547,24.2,['Unknown%20significance'],100.34,0.37,0.0,0.3,0.3
CHSY1,15,101235116,NM_014918.5:c.782G>A,NP_055733.2:p.Arg261Lys,0.349,17.31,['Unknown%20significance'],100.34,0.37,0.0,0.6,0.6
CHSY1,15,101235119,NM_014918.5:c.779G>A,NP_055733.2:p.Arg260Gln,0.194,22.8,['Unknown%20significance'],88.46,0.32,0.0,0.0,0.0
CHSY1,15,101235120,NM_014918.5:c.778C>T,NP_055733.2:p.Arg260Trp,0.240,31,['Unknown%20significance'],88.46,0.32,0.0,-0.7,0.7
CHSY1,15,101235126,NM_014918.5:c.772T>G,NP_055733.2:p.Cys258Gly,0.815,31,['Unknown%20significance'],0.0,0.0,0.0,5.2,5.2
CHSY1,15,101235127,NM_014918.5:c.771G>T,NP_055733.2:p.Arg257Ser,0.486,15.33,['Unknown%20significance'],21.14,0.07,0.0,1.2,1.2
CHSY1,15,101235141,NM_014918.5:c.757G>C,NP_055733.2:p.Val253Leu,0.485,25.7,['Unknown%20significance'],0.2,0.0,0.0,0.5,0.5
CHSY1,15,101235141,NM_014918.5:c.757G>A,NP_055733.2:p.Val253Met,0.488,26.6,['Unknown%20significance'],0.2,0.0,0.0,0.4,0.4
CHSY1,15,101235149,NM_014918.5:c.749A>C,NP_055733.2:p.His250Pro,0.589,27.9,['Unknown%20significance'],47.74,0.23,0.0,0.9,0.9
CHSY1,15,101235152,NM_014918.5:c.746C>T,NP_055733.2:p.Thr249Ile,0.535,27.9,['Unknown%20significance'],123.89,0.78,0.0,-0.1,0.1
CHSY1,15,101235160,NM_014918.5:c.738G>A,NP_055733.2:p.Met246Ile,0.274,23.8,['Unknown%20significance'],58.22,0.26,0.0,-0.1,0.1
CHSY1,15,101235167,NM_014918.5:c.731G>A,NP_055733.2:p.Arg244Gln,0.228,20.5,['Unknown%20significance'],181.54,0.67,0.0,0.1,0.1
CHSY1,15,101235168,NM_014918.5:c.730C>T,NP_055733.2:p.Arg244Trp,0.635,31,['Unknown%20significance'],181.54,0.67,0.0,-0.2,0.2
CHSY1,15,101235168,NM_014918.5:c.730C>G,NP_055733.2:p.Arg244Gly,0.463,24.3,['Unknown%20significance'],181.54,0.67,0.0,0.6,0.6
CHSY1,15,101235171,NM_014918.5:c.727C>G,NP_055733.2:p.Leu243Val,0.598,23.8,['Unknown%20significance'],43.68,0.22,0.0,0.2,0.2
CHSY1,15,101235175,NM_014918.5:c.723G>C,NP_055733.2:p.Lys241Asn,0.251,20.6,['Unknown%20significance'],83.44,0.35,0.0,-0.3,0.3
CHSY1,15,101235176,NM_014918.5:c.722A>G,NP_055733.2:p.Lys241Arg,0.258,22.2,['Unknown%20significance'],83.44,0.35,0.0,-0.6,0.6
CHSY1,15,101235179,NM_014918.5:c.719G>A,NP_055733.2:p.Gly240Asp,0.403,22.8,['Unknown%20significance'],44.07,0.46,0.0,-0.3,0.3
CHSY1,15,101235182,NM_014918.5:c.716T>C,NP_055733.2:p.Ile239Thr,0.874,27.0,['Unknown%20significance'],1.49,0.0,0.0,1.4,1.4
CHSY1,15,101235183,NM_014918.5:c.715A>G,NP_055733.2:p.Ile239Val,0.334,20.6,['Unknown%20significance'],1.49,0.0,0.0,0.3,0.3
CHSY1,15,101235185,NM_014918.5:c.713A>G,NP_055733.2:p.His238Arg,0.585,25.9,['Unknown%20significance'],67.33,0.32,0.0,0.1,0.1
CHSY1,15,101235186,NM_014918.5:c.712C>T,NP_055733.2:p.His238Tyr,0.489,26.1,['Unknown%20significance'],67.33,0.32,0.0,-0.7,0.7
CHSY1,15,101235188,NM_014918.5:c.710C>T,NP_055733.2:p.Pro237Leu,0.547,28.1,['Unknown%20significance'],85.38,0.54,0.0,-0.5,0.5
CHSY1,15,101235188,NM_014918.5:c.710C>A,NP_055733.2:p.Pro237Gln,0.476,27.1,['Unknown%20significance'],85.38,0.54,0.0,-0.1,0.1
CHSY1,15,101235194,NM_014918.5:c.704T>C,NP_055733.2:p.Met235Thr,0.298,22.8,['Unknown%20significance'],0.0,0.0,0.0,1.9,1.9
CHSY1,15,101235194,NM_014918.5:c.704T>A,NP_055733.2:p.Met235Lys,0.449,23.4,['Unknown%20significance'],0.0,0.0,0.0,3.5,3.5
CHSY1,15,101235195,NM_014918.5:c.703A>G,NP_055733.2:p.Met235Val,0.073,15.05,['Unknown%20significance'],0.0,0.0,0.0,-0.6,0.6
CHSY1,15,101235200,NM_014918.5:c.698G>A,NP_055733.2:p.Arg233Gln,0.293,23.9,['Unknown%20significance'],99.59,0.36,0.0,0.3,0.3
CHSY1,15,101235201,NM_014918.5:c.697C>T,NP_055733.2:p.Arg233Trp,0.731,28.7,['Unknown%20significance'],99.59,0.36,0.0,-0.4,0.4
CHSY1,15,101235206,NM_014918.5:c.692T>C,NP_055733.2:p.Val231Ala,0.434,23.7,['Unknown%20significance'],0.0,0.0,0.0,1.3,1.3
CHSY1,15,101235207,NM_014918.5:c.691G>T,NP_055733.2:p.Val231Leu,0.430,23.1,['Unknown%20significance'],0.0,0.0,0.0,-0.0,0.0
CHSY1,15,101235207,NM_014918.5:c.691G>A,NP_055733.2:p.Val231Met,0.723,25.5,['Unknown%20significance'],0.0,0.0,0.0,0.8,0.8
CHSY1,15,101235208,NM_014918.5:c.690G>T,NP_055733.2:p.Glu230Asp,0.640,15.88,['Unknown%20significance'],30.94,0.15,0.0,0.3,0.3
CHSY1,15,101235209,NM_014918.5:c.689A>T,NP_055733.2:p.Glu230Val,0.793,25.2,['Unknown%20significance'],30.94,0.15,0.0,-0.3,0.3
CHSY1,15,101235210,NM_014918.5:c.688G>A,NP_055733.2:p.Glu230Lys,0.732,26.5,['Unknown%20significance'],30.94,0.15,0.0,0.7,0.7
CHSY1,15,101235212,NM_014918.5:c.686G>C,NP_055733.2:p.Arg229Pro,0.934,28.2,['Unknown%20significance'],24.32,0.09,0.0,1.8,1.8
CHSY1,15,101235212,NM_014918.5:c.686G>A,NP_055733.2:p.Arg229Gln,0.841,27.7,['Unknown%20significance'],24.32,0.09,0.0,0.8,0.8
CHSY1,15,101235213,NM_014918.5:c.685C>T,NP_055733.2:p.Arg229Trp,0.857,29.9,['Unknown%20significance'],24.32,0.09,0.0,-0.2,0.2
CHSY1,15,101235215,NM_014918.5:c.683G>C,NP_055733.2:p.Ser228Thr,0.866,25.6,['Unknown%20significance'],0.0,0.0,0.0,-0.1,0.1
CHSY1,15,101235218,NM_014918.5:c.680T>C,NP_055733.2:p.Met227Thr,0.801,23.9,['Unknown%20significance'],0.21,0.0,0.0,2.1,2.1
CHSY1,15,101235219,NM_014918.5:c.679A>G,NP_055733.2:p.Met227Val,0.466,18.22,['Unknown%20significance'],0.21,0.0,0.0,-0.4,0.4
CHSY1,15,101235220,NM_014918.5:c.678C>G,NP_055733.2:p.Ile226Met,0.823,24.6,['Unknown%20significance'],0.0,0.0,0.0,1.6,1.6
CHSY1,15,101235221,NM_014918.5:c.677T>C,NP_055733.2:p.Ile226Thr,0.955,27.6,['Unknown%20significance'],0.0,0.0,0.0,3.1,3.1
CHSY1,15,101235222,NM_014918.5:c.676A>G,NP_055733.2:p.Ile226Val,0.461,22.6,['Unknown%20significance'],0.0,0.0,0.0,-0.1,0.1
CHSY1,15,101235225,NM_014918.5:c.673G>A,NP_055733.2:p.Val225Met,0.510,19.67,['Unknown%20significance'],0.0,0.0,0.0,0.4,0.4
CHSY1,15,101235227,NM_014918.5:c.671G>T,NP_055733.2:p.Gly224Val,0.916,26.1,['Unknown%20significance'],0.0,0.0,0.0,-0.4,0.4
CHSY1,15,101235227,NM_014918.5:c.671G>A,NP_055733.2:p.Gly224Asp,0.927,26.3,['Unknown%20significance'],0.0,0.0,0.0,1.6,1.6
CHSY1,15,101235233,NM_014918.5:c.665G>T,NP_055733.2:p.Gly222Val,0.937,25.7,['Unknown%20significance'],15.01,0.15,0.0,0.7,0.7
CHSY1,15,101235233,NM_014918.5:c.665G>C,NP_055733.2:p.Gly222Ala,0.877,25.3,['Unknown%20significance'],15.01,0.15,0.0,0.6,0.6
CHSY1,15,101235234,NM_014918.5:c.664G>T,NP_055733.2:p.Gly222Trp,0.941,27.9,['Pathogenic'],15.01,0.15,0.0,-0.3,0.3
CHSY1,15,101235234,NM_014918.5:c.664G>A,NP_055733.2:p.Gly222Arg,0.935,26.7,['Unknown%20significance'],15.01,0.15,0.0,0.2,0.2
CHSY1,15,101235236,NM_014918.5:c.662G>T,NP_055733.2:p.Gly221Val,0.824,26.1,['Unknown%20significance'],2.88,0.03,0.0,0.3,0.3
CHSY1,15,101235236,NM_014918.5:c.662G>C,NP_055733.2:p.Gly221Ala,0.789,25.6,['Unknown%20significance'],2.88,0.03,0.0,0.4,0.4
CHSY1,15,101235240,NM_014918.5:c.658A>T,NP_055733.2:p.Met220Leu,0.598,25.1,['Unknown%20significance'],26.85,0.12,0.0,0.2,0.2
CHSY1,15,101235240,NM_014918.5:c.658A>G,NP_055733.2:p.Met220Val,0.704,24.6,['Unknown%20significance'],26.85,0.12,0.0,0.3,0.3
CHSY1,15,101235242,NM_014918.5:c.656G>C,NP_055733.2:p.Cys219Ser,0.867,25.8,['Unknown%20significance'],0.0,0.0,0.0,1.7,1.7
CHSY1,15,101235242,NM_014918.5:c.656G>A,NP_055733.2:p.Cys219Tyr,0.875,26.2,['Unknown%20significance'],0.0,0.0,0.0,-0.3,0.3
CHSY1,15,101235250,NM_014918.5:c.648G>C,NP_055733.2:p.Glu216Asp,0.549,22.5,['Unknown%20significance'],26.87,0.13,0.0,0.3,0.3
CHSY1,15,101235254,NM_014918.5:c.644G>C,NP_055733.2:p.Gly215Ala,0.620,24.8,['Unknown%20significance'],66.28,0.69,0.0,-0.1,0.1
CHSY1,15,101235255,NM_014918.5:c.643G>A,NP_055733.2:p.Gly215Ser,0.506,25.5,['Unknown%20significance'],66.28,0.69,0.0,-0.1,0.1
CHSY1,15,101235259,NM_014918.5:c.639G>T,NP_055733.2:p.Glu213Asp,0.522,17.52,['Likely%20benign'],137.71,0.7,0.0,0.1,0.1
CHSY1,15,101235260,NM_014918.5:c.638A>G,NP_055733.2:p.Glu213Gly,0.610,24.8,['Unknown%20significance'],137.71,0.7,0.0,0.3,0.3
CHSY1,15,101235267,NM_014918.5:c.631G>A,NP_055733.2:p.Ala211Thr,0.512,23.7,['Unknown%20significance'],36.22,0.28,0.0,-0.1,0.1
CHSY1,15,101235272,NM_014918.5:c.626A>G,NP_055733.2:p.Lys209Arg,0.077,21.8,['Unknown%20significance'],180.6,0.76,0.0,-0.3,0.3
CHSY1,15,101235275,NM_014918.5:c.623G>A,NP_055733.2:p.Gly208Glu,0.706,26.0,['Unknown%20significance'],48.18,0.5,0.0,0.0,0.0
CHSY1,15,101235279,NM_014918.5:c.619A>G,NP_055733.2:p.Met207Val,0.197,19.72,['Unknown%20significance'],125.94,0.58,0.0,0.1,0.1
CHSY1,15,101235285,NM_014918.5:c.613G>A,NP_055733.2:p.Glu205Lys,0.399,24.0,['Unknown%20significance'],155.52,0.79,0.0,0.1,0.1
CHSY1,15,101235287,NM_014918.5:c.611C>T,NP_055733.2:p.Thr204Met,0.366,22.8,['Unknown%20significance'],127.62,0.81,0.0,-0.0,0.0
CHSY1,15,101235288,NM_014918.5:c.610A>C,NP_055733.2:p.Thr204Pro,0.286,22.3,['Unknown%20significance'],127.62,0.81,0.0,0.1,0.1
CHSY1,15,101235290,NM_014918.5:c.608C>T,NP_055733.2:p.Thr203Ile,0.304,23.7,['Unknown%20significance'],75.52,0.48,0.0,-0.3,0.3
CHSY1,15,101235294,NM_014918.5:c.604G>A,NP_055733.2:p.Gly202Ser,0.532,26.6,['Unknown%20significance'],16.16,0.16,0.0,0.0,0.0
CHSY1,15,101235303,NM_014918.5:c.595A>G,NP_055733.2:p.Thr199Ala,0.472,21.3,['Unknown%20significance'],5.13,0.03,0.0,0.3,0.3
CHSY1,15,101235308,NM_014918.5:c.590G>A,NP_055733.2:p.Gly197Glu,0.932,26.2,['Unknown%20significance'],0.0,0.0,0.0,1.9,1.9
CHSY1,15,101235309,NM_014918.5:c.589G>A,NP_055733.2:p.Gly197Arg,0.942,27.2,['Unknown%20significance'],0.0,0.0,0.0,1.1,1.1
CHSY1,15,101235313,NM_014918.5:c.585T>A,NP_055733.2:p.Phe195Leu,0.557,15.61,['Likely%20benign'],0.94,0.0,0.0,1.0,1.0
CHSY1,15,101235315,NM_014918.5:c.583T>C,NP_055733.2:p.Phe195Leu,0.807,24.5,['Unknown%20significance'],0.94,0.0,0.0,1.0,1.0
CHSY1,15,101235317,NM_014918.5:c.581T>G,NP_055733.2:p.Leu194Arg,0.772,23.8,['Unknown%20significance'],36.43,0.18,0.0,1.8,1.8
CHSY1,15,101235317,NM_014918.5:c.581T>A,NP_055733.2:p.Leu194His,0.602,22.8,['Unknown%20significance'],36.43,0.18,0.0,1.8,1.8
CHSY1,15,101235318,NM_014918.5:c.580C>T,NP_055733.2:p.Leu194Phe,0.502,22.7,['Unknown%20significance'],36.43,0.18,0.0,0.2,0.2
CHSY1,15,101235318,NM_014918.5:c.580C>G,NP_055733.2:p.Leu194Val,0.315,22.0,['Unknown%20significance'],36.43,0.18,0.0,0.2,0.2
CHSY1,15,101235320,NM_014918.5:c.578C>T,NP_055733.2:p.Pro193Leu,0.536,24.3,['Unknown%20significance'],32.77,0.2,0.0,-0.1,0.1
CHSY1,15,101235322,NM_014918.5:c.576G>T,NP_055733.2:p.Glu192Asp,0.485,20.8,['Unknown%20significance'],104.19,0.53,0.0,0.2,0.2
CHSY1,15,101235322,NM_014918.5:c.576G>C,NP_055733.2:p.Glu192Asp,0.485,20.9,['Unknown%20significance'],104.19,0.53,0.0,0.2,0.2
CHSY1,15,101235324,NM_014918.5:c.574G>A,NP_055733.2:p.Glu192Lys,0.390,19.06,['Unknown%20significance'],104.19,0.53,0.0,0.1,0.1
CHSY1,15,101235325,NM_014918.5:c.573C>G,NP_055733.2:p.Ser191Arg,0.581,16.06,['Unknown%20significance'],82.2,0.59,0.0,-0.2,0.2
CHSY1,15,101235326,NM_014918.5:c.572G>A,NP_055733.2:p.Ser191Asn,0.416,24.9,['Unknown%20significance'],82.2,0.59,0.0,-0.1,0.1
CHSY1,15,101235331,NM_014918.5:c.567C>G,NP_055733.2:p.Asn189Lys,0.535,22.3,['Unknown%20significance'],81.39,0.5,0.0,0.5,0.5
CHSY1,15,101235334,NM_014918.5:c.564G>C,NP_055733.2:p.Leu188Phe,0.609,23.6,['Unknown%20significance'],66.29,0.34,0.0,-0.3,0.3
CHSY1,15,101235339,NM_014918.5:c.559A>G,NP_055733.2:p.Ser187Gly,0.437,22.8,['Unknown%20significance'],93.54,0.67,0.0,0.3,0.3
CHSY1,15,101235339,NM_014918.5:c.559A>C,NP_055733.2:p.Ser187Arg,0.581,23.0,['Unknown%20significance'],93.54,0.67,0.0,-0.2,0.2
CHSY1,15,101235340,NM_014918.5:c.558G>T,NP_055733.2:p.Arg186Ser,0.614,24.5,['Unknown%20significance'],94.62,0.35,0.0,0.5,0.5
CHSY1,15,101235341,NM_014918.5:c.557G>T,NP_055733.2:p.Arg186Met,0.833,26.8,['Unknown%20significance'],94.62,0.35,0.0,-0.5,0.5
CHSY1,15,101235346,NM_014918.5:c.552C>G,NP_055733.2:p.Phe184Leu,0.520,15.53,['Unknown%20significance'],39.32,0.17,0.0,0.3,0.3
CHSY1,15,101235350,NM_014918.5:c.548A>G,NP_055733.2:p.Asn183Ser,0.165,4.623,['Likely%20benign'],102.17,0.63,0.0,0.0,0.0
CHSY1,15,101235357,NM_014918.5:c.541C>A,NP_055733.2:p.Leu181Met,0.707,25.8,['Unknown%20significance'],0.0,0.0,0.0,2.0,2.0
CHSY1,15,101235359,NM_014918.5:c.539G>T,NP_055733.2:p.Arg180Leu,0.493,23.2,['Unknown%20significance'],70.73,0.26,0.0,-0.3,0.3
CHSY1,15,101235359,NM_014918.5:c.539G>A,NP_055733.2:p.Arg180His,0.340,23.3,['Unknown%20significance'],70.73,0.26,0.0,0.1,0.1
CHSY1,15,101235360,NM_014918.5:c.538C>T,NP_055733.2:p.Arg180Cys,0.518,27.6,['Unknown%20significance'],70.73,0.26,0.0,0.7,0.7
CHSY1,15,101235363,NM_014918.5:c.535G>T,NP_055733.2:p.Asp179Tyr,0.684,25.6,['Unknown%20significance'],34.35,0.21,0.0,-0.9,0.9
CHSY1,15,101235365,NM_014918.5:c.533G>A,NP_055733.2:p.Gly178Glu,0.638,23.4,['Unknown%20significance'],0.0,0.0,0.0,-0.4,0.4
CHSY1,15,101235368,NM_014918.5:c.530A>C,NP_055733.2:p.Lys177Thr,0.717,25.6,['Unknown%20significance'],4.12,0.01,0.0,-0.8,0.8
CHSY1,15,101235369,NM_014918.5:c.529A>G,NP_055733.2:p.Lys177Glu,0.585,22.8,['Unknown%20significance'],4.12,0.01,0.0,0.3,0.3
CHSY1,15,101235372,NM_014918.5:c.526A>G,NP_055733.2:p.Ile176Val,0.286,20.5,['Unknown%20significance'],0.0,0.0,0.0,-0.1,0.1
CHSY1,15,101235374,NM_014918.5:c.524A>T,NP_055733.2:p.Tyr175Phe,0.692,23.9,['Unknown%20significance'],2.47,0.01,0.0,0.2,0.2
CHSY1,15,101235377,NM_014918.5:c.521T>C,NP_055733.2:p.Val174Ala,0.710,23.6,['Unknown%20significance'],0.0,0.0,0.0,1.3,1.3
CHSY1,15,101235378,NM_014918.5:c.520G>A,NP_055733.2:p.Val174Met,0.735,25.0,['Unknown%20significance'],0.0,0.0,0.0,0.2,0.2
CHSY1,15,101235386,NM_014918.5:c.512A>G,NP_055733.2:p.Asp171Gly,0.905,28.0,['Unknown%20significance'],29.9,0.18,0.0,1.3,1.3
CHSY1,15,101235396,NM_014918.5:c.502A>T,NP_055733.2:p.Met168Leu,0.489,22.4,['Unknown%20significance'],0.0,0.0,0.0,-1.3,1.3
CHSY1,15,101235396,NM_014918.5:c.502A>G,NP_055733.2:p.Met168Val,0.569,22.2,['Unknown%20significance'],0.0,0.0,0.0,-0.4,0.4
CHSY1,15,101235402,NM_014918.5:c.496T>C,NP_055733.2:p.Trp166Arg,0.930,29.5,['Unknown%20significance'],0.0,0.0,0.0,5.3,5.3
CHSY1,15,101235404,NM_014918.5:c.494A>G,NP_055733.2:p.Glu165Gly,0.891,29.2,['Unknown%20significance'],49.81,0.25,0.0,0.9,0.9
CHSY1,15,101235407,NM_014918.5:c.491A>G,NP_055733.2:p.Tyr164Cys,0.748,27.7,['Unknown%20significance'],12.47,0.05,0.0,2.7,2.7
CHSY1,15,101235408,NM_014918.5:c.490T>C,NP_055733.2:p.Tyr164His,0.804,28.0,['Unknown%20significance'],12.47,0.05,0.0,1.8,1.8
CHSY1,15,101235408,NM_014918.5:c.490T>A,NP_055733.2:p.Tyr164Asn,0.860,28.2,['Unknown%20significance'],12.47,0.05,0.0,3.1,3.1
CHSY1,15,101235409,NM_014918.5:c.489G>T,NP_055733.2:p.Lys163Asn,0.238,19.41,['Unknown%20significance'],136.5,0.57,0.0,-0.1,0.1
CHSY1,15,101235410,NM_014918.5:c.488A>C,NP_055733.2:p.Lys163Thr,0.346,22.5,['Unknown%20significance'],136.5,0.57,0.0,-0.0,0.0
CHSY1,15,101235411,NM_014918.5:c.487A>G,NP_055733.2:p.Lys163Glu,0.237,23.1,['Unknown%20significance'],136.5,0.57,0.0,-0.1,0.1
CHSY1,15,101235412,NM_014918.5:c.486C>A,NP_055733.2:p.Asp162Glu,0.540,23.5,['Unknown%20significance'],108.91,0.68,0.0,0.0,0.0
CHSY1,15,101235413,NM_014918.5:c.485A>T,NP_055733.2:p.Asp162Val,0.832,28.3,['Unknown%20significance'],108.91,0.68,0.0,-0.0,0.0
CHSY1,15,101235414,NM_014918.5:c.484G>T,NP_055733.2:p.Asp162Tyr,0.804,26.5,['Unknown%20significance'],108.91,0.68,0.0,-0.3,0.3
CHSY1,15,101235415,NM_014918.5:c.483G>C,NP_055733.2:p.Leu161Phe,0.682,23.0,['Unknown%20significance'],24.1,0.12,0.0,-0.0,0.0
CHSY1,15,101235419,NM_014918.5:c.479A>T,NP_055733.2:p.Tyr160Phe,0.473,22.7,['Unknown%20significance'],21.21,0.08,0.0,0.6,0.6
CHSY1,15,101235419,NM_014918.5:c.479A>G,NP_055733.2:p.Tyr160Cys,0.878,29.6,['Unknown%20significance'],21.21,0.08,0.0,2.6,2.6
CHSY1,15,101235419,NM_014918.5:c.479A>C,NP_055733.2:p.Tyr160Ser,0.908,28.8,['Unknown%20significance'],21.21,0.08,0.0,3.3,3.3
CHSY1,15,101235422,NM_014918.5:c.476A>G,NP_055733.2:p.His159Arg,0.700,23.5,['Unknown%20significance'],100.62,0.48,0.0,0.4,0.4
CHSY1,15,101235423,NM_014918.5:c.475C>T,NP_055733.2:p.His159Tyr,0.614,23.2,['Unknown%20significance'],100.62,0.48,0.0,-0.2,0.2
CHSY1,15,101235424,NM_014918.5:c.474C>G,NP_055733.2:p.Asp158Glu,0.169,21.4,['Unknown%20significance'],95.69,0.59,0.0,-0.1,0.1
CHSY1,15,101235424,NM_014918.5:c.474C>A,NP_055733.2:p.Asp158Glu,0.169,21.3,['Unknown%20significance'],95.69,0.59,0.0,-0.1,0.1
CHSY1,15,101235426,NM_014918.5:c.472G>A,NP_055733.2:p.Asp158Asn,0.181,24.1,['Unknown%20significance'],95.69,0.59,0.0,-0.0,0.0
CHSY1,15,101235427,NM_014918.5:c.471C>A,NP_055733.2:p.His157Gln,0.384,21.4,['Unknown%20significance'],28.05,0.13,0.0,0.8,0.8
CHSY1,15,101235428,NM_014918.5:c.470A>G,NP_055733.2:p.His157Arg,0.413,25.1,['Unknown%20significance'],28.05,0.13,0.0,0.6,0.6
CHSY1,15,101235429,NM_014918.5:c.469C>T,NP_055733.2:p.His157Tyr,0.215,18.32,['Unknown%20significance'],28.05,0.13,0.0,-1.4,1.4
CHSY1,15,101235429,NM_014918.5:c.469C>G,NP_055733.2:p.His157Asp,0.337,24.5,['Unknown%20significance'],28.05,0.13,0.0,1.7,1.7
CHSY1,15,101235432,NM_014918.5:c.466A>G,NP_055733.2:p.Met156Val,0.395,23.6,['Unknown%20significance'],0.11,0.0,0.0,-0.7,0.7
CHSY1,15,101235432,NM_014918.5:c.466A>C,NP_055733.2:p.Met156Leu,0.291,23.7,['Unknown%20significance'],0.11,0.0,0.0,-0.7,0.7
CHSY1,15,101235434,NM_014918.5:c.464A>T,NP_055733.2:p.Tyr155Phe,0.347,25.2,['Unknown%20significance'],56.73,0.23,0.0,0.4,0.4
CHSY1,15,101235437,NM_014918.5:c.461A>G,NP_055733.2:p.Lys154Arg,0.282,23.2,['Unknown%20significance'],69.47,0.29,0.0,-0.7,0.7
CHSY1,15,101235441,NM_014918.5:c.457C>A,NP_055733.2:p.Leu153Ile,0.215,23.7,['Unknown%20significance'],0.06,0.0,0.0,0.5,0.5
CHSY1,15,101235444,NM_014918.5:c.454A>T,NP_055733.2:p.Met152Leu,0.356,22.8,['Unknown%20significance'],0.0,0.0,0.0,-0.6,0.6
CHSY1,15,101235447,NM_014918.5:c.451A>G,NP_055733.2:p.Met151Val,0.236,24.5,['Unknown%20significance'],52.06,0.24,0.0,-0.0,0.0
CHSY1,15,101235447,NM_014918.5:c.451A>C,NP_055733.2:p.Met151Leu,0.175,22.0,['Unknown%20significance'],52.06,0.24,0.0,-0.2,0.2
CHSY1,15,101235458,NM_014918.5:c.440A>G,NP_055733.2:p.Lys147Arg,0.161,27.0,['Unknown%20significance'],98.99,0.41,0.0,-0.7,0.7
CHSY1,15,101235459,NM_014918.5:c.439A>C,NP_055733.2:p.Lys147Gln,0.303,27.2,['Unknown%20significance'],98.99,0.41,0.0,-0.6,0.6
CHSY1,15,101235467,NM_014918.5:c.431C>T,NP_055733.2:p.Pro144Leu,0.461,28.0,['Unknown%20significance'],40.76,0.25,0.0,-0.5,0.5
CHSY1,15,101235473,NM_014918.5:c.425C>T,NP_055733.2:p.Ser142Phe,0.446,27.8,['Unknown%20significance'],71.77,0.52,0.0,-0.6,0.6
CHSY1,15,101235474,NM_014918.5:c.424T>A,NP_055733.2:p.Ser142Thr,0.151,21.4,['Unknown%20significance'],71.77,0.52,0.0,-0.2,0.2
CHSY1,15,101235477,NM_014918.5:c.421G>A,NP_055733.2:p.Asp141Asn,0.280,26.0,['Unknown%20significance'],21.73,0.13,0.0,-0.1,0.1
CHSY1,15,101235479,NM_014918.5:c.419A>G,NP_055733.2:p.Asp140Gly,0.540,28.3,['Unknown%20significance'],87.53,0.54,0.0,0.6,0.6
CHSY1,15,101235480,NM_014918.5:c.418G>A,NP_055733.2:p.Asp140Asn,0.269,26.3,['Unknown%20significance'],87.53,0.54,0.0,0.0,0.0
CHSY1,15,101235485,NM_014918.5:c.413G>T,NP_055733.2:p.Gly138Val,0.292,24.9,['Unknown%20significance'],47.89,0.5,0.0,-0.5,0.5
CHSY1,15,101235485,NM_014918.5:c.413G>A,NP_055733.2:p.Gly138Asp,0.144,23.3,['Unknown%20significance'],47.89,0.5,0.0,0.2,0.2
CHSY1,15,101235486,NM_014918.5:c.412G>C,NP_055733.2:p.Gly138Arg,0.134,22.5,['Unknown%20significance'],47.89,0.5,0.0,-0.4,0.4
CHSY1,15,101235488,NM_014918.5:c.410G>T,NP_055733.2:p.Arg137Leu,0.043,22.5,['Unknown%20significance'],224.83,0.83,0.0,-0.1,0.1
CHSY1,15,101235488,NM_014918.5:c.410G>A,NP_055733.2:p.Arg137Gln,0.060,18.86,['Likely%20benign'],224.83,0.83,0.0,0.1,0.1
CHSY1,15,101235489,NM_014918.5:c.409C>T,NP_055733.2:p.Arg137Trp,0.120,25.6,['Unknown%20significance'],224.83,0.83,0.0,-0.1,0.1
CHSY1,15,101235492,NM_014918.5:c.406C>G,NP_055733.2:p.Leu136Val,0.194,24.6,['Unknown%20significance'],3.82,0.01,0.0,0.6,0.6
CHSY1,15,101235494,NM_014918.5:c.404C>T,NP_055733.2:p.Pro135Leu,0.148,22.8,['Unknown%20significance'],41.1,0.26,0.0,-1.2,1.2
CHSY1,15,101235494,NM_014918.5:c.404C>A,NP_055733.2:p.Pro135Gln,0.149,22.5,['Unknown%20significance'],41.1,0.26,0.0,-0.4,0.4
CHSY1,15,101235495,NM_014918.5:c.403C>T,NP_055733.2:p.Pro135Ser,0.046,16.16,['Unknown%20significance'],41.1,0.26,0.0,-0.1,0.1
CHSY1,15,101235495,NM_014918.5:c.403C>G,NP_055733.2:p.Pro135Ala,0.040,12.55,['Unknown%20significance'],41.1,0.26,0.0,-0.6,0.6
CHSY1,15,101235500,NM_014918.5:c.398T>C,NP_055733.2:p.Val133Ala,0.125,22.7,['Unknown%20significance'],17.34,0.1,0.0,1.4,1.4
CHSY1,15,101235503,NM_014918.5:c.395C>T,NP_055733.2:p.Pro132Leu,0.490,25.0,['Unknown%20significance'],49.62,0.31,0.0,-0.8,0.8
CHSY1,15,101235504,NM_014918.5:c.394C>T,NP_055733.2:p.Pro132Ser,0.339,23.3,['Unknown%20significance'],49.62,0.31,0.0,0.5,0.5
CHSY1,15,101235504,NM_014918.5:c.394C>G,NP_055733.2:p.Pro132Ala,0.306,22.7,['Unknown%20significance'],49.62,0.31,0.0,0.0,0.0
CHSY1,15,101235509,NM_014918.5:c.389C>G,NP_055733.2:p.Pro130Arg,0.258,21.3,['Unknown%20significance'],114.35,0.72,0.0,0.1,0.1
CHSY1,15,101235510,NM_014918.5:c.388C>G,NP_055733.2:p.Pro130Ala,0.199,19.28,['Unknown%20significance'],114.35,0.72,0.0,0.1,0.1
CHSY1,15,101235512,NM_014918.5:c.386T>C,NP_055733.2:p.Val129Ala,0.100,12.88,['Likely%20benign'],5.15,0.03,0.0,1.4,1.4
CHSY1,15,101235513,NM_014918.5:c.385G>C,NP_055733.2:p.Val129Leu,0.035,0.192,['Likely%20benign'],5.15,0.03,0.0,-0.4,0.4
CHSY1,15,101235515,NM_014918.5:c.383C>T,NP_055733.2:p.Ser128Phe,0.194,22.6,['Unknown%20significance'],107.69,0.78,0.0,-0.2,0.2
CHSY1,15,101235515,NM_014918.5:c.383C>G,NP_055733.2:p.Ser128Cys,0.199,21.6,['Unknown%20significance'],107.69,0.78,0.0,0.1,0.1
CHSY1,15,101235515,NM_014918.5:c.383C>A,NP_055733.2:p.Ser128Tyr,0.159,23.2,['Unknown%20significance'],107.69,0.78,0.0,-0.3,0.3
CHSY1,15,101235516,NM_014918.5:c.382T>A,NP_055733.2:p.Ser128Thr,0.062,13.07,['Unknown%20significance'],107.69,0.78,0.0,-0.1,0.1
CHSY1,15,101235518,NM_014918.5:c.380C>T,NP_055733.2:p.Thr127Ile,0.139,21.8,['Unknown%20significance'],96.7,0.61,0.0,-0.1,0.1
CHSY1,15,101235518,NM_014918.5:c.380C>G,NP_055733.2:p.Thr127Arg,0.149,19.15,['Unknown%20significance'],96.7,0.61,0.0,-0.1,0.1
CHSY1,15,101235518,NM_014918.5:c.380C>A,NP_055733.2:p.Thr127Lys,0.165,18.88,['Unknown%20significance'],96.7,0.61,0.0,0.2,0.2
CHSY1,15,101235519,NM_014918.5:c.379A>C,NP_055733.2:p.Thr127Pro,0.212,21.8,['Unknown%20significance'],96.7,0.61,0.0,0.2,0.2
CHSY1,15,101235521,NM_014918.5:c.377A>G,NP_055733.2:p.Asp126Gly,0.152,22.1,['Unknown%20significance'],41.35,0.25,0.0,0.8,0.8
CHSY1,15,101235524,NM_014918.5:c.374C>G,NP_055733.2:p.Ser125Cys,0.333,26.0,['Unknown%20significance'],6.66,0.04,0.0,0.4,0.4
CHSY1,15,101235525,NM_014918.5:c.373T>C,NP_055733.2:p.Ser125Pro,0.255,22.6,['Unknown%20significance'],6.66,0.04,0.0,0.6,0.6
CHSY1,15,101235527,NM_014918.5:c.371G>T,NP_055733.2:p.Gly124Val,0.243,24.6,['Unknown%20significance'],68.22,0.71,0.0,-0.3,0.3
CHSY1,15,101235528,NM_014918.5:c.370G>A,NP_055733.2:p.Gly124Ser,0.159,21.8,['Unknown%20significance'],68.22,0.71,0.0,-0.3,0.3
CHSY1,15,101235529,NM_014918.5:c.369G>C,NP_055733.2:p.Glu123Asp,0.052,20.8,['Unknown%20significance'],106.66,0.54,0.0,0.1,0.1
CHSY1,15,101235530,NM_014918.5:c.368A>G,NP_055733.2:p.Glu123Gly,0.128,24.1,['Unknown%20significance'],106.66,0.54,0.0,0.4,0.4
CHSY1,15,101235531,NM_014918.5:c.367G>A,NP_055733.2:p.Glu123Lys,0.086,23.8,['Unknown%20significance'],106.66,0.54,0.0,0.0,0.0
CHSY1,15,101235533,NM_014918.5:c.365G>T,NP_055733.2:p.Ser122Ile,0.590,26.1,['Unknown%20significance'],6.75,0.04,0.0,-0.4,0.4
CHSY1,15,101235533,NM_014918.5:c.365G>A,NP_055733.2:p.Ser122Asn,0.172,24.4,['Unknown%20significance'],6.75,0.04,0.0,0.2,0.2
CHSY1,15,101235536,NM_014918.5:c.362C>T,NP_055733.2:p.Ser121Leu,0.513,31,['Unknown%20significance'],0.0,0.0,0.0,-1.6,1.6
CHSY1,15,101235539,NM_014918.5:c.359T>C,NP_055733.2:p.Phe120Ser,0.746,28.6,['Unknown%20significance'],0.0,0.0,0.0,4.9,4.9
CHSY1,15,101235540,NM_014918.5:c.358T>A,NP_055733.2:p.Phe120Ile,0.530,26.8,['Unknown%20significance'],0.0,0.0,0.0,0.9,0.9
CHSY1,15,101235541,NM_014918.5:c.357C>G,NP_055733.2:p.Phe119Leu,0.389,27.6,['Unknown%20significance'],0.0,0.0,0.0,1.9,1.9
CHSY1,15,101235544,NM_014918.5:c.354G>T,NP_055733.2:p.Gln118His,0.038,13.59,['Unknown%20significance'],11.23,0.05,0.0,-0.3,0.3
CHSY1,15,101235544,NM_014918.5:c.354G>C,NP_055733.2:p.Gln118His,0.038,13.62,['Unknown%20significance'],11.23,0.05,0.0,-0.3,0.3
CHSY1,15,101235546,NM_014918.5:c.352C>G,NP_055733.2:p.Gln118Glu,0.111,9.883,['Likely%20benign'],11.23,0.05,0.0,0.7,0.7
CHSY1,15,101235548,NM_014918.5:c.350T>C,NP_055733.2:p.Val117Ala,0.546,26.3,['Unknown%20significance'],6.09,0.03,0.0,2.3,2.3
CHSY1,15,101235549,NM_014918.5:c.349G>A,NP_055733.2:p.Val117Ile,0.116,19.83,['Unknown%20significance'],6.09,0.03,0.0,-0.2,0.2
CHSY1,15,101235551,NM_014918.5:c.347A>G,NP_055733.2:p.Lys116Arg,0.026,16.71,['Likely%20benign'],91.11,0.38,0.0,-0.7,0.7
CHSY1,15,101235557,NM_014918.5:c.341C>A,NP_055733.2:p.Pro114His,0.416,27.6,['Unknown%20significance'],5.6,0.03,0.0,-0.5,0.5
CHSY1,15,101235561,NM_014918.5:c.337A>T,NP_055733.2:p.Ile113Phe,0.195,24.3,['Unknown%20significance'],9.66,0.04,0.0,0.1,0.1
CHSY1,15,101235561,NM_014918.5:c.337A>G,NP_055733.2:p.Ile113Val,0.094,19.39,['Unknown%20significance'],9.66,0.04,0.0,0.1,0.1
CHSY1,15,101235563,NM_014918.5:c.335C>G,NP_055733.2:p.Thr112Arg,0.264,19.40,['Unknown%20significance'],33.75,0.21,0.0,-0.8,0.8
CHSY1,15,101235564,NM_014918.5:c.334A>G,NP_055733.2:p.Thr112Ala,0.073,19.06,['Unknown%20significance'],33.75,0.21,0.0,0.3,0.3
CHSY1,15,101235567,NM_014918.5:c.331A>G,NP_055733.2:p.Lys111Glu,0.103,23.9,['Unknown%20significance'],156.66,0.66,0.0,-0.1,0.1
CHSY1,15,101235569,NM_014918.5:c.329C>A,NP_055733.2:p.Ser110Tyr,0.286,23.7,['Unknown%20significance'],10.1,0.07,0.0,-1.2,1.2
CHSY1,15,101235576,NM_014918.5:c.322A>T,NP_055733.2:p.Thr108Ser,0.873,27.0,['Unknown%20significance'],0.0,0.0,0.0,1.4,1.4
CHSY1,15,101235576,NM_014918.5:c.322A>G,NP_055733.2:p.Thr108Ala,0.938,29.8,['Unknown%20significance'],0.0,0.0,0.0,1.5,1.5
CHSY1,15,101251137,NM_014918.5:c.320G>T,NP_055733.2:p.Arg107Ile,0.187,33,['Unknown%20significance'],121.99,0.45,0.0,-0.2,0.2
CHSY1,15,101251138,NM_014918.5:c.319A>G,NP_055733.2:p.Arg107Gly,0.129,26.7,['Unknown%20significance'],121.99,0.45,0.0,0.9,0.9
CHSY1,15,101251140,NM_014918.5:c.317A>T,NP_055733.2:p.Tyr106Phe,0.066,23.0,['Unknown%20significance'],83.18,0.34,0.0,0.3,0.3
CHSY1,15,101251140,NM_014918.5:c.317A>G,NP_055733.2:p.Tyr106Cys,0.186,29.0,['Unknown%20significance'],83.18,0.34,0.0,1.2,1.2
CHSY1,15,101251141,NM_014918.5:c.316T>G,NP_055733.2:p.Tyr106Asp,0.184,24.6,['Unknown%20significance'],83.18,0.34,0.0,1.6,1.6
CHSY1,15,101251141,NM_014918.5:c.316T>C,NP_055733.2:p.Tyr106His,0.068,23.0,['Unknown%20significance'],83.18,0.34,0.0,0.8,0.8
CHSY1,15,101251141,NM_014918.5:c.316T>A,NP_055733.2:p.Tyr106Asn,0.102,23.3,['Unknown%20significance'],83.18,0.34,0.0,1.3,1.3
CHSY1,15,101251143,NM_014918.5:c.314C>T,NP_055733.2:p.Ala105Val,0.272,22.4,['Unknown%20significance'],0.0,0.0,0.0,-2.7,2.7
CHSY1,15,101251143,NM_014918.5:c.314C>G,NP_055733.2:p.Ala105Gly,0.191,25.1,['Unknown%20significance'],0.0,0.0,0.0,1.6,1.6
CHSY1,15,101251143,NM_014918.5:c.314C>A,NP_055733.2:p.Ala105Asp,0.405,25.5,['Unknown%20significance'],0.0,0.0,0.0,1.0,1.0
CHSY1,15,101251144,NM_014918.5:c.313G>T,NP_055733.2:p.Ala105Ser,0.180,23.0,['Unknown%20significance'],0.0,0.0,0.0,0.6,0.6
CHSY1,15,101251144,NM_014918.5:c.313G>C,NP_055733.2:p.Ala105Pro,0.349,28.4,['Unknown%20significance'],0.0,0.0,0.0,0.8,0.8
CHSY1,15,101251144,NM_014918.5:c.313G>A,NP_055733.2:p.Ala105Thr,0.186,23.5,['Unknown%20significance'],0.0,0.0,0.0,-0.3,0.3
CHSY1,15,101251146,NM_014918.5:c.311C>T,NP_055733.2:p.Ala104Val,0.295,30,['Unknown%20significance'],0.0,0.0,0.0,-0.7,0.7
CHSY1,15,101251146,NM_014918.5:c.311C>A,NP_055733.2:p.Ala104Asp,0.249,25.8,['Unknown%20significance'],0.0,0.0,0.0,1.7,1.7
CHSY1,15,101251147,NM_014918.5:c.310G>T,NP_055733.2:p.Ala104Ser,0.141,23.8,['Unknown%20significance'],0.0,0.0,0.0,1.1,1.1
CHSY1,15,101251147,NM_014918.5:c.310G>A,NP_055733.2:p.Ala104Thr,0.112,24.5,['Unknown%20significance'],0.0,0.0,0.0,0.6,0.6
CHSY1,15,101251149,NM_014918.5:c.308T>C,NP_055733.2:p.Val103Ala,0.095,23.2,['Unknown%20significance'],5.94,0.03,0.0,1.7,1.7
CHSY1,15,101251150,NM_014918.5:c.307G>T,NP_055733.2:p.Val103Leu,0.035,22.4,['Likely%20benign'],5.94,0.03,0.0,0.0,0.0
CHSY1,15,101251150,NM_014918.5:c.307G>A,NP_055733.2:p.Val103Met,0.102,23.9,['Unknown%20significance'],5.94,0.03,0.0,0.5,0.5
CHSY1,15,101251152,NM_014918.5:c.305C>T,NP_055733.2:p.Ala102Val,0.138,24.8,['Unknown%20significance'],0.0,0.0,0.0,-0.6,0.6
CHSY1,15,101251152,NM_014918.5:c.305C>A,NP_055733.2:p.Ala102Asp,0.424,28.4,['Unknown%20significance'],0.0,0.0,0.0,1.6,1.6
CHSY1,15,101251153,NM_014918.5:c.304G>T,NP_055733.2:p.Ala102Ser,0.176,24.2,['Unknown%20significance'],0.0,0.0,0.0,1.0,1.0
CHSY1,15,101251153,NM_014918.5:c.304G>A,NP_055733.2:p.Ala102Thr,0.178,25.0,['Unknown%20significance'],0.0,0.0,0.0,0.5,0.5
CHSY1,15,101251155,NM_014918.5:c.302G>T,NP_055733.2:p.Arg101Leu,0.416,32,['Unknown%20significance'],17.39,0.06,0.0,0.3,0.3
CHSY1,15,101251155,NM_014918.5:c.302G>A,NP_055733.2:p.Arg101Gln,0.345,32,['Unknown%20significance'],17.39,0.06,0.0,0.8,0.8
CHSY1,15,101251156,NM_014918.5:c.301C>T,NP_055733.2:p.Arg101Trp,0.448,32,['Unknown%20significance'],17.39,0.06,0.0,0.0,0.0
CHSY1,15,101251158,NM_014918.5:c.299C>T,NP_055733.2:p.Thr100Ile,0.103,24.2,['Unknown%20significance'],65.21,0.41,0.0,-0.0,0.0
CHSY1,15,101251158,NM_014918.5:c.299C>A,NP_055733.2:p.Thr100Asn,0.016,22.1,['Unknown%20significance'],65.21,0.41,0.0,0.4,0.4
CHSY1,15,101251160,NM_014918.5:c.297G>T,NP_055733.2:p.Gln99His,0.006,22.5,['Unknown%20significance'],124.41,0.62,0.0,-0.0,0.0
CHSY1,15,101251160,NM_014918.5:c.297G>C,NP_055733.2:p.Gln99His,0.006,22.5,['Unknown%20significance'],124.41,0.62,0.0,-0.0,0.0
CHSY1,15,101251161,NM_014918.5:c.296A>T,NP_055733.2:p.Gln99Leu,0.056,23.5,['Likely%20benign'],124.41,0.62,0.0,0.0,0.0
CHSY1,15,101251161,NM_014918.5:c.296A>G,NP_055733.2:p.Gln99Arg,0.065,23.0,['Likely%20benign'],124.41,0.62,0.0,-0.0,0.0
CHSY1,15,101251162,NM_014918.5:c.295C>A,NP_055733.2:p.Gln99Lys,0.054,22.5,['Likely%20benign'],124.41,0.62,0.0,0.4,0.4
CHSY1,15,101251164,NM_014918.5:c.293T>C,NP_055733.2:p.Leu98Pro,0.315,29.6,['Unknown%20significance'],0.0,0.0,0.0,2.6,2.6
CHSY1,15,101251165,NM_014918.5:c.292C>G,NP_055733.2:p.Leu98Val,0.079,24.0,['Unknown%20significance'],0.0,0.0,0.0,0.7,0.7
CHSY1,15,101251165,NM_014918.5:c.292C>A,NP_055733.2:p.Leu98Met,0.263,27.1,['Unknown%20significance'],0.0,0.0,0.0,0.4,0.4
CHSY1,15,101251167,NM_014918.5:c.290A>G,NP_055733.2:p.Tyr97Cys,0.282,32,['Unknown%20significance'],76.24,0.31,0.0,1.7,1.7
CHSY1,15,101251168,NM_014918.5:c.289T>C,NP_055733.2:p.Tyr97His,0.200,28.9,['Unknown%20significance'],76.24,0.31,0.0,0.8,0.8
CHSY1,15,101251169,NM_014918.5:c.288A>C,NP_055733.2:p.Lys96Asn,0.119,22.5,['Unknown%20significance'],114.41,0.48,0.0,-0.2,0.2
CHSY1,15,101251172,NM_014918.5:c.285G>T,NP_055733.2:p.Gln95His,0.086,24.0,['Unknown%20significance'],86.45,0.43,0.0,-0.1,0.1
CHSY1,15,101251172,NM_014918.5:c.285G>C,NP_055733.2:p.Gln95His,0.086,24.1,['Unknown%20significance'],86.45,0.43,0.0,-0.1,0.1
CHSY1,15,101251173,NM_014918.5:c.284A>T,NP_055733.2:p.Gln95Leu,0.164,25.3,['Unknown%20significance'],86.45,0.43,0.0,0.1,0.1
CHSY1,15,101251173,NM_014918.5:c.284A>G,NP_055733.2:p.Gln95Arg,0.161,24.7,['Unknown%20significance'],86.45,0.43,0.0,-0.2,0.2
CHSY1,15,101251174,NM_014918.5:c.283C>G,NP_055733.2:p.Gln95Glu,0.162,22.9,['Unknown%20significance'],86.45,0.43,0.0,0.3,0.3
CHSY1,15,101251174,NM_014918.5:c.283C>A,NP_055733.2:p.Gln95Lys,0.200,22.4,['Unknown%20significance'],86.45,0.43,0.0,0.4,0.4
CHSY1,15,101251176,NM_014918.5:c.281C>T,NP_055733.2:p.Ala94Val,0.225,25.2,['Unknown%20significance'],3.48,0.02,0.0,-0.3,0.3
CHSY1,15,101251176,NM_014918.5:c.281C>A,NP_055733.2:p.Ala94Asp,0.263,25.3,['Unknown%20significance'],3.48,0.02,0.0,0.8,0.8
CHSY1,15,101251177,NM_014918.5:c.280G>T,NP_055733.2:p.Ala94Ser,0.101,26.3,['Unknown%20significance'],3.48,0.02,0.0,0.2,0.2
CHSY1,15,101251177,NM_014918.5:c.280G>A,NP_055733.2:p.Ala94Thr,0.129,28.0,['Unknown%20significance'],3.48,0.02,0.0,-0.2,0.2
CHSY1,15,101251179,NM_014918.5:c.278C>T,NP_055733.2:p.Thr93Ile,0.321,24.5,['Unknown%20significance'],1.1,0.0,0.0,-0.1,0.1
CHSY1,15,101251179,NM_014918.5:c.278C>G,NP_055733.2:p.Thr93Ser,0.293,23.9,['Unknown%20significance'],1.1,0.0,0.0,1.4,1.4
CHSY1,15,101251179,NM_014918.5:c.278C>A,NP_055733.2:p.Thr93Asn,0.380,26.6,['Unknown%20significance'],1.1,0.0,0.0,1.7,1.7
CHSY1,15,101251180,NM_014918.5:c.277A>T,NP_055733.2:p.Thr93Ser,0.376,24.2,['Unknown%20significance'],1.1,0.0,0.0,1.4,1.4
CHSY1,15,101251180,NM_014918.5:c.277A>G,NP_055733.2:p.Thr93Ala,0.564,27.5,['Unknown%20significance'],1.1,0.0,0.0,1.1,1.1
CHSY1,15,101251181,NM_014918.5:c.276G>T,NP_055733.2:p.Met92Ile,0.146,24.0,['Unknown%20significance'],8.78,0.04,0.0,0.1,0.1
CHSY1,15,101251181,NM_014918.5:c.276G>C,NP_055733.2:p.Met92Ile,0.146,24.0,['Unknown%20significance'],8.78,0.04,0.0,0.1,0.1
CHSY1,15,101251181,NM_014918.5:c.276G>A,NP_055733.2:p.Met92Ile,0.146,24.2,['Unknown%20significance'],8.78,0.04,0.0,0.1,0.1
CHSY1,15,101251182,NM_014918.5:c.275T>A,NP_055733.2:p.Met92Lys,0.369,29.4,['Unknown%20significance'],8.78,0.04,0.0,2.8,2.8
CHSY1,15,101251183,NM_014918.5:c.274A>T,NP_055733.2:p.Met92Leu,0.182,23.3,['Unknown%20significance'],8.78,0.04,0.0,-0.1,0.1
CHSY1,15,101251183,NM_014918.5:c.274A>G,NP_055733.2:p.Met92Val,0.197,24.2,['Unknown%20significance'],8.78,0.04,0.0,0.5,0.5
CHSY1,15,101251185,NM_014918.5:c.272T>C,NP_055733.2:p.Val91Ala,0.386,28.9,['Unknown%20significance'],0.0,0.0,0.0,3.3,3.3
CHSY1,15,101251185,NM_014918.5:c.272T>A,NP_055733.2:p.Val91Asp,0.684,32,['Unknown%20significance'],0.0,0.0,0.0,5.5,5.5
CHSY1,15,101251186,NM_014918.5:c.271G>T,NP_055733.2:p.Val91Phe,0.542,29.3,['Unknown%20significance'],0.0,0.0,0.0,1.4,1.4
CHSY1,15,101251186,NM_014918.5:c.271G>A,NP_055733.2:p.Val91Ile,0.114,24.5,['Unknown%20significance'],0.0,0.0,0.0,0.1,0.1
CHSY1,15,101251188,NM_014918.5:c.269G>T,NP_055733.2:p.Gly90Val,0.317,28.3,['Unknown%20significance'],0.0,0.0,0.0,-3.1,3.1
CHSY1,15,101251188,NM_014918.5:c.269G>A,NP_055733.2:p.Gly90Glu,0.457,28.4,['Unknown%20significance'],0.0,0.0,0.0,0.4,0.4
CHSY1,15,101251191,NM_014918.5:c.266T>C,NP_055733.2:p.Val89Ala,0.260,25.1,['Unknown%20significance'],0.0,0.0,0.0,2.9,2.9
CHSY1,15,101251191,NM_014918.5:c.266T>A,NP_055733.2:p.Val89Glu,0.437,31,['Unknown%20significance'],0.0,0.0,0.0,5.3,5.3
CHSY1,15,101251192,NM_014918.5:c.265G>T,NP_055733.2:p.Val89Leu,0.165,23.9,['Unknown%20significance'],0.0,0.0,0.0,0.5,0.5
CHSY1,15,101251192,NM_014918.5:c.265G>C,NP_055733.2:p.Val89Leu,0.165,23.9,['Unknown%20significance'],0.0,0.0,0.0,0.5,0.5
CHSY1,15,101251192,NM_014918.5:c.265G>A,NP_055733.2:p.Val89Met,0.238,24.3,['Unknown%20significance'],0.0,0.0,0.0,1.7,1.7
CHSY1,15,101251193,NM_014918.5:c.264C>A,NP_055733.2:p.Phe88Leu,0.156,24.1,['Unknown%20significance'],0.0,0.0,0.0,0.2,0.2
CHSY1,15,101251195,NM_014918.5:c.262T>A,NP_055733.2:p.Phe88Ile,0.243,24.5,['Unknown%20significance'],0.0,0.0,0.0,1.0,1.0
CHSY1,15,101251197,NM_014918.5:c.260T>C,NP_055733.2:p.Leu87Pro,0.522,25.7,['Unknown%20significance'],0.0,0.0,0.0,4.4,4.4
CHSY1,15,101251198,NM_014918.5:c.259C>T,NP_055733.2:p.Leu87Phe,0.267,27.5,['Unknown%20significance'],0.0,0.0,0.0,0.6,0.6
CHSY1,15,101251198,NM_014918.5:c.259C>G,NP_055733.2:p.Leu87Val,0.173,21.4,['Unknown%20significance'],0.0,0.0,0.0,0.1,0.1
CHSY1,15,101251198,NM_014918.5:c.259C>A,NP_055733.2:p.Leu87Ile,0.124,22.7,['Unknown%20significance'],0.0,0.0,0.0,-0.1,0.1
CHSY1,15,101251199,NM_014918.5:c.258T>A,NP_055733.2:p.Phe86Leu,0.279,21.8,['Unknown%20significance'],15.02,0.06,0.0,0.2,0.2
CHSY1,15,101251200,NM_014918.5:c.257T>C,NP_055733.2:p.Phe86Ser,0.249,26.5,['Unknown%20significance'],15.02,0.06,0.0,2.2,2.2
CHSY1,15,101251201,NM_014918.5:c.256T>G,NP_055733.2:p.Phe86Val,0.279,25.5,['Unknown%20significance'],15.02,0.06,0.0,0.6,0.6
CHSY1,15,101251202,NM_014918.5:c.255C>G,NP_055733.2:p.Asn85Lys,0.086,23.0,['Unknown%20significance'],99.85,0.62,0.0,0.2,0.2
CHSY1,15,101251202,NM_014918.5:c.255C>A,NP_055733.2:p.Asn85Lys,0.086,23.0,['Unknown%20significance'],99.85,0.62,0.0,0.2,0.2
CHSY1,15,101251203,NM_014918.5:c.254A>G,NP_055733.2:p.Asn85Ser,0.036,19.99,['Likely%20benign'],99.85,0.62,0.0,0.0,0.0
CHSY1,15,101251204,NM_014918.5:c.253A>G,NP_055733.2:p.Asn85Asp,0.073,22.6,['Unknown%20significance'],99.85,0.62,0.0,0.1,0.1
CHSY1,15,101251205,NM_014918.5:c.252G>T,NP_055733.2:p.Arg84Ser,0.078,15.53,['Likely%20benign'],137.79,0.51,0.0,0.5,0.5
CHSY1,15,101251205,NM_014918.5:c.252G>C,NP_055733.2:p.Arg84Ser,0.078,15.43,['Likely%20benign'],137.79,0.51,0.0,0.5,0.5
CHSY1,15,101251206,NM_014918.5:c.251G>T,NP_055733.2:p.Arg84Met,0.020,23.6,['Unknown%20significance'],137.79,0.51,0.0,0.2,0.2
CHSY1,15,101251206,NM_014918.5:c.251G>C,NP_055733.2:p.Arg84Thr,0.022,22.4,['Likely%20benign'],137.79,0.51,0.0,0.3,0.3
CHSY1,15,101251206,NM_014918.5:c.251G>A,NP_055733.2:p.Arg84Lys,0.028,20.9,['Likely%20benign'],137.79,0.51,0.0,0.5,0.5
CHSY1,15,101251207,NM_014918.5:c.250A>G,NP_055733.2:p.Arg84Gly,0.057,23.1,['Unknown%20significance'],137.79,0.51,0.0,0.9,0.9
CHSY1,15,101251208,NM_014918.5:c.249C>G,NP_055733.2:p.Asp83Glu,0.080,22.2,['Likely%20benign'],87.23,0.54,0.0,-0.1,0.1
CHSY1,15,101251208,NM_014918.5:c.249C>A,NP_055733.2:p.Asp83Glu,0.080,22.2,['Likely%20benign'],87.23,0.54,0.0,-0.1,0.1
CHSY1,15,101251209,NM_014918.5:c.248A>T,NP_055733.2:p.Asp83Val,0.029,23.1,['Unknown%20significance'],87.23,0.54,0.0,-0.3,0.3
CHSY1,15,101251209,NM_014918.5:c.248A>C,NP_055733.2:p.Asp83Ala,0.021,22.7,['Unknown%20significance'],87.23,0.54,0.0,-0.1,0.1
CHSY1,15,101251210,NM_014918.5:c.247G>T,NP_055733.2:p.Asp83Tyr,0.044,24.3,['Unknown%20significance'],87.23,0.54,0.0,-0.6,0.6
CHSY1,15,101251210,NM_014918.5:c.247G>A,NP_055733.2:p.Asp83Asn,0.089,22.8,['Likely%20benign'],87.23,0.54,0.0,-0.1,0.1
CHSY1,15,101251212,NM_014918.5:c.245G>T,NP_055733.2:p.Arg82Leu,0.028,20.3,['Unknown%20significance'],93.34,0.34,0.0,0.0,0.0
CHSY1,15,101251212,NM_014918.5:c.245G>A,NP_055733.2:p.Arg82His,0.054,20.9,['Unknown%20significance'],93.34,0.34,0.0,0.2,0.2
CHSY1,15,101251213,NM_014918.5:c.244C>T,NP_055733.2:p.Arg82Cys,0.110,25.1,['Unknown%20significance'],93.34,0.34,0.0,0.6,0.6
CHSY1,15,101251213,NM_014918.5:c.244C>G,NP_055733.2:p.Arg82Gly,0.082,23.0,['Likely%20benign'],93.34,0.34,0.0,0.9,0.9
CHSY1,15,101251213,NM_014918.5:c.244C>A,NP_055733.2:p.Arg82Ser,0.084,22.5,['Likely%20benign'],93.34,0.34,0.0,0.5,0.5
CHSY1,15,101251215,NM_014918.5:c.242C>T,NP_055733.2:p.Pro81Leu,0.082,20.7,['Likely%20benign'],139.51,0.88,0.0,-0.0,0.0
CHSY1,15,101251215,NM_014918.5:c.242C>A,NP_055733.2:p.Pro81Gln,0.065,16.14,['Likely%20benign'],139.51,0.88,0.0,-0.0,0.0
CHSY1,15,101251216,NM_014918.5:c.241C>T,NP_055733.2:p.Pro81Ser,0.023,16.30,['Likely%20benign'],139.51,0.88,0.0,0.0,0.0
CHSY1,15,101251216,NM_014918.5:c.241C>A,NP_055733.2:p.Pro81Thr,0.020,16.51,['Likely%20benign'],139.51,0.88,0.0,-0.0,0.0
CHSY1,15,101251218,NM_014918.5:c.239G>T,NP_055733.2:p.Gly80Val,0.052,17.74,['Likely%20benign'],60.06,0.62,0.0,-0.5,0.5
CHSY1,15,101251218,NM_014918.5:c.239G>C,NP_055733.2:p.Gly80Ala,0.041,15.17,['Likely%20benign'],60.06,0.62,0.0,-0.3,0.3
CHSY1,15,101251218,NM_014918.5:c.239G>A,NP_055733.2:p.Gly80Asp,0.038,17.10,['Likely%20benign'],60.06,0.62,0.0,-0.2,0.2
CHSY1,15,101251219,NM_014918.5:c.238G>T,NP_055733.2:p.Gly80Cys,0.037,19.13,['Likely%20benign'],60.06,0.62,0.0,-0.3,0.3
CHSY1,15,101251219,NM_014918.5:c.238G>C,NP_055733.2:p.Gly80Arg,0.037,15.95,['Likely%20benign'],60.06,0.62,0.0,-0.5,0.5
CHSY1,15,101251219,NM_014918.5:c.238G>A,NP_055733.2:p.Gly80Ser,0.036,14.67,['Likely%20benign'],60.06,0.62,0.0,-0.4,0.4
CHSY1,15,101251221,NM_014918.5:c.236G>T,NP_055733.2:p.Gly79Val,0.018,16.99,['Likely%20benign'],39.58,0.41,0.0,-0.6,0.6
CHSY1,15,101251221,NM_014918.5:c.236G>A,NP_055733.2:p.Gly79Asp,0.014,16.70,['Likely%20benign'],39.58,0.41,0.0,-0.1,0.1
CHSY1,15,101251222,NM_014918.5:c.235G>T,NP_055733.2:p.Gly79Cys,0.125,23.5,['Likely%20benign'],39.58,0.41,0.0,-0.3,0.3
CHSY1,15,101251222,NM_014918.5:c.235G>A,NP_055733.2:p.Gly79Ser,0.105,19.70,['Likely%20benign'],39.58,0.41,0.0,-0.3,0.3
CHSY1,15,101251223,NM_014918.5:c.234T>A,NP_055733.2:p.Asp78Glu,0.030,0.380,['Likely%20benign'],160.74,1.0,0.0,-0.0,0.0
CHSY1,15,101251224,NM_014918.5:c.233A>G,NP_055733.2:p.Asp78Gly,0.098,16.92,['Likely%20benign'],160.74,1.0,0.0,0.0,0.0
CHSY1,15,101251224,NM_014918.5:c.233A>C,NP_055733.2:p.Asp78Ala,0.033,15.62,['Likely%20benign'],160.74,1.0,0.0,-0.0,0.0
CHSY1,15,101251225,NM_014918.5:c.232G>T,NP_055733.2:p.Asp78Tyr,0.050,21.4,['Likely%20benign'],160.74,1.0,0.0,-0.2,0.2
CHSY1,15,101251225,NM_014918.5:c.232G>C,NP_055733.2:p.Asp78His,0.081,17.39,['Likely%20benign'],160.74,1.0,0.0,-0.1,0.1
CHSY1,15,101251225,NM_014918.5:c.232G>A,NP_055733.2:p.Asp78Asn,0.047,17.14,['Likely%20benign'],160.74,1.0,0.0,-0.0,0.0
CHSY1,15,101251227,NM_014918.5:c.230C>T,NP_055733.2:p.Pro77Leu,0.013,12.94,['Likely%20benign'],164.93,1.0,0.0,-0.0,0.0
CHSY1,15,101251227,NM_014918.5:c.230C>A,NP_055733.2:p.Pro77Gln,0.018,10.14,['Likely%20benign'],164.93,1.0,0.0,-0.0,0.0
CHSY1,15,101251228,NM_014918.5:c.229C>T,NP_055733.2:p.Pro77Ser,0.013,3.443,['Likely%20benign'],164.93,1.0,0.0,0.0,0.0
CHSY1,15,101251228,NM_014918.5:c.229C>A,NP_055733.2:p.Pro77Thr,0.019,4.175,['Likely%20benign'],164.93,1.0,0.0,-0.0,0.0
CHSY1,15,101251229,NM_014918.5:c.228C>A,NP_055733.2:p.Asp76Glu,0.010,0.724,['Likely%20benign'],42.2,0.26,0.0,-0.1,0.1
CHSY1,15,101251230,NM_014918.5:c.227A>T,NP_055733.2:p.Asp76Val,0.016,13.31,['Likely%20benign'],42.2,0.26,0.0,-0.8,0.8
CHSY1,15,101251230,NM_014918.5:c.227A>G,NP_055733.2:p.Asp76Gly,0.016,13.48,['Likely%20benign'],42.2,0.26,0.0,0.3,0.3
CHSY1,15,101251231,NM_014918.5:c.226G>T,NP_055733.2:p.Asp76Tyr,0.085,21.3,['Likely%20benign'],42.2,0.26,0.0,-1.2,1.2
CHSY1,15,101251231,NM_014918.5:c.226G>A,NP_055733.2:p.Asp76Asn,0.087,16.41,['Unknown%20significance'],42.2,0.26,0.0,-0.3,0.3
CHSY1,15,101251233,NM_014918.5:c.224C>T,NP_055733.2:p.Ser75Leu,0.017,10.54,['Likely%20benign'],71.23,0.51,0.0,-0.2,0.2
CHSY1,15,101251234,NM_014918.5:c.223T>C,NP_055733.2:p.Ser75Pro,0.030,11.63,['Likely%20benign'],71.23,0.51,0.0,0.1,0.1
CHSY1,15,101251236,NM_014918.5:c.221G>T,NP_055733.2:p.Gly74Val,0.029,22.9,['Likely%20benign'],71.42,0.74,0.0,-0.3,0.3
CHSY1,15,101251236,NM_014918.5:c.221G>A,NP_055733.2:p.Gly74Asp,0.037,21.5,['Likely%20benign'],71.42,0.74,0.0,-0.1,0.1
CHSY1,15,101251237,NM_014918.5:c.220G>T,NP_055733.2:p.Gly74Cys,0.086,23.3,['Unknown%20significance'],71.42,0.74,0.0,-0.1,0.1
CHSY1,15,101251237,NM_014918.5:c.220G>A,NP_055733.2:p.Gly74Ser,0.089,21.1,['Likely%20benign'],71.42,0.74,0.0,-0.2,0.2
CHSY1,15,101251239,NM_014918.5:c.218C>T,NP_055733.2:p.Pro73Leu,0.071,12.70,['Unknown%20significance'],123.73,0.78,0.0,-0.1,0.1
CHSY1,15,101251239,NM_014918.5:c.218C>A,NP_055733.2:p.Pro73His,0.070,11.31,['Likely%20benign'],123.73,0.78,0.0,-0.1,0.1
CHSY1,15,101251240,NM_014918.5:c.217C>T,NP_055733.2:p.Pro73Ser,0.055,18.25,['Unknown%20significance'],123.73,0.78,0.0,0.0,0.0
CHSY1,15,101251240,NM_014918.5:c.217C>A,NP_055733.2:p.Pro73Thr,0.067,17.82,['Unknown%20significance'],123.73,0.78,0.0,-0.0,0.0
CHSY1,15,101251242,NM_014918.5:c.215C>T,NP_055733.2:p.Pro72Leu,0.035,20.8,['Likely%20benign'],100.57,0.63,0.0,-0.3,0.3
CHSY1,15,101251242,NM_014918.5:c.215C>A,NP_055733.2:p.Pro72Gln,0.027,18.90,['Likely%20benign'],100.57,0.63,0.0,-0.1,0.1
CHSY1,15,101251243,NM_014918.5:c.214C>T,NP_055733.2:p.Pro72Ser,0.055,17.14,['Likely%20benign'],100.57,0.63,0.0,0.0,0.0
CHSY1,15,101251243,NM_014918.5:c.214C>A,NP_055733.2:p.Pro72Thr,0.044,17.39,['Likely%20benign'],100.57,0.63,0.0,-0.1,0.1
CHSY1,15,101251244,NM_014918.5:c.213G>T,NP_055733.2:p.Trp71Cys,0.063,23.3,['Likely%20benign'],251.83,0.95,0.0,0.2,0.2
CHSY1,15,101251245,NM_014918.5:c.212G>T,NP_055733.2:p.Trp71Leu,0.048,21.5,['Likely%20benign'],251.83,0.95,0.0,0.1,0.1
CHSY1,15,101251245,NM_014918.5:c.212G>C,NP_055733.2:p.Trp71Ser,0.043,21.0,['Likely%20benign'],251.83,0.95,0.0,0.2,0.2
CHSY1,15,101251246,NM_014918.5:c.211T>C,NP_055733.2:p.Trp71Arg,0.033,21.2,['Likely%20benign'],251.83,0.95,0.0,0.2,0.2
CHSY1,15,101251248,NM_014918.5:c.209T>G,NP_055733.2:p.Leu70Arg,0.013,15.27,['Unknown%20significance'],173.74,0.9,0.0,0.2,0.2
CHSY1,15,101251248,NM_014918.5:c.209T>C,NP_055733.2:p.Leu70Pro,0.014,16.19,['Unknown%20significance'],173.74,0.9,0.0,0.3,0.3
CHSY1,15,101251248,NM_014918.5:c.209T>A,NP_055733.2:p.Leu70His,0.017,15.99,['Unknown%20significance'],173.74,0.9,0.0,0.2,0.2
CHSY1,15,101251249,NM_014918.5:c.208C>T,NP_055733.2:p.Leu70Phe,0.071,19.90,['Unknown%20significance'],173.74,0.9,0.0,0.1,0.1
CHSY1,15,101251249,NM_014918.5:c.208C>G,NP_055733.2:p.Leu70Val,0.110,17.55,['Unknown%20significance'],173.74,0.9,0.0,0.1,0.1
CHSY1,15,101251249,NM_014918.5:c.208C>A,NP_055733.2:p.Leu70Ile,0.073,18.74,['Unknown%20significance'],173.74,0.9,0.0,0.1,0.1
CHSY1,15,101251250,NM_014918.5:c.207G>T,NP_055733.2:p.Gln69His,0.026,14.28,['Likely%20benign'],182.36,0.92,0.0,-0.0,0.0
CHSY1,15,101251251,NM_014918.5:c.206A>G,NP_055733.2:p.Gln69Arg,0.015,14.99,['Likely%20benign'],182.36,0.92,0.0,-0.1,0.1
CHSY1,15,101251252,NM_014918.5:c.205C>A,NP_055733.2:p.Gln69Lys,0.025,18.55,['Likely%20benign'],182.36,0.92,0.0,0.1,0.1
CHSY1,15,101251254,NM_014918.5:c.203C>T,NP_055733.2:p.Ala68Val,0.011,18.30,['Likely%20benign'],124.29,0.97,0.0,-0.1,0.1
CHSY1,15,101251254,NM_014918.5:c.203C>A,NP_055733.2:p.Ala68Glu,0.022,14.80,['Likely%20benign'],124.29,0.97,0.0,0.0,0.0
CHSY1,15,101251255,NM_014918.5:c.202G>T,NP_055733.2:p.Ala68Ser,0.023,16.68,['Likely%20benign'],124.29,0.97,0.0,0.0,0.0
CHSY1,15,101251255,NM_014918.5:c.202G>A,NP_055733.2:p.Ala68Thr,0.066,19.10,['Likely%20benign'],124.29,0.97,0.0,-0.0,0.0
CHSY1,15,101251257,NM_014918.5:c.200G>T,NP_055733.2:p.Gly67Val,0.053,22.3,['Unknown%20significance'],77.46,0.81,0.0,-0.1,0.1
CHSY1,15,101251257,NM_014918.5:c.200G>A,NP_055733.2:p.Gly67Glu,0.084,21.5,['Likely%20benign'],77.46,0.81,0.0,-0.0,0.0
CHSY1,15,101251258,NM_014918.5:c.199G>T,NP_055733.2:p.Gly67Trp,0.044,24.4,['Unknown%20significance'],77.46,0.81,0.0,-0.2,0.2
CHSY1,15,101251258,NM_014918.5:c.199G>C,NP_055733.2:p.Gly67Arg,0.046,22.5,['Likely%20benign'],77.46,0.81,0.0,-0.2,0.2
CHSY1,15,101251258,NM_014918.5:c.199G>A,NP_055733.2:p.Gly67Arg,0.043,22.6,['Likely%20benign'],77.46,0.81,0.0,-0.2,0.2
CHSY1,15,101251260,NM_014918.5:c.197G>T,NP_055733.2:p.Arg66Leu,0.006,21.9,['Likely%20benign'],262.4,0.97,0.0,0.0,0.0
CHSY1,15,101251260,NM_014918.5:c.197G>A,NP_055733.2:p.Arg66His,0.008,22.4,['Likely%20benign'],262.4,0.97,0.0,0.0,0.0
CHSY1,15,101251261,NM_014918.5:c.196C>T,NP_055733.2:p.Arg66Cys,0.016,24.0,['Likely%20benign'],262.4,0.97,0.0,0.1,0.1
CHSY1,15,101251261,NM_014918.5:c.196C>A,NP_055733.2:p.Arg66Ser,0.015,22.3,['Likely%20benign'],262.4,0.97,0.0,0.1,0.1
CHSY1,15,101251263,NM_014918.5:c.194C>T,NP_055733.2:p.Ala65Val,0.033,22.7,['Likely%20benign'],113.89,0.89,0.0,-0.0,0.0
CHSY1,15,101251263,NM_014918.5:c.194C>G,NP_055733.2:p.Ala65Gly,0.020,22.8,['Likely%20benign'],113.89,0.89,0.0,0.1,0.1
CHSY1,15,101251263,NM_014918.5:c.194C>A,NP_055733.2:p.Ala65Glu,0.028,22.8,['Likely%20benign'],113.89,0.89,0.0,0.0,0.0
CHSY1,15,101251264,NM_014918.5:c.193G>T,NP_055733.2:p.Ala65Ser,0.083,21.4,['Likely%20benign'],113.89,0.89,0.0,-0.0,0.0
CHSY1,15,101251264,NM_014918.5:c.193G>C,NP_055733.2:p.Ala65Pro,0.088,22.7,['Likely%20benign'],113.89,0.89,0.0,0.0,0.0
CHSY1,15,101251264,NM_014918.5:c.193G>A,NP_055733.2:p.Ala65Thr,0.084,22.4,['Likely%20benign'],113.89,0.89,0.0,-0.1,0.1
CHSY1,15,101251265,NM_014918.5:c.192T>G,NP_055733.2:p.Asp64Glu,0.024,21.9,['Likely%20benign'],150.48,0.94,0.0,0.0,0.0
CHSY1,15,101251265,NM_014918.5:c.192T>A,NP_055733.2:p.Asp64Glu,0.024,21.7,['Likely%20benign'],150.48,0.94,0.0,0.0,0.0
CHSY1,15,101251266,NM_014918.5:c.191A>G,NP_055733.2:p.Asp64Gly,0.031,23.6,['Likely%20benign'],150.48,0.94,0.0,0.1,0.1
CHSY1,15,101251266,NM_014918.5:c.191A>C,NP_055733.2:p.Asp64Ala,0.036,23.4,['Unknown%20significance'],150.48,0.94,0.0,0.1,0.1
CHSY1,15,101251267,NM_014918.5:c.190G>T,NP_055733.2:p.Asp64Tyr,0.019,24.1,['Unknown%20significance'],150.48,0.94,0.0,-0.1,0.1
CHSY1,15,101251267,NM_014918.5:c.190G>C,NP_055733.2:p.Asp64His,0.009,24.0,['Unknown%20significance'],150.48,0.94,0.0,-0.0,0.0
CHSY1,15,101251267,NM_014918.5:c.190G>A,NP_055733.2:p.Asp64Asn,0.062,23.0,['Likely%20benign'],150.48,0.94,0.0,-0.0,0.0
CHSY1,15,101251269,NM_014918.5:c.188G>T,NP_055733.2:p.Gly63Val,0.011,20.3,['Likely%20benign'],79.41,0.83,0.0,-0.0,0.0
CHSY1,15,101251269,NM_014918.5:c.188G>C,NP_055733.2:p.Gly63Ala,0.026,17.75,['Likely%20benign'],79.41,0.83,0.0,0.0,0.0
CHSY1,15,101251269,NM_014918.5:c.188G>A,NP_055733.2:p.Gly63Asp,0.023,18.99,['Likely%20benign'],79.41,0.83,0.0,0.0,0.0
CHSY1,15,101251270,NM_014918.5:c.187G>T,NP_055733.2:p.Gly63Cys,0.038,23.1,['Likely%20benign'],79.41,0.83,0.0,0.1,0.1
CHSY1,15,101251270,NM_014918.5:c.187G>C,NP_055733.2:p.Gly63Arg,0.014,18.54,['Likely%20benign'],79.41,0.83,0.0,-0.1,0.1
CHSY1,15,101251270,NM_014918.5:c.187G>A,NP_055733.2:p.Gly63Ser,0.013,17.27,['Likely%20benign'],79.41,0.83,0.0,-0.0,0.0
CHSY1,15,101251272,NM_014918.5:c.185G>T,NP_055733.2:p.Arg62Leu,0.026,17.98,['Likely%20benign'],284.36,1.0,0.0,0.0,0.0
CHSY1,15,101251272,NM_014918.5:c.185G>A,NP_055733.2:p.Arg62His,0.013,19.22,['Likely%20benign'],284.36,1.0,0.0,0.0,0.0
CHSY1,15,101251273,NM_014918.5:c.184C>T,NP_055733.2:p.Arg62Cys,0.035,24.5,['Unknown%20significance'],284.36,1.0,0.0,0.1,0.1
CHSY1,15,101251273,NM_014918.5:c.184C>G,NP_055733.2:p.Arg62Gly,0.063,23.3,['Likely%20benign'],284.36,1.0,0.0,0.1,0.1
CHSY1,15,101251273,NM_014918.5:c.184C>A,NP_055733.2:p.Arg62Ser,0.047,22.6,['Likely%20benign'],284.36,1.0,0.0,0.1,0.1
CHSY1,15,101251275,NM_014918.5:c.182C>T,NP_055733.2:p.Ala61Val,0.044,21.7,['Unknown%20significance'],114.5,0.9,0.0,-0.1,0.1
CHSY1,15,101251275,NM_014918.5:c.182C>A,NP_055733.2:p.Ala61Glu,0.093,17.83,['Likely%20benign'],114.5,0.9,0.0,0.0,0.0
CHSY1,15,101251276,NM_014918.5:c.181G>T,NP_055733.2:p.Ala61Ser,0.067,19.59,['Likely%20benign'],114.5,0.9,0.0,0.0,0.0
CHSY1,15,101251276,NM_014918.5:c.181G>C,NP_055733.2:p.Ala61Pro,0.080,22.6,['Likely%20benign'],114.5,0.9,0.0,0.0,0.0
CHSY1,15,101251276,NM_014918.5:c.181G>A,NP_055733.2:p.Ala61Thr,0.068,21.8,['Likely%20benign'],114.5,0.9,0.0,-0.0,0.0
CHSY1,15,101251278,NM_014918.5:c.179G>T,NP_055733.2:p.Gly60Val,0.036,19.52,['Likely%20benign'],83.52,0.87,0.0,-0.2,0.2
CHSY1,15,101251278,NM_014918.5:c.179G>A,NP_055733.2:p.Gly60Glu,0.057,19.59,['Likely%20benign'],83.52,0.87,0.0,-0.1,0.1
CHSY1,15,101251279,NM_014918.5:c.178G>T,NP_055733.2:p.Gly60Trp,0.078,23.0,['Likely%20benign'],83.52,0.87,0.0,-0.2,0.2
CHSY1,15,101251279,NM_014918.5:c.178G>A,NP_055733.2:p.Gly60Arg,0.045,21.4,['Likely%20benign'],83.52,0.87,0.0,-0.2,0.2
CHSY1,15,101251281,NM_014918.5:c.176G>T,NP_055733.2:p.Gly59Val,0.089,21.3,['Likely%20benign'],91.91,0.96,0.0,-0.2,0.2
CHSY1,15,101251281,NM_014918.5:c.176G>A,NP_055733.2:p.Gly59Asp,0.095,20.0,['Likely%20benign'],91.91,0.96,0.0,-0.1,0.1
CHSY1,15,101251282,NM_014918.5:c.175G>T,NP_055733.2:p.Gly59Cys,0.045,22.4,['Likely%20benign'],91.91,0.96,0.0,-0.1,0.1
CHSY1,15,101251282,NM_014918.5:c.175G>C,NP_055733.2:p.Gly59Arg,0.034,17.68,['Likely%20benign'],91.91,0.96,0.0,-0.2,0.2
CHSY1,15,101251282,NM_014918.5:c.175G>A,NP_055733.2:p.Gly59Ser,0.024,14.74,['Likely%20benign'],91.91,0.96,0.0,-0.1,0.1
CHSY1,15,101251284,NM_014918.5:c.173C>T,NP_055733.2:p.Ala58Val,0.068,22.5,['Likely%20benign'],104.96,0.82,0.0,-0.0,0.0
CHSY1,15,101251284,NM_014918.5:c.173C>G,NP_055733.2:p.Ala58Gly,0.083,22.2,['Likely%20benign'],104.96,0.82,0.0,0.1,0.1
CHSY1,15,101251284,NM_014918.5:c.173C>A,NP_055733.2:p.Ala58Asp,0.084,21.7,['Likely%20benign'],104.96,0.82,0.0,0.1,0.1
CHSY1,15,101251285,NM_014918.5:c.172G>T,NP_055733.2:p.Ala58Ser,0.035,18.68,['Likely%20benign'],104.96,0.82,0.0,-0.0,0.0
CHSY1,15,101251285,NM_014918.5:c.172G>A,NP_055733.2:p.Ala58Thr,0.032,21.1,['Likely%20benign'],104.96,0.82,0.0,-0.0,0.0
CHSY1,15,101251286,NM_014918.5:c.171G>T,NP_055733.2:p.Gln57His,0.023,18.45,['Likely%20benign'],193.67,0.97,0.0,-0.0,0.0
CHSY1,15,101251287,NM_014918.5:c.170A>T,NP_055733.2:p.Gln57Leu,0.065,21.7,['Likely%20benign'],193.67,0.97,0.0,-0.0,0.0
CHSY1,15,101251287,NM_014918.5:c.170A>G,NP_055733.2:p.Gln57Arg,0.054,19.54,['Likely%20benign'],193.67,0.97,0.0,-0.1,0.1
CHSY1,15,101251287,NM_014918.5:c.170A>C,NP_055733.2:p.Gln57Pro,0.093,21.4,['Likely%20benign'],193.67,0.97,0.0,0.1,0.1
CHSY1,15,101251288,NM_014918.5:c.169C>G,NP_055733.2:p.Gln57Glu,0.032,16.77,['Likely%20benign'],193.67,0.97,0.0,0.1,0.1
CHSY1,15,101251288,NM_014918.5:c.169C>A,NP_055733.2:p.Gln57Lys,0.020,18.26,['Likely%20benign'],193.67,0.97,0.0,0.1,0.1
CHSY1,15,101251290,NM_014918.5:c.167C>T,NP_055733.2:p.Ser56Phe,0.078,22.8,['Likely%20benign'],121.76,0.88,0.0,-0.0,0.0
CHSY1,15,101251290,NM_014918.5:c.167C>A,NP_055733.2:p.Ser56Tyr,0.074,22.4,['Likely%20benign'],121.76,0.88,0.0,-0.1,0.1
CHSY1,15,101251291,NM_014918.5:c.166T>C,NP_055733.2:p.Ser56Pro,0.033,22.0,['Likely%20benign'],121.76,0.88,0.0,0.1,0.1
CHSY1,15,101251293,NM_014918.5:c.164C>T,NP_055733.2:p.Ala55Val,0.024,19.15,['Likely%20benign'],121.03,0.95,0.0,-0.0,0.0
CHSY1,15,101251293,NM_014918.5:c.164C>G,NP_055733.2:p.Ala55Gly,0.014,18.36,['Likely%20benign'],121.03,0.95,0.0,0.1,0.1
CHSY1,15,101251293,NM_014918.5:c.164C>A,NP_055733.2:p.Ala55Asp,0.030,18.99,['Likely%20benign'],121.03,0.95,0.0,0.0,0.0
CHSY1,15,101251294,NM_014918.5:c.163G>T,NP_055733.2:p.Ala55Ser,0.068,15.31,['Likely%20benign'],121.03,0.95,0.0,-0.0,0.0
CHSY1,15,101251294,NM_014918.5:c.163G>C,NP_055733.2:p.Ala55Pro,0.082,18.58,['Likely%20benign'],121.03,0.95,0.0,0.0,0.0
CHSY1,15,101251294,NM_014918.5:c.163G>A,NP_055733.2:p.Ala55Thr,0.072,17.94,['Likely%20benign'],121.03,0.95,0.0,-0.0,0.0
CHSY1,15,101251296,NM_014918.5:c.161C>T,NP_055733.2:p.Ala54Val,0.050,22.1,['Likely%20benign'],121.67,0.95,0.0,-0.0,0.0
CHSY1,15,101251296,NM_014918.5:c.161C>G,NP_055733.2:p.Ala54Gly,0.067,21.7,['Likely%20benign'],121.67,0.95,0.0,0.1,0.1
CHSY1,15,101251296,NM_014918.5:c.161C>A,NP_055733.2:p.Ala54Glu,0.077,18.99,['Likely%20benign'],121.67,0.95,0.0,0.0,0.0
CHSY1,15,101251297,NM_014918.5:c.160G>T,NP_055733.2:p.Ala54Ser,0.051,17.75,['Likely%20benign'],121.67,0.95,0.0,-0.0,0.0
CHSY1,15,101251297,NM_014918.5:c.160G>A,NP_055733.2:p.Ala54Thr,0.055,20.3,['Likely%20benign'],121.67,0.95,0.0,-0.0,0.0
CHSY1,15,101251299,NM_014918.5:c.158C>T,NP_055733.2:p.Ala53Val,0.019,17.39,['Unknown%20significance'],107.63,0.84,0.0,-0.1,0.1
CHSY1,15,101251299,NM_014918.5:c.158C>G,NP_055733.2:p.Ala53Gly,0.026,16.14,['Likely%20benign'],107.63,0.84,0.0,0.1,0.1
CHSY1,15,101251299,NM_014918.5:c.158C>A,NP_055733.2:p.Ala53Glu,0.042,14.50,['Likely%20benign'],107.63,0.84,0.0,0.1,0.1
CHSY1,15,101251300,NM_014918.5:c.157G>T,NP_055733.2:p.Ala53Ser,0.033,14.65,['Likely%20benign'],107.63,0.84,0.0,-0.0,0.0
CHSY1,15,101251300,NM_014918.5:c.157G>A,NP_055733.2:p.Ala53Thr,0.049,16.00,['Unknown%20significance'],107.63,0.84,0.0,-0.1,0.1
CHSY1,15,101251301,NM_014918.5:c.156G>T,NP_055733.2:p.Gln52His,0.035,15.27,['Likely%20benign'],191.87,0.97,0.0,-0.0,0.0
CHSY1,15,101251302,NM_014918.5:c.155A>T,NP_055733.2:p.Gln52Leu,0.038,17.62,['Likely%20benign'],191.87,0.97,0.0,-0.0,0.0
CHSY1,15,101251302,NM_014918.5:c.155A>G,NP_055733.2:p.Gln52Arg,0.026,16.39,['Likely%20benign'],191.87,0.97,0.0,-0.0,0.0
CHSY1,15,101251303,NM_014918.5:c.154C>G,NP_055733.2:p.Gln52Glu,0.070,14.51,['Likely%20benign'],191.87,0.97,0.0,0.0,0.0
CHSY1,15,101251303,NM_014918.5:c.154C>A,NP_055733.2:p.Gln52Lys,0.065,15.71,['Likely%20benign'],191.87,0.97,0.0,0.1,0.1
CHSY1,15,101251305,NM_014918.5:c.152G>T,NP_055733.2:p.Gly51Val,0.011,16.67,['Likely%20benign'],83.27,0.87,0.0,-0.2,0.2
CHSY1,15,101251305,NM_014918.5:c.152G>A,NP_055733.2:p.Gly51Glu,0.012,14.63,['Likely%20benign'],83.27,0.87,0.0,-0.1,0.1
CHSY1,15,101251306,NM_014918.5:c.151G>T,NP_055733.2:p.Gly51Trp,0.020,22.4,['Likely%20benign'],83.27,0.87,0.0,-0.3,0.3
CHSY1,15,101251306,NM_014918.5:c.151G>C,NP_055733.2:p.Gly51Arg,0.015,16.14,['Likely%20benign'],83.27,0.87,0.0,-0.2,0.2
CHSY1,15,101251306,NM_014918.5:c.151G>A,NP_055733.2:p.Gly51Arg,0.015,16.41,['Unknown%20significance'],83.27,0.87,0.0,-0.2,0.2
CHSY1,15,101251308,NM_014918.5:c.149C>T,NP_055733.2:p.Ser50Phe,0.037,16.21,['Likely%20benign'],117.47,0.85,0.0,-0.1,0.1
CHSY1,15,101251308,NM_014918.5:c.149C>A,NP_055733.2:p.Ser50Tyr,0.024,14.61,['Likely%20benign'],117.47,0.85,0.0,-0.2,0.2
CHSY1,15,101251309,NM_014918.5:c.148T>C,NP_055733.2:p.Ser50Pro,0.062,15.63,['Likely%20benign'],117.47,0.85,0.0,0.0,0.0
CHSY1,15,101251311,NM_014918.5:c.146G>T,NP_055733.2:p.Arg49Leu,0.047,18.34,['Likely%20benign'],268.88,0.99,0.0,-0.0,0.0
CHSY1,15,101251311,NM_014918.5:c.146G>C,NP_055733.2:p.Arg49Pro,0.155,21.4,['Likely%20benign'],268.88,0.99,0.0,0.0,0.0
CHSY1,15,101251311,NM_014918.5:c.146G>A,NP_055733.2:p.Arg49Gln,0.043,19.57,['Likely%20benign'],268.88,0.99,0.0,0.0,0.0
CHSY1,15,101251312,NM_014918.5:c.145C>T,NP_055733.2:p.Arg49Trp,0.136,22.5,['Unknown%20significance'],268.88,0.99,0.0,-0.1,0.1
CHSY1,15,101251312,NM_014918.5:c.145C>G,NP_055733.2:p.Arg49Gly,0.020,18.81,['Likely%20benign'],268.88,0.99,0.0,0.1,0.1
CHSY1,15,101251313,NM_014918.5:c.144C>G,NP_055733.2:p.Cys48Trp,0.151,20.5,['Unknown%20significance'],134.63,0.87,0.0,0.3,0.3
CHSY1,15,101251314,NM_014918.5:c.143G>T,NP_055733.2:p.Cys48Phe,0.125,18.73,['Likely%20benign'],134.63,0.87,0.0,0.4,0.4
CHSY1,15,101251314,NM_014918.5:c.143G>C,NP_055733.2:p.Cys48Ser,0.110,19.05,['Likely%20benign'],134.63,0.87,0.0,0.6,0.6
CHSY1,15,101251314,NM_014918.5:c.143G>A,NP_055733.2:p.Cys48Tyr,0.132,17.03,['Likely%20benign'],134.63,0.87,0.0,0.4,0.4
CHSY1,15,101251315,NM_014918.5:c.142T>C,NP_055733.2:p.Cys48Arg,0.133,21.9,['Unknown%20significance'],134.63,0.87,0.0,0.6,0.6
CHSY1,15,101251317,NM_014918.5:c.140G>T,NP_055733.2:p.Gly47Val,0.086,17.69,['Unknown%20significance'],76.17,0.79,0.0,-0.2,0.2
CHSY1,15,101251317,NM_014918.5:c.140G>C,NP_055733.2:p.Gly47Ala,0.108,16.97,['Unknown%20significance'],76.17,0.79,0.0,-0.1,0.1
CHSY1,15,101251317,NM_014918.5:c.140G>A,NP_055733.2:p.Gly47Asp,0.108,19.48,['Unknown%20significance'],76.17,0.79,0.0,-0.0,0.0
CHSY1,15,101251318,NM_014918.5:c.139G>T,NP_055733.2:p.Gly47Cys,0.049,22.1,['Unknown%20significance'],76.17,0.79,0.0,-0.2,0.2
CHSY1,15,101251318,NM_014918.5:c.139G>C,NP_055733.2:p.Gly47Arg,0.071,20.5,['Unknown%20significance'],76.17,0.79,0.0,-0.2,0.2
CHSY1,15,101251318,NM_014918.5:c.139G>A,NP_055733.2:p.Gly47Ser,0.078,19.66,['Unknown%20significance'],76.17,0.79,0.0,-0.1,0.1
CHSY1,15,101251319,NM_014918.5:c.138G>T,NP_055733.2:p.Glu46Asp,0.057,17.53,['Likely%20benign'],192.06,0.98,0.0,0.0,0.0
CHSY1,15,101251320,NM_014918.5:c.137A>T,NP_055733.2:p.Glu46Val,0.062,21.9,['Likely%20benign'],192.06,0.98,0.0,-0.1,0.1
CHSY1,15,101251320,NM_014918.5:c.137A>G,NP_055733.2:p.Glu46Gly,0.067,22.0,['Likely%20benign'],192.06,0.98,0.0,0.1,0.1
CHSY1,15,101251321,NM_014918.5:c.136G>A,NP_055733.2:p.Glu46Lys,0.076,19.28,['Likely%20benign'],192.06,0.98,0.0,0.0,0.0
CHSY1,15,101251323,NM_014918.5:c.134C>T,NP_055733.2:p.Pro45Leu,0.091,19.46,['Likely%20benign'],147.28,0.93,0.0,-0.1,0.1
CHSY1,15,101251323,NM_014918.5:c.134C>A,NP_055733.2:p.Pro45His,0.075,20.4,['Unknown%20significance'],147.28,0.93,0.0,-0.1,0.1
CHSY1,15,101251324,NM_014918.5:c.133C>T,NP_055733.2:p.Pro45Ser,0.029,15.37,['Likely%20benign'],147.28,0.93,0.0,-0.0,0.0
CHSY1,15,101251324,NM_014918.5:c.133C>G,NP_055733.2:p.Pro45Ala,0.031,14.57,['Likely%20benign'],147.28,0.93,0.0,-0.0,0.0
CHSY1,15,101251324,NM_014918.5:c.133C>A,NP_055733.2:p.Pro45Thr,0.040,16.63,['Likely%20benign'],147.28,0.93,0.0,-0.1,0.1
CHSY1,15,101251325,NM_014918.5:c.132C>A,NP_055733.2:p.Ser44Arg,0.062,13.69,['Likely%20benign'],104.7,0.75,0.0,-0.1,0.1
CHSY1,15,101251326,NM_014918.5:c.131G>T,NP_055733.2:p.Ser44Ile,0.044,18.50,['Likely%20benign'],104.7,0.75,0.0,-0.1,0.1
CHSY1,15,101251326,NM_014918.5:c.131G>C,NP_055733.2:p.Ser44Thr,0.049,15.33,['Likely%20benign'],104.7,0.75,0.0,-0.1,0.1
CHSY1,15,101251326,NM_014918.5:c.131G>A,NP_055733.2:p.Ser44Asn,0.074,15.99,['Likely%20benign'],104.7,0.75,0.0,0.0,0.0
CHSY1,15,101251327,NM_014918.5:c.130A>G,NP_055733.2:p.Ser44Gly,0.046,17.20,['Likely%20benign'],104.7,0.75,0.0,0.2,0.2
CHSY1,15,101251329,NM_014918.5:c.128C>T,NP_055733.2:p.Ala43Val,0.126,20.5,['Unknown%20significance'],122.24,0.96,0.0,-0.1,0.1
CHSY1,15,101251329,NM_014918.5:c.128C>G,NP_055733.2:p.Ala43Gly,0.121,20.3,['Unknown%20significance'],122.24,0.96,0.0,0.1,0.1
CHSY1,15,101251329,NM_014918.5:c.128C>A,NP_055733.2:p.Ala43Asp,0.113,19.99,['Unknown%20significance'],122.24,0.96,0.0,0.1,0.1
CHSY1,15,101251330,NM_014918.5:c.127G>T,NP_055733.2:p.Ala43Ser,0.028,13.58,['Likely%20benign'],122.24,0.96,0.0,-0.0,0.0
CHSY1,15,101251330,NM_014918.5:c.127G>C,NP_055733.2:p.Ala43Pro,0.030,17.54,['Likely%20benign'],122.24,0.96,0.0,0.1,0.1
CHSY1,15,101251330,NM_014918.5:c.127G>A,NP_055733.2:p.Ala43Thr,0.037,15.79,['Likely%20benign'],122.24,0.96,0.0,-0.0,0.0
CHSY1,15,101251332,NM_014918.5:c.125G>T,NP_055733.2:p.Arg42Leu,0.039,21.0,['Likely%20benign'],260.87,0.96,0.0,0.0,0.0
CHSY1,15,101251332,NM_014918.5:c.125G>A,NP_055733.2:p.Arg42His,0.015,21.7,['Likely%20benign'],260.87,0.96,0.0,0.0,0.0
CHSY1,15,101251333,NM_014918.5:c.124C>T,NP_055733.2:p.Arg42Cys,0.050,23.7,['Unknown%20significance'],260.87,0.96,0.0,0.1,0.1
CHSY1,15,101251333,NM_014918.5:c.124C>A,NP_055733.2:p.Arg42Ser,0.035,19.89,['Likely%20benign'],260.87,0.96,0.0,0.1,0.1
CHSY1,15,101251335,NM_014918.5:c.122G>T,NP_055733.2:p.Arg41Leu,0.042,16.19,['Unknown%20significance'],263.8,0.97,0.0,-0.0,0.0
CHSY1,15,101251335,NM_014918.5:c.122G>C,NP_055733.2:p.Arg41Pro,0.164,19.47,['Unknown%20significance'],263.8,0.97,0.0,0.1,0.1
CHSY1,15,101251335,NM_014918.5:c.122G>A,NP_055733.2:p.Arg41His,0.041,17.23,['Unknown%20significance'],263.8,0.97,0.0,0.0,0.0
CHSY1,15,101251336,NM_014918.5:c.121C>T,NP_055733.2:p.Arg41Cys,0.155,22.6,['Unknown%20significance'],263.8,0.97,0.0,0.1,0.1
CHSY1,15,101251336,NM_014918.5:c.121C>G,NP_055733.2:p.Arg41Gly,0.126,20.3,['Unknown%20significance'],263.8,0.97,0.0,0.1,0.1
CHSY1,15,101251336,NM_014918.5:c.121C>A,NP_055733.2:p.Arg41Ser,0.080,18.85,['Unknown%20significance'],263.8,0.97,0.0,0.1,0.1
CHSY1,15,101251338,NM_014918.5:c.119G>T,NP_055733.2:p.Arg40Leu,0.069,20.8,['Likely%20benign'],239.89,0.89,0.0,0.0,0.0
CHSY1,15,101251338,NM_014918.5:c.119G>C,NP_055733.2:p.Arg40Pro,0.199,21.7,['Likely%20benign'],239.89,0.89,0.0,0.1,0.1
CHSY1,15,101251338,NM_014918.5:c.119G>A,NP_055733.2:p.Arg40Gln,0.049,20.6,['Likely%20benign'],239.89,0.89,0.0,0.1,0.1
CHSY1,15,101251339,NM_014918.5:c.118C>T,NP_055733.2:p.Arg40Trp,0.059,22.8,['Unknown%20significance'],239.89,0.89,0.0,-0.0,0.0
CHSY1,15,101251339,NM_014918.5:c.118C>G,NP_055733.2:p.Arg40Gly,0.103,17.64,['Likely%20benign'],239.89,0.89,0.0,0.2,0.2
CHSY1,15,101251341,NM_014918.5:c.116C>T,NP_055733.2:p.Pro39Leu,0.025,18.42,['Unknown%20significance'],151.79,0.96,0.0,-0.1,0.1
CHSY1,15,101251341,NM_014918.5:c.116C>G,NP_055733.2:p.Pro39Arg,0.021,16.71,['Likely%20benign'],151.79,0.96,0.0,-0.1,0.1
CHSY1,15,101251341,NM_014918.5:c.116C>A,NP_055733.2:p.Pro39Gln,0.024,16.31,['Likely%20benign'],151.79,0.96,0.0,-0.1,0.1
CHSY1,15,101251342,NM_014918.5:c.115C>T,NP_055733.2:p.Pro39Ser,0.031,16.21,['Likely%20benign'],151.79,0.96,0.0,-0.0,0.0
CHSY1,15,101251342,NM_014918.5:c.115C>A,NP_055733.2:p.Pro39Thr,0.036,16.35,['Likely%20benign'],151.79,0.96,0.0,-0.1,0.1
CHSY1,15,101251344,NM_014918.5:c.113G>T,NP_055733.2:p.Gly38Val,0.028,15.99,['Unknown%20significance'],71.87,0.75,0.0,-0.1,0.1
CHSY1,15,101251344,NM_014918.5:c.113G>C,NP_055733.2:p.Gly38Ala,0.021,14.49,['Unknown%20significance'],71.87,0.75,0.0,-0.0,0.0
CHSY1,15,101251344,NM_014918.5:c.113G>A,NP_055733.2:p.Gly38Asp,0.031,15.46,['Unknown%20significance'],71.87,0.75,0.0,-0.0,0.0
CHSY1,15,101251345,NM_014918.5:c.112G>T,NP_055733.2:p.Gly38Cys,0.045,22.9,['Unknown%20significance'],71.87,0.75,0.0,0.0,0.0
CHSY1,15,101251345,NM_014918.5:c.112G>A,NP_055733.2:p.Gly38Ser,0.021,16.50,['Unknown%20significance'],71.87,0.75,0.0,-0.1,0.1
CHSY1,15,101251347,NM_014918.5:c.110C>T,NP_055733.2:p.Ala37Val,0.040,16.48,['Unknown%20significance'],109.77,0.86,0.0,-0.1,0.1
CHSY1,15,101251347,NM_014918.5:c.110C>G,NP_055733.2:p.Ala37Gly,0.026,14.05,['Unknown%20significance'],109.77,0.86,0.0,0.1,0.1
CHSY1,15,101251347,NM_014918.5:c.110C>A,NP_055733.2:p.Ala37Glu,0.045,13.95,['Unknown%20significance'],109.77,0.86,0.0,0.0,0.0
CHSY1,15,101251348,NM_014918.5:c.109G>T,NP_055733.2:p.Ala37Ser,0.068,14.87,['Unknown%20significance'],109.77,0.86,0.0,-0.0,0.0
CHSY1,15,101251348,NM_014918.5:c.109G>C,NP_055733.2:p.Ala37Pro,0.075,18.87,['Unknown%20significance'],109.77,0.86,0.0,0.1,0.1
CHSY1,15,101251348,NM_014918.5:c.109G>A,NP_055733.2:p.Ala37Thr,0.061,17.43,['Unknown%20significance'],109.77,0.86,0.0,-0.1,0.1
CHSY1,15,101251350,NM_014918.5:c.107G>T,NP_055733.2:p.Arg36Leu,0.033,21.0,['Likely%20benign'],275.97,1.0,0.0,-0.0,0.0
CHSY1,15,101251350,NM_014918.5:c.107G>C,NP_055733.2:p.Arg36Pro,0.043,21.4,['Likely%20benign'],275.97,1.0,0.0,0.1,0.1
CHSY1,15,101251350,NM_014918.5:c.107G>A,NP_055733.2:p.Arg36Gln,0.026,20.7,['Likely%20benign'],275.97,1.0,0.0,0.0,0.0
CHSY1,15,101251351,NM_014918.5:c.106C>G,NP_055733.2:p.Arg36Gly,0.071,18.98,['Likely%20benign'],275.97,1.0,0.0,0.1,0.1
CHSY1,15,101251352,NM_014918.5:c.105G>T,NP_055733.2:p.Lys35Asn,0.049,20.6,['Unknown%20significance'],196.47,0.83,0.0,-0.0,0.0
CHSY1,15,101251353,NM_014918.5:c.104A>T,NP_055733.2:p.Lys35Met,0.161,23.0,['Unknown%20significance'],196.47,0.83,0.0,-0.2,0.2
CHSY1,15,101251353,NM_014918.5:c.104A>G,NP_055733.2:p.Lys35Arg,0.048,18.89,['Unknown%20significance'],196.47,0.83,0.0,-0.2,0.2
CHSY1,15,101251354,NM_014918.5:c.103A>G,NP_055733.2:p.Lys35Glu,0.094,21.2,['Unknown%20significance'],196.47,0.83,0.0,-0.0,0.0
CHSY1,15,101251356,NM_014918.5:c.101T>G,NP_055733.2:p.Leu34Arg,0.186,22.3,['Unknown%20significance'],172.68,0.89,0.0,0.2,0.2
CHSY1,15,101251356,NM_014918.5:c.101T>C,NP_055733.2:p.Leu34Pro,0.173,24.0,['Unknown%20significance'],172.68,0.89,0.0,0.3,0.3
CHSY1,15,101251356,NM_014918.5:c.101T>A,NP_055733.2:p.Leu34Gln,0.181,23.7,['Unknown%20significance'],172.68,0.89,0.0,0.3,0.3
CHSY1,15,101251357,NM_014918.5:c.100C>G,NP_055733.2:p.Leu34Val,0.082,21.9,['Unknown%20significance'],172.68,0.89,0.0,0.1,0.1
CHSY1,15,101251357,NM_014918.5:c.100C>A,NP_055733.2:p.Leu34Met,0.115,22.7,['Unknown%20significance'],172.68,0.89,0.0,0.1,0.1
CHSY1,15,101251358,NM_014918.5:c.99G>T,NP_055733.2:p.Glu33Asp,0.040,16.23,['Unknown%20significance'],185.2,0.94,0.0,0.0,0.0
CHSY1,15,101251358,NM_014918.5:c.99G>C,NP_055733.2:p.Glu33Asp,0.040,16.32,['Unknown%20significance'],185.2,0.94,0.0,0.0,0.0
CHSY1,15,101251359,NM_014918.5:c.98A>T,NP_055733.2:p.Glu33Val,0.137,23.6,['Unknown%20significance'],185.2,0.94,0.0,-0.1,0.1
CHSY1,15,101251359,NM_014918.5:c.98A>G,NP_055733.2:p.Glu33Gly,0.088,23.7,['Unknown%20significance'],185.2,0.94,0.0,0.1,0.1
CHSY1,15,101251359,NM_014918.5:c.98A>C,NP_055733.2:p.Glu33Ala,0.051,23.3,['Unknown%20significance'],185.2,0.94,0.0,-0.0,0.0
CHSY1,15,101251360,NM_014918.5:c.97G>C,NP_055733.2:p.Glu33Gln,0.063,21.5,['Unknown%20significance'],185.2,0.94,0.0,-0.0,0.0
CHSY1,15,101251360,NM_014918.5:c.97G>A,NP_055733.2:p.Glu33Lys,0.089,23.5,['Unknown%20significance'],185.2,0.94,0.0,0.1,0.1
CHSY1,15,101251362,NM_014918.5:c.95C>T,NP_055733.2:p.Ser32Phe,0.088,22.0,['Unknown%20significance'],94.71,0.68,0.0,-0.5,0.5
CHSY1,15,101251362,NM_014918.5:c.95C>G,NP_055733.2:p.Ser32Cys,0.100,21.9,['Unknown%20significance'],94.71,0.68,0.0,-0.1,0.1
CHSY1,15,101251362,NM_014918.5:c.95C>A,NP_055733.2:p.Ser32Tyr,0.141,21.1,['Unknown%20significance'],94.71,0.68,0.0,-0.4,0.4
CHSY1,15,101251363,NM_014918.5:c.94T>C,NP_055733.2:p.Ser32Pro,0.125,21.6,['Unknown%20significance'],94.71,0.68,0.0,-0.0,0.0
CHSY1,15,101251363,NM_014918.5:c.94T>A,NP_055733.2:p.Ser32Thr,0.037,16.19,['Likely%20benign'],94.71,0.68,0.0,-0.2,0.2
CHSY1,15,101251365,NM_014918.5:c.92C>T,NP_055733.2:p.Ala31Val,0.133,20.9,['Unknown%20significance'],81.41,0.64,0.0,-0.5,0.5
CHSY1,15,101251365,NM_014918.5:c.92C>A,NP_055733.2:p.Ala31Asp,0.296,23.6,['Unknown%20significance'],81.41,0.64,0.0,0.3,0.3
CHSY1,15,101251366,NM_014918.5:c.91G>T,NP_055733.2:p.Ala31Ser,0.060,19.33,['Unknown%20significance'],81.41,0.64,0.0,0.1,0.1
CHSY1,15,101251366,NM_014918.5:c.91G>C,NP_055733.2:p.Ala31Pro,0.208,22.0,['Unknown%20significance'],81.41,0.64,0.0,0.2,0.2
CHSY1,15,101251366,NM_014918.5:c.91G>A,NP_055733.2:p.Ala31Thr,0.075,22.8,['Unknown%20significance'],81.41,0.64,0.0,-0.1,0.1
CHSY1,15,101251368,NM_014918.5:c.89G>T,NP_055733.2:p.Arg30Leu,0.131,22.7,['Likely%20benign'],264.43,0.98,0.0,-0.1,0.1
CHSY1,15,101251368,NM_014918.5:c.89G>C,NP_055733.2:p.Arg30Pro,0.219,22.9,['Unknown%20significance'],264.43,0.98,0.0,0.1,0.1
CHSY1,15,101251368,NM_014918.5:c.89G>A,NP_055733.2:p.Arg30Gln,0.021,20.4,['Unknown%20significance'],264.43,0.98,0.0,0.0,0.0
CHSY1,15,101251369,NM_014918.5:c.88C>T,NP_055733.2:p.Arg30Trp,0.144,23.7,['Unknown%20significance'],264.43,0.98,0.0,-0.1,0.1
CHSY1,15,101251369,NM_014918.5:c.88C>G,NP_055733.2:p.Arg30Gly,0.170,22.9,['Unknown%20significance'],264.43,0.98,0.0,0.1,0.1
CHSY1,15,101251371,NM_014918.5:c.86C>T,NP_055733.2:p.Pro29Leu,0.226,26.7,['Unknown%20significance'],131.06,0.83,0.0,-0.2,0.2
CHSY1,15,101251371,NM_014918.5:c.86C>G,NP_055733.2:p.Pro29Arg,0.249,26.1,['Unknown%20significance'],131.06,0.83,0.0,0.0,0.0
CHSY1,15,101251371,NM_014918.5:c.86C>A,NP_055733.2:p.Pro29His,0.251,26.2,['Unknown%20significance'],131.06,0.83,0.0,-0.0,0.0
CHSY1,15,101251372,NM_014918.5:c.85C>T,NP_055733.2:p.Pro29Ser,0.125,23.6,['Unknown%20significance'],131.06,0.83,0.0,0.1,0.1
CHSY1,15,101251372,NM_014918.5:c.85C>G,NP_055733.2:p.Pro29Ala,0.150,23.3,['Unknown%20significance'],131.06,0.83,0.0,-0.0,0.0
CHSY1,15,101251372,NM_014918.5:c.85C>A,NP_055733.2:p.Pro29Thr,0.238,23.6,['Unknown%20significance'],131.06,0.83,0.0,-0.0,0.0
CHSY1,15,101251374,NM_014918.5:c.83T>C,NP_055733.2:p.Leu28Pro,0.196,23.3,['Unknown%20significance'],135.2,0.7,0.0,0.8,0.8
CHSY1,15,101251374,NM_014918.5:c.83T>A,NP_055733.2:p.Leu28Gln,0.164,23.0,['Unknown%20significance'],135.2,0.7,0.0,0.7,0.7
CHSY1,15,101251375,NM_014918.5:c.82C>G,NP_055733.2:p.Leu28Val,0.024,15.30,['Unknown%20significance'],135.2,0.7,0.0,0.2,0.2
CHSY1,15,101251375,NM_014918.5:c.82C>A,NP_055733.2:p.Leu28Met,0.012,20.4,['Unknown%20significance'],135.2,0.7,0.0,0.2,0.2
CHSY1,15,101251377,NM_014918.5:c.80T>C,NP_055733.2:p.Val27Ala,0.090,23.6,['Unknown%20significance'],125.86,0.73,0.0,0.4,0.4
CHSY1,15,101251377,NM_014918.5:c.80T>A,NP_055733.2:p.Val27Asp,0.148,24.0,['Unknown%20significance'],125.86,0.73,0.0,0.8,0.8
CHSY1,15,101251378,NM_014918.5:c.79G>T,NP_055733.2:p.Val27Phe,0.027,23.2,['Likely%20benign'],125.86,0.73,0.0,0.0,0.0
CHSY1,15,101251378,NM_014918.5:c.79G>C,NP_055733.2:p.Val27Leu,0.026,21.2,['Likely%20benign'],125.86,0.73,0.0,-0.1,0.1
CHSY1,15,101251378,NM_014918.5:c.79G>A,NP_055733.2:p.Val27Ile,0.030,16.41,['Likely%20benign'],125.86,0.73,0.0,-0.1,0.1
CHSY1,15,101251380,NM_014918.5:c.77T>C,NP_055733.2:p.Leu26Pro,0.188,23.9,['Unknown%20significance'],166.38,0.86,0.0,0.5,0.5
CHSY1,15,101251381,NM_014918.5:c.76C>T,NP_055733.2:p.Leu26Phe,0.033,23.5,['Unknown%20significance'],166.38,0.86,0.0,0.1,0.1
CHSY1,15,101251381,NM_014918.5:c.76C>G,NP_055733.2:p.Leu26Val,0.028,23.2,['Unknown%20significance'],166.38,0.86,0.0,0.1,0.1
CHSY1,15,101251381,NM_014918.5:c.76C>A,NP_055733.2:p.Leu26Ile,0.015,22.1,['Unknown%20significance'],166.38,0.86,0.0,0.1,0.1
CHSY1,15,101251383,NM_014918.5:c.74G>T,NP_055733.2:p.Arg25Leu,0.188,22.2,['Likely%20benign'],188.89,0.7,0.0,-0.6,0.6
CHSY1,15,101251383,NM_014918.5:c.74G>C,NP_055733.2:p.Arg25Pro,0.165,22.4,['Unknown%20significance'],188.89,0.7,0.0,0.2,0.2
CHSY1,15,101251383,NM_014918.5:c.74G>A,NP_055733.2:p.Arg25Gln,0.101,22.1,['Unknown%20significance'],188.89,0.7,0.0,0.1,0.1
CHSY1,15,101251384,NM_014918.5:c.73C>T,NP_055733.2:p.Arg25Trp,0.210,22.9,['Unknown%20significance'],188.89,0.7,0.0,-0.7,0.7
CHSY1,15,101251384,NM_014918.5:c.73C>G,NP_055733.2:p.Arg25Gly,0.182,21.5,['Unknown%20significance'],188.89,0.7,0.0,0.4,0.4
CHSY1,15,101251386,NM_014918.5:c.71C>T,NP_055733.2:p.Ser24Leu,0.113,23.9,['Unknown%20significance'],36.51,0.26,0.0,-1.5,1.5
CHSY1,15,101251386,NM_014918.5:c.71C>G,NP_055733.2:p.Ser24Trp,0.174,24.4,['Unknown%20significance'],36.51,0.26,0.0,-1.3,1.3
CHSY1,15,101251387,NM_014918.5:c.70T>G,NP_055733.2:p.Ser24Ala,0.036,22.3,['Unknown%20significance'],36.51,0.26,0.0,-0.4,0.4
CHSY1,15,101251387,NM_014918.5:c.70T>C,NP_055733.2:p.Ser24Pro,0.167,24.1,['Unknown%20significance'],36.51,0.26,0.0,0.2,0.2
CHSY1,15,101251387,NM_014918.5:c.70T>A,NP_055733.2:p.Ser24Thr,0.065,21.2,['Unknown%20significance'],36.51,0.26,0.0,-0.4,0.4
CHSY1,15,101251389,NM_014918.5:c.68C>T,NP_055733.2:p.Ala23Val,0.070,23.5,['Unknown%20significance'],51.92,0.4,0.0,-0.4,0.4
CHSY1,15,101251389,NM_014918.5:c.68C>G,NP_055733.2:p.Ala23Gly,0.086,22.4,['Unknown%20significance'],51.92,0.4,0.0,1.0,1.0
CHSY1,15,101251389,NM_014918.5:c.68C>A,NP_055733.2:p.Ala23Asp,0.186,23.5,['Unknown%20significance'],51.92,0.4,0.0,1.3,1.3
CHSY1,15,101251390,NM_014918.5:c.67G>T,NP_055733.2:p.Ala23Ser,0.053,20.6,['Unknown%20significance'],51.92,0.4,0.0,0.6,0.6
CHSY1,15,101251390,NM_014918.5:c.67G>C,NP_055733.2:p.Ala23Pro,0.158,23.5,['Unknown%20significance'],51.92,0.4,0.0,0.8,0.8
CHSY1,15,101251390,NM_014918.5:c.67G>A,NP_055733.2:p.Ala23Thr,0.097,22.3,['Unknown%20significance'],51.92,0.4,0.0,0.3,0.3
CHSY1,15,101251392,NM_014918.5:c.65T>C,NP_055733.2:p.Leu22Pro,0.311,26.7,['Unknown%20significance'],110.96,0.57,0.0,1.4,1.4
CHSY1,15,101251392,NM_014918.5:c.65T>A,NP_055733.2:p.Leu22Gln,0.259,26.4,['Unknown%20significance'],110.96,0.57,0.0,1.3,1.3
CHSY1,15,101251393,NM_014918.5:c.64C>A,NP_055733.2:p.Leu22Met,0.182,23.7,['Unknown%20significance'],110.96,0.57,0.0,0.4,0.4
CHSY1,15,101251395,NM_014918.5:c.62T>C,NP_055733.2:p.Val21Ala,0.055,22.0,['Likely%20benign'],49.07,0.28,0.0,1.3,1.3
CHSY1,15,101251395,NM_014918.5:c.62T>A,NP_055733.2:p.Val21Glu,0.166,22.8,['Likely%20benign'],49.07,0.28,0.0,2.2,2.2
CHSY1,15,101251396,NM_014918.5:c.61G>T,NP_055733.2:p.Val21Leu,0.054,19.97,['Likely%20benign'],49.07,0.28,0.0,-0.1,0.1
CHSY1,15,101251396,NM_014918.5:c.61G>C,NP_055733.2:p.Val21Leu,0.054,20.1,['Likely%20benign'],49.07,0.28,0.0,-0.1,0.1
CHSY1,15,101251396,NM_014918.5:c.61G>A,NP_055733.2:p.Val21Met,0.024,22.3,['Unknown%20significance'],49.07,0.28,0.0,0.4,0.4
CHSY1,15,101251397,NM_014918.5:c.60C>G,NP_055733.2:p.Phe20Leu,0.102,22.9,['Unknown%20significance'],167.32,0.72,0.0,0.3,0.3
CHSY1,15,101251397,NM_014918.5:c.60C>A,NP_055733.2:p.Phe20Leu,0.102,22.9,['Unknown%20significance'],167.32,0.72,0.0,0.3,0.3
CHSY1,15,101251398,NM_014918.5:c.59T>G,NP_055733.2:p.Phe20Cys,0.191,28.2,['Unknown%20significance'],167.32,0.72,0.0,0.9,0.9
CHSY1,15,101251398,NM_014918.5:c.59T>C,NP_055733.2:p.Phe20Ser,0.174,25.0,['Unknown%20significance'],167.32,0.72,0.0,1.3,1.3
CHSY1,15,101251399,NM_014918.5:c.58T>G,NP_055733.2:p.Phe20Val,0.115,24.3,['Unknown%20significance'],167.32,0.72,0.0,0.4,0.4
CHSY1,15,101251399,NM_014918.5:c.58T>C,NP_055733.2:p.Phe20Leu,0.071,23.3,['Unknown%20significance'],167.32,0.72,0.0,0.3,0.3
CHSY1,15,101251399,NM_014918.5:c.58T>A,NP_055733.2:p.Phe20Ile,0.122,24.4,['Unknown%20significance'],167.32,0.72,0.0,0.3,0.3
CHSY1,15,101251401,NM_014918.5:c.56G>T,NP_055733.2:p.Gly19Val,0.562,25.5,['Unknown%20significance'],34.56,0.36,0.0,-0.1,0.1
CHSY1,15,101251401,NM_014918.5:c.56G>C,NP_055733.2:p.Gly19Ala,0.279,23.5,['Unknown%20significance'],34.56,0.36,0.0,0.2,0.2
CHSY1,15,101251401,NM_014918.5:c.56G>A,NP_055733.2:p.Gly19Asp,0.611,25.7,['Unknown%20significance'],34.56,0.36,0.0,1.4,1.4
CHSY1,15,101251402,NM_014918.5:c.55G>T,NP_055733.2:p.Gly19Cys,0.636,26.8,['Unknown%20significance'],34.56,0.36,0.0,0.3,0.3
CHSY1,15,101251402,NM_014918.5:c.55G>A,NP_055733.2:p.Gly19Ser,0.435,24.0,['Unknown%20significance'],34.56,0.36,0.0,0.8,0.8
CHSY1,15,101251404,NM_014918.5:c.53T>G,NP_055733.2:p.Leu18Arg,0.291,24.8,['Unknown%20significance'],100.3,0.52,0.0,1.4,1.4
CHSY1,15,101251404,NM_014918.5:c.53T>C,NP_055733.2:p.Leu18Pro,0.268,25.0,['Unknown%20significance'],100.3,0.52,0.0,1.7,1.7
CHSY1,15,101251404,NM_014918.5:c.53T>A,NP_055733.2:p.Leu18Gln,0.196,24.9,['Unknown%20significance'],100.3,0.52,0.0,1.6,1.6
CHSY1,15,101251405,NM_014918.5:c.52C>G,NP_055733.2:p.Leu18Val,0.038,20.9,['Unknown%20significance'],100.3,0.52,0.0,0.2,0.2
CHSY1,15,101251405,NM_014918.5:c.52C>A,NP_055733.2:p.Leu18Met,0.048,22.4,['Unknown%20significance'],100.3,0.52,0.0,0.5,0.5
CHSY1,15,101251407,NM_014918.5:c.50T>C,NP_055733.2:p.Val17Ala,0.065,22.7,['Unknown%20significance'],96.99,0.56,0.0,1.0,1.0
CHSY1,15,101251407,NM_014918.5:c.50T>A,NP_055733.2:p.Val17Asp,0.314,24.3,['Unknown%20significance'],96.99,0.56,0.0,1.7,1.7
CHSY1,15,101251408,NM_014918.5:c.49G>T,NP_055733.2:p.Val17Phe,0.111,21.8,['Unknown%20significance'],96.99,0.56,0.0,0.2,0.2
CHSY1,15,101251408,NM_014918.5:c.49G>C,NP_055733.2:p.Val17Leu,0.057,21.1,['Unknown%20significance'],96.99,0.56,0.0,-0.0,0.0
CHSY1,15,101251408,NM_014918.5:c.49G>A,NP_055733.2:p.Val17Ile,0.023,19.06,['Unknown%20significance'],96.99,0.56,0.0,-0.0,0.0
CHSY1,15,101251410,NM_014918.5:c.47T>C,NP_055733.2:p.Leu16Pro,0.353,27.1,['Unknown%20significance'],127.91,0.66,0.0,1.5,1.5
CHSY1,15,101251410,NM_014918.5:c.47T>A,NP_055733.2:p.Leu16His,0.296,26.5,['Unknown%20significance'],127.91,0.66,0.0,1.3,1.3
CHSY1,15,101251411,NM_014918.5:c.46C>T,NP_055733.2:p.Leu16Phe,0.173,24.0,['Unknown%20significance'],127.91,0.66,0.0,0.1,0.1
CHSY1,15,101251411,NM_014918.5:c.46C>G,NP_055733.2:p.Leu16Val,0.088,22.1,['Unknown%20significance'],127.91,0.66,0.0,0.2,0.2
CHSY1,15,101251411,NM_014918.5:c.46C>A,NP_055733.2:p.Leu16Ile,0.088,22.4,['Unknown%20significance'],127.91,0.66,0.0,0.1,0.1
CHSY1,15,101251413,NM_014918.5:c.44G>T,NP_055733.2:p.Gly15Val,0.473,25.4,['Unknown%20significance'],39.02,0.4,0.0,-0.4,0.4
CHSY1,15,101251413,NM_014918.5:c.44G>C,NP_055733.2:p.Gly15Ala,0.386,25.0,['Unknown%20significance'],39.02,0.4,0.0,0.0,0.0
CHSY1,15,101251413,NM_014918.5:c.44G>A,NP_055733.2:p.Gly15Glu,0.555,25.6,['Unknown%20significance'],39.02,0.4,0.0,1.2,1.2
CHSY1,15,101251414,NM_014918.5:c.43G>T,NP_055733.2:p.Gly15Trp,0.489,27.5,['Unknown%20significance'],39.02,0.4,0.0,-0.4,0.4
CHSY1,15,101251414,NM_014918.5:c.43G>C,NP_055733.2:p.Gly15Arg,0.539,26.2,['Unknown%20significance'],39.02,0.4,0.0,0.5,0.5
CHSY1,15,101251414,NM_014918.5:c.43G>A,NP_055733.2:p.Gly15Arg,0.509,26.4,['Unknown%20significance'],39.02,0.4,0.0,0.5,0.5
CHSY1,15,101251416,NM_014918.5:c.41T>G,NP_055733.2:p.Leu14Arg,0.251,24.1,['Unknown%20significance'],118.43,0.61,0.0,1.4,1.4
CHSY1,15,101251416,NM_014918.5:c.41T>C,NP_055733.2:p.Leu14Pro,0.270,26.3,['Unknown%20significance'],118.43,0.61,0.0,1.7,1.7
CHSY1,15,101251417,NM_014918.5:c.40C>T,NP_055733.2:p.Leu14Phe,0.096,23.6,['Unknown%20significance'],118.43,0.61,0.0,0.2,0.2
CHSY1,15,101251417,NM_014918.5:c.40C>G,NP_055733.2:p.Leu14Val,0.053,19.99,['Unknown%20significance'],118.43,0.61,0.0,0.1,0.1
CHSY1,15,101251417,NM_014918.5:c.40C>A,NP_055733.2:p.Leu14Ile,0.064,21.3,['Unknown%20significance'],118.43,0.61,0.0,0.0,0.0
CHSY1,15,101251419,NM_014918.5:c.38T>C,NP_055733.2:p.Leu13Pro,0.244,24.2,['Unknown%20significance'],97.39,0.5,0.0,1.9,1.9
CHSY1,15,101251420,NM_014918.5:c.37C>G,NP_055733.2:p.Leu13Val,0.042,20.3,['Unknown%20significance'],97.39,0.5,0.0,0.3,0.3
CHSY1,15,101251420,NM_014918.5:c.37C>A,NP_055733.2:p.Leu13Met,0.030,22.3,['Unknown%20significance'],97.39,0.5,0.0,0.6,0.6
CHSY1,15,101251422,NM_014918.5:c.35T>C,NP_055733.2:p.Val12Ala,0.104,22.6,['Unknown%20significance'],88.49,0.51,0.0,1.1,1.1
CHSY1,15,101251422,NM_014918.5:c.35T>A,NP_055733.2:p.Val12Glu,0.236,24.0,['Unknown%20significance'],88.49,0.51,0.0,1.8,1.8
CHSY1,15,101251423,NM_014918.5:c.34G>T,NP_055733.2:p.Val12Leu,0.108,18.80,['Likely%20benign'],88.49,0.51,0.0,-0.2,0.2
CHSY1,15,101251423,NM_014918.5:c.34G>C,NP_055733.2:p.Val12Leu,0.108,18.88,['Likely%20benign'],88.49,0.51,0.0,-0.2,0.2
CHSY1,15,101251423,NM_014918.5:c.34G>A,NP_055733.2:p.Val12Met,0.123,22.8,['Likely%20benign'],88.49,0.51,0.0,0.3,0.3
CHSY1,15,101251424,NM_014918.5:c.33C>G,NP_055733.2:p.Ser11Arg,0.147,22.5,['Unknown%20significance'],77.16,0.55,0.0,-0.2,0.2
CHSY1,15,101251424,NM_014918.5:c.33C>A,NP_055733.2:p.Ser11Arg,0.148,22.4,['Unknown%20significance'],77.16,0.55,0.0,-0.2,0.2
CHSY1,15,101251425,NM_014918.5:c.32G>T,NP_055733.2:p.Ser11Ile,0.178,23.1,['Unknown%20significance'],77.16,0.55,0.0,-1.0,1.0
CHSY1,15,101251425,NM_014918.5:c.32G>C,NP_055733.2:p.Ser11Thr,0.065,17.64,['Unknown%20significance'],77.16,0.55,0.0,-0.3,0.3
CHSY1,15,101251425,NM_014918.5:c.32G>A,NP_055733.2:p.Ser11Asn,0.048,19.13,['Unknown%20significance'],77.16,0.55,0.0,0.1,0.1
CHSY1,15,101251426,NM_014918.5:c.31A>T,NP_055733.2:p.Ser11Cys,0.198,23.4,['Unknown%20significance'],77.16,0.55,0.0,-0.4,0.4
CHSY1,15,101251426,NM_014918.5:c.31A>G,NP_055733.2:p.Ser11Gly,0.092,20.2,['Unknown%20significance'],77.16,0.55,0.0,0.2,0.2
CHSY1,15,101251426,NM_014918.5:c.31A>C,NP_055733.2:p.Ser11Arg,0.186,22.4,['Unknown%20significance'],77.16,0.55,0.0,-0.2,0.2
CHSY1,15,101251428,NM_014918.5:c.29T>C,NP_055733.2:p.Leu10Pro,0.278,24.3,['Unknown%20significance'],131.19,0.68,0.0,1.2,1.2
CHSY1,15,101251428,NM_014918.5:c.29T>A,NP_055733.2:p.Leu10His,0.251,24.1,['Unknown%20significance'],131.19,0.68,0.0,1.0,1.0
CHSY1,15,101251429,NM_014918.5:c.28C>T,NP_055733.2:p.Leu10Phe,0.039,18.90,['Unknown%20significance'],131.19,0.68,0.0,0.1,0.1
CHSY1,15,101251429,NM_014918.5:c.28C>G,NP_055733.2:p.Leu10Val,0.031,17.48,['Likely%20benign'],131.19,0.68,0.0,0.3,0.3
CHSY1,15,101251429,NM_014918.5:c.28C>A,NP_055733.2:p.Leu10Ile,0.037,18.12,['Likely%20benign'],131.19,0.68,0.0,0.2,0.2
CHSY1,15,101251430,NM_014918.5:c.27G>T,NP_055733.2:p.Trp9Cys,0.241,25.2,['Unknown%20significance'],186.32,0.71,0.0,0.6,0.6
CHSY1,15,101251430,NM_014918.5:c.27G>C,NP_055733.2:p.Trp9Cys,0.240,25.2,['Unknown%20significance'],186.32,0.71,0.0,0.6,0.6
CHSY1,15,101251431,NM_014918.5:c.26G>T,NP_055733.2:p.Trp9Leu,0.218,20.9,['Unknown%20significance'],186.32,0.71,0.0,0.0,0.0
CHSY1,15,101251431,NM_014918.5:c.26G>C,NP_055733.2:p.Trp9Ser,0.241,23.9,['Unknown%20significance'],186.32,0.71,0.0,0.9,0.9
CHSY1,15,101251432,NM_014918.5:c.25T>G,NP_055733.2:p.Trp9Gly,0.216,24.5,['Unknown%20significance'],186.32,0.71,0.0,1.1,1.1
CHSY1,15,101251432,NM_014918.5:c.25T>C,NP_055733.2:p.Trp9Arg,0.242,24.4,['Unknown%20significance'],186.32,0.71,0.0,0.7,0.7
CHSY1,15,101251432,NM_014918.5:c.25T>A,NP_055733.2:p.Trp9Arg,0.244,24.3,['Unknown%20significance'],186.32,0.71,0.0,0.7,0.7
CHSY1,15,101251434,NM_014918.5:c.23C>T,NP_055733.2:p.Ala8Val,0.032,19.07,['Unknown%20significance'],56.45,0.44,0.0,-0.4,0.4
CHSY1,15,101251434,NM_014918.5:c.23C>G,NP_055733.2:p.Ala8Gly,0.043,21.8,['Unknown%20significance'],56.45,0.44,0.0,0.7,0.7
CHSY1,15,101251434,NM_014918.5:c.23C>A,NP_055733.2:p.Ala8Asp,0.261,22.0,['Unknown%20significance'],56.45,0.44,0.0,0.7,0.7
CHSY1,15,101251435,NM_014918.5:c.22G>T,NP_055733.2:p.Ala8Ser,0.044,15.88,['Likely%20benign'],56.45,0.44,0.0,0.4,0.4
CHSY1,15,101251435,NM_014918.5:c.22G>C,NP_055733.2:p.Ala8Pro,0.227,20.3,['Unknown%20significance'],56.45,0.44,0.0,0.4,0.4
CHSY1,15,101251435,NM_014918.5:c.22G>A,NP_055733.2:p.Ala8Thr,0.034,17.80,['Likely%20benign'],56.45,0.44,0.0,0.1,0.1
CHSY1,15,101251437,NM_014918.5:c.20G>T,NP_055733.2:p.Arg7Leu,0.171,23.1,['Unknown%20significance'],181.21,0.67,0.0,-0.1,0.1
CHSY1,15,101251437,NM_014918.5:c.20G>A,NP_055733.2:p.Arg7His,0.072,21.9,['Unknown%20significance'],181.21,0.67,0.0,0.1,0.1
CHSY1,15,101251438,NM_014918.5:c.19C>T,NP_055733.2:p.Arg7Cys,0.214,26.2,['Unknown%20significance'],181.21,0.67,0.0,0.3,0.3
CHSY1,15,101251438,NM_014918.5:c.19C>G,NP_055733.2:p.Arg7Gly,0.083,23.5,['Unknown%20significance'],181.21,0.67,0.0,0.6,0.6
CHSY1,15,101251438,NM_014918.5:c.19C>A,NP_055733.2:p.Arg7Ser,0.163,23.3,['Unknown%20significance'],181.21,0.67,0.0,0.4,0.4
CHSY1,15,101251440,NM_014918.5:c.17G>T,NP_055733.2:p.Arg6Leu,0.085,23.7,['Unknown%20significance'],185.42,0.68,0.0,-0.2,0.2
CHSY1,15,101251440,NM_014918.5:c.17G>C,NP_055733.2:p.Arg6Pro,0.193,24.2,['Unknown%20significance'],185.42,0.68,0.0,0.4,0.4
CHSY1,15,101251440,NM_014918.5:c.17G>A,NP_055733.2:p.Arg6Gln,0.098,23.9,['Unknown%20significance'],185.42,0.68,0.0,0.2,0.2
CHSY1,15,101251441,NM_014918.5:c.16C>T,NP_055733.2:p.Arg6Trp,0.155,24.5,['Unknown%20significance'],185.42,0.68,0.0,-0.2,0.2
CHSY1,15,101251441,NM_014918.5:c.16C>G,NP_055733.2:p.Arg6Gly,0.126,23.7,['Unknown%20significance'],185.42,0.68,0.0,0.5,0.5
CHSY1,15,101251443,NM_014918.5:c.14G>T,NP_055733.2:p.Gly5Val,0.042,23.0,['Unknown%20significance'],38.75,0.4,0.0,-1.0,1.0
CHSY1,15,101251443,NM_014918.5:c.14G>C,NP_055733.2:p.Gly5Ala,0.028,19.80,['Likely%20benign'],38.75,0.4,0.0,-0.4,0.4
CHSY1,15,101251443,NM_014918.5:c.14G>A,NP_055733.2:p.Gly5Asp,0.141,23.1,['Likely%20benign'],38.75,0.4,0.0,-0.3,0.3
CHSY1,15,101251444,NM_014918.5:c.13G>T,NP_055733.2:p.Gly5Cys,0.136,23.4,['Likely%20benign'],38.75,0.4,0.0,-0.3,0.3
CHSY1,15,101251444,NM_014918.5:c.13G>C,NP_055733.2:p.Gly5Arg,0.132,23.0,['Likely%20benign'],38.75,0.4,0.0,-0.5,0.5
CHSY1,15,101251444,NM_014918.5:c.13G>A,NP_055733.2:p.Gly5Ser,0.071,16.78,['Likely%20benign'],38.75,0.4,0.0,-0.5,0.5
CHSY1,15,101251446,NM_014918.5:c.11G>T,NP_055733.2:p.Arg4Leu,0.153,23.6,['Unknown%20significance'],203.09,0.75,0.0,-0.0,0.0
CHSY1,15,101251446,NM_014918.5:c.11G>C,NP_055733.2:p.Arg4Pro,0.162,23.8,['Unknown%20significance'],203.09,0.75,0.0,0.3,0.3
CHSY1,15,101251446,NM_014918.5:c.11G>A,NP_055733.2:p.Arg4His,0.068,23.7,['Unknown%20significance'],203.09,0.75,0.0,0.1,0.1
CHSY1,15,101251447,NM_014918.5:c.10C>T,NP_055733.2:p.Arg4Cys,0.158,23.8,['Unknown%20significance'],203.09,0.75,0.0,0.3,0.3
CHSY1,15,101251447,NM_014918.5:c.10C>G,NP_055733.2:p.Arg4Gly,0.206,23.1,['Unknown%20significance'],203.09,0.75,0.0,0.5,0.5
CHSY1,15,101251447,NM_014918.5:c.10C>A,NP_055733.2:p.Arg4Ser,0.109,22.9,['Unknown%20significance'],203.09,0.75,0.0,0.3,0.3
CHSY1,15,101251449,NM_014918.5:c.8C>T,NP_055733.2:p.Ala3Val,0.008,14.86,['Likely%20benign'],62.86,0.49,0.0,-0.4,0.4
CHSY1,15,101251449,NM_014918.5:c.8C>G,NP_055733.2:p.Ala3Gly,0.020,12.86,['Likely%20benign'],62.86,0.49,0.0,0.6,0.6
CHSY1,15,101251449,NM_014918.5:c.8C>A,NP_055733.2:p.Ala3Glu,0.012,14.89,['Likely%20benign'],62.86,0.49,0.0,0.4,0.4
CHSY1,15,101251450,NM_014918.5:c.7G>T,NP_055733.2:p.Ala3Ser,0.051,17.77,['Likely%20benign'],62.86,0.49,0.0,0.4,0.4
CHSY1,15,101251450,NM_014918.5:c.7G>C,NP_055733.2:p.Ala3Pro,0.064,20.7,['Likely%20benign'],62.86,0.49,0.0,0.2,0.2
CHSY1,15,101251450,NM_014918.5:c.7G>A,NP_055733.2:p.Ala3Thr,0.059,20.9,['Likely%20benign'],62.86,0.49,0.0,0.2,0.2
CHSY1,15,101251452,NM_014918.5:c.5C>T,NP_055733.2:p.Ala2Val,0.140,23.4,['Unknown%20significance'],64.02,0.5,0.0,0.2,0.2
CHSY1,15,101251452,NM_014918.5:c.5C>G,NP_055733.2:p.Ala2Gly,0.048,23.4,['Unknown%20significance'],64.02,0.5,0.0,0.9,0.9
CHSY1,15,101251452,NM_014918.5:c.5C>A,NP_055733.2:p.Ala2Asp,0.177,23.5,['Unknown%20significance'],64.02,0.5,0.0,1.0,1.0
CHSY1,15,101251453,NM_014918.5:c.4G>T,NP_055733.2:p.Ala2Ser,0.070,22.9,['Unknown%20significance'],64.02,0.5,0.0,0.6,0.6
CHSY1,15,101251453,NM_014918.5:c.4G>C,NP_055733.2:p.Ala2Pro,0.194,23.4,['Unknown%20significance'],64.02,0.5,0.0,0.6,0.6
CHSY1,15,101251453,NM_014918.5:c.4G>A,NP_055733.2:p.Ala2Thr,0.122,22.0,['Unknown%20significance'],64.02,0.5,0.0,0.6,0.6