Gene,Chrom,Position,DNA_change,Protein_Change,Revel,CADDPhred,Classification,Surface Area,Normalized SA,Confidence Score,ddG,|ddG|
TMC1,9,72648652,NM_138691.3:c.4T>C,NP_619636.2:p.Ser2Pro,0.189,17.91,['Likely%20benign'],117.77,0.85,0.0,0.1,0.1
TMC1,9,72648655,NM_138691.3:c.7C>A,NP_619636.2:p.Pro3Thr,0.224,22.0,['Unknown%20significance'],126.65,0.8,0.0,0.5,0.5
TMC1,9,72648655,NM_138691.3:c.7C>T,NP_619636.2:p.Pro3Ser,0.216,22.3,['Unknown%20significance'],126.65,0.8,0.0,0.6,0.6
TMC1,9,72648656,NM_138691.3:c.8C>T,NP_619636.2:p.Pro3Leu,0.185,23.3,['Unknown%20significance'],126.65,0.8,0.0,0.4,0.4
TMC1,9,72648658,NM_138691.3:c.10A>C,NP_619636.2:p.Lys4Gln,0.215,22.4,['Likely%20benign'],227.28,0.96,0.0,-0.1,0.1
TMC1,9,72648659,NM_138691.3:c.11A>G,NP_619636.2:p.Lys4Arg,0.236,20.5,['Likely%20benign'],227.28,0.96,0.0,-0.1,0.1
TMC1,9,72648663,NM_138691.3:c.15A>T,NP_619636.2:p.Lys5Asn,0.071,23.6,['Unknown%20significance'],187.88,0.79,0.0,-0.1,0.1
TMC1,9,72648664,NM_138691.3:c.16G>A,NP_619636.2:p.Val6Ile,0.118,27.5,['Likely%20benign'],153.34,0.89,0.0,0.1,0.1
TMC1,9,72688711,NM_138691.3:c.19C>A,NP_619636.2:p.Gln7Lys,0.063,23.3,['Likely%20benign'],158.17,0.79,0.0,0.4,0.4
TMC1,9,72688712,NM_138691.3:c.20A>G,NP_619636.2:p.Gln7Arg,0.207,21.7,['Unknown%20significance'],158.17,0.79,0.0,0.2,0.2
TMC1,9,72688714,NM_138691.3:c.22A>G,NP_619636.2:p.Ile8Val,0.209,20.4,['Likely%20benign'],164.44,0.83,0.0,0.3,0.3
TMC1,9,72688715,NM_138691.3:c.23T>A,NP_619636.2:p.Ile8Asn,0.234,26.3,['Likely%20benign'],164.44,0.83,0.0,1.1,1.1
TMC1,9,72688723,NM_138691.3:c.31G>C,NP_619636.2:p.Glu11Gln,0.154,24.7,['Likely%20benign'],144.11,0.73,0.0,-0.0,0.0
TMC1,9,72688725,NM_138691.3:c.33G>T,NP_619636.2:p.Glu11Asp,0.193,21.6,['Likely%20benign'],144.11,0.73,0.0,0.2,0.2
TMC1,9,72688726,NM_138691.3:c.34G>A,NP_619636.2:p.Glu12Lys,0.078,19.84,['Likely%20benign'],167.17,0.85,0.0,-0.0,0.0
TMC1,9,72688727,NM_138691.3:c.35A>G,NP_619636.2:p.Glu12Gly,0.057,23.1,['Unknown%20significance'],167.17,0.85,0.0,0.3,0.3
TMC1,9,72688731,NM_138691.3:c.39A>T,NP_619636.2:p.Lys13Asn,0.080,15.66,['Likely%20benign'],204.65,0.86,0.0,0.3,0.3
TMC1,9,72688732,NM_138691.3:c.40G>C,NP_619636.2:p.Glu14Gln,0.068,21.0,['Likely%20benign'],187.93,0.96,0.0,-0.0,0.0
TMC1,9,72688734,NM_138691.3:c.42A>T,NP_619636.2:p.Glu14Asp,0.148,14.80,['Likely%20benign'],187.93,0.96,0.0,0.0,0.0
TMC1,9,72688736,NM_138691.3:c.44A>C,NP_619636.2:p.Asp15Ala,0.118,20.9,['Likely%20benign'],145.29,0.9,0.0,0.4,0.4
TMC1,9,72688736,NM_138691.3:c.44A>T,NP_619636.2:p.Asp15Val,0.131,21.9,['Unknown%20significance'],145.29,0.9,0.0,0.3,0.3
TMC1,9,72688737,NM_138691.3:c.45C>A,NP_619636.2:p.Asp15Glu,0.128,0.013,['Likely%20benign'],145.29,0.9,0.0,0.2,0.2
TMC1,9,72688737,NM_138691.3:c.45C>G,NP_619636.2:p.Asp15Glu,0.128,0.014,['Likely%20benign'],145.29,0.9,0.0,0.2,0.2
TMC1,9,72688738,NM_138691.3:c.46G>A,NP_619636.2:p.Glu16Lys,0.081,20.3,['Unknown%20significance'],161.08,0.82,0.0,-0.2,0.2
TMC1,9,72688739,NM_138691.3:c.47A>T,NP_619636.2:p.Glu16Val,0.092,22.6,['Likely%20benign'],161.08,0.82,0.0,0.1,0.1
TMC1,9,72688741,NM_138691.3:c.49A>G,NP_619636.2:p.Thr17Ala,0.087,17.21,['Likely%20benign'],149.27,0.94,0.0,0.2,0.2
TMC1,9,72688744,NM_138691.3:c.52G>A,NP_619636.2:p.Glu18Lys,0.181,24.3,['Likely%20benign'],168.61,0.86,0.0,-0.0,0.0
TMC1,9,72688748,NM_138691.3:c.56A>T,NP_619636.2:p.Glu19Val,0.130,25.4,['Likely%20benign'],185.11,0.94,0.0,0.2,0.2
TMC1,9,72688749,NM_138691.3:c.57A>T,NP_619636.2:p.Glu19Asp,0.098,19.99,['Likely%20benign'],185.11,0.94,0.0,0.0,0.0
TMC1,9,72688751,NM_138691.3:c.59G>A,NP_619636.2:p.Ser20Asn,0.130,22.7,['Likely%20benign'],128.44,0.93,0.0,0.1,0.1
TMC1,9,72688751,NM_138691.3:c.59G>C,NP_619636.2:p.Ser20Thr,0.116,22.4,['Unknown%20significance'],128.44,0.93,0.0,0.1,0.1
TMC1,9,72688751,NM_138691.3:c.59G>T,NP_619636.2:p.Ser20Ile,0.153,23.5,['Unknown%20significance'],128.44,0.93,0.0,0.3,0.3
TMC1,9,72688752,NM_138691.3:c.60C>A,NP_619636.2:p.Ser20Arg,0.199,19.69,['Likely%20benign'],128.44,0.93,0.0,0.0,0.0
TMC1,9,72688756,NM_138691.3:c.64A>G,NP_619636.2:p.Ser22Gly,0.062,22.7,['Unknown%20significance'],123.64,0.89,0.0,0.2,0.2
TMC1,9,72688756,NM_138691.3:c.64A>T,NP_619636.2:p.Ser22Cys,0.067,24.1,['Unknown%20significance'],123.64,0.89,0.0,0.2,0.2
TMC1,9,72694543,NM_138691.3:c.65G>A,NP_619636.2:p.Ser22Asn,0.058,23.6,['Likely%20benign'],123.64,0.89,0.0,0.1,0.1
TMC1,9,72694546,NM_138691.3:c.68A>G,NP_619636.2:p.Glu23Gly,0.072,23.2,['Unknown%20significance'],145.14,0.74,0.0,0.4,0.4
TMC1,9,72694551,NM_138691.3:c.73G>A,NP_619636.2:p.Glu25Lys,0.152,24.1,['Likely%20benign'],148.22,0.75,0.0,-0.2,0.2
TMC1,9,72694552,NM_138691.3:c.74A>G,NP_619636.2:p.Glu25Gly,0.076,25.1,['Likely%20benign'],148.22,0.75,0.0,0.4,0.4
TMC1,9,72694554,NM_138691.3:c.76G>C,NP_619636.2:p.Glu26Gln,0.036,16.26,['Likely%20benign'],168.56,0.86,0.0,-0.1,0.1
TMC1,9,72694555,NM_138691.3:c.77A>G,NP_619636.2:p.Glu26Gly,0.024,21.8,['Likely%20benign'],168.56,0.86,0.0,0.1,0.1
TMC1,9,72694555,NM_138691.3:c.77A>T,NP_619636.2:p.Glu26Val,0.010,19.15,['Likely%20benign'],168.56,0.86,0.0,0.0,0.0
TMC1,9,72694557,NM_138691.3:c.79G>A,NP_619636.2:p.Glu27Lys,0.105,20.7,['Unknown%20significance'],192.57,0.98,0.0,-0.0,0.0
TMC1,9,72694559,NM_138691.3:c.81G>T,NP_619636.2:p.Glu27Asp,0.061,16.47,['Unknown%20significance'],192.57,0.98,0.0,0.0,0.0
TMC1,9,72694560,NM_138691.3:c.82G>A,NP_619636.2:p.Val28Met,0.032,21.5,['Likely%20benign'],143.1,0.83,0.0,0.1,0.1
TMC1,9,72694560,NM_138691.3:c.82G>C,NP_619636.2:p.Val28Leu,0.050,19.65,['Likely%20benign'],143.1,0.83,0.0,0.2,0.2
TMC1,9,72694561,NM_138691.3:c.83T>A,NP_619636.2:p.Val28Glu,0.030,18.45,['Likely%20benign'],143.1,0.83,0.0,0.2,0.2
TMC1,9,72694561,NM_138691.3:c.83T>C,NP_619636.2:p.Val28Ala,0.014,18.60,['Likely%20benign'],143.1,0.83,0.0,0.3,0.3
TMC1,9,72694563,NM_138691.3:c.85G>C,NP_619636.2:p.Glu29Gln,0.094,22.8,['Unknown%20significance'],143.81,0.73,0.0,-0.1,0.1
TMC1,9,72694565,NM_138691.3:c.87A>C,NP_619636.2:p.Glu29Asp,0.069,22.5,['Unknown%20significance'],143.81,0.73,0.0,0.1,0.1
TMC1,9,72694567,NM_138691.3:c.89A>G,NP_619636.2:p.Asp30Gly,0.096,21.5,['Likely%20benign'],129.59,0.81,0.0,0.0,0.0
TMC1,9,72694567,NM_138691.3:c.89A>T,NP_619636.2:p.Asp30Val,0.139,22.9,['Likely%20benign'],129.59,0.81,0.0,-0.3,0.3
TMC1,9,72694575,NM_138691.3:c.97C>T,NP_619636.2:p.Pro33Ser,0.112,23.1,['Unknown%20significance'],92.28,0.58,0.0,0.4,0.4
TMC1,9,72694576,NM_138691.3:c.98C>A,NP_619636.2:p.Pro33His,0.098,23.5,['Unknown%20significance'],92.28,0.58,0.0,0.2,0.2
TMC1,9,72694578,NM_138691.3:c.100C>G,NP_619636.2:p.Arg34Gly,0.138,19.29,['Unknown%20significance'],242.81,0.9,0.0,0.3,0.3
TMC1,9,72694579,NM_138691.3:c.101G>A,NP_619636.2:p.Arg34Gln,0.120,25.4,['Unknown%20significance'],242.81,0.9,0.0,0.1,0.1
TMC1,9,72694589,NM_138691.3:c.111C>A,NP_619636.2:p.Ser37Arg,0.082,14.05,['Unknown%20significance'],100.14,0.72,0.0,0.2,0.2
TMC1,9,72694590,NM_138691.3:c.112T>A,NP_619636.2:p.Leu38Met,0.093,10.31,['Likely%20benign'],180.98,0.93,0.0,0.0,0.0
TMC1,9,72694594,NM_138691.3:c.116G>A,NP_619636.2:p.Arg39Lys,0.043,22.1,['Likely%20benign'],211.89,0.78,0.0,0.3,0.3
TMC1,9,72694600,NM_138691.3:c.122A>G,NP_619636.2:p.Lys41Arg,0.036,21.6,['Likely%20benign'],184.83,0.78,0.0,-0.3,0.3
TMC1,9,72694602,NM_138691.3:c.124A>T,NP_619636.2:p.Arg42Trp,0.160,24.9,['Unknown%20significance'],237.78,0.88,0.0,0.1,0.1
TMC1,9,72694608,NM_138691.3:c.130C>T,NP_619636.2:p.Arg44Trp,0.126,25.6,['Unknown%20significance'],223.57,0.82,0.0,-0.0,0.0
TMC1,9,72694609,NM_138691.3:c.131G>A,NP_619636.2:p.Arg44Gln,0.090,23.2,['Unknown%20significance'],223.57,0.82,0.0,0.1,0.1
TMC1,9,72694609,NM_138691.3:c.131G>T,NP_619636.2:p.Arg44Leu,0.092,26.0,['Unknown%20significance'],223.57,0.82,0.0,0.2,0.2
TMC1,9,72694612,NM_138691.3:c.134C>G,NP_619636.2:p.Thr45Ser,0.089,12.16,['Likely%20benign'],150.74,0.95,0.0,0.0,0.0
TMC1,9,72694615,NM_138691.3:c.137G>T,NP_619636.2:p.Arg46Ile,0.165,26.8,['Unknown%20significance'],228.08,0.84,0.0,0.2,0.2
TMC1,9,72694619,NM_138691.3:c.141T>A,NP_619636.2:p.Asp47Glu,0.120,16.87,['Unknown%20significance'],138.07,0.86,0.0,0.0,0.0
TMC1,9,72694619,NM_138691.3:c.141T>G,NP_619636.2:p.Asp47Glu,0.120,17.36,['Likely%20benign'],138.07,0.86,0.0,0.0,0.0
TMC1,9,72694620,NM_138691.3:c.142G>A,NP_619636.2:p.Val48Ile,0.087,16.40,['Likely%20benign'],114.6,0.66,0.0,0.0,0.0
TMC1,9,72694623,NM_138691.3:c.145A>C,NP_619636.2:p.Ile49Leu,0.079,18.97,['Unknown%20significance'],164.0,0.83,0.0,-0.0,0.0
TMC1,9,72694626,NM_138691.3:c.148A>G,NP_619636.2:p.Asn50Asp,0.060,14.38,['Likely%20benign'],82.71,0.51,0.0,0.1,0.1
TMC1,9,72694627,NM_138691.3:c.149A>G,NP_619636.2:p.Asn50Ser,0.072,8.485,['Likely%20benign'],82.71,0.51,0.0,0.0,0.0
TMC1,9,72694629,NM_138691.3:c.151G>A,NP_619636.2:p.Glu51Lys,0.055,22.7,['Unknown%20significance'],207.1,1.0,0.0,0.0,0.0
TMC1,9,72694630,NM_138691.3:c.152A>G,NP_619636.2:p.Glu51Gly,0.021,24.2,['Unknown%20significance'],207.1,1.0,0.0,0.1,0.1
TMC1,9,72694632,NM_138691.3:c.154G>A,NP_619636.2:p.Asp52Asn,0.027,21.9,['Likely%20benign'],148.67,0.92,0.0,0.0,0.0
TMC1,9,72694632,NM_138691.3:c.154G>C,NP_619636.2:p.Asp52His,0.018,22.1,['Unknown%20significance'],148.67,0.92,0.0,-0.1,0.1
TMC1,9,72694633,NM_138691.3:c.155A>G,NP_619636.2:p.Asp52Gly,0.055,22.9,['Likely%20benign'],148.67,0.92,0.0,0.1,0.1
TMC1,9,72694634,NM_138691.3:c.156T>A,NP_619636.2:p.Asp52Glu,0.049,10.11,['Likely%20benign'],148.67,0.92,0.0,-0.0,0.0
TMC1,9,72694636,NM_138691.3:c.158A>G,NP_619636.2:p.Asp53Gly,0.067,22.6,['Unknown%20significance'],76.69,0.47,0.0,0.5,0.5
TMC1,9,72694637,NM_138691.3:c.159C>G,NP_619636.2:p.Asp53Glu,0.055,2.102,['Likely%20benign'],76.69,0.47,0.0,0.0,0.0
TMC1,9,72694638,NM_138691.3:c.160C>T,NP_619636.2:p.Pro54Ser,0.094,15.48,['Unknown%20significance'],135.58,0.86,0.0,0.0,0.0
TMC1,9,72694641,NM_138691.3:c.163G>C,NP_619636.2:p.Glu55Gln,0.079,13.38,['Likely%20benign'],182.85,0.93,0.0,-0.0,0.0
TMC1,9,72694645,NM_138691.3:c.167C>T,NP_619636.2:p.Pro56Leu,0.100,25.0,['Unknown%20significance'],137.94,0.87,0.0,0.0,0.0
TMC1,9,72694647,NM_138691.3:c.169G>C,NP_619636.2:p.Glu57Gln,0.062,23.6,['Unknown%20significance'],181.62,0.93,0.0,-0.1,0.1
TMC1,9,72694650,NM_138691.3:c.172C>A,NP_619636.2:p.Pro58Thr,0.053,22.8,['Unknown%20significance'],141.72,0.9,0.0,0.2,0.2
TMC1,9,72694654,NM_138691.3:c.176A>G,NP_619636.2:p.Glu59Gly,0.042,23.5,['Unknown%20significance'],77.14,0.39,0.0,0.3,0.3
TMC1,9,72694654,NM_138691.3:c.176A>T,NP_619636.2:p.Glu59Val,0.081,26.4,['Unknown%20significance'],77.14,0.39,0.0,-0.1,0.1
TMC1,9,72694655,NM_138691.3:c.177G>T,NP_619636.2:p.Glu59Asp,0.084,14.82,['Unknown%20significance'],77.14,0.39,0.0,0.2,0.2
TMC1,9,72694656,NM_138691.3:c.178G>A,NP_619636.2:p.Asp60Asn,0.092,24.2,['Unknown%20significance'],89.44,0.55,0.0,-0.1,0.1
TMC1,9,72694656,NM_138691.3:c.178G>C,NP_619636.2:p.Asp60His,0.163,24.5,['Unknown%20significance'],89.44,0.55,0.0,-0.2,0.2
TMC1,9,72694658,NM_138691.3:c.180T>A,NP_619636.2:p.Asp60Glu,0.089,20.3,['Unknown%20significance'],89.44,0.55,0.0,0.1,0.1
TMC1,9,72694659,NM_138691.3:c.181G>A,NP_619636.2:p.Glu61Lys,0.061,22.9,['Likely%20benign'],123.82,0.63,0.0,-0.0,0.0
TMC1,9,72694662,NM_138691.3:c.184G>A,NP_619636.2:p.Glu62Lys,0.059,22.4,['Unknown%20significance'],155.61,0.79,0.0,0.1,0.1
TMC1,9,72694664,NM_138691.3:c.186A>T,NP_619636.2:p.Glu62Asp,0.024,17.60,['Unknown%20significance'],155.61,0.79,0.0,0.1,0.1
TMC1,9,72694666,NM_138691.3:c.188C>A,NP_619636.2:p.Thr63Lys,0.213,22.4,['Unknown%20significance'],78.03,0.49,0.0,0.6,0.6
TMC1,9,72694666,NM_138691.3:c.188C>G,NP_619636.2:p.Thr63Arg,0.151,22.8,['Unknown%20significance'],78.03,0.49,0.0,0.1,0.1
TMC1,9,72694668,NM_138691.3:c.190A>G,NP_619636.2:p.Arg64Gly,0.078,24.3,['Unknown%20significance'],177.51,0.65,0.0,0.7,0.7
TMC1,9,72694671,NM_138691.3:c.193A>G,NP_619636.2:p.Lys65Glu,0.070,22.8,['Likely%20benign'],134.32,0.56,0.0,-0.1,0.1
TMC1,9,72694672,NM_138691.3:c.194A>G,NP_619636.2:p.Lys65Arg,0.058,22.2,['Unknown%20significance'],134.32,0.56,0.0,-0.5,0.5
TMC1,9,72694673,NM_138691.3:c.195G>T,NP_619636.2:p.Lys65Asn,0.022,18.97,['Unknown%20significance'],134.32,0.56,0.0,0.0,0.0
TMC1,9,72694674,NM_138691.3:c.196G>A,NP_619636.2:p.Ala66Thr,0.061,21.5,['Unknown%20significance'],59.39,0.46,0.0,-0.2,0.2
TMC1,9,72694674,NM_138691.3:c.196G>C,NP_619636.2:p.Ala66Pro,0.077,22.5,['Unknown%20significance'],59.39,0.46,0.0,0.3,0.3
TMC1,9,72694678,NM_138691.3:c.200G>C,NP_619636.2:p.Arg67Thr,0.089,22.7,['Unknown%20significance'],180.02,0.66,0.0,0.2,0.2
TMC1,9,72694681,NM_138691.3:c.203A>G,NP_619636.2:p.Glu68Gly,0.031,23.1,['Unknown%20significance'],75.42,0.38,0.0,0.7,0.7
TMC1,9,72694686,NM_138691.3:c.208G>A,NP_619636.2:p.Glu70Lys,0.092,20.2,['Likely%20benign'],76.87,0.39,0.0,1.2,1.2
TMC1,9,72694687,NM_138691.3:c.209A>C,NP_619636.2:p.Glu70Ala,0.042,22.2,['Unknown%20significance'],76.87,0.39,0.0,1.0,1.0
TMC1,9,72694687,NM_138691.3:c.209A>G,NP_619636.2:p.Glu70Gly,0.035,23.5,['Unknown%20significance'],76.87,0.39,0.0,1.3,1.3
TMC1,9,72694689,NM_138691.3:c.211A>G,NP_619636.2:p.Arg71Gly,0.157,24.3,['Unknown%20significance'],162.18,0.6,0.0,0.8,0.8
TMC1,9,72694690,NM_138691.3:c.212G>A,NP_619636.2:p.Arg71Lys,0.192,23.1,['Unknown%20significance'],162.18,0.6,0.0,0.5,0.5
TMC1,9,72694690,NM_138691.3:c.212G>C,NP_619636.2:p.Arg71Thr,0.156,23.5,['Unknown%20significance'],162.18,0.6,0.0,0.5,0.5
TMC1,9,72694693,NM_138691.3:c.215G>A,NP_619636.2:p.Arg72Lys,0.158,22.7,['Unknown%20significance'],142.95,0.53,0.0,0.6,0.6
TMC1,9,72694696,NM_138691.3:c.218G>A,NP_619636.2:p.Arg73Lys,0.032,18.28,['Likely%20benign'],133.32,0.49,0.0,0.7,0.7
TMC1,9,72694699,NM_138691.3:c.221G>A,NP_619636.2:p.Arg74Lys,0.129,16.29,['Unknown%20significance'],165.07,0.61,0.0,0.5,0.5
TMC1,9,72694700,NM_138691.3:c.222G>C,NP_619636.2:p.Arg74Ser,0.097,7.807,['Unknown%20significance'],165.07,0.61,0.0,0.1,0.1
TMC1,9,72694704,NM_138691.3:c.226A>C,NP_619636.2:p.Lys76Gln,0.023,18.87,['Likely%20benign'],145.11,0.61,0.0,-0.1,0.1
TMC1,9,72694705,NM_138691.3:c.227A>G,NP_619636.2:p.Lys76Arg,0.032,14.38,['Likely%20benign'],145.11,0.61,0.0,-0.4,0.4
TMC1,9,72694706,NM_138691.3:c.228G>T,NP_619636.2:p.Lys76Asn,0.017,19.74,['Likely%20benign'],145.11,0.61,0.0,-0.0,0.0
TMC1,9,72694707,NM_138691.3:c.229A>G,NP_619636.2:p.Arg77Gly,0.049,23.2,['Likely%20benign'],190.48,0.7,0.0,0.5,0.5
TMC1,9,72694708,NM_138691.3:c.230G>C,NP_619636.2:p.Arg77Thr,0.105,22.3,['Likely%20benign'],190.48,0.7,0.0,0.2,0.2
TMC1,9,72694711,NM_138691.3:c.233G>A,NP_619636.2:p.Gly78Glu,0.060,23.9,['Unknown%20significance'],38.12,0.39,0.0,0.4,0.4
TMC1,9,72694713,NM_138691.3:c.235G>A,NP_619636.2:p.Ala79Thr,0.060,24.7,['Unknown%20significance'],87.38,0.68,0.0,-0.2,0.2
TMC1,9,72694714,NM_138691.3:c.236C>A,NP_619636.2:p.Ala79Glu,0.084,22.9,['Unknown%20significance'],87.38,0.68,0.0,0.1,0.1
TMC1,9,72694714,NM_138691.3:c.236C>T,NP_619636.2:p.Ala79Val,0.075,23.5,['Unknown%20significance'],87.38,0.68,0.0,-0.0,0.0
TMC1,9,72700519,NM_138691.3:c.238G>A,NP_619636.2:p.Glu80Lys,0.078,22.7,['Unknown%20significance'],85.89,0.43,0.0,-0.1,0.1
TMC1,9,72700520,NM_138691.3:c.239A>G,NP_619636.2:p.Glu80Gly,0.033,22.8,['Unknown%20significance'],85.89,0.43,0.0,0.6,0.6
TMC1,9,72700522,NM_138691.3:c.241G>A,NP_619636.2:p.Glu81Lys,0.079,23.4,['Benign'],157.67,0.8,0.0,-0.0,0.0
TMC1,9,72700522,NM_138691.3:c.241G>C,NP_619636.2:p.Glu81Gln,0.052,22.7,['Unknown%20significance'],157.67,0.8,0.0,-0.1,0.1
TMC1,9,72700523,NM_138691.3:c.242A>G,NP_619636.2:p.Glu81Gly,0.043,23.3,['Unknown%20significance'],157.67,0.8,0.0,0.3,0.3
TMC1,9,72700524,NM_138691.3:c.243A>C,NP_619636.2:p.Glu81Asp,0.169,13.77,['Unknown%20significance'],157.67,0.8,0.0,0.0,0.0
TMC1,9,72700525,NM_138691.3:c.244G>A,NP_619636.2:p.Glu82Lys,0.076,23.5,['Unknown%20significance'],92.21,0.47,0.0,0.1,0.1
TMC1,9,72700528,NM_138691.3:c.247G>A,NP_619636.2:p.Glu83Lys,0.156,24.4,['Unknown%20significance'],105.75,0.54,0.0,-0.3,0.3
TMC1,9,72700530,NM_138691.3:c.249A>T,NP_619636.2:p.Glu83Asp,0.147,22.7,['Likely%20benign'],105.75,0.54,0.0,0.0,0.0
TMC1,9,72700531,NM_138691.3:c.250A>G,NP_619636.2:p.Ile84Val,0.095,18.22,['Unknown%20significance'],22.55,0.11,0.0,0.4,0.4
TMC1,9,72700534,NM_138691.3:c.253G>T,NP_619636.2:p.Asp85Tyr,0.111,25.5,['Unknown%20significance'],65.96,0.41,0.0,-0.4,0.4
TMC1,9,72700535,NM_138691.3:c.254A>G,NP_619636.2:p.Asp85Gly,0.104,23.2,['Unknown%20significance'],65.96,0.41,0.0,0.7,0.7
TMC1,9,72700537,NM_138691.3:c.256G>A,NP_619636.2:p.Glu86Lys,0.057,24.1,['Likely%20benign'],143.95,0.73,0.0,-0.1,0.1
TMC1,9,72700538,NM_138691.3:c.257A>G,NP_619636.2:p.Glu86Gly,0.078,23.1,['Unknown%20significance'],143.95,0.73,0.0,0.3,0.3
TMC1,9,72700539,NM_138691.3:c.258A>C,NP_619636.2:p.Glu86Asp,0.047,17.78,['Unknown%20significance'],143.95,0.73,0.0,0.0,0.0
TMC1,9,72700542,NM_138691.3:c.261G>T,NP_619636.2:p.Glu87Asp,0.092,16.59,['Unknown%20significance'],104.96,0.53,0.0,-0.0,0.0
TMC1,9,72700543,NM_138691.3:c.262G>A,NP_619636.2:p.Glu88Lys,0.181,27.4,['Unknown%20significance'],51.54,0.26,0.0,-0.2,0.2
TMC1,9,72700549,NM_138691.3:c.268G>C,NP_619636.2:p.Glu90Gln,0.058,22.4,['Unknown%20significance'],105.71,0.54,0.0,-0.2,0.2
TMC1,9,72700550,NM_138691.3:c.269A>G,NP_619636.2:p.Glu90Gly,0.052,23.8,['Unknown%20significance'],105.71,0.54,0.0,0.6,0.6
TMC1,9,72700552,NM_138691.3:c.271A>G,NP_619636.2:p.Arg91Gly,0.099,22.8,['Unknown%20significance'],157.05,0.58,0.0,1.1,1.1
TMC1,9,72700553,NM_138691.3:c.272G>A,NP_619636.2:p.Arg91Lys,0.061,21.3,['Unknown%20significance'],157.05,0.58,0.0,0.4,0.4
TMC1,9,72700558,NM_138691.3:c.277A>C,NP_619636.2:p.Lys93Gln,0.124,26.1,['Unknown%20significance'],108.03,0.45,0.0,-0.2,0.2
TMC1,9,72700559,NM_138691.3:c.278A>C,NP_619636.2:p.Lys93Thr,0.143,25.9,['Unknown%20significance'],108.03,0.45,0.0,-0.3,0.3
TMC1,9,72700559,NM_138691.3:c.278A>G,NP_619636.2:p.Lys93Arg,0.132,25.7,['Unknown%20significance'],108.03,0.45,0.0,-0.6,0.6
TMC1,9,72700562,NM_138691.3:c.281C>T,NP_619636.2:p.Ala94Val,0.023,24.4,['Unknown%20significance'],73.27,0.57,0.0,-0.3,0.3
TMC1,9,72700570,NM_138691.3:c.289G>A,NP_619636.2:p.Asp97Asn,0.087,23.9,['Unknown%20significance'],66.15,0.41,0.0,-0.1,0.1
TMC1,9,72700570,NM_138691.3:c.289G>T,NP_619636.2:p.Asp97Tyr,0.164,23.9,['Unknown%20significance'],66.15,0.41,0.0,-0.9,0.9
TMC1,9,72700571,NM_138691.3:c.290A>T,NP_619636.2:p.Asp97Val,0.186,23.8,['Unknown%20significance'],66.15,0.41,0.0,-0.4,0.4
TMC1,9,72700572,NM_138691.3:c.291T>G,NP_619636.2:p.Asp97Glu,0.061,14.62,['Unknown%20significance'],66.15,0.41,0.0,-0.3,0.3
TMC1,9,72700574,NM_138691.3:c.293A>G,NP_619636.2:p.Glu98Gly,0.116,24.8,['Unknown%20significance'],79.45,0.4,0.0,1.2,1.2
TMC1,9,72700576,NM_138691.3:c.295A>G,NP_619636.2:p.Lys99Glu,0.042,22.4,['Likely%20benign'],36.27,0.15,0.0,-0.2,0.2
TMC1,9,72700580,NM_138691.3:c.299G>A,NP_619636.2:p.Arg100Lys,0.089,15.77,['Unknown%20significance'],100.88,0.37,0.0,0.6,0.6
TMC1,9,72700585,NM_138691.3:c.304A>G,NP_619636.2:p.Ile102Val,0.045,0.781,['Likely%20benign'],25.54,0.13,0.0,0.2,0.2
TMC1,9,72700590,NM_138691.3:c.309T>G,NP_619636.2:p.Ile103Met,0.155,18.75,['Unknown%20significance'],42.84,0.21,0.0,1.0,1.0
TMC1,9,72700591,NM_138691.3:c.310G>C,NP_619636.2:p.Ala104Pro,0.214,25.3,['Unknown%20significance'],63.88,0.5,0.0,0.5,0.5
TMC1,9,72700591,NM_138691.3:c.310G>T,NP_619636.2:p.Ala104Ser,0.093,20.6,['Unknown%20significance'],63.88,0.5,0.0,0.4,0.4
TMC1,9,72700595,NM_138691.3:c.314C>T,NP_619636.2:p.Thr105Ile,0.049,21.9,['Unknown%20significance'],64.01,0.4,0.0,-0.3,0.3
TMC1,9,72700597,NM_138691.3:c.316G>A,NP_619636.2:p.Val106Ile,0.056,15.71,['Unknown%20significance'],0.0,0.0,0.0,-0.6,0.6
TMC1,9,72700604,NM_138691.3:c.323G>A,NP_619636.2:p.Cys108Tyr,0.052,22.6,['Unknown%20significance'],131.52,0.85,0.0,-0.1,0.1
TMC1,9,72700609,NM_138691.3:c.328C>T,NP_619636.2:p.Pro110Ser,0.333,22.8,['Unknown%20significance'],156.87,0.99,0.0,0.3,0.3
TMC1,9,72700610,NM_138691.3:c.329C>T,NP_619636.2:p.Pro110Leu,0.462,24.8,['Unknown%20significance'],156.87,0.99,0.0,0.2,0.2
TMC1,9,72700612,NM_138691.3:c.331T>C,NP_619636.2:p.Trp111Arg,0.262,26.7,['Unknown%20significance'],76.92,0.29,0.0,3.1,3.1
TMC1,9,72700617,NM_138691.3:c.336G>T,NP_619636.2:p.Lys112Asn,0.072,21.7,['Unknown%20significance'],196.11,0.82,0.0,-0.1,0.1
TMC1,9,72700619,NM_138691.3:c.338T>C,NP_619636.2:p.Met113Thr,0.263,24.5,['Pathogenic'],135.33,0.62,0.0,1.0,1.0
TMC1,9,72700620,NM_138691.3:c.339G>A,NP_619636.2:p.Met113Ile,0.190,23.9,['Unknown%20significance'],135.33,0.62,0.0,0.4,0.4
TMC1,9,72700621,NM_138691.3:c.340G>C,NP_619636.2:p.Glu114Gln,0.038,21.1,['Unknown%20significance'],157.29,0.8,0.0,-0.0,0.0
TMC1,9,72700622,NM_138691.3:c.341A>G,NP_619636.2:p.Glu114Gly,0.076,23.1,['Unknown%20significance'],157.29,0.8,0.0,0.2,0.2
TMC1,9,72700626,NM_138691.3:c.345G>C,NP_619636.2:p.Lys115Asn,0.073,22.8,['Unknown%20significance'],105.67,0.44,0.0,-0.2,0.2
TMC1,9,72700631,NM_138691.3:c.350T>C,NP_619636.2:p.Ile117Thr,0.076,23.5,['Unknown%20significance'],75.85,0.38,0.0,0.7,0.7
TMC1,9,72700633,NM_138691.3:c.352G>A,NP_619636.2:p.Glu118Lys,0.208,21.8,['Unknown%20significance'],105.0,0.53,0.0,0.6,0.6
TMC1,9,72700636,NM_138691.3:c.355G>A,NP_619636.2:p.Val119Ile,0.089,19.79,['Unknown%20significance'],18.8,0.1,0.0,-0.2,0.2
TMC1,9,72700639,NM_138691.3:c.358C>T,NP_619636.2:p.Leu120Phe,0.277,24.8,['Unknown%20significance'],27.02,0.14,0.0,0.6,0.6
TMC1,9,72700642,NM_138691.3:c.361A>G,NP_619636.2:p.Lys121Glu,0.072,28.4,['Unknown%20significance'],150.87,0.63,0.0,-0.0,0.0
TMC1,9,72700643,NM_138691.3:c.362A>G,NP_619636.2:p.Lys121Arg,0.073,13.75,['Unknown%20significance'],150.87,0.63,0.0,-0.3,0.3
TMC1,9,72740120,NM_138691.3:c.364G>A,NP_619636.2:p.Glu122Lys,0.108,32,['Unknown%20significance'],89.05,0.45,0.0,0.5,0.5
TMC1,9,72740127,NM_138691.3:c.371A>G,NP_619636.2:p.Lys124Arg,0.098,22.4,['Unknown%20significance'],114.93,0.48,0.0,-0.4,0.4
TMC1,9,72740128,NM_138691.3:c.372A>C,NP_619636.2:p.Lys124Asn,0.091,24.0,['Unknown%20significance'],114.93,0.48,0.0,0.1,0.1
TMC1,9,72740129,NM_138691.3:c.373A>C,NP_619636.2:p.Lys125Gln,0.056,19.79,['Unknown%20significance'],149.34,0.63,0.0,-0.4,0.4
TMC1,9,72740130,NM_138691.3:c.374A>C,NP_619636.2:p.Lys125Thr,0.027,22.2,['Likely%20benign'],149.34,0.63,0.0,-0.3,0.3
TMC1,9,72740132,NM_138691.3:c.376T>A,NP_619636.2:p.Phe126Ile,0.211,23.8,['Unknown%20significance'],46.48,0.2,0.0,0.6,0.6
TMC1,9,72740132,NM_138691.3:c.376T>G,NP_619636.2:p.Phe126Val,0.230,26.3,['Unknown%20significance'],46.48,0.2,0.0,1.0,1.0
TMC1,9,72740133,NM_138691.3:c.377T>A,NP_619636.2:p.Phe126Tyr,0.247,24.0,['Unknown%20significance'],46.48,0.2,0.0,-0.4,0.4
TMC1,9,72740133,NM_138691.3:c.377T>C,NP_619636.2:p.Phe126Ser,0.281,28.0,['Unknown%20significance'],46.48,0.2,0.0,2.6,2.6
TMC1,9,72740135,NM_138691.3:c.379G>A,NP_619636.2:p.Val127Met,0.186,25.9,['Unknown%20significance'],18.08,0.1,0.0,0.6,0.6
TMC1,9,72740138,NM_138691.3:c.382A>C,NP_619636.2:p.Ser128Arg,0.089,23.5,['Unknown%20significance'],99.13,0.71,0.0,-0.3,0.3
TMC1,9,72740138,NM_138691.3:c.382A>G,NP_619636.2:p.Ser128Gly,0.063,22.7,['Unknown%20significance'],99.13,0.71,0.0,0.3,0.3
TMC1,9,72740139,NM_138691.3:c.383G>A,NP_619636.2:p.Ser128Asn,0.091,14.77,['Unknown%20significance'],99.13,0.71,0.0,-0.1,0.1
TMC1,9,72740139,NM_138691.3:c.383G>C,NP_619636.2:p.Ser128Thr,0.063,17.28,['Unknown%20significance'],99.13,0.71,0.0,-0.2,0.2
TMC1,9,72740142,NM_138691.3:c.386A>T,NP_619636.2:p.Glu129Val,0.060,24.3,['Unknown%20significance'],82.75,0.42,0.0,-0.3,0.3
TMC1,9,72740149,NM_138691.3:c.393A>T,NP_619636.2:p.Glu131Asp,0.167,25.1,['Unknown%20significance'],76.78,0.39,0.0,0.3,0.3
TMC1,9,72740150,NM_138691.3:c.394G>A,NP_619636.2:p.Gly132Arg,0.415,26.8,['Unknown%20significance'],20.95,0.21,0.0,-0.1,0.1
TMC1,9,72740150,NM_138691.3:c.394G>C,NP_619636.2:p.Gly132Arg,0.417,26.2,['Unknown%20significance'],20.95,0.21,0.0,-0.1,0.1
TMC1,9,72740154,NM_138691.3:c.398C>G,NP_619636.2:p.Ala133Gly,0.125,24.2,['Unknown%20significance'],0.0,0.0,0.0,1.4,1.4
TMC1,9,72740156,NM_138691.3:c.400C>G,NP_619636.2:p.Leu134Val,0.117,23.8,['Unknown%20significance'],49.88,0.25,0.0,0.5,0.5
TMC1,9,72740156,NM_138691.3:c.400C>T,NP_619636.2:p.Leu134Phe,0.261,24.6,['Unknown%20significance'],49.88,0.25,0.0,0.6,0.6
TMC1,9,72740157,NM_138691.3:c.401T>C,NP_619636.2:p.Leu134Pro,0.377,26.8,['Unknown%20significance'],49.88,0.25,0.0,2.3,2.3
TMC1,9,72740159,NM_138691.3:c.403G>A,NP_619636.2:p.Gly135Arg,0.306,27.8,['Unknown%20significance'],27.17,0.28,0.0,-0.6,0.6
TMC1,9,72740171,NM_138691.3:c.415G>A,NP_619636.2:p.Gly139Arg,0.339,26.7,['Unknown%20significance'],45.53,0.47,0.0,-0.3,0.3
TMC1,9,72740177,NM_138691.3:c.421C>T,NP_619636.2:p.Arg141Trp,0.145,23.4,['Benign'],197.74,0.73,0.0,-0.1,0.1
TMC1,9,72740178,NM_138691.3:c.422G>A,NP_619636.2:p.Arg141Gln,0.074,10.76,['Unknown%20significance'],197.74,0.73,0.0,0.1,0.1
TMC1,9,72740178,NM_138691.3:c.422G>T,NP_619636.2:p.Arg141Leu,0.102,15.83,['Likely%20benign'],197.74,0.73,0.0,-0.0,0.0
TMC1,9,72740180,NM_138691.3:c.424T>G,NP_619636.2:p.Trp142Gly,0.247,25.3,['Unknown%20significance'],168.27,0.64,0.0,1.5,1.5
TMC1,9,72740182,NM_138691.3:c.426G>T,NP_619636.2:p.Trp142Cys,0.178,26.0,['Unknown%20significance'],168.27,0.64,0.0,1.2,1.2
TMC1,9,72740183,NM_138691.3:c.427T>C,NP_619636.2:p.Phe143Leu,0.138,23.9,['Unknown%20significance'],7.51,0.03,0.0,0.3,0.3
TMC1,9,72740185,NM_138691.3:c.429T>G,NP_619636.2:p.Phe143Leu,0.148,23.1,['Unknown%20significance'],7.51,0.03,0.0,0.3,0.3
TMC1,9,72740186,NM_138691.3:c.430G>A,NP_619636.2:p.Ala144Thr,0.229,26.4,['Unknown%20significance'],19.16,0.15,0.0,0.1,0.1
TMC1,9,72740187,NM_138691.3:c.431C>T,NP_619636.2:p.Ala144Val,0.215,25.9,['Unknown%20significance'],19.16,0.15,0.0,-0.5,0.5
TMC1,9,72740189,NM_138691.3:c.433T>C,NP_619636.2:p.Phe145Leu,0.177,23.9,['Unknown%20significance'],130.6,0.56,0.0,0.3,0.3
TMC1,9,72740192,NM_138691.3:c.436A>G,NP_619636.2:p.Lys146Glu,0.275,25.7,['Unknown%20significance'],101.98,0.43,0.0,0.0,0.0
TMC1,9,72740195,NM_138691.3:c.439A>G,NP_619636.2:p.Met147Val,0.063,16.71,['Unknown%20significance'],28.86,0.13,0.0,-0.0,0.0
TMC1,9,72740196,NM_138691.3:c.440T>C,NP_619636.2:p.Met147Thr,0.140,21.3,['Unknown%20significance'],28.86,0.13,0.0,1.0,1.0
TMC1,9,72740198,NM_138691.3:c.442A>T,NP_619636.2:p.Met148Leu,0.098,19.66,['Unknown%20significance'],23.19,0.1,0.0,-0.1,0.1
TMC1,9,72740202,NM_138691.3:c.446T>C,NP_619636.2:p.Met149Thr,0.249,22.7,['Unknown%20significance'],81.94,0.37,0.0,0.6,0.6
TMC1,9,72740203,NM_138691.3:c.447G>A,NP_619636.2:p.Met149Ile,0.201,21.9,['Unknown%20significance'],81.94,0.37,0.0,-0.1,0.1
TMC1,9,72740204,NM_138691.3:c.448G>A,NP_619636.2:p.Ala150Thr,0.024,14.60,['Unknown%20significance'],62.62,0.49,0.0,-0.1,0.1
TMC1,9,72740207,NM_138691.3:c.451A>C,NP_619636.2:p.Lys151Gln,0.175,24.2,['Unknown%20significance'],95.7,0.4,0.0,-0.4,0.4
TMC1,9,72740207,NM_138691.3:c.451A>G,NP_619636.2:p.Lys151Glu,0.223,23.5,['Unknown%20significance'],95.7,0.4,0.0,-0.2,0.2
TMC1,9,72742444,NM_138691.3:c.454A>G,NP_619636.2:p.Lys152Glu,0.363,26.9,['Unknown%20significance'],86.88,0.36,0.0,-0.5,0.5
TMC1,9,72742450,NM_138691.3:c.460G>C,NP_619636.2:p.Ala154Pro,0.128,22.7,['Unknown%20significance'],53.66,0.42,0.0,0.2,0.2
TMC1,9,72742450,NM_138691.3:c.460G>T,NP_619636.2:p.Ala154Ser,0.030,21.3,['Unknown%20significance'],53.66,0.42,0.0,0.1,0.1
TMC1,9,72742451,NM_138691.3:c.461C>T,NP_619636.2:p.Ala154Val,0.040,4.713,['Likely%20benign'],53.66,0.42,0.0,-0.4,0.4
TMC1,9,72742454,NM_138691.3:c.464A>C,NP_619636.2:p.Lys155Thr,0.466,26.8,['Unknown%20significance'],142.31,0.6,0.0,-0.1,0.1
TMC1,9,72742456,NM_138691.3:c.466T>C,NP_619636.2:p.Phe156Leu,0.279,24.6,['Unknown%20significance'],114.54,0.49,0.0,0.4,0.4
TMC1,9,72742458,NM_138691.3:c.468C>A,NP_619636.2:p.Phe156Leu,0.209,23.1,['Unknown%20significance'],114.54,0.49,0.0,0.4,0.4
TMC1,9,72742459,NM_138691.3:c.469C>G,NP_619636.2:p.Leu157Val,0.070,19.98,['Unknown%20significance'],81.41,0.42,0.0,0.2,0.2
TMC1,9,72742462,NM_138691.3:c.472C>T,NP_619636.2:p.Arg158Cys,0.210,27.9,['Unknown%20significance'],172.51,0.64,0.0,0.4,0.4
TMC1,9,72742463,NM_138691.3:c.473G>A,NP_619636.2:p.Arg158His,0.300,29.6,['Unknown%20significance'],172.51,0.64,0.0,0.1,0.1
TMC1,9,72742466,NM_138691.3:c.476A>T,NP_619636.2:p.Asp159Val,0.387,25.6,['Unknown%20significance'],63.65,0.39,0.0,-0.4,0.4
TMC1,9,72742468,NM_138691.3:c.478T>A,NP_619636.2:p.Phe160Ile,0.248,24.2,['Unknown%20significance'],108.73,0.47,0.0,0.1,0.1
TMC1,9,72742471,NM_138691.3:c.481G>A,NP_619636.2:p.Glu161Lys,0.163,23.4,['Unknown%20significance'],109.83,0.56,0.0,-0.1,0.1
TMC1,9,72742473,NM_138691.3:c.483G>C,NP_619636.2:p.Glu161Asp,0.119,17.45,['Unknown%20significance'],109.83,0.56,0.0,0.1,0.1
TMC1,9,72742478,NM_138691.3:c.488T>C,NP_619636.2:p.Phe163Ser,0.420,29.8,['Unknown%20significance'],149.21,0.64,0.0,1.1,1.1
TMC1,9,72742480,NM_138691.3:c.490A>G,NP_619636.2:p.Lys164Glu,0.260,23.7,['Unknown%20significance'],135.1,0.57,0.0,0.0,0.0
TMC1,9,72742483,NM_138691.3:c.493G>C,NP_619636.2:p.Ala165Pro,0.188,24.1,['Unknown%20significance'],52.5,0.41,0.0,0.5,0.5
TMC1,9,72742483,NM_138691.3:c.493G>T,NP_619636.2:p.Ala165Ser,0.080,22.5,['Unknown%20significance'],52.5,0.41,0.0,0.3,0.3
TMC1,9,72742487,NM_138691.3:c.497C>A,NP_619636.2:p.Ala166Glu,0.210,20.6,['Unknown%20significance'],88.24,0.69,0.0,0.3,0.3
TMC1,9,72742487,NM_138691.3:c.497C>T,NP_619636.2:p.Ala166Val,0.169,23.2,['Unknown%20significance'],88.24,0.69,0.0,-0.3,0.3
TMC1,9,72742489,NM_138691.3:c.499T>G,NP_619636.2:p.Cys167Gly,0.573,26.6,['Unknown%20significance'],76.96,0.49,0.0,0.9,0.9
TMC1,9,72742490,NM_138691.3:c.500G>A,NP_619636.2:p.Cys167Tyr,0.542,26.4,['Unknown%20significance'],76.96,0.49,0.0,-0.6,0.6
TMC1,9,72742492,NM_138691.3:c.502G>A,NP_619636.2:p.Val168Ile,0.052,0.255,['Likely%20benign'],62.26,0.36,0.0,-0.1,0.1
TMC1,9,72742492,NM_138691.3:c.502G>C,NP_619636.2:p.Val168Leu,0.025,9.551,['Unknown%20significance'],62.26,0.36,0.0,-0.0,0.0
TMC1,9,72742492,NM_138691.3:c.502G>T,NP_619636.2:p.Val168Phe,0.115,11.70,['Unknown%20significance'],62.26,0.36,0.0,0.0,0.0
TMC1,9,72742493,NM_138691.3:c.503T>A,NP_619636.2:p.Val168Asp,0.161,23.8,['Unknown%20significance'],62.26,0.36,0.0,1.4,1.4
TMC1,9,72742495,NM_138691.3:c.505C>G,NP_619636.2:p.Pro169Ala,0.458,24.1,['Unknown%20significance'],52.39,0.33,0.0,0.5,0.5
TMC1,9,72742496,NM_138691.3:c.506C>A,NP_619636.2:p.Pro169Gln,0.480,24.9,['Unknown%20significance'],52.39,0.33,0.0,0.6,0.6
TMC1,9,72742498,NM_138691.3:c.508T>C,NP_619636.2:p.Trp170Arg,0.907,25.5,['Unknown%20significance'],15.08,0.05,0.0,5.1,5.1
TMC1,9,72742502,NM_138691.3:c.512A>G,NP_619636.2:p.Glu171Gly,0.358,24.7,['Unknown%20significance'],39.52,0.2,0.0,1.0,1.0
TMC1,9,72742514,NM_138691.3:c.524A>G,NP_619636.2:p.Lys175Arg,0.249,25.4,['Unknown%20significance'],109.42,0.46,0.0,-0.6,0.6
TMC1,9,72742515,NM_138691.3:c.525G>C,NP_619636.2:p.Lys175Asn,0.376,24.9,['Unknown%20significance'],109.42,0.46,0.0,0.2,0.2
TMC1,9,72742516,NM_138691.3:c.526G>A,NP_619636.2:p.Ala176Thr,0.043,23.0,['Unknown%20significance'],30.53,0.24,0.0,-0.2,0.2
TMC1,9,72742517,NM_138691.3:c.527C>G,NP_619636.2:p.Ala176Gly,0.035,24.3,['Unknown%20significance'],30.53,0.24,0.0,1.1,1.1
TMC1,9,72742519,NM_138691.3:c.529A>G,NP_619636.2:p.Ile177Val,0.064,20.5,['Unknown%20significance'],0.0,0.0,0.0,1.3,1.3
TMC1,9,72742520,NM_138691.3:c.530T>C,NP_619636.2:p.Ile177Thr,0.753,24.2,['Pathogenic'],0.0,0.0,0.0,3.4,3.4
TMC1,9,72742522,NM_138691.3:c.532G>A,NP_619636.2:p.Glu178Lys,0.506,32,['Unknown%20significance'],53.07,0.27,0.0,0.5,0.5
TMC1,9,72742524,NM_138691.3:c.534A>C,NP_619636.2:p.Glu178Asp,0.232,26.4,['Pathogenic'],53.07,0.27,0.0,0.2,0.2
TMC1,9,72742524,NM_138691.3:c.534A>T,NP_619636.2:p.Glu178Asp,0.232,27.7,['Unknown%20significance'],53.07,0.27,0.0,0.2,0.2
TMC1,9,72751850,NM_138691.3:c.536G>A,NP_619636.2:p.Ser179Asn,0.183,33,['Unknown%20significance'],0.86,0.0,0.0,0.2,0.2
TMC1,9,72751851,NM_138691.3:c.537T>G,NP_619636.2:p.Ser179Arg,0.474,24.5,['Unknown%20significance'],0.86,0.0,0.0,-0.3,0.3
TMC1,9,72751852,NM_138691.3:c.538C>A,NP_619636.2:p.Gln180Lys,0.043,23.5,['Unknown%20significance'],97.19,0.49,0.0,0.2,0.2
TMC1,9,72751852,NM_138691.3:c.538C>G,NP_619636.2:p.Gln180Glu,0.080,22.6,['Unknown%20significance'],97.19,0.49,0.0,0.5,0.5
TMC1,9,72751857,NM_138691.3:c.543T>G,NP_619636.2:p.Phe181Leu,0.862,26.5,['Unknown%20significance'],5.11,0.02,0.0,2.3,2.3
TMC1,9,72751858,NM_138691.3:c.544G>A,NP_619636.2:p.Gly182Ser,0.910,31,['Unknown%20significance'],0.0,0.0,0.0,1.0,1.0
TMC1,9,72751859,NM_138691.3:c.545G>A,NP_619636.2:p.Gly182Asp,0.900,27.3,['Pathogenic'],0.0,0.0,0.0,1.7,1.7
TMC1,9,72751859,NM_138691.3:c.545G>C,NP_619636.2:p.Gly182Ala,0.913,26.8,['Unknown%20significance'],0.0,0.0,0.0,0.8,0.8
TMC1,9,72751859,NM_138691.3:c.545G>T,NP_619636.2:p.Gly182Val,0.885,27.9,['Unknown%20significance'],0.0,0.0,0.0,0.5,0.5
TMC1,9,72751862,NM_138691.3:c.548C>T,NP_619636.2:p.Ser183Phe,0.451,26.3,['Unknown%20significance'],18.78,0.13,0.0,-0.7,0.7
TMC1,9,72751865,NM_138691.3:c.551C>T,NP_619636.2:p.Ser184Leu,0.489,27.6,['Unknown%20significance'],0.0,0.0,0.0,-1.0,1.0
TMC1,9,72751868,NM_138691.3:c.554T>C,NP_619636.2:p.Val185Ala,0.683,27.5,['Unknown%20significance'],0.0,0.0,0.0,3.4,3.4
TMC1,9,72751870,NM_138691.3:c.556G>A,NP_619636.2:p.Ala186Thr,0.282,27.5,['Unknown%20significance'],0.71,0.0,0.0,0.2,0.2
TMC1,9,72751871,NM_138691.3:c.557C>A,NP_619636.2:p.Ala186Asp,0.485,25.7,['Unknown%20significance'],0.71,0.0,0.0,1.7,1.7
TMC1,9,72751871,NM_138691.3:c.557C>G,NP_619636.2:p.Ala186Gly,0.263,25.5,['Unknown%20significance'],0.71,0.0,0.0,1.8,1.8
TMC1,9,72751871,NM_138691.3:c.557C>T,NP_619636.2:p.Ala186Val,0.297,26.4,['Unknown%20significance'],0.71,0.0,0.0,-1.1,1.1
TMC1,9,72751874,NM_138691.3:c.560C>T,NP_619636.2:p.Ser187Leu,0.759,26.9,['Unknown%20significance'],0.29,0.0,0.0,-1.1,1.1
TMC1,9,72751876,NM_138691.3:c.562T>C,NP_619636.2:p.Tyr188His,0.898,27.4,['Unknown%20significance'],0.3,0.0,0.0,2.9,2.9
TMC1,9,72751877,NM_138691.3:c.563A>G,NP_619636.2:p.Tyr188Cys,0.893,28.1,['Unknown%20significance'],0.3,0.0,0.0,3.7,3.7
TMC1,9,72751879,NM_138691.3:c.565T>G,NP_619636.2:p.Phe189Val,0.842,27.4,['Unknown%20significance'],0.0,0.0,0.0,3.2,3.2
TMC1,9,72751880,NM_138691.3:c.566T>G,NP_619636.2:p.Phe189Cys,0.883,28.3,['Unknown%20significance'],0.0,0.0,0.0,5.0,5.0
TMC1,9,72751882,NM_138691.3:c.568C>A,NP_619636.2:p.Leu190Ile,0.092,14.77,['Unknown%20significance'],77.91,0.4,0.0,0.1,0.1
TMC1,9,72751883,NM_138691.3:c.569T>A,NP_619636.2:p.Leu190His,0.138,23.8,['Unknown%20significance'],77.91,0.4,0.0,1.6,1.6
TMC1,9,72751886,NM_138691.3:c.572T>C,NP_619636.2:p.Phe191Ser,0.820,29.7,['Unknown%20significance'],9.37,0.04,0.0,6.3,6.3
TMC1,9,72751889,NM_138691.3:c.575T>G,NP_619636.2:p.Leu192Trp,0.794,27.5,['Unknown%20significance'],0.0,0.0,0.0,2.6,2.6
TMC1,9,72751891,NM_138691.3:c.577A>G,NP_619636.2:p.Arg193Gly,0.536,25.6,['Unknown%20significance'],36.83,0.13,0.0,2.4,2.4
TMC1,9,72751893,NM_138691.3:c.579A>C,NP_619636.2:p.Arg193Ser,0.559,23.2,['Unknown%20significance'],36.83,0.13,0.0,1.8,1.8
TMC1,9,72751896,NM_138691.3:c.582G>T,NP_619636.2:p.Trp194Cys,0.565,33,['Unknown%20significance'],69.0,0.26,0.0,2.9,2.9
TMC1,9,72751898,NM_138691.3:c.584T>A,NP_619636.2:p.Met195Lys,0.609,26.1,['Unknown%20significance'],0.0,0.0,0.0,3.9,3.9
TMC1,9,72751899,NM_138691.3:c.585G>A,NP_619636.2:p.Met195Ile,0.276,26.0,['Unknown%20significance'],0.0,0.0,0.0,-0.9,0.9
TMC1,9,72751899,NM_138691.3:c.585G>T,NP_619636.2:p.Met195Ile,0.276,25.5,['Unknown%20significance'],0.0,0.0,0.0,-0.9,0.9
TMC1,9,72751900,NM_138691.3:c.586T>A,NP_619636.2:p.Tyr196Asn,0.428,26.9,['Unknown%20significance'],34.92,0.14,0.0,2.9,2.9
TMC1,9,72751901,NM_138691.3:c.587A>G,NP_619636.2:p.Tyr196Cys,0.547,28.1,['Unknown%20significance'],34.92,0.14,0.0,1.3,1.3
TMC1,9,72751903,NM_138691.3:c.589G>A,NP_619636.2:p.Gly197Arg,0.587,29.7,['Pathogenic'],34.81,0.36,0.0,-0.7,0.7
TMC1,9,72751910,NM_138691.3:c.596A>G,NP_619636.2:p.Asn199Ser,0.565,24.4,['Unknown%20significance'],0.0,0.0,0.0,0.9,0.9
TMC1,9,72751910,NM_138691.3:c.596A>T,NP_619636.2:p.Asn199Ile,0.637,25.5,['Pathogenic'],0.0,0.0,0.0,-1.6,1.6
TMC1,9,72751912,NM_138691.3:c.598A>G,NP_619636.2:p.Met200Val,0.168,17.69,['Unknown%20significance'],66.26,0.3,0.0,-0.5,0.5
TMC1,9,72751913,NM_138691.3:c.599T>C,NP_619636.2:p.Met200Thr,0.254,23.0,['Unknown%20significance'],66.26,0.3,0.0,1.2,1.2
TMC1,9,72751914,NM_138691.3:c.600G>A,NP_619636.2:p.Met200Ile,0.142,20.3,['Unknown%20significance'],66.26,0.3,0.0,-0.7,0.7
TMC1,9,72751914,NM_138691.3:c.600G>T,NP_619636.2:p.Met200Ile,0.142,18.38,['Unknown%20significance'],66.26,0.3,0.0,-0.7,0.7
TMC1,9,72751915,NM_138691.3:c.601G>A,NP_619636.2:p.Val201Ile,0.111,19.18,['Unknown%20significance'],52.47,0.3,0.0,-0.1,0.1
TMC1,9,72751918,NM_138691.3:c.604C>G,NP_619636.2:p.Leu202Val,0.269,23.2,['Unknown%20significance'],0.0,0.0,0.0,0.5,0.5
TMC1,9,72751919,NM_138691.3:c.605T>C,NP_619636.2:p.Leu202Pro,0.625,26.7,['Unknown%20significance'],0.0,0.0,0.0,4.2,4.2
TMC1,9,72751927,NM_138691.3:c.613C>G,NP_619636.2:p.Leu205Val,0.297,20.2,['Unknown%20significance'],27.84,0.14,0.0,0.6,0.6
TMC1,9,72751928,NM_138691.3:c.614T>C,NP_619636.2:p.Leu205Pro,0.577,27.6,['Unknown%20significance'],27.84,0.14,0.0,3.8,3.8
TMC1,9,72751930,NM_138691.3:c.616A>T,NP_619636.2:p.Thr206Ser,0.189,23.7,['Unknown%20significance'],0.32,0.0,0.0,1.2,1.2
TMC1,9,72751931,NM_138691.3:c.617C>T,NP_619636.2:p.Thr206Ile,0.153,19.79,['Unknown%20significance'],0.32,0.0,0.0,-2.7,2.7
TMC1,9,72751933,NM_138691.3:c.619T>A,NP_619636.2:p.Phe207Ile,0.182,23.9,['Unknown%20significance'],85.49,0.37,0.0,0.3,0.3
TMC1,9,72751935,NM_138691.3:c.621T>A,NP_619636.2:p.Phe207Leu,0.132,15.04,['Unknown%20significance'],85.49,0.37,0.0,0.3,0.3
TMC1,9,72751936,NM_138691.3:c.622A>G,NP_619636.2:p.Ser208Gly,0.093,17.01,['Likely%20benign'],51.96,0.37,0.0,0.2,0.2
TMC1,9,72751937,NM_138691.3:c.623G>A,NP_619636.2:p.Ser208Asn,0.132,23.0,['Unknown%20significance'],51.96,0.37,0.0,0.3,0.3
TMC1,9,72751938,NM_138691.3:c.624C>A,NP_619636.2:p.Ser208Arg,0.279,22.9,['Pathogenic'],51.96,0.37,0.0,-0.2,0.2
TMC1,9,72751939,NM_138691.3:c.625C>G,NP_619636.2:p.Leu209Val,0.321,24.8,['Pathogenic'],62.45,0.32,0.0,0.5,0.5
TMC1,9,72751939,NM_138691.3:c.625C>T,NP_619636.2:p.Leu209Phe,0.275,22.8,['Unknown%20significance'],62.45,0.32,0.0,-1.1,1.1
TMC1,9,72751942,NM_138691.3:c.628A>G,NP_619636.2:p.Ile210Val,0.052,17.40,['Unknown%20significance'],0.39,0.0,0.0,0.3,0.3
TMC1,9,72751942,NM_138691.3:c.628A>T,NP_619636.2:p.Ile210Phe,0.332,26.5,['Unknown%20significance'],0.39,0.0,0.0,1.2,1.2
TMC1,9,72751945,NM_138691.3:c.631A>G,NP_619636.2:p.Met211Val,0.153,17.13,['Unknown%20significance'],10.78,0.04,0.0,-1.1,1.1
TMC1,9,72751946,NM_138691.3:c.632T>C,NP_619636.2:p.Met211Thr,0.268,23.8,['Unknown%20significance'],10.78,0.04,0.0,1.6,1.6
TMC1,9,72751946,NM_138691.3:c.632T>G,NP_619636.2:p.Met211Arg,0.592,27.9,['Unknown%20significance'],10.78,0.04,0.0,2.1,2.1
TMC1,9,72751950,NM_138691.3:c.636G>T,NP_619636.2:p.Leu212Phe,0.159,23.1,['Unknown%20significance'],58.7,0.3,0.0,0.4,0.4
TMC1,9,72751951,NM_138691.3:c.637C>A,NP_619636.2:p.Pro213Thr,0.573,23.3,['Unknown%20significance'],0.82,0.0,0.0,1.8,1.8
TMC1,9,72751951,NM_138691.3:c.637C>T,NP_619636.2:p.Pro213Ser,0.595,25.6,['Unknown%20significance'],0.82,0.0,0.0,2.5,2.5
TMC1,9,72751952,NM_138691.3:c.638C>A,NP_619636.2:p.Pro213Gln,0.542,25.6,['Unknown%20significance'],0.82,0.0,0.0,2.1,2.1
TMC1,9,72751954,NM_138691.3:c.640G>C,NP_619636.2:p.Glu214Gln,0.284,32,['Unknown%20significance'],0.0,0.0,0.0,-1.0,1.0
TMC1,9,72754789,NM_138691.3:c.646C>A,NP_619636.2:p.Leu216Ile,0.149,22.7,['Unknown%20significance'],108.02,0.56,0.0,0.0,0.0
TMC1,9,72754789,NM_138691.3:c.646C>T,NP_619636.2:p.Leu216Phe,0.221,24.2,['Unknown%20significance'],108.02,0.56,0.0,0.2,0.2
TMC1,9,72754790,NM_138691.3:c.647T>C,NP_619636.2:p.Leu216Pro,0.379,27.9,['Unknown%20significance'],108.02,0.56,0.0,1.3,1.3
TMC1,9,72754792,NM_138691.3:c.649T>C,NP_619636.2:p.Trp217Arg,0.128,24.2,['Unknown%20significance'],78.44,0.29,0.0,1.1,1.1
TMC1,9,72754794,NM_138691.3:c.651G>T,NP_619636.2:p.Trp217Cys,0.187,26.0,['Unknown%20significance'],78.44,0.29,0.0,1.1,1.1
TMC1,9,72754796,NM_138691.3:c.653G>A,NP_619636.2:p.Gly218Asp,0.160,26.6,['Unknown%20significance'],5.82,0.06,0.0,0.0,0.0
TMC1,9,72754799,NM_138691.3:c.656T>C,NP_619636.2:p.Leu219Ser,0.063,21.4,['Unknown%20significance'],67.85,0.35,0.0,0.6,0.6
TMC1,9,72754801,NM_138691.3:c.658C>A,NP_619636.2:p.Pro220Thr,0.347,25.0,['Unknown%20significance'],105.15,0.66,0.0,0.0,0.0
TMC1,9,72754804,NM_138691.3:c.661T>C,NP_619636.2:p.Tyr221His,0.286,25.3,['Unknown%20significance'],114.62,0.47,0.0,0.6,0.6
TMC1,9,72754805,NM_138691.3:c.662A>G,NP_619636.2:p.Tyr221Cys,0.400,29.4,['Pathogenic'],114.62,0.47,0.0,0.9,0.9
TMC1,9,72754807,NM_138691.3:c.664G>T,NP_619636.2:p.Gly222Cys,0.508,29.7,['Unknown%20significance'],25.85,0.27,0.0,-0.1,0.1
TMC1,9,72754808,NM_138691.3:c.665G>A,NP_619636.2:p.Gly222Asp,0.430,27.3,['Unknown%20significance'],25.85,0.27,0.0,0.0,0.0
TMC1,9,72754816,NM_138691.3:c.673C>A,NP_619636.2:p.Pro225Thr,0.402,23.7,['Unknown%20significance'],34.22,0.21,0.0,-0.2,0.2
TMC1,9,72754816,NM_138691.3:c.673C>G,NP_619636.2:p.Pro225Ala,0.329,23.7,['Unknown%20significance'],34.22,0.21,0.0,0.1,0.1
TMC1,9,72754817,NM_138691.3:c.674C>T,NP_619636.2:p.Pro225Leu,0.400,26.7,['Likely%20pathogenic'],34.22,0.21,0.0,-0.2,0.2
TMC1,9,72754819,NM_138691.3:c.676A>G,NP_619636.2:p.Arg226Gly,0.448,27.3,['Unknown%20significance'],19.03,0.07,0.0,1.7,1.7
TMC1,9,72754819,NM_138691.3:c.676A>T,NP_619636.2:p.Arg226Trp,0.480,29.8,['Unknown%20significance'],19.03,0.07,0.0,-0.7,0.7
TMC1,9,72754820,NM_138691.3:c.677G>T,NP_619636.2:p.Arg226Met,0.434,27.0,['Unknown%20significance'],19.03,0.07,0.0,-0.2,0.2
TMC1,9,72754821,NM_138691.3:c.678G>C,NP_619636.2:p.Arg226Ser,0.273,20.7,['Unknown%20significance'],19.03,0.07,0.0,1.0,1.0
TMC1,9,72754826,NM_138691.3:c.683C>A,NP_619636.2:p.Thr228Asn,0.203,24.1,['Unknown%20significance'],10.39,0.06,0.0,0.7,0.7
TMC1,9,72754826,NM_138691.3:c.683C>T,NP_619636.2:p.Thr228Ile,0.191,21.7,['Unknown%20significance'],10.39,0.06,0.0,-0.6,0.6
TMC1,9,72754828,NM_138691.3:c.685G>A,NP_619636.2:p.Val229Ile,0.126,22.5,['Unknown%20significance'],10.7,0.06,0.0,-0.2,0.2
TMC1,9,72754831,NM_138691.3:c.688C>T,NP_619636.2:p.Pro230Ser,0.412,24.1,['Unknown%20significance'],25.12,0.15,0.0,0.7,0.7
TMC1,9,72754832,NM_138691.3:c.689C>T,NP_619636.2:p.Pro230Leu,0.470,23.5,['Unknown%20significance'],25.12,0.15,0.0,-0.3,0.3
TMC1,9,72754837,NM_138691.3:c.694G>A,NP_619636.2:p.Ala232Thr,0.192,18.30,['Unknown%20significance'],111.78,0.87,0.0,-0.1,0.1
TMC1,9,72754840,NM_138691.3:c.697G>A,NP_619636.2:p.Glu233Lys,0.465,27.2,['Unknown%20significance'],61.15,0.31,0.0,0.2,0.2
TMC1,9,72754842,NM_138691.3:c.699A>C,NP_619636.2:p.Glu233Asp,0.075,18.30,['Likely%20benign'],61.15,0.31,0.0,0.1,0.1
TMC1,9,72754846,NM_138691.3:c.703G>A,NP_619636.2:p.Ala235Thr,0.041,17.34,['Unknown%20significance'],104.22,0.81,0.0,-0.1,0.1
TMC1,9,72754846,NM_138691.3:c.703G>C,NP_619636.2:p.Ala235Pro,0.021,18.27,['Unknown%20significance'],104.22,0.81,0.0,0.1,0.1
TMC1,9,72754846,NM_138691.3:c.703G>T,NP_619636.2:p.Ala235Ser,0.024,15.89,['Unknown%20significance'],104.22,0.81,0.0,0.0,0.0
TMC1,9,72754850,NM_138691.3:c.707C>T,NP_619636.2:p.Ser236Leu,0.076,22.4,['Unknown%20significance'],46.72,0.33,0.0,-0.5,0.5
TMC1,9,72754855,NM_138691.3:c.712G>A,NP_619636.2:p.Ala238Thr,0.068,20.2,['Unknown%20significance'],74.54,0.58,0.0,-0.1,0.1
TMC1,9,72754859,NM_138691.3:c.716A>G,NP_619636.2:p.Asn239Ser,0.078,22.6,['Unknown%20significance'],87.1,0.54,0.0,0.1,0.1
TMC1,9,72754862,NM_138691.3:c.719T>A,NP_619636.2:p.Phe240Tyr,0.087,21.7,['Unknown%20significance'],201.9,0.87,0.0,0.1,0.1
TMC1,9,72754865,NM_138691.3:c.722G>A,NP_619636.2:p.Gly241Asp,0.129,22.3,['Unknown%20significance'],38.31,0.4,0.0,0.1,0.1
TMC1,9,72754865,NM_138691.3:c.722G>C,NP_619636.2:p.Gly241Ala,0.033,18.39,['Unknown%20significance'],38.31,0.4,0.0,-0.5,0.5
TMC1,9,72754867,NM_138691.3:c.724G>A,NP_619636.2:p.Val242Met,0.312,32,['Unknown%20significance'],31.8,0.18,0.0,0.2,0.2
TMC1,9,72754867,NM_138691.3:c.724G>T,NP_619636.2:p.Val242Leu,0.249,24.4,['Unknown%20significance'],31.8,0.18,0.0,-0.0,0.0
TMC1,9,72754871,NM_138691.3:c.728T>C,NP_619636.2:p.Leu243Ser,0.648,26.6,['Unknown%20significance'],62.46,0.32,0.0,2.4,2.4
TMC1,9,72754874,NM_138691.3:c.731A>C,NP_619636.2:p.Tyr244Ser,0.191,23.5,['Unknown%20significance'],43.16,0.17,0.0,2.2,2.2
TMC1,9,72754876,NM_138691.3:c.733G>A,NP_619636.2:p.Asp245Asn,0.269,27.1,['Unknown%20significance'],18.29,0.11,0.0,-0.2,0.2
TMC1,9,72754876,NM_138691.3:c.733G>T,NP_619636.2:p.Asp245Tyr,0.557,27.9,['Unknown%20significance'],18.29,0.11,0.0,-1.4,1.4
TMC1,9,72754880,NM_138691.3:c.737T>G,NP_619636.2:p.Phe246Cys,0.488,26.3,['Unknown%20significance'],30.39,0.13,0.0,2.3,2.3
TMC1,9,72754881,NM_138691.3:c.738C>G,NP_619636.2:p.Phe246Leu,0.300,22.8,['Unknown%20significance'],30.39,0.13,0.0,0.4,0.4
TMC1,9,72754883,NM_138691.3:c.740A>G,NP_619636.2:p.Asn247Ser,0.056,16.20,['Likely%20benign'],58.71,0.36,0.0,-0.1,0.1
TMC1,9,72754883,NM_138691.3:c.740A>T,NP_619636.2:p.Asn247Ile,0.153,23.0,['Unknown%20significance'],58.71,0.36,0.0,-0.7,0.7
TMC1,9,72772413,NM_138691.3:c.742G>A,NP_619636.2:p.Gly248Ser,0.791,29.4,['Unknown%20significance'],0.21,0.0,0.0,1.1,1.1
TMC1,9,72772414,NM_138691.3:c.743G>A,NP_619636.2:p.Gly248Asp,0.798,26.1,['Unknown%20significance'],0.21,0.0,0.0,1.8,1.8
TMC1,9,72772416,NM_138691.3:c.745T>A,NP_619636.2:p.Leu249Met,0.050,22.3,['Likely%20benign'],92.56,0.48,0.0,0.1,0.1
TMC1,9,72772420,NM_138691.3:c.749C>T,NP_619636.2:p.Ala250Val,0.123,22.5,['Unknown%20significance'],15.89,0.12,0.0,-1.4,1.4
TMC1,9,72772425,NM_138691.3:c.754T>C,NP_619636.2:p.Tyr252His,0.485,23.3,['Unknown%20significance'],9.33,0.03,0.0,1.3,1.3
TMC1,9,72772428,NM_138691.3:c.757T>C,NP_619636.2:p.Ser253Pro,0.747,27.5,['Unknown%20significance'],21.95,0.15,0.0,0.5,0.5
TMC1,9,72772428,NM_138691.3:c.757T>G,NP_619636.2:p.Ser253Ala,0.488,25.9,['Unknown%20significance'],21.95,0.15,0.0,-0.1,0.1
TMC1,9,72772429,NM_138691.3:c.758C>G,NP_619636.2:p.Ser253Cys,0.609,25.4,['Unknown%20significance'],21.95,0.15,0.0,-0.1,0.1
TMC1,9,72772429,NM_138691.3:c.758C>T,NP_619636.2:p.Ser253Phe,0.671,26.1,['Pathogenic'],21.95,0.15,0.0,-0.9,0.9
TMC1,9,72772431,NM_138691.3:c.760G>A,NP_619636.2:p.Val254Ile,0.052,14.47,['Unknown%20significance'],28.18,0.16,0.0,-0.1,0.1
TMC1,9,72772432,NM_138691.3:c.761T>C,NP_619636.2:p.Val254Ala,0.157,21.2,['Unknown%20significance'],28.18,0.16,0.0,1.5,1.5
TMC1,9,72772432,NM_138691.3:c.761T>G,NP_619636.2:p.Val254Gly,0.425,23.6,['Unknown%20significance'],28.18,0.16,0.0,2.8,2.8
TMC1,9,72772435,NM_138691.3:c.764T>C,NP_619636.2:p.Leu255Pro,0.732,27.1,['Unknown%20significance'],49.57,0.25,0.0,3.1,3.1
TMC1,9,72772441,NM_138691.3:c.770A>G,NP_619636.2:p.Tyr257Cys,0.916,27.9,['Unknown%20significance'],0.0,0.0,0.0,3.3,3.3
TMC1,9,72772443,NM_138691.3:c.772G>A,NP_619636.2:p.Gly258Ser,0.912,31,['Unknown%20significance'],0.68,0.0,0.0,1.3,1.3
TMC1,9,72772444,NM_138691.3:c.773G>A,NP_619636.2:p.Gly258Asp,0.949,27.6,['Pathogenic'],0.68,0.0,0.0,1.7,1.7
TMC1,9,72772446,NM_138691.3:c.775T>A,NP_619636.2:p.Tyr259Asn,0.583,27.6,['Unknown%20significance'],5.66,0.02,0.0,3.1,3.1
TMC1,9,72772446,NM_138691.3:c.775T>C,NP_619636.2:p.Tyr259His,0.572,27.5,['Unknown%20significance'],5.66,0.02,0.0,1.7,1.7
TMC1,9,72772447,NM_138691.3:c.776A>C,NP_619636.2:p.Tyr259Ser,0.552,26.1,['Unknown%20significance'],5.66,0.02,0.0,3.5,3.5
TMC1,9,72772447,NM_138691.3:c.776A>G,NP_619636.2:p.Tyr259Cys,0.707,26.7,['Pathogenic'],5.66,0.02,0.0,2.5,2.5
TMC1,9,72772449,NM_138691.3:c.778T>A,NP_619636.2:p.Tyr260Asn,0.901,27.4,['Unknown%20significance'],0.0,0.0,0.0,4.9,4.9
TMC1,9,72772450,NM_138691.3:c.779A>T,NP_619636.2:p.Tyr260Phe,0.814,23.9,['Unknown%20significance'],0.0,0.0,0.0,1.0,1.0
TMC1,9,72772453,NM_138691.3:c.782A>C,NP_619636.2:p.Asp261Ala,0.094,22.5,['Unknown%20significance'],0.41,0.0,0.0,-0.6,0.6
TMC1,9,72772456,NM_138691.3:c.785A>G,NP_619636.2:p.Asn262Ser,0.086,21.2,['Unknown%20significance'],50.96,0.31,0.0,0.4,0.4
TMC1,9,72772462,NM_138691.3:c.791G>A,NP_619636.2:p.Arg264Gln,0.315,30,['Unknown%20significance'],71.73,0.26,0.0,0.3,0.3
TMC1,9,72772462,NM_138691.3:c.791G>C,NP_619636.2:p.Arg264Pro,0.212,24.7,['Unknown%20significance'],71.73,0.26,0.0,0.8,0.8
TMC1,9,72772467,NM_138691.3:c.796A>C,NP_619636.2:p.Ile266Leu,0.197,24.8,['Unknown%20significance'],4.33,0.02,0.0,0.3,0.3
TMC1,9,72772467,NM_138691.3:c.796A>G,NP_619636.2:p.Ile266Val,0.155,20.8,['Unknown%20significance'],4.33,0.02,0.0,0.3,0.3
TMC1,9,72772468,NM_138691.3:c.797T>C,NP_619636.2:p.Ile266Thr,0.501,26.2,['Likely%20pathogenic'],4.33,0.02,0.0,1.2,1.2
TMC1,9,72772470,NM_138691.3:c.799G>A,NP_619636.2:p.Gly267Arg,0.752,31,['Unknown%20significance'],41.28,0.43,0.0,-0.3,0.3
TMC1,9,72772471,NM_138691.3:c.800G>A,NP_619636.2:p.Gly267Glu,0.854,28.0,['Pathogenic'],41.28,0.43,0.0,0.2,0.2
TMC1,9,72772471,NM_138691.3:c.800G>T,NP_619636.2:p.Gly267Val,0.739,28.7,['Likely%20pathogenic'],41.28,0.43,0.0,-0.6,0.6
TMC1,9,72772474,NM_138691.3:c.803G>T,NP_619636.2:p.Trp268Leu,0.197,22.5,['Unknown%20significance'],255.15,0.97,0.0,0.0,0.0
TMC1,9,72772476,NM_138691.3:c.805A>G,NP_619636.2:p.Met269Val,0.059,17.37,['Unknown%20significance'],114.64,0.52,0.0,0.0,0.0
TMC1,9,72772477,NM_138691.3:c.806T>A,NP_619636.2:p.Met269Lys,0.187,22.9,['Unknown%20significance'],114.64,0.52,0.0,0.9,0.9
TMC1,9,72772479,NM_138691.3:c.808A>G,NP_619636.2:p.Asn270Asp,0.086,23.7,['Unknown%20significance'],86.86,0.54,0.0,0.2,0.2
TMC1,9,72772480,NM_138691.3:c.809A>G,NP_619636.2:p.Asn270Ser,0.095,21.4,['Unknown%20significance'],86.86,0.54,0.0,0.0,0.0
TMC1,9,72772485,NM_138691.3:c.814A>G,NP_619636.2:p.Arg272Gly,0.478,24.5,['Unknown%20significance'],80.93,0.3,0.0,1.1,1.1
TMC1,9,72772485,NM_138691.3:c.814A>T,NP_619636.2:p.Arg272Trp,0.546,25.4,['Unknown%20significance'],80.93,0.3,0.0,-0.3,0.3
TMC1,9,72772486,NM_138691.3:c.815G>A,NP_619636.2:p.Arg272Lys,0.271,26.9,['Unknown%20significance'],80.93,0.3,0.0,0.7,0.7
TMC1,9,72772486,NM_138691.3:c.815G>C,NP_619636.2:p.Arg272Thr,0.607,27.3,['Unknown%20significance'],80.93,0.3,0.0,0.3,0.3
TMC1,9,72772490,NM_138691.3:c.819G>C,NP_619636.2:p.Leu273Phe,0.366,24.4,['Unknown%20significance'],0.0,0.0,0.0,0.5,0.5
TMC1,9,72772491,NM_138691.3:c.820C>T,NP_619636.2:p.Pro274Ser,0.558,25.3,['Unknown%20significance'],0.41,0.0,0.0,1.8,1.8
TMC1,9,72772492,NM_138691.3:c.821C>T,NP_619636.2:p.Pro274Leu,0.636,26.1,['Pathogenic'],0.41,0.0,0.0,-0.1,0.1
TMC1,9,72772494,NM_138691.3:c.823C>T,NP_619636.2:p.Leu275Phe,0.754,25.0,['Unknown%20significance'],19.24,0.09,0.0,1.0,1.0
TMC1,9,72772498,NM_138691.3:c.827C>A,NP_619636.2:p.Ser276Tyr,0.577,25.6,['Unknown%20significance'],10.52,0.07,0.0,-1.5,1.5
TMC1,9,72772501,NM_138691.3:c.830A>G,NP_619636.2:p.Tyr277Cys,0.921,28.6,['Pathogenic'],0.05,0.0,0.0,3.9,3.9
TMC1,9,72772503,NM_138691.3:c.832T>C,NP_619636.2:p.Phe278Leu,0.156,22.8,['Unknown%20significance'],5.78,0.02,0.0,-0.0,0.0
TMC1,9,72772510,NM_138691.3:c.839T>G,NP_619636.2:p.Val280Gly,0.643,29.2,['Unknown%20significance'],0.69,0.0,0.0,4.4,4.4
TMC1,9,72772512,NM_138691.3:c.841G>T,NP_619636.2:p.Gly281Trp,0.642,31,['Unknown%20significance'],4.76,0.04,0.0,-2.2,2.2
TMC1,9,72772515,NM_138691.3:c.844A>G,NP_619636.2:p.Ile282Val,0.067,16.41,['Unknown%20significance'],76.92,0.39,0.0,0.1,0.1
TMC1,9,72772519,NM_138691.3:c.848T>C,NP_619636.2:p.Met283Thr,0.143,21.2,['Unknown%20significance'],77.26,0.35,0.0,0.8,0.8
TMC1,9,72772520,NM_138691.3:c.849G>A,NP_619636.2:p.Met283Ile,0.081,20.7,['Unknown%20significance'],77.26,0.35,0.0,-0.6,0.6
TMC1,9,72772521,NM_138691.3:c.850T>C,NP_619636.2:p.Cys284Arg,0.209,23.2,['Unknown%20significance'],0.0,0.0,0.0,1.3,1.3
TMC1,9,72772522,NM_138691.3:c.851G>T,NP_619636.2:p.Cys284Phe,0.081,23.4,['Unknown%20significance'],0.0,0.0,0.0,-1.5,1.5
TMC1,9,72772524,NM_138691.3:c.853A>C,NP_619636.2:p.Ile285Leu,0.100,23.4,['Unknown%20significance'],14.17,0.07,0.0,-0.3,0.3
TMC1,9,72772524,NM_138691.3:c.853A>G,NP_619636.2:p.Ile285Val,0.048,20.8,['Unknown%20significance'],14.17,0.07,0.0,0.3,0.3
TMC1,9,72772524,NM_138691.3:c.853A>T,NP_619636.2:p.Ile285Phe,0.159,19.32,['Unknown%20significance'],14.17,0.07,0.0,-0.7,0.7
TMC1,9,72772525,NM_138691.3:c.854T>C,NP_619636.2:p.Ile285Thr,0.267,24.1,['Unknown%20significance'],14.17,0.07,0.0,2.4,2.4
TMC1,9,72772528,NM_138691.3:c.857G>A,NP_619636.2:p.Gly286Glu,0.261,26.6,['Unknown%20significance'],25.01,0.26,0.0,0.1,0.1
TMC1,9,72772530,NM_138691.3:c.859T>C,NP_619636.2:p.Tyr287His,0.457,28.0,['Unknown%20significance'],57.48,0.23,0.0,1.7,1.7
TMC1,9,72772533,NM_138691.3:c.862A>G,NP_619636.2:p.Ser288Gly,0.582,26.7,['Unknown%20significance'],0.0,0.0,0.0,1.1,1.1
TMC1,9,72772536,NM_138691.3:c.865T>A,NP_619636.2:p.Phe289Ile,0.135,24.1,['Unknown%20significance'],1.4,0.0,0.0,0.7,0.7
TMC1,9,72772552,NM_138691.3:c.881A>G,NP_619636.2:p.Lys294Arg,0.095,12.45,['Likely%20benign'],164.59,0.69,0.0,-0.3,0.3
TMC1,9,72772554,NM_138691.3:c.883G>A,NP_619636.2:p.Ala295Thr,0.191,22.3,['Unknown%20significance'],10.38,0.08,0.0,0.0,0.0
TMC1,9,72772555,NM_138691.3:c.884C>G,NP_619636.2:p.Ala295Gly,0.055,23.4,['Unknown%20significance'],10.38,0.08,0.0,1.2,1.2
TMC1,9,72772555,NM_138691.3:c.884C>T,NP_619636.2:p.Ala295Val,0.047,23.1,['Unknown%20significance'],10.38,0.08,0.0,-0.8,0.8
TMC1,9,72788340,NM_138691.3:c.886A>G,NP_619636.2:p.Met296Val,0.535,27.8,['Unknown%20significance'],12.24,0.05,0.0,0.4,0.4
TMC1,9,72788341,NM_138691.3:c.887T>A,NP_619636.2:p.Met296Lys,0.721,28.6,['Unknown%20significance'],12.24,0.05,0.0,3.1,3.1
TMC1,9,72788341,NM_138691.3:c.887T>C,NP_619636.2:p.Met296Thr,0.657,25.5,['Unknown%20significance'],12.24,0.05,0.0,1.6,1.6
TMC1,9,72788342,NM_138691.3:c.888G>C,NP_619636.2:p.Met296Ile,0.560,25.9,['Unknown%20significance'],12.24,0.05,0.0,0.1,0.1
TMC1,9,72788342,NM_138691.3:c.888G>T,NP_619636.2:p.Met296Ile,0.560,26.4,['Unknown%20significance'],12.24,0.05,0.0,0.1,0.1
TMC1,9,72788343,NM_138691.3:c.889A>T,NP_619636.2:p.Thr297Ser,0.157,23.3,['Unknown%20significance'],63.86,0.4,0.0,0.2,0.2
TMC1,9,72788346,NM_138691.3:c.892A>G,NP_619636.2:p.Lys298Glu,0.061,20.5,['Unknown%20significance'],157.35,0.66,0.0,-0.1,0.1
TMC1,9,72788347,NM_138691.3:c.893A>G,NP_619636.2:p.Lys298Arg,0.076,20.8,['Unknown%20significance'],157.35,0.66,0.0,-0.4,0.4
TMC1,9,72788352,NM_138691.3:c.898A>G,NP_619636.2:p.Ile300Val,0.081,23.1,['Unknown%20significance'],34.34,0.17,0.0,0.2,0.2
TMC1,9,72788352,NM_138691.3:c.898A>T,NP_619636.2:p.Ile300Phe,0.099,24.0,['Unknown%20significance'],34.34,0.17,0.0,-0.9,0.9
TMC1,9,72788355,NM_138691.3:c.901G>A,NP_619636.2:p.Gly301Ser,0.038,22.4,['Unknown%20significance'],59.94,0.62,0.0,-0.2,0.2
TMC1,9,72788355,NM_138691.3:c.901G>T,NP_619636.2:p.Gly301Cys,0.232,26.2,['Unknown%20significance'],59.94,0.62,0.0,-0.2,0.2
TMC1,9,72788356,NM_138691.3:c.902G>C,NP_619636.2:p.Gly301Ala,0.088,22.1,['Unknown%20significance'],59.94,0.62,0.0,-0.2,0.2
TMC1,9,72788359,NM_138691.3:c.905A>G,NP_619636.2:p.Asp302Gly,0.116,22.5,['Unknown%20significance'],106.76,0.66,0.0,0.3,0.3
TMC1,9,72788360,NM_138691.3:c.906T>G,NP_619636.2:p.Asp302Glu,0.184,0.010,['Likely%20benign'],106.76,0.66,0.0,-0.2,0.2
TMC1,9,72788361,NM_138691.3:c.907G>A,NP_619636.2:p.Asp303Asn,0.089,22.8,['Unknown%20significance'],25.7,0.16,0.0,-0.2,0.2
TMC1,9,72788361,NM_138691.3:c.907G>T,NP_619636.2:p.Asp303Tyr,0.258,26.8,['Unknown%20significance'],25.7,0.16,0.0,-1.0,1.0
TMC1,9,72788362,NM_138691.3:c.908A>G,NP_619636.2:p.Asp303Gly,0.114,22.6,['Unknown%20significance'],25.7,0.16,0.0,0.6,0.6
TMC1,9,72788364,NM_138691.3:c.910G>A,NP_619636.2:p.Gly304Arg,0.314,26.4,['Unknown%20significance'],11.16,0.11,0.0,-1.2,1.2
TMC1,9,72788365,NM_138691.3:c.911G>C,NP_619636.2:p.Gly304Ala,0.149,21.8,['Unknown%20significance'],11.16,0.11,0.0,-0.7,0.7
TMC1,9,72788365,NM_138691.3:c.911G>T,NP_619636.2:p.Gly304Val,0.186,29.0,['Unknown%20significance'],11.16,0.11,0.0,-1.5,1.5
TMC1,9,72788367,NM_138691.3:c.913G>A,NP_619636.2:p.Gly305Ser,0.241,21.1,['Unknown%20significance'],49.84,0.52,0.0,-0.3,0.3
TMC1,9,72788370,NM_138691.3:c.916G>A,NP_619636.2:p.Gly306Arg,0.481,32,['Unknown%20significance'],29.27,0.3,0.0,-0.6,0.6
TMC1,9,72788374,NM_138691.3:c.920A>G,NP_619636.2:p.Asp307Gly,0.235,24.3,['Unknown%20significance'],96.33,0.6,0.0,0.2,0.2
TMC1,9,72788378,NM_138691.3:c.924C>A,NP_619636.2:p.Asp308Glu,0.108,12.64,['Unknown%20significance'],62.99,0.39,0.0,0.0,0.0
TMC1,9,72788378,NM_138691.3:c.924C>G,NP_619636.2:p.Asp308Glu,0.108,12.78,['Unknown%20significance'],62.99,0.39,0.0,0.0,0.0
TMC1,9,72788380,NM_138691.3:c.926A>C,NP_619636.2:p.Asn309Thr,0.079,17.84,['Unknown%20significance'],76.69,0.47,0.0,-0.1,0.1
TMC1,9,72788382,NM_138691.3:c.928A>G,NP_619636.2:p.Thr310Ala,0.071,16.53,['Unknown%20significance'],126.57,0.8,0.0,0.1,0.1
TMC1,9,72788383,NM_138691.3:c.929C>T,NP_619636.2:p.Thr310Ile,0.081,19.23,['Unknown%20significance'],126.57,0.8,0.0,-0.1,0.1
TMC1,9,72788386,NM_138691.3:c.932T>A,NP_619636.2:p.Phe311Tyr,0.183,23.0,['Unknown%20significance'],142.01,0.61,0.0,-0.1,0.1
TMC1,9,72788387,NM_138691.3:c.933C>A,NP_619636.2:p.Phe311Leu,0.350,23.1,['Unknown%20significance'],142.01,0.61,0.0,0.3,0.3
TMC1,9,72788388,NM_138691.3:c.934A>G,NP_619636.2:p.Asn312Asp,0.197,22.7,['Unknown%20significance'],24.2,0.15,0.0,0.3,0.3
TMC1,9,72788389,NM_138691.3:c.935A>G,NP_619636.2:p.Asn312Ser,0.119,18.29,['Unknown%20significance'],24.2,0.15,0.0,0.0,0.0
TMC1,9,72788389,NM_138691.3:c.935A>T,NP_619636.2:p.Asn312Ile,0.230,17.54,['Unknown%20significance'],24.2,0.15,0.0,-1.1,1.1
TMC1,9,72788390,NM_138691.3:c.936T>G,NP_619636.2:p.Asn312Lys,0.114,16.83,['Unknown%20significance'],24.2,0.15,0.0,0.3,0.3
TMC1,9,72788392,NM_138691.3:c.938T>C,NP_619636.2:p.Phe313Ser,0.690,25.6,['Unknown%20significance'],65.41,0.28,0.0,2.6,2.6
TMC1,9,72788396,NM_138691.3:c.942C>G,NP_619636.2:p.Ser314Arg,0.442,24.2,['Unknown%20significance'],54.61,0.39,0.0,0.1,0.1
TMC1,9,72788409,NM_138691.3:c.955A>G,NP_619636.2:p.Thr319Ala,0.248,16.51,['Unknown%20significance'],98.34,0.62,0.0,-0.0,0.0
TMC1,9,72788410,NM_138691.3:c.956C>G,NP_619636.2:p.Thr319Ser,0.308,12.14,['Unknown%20significance'],98.34,0.62,0.0,0.2,0.2
TMC1,9,72788410,NM_138691.3:c.956C>T,NP_619636.2:p.Thr319Ile,0.261,17.67,['Unknown%20significance'],98.34,0.62,0.0,-0.3,0.3
TMC1,9,72788413,NM_138691.3:c.959G>C,NP_619636.2:p.Ser320Thr,0.504,24.2,['Unknown%20significance'],37.07,0.26,0.0,0.0,0.0
TMC1,9,72788414,NM_138691.3:c.960C>A,NP_619636.2:p.Ser320Arg,0.828,22.3,['Pathogenic'],37.07,0.26,0.0,-0.1,0.1
TMC1,9,72788415,NM_138691.3:c.961T>C,NP_619636.2:p.Trp321Arg,0.903,26.4,['Unknown%20significance'],59.64,0.22,0.0,3.7,3.7
TMC1,9,72788416,NM_138691.3:c.962G>T,NP_619636.2:p.Trp321Leu,0.876,27.0,['Unknown%20significance'],59.64,0.22,0.0,2.9,2.9
TMC1,9,72788418,NM_138691.3:c.964G>A,NP_619636.2:p.Asp322Asn,0.810,27.3,['Unknown%20significance'],58.39,0.36,0.0,0.4,0.4
TMC1,9,72788418,NM_138691.3:c.964G>T,NP_619636.2:p.Asp322Tyr,0.921,27.6,['Unknown%20significance'],58.39,0.36,0.0,0.3,0.3
TMC1,9,72788420,NM_138691.3:c.966C>A,NP_619636.2:p.Asp322Glu,0.847,23.6,['Unknown%20significance'],58.39,0.36,0.0,0.5,0.5
TMC1,9,72788422,NM_138691.3:c.968A>G,NP_619636.2:p.Tyr323Cys,0.551,26.5,['Unknown%20significance'],165.39,0.68,0.0,1.0,1.0
TMC1,9,72788430,NM_138691.3:c.976G>A,NP_619636.2:p.Gly326Ser,0.541,27.9,['Unknown%20significance'],89.96,0.94,0.0,-0.1,0.1
TMC1,9,72788431,NM_138691.3:c.977G>T,NP_619636.2:p.Gly326Val,0.634,26.5,['Unknown%20significance'],89.96,0.94,0.0,-0.1,0.1
TMC1,9,72788433,NM_138691.3:c.979A>G,NP_619636.2:p.Asn327Asp,0.480,26.3,['Unknown%20significance'],85.53,0.53,0.0,0.2,0.2
TMC1,9,72788434,NM_138691.3:c.980A>T,NP_619636.2:p.Asn327Ile,0.597,26.8,['Pathogenic'],85.53,0.53,0.0,0.0,0.0
TMC1,9,72788436,NM_138691.3:c.982C>A,NP_619636.2:p.Pro328Thr,0.181,22.1,['Unknown%20significance'],114.66,0.72,0.0,-0.1,0.1
TMC1,9,72788436,NM_138691.3:c.982C>T,NP_619636.2:p.Pro328Ser,0.167,18.05,['Unknown%20significance'],114.66,0.72,0.0,0.0,0.0
TMC1,9,72788441,NM_138691.3:c.987A>C,NP_619636.2:p.Glu329Asp,0.330,22.7,['Unknown%20significance'],136.41,0.69,0.0,0.1,0.1
TMC1,9,72788443,NM_138691.3:c.989C>T,NP_619636.2:p.Thr330Ile,0.575,25.4,['Unknown%20significance'],57.58,0.36,0.0,-0.1,0.1
TMC1,9,72788445,NM_138691.3:c.991G>A,NP_619636.2:p.Ala331Thr,0.581,27.1,['Unknown%20significance'],19.04,0.14,0.0,0.4,0.4
TMC1,9,72788448,NM_138691.3:c.994G>A,NP_619636.2:p.Asp332Asn,0.377,28.2,['Unknown%20significance'],94.5,0.59,0.0,-0.1,0.1
TMC1,9,72788449,NM_138691.3:c.995A>G,NP_619636.2:p.Asp332Gly,0.580,28.6,['Unknown%20significance'],94.5,0.59,0.0,0.3,0.3
TMC1,9,72788455,NM_138691.3:c.1001A>G,NP_619636.2:p.Lys334Arg,0.556,24.5,['Unknown%20significance'],70.67,0.29,0.0,-0.8,0.8
TMC1,9,72788464,NM_138691.3:c.1010C>A,NP_619636.2:p.Ser337Tyr,0.654,26.5,['Unknown%20significance'],8.51,0.06,0.0,-1.1,1.1
TMC1,9,72788464,NM_138691.3:c.1010C>T,NP_619636.2:p.Ser337Phe,0.685,27.6,['Unknown%20significance'],8.51,0.06,0.0,-0.9,0.9
TMC1,9,72788466,NM_138691.3:c.1012A>G,NP_619636.2:p.Ile338Val,0.246,24.8,['Unknown%20significance'],11.27,0.05,0.0,0.9,0.9
TMC1,9,72788469,NM_138691.3:c.1015A>C,NP_619636.2:p.Thr339Pro,0.526,25.7,['Unknown%20significance'],75.96,0.48,0.0,0.6,0.6
TMC1,9,72788470,NM_138691.3:c.1016C>T,NP_619636.2:p.Thr339Ile,0.067,21.1,['Unknown%20significance'],75.96,0.48,0.0,-0.5,0.5
TMC1,9,72788472,NM_138691.3:c.1018A>G,NP_619636.2:p.Met340Val,0.255,23.1,['Unknown%20significance'],18.39,0.08,0.0,-0.0,0.0
TMC1,9,72788473,NM_138691.3:c.1019T>C,NP_619636.2:p.Met340Thr,0.092,18.31,['Likely%20benign'],18.39,0.08,0.0,0.8,0.8
TMC1,9,72788474,NM_138691.3:c.1020G>T,NP_619636.2:p.Met340Ile,0.103,23.3,['Unknown%20significance'],18.39,0.08,0.0,-0.3,0.3
TMC1,9,72788476,NM_138691.3:c.1022A>C,NP_619636.2:p.Asn341Thr,0.113,22.8,['Unknown%20significance'],26.67,0.16,0.0,-0.2,0.2
TMC1,9,72788477,NM_138691.3:c.1023C>A,NP_619636.2:p.Asn341Lys,0.079,22.3,['Unknown%20significance'],26.67,0.16,0.0,0.3,0.3
TMC1,9,72788481,NM_138691.3:c.1027A>G,NP_619636.2:p.Lys343Glu,0.374,32,['Unknown%20significance'],88.8,0.37,0.0,0.7,0.7
TMC1,9,72789126,NM_138691.3:c.1033G>A,NP_619636.2:p.Ala345Thr,0.129,23.6,['Unknown%20significance'],10.75,0.08,0.0,-0.1,0.1
TMC1,9,72789132,NM_138691.3:c.1039A>G,NP_619636.2:p.Thr347Ala,0.087,21.8,['Unknown%20significance'],26.52,0.16,0.0,0.0,0.0
TMC1,9,72789135,NM_138691.3:c.1042G>A,NP_619636.2:p.Glu348Lys,0.565,31,['Unknown%20significance'],28.29,0.14,0.0,0.5,0.5
TMC1,9,72789140,NM_138691.3:c.1047A>C,NP_619636.2:p.Glu349Asp,0.253,23.6,['Unknown%20significance'],66.57,0.34,0.0,0.2,0.2
TMC1,9,72789142,NM_138691.3:c.1049A>G,NP_619636.2:p.Lys350Arg,0.084,21.4,['Likely%20benign'],157.4,0.66,0.0,-0.3,0.3
TMC1,9,72789143,NM_138691.3:c.1050A>C,NP_619636.2:p.Lys350Asn,0.023,23.3,['Unknown%20significance'],157.4,0.66,0.0,0.1,0.1
TMC1,9,72789144,NM_138691.3:c.1051G>A,NP_619636.2:p.Ala351Thr,0.357,24.8,['Unknown%20significance'],19.02,0.14,0.0,-0.3,0.3
TMC1,9,72789151,NM_138691.3:c.1058A>G,NP_619636.2:p.Gln353Arg,0.067,20.5,['Unknown%20significance'],137.63,0.69,0.0,-0.0,0.0
TMC1,9,72789161,NM_138691.3:c.1068A>C,NP_619636.2:p.Glu356Asp,0.332,18.92,['Unknown%20significance'],56.09,0.28,0.0,0.3,0.3
TMC1,9,72789163,NM_138691.3:c.1070A>G,NP_619636.2:p.Asn357Ser,0.467,23.9,['Unknown%20significance'],118.02,0.73,0.0,0.0,0.0
TMC1,9,72789165,NM_138691.3:c.1072G>A,NP_619636.2:p.Val358Ile,0.181,0.197,['Likely%20benign'],78.48,0.45,0.0,-0.1,0.1
TMC1,9,72789165,NM_138691.3:c.1072G>C,NP_619636.2:p.Val358Leu,0.119,0.946,['Likely%20benign'],78.48,0.45,0.0,-0.1,0.1
TMC1,9,72789168,NM_138691.3:c.1075C>T,NP_619636.2:p.His359Tyr,0.488,23.6,['Unknown%20significance'],185.65,0.9,0.0,-0.2,0.2
TMC1,9,72789169,NM_138691.3:c.1076A>C,NP_619636.2:p.His359Pro,0.538,26.9,['Unknown%20significance'],185.65,0.9,0.0,0.1,0.1
TMC1,9,72789169,NM_138691.3:c.1076A>G,NP_619636.2:p.His359Arg,0.505,24.0,['Unknown%20significance'],185.65,0.9,0.0,0.0,0.0
TMC1,9,72789171,NM_138691.3:c.1078T>A,NP_619636.2:p.Leu360Met,0.595,24.1,['Unknown%20significance'],121.53,0.63,0.0,0.3,0.3
TMC1,9,72789173,NM_138691.3:c.1080G>C,NP_619636.2:p.Leu360Phe,0.631,24.2,['Unknown%20significance'],121.53,0.63,0.0,0.1,0.1
TMC1,9,72789177,NM_138691.3:c.1084A>G,NP_619636.2:p.Arg362Gly,0.436,23.6,['Unknown%20significance'],172.5,0.64,0.0,0.5,0.5
TMC1,9,72789178,NM_138691.3:c.1085G>A,NP_619636.2:p.Arg362Lys,0.485,27.7,['Unknown%20significance'],172.5,0.64,0.0,0.4,0.4
TMC1,9,72789178,NM_138691.3:c.1085G>T,NP_619636.2:p.Arg362Ile,0.466,23.8,['Unknown%20significance'],172.5,0.64,0.0,-0.6,0.6
TMC1,9,72789187,NM_138691.3:c.1094G>A,NP_619636.2:p.Arg365Lys,0.658,27.3,['Unknown%20significance'],68.36,0.25,0.0,0.9,0.9
TMC1,9,72789188,NM_138691.3:c.1095G>T,NP_619636.2:p.Arg365Ser,0.742,23.2,['Unknown%20significance'],68.36,0.25,0.0,1.4,1.4
TMC1,9,72789190,NM_138691.3:c.1097T>C,NP_619636.2:p.Phe366Ser,0.554,25.6,['Unknown%20significance'],176.95,0.77,0.0,0.8,0.8
TMC1,9,72789193,NM_138691.3:c.1100T>G,NP_619636.2:p.Leu367Arg,0.885,28.3,['Unknown%20significance'],61.32,0.31,0.0,1.8,1.8
TMC1,9,72789195,NM_138691.3:c.1102G>A,NP_619636.2:p.Ala368Thr,0.566,29.3,['Unknown%20significance'],0.0,0.0,0.0,0.6,0.6
TMC1,9,72789195,NM_138691.3:c.1102G>C,NP_619636.2:p.Ala368Pro,0.714,29.0,['Unknown%20significance'],0.0,0.0,0.0,1.6,1.6
TMC1,9,72789196,NM_138691.3:c.1103C>T,NP_619636.2:p.Ala368Val,0.614,24.4,['Unknown%20significance'],0.0,0.0,0.0,-2.0,2.0
TMC1,9,72789200,NM_138691.3:c.1107C>A,NP_619636.2:p.Asn369Lys,0.757,24.4,['Pathogenic'],23.53,0.14,0.0,0.6,0.6
TMC1,9,72789201,NM_138691.3:c.1108T>G,NP_619636.2:p.Phe370Val,0.358,22.2,['Unknown%20significance'],131.25,0.57,0.0,-0.0,0.0
TMC1,9,72789203,NM_138691.3:c.1110C>G,NP_619636.2:p.Phe370Leu,0.486,24.0,['Unknown%20significance'],131.25,0.57,0.0,-0.2,0.2
TMC1,9,72789204,NM_138691.3:c.1111T>C,NP_619636.2:p.Phe371Leu,0.161,19.75,['Unknown%20significance'],59.6,0.25,0.0,-0.5,0.5
TMC1,9,72789205,NM_138691.3:c.1112T>A,NP_619636.2:p.Phe371Tyr,0.514,26.8,['Unknown%20significance'],59.6,0.25,0.0,0.8,0.8
TMC1,9,72789206,NM_138691.3:c.1113C>A,NP_619636.2:p.Phe371Leu,0.181,17.23,['Unknown%20significance'],59.6,0.25,0.0,-0.5,0.5
TMC1,9,72789207,NM_138691.3:c.1114G>A,NP_619636.2:p.Val372Met,0.699,25.7,['Pathogenic'],2.68,0.01,0.0,1.7,1.7
TMC1,9,72789208,NM_138691.3:c.1115T>C,NP_619636.2:p.Val372Ala,0.500,22.6,['Unknown%20significance'],2.68,0.01,0.0,3.0,3.0
TMC1,9,72789217,NM_138691.3:c.1124C>G,NP_619636.2:p.Thr375Arg,0.480,24.6,['Unknown%20significance'],9.32,0.05,0.0,0.4,0.4
TMC1,9,72789219,NM_138691.3:c.1126C>G,NP_619636.2:p.Leu376Val,0.480,24.9,['Unknown%20significance'],28.07,0.14,0.0,0.9,0.9
TMC1,9,72789220,NM_138691.3:c.1127T>C,NP_619636.2:p.Leu376Pro,0.763,29.2,['Pathogenic'],28.07,0.14,0.0,3.6,3.6
TMC1,9,72789222,NM_138691.3:c.1129G>A,NP_619636.2:p.Gly377Arg,0.569,32,['Unknown%20significance'],52.54,0.55,0.0,-0.2,0.2
TMC1,9,72789223,NM_138691.3:c.1130G>A,NP_619636.2:p.Gly377Glu,0.574,24.3,['Unknown%20significance'],52.54,0.55,0.0,0.3,0.3
TMC1,9,72789223,NM_138691.3:c.1130G>T,NP_619636.2:p.Gly377Val,0.389,24.9,['Unknown%20significance'],52.54,0.55,0.0,-1.1,1.1
TMC1,9,72789225,NM_138691.3:c.1132G>A,NP_619636.2:p.Gly378Arg,0.635,29.1,['Unknown%20significance'],29.24,0.3,0.0,-0.2,0.2
TMC1,9,72789225,NM_138691.3:c.1132G>T,NP_619636.2:p.Gly378Trp,0.620,31,['Unknown%20significance'],29.24,0.3,0.0,-1.2,1.2
TMC1,9,72789229,NM_138691.3:c.1136G>A,NP_619636.2:p.Ser379Asn,0.506,26.9,['Likely%20pathogenic'],0.83,0.0,0.0,0.7,0.7
TMC1,9,72789231,NM_138691.3:c.1138G>A,NP_619636.2:p.Gly380Arg,0.604,26.9,['Unknown%20significance'],9.21,0.09,0.0,-0.8,0.8
TMC1,9,72789231,NM_138691.3:c.1138G>C,NP_619636.2:p.Gly380Arg,0.604,25.6,['Unknown%20significance'],9.21,0.09,0.0,-0.8,0.8
TMC1,9,72789232,NM_138691.3:c.1139G>A,NP_619636.2:p.Gly380Glu,0.584,25.2,['Unknown%20significance'],9.21,0.09,0.0,0.2,0.2
TMC1,9,72789232,NM_138691.3:c.1139G>C,NP_619636.2:p.Gly380Ala,0.492,23.5,['Unknown%20significance'],9.21,0.09,0.0,-1.2,1.2
TMC1,9,72789234,NM_138691.3:c.1141T>A,NP_619636.2:p.Tyr381Asn,0.748,28.0,['Pathogenic'],173.06,0.72,0.0,1.1,1.1
TMC1,9,72789234,NM_138691.3:c.1141T>C,NP_619636.2:p.Tyr381His,0.774,27.8,['Unknown%20significance'],173.06,0.72,0.0,0.7,0.7
TMC1,9,72789235,NM_138691.3:c.1142A>G,NP_619636.2:p.Tyr381Cys,0.748,28.7,['Unknown%20significance'],173.06,0.72,0.0,0.6,0.6
TMC1,9,72789237,NM_138691.3:c.1144C>G,NP_619636.2:p.Leu382Val,0.599,24.6,['Unknown%20significance'],81.98,0.42,0.0,0.2,0.2
TMC1,9,72789237,NM_138691.3:c.1144C>T,NP_619636.2:p.Leu382Phe,0.586,25.4,['Unknown%20significance'],81.98,0.42,0.0,0.3,0.3
TMC1,9,72789238,NM_138691.3:c.1145T>G,NP_619636.2:p.Leu382Arg,0.853,28.6,['Unknown%20significance'],81.98,0.42,0.0,1.5,1.5
TMC1,9,72789240,NM_138691.3:c.1147A>G,NP_619636.2:p.Ile383Val,0.589,23.8,['Unknown%20significance'],0.0,0.0,0.0,0.7,0.7
TMC1,9,72789240,NM_138691.3:c.1147A>T,NP_619636.2:p.Ile383Phe,0.865,27.3,['Unknown%20significance'],0.0,0.0,0.0,1.6,1.6
TMC1,9,72789243,NM_138691.3:c.1150T>C,NP_619636.2:p.Phe384Leu,0.376,24.7,['Unknown%20significance'],82.28,0.35,0.0,0.6,0.6
TMC1,9,72789246,NM_138691.3:c.1153T>G,NP_619636.2:p.Trp385Gly,0.578,25.3,['Unknown%20significance'],107.62,0.41,0.0,2.3,2.3
TMC1,9,72789247,NM_138691.3:c.1154G>T,NP_619636.2:p.Trp385Leu,0.299,23.2,['Unknown%20significance'],107.62,0.41,0.0,-0.1,0.1
TMC1,9,72789249,NM_138691.3:c.1156G>T,NP_619636.2:p.Ala386Ser,0.416,28.9,['Unknown%20significance'],0.0,0.0,0.0,1.4,1.4
TMC1,9,72789252,NM_138691.3:c.1159G>C,NP_619636.2:p.Val387Leu,0.595,27.0,['Unknown%20significance'],0.58,0.0,0.0,0.3,0.3
TMC1,9,72789253,NM_138691.3:c.1160T>C,NP_619636.2:p.Val387Ala,0.799,27.4,['Unknown%20significance'],0.58,0.0,0.0,2.1,2.1
TMC1,9,72789256,NM_138691.3:c.1163A>G,NP_619636.2:p.Lys388Arg,0.270,22.5,['Unknown%20significance'],118.0,0.49,0.0,-0.5,0.5
TMC1,9,72789259,NM_138691.3:c.1166G>A,NP_619636.2:p.Arg389Gln,0.587,31,['Pathogenic'],83.98,0.31,0.0,0.4,0.4
TMC1,9,72789259,NM_138691.3:c.1166G>C,NP_619636.2:p.Arg389Pro,0.542,31,['Unknown%20significance'],83.98,0.31,0.0,0.9,0.9
TMC1,9,72789261,NM_138691.3:c.1168T>A,NP_619636.2:p.Ser390Thr,0.762,25.7,['Unknown%20significance'],15.44,0.11,0.0,-0.2,0.2
TMC1,9,72789264,NM_138691.3:c.1171C>G,NP_619636.2:p.Gln391Glu,0.332,24.3,['Unknown%20significance'],19.14,0.09,0.0,0.5,0.5
TMC1,9,72789265,NM_138691.3:c.1172A>C,NP_619636.2:p.Gln391Pro,0.589,27.1,['Unknown%20significance'],19.14,0.09,0.0,1.0,1.0
TMC1,9,72789265,NM_138691.3:c.1172A>G,NP_619636.2:p.Gln391Arg,0.494,26.5,['Unknown%20significance'],19.14,0.09,0.0,-0.2,0.2
TMC1,9,72789267,NM_138691.3:c.1174G>A,NP_619636.2:p.Glu392Lys,0.077,20.7,['Unknown%20significance'],78.36,0.4,0.0,0.2,0.2
TMC1,9,72789273,NM_138691.3:c.1180G>T,NP_619636.2:p.Ala394Ser,0.181,21.0,['Unknown%20significance'],83.06,0.65,0.0,0.0,0.0
TMC1,9,72789274,NM_138691.3:c.1181C>G,NP_619636.2:p.Ala394Gly,0.210,23.7,['Unknown%20significance'],83.06,0.65,0.0,0.3,0.3
TMC1,9,72789277,NM_138691.3:c.1184A>C,NP_619636.2:p.Gln395Pro,0.132,23.6,['Unknown%20significance'],160.74,0.81,0.0,0.2,0.2
TMC1,9,72789278,NM_138691.3:c.1185G>T,NP_619636.2:p.Gln395His,0.166,24.3,['Unknown%20significance'],160.74,0.81,0.0,-0.0,0.0
TMC1,9,72789279,NM_138691.3:c.1186C>G,NP_619636.2:p.Gln396Glu,0.051,15.60,['Unknown%20significance'],95.16,0.48,0.0,0.3,0.3
TMC1,9,72789280,NM_138691.3:c.1187A>C,NP_619636.2:p.Gln396Pro,0.171,22.7,['Unknown%20significance'],95.16,0.48,0.0,0.6,0.6
TMC1,9,72789282,NM_138691.3:c.1189G>A,NP_619636.2:p.Asp397Asn,0.107,22.7,['Pathogenic'],75.33,0.47,0.0,-0.2,0.2
TMC1,9,72789282,NM_138691.3:c.1189G>C,NP_619636.2:p.Asp397His,0.198,26.2,['Unknown%20significance'],75.33,0.47,0.0,-0.4,0.4
TMC1,9,72789283,NM_138691.3:c.1190A>G,NP_619636.2:p.Asp397Gly,0.039,24.8,['Unknown%20significance'],75.33,0.47,0.0,0.4,0.4
TMC1,9,72789285,NM_138691.3:c.1192C>A,NP_619636.2:p.Pro398Thr,0.178,19.44,['Unknown%20significance'],86.95,0.55,0.0,-0.2,0.2
TMC1,9,72789285,NM_138691.3:c.1192C>T,NP_619636.2:p.Pro398Ser,0.197,19.33,['Unknown%20significance'],86.95,0.55,0.0,0.0,0.0
TMC1,9,72789286,NM_138691.3:c.1193C>T,NP_619636.2:p.Pro398Leu,0.106,21.6,['Unknown%20significance'],86.95,0.55,0.0,-0.3,0.3
TMC1,9,72789289,NM_138691.3:c.1196A>G,NP_619636.2:p.Asp399Gly,0.197,23.4,['Unknown%20significance'],143.23,0.89,0.0,0.1,0.1
TMC1,9,72789291,NM_138691.3:c.1198A>T,NP_619636.2:p.Thr400Ser,0.153,18.81,['Unknown%20significance'],120.34,0.76,0.0,0.2,0.2
TMC1,9,72789292,NM_138691.3:c.1199C>G,NP_619636.2:p.Thr400Ser,0.279,20.1,['Unknown%20significance'],120.34,0.76,0.0,0.2,0.2
TMC1,9,72789294,NM_138691.3:c.1201C>A,NP_619636.2:p.Leu401Ile,0.314,20.9,['Unknown%20significance'],16.59,0.08,0.0,0.3,0.3
TMC1,9,72789294,NM_138691.3:c.1201C>T,NP_619636.2:p.Leu401Phe,0.419,23.3,['Unknown%20significance'],16.59,0.08,0.0,0.2,0.2
TMC1,9,72789295,NM_138691.3:c.1202T>C,NP_619636.2:p.Leu401Pro,0.580,23.8,['Unknown%20significance'],16.59,0.08,0.0,2.1,2.1
TMC1,9,72789297,NM_138691.3:c.1204G>A,NP_619636.2:p.Gly402Arg,0.376,27.0,['Unknown%20significance'],43.28,0.45,0.0,-0.6,0.6
TMC1,9,72789302,NM_138691.3:c.1209G>C,NP_619636.2:p.Trp403Cys,0.646,32,['Pathogenic'],152.71,0.58,0.0,0.9,0.9
TMC1,9,72789303,NM_138691.3:c.1210T>C,NP_619636.2:p.Trp404Arg,0.871,29.9,['Unknown%20significance'],118.08,0.45,0.0,0.9,0.9
TMC1,9,72789304,NM_138691.3:c.1211G>T,NP_619636.2:p.Trp404Leu,0.501,23.2,['Unknown%20significance'],118.08,0.45,0.0,0.2,0.2
TMC1,9,72789305,NM_138691.3:c.1212G>C,NP_619636.2:p.Trp404Cys,0.652,32,['Unknown%20significance'],118.08,0.45,0.0,1.1,1.1
TMC1,9,72789307,NM_138691.3:c.1214A>G,NP_619636.2:p.Glu405Gly,0.854,32,['Unknown%20significance'],47.38,0.24,0.0,0.6,0.6
TMC1,9,72789308,NM_138691.3:c.1215A>C,NP_619636.2:p.Glu405Asp,0.701,24.2,['Unknown%20significance'],47.38,0.24,0.0,0.3,0.3
TMC1,9,72789309,NM_138691.3:c.1216A>G,NP_619636.2:p.Lys406Glu,0.432,23.2,['Unknown%20significance'],79.05,0.33,0.0,0.1,0.1
TMC1,9,72789310,NM_138691.3:c.1217A>G,NP_619636.2:p.Lys406Arg,0.238,21.8,['Unknown%20significance'],79.05,0.33,0.0,-0.6,0.6
TMC1,9,72789310,NM_138691.3:c.1217A>T,NP_619636.2:p.Lys406Ile,0.478,29.6,['Unknown%20significance'],79.05,0.33,0.0,-0.8,0.8
TMC1,9,72789316,NM_138691.3:c.1223A>C,NP_619636.2:p.Glu408Ala,0.552,34,['Unknown%20significance'],2.25,0.01,0.0,-0.8,0.8
TMC1,9,72791887,NM_138691.3:c.1226T>C,NP_619636.2:p.Met409Thr,0.174,25.5,['Unknown%20significance'],7.75,0.03,0.0,1.2,1.2
TMC1,9,72791888,NM_138691.3:c.1227G>A,NP_619636.2:p.Met409Ile,0.140,23.1,['Unknown%20significance'],7.75,0.03,0.0,-0.8,0.8
TMC1,9,72791888,NM_138691.3:c.1227G>T,NP_619636.2:p.Met409Ile,0.141,24.4,['Unknown%20significance'],7.75,0.03,0.0,-0.8,0.8
TMC1,9,72791891,NM_138691.3:c.1230C>A,NP_619636.2:p.Asn410Lys,0.146,18.97,['Unknown%20significance'],2.02,0.01,0.0,0.2,0.2
TMC1,9,72791892,NM_138691.3:c.1231A>G,NP_619636.2:p.Met411Val,0.141,16.13,['Unknown%20significance'],58.48,0.27,0.0,-0.6,0.6
TMC1,9,72791893,NM_138691.3:c.1232T>A,NP_619636.2:p.Met411Lys,0.602,23.5,['Unknown%20significance'],58.48,0.27,0.0,2.4,2.4
TMC1,9,72791893,NM_138691.3:c.1232T>C,NP_619636.2:p.Met411Thr,0.436,23.1,['Unknown%20significance'],58.48,0.27,0.0,1.2,1.2
TMC1,9,72791894,NM_138691.3:c.1233G>A,NP_619636.2:p.Met411Ile,0.309,20.5,['Unknown%20significance'],58.48,0.27,0.0,-0.9,0.9
TMC1,9,72791895,NM_138691.3:c.1234G>A,NP_619636.2:p.Val412Ile,0.321,21.7,['Unknown%20significance'],10.46,0.06,0.0,0.3,0.3
TMC1,9,72791895,NM_138691.3:c.1234G>C,NP_619636.2:p.Val412Leu,0.652,23.6,['Unknown%20significance'],10.46,0.06,0.0,0.8,0.8
TMC1,9,72791896,NM_138691.3:c.1235T>A,NP_619636.2:p.Val412Asp,0.935,27.7,['Unknown%20significance'],10.46,0.06,0.0,4.7,4.7
TMC1,9,72791896,NM_138691.3:c.1235T>C,NP_619636.2:p.Val412Ala,0.707,24.0,['Unknown%20significance'],10.46,0.06,0.0,2.5,2.5
TMC1,9,72791898,NM_138691.3:c.1237A>G,NP_619636.2:p.Met413Val,0.380,23.1,['Unknown%20significance'],11.1,0.05,0.0,-1.2,1.2
TMC1,9,72791898,NM_138691.3:c.1237A>T,NP_619636.2:p.Met413Leu,0.511,29.0,['Unknown%20significance'],11.1,0.05,0.0,-0.7,0.7
TMC1,9,72791899,NM_138691.3:c.1238T>C,NP_619636.2:p.Met413Thr,0.758,25.9,['Pathogenic'],11.1,0.05,0.0,1.6,1.6
TMC1,9,72791900,NM_138691.3:c.1239G>A,NP_619636.2:p.Met413Ile,0.464,26.9,['Unknown%20significance'],11.1,0.05,0.0,-1.6,1.6
TMC1,9,72791901,NM_138691.3:c.1240T>A,NP_619636.2:p.Ser414Thr,0.686,23.9,['Unknown%20significance'],13.64,0.09,0.0,-0.7,0.7
TMC1,9,72791901,NM_138691.3:c.1240T>C,NP_619636.2:p.Ser414Pro,0.937,28.6,['Unknown%20significance'],13.64,0.09,0.0,0.5,0.5
TMC1,9,72791907,NM_138691.3:c.1246C>G,NP_619636.2:p.Leu416Val,0.367,14.17,['Unknown%20significance'],15.07,0.07,0.0,0.2,0.2
TMC1,9,72791908,NM_138691.3:c.1247T>C,NP_619636.2:p.Leu416Pro,0.870,27.7,['Unknown%20significance'],15.07,0.07,0.0,3.6,3.6
TMC1,9,72791908,NM_138691.3:c.1247T>G,NP_619636.2:p.Leu416Arg,0.860,27.1,['Pathogenic'],15.07,0.07,0.0,2.7,2.7
TMC1,9,72791910,NM_138691.3:c.1249G>A,NP_619636.2:p.Gly417Arg,0.562,26.9,['Pathogenic'],25.62,0.26,0.0,-0.8,0.8
TMC1,9,72791911,NM_138691.3:c.1250G>A,NP_619636.2:p.Gly417Glu,0.557,26.3,['Pathogenic'],25.62,0.26,0.0,-0.1,0.1
TMC1,9,72791913,NM_138691.3:c.1252A>G,NP_619636.2:p.Met418Val,0.591,23.0,['Unknown%20significance'],54.36,0.25,0.0,-0.1,0.1
TMC1,9,72791913,NM_138691.3:c.1252A>T,NP_619636.2:p.Met418Leu,0.313,22.8,['Unknown%20significance'],54.36,0.25,0.0,-0.7,0.7
TMC1,9,72791914,NM_138691.3:c.1253T>A,NP_619636.2:p.Met418Lys,0.913,24.1,['Pathogenic'],54.36,0.25,0.0,2.2,2.2
TMC1,9,72791916,NM_138691.3:c.1255T>C,NP_619636.2:p.Phe419Leu,0.371,22.5,['Unknown%20significance'],130.61,0.56,0.0,-0.1,0.1
TMC1,9,72791917,NM_138691.3:c.1256T>C,NP_619636.2:p.Phe419Ser,0.832,25.5,['Unknown%20significance'],130.61,0.56,0.0,1.4,1.4
TMC1,9,72791920,NM_138691.3:c.1259G>A,NP_619636.2:p.Cys420Tyr,0.686,27.1,['Likely%20pathogenic'],6.15,0.03,0.0,-1.0,1.0
TMC1,9,72791923,NM_138691.3:c.1262C>T,NP_619636.2:p.Pro421Leu,0.906,30,['Unknown%20significance'],12.69,0.08,0.0,-0.1,0.1
TMC1,9,72791926,NM_138691.3:c.1265C>A,NP_619636.2:p.Thr422Lys,0.261,22.3,['Unknown%20significance'],87.52,0.55,0.0,0.5,0.5
TMC1,9,72791926,NM_138691.3:c.1265C>T,NP_619636.2:p.Thr422Ile,0.283,22.2,['Unknown%20significance'],87.52,0.55,0.0,-0.9,0.9
TMC1,9,72791928,NM_138691.3:c.1267T>A,NP_619636.2:p.Leu423Met,0.474,15.42,['Likely%20benign'],71.65,0.37,0.0,0.6,0.6
TMC1,9,72791929,NM_138691.3:c.1268T>C,NP_619636.2:p.Leu423Ser,0.815,27.1,['Unknown%20significance'],71.65,0.37,0.0,2.4,2.4
TMC1,9,72791929,NM_138691.3:c.1268T>G,NP_619636.2:p.Leu423Trp,0.837,27.5,['Unknown%20significance'],71.65,0.37,0.0,0.7,0.7
TMC1,9,72791930,NM_138691.3:c.1269G>C,NP_619636.2:p.Leu423Phe,0.476,22.4,['Unknown%20significance'],71.65,0.37,0.0,0.2,0.2
TMC1,9,72791931,NM_138691.3:c.1270T>C,NP_619636.2:p.Phe424Leu,0.911,28.0,['Unknown%20significance'],0.0,0.0,0.0,1.9,1.9
TMC1,9,72791932,NM_138691.3:c.1271T>C,NP_619636.2:p.Phe424Ser,0.892,29.4,['Unknown%20significance'],0.0,0.0,0.0,6.0,6.0
TMC1,9,72791933,NM_138691.3:c.1272T>G,NP_619636.2:p.Phe424Leu,0.834,26.8,['Unknown%20significance'],0.0,0.0,0.0,1.9,1.9
TMC1,9,72791934,NM_138691.3:c.1273G>A,NP_619636.2:p.Asp425Asn,0.447,25.7,['Unknown%20significance'],72.71,0.45,0.0,-0.3,0.3
TMC1,9,72791934,NM_138691.3:c.1273G>T,NP_619636.2:p.Asp425Tyr,0.666,25.8,['Unknown%20significance'],72.71,0.45,0.0,-1.1,1.1
TMC1,9,72791937,NM_138691.3:c.1276T>G,NP_619636.2:p.Leu426Val,0.218,16.81,['Unknown%20significance'],101.88,0.52,0.0,0.3,0.3
TMC1,9,72791938,NM_138691.3:c.1277T>C,NP_619636.2:p.Leu426Ser,0.424,23.7,['Unknown%20significance'],101.88,0.52,0.0,1.7,1.7
TMC1,9,72791940,NM_138691.3:c.1279T>C,NP_619636.2:p.Phe427Leu,0.328,22.9,['Unknown%20significance'],18.01,0.07,0.0,-0.6,0.6
TMC1,9,72791941,NM_138691.3:c.1280T>C,NP_619636.2:p.Phe427Ser,0.507,24.9,['Unknown%20significance'],18.01,0.07,0.0,3.4,3.4
TMC1,9,72791943,NM_138691.3:c.1282G>A,NP_619636.2:p.Ala428Thr,0.143,23.6,['Unknown%20significance'],3.59,0.02,0.0,0.4,0.4
TMC1,9,72791943,NM_138691.3:c.1282G>C,NP_619636.2:p.Ala428Pro,0.244,25.4,['Unknown%20significance'],3.59,0.02,0.0,1.1,1.1
TMC1,9,72791944,NM_138691.3:c.1283C>A,NP_619636.2:p.Ala428Asp,0.225,24.9,['Pathogenic'],3.59,0.02,0.0,1.8,1.8
TMC1,9,72791944,NM_138691.3:c.1283C>G,NP_619636.2:p.Ala428Gly,0.144,21.9,['Unknown%20significance'],3.59,0.02,0.0,1.4,1.4
TMC1,9,72791946,NM_138691.3:c.1285G>A,NP_619636.2:p.Glu429Lys,0.306,22.4,['Unknown%20significance'],145.35,0.74,0.0,-0.2,0.2
TMC1,9,72791947,NM_138691.3:c.1286A>G,NP_619636.2:p.Glu429Gly,0.258,22.7,['Unknown%20significance'],145.35,0.74,0.0,0.2,0.2
TMC1,9,72791952,NM_138691.3:c.1291G>A,NP_619636.2:p.Glu431Lys,0.786,28.0,['Unknown%20significance'],0.0,0.0,0.0,1.1,1.1
TMC1,9,72791954,NM_138691.3:c.1293A>C,NP_619636.2:p.Glu431Asp,0.825,23.0,['Unknown%20significance'],0.0,0.0,0.0,0.7,0.7
TMC1,9,72791955,NM_138691.3:c.1294G>T,NP_619636.2:p.Asp432Tyr,0.370,24.2,['Unknown%20significance'],52.06,0.32,0.0,-0.9,0.9
TMC1,9,72791956,NM_138691.3:c.1295A>C,NP_619636.2:p.Asp432Ala,0.326,23.1,['Unknown%20significance'],52.06,0.32,0.0,0.0,0.0
TMC1,9,72791956,NM_138691.3:c.1295A>T,NP_619636.2:p.Asp432Val,0.383,23.0,['Unknown%20significance'],52.06,0.32,0.0,-0.4,0.4
TMC1,9,72791959,NM_138691.3:c.1298A>G,NP_619636.2:p.Tyr433Cys,0.913,27.6,['Unknown%20significance'],27.91,0.11,0.0,3.4,3.4
TMC1,9,72791962,NM_138691.3:c.1301A>C,NP_619636.2:p.His434Pro,0.436,23.6,['Unknown%20significance'],58.05,0.28,0.0,0.9,0.9
TMC1,9,72791962,NM_138691.3:c.1301A>G,NP_619636.2:p.His434Arg,0.571,24.9,['Unknown%20significance'],58.05,0.28,0.0,0.2,0.2
TMC1,9,72791963,NM_138691.3:c.1302T>A,NP_619636.2:p.His434Gln,0.351,22.4,['Unknown%20significance'],58.05,0.28,0.0,0.4,0.4
TMC1,9,72791964,NM_138691.3:c.1303C>A,NP_619636.2:p.Pro435Thr,0.671,25.0,['Unknown%20significance'],4.8,0.03,0.0,1.0,1.0
TMC1,9,72791964,NM_138691.3:c.1303C>T,NP_619636.2:p.Pro435Ser,0.554,25.2,['Unknown%20significance'],4.8,0.03,0.0,1.3,1.3
TMC1,9,72791967,NM_138691.3:c.1306C>G,NP_619636.2:p.Leu436Val,0.071,22.6,['Unknown%20significance'],5.58,0.02,0.0,0.0,0.0
TMC1,9,72791967,NM_138691.3:c.1306C>T,NP_619636.2:p.Leu436Phe,0.090,23.1,['Unknown%20significance'],5.58,0.02,0.0,-0.0,0.0
TMC1,9,72791970,NM_138691.3:c.1309A>C,NP_619636.2:p.Ile437Leu,0.161,22.3,['Unknown%20significance'],86.09,0.43,0.0,0.1,0.1
TMC1,9,72791970,NM_138691.3:c.1309A>G,NP_619636.2:p.Ile437Val,0.044,19.40,['Unknown%20significance'],86.09,0.43,0.0,0.1,0.1
TMC1,9,72791970,NM_138691.3:c.1309A>T,NP_619636.2:p.Ile437Phe,0.142,23.6,['Unknown%20significance'],86.09,0.43,0.0,-0.2,0.2
TMC1,9,72791973,NM_138691.3:c.1312G>A,NP_619636.2:p.Ala438Thr,0.197,22.0,['Pathogenic'],17.93,0.14,0.0,-0.0,0.0
TMC1,9,72791973,NM_138691.3:c.1312G>T,NP_619636.2:p.Ala438Ser,0.240,23.7,['Unknown%20significance'],17.93,0.14,0.0,0.5,0.5
TMC1,9,72791982,NM_138691.3:c.1321T>C,NP_619636.2:p.Trp441Arg,0.496,29.0,['Unknown%20significance'],104.5,0.39,0.0,1.3,1.3
TMC1,9,72791985,NM_138691.3:c.1324C>G,NP_619636.2:p.Leu442Val,0.117,22.9,['Unknown%20significance'],15.69,0.08,0.0,0.1,0.1
TMC1,9,72791991,NM_138691.3:c.1330G>A,NP_619636.2:p.Gly444Arg,0.565,29.0,['Pathogenic'],29.37,0.3,0.0,-0.5,0.5
TMC1,9,72791992,NM_138691.3:c.1331G>A,NP_619636.2:p.Gly444Glu,0.389,24.1,['Unknown%20significance'],29.37,0.3,0.0,-0.2,0.2
TMC1,9,72791994,NM_138691.3:c.1333C>A,NP_619636.2:p.Arg445Ser,0.597,24.9,['Unknown%20significance'],8.35,0.03,0.0,2.1,2.1
TMC1,9,72791994,NM_138691.3:c.1333C>T,NP_619636.2:p.Arg445Cys,0.662,27.3,['Pathogenic'],8.35,0.03,0.0,0.8,0.8
TMC1,9,72791995,NM_138691.3:c.1334G>A,NP_619636.2:p.Arg445His,0.658,30,['Pathogenic'],8.35,0.03,0.0,0.8,0.8
TMC1,9,72791997,NM_138691.3:c.1336A>G,NP_619636.2:p.Ile446Val,0.186,21.3,['Unknown%20significance'],1.49,0.0,0.0,0.3,0.3
TMC1,9,72791998,NM_138691.3:c.1337T>C,NP_619636.2:p.Ile446Thr,0.428,26.1,['Unknown%20significance'],1.49,0.0,0.0,2.1,2.1
TMC1,9,72792003,NM_138691.3:c.1342G>A,NP_619636.2:p.Ala448Thr,0.349,27.1,['Unknown%20significance'],38.27,0.3,0.0,0.1,0.1
TMC1,9,72792004,NM_138691.3:c.1343C>A,NP_619636.2:p.Ala448Asp,0.617,25.6,['Unknown%20significance'],38.27,0.3,0.0,1.2,1.2
TMC1,9,72792004,NM_138691.3:c.1343C>G,NP_619636.2:p.Ala448Gly,0.401,25.1,['Unknown%20significance'],38.27,0.3,0.0,1.2,1.2
TMC1,9,72792007,NM_138691.3:c.1346T>C,NP_619636.2:p.Leu449Pro,0.786,28.3,['Unknown%20significance'],0.0,0.0,0.0,5.4,5.4
TMC1,9,72792009,NM_138691.3:c.1348C>T,NP_619636.2:p.Leu450Phe,0.119,18.74,['Unknown%20significance'],12.43,0.06,0.0,-0.2,0.2
TMC1,9,72792010,NM_138691.3:c.1349T>A,NP_619636.2:p.Leu450His,0.175,26.4,['Unknown%20significance'],12.43,0.06,0.0,1.6,1.6
TMC1,9,72792012,NM_138691.3:c.1351T>G,NP_619636.2:p.Leu451Val,0.641,23.1,['Unknown%20significance'],35.81,0.18,0.0,0.8,0.8
TMC1,9,72792015,NM_138691.3:c.1354G>T,NP_619636.2:p.Gly452Cys,0.585,27.4,['Unknown%20significance'],24.48,0.25,0.0,-0.8,0.8
TMC1,9,72792016,NM_138691.3:c.1355G>A,NP_619636.2:p.Gly452Asp,0.611,25.9,['Unknown%20significance'],24.48,0.25,0.0,0.4,0.4
TMC1,9,72792019,NM_138691.3:c.1358A>G,NP_619636.2:p.Asn453Ser,0.351,22.9,['Unknown%20significance'],0.0,0.0,0.0,-0.0,0.0
TMC1,9,72792023,NM_138691.3:c.1362A>T,NP_619636.2:p.Leu454Phe,0.377,19.56,['Unknown%20significance'],0.0,0.0,0.0,0.9,0.9
TMC1,9,72792024,NM_138691.3:c.1363T>C,NP_619636.2:p.Tyr455His,0.535,25.8,['Likely%20pathogenic'],68.07,0.28,0.0,1.3,1.3
TMC1,9,72792025,NM_138691.3:c.1364A>G,NP_619636.2:p.Tyr455Cys,0.541,26.4,['Unknown%20significance'],68.07,0.28,0.0,1.0,1.0
TMC1,9,72792027,NM_138691.3:c.1366G>A,NP_619636.2:p.Val456Ile,0.147,23.1,['Unknown%20significance'],34.92,0.2,0.0,0.1,0.1
TMC1,9,72792030,NM_138691.3:c.1369T>C,NP_619636.2:p.Phe457Leu,0.305,23.4,['Unknown%20significance'],0.0,0.0,0.0,-0.8,0.8
TMC1,9,72792030,NM_138691.3:c.1369T>G,NP_619636.2:p.Phe457Val,0.521,26.6,['Unknown%20significance'],0.0,0.0,0.0,0.6,0.6
TMC1,9,72792033,NM_138691.3:c.1372A>C,NP_619636.2:p.Ile458Leu,0.187,19.25,['Unknown%20significance'],9.51,0.04,0.0,0.1,0.1
TMC1,9,72792033,NM_138691.3:c.1372A>T,NP_619636.2:p.Ile458Phe,0.199,23.2,['Unknown%20significance'],9.51,0.04,0.0,0.8,0.8
TMC1,9,72792034,NM_138691.3:c.1373T>C,NP_619636.2:p.Ile458Thr,0.358,23.8,['Unknown%20significance'],9.51,0.04,0.0,3.2,3.2
TMC1,9,72792036,NM_138691.3:c.1375C>T,NP_619636.2:p.Leu459Phe,0.070,20.2,['Unknown%20significance'],113.75,0.58,0.0,-0.2,0.2
TMC1,9,72792039,NM_138691.3:c.1378G>A,NP_619636.2:p.Ala460Thr,0.343,25.6,['Unknown%20significance'],0.18,0.0,0.0,0.7,0.7
TMC1,9,72792039,NM_138691.3:c.1378G>T,NP_619636.2:p.Ala460Ser,0.265,27.1,['Unknown%20significance'],0.18,0.0,0.0,1.3,1.3
TMC1,9,72792040,NM_138691.3:c.1379C>G,NP_619636.2:p.Ala460Gly,0.295,22.3,['Unknown%20significance'],0.18,0.0,0.0,1.9,1.9
TMC1,9,72792040,NM_138691.3:c.1379C>T,NP_619636.2:p.Ala460Val,0.421,27.4,['Unknown%20significance'],0.18,0.0,0.0,-0.8,0.8
TMC1,9,72792045,NM_138691.3:c.1384A>G,NP_619636.2:p.Met462Val,0.176,23.0,['Unknown%20significance'],27.68,0.12,0.0,-0.0,0.0
TMC1,9,72792046,NM_138691.3:c.1385T>C,NP_619636.2:p.Met462Thr,0.289,23.8,['Unknown%20significance'],27.68,0.12,0.0,1.4,1.4
TMC1,9,72792047,NM_138691.3:c.1386G>A,NP_619636.2:p.Met462Ile,0.152,27.1,['Unknown%20significance'],27.68,0.12,0.0,-0.5,0.5
TMC1,9,72792048,NM_138691.3:c.1387G>A,NP_619636.2:p.Asp463Asn,0.342,32,['Unknown%20significance'],64.84,0.4,0.0,-0.2,0.2
TMC1,9,72792048,NM_138691.3:c.1387G>C,NP_619636.2:p.Asp463His,0.510,33,['Unknown%20significance'],64.84,0.4,0.0,-0.6,0.6
TMC1,9,72792050,NM_138691.3:c.1389T>A,NP_619636.2:p.Asp463Glu,0.160,22.6,['Unknown%20significance'],64.84,0.4,0.0,-0.2,0.2
TMC1,9,72792050,NM_138691.3:c.1389T>G,NP_619636.2:p.Asp463Glu,0.161,22.6,['Unknown%20significance'],64.84,0.4,0.0,-0.2,0.2
TMC1,9,72792057,NM_138691.3:c.1396A>G,NP_619636.2:p.Asn466Asp,0.199,22.8,['Unknown%20significance'],80.14,0.5,0.0,0.3,0.3
TMC1,9,72792059,NM_138691.3:c.1398C>G,NP_619636.2:p.Asn466Lys,0.222,22.9,['Unknown%20significance'],80.14,0.5,0.0,0.4,0.4
TMC1,9,72792060,NM_138691.3:c.1399A>C,NP_619636.2:p.Asn467His,0.129,21.7,['Likely%20benign'],85.07,0.53,0.0,-0.2,0.2
TMC1,9,72792060,NM_138691.3:c.1399A>G,NP_619636.2:p.Asn467Asp,0.138,19.32,['Likely%20benign'],85.07,0.53,0.0,0.2,0.2
TMC1,9,72792061,NM_138691.3:c.1400A>G,NP_619636.2:p.Asn467Ser,0.102,16.02,['Likely%20benign'],85.07,0.53,0.0,-0.1,0.1
TMC1,9,72792062,NM_138691.3:c.1401C>A,NP_619636.2:p.Asn467Lys,0.097,16.11,['Likely%20benign'],85.07,0.53,0.0,0.2,0.2
TMC1,9,72792064,NM_138691.3:c.1403A>G,NP_619636.2:p.Lys468Arg,0.301,32,['Unknown%20significance'],60.99,0.25,0.0,-0.7,0.7
TMC1,9,72792065,NM_138691.3:c.1404G>T,NP_619636.2:p.Lys468Asn,0.336,37,['Unknown%20significance'],60.99,0.25,0.0,-0.1,0.1
TMC1,9,72792191,NM_138691.3:c.1405A>G,NP_619636.2:p.Ile469Val,0.044,17.60,['Unknown%20significance'],13.7,0.06,0.0,0.2,0.2
TMC1,9,72792192,NM_138691.3:c.1406T>C,NP_619636.2:p.Ile469Thr,0.136,22.1,['Unknown%20significance'],13.7,0.06,0.0,0.8,0.8
TMC1,9,72792193,NM_138691.3:c.1407T>G,NP_619636.2:p.Ile469Met,0.051,14.18,['Likely%20benign'],13.7,0.06,0.0,0.3,0.3
TMC1,9,72792203,NM_138691.3:c.1417A>C,NP_619636.2:p.Lys473Gln,0.054,20.7,['Unknown%20significance'],124.74,0.52,0.0,-0.2,0.2
TMC1,9,72792203,NM_138691.3:c.1417A>G,NP_619636.2:p.Lys473Glu,0.077,19.96,['Unknown%20significance'],124.74,0.52,0.0,0.1,0.1
TMC1,9,72792204,NM_138691.3:c.1418A>C,NP_619636.2:p.Lys473Thr,0.093,22.3,['Unknown%20significance'],124.74,0.52,0.0,-0.2,0.2
TMC1,9,72792205,NM_138691.3:c.1419G>C,NP_619636.2:p.Lys473Asn,0.057,16.24,['Unknown%20significance'],124.74,0.52,0.0,-0.0,0.0
TMC1,9,72792205,NM_138691.3:c.1419G>T,NP_619636.2:p.Lys473Asn,0.057,16.26,['Unknown%20significance'],124.74,0.52,0.0,-0.0,0.0
TMC1,9,72792209,NM_138691.3:c.1423G>A,NP_619636.2:p.Val475Ile,0.161,17.76,['Unknown%20significance'],30.26,0.17,0.0,-0.1,0.1
TMC1,9,72792212,NM_138691.3:c.1426A>G,NP_619636.2:p.Lys476Glu,0.245,22.7,['Unknown%20significance'],101.28,0.42,0.0,-0.0,0.0
TMC1,9,72792213,NM_138691.3:c.1427A>G,NP_619636.2:p.Lys476Arg,0.104,21.6,['Unknown%20significance'],101.28,0.42,0.0,-0.5,0.5
TMC1,9,72792214,NM_138691.3:c.1428G>T,NP_619636.2:p.Lys476Asn,0.173,23.0,['Unknown%20significance'],101.28,0.42,0.0,-0.1,0.1
TMC1,9,72792216,NM_138691.3:c.1430C>A,NP_619636.2:p.Ala477Asp,0.160,19.21,['Likely%20benign'],55.48,0.43,0.0,0.6,0.6
TMC1,9,72792219,NM_138691.3:c.1433A>C,NP_619636.2:p.Asn478Thr,0.423,23.8,['Unknown%20significance'],88.91,0.55,0.0,-0.1,0.1
TMC1,9,72792219,NM_138691.3:c.1433A>G,NP_619636.2:p.Asn478Ser,0.409,24.9,['Unknown%20significance'],88.91,0.55,0.0,0.1,0.1
TMC1,9,72792221,NM_138691.3:c.1435A>G,NP_619636.2:p.Ile479Val,0.086,20.4,['Unknown%20significance'],5.93,0.03,0.0,0.4,0.4
TMC1,9,72792222,NM_138691.3:c.1436T>A,NP_619636.2:p.Ile479Asn,0.233,23.9,['Unknown%20significance'],5.93,0.03,0.0,2.4,2.4
TMC1,9,72792224,NM_138691.3:c.1438A>C,NP_619636.2:p.Thr480Pro,0.670,26.5,['Unknown%20significance'],74.0,0.47,0.0,0.5,0.5
TMC1,9,72792224,NM_138691.3:c.1438A>T,NP_619636.2:p.Thr480Ser,0.283,21.7,['Unknown%20significance'],74.0,0.47,0.0,0.4,0.4
TMC1,9,72792227,NM_138691.3:c.1441C>T,NP_619636.2:p.Leu481Phe,0.091,4.592,['Likely%20benign'],127.76,0.66,0.0,-0.2,0.2
TMC1,9,72792230,NM_138691.3:c.1444T>C,NP_619636.2:p.Trp482Arg,0.701,28.4,['Pathogenic'],55.62,0.21,0.0,2.8,2.8
TMC1,9,72792232,NM_138691.3:c.1446G>T,NP_619636.2:p.Trp482Cys,0.660,30,['Unknown%20significance'],55.62,0.21,0.0,2.8,2.8
TMC1,9,72792234,NM_138691.3:c.1448A>G,NP_619636.2:p.Glu483Gly,0.223,22.8,['Unknown%20significance'],68.76,0.35,0.0,0.5,0.5
TMC1,9,72792235,NM_138691.3:c.1449A>C,NP_619636.2:p.Glu483Asp,0.078,20.5,['Unknown%20significance'],68.76,0.35,0.0,0.2,0.2
TMC1,9,72792236,NM_138691.3:c.1450G>A,NP_619636.2:p.Ala484Thr,0.182,23.7,['Unknown%20significance'],62.27,0.48,0.0,0.0,0.0
TMC1,9,72792240,NM_138691.3:c.1454A>G,NP_619636.2:p.Asn485Ser,0.102,17.75,['Unknown%20significance'],97.82,0.61,0.0,0.0,0.0
TMC1,9,72792240,NM_138691.3:c.1454A>T,NP_619636.2:p.Asn485Ile,0.225,22.5,['Unknown%20significance'],97.82,0.61,0.0,-0.4,0.4
TMC1,9,72792242,NM_138691.3:c.1456A>G,NP_619636.2:p.Met486Val,0.057,18.55,['Unknown%20significance'],67.82,0.31,0.0,-0.1,0.1
TMC1,9,72792243,NM_138691.3:c.1457T>C,NP_619636.2:p.Met486Thr,0.047,21.1,['Benign'],67.82,0.31,0.0,0.7,0.7
TMC1,9,72792243,NM_138691.3:c.1457T>G,NP_619636.2:p.Met486Arg,0.183,22.5,['Unknown%20significance'],67.82,0.31,0.0,0.6,0.6
TMC1,9,72792246,NM_138691.3:c.1460T>G,NP_619636.2:p.Ile487Ser,0.387,22.6,['Unknown%20significance'],72.68,0.37,0.0,1.3,1.3
TMC1,9,72792252,NM_138691.3:c.1466C>T,NP_619636.2:p.Ala489Val,0.203,22.8,['Unknown%20significance'],71.2,0.55,0.0,-0.3,0.3
TMC1,9,72792255,NM_138691.3:c.1469A>G,NP_619636.2:p.Tyr490Cys,0.298,25.6,['Unknown%20significance'],69.05,0.28,0.0,2.0,2.0
TMC1,9,72792255,NM_138691.3:c.1469A>T,NP_619636.2:p.Tyr490Phe,0.125,21.1,['Unknown%20significance'],69.05,0.28,0.0,0.5,0.5
TMC1,9,72792257,NM_138691.3:c.1471A>G,NP_619636.2:p.Asn491Asp,0.203,23.4,['Unknown%20significance'],96.18,0.6,0.0,0.2,0.2
TMC1,9,72792257,NM_138691.3:c.1471A>T,NP_619636.2:p.Asn491Tyr,0.167,22.3,['Unknown%20significance'],96.18,0.6,0.0,-0.3,0.3
TMC1,9,72792258,NM_138691.3:c.1472A>G,NP_619636.2:p.Asn491Ser,0.143,20.8,['Unknown%20significance'],96.18,0.6,0.0,0.2,0.2
TMC1,9,72792260,NM_138691.3:c.1474G>A,NP_619636.2:p.Ala492Thr,0.057,21.9,['Unknown%20significance'],87.78,0.69,0.0,-0.0,0.0
TMC1,9,72792261,NM_138691.3:c.1475C>T,NP_619636.2:p.Ala492Val,0.056,6.283,['Unknown%20significance'],87.78,0.69,0.0,-0.2,0.2
TMC1,9,72792263,NM_138691.3:c.1477T>A,NP_619636.2:p.Ser493Thr,0.054,14.15,['Likely%20benign'],104.62,0.75,0.0,-0.1,0.1
TMC1,9,72792264,NM_138691.3:c.1478C>T,NP_619636.2:p.Ser493Leu,0.153,22.5,['Unknown%20significance'],104.62,0.75,0.0,-0.1,0.1
TMC1,9,72792268,NM_138691.3:c.1482C>A,NP_619636.2:p.Phe494Leu,0.072,4.099,['Likely%20benign'],69.88,0.3,0.0,-0.0,0.0
TMC1,9,72792268,NM_138691.3:c.1482C>G,NP_619636.2:p.Phe494Leu,0.072,3.887,['Likely%20benign'],69.88,0.3,0.0,-0.0,0.0
TMC1,9,72792273,NM_138691.3:c.1487A>G,NP_619636.2:p.Glu496Gly,0.087,17.49,['Unknown%20significance'],194.85,0.99,0.0,0.0,0.0
TMC1,9,72792276,NM_138691.3:c.1490A>G,NP_619636.2:p.Asn497Ser,0.179,19.23,['Unknown%20significance'],156.83,0.98,0.0,0.0,0.0
TMC1,9,72792278,NM_138691.3:c.1492A>G,NP_619636.2:p.Ser498Gly,0.096,17.67,['Likely%20benign'],59.28,0.42,0.0,0.7,0.7
TMC1,9,72792279,NM_138691.3:c.1493G>C,NP_619636.2:p.Ser498Thr,0.121,7.270,['Likely%20benign'],59.28,0.42,0.0,-0.2,0.2
TMC1,9,72792282,NM_138691.3:c.1496C>A,NP_619636.2:p.Thr499Asn,0.108,18.73,['Unknown%20significance'],165.5,1.0,0.0,0.1,0.1
TMC1,9,72792284,NM_138691.3:c.1498G>A,NP_619636.2:p.Gly500Arg,0.144,23.4,['Unknown%20significance'],31.58,0.33,0.0,-0.4,0.4
TMC1,9,72792285,NM_138691.3:c.1499G>A,NP_619636.2:p.Gly500Glu,0.113,22.1,['Unknown%20significance'],31.58,0.33,0.0,0.1,0.1
TMC1,9,72792285,NM_138691.3:c.1499G>T,NP_619636.2:p.Gly500Val,0.148,20.2,['Unknown%20significance'],31.58,0.33,0.0,-0.6,0.6
TMC1,9,72792287,NM_138691.3:c.1501C>G,NP_619636.2:p.Pro501Ala,0.072,1.718,['Likely%20benign'],96.18,0.61,0.0,0.1,0.1
TMC1,9,72792288,NM_138691.3:c.1502C>T,NP_619636.2:p.Pro501Leu,0.213,23.1,['Unknown%20significance'],96.18,0.61,0.0,-0.2,0.2
TMC1,9,72792290,NM_138691.3:c.1504C>T,NP_619636.2:p.Pro502Ser,0.235,20.8,['Unknown%20significance'],134.33,0.85,0.0,0.2,0.2
TMC1,9,72792291,NM_138691.3:c.1505C>A,NP_619636.2:p.Pro502His,0.284,24.6,['Unknown%20significance'],134.33,0.85,0.0,0.1,0.1
TMC1,9,72792291,NM_138691.3:c.1505C>G,NP_619636.2:p.Pro502Arg,0.268,22.8,['Unknown%20significance'],134.33,0.85,0.0,0.1,0.1
TMC1,9,72792291,NM_138691.3:c.1505C>T,NP_619636.2:p.Pro502Leu,0.234,21.8,['Unknown%20significance'],134.33,0.85,0.0,-0.0,0.0
TMC1,9,72792294,NM_138691.3:c.1508T>A,NP_619636.2:p.Phe503Tyr,0.116,14.39,['Unknown%20significance'],62.27,0.27,0.0,0.1,0.1
TMC1,9,72792299,NM_138691.3:c.1513G>C,NP_619636.2:p.Val505Leu,0.111,15.84,['Unknown%20significance'],25.71,0.14,0.0,-0.1,0.1
TMC1,9,72792302,NM_138691.3:c.1516C>T,NP_619636.2:p.His506Tyr,0.202,20.5,['Unknown%20significance'],100.17,0.48,0.0,-0.4,0.4
TMC1,9,72792309,NM_138691.3:c.1523C>A,NP_619636.2:p.Ala508Glu,0.373,25.2,['Unknown%20significance'],6.17,0.04,0.0,0.5,0.5
TMC1,9,72792312,NM_138691.3:c.1526A>G,NP_619636.2:p.Asp509Gly,0.585,25.8,['Unknown%20significance'],57.25,0.35,0.0,0.4,0.4
TMC1,9,72792315,NM_138691.3:c.1529T>C,NP_619636.2:p.Val510Ala,0.279,24.2,['Unknown%20significance'],28.51,0.16,0.0,0.8,0.8
TMC1,9,72792317,NM_138691.3:c.1531C>G,NP_619636.2:p.Pro511Ala,0.286,23.3,['Unknown%20significance'],62.58,0.39,0.0,-0.1,0.1
TMC1,9,72792317,NM_138691.3:c.1531C>T,NP_619636.2:p.Pro511Ser,0.278,25.0,['Unknown%20significance'],62.58,0.39,0.0,-0.1,0.1
TMC1,9,72792318,NM_138691.3:c.1532C>A,NP_619636.2:p.Pro511His,0.382,25.2,['Unknown%20significance'],62.58,0.39,0.0,-0.4,0.4
TMC1,9,72792318,NM_138691.3:c.1532C>T,NP_619636.2:p.Pro511Leu,0.385,25.1,['Pathogenic'],62.58,0.39,0.0,-0.6,0.6
TMC1,9,72792320,NM_138691.3:c.1534C>G,NP_619636.2:p.Arg512Gly,0.476,24.5,['Unknown%20significance'],37.82,0.14,0.0,1.7,1.7
TMC1,9,72792321,NM_138691.3:c.1535G>A,NP_619636.2:p.Arg512Gln,0.370,25.4,['Unknown%20significance'],37.82,0.14,0.0,0.4,0.4
TMC1,9,72792323,NM_138691.3:c.1537G>A,NP_619636.2:p.Gly513Arg,0.609,28.7,['Unknown%20significance'],2.59,0.02,0.0,-1.2,1.2
TMC1,9,72792323,NM_138691.3:c.1537G>C,NP_619636.2:p.Gly513Arg,0.609,28.5,['Unknown%20significance'],2.59,0.02,0.0,-1.2,1.2
TMC1,9,72792324,NM_138691.3:c.1538G>A,NP_619636.2:p.Gly513Glu,0.539,27.9,['Unknown%20significance'],2.59,0.02,0.0,-0.5,0.5
TMC1,9,72792326,NM_138691.3:c.1540C>G,NP_619636.2:p.Pro514Ala,0.410,23.1,['Unknown%20significance'],32.77,0.2,0.0,0.1,0.1
TMC1,9,72792327,NM_138691.3:c.1541C>T,NP_619636.2:p.Pro514Leu,0.512,22.7,['Pathogenic'],32.77,0.2,0.0,-0.8,0.8
TMC1,9,72792329,NM_138691.3:c.1543T>C,NP_619636.2:p.Cys515Arg,0.921,29.0,['Likely%20pathogenic'],11.17,0.07,0.0,3.4,3.4
TMC1,9,72792330,NM_138691.3:c.1544G>T,NP_619636.2:p.Cys515Phe,0.887,28.7,['Likely%20pathogenic'],11.17,0.07,0.0,2.9,2.9
TMC1,9,72792337,NM_138691.3:c.1551A>C,NP_619636.2:p.Glu517Asp,0.777,26.2,['Unknown%20significance'],0.0,0.0,0.0,0.5,0.5
TMC1,9,72792341,NM_138691.3:c.1555A>G,NP_619636.2:p.Met519Val,0.301,22.2,['Unknown%20significance'],25.44,0.11,0.0,0.0,0.0
TMC1,9,72792345,NM_138691.3:c.1559T>C,NP_619636.2:p.Val520Ala,0.815,27.4,['Unknown%20significance'],0.0,0.0,0.0,2.9,2.9
TMC1,9,72792347,NM_138691.3:c.1561G>A,NP_619636.2:p.Gly521Arg,0.797,31,['Unknown%20significance'],0.0,0.0,0.0,0.4,0.4
TMC1,9,72792347,NM_138691.3:c.1561G>C,NP_619636.2:p.Gly521Arg,0.797,28.3,['Unknown%20significance'],0.0,0.0,0.0,0.4,0.4
TMC1,9,72792348,NM_138691.3:c.1562G>C,NP_619636.2:p.Gly521Ala,0.746,26.5,['Unknown%20significance'],0.0,0.0,0.0,0.5,0.5
TMC1,9,72792348,NM_138691.3:c.1562G>T,NP_619636.2:p.Gly521Val,0.854,27.1,['Unknown%20significance'],0.0,0.0,0.0,0.3,0.3
TMC1,9,72792350,NM_138691.3:c.1564C>G,NP_619636.2:p.Gln522Glu,0.429,24.1,['Unknown%20significance'],9.45,0.04,0.0,1.0,1.0
TMC1,9,72792351,NM_138691.3:c.1565A>C,NP_619636.2:p.Gln522Pro,0.717,32,['Unknown%20significance'],9.45,0.04,0.0,1.6,1.6
TMC1,9,72792351,NM_138691.3:c.1565A>T,NP_619636.2:p.Gln522Leu,0.565,28.5,['Unknown%20significance'],9.45,0.04,0.0,-0.4,0.4
TMC1,9,72805385,NM_138691.3:c.1570T>C,NP_619636.2:p.Phe524Leu,0.343,25.0,['Unknown%20significance'],0.0,0.0,0.0,-0.4,0.4
TMC1,9,72805388,NM_138691.3:c.1573G>A,NP_619636.2:p.Val525Met,0.358,24.8,['Unknown%20significance'],0.0,0.0,0.0,0.4,0.4
TMC1,9,72805388,NM_138691.3:c.1573G>C,NP_619636.2:p.Val525Leu,0.252,23.8,['Unknown%20significance'],0.0,0.0,0.0,-0.2,0.2
TMC1,9,72805391,NM_138691.3:c.1576A>G,NP_619636.2:p.Arg526Gly,0.625,26.4,['Unknown%20significance'],21.64,0.08,0.0,2.5,2.5
TMC1,9,72805392,NM_138691.3:c.1577G>A,NP_619636.2:p.Arg526Lys,0.203,21.3,['Unknown%20significance'],21.64,0.08,0.0,1.0,1.0
TMC1,9,72805393,NM_138691.3:c.1578G>T,NP_619636.2:p.Arg526Ser,0.473,23.2,['Unknown%20significance'],21.64,0.08,0.0,1.9,1.9
TMC1,9,72805401,NM_138691.3:c.1586T>A,NP_619636.2:p.Val529Asp,0.820,31,['Unknown%20significance'],31.32,0.18,0.0,3.5,3.5
TMC1,9,72805403,NM_138691.3:c.1588T>C,NP_619636.2:p.Ser530Pro,0.647,25.5,['Unknown%20significance'],9.21,0.06,0.0,0.1,0.1
TMC1,9,72805404,NM_138691.3:c.1589C>G,NP_619636.2:p.Ser530Cys,0.485,24.4,['Unknown%20significance'],9.21,0.06,0.0,-1.2,1.2
TMC1,9,72805406,NM_138691.3:c.1591G>C,NP_619636.2:p.Asp531His,0.859,32,['Unknown%20significance'],25.44,0.15,0.0,-0.0,0.0
TMC1,9,72805407,NM_138691.3:c.1592A>T,NP_619636.2:p.Asp531Val,0.861,31,['Pathogenic'],25.44,0.15,0.0,-1.0,1.0
TMC1,9,72805408,NM_138691.3:c.1593T>A,NP_619636.2:p.Asp531Glu,0.693,24.3,['Unknown%20significance'],25.44,0.15,0.0,0.3,0.3
TMC1,9,72805408,NM_138691.3:c.1593T>G,NP_619636.2:p.Asp531Glu,0.687,24.5,['Unknown%20significance'],25.44,0.15,0.0,0.3,0.3
TMC1,9,72805409,NM_138691.3:c.1594G>A,NP_619636.2:p.Val532Ile,0.148,21.9,['Unknown%20significance'],26.23,0.15,0.0,-0.5,0.5
TMC1,9,72805415,NM_138691.3:c.1600A>G,NP_619636.2:p.Thr534Ala,0.191,23.8,['Unknown%20significance'],27.31,0.17,0.0,-0.1,0.1
TMC1,9,72805416,NM_138691.3:c.1601C>A,NP_619636.2:p.Thr534Asn,0.353,24.4,['Unknown%20significance'],27.31,0.17,0.0,1.1,1.1
TMC1,9,72805416,NM_138691.3:c.1601C>T,NP_619636.2:p.Thr534Ile,0.296,23.4,['Unknown%20significance'],27.31,0.17,0.0,-2.1,2.1
TMC1,9,72805418,NM_138691.3:c.1603A>C,NP_619636.2:p.Thr535Pro,0.562,28.4,['Unknown%20significance'],19.42,0.12,0.0,1.2,1.2
TMC1,9,72805419,NM_138691.3:c.1604C>T,NP_619636.2:p.Thr535Ile,0.541,25.6,['Unknown%20significance'],19.42,0.12,0.0,-1.4,1.4
TMC1,9,72805421,NM_138691.3:c.1606T>C,NP_619636.2:p.Tyr536His,0.620,29.7,['Unknown%20significance'],34.37,0.14,0.0,1.9,1.9
TMC1,9,72805421,NM_138691.3:c.1606T>G,NP_619636.2:p.Tyr536Asp,0.739,28.6,['Unknown%20significance'],34.37,0.14,0.0,3.4,3.4
TMC1,9,72805422,NM_138691.3:c.1607A>G,NP_619636.2:p.Tyr536Cys,0.517,27.7,['Unknown%20significance'],34.37,0.14,0.0,1.1,1.1
TMC1,9,72805424,NM_138691.3:c.1609G>A,NP_619636.2:p.Val537Ile,0.121,17.81,['Unknown%20significance'],73.04,0.42,0.0,-0.1,0.1
TMC1,9,72805428,NM_138691.3:c.1613C>T,NP_619636.2:p.Thr538Ile,0.503,26.1,['Unknown%20significance'],49.16,0.31,0.0,-1.3,1.3
TMC1,9,72805430,NM_138691.3:c.1615A>C,NP_619636.2:p.Ile539Leu,0.112,22.7,['Unknown%20significance'],9.08,0.04,0.0,0.4,0.4
TMC1,9,72805430,NM_138691.3:c.1615A>G,NP_619636.2:p.Ile539Val,0.242,23.4,['Unknown%20significance'],9.08,0.04,0.0,0.3,0.3
TMC1,9,72805430,NM_138691.3:c.1615A>T,NP_619636.2:p.Ile539Phe,0.501,26.3,['Unknown%20significance'],9.08,0.04,0.0,0.6,0.6
TMC1,9,72805436,NM_138691.3:c.1621A>T,NP_619636.2:p.Ile541Phe,0.391,24.3,['Unknown%20significance'],117.03,0.59,0.0,-0.2,0.2
TMC1,9,72805437,NM_138691.3:c.1622T>A,NP_619636.2:p.Ile541Asn,0.451,28.0,['Unknown%20significance'],117.03,0.59,0.0,1.4,1.4
TMC1,9,72805437,NM_138691.3:c.1622T>C,NP_619636.2:p.Ile541Thr,0.342,22.9,['Unknown%20significance'],117.03,0.59,0.0,0.9,0.9
TMC1,9,72805440,NM_138691.3:c.1625G>A,NP_619636.2:p.Gly542Glu,0.584,28.0,['Unknown%20significance'],18.08,0.18,0.0,0.4,0.4
TMC1,9,72805442,NM_138691.3:c.1627G>A,NP_619636.2:p.Asp543Asn,0.472,29.4,['Pathogenic'],16.17,0.1,0.0,-0.2,0.2
TMC1,9,72805444,NM_138691.3:c.1629C>G,NP_619636.2:p.Asp543Glu,0.429,23.7,['Unknown%20significance'],16.17,0.1,0.0,-0.2,0.2
TMC1,9,72805446,NM_138691.3:c.1631T>C,NP_619636.2:p.Phe544Ser,0.698,31,['Unknown%20significance'],84.63,0.36,0.0,3.0,3.0
TMC1,9,72805447,NM_138691.3:c.1632T>G,NP_619636.2:p.Phe544Leu,0.443,23.4,['Unknown%20significance'],84.63,0.36,0.0,0.9,0.9
TMC1,9,72805448,NM_138691.3:c.1633C>A,NP_619636.2:p.Leu545Ile,0.154,17.52,['Unknown%20significance'],102.67,0.53,0.0,0.1,0.1
TMC1,9,72805448,NM_138691.3:c.1633C>G,NP_619636.2:p.Leu545Val,0.113,19.68,['Unknown%20significance'],102.67,0.53,0.0,0.3,0.3
TMC1,9,72805452,NM_138691.3:c.1637G>A,NP_619636.2:p.Arg546Lys,0.360,24.3,['Unknown%20significance'],78.97,0.29,0.0,1.0,1.0
TMC1,9,72805457,NM_138691.3:c.1642T>C,NP_619636.2:p.Cys548Arg,0.449,27.5,['Unknown%20significance'],35.35,0.22,0.0,0.4,0.4
TMC1,9,72805459,NM_138691.3:c.1644T>G,NP_619636.2:p.Cys548Trp,0.372,23.9,['Unknown%20significance'],35.35,0.22,0.0,-0.9,0.9
TMC1,9,72805462,NM_138691.3:c.1647T>A,NP_619636.2:p.Phe549Leu,0.215,22.3,['Unknown%20significance'],67.64,0.29,0.0,0.1,0.1
TMC1,9,72805463,NM_138691.3:c.1648G>C,NP_619636.2:p.Val550Leu,0.480,27.3,['Unknown%20significance'],0.0,0.0,0.0,0.5,0.5
TMC1,9,72805463,NM_138691.3:c.1648G>T,NP_619636.2:p.Val550Leu,0.480,27.8,['Unknown%20significance'],0.0,0.0,0.0,0.5,0.5
TMC1,9,72805467,NM_138691.3:c.1652G>A,NP_619636.2:p.Arg551Lys,0.482,28.4,['Unknown%20significance'],121.12,0.44,0.0,0.7,0.7
TMC1,9,72805470,NM_138691.3:c.1655T>G,NP_619636.2:p.Phe552Cys,0.588,31,['Unknown%20significance'],146.12,0.63,0.0,0.6,0.6
TMC1,9,72805472,NM_138691.3:c.1657T>C,NP_619636.2:p.Cys553Arg,0.223,26.5,['Unknown%20significance'],57.84,0.37,0.0,0.8,0.8
TMC1,9,72805473,NM_138691.3:c.1658G>A,NP_619636.2:p.Cys553Tyr,0.194,24.6,['Unknown%20significance'],57.84,0.37,0.0,-0.1,0.1
TMC1,9,72805473,NM_138691.3:c.1658G>T,NP_619636.2:p.Cys553Phe,0.120,23.1,['Unknown%20significance'],57.84,0.37,0.0,-0.2,0.2
TMC1,9,72805475,NM_138691.3:c.1660A>T,NP_619636.2:p.Asn554Tyr,0.726,29.0,['Unknown%20significance'],18.92,0.11,0.0,-1.2,1.2
TMC1,9,72805476,NM_138691.3:c.1661A>G,NP_619636.2:p.Asn554Ser,0.382,23.8,['Unknown%20significance'],18.92,0.11,0.0,0.1,0.1
TMC1,9,72805478,NM_138691.3:c.1663T>G,NP_619636.2:p.Tyr555Asp,0.526,23.4,['Unknown%20significance'],165.3,0.68,0.0,0.7,0.7
TMC1,9,72805483,NM_138691.3:c.1668C>G,NP_619636.2:p.Cys556Trp,0.597,24.6,['Unknown%20significance'],139.54,0.9,0.0,0.0,0.0
TMC1,9,72805485,NM_138691.3:c.1670G>C,NP_619636.2:p.Trp557Ser,0.577,32,['Unknown%20significance'],111.99,0.42,0.0,2.1,2.1
TMC1,9,72805486,NM_138691.3:c.1671G>C,NP_619636.2:p.Trp557Cys,0.565,26.6,['Unknown%20significance'],111.99,0.42,0.0,1.1,1.1
TMC1,9,72805486,NM_138691.3:c.1671G>T,NP_619636.2:p.Trp557Cys,0.565,26.6,['Unknown%20significance'],111.99,0.42,0.0,1.1,1.1
TMC1,9,72805487,NM_138691.3:c.1672T>C,NP_619636.2:p.Cys558Arg,0.715,28.9,['Unknown%20significance'],130.89,0.84,0.0,0.2,0.2
TMC1,9,72805487,NM_138691.3:c.1672T>G,NP_619636.2:p.Cys558Gly,0.649,32,['Unknown%20significance'],130.89,0.84,0.0,0.5,0.5
TMC1,9,72805492,NM_138691.3:c.1677G>T,NP_619636.2:p.Trp559Cys,0.692,32,['Unknown%20significance'],145.66,0.55,0.0,1.4,1.4
TMC1,9,72805493,NM_138691.3:c.1678G>A,NP_619636.2:p.Asp560Asn,0.460,29.5,['Unknown%20significance'],72.08,0.45,0.0,-0.0,0.0
TMC1,9,72805494,NM_138691.3:c.1679A>G,NP_619636.2:p.Asp560Gly,0.676,31,['Unknown%20significance'],72.08,0.45,0.0,0.6,0.6
TMC1,9,72805494,NM_138691.3:c.1679A>T,NP_619636.2:p.Asp560Val,0.672,29.9,['Unknown%20significance'],72.08,0.45,0.0,-0.4,0.4
TMC1,9,72805496,NM_138691.3:c.1681T>A,NP_619636.2:p.Leu561Met,0.383,23.3,['Unknown%20significance'],0.0,0.0,0.0,1.1,1.1
TMC1,9,72805497,NM_138691.3:c.1682T>G,NP_619636.2:p.Leu561Trp,0.610,29.1,['Unknown%20significance'],0.0,0.0,0.0,1.1,1.1
TMC1,9,72805499,NM_138691.3:c.1684G>A,NP_619636.2:p.Glu562Lys,0.526,27.4,['Unknown%20significance'],40.42,0.2,0.0,0.6,0.6
TMC1,9,72805499,NM_138691.3:c.1684G>C,NP_619636.2:p.Glu562Gln,0.434,26.3,['Unknown%20significance'],40.42,0.2,0.0,-0.1,0.1
TMC1,9,72805500,NM_138691.3:c.1685A>T,NP_619636.2:p.Glu562Val,0.537,28.6,['Unknown%20significance'],40.42,0.2,0.0,-0.0,0.0
TMC1,9,72805502,NM_138691.3:c.1687T>C,NP_619636.2:p.Tyr563His,0.239,23.7,['Unknown%20significance'],210.29,0.87,0.0,0.2,0.2
TMC1,9,72805503,NM_138691.3:c.1688A>G,NP_619636.2:p.Tyr563Cys,0.223,25.6,['Unknown%20significance'],210.29,0.87,0.0,0.3,0.3
TMC1,9,72805503,NM_138691.3:c.1688A>T,NP_619636.2:p.Tyr563Phe,0.210,23.2,['Unknown%20significance'],210.29,0.87,0.0,0.0,0.0
TMC1,9,72805506,NM_138691.3:c.1691G>C,NP_619636.2:p.Gly564Ala,0.469,25.7,['Unknown%20significance'],30.73,0.32,0.0,-0.2,0.2
TMC1,9,72805508,NM_138691.3:c.1693T>C,NP_619636.2:p.Tyr565His,0.367,26.0,['Unknown%20significance'],191.99,0.8,0.0,0.5,0.5
TMC1,9,72805509,NM_138691.3:c.1694A>T,NP_619636.2:p.Tyr565Phe,0.135,18.26,['Unknown%20significance'],191.99,0.8,0.0,-0.1,0.1
TMC1,9,72816143,NM_138691.3:c.1696C>G,NP_619636.2:p.Pro566Ala,0.345,25.9,['Likely%20pathogenic'],29.73,0.18,0.0,0.5,0.5
TMC1,9,72816143,NM_138691.3:c.1696C>T,NP_619636.2:p.Pro566Ser,0.373,29.4,['Unknown%20significance'],29.73,0.18,0.0,0.7,0.7
TMC1,9,72816146,NM_138691.3:c.1699T>G,NP_619636.2:p.Ser567Ala,0.247,25.0,['Unknown%20significance'],36.83,0.26,0.0,-0.2,0.2
TMC1,9,72816150,NM_138691.3:c.1703A>G,NP_619636.2:p.Tyr568Cys,0.456,26.5,['Unknown%20significance'],39.97,0.16,0.0,1.9,1.9
TMC1,9,72816152,NM_138691.3:c.1705A>G,NP_619636.2:p.Thr569Ala,0.118,16.94,['Unknown%20significance'],35.79,0.22,0.0,0.2,0.2
TMC1,9,72816153,NM_138691.3:c.1706C>A,NP_619636.2:p.Thr569Asn,0.116,21.1,['Unknown%20significance'],35.79,0.22,0.0,0.2,0.2
TMC1,9,72816155,NM_138691.3:c.1708G>A,NP_619636.2:p.Glu570Lys,0.555,32,['Unknown%20significance'],73.75,0.37,0.0,0.3,0.3
TMC1,9,72816158,NM_138691.3:c.1711T>C,NP_619636.2:p.Phe571Leu,0.765,28.6,['Unknown%20significance'],3.13,0.01,0.0,2.4,2.4
TMC1,9,72816158,NM_138691.3:c.1711T>G,NP_619636.2:p.Phe571Val,0.811,27.7,['Unknown%20significance'],3.13,0.01,0.0,3.0,3.0
TMC1,9,72816159,NM_138691.3:c.1712T>C,NP_619636.2:p.Phe571Ser,0.842,32,['Unknown%20significance'],3.13,0.01,0.0,5.3,5.3
TMC1,9,72816161,NM_138691.3:c.1714G>A,NP_619636.2:p.Asp572Asn,0.465,32,['Likely%20pathogenic'],57.72,0.36,0.0,-0.1,0.1
TMC1,9,72816161,NM_138691.3:c.1714G>C,NP_619636.2:p.Asp572His,0.577,32,['Pathogenic'],57.72,0.36,0.0,-0.4,0.4
TMC1,9,72816162,NM_138691.3:c.1715A>G,NP_619636.2:p.Asp572Gly,0.622,31,['Unknown%20significance'],57.72,0.36,0.0,0.5,0.5
TMC1,9,72816165,NM_138691.3:c.1718T>A,NP_619636.2:p.Ile573Asn,0.766,28.4,['Unknown%20significance'],0.0,0.0,0.0,4.3,4.3
TMC1,9,72816168,NM_138691.3:c.1721G>C,NP_619636.2:p.Ser574Thr,0.349,26.2,['Unknown%20significance'],0.71,0.0,0.0,-0.4,0.4
TMC1,9,72816170,NM_138691.3:c.1723G>A,NP_619636.2:p.Gly575Ser,0.310,27.7,['Unknown%20significance'],12.46,0.13,0.0,-0.6,0.6
TMC1,9,72816171,NM_138691.3:c.1724G>A,NP_619636.2:p.Gly575Asp,0.383,24.7,['Unknown%20significance'],12.46,0.13,0.0,-0.2,0.2
TMC1,9,72816174,NM_138691.3:c.1727A>G,NP_619636.2:p.Asn576Ser,0.595,26.6,['Unknown%20significance'],24.36,0.15,0.0,0.7,0.7
TMC1,9,72816175,NM_138691.3:c.1728C>G,NP_619636.2:p.Asn576Lys,0.500,18.92,['Likely%20pathogenic'],24.36,0.15,0.0,0.9,0.9
TMC1,9,72816176,NM_138691.3:c.1729G>A,NP_619636.2:p.Val577Ile,0.357,25.1,['Unknown%20significance'],0.0,0.0,0.0,0.6,0.6
TMC1,9,72816182,NM_138691.3:c.1735G>A,NP_619636.2:p.Ala579Thr,0.288,26.0,['Unknown%20significance'],22.64,0.17,0.0,0.3,0.3
TMC1,9,72816183,NM_138691.3:c.1736C>T,NP_619636.2:p.Ala579Val,0.280,24.4,['Unknown%20significance'],22.64,0.17,0.0,-0.7,0.7
TMC1,9,72816185,NM_138691.3:c.1738C>G,NP_619636.2:p.Leu580Val,0.624,24.0,['Unknown%20significance'],1.26,0.0,0.0,1.4,1.4
TMC1,9,72816188,NM_138691.3:c.1741A>C,NP_619636.2:p.Ile581Leu,0.424,26.4,['Unknown%20significance'],0.0,0.0,0.0,1.2,1.2
TMC1,9,72816189,NM_138691.3:c.1742T>G,NP_619636.2:p.Ile581Ser,0.764,31,['Unknown%20significance'],0.0,0.0,0.0,5.2,5.2
TMC1,9,72816192,NM_138691.3:c.1745T>G,NP_619636.2:p.Phe582Cys,0.703,32,['Unknown%20significance'],9.96,0.04,0.0,2.7,2.7
TMC1,9,72816193,NM_138691.3:c.1746C>G,NP_619636.2:p.Phe582Leu,0.470,28.7,['Unknown%20significance'],9.96,0.04,0.0,1.2,1.2
TMC1,9,72816195,NM_138691.3:c.1748A>T,NP_619636.2:p.Asn583Ile,0.620,29.3,['Unknown%20significance'],0.0,0.0,0.0,-1.2,1.2
TMC1,9,72816197,NM_138691.3:c.1750C>A,NP_619636.2:p.Gln584Lys,0.643,26.1,['Unknown%20significance'],0.0,0.0,0.0,1.2,1.2
TMC1,9,72816198,NM_138691.3:c.1751A>G,NP_619636.2:p.Gln584Arg,0.724,24.6,['Unknown%20significance'],0.0,0.0,0.0,0.3,0.3
TMC1,9,72816200,NM_138691.3:c.1753G>C,NP_619636.2:p.Gly585Arg,0.601,31,['Unknown%20significance'],0.0,0.0,0.0,-0.7,0.7
TMC1,9,72816200,NM_138691.3:c.1753G>T,NP_619636.2:p.Gly585Cys,0.581,32,['Unknown%20significance'],0.0,0.0,0.0,-1.4,1.4
TMC1,9,72816201,NM_138691.3:c.1754G>A,NP_619636.2:p.Gly585Asp,0.594,29.0,['Unknown%20significance'],0.0,0.0,0.0,0.5,0.5
TMC1,9,72816203,NM_138691.3:c.1756A>G,NP_619636.2:p.Met586Val,0.517,25.8,['Unknown%20significance'],1.87,0.0,0.0,-0.2,0.2
TMC1,9,72816203,NM_138691.3:c.1756A>T,NP_619636.2:p.Met586Leu,0.374,26.6,['Unknown%20significance'],1.87,0.0,0.0,-1.0,1.0
TMC1,9,72816209,NM_138691.3:c.1762T>A,NP_619636.2:p.Trp588Arg,0.788,33,['Unknown%20significance'],0.31,0.0,0.0,6.0,6.0
TMC1,9,72816209,NM_138691.3:c.1762T>C,NP_619636.2:p.Trp588Arg,0.788,33,['Unknown%20significance'],0.31,0.0,0.0,6.0,6.0
TMC1,9,72816210,NM_138691.3:c.1763G>T,NP_619636.2:p.Trp588Leu,0.608,36,['Unknown%20significance'],0.31,0.0,0.0,3.3,3.3
TMC1,9,72820843,NM_138691.3:c.1765A>G,NP_619636.2:p.Met589Val,0.575,29.3,['Pathogenic'],0.0,0.0,0.0,-0.5,0.5
TMC1,9,72820844,NM_138691.3:c.1766T>C,NP_619636.2:p.Met589Thr,0.680,26.4,['Unknown%20significance'],0.0,0.0,0.0,2.4,2.4
TMC1,9,72820846,NM_138691.3:c.1768G>A,NP_619636.2:p.Gly590Ser,0.896,29.0,['Unknown%20significance'],0.0,0.0,0.0,1.4,1.4
TMC1,9,72820847,NM_138691.3:c.1769G>C,NP_619636.2:p.Gly590Ala,0.875,27.4,['Unknown%20significance'],0.0,0.0,0.0,0.2,0.2
TMC1,9,72820847,NM_138691.3:c.1769G>T,NP_619636.2:p.Gly590Val,0.895,28.2,['Unknown%20significance'],0.0,0.0,0.0,-0.4,0.4
TMC1,9,72820854,NM_138691.3:c.1776C>G,NP_619636.2:p.Phe592Leu,0.470,25.7,['Unknown%20significance'],3.48,0.01,0.0,1.1,1.1
TMC1,9,72820855,NM_138691.3:c.1777T>G,NP_619636.2:p.Phe593Val,0.662,25.2,['Unknown%20significance'],0.0,0.0,0.0,2.7,2.7
TMC1,9,72820859,NM_138691.3:c.1781C>A,NP_619636.2:p.Ala594Asp,0.699,27.6,['Unknown%20significance'],0.0,0.0,0.0,2.5,2.5
TMC1,9,72820861,NM_138691.3:c.1783C>A,NP_619636.2:p.Pro595Thr,0.936,26.0,['Unknown%20significance'],0.0,0.0,0.0,2.1,2.1
TMC1,9,72820862,NM_138691.3:c.1784C>T,NP_619636.2:p.Pro595Leu,0.921,27.2,['Unknown%20significance'],0.0,0.0,0.0,-0.2,0.2
TMC1,9,72820866,NM_138691.3:c.1788C>A,NP_619636.2:p.Ser596Arg,0.340,22.8,['Likely%20pathogenic'],5.14,0.03,0.0,-0.9,0.9
TMC1,9,72820867,NM_138691.3:c.1789C>T,NP_619636.2:p.Leu597Phe,0.840,25.8,['Unknown%20significance'],0.0,0.0,0.0,1.5,1.5
TMC1,9,72820868,NM_138691.3:c.1790T>C,NP_619636.2:p.Leu597Pro,0.954,31,['Unknown%20significance'],0.0,0.0,0.0,5.3,5.3
TMC1,9,72820870,NM_138691.3:c.1792C>T,NP_619636.2:p.Pro598Ser,0.402,24.0,['Unknown%20significance'],0.0,0.0,0.0,2.1,2.1
TMC1,9,72820871,NM_138691.3:c.1793C>T,NP_619636.2:p.Pro598Leu,0.350,23.1,['Unknown%20significance'],0.0,0.0,0.0,-0.8,0.8
TMC1,9,72820873,NM_138691.3:c.1795G>A,NP_619636.2:p.Gly599Ser,0.291,28.8,['Unknown%20significance'],8.51,0.08,0.0,-0.4,0.4
TMC1,9,72820873,NM_138691.3:c.1795G>T,NP_619636.2:p.Gly599Cys,0.397,32,['Unknown%20significance'],8.51,0.08,0.0,-1.5,1.5
TMC1,9,72820874,NM_138691.3:c.1796G>A,NP_619636.2:p.Gly599Asp,0.365,25.4,['Unknown%20significance'],8.51,0.08,0.0,0.6,0.6
TMC1,9,72820876,NM_138691.3:c.1798A>G,NP_619636.2:p.Ile600Val,0.067,20.6,['Unknown%20significance'],26.81,0.13,0.0,0.5,0.5
TMC1,9,72820877,NM_138691.3:c.1799T>A,NP_619636.2:p.Ile600Asn,0.818,28.8,['Unknown%20significance'],26.81,0.13,0.0,3.6,3.6
TMC1,9,72820877,NM_138691.3:c.1799T>G,NP_619636.2:p.Ile600Ser,0.798,29.5,['Unknown%20significance'],26.81,0.13,0.0,3.6,3.6
TMC1,9,72820878,NM_138691.3:c.1800C>G,NP_619636.2:p.Ile600Met,0.356,24.4,['Unknown%20significance'],26.81,0.13,0.0,1.1,1.1
TMC1,9,72820880,NM_138691.3:c.1802A>G,NP_619636.2:p.Asn601Ser,0.538,26.1,['Unknown%20significance'],0.0,0.0,0.0,0.2,0.2
TMC1,9,72820881,NM_138691.3:c.1803T>A,NP_619636.2:p.Asn601Lys,0.456,21.9,['Unknown%20significance'],0.0,0.0,0.0,0.5,0.5
TMC1,9,72820882,NM_138691.3:c.1804A>G,NP_619636.2:p.Ile602Val,0.103,17.03,['Unknown%20significance'],16.15,0.08,0.0,0.2,0.2
TMC1,9,72820883,NM_138691.3:c.1805T>G,NP_619636.2:p.Ile602Ser,0.429,29.2,['Unknown%20significance'],16.15,0.08,0.0,3.2,3.2
TMC1,9,72820886,NM_138691.3:c.1808T>A,NP_619636.2:p.Leu603His,0.643,27.8,['Pathogenic'],128.97,0.66,0.0,1.2,1.2
TMC1,9,72820888,NM_138691.3:c.1810C>G,NP_619636.2:p.Arg604Gly,0.512,26.2,['Pathogenic'],5.6,0.02,0.0,2.3,2.3
TMC1,9,72820889,NM_138691.3:c.1811G>A,NP_619636.2:p.Arg604Gln,0.432,32,['Unknown%20significance'],5.6,0.02,0.0,0.7,0.7
TMC1,9,72820889,NM_138691.3:c.1811G>C,NP_619636.2:p.Arg604Pro,0.594,32,['Unknown%20significance'],5.6,0.02,0.0,1.7,1.7
TMC1,9,72820889,NM_138691.3:c.1811G>T,NP_619636.2:p.Arg604Leu,0.592,32,['Unknown%20significance'],5.6,0.02,0.0,-1.3,1.3
TMC1,9,72820892,NM_138691.3:c.1814T>C,NP_619636.2:p.Leu605Pro,0.880,32,['Pathogenic'],0.0,0.0,0.0,5.2,5.2
TMC1,9,72820895,NM_138691.3:c.1817A>C,NP_619636.2:p.His606Pro,0.331,25.3,['Unknown%20significance'],64.33,0.31,0.0,0.4,0.4
TMC1,9,72820898,NM_138691.3:c.1820C>T,NP_619636.2:p.Thr607Ile,0.337,22.8,['Unknown%20significance'],62.17,0.39,0.0,-2.1,2.1
TMC1,9,72820901,NM_138691.3:c.1823C>A,NP_619636.2:p.Ser608Tyr,0.582,26.5,['Unknown%20significance'],1.51,0.01,0.0,-3.0,3.0
TMC1,9,72820907,NM_138691.3:c.1829A>G,NP_619636.2:p.Tyr610Cys,0.908,29.9,['Unknown%20significance'],109.69,0.45,0.0,1.9,1.9
TMC1,9,72820915,NM_138691.3:c.1837T>C,NP_619636.2:p.Cys613Arg,0.405,26.1,['Unknown%20significance'],7.75,0.05,0.0,-0.3,0.3
TMC1,9,72820916,NM_138691.3:c.1838G>T,NP_619636.2:p.Cys613Phe,0.445,29.0,['Unknown%20significance'],7.75,0.05,0.0,-1.1,1.1
TMC1,9,72820917,NM_138691.3:c.1839C>G,NP_619636.2:p.Cys613Trp,0.414,25.3,['Unknown%20significance'],7.75,0.05,0.0,-1.1,1.1
TMC1,9,72820921,NM_138691.3:c.1843G>A,NP_619636.2:p.Ala615Thr,0.418,25.5,['Unknown%20significance'],0.0,0.0,0.0,0.3,0.3
TMC1,9,72820922,NM_138691.3:c.1844C>T,NP_619636.2:p.Ala615Val,0.597,26.9,['Unknown%20significance'],0.0,0.0,0.0,-0.7,0.7
TMC1,9,72820924,NM_138691.3:c.1846G>A,NP_619636.2:p.Val616Ile,0.350,26.6,['Unknown%20significance'],0.0,0.0,0.0,0.1,0.1
TMC1,9,72820925,NM_138691.3:c.1847T>C,NP_619636.2:p.Val616Ala,0.695,27.5,['Unknown%20significance'],0.0,0.0,0.0,2.7,2.7
TMC1,9,72820925,NM_138691.3:c.1847T>G,NP_619636.2:p.Val616Gly,0.851,32,['Unknown%20significance'],0.0,0.0,0.0,4.6,4.6
TMC1,9,72820927,NM_138691.3:c.1849A>C,NP_619636.2:p.Met617Leu,0.311,23.4,['Unknown%20significance'],54.46,0.25,0.0,-0.3,0.3
TMC1,9,72820927,NM_138691.3:c.1849A>G,NP_619636.2:p.Met617Val,0.573,25.3,['Unknown%20significance'],54.46,0.25,0.0,0.2,0.2
TMC1,9,72820927,NM_138691.3:c.1849A>T,NP_619636.2:p.Met617Leu,0.311,23.4,['Unknown%20significance'],54.46,0.25,0.0,-0.3,0.3
TMC1,9,72820928,NM_138691.3:c.1850T>C,NP_619636.2:p.Met617Thr,0.564,26.3,['Unknown%20significance'],54.46,0.25,0.0,1.5,1.5
TMC1,9,72820928,NM_138691.3:c.1850T>G,NP_619636.2:p.Met617Arg,0.718,28.3,['Unknown%20significance'],54.46,0.25,0.0,1.6,1.6
TMC1,9,72820929,NM_138691.3:c.1851G>C,NP_619636.2:p.Met617Ile,0.390,26.7,['Unknown%20significance'],54.46,0.25,0.0,-0.1,0.1
TMC1,9,72820931,NM_138691.3:c.1853G>A,NP_619636.2:p.Cys618Tyr,0.375,26.8,['Unknown%20significance'],101.06,0.65,0.0,-0.2,0.2
TMC1,9,72820931,NM_138691.3:c.1853G>T,NP_619636.2:p.Cys618Phe,0.407,26.9,['Unknown%20significance'],101.06,0.65,0.0,-0.2,0.2
TMC1,9,72820934,NM_138691.3:c.1856G>A,NP_619636.2:p.Cys619Tyr,0.527,27.9,['Unknown%20significance'],1.7,0.01,0.0,0.4,0.4
TMC1,9,72820936,NM_138691.3:c.1858A>G,NP_619636.2:p.Asn620Asp,0.457,27.6,['Unknown%20significance'],11.88,0.07,0.0,0.7,0.7
TMC1,9,72820937,NM_138691.3:c.1859A>G,NP_619636.2:p.Asn620Ser,0.354,25.2,['Unknown%20significance'],11.88,0.07,0.0,0.1,0.1
TMC1,9,72820937,NM_138691.3:c.1859A>T,NP_619636.2:p.Asn620Ile,0.497,27.7,['Unknown%20significance'],11.88,0.07,0.0,-1.0,1.0
TMC1,9,72820939,NM_138691.3:c.1861G>A,NP_619636.2:p.Val621Ile,0.296,24.7,['Unknown%20significance'],64.7,0.37,0.0,0.2,0.2
TMC1,9,72820940,NM_138691.3:c.1862T>C,NP_619636.2:p.Val621Ala,0.468,27.9,['Unknown%20significance'],64.7,0.37,0.0,0.9,0.9
TMC1,9,72820942,NM_138691.3:c.1864C>G,NP_619636.2:p.Pro622Ala,0.579,25.1,['Unknown%20significance'],29.99,0.19,0.0,1.3,1.3
TMC1,9,72820943,NM_138691.3:c.1865C>T,NP_619636.2:p.Pro622Leu,0.645,27.4,['Unknown%20significance'],29.99,0.19,0.0,1.0,1.0
TMC1,9,72820945,NM_138691.3:c.1867G>A,NP_619636.2:p.Glu623Lys,0.172,27.6,['Unknown%20significance'],23.7,0.12,0.0,0.5,0.5
TMC1,9,72820952,NM_138691.3:c.1874G>C,NP_619636.2:p.Arg625Thr,0.708,28.5,['Unknown%20significance'],137.44,0.51,0.0,0.5,0.5
TMC1,9,72820954,NM_138691.3:c.1876G>A,NP_619636.2:p.Val626Ile,0.290,26.7,['Unknown%20significance'],0.0,0.0,0.0,-0.2,0.2
TMC1,9,72820962,NM_138691.3:c.1884A>T,NP_619636.2:p.Lys628Asn,0.501,23.7,['Unknown%20significance'],102.93,0.43,0.0,0.2,0.2
TMC1,9,72820963,NM_138691.3:c.1885G>A,NP_619636.2:p.Ala629Thr,0.699,25.5,['Unknown%20significance'],6.66,0.05,0.0,0.7,0.7
TMC1,9,72820964,NM_138691.3:c.1886C>A,NP_619636.2:p.Ala629Asp,0.804,26.2,['Unknown%20significance'],6.66,0.05,0.0,1.5,1.5
TMC1,9,72820964,NM_138691.3:c.1886C>G,NP_619636.2:p.Ala629Gly,0.620,26.0,['Unknown%20significance'],6.66,0.05,0.0,1.5,1.5
TMC1,9,72820964,NM_138691.3:c.1886C>T,NP_619636.2:p.Ala629Val,0.656,26.3,['Unknown%20significance'],6.66,0.05,0.0,0.5,0.5
TMC1,9,72820969,NM_138691.3:c.1891A>G,NP_619636.2:p.Arg631Gly,0.296,21.7,['Unknown%20significance'],101.13,0.37,0.0,1.0,1.0
TMC1,9,72820975,NM_138691.3:c.1897A>G,NP_619636.2:p.Asn633Asp,0.323,23.9,['Unknown%20significance'],28.63,0.17,0.0,0.4,0.4
TMC1,9,72820976,NM_138691.3:c.1898A>G,NP_619636.2:p.Asn633Ser,0.335,23.6,['Unknown%20significance'],28.63,0.17,0.0,0.1,0.1
TMC1,9,72820978,NM_138691.3:c.1900A>G,NP_619636.2:p.Asn634Asp,0.478,25.5,['Unknown%20significance'],28.13,0.17,0.0,0.6,0.6
TMC1,9,72820979,NM_138691.3:c.1901A>C,NP_619636.2:p.Asn634Thr,0.235,22.6,['Unknown%20significance'],28.13,0.17,0.0,-0.7,0.7
TMC1,9,72820979,NM_138691.3:c.1901A>G,NP_619636.2:p.Asn634Ser,0.267,22.5,['Unknown%20significance'],28.13,0.17,0.0,0.1,0.1
TMC1,9,72820980,NM_138691.3:c.1902C>A,NP_619636.2:p.Asn634Lys,0.422,17.10,['Unknown%20significance'],28.13,0.17,0.0,0.6,0.6
TMC1,9,72820980,NM_138691.3:c.1902C>G,NP_619636.2:p.Asn634Lys,0.422,17.18,['Unknown%20significance'],28.13,0.17,0.0,0.6,0.6
TMC1,9,72820984,NM_138691.3:c.1906T>C,NP_619636.2:p.Tyr636His,0.788,28.4,['Unknown%20significance'],0.0,0.0,0.0,3.1,3.1
TMC1,9,72820990,NM_138691.3:c.1912G>A,NP_619636.2:p.Gly638Ser,0.105,21.7,['Unknown%20significance'],23.85,0.25,0.0,-0.4,0.4
TMC1,9,72820991,NM_138691.3:c.1913G>A,NP_619636.2:p.Gly638Asp,0.350,25.1,['Unknown%20significance'],23.85,0.25,0.0,0.5,0.5
TMC1,9,72820994,NM_138691.3:c.1916T>A,NP_619636.2:p.Met639Lys,0.679,26.7,['Unknown%20significance'],11.73,0.05,0.0,3.8,3.8
TMC1,9,72820997,NM_138691.3:c.1919T>G,NP_619636.2:p.Leu640Arg,0.939,28.5,['Unknown%20significance'],0.0,0.0,0.0,5.2,5.2
TMC1,9,72821000,NM_138691.3:c.1922T>C,NP_619636.2:p.Leu641Pro,0.901,29.5,['Unknown%20significance'],12.73,0.06,0.0,5.0,5.0
TMC1,9,72821002,NM_138691.3:c.1924C>G,NP_619636.2:p.Leu642Val,0.038,20.1,['Unknown%20significance'],101.16,0.52,0.0,0.3,0.3
TMC1,9,72821003,NM_138691.3:c.1925T>A,NP_619636.2:p.Leu642His,0.595,28.3,['Unknown%20significance'],101.16,0.52,0.0,1.8,1.8
TMC1,9,72821003,NM_138691.3:c.1925T>C,NP_619636.2:p.Leu642Pro,0.768,29.5,['Unknown%20significance'],101.16,0.52,0.0,2.1,2.1
TMC1,9,72821005,NM_138691.3:c.1927A>G,NP_619636.2:p.Ile643Val,0.053,18.43,['Unknown%20significance'],0.0,0.0,0.0,0.2,0.2
TMC1,9,72821008,NM_138691.3:c.1930C>G,NP_619636.2:p.Leu644Val,0.545,24.9,['Unknown%20significance'],0.0,0.0,0.0,1.2,1.2
TMC1,9,72821017,NM_138691.3:c.1939T>C,NP_619636.2:p.Ser647Pro,0.603,24.8,['Likely%20pathogenic'],0.0,0.0,0.0,0.4,0.4
TMC1,9,72821020,NM_138691.3:c.1942A>G,NP_619636.2:p.Thr648Ala,0.068,22.2,['Unknown%20significance'],5.74,0.03,0.0,-0.3,0.3
TMC1,9,72821020,NM_138691.3:c.1942A>T,NP_619636.2:p.Thr648Ser,0.136,21.9,['Unknown%20significance'],5.74,0.03,0.0,0.9,0.9
TMC1,9,72821023,NM_138691.3:c.1945A>G,NP_619636.2:p.Met649Val,0.152,21.9,['Unknown%20significance'],45.7,0.21,0.0,-0.7,0.7
TMC1,9,72821024,NM_138691.3:c.1946T>C,NP_619636.2:p.Met649Thr,0.243,23.5,['Unknown%20significance'],45.7,0.21,0.0,1.2,1.2
TMC1,9,72821024,NM_138691.3:c.1946T>G,NP_619636.2:p.Met649Arg,0.475,25.5,['Unknown%20significance'],45.7,0.21,0.0,1.6,1.6
TMC1,9,72821025,NM_138691.3:c.1947G>A,NP_619636.2:p.Met649Ile,0.047,22.8,['Unknown%20significance'],45.7,0.21,0.0,-0.7,0.7
TMC1,9,72821025,NM_138691.3:c.1947G>C,NP_619636.2:p.Met649Ile,0.047,22.8,['Unknown%20significance'],45.7,0.21,0.0,-0.7,0.7
TMC1,9,72821026,NM_138691.3:c.1948C>T,NP_619636.2:p.Pro650Ser,0.601,25.1,['Unknown%20significance'],12.49,0.07,0.0,1.2,1.2
TMC1,9,72821027,NM_138691.3:c.1949C>T,NP_619636.2:p.Pro650Leu,0.540,25.9,['Unknown%20significance'],12.49,0.07,0.0,-1.2,1.2
TMC1,9,72821029,NM_138691.3:c.1951G>T,NP_619636.2:p.Val651Phe,0.461,25.8,['Unknown%20significance'],6.23,0.03,0.0,0.8,0.8
TMC1,9,72821030,NM_138691.3:c.1952T>C,NP_619636.2:p.Val651Ala,0.164,19.91,['Unknown%20significance'],6.23,0.03,0.0,2.7,2.7
TMC1,9,72821033,NM_138691.3:c.1955T>C,NP_619636.2:p.Leu652Ser,0.209,23.5,['Unknown%20significance'],12.86,0.06,0.0,2.3,2.3
TMC1,9,72821034,NM_138691.3:c.1956G>C,NP_619636.2:p.Leu652Phe,0.192,17.42,['Unknown%20significance'],12.86,0.06,0.0,0.2,0.2
TMC1,9,72821036,NM_138691.3:c.1958A>G,NP_619636.2:p.Tyr653Cys,0.871,28.2,['Unknown%20significance'],126.41,0.52,0.0,1.4,1.4
TMC1,9,72821038,NM_138691.3:c.1960A>C,NP_619636.2:p.Met654Leu,0.179,22.1,['Unknown%20significance'],0.23,0.0,0.0,-0.8,0.8
TMC1,9,72821038,NM_138691.3:c.1960A>G,NP_619636.2:p.Met654Val,0.268,22.6,['Pathogenic'],0.23,0.0,0.0,-1.1,1.1
TMC1,9,72821039,NM_138691.3:c.1961T>A,NP_619636.2:p.Met654Lys,0.295,23.4,['Unknown%20significance'],0.23,0.0,0.0,2.4,2.4
TMC1,9,72821039,NM_138691.3:c.1961T>G,NP_619636.2:p.Met654Arg,0.324,23.5,['Unknown%20significance'],0.23,0.0,0.0,1.5,1.5
TMC1,9,72821041,NM_138691.3:c.1963A>T,NP_619636.2:p.Ile655Phe,0.595,26.0,['Unknown%20significance'],7.43,0.03,0.0,1.2,1.2
TMC1,9,72821042,NM_138691.3:c.1964T>C,NP_619636.2:p.Ile655Thr,0.658,25.9,['Unknown%20significance'],7.43,0.03,0.0,3.2,3.2
TMC1,9,72821044,NM_138691.3:c.1966G>A,NP_619636.2:p.Val656Met,0.085,20.9,['Unknown%20significance'],27.6,0.16,0.0,0.4,0.4
TMC1,9,72821044,NM_138691.3:c.1966G>C,NP_619636.2:p.Val656Leu,0.149,23.3,['Unknown%20significance'],27.6,0.16,0.0,0.1,0.1
TMC1,9,72821050,NM_138691.3:c.1972C>T,NP_619636.2:p.Leu658Phe,0.062,22.2,['Unknown%20significance'],15.87,0.08,0.0,0.3,0.3
TMC1,9,72821051,NM_138691.3:c.1973T>A,NP_619636.2:p.Leu658His,0.595,24.5,['Unknown%20significance'],15.87,0.08,0.0,2.2,2.2
TMC1,9,72821053,NM_138691.3:c.1975C>A,NP_619636.2:p.Pro659Thr,0.156,22.3,['Unknown%20significance'],44.96,0.28,0.0,-0.2,0.2
TMC1,9,72821056,NM_138691.3:c.1978C>T,NP_619636.2:p.Pro660Ser,0.669,24.0,['Unknown%20significance'],6.08,0.03,0.0,1.6,1.6
TMC1,9,72821057,NM_138691.3:c.1979C>T,NP_619636.2:p.Pro660Leu,0.835,25.2,['Pathogenic'],6.08,0.03,0.0,0.6,0.6
TMC1,9,72821059,NM_138691.3:c.1981T>C,NP_619636.2:p.Ser661Pro,0.894,25.9,['Unknown%20significance'],0.0,0.0,0.0,1.2,1.2
TMC1,9,72821066,NM_138691.3:c.1988A>G,NP_619636.2:p.Asp663Gly,0.499,24.9,['Unknown%20significance'],26.74,0.16,0.0,0.6,0.6
TMC1,9,72821066,NM_138691.3:c.1988A>T,NP_619636.2:p.Asp663Val,0.606,27.6,['Unknown%20significance'],26.74,0.16,0.0,-0.6,0.6
TMC1,9,72821069,NM_138691.3:c.1991G>A,NP_619636.2:p.Cys664Tyr,0.920,27.8,['Unknown%20significance'],4.44,0.02,0.0,2.5,2.5
TMC1,9,72821070,NM_138691.3:c.1992T>G,NP_619636.2:p.Cys664Trp,0.876,25.1,['Unknown%20significance'],4.44,0.02,0.0,2.2,2.2
TMC1,9,72821075,NM_138691.3:c.1997C>T,NP_619636.2:p.Pro666Leu,0.867,26.5,['Unknown%20significance'],0.0,0.0,0.0,1.2,1.2
TMC1,9,72821078,NM_138691.3:c.2000T>A,NP_619636.2:p.Phe667Tyr,0.858,28.0,['Unknown%20significance'],0.0,0.0,0.0,1.2,1.2
TMC1,9,72821080,NM_138691.3:c.2002A>C,NP_619636.2:p.Ser668Arg,0.454,27.0,['Unknown%20significance'],4.03,0.02,0.0,-1.3,1.3
TMC1,9,72821080,NM_138691.3:c.2002A>G,NP_619636.2:p.Ser668Gly,0.445,33,['Likely%20pathogenic'],4.03,0.02,0.0,0.9,0.9
TMC1,9,72821081,NM_138691.3:c.2003G>A,NP_619636.2:p.Ser668Asn,0.374,34,['Unknown%20significance'],4.03,0.02,0.0,-0.0,0.0
TMC1,9,72826869,NM_138691.3:c.2004T>G,NP_619636.2:p.Ser668Arg,0.346,22.3,['Pathogenic'],4.03,0.02,0.0,-1.3,1.3
TMC1,9,72826870,NM_138691.3:c.2005G>A,NP_619636.2:p.Gly669Ser,0.622,34,['Unknown%20significance'],67.47,0.7,0.0,0.1,0.1
TMC1,9,72826874,NM_138691.3:c.2009A>G,NP_619636.2:p.Lys670Arg,0.210,22.9,['Unknown%20significance'],53.82,0.22,0.0,-0.9,0.9
TMC1,9,72826875,NM_138691.3:c.2010A>C,NP_619636.2:p.Lys670Asn,0.242,26.1,['Unknown%20significance'],53.82,0.22,0.0,-0.3,0.3
TMC1,9,72826876,NM_138691.3:c.2011A>G,NP_619636.2:p.Asn671Asp,0.072,22.4,['Unknown%20significance'],110.25,0.68,0.0,0.1,0.1
TMC1,9,72826877,NM_138691.3:c.2012A>C,NP_619636.2:p.Asn671Thr,0.087,20.9,['Likely%20benign'],110.25,0.68,0.0,-0.1,0.1
TMC1,9,72826877,NM_138691.3:c.2012A>G,NP_619636.2:p.Asn671Ser,0.084,19.87,['Likely%20benign'],110.25,0.68,0.0,0.1,0.1
TMC1,9,72826879,NM_138691.3:c.2014A>G,NP_619636.2:p.Arg672Gly,0.481,24.4,['Unknown%20significance'],80.62,0.29,0.0,1.2,1.2
TMC1,9,72826884,NM_138691.3:c.2019G>T,NP_619636.2:p.Met673Ile,0.308,24.0,['Unknown%20significance'],0.0,0.0,0.0,-0.5,0.5
TMC1,9,72826886,NM_138691.3:c.2021T>C,NP_619636.2:p.Phe674Ser,0.413,24.0,['Unknown%20significance'],50.93,0.22,0.0,2.8,2.8
TMC1,9,72826888,NM_138691.3:c.2023G>A,NP_619636.2:p.Glu675Lys,0.285,29.1,['Unknown%20significance'],47.89,0.24,0.0,0.2,0.2
TMC1,9,72826888,NM_138691.3:c.2023G>C,NP_619636.2:p.Glu675Gln,0.167,28.6,['Unknown%20significance'],47.89,0.24,0.0,-0.4,0.4
TMC1,9,72826889,NM_138691.3:c.2024A>G,NP_619636.2:p.Glu675Gly,0.337,25.2,['Unknown%20significance'],47.89,0.24,0.0,0.7,0.7
TMC1,9,72826892,NM_138691.3:c.2027T>A,NP_619636.2:p.Val676Asp,0.842,28.6,['Pathogenic'],0.09,0.0,0.0,3.8,3.8
TMC1,9,72826895,NM_138691.3:c.2030T>C,NP_619636.2:p.Ile677Thr,0.765,26.2,['Pathogenic'],18.4,0.09,0.0,2.1,2.1
TMC1,9,72826898,NM_138691.3:c.2033G>C,NP_619636.2:p.Gly678Ala,0.117,21.6,['Likely%20benign'],4.29,0.04,0.0,-1.3,1.3
TMC1,9,72826900,NM_138691.3:c.2035G>A,NP_619636.2:p.Glu679Lys,0.603,29.0,['Likely%20pathogenic'],34.64,0.17,0.0,0.2,0.2
TMC1,9,72826902,NM_138691.3:c.2037G>C,NP_619636.2:p.Glu679Asp,0.339,23.6,['Unknown%20significance'],34.64,0.17,0.0,0.4,0.4
TMC1,9,72826903,NM_138691.3:c.2038A>G,NP_619636.2:p.Thr680Ala,0.484,26.3,['Unknown%20significance'],2.35,0.01,0.0,0.4,0.4
TMC1,9,72826904,NM_138691.3:c.2039C>A,NP_619636.2:p.Thr680Asn,0.512,24.9,['Unknown%20significance'],2.35,0.01,0.0,1.1,1.1
TMC1,9,72826904,NM_138691.3:c.2039C>T,NP_619636.2:p.Thr680Ile,0.515,25.4,['Unknown%20significance'],2.35,0.01,0.0,-0.8,0.8
TMC1,9,72826907,NM_138691.3:c.2042T>C,NP_619636.2:p.Leu681Pro,0.750,28.9,['Unknown%20significance'],3.39,0.01,0.0,3.2,3.2
TMC1,9,72826909,NM_138691.3:c.2044G>A,NP_619636.2:p.Glu682Lys,0.257,23.2,['Unknown%20significance'],104.22,0.53,0.0,0.2,0.2
TMC1,9,72826909,NM_138691.3:c.2044G>C,NP_619636.2:p.Glu682Gln,0.147,22.9,['Unknown%20significance'],104.22,0.53,0.0,-0.2,0.2
TMC1,9,72826910,NM_138691.3:c.2045A>G,NP_619636.2:p.Glu682Gly,0.358,25.9,['Unknown%20significance'],104.22,0.53,0.0,0.5,0.5
TMC1,9,72826911,NM_138691.3:c.2046G>C,NP_619636.2:p.Glu682Asp,0.125,12.75,['Likely%20benign'],104.22,0.53,0.0,0.2,0.2
TMC1,9,72826915,NM_138691.3:c.2050G>A,NP_619636.2:p.Asp684Asn,0.296,25.5,['Pathogenic'],59.32,0.37,0.0,-0.3,0.3
TMC1,9,72826915,NM_138691.3:c.2050G>C,NP_619636.2:p.Asp684His,0.536,28.8,['Pathogenic'],59.32,0.37,0.0,-0.6,0.6
TMC1,9,72826921,NM_138691.3:c.2056C>T,NP_619636.2:p.Pro686Ser,0.609,25.3,['Unknown%20significance'],77.69,0.49,0.0,0.9,0.9
TMC1,9,72826922,NM_138691.3:c.2057C>T,NP_619636.2:p.Pro686Leu,0.699,26.6,['Unknown%20significance'],77.69,0.49,0.0,0.3,0.3
TMC1,9,72826924,NM_138691.3:c.2059A>G,NP_619636.2:p.Ser687Gly,0.110,22.2,['Unknown%20significance'],110.42,0.8,0.0,0.2,0.2
TMC1,9,72826927,NM_138691.3:c.2062T>C,NP_619636.2:p.Trp688Arg,0.561,28.0,['Unknown%20significance'],182.68,0.69,0.0,0.9,0.9
TMC1,9,72826929,NM_138691.3:c.2064G>C,NP_619636.2:p.Trp688Cys,0.433,27.2,['Unknown%20significance'],182.68,0.69,0.0,0.9,0.9
TMC1,9,72826931,NM_138691.3:c.2066T>C,NP_619636.2:p.Met689Thr,0.238,23.5,['Unknown%20significance'],62.64,0.28,0.0,0.9,0.9
TMC1,9,72826932,NM_138691.3:c.2067G>A,NP_619636.2:p.Met689Ile,0.131,20.3,['Unknown%20significance'],62.64,0.28,0.0,-0.3,0.3
TMC1,9,72826933,NM_138691.3:c.2068G>A,NP_619636.2:p.Ala690Thr,0.090,22.8,['Unknown%20significance'],7.57,0.05,0.0,0.2,0.2
TMC1,9,72826934,NM_138691.3:c.2069C>T,NP_619636.2:p.Ala690Val,0.170,24.6,['Unknown%20significance'],7.57,0.05,0.0,-1.1,1.1
TMC1,9,72826940,NM_138691.3:c.2075T>G,NP_619636.2:p.Ile692Ser,0.622,27.6,['Unknown%20significance'],91.57,0.46,0.0,1.7,1.7
TMC1,9,72826941,NM_138691.3:c.2076C>G,NP_619636.2:p.Ile692Met,0.338,20.8,['Unknown%20significance'],91.57,0.46,0.0,0.6,0.6
TMC1,9,72826943,NM_138691.3:c.2078T>C,NP_619636.2:p.Leu693Ser,0.476,27.8,['Unknown%20significance'],63.72,0.33,0.0,2.4,2.4
TMC1,9,72826950,NM_138691.3:c.2085G>T,NP_619636.2:p.Gln695His,0.139,20.5,['Unknown%20significance'],101.32,0.51,0.0,-0.6,0.6
TMC1,9,72826951,NM_138691.3:c.2086C>T,NP_619636.2:p.Leu696Phe,0.358,24.1,['Unknown%20significance'],101.52,0.52,0.0,0.3,0.3
TMC1,9,72826952,NM_138691.3:c.2087T>C,NP_619636.2:p.Leu696Pro,0.618,26.2,['Unknown%20significance'],101.52,0.52,0.0,1.6,1.6
TMC1,9,72826960,NM_138691.3:c.2095C>A,NP_619636.2:p.Pro699Thr,0.563,24.1,['Unknown%20significance'],17.71,0.11,0.0,0.3,0.3
TMC1,9,72826960,NM_138691.3:c.2095C>T,NP_619636.2:p.Pro699Ser,0.466,24.8,['Unknown%20significance'],17.71,0.11,0.0,0.7,0.7
TMC1,9,72826967,NM_138691.3:c.2102T>A,NP_619636.2:p.Leu701Gln,0.654,32,['Unknown%20significance'],70.1,0.36,0.0,2.0,2.0
TMC1,9,72826969,NM_138691.3:c.2104G>A,NP_619636.2:p.Val702Ile,0.086,16.10,['Unknown%20significance'],26.81,0.15,0.0,-0.1,0.1
TMC1,9,72826975,NM_138691.3:c.2110G>A,NP_619636.2:p.Ala704Thr,0.109,24.4,['Unknown%20significance'],47.54,0.37,0.0,0.3,0.3
TMC1,9,72826976,NM_138691.3:c.2111C>G,NP_619636.2:p.Ala704Gly,0.173,23.8,['Unknown%20significance'],47.54,0.37,0.0,1.1,1.1
TMC1,9,72826981,NM_138691.3:c.2116A>T,NP_619636.2:p.Ile706Phe,0.190,8.959,['Likely%20benign'],18.08,0.09,0.0,0.0,0.0
TMC1,9,72826985,NM_138691.3:c.2120T>C,NP_619636.2:p.Leu707Ser,0.619,26.4,['Unknown%20significance'],94.96,0.49,0.0,2.2,2.2
TMC1,9,72826991,NM_138691.3:c.2126T>C,NP_619636.2:p.Met709Thr,0.696,24.5,['Unknown%20significance'],47.19,0.21,0.0,1.6,1.6
TMC1,9,72826992,NM_138691.3:c.2127G>A,NP_619636.2:p.Met709Ile,0.387,25.2,['Unknown%20significance'],47.19,0.21,0.0,-0.7,0.7
TMC1,9,72826993,NM_138691.3:c.2128G>A,NP_619636.2:p.Val710Ile,0.152,9.856,['Unknown%20significance'],54.29,0.31,0.0,-0.2,0.2
TMC1,9,72830455,NM_138691.3:c.2134G>A,NP_619636.2:p.Ala712Thr,0.051,13.42,['Likely%20benign'],40.44,0.31,0.0,0.3,0.3
TMC1,9,72830455,NM_138691.3:c.2134G>T,NP_619636.2:p.Ala712Ser,0.046,13.31,['Unknown%20significance'],40.44,0.31,0.0,1.0,1.0
TMC1,9,72830456,NM_138691.3:c.2135C>T,NP_619636.2:p.Ala712Val,0.085,22.1,['Unknown%20significance'],40.44,0.31,0.0,-1.4,1.4
TMC1,9,72830459,NM_138691.3:c.2138T>C,NP_619636.2:p.Ile713Thr,0.543,27.2,['Unknown%20significance'],14.88,0.07,0.0,3.3,3.3
TMC1,9,72830461,NM_138691.3:c.2140T>C,NP_619636.2:p.Tyr714His,0.641,28.3,['Unknown%20significance'],181.12,0.75,0.0,0.6,0.6
TMC1,9,72830462,NM_138691.3:c.2141A>G,NP_619636.2:p.Tyr714Cys,0.737,29.1,['Unknown%20significance'],181.12,0.75,0.0,0.7,0.7
TMC1,9,72830464,NM_138691.3:c.2143T>C,NP_619636.2:p.Tyr715His,0.710,28.7,['Unknown%20significance'],154.73,0.64,0.0,0.9,0.9
TMC1,9,72830465,NM_138691.3:c.2144A>T,NP_619636.2:p.Tyr715Phe,0.562,27.6,['Unknown%20significance'],154.73,0.64,0.0,-0.0,0.0
TMC1,9,72830467,NM_138691.3:c.2146C>G,NP_619636.2:p.Leu716Val,0.498,25.0,['Unknown%20significance'],91.41,0.47,0.0,0.3,0.3
TMC1,9,72830468,NM_138691.3:c.2147T>C,NP_619636.2:p.Leu716Pro,0.817,32,['Unknown%20significance'],91.41,0.47,0.0,1.3,1.3
TMC1,9,72830470,NM_138691.3:c.2149A>C,NP_619636.2:p.Asn717His,0.309,25.6,['Unknown%20significance'],31.58,0.19,0.0,-0.8,0.8
TMC1,9,72830471,NM_138691.3:c.2150A>G,NP_619636.2:p.Asn717Ser,0.212,23.7,['Unknown%20significance'],31.58,0.19,0.0,0.0,0.0
TMC1,9,72830476,NM_138691.3:c.2155A>T,NP_619636.2:p.Thr719Ser,0.082,22.9,['Unknown%20significance'],36.0,0.22,0.0,0.8,0.8
TMC1,9,72830484,NM_138691.3:c.2163G>C,NP_619636.2:p.Lys721Asn,0.226,23.1,['Unknown%20significance'],171.81,0.72,0.0,-0.1,0.1
TMC1,9,72830484,NM_138691.3:c.2163G>T,NP_619636.2:p.Lys721Asn,0.225,23.1,['Unknown%20significance'],171.81,0.72,0.0,-0.1,0.1
TMC1,9,72830485,NM_138691.3:c.2164G>A,NP_619636.2:p.Gly722Ser,0.130,18.60,['Likely%20benign'],42.08,0.44,0.0,-0.1,0.1
TMC1,9,72830486,NM_138691.3:c.2165G>T,NP_619636.2:p.Gly722Val,0.244,23.1,['Unknown%20significance'],42.08,0.44,0.0,-0.4,0.4
TMC1,9,72830489,NM_138691.3:c.2168A>G,NP_619636.2:p.Gln723Arg,0.188,22.7,['Unknown%20significance'],124.8,0.63,0.0,-0.0,0.0
TMC1,9,72830490,NM_138691.3:c.2169G>T,NP_619636.2:p.Gln723His,0.076,24.9,['Unknown%20significance'],124.8,0.63,0.0,-0.2,0.2
TMC1,9,72830494,NM_138691.3:c.2173G>C,NP_619636.2:p.Ala725Pro,0.279,19.32,['Unknown%20significance'],59.55,0.46,0.0,0.2,0.2
TMC1,9,72830495,NM_138691.3:c.2174C>T,NP_619636.2:p.Ala725Val,0.026,20.7,['Likely%20benign'],59.55,0.46,0.0,-0.3,0.3
TMC1,9,72830498,NM_138691.3:c.2177C>A,NP_619636.2:p.Ala726Glu,0.343,24.7,['Unknown%20significance'],52.42,0.41,0.0,0.3,0.3
TMC1,9,72830498,NM_138691.3:c.2177C>T,NP_619636.2:p.Ala726Val,0.147,23.2,['Unknown%20significance'],52.42,0.41,0.0,-0.7,0.7
TMC1,9,72830500,NM_138691.3:c.2179A>C,NP_619636.2:p.Asn727His,0.588,25.2,['Unknown%20significance'],65.9,0.41,0.0,-0.2,0.2
TMC1,9,72830502,NM_138691.3:c.2181T>A,NP_619636.2:p.Asn727Lys,0.392,23.2,['Unknown%20significance'],65.9,0.41,0.0,0.3,0.3
TMC1,9,72830504,NM_138691.3:c.2183T>C,NP_619636.2:p.Leu728Pro,0.247,23.9,['Unknown%20significance'],32.12,0.16,0.0,1.5,1.5
TMC1,9,72830507,NM_138691.3:c.2186A>G,NP_619636.2:p.Asp729Gly,0.171,26.0,['Unknown%20significance'],63.8,0.39,0.0,0.5,0.5
TMC1,9,72830509,NM_138691.3:c.2188C>A,NP_619636.2:p.Leu730Ile,0.653,24.1,['Unknown%20significance'],111.32,0.57,0.0,0.6,0.6
TMC1,9,72830509,NM_138691.3:c.2188C>T,NP_619636.2:p.Leu730Phe,0.739,24.1,['Unknown%20significance'],111.32,0.57,0.0,0.6,0.6
TMC1,9,72830513,NM_138691.3:c.2192A>G,NP_619636.2:p.Lys731Arg,0.136,19.56,['Unknown%20significance'],72.07,0.3,0.0,-0.6,0.6
TMC1,9,72830517,NM_138691.3:c.2196G>C,NP_619636.2:p.Lys732Asn,0.238,25.9,['Unknown%20significance'],133.85,0.56,0.0,-0.1,0.1
TMC1,9,72830519,NM_138691.3:c.2198A>T,NP_619636.2:p.Lys733Met,0.513,29.9,['Unknown%20significance'],100.35,0.42,0.0,-0.7,0.7
TMC1,9,72830520,NM_138691.3:c.2199G>T,NP_619636.2:p.Lys733Asn,0.487,26.1,['Unknown%20significance'],100.35,0.42,0.0,-0.0,0.0
TMC1,9,72830522,NM_138691.3:c.2201T>A,NP_619636.2:p.Met734Lys,0.466,26.4,['Unknown%20significance'],122.99,0.56,0.0,1.2,1.2
TMC1,9,72830522,NM_138691.3:c.2201T>C,NP_619636.2:p.Met734Thr,0.381,25.4,['Unknown%20significance'],122.99,0.56,0.0,0.7,0.7
TMC1,9,72830522,NM_138691.3:c.2201T>G,NP_619636.2:p.Met734Arg,0.458,26.9,['Unknown%20significance'],122.99,0.56,0.0,0.7,0.7
TMC1,9,72830525,NM_138691.3:c.2204A>C,NP_619636.2:p.Lys735Thr,0.198,24.2,['Unknown%20significance'],104.11,0.43,0.0,-0.2,0.2
TMC1,9,72830526,NM_138691.3:c.2205A>C,NP_619636.2:p.Lys735Asn,0.083,23.1,['Unknown%20significance'],104.11,0.43,0.0,0.1,0.1
TMC1,9,72830529,NM_138691.3:c.2208G>C,NP_619636.2:p.Met736Ile,0.154,25.1,['Unknown%20significance'],119.09,0.55,0.0,0.2,0.2
TMC1,9,72830529,NM_138691.3:c.2208G>T,NP_619636.2:p.Met736Ile,0.155,26.3,['Unknown%20significance'],119.09,0.55,0.0,0.2,0.2
TMC1,9,72830641,NM_138691.3:c.2219A>G,NP_619636.2:p.Glu740Gly,0.482,33,['Unknown%20significance'],110.92,0.56,0.0,0.9,0.9
TMC1,9,72830642,NM_138691.3:c.2220G>T,NP_619636.2:p.Glu740Asp,0.373,24.4,['Unknown%20significance'],110.92,0.56,0.0,-0.0,0.0
TMC1,9,72830647,NM_138691.3:c.2225A>G,NP_619636.2:p.Lys742Arg,0.168,22.9,['Unknown%20significance'],134.21,0.56,0.0,-0.5,0.5
TMC1,9,72830649,NM_138691.3:c.2227A>T,NP_619636.2:p.Met743Leu,0.132,8.999,['Likely%20benign'],98.61,0.45,0.0,-0.1,0.1
TMC1,9,72830650,NM_138691.3:c.2228T>C,NP_619636.2:p.Met743Thr,0.169,22.4,['Likely%20benign'],98.61,0.45,0.0,0.5,0.5
TMC1,9,72830651,NM_138691.3:c.2229G>A,NP_619636.2:p.Met743Ile,0.101,23.2,['Likely%20benign'],98.61,0.45,0.0,-0.0,0.0
TMC1,9,72830652,NM_138691.3:c.2230C>G,NP_619636.2:p.Arg744Gly,0.284,23.4,['Unknown%20significance'],165.36,0.61,0.0,0.6,0.6
TMC1,9,72830653,NM_138691.3:c.2231G>A,NP_619636.2:p.Arg744Gln,0.254,25.3,['Unknown%20significance'],165.36,0.61,0.0,0.0,0.0
TMC1,9,72830653,NM_138691.3:c.2231G>C,NP_619636.2:p.Arg744Pro,0.393,25.7,['Unknown%20significance'],165.36,0.61,0.0,0.4,0.4
TMC1,9,72830655,NM_138691.3:c.2233A>G,NP_619636.2:p.Asn745Asp,0.182,21.8,['Unknown%20significance'],86.52,0.54,0.0,0.1,0.1
TMC1,9,72830657,NM_138691.3:c.2235C>G,NP_619636.2:p.Asn745Lys,0.139,14.86,['Unknown%20significance'],86.52,0.54,0.0,0.4,0.4
TMC1,9,72830659,NM_138691.3:c.2237A>G,NP_619636.2:p.Lys746Arg,0.251,21.9,['Unknown%20significance'],145.27,0.61,0.0,-0.4,0.4
TMC1,9,72830660,NM_138691.3:c.2238G>C,NP_619636.2:p.Lys746Asn,0.095,22.4,['Unknown%20significance'],145.27,0.61,0.0,-0.1,0.1
TMC1,9,72830663,NM_138691.3:c.2241A>T,NP_619636.2:p.Lys747Asn,0.191,20.8,['Unknown%20significance'],165.97,0.7,0.0,0.0,0.0
TMC1,9,72830664,NM_138691.3:c.2242A>G,NP_619636.2:p.Met748Val,0.244,22.1,['Unknown%20significance'],68.55,0.31,0.0,-0.2,0.2
TMC1,9,72830665,NM_138691.3:c.2243T>C,NP_619636.2:p.Met748Thr,0.297,22.1,['Unknown%20significance'],68.55,0.31,0.0,0.5,0.5
TMC1,9,72830667,NM_138691.3:c.2245G>T,NP_619636.2:p.Ala749Ser,0.171,23.6,['Unknown%20significance'],56.42,0.44,0.0,0.4,0.4
TMC1,9,72830668,NM_138691.3:c.2246C>T,NP_619636.2:p.Ala749Val,0.114,23.4,['Unknown%20significance'],56.42,0.44,0.0,-1.0,1.0
TMC1,9,72830671,NM_138691.3:c.2249C>A,NP_619636.2:p.Ala750Asp,0.201,24.3,['Unknown%20significance'],67.18,0.52,0.0,0.9,0.9
TMC1,9,72830671,NM_138691.3:c.2249C>G,NP_619636.2:p.Ala750Gly,0.159,26.0,['Unknown%20significance'],67.18,0.52,0.0,1.0,1.0
TMC1,9,72830673,NM_138691.3:c.2251G>A,NP_619636.2:p.Ala751Thr,0.189,22.9,['Unknown%20significance'],69.6,0.54,0.0,-0.1,0.1
TMC1,9,72830677,NM_138691.3:c.2255G>A,NP_619636.2:p.Arg752Gln,0.208,24.9,['Unknown%20significance'],189.92,0.7,0.0,0.0,0.0
TMC1,9,72830677,NM_138691.3:c.2255G>T,NP_619636.2:p.Arg752Leu,0.161,25.9,['Unknown%20significance'],189.92,0.7,0.0,-0.4,0.4
TMC1,9,72830682,NM_138691.3:c.2260G>A,NP_619636.2:p.Ala754Thr,0.262,34,['Unknown%20significance'],74.74,0.58,0.0,0.6,0.6
TMC1,9,72835951,NM_138691.3:c.2261C>T,NP_619636.2:p.Ala754Val,0.189,26.0,['Unknown%20significance'],74.74,0.58,0.0,0.1,0.1
TMC1,9,72835953,NM_138691.3:c.2263G>A,NP_619636.2:p.Ala755Thr,0.166,24.3,['Unknown%20significance'],53.63,0.42,0.0,0.8,0.8
TMC1,9,72835953,NM_138691.3:c.2263G>T,NP_619636.2:p.Ala755Ser,0.168,23.5,['Unknown%20significance'],53.63,0.42,0.0,0.8,0.8
TMC1,9,72835954,NM_138691.3:c.2264C>G,NP_619636.2:p.Ala755Gly,0.147,23.1,['Unknown%20significance'],53.63,0.42,0.0,1.4,1.4
TMC1,9,72835954,NM_138691.3:c.2264C>T,NP_619636.2:p.Ala755Val,0.119,24.3,['Unknown%20significance'],53.63,0.42,0.0,-0.0,0.0
TMC1,9,72835956,NM_138691.3:c.2266G>T,NP_619636.2:p.Ala756Ser,0.213,22.9,['Unknown%20significance'],54.99,0.43,0.0,0.8,0.8
TMC1,9,72835957,NM_138691.3:c.2267C>G,NP_619636.2:p.Ala756Gly,0.138,23.9,['Unknown%20significance'],54.99,0.43,0.0,1.4,1.4
TMC1,9,72835957,NM_138691.3:c.2267C>T,NP_619636.2:p.Ala756Val,0.120,23.7,['Unknown%20significance'],54.99,0.43,0.0,0.1,0.1
TMC1,9,72835959,NM_138691.3:c.2269G>T,NP_619636.2:p.Ala757Ser,0.090,19.94,['Unknown%20significance'],67.17,0.52,0.0,0.6,0.6
TMC1,9,72835960,NM_138691.3:c.2270C>T,NP_619636.2:p.Ala757Val,0.064,19.02,['Unknown%20significance'],67.17,0.52,0.0,0.2,0.2
TMC1,9,72835962,NM_138691.3:c.2272G>T,NP_619636.2:p.Gly758Cys,0.181,23.4,['Unknown%20significance'],68.83,0.72,0.0,0.6,0.6
TMC1,9,72835963,NM_138691.3:c.2273G>A,NP_619636.2:p.Gly758Asp,0.106,23.2,['Unknown%20significance'],68.83,0.72,0.0,0.5,0.5
TMC1,9,72835963,NM_138691.3:c.2273G>T,NP_619636.2:p.Gly758Val,0.051,23.1,['Unknown%20significance'],68.83,0.72,0.0,0.3,0.3
TMC1,9,72835965,NM_138691.3:c.2275C>A,NP_619636.2:p.Arg759Ser,0.068,22.6,['Unknown%20significance'],241.09,0.89,0.0,0.3,0.3
TMC1,9,72835965,NM_138691.3:c.2275C>T,NP_619636.2:p.Arg759Cys,0.111,23.3,['Unknown%20significance'],241.09,0.89,0.0,0.4,0.4
TMC1,9,72835966,NM_138691.3:c.2276G>A,NP_619636.2:p.Arg759His,0.081,23.0,['Unknown%20significance'],241.09,0.89,0.0,0.2,0.2
TMC1,9,72835966,NM_138691.3:c.2276G>C,NP_619636.2:p.Arg759Pro,0.086,23.6,['Unknown%20significance'],241.09,0.89,0.0,0.3,0.3
TMC1,9,72835966,NM_138691.3:c.2276G>T,NP_619636.2:p.Arg759Leu,0.093,23.0,['Unknown%20significance'],241.09,0.89,0.0,0.2,0.2
TMC1,9,72835968,NM_138691.3:c.2278C>A,NP_619636.2:p.Gln760Lys,0.096,20.9,['Unknown%20significance'],224.58,1.0,0.0,0.1,0.1
TMC1,9,72835969,NM_138691.3:c.2279A>G,NP_619636.2:p.Gln760Arg,0.172,19.69,['Unknown%20significance'],224.58,1.0,0.0,0.1,0.1
TMC1,9,72835970,NM_138691.3:c.2280G>T,NP_619636.2:p.Gln760His,0.045,18.61,['Unknown%20significance'],224.58,1.0,0.0,0.1,0.1